queue,band_id,province,agency,detail,years
single_year_band,band_c00001,"Arctic Coast, Esquimaux",Nelson and Churchill Rivers District,"Arctic Coast, Esquimaux",1899
single_year_band,band_c00002,Athabasca And M'Kenzie Rivers,,Isle à la Crosse,1893
single_year_band,band_c00003,Athabasca And M'Kenzie Rivers,,Portage la Loche,1893
single_year_band,band_c00004,Athabasca And M'Kenzie Rivers,,Fort Chippewyan,1893
single_year_band,band_c00005,Athabasca And M'Kenzie Rivers,,Fort Resolution,1893
single_year_band,band_c00006,Athabasca And M'Kenzie Rivers,,Fort Good Hope,1893
single_year_band,band_c00007,Athabasca And M'Kenzie Rivers,,Water Hen Lake,1893
single_year_band,band_c00008,Athabasca And M'Kenzie Rivers,,Fort McMurray,1893
single_year_band,band_c00009,Athabasca And M'Kenzie Rivers,,Fort Simpson,1893
single_year_band,band_c00010,Athabasca And M'Kenzie Rivers,,Fort Wrigley,1893
single_year_band,band_c00011,Athabasca And M'Kenzie Rivers,,Rampart Post,1893
single_year_band,band_c00012,Athabasca And M'Kenzie Rivers,,Fond du Lac,1893
single_year_band,band_c00013,Athabasca And M'Kenzie Rivers,,Fort Nelson,1893
single_year_band,band_c00014,Athabasca And M'Kenzie Rivers,,Fort Norman,1893
single_year_band,band_c00015,Athabasca And M'Kenzie Rivers,,Fort Liard,1893
single_year_band,band_c00016,Athabasca And M'Kenzie Rivers,,Fort Smith,1893
single_year_band,band_c00017,Athabasca And M'Kenzie Rivers,,Green Lake,1893
single_year_band,band_c00018,Athabasca And M'Kenzie Rivers,,Peel River,1893
single_year_band,band_c00019,Athabasca And M'Kenzie Rivers,,Providence,1893
single_year_band,band_c00020,Athabasca And M'Kenzie Rivers,,Fort Rae,1893
single_year_band,band_c00021,B.C,Shuswap Tribe,Kualt Lake (Little Shuswap Lake),1895
single_year_band,band_c00022,B.C,Shuswap Tribe,Chukchuqualk (North Thompson),1895
single_year_band,band_c00023,B.C,OKANAGAN Agency,Shennosquankin (Similkameen),1895
single_year_band,band_c00024,B.C,Shuswap Tribe,Spallumcheen (Spallumcheen),1895
single_year_band,band_c00025,B.C,KWAWKEWLTH Agency,Wan-lit-sum Liew-kwil-tah,1895
single_year_band,band_c00026,B.C,Shuswap Tribe,Skichistan (Deadman's Creek),1895
single_year_band,band_c00027,B.C,OKANAGAN Agency,Nkamaplix (Okanagan Lake),1895
single_year_band,band_c00028,B.C,Shuswap Tribe,Halaut (South Thompson),1895
single_year_band,band_c00029,B.C,OKANAGAN Agency,Spahamin (Douglas Lake),1895
single_year_band,band_c00030,B.C,OKANAGAN Agency,Keremeus (Similkameen),1895
single_year_band,band_c00031,B.C,OKANAGAN Agency,Penticton (Penticton),1895
single_year_band,band_c00032,B.C,Shuswap Tribe,Haltkum (Adams Lake),1895
single_year_band,band_c00033,B.C,Shuswap Tribe,Tluhtans (Bonaparte),1895
single_year_band,band_c00034,B.C,Shuswap Tribe,Kamloops (Kamloops),1895
single_year_band,band_c00035,B.C,KWAWKEWLTH Agency,Mama-lil-li-kulla,1895
single_year_band,band_c00036,B.C,KWAWKEWLTH Agency,Tsa-wan-ti-e-neuh,1895
single_year_band,band_c00037,B.C,OKANAGAN Agency,Nkamip (Osoyoos),1895
name_variants_clustered,band_c00038,B.C,KWAWKEWLTH Agency,Wi-wai-ai-kai | Wi-wai-ai-kum,1895-1895
single_year_band,band_c00038,B.C,KWAWKEWLTH Agency,Wi-wai-ai-kum,1895
single_year_band,band_c00039,B.C,KWAWKEWLTH Agency,Ah-wha-mish,1895
single_year_band,band_c00040,B.C,KWAWKEWLTH Agency,Kea-wit-sis,1895
single_year_band,band_c00041,B.C,KWAWKEWLTH Agency,Kwaw-kewlth,1895
single_year_band,band_c00042,B.C,KWAWKEWLTH Agency,Ta-nak-tenk,1895
single_year_band,band_c00043,B.C,KWAWKEWLTH Agency,Kwaw-shela,1895
single_year_band,band_c00044,B.C,KWAWKEWLTH Agency,Ne-kwak-ta,1895
single_year_band,band_c00045,B.C,KWAWKEWLTH Agency,Kos-ki-mu,1895
single_year_band,band_c00046,B.C,KWAWKEWLTH Agency,Kwat-seno,1895
single_year_band,band_c00047,B.C,KWAWKEWLTH Agency,Ma-til-pi,1895
single_year_band,band_c00048,B.C,KWAWKEWLTH Agency,Nim-kish,1895
single_year_band,band_c00049,B.C,KWAWKEWLTH Agency,Nu-witti,1895
single_year_band,band_c00050,B.C,KWAWKEWLTH Agency,Kwi-kah,1895
single_year_band,band_c00051,B.C,Shuswap Tribe,Nyiskat,1895
single_year_band,band_c00052,British Columbia,,Estimates of the remaining tribes not included in the above,1881
name_variants_clustered,band_c00053,British Columbia,BABINE AND UPPER SKEENA RIVER Agency|BABINE AND UPPER SKYKNA,"Na-anee Bands [(2)north of Connolly Lake], some nomadic | Na-anees (2 bands north of Connolly Lake) | Na-anees (2 bands north of Connolly Lake, semi-nomadic) | Na-anees (2 bands) north of Connolly Lake, semi-nomadic | Na-anees (north of Connolly Lake; 2 bands; semi-nomadic) | Na-anees (two bands north of Connolly Lake (semi-nomadic)) | Na-anees (two bands north of Connolly Lake, Semi-Nomadic) | Na-anees (two bands north of Connolly Lake, semi-nomadic) | Na-anees (two bands north of Connolly lake, semi-nomadic) | Na-anees north of Connolly Lake (2 bands) (semi-nomadic) | Na-anees, (two bands north of Connolly Lake (semi-nomadic)) | Na-anees, (two bands north of Connolly Lake, semi-nomadic) | Na-annees (2 bands north of Connolly Lake) | Na-annes (2 bands north | Naanees (2 bands north of Conolly Lake, semi-nomadic) | Xa-anees (two bands north of- Connolly Lake, Semi-Nomadic)",1895-1913
many_agencies,band_c00053,British Columbia,BABINE AND UPPER SKEENA RIVER Agency|BABINE AND UPPER SKYKNA,"Na-anees (2 bands north of Connolly Lake, semi-nomadic)",1895-1913
name_variants_clustered,band_c00054,British Columbia,BABINE AND UPPER SKEENA RIVER Agency|Babine and Upper Skeena,"Stuart | Stuart Lake | Stuarts Lake | Yu-cutce (Portage Babine and Stuart's Lakes) | Yu-cutce (Portage between Babine & Stuart Lake) | Yu-cutce (between Babine and Stuart's Lakes). Carrier Group | Yucutce (Portage between Babine Stuart Lakes) | Yucutce (Portage between Babine and Stuart Lake) | Yucutce (Portage between Babine and Stuart Lakes) | Yucutce (Portage between Babine and Stuart lakes) | Yucutce (portage between Babine and Stuart Lakes) | Yucutce, (portage between Babine and Stuart Lake)",1896-1929
name_variants_clustered,band_c00055,British Columbia,BABINE AND UPPER SKEENA RIVER Agency,"Kit-wan-agh | Kit-wang-agh | Kit-wang-agh, Kit-ksun Division, Upper Skeena River",1895-1899
name_variants_clustered,band_c00056,British Columbia,BABINE AND UPPER SKEENA RIVER Agency|BABINE AND UPPER SKYKNA,Babine | Babine Fort | Fort Babine | Yu-cutce (Portage between Babine and Stewart lake) | Yucutoe Portage between Babine and,1890-1929
many_agencies,band_c00056,British Columbia,BABINE AND UPPER SKEENA RIVER Agency|BABINE AND UPPER SKYKNA,Fort Babine,1890-1929
single_year_band,band_c00057,British Columbia,Fort St. John - Beavers (adherents of Treaty No. 8),Fort St. John - Beavers (adherents of Treaty No. 8),1910
name_variants_clustered,band_c00058,British Columbia,BABINE AND UPPER SKEENA RIVER Agency|Babine|Babine Agency|Ba,Moricetown | Moricetown (Lach al sap) Ho-quel-get Division | Moricetown (Lach-al-sap) | Moricetown (Lach-alsap) | Moricetown (Lachalsap) | Moricetown (Lackalsap),1895-1929
many_agencies,band_c00058,British Columbia,BABINE AND UPPER SKEENA RIVER Agency|Babine|Babine Agency|Ba,Moricetown (Lachalsap),1895-1929
name_variants_clustered,band_c00059,British Columbia,BABINE AND UPPER SKEENA RIVER Agency|Babine and Upper Skeena,"Francis Lake | Lake | Liard and Frances Lake | Liard and Frances Lake Liard, of McDames Cr. | Liard and Francis Lake",1908-1924
many_agencies,band_c00059,British Columbia,BABINE AND UPPER SKEENA RIVER Agency|Babine and Upper Skeena,Francis Lake,1908-1924
name_variants_clustered,band_c00060,British Columbia,Stikine Agency,Liard | McDames Liard & Frances Lk. (Liard Post),1915-1929
name_variants_clustered,band_c00061,British Columbia,(t)Northwest Coast|NORTHWEST COAST Agency|Nass Agency|Northw,"Port Essington | Port Essington and Kitsumkalum | Port Essington, Kitsumkelum & Kitsalas",1904-1929
many_agencies,band_c00061,British Columbia,(t)Northwest Coast|NORTHWEST COAST Agency|Nass Agency|Northw,Port Essington,1904-1929
name_variants_clustered,band_c00062,British Columbia,BABINE AND UPPER SKEENA RIVER Agency|Babine and Upper Skeena,BABINE AND UPPER SKEENA RIVER AGENCY. | Babine and Upper Skeena River Ag'y | Babine and Upper Skeena River Agency | River,1892-1911
many_agencies,band_c00062,British Columbia,BABINE AND UPPER SKEENA RIVER Agency|Babine and Upper Skeena,Babine and Upper Skeena River Agency,1892-1911
name_variants_clustered,band_c00063,British Columbia,COWICHAN Agency|Cowichan Agency,Fishing Stations | Gagliano Island and Fishing Stations | Galiano Island Fishing Station,1895-1899
name_variants_clustered,band_c00064,British Columbia,Stikine Agency,"Casca, of McDames Creek | Creek | Grahame Nomads, of McDames Creek | Nelson River Nomads, of McDames Creek",1909-1917
name_variants_clustered,band_c00065,British Columbia,(t)Northwest Coast|Bella Coola|Bella Coola Agency|COAST Agen,"Bella | Bella Bell | Bella Bella | Bella Coola | Bella Coola and Ilet Suck, estimated at",1881-1929
many_agencies,band_c00065,British Columbia,(t)Northwest Coast|Bella Coola|Bella Coola Agency|COAST Agen,Bella Bella,1881-1929
name_variants_clustered,band_c00066,British Columbia,BABINE AND UPPER SKEENA RIVER Agency|BADINE AND UPPER SKEENA,Lach-al-sap | Lach-alsap | Moricetown (Lach-al-sap) Babine Group,1890-1898
many_agencies,band_c00066,British Columbia,BABINE AND UPPER SKEENA RIVER Agency|BADINE AND UPPER SKEENA,Lach-al-sap,1890-1898
name_variants_clustered,band_c00067,British Columbia,NORTH-WEST COAST AGENCY - Concluded.|NORTH-WEST COAST Agency,NORTH-WEST COAST AGENCY - Concluded. | NORTH-WEST COAST AGENCY. | North-west Coast Agency | Northwest Coast Agency | WEST COAST AGENCY | WEST COAST AGENCY. | West Coast | West Coast Agency,1887-1908
many_agencies,band_c00067,British Columbia,NORTH-WEST COAST AGENCY - Concluded.|NORTH-WEST COAST Agency,West Coast Agency,1887-1908
name_variants_clustered,band_c00068,British Columbia,BABINE AND UPPER SKEENA RIVER Agency|BABINE AND UPPER SKYKNA,"Kit-se-gukla (old and new village) | Kit-se-quah-la (old and new village) | Kit-se-quahla (old and new village) | Kit-se-quak-la (Old and new village) | Kit-se-quhla (old and new village) | KitseKukla (old and new village) | Kitsegukla (Old and New Village) | Kitsegukla (old and new village) | Kitsegukla, (old and new village) | Village",1895-1912
name_variants_clustered,band_c00069,British Columbia,KOOTENAY Agency|Kootenay Agency,Columbia Lake Upper Kootenay | Lake Lower Kootenay | Lower Columbia Lake (Kootenays) | Lower Columbia Lake Upper Kootenay,1896-1914
name_variants_clustered,band_c00070,British Columbia,Kootenay|Kootenay Agency,"Arrow Lake | Arrow Lake (Shuswap and Kootenay) | Arrow Lake, (Shuswap and Kootenay) | Arrow Lake, (Shuswap's and Kootenays) | Arrow lake (Shushwap and Kootenay)",1910-1929
name_variants_clustered,band_c00071,British Columbia,Fort St. John - Non-treaty|Kwawkewlth|Nomadic Indians|Nomadi,"Nomadic | Nomadic Indians | Nomadic Indians about | Nomadic Indians, No details about | Nomadic Indians, about",1903-1929
many_agencies,band_c00071,British Columbia,Fort St. John - Non-treaty|Kwawkewlth|Nomadic Indians|Nomadi,"Nomadic Indians, about",1903-1929
name_variants_clustered,band_c00072,British Columbia,COWICHAN Agency|Cowichan|Cowichan Agency|Cowichan Agency - C,"Comox | Punt-ledge, Sail-up-sun and Comox | Puntledge, Sail-up-Sun and Comox",1886-1929
many_agencies,band_c00072,British Columbia,COWICHAN Agency|Cowichan|Cowichan Agency|Cowichan Agency - C,Comox,1886-1929
name_variants_clustered,band_c00073,British Columbia,KWAWKEWLTH Agency|Kwawkewlth Agency,"Kwe-ah-kah, Saich-kioie-tachs | We-wai-ai-kai, Saich-kioie-tachs | We-wai-ai-kai, Saich-kioie-tachs. | We-wai-ai-kum, Saich-kioie-tachs | We-wai-ai-kum, Saich-kioie-tachs. | We-wai-al-kal, Saich-kioie-tachs | We-wai-si-kai, Saich-kioie-tachs | We-wai.ai-kai, Saich-kioie-tachs",1886-1893
name_variants_clustered,band_c00074,British Columbia,Arctic Coast Line to Hershell Island|Franklin District (form,British Columbia | British Columbia Inspectorates,1897-1917
many_agencies,band_c00074,British Columbia,Arctic Coast Line to Hershell Island|Franklin District (form,British Columbia,1897-1917
name_variants_clustered,band_c00075,British Columbia,NORTH-WEST COAST Agency|NORTHWEST COAST Agency|Nass Agency|N,Kitsumkalem | Kitsumkalum | Kitsumkalum and Port Essington | Kitsumkalum.,1895-1929
many_agencies,band_c00075,British Columbia,NORTH-WEST COAST Agency|NORTHWEST COAST Agency|Nass Agency|N,Kitsumkalum,1895-1929
single_year_band,band_c00076,British Columbia,COWICHAN Agency,Kuper Island Industrial-school,1896
name_variants_clustered,band_c00077,British Columbia,Stikine Agency,"Nelson River (Nomadic) | Nelson River Nomads | Nelson River Nomads, Liard Post | Nomads Nelson River",1914-1929
name_variants_clustered,band_c00078,British Columbia,BABINE AND UPPER SKEENA RIVER Agency|BADINE AND UPPER SKEENA,Fraser Lake | Fraser's Lake | Nicomen or Lakahamen (Fraser R) | Nicomen or Lakahanien (Fraser R),1890-1929
many_agencies,band_c00078,British Columbia,BABINE AND UPPER SKEENA RIVER Agency|BADINE AND UPPER SKEENA,Fraser Lake,1890-1929
name_variants_clustered,band_c00079,British Columbia,KAMLOOPS Agency|Okanagan Agency,Chuchuwayha Similkameen Group. | Siska Group | Siska Siska Group,1893-1896
name_variants_clustered,band_c00080,British Columbia,NORTH-WEST COAST Agency|NORTHWEST COAST Agency|North-West Co,Fort Simpson Tsimpsean Nation | Fort Simpson Tsimpsean Nation. | Fort Simpson Tsimsean Nation | Tsimpsean Nation -,1895-1903
name_variants_clustered,band_c00081,British Columbia,KAMLOOPS - OKANAGAN Agency|KAMLOOPS OKANAGAN Agency|KAMLOOPS,North Thompson | North Thompson and Canoe Lake,1881-1929
many_agencies,band_c00081,British Columbia,KAMLOOPS - OKANAGAN Agency|KAMLOOPS OKANAGAN Agency|KAMLOOPS,North Thompson,1881-1929
name_variants_clustered,band_c00082,British Columbia,KOOTENAY Agency|KOOTEXAT Agency|Kootenay|Kootenay Agency,"Kinbaskets | Kinbaskets (Shuswap Tribe | Kinbaskets (Shuswap Tribe) | Kinbaskets (Shuswap tribe) | Kinbaskets (Shuswap) | Kinbaskets (Shuswap, Tribe) | Shushwap (Kinbaskets) | Shuswap (Kinbaskets) | Shuswap or Kinbaskets | Shuswap's or Kinbaskets (Shuswap's)",1887-1917
many_agencies,band_c00082,British Columbia,KOOTENAY Agency|KOOTEXAT Agency|Kootenay|Kootenay Agency,Kinbaskets (Shuswap Tribe),1887-1917
name_variants_clustered,band_c00083,British Columbia,KWAWKEWLTH Agency|Kwawkewlth Agency,"Waw-lit-sum | Waw-lit-sum, Saich-kioie-tachs | Waw-lit-sum, Saich-kioie-tachs.",1886-1900
name_variants_clustered,band_c00084,British Columbia,KAMLOOPS Agency|KAMLOOPS-OKANAGAN AGENCY - Con.|Kamloops Age,(Cukchuqualk) | Chuckchuqualk | Chuckchuqualk (North Thompson) | Chukchuqualk | North Thompson (Cukchuqualk),1886-1917
many_agencies,band_c00084,British Columbia,KAMLOOPS Agency|KAMLOOPS-OKANAGAN AGENCY - Con.|Kamloops Age,Chukchuqualk,1886-1917
name_variants_clustered,band_c00085,British Columbia,KAMLOOPS Agency|KAMLOOPS-OKANAGAN Agency|Kamloops Agency,Nepa Oregon Jack Creek Group. | Nepa Oregon Jack Group | Oregon Jack | Oregon Jack Group,1893-1909
name_variants_clustered,band_c00086,British Columbia,KAMLOOPS-OKANAGAN AGENCY - Con.|OKANAGAN Agency|Okanagan Age,Spallamcheen | Spellamcheen - Sushwap Tribe | Spellamcheen - Sushwap Tribe.,1892-1901
name_variants_clustered,band_c00087,British Columbia,BABINE AND UPPER SKEENA RIVER Agency,Tsis-thain-li (Lake Trembleur) | Tsis-tlain-li (Lake Trembleur) | Tsis-tlam-lee (Lake Trembleur) | Tsis-tlan-li (Lake Trembleur),1895-1900
name_variants_clustered,band_c00088,British Columbia,KWAWKEWLTH Agency|Kwawkewlth Agency,"Ah-mah-oo, Saieh-kioil-tache | Ah-mah-oo, Saieh-kioil-tachs",1886-1887
name_variants_clustered,band_c00089,British Columbia,WILLIAM'S LAKE Agency|WILLIAMS LAKE AGENCY - Con.|WILLIAMS L,"Seaton Lake No. 1 | Seaton Lake, No. 1, or Mission | Seton Lake Mission No. 1 | Seton Lake Mission No.1 | Seton Lake Mission, No. 1 | Seton Lake, Mission No. 1 | Seton Lake, Mission, No. 1",1895-1910
many_agencies,band_c00089,British Columbia,WILLIAM'S LAKE Agency|WILLIAMS LAKE AGENCY - Con.|WILLIAMS L,"Seton Lake, Mission No. 1",1895-1910
name_variants_clustered,band_c00090,British Columbia,WILLIAMS LAKE AGENCY - Con.|WILLIAMS LAKE Agency|Williams La,"Seaton Lake No. 5, or Schloss | Seaton Lake, No. 5, or Schloss | Seton Lake Schloss No. 5 | Seton Lake Schloss, No. 5 | Seton Lake, Schloss No. 5 | Seton Lake, Schloss, 5 | Seton Lake, Schloss, No. 5",1896-1910
many_agencies,band_c00090,British Columbia,WILLIAMS LAKE AGENCY - Con.|WILLIAMS LAKE Agency|Williams La,"Seton Lake, Schloss, No. 5",1896-1910
many_agencies,band_c00091,British Columbia,NORTH-WEST COAST AGENCY - Concluded.|NORTH-WEST COAST Agency,Skidegette and Gold Harbour,1890-1893
name_variants_clustered,band_c00092,British Columbia,CASSIAR D1STRICT Agency|CASSIAR DISTRICT Agency|Cassiar Agen,"Tahltan | Tahltan (Telegraphic Creek) | Tahltans | Tahltans, Telegraph Creek | Tahltans, of Telegraph Creek",1906-1929
many_agencies,band_c00092,British Columbia,CASSIAR D1STRICT Agency|CASSIAR DISTRICT Agency|Cassiar Agen,Tahltans,1906-1929
name_variants_clustered,band_c00093,British Columbia,Kwawkewlth Agency,Wewaiaikum (Campbell River) | Wewayakum or Campbell River,1915-1929
name_variants_clustered,band_c00094,British Columbia,WILLIAM'S LAKE Agency|WILLIAMS LAKE AGENCY - Con.|WILLIAMS L,William's Lake | Williams Lake | Williams Lake (Sugar Cane) | Williams Lake or Sugar Cane,1886-1929
many_agencies,band_c00094,British Columbia,WILLIAM'S LAKE Agency|WILLIAMS LAKE AGENCY - Con.|WILLIAMS L,Williams Lake,1886-1929
name_variants_clustered,band_c00095,British Columbia,FRASER RIVER Agency|Fkaser Rivsb Age.Vct.|Fraser River Agenc,"Burrard Inlet No. 3 | Burrard Inlet, No. 3 | Burrard Inlet, No. 3 Reserve | Burrard Inlet, No. 3 reserve | Burrard Inlet, No. 3 reserve. | Burrard Inlet, No.3 Reserve | Burrard Inlet, Reserve No. 3 | Burrard Inlet, Reserve No.3 | No. 3 Reserve, Burrard Inlet",1881-1917
many_agencies,band_c00095,British Columbia,FRASER RIVER Agency|Fkaser Rivsb Age.Vct.|Fraser River Agenc,"Burrard Inlet, No. 3 Reserve",1881-1917
name_variants_clustered,band_c00096,British Columbia,(t)Northwest Coast|COAST Agency|NORTH-WEST COAST Agency|NORT,China Hat Oweekayno Nation | Oweekayno | Oweekayno Nation | Oweekayno Nation - | Oweekayo,1895-1910
many_agencies,band_c00096,British Columbia,(t)Northwest Coast|COAST Agency|NORTH-WEST COAST Agency|NORT,Oweekayno,1895-1910
name_variants_clustered,band_c00097,British Columbia,KAMLOOPS-OKANAGAN Agency|Kamloops Agency|Kamloops-Okanagan A,Halant | Halaut Shushwan Lake Group.,1893-1900
name_variants_clustered,band_c00098,British Columbia,KAMLOOPS - OKANAGAN Agency|KAMLOOPS Agency|KAMLOOPS OKANAGAN,KAMLOOPS AGENCY. | Kamloops | Kamloops - Okanagan Agency | Kamloops Agency | Kamloops Band | Kamloops-Okanagan Agency,1881-1929
many_agencies,band_c00098,British Columbia,KAMLOOPS - OKANAGAN Agency|KAMLOOPS Agency|KAMLOOPS OKANAGAN,Kamloops,1881-1929
name_variants_clustered,band_c00099,British Columbia,KAMLOOPS - OKANAGAN Agency|KAMLOOPS Agency|KAMLOOPS OKANAGAN,Cook's Ferry | Cook's Ferry Group | Cooks Ferry | Nkumckeen Cook's Ferry Group | Oook's Ferry,1881-1929
many_agencies,band_c00099,British Columbia,KAMLOOPS - OKANAGAN Agency|KAMLOOPS Agency|KAMLOOPS OKANAGAN,Cook's Ferry,1881-1929
name_variants_clustered,band_c00100,British Columbia,Williams Lake|Williams Lake Agency,"Nomadic Indians (estimated) | Nomadic Indians (estimated)* | Nomadic Indians, estimated | Nomadic Indians, estimated1",1913-1929
name_variants_clustered,band_c00101,British Columbia,BABINE AND UPPER SKEENA RIVER Agency|BABINE AND UPPER SKYKNA,Pintce Stuart's Lake Village | Stuart's Lake Village | Stuart's lake Village,1893-1909
name_variants_clustered,band_c00102,British Columbia,WILLIAM'S LAKE Agency|WILLIAMS LAKE AGENCY - Con.|WILLIAMS L,"Seaton Lake No. 6 | Seaton Lake, No. 6, or Neciah | Seaton Lake, No. 6, or Neciat | Seton Lake, Neciat, No. 6",1895-1900
many_agencies,band_c00102,British Columbia,WILLIAM'S LAKE Agency|WILLIAMS LAKE AGENCY - Con.|WILLIAMS L,Seaton Lake No. 6,1895-1900
name_variants_clustered,band_c00105,British Columbia,BABINE AND UPPER SKEENA RIVER Agency|BABINE AND UPPER SKYKNA,Fraser's Lake Village | Stella Fraser's Lake Village,1895-1910
name_variants_clustered,band_c00106,British Columbia,Fort St. John - Non-treaty|Lesser Slave Lake Agency,Fort St. John | Fort St. John - Non-treaty,1910-1929
name_variants_clustered,band_c00107,British Columbia,KAMLOOPS - OKANAGAN Agency|KAMLOOPS Agency|KAMLOOPS OKANAGAN,"Kualt (Little Shuswap Lake) | Little Lake | Little Lake Shuswap | Little Lake, Shuswap | Little Shushwap Lake | Little Shuswap Lake | Little Suswap Lake",1881-1929
many_agencies,band_c00107,British Columbia,KAMLOOPS - OKANAGAN Agency|KAMLOOPS Agency|KAMLOOPS OKANAGAN,Little Lake Shuswap,1881-1929
name_variants_clustered,band_c00108,British Columbia,Kamloops Agency,North Thompson (Cukayualk) | North Thompson (Cukcugualk),1916-1924
name_variants_clustered,band_c00109,British Columbia,WILLIAMS LAKE AGENCY - Con.|WILLIAMS LAKE Agency|Williams La,"Seaton Lake, No. 2, or Enias | Seton Lake Enias No. 2 | Seton Lake Enias, No. 2 | Seton Lake, Enias No. 2 | Seton Lake, Enias, 2 | Seton Lake, Enias, No. 2",1896-1909
many_agencies,band_c00109,British Columbia,WILLIAMS LAKE AGENCY - Con.|WILLIAMS LAKE Agency|Williams La,"Seton Lake, Enias No. 2",1896-1909
name_variants_clustered,band_c00110,British Columbia,BABINE AND UPPER SKEENA RIVER Agency|BADINE AND UPPER SKEENA,Stony Creek | Stony Creek and Lake Town,1890-1929
many_agencies,band_c00110,British Columbia,BABINE AND UPPER SKEENA RIVER Agency|BADINE AND UPPER SKEENA,Stony Creek,1890-1929
single_year_band,band_c00111,British Columbia,BABINE AND UPPER SKYKNA RIVER Agency,"^tflT^ 1' r^Vf^^lL"" \   1 1   Ml OTP",1902
name_variants_clustered,band_c00112,British Columbia,BABINE AND UPPER SKEENA RIVER Agency|BABINE AND UPPER SKYKNA,"Tsislainli | Tsislainli (Trembleur Lake) | Tsisthainli (Lac Trembleur) | Tsisthainli, (Lac Trembleur)",1901-1929
many_agencies,band_c00112,British Columbia,BABINE AND UPPER SKEENA RIVER Agency|BABINE AND UPPER SKYKNA,Tsisthainli (Lac Trembleur),1901-1929
name_variants_clustered,band_c00113,British Columbia,KWAWKEWLTH Agency|Kwawkewlth Agency,Waw-lit-sum Lien-kwil-tak | Waw-lit-sum Lienkwil-tak,1898-1899
name_variants_clustered,band_c00114,British Columbia,Kwawkewlth|Kwawkewlth Agency,Salmon River | Wawlitsum or Salmon River,1924-1929
name_variants_clustered,band_c00116,British Columbia,Babine|Babine Agency|Babine and Upper Skeena River Agency|Ba,Hagwilget (Rocher Deboulé) | Roche de Boule | Rocher Deboulé (Hagwilget),1914-1929
many_agencies,band_c00116,British Columbia,Babine|Babine Agency|Babine and Upper Skeena River Agency|Ba,Rocher Deboulé (Hagwilget),1914-1929
name_variants_clustered,band_c00117,British Columbia,NORTH-WEST COAST Agency|NORTHWEST COAST Agency|North-West Co,Kincolith Nishgar Nation | Nishgar Nation | Nishgar Nation -,1895-1903
many_agencies,band_c00117,British Columbia,NORTH-WEST COAST Agency|NORTHWEST COAST Agency|North-West Co,Kincolith Nishgar Nation,1895-1903
name_variants_clustered,band_c00118,British Columbia,NORTH-WEST COAST Agency|NORTHWEST COAST Agency|North-West Co,Kinisquit Taillon Nation | Kinisquit Tallion Nation | Kinisquit Tallion Nation. | Tallion Nation - | Tallion Nation—,1895-1903
many_agencies,band_c00118,British Columbia,NORTH-WEST COAST Agency|NORTHWEST COAST Agency|North-West Co,Kinisquit Tallion Nation,1895-1903
name_variants_clustered,band_c00119,British Columbia,COAST Agency|NORTH-WEST COAST AGENCY - Concluded.|NORTH-WEST,Kitamat | Kitamat Oweekayno Nation | Kitamat Oweekayo Nation. | Kitamatt,1890-1903
many_agencies,band_c00119,British Columbia,COAST Agency|NORTH-WEST COAST AGENCY - Concluded.|NORTH-WEST,Kitamatt,1890-1903
name_variants_clustered,band_c00120,British Columbia,KOOTENAY Agency|KOOTEXAT Agency|Kootenay|Kootenay Agency,Flat Bow (Lower Kootenay) | Lower Kootenay | Lower Kootenay (Flat Bow) | Lower Kootenay (Kootenays),1887-1929
many_agencies,band_c00120,British Columbia,KOOTENAY Agency|KOOTEXAT Agency|Kootenay|Kootenay Agency,Lower Kootenay (Flat Bow),1887-1929
name_variants_clustered,band_c00121,British Columbia,KAMLOOPS - OKANAGAN Agency|KAMLOOPS Agency|KAMLOOPS OKANAGAN,Dead Man's Creek | Deadman Creek | Deadman's Creek | Skichistan (Deadman's Creek),1881-1929
many_agencies,band_c00121,British Columbia,KAMLOOPS - OKANAGAN Agency|KAMLOOPS Agency|KAMLOOPS OKANAGAN,Deadman's Creek,1881-1929
name_variants_clustered,band_c00122,British Columbia,KOOTENAY Agency|KOOTEXAT Agency|Kootenay|Kootenay Agency,"Plains | Tobacco Plains | Tobacco Plains, (Kootenays)",1887-1929
many_agencies,band_c00122,British Columbia,KOOTENAY Agency|KOOTEXAT Agency|Kootenay|Kootenay Agency,Tobacco Plains,1887-1929
single_year_band,band_c00123,British Columbia,BABINE AND UPPER SKEENA RIVER Agency,"Tsisthainh, (Lac Trembleur)",1901
name_variants_clustered,band_c00124,British Columbia,(t)Northwest Coast|Bella Coola|Bella Coola Agency,Ulkatcho | Ulkatcho and Anaham Lake | Ulkatcho and Anahim Lake,1910-1929
name_variants_clustered,band_c00126,British Columbia,BABINE AND UPPER SKEENA RIVER Agency|BADINE AND UPPER SKEENA,"Bands not visited | Bands not visited, about | Bands, not visited, about",1887-1901
many_agencies,band_c00126,British Columbia,BABINE AND UPPER SKEENA RIVER Agency|BADINE AND UPPER SKEENA,Bands not visited,1887-1901
name_variants_clustered,band_c00127,British Columbia,NORTHWEST COAST Agency|Northwest Coast,Bella Coola and Palamey | Bella Coola and Talomey | Bellacoola,1887-1908
name_variants_clustered,band_c00128,British Columbia,(t)Northwest Coast|NORTHWEST COAST Agency,Bella Coola or Palamey | Bella Coola or Taleomey,1909-1910
name_variants_clustered,band_c00130,British Columbia,BABINE AND UPPER SKEENA RIVER Agency|BABINE AND UPPER SKYKNA,Connolly Lake | Conolly Lake | Fort Connelly (Bear Lake) | Ft. Connelly (Bear Lake),1896-1929
many_agencies,band_c00130,British Columbia,BABINE AND UPPER SKEENA RIVER Agency|BABINE AND UPPER SKYKNA,Connolly Lake,1896-1929
name_variants_clustered,band_c00131,British Columbia,(t)Northwest Coast|Bella Coola Agency|NORTHWEST COAST Agency,Hartle Bay or Kithahta | Hartley Bay | Hartley Bay (Kitkahta) | Hartley Bay or Kithahta | Hartley Bay or Kitkahta,1904-1929
many_agencies,band_c00131,British Columbia,(t)Northwest Coast|Bella Coola Agency|NORTHWEST COAST Agency,Hartley Bay or Kithahta,1904-1929
name_variants_clustered,band_c00132,British Columbia,KAMLOOPS Agency|Kamloops Agency|Kamloops-Okanagan Agency,Hlukhlakatan | Hlukhlukatan | Hlukhlukatan (Kanaka Bar),1886-1898
name_variants_clustered,band_c00133,British Columbia,KAMLOOPS - OKANAGAN Agency|KAMLOOPS-OKANAGAN Agency|Kamloops,Lower Nicola | Lower Nicola (6 villages) | Nicola | Nicola (Lower),1881-1929
many_agencies,band_c00133,British Columbia,KAMLOOPS - OKANAGAN Agency|KAMLOOPS-OKANAGAN Agency|Kamloops,Nicola (Lower),1881-1929
name_variants_clustered,band_c00134,British Columbia,Lytton Agency,Maria or Seabird Island | Seabird Island,1924-1929
name_variants_clustered,band_c00135,British Columbia,FRASER RIVER Agency|Fkaser Rivsb Age.Vct.|Fraser River Agenc,"Burrard | Burrard Inlet | Burrard Inlet Mission | Mission (Burrard Inlet) | Mission - Burrard Inlet | Mission - Burrard inlet | Mission Burrard Inlet | Mission Burrard Inlet) | Mission, Burrard Inlet | Mission-Burrard Inlet",1881-1929
many_agencies,band_c00135,British Columbia,FRASER RIVER Agency|Fkaser Rivsb Age.Vct.|Fraser River Agenc,"Mission, Burrard Inlet",1881-1929
name_variants_clustered,band_c00136,British Columbia,KAMLOOPS Agency|KAMLOOPS-OKANAGAN AGENCY - Con.|KAMLOOPS-OKA,Nikaomin | Nikaomin Nicomen Group | Nikaomin Nikaomin Group. | Nikomin,1886-1901
many_agencies,band_c00136,British Columbia,KAMLOOPS Agency|KAMLOOPS-OKANAGAN AGENCY - Con.|KAMLOOPS-OKA,Nikaomin,1886-1901
name_variants_clustered,band_c00137,British Columbia,KAMLOOPS - OKANAGAN Agency|KAMLOOPS-OKANAGAN Agency|Kamloops,Nkamaplix (Okanagan Lake) | Okanagan | Okanagan Lake,1896-1929
many_agencies,band_c00137,British Columbia,KAMLOOPS - OKANAGAN Agency|KAMLOOPS-OKANAGAN Agency|Kamloops,Okanagan,1896-1929
name_variants_clustered,band_c00138,British Columbia,Cassiar Agency|Stikine Agency,Atlin | Atlin and Teslin | Nomads Atlin and Teslin,1910-1924
single_year_band,band_c00139,British Columbia,WILLIAMS LAKE Agency,"Seton Lake, Schloss No. 3",1904
name_variants_clustered,band_c00140,British Columbia,KAMLOOPS - OKANAGAN Agency|KAMLOOPS Agency|KAMLOOPS OKANAGAN,Boston Bar | Boston Bar Group | Skuzzy Boston Bar Group.*,1881-1929
many_agencies,band_c00140,British Columbia,KAMLOOPS - OKANAGAN Agency|KAMLOOPS Agency|KAMLOOPS OKANAGAN,Boston Bar,1881-1929
name_variants_clustered,band_c00141,British Columbia,KAMLOOPS - OKANAGAN Agency|KAMLOOPS Agency|KAMLOOPS OKANAGAN,Lytton | Lytton Group | Tikumcheen Lytton Group,1881-1929
many_agencies,band_c00141,British Columbia,KAMLOOPS - OKANAGAN Agency|KAMLOOPS Agency|KAMLOOPS OKANAGAN,Lytton,1881-1929
name_variants_clustered,band_c00142,British Columbia,BABINE AND UPPER SKEENA RIVER Agency,"Tsis-tlatho (Beach Water) | Tsislatho, (Beach Water) | Tsistlatho, (Beach Water)",1900-1901
name_variants_clustered,band_c00143,British Columbia,KAMLOOPS - OKANAGAN Agency|KAMLOOPS-OKANAGAN Agency|Kamloops,Nicola (Upper) | Nicola Upper | Upper Nicola | Upper Nicola (2 villages),1903-1929
many_agencies,band_c00143,British Columbia,KAMLOOPS - OKANAGAN Agency|KAMLOOPS-OKANAGAN Agency|Kamloops,Nicola (Upper),1903-1929
name_variants_clustered,band_c00144,British Columbia,FRASER RIVER Agency|Kwawkewlth Agency,Wewayakay or Cape Mudge | Yak,1902-1929
name_variants_clustered,band_c00145,British Columbia,Bella Coola Agency|COAST Agency|NORTH-WEST COAST Agency|NORT,Bella Coola and Tallio | Tallion,1895-1917
many_agencies,band_c00145,British Columbia,Bella Coola Agency|COAST Agency|NORTH-WEST COAST Agency|NORT,Tallion,1895-1917
name_variants_clustered,band_c00146,British Columbia,BABINE AND UPPER SKEENA RIVER Agency|BADINE AND UPPER SKEENA,Carriers | Carriers (Lake Connelly) | Lake Connelly Carriers,1890-1893
many_agencies,band_c00146,British Columbia,BABINE AND UPPER SKEENA RIVER Agency|BADINE AND UPPER SKEENA,Carriers,1890-1893
name_variants_clustered,band_c00147,British Columbia,KAMLOOPS - OKANAGAN Agency|KAMLOOPS Agency|KAMLOOPS OKANAGAN,Boothroyd | Boothroyd Group | Chomok Boothroyd Group. | Chomok Bothroyd Group.,1893-1929
many_agencies,band_c00147,British Columbia,KAMLOOPS - OKANAGAN Agency|KAMLOOPS Agency|KAMLOOPS OKANAGAN,Boothroyd,1893-1929
name_variants_clustered,band_c00148,British Columbia,Fort Simpson|Fort St. John - Non-treaty,Fort Nelson | Fort Nelson (Siccannies),1910-1929
name_variants_clustered,band_c00149,British Columbia,,"Hydah | Hydah nation, estimated at",1881-1888
name_variants_clustered,band_c00150,British Columbia,KAMLOOPS Agency|Okanagan Agency,Kinsaatin Nicola Group. | Nicola Group,1893-1896
name_variants_clustered,band_c00151,British Columbia,BABINE AND UPPER SKEENA RIVER Agency|Babine|Babine Agency|Ba,Kitse-gukla | Kitsegukla | Kitsegukla (old and new),1891-1929
many_agencies,band_c00151,British Columbia,BABINE AND UPPER SKEENA RIVER Agency|Babine|Babine Agency|Ba,Kitsegukla,1891-1929
name_variants_clustered,band_c00152,British Columbia,KAMLOOPS Agency|Kamloops Agency,Kittsawat | Kittsawat Lytton Group.,1886-1896
name_variants_clustered,band_c00153,British Columbia,Nass Agency,Kitwilluchsilt | Kitwilluchsilt (Gwinoha),1916-1917
name_variants_clustered,band_c00154,British Columbia,KWAWKEWLTH Agency|Kwawkewlth|Kwawkewlth Agency,Klawatisis and Matilpi | Klawatsis and Matilpi | Klawitsis and Matilpi | Klawtsis and Matilpi | Matilpi,1904-1929
name_variants_clustered,band_c00155,British Columbia,NORTH-WEST COAST AGENCY - Concluded.|NORTH-WEST COAST Agency,Greenville | Lack-al-sap (Greenville) | Lack-al-sap (Grenville),1890-1929
many_agencies,band_c00155,British Columbia,NORTH-WEST COAST AGENCY - Concluded.|NORTH-WEST COAST Agency,Lack-al-sap (Greenville),1890-1929
name_variants_clustered,band_c00156,British Columbia,KAMLOOPS Agency|Kamloops Agency,Nkamcheen | Nkamcheen Bridge Group.,1892-1893
name_variants_clustered,band_c00157,British Columbia,Bella Coola|Bella Coola Agency,Oweekayno (Rivers Inlet) | Owekano | Rivers Inlet (Owekano),1911-1929
name_variants_clustered,band_c00158,British Columbia,Williams Lake Agency,Riskie Creek (Toosie) | Riskie Creek of Toosie | Riskie Creek or Toosey,1914-1924
single_year_band,band_c00159,British Columbia,WILLIAMS LAKE Agency,"Seton Lake, Necait No. 4",1904
name_variants_clustered,band_c00160,British Columbia,WILLIAMS LAKE Agency|Williams Lake Agency,"Seton Lake Necait No. 6 | Seton Lake, Necait No. 6 | Seton Lake, Necait, 6 | Seton Lake, Nicait No. 6 | Seton Lake, Nicait, No. 6",1899-1910
name_variants_clustered,band_c00161,British Columbia,WILLIAMS LAKE Agency|Williams Lake|Williams Lake Agkuct.,"Niciat No. 6 | Seton Lake Niciat, No. 6 | Seton Lake, Niciat, No. 6",1901-1903
name_variants_clustered,band_c00162,British Columbia,BABINE AND UPPER SKEENA RIVER Agency|BADINE AND UPPER SKEENA,Ha-an-ees (Stuart's Lake) | Ha-anees (Stuart's Lake) | Sic-an-ees (Stuart's Lake),1890-1893
name_variants_clustered,band_c00163,British Columbia,BABINE AND UPPER SKEENA RIVER Agency|BABINE AND UPPER SKYKNA,Tsis-tlatho | Tsistlatho (Black Water),1895-1910
name_variants_clustered,band_c00164,British Columbia,KAMLOOPS - OKANAGAN Agency|KAMLOOPS Agency|KAMLOOPS OKANAGAN,Adam Lake (Sahhaltkum) | Adam's Lake | Adams Lake (Sahhaltkum) | Haltkum (Adams Lake),1896-1929
many_agencies,band_c00164,British Columbia,KAMLOOPS - OKANAGAN Agency|KAMLOOPS Agency|KAMLOOPS OKANAGAN,Adam's Lake,1896-1929
single_year_band,band_c00165,British Columbia,Vancouver Agency,Burrard No. 3 (Squamish),1924
name_variants_clustered,band_c00166,British Columbia,(t)Northwest Coast|Bella Coola Agency|COAST Agency|NORTH-WES,China Hat | China Hat (Kitasoo) | China Hat or Kitasoo | China Hat or Kitkahta | China Sat | China hat,1889-1917
many_agencies,band_c00166,British Columbia,(t)Northwest Coast|Bella Coola Agency|COAST Agency|NORTH-WES,China Hat,1889-1917
name_variants_clustered,band_c00167,British Columbia,BABINE AND UPPER SKEENA RIVER Agency|West Coast Agency,"Connolly Lake (Nomadic) | Connolly Lake (nomadic) | Connolly Lake, Nomadic | of Connolly Lake)",1895-1912
name_variants_clustered,band_c00168,British Columbia,COWICHAN Agency|Cowichan|Cowichan Agency|Nelson And Churchil,COWICHAN AGENCY | COWICHAN AGENCY. | Cowichan | Cowichan Agency | Cowichan Coast Agency,1892-1929
many_agencies,band_c00168,British Columbia,COWICHAN Agency|Cowichan|Cowichan Agency|Nelson And Churchil,Cowichan Agency,1892-1929
name_variants_clustered,band_c00169,British Columbia,BABINE AND UPPER SKEENA RIVER Agency|BABINE AND UPPER SKYKNA,"Fort Graham | Fort Graham (nomadic) | Fort Grahame | Fort Grahame (Nomadic) | Fort Grahame (nomadic) | Fort Grahame, (Nomadic) | Fort Grahame, Nomadic | Fort Grahanie (Nomadic)",1895-1929
many_agencies,band_c00169,British Columbia,BABINE AND UPPER SKEENA RIVER Agency|BABINE AND UPPER SKYKNA,Fort Grahame,1895-1929
name_variants_clustered,band_c00170,British Columbia,KAMLOOPS Agency|KAMLOOPS-OKANAGAN AGENCY - Con.|KAMLOOPS-OKA,Halaut | Halaut (South Thompson),1886-1901
many_agencies,band_c00170,British Columbia,KAMLOOPS Agency|KAMLOOPS-OKANAGAN AGENCY - Con.|KAMLOOPS-OKA,Halaut,1886-1901
name_variants_clustered,band_c00172,British Columbia,KOOTENAY Agency|Kootenay Agency|Nelson And Churchill Rivers ,KOOTENAY AGENCY. | Kootenay Agency | Kootenay Coast Agency,1892-1908
many_agencies,band_c00172,British Columbia,KOOTENAY Agency|Kootenay Agency|Nelson And Churchill Rivers ,Kootenay Agency,1892-1908
name_variants_clustered,band_c00173,British Columbia,WILLIAM'S LAKE Agency|WILLIAMS LAKE AGENCY - Con.|WILLIAMS L,"Lilloet, No. 2 | Lillooet (Chinook) No. 2 | Lillooet No. 2 | Lillooet, (Chinook) No. 2 | Lillooet, No. 2 | No. 2",1895-1912
many_agencies,band_c00173,British Columbia,WILLIAM'S LAKE Agency|WILLIAMS LAKE AGENCY - Con.|WILLIAMS L,Lillooet No. 2,1895-1912
name_variants_clustered,band_c00174,British Columbia,BABINE AND UPPER SKYKNA RIVER Agency|NORTH-WEST COAST Agency,Lachalsap | Moricetowii (Lachalsap),1898-1902
many_agencies,band_c00174,British Columbia,BABINE AND UPPER SKYKNA RIVER Agency|NORTH-WEST COAST Agency,Lachalsap,1898-1902
name_variants_clustered,band_c00175,British Columbia,Kamloops Agency,Neskainlith (Halaut) | Neskainlith or Halaut | Niskainlish (Halaut),1914-1924
name_variants_clustered,band_c00176,British Columbia,FRASER RIVER AGENCY - Con.|FRASER RIVER Agency|Fkaser Rivsb ,Nicomen | Nicomen Band | Nicomen or Thompson R,1881-1929
many_agencies,band_c00176,British Columbia,FRASER RIVER AGENCY - Con.|FRASER RIVER Agency|Fkaser Rivsb ,Nicomen,1881-1929
name_variants_clustered,band_c00177,British Columbia,OKANAGAN Agency|Okanagan Agency,Nkamin Okanagan Group. | Nkamip,1892-1893
name_variants_clustered,band_c00178,British Columbia,KAMLOOPS-OKANAGAN AGENCY - Con.|KAMLOOPS-OKANAGAN Agency,Helowna | Okanagan Lake (Helowna) | Okanagan Take (Helowna),1899-1901
name_variants_clustered,band_c00179,British Columbia,BABINE AND UPPER SKEENA RIVER Agency|BADINE AND UPPER SKEENA,Siccances (Stuart's Lake) | Siccanees (Stuart's Lake),1890-1892
name_variants_clustered,band_c00180,British Columbia,FRASER RIVER AGENCY - Con.|FRASER RIVER Agency|Fraser River ,"Sk-a-mish, Howe Sound | Skw-a-mish, Howe Sound | Skw-amish, Howe Sound | Skwa-mish, Howe Sound | Skwamish (Howe Sound) | Skwamish, Howe Sound",1895-1915
many_agencies,band_c00180,British Columbia,FRASER RIVER AGENCY - Con.|FRASER RIVER Agency|Fraser River ,"Skwamish, Howe Sound",1895-1915
name_variants_clustered,band_c00181,British Columbia,KAMLOOPS-OKANAGAN AGENCY - Con.|KAMLOOPS-OKANAGAN Agency|Kam,Ahaham | Spahamin | Spahamin (Douglas Lake),1892-1903
many_agencies,band_c00181,British Columbia,KAMLOOPS-OKANAGAN AGENCY - Con.|KAMLOOPS-OKANAGAN Agency|Kam,Spahamin,1892-1903
name_variants_clustered,band_c00182,British Columbia,KAMLOOPS - OKANAGAN Agency|KAMLOOPS Agency|KAMLOOPS-OKANAGAN,Spuzzum | Spuzzum Group | Spuzzum Spuzzum Group.,1881-1929
many_agencies,band_c00182,British Columbia,KAMLOOPS - OKANAGAN Agency|KAMLOOPS Agency|KAMLOOPS-OKANAGAN,Spuzzum,1881-1929
name_variants_clustered,band_c00183,British Columbia,FRASER RIVER Agency|Fraser River Agency|New Westminster Agen,"Squamish | Squamish (Howe Sound) | Squamish - Hon Sound | Squamish - Howe Sound | Squamish, Howe Sound",1886-1929
many_agencies,band_c00183,British Columbia,FRASER RIVER Agency|Fraser River Agency|New Westminster Agen,"Squamish, Howe Sound",1886-1929
name_variants_clustered,band_c00184,British Columbia,KAMLOOPS Agency|Kamloops Agency,Kamloops (Kamloops) | Stlahl Kamloops Group.,1893-1896
name_variants_clustered,band_c00185,British Columbia,KWAWKEWLTH Agency|Kwawkewith Agency|Kwawkewlth Agency|Kwawke,Wawalitsum | Wawlitsum | Wawlitsum Lienkwiltak,1901-1917
many_agencies,band_c00185,British Columbia,KWAWKEWLTH Agency|Kwawkewith Agency|Kwawkewlth Agency|Kwawke,Wawlitsum,1901-1917
name_variants_clustered,band_c00186,British Columbia,Nelson And Churchill Rivers District|Nelson and Churchill Ri,WILLIAM'S LAKE AGENCY. | Williams Lake Agency,1892-1908
many_agencies,band_c00186,British Columbia,Nelson And Churchill Rivers District|Nelson and Churchill Ri,Williams Lake Agency,1892-1908
name_variants_clustered,band_c00187,British Columbia,BABINE AND UPPER SKEENA RIVER Agency|BABINE AND UPPER SKYKNA,Fort Geor'ie Village | Fort George | Fort George Village,1895-1929
many_agencies,band_c00187,British Columbia,BABINE AND UPPER SKEENA RIVER Agency|BABINE AND UPPER SKYKNA,Fort George Village,1895-1929
name_variants_clustered,band_c00188,British Columbia,Bella Coola Agency,Kitkahta | Kitkahta (Hartley Bay),1911-1914
name_variants_clustered,band_c00189,British Columbia,(t)Northwest Coast|NORTHWEST COAST Agency|Northwest Coast,Kitten | Kitten and Andegulay | Kittex | Kittex and Andegulay,1900-1910
name_variants_clustered,band_c00190,British Columbia,Kwawkewlth|Kwawkewlth Agency,Koskemo | Koskemo and Klaskino | Koskemo and Lkaskino,1910-1929
name_variants_clustered,band_c00192,British Columbia,KOOTENAY Agency|KOOTEXAT Agency|Kootenay|Kootenay Agency,Lower Columbia | Lower Columbia Lake | Lower Columbia Lakes,1900-1929
many_agencies,band_c00192,British Columbia,KOOTENAY Agency|KOOTEXAT Agency|Kootenay|Kootenay Agency,Lower Columbia Lake,1900-1929
name_variants_clustered,band_c00193,British Columbia,KWAWKEWLTH Agency|Kwawkewlth Agency,Ma-ma-lil-li-kulla | Mah-ma-lil-le-kullah,1886-1900
name_variants_clustered,band_c00194,British Columbia,NORTH-WEST COAST Agency|NORTHWEST COAST Agency|North-West Co,Haida Nation - | Massett Haida Nation,1895-1903
name_variants_clustered,band_c00195,British Columbia,BABINE AND UPPER SKEENA RIVER Agency|Babine and Upper Skeena,McLeod Lake | McLeod's Lake | McLeod's Lake Sikanees,1893-1929
name_variants_clustered,band_c00196,British Columbia,FRASER RIVER Agency|Fraser River Agency,Moodyville Saw Mills | Moodyville Saw Mils | Moonyville Saw Mills,1886-1889
single_year_band,band_c00197,British Columbia,Babine and Upper Skeena River Agency,Moricetown (Lashalsap),1903
name_variants_clustered,band_c00198,British Columbia,BABINE AND UPPER SKEENA RIVER Agency|BADINE AND UPPER SKEENA,Ha-an-ees (Bear's Lake) | Ha-anees (Bear's Lake) | Sic-an-ees (Bear's Lake),1890-1893
name_variants_clustered,band_c00199,British Columbia,FRASER RIVER Agency,"Skwawmisb, Howe Sound | Skwawmish, Howe Sound",1908-1909
name_variants_clustered,band_c00200,British Columbia,BABINE AND UPPER SKEENA RIVER Agency|BABINE AND UPPER SKYKNA,Stella | Stella Francis | Stella François Lake,1902-1929
many_agencies,band_c00200,British Columbia,BABINE AND UPPER SKEENA RIVER Agency|BABINE AND UPPER SKYKNA,Stella,1902-1929
name_variants_clustered,band_c00201,British Columbia,KWAWKEWLTH Agency|Kwawkewlth Agency,Waw-lis-knahk-newith | Waw-lis-knahk-newlth | Waw-lis-knahkewlth | Waw-lis-knahknewlth,1886-1889
name_variants_clustered,band_c00202,British Columbia,KWAWKEWLTH Agency|Kwawkewlth Agency|Kwawkewlth Agency - Con.,Waiwaiaikai | Wewaiaika (Cape Mudge) | Wewaiaikai,1908-1915
name_variants_clustered,band_c00203,British Columbia,Stikine Agency,"Casca (McDames Creek) | Casca (McDames) | Casca, McDames Creek",1914-1929
name_variants_clustered,band_c00204,British Columbia,Lytton Agency|WILLIAM'S LAKE Agency|WILLIAMS LAKE Agency|Wil,"Cayoosh No. 2 | Cayoosh Nos. 1 and 2 | Cayoosh, No. 2 | Cayoosh, Nos. 1 and 2",1892-1913
many_agencies,band_c00204,British Columbia,Lytton Agency|WILLIAM'S LAKE Agency|WILLIAMS LAKE Agency|Wil,Cayoosh No. 2,1892-1913
name_variants_clustered,band_c00205,British Columbia,COWICHAN Agency|Cowichan|Cowichan Agency,"Cheerno | Cheerno (Beecher Bay) | Cheerno, Beecher Bay",1895-1929
name_variants_clustered,band_c00206,British Columbia,KOOTENAY Agency|Kootenay Agency,Columbia Lake | Columbia Lake Upper,1887-1895
name_variants_clustered,band_c00207,British Columbia,FRASER RIVER Agency|Fraser River|Fraser River Agency|Nelson ,FRASER RIVER AGENCY. | Fraser River | Fraser River Agency,1892-1908
many_agencies,band_c00207,British Columbia,FRASER RIVER Agency|Fraser River|Fraser River Agency|Nelson ,Fraser River Agency,1892-1908
name_variants_clustered,band_c00208,British Columbia,BABINE AND UPPER SKEENA RIVER Agency|BADINE AND UPPER SKEENA,Get-an-max (Hazelton) | Git-an-max (Hazelton),1890-1900
single_year_band,band_c00209,British Columbia,Babine and Upper Skeena River Agency,Git-au-max (Hazelton),1893
name_variants_clustered,band_c00210,British Columbia,BABINE AND UPPER SKEENA RIVER Agency,Ho-quel-get Village | Hoquelget Village,1900-1901
single_year_band,band_c00211,British Columbia,Stikine Agency,Liard Lower (Nomadic),1929
single_year_band,band_c00212,British Columbia,BABINE AND UPPER SKEENA RIVER Agency,"McLeod's Lake, Nomadic",1895
single_year_band,band_c00213,British Columbia,Stikine Agency,Nelson Nomads (Liard),1915
name_variants_clustered,band_c00214,British Columbia,COWICHAN Agency|Cowichan Agency,Newcastle Toronsite | Newcastle Townsite,1891-1896
name_variants_clustered,band_c00215,British Columbia,KAMLOOPS - OKANAGAN Agency|KAMLOOPS OKANAGAN Agency|KAMLOOPS,Penticton | Penticton (Penticton),1881-1929
many_agencies,band_c00215,British Columbia,KAMLOOPS - OKANAGAN Agency|KAMLOOPS OKANAGAN Agency|KAMLOOPS,Penticton,1881-1929
name_variants_clustered,band_c00216,British Columbia,KAMLOOPS Agency|Kamloops Agency,Piminos & Pakeist | Piminos and Pakeist,1886-1896
name_variants_clustered,band_c00217,British Columbia,Lytton Agency|WILLIAM'S LAKE Agency|WILLIAN'S LAKE Agency|Wi,Seton Lake | Seton Lake - Nicait,1886-1929
many_agencies,band_c00217,British Columbia,Lytton Agency|WILLIAM'S LAKE Agency|WILLIAN'S LAKE Agency|Wi,Seton Lake,1886-1929
name_variants_clustered,band_c00218,British Columbia,BABINE AND UPPER SKEENA RIVER Agency|BADINE AND UPPER SKEENA,Siccances (Bear's Lake) | Siccanees (Bear's Lake),1890-1892
name_variants_clustered,band_c00219,British Columbia,KAMLOOPS Agency|KAMLOOPS-OKANAGAN AGENCY - Con.|KAMLOOPS-OKA,Skappa | Skappa (Skappa) | Skappa Skappa Group. | Skappah,1881-1901
many_agencies,band_c00219,British Columbia,KAMLOOPS Agency|KAMLOOPS-OKANAGAN AGENCY - Con.|KAMLOOPS-OKA,Skappa,1881-1901
single_year_band,band_c00221,British Columbia,FRASER RIVER Agency,"Sqwamish, Howe Sound",1902
name_variants_clustered,band_c00223,British Columbia,BABINE AND UPPER SKEENA RIVER Agency,Tsis-tlaho | Tsis-tlatho Village,1896-1898
name_variants_clustered,band_c00225,British Columbia,WILLIAM'S LAKE Agency|WILLIAMS LAKE Agency|Williams Lake|Wil,"Cavoosh Creek No. 1 | Cayoosh Creek No. 1 | Cayoosh Creek, No. 1 | Cayoosh No. 1 | Cayoosh, No. 1",1895-1912
many_agencies,band_c00225,British Columbia,WILLIAM'S LAKE Agency|WILLIAMS LAKE Agency|Williams Lake|Wil,Cayoosh Creek No. 1,1895-1912
name_variants_clustered,band_c00227,British Columbia,Lytton Agency|WILLIAMS LAKE Agency|Williams Lake|Williams La,"Cayoose Creek No. 2 | Cayoosh Creek No. 2 | Cayoosh Creek, No. 2",1898-1929
many_agencies,band_c00227,British Columbia,Lytton Agency|WILLIAMS LAKE Agency|Williams Lake|Williams La,Cayoosh Creek No. 2,1898-1929
name_variants_clustered,band_c00228,British Columbia,WILLIAM'S LAKE Agency|WILLIAMS LAKE Agency|WILLIAN'S LAKE Ag,Cayoosh | Cayoosh Creek | Cayoosh Creek No. I,1886-1908
many_agencies,band_c00228,British Columbia,WILLIAM'S LAKE Agency|WILLIAMS LAKE Agency|WILLIAN'S LAKE Ag,Cayoosh Creek,1886-1908
single_year_band,band_c00229,British Columbia,Fort Simpson,Fort Nelson (Slaves),1929
name_variants_clustered,band_c00230,British Columbia,BABINE AND UPPER SKEENA RIVER Agency|BABINE AND UPPER SKYKNA,Hagvvilget Village | Hagwilget Village,1902-1912
name_variants_clustered,band_c00231,British Columbia,FRASER RIVER Agency|Fraser River Agency,Haisting's Saw Mills | Haistings's Saw Mill | Hasting's Saw Mill | Hastings Saw Mills,1886-1900
single_year_band,band_c00233,British Columbia,FRASER RIVER Agency,Kwaw-kwaw-apiet 16,1897
name_variants_clustered,band_c00234,British Columbia,KAMLOOPS Agency|KAMLOOPS-OKANAGAN AGENCY - Con.|KAMLOOPS-OKA,Naaik | Naaik Nicola Group,1892-1901
many_agencies,band_c00234,British Columbia,KAMLOOPS Agency|KAMLOOPS-OKANAGAN AGENCY - Con.|KAMLOOPS-OKA,Naaik,1892-1901
name_variants_clustered,band_c00236,British Columbia,KAMLOOPS - OKANAGAN Agency|KAMLOOPS OKANAGAN Agency|KAMLOOPS,"Similkameen | Similkameen (Upper) | Similkameen, Upper | Similkanieen (Upper)",1896-1929
many_agencies,band_c00236,British Columbia,KAMLOOPS - OKANAGAN Agency|KAMLOOPS OKANAGAN Agency|KAMLOOPS,Similkameen (Upper),1896-1929
single_year_band,band_c00237,British Columbia,Stikine Agency,Teslin (Teslin Lake),1929
name_variants_clustered,band_c00238,British Columbia,KAMLOOPS - OKANAGAN Agency|KAMLOOPS Agency|KAMLOOPS OKANAGAN,Bonapart | Bonaparte | Bonaparte Band | Tluhtans (Bonaparte),1881-1929
many_agencies,band_c00238,British Columbia,KAMLOOPS - OKANAGAN Agency|KAMLOOPS Agency|KAMLOOPS OKANAGAN,Bonaparte,1881-1929
name_variants_clustered,band_c00240,British Columbia,COWICHAN Agency|Cowichan|Cowichan Agency|Cowichan Agency - C,Discovery Island | Discovery Islands,1886-1916
many_agencies,band_c00240,British Columbia,COWICHAN Agency|Cowichan|Cowichan Agency|Cowichan Agency - C,Discovery Island,1886-1916
name_variants_clustered,band_c00241,British Columbia,BABINE AND UPPER SKEENA RIVER Agency|BABINE AND UPPER SKYKNA,"Getamax (Hazelton) | Getammax (Hazelton) | Getanmax (Hazelton) | Getanmax (Hazeltou) | Getanmax, (Hazelton)",1901-1917
many_agencies,band_c00241,British Columbia,BABINE AND UPPER SKEENA RIVER Agency|BABINE AND UPPER SKYKNA,Getanmax (Hazelton),1901-1917
single_year_band,band_c00242,British Columbia,Stikine Agency,Graham Ft. (Nomadic),1929
single_year_band,band_c00243,British Columbia,Babine And Upper Skeena River,Ha-nees (Bear's Lake),1891
name_variants_clustered,band_c00245,British Columbia,Babine|Babine and Upper Skeena River Agency,Getanmax | Hazelton (Getanmax),1910-1929
name_variants_clustered,band_c00246,British Columbia,Aht Nation.,How-chuck-les-aht | How-chuk-les-aht,1881-1882
name_variants_clustered,band_c00247,British Columbia,Bella Coola|Bella Coola Agency,Kitasoo | Kitasoo (China Hat),1911-1929
name_variants_clustered,band_c00248,British Columbia,KWAWKEWLTH Agency|Kwawkewlth|Kwawkewlth Agency|Kwawkewlth Ag,KWAWKEWLTH AGENCY. | Kwaw-kewlth | Kwawkewlth | Kwawkewlth Agency | Kwawkewlth.,1887-1929
many_agencies,band_c00248,British Columbia,KWAWKEWLTH Agency|Kwawkewlth|Kwawkewlth Agency|Kwawkewlth Ag,Kwawkewlth,1887-1929
name_variants_clustered,band_c00249,British Columbia,KAMLOOPS - OKANAGAN Agency|KAMLOOPS-OKANAGAN Agency|Kamloops,"Lower Similkameen | Similkameen (Lower) | Similkameen, Lower | Smilkameen",1881-1924
many_agencies,band_c00249,British Columbia,KAMLOOPS - OKANAGAN Agency|KAMLOOPS-OKANAGAN Agency|Kamloops,Similkameen (Lower),1881-1924
name_variants_clustered,band_c00250,British Columbia,Stuart Lake Agency,Naanees (Two Bands) | Naaneese,1914-1917
name_variants_clustered,band_c00251,British Columbia,Mainland Bands|OKANAGAN Agency,Keremeus | Okanagan (Keremeus),1881-1896
name_variants_clustered,band_c00252,British Columbia,KAMLOOPS - OKANAGAN Agency|KAMLOOPS-OKANAGAN Agency|Kamloops,Oregan Jack Creek | Oregon Jack Creek,1903-1929
many_agencies,band_c00252,British Columbia,KAMLOOPS - OKANAGAN Agency|KAMLOOPS-OKANAGAN Agency|Kamloops,Oregon Jack Creek,1903-1929
single_year_band,band_c00253,British Columbia,Kamloops Agency,Oregon lack Creek,1924
name_variants_clustered,band_c00254,British Columbia,FRASER RIVER AGENCY - Con.|FRASER RIVER Agency|Fkaser Rivsb ,Pemberton | Pemberton Meadows | Pemberton-Meadows,1886-1929
many_agencies,band_c00254,British Columbia,FRASER RIVER AGENCY - Con.|FRASER RIVER Agency|Fkaser Rivsb ,Pemberton Meadows,1886-1929
name_variants_clustered,band_c00258,British Columbia,KOOTENAY Agency|KOOTEXAT Agency|Kootenay|Kootenay Agency,"Kootenay St. Mary's | St. Mary | St. Mary's | St. Mary's, (Kootenays) | St. Mary. | St. Marys | St.Mary's",1887-1929
many_agencies,band_c00258,British Columbia,KOOTENAY Agency|KOOTEXAT Agency|Kootenay|Kootenay Agency,St. Mary's,1887-1929
name_variants_clustered,band_c00259,British Columbia,KWAWKEWLTH Agency|Kwawkewlth Agency,Toa-waw-ti-e-neuh | Tsa-waw-ti-e-neuk,1896-1899
single_year_band,band_c00261,British Columbia,Northwest coast Agency,Tsiiupbean Nation,1902
single_year_band,band_c00262,British Columbia,Okanagan Agency,Upper Similkameen,1914
name_variants_clustered,band_c00263,British Columbia,FRASER RIVER Agency|Fraser River Agency,Wadington Harbor | Wadington Harbour,1886-1893
name_variants_clustered,band_c00264,British Columbia,BABINE AND UPPER SKEENA RIVER Agency|Babine and Upper Skeena,Yu-Kutcé (Portage) | Yu-cutoce (Portage),1893-1895
single_year_band,band_c00265,British Columbia,Stikine Agency,Atlin (Atlin Lake),1929
name_variants_clustered,band_c00268,British Columbia,COWICHAN Agency|Cowichan Agency,Clem-clem-a-lats | Clem-clem-a-luts,1895-1900
name_variants_clustered,band_c00269,British Columbia,KAMLOOPS - OKANAGAN Agency|KAMLOOPS-OKANAGAN AGENCY. - Con.|,Cold Water | Cold Water (Lower) | Cold Water Tower | Coldwater | Coldwater Band,1903-1929
many_agencies,band_c00269,British Columbia,KAMLOOPS - OKANAGAN Agency|KAMLOOPS-OKANAGAN AGENCY. - Con.|,Coldwater,1903-1929
name_variants_clustered,band_c00270,British Columbia,WEST COAST Agency|West Coast Agency,Hochuk-lis-aht | Howchuk-lis-aht | Howchuk-list-aht,1886-1900
name_variants_clustered,band_c00271,British Columbia,KAMLOOPS OKANAGAN Agency|KWAKEWELTH Agency|KWAWKEWLTH Agency,Mah-Malillikulla | Mahmalillikulla | Mamalilikulla | Mamalillikulla | Mamilillikulla | Namalillikulla,1901-1929
many_agencies,band_c00271,British Columbia,KAMLOOPS OKANAGAN Agency|KWAKEWELTH Agency|KWAWKEWLTH Agency,Mamalillikulla,1901-1929
name_variants_clustered,band_c00272,British Columbia,FRASER RIVER AGENCY - Con.|FRASER RIVER Agency|Fkaser Rivsb ,New Westminister | New Westminster,1886-1929
many_agencies,band_c00272,British Columbia,FRASER RIVER AGENCY - Con.|FRASER RIVER Agency|Fkaser Rivsb ,New Westminster,1886-1929
single_year_band,band_c00275,British Columbia,WILLIAM'S LAKE Agency,Seaton Lake No. 2,1895
single_year_band,band_c00276,British Columbia,WILLIAM'S LAKE Agency,Seaton Lake No. 5,1895
name_variants_clustered,band_c00277,British Columbia,KAMLOOPS - OKANAGAN Agency|KAMLOOPS Agency|KAMLOOPS-OKANAGAN,Siska | Siska Flat | Siska Flat (Cisco),1881-1914
many_agencies,band_c00277,British Columbia,KAMLOOPS - OKANAGAN Agency|KAMLOOPS Agency|KAMLOOPS-OKANAGAN,Siska,1881-1914
name_variants_clustered,band_c00278,British Columbia,COWICHAN Agency|Cowichan|Cowichan Agency|Cowichan Agency - C,Snonowas | Snonowas (Namoose) | Snonowas (Nanoose) | Sonowas (Nanoose),1901-1929
many_agencies,band_c00278,British Columbia,COWICHAN Agency|Cowichan|Cowichan Agency|Cowichan Agency - C,Snonowas,1901-1929
name_variants_clustered,band_c00279,British Columbia,FRASER RIVER AGENCY - Con.|FRASER RIVER Agency|Fraser River ,Sumas | Sumas Lakahahmen | Sumass,1895-1929
many_agencies,band_c00279,British Columbia,FRASER RIVER AGENCY - Con.|FRASER RIVER Agency|Fraser River ,Sumass,1895-1929
name_variants_clustered,band_c00280,British Columbia,KWAWKEWLTH Agency,Tsa-waw-tie-neuk | Tsawawtieneuk,1900-1901
name_variants_clustered,band_c00281,British Columbia,FRASER RIVER AGENCY - Con.|FRASER RIVER Agency,Tu-kwea-kwi-oose | Yu-kwea-kwi-oose,1895-1899
name_variants_clustered,band_c00282,British Columbia,FRASER RIVER AGENCY - Con.|FRASER RIVER Agency|Fraser River ,Yakweakwioose | Yuk-kweakwi-oose | Yukkweakwioose,1900-1929
many_agencies,band_c00282,British Columbia,FRASER RIVER AGENCY - Con.|FRASER RIVER Agency|Fraser River ,Yakweakwioose,1900-1929
name_variants_clustered,band_c00283,British Columbia,KWAWKEWLTH Agency|Kwawkewlth Agency,Ah-knaw-ah-mish | Ah-know-ah-mish,1886-1893
single_year_band,band_c00284,British Columbia,NORTHWEST COAST Agency,Bella Oweekayno,1903
name_variants_clustered,band_c00285,British Columbia,BABINE AND UPPER SKEENA RIVER Agency|Babine and Upper Skeena,Cheslatta Lake | Chislatta Lake | Chlislatta Lake,1908-1915
single_year_band,band_c00287,British Columbia,COWICHAN Agency,Cowichan Lake 1,1907
single_year_band,band_c00288,British Columbia,,Cowichan Nation:-,1881
name_variants_clustered,band_c00289,British Columbia,WEST COAST Agency|West Coast Agency,Einlh-wilh-laht | Emlh-wilh-laht,1886-1893
name_variants_clustered,band_c00290,British Columbia,Lytton Agency|WILLIAM'S LAKE Agency|WILLIAMS LAKE Agency|WIL,Fountain | Fountain Bridge,1886-1929
many_agencies,band_c00290,British Columbia,Lytton Agency|WILLIAM'S LAKE Agency|WILLIAMS LAKE Agency|WIL,Fountain,1886-1929
single_year_band,band_c00291,British Columbia,COWICHAN Agency,"Gabriola, Island",1887
single_year_band,band_c00292,British Columbia,Babine And Upper Skeena River,Ha-anees (Stuart's),1891
single_year_band,band_c00293,British Columbia,WEST COAST Agency,Honchuk-lis-aht,1895
name_variants_clustered,band_c00294,British Columbia,NORTH-WEST COAST AGENCY - Concluded.|NORTH-WEST COAST Agency,Kitchein-kallem | Kitchem-kalem,1889-1893
many_agencies,band_c00294,British Columbia,NORTH-WEST COAST AGENCY - Concluded.|NORTH-WEST COAST Agency,Kitchem-kalem,1889-1893
single_year_band,band_c00295,British Columbia,Babine and Upper Skeena River Agency,Kits-se-quec-la,1893
name_variants_clustered,band_c00296,British Columbia,FRASER RIVER Agency|Fkaser Rivsb Age.Vct.|Fraser River Agenc,Kwaw-kwaw Apilt | Kwaw-kwaw-Apilt | Kwaw-kwaw-apilt | Kwawkwawapil | Kwawkwawapilt,1901-1929
many_agencies,band_c00296,British Columbia,FRASER RIVER Agency|Fkaser Rivsb Age.Vct.|Fraser River Agenc,Kwawkwawapilt,1901-1929
name_variants_clustered,band_c00297,British Columbia,FRASER RIVER Agency,Kwaw-kwan-piet | Kwaw-kwaw-apiet,1895-1899
single_year_band,band_c00299,British Columbia,FRASER RIVER Agency,"Mission, (St. Mary's)",1897
name_variants_clustered,band_c00300,British Columbia,Williams Lake|Williams Lake Agency,Nehmaiah Valley | Nemiah Valley,1910-1929
name_variants_clustered,band_c00302,British Columbia,BABINE AND UPPER SKEENA RIVER Agency|BABINE AND UPPER SKYKNA,Old Fort Babine | Old Fort Babine. | Port Babine,1890-1917
many_agencies,band_c00302,British Columbia,BABINE AND UPPER SKEENA RIVER Agency|BABINE AND UPPER SKYKNA,Old Fort Babine,1890-1917
single_year_band,band_c00303,British Columbia,FRASER RIVER Agency,Sej'iuour Creek,1902
single_year_band,band_c00304,British Columbia,KOOTENAY Agency,St. Mary's Tobacco,1896
name_variants_clustered,band_c00305,British Columbia,KAMLOOPS - OKANAGAN Agency|KAMLOOPS Agency|KAMLOOPS OKANAGAN,Aashcroft | Ashcroft | Ashcroft Band | Stlahl (Ashcroft),1895-1929
many_agencies,band_c00305,British Columbia,KAMLOOPS - OKANAGAN Agency|KAMLOOPS Agency|KAMLOOPS OKANAGAN,Ashcroft,1895-1929
name_variants_clustered,band_c00307,British Columbia,FRASER RIVER Agency|Fraser River Agency|Mainland Bands.|WILL,Canoe Creek | Capitano Creek | Capitano Creek.,1881-1929
many_agencies,band_c00307,British Columbia,FRASER RIVER Agency|Fraser River Agency|Mainland Bands.|WILL,Canoe Creek,1881-1929
name_variants_clustered,band_c00308,British Columbia,WEST COAST Agency|West Coast Agency,Chaic-cles-aht | Chaicclesaht,1886-1914
name_variants_clustered,band_c00309,British Columbia,KAMLOOPS-OKANAGAN Agency|OKANAGAN Agency|OKANAGON Agency|Oka,Chu-chu-nay-ha | Chu-chu-way-ha,1886-1900
many_agencies,band_c00309,British Columbia,KAMLOOPS-OKANAGAN Agency|OKANAGAN Agency|OKANAGON Agency|Oka,Chu-chu-way-ha,1886-1900
name_variants_clustered,band_c00310,British Columbia,COWICHAN Agency|Cowichan Agency,Clem-clamalats | Clem-clemalats,1886-1893
single_year_band,band_c00311,British Columbia,COWICHAN Agency,Discovery Lake,1903
many_agencies,band_c00312,British Columbia,COWICHAN Agency|Cowichan|Cowichan Agency|Cowichan Agency - C,Galiano Island,1886-1916
name_variants_clustered,band_c00314,British Columbia,FRASER RIVER AGENCY - Con.|FRASER RIVER Agency|Fkaser Rivsb ,Hamilton Creek | Ohamil,1895-1929
many_agencies,band_c00314,British Columbia,FRASER RIVER AGENCY - Con.|FRASER RIVER Agency|Fkaser Rivsb ,Ohamil,1895-1929
name_variants_clustered,band_c00316,British Columbia,(t)Northwest Coast|NORTH-WEST COAST AGENCY - Concluded.|NORT,Kit-lach-damax | Kitlacdamax | Kitlach-damak | Kitlach-damax | Kitlachdamax | Kitlax,1889-1910
many_agencies,band_c00316,British Columbia,(t)Northwest Coast|NORTH-WEST COAST AGENCY - Concluded.|NORT,Kitlacdamax,1889-1910
single_year_band,band_c00317,British Columbia,(t)Northwest Coast,Kitwillucshilt,1910
name_variants_clustered,band_c00319,British Columbia,NORTH-WEST COAST Agency|NORTHWEST COAST Agency|North-West Co,Kitwintshilth | Kitwintwshilth | Kiwintshilth,1895-1909
many_agencies,band_c00319,British Columbia,NORTH-WEST COAST Agency|NORTHWEST COAST Agency|North-West Co,Kitwintshilth,1895-1909
name_variants_clustered,band_c00322,British Columbia,KAMLOOPS - OKANAGAN Agency|KAMLOOPS-OKANAGAN Agency|Kamloops,Nkamip (Osoyoos) | Osoyoos,1881-1929
many_agencies,band_c00322,British Columbia,KAMLOOPS - OKANAGAN Agency|KAMLOOPS-OKANAGAN Agency|Kamloops,Osoyoos,1881-1929
name_variants_clustered,band_c00323,British Columbia,WEST COAST Agency|West Coast Agency,Nooch-aht-aht | Nooch-ahtl-aht | Nooch-alh-laht | Nooch-alh-laht.,1886-1900
single_year_band,band_c00324,British Columbia,KAMLOOPS OKANAGAN Agency,^ ortli Thompson,1902
name_variants_clustered,band_c00325,British Columbia,KAMLOOPS-OKANAGAN AGENCY - Con.|OKANAGAN Agency|OKANAGON Age,Quin-sha-a-tin | Quin-shaatin,1886-1901
many_agencies,band_c00325,British Columbia,KAMLOOPS-OKANAGAN AGENCY - Con.|OKANAGAN Agency|OKANAGON Age,Quin-sha-a-tin,1886-1901
name_variants_clustered,band_c00327,British Columbia,KAMLOOPS-OKANAGAN AGENCY - Con.|KAMLOOPS-OKANAGAN Agency|Kam,Shennoquankin | Shennoskuankin,1892-1901
many_agencies,band_c00327,British Columbia,KAMLOOPS-OKANAGAN AGENCY - Con.|KAMLOOPS-OKANAGAN Agency|Kam,Shennoskuankin,1892-1901
name_variants_clustered,band_c00328,British Columbia,COWICHAN Agency|Cowichan Agency|OKANAGAN Agency|OKANAGON Age,Hel-lal | Spal-lam-cheen,1886-1893
many_agencies,band_c00328,British Columbia,COWICHAN Agency|Cowichan Agency|OKANAGAN Agency|OKANAGON Age,Spal-lam-cheen,1886-1893
single_year_band,band_c00329,British Columbia,KOOTENAY Agency,Upper Kootenay -,1901
name_variants_clustered,band_c00330,British Columbia,FRASER RIVER Agency|Nass Agency|New Westminister Agency|New ,Yukkweakwiosse | Yukkwekwioose,1901-1924
many_agencies,band_c00330,British Columbia,FRASER RIVER Agency|Nass Agency|New Westminister Agency|New ,Yukkwekwioose,1901-1924
single_year_band,band_c00331,British Columbia,FRASER RIVER Agency,Yukkweakwiou>e,1902
many_agencies,band_c00332,British Columbia,Lytton Agency|WILLIAM'S LAKE Agency|WILLIAMS LAKE Agency|WIL,Anderson Lake,1886-1929
name_variants_clustered,band_c00333,British Columbia,KAMLOOPS Agency|Kamloops Agency|Kamloops-Okanagan Agency,Chomok | Chomok-Spayam,1886-1898
single_year_band,band_c00334,British Columbia,Kamloops-Okanagan Agency,Chuchu-way-ha,1898
name_variants_clustered,band_c00335,British Columbia,COWICHAN Agency|Cowichan|Cowichan Agency,Clemclemalets | Clemclemaluts,1901-1929
name_variants_clustered,band_c00337,British Columbia,COWICHAN Agency|Cowichan|Cowichan Agency|Cowichan Agency - C,Cowichan Lake | Cowichan-Lake,1891-1917
many_agencies,band_c00337,British Columbia,COWICHAN Agency|Cowichan|Cowichan Agency|Cowichan Agency - C,Cowichan Lake,1891-1917
single_year_band,band_c00338,British Columbia,KAMLOOPS OKANAGAN Agency,Deadman's CrP6k,1902
name_variants_clustered,band_c00339,British Columbia,WEST COAST Agency,Ewl-bwieh-aht | Ewlbwiehaht,1900-1901
name_variants_clustered,band_c00340,British Columbia,WEST COAST Agency,Ewl-hwil-aht | Ewl-hwilh-aht,1895-1899
single_year_band,band_c00341,British Columbia,Stuart Lake Agency,Fort Connelly,1917
single_year_band,band_c00343,British Columbia,NORTHWEST COAST Agency,Haid.1 Nation,1902
single_year_band,band_c00344,British Columbia,KAMLOOPS-OKANAGAN Agency,Hlu-hlu-katan,1899
name_variants_clustered,band_c00346,British Columbia,WEST COAST Agency|West Coast Agency,Howchucklisit | Howchuklisat,1901-1924
single_year_band,band_c00348,British Columbia,Lytton Agency,Kayoose Creek,1914
single_year_band,band_c00349,British Columbia,NORTH-WEST COAST Agency,Kitwentshilth,1899
name_variants_clustered,band_c00350,British Columbia,Kamloops-Okanagan Agency|WEST COAST Agency|West Coast,Klickunacheen | Pacheena | Pacheenat,1898-1929
single_year_band,band_c00351,British Columbia,FRASER RIVER Agency,Kwa-kwa-apilt,1900
single_year_band,band_c00352,British Columbia,Babine and Upper Skeena River Agency,Lach-Kalt-sap,1893
single_year_band,band_c00353,British Columbia,KWAWKEWLTH Agency,Liew-kwil-tah,1896
name_variants_clustered,band_c00354,British Columbia,WILLIAM'S LAKE Agency|WILLIAMS LAKE AGENCY - Con.|WILLIAMS L,"Lilloet, No. 1 | Lillooet No. 1 | Lillooet, No. 1",1895-1912
many_agencies,band_c00354,British Columbia,WILLIAM'S LAKE Agency|WILLIAMS LAKE AGENCY - Con.|WILLIAMS L,Lillooet No. 1,1895-1912
name_variants_clustered,band_c00355,British Columbia,WEST COAST Agency|West Coast Agency,Match-itl-aht | Matchitlaht,1886-1903
single_year_band,band_c00356,British Columbia,KAMLOOPS Agency,Nicomen Group,1896
single_year_band,band_c00358,British Columbia,Northwest coast Agency,Port Sinipsou.,1902
name_variants_clustered,band_c00359,British Columbia,FRASER RIVER AGENCY - Con.|FRASER RIVER Agency|Fraser River ,Seymour Creek | Seymour Creek. | Seymour reek,1881-1917
many_agencies,band_c00359,British Columbia,FRASER RIVER AGENCY - Con.|FRASER RIVER Agency|Fraser River ,Seymour Creek,1881-1917
name_variants_clustered,band_c00360,British Columbia,KAMLOOPS-OKANAGAN Agency,Sh-ha-ha-nik | Sh-sha-ha-nih,1899-1900
name_variants_clustered,band_c00361,British Columbia,FRASER RIVER AGENCY - Con.|FRASER RIVER Agency,Skaw-ah-looks | Skawah-looks,1895-1900
name_variants_clustered,band_c00362,British Columbia,FRASER RIVER AGENCY - Con.|FRASER RIVER Agency|Fraser River ,Skookum Chuck | Skookumchuck,1895-1929
many_agencies,band_c00362,British Columbia,FRASER RIVER AGENCY - Con.|FRASER RIVER Agency|Fraser River ,Skookum Chuck,1895-1929
name_variants_clustered,band_c00363,British Columbia,KAMLOOPS - OKANAGAN Agency|KAMLOOPS Agency|KAMLOOPS OKANAGAN,Spallumcheen | Spallumecheen,1896-1929
many_agencies,band_c00363,British Columbia,KAMLOOPS - OKANAGAN Agency|KAMLOOPS Agency|KAMLOOPS OKANAGAN,Spallumcheen,1896-1929
name_variants_clustered,band_c00364,British Columbia,KAMLOOPS Agency|KAMLOOPS-OKANAGAN Agency|Kamloops Agency|Kam,Stryne | Stryne-Nqakin | Strynne,1886-1901
many_agencies,band_c00364,British Columbia,KAMLOOPS Agency|KAMLOOPS-OKANAGAN Agency|Kamloops Agency|Kam,Strynne,1886-1901
name_variants_clustered,band_c00366,British Columbia,KAMLOOPS OKANAGAN Agency|KWAKEWELTH Agency|KWAWKEWLTH Agency,Tsawantieneuk | Tsawantieueuk,1902-1904
many_agencies,band_c00366,British Columbia,KAMLOOPS OKANAGAN Agency|KWAKEWELTH Agency|KWAWKEWLTH Agency,Tsawantieueuk,1902-1904
name_variants_clustered,band_c00367,British Columbia,KWAWKEWLTH Agency|Kwawkewlth Agency,Wi-wai-ai-kai | Wi-wai-ai-kum,1896-1900
single_year_band,band_c00369,British Columbia,New Westminster Agency,Yakweakiwoose,1913
single_year_band,band_c00370,British Columbia,Williams Lake,Alexis Creek,1929
name_variants_clustered,band_c00371,British Columbia,WILLIAM'S LAKE Agency|WILLIAN'S LAKE Agency|William's Lake A,Anahim | Anahim's Tribe,1886-1893
single_year_band,band_c00372,British Columbia,NORTH-WEST COAST Agency,Aup-wul-gett,1889
many_agencies,band_c00373,British Columbia,Lytton Agency|WILLIAM'S LAKE Agency|WILLIAMS LAKE Agency|WIL,Bridge River,1886-1929
single_year_band,band_c00377,British Columbia,KAMLOOPS Agency,Chukehuqualk,1889
single_year_band,band_c00378,British Columbia,Cowichan Agency,Clemclemalut,1917
name_variants_clustered,band_c00380,British Columbia,WEST COAST Agency|West Coast Agency,Ehat-is-aht | Ehatt-is-aht,1886-1900
name_variants_clustered,band_c00381,British Columbia,(t)Northwest Coast|NORTH-WEST COAST Agency|NORTHWEST COAST A,Fort Simpson | Port Simpson,1889-1929
many_agencies,band_c00381,British Columbia,(t)Northwest Coast|NORTH-WEST COAST Agency|NORTHWEST COAST A,Port Simpson,1889-1929
many_agencies,band_c00382,British Columbia,BABINE AND UPPER SKEENA RIVER Agency|BABINE AND UPPER SKYKNA,Grand Rapids,1890-1929
name_variants_clustered,band_c00383,British Columbia,COWICHAN Agency|Cowichan Agency,Batch Point | Haitch Point | Hatch Point,1886-1896
name_variants_clustered,band_c00384,British Columbia,BABINE AND UPPER SKEENA RIVER Agency,Ho-quel-get | Hol-quel-get,1895-1899
name_variants_clustered,band_c00385,British Columbia,WEST COAST Agency|West Coast Agency,Hosh-que-aht | Rosh-que-aht,1886-1893
name_variants_clustered,band_c00386,British Columbia,WILLIAM'S LAKE Agency|WILLIAMS LAKE AGENCY - Con.|WILLIAMS L,Canim Lake | Kaninim Lake | Kenim Lake,1889-1929
many_agencies,band_c00386,British Columbia,WILLIAM'S LAKE Agency|WILLIAMS LAKE AGENCY - Con.|WILLIAMS L,Kenim Lake,1889-1929
name_variants_clustered,band_c00387,British Columbia,COWICHAN Agency|Cowichan Agency,Kee-nip-saim | Kee-nip-sim,1886-1893
name_variants_clustered,band_c00388,British Columbia,WEST COAST Agency|West Coast Agency,Kel-seem-aht | Kel-sem-aht,1886-1900
name_variants_clustered,band_c00389,British Columbia,BABINE AND UPPER SKEENA RIVER Agency|BADINE AND UPPER SKEENA,Kis-ge-gas | Kiss-ge-gaas,1890-1900
name_variants_clustered,band_c00390,British Columbia,BABINE AND UPPER SKEENA RIVER Agency|BADINE AND UPPER SKEENA,Kit-wan Cool | Kit-wan-cool,1890-1900
many_agencies,band_c00390,British Columbia,BABINE AND UPPER SKEENA RIVER Agency|BADINE AND UPPER SKEENA,Kit-wan-cool,1890-1900
single_year_band,band_c00392,British Columbia,BABINE AND UPPER SKEENA RIVER Agency,Kits-ge-goos,1895
name_variants_clustered,band_c00393,British Columbia,KWAWKEWLTH Agency|Kwawkewlth Agency,Kla-wit-sis | Klah-wit-sis,1886-1900
single_year_band,band_c00394,British Columbia,KWAWKEWLTH Agency,Kwa-A-kewlth,1891
name_variants_clustered,band_c00396,British Columbia,KWAWKEWLTH Agency|Kwawkewlth Agency,Kwaw-she-la | Kwaw-she-lah | Kwaw-shela,1886-1900
name_variants_clustered,band_c00397,British Columbia,Cowichan Nation:,Li-icks-sun | Lic-icks-sun,1881-1882
name_variants_clustered,band_c00398,British Columbia,WEST COAST Agency|West Coast,Atchitlacht | M'atchitlaht | Matchitlacht,1902-1929
single_year_band,band_c00399,British Columbia,KWAWKEWLTH Agency,M-Wai-ai-kai,1896
single_year_band,band_c00400,British Columbia,Kwawkewlth Agency,Mah-tee-cetp,1886
many_agencies,band_c00402,British Columbia,COWICHAN Agency|Cowichan|Cowichan Agency|Cowichan Agency - C,Mayne Island,1886-1917
name_variants_clustered,band_c00404,British Columbia,WEST COAST Agency|West Coast Agency,Moochatlaht | Noochahtlaht | Noochatlaht,1901-1924
many_agencies,band_c00405,British Columbia,NORTH-WEST COAST AGENCY - Concluded.|NORTH-WEST COAST Agency,O-wee-kay-no,1890-1893
name_variants_clustered,band_c00406,British Columbia,WEST COAST Agency|West Coast Agency,Opitc hesaht | Opitchesaht,1901-1913
name_variants_clustered,band_c00408,British Columbia,COWICHAN Agency|Cowichan Agency|Cowichan Nation:,Pa-nel-a-kut | Penel-a-kut | Penel-a-kuts,1881-1898
name_variants_clustered,band_c00409,British Columbia,COWICHAN Agency|Cowichan Agency,Pan-que-chin | Panque-chin | Pauque-chin,1886-1900
name_variants_clustered,band_c00412,British Columbia,KAMLOOPS Agency|KAMLOOPS-OKANAGAN Agency|Kamloops-Okanagan A,Quins-haatin | Quinshaatin,1895-1900
single_year_band,band_c00414,British Columbia,Williams Lake Agkuct.,Schloss No. 5,1902
name_variants_clustered,band_c00415,British Columbia,FRASER RIVER Agency|Fraser River Agency,Skukem Chuck | Skukum Chuck,1886-1892
single_year_band,band_c00416,British Columbia,FRASER RIVER Agency,Skukum-Chuck,1893
name_variants_clustered,band_c00417,British Columbia,FRASER RIVER AGENCY - Con.|FRASER RIVER Agency|Fraser River ,Skawahlook | Skwawahlooks,1901-1914
many_agencies,band_c00417,British Columbia,FRASER RIVER AGENCY - Con.|FRASER RIVER Agency|Fraser River ,Skawahlook,1901-1914
name_variants_clustered,band_c00419,British Columbia,WILLIAM'S LAKE Agency|WILLIAMS LAKE AGENCY - Con.|WILLIAMS L,Toosey | Toosey's Tribe,1886-1929
many_agencies,band_c00419,British Columbia,WILLIAM'S LAKE Agency|WILLIAMS LAKE AGENCY - Con.|WILLIAMS L,Toosey,1886-1929
name_variants_clustered,band_c00421,British Columbia,Kwawkewlth Agency|Kwawkewlth Agency - Con.,Tsawataineuk | Wawataineuk,1910-1917
name_variants_clustered,band_c00422,British Columbia,FRASER RIVER AGENCY - Con.|FRASER RIVER Agency,Tsoo-wah lie | Tsoo-wah-lie,1895-1900
name_variants_clustered,band_c00424,British Columbia,WILLIAM'S LAKE Agency|WILLIAMS LAKE Agency|WILLIAN'S LAKE Ag,Alkali | Alkali Lake,1886-1929
many_agencies,band_c00424,British Columbia,WILLIAM'S LAKE Agency|WILLIAMS LAKE Agency|WILLIAN'S LAKE Ag,Alkali Lake,1886-1929
single_year_band,band_c00426,British Columbia,KAMLOOPS-OKANAGAN AGENCY - Con.,Chuchunayha,1901
name_variants_clustered,band_c00429,British Columbia,WEST COAST Agency|West Coast Agency,Clao-qu-aht | To-qu-aht,1886-1900
single_year_band,band_c00430,British Columbia,Kamloops - Okanagan Agency,Co'd Weater,1910
name_variants_clustered,band_c00436,British Columbia,FRASER RIVER Agency|Fkaser Rivsb Age.Vct.|Fraser River Agenc,False Creek | False-Creek,1881-1913
many_agencies,band_c00436,British Columbia,FRASER RIVER Agency|Fkaser Rivsb Age.Vct.|Fraser River Agenc,False Creek,1881-1913
name_variants_clustered,band_c00437,British Columbia,Nass Agency,Gitladamiks | Kitladamiks,1916-1917
many_agencies,band_c00439,British Columbia,BABINE AND UPPER SKEENA RIVER Agency|Babine|Babine Agency|Ba,Glen Vowell,1903-1929
name_variants_clustered,band_c00440,British Columbia,WEST COAST Agency|West Coast|West Coast Agency,Hes-qui-aht | Hesquiat,1895-1929
name_variants_clustered,band_c00442,British Columbia,FRASER RIVER Agency|Fkaser Rivsb Age.Vct.|Fraser River Agenc,Hope | Hudson's Hope,1881-1929
many_agencies,band_c00442,British Columbia,FRASER RIVER Agency|Fkaser Rivsb Age.Vct.|Fraser River Agenc,Hope,1881-1929
name_variants_clustered,band_c00443,British Columbia,WEST COAST Agency,Mooachtaht | ilooachtaht,1901-1903
name_variants_clustered,band_c00444,British Columbia,FRASER RIVER Agency|KAMLOOPS Agency|KAMLOOPS-OKANAGAN Agency,Kapatsitsan | Katsie,1886-1901
many_agencies,band_c00444,British Columbia,FRASER RIVER Agency|KAMLOOPS Agency|KAMLOOPS-OKANAGAN Agency,Kapatsitsan,1886-1901
single_year_band,band_c00446,British Columbia,KWAWKEWLTH Agency,Kea-wit-sis,1896
name_variants_clustered,band_c00448,British Columbia,COWICHAN Agency|Cowichan Agency,Kil-pan-hus | Kil-pan-lus,1886-1900
single_year_band,band_c00449,British Columbia,William's Lake Agency,Kioch's Tribe,1886
name_variants_clustered,band_c00450,British Columbia,BABINE AND UPPER SKEENA RIVER Agency|Babine and Upper Skeena,Kit-wan-gah | Kit-wan-gar,1893-1900
name_variants_clustered,band_c00451,British Columbia,BABINE AND UPPER SKEENA RIVER Agency|BADINE AND UPPER SKEENA,Kits-piouse | Kits-pioux | Kits-piox,1890-1898
single_year_band,band_c00452,British Columbia,Babine and Upper Skeena River Agency,Kits-pyonks,1893
single_year_band,band_c00453,British Columbia,COAST Agency,Kitsumkatum,1900
name_variants_clustered,band_c00458,British Columbia,Kamloops-Okanagan Agency|OKANAGAN Agency|Okanagan Agency,Kuinskanaht | Quinskanaht,1892-1898
single_year_band,band_c00459,British Columbia,Kwawkewlth Agency,Kwaw-kewlch,1886
name_variants_clustered,band_c00460,British Columbia,Cowichan Nation:,Kwa-le-cum | Kwaw-le-cum,1881-1882
name_variants_clustered,band_c00461,British Columbia,KWAWKEWLTH Agency|Kwawkewlth Agency,Kwawt-se-no | Kwawt-sp-no,1886-1893
single_year_band,band_c00462,British Columbia,NORTH-WEST COAST Agency,Lach-als-ap,1895
name_variants_clustered,band_c00463,British Columbia,COWICHAN Agency|Cowichan Agency,LI-mal-ches | Ll-mal-che | Ll-mal-ches,1886-1899
name_variants_clustered,band_c00464,British Columbia,West Coast Agency,Matchilacht | Matchilaht,1909-1924
name_variants_clustered,band_c00465,British Columbia,BABINE AND UPPER SKEENA RIVER Agency|BADINE AND UPPER SKEENA,McGood's | McGood's Lake,1890-1892
name_variants_clustered,band_c00466,British Columbia,(t)Northwest Coast|NORTH-WEST COAST AGENCY - Concluded.|NORT,Metlakahtla | Metlakatla,1890-1929
many_agencies,band_c00466,British Columbia,(t)Northwest Coast|NORTH-WEST COAST AGENCY - Concluded.|NORT,Metlakatla,1890-1929
name_variants_clustered,band_c00467,British Columbia,WEST COAST Agency|West Coast|West Coast Agency,Moachaht | Moachat | Mooach-aht | Mooacht-aht,1886-1929
name_variants_clustered,band_c00469,British Columbia,KAMLOOPS - OKANAGAN Agency|KAMLOOPS-OKANAGAN Agency|Kamloops,Neskainlith | Neskainlth,1903-1929
many_agencies,band_c00469,British Columbia,KAMLOOPS - OKANAGAN Agency|KAMLOOPS-OKANAGAN Agency|Kamloops,Neskainlith,1903-1929
name_variants_clustered,band_c00471,British Columbia,West Coast|West Coast Agency,Opetchisaht | Opitchisaht,1914-1929
name_variants_clustered,band_c00472,British Columbia,WEST COAST Agency|West Coast Agency,Pacheen-aht | Pacheenaht | Pachenaht,1886-1924
single_year_band,band_c00475,British Columbia,OKANAGAN Agency,Pen-tie-ton,1891
name_variants_clustered,band_c00477,British Columbia,BABINE AND UPPER SKEENA RIVER Agency|BADINE AND UPPER SKEENA,Ft. George | Port George,1890-1924
many_agencies,band_c00477,British Columbia,BABINE AND UPPER SKEENA RIVER Agency|BADINE AND UPPER SKEENA,Port George,1890-1924
many_agencies,band_c00478,British Columbia,NORTH-WEST COAST AGENCY - Concluded.|NORTH-WEST COAST Agency,Quish-eilla,1890-1893
name_variants_clustered,band_c00480,British Columbia,FRASER RIVER AGENCY - Con.|FRASER RIVER Agency|Fraser River ,Samah-quani | Samahquam,1900-1929
many_agencies,band_c00480,British Columbia,FRASER RIVER AGENCY - Con.|FRASER RIVER Agency|Fraser River ,Samahquam,1900-1929
single_year_band,band_c00481,British Columbia,FRASER RIVER Agency,Saraahquani,1902
name_variants_clustered,band_c00482,British Columbia,FRASER RIVER AGENCY - Con.|FRASER RIVER Agency,Semi-ah-moo | Semiah-moo,1895-1900
name_variants_clustered,band_c00483,British Columbia,KAMLOOPS Agency|Kamloops-Okanagan Agency,Sh-ha-hanih | Shahahanih,1887-1898
name_variants_clustered,band_c00485,British Columbia,COWICHAN Agency|Cowichan Agency,Sic-ca-meen | Sic-ea-meen,1895-1898
name_variants_clustered,band_c00488,British Columbia,KWAWKEWLTH Agency|Kwawkewlth Agency,Ta-nak-tenk | Ta-wak-tenk,1896-1900
single_year_band,band_c00489,British Columbia,KWAWKEWLTH Agency,Taswantiano,1908
name_variants_clustered,band_c00491,British Columbia,FRASER RIVER AGENCY - Con.|FRASER RIVER Agency,Tche-wassan | Tchewassan,1895-1903
name_variants_clustered,band_c00495,British Columbia,KWAWKEWLTH Agency,Wi-waiaikai | Wi-waiaikum,1901-1901
single_year_band,band_c00495,British Columbia,KWAWKEWLTH Agency,Wi-waiaikum,1901
name_variants_clustered,band_c00497,British Columbia,FRASER RIVER Agency|Fkaser Rivsb Age.Vct.|Fraser River Agenc,Aitchelich | Aitchelitz,1895-1929
many_agencies,band_c00497,British Columbia,FRASER RIVER Agency|Fkaser Rivsb Age.Vct.|Fraser River Agenc,Aitchelitz,1895-1929
name_variants_clustered,band_c00498,British Columbia,WILLIAM'S LAKE Agency|WILLIAMS LAKE Agency|WILLIAN'S LAKE Ag,Alexandra | Alexandria,1886-1929
many_agencies,band_c00498,British Columbia,WILLIAM'S LAKE Agency|WILLIAMS LAKE Agency|WILLIAN'S LAKE Ag,Alexandria,1886-1929
single_year_band,band_c00500,British Columbia,KAMLOOPS OKANAGAN Agency,Bonapa rtc,1902
single_year_band,band_c00504,British Columbia,West Coast Agency,Checkl sit,1910
name_variants_clustered,band_c00507,British Columbia,WEST COAST Agency|West Coast|West Coast Agency,Ehatisaht | Ehatishat | Ehattisaht,1901-1929
single_year_band,band_c00508,British Columbia,Williams Lake Agkuct.,Enias No. 2,1902
name_variants_clustered,band_c00509,British Columbia,COWICHAN Agency|Cowichan|Cowichan Agency|Cowichan Nation:,Esquimalt | Esquimault,1881-1929
many_agencies,band_c00509,British Columbia,COWICHAN Agency|Cowichan|Cowichan Agency|Cowichan Nation:,Esquimalt,1881-1929
single_year_band,band_c00510,British Columbia,Stuart Lake Agency,Ft. Grahame,1924
single_year_band,band_c00512,British Columbia,,Ka-Dip-SUM,1881
single_year_band,band_c00513,British Columbia,Cowichan Nation:,Ka-nip-sum,1882
many_agencies,band_c00514,British Columbia,KAMLOOPS - OKANAGAN Agency|KAMLOOPS OKANAGAN Agency|KAMLOOPS,Kanaka Bar,1902-1929
name_variants_clustered,band_c00517,British Columbia,KWAWKEWLTH Agency|Kwawkewlth Agency,Kew-ah-kah | Kw-ah-kah,1889-1893
single_year_band,band_c00518,British Columbia,Northwest coast Agency,Kini'^cjuit,1902
name_variants_clustered,band_c00519,British Columbia,NORTH-WEST COAST AGENCY - Concluded.|NORTH-WEST COAST Agency,Kinisqitt | Kinisquitt,1890-1893
many_agencies,band_c00519,British Columbia,NORTH-WEST COAST AGENCY - Concluded.|NORTH-WEST COAST Agency,Kinisquitt,1890-1893
single_year_band,band_c00520,British Columbia,BABINE AND UPPER SKEENA RIVER Agency,Kis-ge-kas,1899
single_year_band,band_c00522,British Columbia,BADINE AND UPPER SKEENA RIVER Agency,Kiss-gukla,1890
single_year_band,band_c00524,British Columbia,Babine and Upper Skeena River Agency,Kit-se-las,1893
name_variants_clustered,band_c00525,British Columbia,NORTH-WEST COAST AGENCY - Concluded.|NORTH-WEST COAST Agency,Kitangata | Kitangataa,1889-1903
many_agencies,band_c00525,British Columbia,NORTH-WEST COAST AGENCY - Concluded.|NORTH-WEST COAST Agency,Kitangataa,1889-1903
single_year_band,band_c00526,British Columbia,Babine and Upper Skeena River Agency,Kitsigukla,1915
single_year_band,band_c00527,British Columbia,BABINE AND UPPER SKYKNA RIVER Agency,Kitwancnol,1902
single_year_band,band_c00534,British Columbia,COWICHAN Agency,Li-mal-che,1900
name_variants_clustered,band_c00535,British Columbia,COWICHAN Agency|Cowichan Agency,Ly-ach-sun | Lyach-su | Lyach-sun,1886-1898
single_year_band,band_c00539,British Columbia,Northwest coast Agency,Metlakabla,1902
name_variants_clustered,band_c00540,British Columbia,KWAWKEWLTH Agency|Kwawkewlth Agency,Nah-wah-ta | Nah-wak-ta,1898-1900
single_year_band,band_c00541,British Columbia,KWAWKEWLTH Agency,Nak-wak-ta,1896
name_variants_clustered,band_c00542,British Columbia,Kwawkewlth|Kwawkewlth Agency|Kwawkewlth Agency - Con.,Nakkwockto | Nakwakto,1910-1929
name_variants_clustered,band_c00544,British Columbia,KAMLOOPS Agency|KAMLOOPS-OKANAGAN AGENCY - Con.|KAMLOOPS-OKA,Nkhumcheen | Nkumcheen,1886-1901
many_agencies,band_c00544,British Columbia,KAMLOOPS Agency|KAMLOOPS-OKANAGAN AGENCY - Con.|KAMLOOPS-OKA,Nkumcheen,1886-1901
name_variants_clustered,band_c00546,British Columbia,WEST COAST Agency|West Coast,Nuchatlity | Nuchatlitz,1904-1929
single_year_band,band_c00547,British Columbia,Northwest coast Agency,O wpekavno,1902
single_year_band,band_c00548,British Columbia,Cowichan Agency,Panquachen,1924
single_year_band,band_c00549,British Columbia,Cowichan Agency,Panquachin,1914
single_year_band,band_c00551,British Columbia,William's Lake Agency,Pashilquai,1886
single_year_band,band_c00553,British Columbia,Cowichan Agency,Pauguachin,1917
name_variants_clustered,band_c00556,British Columbia,COWICHAN Agency|Cowichan|Cowichan Agency|Cowichan Agency - C,Qua-michan | Quamichan,1886-1929
many_agencies,band_c00556,British Columbia,COWICHAN Agency|Cowichan|Cowichan Agency|Cowichan Agency - C,Quamichan,1886-1929
single_year_band,band_c00557,British Columbia,,Quackeweth,1881
single_year_band,band_c00558,British Columbia,Cowichan Nation:,Quackewlth,1882
single_year_band,band_c00560,British Columbia,KAMLOOPS-OKANAGAN Agency,Quins-kanh,1900
single_year_band,band_c00562,British Columbia,KAMLOOPS Agency,Quiskanaht,1895
single_year_band,band_c00563,British Columbia,KAMLOOPS Agency,Quiskanakt,1896
name_variants_clustered,band_c00564,British Columbia,KAMLOOPS Agency|Kamloops Agency,Sh hahanih | Shahshanih | Shhahanih,1886-1896
many_agencies,band_c00567,British Columbia,KAMLOOPS Agency|KAMLOOPS-OKANAGAN AGENCY - Con.|KAMLOOPS-OKA,Skichistan,1886-1901
name_variants_clustered,band_c00570,British Columbia,COWICHAN Agency|Cowichan Agency|Cowichan Nation:,Sno-no-wus | Sno-uo-wus,1881-1898
many_agencies,band_c00571,British Columbia,WILLIAM'S LAKE Agency|WILLIAMS LAKE AGENCY - Con.|WILLIAMS L,Soda Creek,1886-1929
name_variants_clustered,band_c00572,British Columbia,KAMLOOPS Agency|KAMLOOPS-OKANAGAN Agency|Kamloops Agency,Kamus | Sook-kamus,1886-1901
single_year_band,band_c00574,British Columbia,Babine and Upper Skeena River Agency,Stella-quo,1893
name_variants_clustered,band_c00578,British Columbia,KAMLOOPS-OKANAGAN Agency|Kamloops Agency|Kamloops-Okanagan A,Suuk | Suuk-kamus,1886-1900
many_agencies,band_c00579,British Columbia,FRASER RIVER AGENCY - Con.|FRASER RIVER Agency|Fraser River ,Texas Lake,1893-1917
name_variants_clustered,band_c00587,British Columbia,FRASER RIVER AGENCY - Con.|FRASER RIVER Agency|Fraser River ,Tsawassen | Tsawwassem | Tsawwassen,1904-1929
many_agencies,band_c00587,British Columbia,FRASER RIVER AGENCY - Con.|FRASER RIVER Agency|Fraser River ,Tsawwassen,1904-1929
name_variants_clustered,band_c00588,British Columbia,FRASER RIVER AGENCY - Con.|FRASER RIVER Agency|Fraser River ,Sooahlie | Soowahlie | Tsoowahlie,1901-1929
many_agencies,band_c00588,British Columbia,FRASER RIVER AGENCY - Con.|FRASER RIVER Agency|Fraser River ,Soowahlie,1901-1929
name_variants_clustered,band_c00589,British Columbia,FRASER RIVER AGENCY - Con.|FRASER RIVER Agency|Fraser River ,Tyeach-ten | Tyeachen | Tyeachten,1895-1913
many_agencies,band_c00589,British Columbia,FRASER RIVER AGENCY - Con.|FRASER RIVER Agency|Fraser River ,Tyeachten,1895-1913
name_variants_clustered,band_c00590,British Columbia,Nass Agency|New Westminister Agency|New Westminster Agency,Tzeachteen | Tzeachten,1911-1929
name_variants_clustered,band_c00592,British Columbia,KAMLOOPS OKANAGAN Agency|KWAKEWELTH Agency|KWAWKEWLTH AGENCY,Wiwaiaikai | Wiwaiaikum | Wiwaikai,1902-1912
many_agencies,band_c00592,British Columbia,KAMLOOPS OKANAGAN Agency|KWAKEWELTH Agency|KWAWKEWLTH AGENCY,Wiwaiaikum,1902-1912
single_year_band,band_c00593,British Columbia,KAMLOOPS OKANAGAN Agency|KWAKEWELTH Agency,Xwawkewlth,1902
name_variants_clustered,band_c00594,British Columbia,WEST COAST Agency|West Coast|West Coast Agency,Ahhousaht | Ahousaht,1886-1929
single_year_band,band_c00596,British Columbia,KWAWKEWLTH Agency,Ahwhamish,1901
single_year_band,band_c00597,British Columbia,KAMLOOPS OKANAGAN Agency,Aslicroft,1902
name_variants_clustered,band_c00598,British Columbia,FRASER RIVER Agency|Fraser River Agency|Mainland Bands,Assylich | Assylitch,1881-1893
single_year_band,band_c00599,British Columbia,FRASER RIVER Agency,Atchelitz,1899
name_variants_clustered,band_c00601,British Columbia,FRASER RIVER Agency|Fkaser Rivsb Age.Vct.|Fraser River Agenc,Cla-hoose | Clahoose,1886-1903
name_variants_clustered,band_c00602,British Columbia,WEST COAST Agency|West Coast|West Coast Agency,Clayoquot | Toquot,1901-1929
name_variants_clustered,band_c00603,British Columbia,COWICHAN Agency|Cowichan|Cowichan Agency,Comea kin | Comeakin,1886-1912
name_variants_clustered,band_c00605,British Columbia,Cowichan|Cowichan Agency,Comeaken | Comeakens,1914-1929
many_agencies,band_c00607,British Columbia,FRASER RIVER Agency|Fkaser Rivsb Age.Vct.|Fraser River Agenc,Coquitlam,1895-1929
single_year_band,band_c00608,British Columbia,WILLIAM'S LAKE Agency,Doe Creek,1888
many_agencies,band_c00609,British Columbia,WILLIAM'S LAKE Agency|WILLIAMS LAKE Agency|WILLIAN'S LAKE Ag,Dog Creek,1886-1924
single_year_band,band_c00611,British Columbia,FRASER RIVER Agency,Eni-Alcom,1891
single_year_band,band_c00612,British Columbia,COWICHAN Agency,Esquimale,1903
name_variants_clustered,band_c00614,British Columbia,New Westminster Agency|WEST COAST Agency|West Coast Agency,Hesquiaht | Hesquiaht. | Squiahts,1902-1913
single_year_band,band_c00615,British Columbia,West Coast Agency,Hesquraht,1910
name_variants_clustered,band_c00617,British Columbia,WEST COAST Agency,Hy-uk-aht | Ky-uk-aht,1895-1898
single_year_band,band_c00620,British Columbia,West Coast,Kelsemart,1929
name_variants_clustered,band_c00622,British Columbia,Cowichan|Cowichan Agency,Khenepsin | Shenepsin,1909-1913
name_variants_clustered,band_c00623,British Columbia,COWICHAN Agency|Cowichan,Khenipsim | Khenipsin,1901-1908
many_agencies,band_c00628,British Columbia,(t)Northwest Coast|NORTH-WEST COAST Agency|NORTHWEST COAST A,Kincolith,1889-1929
many_agencies,band_c00629,British Columbia,(t)Northwest Coast|Bella Coola Agency|COAST Agency|NORTH-WES,Kinisquit,1896-1912
name_variants_clustered,band_c00630,British Columbia,BABINE AND UPPER SKEENA RIVER Agency|Babine|Babine Agency|Ba,Kisgegas | Kishgegas,1901-1929
many_agencies,band_c00630,British Columbia,BABINE AND UPPER SKEENA RIVER Agency|Babine|Babine Agency|Ba,Kisgegas,1901-1929
name_variants_clustered,band_c00631,British Columbia,NORTH-WEST COAST AGENCY - Concluded.|NORTH-WEST COAST Agency,Kitha-ata | Kithaata,1889-1898
many_agencies,band_c00631,British Columbia,NORTH-WEST COAST AGENCY - Concluded.|NORTH-WEST COAST Agency,Kitha-ata,1889-1898
name_variants_clustered,band_c00632,British Columbia,NORTH-WEST COAST AGENCY - Concluded.|NORTH-WEST COAST Agency,Kithatla | Kithkatla,1889-1906
many_agencies,band_c00632,British Columbia,NORTH-WEST COAST AGENCY - Concluded.|NORTH-WEST COAST Agency,Kithatla,1889-1906
name_variants_clustered,band_c00633,British Columbia,COAST Agency|NORTH-WEST COAST AGENCY - Concluded.|NORTH-WEST,Kisalas | Kitsalas | Kitsalass,1890-1905
many_agencies,band_c00633,British Columbia,COAST Agency|NORTH-WEST COAST AGENCY - Concluded.|NORTH-WEST,Kitsalas,1890-1905
name_variants_clustered,band_c00634,British Columbia,(t)Northwest Coast|Bella Coola|Bella Coola Agency|COAST Agen,Kit-lope | Kitlope | Kitt-lope,1890-1929
many_agencies,band_c00634,British Columbia,(t)Northwest Coast|Bella Coola|Bella Coola Agency|COAST Agen,Kitlope,1890-1929
name_variants_clustered,band_c00635,British Columbia,BABINE AND UPPER SKEENA RIVER Agency|Babine|Babine Agency|Ba,Kitwanga | Kitwangar,1901-1929
many_agencies,band_c00635,British Columbia,BABINE AND UPPER SKEENA RIVER Agency|Babine|Babine Agency|Ba,Kitwangar,1901-1929
single_year_band,band_c00636,British Columbia,Fraser River Agency,Klatanars,1886
single_year_band,band_c00639,British Columbia,OKANAGAN Agency,Kuisaatin,1892
name_variants_clustered,band_c00640,British Columbia,COWICHAN Agency|Cowichan Agency,Kul-leets | Lul-leets,1886-1900
name_variants_clustered,band_c00642,British Columbia,KAMLOOPS OKANAGAN Agency|KWAKEWELTH Agency|KWAWKEWLTH Agency,Kwat-sino | Kwatsino | Kwatsino.,1900-1929
many_agencies,band_c00642,British Columbia,KAMLOOPS OKANAGAN Agency|KWAKEWELTH Agency|KWAWKEWLTH Agency,Kwatsino,1900-1929
name_variants_clustered,band_c00643,British Columbia,KWAWKEWLTH Agency|Kwawkewlth|Kwawkewlth Agency,Kwashela | Kwawshela,1901-1929
name_variants_clustered,band_c00645,British Columbia,(t)Northwest Coast|NORTHWEST COAST Agency|Nass Agency|Nass A,Lackalsap | Lakalsap,1901-1917
many_agencies,band_c00645,British Columbia,(t)Northwest Coast|NORTHWEST COAST Agency|Nass Agency|Nass A,Lackalsap,1901-1917
single_year_band,band_c00646,British Columbia,Nass Agency,Lackalzap,1916
single_year_band,band_c00647,British Columbia,Nass Agency,Lakkalzap,1915
name_variants_clustered,band_c00648,British Columbia,COWICHAN Agency|Cowichan|Cowichan Agency|Cowichan Agency - C,Ilmalche | Lilmalche | Llmalche,1901-1916
many_agencies,band_c00648,British Columbia,COWICHAN Agency|Cowichan|Cowichan Agency|Cowichan Agency - C,Llmalche,1901-1916
name_variants_clustered,band_c00649,British Columbia,COWICHAN Agency,Ll-mache | Ll-malche,1895-1896
single_year_band,band_c00651,British Columbia,Nass Agency,Metlakata,1916
name_variants_clustered,band_c00653,British Columbia,WEST COAST Agency|West Coast|West Coast Agency,Nitin-aht | Nitinaht | Nitinat,1895-1929
single_year_band,band_c00655,British Columbia,KAMLOOPS Agency,Nkumeheen,1891
name_variants_clustered,band_c00656,British Columbia,Lytton Agency|WILLIAM'S LAKE Agency|WILLIAMS LAKE AGENCY - C,Pavilion | Pavillion,1886-1929
many_agencies,band_c00656,British Columbia,Lytton Agency|WILLIAM'S LAKE Agency|WILLIAMS LAKE AGENCY - C,Pavilion,1886-1929
many_agencies,band_c00657,British Columbia,COWICHAN Agency|Cowichan|Cowichan Agency|Cowichan Agency - C,Penelakut,1901-1929
single_year_band,band_c00658,British Columbia,NORTH-WEST COAST Agency,Quassella,1895
name_variants_clustered,band_c00659,British Columbia,WILLIAM'S LAKE Agency|WILLIAMS LAKE AGENCY - Con.|WILLIAMS L,Quesnel | Quesnelle,1886-1929
many_agencies,band_c00659,British Columbia,WILLIAM'S LAKE Agency|WILLIAMS LAKE AGENCY - Con.|WILLIAMS L,Quesnel,1886-1929
name_variants_clustered,band_c00660,British Columbia,WILLIAM'S LAKE Agency|WILLIAMS LAKE AGENCY - Con.|WILLIAMS L,Red Stone | Stone | Stones,1887-1929
many_agencies,band_c00660,British Columbia,WILLIAM'S LAKE Agency|WILLIAMS LAKE AGENCY - Con.|WILLIAMS L,Stones,1887-1929
name_variants_clustered,band_c00661,British Columbia,Cowichan Nation:,Sbe-shell | She-shell,1881-1882
single_year_band,band_c00662,British Columbia,New Westminster Agency,Scowahlie,1913
single_year_band,band_c00663,British Columbia,New Westminster Agency,Semahquan,1913
single_year_band,band_c00664,British Columbia,FRASER RIVER Agency|Fkaser Rivsb Age.Vct.,Semiabmoo,1902
many_agencies,band_c00665,British Columbia,FRASER RIVER Agency|Fraser River Agency|Fraser River Agency ,Semiahmoo,1887-1929
single_year_band,band_c00666,British Columbia,KAMLOOPS-OKANAGAN AGENCY - Con.,Shhahanik,1901
name_variants_clustered,band_c00667,British Columbia,COWICHAN Agency|Cowichan|Cowichan Agency|Cowichan Agency - C,Sicameen | Siccameen | Siccamen,1899-1929
many_agencies,band_c00667,British Columbia,COWICHAN Agency|Cowichan|Cowichan Agency|Cowichan Agency - C,Siccameen,1899-1929
many_agencies,band_c00668,British Columbia,(t)Northwest Coast|NORTH-WEST COAST Agency|NORTHWEST COAST A,Skidegate,1895-1929
single_year_band,band_c00669,British Columbia,FRASER RIVER Agency,SkulkajTi,1902
name_variants_clustered,band_c00670,British Columbia,FRASER RIVER AGENCY - Con.|FRASER RIVER Agency|Fraser River ,Skulkayer | Skulkayn | Skulkayu,1895-1929
many_agencies,band_c00670,British Columbia,FRASER RIVER AGENCY - Con.|FRASER RIVER Agency|Fraser River ,Skulkayu,1895-1929
single_year_band,band_c00671,British Columbia,New Westminster Agency,Skullkayn,1917
name_variants_clustered,band_c00672,British Columbia,FRASER RIVER Agency|New Westminster Agency,Sliamon | Slianimon,1902-1913
single_year_band,band_c00673,British Columbia,COWICHAN Agency,Sno-uo-wa,1891
name_variants_clustered,band_c00676,British Columbia,FRASER RIVER Agency|Fraser River Agency|Fraser River Agency ,Sqawtits | Squawtits,1901-1929
many_agencies,band_c00676,British Columbia,FRASER RIVER Agency|Fraser River Agency|Fraser River Agency ,Squawtits,1901-1929
name_variants_clustered,band_c00677,British Columbia,KAMLOOPS Agency|Kamloops Agency,Stahl | Stahl-lch,1886-1891
single_year_band,band_c00678,British Columbia,New Westminster Agency,Swooshlie,1917
name_variants_clustered,band_c00679,British Columbia,KWAWKEWLTH Agency|Kwawkewlth Agency,Tanahtenk | Tenahtenk,1903-1909
single_year_band,band_c00680,British Columbia,Kwawkewlth Agency,Tanakleuk,1915
many_agencies,band_c00681,British Columbia,KWAWKEWLTH Agency|Kwawkewlth|Kwawkewlth Agency|Kwawkewlth Ag,Tanakteuk,1905-1929
name_variants_clustered,band_c00682,British Columbia,KAMLOOPS-OKANAGAN Agency|Kamloops-Okanagan Agency,Taqwayaum | Tqwayaum,1898-1901
single_year_band,band_c00683,British Columbia,KWAWKEWLTH Agency,Tawaktenk,1901
single_year_band,band_c00684,British Columbia,Kamloops Agency,Tlukcheen,1886
name_variants_clustered,band_c00685,British Columbia,COWICHAN Agency|Cowichan Agency,Tsart-ilp | Tsartilp,1886-1901
name_variants_clustered,band_c00686,British Columbia,WEST COAST Agency|West Coast Agency,Seshaht | Tsesh-aht | Tseshaht,1886-1924
single_year_band,band_c00691,British Columbia,WEST COAST Agency,Ahonsaht,1902
name_variants_clustered,band_c00692,British Columbia,(t)Northwest Coast|NORTH-WEST COAST Agency|NORTHWEST COAST A,Aiyanish | Aiyansh,1889-1917
many_agencies,band_c00692,British Columbia,(t)Northwest Coast|NORTH-WEST COAST Agency|NORTHWEST COAST A,Aiyansh,1889-1917
many_agencies,band_c00693,British Columbia,BABINE AND UPPER SKEENA RIVER Agency|Babine|Babine Agency|Ba,Andimaul,1909-1929
name_variants_clustered,band_c00694,British Columbia,FRASER RIVER Agency|Fkaser Rivsb Age.Vct.|Fraser River Agenc,Capilano | Kapilano,1895-1917
many_agencies,band_c00694,British Columbia,FRASER RIVER Agency|Fkaser Rivsb Age.Vct.|Fraser River Agenc,Kapilano,1895-1917
single_year_band,band_c00697,British Columbia,Mainland Bands,Chebales,1882
many_agencies,band_c00700,British Columbia,FRASER RIVER Agency|Fkaser Rivsb Age.Vct.|Fraser River Agenc,Chehalis,1895-1929
name_variants_clustered,band_c00704,British Columbia,FRASER RIVER Agency|Fraser River Agency|Mainland Bands,Ewa-hoos | Ewahoos,1881-1893
name_variants_clustered,band_c00705,British Columbia,FRASER RIVER Agency|Fkaser Rivsb Age.Vct.|Fraser River Agenc,Ewa-woos | Ewawoos,1895-1913
many_agencies,band_c00705,British Columbia,FRASER RIVER Agency|Fkaser Rivsb Age.Vct.|Fraser River Agenc,Ewa-woos,1895-1913
single_year_band,band_c00706,British Columbia,Kwawkewlth Agency,Ewashela,1916
single_year_band,band_c00707,British Columbia,Lytton Agency,Ewawooes,1914
name_variants_clustered,band_c00708,British Columbia,Babine and Upper Skeena River Agency|FRASER RIVER Agency|Fka,Gelangle | Langley,1881-1929
many_agencies,band_c00708,British Columbia,Babine and Upper Skeena River Agency|FRASER RIVER Agency|Fka,Langley,1881-1929
name_variants_clustered,band_c00709,British Columbia,COWICHAN Agency|Cowichan|Cowichan Agency|Cowichan Agency - C,Gualicum | Qualicum,1896-1929
many_agencies,band_c00709,British Columbia,COWICHAN Agency|Cowichan|Cowichan Agency|Cowichan Agency - C,Qualicum,1896-1929
many_agencies,band_c00711,British Columbia,Lytton Agency|WILLIAM'S LAKE Agency|WILLIAMS LAKE Agency|WIL,High Bar,1886-1929
single_year_band,band_c00712,British Columbia,WILLIAMS LAKE Agency,Hill Bar,1900
single_year_band,band_c00713,British Columbia,FRASER RIVER Agency,Hornalko,1908
name_variants_clustered,band_c00715,British Columbia,BABINE AND UPPER SKEENA RIVER Agency|Babine Agency,Kis-piox | Kispiox,1899-1917
single_year_band,band_c00716,British Columbia,BABINE AND UPPER SKEENA RIVER Agency,Kisgegos,1904
single_year_band,band_c00717,British Columbia,Babine,Kishpiox,1929
name_variants_clustered,band_c00718,British Columbia,Bella Coola|Bella Coola Agency|NORTH-WEST COAST Agency|NORTH,Kitimah | Kitimat | Kitimatt,1895-1929
many_agencies,band_c00718,British Columbia,Bella Coola|Bella Coola Agency|NORTH-WEST COAST Agency|NORTH,Kitimat,1895-1929
many_agencies,band_c00719,British Columbia,COAST Agency|NORTH-WEST COAST Agency|NORTHWEST COAST Agency|,Kitkaata,1895-1903
many_agencies,band_c00720,British Columbia,(t)Northwest Coast|Bella Coola Agency|COAST Agency|NORTH-WES,Kitkatla,1895-1929
many_agencies,band_c00721,British Columbia,Babine Agency|Babine and Upper Skeena River Agency|Babine an,Kitselas,1906-1929
many_agencies,band_c00722,British Columbia,FRASER RIVER Agency|Fraser River Agency - Con.|Nass Agency|N,Klahoose,1895-1929
name_variants_clustered,band_c00723,British Columbia,Stuart Lake Agency,Klusklus | Kluskus,1913-1929
name_variants_clustered,band_c00726,British Columbia,COWICHAN Agency|Cowichan|Cowichan Agency,Kulleets | Kulletts,1901-1929
single_year_band,band_c00727,British Columbia,WEST COAST Agency,Kviujuot,1902
name_variants_clustered,band_c00728,British Columbia,KWAWKEWLTH Agency|Kwawkewith Agency|Kwawkewlth|Kwawkewlth Ag,Kwiahkah | Kwiahkah. | Kwiakah,1901-1929
many_agencies,band_c00728,British Columbia,KWAWKEWLTH Agency|Kwawkewith Agency|Kwawkewlth|Kwawkewlth Ag,Kwiahkah,1901-1929
name_variants_clustered,band_c00729,British Columbia,COWICHAN Agency|Cowichan|Cowichan Agency,Malakut | l^alakut,1895-1929
many_agencies,band_c00731,British Columbia,Lytton Agency|WILLIAM'S LAKE Agency|WILLIAN'S LAKE Agency|Wi,Lillooet,1886-1929
single_year_band,band_c00732,British Columbia,COWICHAN Agency,Llmatche,1905
many_agencies,band_c00734,British Columbia,COWICHAN Agency|Cowichan|Cowichan Agency|Cowichan Agency - C,Lyacksum,1901-1912
many_agencies,band_c00735,British Columbia,KAMLOOPS OKANAGAN Agency|KWAKEWELTH Agency|KWAWKEWLTH Agency,Mahtilpi,1901-1903
name_variants_clustered,band_c00737,British Columbia,FRASER RIVER Agency|Fraser River Agency|Mainland Bands.|New ,Misqueam | Misqueam. | Squeam,1881-1924
many_agencies,band_c00737,British Columbia,FRASER RIVER Agency|Fraser River Agency|Mainland Bands.|New ,Misqueam,1881-1924
single_year_band,band_c00738,British Columbia,Fraser River Agency - Con.,Mu-Queam,1910
many_agencies,band_c00739,British Columbia,FRASER RIVER Agency|Fraser River Agency|Nass Agency|New West,Musqueam,1895-1929
single_year_band,band_c00740,British Columbia,FRASER RIVER Agency|Fkaser Rivsb Age.Vct.,Musqueom,1902
name_variants_clustered,band_c00741,British Columbia,KAMLOOPS Agency|KAMLOOPS-OKANAGAN Agency|Kamloops Agency|Kam,N-humeen | Nhumeen | Nhumen,1886-1901
many_agencies,band_c00741,British Columbia,KAMLOOPS Agency|KAMLOOPS-OKANAGAN Agency|Kamloops Agency|Kam,Nhumeen,1886-1901
name_variants_clustered,band_c00743,British Columbia,KAMLOOPS Agency|KAMLOOPS-OKANAGAN AGENCY - Con.|KAMLOOPS-OKA,Nesikee | Nesikeep,1886-1901
many_agencies,band_c00743,British Columbia,KAMLOOPS Agency|KAMLOOPS-OKANAGAN AGENCY - Con.|KAMLOOPS-OKA,Nesikeep,1886-1901
name_variants_clustered,band_c00746,British Columbia,KWAWKEWLTH Agency|Kwawkewlth|Kwawkewlth Agency|Kwawkewlth Ag,Nu-witti | Nuwitti,1896-1929
many_agencies,band_c00746,British Columbia,KWAWKEWLTH Agency|Kwawkewlth|Kwawkewlth Agency|Kwawkewlth Ag,Nuwitti,1896-1929
single_year_band,band_c00749,British Columbia,Babine,Old Fort,1929
single_year_band,band_c00750,British Columbia,Lytton Agency,Pavillon,1917
many_agencies,band_c00752,British Columbia,FRASER RIVER AGENCY - Con.|FRASER RIVER Agency|Fraser River ,Scowlitz,1895-1929
name_variants_clustered,band_c00753,British Columbia,FRASER RIVER AGENCY - Con.|FRASER RIVER Agency|Fkaser Rivsb ,Sechelt | Seechelt,1886-1929
many_agencies,band_c00753,British Columbia,FRASER RIVER AGENCY - Con.|FRASER RIVER Agency|Fkaser Rivsb ,Sechelt,1886-1929
single_year_band,band_c00754,British Columbia,Fraser River Agency,Semaccom,1886
single_year_band,band_c00755,British Columbia,FRASER RIVER Agency,Shulteen,1893
single_year_band,band_c00757,British Columbia,Cowichan Agency,Siocamen,1913
name_variants_clustered,band_c00758,British Columbia,KAMLOOPS Agency|Kamloops Agency,Skuahuak | Skuhuak,1892-1893
single_year_band,band_c00760,British Columbia,FRASER RIVER Agency,Slaimmon,1899
name_variants_clustered,band_c00761,British Columbia,FRASER RIVER AGENCY - Con.|FRASER RIVER Agency|Fraser River ,Sliammon | Sliammon. | Sliamonn,1886-1929
many_agencies,band_c00761,British Columbia,FRASER RIVER AGENCY - Con.|FRASER RIVER Agency|Fraser River ,Sliammon,1886-1929
name_variants_clustered,band_c00762,British Columbia,KAMLOOPS Agency|KAMLOOPS-OKANAGAN Agency|Kamloops Agency,Snahaim | Snakhaim,1886-1900
many_agencies,band_c00764,British Columbia,COWICHAN Agency|Cowichan|Cowichan Agency|Cowichan Agency - C,Songhees,1881-1929
name_variants_clustered,band_c00766,British Columbia,KAMLOOPS Agency|KAMLOOPS-OKANAGAN Agency|Kamloops Agency,Spaptsin | Spatsin,1886-1899
name_variants_clustered,band_c00770,British Columbia,FRASER RIVER AGENCY - Con.|FRASER RIVER Agency|Fraser River ,Squiahla | Squiala,1895-1929
many_agencies,band_c00770,British Columbia,FRASER RIVER AGENCY - Con.|FRASER RIVER Agency|Fraser River ,Squiahla,1895-1929
single_year_band,band_c00771,British Columbia,Kamloops Agency,Tkauyaum,1893
single_year_band,band_c00772,British Columbia,KAMLOOPS Agency,Tkuayaum,1892
many_agencies,band_c00774,British Columbia,KAMLOOPS Agency|KAMLOOPS-OKANAGAN AGENCY - Con.|KAMLOOPS-OKA,Tluhtaus,1886-1901
name_variants_clustered,band_c00775,British Columbia,WEST COAST Agency|West Coast Agency,Toquaht | Touquaht,1901-1913
name_variants_clustered,band_c00778,British Columbia,COWICHAN Agency|Cowichan|Cowichan Agency|Cowichan Agency - C,Tsarlip | Tsartlip,1903-1929
many_agencies,band_c00778,British Columbia,COWICHAN Agency|Cowichan|Cowichan Agency|Cowichan Agency - C,Tsartlip,1903-1929
name_variants_clustered,band_c00779,British Columbia,COWICHAN Agency|Cowichan|Cowichan Agency|Cowichan Agency - C,Tsaw-out | Tsawout,1895-1929
many_agencies,band_c00779,British Columbia,COWICHAN Agency|Cowichan|Cowichan Agency|Cowichan Agency - C,Tsawout,1895-1929
name_variants_clustered,band_c00780,British Columbia,COWICHAN Agency|Cowichan Agency,Tse-kum | Tse-kump | Tse-kun,1886-1900
single_year_band,band_c00782,British Columbia,,Tyechten,1903
many_agencies,band_c00784,British Columbia,FRASER RIVER AGENCY - Con.|FRASER RIVER Agency|Fraser River ,Wharnock,1895-1913
name_variants_clustered,band_c00785,British Columbia,FRASER RIVER Agency|Fraser River Agency - Con.|Mainland Band,Whonnock | Whonoch | Whonock,1881-1929
many_agencies,band_c00785,British Columbia,FRASER RIVER Agency|Fraser River Agency - Con.|Mainland Band,Whonock,1881-1929
name_variants_clustered,band_c00788,British Columbia,WILLIAMS LAKE Agency|Williams Lake|Williams Lake Agency|Will,Anaham | Anahaui,1901-1929
many_agencies,band_c00788,British Columbia,WILLIAMS LAKE Agency|Williams Lake|Williams Lake Agency|Will,Anaham,1901-1929
many_agencies,band_c00789,British Columbia,KAMLOOPS-OKANAGAN AGENCY - Con.|KAMLOOPS-OKANAGAN Agency|Kam,Ashnola,1896-1901
single_year_band,band_c00790,British Columbia,NORTHWEST COAST Agency,Ayainsh,1900
many_agencies,band_c00791,British Columbia,Lytton Agency|WILLIAM'S LAKE Agency|WILLIAMS LAKE Agency|WIL,Clinton,1886-1929
many_agencies,band_c00792,British Columbia,FRASER RIVER Agency|Fkaser Rivsb Age.Vct.|Fraser River Agenc,Douglas,1886-1929
name_variants_clustered,band_c00796,British Columbia,BABINE AND UPPER SKEENA RIVER Agency|Babine and Upper Skeena,Gal-doe | Kal-doe,1893-1898
single_year_band,band_c00797,British Columbia,BABINE AND UPPER SKEENA RIVER Agency,Gol-doe,1895
single_year_band,band_c00798,British Columbia,Nass Agency,Gwanaha,1915
single_year_band,band_c00800,British Columbia,Skeena River Agency,Gwinoha,1924
name_variants_clustered,band_c00802,British Columbia,KAMLOOPS Agency|KAMLOOPS-OKANAGAN AGENCY - Con.|KAMLOOPS-OKA,Haltham | Haltkam,1892-1901
many_agencies,band_c00802,British Columbia,KAMLOOPS Agency|KAMLOOPS-OKANAGAN AGENCY - Con.|KAMLOOPS-OKA,Haltkam,1892-1901
name_variants_clustered,band_c00804,British Columbia,COWICHAN Agency|Cowichan|Cowichan Agency,Hellelt | Hellett,1895-1917
single_year_band,band_c00806,British Columbia,FRASER RIVER Agency|Fkaser Rivsb Age.Vct.,Homaiko,1902
many_agencies,band_c00807,British Columbia,Nass Agency|New Westminster Agency|Vancouver|Vancouver Agenc,Homalco,1911-1929
name_variants_clustered,band_c00812,British Columbia,NORTH-WEST COAST Agency,Kit-tex | Kitex,1896-1899
name_variants_clustered,band_c00814,British Columbia,KWAWKEWLTH Agency|Kwawkewlth Agency,Kosimo | Koskimo,1896-1904
single_year_band,band_c00815,British Columbia,KAMLOOPS OKANAGAN Agency|KWAKEWELTH Agency,Kosklmo,1902
name_variants_clustered,band_c00816,British Columbia,BABINE AND UPPER SKEENA RIVER Agency|BABINE AND UPPER SKYKNA,Kul-doe | Kuldoe,1899-1929
many_agencies,band_c00816,British Columbia,BABINE AND UPPER SKEENA RIVER Agency|BABINE AND UPPER SKYKNA,Kuldoe,1899-1929
single_year_band,band_c00817,British Columbia,New Westminster Agency,Kwawkwa,1913
many_agencies,band_c00820,British Columbia,(t)Northwest Coast|NORTH-WEST COAST AGENCY - Concluded.|NORT,Massett,1890-1929
single_year_band,band_c00821,British Columbia,New Westminster Agency,Mataqui,1929
many_agencies,band_c00822,British Columbia,FRASER RIVER AGENCY - Con.|FRASER RIVER Agency|Fkaser Rivsb ,Matsqui,1881-1924
single_year_band,band_c00823,British Columbia,,Meadows,1903
name_variants_clustered,band_c00824,British Columbia,KAMLOOPS Agency|Kamloops Agency,Mpakta | Mpaktam,1886-1896
single_year_band,band_c00825,British Columbia,KAMLOOPS Agency,Mpatkam,1895
many_agencies,band_c00827,British Columbia,COWICHAN Agency|Cowichan|Cowichan Agency|Cowichan Agency - C,Nanaimo,1881-1929
single_year_band,band_c00830,British Columbia,KAMLOOPS-OKANAGAN Agency,Nhatsam,1900
single_year_band,band_c00831,British Columbia,Kamloops Agency,Nicomin,1915
many_agencies,band_c00832,British Columbia,KWAWKEWLTH Agency|Kwawkewlth|Kwawkewlth Agency|Kwawkewlth Ag,Nimkish,1896-1929
name_variants_clustered,band_c00833,British Columbia,KAMLOOPS Agency|Kamloops Agency,Nkaih | Nkaihin,1886-1896
many_agencies,band_c00835,British Columbia,KAMLOOPS Agency|KAMLOOPS-OKANAGAN AGENCY - Con.|KAMLOOPS-OKA,Nkatsam,1886-1901
single_year_band,band_c00837,British Columbia,KAMLOOPS Agency,Nqnakin,1890
single_year_band,band_c00839,British Columbia,Babine and Upper Skeena River Agency,Pinchie,1893
name_variants_clustered,band_c00840,British Columbia,BABINE AND UPPER SKEENA RIVER Agency|BABINE AND UPPER SKYKNA,Pintce | Pintcee,1897-1929
many_agencies,band_c00840,British Columbia,BABINE AND UPPER SKEENA RIVER Agency|BABINE AND UPPER SKYKNA,Pintce,1897-1929
name_variants_clustered,band_c00847,British Columbia,KAMLOOPS - OKANAGAN Agency|KAMLOOPS-OKANAGAN AGENCY. - Con.|,Skuppa | Skuppah,1903-1929
many_agencies,band_c00847,British Columbia,KAMLOOPS - OKANAGAN Agency|KAMLOOPS-OKANAGAN AGENCY. - Con.|,Skuppa,1903-1929
many_agencies,band_c00848,British Columbia,FRASER RIVER AGENCY - Con.|FRASER RIVER Agency|Fraser River ,Skweahm,1895-1917
many_agencies,band_c00853,British Columbia,COWICHAN Agency|Cowichan|Cowichan Agency|Cowichan Agency - C,Somenos,1886-1929
many_agencies,band_c00855,British Columbia,KAMLOOPS Agency|KAMLOOPS-OKANAGAN AGENCY - Con.|KAMLOOPS-OKA,Spapium,1886-1901
single_year_band,band_c00861,British Columbia,NORTH-WEST COAST Agency,Taillon,1899
many_agencies,band_c00862,British Columbia,NORTH-WEST COAST AGENCY - Concluded.|NORTH-WEST COAST Agency,Tallium,1890-1893
single_year_band,band_c00866,British Columbia,COWICHAN Agency,Tsanout,1901
name_variants_clustered,band_c00867,British Columbia,COWICHAN Agency|Cowichan|Cowichan Agency|Cowichan Agency - C,Tscekum | Tsekum,1907-1929
many_agencies,band_c00867,British Columbia,COWICHAN Agency|Cowichan|Cowichan Agency|Cowichan Agency - C,Tsekum,1907-1929
name_variants_clustered,band_c00869,British Columbia,COWICHAN Agency|Cowichan,Tsehum | Tsehump,1901-1906
single_year_band,band_c00870,British Columbia,Cowichan Agency,Tselcum,1913
many_agencies,band_c00872,British Columbia,COWICHAN Agency|Cowichan|Cowichan Agency|Cowichan Agency - C,Tsussie,1886-1916
single_year_band,band_c00873,British Columbia,Cowichan Agency,Twasout,1917
single_year_band,band_c00874,British Columbia,Fraser River Agency,Whonook,1886
single_year_band,band_c00876,British Columbia,WILLIAM'S LAKE Agency,Amahim,1889
single_year_band,band_c00878,British Columbia,COWICHAN Agency,Cb66mo,1902
single_year_band,band_c00879,British Columbia,COWICHAN Agency,Conlox,1891
single_year_band,band_c00881,British Columbia,Cowichan,Halalt,1929
many_agencies,band_c00883,British Columbia,FRASER RIVER Agency|Fkaser Rivsb Age.Vct.|Fraser River Agenc,Katsey,1881-1910
single_year_band,band_c00884,British Columbia,FRASER RIVER Agency,Katyie,1896
single_year_band,band_c00887,British Columbia,KAMLOOPS OKANAGAN Agency,Lvtton,1902
single_year_band,band_c00890,British Columbia,Kamloops-Okanagan Agency,Nyakai,1898
single_year_band,band_c00894,British Columbia,FRASER RIVER Agency,Omahil,1899
many_agencies,band_c00896,British Columbia,FRASER RIVER AGENCY - Con.|FRASER RIVER Agency|Fkaser Rivsb ,Popcum,1896-1929
many_agencies,band_c00897,British Columbia,FRASER RIVER Agency|Fraser River Agency|Fraser River Agency ,Popkum,1881-1914
single_year_band,band_c00898,British Columbia,Kamloops-Okanagan Agency,Scuzzy,1898
single_year_band,band_c00899,British Columbia,Kamloops Agency,Skuwah,1886
single_year_band,band_c00902,British Columbia,FRASER RIVER AGENCY - Con.,Skyway,1909
single_year_band,band_c00904,British Columbia,New Westminster Agency,Sqiala,1916
many_agencies,band_c00905,British Columbia,KAMLOOPS Agency|KAMLOOPS-OKANAGAN AGENCY - Con.|KAMLOOPS-OKA,Stlahl,1892-1901
single_year_band,band_c00906,British Columbia,WILLIAM'S LAKE Agency,Taasey,1895
many_agencies,band_c00909,British Columbia,FRASER RIVER Agency|Fkaser Rivsb Age.Vct.|Fraser River Agenc,Cheam,1881-1929
single_year_band,band_c00912,British Columbia,North-West Coast Agency,Kitax,1898
single_year_band,band_c00916,British Columbia,Stuart Lake Agency,Nazko,1929
single_year_band,band_c00919,British Columbia,West Coast,Ohiet,1929
name_variants_clustered,band_c00920,British Columbia,WEST COAST Agency|West Coast Agency,Oiah | Oiaht,1896-1913
single_year_band,band_c00922,British Columbia,KAMLOOPS Agency,Sappa,1891
many_agencies,band_c00924,British Columbia,FRASER RIVER AGENCY - Con.|FRASER RIVER Agency|Fraser River ,Skwah,1895-1929
many_agencies,band_c00925,British Columbia,FRASER RIVER AGENCY - Con.|FRASER RIVER Agency|Fraser River ,Skway,1895-1929
name_variants_clustered,band_c00926,British Columbia,COWICHAN Agency|Cowichan|Cowichan Agency|Cowichan Agency - C,Soke | Sooke,1881-1929
many_agencies,band_c00926,British Columbia,COWICHAN Agency|Cowichan|Cowichan Agency|Cowichan Agency - C,Sooke,1881-1929
single_year_band,band_c00931,British Columbia,(t)Northwest Coast,Kitmat,1910
single_year_band,band_c00934,British Columbia,KAMLOOPS Agency,Nyka,1889
many_agencies,band_c00937,British Columbia,FRASER RIVER AGENCY - Con.|FRASER RIVER Agency|Fraser River ,Yale,1881-1929
single_year_band,band_c00941,British Columbia,KAMLOOPS Agency,Yoht,1895
single_year_band,band_c00943,British Columbia,KAMLOOPS-OKANAGAN Agency,Zent,1900
many_agencies,band_c00944,British Columbia,KAMLOOPS Agency|KAMLOOPS-OKANAGAN AGENCY - Con.|KAMLOOPS-OKA,Zoht,1886-1901
single_year_band,band_c00945,British Columbia Inspectorates,Babine Agency,Rocher Deboule (Hagwilget),1924
single_year_band,band_c00946,British Columbia Inspectorates,Bella Coola Agency,Ulkatcho and Anaham Lake,1924
name_variants_clustered,band_c00947,British Columbia Inspectorates,Bella Coola Agency,Bella Bella | Bella Bella and Tallio,1924-1924
single_year_band,band_c00947,British Columbia Inspectorates,Bella Coola Agency,Bella Bella,1924
single_year_band,band_c00948,British Columbia Inspectorates,Babine Agency,Kitsegukla (Old and New),1924
single_year_band,band_c00949,British Columbia Inspectorates,Bella Coola Agency,Rivers Inlet (Owekano),1924
single_year_band,band_c00950,British Columbia Inspectorates,Cowichan Agency,Cheerno (Beecher Bay),1924
single_year_band,band_c00951,British Columbia Inspectorates,Bella Coola Agency,China Hat (Kitasoo),1924
single_year_band,band_c00952,British Columbia Inspectorates,Babine Agency,Getammax (Hazelton),1924
name_variants_clustered,band_c00953,British Columbia Inspectorates,Babine Agency,Fort Babine | Old Fort Babine,1924-1924
single_year_band,band_c00953,British Columbia Inspectorates,Babine Agency,Fort Babine,1924
single_year_band,band_c00954,British Columbia Inspectorates,Cowichan Agency,Clemclemaluts,1924
single_year_band,band_c00955,British Columbia Inspectorates,Cowichan Agency,Cowichan Lake,1924
single_year_band,band_c00956,British Columbia Inspectorates,Babine Agency,Glen Vowell,1924
single_year_band,band_c00957,British Columbia Inspectorates,Babine Agency,Kitwankool,1924
single_year_band,band_c00958,British Columbia Inspectorates,Babine Agency,Moricetown,1924
single_year_band,band_c00959,British Columbia Inspectorates,Cowichan Agency,Esquimalt,1924
single_year_band,band_c00960,British Columbia Inspectorates,Babine Agency,Andimaul,1924
single_year_band,band_c00961,British Columbia Inspectorates,Cowichan Agency,Comeaken,1924
single_year_band,band_c00962,British Columbia Inspectorates,Bella Coola Agency,Kimsquit,1924
single_year_band,band_c00963,British Columbia Inspectorates,Babine Agency,Kisgegas,1924
single_year_band,band_c00964,British Columbia Inspectorates,Babine Agency,Kitwanga,1924
single_year_band,band_c00965,British Columbia Inspectorates,Cowichan Agency,Hellelt,1924
single_year_band,band_c00966,British Columbia Inspectorates,Babine Agency,Kispiox,1924
single_year_band,band_c00967,British Columbia Inspectorates,Bella Coola Agency,Kitlope,1924
single_year_band,band_c00968,British Columbia Inspectorates,Babine Agency,Kuldoe,1924
single_year_band,band_c00969,British Columbia Inspectorates,Cowichan Agency,Comox,1924
single_year_band,band_c00970,British Columbia Inspectorates,Bella Coola Agency,Kitimat,1924
single_year_band,band_c00971,Eastern Athabasca,Nelson and Churchill Rivers District,Eastern Athabasca District,1899
single_year_band,band_c00972,Eastern Rupert's Land,Nelson and Churchill Rivers District,Eastern Rupert's Land District,1899
name_variants_clustered,band_c00973,Eskimos,Baffin Land|Baffin Land (Franklin District)|Mainland,"Hudson Strait | Lake Harbour Post (from Cape Haven, Davis Strait to Chorkbak Inlet, Hudson's Strait)",1916-1924
name_variants_clustered,band_c00974,Eskimos,From Mouth of Backs River and East to Wager River|From Mouth,From Mouth of Backs River and East to Wager River | From Mouth of Backs River and East to Wager River (District of Keewatin),1924-1924
single_year_band,band_c00974,Eskimos,From Mouth of Backs River and East to Wager River|From Mouth,From Mouth of Backs River and East to Wager River (District of Keewatin),1924
name_variants_clustered,band_c00975,Eskimos,From Chesterfield Inlet (District of Keewatin) to Churchill ,(Ddistrict of Keewatin) From Chesterfield Inlet to Churchill (Manitoba) | From Chesterfield Inlet (District of Keewatin) to Churchill (Manitoba),1924-1924
single_year_band,band_c00975,Eskimos,From Chesterfield Inlet (District of Keewatin) to Churchill ,From Chesterfield Inlet (District of Keewatin) to Churchill (Manitoba),1924
single_year_band,band_c00976,Eskimos,Alaska Boundary and East to Kent Peninsula (MacKenzie Distri,Alaska Boundary and East to Kent Peninsula (MacKenzie District),1924
single_year_band,band_c00977,Eskimos,Baffin Land (Franklin District),"Dorset Post (from Chorkbak Inlet to Cape Weston, Fox Channel)",1924
name_variants_clustered,band_c00978,Eskimos,From Melville Peninsula to Fullerton (District of Keewatin),(District of Keewatin) From Melville Peninsula to Fullerton | From Melville Peninsula to Fullerton (District of Keewatin),1924-1924
single_year_band,band_c00978,Eskimos,From Melville Peninsula to Fullerton (District of Keewatin),From Melville Peninsula to Fullerton (District of Keewatin),1924
name_variants_clustered,band_c00979,Eskimos,Arctic Coast Line and Hershell Island|Arctic Coast Line to H,Herschel Island | Hershell Island | Hershell Island and Mackenzie Delta and Coast | Hershell Island and Mackenzie delta and coast line,1914-1917
single_year_band,band_c00980,Eskimos,Coppermine River District (MacKenzie District)|Coppermine Ri,Coppermine River District (Mackenzie District),1924
name_variants_clustered,band_c00981,Eskimos,"Baffin Land|Ungava, Quebec",Home Bay | Wolstenholme (from Cape Smith to Suglug Bay),1916-1924
single_year_band,band_c00982,Eskimos,"Ungava, Quebec",Stuparts Bay Post (Suglug Bay to Diana Bay),1924
name_variants_clustered,band_c00983,Eskimos,Arctic Coast Line and Hershell Island,Arctic Coast Line and Hershell Island | Arctic Coast Line to Herschel Island,1914-1915
name_variants_clustered,band_c00986,Eskimos,Baffin Land (Franklin District)|Herschel Island (Franklin Di,Baffin Land (Franklin District) - | Herschel Island (Franklin District),1924-1924
single_year_band,band_c00986,Eskimos,Baffin Land (Franklin District)|Herschel Island (Franklin Di,Herschel Island (Franklin District),1924
name_variants_clustered,band_c00987,Eskimos,Mainland,"Hudsons Bay (east side) | Hudsons Bay (west side, and including Chesterfield inlet)",1916-1916
single_year_band,band_c00987,Eskimos,Mainland,Hudsons Bay (east side),1916
single_year_band,band_c00988,Eskimos,Labrador,"Rigolet, Hamilton Inlet",1924
name_variants_clustered,band_c00989,Eskimos,Arctic Coast Line and Hershell Island|Arctic Coast Line to H,"Baffin Land | Topik Vink Baffin Land | Topik Vink, Baffin Land",1914-1915
name_variants_clustered,band_c00990,Eskimos,Arctic Coast Line and Hershell Island|Arctic Coast Line to H,Killonek (Port Burwell) | Port Burwell,1914-1917
name_variants_clustered,band_c00991,Eskimos,Mainland,Hudson Bay (east side) | Hudson Bay (west side) including Chesterfield inlet | Hudson bay (east side) | Hudson bay (west side) (including Chesterfield inlet),1916-1917
name_variants_clustered,band_c00993,Eskimos,Arctic Coast Line and Hershell Island|Arctic Coast Line to H,Black Lead Island | Blacklead Island,1914-1917
single_year_band,band_c00998,Eskimos,Baffin Land (Franklin District),Fort Harrison,1924
single_year_band,band_c01000,Eskimos,"Ungava, Quebec",Georges River,1924
single_year_band,band_c01001,Eskimos,"Ungava, Quebec","Ungava, Quebec -",1924
single_year_band,band_c01002,Eskimos,"Ungava, Quebec",Fort George,1924
single_year_band,band_c01003,Eskimos,"Ungava, Quebec",Whale River,1924
single_year_band,band_c01005,Eskimos,"Ungava, Quebec",Cape Jones,1924
single_year_band,band_c01006,Eskimos,"Ungava, Quebec",Fort Chimo,1924
single_year_band,band_c01007,Eskimos,"Ungava, Quebec",Leaf River,1924
single_year_band,band_c01009,Eskimos,,Topik Vink,1914
single_year_band,band_c01011,Eskimos,Labrador,Labrador -,1924
name_variants_clustered,band_c01012,Franklin,Treaty No. 8,"Franklin Dist. (formerly Arctic coast) | Franklin District (formerly Arctic Coast, Esquimaux)",1904-1904
single_year_band,band_c01012,Franklin,Treaty No. 8,"Franklin District (formerly Arctic Coast, Esquimaux)",1904
single_year_band,band_c01013,Franklin District (formerly Arctic Coast),,Franklin District (formerly Arctic Coast),1902
single_year_band,band_c01014,Grand Recapitulation,Franklin district (formerly Arctic coast),Franklin district (formerly Arctic coast),1906
single_year_band,band_c01015,Grand Recapitulation,Treaty No. 8,Nelson and Churchill Rivers District,1901
single_year_band,band_c01016,Grand Recapitulation,Treaty No. 8,Rivière Aux Liards District,1901
name_variants_clustered,band_c01017,Grand Recapitulation,Athabaska district|Treaty No. 8,Athabaska district | Eastern Athabasca District,1901-1906
single_year_band,band_c01018,Grand Recapitulation,Treaty No. 8,Great Slave Lake District,1901
name_variants_clustered,band_c01019,Grand Recapitulation,Mackenzie district|Treaty No. 8,Lower McKenzie District | Mackenzie district | Upper McKenzie District,1901-1906
many_agencies,band_c01020,Grand Recapitulation,Blood Agency|Franklin District (formerly Arctic Coast text)|,Northwest Territories,1901-1909
many_agencies,band_c01021,Grand Recapitulation,Blood Agency|Franklin District (formerly Arctic Coast text)|,Prince Edward Island,1901-1909
single_year_band,band_c01022,Grand Recapitulation,Keewatin district,Keewatin district,1906
many_agencies,band_c01023,Grand Recapitulation,Blood Agency|British Columbia|Franklin District (formerly Ar,British Columbia,1901-1909
single_year_band,band_c01025,Grand Recapitulation,Treaty No. 8,Yukon District,1901
many_agencies,band_c01026,Grand Recapitulation,Blood Agency|Franklin District (formerly Arctic Coast text)|,New Brunswick,1901-1909
many_agencies,band_c01028,Grand Recapitulation,Blood Agency|Franklin District (formerly Arctic Coast text)|,Nova Scotia,1901-1909
many_agencies,band_c01029,Grand Recapitulation,Blood Agency|Franklin District (formerly Arctic Coast text)|,Manitoba,1901-1909
many_agencies,band_c01031,Grand Recapitulation,Blood Agency|Franklin District (formerly Arctic Coast text)|,Ontario,1901-1909
many_agencies,band_c01032,Grand Recapitulation,Blood Agency|Franklin District (formerly Arctic Coast text)|,Quebec,1901-1909
single_year_band,band_c01034,Great Slave Lake,Nelson and Churchill Rivers District,Great Slave Lake District,1899
single_year_band,band_c01035,Great Slave Lake,,Providence,1901
single_year_band,band_c01036,Great Slave Lake,,Fort Rae,1901
name_variants_clustered,band_c01037,Isle A La Crosse,Lac la Ronge District|Timiskaming Agency|Treaty No. 8,Fort McMurray Stragglers | Fort McMurray and Stragglers | Stragglers,1914-1924
name_variants_clustered,band_c01039,Isle A La Crosse,Lac la Ronge District|TREATY NO. 6 - Lac la Ronge District|T,Peter Ballendine's Band | Peter Ballendines,1914-1924
name_variants_clustered,band_c01040,Isle A La Crosse,Lac la Ronge District|TREATY NO. 6 - Lac la Ronge District,Mathias Colomb's Band | Matthias Colomb's Band,1915-1924
name_variants_clustered,band_c01042,Isle A La Crosse,Lac la Ronge District|TREATY NO. 6 - Lac la Ronge District|T,James Robert's Band | James Roberts | James Roberts' Band,1914-1924
name_variants_clustered,band_c01045,Isle A La Crosse,Lac la Ronge District|Timiskaming Agency|Treaty No. 10,Lac la | Lac la Hache,1914-1924
name_variants_clustered,band_c01048,Isle À La Crosse,Treaty No. 8,Fort McMurray Indians and stragglers | Fort McMurray Stragglers,1916-1917
single_year_band,band_c01049,Isle À La Crosse,Treaty No. 8,Fort McMurray Indians,1916
name_variants_clustered,band_c01051,Isle À La Crosse,Lac la Ronge District (Treaty No. 6)|Lac la Ronge District -,Mathias Colomb's Band | Mattias Colomb,1916-1917
single_year_band,band_c01059,Isle à la Crosse,Mackenzie River District,Isle à la Crosse District,1917
single_year_band,band_c01060,"Labrador, Canadian Interior",Nelson and Churchill Rivers District,"Labrador, Canadian Interior",1899
single_year_band,band_c01061,Lower Mackenzie,Nelson and Churchill Rivers District,Lower Mackenzie District,1899
single_year_band,band_c01062,Lower Mackenzie,,Fort Good Hope,1901
single_year_band,band_c01063,Lower Mackenzie,,Fort Simpson,1901
single_year_band,band_c01064,Lower Mackenzie,,Fort Wrigley,1901
single_year_band,band_c01065,Lower Mackenzie,,Fort Norman,1901
single_year_band,band_c01066,Lower Mackenzie,,Peel River,1901
single_year_band,band_c01067,Mackenzie,Treaty No. 8,Mackenzie District,1904
single_year_band,band_c01068,Mackenzie River,,Arctic Red River 150; Ft. Good Hope 500; Ft. Laird 300; Ft. McPherson 400; Ft. Norman 300,1912
single_year_band,band_c01069,Mackenzie River,,"Ft. Providence 300; Ft. Rae 1,000; Ft. Simpson 350; Ft. Wrigley 150; Nomads 550",1912
single_year_band,band_c01070,Mackenzie River,Isle à la Crosse Agency,Arctic Red River,1913
single_year_band,band_c01071,Mackenzie River,Arctic Red River|Isle à la Crosse Agency,Fort Macpherson,1913
single_year_band,band_c01072,Mackenzie River,Arctic Red River|Isle à la Crosse Agency,Fort Providence,1913
single_year_band,band_c01073,Mackenzie River,Arctic Red River|Isle à la Crosse Agency,Mackenzie Delta,1913
single_year_band,band_c01074,Mackenzie River,Arctic Red River|Isle à la Crosse Agency,Fort Good Hope,1913
single_year_band,band_c01075,Mackenzie River,Arctic Red River|Isle à la Crosse Agency,Fort Simpson,1913
single_year_band,band_c01076,Mackenzie River,Arctic Red River|Isle à la Crosse Agency,Fort Wrigley,1913
single_year_band,band_c01077,Mackenzie River,Arctic Red River|Isle à la Crosse Agency,Fort Norman,1913
single_year_band,band_c01078,Mackenzie River,Arctic Red River|Isle à la Crosse Agency,Fort Liard,1913
single_year_band,band_c01079,Mackenzie River,Arctic Red River|Isle à la Crosse Agency,Fort Rae,1913
single_year_band,band_c01080,Mackenzie River,Arctic Red River|Isle à la Crosse Agency,Nomads,1913
name_variants_clustered,band_c01081,Manitoba,Chippewas and Crees of Treaty No. 2 at:|Nelson And Churchill,"Chippewas, Saulteaux and Crees of Treaty No. 3 at Buffalo Bay | Saulteaux and Crees of Treaty No. 3 at: - Buffalo Bay | Treaty No. 3",1893-1909
many_agencies,band_c01081,Manitoba,Chippewas and Crees of Treaty No. 2 at:|Nelson And Churchill,Treaty No. 3,1893-1909
name_variants_clustered,band_c01082,Manitoba,CHIPPEWAS AND CREES OF TREATY No. 1|Chippewas And Crees Of T,"Lake | Swan Lake | Swan Lake (including Indian Gardens) | Swan Lake (including Indians Gardens) | Swan Lake and Indian Garden at Hamilton's Crossing | Swan Lake and Indian Gardens | Swan Lake and Indian Gardens (1) | Swan Lake and Indian Gardens at Hamilton's Crossing | Swan Lake(including Indian Gardens) | Swan Lake, Indian Gardens | Swan Lake, including Indian Gardens | Swan Lake, including Indian Gardens,",1892-1929
many_agencies,band_c01082,Manitoba,CHIPPEWAS AND CREES OF TREATY No. 1|Chippewas And Crees Of T,Swan Lake and Indian Gardens at Hamilton's Crossing,1892-1929
name_variants_clustered,band_c01083,Manitoba,"CHIPPEWAS, SAULTEAUX AND CREES OF TREATY No. 5|CHIPPEWAS, SA","Berens River | Berens River (5) | Grand Rapids (Berens River) | Grand Rapids, (Berens River) | IRiver | Little Grad Rapids (Berens River) | Little Grand Rapids (Berens River) | Little Grand Rapids - Berens River (5)",1892-1929
many_agencies,band_c01083,Manitoba,"CHIPPEWAS, SAULTEAUX AND CREES OF TREATY No. 5|CHIPPEWAS, SA",Berens River,1892-1929
name_variants_clustered,band_c01084,Manitoba,"CHIPPEWAS, SAULTEAUX AND CREES OF TREATY No. 5|CHIPPEWAS, SA",Grand Rapids | Grand Rapids (Crees and Saulteaux) | Grand Rapids (Crees and Saulteux) | Grand-Rapids (Crees and Saulteaux),1892-1929
many_agencies,band_c01084,Manitoba,"CHIPPEWAS, SAULTEAUX AND CREES OF TREATY No. 5|CHIPPEWAS, SA",Grand Rapids,1892-1929
name_variants_clustered,band_c01085,Manitoba,BIRTLE Agency|Birtle Agency,Keeseekoowen | Keeseekoowenin | Keeseekoowenin (Riding Mountain) | Keeseekoowenin's | Keeseekowenin (2) | Keeseekowenin's,1906-1929
name_variants_clustered,band_c01086,Manitoba," Agency|CHIPPEWAS, SAULTEAUX AND CREES OF TREATY No. 5|CHIPP",Moose Lake | Moose Lake (Crees and Salteaux) | Moose Lake (Crees and Saulteaux) | Moose Lake (Crees and Saulteux),1892-1929
many_agencies,band_c01086,Manitoba," Agency|CHIPPEWAS, SAULTEAUX AND CREES OF TREATY No. 5|CHIPP",Moose Lake (Crees and Saulteaux),1892-1929
name_variants_clustered,band_c01087,Manitoba,Fort Frances Agency,Amalgamated Rainy River | Amalgamated Rainy River Bands,1916-1924
name_variants_clustered,band_c01088,Manitoba,"CHIPPEWAS, SAULTEAUX AND CREES OF TREATY No. 5|Chippewas And","Blood Vein River | Blood vein Kiver, Loon Straits | Bloodvein | Bloodvein River, Loon Straits",1897-1929
many_agencies,band_c01088,Manitoba,"CHIPPEWAS, SAULTEAUX AND CREES OF TREATY No. 5|Chippewas And",Blood Vein River,1897-1929
name_variants_clustered,band_c01089,Manitoba,"CHIPPEWAS AND CREES OF TREATY No. 1|CHIPPEWAS AND SAULTEAUX,","Portage la Prairie | Portage la Prairie, Sioux | Rat Portage | Sioux at Portage Laprairie | Sioux at Portage Prairie | Sioux at Portage la Prairie",1892-1917
many_agencies,band_c01089,Manitoba,"CHIPPEWAS AND CREES OF TREATY No. 1|CHIPPEWAS AND SAULTEAUX,",Sioux at Portage la Prairie,1892-1917
name_variants_clustered,band_c01090,Manitoba," Agency|CHIPPEWAS, SAULTEAUX AND CREES OF TREATY No. 5|CHIPP",Le Pas | Pas | The Pas | The Pas (Crees and Saulteaux) | The Pas (Crees and Saulteux),1892-1929
many_agencies,band_c01090,Manitoba," Agency|CHIPPEWAS, SAULTEAUX AND CREES OF TREATY No. 5|CHIPP",The Pas,1892-1929
single_year_band,band_c01091,Manitoba,Nelson And Churchill Rivers District,"Labrador, Canadian Interior",1895
name_variants_clustered,band_c01092,Manitoba,Chippewas And Saulteaux Of Treaty No. 3|Fort Frances Agency|,Kawaiagamot (Sturgeon Lake) | Sturgeon Lake | Sturgeon Lake (Kawaiagamot),1895-1917
many_agencies,band_c01092,Manitoba,Chippewas And Saulteaux Of Treaty No. 3|Fort Frances Agency|,Sturgeon Lake,1895-1917
single_year_band,band_c01093,Manitoba,Chippewas And Saulteaux Of Treaty No. 3,Rat Portage No. 38 A and B,1896
name_variants_clustered,band_c01094,Manitoba,CHIPPEWAS AND CREES OF TREATY No. 1|Chippewas And Crees Of T,Sandy Bay | Sandy Bay (1) | Sandy Bay (Agent Martineau),1892-1929
many_agencies,band_c01094,Manitoba,CHIPPEWAS AND CREES OF TREATY No. 1|Chippewas And Crees Of T,Sandy Bay,1892-1929
name_variants_clustered,band_c01095,Manitoba,"CHIPPEWAS AND CREES OF TREATY No. 2|CHIPPEWAS AND CREKS, OF ",Little Saskatchewan | Little Saskatchewan (2) | Little Saskatchewan Lake,1892-1929
many_agencies,band_c01095,Manitoba,"CHIPPEWAS AND CREES OF TREATY No. 2|CHIPPEWAS AND CREKS, OF ",Little Saskatchewan,1892-1929
name_variants_clustered,band_c01096,Manitoba,"CHIPPEWAS AND SAULTEAUX, OF TREATY No. 3|CHIPPEWAS AND SAULT","North West Angle No. 33 B | North-west Angle, No. 33 | Northwest Angle No. 33 | Northwest Angle, No. 33",1892-1917
many_agencies,band_c01096,Manitoba,"CHIPPEWAS AND SAULTEAUX, OF TREATY No. 3|CHIPPEWAS AND SAULT","North-west Angle, No. 33",1892-1917
name_variants_clustered,band_c01097,Manitoba,"CHIPPEWAS AND CREES OF TREATY No. 2|CHIPPEWAS AND CREKS, OF ",Lake St. Martin | Lake St. Martin (2) | Manitoba Lake St. Martin | St. Martin,1892-1929
many_agencies,band_c01097,Manitoba,"CHIPPEWAS AND CREES OF TREATY No. 2|CHIPPEWAS AND CREKS, OF ",Lake St. Martin,1892-1929
name_variants_clustered,band_c01098,Manitoba,CHIPPEWAS AND CREES OF TREATY No. 1|Chippewas And Crees Of T,"Roseau River | Roseau River (including Rapids) | Roseau River and Rapids | Roseau River and Rapids (1) | Roseau River including Rapids | Roseau River including rapids | Roseau River, including Rapids | Roseau River, including rapids | Roseau river, including Rapids | Rosseau River including rapids | Rosseau River, including Rapids | Rosseau River, including Rapids Long Plain",1892-1929
many_agencies,band_c01098,Manitoba,CHIPPEWAS AND CREES OF TREATY No. 1|Chippewas And Crees Of T,"Rosseau River, including Rapids",1892-1929
name_variants_clustered,band_c01099,Manitoba,BIRTLE Agency|Griswold Agency|Griswold Agency (Sioux)|OAK RI,Turtle Mountain | Turtle Mountain - Sioux,1906-1911
many_agencies,band_c01099,Manitoba,BIRTLE Agency|Griswold Agency|Griswold Agency (Sioux)|OAK RI,Turtle Mountain,1906-1911
single_year_band,band_c01100,Manitoba,Nelson And Churchill Rivers District,"Arctic coast, Esquimaux",1895
name_variants_clustered,band_c01101,Manitoba,Arctic Coast Line to Hershell Island|Franklin District (form,Manitoba | Manitoba Inspectorates,1897-1929
many_agencies,band_c01101,Manitoba,Arctic Coast Line to Hershell Island|Franklin District (form,Manitoba,1897-1929
name_variants_clustered,band_c01102,Manitoba,"CHIPPEWAS AND SAULTEAUX, OF TREATY No. 3|CHIPPEWAS AND SAULT",Niakickonsemenecaning | Nickickonesemenecaning | Nickickonsemenecaning | Nickickousemenecaning,1892-1924
many_agencies,band_c01102,Manitoba,"CHIPPEWAS AND SAULTEAUX, OF TREATY No. 3|CHIPPEWAS AND SAULT",Nickickonesemenecaning,1892-1924
name_variants_clustered,band_c01103,Manitoba,"CHIPPEWAS AND SAULTEAUX, OF TREATY No. 3|CHIPPEWAS AND SAULT","North West Angle No. 34 | North-west Angle, No. 34 | Northwest Angle No. 34 | Northwest Angle, No. 34 | Noth-west Angle, No. 34",1892-1917
many_agencies,band_c01103,Manitoba,"CHIPPEWAS AND SAULTEAUX, OF TREATY No. 3|CHIPPEWAS AND SAULT","North-west Angle, No. 34",1892-1917
name_variants_clustered,band_c01104,Manitoba,"CHIPPEWAS AND SAULTEAUX, OF TREATY No. 3|CHIPPEWAS AND SAULT","North West Angle No. 37 | North-west Angle, No. 37 | Northwest Angle No. 37 | Northwest Angle, No. 37",1892-1917
many_agencies,band_c01104,Manitoba,"CHIPPEWAS AND SAULTEAUX, OF TREATY No. 3|CHIPPEWAS AND SAULT","North-west Angle, No. 37",1892-1917
single_year_band,band_c01105,Manitoba,Birtle Agency,"Bird Tail Sioux, No. 57",1914
single_year_band,band_c01106,Manitoba,Birtle Agency,"Keeseekoowenins, No. 61",1914
single_year_band,band_c01107,Manitoba,Birtle Agency,"Waywayseecappos, No. 62",1914
name_variants_clustered,band_c01108,Manitoba,Clandeboye Agency|Fisher River Agency,Little Grand Rapids | Little Grand rapids | Little Grande Rapids,1914-1929
name_variants_clustered,band_c01109,Manitoba,CHIPPEWAS AND CREES OF TREATY No. 1|Chippewas And Crees Of T,St Peters | St. Peter (1) | St. Peter and Peguis | St. Peter's | St. Peters | St. Peters and Peguis,1892-1929
many_agencies,band_c01109,Manitoba,CHIPPEWAS AND CREES OF TREATY No. 1|Chippewas And Crees Of T,St. Peter's,1892-1929
name_variants_clustered,band_c01110,Manitoba,BIRTLE Agency|Pelly Agency|Pelly Agency (part of),Valley River | Valley River (2) | Valley River Reserve,1909-1929
single_year_band,band_c01111,Manitoba,Birtle Agency,"Clearwater Lake, 61A",1914
single_year_band,band_c01112,Manitoba,Nelson And Churchill Rivers District,Eastern Rupert's Land,1895
many_agencies,band_c01113,Manitoba,"CHIPPEWAS AND SAULTEAUX, OF TREATY No. 3|CHIPPEWAS AND SAULT","Manitou Rapids, No. 1",1892-1914
many_agencies,band_c01114,Manitoba,"CHIPPEWAS AND SAULTEAUX, OF TREATY No. 3|CHIPPEWAS AND SAULT","Manitou Rapids, No. 2",1892-1914
single_year_band,band_c01115,Manitoba,Birtle Agency,"Rolling River, No. 67",1914
name_variants_clustered,band_c01116,Manitoba,"CHIPPEWAS, SAULTEAUX AND CREES OF TREATY No. 5|Chippewas And",Hollow Water | Hollow Water River | Hollowater River | Hollowwater River | Hollowwater River (5),1893-1929
many_agencies,band_c01116,Manitoba,"CHIPPEWAS, SAULTEAUX AND CREES OF TREATY No. 5|Chippewas And",Hollow Water River,1893-1929
many_agencies,band_c01117,Manitoba,"CHIPPEWAS AND SAULTEAUX, OF TREATY No. 3|CHIPPEWAS AND SAULT",Lac des Mille Lacs,1892-1917
many_agencies,band_c01118,Manitoba,"CHIPPEWAS, SAULTEAUX AND CREES OF TREATY No. 5|CHIPPEWAS, SA",Pas Mountain (Crees),1892-1896
many_agencies,band_c01119,Manitoba,"CHIPPEWAS, SAULTEAUX AND CREES OF TREATY No. 5|CHIPPEWAS, SA",Birch River (Crees),1892-1896
name_variants_clustered,band_c01120,Manitoba,CHIPPEWAS AND CREES OF TREATY No. 1|Chippewas And Crees Of T,Broken Head | Broken Head River | Brokenhead | Brokenhead River | Brokenhead River (1),1892-1929
many_agencies,band_c01120,Manitoba,CHIPPEWAS AND CREES OF TREATY No. 1|Chippewas And Crees Of T,Brokenhead River,1892-1929
name_variants_clustered,band_c01121,Manitoba,"CHIPPEWAS, SAULTEAUX AND CREES OF TREATY No. 5|CHIPPEWAS, SA",Chemawawin (Crees) | Chemawawin (Crees.) | Chemawawin Crees | Chemewawin (Crees) | Cheniawawin (Crees),1892-1909
many_agencies,band_c01121,Manitoba,"CHIPPEWAS, SAULTEAUX AND CREES OF TREATY No. 5|CHIPPEWAS, SA",Chemawawin (Crees),1892-1909
name_variants_clustered,band_c01122,Manitoba,"CHIPPEWAS AND CREES OF TREATY No. 2|CHIPPEWAS AND CREKS, OF ",Ebb and Flow | Ebb and Flow Lake | Ebb and Flow Lake (2),1892-1929
many_agencies,band_c01122,Manitoba,"CHIPPEWAS AND CREES OF TREATY No. 2|CHIPPEWAS AND CREKS, OF ",Ebb and Flow Lake,1892-1929
name_variants_clustered,band_c01123,Manitoba,BIRTLE Agency|Grishold Agency|Griswold Agency|Griswold Agenc,Oak River | Oak River (Sioux) | Oak River - Sioux,1906-1929
many_agencies,band_c01123,Manitoba,BIRTLE Agency|Grishold Agency|Griswold Agency|Griswold Agenc,Oak River,1906-1929
name_variants_clustered,band_c01124,Manitoba,BIRTLE Agency|Birtle Agency|Portage la Prairie Agency|Portag,Bird Tail Sioux | Birdtail (Sioux) | Birdtail - Sioux (2) | Birdtail Sioux | Sioux,1906-1929
many_agencies,band_c01124,Manitoba,BIRTLE Agency|Birtle Agency|Portage la Prairie Agency|Portag,Sioux,1906-1929
name_variants_clustered,band_c01125,Manitoba, Agency|Pas Agency|The Pas Agency|Treaty No. 5,Chemanawin (Crees) | Chemawawin,1896-1929
many_agencies,band_c01125,Manitoba, Agency|Pas Agency|The Pas Agency|Treaty No. 5,Chemawawin,1896-1929
name_variants_clustered,band_c01126,Manitoba,Birtle Agency,Clear Water Lake | Clearwater Lake,1911-1917
name_variants_clustered,band_c01127,Manitoba," Agency|CHIPPEWAS, SAULTEAUX AND CREES OF TREATY No. 5|CHIPP",1Cumberland | Cumberland | Cumberland (Creed) | Cumberland (Crees) | Cumberland (Cress),1892-1929
many_agencies,band_c01127,Manitoba," Agency|CHIPPEWAS, SAULTEAUX AND CREES OF TREATY No. 5|CHIPP",Cumberland,1892-1929
many_agencies,band_c01128,Manitoba,"CHIPPEWAS AND SAULTEAUX, OF TREATY No. 3|CHIPPEWAS AND SAULT","Hungry Hall, No. 1",1892-1914
many_agencies,band_c01129,Manitoba,CHIPPEWAS AND SAULTEUX OF TREATY No. 3|Chippewas And Saultea,Hungry Hall No. 2,1892-1914
name_variants_clustered,band_c01130,Manitoba,BIRTLE Agency|Grishold Agency|Griswold Agency|Griswold Agenc,Oak Lake | Oak Lake (Sioux) | Oak Lake - Sioux,1906-1929
many_agencies,band_c01130,Manitoba,BIRTLE Agency|Grishold Agency|Griswold Agency|Griswold Agenc,Oak Lake,1906-1929
name_variants_clustered,band_c01131,Manitoba,"CHIPPEWAS, SAULTEAUX AND CREES OF TREATY No. 5|CHIPPEWAS, SA",1Pekangekum | Pekangekum | Pekangekum (Crees),1892-1929
many_agencies,band_c01131,Manitoba,"CHIPPEWAS, SAULTEAUX AND CREES OF TREATY No. 5|CHIPPEWAS, SA",Pekangekum,1892-1929
name_variants_clustered,band_c01133,Manitoba,"CHIPPEWAS AND SAULTEAUX, OF TREATY No. 3|CHIPPEWAS AND SAULT",Rivière la Seine | Seine River,1892-1917
many_agencies,band_c01133,Manitoba,"CHIPPEWAS AND SAULTEAUX, OF TREATY No. 3|CHIPPEWAS AND SAULT",Seine River,1892-1917
name_variants_clustered,band_c01134,Manitoba," Agency|CHIPPEWAS, SAULTEAUX AND CREES OF TREATY No. 5|Chipp",1Shoal Lake | Schoal Lake | Shoal Lake | Shoal Lake (Creed) | Shoal Lake (Crees),1898-1929
many_agencies,band_c01134,Manitoba," Agency|CHIPPEWAS, SAULTEAUX AND CREES OF TREATY No. 5|Chipp",Shoal Lake (Crees),1898-1929
many_agencies,band_c01135,Manitoba,"CHIPPEWAS AND SAULTEAUX, OF TREATY No. 3|CHIPPEWAS AND SAULT",Shoal Lake No. 39,1892-1917
many_agencies,band_c01136,Manitoba,"CHIPPEWAS AND SAULTEAUX, OF TREATY No. 3|CHIPPEWAS AND SAULT",Shoal Lake No. 40,1892-1917
many_agencies,band_c01137,Manitoba,"Chippewas and Crees of Treaty No. 2 at:|Chippewas, Saulteaux",Bloodvein River,1905-1913
single_year_band,band_c01138,Manitoba,"Chippewas, Saulteaux and Crees of Treaty No. 5",Broadvein River,1904
name_variants_clustered,band_c01139,Manitoba,Chippewas And Saulteaux Of Treaty No. 3|Kenora and Savanna A,Frenchman's Head | Frenchmans Head,1895-1917
many_agencies,band_c01139,Manitoba,Chippewas And Saulteaux Of Treaty No. 3|Kenora and Savanna A,Frenchman's Head,1895-1917
name_variants_clustered,band_c01140,Manitoba,"CHIPPEWAS, SAULTEAUX AND CREES OF TREATY No. 5|Chippewas And",Jack Head River | Jackhead | Jackhead River | Jackhead River (2),1897-1929
many_agencies,band_c01140,Manitoba,"CHIPPEWAS, SAULTEAUX AND CREES OF TREATY No. 5|Chippewas And",Jackhead River,1897-1929
many_agencies,band_c01141,Manitoba,"CHIPPEWAS AND SAULTEAUX, OF TREATY No. 3|CHIPPEWAS AND SAULT",Long Sault No. 1,1892-1914
many_agencies,band_c01142,Manitoba,"CHIPPEWAS AND SAULTEAUX, OF TREATY No. 3|CHIPPEWAS AND SAULT",Long Sault No. 2,1892-1914
name_variants_clustered,band_c01143,Manitoba," Agency|CHIPPEWAS, SAULTEAUX AND CREES OF TREATY No. 5|Chipp",1Red Earth | Red Earth | Red Earth (Creed) | Red Earth (Crees),1898-1929
many_agencies,band_c01143,Manitoba," Agency|CHIPPEWAS, SAULTEAUX AND CREES OF TREATY No. 5|Chipp",Red Earth,1898-1929
name_variants_clustered,band_c01144,Manitoba,"CHIPPEWAS AND CREES OF TREATY No. 2|CHIPPEWAS AND CREKS, OF ",Water Hen River | Water-hen River | Waterhen | Waterhen River,1892-1929
many_agencies,band_c01144,Manitoba,"CHIPPEWAS AND CREES OF TREATY No. 2|CHIPPEWAS AND CREKS, OF ",Waterhen River,1892-1929
name_variants_clustered,band_c01145,Manitoba,Clandeboye Agency|Fisher River Agency|Norway House Agency - ,"1Deer Lake | Deer Lake | Deer Lake East | Deer Lake, East",1911-1929
many_agencies,band_c01145,Manitoba,Clandeboye Agency|Fisher River Agency|Norway House Agency - ,Deer Lake,1911-1929
single_year_band,band_c01146,Manitoba,Norway House Agency (Part of),Fisher River (2,1910
many_agencies,band_c01147,Manitoba,CHIPPEWAS AND CREES OF TREATY No. 1|Chippewas And Crees Of T,Fort Alexander,1892-1929
many_agencies,band_c01148,Manitoba,Churchill District|Fort Churchill District|Fort Churchill Di,Fort Churchill,1911-1929
single_year_band,band_c01149,Manitoba,Birtle Agency,"Gamblers, No. 63",1914
many_agencies,band_c01150,Manitoba,"CHIPPEWAS AND SAULTEAUX, OF TREATY No. 3|CHIPPEWAS AND SAULT",Grassy Narrows,1892-1917
single_year_band,band_c01151,Manitoba,"CHIPPEWAS AND SAULTEAUX, OF TREATY No. 3","Hinn Hall, No. 1",1893
name_variants_clustered,band_c01152,Manitoba,"CHIPPEWAS AND SAULTEAUX, OF TREATY No. 3|CHIPPEWAS AND SAULT",Naicatchewenin | Niacatchewenin,1892-1924
many_agencies,band_c01152,Manitoba,"CHIPPEWAS AND SAULTEAUX, OF TREATY No. 3|CHIPPEWAS AND SAULT",Niacatchewenin,1892-1924
single_year_band,band_c01153,Manitoba,BIRTLE Agency,Waywaykoowenin,1908
name_variants_clustered,band_c01154,Manitoba,BIRTLE Agency|Birtle Agency,Waywayseeappo | Waywayseecapo | Waywayseecappo | Waywayseecappo (2) | Waywayseecappo's,1906-1929
name_variants_clustered,band_c01155,Manitoba,"CHIPPEWAS AND SAULTEAUX, OF TREATY No. 3|CHIPPEWAS AND SAULT",White Fish Bay | Whitefish Bay,1892-1917
many_agencies,band_c01155,Manitoba,"CHIPPEWAS AND SAULTEAUX, OF TREATY No. 3|CHIPPEWAS AND SAULT",Whitefish Bay,1892-1917
single_year_band,band_c01156,Manitoba,Kenora and Savanne Agency,Buffalo Point,1929
many_agencies,band_c01158,Manitoba,"CHIPPEWAS AND CREES OF TREATY No. 2|CHIPPEWAS AND CREKS, OF ",Lake Manitoba,1892-1924
single_year_band,band_c01159,Manitoba,Fort Churchill District,Moose Factory,1915
many_agencies,band_c01162,Manitoba,"CHIPPEWAS, SAULTEAUX AND CREES OF TREATY No. 5|CHIPPEWAS, SA",Fisher River,1892-1929
single_year_band,band_c01163,Manitoba,"CHIPPEWAS, SAULTEUX AND CREES OF TREATY No. 5, AT:",Hallow Water,1892
many_agencies,band_c01164,Manitoba,"CHIPPEWAS AND SAULTEAUX, OF TREATY No. 3|CHIPPEWAS AND SAULT",Lac la Croix,1892-1924
many_agencies,band_c01165,Manitoba,"CHIPPEWAS AND SAULTEAUX, OF TREATY No. 3|CHIPPEWAS AND SAULT",Little Forks,1892-1914
many_agencies,band_c01166,Manitoba,"CHIPPEWAS, SAULTEAUX AND CREES OF TREATY No. 5|CHIPPEWAS, SA",Loon Straits,1892-1906
many_agencies,band_c01167,Manitoba,Manitowapah Agency|Norway House Agency|Norway House Agency -,Nelson House,1911-1929
name_variants_clustered,band_c01168,Manitoba,"CHIPPEWAS, SAULTEAUX AND CREES OF TREATY No. 5|CHIPPEWAS, SA",Norway House | Noway House,1892-1929
many_agencies,band_c01168,Manitoba,"CHIPPEWAS, SAULTEAUX AND CREES OF TREATY No. 5|CHIPPEWAS, SA",Norway House,1892-1929
many_agencies,band_c01170,Manitoba,"CHIPPEWAS, SAULTEAUX AND CREES OF TREATY No. 5|CHIPPEWAS, SA",Poplar River,1892-1929
name_variants_clustered,band_c01171,Manitoba,"CHIPPEWAS AND SAULTEAUX, OF TREATY No. 3|CHIPPEWAS AND SAULT",Stangecoming | Stongecoming,1892-1917
many_agencies,band_c01171,Manitoba,"CHIPPEWAS AND SAULTEAUX, OF TREATY No. 3|CHIPPEWAS AND SAULT",Stangecoming,1892-1917
many_agencies,band_c01172,Manitoba,Churchill District|Fort Churchill District|Fort Churchill Di,York Factory,1911-1929
many_agencies,band_c01173,Manitoba,"CHIPPEWAS, SAULTEAUX AND CREES OF TREATY No. 5|CHIPPEWAS, SA",Black River,1892-1929
many_agencies,band_c01174,Manitoba,CHIPPEWAS AND SAULTEAUX OF TREATY No. 3|CHIPPEWAS AND SAULTE,Buffalo Bay,1892-1924
many_agencies,band_c01176,Manitoba,"CHIPPEWAS AND CREES OF TREATY No. 2|CHIPPEWAS AND CREKS, OF ",Crane River,1892-1929
single_year_band,band_c01179,Manitoba,Portage la Prairie and Manitowapah Agency,Shaol River,1924
many_agencies,band_c01180,Manitoba,BIRTLE Agency|Chippewas and Crees of Treaty No. 2 at:|Manito,Shoal River,1906-1929
many_agencies,band_c01181,Manitoba,Nelson And Churchill Rivers District|Nelson and Churchill Ri,Treaty No. 1,1893-1908
many_agencies,band_c01182,Manitoba,Nelson And Churchill Rivers District|Nelson and Churchill Ri,Treaty No. 2,1893-1908
many_agencies,band_c01184,Manitoba,Nelson And Churchill Rivers District|Nelson and Churchill Ri,Treaty No. 5,1893-1908
many_agencies,band_c01185,Manitoba,"CHIPPEWAS AND SAULTEAUX, OF TREATY No. 3|CHIPPEWAS AND SAULT",Big Island,1892-1917
many_agencies,band_c01186,Manitoba,"CHIPPEWAS, SAULTEAUX AND CREES OF TREATY No. 5|CHIPPEWAS, SA",Blood Vein,1892-1896
many_agencies,band_c01187,Manitoba,"CHIPPEWAS, SAULTEAUX AND CREES OF TREATY No. 5|CHIPPEWAS, SA",Cross Lake,1892-1929
name_variants_clustered,band_c01188,Manitoba,"CHIPPEWAS AND SAULTEAUX, OF TREATY No. 3|Chippewas And Sault","Dalles, The | Dalles, the | The Dalles",1893-1917
many_agencies,band_c01188,Manitoba,"CHIPPEWAS AND SAULTEAUX, OF TREATY No. 3|Chippewas And Sault",The Dalles,1893-1917
many_agencies,band_c01189,Manitoba,"CHIPPEWAS AND SAULTEAUX, OF TREATY No. 3|CHIPPEWAS AND SAULT",Eagle Lake,1892-1917
many_agencies,band_c01190,Manitoba,CHIPPEWAS AND CREES OF TREATY No. 1|Chippewas And Crees Of T,Long Plain,1892-1929
single_year_band,band_c01191,Manitoba,Fisher River Agency,Pekangehum,1917
many_agencies,band_c01192,Manitoba,BIRTLE Agency|Manitowapah Agency|Manitowapah and Portage la ,Pine Creek,1906-1929
many_agencies,band_c01193,Manitoba,Manitowapah Agency|Norway House Agency|Norway House Agency -,Split Lake,1911-1929
name_variants_clustered,band_c01194,Manitoba,"CHIPPEWAS AND SAULTEAUX, OF TREATY No. 3|CHIPPEWAS AND SAULT",Wabushkang | Wabuskang,1892-1917
many_agencies,band_c01194,Manitoba,"CHIPPEWAS AND SAULTEAUX, OF TREATY No. 3|CHIPPEWAS AND SAULT",Wabuskang,1892-1917
many_agencies,band_c01195,Manitoba,"CHIPPEWAS AND SAULTEAUX, OF TREATY No. 3|CHIPPEWAS AND SAULT",Assabasca,1892-1915
many_agencies,band_c01196,Manitoba,Kenora Division|Kenora and Savanna Agencies|Kenora and Savan,Assabaska,1911-1917
name_variants_clustered,band_c01197,Manitoba,Manitowapah Agency|Norway House Agency|Norway House Agency -,God's Lake | Gods Lake,1911-1929
many_agencies,band_c01198,Manitoba,"CHIPPEWAS AND SAULTEAUX, OF TREATY No. 3|CHIPPEWAS AND SAULT",Islington,1892-1917
many_agencies,band_c01199,Manitoba,"CHIPPEWAS, SAULTEAUX AND CREES OF TREATY No. 5|CHIPPEWAS, SA",Jack Head,1892-1914
single_year_band,band_c01200,Manitoba,Manitowapah Agency,Water Hen,1914
many_agencies,band_c01201,Manitoba,"CHIPPEWAS AND CREES OF TREATY No. 2|CHIPPEWAS AND CREKS, OF ",Fairford,1892-1929
name_variants_clustered,band_c01202,Manitoba,BIRTLE Agency|Birtle Agency,Gambler | Gambler (2) | Gambler's | Gamblers,1906-1929
many_agencies,band_c01203,Manitoba,"CHIPPEWAS AND SAULTEAUX, OF TREATY No. 3|CHIPPEWAS AND SAULT",Lac Seul,1892-1917
single_year_band,band_c01204,Manitoba,Chippewas And Saulteaux Of Treaty No. 3,Wabagoon,1896
name_variants_clustered,band_c01205,Manitoba,"CHIPPEWAS AND SAULTEAUX, OF TREATY No. 3|Chippewas And Sault",Wabigon | Wabigoon,1893-1917
many_agencies,band_c01205,Manitoba,"CHIPPEWAS AND SAULTEAUX, OF TREATY No. 3|Chippewas And Sault",Wabigoon,1893-1917
single_year_band,band_c01206,Manitoba,Kenora and Savanne Agency - Con.,Wakigoon,1913
single_year_band,band_c01207,Manitoba,CHIPPEWAS AND SAULTEUX OF TREATY No. 3,Wibigoon,1892
many_agencies,band_c01208,Manitoba,Kenora and Savanna Agencies|Kenora and Savanne Agencies|Keno,Ignace,1911-1917
name_variants_clustered,band_c01210,Manitoba And The North-West Territories,,"Stragglers in the vicinity of Maple Creek and Medicine Hat | Stragglers in the vicinity of Maple Creek, Medicine Hat and Swift Current* | Stragglers in vicinity of Maple Creek and Medicine Hat",1889-1891
name_variants_clustered,band_c01211,Manitoba And The North-West Territories,,"Chippewas and Salteaux and Crees of Treaty No. 4 | Chippewas and Sauteux and Crees of Treaty No. 4 | Chippewas, Salteaux and Crees of Treaty No. 4 | Chippewas, Saulteaux and Crees of Treaty No. 4 | Chippewas, Saulteaux and Crees of Treaty No. 4*",1881-1891
name_variants_clustered,band_c01212,Manitoba And The North-West Territories,,"Chippewas and Salteaux and Crees of Treaty No. 5 | Chippewas and Sauteux and Crees of Treaty No. 5 | Chippewas, Salteaux and Crees of Treaty No. 5 | Chippewas, Saulteaux and Crees of Treaty No. 5 | Chippewas, Sauteux and Crees of Treaty No. 5",1881-1891
name_variants_clustered,band_c01213,Manitoba And The North-West Territories,,Chippewas and Salteaux of Treaty No. 3 | Chippewas and Saulteaux Treaty No. 3 | Chippewas and Sauteux of Treaty No. 3,1881-1891
name_variants_clustered,band_c01214,Manitoba And The North-West Territories,,Plain and Wood Crees Treaty No. 6(t) | Plain and Wood Crees of Treaty No. 6 | Plain and Wood Crees of Treaty No. 6 (t) | Plain and Wood Cress of Treaty No. 6,1881-1891
single_year_band,band_c01217,Manitoba And The North-West Territories,,Chippewas and Crees of Treaty No.,1891
name_variants_clustered,band_c01219,Manitoba And The North-West Territories,,Blackfeet Treaty No. 7 | Blackfeet of Treaty No. 7,1881-1891
name_variants_clustered,band_c01222,Manitoba And The North-West Territories,,Athabasca Disrict | Athabasca District | Athabaska District,1886-1891
single_year_band,band_c01223,Manitoba And The North-West Territories,Rupert'S Land,Little Whale River,1882
single_year_band,band_c01224,Manitoba And The North-West Territories,Rupert'S Land,Long Portage Post,1882
single_year_band,band_c01227,Manitoba And The North-West Territories,Rupert'S Land,Mattamgimigue,1882
single_year_band,band_c01228,Manitoba And The North-West Territories,Rupert'S Land,Moose Factory,1882
single_year_band,band_c01229,Manitoba And The North-West Territories,Rupert'S Land,New Brunswick,1882
single_year_band,band_c01231,Manitoba And The North-West Territories,Athabasca District,Assiniboines,1882
single_year_band,band_c01232,Manitoba And The North-West Territories,Rupert'S Land,Martin's Falls,1882
single_year_band,band_c01233,Manitoba And The North-West Territories,Rupert'S Land,Rupert's House,1882
single_year_band,band_c01234,Manitoba And The North-West Territories,Rupert'S Land,Flying Post,1882
single_year_band,band_c01235,Manitoba And The North-West Territories,Rupert'S Land,Fort George,1882
single_year_band,band_c01236,Manitoba And The North-West Territories,Rupert'S Land,Mettachewan,1882
single_year_band,band_c01237,Manitoba And The North-West Territories,Athabasca District,Plain Crees,1882
single_year_band,band_c01238,Manitoba And The North-West Territories,Athabasca District,Chipweyans,1882
single_year_band,band_c01239,Manitoba And The North-West Territories,Rupert'S Land,Nitchequon,1882
single_year_band,band_c01240,Manitoba And The North-West Territories,Rupert'S Land,Waswanapee,1882
single_year_band,band_c01241,Manitoba And The North-West Territories,Athabasca District,Wood Crees,1882
single_year_band,band_c01242,Manitoba And The North-West Territories,Rupert'S Land,Long Lake,1882
single_year_band,band_c01243,Manitoba And The North-West Territories,Rupert'S Land,Mistasine,1882
single_year_band,band_c01244,Manitoba And The North-West Territories,Rupert'S Land,Osnaburgh,1882
single_year_band,band_c01245,Manitoba And The North-West Territories,Rupert'S Land,Abittibi,1882
single_year_band,band_c01246,Manitoba And The North-West Territories,Athabasca District,Beavers,1882
single_year_band,band_c01247,Manitoba And The North-West Territories,Rupert'S Land,Albany,1882
single_year_band,band_c01248,Manitoba And The Northwest Territories,,"Chippewas, Salteaux and Crees of Treaty No. 4",1888
single_year_band,band_c01249,Manitoba And The Northwest Territories,,"Chippewas, Salteaux and Crees of Treaty No. 5",1888
single_year_band,band_c01250,Manitoba And The Northwest Territories,,Stragglers in vicinity of Maple Creek,1888
single_year_band,band_c01251,Manitoba And The Northwest Territories,,Plain and Wood Crees of Treaty No. 6,1888
single_year_band,band_c01252,Manitoba And The Northwest Territories,,Chippewas and Crees of Treaty No. 1,1888
single_year_band,band_c01253,Manitoba And The Northwest Territories,,Chippewas and Crees of Treaty No. 2,1888
single_year_band,band_c01254,Manitoba And The Northwest Territories,,"Chippewas, Salteaux of Treaty No. 3",1888
single_year_band,band_c01255,Manitoba And The Northwest Territories,,"Labrador, Canadian Interior",1888
single_year_band,band_c01256,Manitoba And The Northwest Territories,,Blackfeet of Treaty No. 7,1888
single_year_band,band_c01257,Manitoba And The Northwest Territories,,Peace River District,1888
single_year_band,band_c01258,Manitoba And The Northwest Territories,,Eastern Rupert's Land,1888
single_year_band,band_c01259,Manitoba And The Northwest Territories,,Athabaska District,1888
single_year_band,band_c01260,Manitoba And The Northwest Territories,,McKenzie District,1888
single_year_band,band_c01261,Manitoba And The Northwest Territories,,Resident Sioux,1888
single_year_band,band_c01262,Manitoba And The Northwest Territories,,Arctic Coast,1888
single_year_band,band_c01263,McKenzie,,McKenzie,1902
single_year_band,band_c01264,Nelson And Churchill Rivers,,"Labrador, Canadian Interior",1893
single_year_band,band_c01265,Nelson And Churchill Rivers,,Eastern Rupert's Land,1893
single_year_band,band_c01267,Nelson And Churchill Rivers,,Arctic Coast,1893
single_year_band,band_c01272,Nelson and Churchill Rivers,Nelson and Churchill Rivers District,Nelson and Churchill Rivers District,1899
name_variants_clustered,band_c01273,New Brunswick,SOUTHWESTERN Agency|Southwestern Agency|Southwestern Divisio,"Charlotte | Charlotte County | Charlotte County* | Indians of Nova Scotia at King's, St.John, Charlotte, York and Queen's Counties | Indians of Nova Scotia in Kings, St. John, Charlotte and Queens Counties | Indians of Nova Scotia in Kings, St. John, Charlotte and Queens Counties* | Indians of Nova Scotia living in Kings, Queens St. Johns and Charlotte Counties | Indians of Nova Scotia living in Kings, Queens, St. John, and Charlotte counties2 | Nowadic Indians of Nova Scotia in Kings, St. John, Charlotte, York and Queens Counties",1887-1929
single_year_band,band_c01274,New Brunswick,SOUTHWESTERN Agency,"Indians of Nova Scotia living in Kings, Queens, St. Johns and Charlotte Counties.2",1916
name_variants_clustered,band_c01275,New Brunswick,A.O. Bastien|BABINE AND UPPER SKEENA RIVER Agency|Indians of,"Indian Island | Indians of Nova Scotia, Prince Edward Island and northern part of New Brunswick",1895-1913
many_agencies,band_c01275,New Brunswick,A.O. Bastien|BABINE AND UPPER SKEENA RIVER Agency|Indians of,Indian Island,1895-1913
name_variants_clustered,band_c01276,New Brunswick,BABINE AND UPPER SKEENA RIVER Agency|Micmacs of Shelburne Co,Micmacs of Westmoreland | Micmacs of Westmoreland County at - | Micmacs of Westmoreland County at Fort Folly (reserve) and vicinity | Micmacs of Westmoreland County at: - | Micmacs of Westmoreland at Fort Folly (reserve) and vicinity | Micmacs of Westmorland County at Fort Folly and vicinity | Micmacs of Westmorland County at Frot Folly and vicinity | Westmoreland,1881-1905
name_variants_clustered,band_c01277,New Brunswick,A.O. Bastien|BABINE AND UPPER SKEENA RIVER Agency|Indians of,"Micmacs of - | Micmacs of Kent | Micmacs of Kent County at - | Micmacs of Kent County at: | Micmacs of Kent County at: - | Micmacs of King's County | Micmacs of King's County at Hampton | Micmacs of King's County at Hampton and vicinity | Micmacs of King's County at Norton Station, Hampton and Sussex | Micmacs of King's County, at Norton",1881-1909
many_agencies,band_c01277,New Brunswick,A.O. Bastien|BABINE AND UPPER SKEENA RIVER Agency|Indians of,Micmacs of -,1881-1909
name_variants_clustered,band_c01278,New Brunswick,Amalecites of Queen's County at Upper and Lower Gagetown|BAB,"Amalecites of Queen's County at Upper Gagetown | Amalecites of Queen's County at Upper and Lower Gagetown | Amalecites of Queen's County, at Upper and Lower Gagetown | Gagetown, Queens County | Gagetown, Queens County* | Queen's County at Upper and Lower Gagetown | Queens County",1895-1929
many_agencies,band_c01278,New Brunswick,Amalecites of Queen's County at Upper and Lower Gagetown|BAB,Queens County,1895-1929
name_variants_clustered,band_c01279,New Brunswick,SOUTHWESTERN Agency|Southwestern Agency|Southwestern Divisio,"Amalicites of York, Sunbury, King's and Queen's County | Amalicites of York, Sunbury, Kings and Queens Counties | King's County | Kings County | Kings County* | York, Sunbury, King's and Queen's County | York, Sunbury, King's and Queen's County. | York, Sunbury, King's and Quenn's County",1881-1929
name_variants_clustered,band_c01280,New Brunswick,A.O. Bastien|Amalecites of Carleton County|Amalecites of Cha,Amalecites of - | Amalecites of Carleton County at - | Amalecites of Carleton County at: | Amalecites of Carleton County at: - | Amalecites of Charlotte County | Amalecites of Charlotte County at St. Andrews | Amalecites of Charlotte County at St. Andrews.,1887-1909
many_agencies,band_c01280,New Brunswick,A.O. Bastien|Amalecites of Carleton County|Amalecites of Cha,Amalecites of Charlotte County,1887-1909
name_variants_clustered,band_c01281,New Brunswick,A.O. Bastien|Amalecites of Madawaska County|Amalecites of Ma,"Amalecites of Madawaska Co. at Edmundston. | Amalecites of Madawaska County at - | Amalecites of Madawaska County at Edmundston | Amalecites of Madawaska County at Edmunston | Amalecites of Madawaska County at: | Amalecites of Madawaska County at: - | Amalecites of Madawaska County, at Edmundston | Amalicites of Madawaska | Madawaska",1881-1909
many_agencies,band_c01281,New Brunswick,A.O. Bastien|Amalecites of Madawaska County|Amalecites of Ma,Madawaska,1881-1909
name_variants_clustered,band_c01282,New Brunswick,Amalecites of Carleton County at Woodstock|Amalecites of Que,"Amalecites of Carleton County at Woodstock | Amalecites of Carleton County at Woodstock. | Amalecites of Carleton County, at Woodstock | Amalecites of Carlton County at Woodstock | Amalecites of Queen's County at: | Amalecites of Queen's County at: - | Amalecites of St. John County",1895-1909
many_agencies,band_c01282,New Brunswick,Amalecites of Carleton County at Woodstock|Amalecites of Que,Amalecites of St. John County,1895-1909
name_variants_clustered,band_c01283,New Brunswick,A.O. Bastien|BABINE AND UPPER SKEENA RIVER Agency|Micmacs of,"Micmacs of Restigouche County at Eel River | Micmacs of Restigouche County at Eel River. | Micmacs of Restigouche County, at Eel River | Restigoucbe | Restigouche | Restigouche County, at Eel River",1887-1902
many_agencies,band_c01283,New Brunswick,A.O. Bastien|BABINE AND UPPER SKEENA RIVER Agency|Micmacs of,Restigouche,1887-1902
name_variants_clustered,band_c01284,New Brunswick,Amalecites of Sunbury County|Amalecites of Sunbury County at,"Amalecites of Sunbury County at - | Amalecites of Sunbury County at Oromocto | Amalecites of Sunbury County at: | Amalecites of Sunbury County at: - | Amalecites of Sunbury County, at Oromocto",1895-1909
many_agencies,band_c01284,New Brunswick,Amalecites of Sunbury County|Amalecites of Sunbury County at,Amalecites of Sunbury County at Oromocto,1895-1909
name_variants_clustered,band_c01285,New Brunswick,Amalecites Victoria County at Tobique|Amalecites of Victoria,"Amalecites Victoria County at Tobique | Amalecites of Victoria County at - | Amalecites of Victoria County at Tobique | Amalecites of Victoria County at Tobique. | Amalecites of Victoria County at: | Amalecites of Victoria County at: - | Amalecites of Victoria County, at Tobique | Amalicites of Victoria | Victoria",1881-1909
many_agencies,band_c01285,New Brunswick,Amalecites Victoria County at Tobique|Amalecites of Victoria,Victoria,1881-1909
name_variants_clustered,band_c01286,New Brunswick,A.O. Bastien|BABINE AND UPPER SKEENA RIVER Agency|Indians of,"Gloucester | Micmacs of Gloucester | Micmacs of Gloucester County at - | Micmacs of Gloucester County at Bathurst | Micmacs of Gloucester County at: | Micmacs of Gloucester County at: - | Micmacs of Gloucester County, at Bathurst",1881-1909
many_agencies,band_c01286,New Brunswick,A.O. Bastien|BABINE AND UPPER SKEENA RIVER Agency|Indians of,Gloucester,1881-1909
name_variants_clustered,band_c01288,New Brunswick,Indians of Labrador Peninsula,Amalecites of King's County at: | Amalecites of King's County at: - | Amalecites of Kings County at Apohaqui | Amalecites of Kings County at: - | Amalecites of York County at Kingsclear | Amalecites of York County at Kingsclear.,1898-1909
name_variants_clustered,band_c01289,New Brunswick,,Amalecites of Queen's County at Gagetown | Amalecites of Queens County at - | Amalecites of Queens County at: -,1898-1909
name_variants_clustered,band_c01290,New Brunswick,A.O. Bastien|Amalecites of King's County|Amalecites of King',"Amalecites of King's County at Apohaqui | Amalecites of King's County, at Apohaqui | Amalecites, King's County at Apohaqui | Apohaqui",1895-1909
many_agencies,band_c01290,New Brunswick,A.O. Bastien|Amalecites of King's County|Amalecites of King',Amalecites of King's County at Apohaqui,1895-1909
name_variants_clustered,band_c01291,New Brunswick,Amalecites of York County|BABINE AND UPPER SKEENA RIVER Agen,Amalecites of York County at | Amalecites of York County at - | Amalecites of York County at St. Mary's | Amalecites of York County at: | Amalecites of York County at: -,1895-1909
single_year_band,band_c01292,New Brunswick,,Micmacs of Kings County (temporarily),1903
name_variants_clustered,band_c01293,New Brunswick,BABINE AND UPPER SKEENA RIVER Agency|Indians of Labrador Pen,Micmacs of Northumberland | Micmacs of Northumberland County at - | Micmacs of Northumberland County at: | Micmacs of Northumberland County at: - | Micmacs of Northumberland County at:— | Northumberland,1881-1909
many_agencies,band_c01293,New Brunswick,BABINE AND UPPER SKEENA RIVER Agency|Indians of Labrador Pen,Northumberland,1881-1909
name_variants_clustered,band_c01294,New Brunswick,A.O. Bastien|BABINE AND UPPER SKEENA RIVER Agency|Indians of,Fort Folly | Fort Folly (reserve) and Vicinity | Fort Folly (reserve) and vicinity | Fort Folly Reserve and Vicinity | Fort Folly Reserve and vicinity | Fort Folly and Vicinity | Fort Folly and vicinity | Fort Folly and vicinty | Fort Folly reserve and vicinity,1895-1924
many_agencies,band_c01294,New Brunswick,A.O. Bastien|BABINE AND UPPER SKEENA RIVER Agency|Indians of,Fort Folly (reserve) and vicinity,1895-1924
name_variants_clustered,band_c01295,New Brunswick,Indians of Labrador Peninsula|Micmacs of Restigouche County,Micmacs of Restigouche | Micmacs of Restigouche County at - | Micmacs of Restigouche County at: | Micmacs of Restigouche County at: -,1881-1909
single_year_band,band_c01297,New Brunswick,,"Amalecites, Charlotte County",1904
name_variants_clustered,band_c01298,New Brunswick,Amalecites of Carleton County|Indians of Labrador Peninsula|,"Woodstock | Woodstock, Carleton Co. | Woodstock, Carleton County | Woodstock.",1903-1929
many_agencies,band_c01298,New Brunswick,Amalecites of Carleton County|Indians of Labrador Peninsula|,Woodstock,1903-1929
name_variants_clustered,band_c01299,New Brunswick,A.O. Bastien|Amalecites of Queen's County|Indians of Labrado,"Gagetown, Upper and Lower | Upper Gagetown | Upper and Lower Gagetown",1897-1912
many_agencies,band_c01299,New Brunswick,A.O. Bastien|Amalecites of Queen's County|Indians of Labrado,Upper and Lower Gagetown,1897-1912
single_year_band,band_c01300,New Brunswick,Northern Superintendency.,Northern Superintendency.,1912
single_year_band,band_c01301,New Brunswick,A.O. Bastien|BABINE AND UPPER SKEENA RIVER Agency,Petitcodiac and vicinity,1897
name_variants_clustered,band_c01303,New Brunswick,A.O. Bastien|Amalecites of Sunbury County|Indians of Labrado,"Oromocto | Oromocto Sunbury County | Oromocto, Sunbury Co. | Oromocto, Sunbury County",1897-1929
many_agencies,band_c01303,New Brunswick,A.O. Bastien|Amalecites of Sunbury County|Indians of Labrado,Oromocto,1897-1929
name_variants_clustered,band_c01304,New Brunswick,A.O. Bastien|BABINE AND UPPER SKEENA RIVER Agency|Micmacs of,Shediac | Shediac and Petitcodiac,1895-1897
name_variants_clustered,band_c01305,New Brunswick,,Amalicites of Carleton | Carleton,1881-1893
name_variants_clustered,band_c01306,New Brunswick,A.O. Bastien|BABINE AND UPPER SKEENA RIVER Agency,Amalecites of St. John | Amalicites of St. Johns | Amalicites of St.Johns | St. John | St. Johns | St.Johns,1881-1897
name_variants_clustered,band_c01307,New Brunswick,SOUTHWESTERN Agency|Southwestern Agency|Southwestern Divisio,"Kingclear, York Co. | Kingsclear, York County",1915-1924
name_variants_clustered,band_c01309,New Brunswick,A.O. Bastien|BABINE AND UPPER SKEENA RIVER Agency|Indians of,Burnt Church | Burnt Church Reserve | Burnt Church reserve,1895-1929
many_agencies,band_c01309,New Brunswick,A.O. Bastien|BABINE AND UPPER SKEENA RIVER Agency|Indians of,Burnt Church,1895-1929
single_year_band,band_c01310,New Brunswick,,Moncton and vicinity,1895
name_variants_clustered,band_c01311,New Brunswick,A.O. Bastien|Amalecites of York County|BABINE AND UPPER SKEE,"St. Mary's | St. Mary's York County | St. Mary's, York Co. | St. Marys, York County",1895-1929
many_agencies,band_c01311,New Brunswick,A.O. Bastien|Amalecites of York County|BABINE AND UPPER SKEE,St. Mary's,1895-1929
single_year_band,band_c01312,New Brunswick,Northeastern Agency,Northeastern Agency.,1912
single_year_band,band_c01313,New Brunswick,Southwestern Agency,Southwestern Agency.,1912
name_variants_clustered,band_c01314,New Brunswick,A.O. Bastien|BABINE AND UPPER SKEENA RIVER Agency|Indians of,Eel Ground | Eel Ground Reserve | Eel Ground reserve,1895-1929
many_agencies,band_c01314,New Brunswick,A.O. Bastien|BABINE AND UPPER SKEENA RIVER Agency|Indians of,Eel Ground,1895-1929
single_year_band,band_c01315,New Brunswick,Northeastern Agency,Fort Folly Reserve,1929
name_variants_clustered,band_c01316,New Brunswick,A.O. Bastien|BABINE AND UPPER SKEENA RIVER Agency|Indians of,Buctouche | Buctouche Reserve | Buctouche reserve,1895-1929
many_agencies,band_c01316,New Brunswick,A.O. Bastien|BABINE AND UPPER SKEENA RIVER Agency|Indians of,Buctouche,1895-1929
name_variants_clustered,band_c01317,New Brunswick,Indians of Labrador Peninsula|Micmacs of Restigouche County|,Eel River | Eel River Reserve | Eel River reserve | Eel river Reserve,1903-1929
many_agencies,band_c01317,New Brunswick,Indians of Labrador Peninsula|Micmacs of Restigouche County|,Eel River,1903-1929
name_variants_clustered,band_c01318,New Brunswick,Indians of Labrador Peninsula|Micmacs of Gloucester County|N,Bathurst | Bathurst Reserve,1903-1929
many_agencies,band_c01318,New Brunswick,Indians of Labrador Peninsula|Micmacs of Gloucester County|N,Bathurst,1903-1929
name_variants_clustered,band_c01319,New Brunswick,A.O. Bastien|BABINE AND UPPER SKEENA RIVER Agency|Indians of,Big Cove | Big Cove Reserve | Big Cove reserve,1895-1929
many_agencies,band_c01319,New Brunswick,A.O. Bastien|BABINE AND UPPER SKEENA RIVER Agency|Indians of,Big Cove,1895-1929
name_variants_clustered,band_c01320,New Brunswick,A.O. Bastien|BABINE AND UPPER SKEENA RIVER Agency|Indians of,Red Band Reserve | Red Bank | Red Bank Reserve | Red Bank reserve,1895-1929
many_agencies,band_c01320,New Brunswick,A.O. Bastien|BABINE AND UPPER SKEENA RIVER Agency|Indians of,Red Bank,1895-1929
single_year_band,band_c01321,New Brunswick,,Northlunberland,1889
name_variants_clustered,band_c01322,New Brunswick,SOUTHWESTERN Agency|Southwestern Agency|Southwestern Divisio,St. John County | St. John's County | St. Johns County,1910-1929
many_agencies,band_c01323,New Brunswick,Arctic Coast Line to Hershell Island|Franklin District (form,New Brunswick,1897-1929
name_variants_clustered,band_c01324,New Brunswick,Micmacs of Kent County,Kent | Kent County at: -,1887-1905
name_variants_clustered,band_c01325,New Brunswick,Amalecites of Madawaska County|Indians of Labrador Peninsula,Edmundston | Edmunston,1903-1929
many_agencies,band_c01325,New Brunswick,Amalecites of Madawaska County|Indians of Labrador Peninsula,Edmundston,1903-1929
many_agencies,band_c01326,New Brunswick,A.O. Bastien|Amalecites of York County|BABINE AND UPPER SKEE,Kingsclear,1895-1929
name_variants_clustered,band_c01327,New Brunswick,NORTHERN Agency|Northern Superintendency.,Edmonston | Edmonton,1914-1916
single_year_band,band_c01328,New Brunswick,,Red Earth,1903
single_year_band,band_c01329,New Brunswick,Agencies.,AGENCIES.,1912
many_agencies,band_c01330,New Brunswick,A.O. Bastien|Amalecites of Victoria County|Indians of Labrad,Tobique,1897-1929
name_variants_clustered,band_c01331,,PIEGAN Agency,"Day and Boarding Schools under 57 Vic., c. 2 | Day, boarding and industrial school, under 57 Vic., c.2",1895-1895
single_year_band,band_c01331,,PIEGAN Agency,"Day, boarding and industrial school, under 57 Vic., c.2",1895
name_variants_clustered,band_c01332,,PIEGAN Agency,"General expenses under 57 Vic., c.2 | Office and miscellaneous expenses under 57 Vic., c.2",1895-1895
single_year_band,band_c01332,,PIEGAN Agency,"General expenses under 57 Vic., c.2",1895
name_variants_clustered,band_c01333,,PIEGAN Agency,"Medical attendance and medicines under 57 Vic., c. 2 | Medical attendance and medicines under 57 Vic., c.2 | Medical attendance and medicines under 58 Vic., c. 2 | Medical attendance and medicines under 58 Vic., c.2",1895-1895
single_year_band,band_c01333,,PIEGAN Agency,"Medical attendance and medicines under 57 Vic., c.2",1895
name_variants_clustered,band_c01334,,PIEGAN Agency,"Annuities and commutations under 57 Vic., c.2 | Sioux under 57 Vic., c.2",1895-1895
single_year_band,band_c01334,,PIEGAN Agency,"Annuities and commutations under 57 Vic., c.2",1895
name_variants_clustered,band_c01335,,PIEGAN Agency,"Implements and tools under 57 Vic., c.2 | Seed, Implements and tools under 57 Vic., c. 2",1895-1895
single_year_band,band_c01335,,PIEGAN Agency,"Implements and tools under 57 Vic., c.2",1895
single_year_band,band_c01336,,PIEGAN Agency,"Steamer 'Vigilant' expenses under 57 Vic., c.2",1895
single_year_band,band_c01337,,PIEGAN Agency,"Field and garden seeds under 57 Vic., c.2",1895
single_year_band,band_c01338,,PIEGAN Agency,"Supplies for destitute under 57 Vic., c.2",1895
single_year_band,band_c01339,,PIEGAN Agency,"Relief and seed grain under 57 Vic., c. 2",1895
single_year_band,band_c01340,,PIEGAN Agency,"Grist and saw-mills under 57 Vic., c.2",1895
single_year_band,band_c01341,,,Nelson and Churchill Rivers District,1900
single_year_band,band_c01342,,PIEGAN Agency,"Travelling expenses under 57 Vic., c.2",1895
single_year_band,band_c01343,,PIEGAN Agency,"Industrial Schools under 57 Vic., c.2",1895
single_year_band,band_c01344,,PIEGAN Agency,"Relief of distress under 57 Vic., c. 2",1895
single_year_band,band_c01345,,PIEGAN Agency,"Reserve Commission under 57 Vic., c. 2",1895
single_year_band,band_c01346,,PIEGAN Agency,"Triennial clothing under 57 Vic., c.2",1895
single_year_band,band_c01347,,PIEGAN Agency,"Farm maintenance under 57 Vic., c.2",1895
single_year_band,band_c01348,,Assiniboine Reserve,The-man-who-took-the-coat or Jack.,1886
name_variants_clustered,band_c01349,,Touchwood Hills,Poor Man | Poor Man or Tah-we-ke-si-qua-pe,1886-1893
name_variants_clustered,band_c01350,,PIEGAN Agency,"Miscellaneous under 57 Vic., c. 2 | Miscellaneous under 57 Vic., c.2 | Miscellaneous under 58 Vic., c.2",1895-1895
single_year_band,band_c01350,,PIEGAN Agency,"Miscellaneous under 57 Vic., c. 2",1895
single_year_band,band_c01351,,PIEGAN Agency,"Farm wages under 57 Vic., c.2",1895
single_year_band,band_c01352,,PIEGAN Agency,"Live stock under 57 Vic., c.2",1895
single_year_band,band_c01353,,,Rivière Aux Liards District,1900
single_year_band,band_c01354,,PIEGAN Agency,"Buildings under 57 Vic., c.2",1895
name_variants_clustered,band_c01355,,,Athabaska district | Eastern Athabasca District,1900-1905
single_year_band,band_c01357,,,Great Slave Lake District,1900
name_variants_clustered,band_c01358,,Battleford,Little Pine | Little Pine and Lucky Man,1886-1893
single_year_band,band_c01359,,PIEGAN Agency,"Salaries under 57 Vic., c. 2",1895
name_variants_clustered,band_c01360,,,Lower Mackenzie District | Mackenzie | Upper Mackenzie District,1900-1905
name_variants_clustered,band_c01361,,PIEGAN Agency,"Surveys under 57 Vic., c.2 | Surveys under 58 Vic., c.2",1895-1895
single_year_band,band_c01361,,PIEGAN Agency,"Surveys under 57 Vic., c.2",1895
single_year_band,band_c01363,,Blood,Red Crow and Day Chief,1893
single_year_band,band_c01364,,,Northwest Territories,1900
single_year_band,band_c01365,,,Prince Edward Island,1900
name_variants_clustered,band_c01366,,Carlton|Onion Lake,Mistawasis | Weemistacoosneawasis,1893-1893
single_year_band,band_c01366,,Carlton|Onion Lake,Mistawasis,1893
single_year_band,band_c01367,,Prince Albert,Che-kas-tay-pay-sin,1886
single_year_band,band_c01368,,Onion Lake,Pus-keeah-kee-wenin,1893
name_variants_clustered,band_c01369,,Duck Lake|Prince Albert,Cumberland | Cumberland Indians,1886-1893
single_year_band,band_c01370,,Prince Albert,Ko-pah-a-wa-ke-num,1886
single_year_band,band_c01371,,Birtle Agency,Kee-se-koo-we-nin,1886
single_year_band,band_c01373,,BLOOD Agency,Sister Z. St. Louis,1895
single_year_band,band_c01374,,PIEGAN Agency,'Take-enemies-arms',1895
single_year_band,band_c01375,,,British Columbia,1900
single_year_band,band_c01376,,Assiniboine,Carry-the-Kettle,1893
single_year_band,band_c01377,,HOBBEMA Agency,Gilbert Whitford,1895
single_year_band,band_c01378,,Crooked Lakes,Ka-ke-wis-ta-haw,1886
single_year_band,band_c01379,,BLACKFOOT Agency,'Old-Woman-at-War',1895
single_year_band,band_c01380,,Birtle Agency,Shap-way-na-tung,1886
single_year_band,band_c01381,,BLOOD Agency,Sister St. Eusèbe,1895
single_year_band,band_c01382,,Peigan,Standing Buffalo,1893
single_year_band,band_c01383,,Prince Albert,Ah-tah-kah-koop,1886
name_variants_clustered,band_c01384,,Peigan,Cree Stragglers | Stragglers,1893-1893
single_year_band,band_c01384,,Peigan,Stragglers,1893
single_year_band,band_c01385,,Prince Albert,Ken-ne-mo-ta-yo,1886
single_year_band,band_c01386,,Mus-cow-pe-tung,Mus-cow-pe-tung,1886
single_year_band,band_c01387,,SADDLE LAKE Agency,Norman McDonald,1895
single_year_band,band_c01389,,BATTLEFORD AGENCY - Continued.,"S.T. Macadam, M.D.",1895
single_year_band,band_c01390,,Carlton,William Charles,1893
single_year_band,band_c01391,,,Yukon Territory,1905
single_year_band,band_c01392,,SARCEE Agency,A. Kemeys-Tynte,1895
single_year_band,band_c01393,,BLOOD Agency,"F.X. Girard, M.D.",1895
single_year_band,band_c01394,,PIEGAN Agency,Geo.F. Maxfield,1895
single_year_band,band_c01395,,BATTLEFORD Agency,Justus Willson,1895
single_year_band,band_c01396,,Touchwood Hills,Mus-cow-e-quan,1886
single_year_band,band_c01397,,Crooked Lakes,Ou-cha-pow-ace,1886
single_year_band,band_c01398,,Blackfoot,Running Rabbit,1893
single_year_band,band_c01399,,Onion Lake,See-kas-kootch,1893
single_year_band,band_c01400,,,Yukon District,1900
single_year_band,band_c01401,,BLOOD Agency,'Bobtailed Dog',1895
single_year_band,band_c01402,,BLOOD Agency,C.W.H. Sanders,1895
single_year_band,band_c01403,,EDMONTON Agency,Chas. de Cazes,1895
single_year_band,band_c01405,,BLACKFOOT Agency,Jas. Appikokie,1895
name_variants_clustered,band_c01406,,Edmonton|ONION LAKE Agency,Joseph | Joseph Taylor,1893-1895
single_year_band,band_c01407,,Carlton,Kapahawekenum,1893
single_year_band,band_c01408,,Birtle Agency,Kee-see-house,1886
single_year_band,band_c01409,,Carlton Agency,Louis Couture,1895
single_year_band,band_c01410,,,New Brunswick,1900
single_year_band,band_c01411,,Prince Albert,Pe-te-qua-key,1886
single_year_band,band_c01412,,Birtle Agency,Pheasant Rump,1886
name_variants_clustered,band_c01413,,Battleford,Red Pheasant | Red Pheasants,1886-1893
single_year_band,band_c01414,,BLOOD Agency,'Running Crane',1895
single_year_band,band_c01415,,Saddle Lake,Thomas Hunter,1893
name_variants_clustered,band_c01416,,Battleford,Thunder Child | Thunderchild,1886-1893
single_year_band,band_c01417,,EDMONTON Agency,W.J. O'Donnell,1895
single_year_band,band_c01419,,SADDLE LAKE Agency,Chas. de Gear,1895
single_year_band,band_c01420,,BATTLEFORD Agency,F.A.D. Bourke,1895
single_year_band,band_c01421,,BLACKFOOT Agency,G.H. Wheatley,1895
single_year_band,band_c01422,,Carlton Agency,Hilton Keith,1895
single_year_band,band_c01423,,Carlton,James Robert,1893
single_year_band,band_c01424,,Saddle Lake,James Seenum,1893
single_year_band,band_c01425,,BLOOD Agency,James Wilson,1895
single_year_band,band_c01426,,Carlton,Keneemotayee,1893
single_year_band,band_c01427,,Peigan,Little Chief,1893
single_year_band,band_c01428,,Muscowpetung,Muscowpetung,1893
single_year_band,band_c01429,,PIEGAN Agency,'North Piegan',1895
name_variants_clustered,band_c01430,,Battleford|Birtle Agency,Lean Man | Ocean Man or,1886-1893
name_variants_clustered,band_c01431,,File Hills,Okanees | Okanees Star,1886-1893
single_year_band,band_c01432,,Onion Lake,Ooneepowhayo,1893
single_year_band,band_c01433,,BATTLEFORD Agency,P.J. Williams,1895
single_year_band,band_c01434,,Carlton,Pelican Lake,1893
single_year_band,band_c01435,,BATTLEFORD AGENCY - Continued.,Peter Taylor,1895
single_year_band,band_c01436,,PIEGAN Agency,'Plenty Robes',1895
single_year_band,band_c01437,,Carlton Agency,Rupert Pratt,1895
name_variants_clustered,band_c01438,,File Hills,Blanket | Star Blanket,1886-1893
single_year_band,band_c01440,,Carlton,Ahtahkakoop,1893
single_year_band,band_c01441,,HOBBEMA Agency,C.J. Johnson,1895
single_year_band,band_c01442,,BLOOD Agency,F.D. Freeman,1895
single_year_band,band_c01443,,SARCEE Agency,Geo. Hodgson,1895
single_year_band,band_c01445,,ONION LAKE Agency,John Carney,1895
single_year_band,band_c01446,,Onion Lake,Kee-hee-win,1893
single_year_band,band_c01447,,BLACKFOOT Agency,Magnus Begg,1895
single_year_band,band_c01448,,Touchwood Hills,Muscowequan,1893
single_year_band,band_c01449,,,Nova Scotia,1900
single_year_band,band_c01450,,Crooked Lakes,Ouch-an-ess,1886
single_year_band,band_c01451,,Birtle Agency,South Quill,1886
single_year_band,band_c01453,,Birtle Agency,The Gambler,1886
single_year_band,band_c01454,,BLACKFOOT Agency,Thos. Lauder,1895
single_year_band,band_c01455,,,Tsimpsheean,1886
single_year_band,band_c01456,,Carlton Agency,A.J. Coburn,1895
single_year_band,band_c01457,,,Bellacoola,1886
single_year_band,band_c01458,,Saddle Lake,Blue Quill,1893
single_year_band,band_c01459,,BLOOD Agency,C.H. Clarke,1895
single_year_band,band_c01460,,Crooked Lakes,Cow-e-sees,1886
single_year_band,band_c01461,,Peigan,Crow Eagle,1893
single_year_band,band_c01462,,Hobbema,Ermineskin,1893
single_year_band,band_c01463,,SADDLE LAKE Agency,G.H. Harpur,1895
single_year_band,band_c01464,,Carlton Agency,H.W. Halpin,1895
single_year_band,band_c01465,,BLOOD Agency,'Heavy Head',1895
single_year_band,band_c01466,,BLACKFOOT Agency,J. Lawrence,1895
single_year_band,band_c01467,,ONION LAKE Agency,John Bangs,1895
single_year_band,band_c01468,,EDMONTON Agency,John Foley,1895
single_year_band,band_c01470,,Hobbema,Louis Bull,1893
single_year_band,band_c01471,,Prince Albert,Mistowasis,1886
single_year_band,band_c01472,,SARCEE Agency,P.L. Grasse,1895
single_year_band,band_c01473,,Carlton,Petaquakey,1893
single_year_band,band_c01475,,SARCEE Agency,'The Sarcee',1895
single_year_band,band_c01476,,BLACKFOOT Agency,Thos. Scott,1895
single_year_band,band_c01477,,Sioux,W.R. Tucker,1895
single_year_band,band_c01478,,Saddle Lake,Wahsatanow,1893
single_year_band,band_c01479,,Birtle Agency,White Bear,1886
single_year_band,band_c01480,,BLOOD Agency,A.E. Jones,1895
single_year_band,band_c01481,,HOBBEMA Agency,A.E. Moore,1895
single_year_band,band_c01482,,Edmonton,Alexander,1893
single_year_band,band_c01484,,Sarcee,Bull Head,1893
single_year_band,band_c01485,,HOBBEMA Agency,D.L. Clink,1895
single_year_band,band_c01486,,BLOOD Agency,Ed. McNeil,1895
single_year_band,band_c01487,,Peigan,Ha-we-eda,1893
single_year_band,band_c01488,,,Hiletsuck,1886
single_year_band,band_c01489,,PIEGAN Agency,J.W. Smith,1895
single_year_band,band_c01490,,SADDLE LAKE Agency,John Ross,1895
single_year_band,band_c01491,,Battleford,Lucky Man,1886
single_year_band,band_c01493,,BATTLEFORD Agency,P. Tomkins,1895
single_year_band,band_c01494,,Peigan,Padamonee,1893
single_year_band,band_c01495,,Sioux,R.W. Scott,1895
single_year_band,band_c01496,,SARCEE Agency,S.B. Lucas,1895
single_year_band,band_c01497,,Crooked Lakes,Sa-ki-may,1886
single_year_band,band_c01498,,Hobbema,Sharphead,1893
single_year_band,band_c01499,,SARCEE Agency,Tom Godin,1895
single_year_band,band_c01500,,Peigan,U.S. Sioux,1893
single_year_band,band_c01501,,BLACKFOOT Agency,W.M. Baker,1895
single_year_band,band_c01502,,Peigan,White Cap,1893
single_year_band,band_c01503,,EDMONTON Agency,A.E. Lake,1895
single_year_band,band_c01504,,Sarcee,Bear's Paw,1893
single_year_band,band_c01505,,Duck Lake,Big Head,1893
single_year_band,band_c01506,,Sarcee,Chiniquy,1893
single_year_band,band_c01508,,PIEGAN Agency,'Dog's Head',1895
single_year_band,band_c01509,,ONION LAKE Agency,G.G. Mann,1895
single_year_band,band_c01510,,PIEGAN Agency,H. Dunbar,1895
single_year_band,band_c01511,,PIEGAN Agency,H.H. Nash,1895
single_year_band,band_c01512,,Saddle Lake,Kaquanum,1893
single_year_band,band_c01513,,,Keewatin,1905
single_year_band,band_c01514,,Onion Lake,Kinoosay,1893
single_year_band,band_c01515,,BLACKFOOT Agency,Kitchips,1895
single_year_band,band_c01516,,,Kootenay,1886
single_year_band,band_c01517,,,Manitoba,1900
single_year_band,band_c01520,,Battleford,Napahase,1886
single_year_band,band_c01522,,Saddle Lake,Peeaysis,1893
single_year_band,band_c01523,,Mus-cow-pe-tung,Pi-a-pot,1886
single_year_band,band_c01524,,BATTLEFORD Agency,S. Warden,1895
single_year_band,band_c01525,,,Siccanee,1886
single_year_band,band_c01526,,BATTLEFORD AGENCY - Continued.,Wm. Smith,1895
single_year_band,band_c01527,,Saddle Lake,Antoine,1893
single_year_band,band_c01528,,BLOOD Agency,D. Mills,1895
single_year_band,band_c01529,,Blackfoot,Old Sun,1893
single_year_band,band_c01530,,,Ontario,1900
single_year_band,band_c01531,,Edmonton,Orphans,1893
single_year_band,band_c01533,,Hobbema,Sampson,1893
single_year_band,band_c01534,,,Tahelie,1886
single_year_band,band_c01535,,Birtle Agency,The Key,1886
single_year_band,band_c01536,,Carlton Agency,W. Giles,1895
single_year_band,band_c01537,,PIEGAN Agency,W.R. Cox,1895
single_year_band,band_c01539,,Edmonton,Michel,1893
single_year_band,band_c01540,,Muscowpetung,Piapot,1893
single_year_band,band_c01541,,,Quebec,1900
single_year_band,band_c01542,,HOBBEMA Agency,R. Beer,1895
single_year_band,band_c01543,,BATTLEFORD AGENCY - Continued.,R. Mair,1895
single_year_band,band_c01544,,,Ungava,1900
single_year_band,band_c01545,,Edmonton|Peigan,Enoch,1893
single_year_band,band_c01546,,,Hydah,1886
single_year_band,band_c01547,,Sarcee,Jacob,1893
single_year_band,band_c01548,,Birtle Agency,Côté,1886
single_year_band,band_c01549,,Edmonton,Paul,1893
single_year_band,band_c01550,North-West Coast,,Skidegette and Gold Harbor,1889
single_year_band,band_c01551,North-West Coast,,"Wil-skish-tum, Wilwilgett",1889
single_year_band,band_c01552,North-West Coast,,Lack-al-sap (Greenville),1889
single_year_band,band_c01553,North-West Coast,,Kitan-man (Hayeltin),1889
single_year_band,band_c01554,North-West Coast,,Bands not visited,1889
single_year_band,band_c01555,North-West Coast,,Kitwint-cool,1889
single_year_band,band_c01556,North-West Coast,,O-wee-kay-no,1889
single_year_band,band_c01557,North-West Coast,,Kitse-cuhla,1889
single_year_band,band_c01558,North-West Coast,,Kitwint-gaa,1889
single_year_band,band_c01559,North-West Coast,,Quish-eilla,1889
single_year_band,band_c01560,North-West Coast,,Kinisquitt,1889
single_year_band,band_c01561,North-West Coast,,Kish-pi-uk,1889
single_year_band,band_c01562,North-West Coast,,Kishke-gas,1889
single_year_band,band_c01563,North-West Coast,,Metlakatla,1889
single_year_band,band_c01564,North-West Coast,,Hiletsuck,1889
single_year_band,band_c01565,North-West Coast,,Kitsalass,1889
single_year_band,band_c01566,North-West Coast,,Kitt-lope,1889
single_year_band,band_c01567,North-West Coast,,Kitamatt,1889
single_year_band,band_c01568,North-West Coast,,Kull-doa,1889
single_year_band,band_c01569,North-West Coast,,Siccanee,1889
single_year_band,band_c01570,North-West Coast,,Massett,1889
single_year_band,band_c01571,North-West Coast,,Tahelie,1889
single_year_band,band_c01572,North-West Coast,,Tallium,1889
single_year_band,band_c01573,Northern,Fort Murray District,Fort Nelson (Slaves and Sicannies),1915
name_variants_clustered,band_c01574,Northern,Fort Chipewyan District|Fort Murray District|Fort Resolution,Chipewyan | Chipewyans | Cree and Chipewyan Stragglers,1915-1915
single_year_band,band_c01574,Northern,Fort Chipewyan District|Fort Murray District|Fort Resolution,Chipewyans,1915
name_variants_clustered,band_c01575,Northern,Fort Murray District|Lesser Slave Lake Agency,"Athabasca Landing, Stragglers | Stragglers",1915-1915
single_year_band,band_c01575,Northern,Fort Murray District|Lesser Slave Lake Agency,"Athabasca Landing, Stragglers",1915
single_year_band,band_c01576,Northern,Lesser Slave Lake Agency,Fond du Lac (Chipewyans),1915
single_year_band,band_c01577,Northern,Fort Resolution District,Fort Smith (Chipewyan),1915
single_year_band,band_c01578,Northern,Fort Resolution District,Hay River (Slaves),1915
single_year_band,band_c01579,Northern,Fort Resolution District,Yellow Knife,1915
single_year_band,band_c01580,Northern,Fort Resolution District,Dog Rib,1915
single_year_band,band_c01581,Northern,Fort Chipewyan District,Crees,1915
single_year_band,band_c01582,Northwest Territories And Other Unorganized Distri8,Ungava District.,Little Whale River,1912
single_year_band,band_c01583,Northwest Territories And Other Unorganized Distri8,Ungava District.,Great Whale River,1912
single_year_band,band_c01584,Northwest Territories And Other Unorganized Distri8,Ungava District.,Nomads (estimated),1912
single_year_band,band_c01585,Northwest Territories And Other Unorganized Distri8,Ungava District.,Nichikun Post,1912
single_year_band,band_c01586,Northwest Territories And Other Unorganized Distri8,Ungava District.,Fort George,1912
single_year_band,band_c01587,Northwest Territories And Other Unorganized Distri8,Ungava District.,Fort Chimo,1912
single_year_band,band_c01588,Northwestern Territories,,Northwestern Territories,1912
name_variants_clustered,band_c01589,Nova Scotia,Cumberland County|Cumberland County.|Indians of Labrador Pen,Franklin | Franklin Manor | Franklin Manor (Reserve) and vicinity | Franklin Manor (reserve) | Franklin Manor (reserve) & vicinity | Franklin Manor (reserve) Vicinity | Franklin Manor (reserve) and vicinity | Micmacs of CumVierland County at Franklin Manor (reserve) and vicinity.. | Micmacs of Cumberland County at: - Franklin Manor (reserve) and vicinity,1898-1914
many_agencies,band_c01589,Nova Scotia,Cumberland County|Cumberland County.|Indians of Labrador Pen,Franklin Manor,1898-1914
name_variants_clustered,band_c01590,Nova Scotia,BABINE AND UPPER SKEENA RIVER Agency|Indians of Labrador Pen,Micimacs of Pictou County at Fisher's Grant and Chapel Island reserves | Micmacs Of Hants County at: - | Micmacs of - | Micmacs of Hants | Micmacs of Hants County at - | Micmacs of Hants County at: - | Micmacs of Richmond County at Chapel Island (Reserve) | Micmacs of Richmond County at Chapel Island (reserve) | Mimacs of -,1881-1909
many_agencies,band_c01590,Nova Scotia,BABINE AND UPPER SKEENA RIVER Agency|Indians of Labrador Pen,Micmacs of -,1881-1909
name_variants_clustered,band_c01591,Nova Scotia,Annapolis County|Annapolis County.|Con.|Eskasoni (Cape Breto,Micmac | Micmacs | Micmacs * | Micmacs - | Micmacs of Inverness County at - | Micmacs of Inverness County at Whycocouiagh (reserve) | Micmacs of Inverness County at: - | Micmacs of Inverness County at: - Whycocomagh (reserve) | Micmacs of King's County | Micmacs of King's County at - | Micmacs of King's County at: | Micmacs of King's County at: - | Micmacs of Kings County | Micmacs of Kings County at: -,1881-1929
many_agencies,band_c01591,Nova Scotia,Annapolis County|Annapolis County.|Con.|Eskasoni (Cape Breto,Micmacs,1881-1929
name_variants_clustered,band_c01592,Nova Scotia,Indians of Labrador Peninsula|Micmacs of Lunenburg County,Lunenburg | Micmacs of Lunenburg | Micmacs of Lunenburg County at - | Micmacs of Lunenburg County at New Germany (reserve) | Micmacs of Lunenburg County at: - | Micmacs of Lunenburg County at: - New Germany (reserve) | Micmocs of Lunenburg County at New Germany (reserve),1881-1908
name_variants_clustered,band_c01593,Nova Scotia,Indians of Labrador Peninsula|Micmacs of Colchester County,Colchester | Micmacs of Colchester | Micmacs of Colchester County at - | Micmacs of Colchester County at: - | Micmacs of Colchester County at: - Millbrook (reserve),1881-1909
single_year_band,band_c01594,Nova Scotia,,"Antigonish and Guysboro', W.C. Chisholm, Agt., Dist. No. 9",1892
name_variants_clustered,band_c01595,Nova Scotia,Micmacs of Inverness County at:|Micmacs of Pictou County,Micmacs of Pictou | Micmacs of Pictou County at - | Micmacs of Pictou County at: - | Micmacs of Pictou County at: - Fisher's Grant (reserve) | Pictou,1881-1909
name_variants_clustered,band_c01596,Nova Scotia,Micmacs of Antigonish County|Micmacs of Queens County,Micmacs of Victoria | Micmacs of Victoria County at - | Micmacs of Victoria County at Middle River (Reserve) | Micmacs of Victoria County at Middle River (reserve) | Micmacs of Victoria County at Middle River Reserve | Micmacs of Victoria County at: - | Victoria,1881-1908
name_variants_clustered,band_c01597,Nova Scotia,,"Annapolis | Annapolis, Digby and Shelburne | Annapolis, Digby, Yarmouth and Shelburne | Micmacs of Annapolis, Digby, Yarmouth and Shelburne",1881-1891
name_variants_clustered,band_c01598,Nova Scotia,Micmacs of Halifax County,"Elmsdale, Wellington, Bedford and Windsor .Innction | Elmsdale, Wellington, Bedford and Windsor Junction | Wellington and Windsor Junction | Wellington, Bedford and Windsor, Junction | Wellington. Windsor Junction, Bedford and Elmsdale | Windsor Junction",1898-1904
name_variants_clustered,band_c01599,Nova Scotia,A.O. Bastien|BABINE AND UPPER SKEENA RIVER Agency|Con.|Micma,County at: - | Digby County | Digby County. | Micmacs of Digby Count at - | Micmacs of Digby County | Micmacs of Digby County at - | Micmacs of Digby County at Hear River (reserve) | Micmacs of Digby County at: - | Micmacs of Digby County at: - Bear River (reserve),1897-1910
many_agencies,band_c01599,Nova Scotia,A.O. Bastien|BABINE AND UPPER SKEENA RIVER Agency|Con.|Micma,Micmacs of Digby County,1897-1910
name_variants_clustered,band_c01600,Nova Scotia,Indians of Labrador Peninsula|Micmacs of Cumberland County|M,Indian Brook (reserve) | Micmacs of Hant's County at Indian Brook (Reserve) | Micmacs of Hants Co. at Indian Br'k (Reserve). | Micmacs of Hants County at Indian Brook (Reserve) | Micmacs of Hants County at Indian Brook (reserve),1898-1909
name_variants_clustered,band_c01601,Nova Scotia,A.O. Bastien|BABINE AND UPPER SKEENA RIVER Agency|Con.|India,Micmacs of Shelburne County at - | Micmacs of Shelburne County at: - | Micmacs of Shelburne County at: - Jordan River | Shelburn | Shelburne | Shelburne County | Shelburne County.,1890-1913
many_agencies,band_c01601,Nova Scotia,A.O. Bastien|BABINE AND UPPER SKEENA RIVER Agency|Con.|India,Micmacs of Shelburne County at: -,1890-1913
name_variants_clustered,band_c01602,Nova Scotia,A.O. Bastien|BABINE AND UPPER SKEENA RIVER Agency|Con.|Queen,"In Queen's County temporarily - | Queen's | Queen's County | Queen's County temporarily | Queen's County, temporarily: - Milton's Port Mouton | Queens County.",1887-1912
many_agencies,band_c01602,Nova Scotia,A.O. Bastien|BABINE AND UPPER SKEENA RIVER Agency|Con.|Queen,Queen's,1887-1912
name_variants_clustered,band_c01603,Nova Scotia,A.O. Bastien|BABINE AND UPPER SKEENA RIVER Agency,"Antigonish and Guysboro | Antigonish and Guysboro' | Antigonish and Guysboro' - W.C. Chisholm, Agent | Antigonish and Guysboro' Counties",1887-1897
name_variants_clustered,band_c01604,Nova Scotia,,"Cape Breton, Rev. A. Cameron, Agt., Dist. No. 13 | Cape Breton, Rev. A. Cameron, D.D., Agt., Dist. No. 13",1892-1893
name_variants_clustered,band_c01605,Nova Scotia,A.O. Bastien|BABINE AND UPPER SKEENA RIVER Agency|Hants Coun,Hants County | Hants County. | Micmacs of Antigonish County at - | Micmacs of Antigonish County at Sunimerside | Micmacs of Antigonish County at: | Micmacs of Antigonish County at: - | Micmacs of Antigonish County at: - Summerside,1897-1912
many_agencies,band_c01605,Nova Scotia,A.O. Bastien|BABINE AND UPPER SKEENA RIVER Agency|Hants Coun,Micmacs of Antigonish County at: -,1897-1912
name_variants_clustered,band_c01606,Nova Scotia,Antigonish County|Antigonish County including Guysborough Co,Guysborough | Guysborough County at Guysborough | Guysborough County at: - | Guysborough County. | Micmacs of Guysborough County at Guysborough | Micmacs of Guysborough County at Guysborough - | Micmacs of Guysborough County at: | Micmacs of Guysborough County at: - | Micmacs uf Guysborough County at Guysborough,1898-1916
many_agencies,band_c01606,Nova Scotia,Antigonish County|Antigonish County including Guysborough Co,Guysborough,1898-1916
name_variants_clustered,band_c01607,Nova Scotia,Indians of Labrador Peninsula|Micmacs of Halifax County,Halifax | Micmacs of Halifax | Micmacs of Halifax County at - | Micmacs of Halifax County at Sheet Harbour | Micmacs of Halifax County at: - | Micmacs of Halifax County at: - Sheet Harbour,1881-1909
name_variants_clustered,band_c01608,Nova Scotia,Indians of Labrador Peninsula|Kings County|Kings County.|Mic,Cambridge | Cambridge (Reserve) | Cambridge (reserve) | Micmacs of King's County at Cambridge (reserve),1898-1913
many_agencies,band_c01608,Nova Scotia,Indians of Labrador Peninsula|Kings County|Kings County.|Mic,Cambridge (reserve),1898-1913
name_variants_clustered,band_c01609,Nova Scotia,Halifax County|Indians of Labrador Peninsula|Micmacs of Hali,"Fall River | Fall River, Windsor Junction and Wellington",1905-1913
name_variants_clustered,band_c01610,Nova Scotia,A.O. Bastien|BABINE AND UPPER SKEENA RIVER Agency|Indians of,Annapolis County | Micmacs of Annapolis County | Micmacs of Annapolis County at - | Micmacs of Annapolis County at Lequiile | Micmacs of Annapolis County at: - | Micmacs of Annapolis County at: - Lequille,1897-1908
many_agencies,band_c01610,Nova Scotia,A.O. Bastien|BABINE AND UPPER SKEENA RIVER Agency|Indians of,Micmacs of Annapolis County,1897-1908
name_variants_clustered,band_c01612,Nova Scotia,Indians of Labrador Peninsula|Micmacs of Pictou County|Micma,Chapel Island | Chapel Island (reserve) | Fisher's Grant and Chapel Island (reserves),1901-1914
many_agencies,band_c01612,Nova Scotia,Indians of Labrador Peninsula|Micmacs of Pictou County|Micma,Chapel Island (reserve),1901-1914
name_variants_clustered,band_c01613,Nova Scotia,,"Halifax, Rev. D. O'Sullivan, Dist. No. 5 | Halifax, Rev. D.O. Sullivan, Agt., Dist. No. 5",1892-1893
single_year_band,band_c01617,Nova Scotia,,"Shelburne, J. J. E. de Molliter, Dist. No. 15",1893
name_variants_clustered,band_c01618,Nova Scotia,,"Cape Breton | Cape Breton - Rev. A. Cameron, D.D. Agent | Cape Breton - Rev. A. Cameron, D.D., Agent",1887-1896
name_variants_clustered,band_c01619,Nova Scotia,A.O. Bastien|BABINE AND UPPER SKEENA RIVER Agency|Con.|Kings,King's County | Kings County | Kings County. | Micmacs of King's County at: - Kentville,1887-1912
many_agencies,band_c01619,Nova Scotia,A.O. Bastien|BABINE AND UPPER SKEENA RIVER Agency|Con.|Kings,King's County,1887-1912
single_year_band,band_c01620,Nova Scotia,,"Shelburne, E.T. Ferguson, Agt., Dist. No. 15.",1892
name_variants_clustered,band_c01621,Nova Scotia,Halifax County|Halifax County.|Indians of Labrador Peninsula,Sheet Harbour | Sheet Harbour and Musquodoboit | Sheet Harbour and Upper Musquodoboit,1898-1917
many_agencies,band_c01621,Nova Scotia,Halifax County|Halifax County.|Indians of Labrador Peninsula,Sheet Harbour,1898-1917
name_variants_clustered,band_c01622,Nova Scotia,,"Victoria, Rev. R. Grant, Agt., Dist. No. 12 | Victoria, Rev. R. McNeil, Agt., Dist. No. 12",1892-1893
name_variants_clustered,band_c01623,Nova Scotia,,"Lunenburg - Rev. Thos. J. Butler, Agent | Queen's - Rev. Thos. J. Butler, Agent",1895-1896
name_variants_clustered,band_c01624,Nova Scotia,Indians of Labrador Peninsula|Micmacs of Queens County,Micmacs of Queen's County at - | Micmacs of Queen's County at Milton | Micmacs of Queen's County at: - | Micmacs of Queen's County at: - Milton | Micmacs of Queens | Micmacs of Queens County at: -,1881-1908
name_variants_clustered,band_c01626,Nova Scotia,,"Colchester, D. H. Muir, M.D. Dist. No. 6b | Colchester, D.H. Muir, Agt., Dist. No. 6b",1892-1893
name_variants_clustered,band_c01627,Nova Scotia,,Cole Harbour (reserve) and Dartmouth | Yarmouth (reserve),1903-1909
single_year_band,band_c01629,Nova Scotia,,Moser's River and Upper Musquodoboit,1904
name_variants_clustered,band_c01631,Nova Scotia,,"Cumberland, F. A. Rand, M.D. Dist. No. 7 | Cumberland, F.A. Rand, Agt., Dist. No. 7",1892-1893
name_variants_clustered,band_c01632,Nova Scotia,,"Richmond | Richmond - Rev. J.C. Chisholm, Agent",1887-1896
single_year_band,band_c01633,Nova Scotia,,"Shelburne - J.J.E. deMolitor, Agent",1895
name_variants_clustered,band_c01634,Nova Scotia,Cumberland County|Indians of Labrador Peninsula|Micmacs of C,Spring Hill Junction and vicinity | Springhill Junction | Springhill Junction and vicinity,1898-1913
many_agencies,band_c01634,Nova Scotia,Cumberland County|Indians of Labrador Peninsula|Micmacs of C,Springhill Junction,1898-1913
name_variants_clustered,band_c01637,Nova Scotia,,"Digby, F. McDormand, Agt., Dist. No. 1b | Digby, F. McDormand, Dist. No. 1b",1892-1893
name_variants_clustered,band_c01638,Nova Scotia,,"Halifax - Rev. D. O'Sullivan, Ag't | Halifax - Rev. D. O'Sullivan, Agent",1895-1896
name_variants_clustered,band_c01640,Nova Scotia,,"Cumberland | Cumberland - F.A. Rand, M.D. Agent | Cumberland - F.A. Rand, M.D., Agent",1887-1896
single_year_band,band_c01641,Nova Scotia,Micmacs of Westmoreland County,Fort Folly (reserve) and vicinity,1902
name_variants_clustered,band_c01643,Nova Scotia,,"Inverness | Inverness - Rev. D. McIsaac, Ag't | Inverness - Rev. D. McIsaac, Agent",1887-1896
single_year_band,band_c01644,Nova Scotia,,"Victoria - John E. Cameron, Agent",1895
single_year_band,band_c01645,Nova Scotia,,"Victoria - John E. Campbell, Ag't",1896
single_year_band,band_c01646,Nova Scotia,Amalecites of Madawaska County,Amalecites of Madawaska County,1902
name_variants_clustered,band_c01647,Nova Scotia,Micmacs of Cape Breton County,Coal Mines and towns in County | Coal Mines in County,1898-1900
name_variants_clustered,band_c01648,Nova Scotia,Indians of Labrador Peninsula|Micmacs of Cape Breton County,Micmacs of Cai>e Breton County | Micmacs of Cape Breton | Micmacs of Cape Breton County | Micmacs of Cape Breton County at - | Micmacs of Cape Breton County at: -,1881-1908
name_variants_clustered,band_c01649,Nova Scotia,A.O. Bastien|Amalecites of Victoria County|BABINE AND UPPER ,Amalecites of Victoria County | Pictou County | Pictou County. | Victoria County | Victoria County.,1897-1912
many_agencies,band_c01649,Nova Scotia,A.O. Bastien|Amalecites of Victoria County|BABINE AND UPPER ,Pictou County,1897-1912
name_variants_clustered,band_c01650,Nova Scotia,,"Cole Harboiu- (reserve) Cow Bay | Cow Bay, Cole Harbour (reserve)",1901-1902
name_variants_clustered,band_c01651,Nova Scotia,,"Pictou - Rev. R. McDonald, Ag't | Pictou - Rev. R. McDonald, Agent",1895-1896
single_year_band,band_c01652,Nova Scotia,Amalecites of St. John County,Amalecites of St. John County,1902
single_year_band,band_c01653,Nova Scotia,Amalecites of Sunbury County,Amalecites of Sunbury County,1902
name_variants_clustered,band_c01654,Nova Scotia,Indians of Labrador Peninsula|Kings County.|Lunenburg|Lunenb,Bridgew ater | Bridgewater | Bridgewater and Surroundings | Bridgewater and surroundings,1898-1924
many_agencies,band_c01654,Nova Scotia,Indians of Labrador Peninsula|Kings County.|Lunenburg|Lunenb,Bridgewater,1898-1924
name_variants_clustered,band_c01656,Nova Scotia,Indians of Labrador Peninsula|Micmacs of Queens County,Micmacs of Cumberland | Micmacs of Cumberland County at - | Micmacs of Cumberland County at: -,1881-1908
name_variants_clustered,band_c01657,Nova Scotia,Yarmouth County|Yarmouth County.,"Yarmouth | Yarmouth - Geo. R. Smith, Agent",1889-1914
name_variants_clustered,band_c01658,Nova Scotia,Indians of Labrador Peninsula|Micmacs of Richmond County,Micmacs of Richmond | Micmacs of Richmond County at: -,1881-1909
name_variants_clustered,band_c01659,Nova Scotia,A.O. Bastien|BABINE AND UPPER SKEENA RIVER Agency|Con.|India,Micmacs of Yarmouth County | Micmacs of Yarmouth County at: - | Micmacs of Yarmouth County. | Yarmouth County | Yarmouth County.,1897-1912
many_agencies,band_c01659,Nova Scotia,A.O. Bastien|BABINE AND UPPER SKEENA RIVER Agency|Con.|India,Micmacs of Yarmouth County,1897-1912
name_variants_clustered,band_c01661,Nova Scotia,,"Digby | Digby - F. McDormand, Agent",1890-1896
name_variants_clustered,band_c01662,Nova Scotia,,"King's - C.C. Beckwith, Agent | King's - C.E. Beckwith, Agent",1895-1896
name_variants_clustered,band_c01663,Nova Scotia,,"Hants | Hants - James Gass, Agent",1887-1896
name_variants_clustered,band_c01664,Nova Scotia,Antigonish County|Antigonish County including Guysborough Co,Heatherton | Heatherton and Sunnyside,1911-1924
many_agencies,band_c01664,Nova Scotia,Antigonish County|Antigonish County including Guysborough Co,Heatherton,1911-1924
name_variants_clustered,band_c01665,Nova Scotia,Micmacs of Kent County|Pictou County|Pictou County.,Indian Island | Indian Island (Merigomish),1899-1914
name_variants_clustered,band_c01666,Nova Scotia,Arctic Coast Line to Hershell Island|Franklin District (form,NOVA SCOTIA | Nova Scotia | Nova Scotia Inspectorate,1897-1929
many_agencies,band_c01666,Nova Scotia,Arctic Coast Line to Hershell Island|Franklin District (form,Nova Scotia,1897-1929
single_year_band,band_c01667,Nova Scotia,Amalecites of Queen's County,Upper and Lower Gagetown,1902
single_year_band,band_c01668,Nova Scotia,Amalecites of King's County,King's County at Apohaqui,1902
name_variants_clustered,band_c01669,Nova Scotia,Halifax County|Halifax County.|Indians of Labrador Peninsula,Bedford | Bedford and Windsor Jr,1905-1917
many_agencies,band_c01669,Nova Scotia,Halifax County|Halifax County.|Indians of Labrador Peninsula,Bedford,1905-1917
name_variants_clustered,band_c01670,Nova Scotia,Colchester County|Cumberland County|Cumberland County.,"Franklin Manor (Micmacs) | Franklin Manor, Micmacs | Manor",1910-1929
single_year_band,band_c01671,Nova Scotia,,Micmacs of - Continued.,1895
name_variants_clustered,band_c01672,Nova Scotia,Cumberland County|Micmacs of Cumberland County,Parrsboro | Parrsboro' | Parrsboro' and vicinity.,1898-1913
name_variants_clustered,band_c01676,Nova Scotia,Indians of Labrador Peninsula|Micmacs of Antigonish County|M,Pomquet (reserve) | Pomquet Forks (Reserve) | Poniquet (reserve) | Ponquet (reserve),1898-1909
single_year_band,band_c01677,Nova Scotia,AGENCIES - Continued.,AGENCIES - Continued.,1912
name_variants_clustered,band_c01678,Nova Scotia,Cumberland County|Indians of Labrador Peninsula|Micmacs of C,Amherst | Amherst and vicinity,1898-1913
many_agencies,band_c01678,Nova Scotia,Cumberland County|Indians of Labrador Peninsula|Micmacs of C,Amherst,1898-1913
name_variants_clustered,band_c01679,Nova Scotia,Cumberland County|Cumberland County.|Indians of Labrador Pen,"Amherst River Hebert | Hebert | Hebert. | River Hebert | River Hebert,",1903-1913
many_agencies,band_c01679,Nova Scotia,Cumberland County|Cumberland County.|Indians of Labrador Pen,River Hebert,1903-1913
name_variants_clustered,band_c01680,Nova Scotia,Micmacs of Inverness County at:|Micmacs of Pictou County|Pic,Fisher Grant (Reserve) | Fisher Grant Reserve | Fisher's Giant (reserve) | Fisher's Grant | Fisher's Grant (reserve),1899-1915
many_agencies,band_c01680,Nova Scotia,Micmacs of Inverness County at:|Micmacs of Pictou County|Pic,Fisher's Grant (reserve),1899-1915
name_variants_clustered,band_c01681,Nova Scotia,Colchester County.|Hants County,"Indian Brook (Micmacs) | Millbrook, Micmacs",1910-1929
name_variants_clustered,band_c01682,Nova Scotia,Annapolis County|Annapolis County.|Micmacs of Annapolis Coun,"Lawrencetown | Lawrencetown, Micmacs",1901-1912
name_variants_clustered,band_c01684,Nova Scotia,Digby County|Victoria County,Bear River (Micmacs) | Middle River (Micmacs),1915-1929
name_variants_clustered,band_c01685,Nova Scotia,Micmacs of Queens County|Micmas of Victoria County at:|Victo,Middle River | Middle River (reserve) | Middle River (reserve).,1903-1913
many_agencies,band_c01685,Nova Scotia,Micmacs of Queens County|Micmas of Victoria County at:|Victo,Middle River (reserve),1903-1913
name_variants_clustered,band_c01686,Nova Scotia,Cape Breton County|Cape Breton County.,"North Sydney, Micmacs | Sydney | Sydney (Micmacs) | Sydney, Micmacs",1900-1929
single_year_band,band_c01687,Nova Scotia,Antigonish and Guysboro Counties,Cook's Cove (Free Hold),1929
single_year_band,band_c01688,Nova Scotia,Antigonish County.,"Guysborough, Micmacs",1910
single_year_band,band_c01689,Nova Scotia,Micmacs of Pictou County,Indian Cove (Reserve),1898
name_variants_clustered,band_c01690,Nova Scotia,Inverness County|Inverness County.|Micmacs of Inverness Coun,Malagawatch | Malagawatch (Reserve) | Malagawatch (reserve),1898-1929
many_agencies,band_c01690,Nova Scotia,Inverness County|Inverness County.|Micmacs of Inverness Coun,Malagawatch,1898-1929
name_variants_clustered,band_c01691,Nova Scotia,Indians of Labrador Peninsula|Kings County.|Lunenburg|Lunenb,New Germany | New Germany (Reserve) | New Germany (reserve) | New Germany Reserve,1898-1924
many_agencies,band_c01691,Nova Scotia,Indians of Labrador Peninsula|Kings County.|Lunenburg|Lunenb,New Germany (reserve),1898-1924
name_variants_clustered,band_c01692,Nova Scotia,Inverness County|Inverness County.|Micmacs of Inverness Coun,Whycocomagh | Whycocomagh (Reserve) | Whycocomagh (reserve),1898-1929
many_agencies,band_c01692,Nova Scotia,Inverness County|Inverness County.|Micmacs of Inverness Coun,Whycocomagh,1898-1929
single_year_band,band_c01693,Nova Scotia,Micmacs of Antigonish County,Antigonish Harbour,1898
name_variants_clustered,band_c01695,Nova Scotia,Digby County|Digby County.|Micmacs of Digby County at:,Bear River | Bear River (Reserve) | Bear River (reserve) | Bear River Reserve,1898-1914
single_year_band,band_c01696,Nova Scotia,A.O. Bastien|BABINE AND UPPER SKEENA RIVER Agency,Cape Breton County,1897
name_variants_clustered,band_c01698,Nova Scotia,Indians of Labrador Peninsula|Kings County.|Lunenburg|Lunenb,Gold Ri\'er (reserve) | Gold River | Gold River (Reserve) | Gold River (reserve) | Gold River Reserve,1898-1924
many_agencies,band_c01698,Nova Scotia,Indians of Labrador Peninsula|Kings County.|Lunenburg|Lunenb,Gold River (reserve),1898-1924
name_variants_clustered,band_c01699,Nova Scotia,Antigonish County.,"Afton, Micmacs | Heatherton, Micmacs",1910-1910
single_year_band,band_c01699,Nova Scotia,Antigonish County.,"Afton, Micmacs",1910
name_variants_clustered,band_c01700,Nova Scotia,Antigonish and Guysboro Counties|Indians of Labrador Peninsu,Afton (Reserve) | Afton (reserve) | Afton Reserve | Heatherton Reserve,1898-1929
many_agencies,band_c01700,Nova Scotia,Antigonish and Guysboro Counties|Indians of Labrador Peninsu,Afton (reserve),1898-1929
name_variants_clustered,band_c01701,Nova Scotia,Antigonish County|Antigonish County including Guysborough Co,"Summerside | Summerside, Micmacs",1903-1924
many_agencies,band_c01701,Nova Scotia,Antigonish County|Antigonish County including Guysborough Co,Summerside,1903-1924
single_year_band,band_c01703,Nova Scotia,A.O. Bastien|BABINE AND UPPER SKEENA RIVER Agency,Colchester County,1897
single_year_band,band_c01704,Nova Scotia,A.O. Bastien|BABINE AND UPPER SKEENA RIVER Agency,Cumberland County,1897
name_variants_clustered,band_c01705,Nova Scotia,Annapolis County|Annapolis County.|Indians of Labrador Penin,"Middleton | Middleton, Micmacs",1898-1914
many_agencies,band_c01705,Nova Scotia,Annapolis County|Annapolis County.|Indians of Labrador Penin,Middleton,1898-1914
name_variants_clustered,band_c01706,Nova Scotia,Colchester County|Colchester County.|Indians of Labrador Pen,Milbrook | Milbrook (Reserve) | Millbrook | Millbrook (Reserve) | Millbrook (reserve),1898-1924
many_agencies,band_c01706,Nova Scotia,Colchester County|Colchester County.|Indians of Labrador Pen,Millbrook (reserve),1898-1924
name_variants_clustered,band_c01707,Nova Scotia,Indians of Labrador Peninsula|Micmacs of Cumberland County a,Southampton | Southampton River,1899-1909
name_variants_clustered,band_c01708,Nova Scotia,Indians of Labrador Peninsula|Micmacs of Queens County|Micma,Barrington | Barrington River | Barrington River.,1898-1913
many_agencies,band_c01708,Nova Scotia,Indians of Labrador Peninsula|Micmacs of Queens County|Micma,Barrington River,1898-1913
single_year_band,band_c01709,Nova Scotia,Amalecites of Charlotte County,Charlotte County,1902
single_year_band,band_c01710,Nova Scotia,,East Southampton,1902
name_variants_clustered,band_c01711,Nova Scotia,Micmacs of Cape Breton County,Escasoni (reserve) | Eskasoni (Reserve) | Eskasoni (reserve),1898-1904
name_variants_clustered,band_c01712,Nova Scotia,Cape Breton County|Cape Breton County.|Indians of Labrador P,"Eskasoni | Eskasoni (Micmacs) | Eskasoni, Micmacs",1905-1929
many_agencies,band_c01712,Nova Scotia,Cape Breton County|Cape Breton County.|Indians of Labrador P,Eskasoni,1905-1929
many_agencies,band_c01713,Nova Scotia,A.O. Bastien|BABINE AND UPPER SKEENA RIVER Agency|Con.|Inver,Inverness County,1897-1912
name_variants_clustered,band_c01714,Nova Scotia,Annapolis County|Annapolis County.|Micmacs of Annapolis Coun,"Lequille | Lequille, Micmacs",1898-1914
single_year_band,band_c01716,Nova Scotia,,West-Southampton,1906
name_variants_clustered,band_c01717,Nova Scotia,Indians of Labrador Peninsula|Micmacs of Queen's County|Micm,Wild Cat (Reserve) | Wild Cat (reserve) | Wildcat (Reserve),1898-1909
many_agencies,band_c01717,Nova Scotia,Indians of Labrador Peninsula|Micmacs of Queen's County|Micm,Wild Cat (reserve),1898-1909
name_variants_clustered,band_c01718,Nova Scotia,Kings County|Kings County.|Micmacs of Kings County at:|Micma,Brooklyn | Brooklyn Corner,1905-1913
many_agencies,band_c01718,Nova Scotia,Kings County|Kings County.|Micmacs of Kings County at:|Micma,Brooklyn Corner,1905-1913
name_variants_clustered,band_c01720,Nova Scotia,Micmacs of Colchester County,Lower Stewiacke | Stewiacke,1898-1901
many_agencies,band_c01721,Nova Scotia,A.O. Bastien|BABINE AND UPPER SKEENA RIVER Agency|Con.|Richm,Richmond County,1897-1912
many_agencies,band_c01722,Nova Scotia,Indians of Labrador Peninsula|Micmacs of Queens County|Micma,Shelburne River,1898-1915
name_variants_clustered,band_c01724,Nova Scotia,Indians of Labrador Peninsula|Kings County|Kings County.|Mic,Blue Mountain | Blue Mountains,1901-1913
many_agencies,band_c01724,Nova Scotia,Indians of Labrador Peninsula|Kings County|Kings County.|Mic,Blue Mountain,1901-1913
single_year_band,band_c01725,Nova Scotia,A.O. Bastien|BABINE AND UPPER SKEENA RIVER Agency,Halifax County,1897
many_agencies,band_c01726,Nova Scotia,Indians of Labrador Peninsula|Kings County.|Micmacs of Lunen,Lunenburg Town,1899-1912
single_year_band,band_c01727,Nova Scotia,Micmacs of King's County,Norton Station,1902
single_year_band,band_c01728,Nova Scotia,Micmacs of Cape Breton County,Sydney (Reserve),1898
single_year_band,band_c01731,Nova Scotia,Halifax County,Harrigan Cove,1911
name_variants_clustered,band_c01732,Nova Scotia,Cumberland County,River Philip | River Phillip,1901-1913
single_year_band,band_c01736,Nova Scotia,Micmacs of Northumberland County,Burnt Church,1902
single_year_band,band_c01737,Nova Scotia,,Clementsport,1898
single_year_band,band_c01739,Nova Scotia,Micmacs of Queens County,Joggin Mines,1905
single_year_band,band_c01741,Nova Scotia,,Little Brook,1899
single_year_band,band_c01742,Nova Scotia,Micmacs of Digby Count,Little River,1898
many_agencies,band_c01743,Nova Scotia,Indians of Labrador Peninsula|Micmacs of Queen's County|Micm,Mill Village,1898-1917
many_agencies,band_c01744,Nova Scotia,Cape Breton County|Indians of Labrador Peninsula|Micmacs of ,North Sydney,1900-1912
single_year_band,band_c01745,Nova Scotia,Antigonish and Guysborough Counties.,Salmon River,1914
name_variants_clustered,band_c01747,Nova Scotia,Micmacs of Colchester County,Carr's Brook | Carr's Brooke,1898-1904
many_agencies,band_c01748,Nova Scotia,Indians of Labrador Peninsula|Micmacs of Queens County|Micma,Clyde River,1898-1915
single_year_band,band_c01750,Nova Scotia,Antigonish and Guysborough Counties.,North River,1914
name_variants_clustered,band_c01751,Nova Scotia,In Queen's County temporarily|Micmacs of Shelburne County,Port Mouton | Port Moutou,1898-1902
name_variants_clustered,band_c01752,Nova Scotia,Indians of Labrador Peninsula|Micmacs of Queens County|Micma,Sable River | Sable River. | Sakle River,1898-1915
many_agencies,band_c01752,Nova Scotia,Indians of Labrador Peninsula|Micmacs of Queens County|Micma,Sable River,1898-1915
single_year_band,band_c01753,Nova Scotia,Micmacs of Queens County,Salmon Tail,1905
single_year_band,band_c01757,Nova Scotia,,Bridgetomi,1902
many_agencies,band_c01760,Nova Scotia,Indians of Labrador Peninsula|Kings County|Kings County.|Mic,Gaspereaux,1898-1913
name_variants_clustered,band_c01761,Nova Scotia,Halifax County|Halifax County.|Indians of Labrador Peninsula,Enfield | Greenfield,1899-1917
many_agencies,band_c01761,Nova Scotia,Halifax County|Halifax County.|Indians of Labrador Peninsula,Enfield,1899-1917
single_year_band,band_c01762,Nova Scotia,,Louisville,1908
single_year_band,band_c01763,Nova Scotia,Micmacs of Lunenburg County,Mahone Bay,1898
single_year_band,band_c01765,Nova Scotia,,Stragglers,1908
many_agencies,band_c01766,Nova Scotia,Halifax County|Halifax County.|Indians of Labrador Peninsula,Wellington,1898-1917
many_agencies,band_c01767,Nova Scotia,Indians of Labrador Peninsula|Kings County|Kings County.|Mic,Aylesford,1900-1913
single_year_band,band_c01768,Nova Scotia,,Buck Hill,1899
many_agencies,band_c01769,Nova Scotia,In Queen's County temporarily|Indians of Labrador Peninsula|,Caledonia,1898-1917
many_agencies,band_c01770,Nova Scotia,Halifax County|Halifax County.|Indians of Labrador Peninsula,Dartmouth,1898-1917
single_year_band,band_c01771,Nova Scotia,Micmacs of Restigouche County,Eel River,1902
single_year_band,band_c01772,Nova Scotia,Annapolis County.,Granville,1914
single_year_band,band_c01773,Nova Scotia,,Greenland,1901
single_year_band,band_c01774,Nova Scotia,,Greenwood,1903
name_variants_clustered,band_c01775,Nova Scotia,Indians of Labrador Peninsula|Micmacs of Kings County at:,Hansport | Hantsport,1907-1909
many_agencies,band_c01776,Nova Scotia,Indians of Labrador Peninsula|Kings County|Kings County.|Mic,Kentville,1898-1913
single_year_band,band_c01777,Nova Scotia,,Liverpool,1899
single_year_band,band_c01778,Nova Scotia,Kings County.,Lueneburg.,1912
name_variants_clustered,band_c01779,Nova Scotia,Annapolis County.,Paradi.se | Paradise,1898-1914
single_year_band,band_c01780,Nova Scotia,Micmacs of Pictou County,Pine Tree,1898
single_year_band,band_c01782,Nova Scotia,,Wolfville,1908
single_year_band,band_c01783,Nova Scotia,Micmacs of Gloucester County,Bathurst,1902
single_year_band,band_c01784,Nova Scotia,Micmacs of Kent County,Big Cove,1902
many_agencies,band_c01785,Nova Scotia,Halifax County|Halifax County.|Indians of Labrador Peninsula,Elmsdale,1899-1917
single_year_band,band_c01786,Nova Scotia,Micmacs of Halifax County,Elmsvale,1898
single_year_band,band_c01787,Nova Scotia,,Falmouth,1906
single_year_band,band_c01788,Nova Scotia,,Hawkport,1906
single_year_band,band_c01789,Nova Scotia,Micmacs of King's County,Kinaston,1898
single_year_band,band_c01792,Nova Scotia,Micmacs of Northumberland County,Red Bank,1902
many_agencies,band_c01794,Nova Scotia,Indians of Labrador Peninsula|Kings County|Kings County.|Mic,Berwick,1898-1913
single_year_band,band_c01796,Nova Scotia,,Pugwash,1906
single_year_band,band_c01797,Nova Scotia,Amalecites of York County,St. Mary's,1902
many_agencies,band_c01798,Nova Scotia,In Queen's County temporarily|Indians of Labrador Peninsula|,Milton,1898-1917
many_agencies,band_c01802,Nova Scotia,Antigonish County|Antigonish County including Guysborough Co,Afton,1911-1924
name_variants_clustered,band_c01803,Ontario,Albany River District|Chippewas and Saulteaux of Treaty No. ,"Indians in unorganized territory at Osnaburg House, Fort Hoije, Mai tin | Indians in unorganized territory at Osnaburg House, Fort Hope, Martin Falls and English River | Indians in unorganized territory at Osnaburge House, Fort Hope, Martin Falls and English River | Osnaburg | Osnaburgh",1902-1929
many_agencies,band_c01803,Ontario,Albany River District|Chippewas and Saulteaux of Treaty No. ,Osnaburg,1902-1929
name_variants_clustered,band_c01804,Ontario,Fort William Agency|Sarnia Agency,"Chippewas Kettle and Stony Point | Chippewas and Pottawamies of Sarnia, Kettle Point and Stony Point or Aux Sables | Chippewas and Pottawattamies of Kettle and Stony Points | Chippewas and Pottawattamies of Sarnia, Kettle Point and Stony Point or Aux Sables | Chippewas of Kettle and Stony Point | Chippewas of Kettle and Stony Points | Chippewas of Sarnia and Kettle and Stony Points | Chippewas of Sarnia, Kettle and Stony Points | Chippewas of Sarnia, Kettle and Stony Points. | Chippewas, Kettle and Stony Point | Chippewas, Ottawas and Pottawattamies of Sarnia, Kettle Point and Sauble | Chippewas, of Kettle and Stony Points | Sand Point | of Kettle and St«ny Points",1886-1929
name_variants_clustered,band_c01805,Ontario,Christian Island|Christian Island Agency|Walpole Island|Walp,"Chippewas | Chippewas Beausoleil | Chippewas of Beausoleil | Chippewas of Beausoleil (a few who reside in Manitowaning Agency (q.v.) not included). | Chippewas of Beausoleil (see also Manitowaning Agency) | Chippewas of Beausoliel | Chippewas, Beausoleil | Chippewas, Wa",1881-1929
many_agencies,band_c01805,Ontario,Christian Island|Christian Island Agency|Walpole Island|Walp,Chippewas of Beausoleil,1881-1929
single_year_band,band_c01806,Ontario,Chippewas and Saulteaux of Treaty No. 3,"t. in uncirganized territory at Os- naburg House, Fort Hoije, Mai tin",1902
name_variants_clustered,band_c01807,Ontario,Manitowaning Agency|Walpole Island|Walpole Island Agency,"Chippewas Walpole Island | Chippewas of Beausoleil (Reserve in Christian Island Agency, q.v.) | Chippewas of Beausoleil (see also Christian Island Agency) | Chippewas of Beausoleil, (see also Christian Island Agency) | Chippewas of Walpole Island | Chippewas of Walpole Island. | Chippewas, Walpole Island",1889-1914
name_variants_clustered,band_c01808,Ontario,Cape Broken Agency|Cape Croker|Cape Croker Agency,"Chippewas Ottawas and Pottawattamies of Walpole Island | Chippewas and Ottawas and Pottawattamies of Walpole Island | Chippewas and Pottawattamies of Sarnia | Chippewas of Nawash | Chippewas, Ottawas and Pottawattamies of Walpole Island | Chippewas, Ottawas and Pottawattamies of Walpole Island.",1881-1929
name_variants_clustered,band_c01809,Ontario,Golden Lake Agency|North Renfrew County|North Renfrew County,"Algonquin | Algonquins | Iroquois and Algonquins of Gibson (Muskoka District) | Iroquois and Algonquins of Gibson (Watha) | Iroquois and Algonquins of Gibson, (Watha) | Iroquois and Algonquins of Gibson, (Watha) Muskoka District | Iroquois and Algonquins of Gibson, Muskoka District | Iroquois and Algonquins of Watha (Gibson) | Iroquoisand Algonquins of Watha (Gibson) | lroquois and Algonquins of Gibson, Muskoka District",1886-1924
name_variants_clustered,band_c01810,Ontario,Manitowaning Agency,"Manitoulin Island | Ojibbewas and Ottawa of Manitoulin and Cockburn Islands at - | Ojibbewas and Ottawas of Manitoulin and Cockburn Islands | Ojibbewas and Ottawas of Manitoulin and Cockburn Islands at | Ojibbewas and Ottawas of Manitoulin and Cockburn Islands at - | Ojibbewas and Ottawas of Manitoulin and Cockburn Islands at: - | Ojibbewas and Ottawas of Manitoulin and Cockburn Islands, at - | Ojibbewas, and Ottawas of Manitoulin and Cockburn Islands at: -",1881-1929
name_variants_clustered,band_c01811,Ontario,BABINE AND UPPER SKEENA RIVER Agency,"Connolly Lake | Lake) | Na-anees (two bands north of Connolly Lake, semi-nomadic)",1901-1905
name_variants_clustered,band_c01812,Ontario,Christian Island|Christian Island Agency|Indians of Christia,Christian Island | Indians of Christian Island band residing on Manitoulin Island,1906-1906
single_year_band,band_c01812,Ontario,Christian Island|Christian Island Agency|Indians of Christia,Indians of Christian Island band residing on Manitoulin Island,1906
name_variants_clustered,band_c01813,Ontario,"Indians of James Bay, Treaty No. 9 at:|Timiskaming Agency","Abitibi | Abitibi - part of (See also Timiskaming Agency, Que.)",1906-1911
single_year_band,band_c01814,Ontario,"Franklin District (formerly Arctic Coast, Esquimaux)","Franklin District (formerly Arctic Coast, Esquimaux)",1908
name_variants_clustered,band_c01815,Ontario,Manitowaning Agency|Parry Sound Superintendency,Maganatawan (see also Parry Sound Sup't'cy) | Maganatawan (see also Parry Sound Superintendency) | Maganatawan (see also Parry Sount Agency) | Magnatawan (see also Parry Sound Superintendency) | Magnetawan (see Parry Sound Agency) | Parry Sound,1910-1917
name_variants_clustered,band_c01816,Ontario,Ojibbewas of Lake Huron|Thessalon Agency,"No. 1 Spanish River | Spanish River No. 1 | Spanish River No. 1 (See also Chapleau Agency) | Spanish River No. 1 (See also Chapleau) | Spanish River No. 1 - See also Chapleau | Spanish River No. 1 - See also Chapleau Agency | Spanish River No. 1. (See also Chapleau Agency) | Spanish River, No 1 | Spanish River, No. 1",1899-1924
name_variants_clustered,band_c01817,Ontario,Thessalon Agency,"Spanish River No. 2 | Spanish River No. 2 (See also Chapleau) | Spanish River No. 2 - See also Chapleau Agency | Spanish River, No 2 | Spanish River, No. 2",1899-1924
name_variants_clustered,band_c01818,Ontario,Rama Agency,Chippewas of Garden River and Batchewana Bay | Chippewas of Rama,1881-1929
name_variants_clustered,band_c01819,Ontario,Chapleau Agency|KOOTENAY Agency|Sault Ste Marie Agency|Sault,Michipicoten (See also Sault Ste. Marie Agy.) | Michipicoten (see also Sault Ste Marie Agency) | Michipicoten (see also Sault Ste. Marie Agcy.) | Michipicoten (see also Sault Ste. Marie Agency) | Sault Ste Marie Agency | Sault Ste. Marie | Sault Ste. Marie Agency | St. Mary's,1897-1914
many_agencies,band_c01819,Ontario,Chapleau Agency|KOOTENAY Agency|Sault Ste Marie Agency|Sault,Sault Ste. Marie Agency,1897-1914
name_variants_clustered,band_c01820,Ontario,Sarnia Agency,"Chippewas Sarnia | Chippewas of Sarnia | Chippewas of Sarnia, Kettle Point and Sauble | Chippewas, Sarnia | Chippewas, of Sarnia",1881-1929
name_variants_clustered,band_c01821,Ontario,Parry Sound Agency|Parry Sound Superintendency,Gibson | Gibson (Watha) | Iroquois & Algonquins of Watha (Gibson) | Iroquois and Algonquins of Gibson or Watha | Iroquois and Algonquinsof Watha(Gib8on) | Watha (Gibson),1900-1929
name_variants_clustered,band_c01822,Ontario,Chapleau Agency|Thessalon Agency,Mississagi (See also Thessalon Agency) | Mississagi River (see also Thessalon Agcy.) | Mississagi River (see also Thessalon Agency) | Spanish River (See also Thessalon Agency) | Spanish River (see also Thessalon Agency) | Spanish River (see also Thessalon Agency). | Thessalon | Thessalon Agency,1906-1929
name_variants_clustered,band_c01823,Ontario,Chapleau Agency|Con.|District of Patricia|Indians of James B,"Moose Factory | Moose Factory (9) | Moose Factory Cree, Chapleau | Moose Factory Crees, Chapleau | Moose Factory Crees, Chapleau Moose Factory | Moose Factory Crees, Chapleau* | Toosey",1897-1929
many_agencies,band_c01823,Ontario,Chapleau Agency|Con.|District of Patricia|Indians of James B,Moose Factory,1897-1929
name_variants_clustered,band_c01824,Ontario,Norway House Agency (part of.)|Ojibbewas of Lake Huron,M 2 | Pekangekum (see also N.W.T. Div. No. 2 and Man.) (5),1902-1910
name_variants_clustered,band_c01825,Ontario,Grand River Superintendency - Six Nations,Grand River Superintendency - Six Nations | Six Nations on Grand River,1903-1909
name_variants_clustered,band_c01826,Ontario,Fort William Agency|Lake Nipigon Agency|Ojibbewas of Lake Su,"Lake Nepigon | Lake Nipigon | Lake Nipigon (Gull Bay and Jackfish Island) | Lake Nipigon (Gull's Bay and Jackfish Is.). | Lake Nipigon, Gull Bay and Island Point",1887-1924
many_agencies,band_c01826,Ontario,Fort William Agency|Lake Nipigon Agency|Ojibbewas of Lake Su,Lake Nepigon,1887-1924
name_variants_clustered,band_c01827,Ontario,Christian Island Agency|Ojibbewas of Lake Huron|Thessalon Ag,Mississaga River | Mississagi River | Mississagi River (See Chapleau) | Mississagi River (see Chapleau) | Mississagi River (see also Chapleau Agency) | Mississagi River(tt) | Missiysagi River,1895-1924
name_variants_clustered,band_c01828,Ontario,,"Chippewas Nawash | Chippewas of North Shore of Georgian Bay | Chippewas, Nawash",1881-1904
name_variants_clustered,band_c01829,Ontario,Georgina Island Agency|Lake Simcoe Agency|Norway House Agenc,"Chippewas Georgina and Snake Island | Chippewas of Georgian and Snake Islands | Chippewas of Georgina and Snake Island | Chippewas of Georgina and Snake Islands | Chippewas of Georgina and Snake Islands. | Chippewas, Georgina and Snake Island | Chippewas, Georgina and Snake Islands | Chippewas, Georgina and Strake Island | Chippewas: Georgina and Snake Islands | Georgina and Snake Islands. | Island Lake",1895-1929
name_variants_clustered,band_c01830,Ontario,,"Chippewas and Saulteaux of Treaty No 3 at: - | Chippewas and Saulteaux of Treaty No. 3 at - | Chippewas and Saulteaux of Treaty No. 3 at: - | Chippewas and Saulteaux of Treaty No. 3, at: - | Chippewas of Saulteaux of Treaty No. 3 at: -",1897-1909
name_variants_clustered,band_c01831,Ontario,Manitowaning Agency|Onion Lake Agency|Parry Sound Agency|Par,Maganatawan | Maganatawan (see Manitowaning) | Maganatawan (see also Manitowaning Ag'y) | Maganatawan* | Maganatawan1 | Maganattawan | Patagan,1893-1917
many_agencies,band_c01831,Ontario,Manitowaning Agency|Onion Lake Agency|Parry Sound Agency|Par,Maganatawan (see Manitowaning),1893-1917
single_year_band,band_c01832,Ontario,Port Arthur Agency,Long Lake (Robinson Sup. Ty. And Ty. No. 9),1910
single_year_band,band_c01833,Ontario,Con.,Martin Falls (see also N.W.Ts. Div. No.2) (9),1910
name_variants_clustered,band_c01834,Ontario,Chapleau Agency|Fort William Agency|Port Arthur Agency|Sault,Michipicoten | Michipicoten (See also Chapleau Agency) | Michipicoten (see also Chapleau Agency) | Michipicoten (see also Chapleau) | Michipicoten(t) | Pic,1910-1929
many_agencies,band_c01834,Ontario,Chapleau Agency|Fort William Agency|Port Arthur Agency|Sault,Pic,1910-1929
name_variants_clustered,band_c01835,Ontario,Con.,Fort Albany (see also N.W.Ts. Div. No.2) (9) | Fort Hope (see also N.W.Ts. Div. No.2) (9),1910-1910
single_year_band,band_c01835,Ontario,Con.,Fort Albany (see also N.W.Ts. Div. No.2) (9),1910
name_variants_clustered,band_c01836,Ontario,,"Lake Nipegon | Lake Nipigon, Gull Bay & Isl. Point | Lake Nipigon, Gull Bay and Isld Point",1886-1909
name_variants_clustered,band_c01837,Ontario,Caradoc Agency,Chippewas and Mansees of the Thames | Chippewas and Munsees of the Thames | Chippewas of Hama | Chippewas of Thames | Chippewas of the Thames | Chippewas of the Thames.,1881-1929
name_variants_clustered,band_c01838,Ontario,Non-treaty Indians where no agents|Scugog Agency,Non-Treaty Indians | Non-treaty Indians where no agents,1908-1929
name_variants_clustered,band_c01839,Ontario,"Chapleau Agency|Indians of James Bay, Treaty No. 9 at:","Chapleau | Chapleau (9) | Ojibbewas, Chapleau | Ojibbewas, Chapleau (Robinson Treaty) | Ojibbewas, Chapleau (Robinson Treaty)* | Ojibeways, Chapleau | Ojibwa, Chapleau",1906-1929
single_year_band,band_c01840,Ontario,Con.,Osnaburg (see also N.W.Ts. Div. No.2) (9),1910
name_variants_clustered,band_c01841,Ontario,Walpole Island|Walpole Island Agency,Pottawamies of Walpole Island | Pottawattamies | Pottawattamies of Walpole | Pottawattamies of Walpole Island | Pottawattamies of Walpole Island. | Pottawatteamies of Walpole Island | Pottawattomies of Walpole Island | Pottawattomies of Walpole island,1889-1929
name_variants_clustered,band_c01842,Ontario,Six Nation Superintendency|Six Nation Superintendency.|Six N,Six Nations of the Grand River | Six Nations on the Grand River | Six Nations on the Grand River. | Six Nations on tlie Grand River.,1881-1929
many_agencies,band_c01842,Ontario,Six Nation Superintendency|Six Nation Superintendency.|Six N,Six Nations on the Grand River,1881-1929
name_variants_clustered,band_c01843,Ontario,Manitowaning Agency|Manitowaning Agency - Con.,Wikwemikong | Wikwemikong and Wikwemikongsing | Wikwemikongsing,1886-1912
name_variants_clustered,band_c01844,Ontario,"Chapleau Agency|Indians of James Bay, Treaty No. 9 at:","Missinaibi | Missinaibi (9) | Moose Factory Cree, Missinaibi | Moose Factory Crees, Missinaibi | Moose Factory Crees, Missinaibi* | Moose Factory Grees, Missinaibi",1906-1924
name_variants_clustered,band_c01845,Ontario,New Credit (Mississaguas) Agency,Missisaguas of New Credit | Mississaguas New Credit | Mississaguas of New Credit | Mississaugas New Credit | New Credit | New Credit (Mississaguas) Agency,1881-1909
name_variants_clustered,band_c01846,Ontario,Onion Lake Agency|Saddle Lake Agency,Manitoonikeek Attch. 4 and Son | and Sons,1893-1893
single_year_band,band_c01846,Ontario,Onion Lake Agency|Saddle Lake Agency,and Sons,1893
name_variants_clustered,band_c01847,Ontario,,"Ojibbewas Lake Huron - Con. | Ojibbewas of Lake Huron | Ojibbewas of Lake Huron - Con. | Ojibbewas of Lake Huron at - | Ojibbewas of Lake Huron at- | Ojibbewas of Lake Huron at: - | Ojibbewas of Lake Huron, at - | Ojibbewas of Lake Huron, at- | Ojibbewas, of Lake Huron, at -",1881-1903
name_variants_clustered,band_c01848,Ontario,Walpole Island Agency,Pottawattomies | and Pottawattamies of Sarnia,1902-1917
name_variants_clustered,band_c01849,Ontario,KAMLOOPS - OKANAGAN Agency|KAMLOOPS Agency,Chuckchuqualk (North Thompson) | North Thompson,1897-1905
name_variants_clustered,band_c01850,Ontario,Ojibbewas of Lake Superior,Mchipicoten and Big Heads | Michipicopoten and Big Heads | Michipicoten and Big Heads | Michipicotin and Big Heads | Michipicoton and Big Heads | Michipoten and Big Heads | Michipoten and Big heads | Miehipicoten and Big Heads,1886-1909
name_variants_clustered,band_c01851,Ontario,Tyendinaga|Tyendinaga Agency,Mohawks of Bay of Quinte | Mohawks of the Bay Quinté | Mohawks of the Bay of Quinte | Mohawks of the Bay of Quinté | Mohawks of the Bay of quinte,1881-1929
name_variants_clustered,band_c01852,Ontario,Chapleau Agency,"Ojibbewas, New Brunswick Post | Ojibbewas, New Brunswick Post* | Ojibeways, Brunswick Post | Ojibwa, New Brunswick Post",1915-1929
name_variants_clustered,band_c01853,Ontario,Ojibbewas of Lake Huron|Parry Sound Agency|Parry Sound Super,Parry Island | Parry Island (134 non-members) | Parry Island (138 non-members) | Parry island,1886-1929
name_variants_clustered,band_c01854,Ontario,,Pottawattamies Aux Sauble | Pottawattamies Aux Saubles | Pottawattamies of Aux Sables | Pottawattamies of Aux Sauble,1889-1898
name_variants_clustered,band_c01855,Ontario,Ojibbewas of Lake Huron|Parry Sound Agency|Parry Sound Super,Henvey Inlet | Henvey Inlet (32 non-members) | Henvey Inlet (33 non-members) | Henvey's Inlet | Henvy's Inlet,1886-1929
name_variants_clustered,band_c01856,Ontario,"Chippewas and Saulteaux of Treaty No. 3,|Fort Frances Agency","Manitou Rapid No. 1 | Manitou Rapids No. 1 | Manitou Rapids No. 1 (3) | Manitou Rapids Reserve, No. 1 | Manitou Rapids, No. 1",1897-1929
name_variants_clustered,band_c01857,Ontario,Fort Frances Agency,"Manitou Rapid No. 2 | Manitou Rapids No. 2 | Manitou Rapids No. 2 (3) | Manitou Rapids Reserve, No. 2",1897-1929
name_variants_clustered,band_c01858,Ontario,Alnwick Agency,Missaugas of New Credit | Mississaugas | Mississaugas of New Credit | Mississauguas of New Credit,1889-1913
name_variants_clustered,band_c01859,Ontario,Parry Sound Superintendency|Saddle Lake Agency,Hunter | Parry Sound Superintendency,1893-1906
single_year_band,band_c01860,Ontario,WILLIAMS LAKE AGENCY - Concluded.,"Seaton Lake, No. 1, or Mission",1897
single_year_band,band_c01861,Ontario,FRASER RIVER Agency,"Burrard Inlet, No. 3 reserve",1905
name_variants_clustered,band_c01862,Ontario,,"Chippewas of Lake Superior | Ojibbewas of Lake Superior at - | Ojibbewas of Lake Superior at: | Ojibbewas of Lake Superior at: - | Ojibbewas of Lake Superior, at - | Ojibbewas of Lake Superior, at- | Ojibbewas of lake Superior at: -",1881-1909
name_variants_clustered,band_c01863,Ontario,Hagersville Agency|New Credit Agency,Mississaguas of the Credit | Mississaugas of the Credit,1910-1929
name_variants_clustered,band_c01864,Ontario,Rice Lake Agency|Rice and Mud Lake Agency|Rice and Mud Lakes,Missaugas of Rice Lake | Missisaguas of Rice Lake | Mississaguas of Rice Lake | Mississaugas Rice Lake | Mississaugas of Rice Lake | Mississauguas of Rice Lake | Rice Lake,1881-1929
single_year_band,band_c01865,Ontario,,"Ojibbewas of Like Superior, at -",1889
name_variants_clustered,band_c01866,Ontario,Golden Lake Agency,"Algonquins Golden Lake | Algonquins of Golden Lake | Algonquins, Golden Lake | Algunquins, Golden Lake | Golden Lake",1881-1924
name_variants_clustered,band_c01867,Ontario,,Chippewas Snake Island | Chippewas Snake island | Chippewas of Snake Island,1881-1893
name_variants_clustered,band_c01868,Ontario,"Chippewas and Saulteaux of Treaty No. 3,|Chippewas and Sault",Kawaiagamot (Sturgeon | Kawaiagamot (Sturgeon Lake) | Sturgeon Lake (Kawaiagamot) (3),1897-1910
many_agencies,band_c01868,Ontario,"Chippewas and Saulteaux of Treaty No. 3,|Chippewas and Sault",Kawaiagamot (Sturgeon Lake),1897-1910
name_variants_clustered,band_c01869,Ontario,KAMLOOPS - OKANAGAN Agency|KAMLOOPS Agency,Kualt (Little Shuswap Lake) | Little Lake Shuswap,1897-1905
name_variants_clustered,band_c01870,Ontario,Manitoulin Island Unceded|Manitowaning Agency|Parry Sound Su,"Manitoulin Island Unceded | Manitoulin Island unceded | Manitoulin, Unceded",1913-1924
name_variants_clustered,band_c01871,Ontario,Manitowaning Agency,"Manitoulin Is. Wendell including South Bay. | Manitoulin Island, Wendell, including West Bay",1914-1915
name_variants_clustered,band_c01872,Ontario,Mud Lake Agency|Rice Lake Agency|Rice and Mud Lake Agency|Ri,Missaugas of Mud Lake | Missisaguas of Mud Lake | Mississa^ruas of Mud Lake | Mississaguas of Mud Lake | Mississaugas of Mud Lake | Mississauguas of Mud Lake | Mud Lake,1881-1929
many_agencies,band_c01872,Ontario,Mud Lake Agency|Rice Lake Agency|Rice and Mud Lake Agency|Ri,Mississaguas of Mud Lake,1881-1929
single_year_band,band_c01873,Ontario,WILLIAMS LAKE AGENCY - Concluded.,"Seaton Lake, No. 2, or Enias",1897
name_variants_clustered,band_c01874,Ontario,Con.,"Algonquins Renfrew | Algonquins Renfrew north | Algonquins, Renfrew North | Algonquins, Renfrew, North | North Renfrew, Algonquins",1891-1910
name_variants_clustered,band_c01875,Ontario,Clandeboye Agency|Timiskaming Agency,Argonaut and Larder Lake | Deer Lake,1929-1929
single_year_band,band_c01875,Ontario,Clandeboye Agency|Timiskaming Agency,Deer Lake,1929
single_year_band,band_c01876,Ontario,KOOTENAY Agency,Kinbaskets (Shuswap Tribe),1897
name_variants_clustered,band_c01877,Ontario,Alnwick - Mississaguas of Alnwick|Alnwick Agency,Alnwick | Missaugas of Alnwick | Missisaguas of Alnwick | Mississaguas of Alnwick | Mississaugas Alnwick | Mississaugas of Alnwick | Mississauguas of Alnwick,1881-1929
name_variants_clustered,band_c01878,Ontario,Onion Lake Agency|WILLIAMS LAKE AGENCY - Concluded.,Nickawasis and Whitstone | Stones,1893-1897
name_variants_clustered,band_c01879,Ontario,Fort William Agency|Lake Nipigon Agency|Ojibbewas of Lake Su,Red Rock | Red Rock or Helen Island | Red Rock or Lake Helen,1886-1929
single_year_band,band_c01880,Ontario,WILLIAMS LAKE AGENCY - Concluded.,"Seaton Lake, No. 5, Schloss",1897
single_year_band,band_c01881,Ontario,WILLIAMS LAKE AGENCY - Concluded.,"Seaton Lake, No. 6, or Neciat",1897
name_variants_clustered,band_c01882,Ontario,Ojibbewas of Lake Huron|Parry Sound Agency|Parry Sound Super,Nawash | Shawanaga | Shawanaga (16 non-members) | Shawanaga (21 non-members),1886-1929
name_variants_clustered,band_c01883,Ontario,KAMLOOPS - OKANAGAN Agency|KAMLOOPS Agency,Deadman's Creek | Skichistan (Deadman's Creek),1897-1905
single_year_band,band_c01884,Ontario,,Wyandottes of Anderdon 2.,1905
single_year_band,band_c01885,Ontario,,Wyandottes of Anderson 1,1907
single_year_band,band_c01886,Ontario,Christian Island Agency,Christian Island Agency,1906
single_year_band,band_c01887,Ontario,KOOTENAY Agency,Flat Boy (Lower Kootenay),1897
name_variants_clustered,band_c01888,Ontario,Albany River District|District of Patricia|FRASER RIVER Agen,Fort Hope | Fort Hope and Landsdown | Ft. Hope | Hope,1905-1929
many_agencies,band_c01888,Ontario,Albany River District|District of Patricia|FRASER RIVER Agen,Fort Hope,1905-1929
name_variants_clustered,band_c01889,Ontario,KAMLOOPS - OKANAGAN Agency|KAMLOOPS Agency,Hlukhlukatan (Kanaka Bar) | Kanaka Bar,1897-1905
single_year_band,band_c01890,Ontario,District of Patricia,"Lake Savant, H.B. Co. Post",1924
name_variants_clustered,band_c01891,Ontario,Scugog Agency,Missaugas of Scugog | Missisaguas of Scugog | Mississaguas of Scugog | Mississaugas Scugog | Mississaugas of Scugog | Mississauguas of Scugog,1881-1929
name_variants_clustered,band_c01892,Ontario,Moravian Agency,Moravians of the Thames | Moravians uf the Thames | Moravins of the Thames,1881-1917
name_variants_clustered,band_c01893,Ontario,Alnwick Agency|Chapleau Agency|New Credit (Mississaguas) Age,Mississagua | Mississaguas | New Credit (Mississaguas),1906-1929
many_agencies,band_c01893,Ontario,Alnwick Agency|Chapleau Agency|New Credit (Mississaguas) Age,Mississaguas,1906-1929
name_variants_clustered,band_c01894,Ontario,"Chippewas and Saulteaux of Treaty No. 3,|Fort Frances Agency",Nickickenesemenecaning | Nickickonesemenecaning | Nickickonesemenecanning | Nickickonsemenecanning | Nickickousemenecaning | Nickickousemenecaning (3) | Nickickousemenecanning | Nickickowsemenecanning,1897-1910
name_variants_clustered,band_c01895,Ontario,KAMLOOPS - OKANAGAN Agency|OKANAGAN Agency,Nkamaplix (Okanagan Lake) | Okanagan,1897-1905
name_variants_clustered,band_c01896,Ontario,"Chippewas and Saulteaux of Treaty No. 3,|Chippewas and Sault",33 | North West Angle No. 33 | North-west Angle No. 33 | Northwest Angle No. 33 | Northwest Angle No. 33 B (3),1897-1929
many_agencies,band_c01896,Ontario,"Chippewas and Saulteaux of Treaty No. 3,|Chippewas and Sault",Northwest Angle No. 33,1897-1929
name_variants_clustered,band_c01897,Ontario,Ojibbewas and Ottawas of Manitoulin and Cockburn Islands,Wikwemikong (unceded) | Wikwemikongsing (unceded),1895-1909
single_year_band,band_c01899,Ontario,Onion Lake Agency,Kechaynew and Opisenow,1893
name_variants_clustered,band_c01900,Ontario,Alnwick Agency,Mississagua of Alnwick | Mississaguas Alnwick,1904-1917
single_year_band,band_c01901,Ontario,,Mississaguas Rice Lake,1904
name_variants_clustered,band_c01902,Ontario,"Chippewas and Saulteaux of Treaty No. 3,|Chippewas and Sault",34 | North West Angle No. 34 | North-west Angle No. 34 | Northwest Angle No. 34 | Northwest Angle No. 34 (3),1897-1910
many_agencies,band_c01902,Ontario,"Chippewas and Saulteaux of Treaty No. 3,|Chippewas and Sault",Northwest Angle No. 34,1897-1910
name_variants_clustered,band_c01903,Ontario,"Chippewas and Saulteaux of Treaty No. 3,|Chippewas and Sault",North West Angle No. 37 | North-west Angle No. 37 | Northwest Angle No. 37 | Northwest Angle No. 37 (3),1897-1929
many_agencies,band_c01903,Ontario,"Chippewas and Saulteaux of Treaty No. 3,|Chippewas and Sault",Northwest Angle No. 37,1897-1929
name_variants_clustered,band_c01904,Ontario,Caradoc Agency,Oneidas of Thames | Oneidas of the Thames | Oneidas of the Thanies,1881-1929
single_year_band,band_c01905,Ontario,Saddle Lake Agency,Thos. Hunter's son-in-law,1893
single_year_band,band_c01906,Ontario,,Tsistlatho (Black Water).,1905
single_year_band,band_c01907,Ontario,Fort William Agency,Whitesand and Jackfish,1929
name_variants_clustered,band_c01908,Ontario,Sarnia Agency|Wyandottes of Anderdon,Wyandotte of Anderdon | Wyandottes of Anderdon | Wyandottes of Anderson | Wyandotts of Anderdon | Wyandotts of Anderton,1881-1911
single_year_band,band_c01909,Ontario,Northern District - Abitibi (Timiskaming)2,Abitibi (Timiskaming)2,1915
single_year_band,band_c01911,Ontario,KAMLOOPS Agency,Halaut (South Thompson),1897
single_year_band,band_c01913,Ontario,Saddle Lake Agency,Jas. Seenum 'Sons Chief',1893
single_year_band,band_c01914,Ontario,Onion Lake Agency,Lame-man and Opisinow,1893
single_year_band,band_c01915,Ontario,WILLIAMS LAKE AGENCY - Concluded.,"Lillooet, (Chinook) No. 2",1897
single_year_band,band_c01916,Ontario,FRASER RIVER Agency,"Mission, Burrard Inlet",1905
name_variants_clustered,band_c01918,Ontario,"Chapleau Agency|Indians of James Bay, Treaty No. 9 at:","Flying Post | Flying Post (9) | Ojibbewas, Flying Post | Ojibbewas, Flying Post* | Ojibeways, Flying Post | Ojibwa, Flying Post",1906-1929
name_variants_clustered,band_c01919,Ontario,FRASER RIVER Agency|OKANAGAN Agency,Douglas | Spahamin (Douglas Lake),1897-1905
name_variants_clustered,band_c01920,Ontario,Sturgeon Falls Agency,Sturgeon Falls | Sturgeon Falls Agency,1906-1906
single_year_band,band_c01920,Ontario,Sturgeon Falls Agency,Sturgeon Falls Agency,1906
name_variants_clustered,band_c01921,Ontario,Manitoulin Island Unceded|Manitowaning Agency|Ojibbewas of L,Point Grondin | Unceded Point Grondin,1896-1929
many_agencies,band_c01921,Ontario,Manitoulin Island Unceded|Manitowaning Agency|Ojibbewas of L,Point Grondin,1896-1929
name_variants_clustered,band_c01922,Ontario,Walpole Agency|Walpole Island Agency,Walpole Agency | Walpole Island Agency,1906-1906
single_year_band,band_c01922,Ontario,Walpole Agency|Walpole Island Agency,Walpole Island Agency,1906
name_variants_clustered,band_c01923,Ontario,Saugeen Agency,"Chippewa of Saugeen | Chippewas Saugeen | Chippewas of Sangeen | Chippewas of Saugeen | Chippewas, Saugeen",1881-1929
single_year_band,band_c01924,Ontario,Saddle Lake Agency,Eli Seenum with No. 1,1893
name_variants_clustered,band_c01925,Ontario,BABINE AND UPPER SKEENA RIVER Agency,Fort Grahame (Nomadic) | Rama,1902-1905
single_year_band,band_c01926,Ontario,Fort William Agency,Long Lake (Treaty 9)2,1915
single_year_band,band_c01927,Ontario,Fort Frances Agency,Nickickonsemincaning,1929
name_variants_clustered,band_c01928,Ontario,Arctic Coast Line to Hershell Island|Franklin District (form,Ontario | Ontario Inspectorate,1897-1917
many_agencies,band_c01928,Ontario,Arctic Coast Line to Hershell Island|Franklin District (form,Ontario,1897-1917
name_variants_clustered,band_c01929,Ontario,Fort William Agency|Griswold Agency|Port Arthur Agency,Oak Lake | Red Block (Lake Helen) | Red Rock (Lake Helen),1910-1924
single_year_band,band_c01930,Ontario,Thessalon Agency,Spanish River Band 1,1929
single_year_band,band_c01931,Ontario,Thessalon Agency,Spanish River Band 2,1929
name_variants_clustered,band_c01932,Ontario,SARCEE Agency,"Stony Reserve, Band 'A' | Stony Reserve, Band 'B' | Stony Reserve, Band 'C'",1893-1893
single_year_band,band_c01932,Ontario,SARCEE Agency,"Stony Reserve, Band 'A'",1893
name_variants_clustered,band_c01933,Ontario,Fort Frances Agency,Fort Frances | Fort Frances Agency,1906-1906
single_year_band,band_c01933,Ontario,Fort Frances Agency,Fort Frances Agency,1906
single_year_band,band_c01934,Ontario,Onion Lake Agency,Kinoosayo (Chipewyan),1909
name_variants_clustered,band_c01935,Ontario,"Chippewas and Saulteaux of Treaty No. 3,|Chippewas of Saulte",Lac des Mille Lacs | Lac des Mille Lacs (3) | Lac des Milles Lacs,1897-1929
many_agencies,band_c01935,Ontario,"Chippewas and Saulteaux of Treaty No. 3,|Chippewas of Saulte",Lac des Mille Lacs,1897-1929
name_variants_clustered,band_c01936,Ontario,Manitowaning Agency,Manitowaning | Manitowaning Agency,1906-1906
single_year_band,band_c01936,Ontario,Manitowaning Agency,Manitowaning Agency,1906
single_year_band,band_c01937,Ontario,,Mississaguas Scugog,1904
name_variants_clustered,band_c01939,Ontario,KAMLOOPS - OKANAGAN Agency|OKANAGAN Agency,Penticton | Penticton (Penticton),1897-1905
single_year_band,band_c01940,Ontario,KAMLOOPS Agency,Piminos and Pakeist,1897
single_year_band,band_c01941,Ontario,FRASER RIVER Agency,"Skwamish, Howe Sound",1905
single_year_band,band_c01942,Ontario,Onion Lake Agency,Ah-yah-pee-koo-kow,1893
single_year_band,band_c01944,Ontario,Saddle Lake Agency,Baptiste Rose's Wife,1893
name_variants_clustered,band_c01945,Ontario,Cape Croker Agency,Cape Croker | Cape Croker Agency,1906-1906
single_year_band,band_c01945,Ontario,Cape Croker Agency,Cape Croker Agency,1906
single_year_band,band_c01946,Ontario,Golden Lake Agency,Golden Lake Agency,1906
single_year_band,band_c01947,Ontario,Saddle Lake Agency,Hinckumans and Son,1893
name_variants_clustered,band_c01948,Ontario,Lake Simcoe Agency,Lake Simcoe | Lake Simcoe Agency,1906-1906
single_year_band,band_c01948,Ontario,Lake Simcoe Agency,Lake Simcoe Agency,1906
single_year_band,band_c01949,Ontario,KWAWKEWLTH Agency,Ma-ma-lil-li-kulla,1897
name_variants_clustered,band_c01950,Ontario,McKenzie District,Mackenzie district | McKenzie District,1906-1908
name_variants_clustered,band_c01951,Ontario,Saddle Lake Agency,Moses | Moses Wife and Son,1893-1893
single_year_band,band_c01951,Ontario,Saddle Lake Agency,Moses,1893
single_year_band,band_c01952,Ontario,Walpole Island Agency,Non-members of any Band,1929
name_variants_clustered,band_c01953,Ontario,Chapleau Agency,"Metagama | Metagami | Ojibbewas, Metagami | Ojibbewas, Metagami* | Ojibwa, Metagami",1911-1929
name_variants_clustered,band_c01954,Ontario,Port Arthur Agency,Port Arthur | Port Arthur Agency,1906-1906
single_year_band,band_c01954,Ontario,Port Arthur Agency,Port Arthur Agency,1906
single_year_band,band_c01955,Ontario,Saddle Lake Agency,Simon Nenetentanop,1893
name_variants_clustered,band_c01957,Ontario,KAMLOOPS - OKANAGAN Agency|KAMLOOPS Agency,Bonaparte | Tluhtans (Bonaparte),1897-1905
single_year_band,band_c01958,Ontario,Saddle Lake Agency,Baptiste Cardinal,1893
name_variants_clustered,band_c01959,Ontario,Rama Agency,"Chippewas Rama | Chippewas or Rama | Chippewas, Rama",1891-1924
name_variants_clustered,band_c01960,Ontario,KAMLOOPS - OKANAGAN Agency|KAMLOOPS Agency,Adam's Lake | Halthum (Adam's Lake),1897-1905
name_variants_clustered,band_c01961,Ontario,Fort Frances Agency,"Hungary Hall No. 2 | Hungry Hall No 2 | Hungry Hall No. 2 | Hungry Hall No. 2 (3) | Hungry Hall, No. 2 | Hungry hall No. 2",1897-1929
name_variants_clustered,band_c01962,Ontario,Chippewas and Saulteaux of Treaty No. 3|Chippewas and Saulte,Ignace | Ignace (3) | Indians at Ignace | Indians of Ignace,1900-1929
many_agencies,band_c01962,Ontario,Chippewas and Saulteaux of Treaty No. 3|Chippewas and Saulte,Indians at Ignace,1900-1929
name_variants_clustered,band_c01963,Ontario,KAMLOOPS - OKANAGAN Agency|KAMLOOPS Agency,Kamloops | Kamloops (Kamloops),1897-1905
name_variants_clustered,band_c01965,Ontario,,"Mississagua River | Mississagua, River | Mississigua River",1886-1900
single_year_band,band_c01966,Ontario,Thessalon Agency,Mississauga River,1929
single_year_band,band_c01967,Ontario,Caradoc Agency,Munceys of Thames,1929
single_year_band,band_c01968,Ontario,KAMLOOPS - OKANAGAN Agency,Oregon Jack Creek,1905
single_year_band,band_c01969,Ontario,Saddle Lake Agency,Peter Bright Eyes,1893
single_year_band,band_c01970,Ontario,KAMLOOPS - OKANAGAN Agency,Similkameen (Lower),1905
single_year_band,band_c01971,Ontario,KAMLOOPS - OKANAGAN Agency,Similkameen (Upper),1905
single_year_band,band_c01972,Ontario,KWAWKEWLTH Agency,Tsa-waw-ti-e-neuk,1897
name_variants_clustered,band_c01973,Ontario,Tyendinaga Agency,Tyendinaga | Tyendinaga Agency,1906-1906
single_year_band,band_c01973,Ontario,Tyendinaga Agency,Tyendinaga Agency,1906
single_year_band,band_c01974,Ontario,Onion Lake Agency,Yah-yah-ke-chewan,1893
single_year_band,band_c01975,Ontario,Onion Lake Agency,Antoine Joubleux,1893
single_year_band,band_c01976,Ontario,Saddle Lake Agency,Arthur Stienhaur,1893
single_year_band,band_c01977,Ontario,Onion Lake Agency,Augustine Vivier,1893
single_year_band,band_c01978,Ontario,COWICHAN Agency,Clem-clem-a-lats,1897
single_year_band,band_c01979,Ontario,KAMLOOPS - OKANAGAN Agency,Cold Water (Lower),1905
single_year_band,band_c01980,Ontario,Chapleau Agency,"Crees, Missanabie",1929
single_year_band,band_c01981,Ontario,COWICHAN Agency,Discovery Island,1897
single_year_band,band_c01982,Ontario,COWICHAN Agency,Fishing Stations,1897
name_variants_clustered,band_c01984,Ontario,"District of Patricia|Indians of James Bay, Treaty No. 9 at:|",Matachewan | Matatchewan | Matatchewan Fort,1906-1929
single_year_band,band_c01985,Ontario,FRASER RIVER Agency,Pemberton Meadow,1905
single_year_band,band_c01986,Ontario,Rice Lake Agency,Rice Lake Agency,1906
single_year_band,band_c01987,Ontario,Saddle Lake Agency,Richard Hardisty,1893
name_variants_clustered,band_c01988,Ontario,"Chippewas and Saulteaux of Treaty No. 3,|Chippewas of Saulte",Riviere la Seine | Rivière la Seine | Riviére la Seine | Seine River | Seine River (3),1897-1929
name_variants_clustered,band_c01989,Ontario,"Chippewas and Saulteaux of Treaty No. 3, at:|Chippewas of Sa",Shoal Lake No. 39 | Shoal Lake No. 39 (3) | Soal Lake No. 39,1897-1929
many_agencies,band_c01989,Ontario,"Chippewas and Saulteaux of Treaty No. 3, at:|Chippewas of Sa",Shoal Lake No. 39,1897-1929
many_agencies,band_c01990,Ontario,"Chippewas and Saulteaux of Treaty No. 3,|Chippewas and Sault",Shoal Lake No. 40,1897-1929
single_year_band,band_c01991,Ontario,Thunder Bay and Rainy River,Smooth Rock Lake,1913
name_variants_clustered,band_c01992,Ontario,Chapleau Agency|Christian Island Agency|Manitowaning Agency|,Spanish River | Spanish River(tt),1886-1929
many_agencies,band_c01992,Ontario,Chapleau Agency|Christian Island Agency|Manitowaning Agency|,Spanish River,1886-1929
name_variants_clustered,band_c01993,Ontario,Manitoulin Island Unceded|Manitowaning Agency|Manitowaning A,White Fish River | Whitefish River | Whitéfish River,1886-1929
many_agencies,band_c01993,Ontario,Manitoulin Island Unceded|Manitowaning Agency|Manitowaning A,Whitefish River,1886-1929
name_variants_clustered,band_c01994,Ontario,Saddle Lake Agency,Widow Baldhead | Widow S. Baldhead,1893-1893
single_year_band,band_c01994,Ontario,Saddle Lake Agency,Widow Baldhead,1893
single_year_band,band_c01995,Ontario,Saddle Lake Agency,Wixis Waxpeeinew,1893
single_year_band,band_c01997,Ontario,Onion Lake Agency,Antoine Muskago,1893
name_variants_clustered,band_c01999,Ontario,BABINE AND UPPER SKEENA RIVER Agency|Norway House Agency,Con. McLeod's Lake | God's Lake,1905-1924
single_year_band,band_c02000,Ontario,COWICHAN Agency,Cowichan Island,1897
name_variants_clustered,band_c02001,Ontario,SARCEE Agency|Saddle Lake Agency,Daniel | Daniel Makuskie,1893-1893
single_year_band,band_c02001,Ontario,SARCEE Agency|Saddle Lake Agency,Daniel,1893
single_year_band,band_c02002,Ontario,Onion Lake Agency,Francis Moonson,1893
single_year_band,band_c02003,Ontario,COWICHAN Agency,Gagliano Island,1897
single_year_band,band_c02004,Ontario,Parry Sound Agency,Gibson or Watha,1914
name_variants_clustered,band_c02005,Ontario,Gore Bay Agency,Gore Bay | Gore Bay Agency,1906-1906
single_year_band,band_c02005,Ontario,Gore Bay Agency,Gore Bay Agency,1906
name_variants_clustered,band_c02006,Ontario,Saddle Lake Agency,"John Hunter, H.M | John Hunter, jr",1893-1893
single_year_band,band_c02006,Ontario,Saddle Lake Agency,"John Hunter, H.M",1893
single_year_band,band_c02007,Ontario,Onion Lake Agency,Kis-ayan-ew-let,1893
single_year_band,band_c02010,Ontario,Northern District - Abitibi (Timiskaming)2,Mistassini Lake,1915
name_variants_clustered,band_c02011,Ontario,Moravian Agency|Moravians Agency,Moravian | Moravian Agency | Moravians,1906-1929
single_year_band,band_c02012,Ontario,Mud Lake Agency,Mud Lake Agency,1906
name_variants_clustered,band_c02013,Ontario,"Chippewas and Saulteaux of Treaty No. 3,|Fort Frances Agency",Nacatchewenin | Naicatchewening | Niacatchewenin | Niacatchewenin (3) | Nicatchewenin,1897-1929
single_year_band,band_c02014,Ontario,FRASER RIVER Agency,New Westminster,1905
single_year_band,band_c02015,Ontario,Saddle Lake Agency,"Peter Shirt, H.M",1893
single_year_band,band_c02016,Ontario,Onion Lake Agency,Puskeeahkeewein,1909
single_year_band,band_c02017,Ontario,,Tehssalon River,1907
name_variants_clustered,band_c02018,Ontario,Ojibbewas of Lake Huron,The^^salon River | Thessalon River,1886-1909
single_year_band,band_c02019,Ontario,Ungava District,Ungava District,1908
name_variants_clustered,band_c02020,Ontario,Manitoulin Island Unceded|Manitowaning Agency|Manitowaning A,White Fish Lake | Whitefish Lake,1886-1929
many_agencies,band_c02020,Ontario,Manitoulin Island Unceded|Manitowaning Agency|Manitowaning A,Whitefish Lake,1886-1929
single_year_band,band_c02021,Ontario,,Yukon Territory,1906
single_year_band,band_c02022,Ontario,Kenora and Savanne Agency - Kenora Division,1Buffalo Point,1929
single_year_band,band_c02023,Ontario,Saddle Lake Agency,Abram Cardinal,1893
single_year_band,band_c02024,Ontario,Onion Lake Agency,Alexie and Son,1893
single_year_band,band_c02025,Ontario,Alnwick Agency,Alnwick Agency,1906
name_variants_clustered,band_c02026,Ontario,Saddle Lake Agency,Aug. Steinhauer | S. Steinhauer,1893-1893
single_year_band,band_c02026,Ontario,Saddle Lake Agency,Aug. Steinhauer,1893
name_variants_clustered,band_c02027,Ontario,Ojibbewas of Lake Huron,Batchawana Bay | Batchewana Bay,1886-1909
single_year_band,band_c02028,Ontario,Caradoc Agency,Caradoc Agency,1906
many_agencies,band_c02029,Ontario,"Chippewas and Saulteaux of Treaty No. 3,|Chippewas and Sault",Frenchman's Head,1897-1929
many_agencies,band_c02030,Ontario,"Chippewas and Saulteaux of Treaty No. 3,|Chippewas and Sault",Grassy Narrows,1897-1929
single_year_band,band_c02031,Ontario,Saddle Lake Agency,Henry Cardinal,1893
single_year_band,band_c02032,Ontario,Onion Lake Agency,Isidore Vivier,1893
single_year_band,band_c02033,Ontario,Saddle Lake Agency,Jacob Hairline,1893
single_year_band,band_c02034,Ontario,NORTH-WEST COAST Agency,Kit-lach-damax,1897
name_variants_clustered,band_c02035,Ontario,Ojibbewas of Lake Huron|Sturgeon Falls Agency,Lake Nipissing | Nipissing,1886-1929
name_variants_clustered,band_c02036,Ontario,Onion Lake Agency|Saddle Lake Agency,Louis | Louis Mungrain,1893-1893
single_year_band,band_c02036,Ontario,Onion Lake Agency|Saddle Lake Agency,Louis,1893
name_variants_clustered,band_c02037,Ontario,Saddle Lake Agency,Maria | Maria Cardinal,1893-1893
single_year_band,band_c02037,Ontario,Saddle Lake Agency,Maria,1893
single_year_band,band_c02038,Ontario,Onion Lake Agency,Menokutchwaise,1893
name_variants_clustered,band_c02039,Ontario,KAMLOOPS - OKANAGAN Agency|OKANAGAN Agency,Nkamip (Osoyoos) | Osoyoos,1897-1905
single_year_band,band_c02040,Ontario,Thessalon Agency,No. 2 Thessalon,1915
name_variants_clustered,band_c02041,Ontario,Saugeen Agency,Saugeen | Saugeen Agency,1902-1906
name_variants_clustered,band_c02042,Ontario,Savanne Agency,Savanne | Savanne Agency,1906-1906
single_year_band,band_c02042,Ontario,Savanne Agency,Savanne Agency,1906
single_year_band,band_c02043,Ontario,OKANAGAN Agency,Shennosquankin,1897
name_variants_clustered,band_c02044,Ontario,KAMLOOPS - OKANAGAN Agency|KAMLOOPS Agency,Ashcroft | Stahl (Ashcroft),1897-1905
name_variants_clustered,band_c02045,Ontario,Ojibbewas of Lake Huron,(t)French River | French River | French River.,1886-1909
single_year_band,band_c02046,Ontario,KOOTENAY Agency,Tobacco Plains,1897
single_year_band,band_c02047,Ontario,Fort William Agency,Various places,1929
single_year_band,band_c02048,Ontario,Onion Lake Agency,Wah-kis-e-koot,1893
single_year_band,band_c02050,Ontario,Northern District - Abitibi (Timiskaming)2,Wasoanipi Lake,1915
single_year_band,band_c02051,Ontario,Saddle Lake Agency,Whenhomisinese,1893
name_variants_clustered,band_c02052,Ontario,"Chippewas and Saulteaux of Treaty No. 3,|Chippewas and Sault",White Fish Bay | Whitefish Bay | Whitefish Bay (3),1897-1929
many_agencies,band_c02052,Ontario,"Chippewas and Saulteaux of Treaty No. 3,|Chippewas and Sault",Whitefish Bay,1897-1929
single_year_band,band_c02053,Ontario,Saddle Lake Agency,Augusta Giant,1893
single_year_band,band_c02054,Ontario,KOOTENAY Agency,Columbia Lake,1897
many_agencies,band_c02056,Ontario,Albany River District|Con.|District of Patricia|Indians of J,English River,1906-1929
single_year_band,band_c02057,Ontario,Saddle Lake Agency,Enoch Komowin,1893
single_year_band,band_c02058,Ontario,Onion Lake Agency,Isidore Moyah,1893
single_year_band,band_c02059,Ontario,Saddle Lake Agency,Jacob Jackson,1893
single_year_band,band_c02060,Ontario,Saddle Lake Agency,John Sinclair,1893
name_variants_clustered,band_c02061,Ontario,Saddle Lake Agency,John White | John Whitford,1893-1893
single_year_band,band_c02061,Ontario,Saddle Lake Agency,John White,1893
single_year_band,band_c02062,Ontario,Saddle Lake Agency,Jos. Wakpamuse,1893
name_variants_clustered,band_c02063,Ontario,Kenora Agency|Rama Agency,Kenora Agency | Rama Agency,1906-1906
single_year_band,band_c02063,Ontario,Kenora Agency|Rama Agency,Rama Agency,1906
single_year_band,band_c02064,Ontario,NORTH-WEST COAST Agency,Kitwintshilth,1897
single_year_band,band_c02065,Ontario,FRASER RIVER Agency,Kwawkwawapilt,1905
single_year_band,band_c02066,Ontario,WILLIAMS LAKE AGENCY - Concluded.,"Lillooet, No. 1",1897
name_variants_clustered,band_c02067,Ontario,Ojibbewas of Lake Huron,Maganett.iwan | Maganettawan,1886-1908
name_variants_clustered,band_c02068,Ontario,District of Patricia|Fort William Agency|Lake Nipigon Agency,Martin Falls | Martins Falls,1916-1929
single_year_band,band_c02069,Ontario,Sault Ste. Marie Agency,Michipocoten1,1915
single_year_band,band_c02070,Ontario,Saddle Lake Agency,Moise Jackson,1893
name_variants_clustered,band_c02071,Ontario,Saddle Lake Agency,Moses Jackson | Thos. Jackson,1893-1893
single_year_band,band_c02071,Ontario,Saddle Lake Agency,Thos. Jackson,1893
single_year_band,band_c02072,Ontario,Saddle Lake Agency,Nathaniel Leg,1893
single_year_band,band_c02073,Ontario,,"Renfrew, North",1902
single_year_band,band_c02074,Ontario,Sarnia Agency,Sarnia Agency,1906
single_year_band,band_c02075,Ontario,Scugog Agency,Scugog Agency,1906
single_year_band,band_c02077,Ontario,FRASER RIVER Agency,Seymour Creek,1905
name_variants_clustered,band_c02078,Ontario,Gore Bay Agency|Ojibbewas and Ottawas of Manitoulin and Cock,Sheahegwaning | Sheshegwaning,1886-1929
single_year_band,band_c02079,Ontario,FRASER RIVER Agency,Skookum Chuck,1905
name_variants_clustered,band_c02081,Ontario,Manitowaning Agency,Tahgaiewenene | Tahgaiwenene,1886-1929
single_year_band,band_c02082,Ontario,Thunder Bay and Rainy River,Tamarack Lake,1913
single_year_band,band_c02083,Ontario,Saddle Lake Agency,Thos. Sinclair,1893
name_variants_clustered,band_c02084,Ontario,KWAWKEWLTH Agency,Wi-wai-ai-kai | Wi-wai-ai-kum,1897-1897
single_year_band,band_c02084,Ontario,KWAWKEWLTH Agency,Wi-wai-ai-kum,1897
single_year_band,band_c02085,Ontario,Saddle Lake Agency,Widow Stanley,1893
single_year_band,band_c02086,Ontario,Saddle Lake Agency,William Stamp,1893
single_year_band,band_c02087,Ontario,WILLIAMS LAKE AGENCY - Concluded.,Williams Lake,1897
single_year_band,band_c02088,Ontario,FRASER RIVER Agency,Yakweakwioose,1905
single_year_band,band_c02089,Ontario,Timiskaming Agency,Abitibni (Ont.),1929
name_variants_clustered,band_c02090,Ontario,Port Arthur Agency|Treaty No. 10,Barren Land | Barren Lands,1908-1911
single_year_band,band_c02092,Ontario,Onion Lake Agency,Can-e-patato,1893
single_year_band,band_c02093,Ontario,WILLIAMS LAKE AGENCY - Concluded.,"Cayoosh, No. 2",1897
single_year_band,band_c02094,Ontario,Saddle Lake Agency,Chas. Jackson,1893
single_year_band,band_c02095,Ontario,Saddle Lake Agency,David Seenum,1893
single_year_band,band_c02096,Ontario,NORTH-WEST COAST Agency,Fort Simpson,1897
single_year_band,band_c02099,Ontario,Saddle Lake Agency,Jno. Makuskie,1893
single_year_band,band_c02100,Ontario,Saddle Lake Agency,Job Lapatack,1893
single_year_band,band_c02101,Ontario,Saddle Lake Agency,Joe Makookis,1893
single_year_band,band_c02102,Ontario,Saddle Lake Agency,"John Half, jr",1893
single_year_band,band_c02103,Ontario,Onion Lake Agency,Jonas Vivier,1893
name_variants_clustered,band_c02106,Ontario,"Chippewas and Saulteaux of Treaty No. 3,|Fort Frances Agency",Little Fork | Little Forks | Little Forks (3),1897-1929
single_year_band,band_c02108,Ontario,COWICHAN Agency,Mayne Island,1897
single_year_band,band_c02109,Ontario,Onion Lake Agency,Mee-see-hayo,1893
single_year_band,band_c02110,Ontario,Onion Lake Agency,Moochewenies,1893
single_year_band,band_c02111,Ontario,KAMLOOPS - OKANAGAN Agency,Nicola (Lower),1905
single_year_band,band_c02112,Ontario,KAMLOOPS - OKANAGAN Agency,Nicola (Upper),1905
single_year_band,band_c02113,Ontario,Norway House Agency,Norway House,1924
name_variants_clustered,band_c02114,Ontario,,Onewaiegoes | Onewaiegonce,1886-1895
single_year_band,band_c02115,Ontario,Norway House Agency,Oxford House,1924
single_year_band,band_c02116,Ontario,Saddle Lake Agency,Paul Bernard,1893
single_year_band,band_c02117,Ontario,Saddle Lake Agency,Peter Breast,1893
many_agencies,band_c02120,Ontario,Manitoulin Island Unceded|Manitowaning Agency|Manitowaning A,Sucker Creek,1886-1929
name_variants_clustered,band_c02121,Ontario,Manitoulin Island Unceded|Manitowaning Agency|Manitowaning A,Tagaiwinini | Tahgaiwinine | Tahgaiwinini | Tahgaiwinni,1895-1924
many_agencies,band_c02121,Ontario,Manitoulin Island Unceded|Manitowaning Agency|Manitowaning A,Tahgaiwinini,1895-1924
name_variants_clustered,band_c02122,Ontario,Ojibbewas of Lake Huron,Temogaming | Temogamingue,1886-1909
single_year_band,band_c02123,Ontario,Treaty No. 10,Treaty No. 10,1908
single_year_band,band_c02124,Ontario,Thunder Bay and Rainy River,Wabinosh Bay,1913
single_year_band,band_c02126,Ontario,KWAWKEWLTH Agency,Ah-wha-mish,1897
name_variants_clustered,band_c02127,Ontario,Manitowaning Agency,Be.ausoleil | Beausoleil,1902-1924
single_year_band,band_c02129,Ontario,NORTH-WEST COAST Agency,Bella Coola,1897
single_year_band,band_c02130,Ontario,NORTH-WEST COAST Agency,Bella-Bella,1897
single_year_band,band_c02131,Ontario,Onion Lake Agency,Callingbull,1893
single_year_band,band_c02132,Ontario,OKANAGAN Agency,Chuckuwayha,1897
single_year_band,band_c02134,Ontario,Saddle Lake Agency,Edward Rose,1893
single_year_band,band_c02135,Ontario,FRASER RIVER Agency,False Creek,1905
single_year_band,band_c02137,Ontario,District of Patricia,Ghost River,1924
name_variants_clustered,band_c02138,Ontario,Saddle Lake Agency,J.B. Doghead | L. Doghead,1893-1893
single_year_band,band_c02138,Ontario,Saddle Lake Agency,J.B. Doghead,1893
single_year_band,band_c02139,Ontario,Saddle Lake Agency,John Sunday,1893
single_year_band,band_c02140,Ontario,KAMLOOPS Agency,Kapatsitsan,1897
single_year_band,band_c02141,Ontario,COWICHAN Agency,Khe-nip-sim,1897
single_year_band,band_c02142,Ontario,COWICHAN Agency,Kil-pan-lus,1897
single_year_band,band_c02143,Ontario,NORTH-WEST COAST Agency,Kitsumkalem,1897
single_year_band,band_c02144,Ontario,KWAWKEWLTH Agency,Kla-wit-sis,1897
single_year_band,band_c02145,Ontario,KWAWKEWLTH Agency,Kwaw-kewlth,1897
single_year_band,band_c02146,Ontario,Saddle Lake Agency,Lazaro Half,1893
name_variants_clustered,band_c02147,Ontario,Parry Sound Agency|Parry Sound Superintendency,Maganetawan | Magnetawan,1916-1929
single_year_band,band_c02148,Ontario,Parry Sound Agency,Moose Point,1929
single_year_band,band_c02149,Ontario,KAMLOOPS - OKANAGAN Agency,Neskainlith,1905
single_year_band,band_c02150,Ontario,COWICHAN Agency,Panqui-chin,1897
single_year_band,band_c02151,Ontario,COWICHAN Agency,Penel-a-kut,1897
single_year_band,band_c02152,Ontario,Saddle Lake Agency,Peter Blood,1893
single_year_band,band_c02153,Ontario,KAMLOOPS Agency,Quinshaatin,1897
many_agencies,band_c02154,Ontario,"Chippewas and Saulteaux of Treaty No. 3,|Chippewas and Sault",Rat Portage,1897-1929
single_year_band,band_c02155,Ontario,Saddle Lake Agency,S. Saulteaux,1893
many_agencies,band_c02156,Ontario,Manitoulin Island Unceded|Manitowaning Agency|Manitowaning A,Sheguiandah,1886-1929
single_year_band,band_c02157,Ontario,COWICHAN Agency,Sic-ca-meen,1897
many_agencies,band_c02158,Ontario,Manitoulin Island Unceded|Manitowaning Agency|Manitowaning A,Sucker Lake,1886-1929
single_year_band,band_c02159,Ontario,KWAWKEWLTH Agency,Ta-nak-tenk,1897
single_year_band,band_c02160,Ontario,KWAWKEWLTH Agency,Waw-lit-sum,1897
single_year_band,band_c02161,Ontario,Onion Lake Agency,Young Chief,1893
single_year_band,band_c02162,Ontario,Saddle Lake Agency,Achip Half,1893
single_year_band,band_c02163,Ontario,Onion Lake Agency,Ah-kee-now,1893
single_year_band,band_c02164,Ontario,FRASER RIVER Agency,Aitchelitz,1905
name_variants_clustered,band_c02165,Ontario,District of Patricia|District of Patricia.|North Renfrew Cou,Attawapiscat | Attawapiskat | Attawapislat,1914-1929
many_agencies,band_c02168,Ontario,"Chippewas and Saulteaux of Treaty No. 3,|Chippewas and Sault",Big Island,1897-1929
single_year_band,band_c02169,Ontario,Saddle Lake Agency,Blue Quill,1893
single_year_band,band_c02170,Ontario,KAMLOOPS - OKANAGAN Agency,Boston Bar,1905
single_year_band,band_c02172,Ontario,Pas Agency,Chemawawin,1924
single_year_band,band_c02174,Ontario,KAMLOOPS - OKANAGAN Agency,Cook's Ferry,1905
single_year_band,band_c02175,Ontario,Norway House Agency,Cross Lake,1924
single_year_band,band_c02176,Ontario,Pas Agency,Cumberland,1924
many_agencies,band_c02178,Ontario,"Chippewas and Saulteaux of Treaty No. 3,|Chippewas and Sault",Eagle Lake,1897-1929
single_year_band,band_c02179,Ontario,Saddle Lake Agency,Enoch Wood,1893
single_year_band,band_c02180,Ontario,Saddle Lake Agency,Jonas Honk,1893
single_year_band,band_c02181,Ontario,WILLIAMS LAKE AGENCY - Concluded.,Kenim Lake,1897
single_year_band,band_c02182,Ontario,NORTH-WEST COAST Agency,Kitangataa,1897
single_year_band,band_c02183,Ontario,COWICHAN Agency,Kok-si-lah,1897
single_year_band,band_c02184,Ontario,KWAWKEWLTH Agency,Kwaw-shela,1897
single_year_band,band_c02185,Ontario,KWAWKEWLTH Agency,Kwi-ah-kah,1897
single_year_band,band_c02186,Ontario,NORTH-WEST COAST Agency,Lach-alsap,1897
single_year_band,band_c02187,Ontario,COWICHAN Agency,Ly-ach-sun,1897
single_year_band,band_c02188,Ontario,KWAWKEWLTH Agency,Mah-til-pi,1897
name_variants_clustered,band_c02189,Ontario,KAMLOOPS Agency|Sturgeon Falls Agency,Chataway | Matachawan,1897-1917
name_variants_clustered,band_c02190,Ontario,"Chapleau Agency|Indians of James Bay, Treaty No. 9 at:",Matagami | Matagami (9) | Matchagami,1906-1910
single_year_band,band_c02191,Ontario,NORTH-WEST COAST Agency,Metlakatla,1897
single_year_band,band_c02192,Ontario,Chapleau Agency,Missanaibi,1911
single_year_band,band_c02193,Ontario,KWAWKEWLTH Agency,Nak-wak-ta,1897
single_year_band,band_c02194,Ontario,,Obedgewong,1895
name_variants_clustered,band_c02196,Ontario,Fort William Agency|Lake Nipigon Agency|Ojibbewas of Lake Su,Pays Plat | Pays Platt,1886-1929
many_agencies,band_c02196,Ontario,Fort William Agency|Lake Nipigon Agency|Ojibbewas of Lake Su,Pays Plat,1886-1929
single_year_band,band_c02197,Ontario,Clandeboye Agency,Pekangekum,1929
single_year_band,band_c02198,Ontario,Saddle Lake Agency,Peter Apow,1893
single_year_band,band_c02199,Ontario,KAMLOOPS Agency,Quiskanaht,1897
name_variants_clustered,band_c02200,Ontario,FRASER RIVER Agency|Onion Lake Agency,Skawahlook | Waskahat,1893-1905
single_year_band,band_c02201,Ontario,COWICHAN Agency,Sno-no-wus,1897
single_year_band,band_c02202,Ontario,WILLIAMS LAKE AGENCY - Concluded.,Soda Creek,1897
single_year_band,band_c02204,Ontario,FRASER RIVER Agency,Texas Lake,1905
name_variants_clustered,band_c02205,Ontario,"Chippewas and Saulteaux of Treaty No. 3,|Chippewas and Sault",Dalles | The Dalles | The Dalles (3),1897-1929
many_agencies,band_c02205,Ontario,"Chippewas and Saulteaux of Treaty No. 3,|Chippewas and Sault",The Dalles,1897-1929
single_year_band,band_c02206,Ontario,KAMLOOPS Agency,Tlkumcheen,1897
single_year_band,band_c02208,Ontario,FRASER RIVER Agency,Tsawwassen,1905
name_variants_clustered,band_c02209,Ontario,"Chippewas and Saulteaux of Treaty No. 3,|Chippewas and Sault",Apsabasca | Assabasca,1897-1907
name_variants_clustered,band_c02210,Ontario,Kenora and Savanne Agencies|Kenora and Savanne Agency|Kenora,Assabaska | Assabasks (3),1908-1929
single_year_band,band_c02211,Ontario,Saddle Lake Agency,Big Snake,1893
single_year_band,band_c02212,Ontario,KAMLOOPS - OKANAGAN Agency,Boothroyd,1905
single_year_band,band_c02213,Ontario,FRASER RIVER Agency,Coquitlam,1905
single_year_band,band_c02214,Ontario,WILLIAMS LAKE AGENCY - Concluded.,Dog Creek,1897
single_year_band,band_c02215,Ontario,COWICHAN Agency,Esquimalt,1897
name_variants_clustered,band_c02216,Ontario,"District of Patricia|Indians of James Bay, Treaty No. 9 at:|",Albany | Ft. Albany,1906-1929
many_agencies,band_c02217,Ontario,"Chippewas and Saulteaux of Treaty No. 3,|Chippewas and Sault",Islington,1897-1929
single_year_band,band_c02218,Ontario,Saddle Lake Agency,John Bull,1893
single_year_band,band_c02219,Ontario,Onion Lake Agency,Keeheewin,1909
single_year_band,band_c02220,Ontario,NORTH-WEST COAST Agency,Kincolith,1897
single_year_band,band_c02221,Ontario,NORTH-WEST COAST Agency,Kinisquit,1897
single_year_band,band_c02222,Ontario,COWICHAN Agency,Kul-leets,1897
single_year_band,band_c02223,Ontario,KWAWKEWLTH Agency,Kwat-seno,1897
many_agencies,band_c02224,Ontario,"Fort William Agency|Indians of James Bay, Treaty No. 9 at:|L",Long Lake,1886-1929
single_year_band,band_c02225,Ontario,KAMLOOPS Agency,Nkumckeen,1897
single_year_band,band_c02226,Ontario,Griswold Agency,Oak River,1924
single_year_band,band_c02227,Ontario,,Onewaigos,1891
single_year_band,band_c02229,Ontario,COWICHAN Agency,Quamichan,1897
single_year_band,band_c02230,Ontario,WILLIAMS LAKE AGENCY - Concluded.,Quesnelle,1897
single_year_band,band_c02231,Ontario,FRASER RIVER Agency,Samahquam,1905
single_year_band,band_c02232,Ontario,FRASER RIVER Agency,Semiahmoo,1905
single_year_band,band_c02233,Ontario,KAMLOOPS Agency,Shhahanih,1897
single_year_band,band_c02234,Ontario,NORTH-WEST COAST Agency,Skidegate,1897
single_year_band,band_c02235,Ontario,FRASER RIVER Agency,Soowahlie,1905
many_agencies,band_c02236,Ontario,Manitoulin Island Unceded|Manitowaning Agency|Manitowaning A,South Bay,1886-1929
single_year_band,band_c02237,Ontario,FRASER RIVER Agency,Squawtits,1905
single_year_band,band_c02238,Ontario,COWICHAN Agency,Tsart-ilp,1897
single_year_band,band_c02239,Ontario,FRASER RIVER Agency,Tzeachten,1905
many_agencies,band_c02240,Ontario,"Chippewas and Saulteaux of Treaty No. 3,|Chippewas and Sault",Wabuskang,1897-1929
single_year_band,band_c02241,Ontario,Onion Lake Agency,Wm. Secoos,1893
single_year_band,band_c02242,Ontario,KAMLOOPS Agency,Apaptsim,1897
single_year_band,band_c02243,Ontario,Saddle Lake Agency,Blindman,1893
single_year_band,band_c02244,Ontario,Saddle Lake Agency,C. Hinese,1893
single_year_band,band_c02246,Ontario,FRASER RIVER Agency,Chehalis,1905
single_year_band,band_c02247,Ontario,COWICHAN Agency,Comeakin,1897
single_year_band,band_c02248,Ontario,FRASER RIVER Agency,Ewa-woos,1905
single_year_band,band_c02249,Ontario,WILLIAMS LAKE AGENCY - Concluded.,Fountain,1897
single_year_band,band_c02250,Ontario,Fort William Agency,Gull Bay,1929
single_year_band,band_c02251,Ontario,WILLIAMS LAKE AGENCY - Concluded.,High Bar,1897
single_year_band,band_c02252,Ontario,Saddle Lake Agency,Hihkusim,1893
single_year_band,band_c02253,Ontario,FRASER RIVER Agency,Kapilano,1905
single_year_band,band_c02254,Ontario,District of Patricia,Kapouska,1924
single_year_band,band_c02255,Ontario,OKANAGAN Agency,Keremeus,1897
single_year_band,band_c02256,Ontario,NORTH-WEST COAST Agency,Kitkaata,1897
single_year_band,band_c02257,Ontario,NORTH-WEST COAST Agency,Kitkatla,1897
single_year_band,band_c02258,Ontario,NORTH-WEST COAST Agency,Kitsalas,1897
single_year_band,band_c02259,Ontario,FRASER RIVER Agency,Klahoose,1905
single_year_band,band_c02260,Ontario,Saddle Lake Agency,Kweeskis,1893
many_agencies,band_c02261,Ontario,"Chippewas and Saulteaux of Treaty No. 3, at:|Chippewas of Sa",Lac Seul,1897-1929
single_year_band,band_c02262,Ontario,"Chippewas and Saulteaux of Treaty No. 3,",Lao Seul,1902
single_year_band,band_c02263,Ontario,COWICHAN Agency,Ll-mache,1897
single_year_band,band_c02264,Ontario,FRASER RIVER Agency,Musqueam,1905
single_year_band,band_c02265,Ontario,Onion Lake Agency,Myowasis,1893
single_year_band,band_c02266,Ontario,KAMLOOPS Agency,Nesikeep,1897
many_agencies,band_c02267,Ontario,"Con.|District of Patricia|Indians of James Bay, Treaty No. 9",New Post,1906-1929
single_year_band,band_c02268,Ontario,KAMLOOPS Agency,Nikaomin,1897
single_year_band,band_c02269,Ontario,KWAWKEWLTH Agency,Nu-witti,1897
single_year_band,band_c02270,Ontario,Saddle Lake Agency,Osemenas,1893
single_year_band,band_c02271,Ontario,NORTH-WEST COAST Agency,Oweekayo,1897
single_year_band,band_c02272,Ontario,WILLIAMS LAKE AGENCY - Concluded.,Pavilion,1897
single_year_band,band_c02273,Ontario,Saddle Lake Agency,Puskwack,1893
single_year_band,band_c02274,Ontario,COWICHAN Agency,Qualicum,1897
single_year_band,band_c02275,Ontario,FRASER RIVER Agency,Scowlitz,1905
name_variants_clustered,band_c02276,Ontario,KAMLOOPS - OKANAGAN Agency|KAMLOOPS Agency,Siska | Siska Flat,1897-1905
single_year_band,band_c02277,Ontario,FRASER RIVER Agency,Skulkayu,1905
single_year_band,band_c02278,Ontario,FRASER RIVER Agency,Sliammon,1905
single_year_band,band_c02279,Ontario,COWICHAN Agency,Songhees,1897
single_year_band,band_c02280,Ontario,FRASER RIVER Agency,Squiahla,1905
single_year_band,band_c02283,Ontario,KAMLOOPS Agency,Tqwayaum,1897
single_year_band,band_c02284,Ontario,COWICHAN Agency,Tsaw-out,1897
many_agencies,band_c02285,Ontario,"Chippewas and Saulteaux of Treaty No. 3,|Chippewas and Sault",Wabigoon,1897-1929
single_year_band,band_c02287,Ontario,FRASER RIVER Agency,Wharnock,1905
single_year_band,band_c02288,Ontario,NORTH-WEST COAST Agency,Aiyansh,1897
single_year_band,band_c02289,Ontario,Saddle Lake Agency,Cecelia,1893
single_year_band,band_c02290,Ontario,COWICHAN Agency,Cheerno,1897
single_year_band,band_c02291,Ontario,NORTH-WEST COAST Agency,China Hat,1897
single_year_band,band_c02292,Ontario,WILLIAMS LAKE AGENCY - Concluded.,Clinton,1897
single_year_band,band_c02293,Ontario,Saddle Lake Agency,Erastus,1893
single_year_band,band_c02294,Ontario,COWICHAN Agency,Hellelt,1897
single_year_band,band_c02295,Ontario,FRASER RIVER Agency,Homalko,1905
single_year_band,band_c02296,Ontario,Onion Lake Agency,Jabotis,1893
single_year_band,band_c02297,Ontario,Onion Lake Agency,Johnnie,1893
single_year_band,band_c02298,Ontario,KAMLOOPS Agency,Kekalus,1897
single_year_band,band_c02299,Ontario,NORTH-WEST COAST Agency,Kit-tek,1897
single_year_band,band_c02300,Ontario,NORTH-WEST COAST Agency,Kitlope,1897
single_year_band,band_c02301,Ontario,KAMLOOPS Agency,Kittsawat,1897
single_year_band,band_c02302,Ontario,KWAWKEWLTH Agency,Koskimo,1897
single_year_band,band_c02303,Ontario,FRASER RIVER Agency,Langley,1905
single_year_band,band_c02304,Ontario,COWICHAN Agency,Malakut,1897
single_year_band,band_c02305,Ontario,NORTH-WEST COAST Agency,Massett,1897
single_year_band,band_c02306,Ontario,FRASER RIVER Agency,Matsqui,1905
single_year_band,band_c02307,Ontario,Saddle Lake Agency,Mattbew,1893
single_year_band,band_c02308,Ontario,KAMLOOPS Agency,Mpaktam,1897
single_year_band,band_c02309,Ontario,COWICHAN Agency,Nanaimo,1897
single_year_band,band_c02310,Ontario,Onion Lake Agency,Nastoos,1893
single_year_band,band_c02311,Ontario,KAMLOOPS Agency,Nhumeen,1897
single_year_band,band_c02312,Ontario,FRASER RIVER Agency|KAMLOOPS - OKANAGAN Agency,Nicomen,1905
single_year_band,band_c02313,Ontario,KWAWKEWLTH Agency,Nimkish,1897
single_year_band,band_c02314,Ontario,KAMLOOPS Agency,Nkatsam,1897
single_year_band,band_c02315,Ontario,KAMLOOPS Agency,Nquakin,1897
single_year_band,band_c02316,Ontario,Saddle Lake Agency,Red Cow,1893
single_year_band,band_c02317,Ontario,Onion Lake Agency,Sahwavo,1893
single_year_band,band_c02318,Ontario,FRASER RIVER Agency,Sechelt,1905
single_year_band,band_c02319,Ontario,FRASER RIVER Agency,Skweahm,1905
single_year_band,band_c02320,Ontario,KAMLOOPS Agency,Snahain,1897
single_year_band,band_c02321,Ontario,COWICHAN Agency,Somenos,1897
single_year_band,band_c02322,Ontario,KAMLOOPS Agency,Spapium,1897
single_year_band,band_c02324,Ontario,KAMLOOPS Agency,Strynne,1897
single_year_band,band_c02325,Ontario,NORTH-WEST COAST Agency,Tallion,1897
single_year_band,band_c02326,Ontario,COWICHAN Agency,Tse-kum,1897
single_year_band,band_c02327,Ontario,COWICHAN Agency,Tsussie,1897
single_year_band,band_c02328,Ontario,Chippewas and Saulteaux of Treaty No. 3,at— CoH.,1902
single_year_band,band_c02329,Ontario,Onion Lake Agency,Chocan,1893
single_year_band,band_c02330,Ontario,KAMLOOPS Agency,Chomok,1897
single_year_band,band_c02331,Ontario,KAMLOOPS Agency,Halaha,1897
single_year_band,band_c02332,Ontario,FRASER RIVER Agency,Katsey,1905
single_year_band,band_c02333,Ontario,KAMLOOPS - OKANAGAN Agency,Lytton,1905
single_year_band,band_c02334,Ontario,Onion Lake Agency,Matuce,1893
single_year_band,band_c02335,Ontario,Saddle Lake Agency,Mosuch,1893
single_year_band,band_c02336,Ontario,FRASER RIVER Agency,Ohamil,1905
single_year_band,band_c02337,Ontario,FRASER RIVER Agency,Popkum,1905
single_year_band,band_c02338,Ontario,,Seugog,1902
single_year_band,band_c02339,Ontario,KAMLOOPS Agency,Skappa,1897
single_year_band,band_c02340,Ontario,KAMLOOPS - OKANAGAN Agency,Skuppa,1905
single_year_band,band_c02341,Ontario,KAMLOOPS Agency,Skuwha,1897
single_year_band,band_c02342,Ontario,KAMLOOPS Agency,Skuzzy,1897
single_year_band,band_c02343,Ontario,KAMLOOPS Agency,Speyam,1897
single_year_band,band_c02344,Ontario,FRASER RIVER Agency,Sumass,1905
single_year_band,band_c02345,Ontario,FRASER RIVER Agency,Cheam,1905
single_year_band,band_c02346,Ontario,COWICHAN Agency,Comox,1897
single_year_band,band_c02347,Ontario,Saddle Lake Agency,Crane,1893
single_year_band,band_c02349,Ontario,KAMLOOPS Agency,Kamus,1897
single_year_band,band_c02350,Ontario,NORTH-WEST COAST Agency,Kitamat,1897
single_year_band,band_c02351,Ontario,KAMLOOPS Agency,Naaik,1897
single_year_band,band_c02352,Ontario,Saddle Lake Agency,Nancy,1893
single_year_band,band_c02353,Ontario,KAMLOOPS Agency,Nkaih,1897
single_year_band,band_c02354,Ontario,KAMLOOPS Agency,Nyiskat,1897
single_year_band,band_c02355,Ontario,KAMLOOPS Agency,Pasha,1897
single_year_band,band_c02356,Ontario,KAMLOOPS Agency,Skaap,1897
single_year_band,band_c02357,Ontario,FRASER RIVER Agency,Skwah,1905
single_year_band,band_c02358,Ontario,FRASER RIVER Agency,Skway,1905
single_year_band,band_c02359,Ontario,COWICHAN Agency,Sooke,1897
single_year_band,band_c02360,Ontario,Saddle Lake Agency,Hank,1893
single_year_band,band_c02361,Ontario,KAMLOOPS Agency,Nepa,1897
single_year_band,band_c02362,Ontario,KAMLOOPS Agency,Snuk,1897
single_year_band,band_c02363,Ontario,FRASER RIVER Agency,Yale,1905
single_year_band,band_c02364,Ontario,KAMLOOPS Agency,Yent,1897
single_year_band,band_c02365,Ontario,KAMLOOPS Agency,Yoht,1897
single_year_band,band_c02366,Ontario,Onion Lake Agency,Gut,1893
single_year_band,band_c02367,Ontario,"Chippewas and Saulteaux of Treaty No. 3,",2,1902
single_year_band,band_c02368,Ontario,Ojibbewas of Lake Huron,"., 3",1902
single_year_band,band_c02369,Peace River,,Trout and Manitou Lake,1893
single_year_band,band_c02370,Peace River,,Lesser Slave Lake,1893
single_year_band,band_c02371,Peace River,,"Fort St. John, & c.",1893
single_year_band,band_c02372,Peace River,,Fort Vermillion,1893
single_year_band,band_c02373,Peace River,,Whitefish Lake,1893
single_year_band,band_c02374,Peace River,,Fort Dunvegan,1893
single_year_band,band_c02375,Peace River,,Grand Prairie,1893
single_year_band,band_c02376,Peace River,,Sturgeon Lake,1893
single_year_band,band_c02377,Peace River,,Smoky River,1893
single_year_band,band_c02378,Peace River,,Hay River,1893
single_year_band,band_c02379,Peace River,,Red River,1893
single_year_band,band_c02380,Peace River,,Wabaskaw,1893
single_year_band,band_c02381,Prairies/NWT,Mackenzie River District,"Arctic Red River 150; Ft. Good Hope 500; Fort Liard 300; Ft. McPherson 400; Ft. Norman 300; Ft. Providence 300; Ft. Rae 1,000; Ft. Simpson 350; Ft. Wrigley 150; nomads 550",1911
name_variants_clustered,band_c02382,Prairies/NWT,Battleford Agency|Blood Agency|Blood Reserve Agency|Chippewa,"No. of Crees and Salteaux who have no land. (They are entitled to enter into Treaty, but have not done so) | Salteaux | Saulteaux | The Pas (Crees and Saulteaux)",1886-1929
many_agencies,band_c02382,Prairies/NWT,Battleford Agency|Blood Agency|Blood Reserve Agency|Chippewa,The Pas (Crees and Saulteaux),1886-1929
name_variants_clustered,band_c02383,Prairies/NWT,Blood Reserve Agency|La Ronge|Qu'Appelle Agency,"No. of Sioux who are residents upon reserves that have been given them, but who do not take Treaty | Sioux, non-treaty | Sioux, non-treaty (4)",1886-1910
name_variants_clustered,band_c02384,Prairies/NWT,Blood Reserve Agency|Nelson And Churchill Rivers District|Re,"No. of Indians who take Treaty, but are not settled on reserves | Non treaty Indians where no agents | Non-treaty Indians",1886-1905
many_agencies,band_c02384,Prairies/NWT,Blood Reserve Agency|Nelson And Churchill Rivers District|Re,Non-treaty Indians,1886-1905
name_variants_clustered,band_c02385,Prairies/NWT,Blood|Blood Agency|Lesser Slave Lake Agency|Treaty No. 8,"Beavers at Vermilion, Peace River | Beavers, at Vermilion, Peace River | Crees at Vermilion, Peace River | Ft. Vermilion | Ft. Vermillion | Kuis-kuis-ke-ka-poo-hoo (Tail Cree) at Vermillion Peace River",1899-1912
many_agencies,band_c02385,Prairies/NWT,Blood|Blood Agency|Lesser Slave Lake Agency|Treaty No. 8,"Crees at Vermilion, Peace River",1899-1912
name_variants_clustered,band_c02386,Prairies/NWT,Blood Agency|Treaty No. 10,Indians of Treaty No. 10 at - English River - Athabaska District. | Treaty No. 10,1907-1909
name_variants_clustered,band_c02387,Prairies/NWT,BIRTLE Agency|Birtle|Birtle Agency,Way-way-see-cappo | Wenin's Way-way-see-cappo's Lizard Point (Bird Tail Creek),1892-1899
name_variants_clustered,band_c02388,Prairies/NWT,Blood Agency|Franklin District (formerly Arctic Coast text)|,"Arctic Coast | Franklin District (formerly Arctic Coast text) | Franklin District (formerly Arctic Coast) | Franklin District (formerly Arctic Coast, Esquimaux) | Franklin dist. (formerly Arctic coast) | Franklin district (formerly Arctic Coast, Esquimaux)",1892-1909
many_agencies,band_c02388,Prairies/NWT,Blood Agency|Franklin District (formerly Arctic Coast text)|,"Franklin District (formerly Arctic Coast, Esquimaux)",1892-1909
name_variants_clustered,band_c02389,Prairies/NWT,CARLETON Agency|CARLTON Agency|Carlton|Carlton Agency,"Pelican Lake | Pelican Lake Indian | Pelican Lake Indians | Pelican Lake Indians (6) | Pelican Lake Indians, Pelican and Whitefish Lakes",1892-1929
many_agencies,band_c02389,Prairies/NWT,CARLETON Agency|CARLTON Agency|Carlton|Carlton Agency,Pelican Lake Indians,1892-1929
name_variants_clustered,band_c02390,Prairies/NWT,Grand Total Territories|Northern District|Treaty No. 8,Stragglers | Stragglers - Athabasca Landing | Stragglers - Athabaska Landing and Ft. McMurray | Stragglers at Athabasca Landing | Stragglers at Athabaska Landing,1902-1912
single_year_band,band_c02391,Prairies/NWT,Treaty No. 8,Ambrose Tête Noire at Vermillion Peace River,1899
name_variants_clustered,band_c02392,Prairies/NWT,Athabasca And M'Kenzie River Districts.|Carlton Agency|Easte,Ile à la Crosse | Isle A la Crosse | Isle B la Crosse | Peter Ballendine (See Isle à la Crosse Agency),1892-1913
many_agencies,band_c02392,Prairies/NWT,Athabasca And M'Kenzie River Districts.|Carlton Agency|Easte,Ile à la Crosse,1892-1913
single_year_band,band_c02393,Prairies/NWT,Touchwood Hills Agency,"Tah-we-kesiquape, formerly Kah-wah-ka-toose",1886
name_variants_clustered,band_c02394,Prairies/NWT,Birtle Agency|CARLETON Agency|CARLTON Agency|Carlton|Carlton,James | James Roberts | James Roberts (10) | James Roberts (Lac la Ronge) | James Roberts (Lac la Rouge) | James Roberts (Lac la Rouge). | James Roberts (Lac le Ronge) | James Roberts (See Isle à la Crosse Agency),1892-1929
many_agencies,band_c02394,Prairies/NWT,Birtle Agency|CARLETON Agency|CARLTON Agency|Carlton|Carlton,James Roberts (Lac la Ronge),1892-1929
name_variants_clustered,band_c02395,Prairies/NWT,Blood|Blood Agency|Fort Resolution Agency|Grand Total Territ,"Fort Vermilion - Slaves of Upper Hay Riv. (8) | Hay River | Slaves of Hay River | Slaves of Lower Hay River | Slaves of Upper Hay River | Slaves of Upper Hay River, Vermilion | Slaves of Upper Hay River, Vermillon",1892-1929
many_agencies,band_c02395,Prairies/NWT,Blood|Blood Agency|Fort Resolution Agency|Grand Total Territ,Slaves of Lower Hay River,1892-1929
name_variants_clustered,band_c02396,Prairies/NWT,MUSCOWPETUNG Agency|MUSKOWPETUNG Agency|MUSKOWPETUNG'S Agenc,"MAPLE CREEK, SWIFT CURRENT AND MEDICINE HAT. | PINE CREEK | Pine Creek",1898-1905
many_agencies,band_c02396,Prairies/NWT,MUSCOWPETUNG Agency|MUSKOWPETUNG Agency|MUSKOWPETUNG'S Agenc,Pine Creek,1898-1905
name_variants_clustered,band_c02397,Prairies/NWT,MOOSE MOUNTAIN Agency|Moose Mountain|Sioux|Treaty No. 4,"MOOSE JAW, WOOD MOUNTAIN AND REGINA SIOUX. | MOOSE MOUNTAIN | Moose Jaw and Moose Mountain | Moose Mountain",1895-1914
many_agencies,band_c02397,Prairies/NWT,MOOSE MOUNTAIN Agency|Moose Mountain|Sioux|Treaty No. 4,Moose Mountain,1895-1914
name_variants_clustered,band_c02398,Prairies/NWT,CARLETON Agency|CARLTON Agency|Carlton|Carlton Agency,"Wah-spa-ton (Sioux, non-treaty) | Wah-spa-ton Sioux, non-treaty | Wah-spa-ton Sioux, non-treaty (Round Plain) | Wah-spa-ton-Sioux, non treaty (Round Plain) | Wahpaton | Wahspaton (Siou., non-treaty) | Wahspaton (Sioux, non-treaty) | Wahspaton (Sioux,non-treaty) | Wahspaton Sioux | Wahspaton Sioux, (non-treaty) | Wahspaton, Sioux, non-treaty | Wahspaton-Sioux",1895-1929
many_agencies,band_c02398,Prairies/NWT,CARLETON Agency|CARLTON Agency|Carlton|Carlton Agency,"Wahspaton (Sioux, non-treaty)",1895-1929
name_variants_clustered,band_c02399,Prairies/NWT,*Battleford Agency|BATTLEFORD Agency|Battleford|Battleford A,119 Sweetgrass (attached to Seekaskootch) | Sweet Grass | Sweet Grass (6) | Sweet Grass (attached to Seekaskootch) | Sweet Grass (attached to Sekaskootch) (6) | Sweet Grass (attached),1886-1929
many_agencies,band_c02399,Prairies/NWT,*Battleford Agency|BATTLEFORD Agency|Battleford|Battleford A,Sweet Grass,1886-1929
name_variants_clustered,band_c02400,Prairies/NWT,Blood|Blood Agency|Treaty No. 8,Crees at Peace River Landing | Crees at Peace River landing | Duncan Tastawits at Peace River Landing,1899-1909
name_variants_clustered,band_c02401,Prairies/NWT,ASSINIBOINE Agency|Assiniboine|Assiniboine Agency|Sioux,"Moosejaw | Sioux at Moosejaw | Sioux at Moosejaw (non-treaty) | Sioux at Moosejaw (non-treaty), No details | Sioux at Moosejaw (non-treaty). | Sioux at Moosejaw, non-treaty | Sioux at Moosejaw. (non-treaty) No details | Sioux at Mossejaw (non-treaty)",1902-1913
many_agencies,band_c02401,Prairies/NWT,ASSINIBOINE Agency|Assiniboine|Assiniboine Agency|Sioux,Moosejaw,1902-1913
name_variants_clustered,band_c02402,Prairies/NWT,Blood|Blood Agency|Fort Smith Agency|Grand Total Territories,"Chipewyan | Chipewyan (6) | Chipewyans (8) | Chipewyans at Fort Chipewyan | Chipewyans, Fort Chipewyan | Crees & Chipewyans at Fort McMurray | Crees & Chipewyans at Ft. McMurray | Crees and Chipewayans at Fort McMurray | Crees and Chipewyans at Fort McMurray | Crees and Chipewyans at Ft. McMunay. | Crees and Chipewyans at Ft. McMurray | Crees at Fort Chipewyan | Ft. Chipewyan",1900-1929
many_agencies,band_c02402,Prairies/NWT,Blood|Blood Agency|Fort Smith Agency|Grand Total Territories,Chipewyan,1900-1929
single_year_band,band_c02403,Prairies/NWT,Duck Lake Agency,"Cumberland and Big Head's No. 100 A, Cree",1896
name_variants_clustered,band_c02404,Prairies/NWT,CARLETON Agency|CARLTON Agency|Carlton|Carlton Agency|Prince,Kenemotayee (Stony Lake) | Kenemotayoo | Kenemotayoo (6) | Kenemotayoo (Stony and Whitefish Lakes) | Kennemotaya,1886-1913
many_agencies,band_c02404,Prairies/NWT,CARLETON Agency|CARLTON Agency|Carlton|Carlton Agency|Prince,Kenemotayoo,1886-1913
name_variants_clustered,band_c02405,Prairies/NWT,"Northern Alberta not included in Lesser Slave Lake Agency, q",Athabaska Landing - Band undescribed (8) | Band undescribed (8),1910-1910
single_year_band,band_c02405,Prairies/NWT,"Northern Alberta not included in Lesser Slave Lake Agency, q",Athabaska Landing - Band undescribed (8),1910
name_variants_clustered,band_c02406,Prairies/NWT,Nelson And Churchill Rivers District|Nelson And Churchill Ri,Nelson River | Nelson and Churchill River District | Nelson and Churchill Rivers District,1892-1900
many_agencies,band_c02406,Prairies/NWT,Nelson And Churchill Rivers District|Nelson And Churchill Ri,Nelson River,1892-1900
single_year_band,band_c02407,Prairies/NWT,Birtle Agency,"Shopwaynatung, formerly Way-see-cappo",1886
name_variants_clustered,band_c02408,Prairies/NWT,Nelson And Churchill Rivers District|Nelson and Churchill Ri,Pelly Agency - (t)Treaty No. 4 | Pelly Agency - Treaty No. 4 | Touchwood Hills Agency - Treaty No. 4 | Treaty No. 4,1893-1909
many_agencies,band_c02408,Prairies/NWT,Nelson And Churchill Rivers District|Nelson and Churchill Ri,Treaty No. 4,1893-1909
single_year_band,band_c02409,Prairies/NWT,Moose Mountain Agency - Treaty No. 4,Moose Mountain Agency - Treaty No. 4,1906
name_variants_clustered,band_c02410,Prairies/NWT,Athabasca And M'Kenzie River Districts.|Athabasca District|A,Fort McMurray | Fort McMurray (8) | Fort McMurray - Paid at P. la Loche (8) | Ft. McMurray,1892-1912
many_agencies,band_c02410,Prairies/NWT,Athabasca And M'Kenzie River Districts.|Athabasca District|A,Fort McMurray,1892-1912
name_variants_clustered,band_c02411,Prairies/NWT,Mackenzie River District,Fort Nelson (non-treaty Sicannies)1 | Fort Neslon (Siccane) (non Treaty)1,1915-1917
many_agencies,band_c02412,Prairies/NWT,Blood Agency|Non-treaty Indians where no Agents|Non-treaty I,Non-treaty Indians where no agents,1902-1909
name_variants_clustered,band_c02413,Prairies/NWT,Division No. 2 - Con.|Onion Lake Agency,Island Lake | Island Lake (5) | Sandy Lake (includ. With Island Lake) (5),1910-1929
name_variants_clustered,band_c02414,Prairies/NWT,Crooked Lake Agency - Treaty No. 4|Duck Lake Agency - Treaty,Crooked Lake Agency - Treaty No. 4 | Duck Lake Agency - Treaty No. 4,1906-1906
single_year_band,band_c02414,Prairies/NWT,Crooked Lake Agency - Treaty No. 4|Duck Lake Agency - Treaty,Crooked Lake Agency - Treaty No. 4,1906
single_year_band,band_c02415,Prairies/NWT,Eskimos. Labrador,"Hudson Bay, East Coast and Islands",1910
name_variants_clustered,band_c02416,Prairies/NWT,Lesser Slave Lake Agency|Lesser Slave Lake District|Peace Ri,Beaver Lake | Beaver Lake (6) | Kee-nooshayo at Lesser Slave Lake | Kinnosayo's (Lesser Slave Lake) | Lesser Slave Lake,1892-1929
many_agencies,band_c02416,Prairies/NWT,Lesser Slave Lake Agency|Lesser Slave Lake District|Peace Ri,Beaver Lake,1892-1929
name_variants_clustered,band_c02417,Prairies/NWT,CROOKED LAKE Agency|Crooked Lake Agency,Leech Lake (Little Bone's) | Leech Lake (Little Bone's) Unoccupied. | Leech Lake (Little Bones) | Little Bone | Little Bone (4),1900-1910
single_year_band,band_c02418,Prairies/NWT,Assiniboine Reserve Agency,"The-man-who-took-the-coat, or Jack",1886
single_year_band,band_c02419,Prairies/NWT,Assiniboine Agency - Treaty No. 4,Assiniboine Agency - Treaty No. 4,1906
name_variants_clustered,band_c02420,Prairies/NWT,Chapleau Agency|Nelson And Churchill Rivers District|Recapit,Crees at Missanabi New Brunswick | New Brunswick,1896-1912
name_variants_clustered,band_c02421,Prairies/NWT,Mackenzie River District,Fort Nelson (Slaveys) (non Treaty)1 | Fort Nelson (non-treaty Slaves)1,1915-1917
name_variants_clustered,band_c02422,Prairies/NWT,"Blackfoot Agency|Chippewas And Saulteaux Of Treaty No. 5,|Tr",Grand Rapids | Grand Rapids (Crees and Saulteaux),1897-1916
name_variants_clustered,band_c02423,Prairies/NWT,"Chippewas And Saulteaux Of Treaty No. 5,|Peace River Distric",Grand Rapids (Berens River) | Little Grand Rapids (Berens River) | Red River,1892-1904
many_agencies,band_c02423,Prairies/NWT,"Chippewas And Saulteaux Of Treaty No. 5,|Peace River Distric",Red River,1892-1904
name_variants_clustered,band_c02424,Prairies/NWT,Duck Lake Agency|Duck Lake Agency - Treaty No. 6|Edmonton Ag,Duck Lake Agency - Treaty No. 6 | Onion Lake Agency - Treaty No. 6 | Saddle Lake Agency - Treaty No. 6 | Treaty No. 6,1893-1909
many_agencies,band_c02424,Prairies/NWT,Duck Lake Agency|Duck Lake Agency - Treaty No. 6|Edmonton Ag,Treaty No. 6,1893-1909
name_variants_clustered,band_c02425,Prairies/NWT,Athabasca And M'Kenzie River Districts.|Blood|Blood Agency|D,Fort Resolution | Fort Resolution - Yellowknives (8) | Ft. Resolution | Yellow Knives at Fort Resolution | Yellowknives at Fort Resolution | Yellowknives of Fort Resolution,1892-1912
many_agencies,band_c02425,Prairies/NWT,Athabasca And M'Kenzie River Districts.|Blood|Blood Agency|D,Yellowknives at Fort Resolution,1892-1912
single_year_band,band_c02426,Prairies/NWT,Battleford Agency - Treaty No. 6,Battleford Agency - Treaty No. 6,1906
name_variants_clustered,band_c02427,Prairies/NWT,Athabaska District|Blood Agency|Nelson And Churchill Rivers ,- Athabaska District | Arthabaska District | Athabaska District | Athabaska district | Canoe Lake - Athabaska District | Clear Lake - Athabaska District,1896-1909
many_agencies,band_c02427,Prairies/NWT,Athabaska District|Blood Agency|Nelson And Churchill Rivers ,Athabaska District,1896-1909
single_year_band,band_c02428,Prairies/NWT,Eskimos. Labrador,Cape Hope's Advance to Cape Weggs,1910
name_variants_clustered,band_c02429,Prairies/NWT,Fort Smith Agency|Northern Alberta not included in Lesser Sl,"Chipewyan at Chipewyan | Cree Chipewyan, Fort McKay | Cree Chipewyan, Fort McMurray | Cree, Chipewyan at Fort McMurray | Fort Chipewyan - Chipewyans (8) | Fort Chipewyan - Crees (8)",1899-1929
name_variants_clustered,band_c02430,Prairies/NWT,Chapleau Agency,Crees at Chapleau Moose Factory | Moose Factory,1912-1912
single_year_band,band_c02430,Prairies/NWT,Chapleau Agency,Moose Factory,1912
name_variants_clustered,band_c02431,Prairies/NWT,Arctic Coast Line to Hershell Island|Franklin District (form,Grand Rapids (Saskatchewan River) | Saskatchewan,1907-1929
many_agencies,band_c02431,Prairies/NWT,Arctic Coast Line to Hershell Island|Franklin District (form,Saskatchewan,1907-1929
name_variants_clustered,band_c02432,Prairies/NWT,Mackenzie River District|Mackenzie River District.|Treaty No,Mackenzie | Mackenzie Delta | Mackenzie Delta and coast line3,1904-1917
single_year_band,band_c02433,Prairies/NWT,Qu'Appelle Agency - Treaty No. 4,Qu'Appelle Agency - Treaty No. 4,1906
name_variants_clustered,band_c02434,Prairies/NWT,Battleford Agency|SARCEE Agency|STONY Agency|Sarcee|Stony|St,"Stony | Stony Reserve | Stony Reserve (P.L. Grasse, Farmer)",1895-1916
many_agencies,band_c02434,Prairies/NWT,Battleford Agency|SARCEE Agency|STONY Agency|Sarcee|Stony|St,Stony Reserve,1895-1916
single_year_band,band_c02435,Prairies/NWT,Fort Simpson Agency,Arctic Red River (Loucheux No. 6),1929
name_variants_clustered,band_c02436,Prairies/NWT,Blackfoot Agency|Blackfoot Agency - Treaty No. 7|Blood Agenc,Blackfoot Agency - Treaty No. 7 | Blood Agency - Treaty No. 7 | Stony Agency - Treaty No. 7 | Treaty No. 7,1893-1909
many_agencies,band_c02436,Prairies/NWT,Blackfoot Agency|Blackfoot Agency - Treaty No. 7|Blood Agenc,Treaty No. 7,1893-1909
name_variants_clustered,band_c02437,Prairies/NWT,Eskimos. Labrador,Cape Weggs to Cape Wastenholme | Cape Wostenholme,1910-1910
single_year_band,band_c02437,Prairies/NWT,Eskimos. Labrador,Cape Weggs to Cape Wastenholme,1910
single_year_band,band_c02438,Prairies/NWT,Fort Simpson Agency,Fort Good Hope (Hare Skins No. 5),1929
name_variants_clustered,band_c02439,Prairies/NWT,"Chippewas And Saulteaux Of Treaty No. 5,|Pas Agency (part of",Moose Lake (5) | Moose Lake (Crees and Saulteaux),1897-1910
name_variants_clustered,band_c02440,Prairies/NWT,BLACKFOOT Agency|Blackfoot|Blackfoot Agency,(t)Running Rabit and Old Sun | Running Rabbit | Running Rabbit and Iron Shield | Running Rabbit and Old Sun | Running Rabit (t)(7),1895-1912
name_variants_clustered,band_c02441,Prairies/NWT,Blood|Blood Agency|Isle à la Crosse Agency|Treaty No. 8|Unga,Captains at Lesser Slave Lake | Cat Lake | Crees at Lesser Slave Lake,1899-1913
many_agencies,band_c02441,Prairies/NWT,Blood|Blood Agency|Isle à la Crosse Agency|Treaty No. 8|Unga,Crees at Lesser Slave Lake,1899-1913
name_variants_clustered,band_c02442,Prairies/NWT,Blood|Blood Agency|Division No. 4. (West of 100° W. long.)|G,Chipewyans at Fort Resolution | Chipewyans of Fort Resolution | Chipewyans of Resolution | Fort Resolution - Chipewyans (8),1900-1917
many_agencies,band_c02442,Prairies/NWT,Blood|Blood Agency|Division No. 4. (West of 100° W. long.)|G,Chipewyans at Fort Resolution,1900-1917
name_variants_clustered,band_c02443,Prairies/NWT,Carlton Agency - Treaty No. 6|EDMONTON Agency|Edmonton Agenc,Carlton Agency - Treaty No. 6 | Edmonton Agency - Treaty No. 6,1906-1907
name_variants_clustered,band_c02444,Prairies/NWT,Chapleau Agency|Division No. 2 - Con.,Martin Falls (see also Ontario) (9) | Martin's Falls,1910-1912
name_variants_clustered,band_c02445,Prairies/NWT,Birtle Agency|CARLETON Agency|CARLTON Agency|Carlton|Carlton,Montreal Lake | Montreal Lake (William Charles) | William Charles (Montreal Lake) | William Charles (Montreal Lake) (6) | William Charles (Montreal Lake). | Wm. Charles (Montreal Lake),1892-1929
many_agencies,band_c02445,Prairies/NWT,Birtle Agency|CARLETON Agency|CARLTON Agency|Carlton|Carlton,William Charles (Montreal Lake),1892-1929
name_variants_clustered,band_c02446,Prairies/NWT,Lesser Slave Lake District,"Wabashaw, Kilrow and L'Orignal | Wabaskaw, Kilrow and L'Orignal",1896-1898
name_variants_clustered,band_c02447,Prairies/NWT,Division No. 2 - Con.|Isle à la Crosse Agency|Ungava Distric,Winisk River | Winisk River and other Nomads | Winisk River and other nomads,1910-1913
many_agencies,band_c02447,Prairies/NWT,Division No. 2 - Con.|Isle à la Crosse Agency|Ungava Distric,Winisk River and other Nomads,1910-1913
name_variants_clustered,band_c02448,Prairies/NWT,Eastern Rupert's Land|Nelson And Churchill Rivers District|N,Eastern Rupert's Land | Eastern Rupert's Land District | Eastern Ruperts Land,1892-1899
many_agencies,band_c02448,Prairies/NWT,Eastern Rupert's Land|Nelson And Churchill Rivers District|N,Eastern Rupert's Land,1892-1899
name_variants_clustered,band_c02449,Prairies/NWT,Division No. 2 - Con.|Nelson And Churchill Rivers District|R,Fort Albany (see also Ontario) (9) | Fort Hope (see also Ontario) (9) | Ontario,1896-1910
single_year_band,band_c02450,Prairies/NWT,Fort Simpson Agency,Fort McPherson (Loucheux No. 7),1929
single_year_band,band_c02451,Prairies/NWT,Hobbema Agency - Treaty No. 6,Hobbema Agency - Treaty No. 6,1906
name_variants_clustered,band_c02452,Prairies/NWT,Birtle|FORT PELLY Agency|Pelly Agency,Kee-See-Koo- Riding Mountain | Kee-see-kouse,1893-1895
name_variants_clustered,band_c02453,Prairies/NWT,ASSINIBOINE Agency|Assiniboine|Assiniboine Agency|Assiniboin,ASSINIBOINE | Assiniboine | Assiniboine Agency | Assiniboine Reserves Agency | Assiniboines,1881-1908
many_agencies,band_c02453,Prairies/NWT,ASSINIBOINE Agency|Assiniboine|Assiniboine Agency|Assiniboin,Assiniboine,1881-1908
name_variants_clustered,band_c02454,Prairies/NWT,Blood|Blood Agency|Grand Total Territories|Northern Alberta ,Chipewyan at Smith Landing | Chipewyans at Smith Landing | Smith Landing (8),1899-1910
many_agencies,band_c02454,Prairies/NWT,Blood|Blood Agency|Grand Total Territories|Northern Alberta ,Chipewyans at Smith Landing,1899-1910
name_variants_clustered,band_c02455,Prairies/NWT,Lesser Slave Lake Agency,Duncan's (Peace River Crossing) | Peace River Crossing,1911-1929
single_year_band,band_c02456,Prairies/NWT,Fort Simpson Agency,Fort Norman (Hare Skins No. 4),1929
name_variants_clustered,band_c02457,Prairies/NWT,Lesser Slave Lake Agency|Peace River District|Peace River Di,Grand Prairie | Grande Prairie and Dunvegan,1892-1929
single_year_band,band_c02458,Prairies/NWT,Mackenzie River District,Mackenzie Delta (estimated)2,1915
single_year_band,band_c02459,Prairies/NWT,Lesser Slave Lake Agency,Peace River Landing - Crees (8),1910
single_year_band,band_c02460,Prairies/NWT,Peigan Agency - Treaty No. 7,Peigan Agency - Treaty No. 7,1906
name_variants_clustered,band_c02462,Prairies/NWT,SADDLE LAKE Agency|Saddle Lake|Saddle Lake Agency|Treaty No.,SADDLE LAKE | Saddle Lake | Saddle Lake (6) | Saddle Lake and Blue Quill's | Saddle Lake and Blue Quills,1895-1929
many_agencies,band_c02462,Prairies/NWT,SADDLE LAKE Agency|Saddle Lake|Saddle Lake Agency|Treaty No.,Saddle Lake,1895-1929
name_variants_clustered,band_c02463,Prairies/NWT,SADDLE LAKE Agency|Saddle Lake Agency,Saddle Lake and Wahsatanow | Saddle Lake and Wahstatanow | Wahsatanow,1892-1900
single_year_band,band_c02464,Prairies/NWT,Sarcee Agency - Treaty No. 7,Sarcee Agency - Treaty No. 7,1906
name_variants_clustered,band_c02465,Prairies/NWT,Blood Agency|Grand Total Territories|Treaty No. 8,Stragglers at Fort McMurrav | Stragglers at Fort McMurray,1900-1909
name_variants_clustered,band_c02466,Prairies/NWT,"Arctic Coast, Esquimaux|Blood Agency|Recapitulation|Sioux","WHITE CAP SIOUX, MOOSE WOODS. | White Cap | White Cap, Moose Woods | White Moose Cap Woods | Whitecap, Moose Woods",1886-1914
many_agencies,band_c02466,Prairies/NWT,"Arctic Coast, Esquimaux|Blood Agency|Recapitulation|Sioux",White Cap,1886-1914
name_variants_clustered,band_c02467,Prairies/NWT,CARLETON Agency|CARLTON Agency|Carlton Agency|Lesser Slave L,Sturgeon Lake | William Twatt (Sturgeon Lake) | Willim Twatt (Sturgeon Lake),1892-1929
many_agencies,band_c02467,Prairies/NWT,CARLETON Agency|CARLTON Agency|Carlton Agency|Lesser Slave L,William Twatt (Sturgeon Lake),1892-1929
name_variants_clustered,band_c02468,Prairies/NWT,Fort Resolution Agency|Great Slave Lake District,Yellow Knives of Resolution | Yellow-Knives of Resolution,1917-1929
name_variants_clustered,band_c02469,Prairies/NWT,Division No. 4. (West of 100° W. long.)|Mackenzie River Dist,Arctic Red River | Arctic Red River (Loucheux) | Arctic Reed River (Loucheux),1910-1917
name_variants_clustered,band_c02470,Prairies/NWT,Blood|Blood Agency|Division No. 4. (West of 100° W. long.)|T,Dogribs at Fort Resolution | Dogribs of Fort Resolution | Fort Resolution - Dogribs (8),1900-1910
many_agencies,band_c02470,Prairies/NWT,Blood|Blood Agency|Division No. 4. (West of 100° W. long.)|T,Dogribs at Fort Resolution,1900-1910
name_variants_clustered,band_c02471,Prairies/NWT,Eastern Athabaska District|Nelson And Churchill Rivers Distr,Eastern Athabasca District | Eastern Athabaska District,1896-1898
name_variants_clustered,band_c02472,Prairies/NWT,CARLETON Agency|CARLTON Agency|Carlton Agency,Kapahawekeenum (Meadow Lake) | Kapahawekenum | Kapahawekenum (Meadow Lake),1892-1904
name_variants_clustered,band_c02473,Prairies/NWT,"Division No. 1, (E. of 80° W. long.) Indians E. Coast of Hud","Interior | Labrador, Canadian Interior",1892-1910
many_agencies,band_c02473,Prairies/NWT,"Division No. 1, (E. of 80° W. long.) Indians E. Coast of Hud","Labrador, Canadian Interior",1892-1910
name_variants_clustered,band_c02475,Prairies/NWT,Assiniboine Agency|Wood Mountain Reserve,MOOSE JAW AND REGINA (SIOUX.) | Moose Jaw Sioux | Moose Jaw Sioux1 | Moosejaw Sioux1,1899-1929
name_variants_clustered,band_c02476,Prairies/NWT,*Battleford Agency|BATTLEFORD Agency|Battleford|Battleford A,Bear's Head | Mosquito - Stony Bear's Head | Mosquito Bear's Head,1886-1913
many_agencies,band_c02476,Prairies/NWT,*Battleford Agency|BATTLEFORD Agency|Battleford|Battleford A,Bear's Head,1886-1913
many_agencies,band_c02477,Prairies/NWT,MUSCOWPETUNG Agency|PINE CREEK (Agent Martineau)|PINE CREEK ,PINE CREEK (Agent Martineau),1892-1896
single_year_band,band_c02478,Prairies/NWT,Rivière Athabaska District,Rivière Athabaska District,1897
name_variants_clustered,band_c02479,Prairies/NWT,Blood Agency,Beaver Hills Lake Indians. | Beavers,1881-1886
name_variants_clustered,band_c02480,Prairies/NWT,Blackfoot|Blackfoot Agency|Blackfoot Crossing Agency|Treaty ,Blackfoot | Blackfoot Agency | Blackfoot Crossing Agency,1886-1929
many_agencies,band_c02480,Prairies/NWT,Blackfoot|Blackfoot Agency|Blackfoot Crossing Agency|Treaty ,Blackfoot,1886-1929
name_variants_clustered,band_c02481,Prairies/NWT,Fort Resolution Agency|Lake Athabasca District,Chipeweyans of Resolution | Chipewyans of Chipewyan,1917-1929
name_variants_clustered,band_c02482,Prairies/NWT,Athabasca And M'Kenzie River Districts.|Athabasca District|A,"Chipewyans at Fond du Lac | Chipewyans of Fond du Lac | Fond du Lac | Fond du Lac,",1892-1917
many_agencies,band_c02482,Prairies/NWT,Athabasca And M'Kenzie River Districts.|Athabasca District|A,Chipewyans at Fond du Lac,1892-1917
name_variants_clustered,band_c02483,Prairies/NWT,Blood|Blood Agency|Grand Total Territories|Lesser Slave Lake,Cree at Little Red River | Crees at Little Red River | Little Red River | Little Red River - Crees (8),1899-1929
many_agencies,band_c02483,Prairies/NWT,Blood|Blood Agency|Grand Total Territories|Lesser Slave Lake,Crees at Little Red River,1899-1929
name_variants_clustered,band_c02484,Prairies/NWT,Athabasca And M'Kenzie River Districts.|Chapleau Agency|Divi,Fort Good Hope | Fort Good Hope (Hare Skins) | Fort Hope,1892-1917
many_agencies,band_c02484,Prairies/NWT,Athabasca And M'Kenzie River Districts.|Chapleau Agency|Divi,Fort Good Hope,1892-1917
single_year_band,band_c02487,Prairies/NWT,Lesser Slave Lake Agency,Lesser Slave Lake - Crees (8),1910
name_variants_clustered,band_c02488,Prairies/NWT,*Battleford Agency|BATTLEFORD Agency|Battleford|Battleford A,Little Pine | Little Pine and Luck Man | Little Pine and Lucky Man | Little Pine and Lucky Man (6) | Little Pine and Luckyman | Littlepine,1886-1929
many_agencies,band_c02488,Prairies/NWT,*Battleford Agency|BATTLEFORD Agency|Battleford|Battleford A,Little Pine and Lucky Man,1886-1929
name_variants_clustered,band_c02489,Prairies/NWT,Chapleau Agency|Division No. 2 - Con.,Osnaburg | Osnaburg (see also Ontario) (9),1910-1912
single_year_band,band_c02490,Prairies/NWT,Interior and coast from 66° lat. To 110° W. long.,Repulse Bay to Back River,1910
single_year_band,band_c02491,Prairies/NWT,,Saskatchewan Inspectorate,1912
name_variants_clustered,band_c02492,Prairies/NWT,HOBBEMA Agency|Hobbema|Hobbema Agency,Sharp Head (Cheepoostequan) | Sharphead (Chee-poostequan) | Sharphead (Cheepoostequan),1893-1901
single_year_band,band_c02493,Prairies/NWT,PEACE HILLS Agency,Sharphead (Chee-pooslequan),1892
single_year_band,band_c02494,Prairies/NWT,Treaty No. 8,Slaves of Lower Ray River,1904
name_variants_clustered,band_c02495,Prairies/NWT,ONION LAKE Agency|Onion Lake|Onion Lake Agency|Onion Lake Ag,120 Weemisticooseahwasis | Wee-misticooseahwasis | Weemisticooseahwasis | Weemisticooseahwasis (6) | Weemisticooseawasis,1886-1914
many_agencies,band_c02495,Prairies/NWT,ONION LAKE Agency|Onion Lake|Onion Lake Agency|Onion Lake Ag,Weemisticooseahwasis,1886-1914
single_year_band,band_c02496,Prairies/NWT,Interior and coast from 66° lat. To 110° W. long.,Back River to 110 W. long,1910
name_variants_clustered,band_c02497,Prairies/NWT,Athabasca And M'Kenzie River Districts.|Athabasca District|A,"1Chipewyans, Fort Smith | Chipewyans of Fort Smith | Fort Smith | Ft. Smith",1892-1929
many_agencies,band_c02497,Prairies/NWT,Athabasca And M'Kenzie River Districts.|Athabasca District|A,Fort Smith,1892-1929
name_variants_clustered,band_c02498,Prairies/NWT,Blood|Blood Agency|Grand Total Territories|Lesser Slave Lake,Crees at White Fish Lake | Crees at Whitefish Lake | Whitefish Lake | Whitefish Lake (8),1892-1929
many_agencies,band_c02498,Prairies/NWT,Blood|Blood Agency|Grand Total Territories|Lesser Slave Lake,Crees at Whitefish Lake,1892-1929
name_variants_clustered,band_c02499,Prairies/NWT,Lesser Slave Lake Agency|Treaty No. 8,2Upper Hay River | Crees of Upper Hay River | Upper Hay River,1900-1929
name_variants_clustered,band_c02500,Prairies/NWT,Division No. 4. (West of 100° W. long.)|Mackenzie River Dist,Fort Macpherson | Fort Macpherson (Loucheux) | Fort McPherson,1910-1917
single_year_band,band_c02501,Prairies/NWT,Division No. 4. (West of 100° W. long.),Fort Resolution - Slaves (8),1910
single_year_band,band_c02502,Prairies/NWT,Fort Simpson Agency,Fort Simpson (Slaves No. 2),1929
name_variants_clustered,band_c02503,Prairies/NWT,Lesser Slave Lake Agency|Peace River District|Peace River Di,Fort Vermilion | Fort Vermilion - Beavers (8) | Fort Vermillion,1892-1929
single_year_band,band_c02504,Prairies/NWT,Fort Simpson Agency,Fort Wrigley (Slaves No. 3),1929
single_year_band,band_c02505,Prairies/NWT,Interior and coast from 66° lat. To 110° W. long.,Fullerton to Repulse Bay,1910
single_year_band,band_c02506,Prairies/NWT,Division No. 1 (Coast and Islands),Gordon Bay to Big Island,1910
name_variants_clustered,band_c02507,Prairies/NWT,Blood Agency|Lower McKenzie District|Mackenzie District|Nels,Lower MacKenzie District | Lower McKenzie District | Mackenzie District | Mackenzie district | McKenzie District | McKenzie district | Upper MacKenzie District | Upper McKenzie District,1896-1909
many_agencies,band_c02507,Prairies/NWT,Blood Agency|Lower McKenzie District|Mackenzie District|Nels,Mackenzie District,1896-1909
single_year_band,band_c02508,Prairies/NWT,"Northern Alberta not included in Lesser Slave Lake Agency, q",Not attached to Agencies,1910
name_variants_clustered,band_c02510,Prairies/NWT,CROOKED LAKE Agency|Crooked Lake Agency|Crooked Lakes Agency,Little Bone and Sakimay | Sakimay | Sakimay and Little Bones,1886-1929
name_variants_clustered,band_c02511,Prairies/NWT,Athabasca And M'Kenzie River Districts.|Fort Simpson Agency|,1Fort Nelson (Siccannies) | Fort Nelson | Ft. Nelson,1892-1929
many_agencies,band_c02511,Prairies/NWT,Athabasca And M'Kenzie River Districts.|Fort Simpson Agency|,Fort Nelson,1892-1929
name_variants_clustered,band_c02512,Prairies/NWT,Blood|Blood Agency|Lesser Slave Lake Agency|Peace River Dist,1Fort St. John | Beavers at Fort St. John | Fort St. John | Ft. St. John,1895-1929
many_agencies,band_c02512,Prairies/NWT,Blood|Blood Agency|Lesser Slave Lake Agency|Peace River Dist,Beavers at Fort St. John,1895-1929
single_year_band,band_c02513,Prairies/NWT,Chapleau Agency,House Ojibewas Chapleau,1912
name_variants_clustered,band_c02514,Prairies/NWT,Fort Smith Agency|Treaty No. 8,"Maurice, Fond du Lac | Maurices at Fond du Lac",1899-1929
single_year_band,band_c02515,Prairies/NWT,Blackfoot,Running Rabbit (Farm 20A),1901
name_variants_clustered,band_c02516,Prairies/NWT,CARLETON Agency|CARLTON Agency|Carlton|Carlton Agency,Ahtahkahoop | Ahtahkakoop | Ahtahkakoop (6) | Ahtahkakoop (Sandy Lake) | Ahtahkakoops | Ahtahkkakoop | Sandy Lake (Ahtahkakoops),1892-1929
many_agencies,band_c02516,Prairies/NWT,CARLETON Agency|CARLTON Agency|Carlton|Carlton Agency,Ahtahkakoop,1892-1929
name_variants_clustered,band_c02517,Prairies/NWT,"Arctic Coast, Esquimaux|Nelson And Churchill Rivers District","Arctic Coast, Esquimaux | Artic Coast, Esquimaux | Esquimaux",1892-1901
many_agencies,band_c02517,Prairies/NWT,"Arctic Coast, Esquimaux|Nelson And Churchill Rivers District","Arctic Coast, Esquimaux",1892-1901
name_variants_clustered,band_c02518,Prairies/NWT,Carlton Agency,Big River (Kenemotoyoos) | Kenemotoyoos,1914-1916
single_year_band,band_c02519,Prairies/NWT,Assiniboine Agency,Carry-the-Kettle No. 76,1914
name_variants_clustered,band_c02520,Prairies/NWT,Blood|Blood Agency|Lesser Slave Lake Agency|Treaty No. 8,Crees at Sturgeon Lake | Sturgeon Lake - Crees (8),1900-1910
many_agencies,band_c02520,Prairies/NWT,Blood|Blood Agency|Lesser Slave Lake Agency|Treaty No. 8,Crees at Sturgeon Lake,1900-1910
name_variants_clustered,band_c02521,Prairies/NWT,Fort Resolution Agency|Great Slave Lake District,Dog Ribs of Resolution | Dog-Ribs of Resolution,1917-1929
single_year_band,band_c02522,Prairies/NWT,Fort Simpson Agency,Fort Liard (Slaves No. 8),1929
name_variants_clustered,band_c02523,Prairies/NWT,Athabasca And M'Kenzie River Districts.|Division No. 4. (Wes,Fort Norman | Fort Norman (Hare Skins),1892-1917
many_agencies,band_c02523,Prairies/NWT,Athabasca And M'Kenzie River Districts.|Division No. 4. (Wes,Fort Norman,1892-1917
name_variants_clustered,band_c02524,Prairies/NWT,Athabasca And M'Kenzie River Districts.|Division No. 4. (Wes,Fort Providence | Fort Providence (Slaves) | Fort Providence (Slavey) | Providence,1892-1917
many_agencies,band_c02524,Prairies/NWT,Athabasca And M'Kenzie River Districts.|Division No. 4. (Wes,Providence,1892-1917
name_variants_clustered,band_c02525,Prairies/NWT,Division No. 2 - Con.|Ungava District|Ungava District.,"Fort Severn | Fort Severn, non-treaty",1910-1912
single_year_band,band_c02526,Prairies/NWT,Lesser Slave Lake Agency,Fort Vermilion - Crees (8),1910
name_variants_clustered,band_c02527,Prairies/NWT,ONION LAKE Agency|Onion Lake|Onion Lake Agency|SADDLE LAKE A,Chipewayan | Chippewayan | Kinoosayo (Chipewyan) | Kinoosayo (Chippewayan) | Kinoosayo (Chippewayans) | Kinoosayo (Chippewyans) | Kinosayo (Chipewayan) | Kinosayo (Chipewyan),1892-1913
many_agencies,band_c02527,Prairies/NWT,ONION LAKE Agency|Onion Lake|Onion Lake Agency|SADDLE LAKE A,Kinoosayo (Chipewyan),1892-1913
name_variants_clustered,band_c02528,Prairies/NWT,SADDLE LAKE AGENCY - Con.|SADDLE LAKE Agency|Saddle Lake|Sad,Lac La Biche | Lac la Biche | Lac la Biche (6) | Lac la Biche (Pee-aysis),1892-1911
many_agencies,band_c02528,Prairies/NWT,SADDLE LAKE AGENCY - Con.|SADDLE LAKE Agency|Saddle Lake|Sad,Lac la Biche,1892-1911
name_variants_clustered,band_c02529,Prairies/NWT,CARLETON Agency|CARLTON Agency|Carlton|Carlton Agency,Mistawasis | Mistawasis (6) | Mistawasis (Snake Lake) | Mistawasis (Snake Plain),1892-1929
many_agencies,band_c02529,Prairies/NWT,CARLETON Agency|CARLTON Agency|Carlton|Carlton Agency,Mistawasis,1892-1929
name_variants_clustered,band_c02530,Prairies/NWT,CARLTON Agency|Carlton Agency,Muskeg Lake | Muskeg Lake (Petaquakey) | Petaquakey (Muskeg Lake),1893-1929
name_variants_clustered,band_c02531,Prairies/NWT,Arctic Coast Line to Hershell Island|Franklin District (form,North-west Territories | Northwest Territories,1896-1917
many_agencies,band_c02531,Prairies/NWT,Arctic Coast Line to Hershell Island|Franklin District (form,Northwest Territories,1896-1917
name_variants_clustered,band_c02532,Prairies/NWT,CARLETON Agency|CARLTON Agency|Carlton|Carlton Agency|FORT P,Key | Key (4) | Key's | Petequakey | Petequakey (6) | Petequakey (Muskeg Lake),1886-1929
many_agencies,band_c02532,Prairies/NWT,CARLETON Agency|CARLTON Agency|Carlton|Carlton Agency|FORT P,Key,1886-1929
name_variants_clustered,band_c02534,Prairies/NWT,Blood Agency|MUSCOWPETUNG Agency|MUSCOWPETUNG'S Agency|MUSKO,"Standing Buffalo | Standing Buffalo (Sioux) | Standing Buffalo Sioux | Standing Buffalo,",1886-1929
many_agencies,band_c02534,Prairies/NWT,Blood Agency|MUSCOWPETUNG Agency|MUSCOWPETUNG'S Agency|MUSKO,Standing Buffalo (Sioux),1886-1929
name_variants_clustered,band_c02535,Prairies/NWT,File Hills Agency|Touchwood Hills Agency,File Hills Agency | Touchwood Hills Agency,1886-1908
name_variants_clustered,band_c02536,Prairies/NWT,Duck Lake Agency|Isle à la Crosse Agency|Lesser Slave Lake D,Nut Lake | Nut Lake (6) | Trout Lake | Trout and Manitou Lake,1892-1929
many_agencies,band_c02536,Prairies/NWT,Duck Lake Agency|Isle à la Crosse Agency|Lesser Slave Lake D,Nut Lake,1892-1929
name_variants_clustered,band_c02537,Prairies/NWT,BLACKFOOT Agency,White Pup | White Pup and Big Road,1898-1900
single_year_band,band_c02538,Prairies/NWT,Chapleau Agency,Albany River District.,1912
name_variants_clustered,band_c02539,Prairies/NWT,DECK LAKE Agency|DUCK LAKE Agency|Deer Lake Agency|Duck Lake,Band 100 A (Cumberland) | Band 100A (Cumberland) | Cumberland | Cumberland (5),1892-1929
many_agencies,band_c02539,Prairies/NWT,DECK LAKE Agency|DUCK LAKE Agency|Deer Lake Agency|Duck Lake,Cumberland,1892-1929
name_variants_clustered,band_c02541,Prairies/NWT,DUCK LAKE Agency|Duck Lake Agency|TORCHWOOD HILLS Agency|TOU,Nut Lake (Yellow Quill) | Yellow Quill | Yellow Quill's | Yellow Quills,1886-1909
many_agencies,band_c02541,Prairies/NWT,DUCK LAKE Agency|Duck Lake Agency|TORCHWOOD HILLS Agency|TOU,Yellow Quill,1886-1909
name_variants_clustered,band_c02542,Prairies/NWT,EDMONTON Agency|Edmonton|Edmonton Agency,Paul (White Whale Lake) | White Whale Lake,1896-1912
single_year_band,band_c02543,Prairies/NWT,Isle à la Crosse Agency,Salt River Settlement,1913
name_variants_clustered,band_c02544,Prairies/NWT,Sarcee Agency|Sarcee Reserve Agency|Sarcees|Treaty No. 7,Sarcee | Sarcee Agency | Sarcee Reserve Agency | Sarcees | Sarcees (7),1886-1917
many_agencies,band_c02544,Prairies/NWT,Sarcee Agency|Sarcee Reserve Agency|Sarcees|Treaty No. 7,Sarcee Agency,1886-1917
single_year_band,band_c02545,Prairies/NWT,Division No. 2 - Con.,"Trout Lake, non-treaty",1910
name_variants_clustered,band_c02546,Prairies/NWT,BIRTLE Agency|Birtle|Birtle Agency|Sioux.,Turtle Mountain | Turtle Mountain (Sioux) | Turtle Mountain Sioux | Turtle Moutain (Sioux),1892-1905
many_agencies,band_c02546,Prairies/NWT,BIRTLE Agency|Birtle|Birtle Agency|Sioux.,Turtle Mountain (Sioux),1892-1905
name_variants_clustered,band_c02547,Prairies/NWT,Onion Lake Agency,"1Chipewyan, Cold Lake | Chipewyan, Cold Lake",1929-1929
single_year_band,band_c02547,Prairies/NWT,Onion Lake Agency,"Chipewyan, Cold Lake",1929
name_variants_clustered,band_c02548,Prairies/NWT,Arctic Coast Line to Hershell Island|Franklin District (form,Alberta | Alberta Inspectorate,1907-1929
many_agencies,band_c02548,Prairies/NWT,Arctic Coast Line to Hershell Island|Franklin District (form,Alberta,1907-1929
name_variants_clustered,band_c02549,Prairies/NWT,DECK LAKE Agency|DUCK LAKE Agency|Deer Lake Agency|Duck Lake,Beardy | Beardy (6) | Beardy and Okemasis | Beardy's | Beardy's and Okamasis | Beardy's and Okemasis | Beardy's and Okemassis,1886-1929
many_agencies,band_c02549,Prairies/NWT,DECK LAKE Agency|DUCK LAKE Agency|Deer Lake Agency|Duck Lake,Beardy,1886-1929
name_variants_clustered,band_c02550,Prairies/NWT,SADDLE LAKE Agency,Beaver Lake (Kaqranum) | Beaver Lake (Kaquanum),1892-1893
name_variants_clustered,band_c02551,Prairies/NWT,BLOOD Agency|Blood|Blood Agency|Blood Reserve Agency|Bloods|,Blood | Blood Agency | Blood Reserve Agency | Bloods | Bloods (7) | Bloods.,1886-1929
many_agencies,band_c02551,Prairies/NWT,BLOOD Agency|Blood|Blood Agency|Blood Reserve Agency|Bloods|,Bloods,1886-1929
name_variants_clustered,band_c02552,Prairies/NWT,CROOKED LAKE Agency|Crooked Lake|Crooked Lake Agency|Crooked,CROOKED LAKE | Crooked Lake | Crooked Lake Agency | Crooked Lakes | Crooked Lakes Agency,1886-1908
many_agencies,band_c02552,Prairies/NWT,CROOKED LAKE Agency|Crooked Lake|Crooked Lake Agency|Crooked,Crooked Lake Agency,1886-1908
single_year_band,band_c02553,Prairies/NWT,Division No. 2 - Con.,"Deer Lake, non-treaty",1910
single_year_band,band_c02554,Prairies/NWT,Treaty No. 8,Fort St. John Indians,1899
single_year_band,band_c02555,Prairies/NWT,Touchwood Agency,"George Gordons, No. 86",1914
name_variants_clustered,band_c02556,Prairies/NWT,Blood Agency|EDMONTON Agency|Edmonton|Edmonton Agency,Ophans at St. Albert | Orphans at St. Albert | Orphans of St. Albert,1886-1907
many_agencies,band_c02556,Prairies/NWT,Blood Agency|EDMONTON Agency|Edmonton|Edmonton Agency,Orphans at St. Albert,1886-1907
single_year_band,band_c02558,Prairies/NWT,Prince Albert Agency,Prince Albert Agency,1886
name_variants_clustered,band_c02560,Prairies/NWT,BIRTLE Agency|Birtle|Birtle Agency,Gambler | Gambler's | Silver Gambler's Creek,1892-1905
single_year_band,band_c02561,Prairies/NWT,Touchwood Hills Agency,Sioux at Moose Woods,1910
single_year_band,band_c02562,Prairies/NWT,Fort Resolution Agency,Slaves of Providence,1929
name_variants_clustered,band_c02564,Prairies/NWT,ONION LAKE Agency|Onion Lake|Onion Lake Agency|Onion Lake Ag,122 Puskeeahkeewein's | Pushkeeahkeewein | Pushkeeahkeewin | Puskeeahkeewein | Puskeeahkeewein (6) | Puskeeahkeewin,1895-1914
many_agencies,band_c02564,Prairies/NWT,ONION LAKE Agency|Onion Lake|Onion Lake Agency|Onion Lake Ag,Puskeeahkeewein,1895-1914
single_year_band,band_c02565,Prairies/NWT,Fort Simpson Agency,1Fort Nelson (Slaves),1929
single_year_band,band_c02566,Prairies/NWT,DUCK LAKE Agency,Bands 100 and 100 A,1895
name_variants_clustered,band_c02567,Prairies/NWT,BATTLEFORD Agency|Battleford|Blood Agency|Treaty No. 6,BATTLEFORD | Battleford | Battleford District,1886-1908
many_agencies,band_c02567,Prairies/NWT,BATTLEFORD Agency|Battleford|Blood Agency|Treaty No. 6,Battleford,1886-1908
name_variants_clustered,band_c02568,Prairies/NWT,Blood|Blood Agency|Grand Total Territories|Lesser Slave Lake,Beaver at Dunvegan | Beavers at Dunvegan | Dunvegan,1899-1912
many_agencies,band_c02568,Prairies/NWT,Blood|Blood Agency|Grand Total Territories|Lesser Slave Lake,Beavers at Dunvegan,1899-1912
single_year_band,band_c02569,Prairies/NWT,Eskimos. Baffin Island,"Big Island, eastward",1910
name_variants_clustered,band_c02570,Prairies/NWT,SADDLE LAKE Agency|Victoria Agency,Antoine | Chippewayan (Antoine),1886-1893
name_variants_clustered,band_c02571,Prairies/NWT,Fort Smith Agency|Treaty No. 8,"Cree at Chipewyan | Cree, Fort chipewyan",1899-1929
name_variants_clustered,band_c02573,Prairies/NWT,Athabasca And M'Kenzie River Districts.|Division No. 4. (Wes,Fort Simpson | Fort Simpson (Slaves) | Fort Simpson (Slavey),1892-1917
many_agencies,band_c02573,Prairies/NWT,Athabasca And M'Kenzie River Districts.|Division No. 4. (Wes,Fort Simpson,1892-1917
name_variants_clustered,band_c02574,Prairies/NWT,Athabasca And M'Kenzie River Districts.|Division No. 4. (Wes,Fort Wrigley | Fort Wrigley (Slaves) | Fort Wrigley (Slavey),1892-1917
many_agencies,band_c02574,Prairies/NWT,Athabasca And M'Kenzie River Districts.|Division No. 4. (Wes,Fort Wrigley,1892-1917
single_year_band,band_c02575,Prairies/NWT,Isle à la Crosse Agency,Lac du Brochet Post,1913
name_variants_clustered,band_c02576,Prairies/NWT,HOBBEMA Agency|Hobbema|Hobbema Agency|Hobbs Agency|Hobema,Little Bear | Montana (Little Bear's) | Montana (Little Bear),1897-1924
many_agencies,band_c02576,Prairies/NWT,HOBBEMA Agency|Hobbema|Hobbema Agency|Hobbs Agency|Hobema,Montana (Little Bear),1897-1924
name_variants_clustered,band_c02577,Prairies/NWT,MUSCOWPETUNG Agency|MUSCOWPETUNG'S Agency|Muscowpetung Agenc,Muscowpetung | Muscowpetung (4) | Muscowpetung Agency | Muscowpetungs | Muscowsetung,1886-1929
many_agencies,band_c02577,Prairies/NWT,MUSCOWPETUNG Agency|MUSCOWPETUNG'S Agency|Muscowpetung Agenc,Muscowpetung,1886-1929
name_variants_clustered,band_c02578,Prairies/NWT,EDMONTON Agency|Edmonton Agency,Paul | Paul (6) | Paul Band | Paul Whitefish Lake | Paul's,1892-1929
name_variants_clustered,band_c02579,Prairies/NWT,ONION LAKE Agency|Onion Lake Agency,Pus-kee-ah-kee-wein | Pus-kee-ah-kee-win,1896-1900
single_year_band,band_c02580,Prairies/NWT,Fort Smith Agency,"Stragglers, Janviers",1929
single_year_band,band_c02581,Prairies/NWT,Blackfoot,White Pulp (Farm 20B),1901
single_year_band,band_c02583,Prairies/NWT,Interior and coast from 66° lat. To 110° W. long.,Chesterfield Inlet,1910
single_year_band,band_c02584,Prairies/NWT,Lake Athabasca District,Crees of Chipewyan,1917
single_year_band,band_c02585,Prairies/NWT,Lesser Slave Lake Agency,Dunvegan - Beavers (8),1910
single_year_band,band_c02586,Prairies/NWT,Touchwood Agency,"Fishing Lake, No. 89",1914
name_variants_clustered,band_c02587,Prairies/NWT,BATTLEFORD Agency|Battleford Agency,Grizzly Bear (Stony) | Grizzly Bear Head | Grizzly Bear Stony,1892-1929
single_year_band,band_c02588,Prairies/NWT,Chapleau Agency,James Bay District.,1912
name_variants_clustered,band_c02589,Prairies/NWT,CROOKED LAKE Agency|Crooked Lake Agency,Kah-ke-wis ta-haw | Kah-ke-wis-ta-haw | Kah-kee-wis-ta-haw,1892-1899
name_variants_clustered,band_c02590,Prairies/NWT,BIRTLE Agency|Birtle Agency,Kee-see-koo-weenin | Kee-see-koo-weenin's | Kee-see-koo-wenin | Kee-see-koo-wenin's,1886-1899
single_year_band,band_c02591,Prairies/NWT,Ungava District,Little Whale River,1911
single_year_band,band_c02592,Prairies/NWT,Touchwood Agency,"Muscowequons, No. 85",1914
single_year_band,band_c02593,Prairies/NWT,Blackfoot Agency,Naaneese (estimated),1916
single_year_band,band_c02594,Prairies/NWT,Mackenzie River District,Nomads (estimated)2,1915
single_year_band,band_c02595,Prairies/NWT,Division No. 1 (Coast and Islands),Nottingham Islands,1910
name_variants_clustered,band_c02596,Prairies/NWT,"Chippewas And Saulteaux Of Treaty No. 5,",Pas Mountain (Crees) | Plain Crees,1881-1897
single_year_band,band_c02597,Prairies/NWT,EDMONTON Agency,Paul and Sharphead,1895
single_year_band,band_c02598,Prairies/NWT,Peace Hills Agency,Peace Hills Agency,1886
name_variants_clustered,band_c02602,Prairies/NWT,BATTLEFORD Agency|Battleford|Battleford Agency,"Bear's Head Stony | Bear's Head, Stony | Bear's head - Stony | Bears Head (Stony) (6)",1905-1910
single_year_band,band_c02603,Prairies/NWT,"Chippewas And Saulteaux Of Treaty No. 5,",Birch River (Crees),1897
name_variants_clustered,band_c02604,Prairies/NWT,ASSINIBOINE Agency|Assiniboine Agency|Birtle Agency|Pelly Ag,Carry the Kettle | Carry the Kettles | The Key,1886-1916
many_agencies,band_c02604,Prairies/NWT,ASSINIBOINE Agency|Assiniboine Agency|Birtle Agency|Pelly Ag,Carry the Kettle,1886-1916
name_variants_clustered,band_c02605,Prairies/NWT,ASSINIBOINE Agency|Assiniboine|Assiniboine Agency,Carry-the-Kettle | Carry-the-Kettle (4) | Carry-the-Kettles | Carry-the-kettle,1893-1929
name_variants_clustered,band_c02606,Prairies/NWT,Blood|Blood Agency|Treaty No. 8,Cree at Wapiscow | Crees at Wabiscow,1899-1909
name_variants_clustered,band_c02607,Prairies/NWT,Blood Agency|EDMONTON Agency|Edmonton|Treaty No. 6,EDMONTON | Edmonton | Edmonton District,1886-1908
many_agencies,band_c02607,Prairies/NWT,Blood Agency|EDMONTON Agency|Edmonton|Treaty No. 6,Edmonton,1886-1908
name_variants_clustered,band_c02608,Prairies/NWT,File Hills|File Hills Agency|Qu'Appelle Agency|Treaty No. 4,File Hills | File Hills Colony,1895-1929
many_agencies,band_c02608,Prairies/NWT,File Hills|File Hills Agency|Qu'Appelle Agency|Treaty No. 4,File Hills Colony,1895-1929
name_variants_clustered,band_c02609,Prairies/NWT,Athabasca And M'Kenzie River Districts.|Division No. 4. (Wes,Fort Liard | Fort Liard (Slaves) | Fort Liard (Slavey) | Fort Liards,1892-1917
many_agencies,band_c02609,Prairies/NWT,Athabasca And M'Kenzie River Districts.|Division No. 4. (Wes,Fort Liard,1892-1917
single_year_band,band_c02611,Prairies/NWT,Isle à la Crosse Agency,Hopes Advance Bay,1913
name_variants_clustered,band_c02612,Prairies/NWT,Blood Agency|Keewatin District|Treaty No. 8,Keewatin | Keewatin District | Keewatin district,1903-1909
single_year_band,band_c02613,Prairies/NWT,Division No. 1 (Coast and Islands),King Charles Cape,1910
many_agencies,band_c02614,Prairies/NWT,FILE HILLS Agency|File Hills Agency|QU'APPELLE Agency|QU'APP,Little Black Bear,1886-1929
name_variants_clustered,band_c02615,Prairies/NWT,ONION LAKE Agency|Onion Lake|Onion Lake Agency|Treaty No. 6,ONION LAKE | ONION LAKE AGENCY. | Onion Lake | Onion Lake Agency,1895-1929
many_agencies,band_c02615,Prairies/NWT,ONION LAKE Agency|Onion Lake|Onion Lake Agency|Treaty No. 6,Onion Lake,1895-1929
name_variants_clustered,band_c02616,Prairies/NWT,PELLY Agency|Pelly Agency|Qu'Apelle Agency|Qu'Appelle Agency,PELLY AGENCY. | Pelly Agency | Qu'Apelle Agency | Qu'Appelle Agency,1907-1909
many_agencies,band_c02616,Prairies/NWT,PELLY Agency|Pelly Agency|Qu'Apelle Agency|Qu'Appelle Agency,Qu'Appelle Agency,1907-1909
name_variants_clustered,band_c02617,Prairies/NWT,SARCEE Agency|Sarcee|Sarcee Agency|Saskatchewan Agency,Bull Head | Bull's Head | Bull's Head (Sarcee) | Sarcees Bull Head,1886-1929
many_agencies,band_c02617,Prairies/NWT,SARCEE Agency|Sarcee|Sarcee Agency|Saskatchewan Agency,Bull Head,1886-1929
name_variants_clustered,band_c02618,Prairies/NWT,Mackenzie River District,Trout Lake (Slave) | Trout Lake (Slavey) | Trout lake (Slaves),1915-1917
name_variants_clustered,band_c02619,Prairies/NWT,Carlton Agency,Wahpaton Sioux | Wahspaton - Sioux,1911-1917
name_variants_clustered,band_c02620,Prairies/NWT,ONION LAKE Agency|Onion Lake|Onion Lake Agency|Oxide Lake Ag,119 Seekaskootch | Seakaskootch | Seekaskootch | Sekaskootch (6),1892-1914
many_agencies,band_c02620,Prairies/NWT,ONION LAKE Agency|Onion Lake|Onion Lake Agency|Oxide Lake Ag,Seekaskootch,1892-1914
name_variants_clustered,band_c02621,Prairies/NWT,ONION LAKE Agency|Onion Lake|Onion Lake Agency|Onion Lake Ag,121 Ooneepowhayo's | Oneepowahayo | Oneepowhayo (6) | Ooneepowhayo,1886-1914
many_agencies,band_c02621,Prairies/NWT,ONION LAKE Agency|Onion Lake|Onion Lake Agency|Onion Lake Ag,Ooneepowhayo,1886-1914
name_variants_clustered,band_c02622,Prairies/NWT,SARCEE Agency|Sarcee Agency|Stony Agency,Bear's Paw | Bear's Paw Stonies,1886-1924
name_variants_clustered,band_c02623,Prairies/NWT,BIRTLE Agency|Birtle|Birtle Agency|Sioux.,Bird Tail (Sioux) | Bird Tail Sioux | Bird Tail Sioux. | Bird Trail Sioux. | Bird tail (Sioux) | Birdtail (Sioux),1892-1905
many_agencies,band_c02623,Prairies/NWT,BIRTLE Agency|Birtle|Birtle Agency|Sioux.,Bird Tail Sioux,1892-1905
name_variants_clustered,band_c02625,Prairies/NWT,"Chippewas And Saulteaux Of Treaty No. 5,|Pas Agency (part of",Chemawawin (5) | Chemawawin (Crees),1897-1910
single_year_band,band_c02627,Prairies/NWT,Eskimos. Baffin Island,Cumberland Sound,1910
name_variants_clustered,band_c02628,Prairies/NWT,BIRTLE Agency|Birtle Agency|DUCK LAKE Agency|Duck Lake|Duck ,DUCK LAKE AGENCY. | Duck Lake | Duck Lake Agency | Oak Lake,1895-1909
many_agencies,band_c02628,Prairies/NWT,BIRTLE Agency|Birtle Agency|DUCK LAKE Agency|Duck Lake|Duck ,Oak Lake,1895-1909
name_variants_clustered,band_c02629,Prairies/NWT,Athabasca And M'Kenzie River Districts.|Athabasca District|A,Fort Chippewayan | Fort Chippwayan,1892-1898
single_year_band,band_c02630,Prairies/NWT,Fort Pitt Agency,Fort Pitt Agency,1886
single_year_band,band_c02631,Prairies/NWT,Peace River District.,"Fort St. John, & c.",1892
name_variants_clustered,band_c02633,Prairies/NWT,*Battleford Agency|BATTLEFORD Agency|Battleford|Battleford A,"Jean Man | Lean Man | Lean Man (Stony) | Lean Man (Stony) (6) | Lean Man - Stony | Lean Man Stony | Sean Man, Stony",1886-1929
many_agencies,band_c02633,Prairies/NWT,*Battleford Agency|BATTLEFORD Agency|Battleford|Battleford A,Lean Man,1886-1929
name_variants_clustered,band_c02634,Prairies/NWT,*Battleford Agency|BATTLEFORD Agency|Battleford|Battleford A,"Mosquito | Mosquito (Stony) | Mosquito (Stony) (6) | Mosquito - Stony | Mosquito Stony | Mosquito, Stony",1886-1929
many_agencies,band_c02634,Prairies/NWT,*Battleford Agency|BATTLEFORD Agency|Battleford|Battleford A,Mosquito,1886-1929
name_variants_clustered,band_c02635,Prairies/NWT,Mackenzie River District|Mackenzie River District.|Ungava Di,Nomads | Nomads (estimated) | Nomads3,1911-1917
single_year_band,band_c02636,Prairies/NWT,Blackfoot Agency,North Tacla Lake,1916
name_variants_clustered,band_c02637,Prairies/NWT,Isle a la Cross Agency|Touchwood Hills Agency,Peter Ballandine (10) | Peter Ballandyne,1910-1929
many_agencies,band_c02639,Prairies/NWT,Athabasca And M'Kenzie River Districts.|Eastern Athabasca Di,Portage la Loche,1892-1929
name_variants_clustered,band_c02640,Prairies/NWT,Pas Agency|Pas Agency (part of.)|Treaty No. 5,Shoal Lake | Shoal Lake (5) | Shoal Lake (Crees),1904-1929
name_variants_clustered,band_c02641,Prairies/NWT,Lesser Slave Lake Agency,Wabiskaw | Wabiskaw - Crees (8),1910-1911
name_variants_clustered,band_c02642,Prairies/NWT,BATTLEFORD Agency,Young Chipewyan | Young Chippewyan,1892-1893
single_year_band,band_c02643,Prairies/NWT,Onion Lake Agency,161 Island Lake,1914
single_year_band,band_c02644,Prairies/NWT,Eskimos. Baffin Island,Admiralty Inlet,1910
single_year_band,band_c02645,Prairies/NWT,Isle à la Crosse Agency,Agumiska Island,1913
single_year_band,band_c02646,Prairies/NWT,Battleford Agency,Bear's Head-Stony,1902
name_variants_clustered,band_c02647,Prairies/NWT,Birtle|Blood Agency|Treaty No. 4,Birtle | Birtle District,1886-1896
single_year_band,band_c02648,Prairies/NWT,SARCEE Agency,Boar's Paw (Stonys),1892
name_variants_clustered,band_c02649,Prairies/NWT,Carlton|Isle à la Crosse Agency|Treaty No. 6,Carlton | Charlton Island,1895-1913
single_year_band,band_c02650,Prairies/NWT,Peace Hills Agency,Cheepoostequahn,1886
single_year_band,band_c02651,Prairies/NWT,Prince Albert Agency,Chekastaypaysin,1886
name_variants_clustered,band_c02652,Prairies/NWT,SARCEE Agency|Sarcee Agency,Chiniquy | Chiniquy (Stonys) | Chinniquy,1886-1893
single_year_band,band_c02653,Prairies/NWT,Touchwood Agency,"Day Stars, No. 87",1914
single_year_band,band_c02654,Prairies/NWT,Fort Resolution Agency,Dog-Ribs of Rae,1929
single_year_band,band_c02656,Prairies/NWT,Isle a la Cross Agency,Matthias Colomb,1929
name_variants_clustered,band_c02657,Prairies/NWT,BIRTLE Agency|Birtle|Birtle Agency|Sioux.,Oak River | Oak River (Sioux) | Oak River Sioux,1892-1905
many_agencies,band_c02657,Prairies/NWT,BIRTLE Agency|Birtle|Birtle Agency|Sioux.,Oak River (Sioux),1892-1905
name_variants_clustered,band_c02658,Prairies/NWT,ONION LAKE Agency|Onion Lake Agency,Oo-nee-pow-hayo | Oo-nee-powhayo,1896-1900
many_agencies,band_c02660,Prairies/NWT,CARLTON Agency|Carlton Agency|Nelson And Churchill Rivers Di,Pelican Narrows,1892-1903
name_variants_clustered,band_c02661,Prairies/NWT,ONION LAKE Agency|Onion Lake Agency,Puskeahkewinin | Puskeeahkuhewin,1886-1893
name_variants_clustered,band_c02662,Prairies/NWT,Pas Agency|Pas Agency (part of.)|Treaty No. 5,Red Earth | Red Earth (5) | Red Earth (Crees),1904-1929
name_variants_clustered,band_c02663,Prairies/NWT,MOOSE MOUNTAIN Agency|Moose Mountain|Moose Mountain Agency,Striped Blanked | Striped Blanket,1892-1901
name_variants_clustered,band_c02664,Prairies/NWT,TOUCHWOOD HILLS Agency|Touchwood Hills|Treaty No. 4,TOUCHWOOD HILLS | Touchwood | Touchwood Hills,1895-1908
name_variants_clustered,band_c02665,Prairies/NWT,Blood Agency|Nelson And Churchill Rivers District|Treaty No.,Ungava | Ungava District,1900-1909
many_agencies,band_c02665,Prairies/NWT,Blood Agency|Nelson And Churchill Rivers District|Treaty No.,Ungava,1900-1909
single_year_band,band_c02666,Prairies/NWT,Victoria Agency,Victoria Agency,1886
name_variants_clustered,band_c02667,Prairies/NWT,Moose Woods Reserve,White Cap Sioux | Whitecap's Sioux,1915-1929
name_variants_clustered,band_c02670,Prairies/NWT,EDMONTON Agency|Edmonton|Edmonton Agency,Enoch | Enoch (6) | Enoch le Potac | Enoch's | Enoch's Band,1886-1929
name_variants_clustered,band_c02671,Prairies/NWT,Division No. 2 - Con.|Nelson And Churchill Rivers District|N,Churchill | Fort Churchill,1892-1910
many_agencies,band_c02671,Prairies/NWT,Division No. 2 - Con.|Nelson And Churchill Rivers District|N,Churchill,1892-1910
name_variants_clustered,band_c02672,Prairies/NWT,TORCHWOOD HILLS Agency|TOUCHWOOD HILLS Agency|Torchwood Hill,George Gordon | George Gordon (4) | George Gordon's | George Gordons,1886-1929
many_agencies,band_c02672,Prairies/NWT,TORCHWOOD HILLS Agency|TOUCHWOOD HILLS Agency|Torchwood Hill,George Gordon,1886-1929
name_variants_clustered,band_c02673,Prairies/NWT,Hobbema|Hobbema Agency|Treaty No. 6,Hobbema | Hobbema Agency,1895-1908
name_variants_clustered,band_c02674,Prairies/NWT,Onion Lake Agency,Joe Bighead's | Joseph Bighead's,1914-1929
name_variants_clustered,band_c02675,Prairies/NWT,CROOKED LAKE Agency|Crooked Lake Agency|Crooked Lakes Agency,Kabliewistahaw | Kahkewistahaw | Kahkewistahaw (4) | Kahkwistahaw | Kakewistahaw,1886-1929
name_variants_clustered,band_c02676,Prairies/NWT,BIRTLE Agency|Birtle Agency|PELLY Agency|Pelly Agency,Keeseekoose | Keeseekoowenin,1900-1914
many_agencies,band_c02676,Prairies/NWT,BIRTLE Agency|Birtle Agency|PELLY Agency|Pelly Agency,Keeseekoowenin,1900-1914
name_variants_clustered,band_c02677,Prairies/NWT,BATTLEFORD Agency|Battleford|Battleford Agency,Kopwayawakenum | Kopyawawakenum (6),1905-1913
many_agencies,band_c02678,Prairies/NWT,BIRTLE Agency|Birtle|Birtle Agency|Sioux.,Oak Lake (Sioux),1892-1905
name_variants_clustered,band_c02679,Prairies/NWT,FILE HILLS Agency|QU'APPELLE Agency,Pee-pee-keeses | Pee-pee-keesis | Pee-pee-kesis,1892-1903
single_year_band,band_c02680,Prairies/NWT,Touchwood Agency,"Poormans, No. 88",1914
single_year_band,band_c02682,Prairies/NWT,Carlton Agency,Wahpeton Sioux,1915
name_variants_clustered,band_c02683,Prairies/NWT,Athabasca And M'Kenzie River Districts.|Battleford Agency|Ea,Water Hen Lake | Waterhen Lake,1892-1929
many_agencies,band_c02683,Prairies/NWT,Athabasca And M'Kenzie River Districts.|Battleford Agency|Ea,Water Hen Lake,1892-1929
name_variants_clustered,band_c02686,Prairies/NWT,ONION LAKE Agency|Onion Lake|Onion Lake Agency|Onion Lake Ag,123 Keeheewin's | 1Keeheewin's | Keeheewin | Keeheewin (6) | Keeheewin's | Keehewin,1886-1929
many_agencies,band_c02686,Prairies/NWT,ONION LAKE Agency|Onion Lake|Onion Lake Agency|Onion Lake Ag,Keeheewin,1886-1929
single_year_band,band_c02687,Prairies/NWT,Onion Lake Agency,149 Chipewyan,1914
name_variants_clustered,band_c02688,Prairies/NWT,BIRTLE Agency|Birtle|Birtle Agency|PELLY Agency|Pelly Agency,2Valley River | Valley River,1895-1929
many_agencies,band_c02688,Prairies/NWT,BIRTLE Agency|Birtle|Birtle Agency|PELLY Agency|Pelly Agency,Valley River,1895-1929
name_variants_clustered,band_c02689,Prairies/NWT,EDMONTON Agency|Edmonton Agency,Alexis | Alexis (Joseph) | Joseph (Alexis),1886-1912
single_year_band,band_c02691,Prairies/NWT,,Buffalo Lakes,1886
many_agencies,band_c02693,Prairies/NWT,Athabasca District|Canoe Lake|Chapleau Agency|Isle a la Cros,English River,1909-1929
single_year_band,band_c02695,Prairies/NWT,Eskimos. Baffin Island,Frobisher Bay,1910
single_year_band,band_c02696,Prairies/NWT,CROOKED LAKE Agency,Kahkewistihaw,1900
single_year_band,band_c02697,Prairies/NWT,From 110° to 136° W. long.,Kee yak i yuk,1910
single_year_band,band_c02698,Prairies/NWT,Birtle Agency,Kee-see-konse,1886
single_year_band,band_c02699,Prairies/NWT,Prince Albert Agency,Kopahawakenum,1886
single_year_band,band_c02700,Prairies/NWT,Victoria Agency,Little Hunter,1886
name_variants_clustered,band_c02701,Prairies/NWT,MUSKOWPETUNG Agency|MUSKOWPETUNG'S Agency|QU'APPFLLE Agency|,Muskowpetung | Muskowpetung's | Muskowpetungs,1896-1901
many_agencies,band_c02701,Prairies/NWT,MUSKOWPETUNG Agency|MUSKOWPETUNG'S Agency|QU'APPFLLE Agency|,Muskowpetung,1896-1901
single_year_band,band_c02702,Prairies/NWT,Ungava District,Nichikun Post,1911
single_year_band,band_c02703,Prairies/NWT,FILE HILLS Agency,Pee-pee-keeis,1898
single_year_band,band_c02704,Prairies/NWT,File Hills Agency,Pee-pee-kisis,1896
name_variants_clustered,band_c02705,Prairies/NWT,PEIGAN Agency|PEIGANS Agency|Peigan|Peigan Agency,Peigan | Peigan Agency | Peigans | Peigans (7),1899-1929
many_agencies,band_c02705,Prairies/NWT,PEIGAN Agency|PEIGANS Agency|Peigan|Peigan Agency,Peigans,1899-1929
name_variants_clustered,band_c02706,Prairies/NWT,Birtle Agency|MOOSE MOUNTAIN Agency|Moose Mountain|Moose Mou,Pheasant Rump | Pleasant Rump,1886-1901
many_agencies,band_c02706,Prairies/NWT,Birtle Agency|MOOSE MOUNTAIN Agency|Moose Mountain|Moose Mou,Pheasant Rump,1886-1901
single_year_band,band_c02710,Prairies/NWT,BIRTLE Agency,Valley liiver,1902
name_variants_clustered,band_c02711,Prairies/NWT,CARLETON Agency|CARLTON Agency|Carlton|Carlton Agency|Prince,William Twatt | William Twatt (6) | Wm. Twatt,1886-1910
many_agencies,band_c02711,Prairies/NWT,CARLETON Agency|CARLTON Agency|Carlton|Carlton Agency|Prince,William Twatt,1886-1910
single_year_band,band_c02712,Prairies/NWT,Lesser Slave Lake Agency,1Hudson's Hope,1929
single_year_band,band_c02713,Prairies/NWT,Isle a la Cross Agency,Amos Charles,1929
name_variants_clustered,band_c02714,Prairies/NWT,Athabasca District|Canoe Lake|Isle a la Cross Agency|Touchwo,Barren Land | Barren Land (10) | Barren Lands,1909-1929
many_agencies,band_c02714,Prairies/NWT,Athabasca District|Canoe Lake|Isle a la Cross Agency|Touchwo,Barren Land,1909-1929
single_year_band,band_c02715,Prairies/NWT,Isle à la Crosse Agency,Beaver House,1913
single_year_band,band_c02716,Prairies/NWT,Blackfoot Agency,Bellow House,1905
single_year_band,band_c02717,Prairies/NWT,Eskimos. Labrador,Cape Chidley,1910
many_agencies,band_c02718,Prairies/NWT,PELLY Agency|TOUCHWOOD HILLS Agency|Touchwood Agency|Touchwo,Fishing Lake,1906-1929
single_year_band,band_c02719,Prairies/NWT,Blood Agency,Foremost Man,1886
name_variants_clustered,band_c02720,Prairies/NWT,SARCEE Agency|Sarcee Agency,Jacob | Jacob (Stonys),1886-1893
name_variants_clustered,band_c02721,Prairies/NWT,SADDLE LAKE Agency|Saddle Lake|Saddle Lake Agency|Victoria A,James Seenum | James Seenum (6) | James Seenum's | Seenum,1886-1924
many_agencies,band_c02721,Prairies/NWT,SADDLE LAKE Agency|Saddle Lake|Saddle Lake Agency|Victoria A,James Seenum,1886-1924
name_variants_clustered,band_c02722,Prairies/NWT,ONION LAKE Agency|Onion Lake Agency,Kee-hee-win | Kee-hee-wins,1896-1900
name_variants_clustered,band_c02723,Prairies/NWT,PELLY Agency|Pelly Agency,Keeseekonse | Keeseekoonse,1904-1917
name_variants_clustered,band_c02724,Prairies/NWT,PELLY Agency|Pelly Agency|Pelly Agency (Late Swan River Agen,Keeseekoouse | Keeseekouse | Keeseekouse (4),1899-1929
many_agencies,band_c02724,Prairies/NWT,PELLY Agency|Pelly Agency|Pelly Agency (Late Swan River Agen,Keeseekouse,1899-1929
name_variants_clustered,band_c02725,Prairies/NWT,Nelson And Churchill Rivers District|Nelson And Churchill Ri,Lac Caribou | Lac Carribou,1892-1900
many_agencies,band_c02726,Prairies/NWT,Athabasca District|Canoe Lake|Isle a la Cross Agency|Touchwo,Lac la Hache,1909-1929
single_year_band,band_c02727,Prairies/NWT,Lesser Slave Lake Agency,Moberly Lake,1929
name_variants_clustered,band_c02728,Prairies/NWT,TORCHWOOD HILLS Agency|TOUCHWOOD HILLS Agency|Torchwood Hill,Muscowequahn | Muscowequan | Muscowequan (4) | Muscowequan's | Muscowequans,1886-1929
many_agencies,band_c02728,Prairies/NWT,TORCHWOOD HILLS Agency|TOUCHWOOD HILLS Agency|Torchwood Hill,Muscowequan,1886-1929
single_year_band,band_c02729,Prairies/NWT,TOUCHWOOD HILLS Agency,Muscowpequan,1897
single_year_band,band_c02730,Prairies/NWT,Division No. 2 - Con.,Nelson House (5),1910
single_year_band,band_c02732,Prairies/NWT,Isle à la Crosse Agency,One Man Post,1913
single_year_band,band_c02733,Prairies/NWT,Division No. 2 - Con.,Oxford House (5),1910
single_year_band,band_c02734,Prairies/NWT,Division No. 2 - Con.,Peecheechoos (5),1910
name_variants_clustered,band_c02735,Prairies/NWT,File Hills Agency|QU'APPELLE Agency|QU'APPFLLE Agency|Qu'App,Peepeekeesis | Peepeekeesis (4) | Peepeekesis,1886-1929
many_agencies,band_c02735,Prairies/NWT,File Hills Agency|QU'APPELLE Agency|QU'APPFLLE Agency|Qu'App,Peepeekeesis,1886-1929
single_year_band,band_c02737,Prairies/NWT,Athabasca And M'Kenzie River Districts.,Rampart Post,1892
many_agencies,band_c02738,Prairies/NWT,*Battleford Agency|BATTLEFORD Agency|Battleford|Battleford A,Red Pheasant,1886-1929
single_year_band,band_c02739,Prairies/NWT,Onion Lake Agency,Seeksokootch,1886
many_agencies,band_c02740,Prairies/NWT,FILE HILLS Agency|File Hills Agency|QU'APPELLE Agency|QU'APP,Star Blanket,1886-1929
many_agencies,band_c02742,Prairies/NWT,*Battleford Agency|BATTLEFORD Agency|Battleford|Battleford A,Thunderchild,1886-1929
name_variants_clustered,band_c02743,Prairies/NWT,Isle à la Crosse Agency,Wakeham Baby | Wakeham Bay,1913-1913
single_year_band,band_c02743,Prairies/NWT,Isle à la Crosse Agency,Wakeham Baby,1913
single_year_band,band_c02745,Prairies/NWT,Division No. 2 - Con.,York Factory,1910
single_year_band,band_c02746,Prairies/NWT,Prince Albert Agency,Attackakoop,1886
single_year_band,band_c02747,Prairies/NWT,Lesser Slave Lake Agency,Boyer River,1929
name_variants_clustered,band_c02748,Prairies/NWT,HOBBEMA Agency|Hobbema|Hobbema Agency|Hobbs Agency|Hobema|PE,Ermine Skin | Ermineskin | Ermineskin (6) | Ermineskin's | Ermineskin's Band | Erminskin | Erminskin's,1886-1929
many_agencies,band_c02748,Prairies/NWT,HOBBEMA Agency|Hobbema|Hobbema Agency|Hobbs Agency|Hobema|PE,Ermineskin,1886-1929
single_year_band,band_c02749,Prairies/NWT,Chapleau Agency,Flying Post,1912
single_year_band,band_c02750,Prairies/NWT,Chapleau Agency,Fort Albany,1912
single_year_band,band_c02752,Prairies/NWT,Interior and coast from 66° lat. To 110° W. long.,Fox Channel,1910
name_variants_clustered,band_c02753,Prairies/NWT,DECK LAKE Agency|DUCK LAKE Agency|Deer Lake Agency|Duck Lake,James Smith | James Smith (6) | James Smith's | Jas. Smith,1886-1929
many_agencies,band_c02753,Prairies/NWT,DECK LAKE Agency|DUCK LAKE Agency|Deer Lake Agency|Duck Lake,James Smith,1886-1929
single_year_band,band_c02754,Prairies/NWT,PELLY Agency,Keedeekoose,1908
name_variants_clustered,band_c02755,Prairies/NWT,Blackfoot Agency|Division No. 2 - Con.,God's Lake (5) | McLeod Lake,1910-1916
single_year_band,band_c02758,Prairies/NWT,Victoria Agency,Muskegwatic,1886
single_year_band,band_c02759,Prairies/NWT,TOUCHWOOD HILLS Agency,Muskowequan,1900
single_year_band,band_c02760,Prairies/NWT,Carlton Agency,New Reserve,1915
single_year_band,band_c02762,Prairies/NWT,Edmonton Agency,Paspaschase,1886
single_year_band,band_c02763,Prairies/NWT,Division No. 1 (Coast and Islands),Ponds Inlet,1910
many_agencies,band_c02764,Prairies/NWT,Shoal River|TORCHWOOD HILLS Agency|TOUCHWOOD HILLS Agency|To,"Shoal River (including Steep Point Rock, Swan Lake, Dog Island, Dawson Bay, 1/2 mile west of Shoal River)",1902-1905
single_year_band,band_c02765,Prairies/NWT,Wood Mountain Agency,Sioux Head1,1917
single_year_band,band_c02767,Prairies/NWT,Birtle Agency,South Quill,1886
single_year_band,band_c02768,Prairies/NWT,Blackfoot Agency,Stony Creek,1916
single_year_band,band_c02769,Prairies/NWT,Blackfoot Agency,Stuart Lake,1916
single_year_band,band_c02772,Prairies/NWT,Moose Mountain Ag.,Treaty No. 2,1909
many_agencies,band_c02773,Prairies/NWT,Blood Agency|Nelson And Churchill Rivers District|Nelson and,Treaty No. 8,1899-1909
single_year_band,band_c02774,Prairies/NWT,From 110° to 136° W. long.,Warharkiyuk,1910
name_variants_clustered,band_c02775,Prairies/NWT,Onion Lake Agency,1Frog Lake | Frog Lake,1915-1929
single_year_band,band_c02776,Prairies/NWT,CARLETON Agency,Ahtakakoop,1908
single_year_band,band_c02778,Prairies/NWT,Battleford Agency,Bears' Head,1900
single_year_band,band_c02779,Prairies/NWT,BATTLEFORD Agency,Beary's Head,1897
many_agencies,band_c02780,Prairies/NWT,SADDLE LAKE Agency|Saddle Lake|Saddle Lake Agency|Victoria A,Blue Quill,1886-1912
many_agencies,band_c02781,Prairies/NWT,Canoe Lake|Isle a la Cross Agency|Touchwood Hills Agency|Tre,Canoe Lake,1909-1929
single_year_band,band_c02782,Prairies/NWT,Isle à la Crosse Agency,Cedar Lake,1913
single_year_band,band_c02783,Prairies/NWT,,Chipweyans,1881
many_agencies,band_c02784,Prairies/NWT,Athabasca District|Canoe Lake|Isle a la Cross Agency|Touchwo,Clear Lake,1909-1929
single_year_band,band_c02788,Prairies/NWT,Blood Agency,Eagle Tail,1886
single_year_band,band_c02789,Prairies/NWT,Isle à la Crosse Agency,Egg Island,1913
single_year_band,band_c02791,Prairies/NWT,Blackfoot Agency,Ft. Grahame,1916
many_agencies,band_c02793,Prairies/NWT,DECK LAKE Agency|DUCK LAKE Agency|Deer Lake Agency|Duck Lake,John Smith,1886-1929
many_agencies,band_c02794,Prairies/NWT,FORT PELLY Agency|SWAN RIVER Agency|Swan River Agency|Swan R,Kisickouse,1892-1898
single_year_band,band_c02795,Prairies/NWT,From 110° to 136° W. long.,Kogmolicks,1910
single_year_band,band_c02796,Prairies/NWT,CROOKED LAKE Agency,Leech Lake,1899
many_agencies,band_c02797,Prairies/NWT,HOBBEMA Agency|Hobbema|Hobbema Agency|Hobbs Agency|Hobema,Louis Bull,1893-1929
single_year_band,band_c02798,Prairies/NWT,Blackfoot Agency,Maxim Lake,1916
single_year_band,band_c02799,Prairies/NWT,Prince Albert Agency,Misotwasis,1886
name_variants_clustered,band_c02800,Prairies/NWT,*Battleford Agency|BATTLEFORD Agency|Battleford|Battleford A,Moosomin | Moosomin (6) | Moososomin,1886-1929
many_agencies,band_c02800,Prairies/NWT,*Battleford Agency|BATTLEFORD Agency|Battleford|Battleford A,Moosomin,1886-1929
single_year_band,band_c02802,Prairies/NWT,Isle à la Crosse Agency,Nitchequon,1913
name_variants_clustered,band_c02804,Prairies/NWT,DECK LAKE Agency|DUCK LAKE Agency|Deer Lake Agency|Duck Lake,One Arrow | One Arrow (6) | One Arrow's | One Arrows,1886-1929
many_agencies,band_c02804,Prairies/NWT,DECK LAKE Agency|DUCK LAKE Agency|Deer Lake Agency|Duck Lake,One Arrow,1886-1929
many_agencies,band_c02808,Prairies/NWT,*Battleford Agency|BATTLEFORD Agency|Battleford|Battleford A,Poundmaker,1886-1929
single_year_band,band_c02809,Prairies/NWT,QU'APPELLE Agency,QU'APPELLE,1908
single_year_band,band_c02810,Prairies/NWT,Carlton Agency,Sandy Lake,1917
single_year_band,band_c02811,Prairies/NWT,Division No. 2 - Con.,Split Lake,1910
single_year_band,band_c02813,Prairies/NWT,Blackfoot Agency,Tsislainli,1916
single_year_band,band_c02814,Prairies/NWT,Eskimos. Labrador,Ungava Bay,1910
many_agencies,band_c02815,Prairies/NWT,Birtle Agency|MOOSE MOUNTAIN Agency|Moose Mountain|Moose Mou,White Bear,1886-1929
single_year_band,band_c02816,Prairies/NWT,,Wood Crees,1881
single_year_band,band_c02817,Prairies/NWT,Blood Agency,Yellow Sky,1886
name_variants_clustered,band_c02819,Prairies/NWT,Stony|Stony Agency,Bears Paw | Bearspaw | Bearspaw's,1914-1929
single_year_band,band_c02821,Prairies/NWT,Stony,Chinequay,1929
name_variants_clustered,band_c02823,Prairies/NWT,CROOKED LAKE Agency|Crooked Lake Agency|Crooked Lakes Agency,Cowesess | Cowesses | Cowessess | Cowessess (4),1886-1929
single_year_band,band_c02825,Prairies/NWT,"Division No. 1, (E. of 80° W. long.) Indians E. Coast of Hud",East Main,1910
name_variants_clustered,band_c02826,Prairies/NWT,Athabasca And M'Kenzie River Districts.|Division No. 4. (Wes,Fort Rae | Fort Rae2,1892-1917
many_agencies,band_c02826,Prairies/NWT,Athabasca And M'Kenzie River Districts.|Division No. 4. (Wes,Fort Rae,1892-1917
single_year_band,band_c02827,Prairies/NWT,Edmonton Agency,Iron Head,1886
single_year_band,band_c02828,Prairies/NWT,Onion Lake Agency,Kecheewin's,1929
single_year_band,band_c02829,Prairies/NWT,Onion Lake Agency (part of),Kimoosayo (6),1910
many_agencies,band_c02830,Prairies/NWT,DUCK LAKE Agency|Duck Lake Agency|TORCHWOOD HILLS Agency|TOU,Kinistino,1902-1929
name_variants_clustered,band_c02831,Prairies/NWT,Lesser Slave Lake Agency|Onion Lake Agency,Kinnosayo's | Kinoosayo,1886-1929
name_variants_clustered,band_c02833,Prairies/NWT,*Battleford Agency|Battleford Agency,Lucky Man | Luckyman,1886-1929
single_year_band,band_c02834,Prairies/NWT,Sioux,Moose Jaw,1911
single_year_band,band_c02835,Prairies/NWT,Birtle Agency,Ocean Man,1886
name_variants_clustered,band_c02836,Prairies/NWT,DECK LAKE Agency|DUCK LAKE Agency|Deer Lake Agency|Duck Lake,Okemasis | Okemasis (6) | Okemassis,1886-1910
many_agencies,band_c02836,Prairies/NWT,DECK LAKE Agency|DUCK LAKE Agency|Deer Lake Agency|Duck Lake,Okemasis,1886-1910
single_year_band,band_c02837,Prairies/NWT,Crooked Lakes Agency,Ouchaness,1886
single_year_band,band_c02838,Prairies/NWT,Victoria Agency,Peeaysees,1886
single_year_band,band_c02839,Prairies/NWT,BLOOD Agency,(tt)Bloods,1895
single_year_band,band_c02840,Prairies/NWT,Onion Lake Agency,Big Bear,1886
single_year_band,band_c02841,Prairies/NWT,CARLETON Agency,CARLETON,1908
single_year_band,band_c02842,Prairies/NWT,Blackfoot Crossing Agency,Crowfoot,1886
many_agencies,band_c02843,Prairies/NWT,TORCHWOOD HILLS Agency|TOUCHWOOD HILLS Agency|Torchwood Hill,Day Star,1886-1929
single_year_band,band_c02844,Prairies/NWT,BIRTLE Agency,Garmbler's,1893
single_year_band,band_c02845,Prairies/NWT,Division No. 1 (Coast and Islands),Home Bay,1910
single_year_band,band_c02846,Prairies/NWT,Victoria Agency,Kaquanum,1886
single_year_band,band_c02847,Prairies/NWT,Blackfoot Agency,Klusklus,1916
single_year_band,band_c02849,Prairies/NWT,Chapleau Agency,Metagami,1912
single_year_band,band_c02850,Prairies/NWT,BATTLEFORD Agency,Moosonin,1908
single_year_band,band_c02851,Prairies/NWT,Chapleau Agency,New Post,1912
single_year_band,band_c02852,Prairies/NWT,"Division No. 1, (E. of 80° W. long.) Indians E. Coast of Hud",Nichicum,1910
name_variants_clustered,band_c02854,Prairies/NWT,FILE HILLS Agency|File Hills Agency,Okanees | Okanesse,1886-1929
single_year_band,band_c02855,Prairies/NWT,Duck Lake Agency,Okenasis,1911
name_variants_clustered,band_c02856,Prairies/NWT,TORCHWOOD HILLS Agency|TOUCHWOOD HILLS Agency|Torchwood Hill,Poor Man | Poor Man (4) | Poor Man's | Poor man | Poor'Man's | Poorman | Poorman's,1892-1929
many_agencies,band_c02856,Prairies/NWT,TORCHWOOD HILLS Agency|TOUCHWOOD HILLS Agency|Torchwood Hill,Poor Man,1892-1929
single_year_band,band_c02857,Prairies/NWT,Touchwood Agency,Poormans,1917
single_year_band,band_c02859,Prairies/NWT,Peace River District.,Wabaskaw,1892
single_year_band,band_c02860,Prairies/NWT,Lesser Slave Lake Agency,Wabiscaw,1912
single_year_band,band_c02861,Prairies/NWT,Blackfoot Agency,Yacutcee,1916
single_year_band,band_c02862,Prairies/NWT,Peace Hills Agency,Bobtail,1886
single_year_band,band_c02863,Prairies/NWT,Battleford Agency,Leanman,1913
many_agencies,band_c02865,Prairies/NWT,QU'APPELLE Agency|QU'APPFLLE Agency|Qu'Appelle|Qu'Appelle Ag,Okanase,1901-1913
name_variants_clustered,band_c02867,Prairies/NWT,MUSCOWPETUNG Agency|MUSCOWPETUNG'S Agency|MUSKOWPETUNG Agenc,Pasqua | Pasquah | Pasquah (4),1886-1929
many_agencies,band_c02867,Prairies/NWT,MUSCOWPETUNG Agency|MUSCOWPETUNG'S Agency|MUSKOWPETUNG Agenc,Pasquah,1886-1929
name_variants_clustered,band_c02868,Prairies/NWT,PIEGAN Agency|Piegan Agency|Piegans|Treaty No. 7,Piegan | Piegans,1895-1898
many_agencies,band_c02868,Prairies/NWT,PIEGAN Agency|Piegan Agency|Piegans|Treaty No. 7,Piegans,1895-1898
single_year_band,band_c02869,Prairies/NWT,Blackfoot Agency,Pintcee,1916
single_year_band,band_c02870,Prairies/NWT,Isle à la Crosse Agency,Rigolet,1913
name_variants_clustered,band_c02871,Prairies/NWT,HOBBEMA Agency|Hobbema|Hobbema Agency|Hobbs Agency|Hobema|PE,Sampson | Samson | Samson (6) | Samson's | Samson's Band,1886-1929
many_agencies,band_c02871,Prairies/NWT,HOBBEMA Agency|Hobbema|Hobbema Agency|Hobbs Agency|Hobema|PE,Samson,1886-1929
single_year_band,band_c02874,Prairies/NWT,Lesser Slave Lake Agency,Wabasca,1929
many_agencies,band_c02877,Prairies/NWT,MUSCOWPETUNG Agency|MUSCOWPETUNG'S Agency|MUSKOWPETUNG Agenc,Piapot,1886-1929
single_year_band,band_c02879,Prairies/NWT,Blackfoot Agency,Stella,1916
single_year_band,band_c02881,Prairies/NWT,Blackfoot Agency,Tatcee,1916
single_year_band,band_c02883,Prairies/NWT,Blackfoot Agency,Nazco,1916
many_agencies,band_c02884,Prairies/NWT,Birtle Agency|FORT PELLY Agency|PELLY Agency|Pelly Agency|Pe,Coté,1886-1929
single_year_band,band_c02888,Prairies/NWT,Battleford Agency,104,1902
single_year_band,band_c02889,Prairies/NWT,Battleford Agency|Oxide Lake Agency,107,1902
single_year_band,band_c02890,Prairies/NWT,Battleford Agency,108,1902
single_year_band,band_c02891,Prairies/NWT,Oxide Lake Agency,121,1902
single_year_band,band_c02892,Prairies/NWT,Edmonton Agency,122,1902
single_year_band,band_c02893,Prairies/NWT,Battleford Agency,131,1902
single_year_band,band_c02894,Prairies/NWT,Edmonton Agency,147,1902
single_year_band,band_c02895,Prairies/NWT,Edmonton Agency,190,1902
single_year_band,band_c02896,Prairies/NWT,Oxide Lake Agency,253,1902
single_year_band,band_c02897,Prairies/NWT,Saddle Lake Agency,331,1902
single_year_band,band_c02898,Prairies/NWT,Oxide Lake Agency,20,1902
single_year_band,band_c02899,Prairies/NWT,Shoal River,26,1902
single_year_band,band_c02900,Prairies/NWT,Oxide Lake Agency,30,1902
single_year_band,band_c02901,Prairies/NWT,Saddle Lake Agency,70,1902
single_year_band,band_c02902,Prairies/NWT,Edmonton Agency,97,1902
single_year_band,band_c02903,Prairies/NWT,Saddle Lake Agency,99,1902
single_year_band,band_c02904,Prairies/NWT,Oxide Lake Agency,n2,1902
single_year_band,band_c02905,Prairies/NWT,Edmonton Agency,5,1902
single_year_band,band_c02906,Prairies/NWT,Treaty No. 6,6,1902
single_year_band,band_c02907,Prairies/NWT,Treaty No. 7,7,1902
single_year_band,band_c02908,Prairies/NWT,Treaty No. 8,8,1902
name_variants_clustered,band_c02909,Prince Edward Island,Agencies|District of Patricia|Lennox Island|Micmacs of Halif,"Lennox Island | Lennox Island and other parts of Prince County | Micmacs of Prince County at Lennox Island (Reserve) | Micmacs of Prince County at Lennox Island (Reserve) and vicinity | Micmacs of Prince County at Lennox Island (reserve) | Micmacs of Prince, County at Lennox Island (Reserve) and vicinity",1898-1929
many_agencies,band_c02909,Prince Edward Island,Agencies|District of Patricia|Lennox Island|Micmacs of Halif,Lennox Island,1898-1929
name_variants_clustered,band_c02910,Prince Edward Island,Agencies|District of Patricia|Lennox Island|Micmacs of Inver,Micmacs of Morell (reserve) and Kings and Queens Counties | Morell | Morell (reserve) | Morell Reserve and other parts of Kings and Queens Counties | Morell reserve,1903-1929
many_agencies,band_c02910,Prince Edward Island,Agencies|District of Patricia|Lennox Island|Micmacs of Inver,Morell,1903-1929
name_variants_clustered,band_c02911,Prince Edward Island,Micmacs of Halifax County|Micmacs of Queens County,Micmacs | Micmacs of King's County at | Micmacs of King's County at - Morell (reserve) | Micmacs of King's County at Morell (Reserve) | Micmacs of King's County at Morell (reserve) | Micmacs of King's County at: - | Micmacs of Kings County at: -,1881-1907
name_variants_clustered,band_c02913,Prince Edward Island,Micmacs of Inverness County at:|Micmacs of Queens County|P.E,Lennox Island (reserve) | Lennox Island (reserve) and vicinity | Lennox Island reserve,1903-1913
name_variants_clustered,band_c02914,Prince Edward Island,Micmacs of Inverness County at:|Micmacs of Queens County|Nor,Micmacs of P.E.I. | Micmacs of Prince County at: -,1903-1917
many_agencies,band_c02915,Prince Edward Island,Arctic Coast Line to Hershell Island|Franklin District (form,Prince Edward Island,1897-1929
single_year_band,band_c02918,Province (If,Sioux at Portage la Prairie,Sioux at Portage la Prairie,1902
single_year_band,band_c02919,Province (If,Treaty No. 1,Treaty No. 1,1902
single_year_band,band_c02920,Province (If,Treaty No. 4,",1 ,5",1902
single_year_band,band_c02921,Province (If,Treaty No. 2,2,1902
single_year_band,band_c02922,Province (If,Treaty No. 3,3,1902
single_year_band,band_c02923,Province Of,Babine and Upper Skeena River Agency,Babine and Upper Skeena River Agency.,1902
single_year_band,band_c02924,Province Of,Kamloops-Okanagan Agency,Kamloops-Okanagan Agency,1902
name_variants_clustered,band_c02925,Province Of,Northwest Coast Agency|West Coast Agency,Northwest Coast Agency | West Coast Agency,1902-1902
single_year_band,band_c02925,Province Of,Northwest Coast Agency|West Coast Agency,West Coast Agency,1902
single_year_band,band_c02926,Province Of,"Nomadic Indians, about","Nomadic Indians, about",1902
single_year_band,band_c02927,Province Of,Williams Lake Agency,Williams Lake Agency,1902
single_year_band,band_c02928,Province Of,Kootenay Agency,Kootenay Agency,1902
single_year_band,band_c02929,Province Of,Kwakiutl Agency,Kwakiutl Agency,1902
single_year_band,band_c02930,Province Of,Fraser River,Fraser River,1902
single_year_band,band_c02931,Province Of,Cowichan,Cowichan,1902
name_variants_clustered,band_c02932,Quebec,"Chippewas and Saulteaux of Treaty No. 3, at:|Indians of Labr","Indians of St. Maurice, County of Champlain | St. Maurice | Tete des Boules of St. Maurice Band on Waymontachinque and Coucouacke Reserves, County Champlain | Tetes de Boule Indians of St. Maurice, County of Cbaniplain | Tetes de Boule Indians of St. Maurice, County of Champlain | Tetes des Boules of St. Maurice Band at Okickendatch, County Champlain | Tête des Boules of St. Maurice Band at Okickendatch, County of Champlain | Tête des Boules of St. Maurice Band on Lake Manouan, County Champlain | Tête des Boules of St. Maurice Band on Waymontachinque and Coucouacke Reserves, County Champlain | Têtes de Boule Indians of St. Maurice, County of Champlain | Têtes de Boule of St Maurice, on Lake Manouan, County of Champlain | Têtes de Boule of St. Maurice Band at Okickendatch, County Champlain | Têtes de Boule of St. Maurice Band on Lake Manouan, County of Champlain | Têtes de Boule of St. Maurice Band on Waymontaching and Coucouache Reserves, County Champlain | Têtes de Boule of St. Maurice, at Okickendatch, County of Champlain | Têtes de Boule of St. Maurice, on Weymontaching and Coucouache reserves, County of Champlain | Têtes de Boule, Indians of St. Maurice, County of Champlain",1887-1913
many_agencies,band_c02932,Quebec,"Chippewas and Saulteaux of Treaty No. 3, at:|Indians of Labr",St. Maurice,1887-1913
name_variants_clustered,band_c02933,Quebec,Montagnais and Naskapees|Ottawa County,"Algonquins of Bigelow, Wells, Blake, McGill, County of Ottawa | Bigelow, Wells, Blake, McGill, County of Ottawa | Bigelow, Wells, Blake, Mcgill, County of Ottawa | County of Ottawa | Hartwell, County of Ottawa | Hull County of Ottawa | Hull, City County of Ottawa | Hull, City, County of Ottawa | Hull, County of Ottawa | Ottawa | Ottawa County",1886-1906
name_variants_clustered,band_c02934,Quebec,Chippewas and Saulteaux of Treaty No. 3|Chippewas and Saulte,"Algonquins of Lake of Two Mountains | Algonquins of Two Mountains | Alonquins of Two Mountains | Iroqois and Algonquins of the Lake of Two Mountains | Iroquois and Algonquins of Lake Two Mountains | Iroquois and Algonquins of Lake Two mountains | Iroquois and Algonquins of Lake of Two Mountains | Iroquois and Algonquins of the Lake of Two Mountains | Iroquois of Algonquins of Lake, Two Mountain | Iroquois of and Algonquins of the Lake of Two Mountains | Lake of Two Mountains",1881-1913
many_agencies,band_c02934,Quebec,Chippewas and Saulteaux of Treaty No. 3|Chippewas and Saulte,Iroquois and Algonquins of the Lake of Two Mountains,1881-1913
name_variants_clustered,band_c02935,Quebec,"Chippewas and Saulteaux of Treaty No. 3, at:|Indians of Labr","Territories of Three Rivers and St. Maurice Unorganized | Unorganized | Unorganized I | Unorganized Territories | Unorganized Territories of Three Rivers and St. Maurice | Unorganized Territories of Three rivers and St. Maurice | Unorganized territories | Unorganized, including N. Beaverhouse Lake, Larder Lake and Opasatika",1897-1924
many_agencies,band_c02935,Quebec,"Chippewas and Saulteaux of Treaty No. 3, at:|Indians of Labr",Unorganized Territories of Three Rivers and St. Maurice,1897-1924
name_variants_clustered,band_c02936,Quebec,Oka|Oka Agency,"Algonquin | Algonquins | Algonquins County of Quebec | Algonquins of - | Algonquins of Aumond, County of Ottawa | Algonquins of Hull (City), County of Ottawa | Algonquins of Hull, County of Ottawa | Algonquins of Unorganized Territory, County of Ottawa",1886-1924
name_variants_clustered,band_c02937,Quebec,"Chippewas and Saulteaux of Treaty No. 3, at:|Indians of Labr",Chicoutimi Unorganized territories | L^norganized Territories of Cbicoutinii and Saguenay | Territories of Chicoutimi and Saguenay Unorganized | Unorganized Territories of Chicoutimi and Saguenay | Unorganized territories Chicoutimi,1896-1909
many_agencies,band_c02937,Quebec,"Chippewas and Saulteaux of Treaty No. 3, at:|Indians of Labr",Unorganized Territories of Chicoutimi and Saguenay,1896-1909
name_variants_clustered,band_c02938,Quebec,,"Algonquins of Beauman Villeneuve, County of Ottawa | Algonquins of Gatineau (Village), County of Ottawa | Aumond, County of Ottawa",1886-1891
name_variants_clustered,band_c02939,Quebec,,"Algonquins of North Nation, County of Ottawa | Algonquins of River Rouge, North County of Ottawa | North Nation, County of Ottawa",1886-1891
name_variants_clustered,band_c02940,Quebec,"Chippewas and Saulteaux of Treaty No. 3, at:|Indians of Labr","Indians of Labrador Peninsula, viz., Montagnais and Naskapees at: - | Indians of Labrador Peninsula, viz.: - | Indians of Labrador Peninsula, viz: - | Indians of the Labrador Peninsula, viz. - | Indians of the Labrador Peninsula, viz.: - | Indians of the Labrador Peninsula, viz: -",1896-1909
name_variants_clustered,band_c02941,Quebec,"Chippewas and Saulteaux of Treaty No. 3, at:|Indians of Labr",Montagnais | Montagnais and Naskapees at - | Montagnais and Naskapees at Bersimis | Montagnais and Naskapees at Betsiamits (Bersimis) | Montagnais and Naskapees at: - | Montagnais of - | Montagnais of-,1887-1914
many_agencies,band_c02941,Quebec,"Chippewas and Saulteaux of Treaty No. 3, at:|Indians of Labr",Montagnais of -,1887-1914
name_variants_clustered,band_c02942,Quebec,A.O. Bastien|BABINE AND UPPER SKEENA RIVER Agency|Becancour ,Abenakis | Abenakis in County of Charlevoix | Abenakis in County of Charlevoix at St. Urbain | Abenakis in County of Quebec,1896-1914
many_agencies,band_c02942,Quebec,A.O. Bastien|BABINE AND UPPER SKEENA RIVER Agency|Becancour ,Abenakis,1896-1914
name_variants_clustered,band_c02943,Quebec,,"Algonquins of Mulgrave, Derry, County of Ottawa | Mulgrave, Derry, County of Ottawa | Mulgrave, Perry County of Ottawa",1886-1891
name_variants_clustered,band_c02944,Quebec,,"Algonquins of Egan, Maniwaki, County of Ottawa | Algonquins of Mégantic",1886-1886
single_year_band,band_c02944,Quebec,,"Algonquins of Egan, Maniwaki, County of Ottawa",1886
name_variants_clustered,band_c02945,Quebec,,"Algonquins of Ste. Angélique, County of Ottawa | Ste Angelique, County of Ottawa | Ste. Angelique, County of Ottawa | Ste. Angélique, County of Ottawa",1886-1891
name_variants_clustered,band_c02946,Quebec,,"Algonquins of Bagot | Algonquins of Hartwell, County of Ottawa",1886-1886
single_year_band,band_c02946,Quebec,,"Algonquins of Hartwell, County of Ottawa",1886
name_variants_clustered,band_c02947,Quebec,"Chippewas and Saulteaux of Treaty No. 3, at:","Ottawa County Unorganized | Unorganized Territory, County of Ottawa",1887-1905
name_variants_clustered,band_c02948,Quebec,Northern District|Timiskaming|Timiskaming Agency,"Abitibi (Timiskaming) | Abitibi (see also Timiskaming Ag'y., Ont.) | Timiskaming",1906-1929
name_variants_clustered,band_c02949,Quebec,,"Algonquins of Wright, County of Ottawa | Wright, County of Ottawa",1886-1891
name_variants_clustered,band_c02950,Quebec,,Algonquins of Côteau Landing (Village) | Algonquins of Danville (Village) | Algonquins of Laval,1886-1886
single_year_band,band_c02950,Quebec,,Algonquins of Danville (Village),1886
name_variants_clustered,band_c02951,Quebec,"Chippewas and Saulteaux of Treaty No. 3, at:|Indians of Labr","Pontiac, Unorganized | Pontiac, unorganized | Pontiac, unorganized County of | Pontiac, unorganized County of Ottawa",1892-1909
many_agencies,band_c02951,Quebec,"Chippewas and Saulteaux of Treaty No. 3, at:|Indians of Labr","Pontiac, unorganized",1892-1909
name_variants_clustered,band_c02952,Quebec,Upper St. Maurice District,"Beauman, Villeneuve, County of Ottawa | Manawan",1887-1929
name_variants_clustered,band_c02953,Quebec,"Chippewas and Saulteaux of Treaty No. 3, at:|Indians of Labr","Grand Romaine | Natashkwan, Romaine and St. Augustin | Natashkwan, Romaine and St. Augustine | Natashquan, Romaine and St. Augustine | Romaine",1887-1929
many_agencies,band_c02953,Quebec,"Chippewas and Saulteaux of Treaty No. 3, at:|Indians of Labr",Grand Romaine,1887-1929
name_variants_clustered,band_c02954,Quebec,Charlevoix County,"Algonquins of Point au Pic (Village) | Point au Pic | Point au Pic, Village",1886-1903
name_variants_clustered,band_c02955,Quebec,,Maskapees of the Lower St. Lawrence | Naskapees of the Lower St. Lawrence,1881-1895
name_variants_clustered,band_c02957,Quebec,"Chippewas and Saulteaux of Treaty No. 3, at:|Indians of Labr",Charlevoix County at Point Au Pic | Charlevoix County at Point au Pic | Charlevoix County at: -,1903-1909
name_variants_clustered,band_c02959,Quebec,"Caughnawaga Agency|Chippewas and Saulteaux of Treaty No. 3, ",Iroquois | Iroquois of | Iroquois of Lake of Two Mountains | Iroquois of Two Mountains,1903-1924
many_agencies,band_c02959,Quebec,"Caughnawaga Agency|Chippewas and Saulteaux of Treaty No. 3, ",Iroquois,1903-1924
name_variants_clustered,band_c02960,Quebec,Indians of Labrador Peninsula|Labelle and Wright Counties|No,Labelle and Wright | Labelle and Wright Counties | Labelle and Wright Counties (North) | Labelle and Wright Counties*,1907-1917
many_agencies,band_c02960,Quebec,Indians of Labrador Peninsula|Labelle and Wright Counties|No,Labelle and Wright Counties,1907-1917
name_variants_clustered,band_c02961,Quebec,Northern Districts,"Nomads, Northern Quebec (estimated) | Other Nomads, Northern",1911-1912
name_variants_clustered,band_c02962,Quebec,,"Champlain | Indians of St. Maurice, Country of Champlain",1887-1904
name_variants_clustered,band_c02963,Quebec,Arctic Coast Line to Hershell Island|Franklin District (form,Algonquins in County of Quebec | Algonquins of Quebec (City) | Algonquins of Quebec (County) | Quebec,1886-1917
many_agencies,band_c02963,Quebec,Arctic Coast Line to Hershell Island|Franklin District (form,Quebec,1886-1917
name_variants_clustered,band_c02964,Quebec,Northern Districts|Pontiac County|Quebec County,"Amalecites in County of Quebec | Quebec County | Quebec County at: - | Quebec County* | Quebec, City | Quebec, County",1887-1917
name_variants_clustered,band_c02966,Quebec,"Charlevoix County|Chippewas and Saulteaux of Treaty No. 3, a",Charlevoix County at St. Urbain | St Urbain | St. Urbain,1887-1909
name_variants_clustered,band_c02967,Quebec,,"St. Anne de Labrador, Chicoutimi | St. Anne du Labrador | St. Anne du Labrador, Chicoutimi | St.Anne de Labrador, Chicoutimi",1896-1901
single_year_band,band_c02968,Quebec,Pontiac County,Unorganized Northern Districts,1913
name_variants_clustered,band_c02969,Quebec,"Chippewas and Saulteaux of Treaty No. 3, at:",Algonquins Temiscamingue | Algonquins of Temiscaming | Algonquins of Temiscamingue | Algonquins of Temiscaminque | Algonquins of Terniscamingue | Algonquins of Témisgamingue | Temiscamingue | Témiscamingue,1881-1905
single_year_band,band_c02970,Quebec,Lake of Two Mountains Agency,Lake of Two Mountains Agency,1906
name_variants_clustered,band_c02971,Quebec,Hudson Bay (Eastern District)|Hudson's Bay (Eastern) Distric,Nemiskan and Stratton | Nemiskan and Stratton Island | Nemiskan and Strutton Island,1913-1917
many_agencies,band_c02971,Quebec,Hudson Bay (Eastern District)|Hudson's Bay (Eastern) Distric,Nemiskan and Strutton Island,1913-1917
name_variants_clustered,band_c02972,Quebec,"Chippewas and Saulteaux of Treaty No. 3, at:|Indians of Labr",Quebec County (North) | Quebec County Unorganized | Quebec County at Unorganized,1904-1912
many_agencies,band_c02972,Quebec,"Chippewas and Saulteaux of Treaty No. 3, at:|Indians of Labr",Quebec County Unorganized,1904-1912
name_variants_clustered,band_c02973,Quebec,,Algonquins of Montcalm | Algonquins of Montreal (City),1881-1886
name_variants_clustered,band_c02974,Quebec,,Algonquins of North Pontiac | Algonquins of Ripon | Algonquins of South Pontiac,1881-1886
name_variants_clustered,band_c02975,Quebec,,Algonquins of Hull | Algonquins of Victoriaville,1881-1886
name_variants_clustered,band_c02976,Quebec,Indians of Labrador Peninsula|Montagnais and Naskapees,Grand | Grand Romaine and Musquaro | Grand Ronaine and Musquaro | Grand Roniaine and Musquaro,1901-1906
name_variants_clustered,band_c02978,Quebec,Seven Islands|Seven Islands Agency,Montagnais of Seven Islands | Seven Islands,1881-1929
name_variants_clustered,band_c02979,Quebec,"Chippewas and Saulteaux of Treaty No. 3, at:|Indians of Labr",Quebec County at St. Ambrose | St. Ambroise | St. Ambrose,1902-1909
name_variants_clustered,band_c02980,Quebec,Algonquins of River Desert|Chippewas and Saulteaux of Treaty,AJgonquins of River Desert | Algonquins of Desert | Algonquins of River Desert | Algonquins of River Désert | Desert | Désert,1881-1909
many_agencies,band_c02980,Quebec,Algonquins of River Desert|Chippewas and Saulteaux of Treaty,Algonquins of River Desert,1881-1909
name_variants_clustered,band_c02982,Quebec,,Algonquins of Maskininongé | Algonquins of Maskinonge | Maskinonge | Maskinongé,1881-1891
name_variants_clustered,band_c02984,Quebec,,Algonquins of St. Angelique | Algonquins of Stanstead,1881-1886
name_variants_clustered,band_c02985,Quebec,,Algonquins of St. Sylvestre | St. Sylvestre,1886-1891
name_variants_clustered,band_c02986,Quebec,,Algonquins of Three Rivers | Three Rivers,1886-1891
name_variants_clustered,band_c02987,Quebec,"Chippewas and Saulteaux of Treaty No. 3, at:|Indians of Labr",Lake St. .J^>hn | Lake St. John | Montagnais of Lake St. John,1881-1909
many_agencies,band_c02987,Quebec,"Chippewas and Saulteaux of Treaty No. 3, at:|Indians of Labr",Lake St. John,1881-1909
name_variants_clustered,band_c02988,Quebec,Lake St. John Agency|Pointe Bleue|Pointe Bleue Agency,Montagnais of Moisie | Montagnais of Pointe Bleue,1881-1929
name_variants_clustered,band_c02989,Quebec,*Hudson Bay (Eastern District)|Hudson Bay (Eastern district),Neokwaskou Post (James Bay) | Neoskwaskou Post (James Bay),1924-1929
single_year_band,band_c02990,Quebec,,Abenakis County of Quebec,1896
name_variants_clustered,band_c02992,Quebec,,Algonquins of St. Timothée | St. Timothee | St. Timothée,1886-1891
name_variants_clustered,band_c02994,Quebec,,Amalecites of Temiscouata | Amalecites of Témiscouata | Amalecites of Témiscouta | Amalicites of Temiscouata | Amalicites of Tomiscouata | Amalicites of Témiscouata,1881-1891
name_variants_clustered,band_c02995,Quebec,Mingan Agency|Seven Islands and Moisie Agency,Mingan and Shalloop River | Shalloop River | Shallopp River,1909-1914
single_year_band,band_c02996,Quebec,Ungava,"North West River, Labrador",1924
name_variants_clustered,band_c02997,Quebec,Bécancour|Bécancour Agency|Chippewas and Saulteaux of Treaty,Abenakis Becancour | Abenakis of Becancour | Abenakis of Becanour | Abenakis of Bécancoeur | Abenakis of Bécancour | Abenakis of Bécanour | Abenakis of St. Becancour | Akenakis of Bécancour,1881-1929
many_agencies,band_c02997,Quebec,Bécancour|Bécancour Agency|Chippewas and Saulteaux of Treaty,Abenakis of Becancour,1881-1929
name_variants_clustered,band_c02998,Quebec,,Algonquins of Argenteuil | Argenteuil,1881-1891
name_variants_clustered,band_c02999,Quebec,,Algonquins of Kamouraska | Kamouraska,1886-1890
name_variants_clustered,band_c03000,Quebec,,Algonquins of St. Joachim | St. Joachim,1886-1891
name_variants_clustered,band_c03001,Quebec,,Algonquins of St. Maurice | Algonquins of St. Urbain,1882-1886
name_variants_clustered,band_c03003,Quebec,*Ungava|Northern Districts|Pontiac County|Ungava,Great Whale River (Ungava) | Whale River (Ungava Bay),1913-1929
many_agencies,band_c03003,Quebec,*Ungava|Northern Districts|Pontiac County|Ungava,Great Whale River (Ungava),1913-1929
name_variants_clustered,band_c03004,Quebec,Pontiac County|Timiskaming|Timiskaming Agency,Grand Lake | Kipawa and Grassy Lake | Kipiwa and Grassy Lake | Kipiwa and Grassy Lakes | Kippiwa and Grassy Lake | Kippiwa and Grassy Lakes,1910-1929
name_variants_clustered,band_c03005,Quebec,"Chippewas and Saulteaux of Treaty No. 3, at:|Indians of Labr",Moisie and Seven Islands | Seven Island and Moisie | Seven Islands and Moise | Seven Islands and Moisie,1901-1913
many_agencies,band_c03005,Quebec,"Chippewas and Saulteaux of Treaty No. 3, at:|Indians of Labr",Seven Islands and Moisie,1901-1913
name_variants_clustered,band_c03006,Quebec,Bersimis|Bersimis Agency,Montagnais of Bersimis | Montagnais of Betsiamits,1881-1929
name_variants_clustered,band_c03007,Quebec,Bersimis|Bersimis Agency|Chippewas and Saulteaux of Treaty N,Escoumains | Kescoumains | Kscoumains | Montagnais of Escoumains,1881-1929
many_agencies,band_c03007,Quebec,Bersimis|Bersimis Agency|Chippewas and Saulteaux of Treaty N,Escoumains,1881-1929
name_variants_clustered,band_c03008,Quebec,"Chippewas and Saulteaux of Treaty No. 3, at:|Indians of Labr",Lorette | Lorette . | Quebec County at Lorette | Quebec County at Lorette.,1902-1909
name_variants_clustered,band_c03009,Quebec,,Algonquins of Bouchette | Algonquins of Bouebette,1881-1882
single_year_band,band_c03010,Quebec,,Algonquins of Champlain,1886
name_variants_clustered,band_c03012,Quebec,,Algonquins of Iberville | Iberville,1881-1891
name_variants_clustered,band_c03013,Quebec,,Algonquins of Kakebonga | Algonquins of Kakebouga,1881-1882
name_variants_clustered,band_c03016,Quebec,,Algonquins of St. Médard | St. Medarda | St. Médard,1886-1891
name_variants_clustered,band_c03017,Quebec,Caughnawa Agency|Caughnawaga|Caughnawaga Agency|Chippewas an,Caughnawaga | Iroqois of Caughnawaga | Iroquois of Caughnawaga,1881-1929
many_agencies,band_c03017,Quebec,Caughnawa Agency|Caughnawaga|Caughnawaga Agency|Chippewas an,Iroquois of Caughnawaga,1881-1929
single_year_band,band_c03018,Quebec,Chippewas and Saulteaux of Treaty No. 3,"Indians of Labrivdur Peninsula, viz :",1902
name_variants_clustered,band_c03020,Quebec,*Hudson Bay (Eastern District)|Hudson Bay (Eastern District),Rupert's House | Ruperts House | Ruperts House (James Bay),1910-1929
many_agencies,band_c03020,Quebec,*Hudson Bay (Eastern District)|Hudson Bay (Eastern District),Ruperts House,1910-1929
name_variants_clustered,band_c03021,Quebec,Abenakis of St. Francis|Chippewas and Saulteaux of Treaty No,Abenakis of St. Francis | Abenakis of St.Francis | Akenakis of St. Francis | St. Francis,1881-1929
many_agencies,band_c03021,Quebec,Abenakis of St. Francis|Chippewas and Saulteaux of Treaty No,Abenakis of St. Francis,1881-1929
name_variants_clustered,band_c03022,Quebec,,Algonquins of Berthier | Berthier,1881-1891
name_variants_clustered,band_c03023,Quebec,,Algonquins of Joliette | Joliette,1881-1891
name_variants_clustered,band_c03025,Quebec,,Algonquins of Portneuf | Portneuf,1881-1891
name_variants_clustered,band_c03026,Quebec,,Algonquins of Rimouski | Rimouski,1886-1891
name_variants_clustered,band_c03027,Quebec,,Algonquins of Shefford | Shefford,1886-1891
single_year_band,band_c03030,Quebec,Upper St. Maurice District,Kikendatch (Timiskaming),1917
name_variants_clustered,band_c03031,Quebec,Maria Agency|Restigouche|Restigouche Agency,Micmacs | Micmacs of Gaspe | Micmacs of Gaspé | Micmacs of Gaspé Basin,1881-1915
name_variants_clustered,band_c03032,Quebec,Chippewas and Saulteaux of Treaty No. 3|Chippewas and Saulte,""" Restigouche | Micmacs of Restigouche | Micmacs of Ristigouche | Micmacs of, Restigouche | Restigouche",1881-1929
many_agencies,band_c03032,Quebec,Chippewas and Saulteaux of Treaty No. 3|Chippewas and Saulte,Micmacs of Restigouche,1881-1929
name_variants_clustered,band_c03033,Quebec,,Algonquins of Compton | Compton,1881-1891
name_variants_clustered,band_c03034,Quebec,,Algonquins of L'Islet | L'Islet,1886-1891
single_year_band,band_c03035,Quebec,,Algonquins of Maurice,1881
name_variants_clustered,band_c03036,Quebec,*Ungava|Northern Districts|Pontiac County|Ungava,Fort Chimo | Fort Chimo (Ungava Bay) | Fort Chimo (Ungava),1913-1929
many_agencies,band_c03036,Quebec,*Ungava|Northern Districts|Pontiac County|Ungava,Fort Chimo (Ungava),1913-1929
name_variants_clustered,band_c03037,Quebec,*Hudson Bay (Eastern District)|Hudson Bay (Eastern district),Fort George | Fort George (James Bay),1914-1929
many_agencies,band_c03037,Quebec,*Hudson Bay (Eastern District)|Hudson Bay (Eastern district),Fort George,1914-1929
single_year_band,band_c03038,Quebec,Upper St. Maurice District,Kikendatch (Obidjuan)1,1915
name_variants_clustered,band_c03039,Quebec,"Chippewas and Saulteaux of Treaty No. 3, at:|Godbout|Indians",(iodbout | Godbout | Montagnais of Godbout,1881-1917
many_agencies,band_c03039,Quebec,"Chippewas and Saulteaux of Treaty No. 3, at:|Godbout|Indians",Godbout,1881-1917
name_variants_clustered,band_c03040,Quebec,,Algonquins of Beauce | Beauce,1886-1891
single_year_band,band_c03043,Quebec,Upper St. Maurice District,Barrage de la Loutre,1924
name_variants_clustered,band_c03044,Quebec,Chippewas and Saulteaux of Treaty No. 3|Chippewas and Saulte,""" St. Regis . | Iroqois St. Régis | Iroquois St. Regis | Iroquois St. Régis | Iroquois of St Regis | Iroquois of St. Regis | Iroquois of St. Regis. | Iroquois of St. Régis | St. Regis",1881-1929
many_agencies,band_c03044,Quebec,Chippewas and Saulteaux of Treaty No. 3|Chippewas and Saulte,Iroquois of St. Regis,1881-1929
name_variants_clustered,band_c03045,Quebec,Jeune Lorette Agency,Jeune Lorette | Jeune Lorette Agency,1906-1906
single_year_band,band_c03045,Quebec,Jeune Lorette Agency,Jeune Lorette Agency,1906
name_variants_clustered,band_c03046,Quebec,"Chippewas and Saulteaux of Treaty No. 3, at:|Indians of Labr",Mingan | Montagnais of Mingan,1881-1924
many_agencies,band_c03046,Quebec,"Chippewas and Saulteaux of Treaty No. 3, at:|Indians of Labr",Mingan,1881-1924
name_variants_clustered,band_c03047,Quebec,Amalecites of Viger|Cacouna|Cacouna Agency|Chippewas and Sau,Amalecites of Viger | Amalicites of Viger | Amalécites of Viger,1881-1929
many_agencies,band_c03047,Quebec,Amalecites of Viger|Cacouna|Cacouna Agency|Chippewas and Sau,Amalecites of Viger,1881-1929
name_variants_clustered,band_c03048,Quebec,,Bersimis (Betsiamits) | Betsiamits,1887-1901
name_variants_clustered,band_c03049,Quebec,Caughnawaga Agency|Chaughnawaga Agency,Caughnawaga Agency | Chaughnawaga Agency,1906-1906
single_year_band,band_c03049,Quebec,Caughnawaga Agency|Chaughnawaga Agency,Caughnawaga Agency,1906
name_variants_clustered,band_c03050,Quebec,*Hudson Bay (Eastern District)|Hudson Bay (Eastern District),East Main | East Main (James Bay),1911-1929
many_agencies,band_c03050,Quebec,*Hudson Bay (Eastern District)|Hudson Bay (Eastern District),East Main,1911-1929
name_variants_clustered,band_c03051,Quebec,Pontiac County,Grand Lac Victoria | Grand Lake Victoria | Grand lac Victoria | Victoria,1910-1917
name_variants_clustered,band_c03052,Quebec,Upper St. Maurice District,Kikendatch (Obidjuan) | Obidjuan,1916-1929
single_year_band,band_c03053,Quebec,Lake St. John Agency,Lake St. John Agency,1906
single_year_band,band_c03054,Quebec,,Quebec Inspectorate,1912
name_variants_clustered,band_c03055,Quebec,Manawaki Agency|Maniwaki|Maniwaki Agency|River Desert Agency,River Desert | River Desert Agency | River Desert Band,1896-1929
many_agencies,band_c03055,Quebec,Manawaki Agency|Maniwaki|Maniwaki Agency|River Desert Agency,River Desert,1896-1929
single_year_band,band_c03057,Quebec,Restigouche Agency,Restigouche Agency,1906
name_variants_clustered,band_c03058,Quebec,Maniwaki Agency|Maria Agency,Maria | River Desert Maria,1906-1915
single_year_band,band_c03059,Quebec,Timiskaming Agency,Timiskaming Agency,1906
name_variants_clustered,band_c03060,Quebec,,"Dainville, Village | Danville, Village",1887-1891
name_variants_clustered,band_c03062,Quebec,Chippewas and Saulteaux of Treaty No. 3|Chippewas and Saulte,Hurons | Hurons of Lorette,1881-1929
many_agencies,band_c03062,Quebec,Chippewas and Saulteaux of Treaty No. 3|Chippewas and Saulte,Hurons of Lorette,1881-1929
single_year_band,band_c03063,Quebec,Upper St. Maurice District,Manouwan Crossing,1924
single_year_band,band_c03065,Quebec,St. Francis Agency,St. Francis Agency,1906
single_year_band,band_c03066,Quebec,Northern District,Abitibi District,1924
name_variants_clustered,band_c03067,Quebec,Abenakis of St. Francis|Becancour Agency|Chippewas and Sault,Becancour | Becancour Agency | M Becancour,1902-1906
many_agencies,band_c03068,Quebec,Chippewas and Saulteaux of Treaty No. 3|Chippewas and Saulte,Micmacs of Maria,1881-1929
single_year_band,band_c03070,Quebec,Timiskaming,"Abitibi, Ontario",1924
name_variants_clustered,band_c03071,Quebec,"Bersimis Agency|Chippewas and Saulteaux of Treaty No. 3, at:",Bersimis | Bersimis Agency,1902-1914
many_agencies,band_c03071,Quebec,"Bersimis Agency|Chippewas and Saulteaux of Treaty No. 3, at:",Bersimis,1902-1914
many_agencies,band_c03072,Quebec,*Northern District|Mistassini County|Northern District|North,Mistassini Lake,1910-1929
single_year_band,band_c03073,Quebec,St. Regis Agency,St. Regis Agency,1906
name_variants_clustered,band_c03077,Quebec,*Northern District|Abitibi County|Northern District|Northern,Waswanipi | Waswanipi Lake,1910-1929
many_agencies,band_c03077,Quebec,*Northern District|Abitibi County|Northern District|Northern,Waswanipi Lake,1910-1929
single_year_band,band_c03078,Quebec,Upper St. Maurice District,Wumoutachingoo,1924
name_variants_clustered,band_c03079,Quebec,Pontiac County|Timiskaming|Timiskaming Agency,Hunter's Point | Hunters Point,1913-1929
name_variants_clustered,band_c03080,Quebec,Pontiac County|Timiskaming|Timiskaming Agency,Lac Barrier | Lac Barriere | Lac Barrière | Lace Barrière,1910-1929
single_year_band,band_c03082,Quebec,Mingan Agency,Mingan Agency,1906
name_variants_clustered,band_c03086,Quebec,"Chippewas and Saulteaux of Treaty No. 3, at:|Indians of Labr",St. Augustin | St. Augustine | Ste. Augustine,1881-1929
many_agencies,band_c03086,Quebec,"Chippewas and Saulteaux of Treaty No. 3, at:|Indians of Labr",St. Augustine,1881-1929
name_variants_clustered,band_c03090,Quebec,Champlain and St. Maurice Counties|Northern District|Norther,Manouan Lake | Manuan Lake,1910-1917
many_agencies,band_c03090,Quebec,Champlain and St. Maurice Counties|Northern District|Norther,Manouan Lake,1910-1917
single_year_band,band_c03091,Quebec,Maria Agency,Maria Agency,1906
single_year_band,band_c03093,Quebec,Quebec County,St.Anibroise,1902
single_year_band,band_c03094,Quebec,Viger Agency,Viger Agency,1906
single_year_band,band_c03095,Quebec,Champlain Agency,Wemoutashing,1913
name_variants_clustered,band_c03096,Quebec,Champlain County|Upper St. Maurice District,Weymontachi | Weymontachi1 | Weymontacke,1914-1929
name_variants_clustered,band_c03097,Quebec,Champlain Agency|Champlain County,Coucoucache | Koukoucache,1913-1914
single_year_band,band_c03099,Quebec,Algonquins of River Desert|Chippewas and Saulteaux of Treaty,Temisciming,1902
single_year_band,band_c03100,Quebec,,Kamarouska,1887
single_year_band,band_c03101,Quebec,,Kamourarka,1891
single_year_band,band_c03104,Quebec,,Maskinougé,1888
name_variants_clustered,band_c03106,Quebec,"Chippewas and Saulteaux of Treaty No. 3, at:|Indians of Labr",Natashquan | Natasquan,1881-1909
many_agencies,band_c03106,Quebec,"Chippewas and Saulteaux of Treaty No. 3, at:|Indians of Labr",Natashquan,1881-1909
name_variants_clustered,band_c03113,Quebec,Northern Districts|Ungava,Nichikum | Nichikun,1914-1917
single_year_band,band_c03114,Quebec,Oka Agency,Gibson,1929
single_year_band,band_c03115,Quebec,Timiskaming Agency,Kipawa,1929
single_year_band,band_c03118,Quebec,Northern District,Other,1912
single_year_band,band_c03119,Quebec,Oka Agency,Oka,1929
single_year_band,band_c03120,Quebec,Chippewas and Saulteaux of Treaty No. 3,.1,1902
single_year_band,band_c03121,Rivière Aux Liards,Nelson and Churchill Rivers District,Rivière Aux Liards District,1899
single_year_band,band_c03122,Rivière Aux Liards,,Fort Nelson,1901
single_year_band,band_c03123,Rivière Aux Liards,,Fort Liard,1901
single_year_band,band_c03124,Rupert's Land,,Little Whale River,1881
single_year_band,band_c03125,Rupert's Land,,Long Portage Post,1881
single_year_band,band_c03126,Rupert's Land,,Mattamgimingue,1881
single_year_band,band_c03127,Rupert's Land,,Moose Factory,1881
single_year_band,band_c03128,Rupert's Land,,New Brunswick,1881
single_year_band,band_c03129,Rupert's Land,,Martin's Falls,1881
single_year_band,band_c03130,Rupert's Land,,Rupert's House,1881
single_year_band,band_c03131,Rupert's Land,,Flying Post,1881
single_year_band,band_c03132,Rupert's Land,,Fort George,1881
single_year_band,band_c03133,Rupert's Land,,Mettachewan,1881
single_year_band,band_c03134,Rupert's Land,,Nitchequon,1881
single_year_band,band_c03135,Rupert's Land,,Waswanapee,1881
single_year_band,band_c03136,Rupert's Land,,Long Lake,1881
single_year_band,band_c03137,Rupert's Land,,Mistasine,1881
single_year_band,band_c03138,Rupert's Land,,Osnaburgh,1881
single_year_band,band_c03139,Rupert's Land,,Abittibi,1881
single_year_band,band_c03140,Rupert's Land,,Albany,1881
single_year_band,band_c03141,Saskatchewan Inspectorates,Crooked Lakes Agency,Sakimay and Little Bones,1924
single_year_band,band_c03142,Saskatchewan Inspectorates,Carlton Agency,Sandy Lake (Ahtahkakoops),1924
single_year_band,band_c03143,Saskatchewan Inspectorates,Carlton Agency,Big River (Kenemotoyoos),1924
single_year_band,band_c03144,Saskatchewan Inspectorates,Carlton Agency,Muskeg Lake (Petaquakey),1924
single_year_band,band_c03145,Saskatchewan Inspectorates,Battleford Agency,Saulteaux (Non-Treaty),1924
single_year_band,band_c03146,Saskatchewan Inspectorates,Assiniboine Agency,Carry-the-kettle,1924
single_year_band,band_c03147,Saskatchewan Inspectorates,Battleford Agency,Water Hen Lake,1924
single_year_band,band_c03148,Saskatchewan Inspectorates,Crooked Lakes Agency,Kahkewistahaw,1924
single_year_band,band_c03149,Saskatchewan Inspectorates,Carlton Agency,Montreal Lake,1924
single_year_band,band_c03150,Saskatchewan Inspectorates,Carlton Agency,Sturgeon Lake,1924
single_year_band,band_c03151,Saskatchewan Inspectorates,Carlton Agency,Pelican Lake,1924
single_year_band,band_c03152,Saskatchewan Inspectorates,Battleford Agency,Red Pheasant,1924
single_year_band,band_c03153,Saskatchewan Inspectorates,Battleford Agency,Thunderchild,1924
single_year_band,band_c03154,Saskatchewan Inspectorates,Battleford Agency,Little Pine,1924
single_year_band,band_c03155,Saskatchewan Inspectorates,Battleford Agency,Meadow Lake,1924
single_year_band,band_c03156,Saskatchewan Inspectorates,Battleford Agency,Sweet Grass,1924
single_year_band,band_c03157,Saskatchewan Inspectorates,Carlton Agency,Mistawasis,1924
single_year_band,band_c03158,Saskatchewan Inspectorates,Crooked Lakes Agency,Ochapowace,1924
single_year_band,band_c03159,Saskatchewan Inspectorates,Battleford Agency,Poundmaker,1924
single_year_band,band_c03160,Saskatchewan Inspectorates,Crooked Lakes Agency,Cowessess,1924
single_year_band,band_c03161,Saskatchewan Inspectorates,Battleford Agency,Moosomin,1924
single_year_band,band_c03162,Saskatchewan Inspectorates,Carlton Agency,Wahpaton,1924
single_year_band,band_c03163,Saskatchewan Inspectorates,Battleford Agency,Stony,1924
single_year_band,band_c03164,TREATY No. 11,Fort Simpson Agency,Arctic Red River (Loucheux No. 6),1924
single_year_band,band_c03165,TREATY No. 11,Fort Simpson Agency,Fort Good Hope (Hare Skins No. 5),1924
single_year_band,band_c03166,TREATY No. 11,Fort Simpson Agency,Fort MacPherson (Loucheux No. 5),1924
single_year_band,band_c03167,TREATY No. 11,Fort Simpson Agency,Fort Norman (Hate Skins No. 4),1924
single_year_band,band_c03168,TREATY No. 11,Fort Simpson Agency,Fort Nelson (Sicannines)1,1924
single_year_band,band_c03169,TREATY No. 11,Fort Simpson Agency,Fort Simpson (Slaves No. 2),1924
single_year_band,band_c03170,TREATY No. 11,Fort Simpson Agency,Fort Wrigley (Slaves No. 3),1924
single_year_band,band_c03171,TREATY No. 11,Fort Simpson Agency,Fort Liard (Slaves No. 8),1924
single_year_band,band_c03172,TREATY No. 11,Fort Simpson Agency,Fort Nelson (Slaves)1,1924
single_year_band,band_c03173,TREATY No. 11,Fort Simpson Agency,Nomads2,1924
name_variants_clustered,band_c03174,TREATY No. 8,Northern District,Fort McMurray | Stragglers - Athabasca Landing and Fort McMurray,1913-1913
single_year_band,band_c03174,TREATY No. 8,Northern District,Fort McMurray,1913
single_year_band,band_c03175,TREATY No. 8,Lesser Slave Lake Agency,Kinnosayo's (Lesser Slave Lake),1913
single_year_band,band_c03176,TREATY No. 8,Lesser Slave Lake Agency,Peace River Crossing,1913
single_year_band,band_c03177,TREATY No. 8,Lesser Slave Lake Agency,Little Red River,1913
single_year_band,band_c03178,TREATY No. 8,Northern District,Fort Resolution,1913
single_year_band,band_c03179,TREATY No. 8,Northern District,Fort Chipewyan,1913
single_year_band,band_c03180,TREATY No. 8,Lesser Slave Lake Agency,Fort Vermilion,1913
single_year_band,band_c03181,TREATY No. 8,Lesser Slave Lake Agency,Whitefish Lake,1913
single_year_band,band_c03182,TREATY No. 8,Lesser Slave Lake Agency,Sturgeon Lake,1913
single_year_band,band_c03183,TREATY No. 8,Lesser Slave Lake Agency,Fort St. John,1913
single_year_band,band_c03184,TREATY No. 8,Isle a la Crosse District,Lac la Hache,1924
single_year_band,band_c03185,TREATY No. 8,Northern District,Fond du Lac,1913
single_year_band,band_c03186,TREATY No. 8,Northern District,Fort Nelson,1913
single_year_band,band_c03187,TREATY No. 8,Northern District,Fort Smith,1913
single_year_band,band_c03188,TREATY No. 8,Northern District,Hay River,1913
single_year_band,band_c03189,TREATY No. 8,Lesser Slave Lake Agency,Dunvegan,1913
single_year_band,band_c03190,TREATY No. 8,Lesser Slave Lake Agency,Wabiskaw,1913
name_variants_clustered,band_c03191,TREATY No. 9,Chapleau Agency|James Bay District,Moose Factory | Moose Factory Crees at Missinaibi,1913-1924
single_year_band,band_c03192,TREATY No. 9,Chapleau Agency,Moose Factory Crees at Chapleau,1913
single_year_band,band_c03193,TREATY No. 9,Chapleau Agency,Ojibbewas at Chapleau,1913
single_year_band,band_c03194,TREATY No. 9,Chapleau Agency,New Brunswick House,1913
single_year_band,band_c03195,TREATY No. 9,Isle à la Crosse Agency,Peter Ballendines,1913
single_year_band,band_c03196,TREATY No. 9,Isle à la Crosse Agency,Matthias Colomb,1913
single_year_band,band_c03198,TREATY No. 9,Isle à la Crosse Agency,James Roberts,1913
single_year_band,band_c03199,TREATY No. 9,Isle à la Crosse Agency,Port McMurray,1913
single_year_band,band_c03200,TREATY No. 9,Isle à la Crosse Agency,Amos Charles,1913
single_year_band,band_c03201,TREATY No. 9,Isle à la Crosse Agency,Barren Lands,1913
single_year_band,band_c03202,TREATY No. 9,Isle à la Crosse Agency,Lac la Hache,1913
single_year_band,band_c03204,TREATY No. 9,Chapleau Agency,Flying Post,1913
single_year_band,band_c03206,TREATY No. 9,Sturgeon Falls Agency,Matatchewan,1913
single_year_band,band_c03207,TREATY No. 9,Isle à la Crosse Agency,Canoe Lake,1913
single_year_band,band_c03208,TREATY No. 9,Isle à la Crosse Agency,Clear Lake,1913
single_year_band,band_c03210,TREATY No. 9,Port Arthur Agency,Long Lake,1913
single_year_band,band_c03211,TREATY No. 9,Chapleau Agency,Mattagami,1913
single_year_band,band_c03214,TREATY No. 9,Timiskaming Agency,Abitibi,1913
single_year_band,band_c03215,Treaty No. 10,,Treaty No. 10 Inspectorate,1912
single_year_band,band_c03216,Treaty No. 10,Port Arthur Agency,English River,1912
single_year_band,band_c03217,Treaty No. 10,Port Arthur Agency,Barren Lands,1912
single_year_band,band_c03218,Treaty No. 10,Port Arthur Agency,Lac la Hache,1912
single_year_band,band_c03219,Treaty No. 10,Port Arthur Agency,Canoe Lake,1912
single_year_band,band_c03220,Treaty No. 10,Port Arthur Agency,Clear Lake,1912
name_variants_clustered,band_c03221,Treaty No. 8,Athabasca Landing|Fort Smith Agency|Northern District|Northe,"McMurray, Stragglers | Stragglers - Athabaska Landing and Fort McMurray | Stragglers, Fort McMurray",1914-1924
many_agencies,band_c03221,Treaty No. 8,Athabasca Landing|Fort Smith Agency|Northern District|Northe,"McMurray, Stragglers",1914-1924
name_variants_clustered,band_c03222,Treaty No. 8,LESSER SLAVE LAKE Agency|Lesser Slave Lake Agency|Peace Rive,Dunvegan | Dunvegan and | Dunvegan and Grand Prairie | Dunvegan and Grande Prairie (Beavers),1914-1924
name_variants_clustered,band_c03223,Treaty No. 8,Grouard District|LESSER SLAVE LAKE Agency|Lesser Slave Lake ,"Wabasca | Wabasca Lake, Bigstone's Band (Crees)",1915-1924
name_variants_clustered,band_c03224,Treaty No. 8,LESSER SLAVE LAKE Agency|Lesser Slave Lake Agency|Peace Rive,"Vermilion (Ambrose's) | Vermillion, Ambrose's Band (Beavers)",1915-1924
name_variants_clustered,band_c03225,Treaty No. 8,Northern District|Northern Division,Chipewyan of Fond du Lac (Sask.) | Fond du Lac,1914-1916
name_variants_clustered,band_c03226,Treaty No. 8,Fort Resolution Agency|Fort Smith Agency|Northern District,"Chipewyans | Chipewyans, Fort Chipewyan | Cree, Fort Chipewyan | Cree-Chipewyans, Fort McMurray | Fort Chipewyan",1914-1924
name_variants_clustered,band_c03227,Treaty No. 8,Athabasca Landing|Northern Division,"Crees of Chipewyan | McMurray, Crees and Chipewyans",1916-1917
single_year_band,band_c03228,Treaty No. 8,Fort Resolution Agency,"Dog Ribs, Yellow Knife River",1924
name_variants_clustered,band_c03229,Treaty No. 8,Fort Nelson District|Lesser Slave Lake Agency|Northern Divis,Kinnosayo's (Lesser Slave Lake) | Slaves,1914-1917
name_variants_clustered,band_c03230,Treaty No. 8,LESSER SLAVE LAKE Agency|Lesser Slave Lake Agency|Peace Rive,Peace River Crossing | Peace River Crossing (Crees) | Peace River Crossing (Duncan's),1914-1924
name_variants_clustered,band_c03232,Treaty No. 8,Northern Division,Chipewyans of Chipewyan | Chipewyans of Resolution,1916-1916
single_year_band,band_c03232,Treaty No. 8,Northern Division,Chipewyans of Resolution,1916
single_year_band,band_c03234,Treaty No. 8,Northern Division,Dog Ribs of Resolution,1916
name_variants_clustered,band_c03235,Treaty No. 8,Fort Resolution Agency|Lesser Slave Lake Agency|Northern Dis,"Hay River | Hay River (Upper) Slaves | Slaves, Hay River",1914-1924
name_variants_clustered,band_c03236,Treaty No. 8,LESSER SLAVE LAKE Agency|Lesser Slave Lake Agency|Peace Rive,Moberley Lake | Moberley Lake (Salteaux),1915-1924
single_year_band,band_c03237,Treaty No. 8,Fort Resolution Agency,"Slaves, No. 1, Providence",1924
name_variants_clustered,band_c03238,Treaty No. 8,Fort Smith Agency|Great Slave Lake District|Northern Divisio,"Chipewyans of Smith | Chipewyans, Fort Smith",1916-1924
single_year_band,band_c03239,Treaty No. 8,Fort Resolution Agency,"Dog Ribs, Barren Land",1924
single_year_band,band_c03240,Treaty No. 8,Fort Resolution Agency,"Dog Ribs, Marten Lake",1924
name_variants_clustered,band_c03241,Treaty No. 8,LESSER SLAVE LAKE Agency|Lesser Slave Lake Agency,Whitefish Lake | Whitefish Lake (Crees),1914-1924
single_year_band,band_c03242,Treaty No. 8,Fort Resolution Agency,"Dog Ribs, Slave Lake",1924
single_year_band,band_c03243,Treaty No. 8,Fort Smith Agency,"Maurice, Fond du Lac",1924
single_year_band,band_c03244,Treaty No. 8,Northern Division,Slaves of Hay River,1916
name_variants_clustered,band_c03245,Treaty No. 8,Grouard District|LESSER SLAVE LAKE Agency|Lesser Slave Lake ,Sturgeon Lake | Sturgeon Lake (Crees),1914-1924
name_variants_clustered,band_c03246,Treaty No. 8,LESSER SLAVE LAKE Agency|Lesser Slave Lake Agency|Peace Rive,"Vermilion (Tall Cree's) | Vermilion, (Tall Cree's) | Vermillon, Tall Cree Band",1915-1924
single_year_band,band_c03247,Treaty No. 8,Fort Resolution Agency,"Dog Ribs, Bear Lake",1924
name_variants_clustered,band_c03248,Treaty No. 8,LESSER SLAVE LAKE Agency|Lesser Slave Lake Agency|Peace Rive,Hudson's Hope | Hudson's Hope (Beaver) | Hudsons Hope,1915-1924
single_year_band,band_c03249,Treaty No. 8,Northern Division,Athabasca Landing,1916
single_year_band,band_c03250,Treaty No. 8,Fort Resolution Agency,"Dog Ribs, No. 8 Rae",1924
name_variants_clustered,band_c03251,Treaty No. 8,LESSER SLAVE LAKE Agency|Lesser Slave Lake Agency|Peace Rive,Little Red River | Red River,1914-1924
single_year_band,band_c03253,Treaty No. 8,Northern District,Fort Resolution,1914
single_year_band,band_c03255,Treaty No. 8,Lesser Slave Lake Agency,Red River (Crees),1915
name_variants_clustered,band_c03256,Treaty No. 8,LESSER SLAVE LAKE Agency|Lesser Slave Lake Agency|Peace Rive,St. John (Beavers) | St. Johns | St.Johns,1915-1924
single_year_band,band_c03257,Treaty No. 8,Grouard District,Whitefish River,1917
single_year_band,band_c03258,Treaty No. 8,Lesser Slave Lake Agency,Fort Vermilion,1914
single_year_band,band_c03259,Treaty No. 8,Northern District,Fort McMurray,1914
single_year_band,band_c03260,Treaty No. 8,Lesser Slave Lake Agency,Fort St. John,1914
single_year_band,band_c03262,Treaty No. 8,Northern District,Fort Nelson,1914
single_year_band,band_c03263,Treaty No. 8,LESSER SLAVE LAKE Agency,Sucker Lake,1916
single_year_band,band_c03264,Treaty No. 8,Northern District,Fort Smith,1914
single_year_band,band_c03268,Treaty No. 8,Lesser Slave Lake Agency,Wabiskaw,1914
name_variants_clustered,band_c03270,Treaty No. 9,Chapleau Agency|James Bay District|James Bay District.,Moose Factory | Moose Factory Crees at Missinaibi,1914-1917
single_year_band,band_c03271,Treaty No. 9,Chapleau Agency,Moose Factory Crees at Chapleau,1914
single_year_band,band_c03273,Treaty No. 9,Sturgeon Falls Agency3,Sturgeon Falls Agency3,1915
single_year_band,band_c03274,Treaty No. 9,Chapleau Agency,Ojibbewas at Chapleau,1914
single_year_band,band_c03275,Treaty No. 9,Chapleau Agency,New Brunswick House,1914
single_year_band,band_c03276,Treaty No. 9,Port Arthur Agency2,Port Arthur Agency2,1915
single_year_band,band_c03277,Treaty No. 9,Timiskaming Agency4,Timiskaming Agency4,1915
single_year_band,band_c03278,Treaty No. 9,Chapleau Agency1,Chapleau Agency1,1915
single_year_band,band_c03281,Treaty No. 9,Chapleau Agency,Flying Post,1914
single_year_band,band_c03286,Treaty No. 9,Chapleau Agency,Mattagami,1914
name_variants_clustered,band_c03290,Ungava,,Arctic Coast Line to Herschel Island | Herschel Island,1912-1912
single_year_band,band_c03290,Ungava,,Arctic Coast Line to Herschel Island,1912
name_variants_clustered,band_c03291,Ungava,,North Shore of Hudson Strait | Northeastern Shore of Hudson Bay,1912-1912
single_year_band,band_c03291,Ungava,,North Shore of Hudson Strait,1912
single_year_band,band_c03292,Ungava,,South Shore of Hudson Strait,1912
single_year_band,band_c03293,Ungava,,Western Shore of Hudson Bay,1912
single_year_band,band_c03294,Ungava,,Cumberland Sound,1912
single_year_band,band_c03295,Ungava,,Davis Strait,1912
name_variants_clustered,band_c03297,Ungava (Quebec),,From Great Whale River (East Coast Hudson's Bay) to Fort Burwell (Hudson's Strait) | From Great Whale River (East Coast Hudson's Bay) to Port Burwell (Hudson's Strait),1925-1926
single_year_band,band_c03299,Ungava (Quebec),,Eskimos,1925
single_year_band,band_c03300,Upper Mackenzie,Nelson and Churchill Rivers District,Upper Mackenzie District,1899
name_variants_clustered,band_c03301,Yukon,Arctic Red River|Inspectorate|Mackenzie River District|Takud,"Arctic Coast Line to Herschel Island | Arctic Coast Line to Hershell | Arctic Coast Line, Herschel Island | Arctic Coast line to Herschel Island | Arctic Coast line to Herschel Island.",1911-1915
many_agencies,band_c03301,Yukon,Arctic Red River|Inspectorate|Mackenzie River District|Takud,Arctic Coast Line to Herschel Island,1911-1915
name_variants_clustered,band_c03302,Yukon,Arctic Red River|Inspectorate|Takudh,Cumberland Sound | Cumberland Sound and Davis Strait,1911-1914
name_variants_clustered,band_c03303,Yukon,Inspectorate,North Shore of Hudson Strait | North shore of Hudson Strait | Northeastern Shore of Hudson Bay | Northeastern shore of Hudson Bay,1911-1912
single_year_band,band_c03305,Yukon,Northern District.,Tatlumon Lake or Lower Pelly,1910
single_year_band,band_c03306,Yukon,Southern District.,Champagne's Landing - Hootchi,1910
name_variants_clustered,band_c03308,Yukon,Arctic Red River|Isle à la Crosse Agency|Mackenzie River Dis,Carmacks | Carmacks and Little Salmon,1913-1917
many_agencies,band_c03308,Yukon,Arctic Red River|Isle à la Crosse Agency|Mackenzie River Dis,Carmacks and Little Salmon,1913-1917
name_variants_clustered,band_c03309,Yukon,Arctic Red River|Isle à la Crosse Agency|Mackenzie River Dis,Carcross | Carcross - Mission School,1910-1917
many_agencies,band_c03309,Yukon,Arctic Red River|Isle à la Crosse Agency|Mackenzie River Dis,Carcross,1910-1917
single_year_band,band_c03310,Yukon,Arctic Red River|Isle à la Crosse Agency,"Wood Camps, Stewart River",1913
name_variants_clustered,band_c03311,Yukon,Arctic Red River|Isle à la Crosse Agency|Northern District.,Duncan or Lansing Creek | Lansing Creek,1910-1913
name_variants_clustered,band_c03312,Yukon,Arctic Red River|Isle à la Crosse Agency|Mackenzie River Dis,Selkirk | Selkirk or Pelly Creek,1901-1917
many_agencies,band_c03312,Yukon,Arctic Red River|Isle à la Crosse Agency|Mackenzie River Dis,Selkirk,1901-1917
name_variants_clustered,band_c03314,Yukon,Arctic Red River|Takudh,Killonek (Port Burwell) | Kitlonek (Port Burwell),1913-1914
name_variants_clustered,band_c03317,Yukon,Arctic Red River|Isle à la Crosse Agency|Mackenzie River Dis,Whitehorse | Whitehorse - Hootchi,1910-1917
many_agencies,band_c03317,Yukon,Arctic Red River|Isle à la Crosse Agency|Mackenzie River Dis,Whitehorse,1910-1917
single_year_band,band_c03319,Yukon,Southern District.,Whitehorse - Tagish,1910
name_variants_clustered,band_c03320,Yukon,Arctic Red River|Isle à la Crosse Agency|Southern District.,Big Lake | Big Lake - Kluahne,1910-1913
single_year_band,band_c03322,Yukon,Southern District.,Carcross - Tagish,1910
many_agencies,band_c03324,Yukon,Arctic Red River|Isle à la Crosse Agency|Mackenzie River Dis,Livingstone Creek,1913-1917
single_year_band,band_c03325,Yukon,Arctic Red River|Isle à la Crosse Agency,"Unknown, estimated",1913
name_variants_clustered,band_c03326,Yukon,Mackenzie River District|Takudh,Forty Mile | Forty Mile Creek,1901-1917
name_variants_clustered,band_c03329,Yukon,Arctic Coast Line to Hershell Island|Mackenzie River Distric,YUKON | Yukon | Yukon District,1899-1917
many_agencies,band_c03329,Yukon,Arctic Coast Line to Hershell Island|Mackenzie River Distric,Yukon,1899-1917
name_variants_clustered,band_c03330,Yukon,Arctic Red River|Takudh,Baie Arctic | Baie Arctique,1913-1914
name_variants_clustered,band_c03331,Yukon,Inspectorate,Davis Strait | Davis Straits,1911-1912
many_agencies,band_c03332,Yukon,Arctic Red River|Isle à la Crosse Agency|Mackenzie River Dis,Rampart House,1910-1917
name_variants_clustered,band_c03333,Yukon,Arctic Red River|Isle à la Crosse Agency,Tatlaman Lake | Titlaman Lake,1913-1913
single_year_band,band_c03333,Yukon,Arctic Red River|Isle à la Crosse Agency,Titlaman Lake,1913
single_year_band,band_c03335,Yukon,Arctic Red River|Isle à la Crosse Agency,Coffee Creek,1913
name_variants_clustered,band_c03336,Yukon,Southern District.|Takudh,Laberge | Lake Laberge,1910-1914
single_year_band,band_c03337,Yukon,Herschel Island and Inland.,Nuwatalmutes,1910
single_year_band,band_c03338,Yukon,Southern District.,Salmon River,1910
single_year_band,band_c03339,Yukon,Herschel Island and Inland.,Kogmollicks,1910
name_variants_clustered,band_c03341,Yukon,Arctic Red River|Isle à la Crosse Agency|Southern District.,Lake Teslin | Teslin Lake,1910-1913
single_year_band,band_c03342,Yukon,Northern District.,Upper Pelly,1910
single_year_band,band_c03343,Yukon,Arctic Red River|Isle à la Crosse Agency,Big Salmon,1913
single_year_band,band_c03345,Yukon,Northern District.,McQuesten,1910
many_agencies,band_c03346,Yukon,Arctic Red River|Isle à la Crosse Agency|Mackenzie River Dis,Moosehide,1910-1917
single_year_band,band_c03347,Yukon,Arctic Red River,Eskimos.,1913
name_variants_clustered,band_c03349,Yukon Territory,"Franklin District (formerly Arctic Coast, Esquimaux)|Indians",Indians of Yukon Territory at: | Yukon Territory | number of Indians in the Yukon Territory concerning whom no details have been received,1904-1908
many_agencies,band_c03349,Yukon Territory,"Franklin District (formerly Arctic Coast, Esquimaux)|Indians",Yukon Territory,1904-1908
single_year_band,band_c03351,Yukon Territory,Indians of Yukon Territory,Salmon River Southern Yukon,1908
name_variants_clustered,band_c03352,Yukon Territory,Yukon Agency,Rampart House | Rampart House and Old Crow,1924-1929
name_variants_clustered,band_c03353,Yukon Territory,Indians of Yukon Territory|Yukon Agency,"Champagne | Champagne Landing | Hootchi, Champagne's Landing",1908-1929
name_variants_clustered,band_c03354,Yukon Territory,Indians of Yukon Territory|Yukon Agency,Duncan or Lancing Creek | Lancing Creek,1908-1929
name_variants_clustered,band_c03355,Yukon Territory,Indians of Yukon Territory|Northern Yukon,Northern Yukon | Selkirk Northern Yukon,1908-1909
name_variants_clustered,band_c03356,Yukon Territory,Yukon Agency,Little Salmon | Little Salmon River,1924-1929
name_variants_clustered,band_c03357,Yukon Territory,Indians of Yukon Territory|Yukon Agency,"Hootchi, Whitehorse | Whitehorse | Whitehorse1",1908-1929
single_year_band,band_c03358,Yukon Territory,Yukon Agency,Big Salmon River1,1924
single_year_band,band_c03359,Yukon Territory,Indians of Yukon Territory,"Tagish, Whitehorse",1908
single_year_band,band_c03360,Yukon Territory,Yukon Agency,La Pierre's House2,1924
name_variants_clustered,band_c03361,Yukon Territory,Indians of Yukon Territory|Yukon Agency,Big Lake | Big Lake (Kluane),1908-1924
single_year_band,band_c03362,Yukon Territory,Indians of Yukon Territory,Laberge Mission,1908
name_variants_clustered,band_c03363,Yukon Territory,Indians of Yukon Territory|Yukon Agency,Carcross | School Carcross,1908-1929
single_year_band,band_c03364,Yukon Territory,Indians of Yukon Territory,"Tagish, Carcross",1908
name_variants_clustered,band_c03365,Yukon Territory,Yukon Agency,Coffee Creek | Coffee Creek1,1924-1929
single_year_band,band_c03366,Yukon Territory,Indians of Yukon Territory,(tt)Peel River,1908
single_year_band,band_c03367,Yukon Territory,Indians of Yukon Territory,Lake Teslin,1908
single_year_band,band_c03368,Yukon Territory,Yukon Agency,Tealin Lake,1924
single_year_band,band_c03369,Yukon Territory,Yukon Agency,Twelve Mile,1929
single_year_band,band_c03370,Yukon Territory,Yukon Agency,Forty Mile,1924
single_year_band,band_c03372,Yukon Territory,Indians of Yukon Territory,McQuesten,1908
single_year_band,band_c03375,Yukon Territory,Yukon Agency,Old Crow,1929
