name_as_printed,year,lincs_agent,lincs_label,match_method,match_score,match_margin,n_rows
*E.L. Newcombe,1894,http://viaf.org/viaf/308180948,E.L. Newcombe,direct,1.0,1.0,1
*E.L. Newcombe,1895,http://viaf.org/viaf/308180948,E.L. Newcombe,direct,1.0,1.0,1
*E.L. Newcombe,1896,http://viaf.org/viaf/308180948,E.L. Newcombe,direct,1.0,1.0,1
"*Parke, C.E.E.",1910,http://id.lincsproject.ca/7AS4WKd0Yyj,C.E.E. Parke,direct,1.0,1.0,1
"*Scott, John R.",1910,http://id.lincsproject.ca/kyjYlZHFsd8,John Scott,direct,0.9925,0.3425,1
A. Bastien,1887,http://id.lincsproject.ca/8xdEcbDgQUC,A. Bastien,direct,1.0,1.0,1
A. Bastien,1888,http://id.lincsproject.ca/8xdEcbDgQUC,A. Bastien,direct,1.0,1.0,1
A. Bastien,1889,http://id.lincsproject.ca/8xdEcbDgQUC,A. Bastien,direct,1.0,1.0,1
A. Bastien,1890,http://id.lincsproject.ca/8xdEcbDgQUC,A. Bastien,direct,1.0,1.0,1
A. Bastien,1891,http://id.lincsproject.ca/8xdEcbDgQUC,A. Bastien,direct,1.0,1.0,1
A. Bastien,1892,http://id.lincsproject.ca/8xdEcbDgQUC,A. Bastien,direct,1.0,1.0,1
A. Brosseau,1885,http://id.lincsproject.ca/HsxWqmYiN9A,A. Brosseau,direct,1.0,1.0,1
A. Brosseau,1886,http://id.lincsproject.ca/HsxWqmYiN9A,A. Brosseau,direct,1.0,1.0,1
A. Brosseau,1887,http://id.lincsproject.ca/HsxWqmYiN9A,A. Brosseau,direct,1.0,1.0,1
A. Brosseau,1888,http://id.lincsproject.ca/HsxWqmYiN9A,A. Brosseau,direct,1.0,1.0,1
A. Brosseau,1889,http://id.lincsproject.ca/HsxWqmYiN9A,A. Brosseau,direct,1.0,1.0,1
A. Brosseau,1890,http://id.lincsproject.ca/HsxWqmYiN9A,A. Brosseau,direct,1.0,1.0,1
A. Brosseau,1891,http://id.lincsproject.ca/HsxWqmYiN9A,A. Brosseau,direct,1.0,1.0,1
A. Brosseau,1892,http://id.lincsproject.ca/HsxWqmYiN9A,A. Brosseau,direct,1.0,1.0,1
A. Brosseau,1893,http://id.lincsproject.ca/HsxWqmYiN9A,A. Brosseau,direct,1.0,1.0,1
A. Brosseau,1894,http://id.lincsproject.ca/HsxWqmYiN9A,A. Brosseau,direct,1.0,1.0,1
A. Cameron,1881,http://id.lincsproject.ca/Jd6tQwIOZKz,A. Cameron,direct,1.0,1.0,1
A. Cameron,1882,http://id.lincsproject.ca/Jd6tQwIOZKz,A. Cameron,direct,1.0,1.0,1
A. Cameron,1883,http://id.lincsproject.ca/Jd6tQwIOZKz,A. Cameron,direct,1.0,1.0,1
A. Chisholm,1889,http://id.lincsproject.ca/X8vpiiXPEIe,A. Chisholm,direct,1.0,0.35,1
A. Chisholm,1890,http://id.lincsproject.ca/X8vpiiXPEIe,A. Chisholm,direct,1.0,0.35,1
A. Clink,1880,http://id.lincsproject.ca/7575eljHtNB,A. Clink,direct,1.0,1.0,1
A. Croteau,1889,http://id.lincsproject.ca/r3yQIaZ74bd,A. Croteau,direct,1.0,1.0,1
A. Croteau,1890,http://id.lincsproject.ca/r3yQIaZ74bd,A. Croteau,direct,1.0,1.0,1
A. Dingman,1883,http://id.lincsproject.ca/XlBKyYDnsAv,A. Dingman,direct,1.0,1.0,1
A. Dingman,1884,http://id.lincsproject.ca/XlBKyYDnsAv,A. Dingman,direct,1.0,1.0,1
A. Dingman,1885,http://id.lincsproject.ca/XlBKyYDnsAv,A. Dingman,direct,1.0,1.0,1
A. Dingman,1886,http://id.lincsproject.ca/XlBKyYDnsAv,A. Dingman,direct,1.0,1.0,1
A. Dingman,1887,http://id.lincsproject.ca/XlBKyYDnsAv,A. Dingman,direct,1.0,1.0,1
A. Dingman,1888,http://id.lincsproject.ca/XlBKyYDnsAv,A. Dingman,direct,1.0,1.0,1
A. Dingman,1889,http://id.lincsproject.ca/XlBKyYDnsAv,A. Dingman,direct,1.0,1.0,1
A. Dingman,1890,http://id.lincsproject.ca/XlBKyYDnsAv,A. Dingman,direct,1.0,1.0,1
A. Dingman,1891,http://id.lincsproject.ca/XlBKyYDnsAv,A. Dingman,direct,1.0,1.0,1
A. Dingman,1892,http://id.lincsproject.ca/XlBKyYDnsAv,A. Dingman,direct,1.0,1.0,1
A. Dingman,1893,http://id.lincsproject.ca/XlBKyYDnsAv,A. Dingman,direct,1.0,1.0,1
A. Dingman,1894,http://id.lincsproject.ca/XlBKyYDnsAv,A. Dingman,direct,1.0,1.0,1
A. Doyle,1882,http://id.lincsproject.ca/01LG8CXMWFv,A. Doyle,direct,1.0,1.0,1
A. E. Kemp,1884,http://id.lincsproject.ca/VxZVNofkoKR,A.E. Kemp,direct,1.0,1.0,1
A. Edmison,1886,http://id.lincsproject.ca/T6KVPgORegU,A. Edmison,direct,1.0,1.0,1
A. English,1884,http://id.lincsproject.ca/1smijfYkILL,A. English,direct,1.0,1.0,1
A. English,1885,http://id.lincsproject.ca/1smijfYkILL,A. English,direct,1.0,1.0,1
A. English,1886,http://id.lincsproject.ca/1smijfYkILL,A. English,direct,1.0,1.0,1
A. English,1887,http://id.lincsproject.ca/1smijfYkILL,A. English,direct,1.0,1.0,1
A. English,1888,http://id.lincsproject.ca/1smijfYkILL,A. English,direct,1.0,1.0,1
A. English,1889,http://id.lincsproject.ca/1smijfYkILL,A. English,direct,1.0,1.0,1
A. English,1890,http://id.lincsproject.ca/1smijfYkILL,A. English,direct,1.0,1.0,1
A. English,1891,http://id.lincsproject.ca/1smijfYkILL,A. English,direct,1.0,1.0,1
A. English,1892,http://id.lincsproject.ca/1smijfYkILL,A. English,direct,1.0,1.0,1
A. English,1893,http://id.lincsproject.ca/1smijfYkILL,A. English,direct,1.0,1.0,1
A. English,1894,http://id.lincsproject.ca/1smijfYkILL,A. English,direct,1.0,1.0,1
A. Flammand,1890,http://id.lincsproject.ca/9ICbNAMJqdw,A. Flammand,direct,1.0,1.0,1
A. Flammand,1891,http://id.lincsproject.ca/9ICbNAMJqdw,A. Flammand,direct,1.0,1.0,1
A. Goyer,1892,http://id.lincsproject.ca/kDILjfvfmhp,A. Goyer,direct,1.0,1.0,1
"A. Jukes, M.D.",1884,http://id.lincsproject.ca/cVGdypNjsgc,A. Jukes,direct,1.0,1.0,1
A. Kemeys Tynte,1896,http://id.lincsproject.ca/upEySkaaX2C,A. Kemys-Tynte,direct,0.9825,0.9825,1
A. Kemeys-Tynte,1893,http://id.lincsproject.ca/upEySkaaX2C,A. Kemys-Tynte,direct,1.0,1.0,1
A. Kemeys-Tynte,1894,http://id.lincsproject.ca/upEySkaaX2C,A. Kemys-Tynte,direct,1.0,1.0,1
A. Kemeys-Tynte,1895,http://id.lincsproject.ca/upEySkaaX2C,A. Kemys-Tynte,direct,1.0,1.0,1
A. Kemys-Tynte,1890,http://id.lincsproject.ca/upEySkaaX2C,A. Kemys-Tynte,direct,1.0,1.0,1
A. Kemys-Tynte,1891,http://id.lincsproject.ca/upEySkaaX2C,A. Kemys-Tynte,direct,1.0,1.0,1
A. Kemys-Tynte,1892,http://id.lincsproject.ca/upEySkaaX2C,A. Kemys-Tynte,direct,1.0,1.0,1
A. Klein,1880,http://id.lincsproject.ca/112ahtjzdaJ,A. Klein,direct,1.0,1.0,1
A. Klein,1881,http://id.lincsproject.ca/112ahtjzdaJ,A. Klein,direct,1.0,1.0,1
"A. LeBel, jun",1882,http://id.lincsproject.ca/DDy223qGg6F,A. LeBel,direct,1.0,1.0,1
"A. LeBel, jun",1883,http://id.lincsproject.ca/DDy223qGg6F,A. LeBel,direct,1.0,1.0,1
"A. LeBel, jun",1884,http://id.lincsproject.ca/DDy223qGg6F,A. LeBel,direct,1.0,1.0,1
"A. LeBel, jun",1885,http://id.lincsproject.ca/DDy223qGg6F,A. LeBel,direct,1.0,1.0,1
"A. LeBel, jun",1886,http://id.lincsproject.ca/DDy223qGg6F,A. LeBel,direct,1.0,1.0,1
"A. LeBel, jun",1887,http://id.lincsproject.ca/DDy223qGg6F,A. LeBel,direct,1.0,1.0,1
"A. LeBel, jun.",1881,http://id.lincsproject.ca/DDy223qGg6F,A. LeBel,direct,1.0,1.0,1
A. Logan,1887,http://id.lincsproject.ca/Uab42w7pAGz,A. Logan,direct,1.0,1.0,1
A. MacKay,1882,http://www.wikidata.org/entity/Q4764197,A. McKay,direct,0.9415,0.9415,1
A. MacKay,1884,http://www.wikidata.org/entity/Q4764197,A. McKay,direct,0.9415,0.35,1
A. MacKay,1885,http://www.wikidata.org/entity/Q4764197,A. McKay,direct,0.9415,0.35,1
A. Mackay,1881,http://www.wikidata.org/entity/Q4764197,A. McKay,direct,0.9415,0.9415,1
A. Mackay,1883,http://www.wikidata.org/entity/Q4764197,A. McKay,direct,0.9415,0.9415,1
A. Mackay,1893,http://www.wikidata.org/entity/Q4764197,A. McKay,direct,0.9415,0.2915,1
A. Mannix,1886,http://id.lincsproject.ca/tEUbb2tKCdl,A. Mannix,direct,1.0,0.3803,1
A. McArthur,1884,http://id.lincsproject.ca/BKQ1kTqF9LW,A. McArthur,direct,1.0,1.0,1
A. McArthur,1885,http://id.lincsproject.ca/BKQ1kTqF9LW,A. McArthur,direct,1.0,1.0,1
A. McBride,1892,http://id.lincsproject.ca/CCo33ubRsqd,A. McBride,direct,1.0,1.0,1
A. McBride,1893,http://id.lincsproject.ca/CCo33ubRsqd,A. McBride,direct,1.0,1.0,1
A. McBride,1894,http://id.lincsproject.ca/CCo33ubRsqd,A. McBride,direct,1.0,1.0,1
A. McBride,1895,http://id.lincsproject.ca/CCo33ubRsqd,A. McBride,direct,1.0,1.0,1
A. McBride,1896,http://id.lincsproject.ca/CCo33ubRsqd,A. McBride,direct,1.0,1.0,1
A. McDonald,1880,http://id.lincsproject.ca/vndU5uCOxk4,A. McDonald,direct,1.0,0.3062,1
A. McDonald,1881,http://id.lincsproject.ca/vndU5uCOxk4,A. McDonald,direct,1.0,0.3062,1
A. McDonald,1882,http://id.lincsproject.ca/vndU5uCOxk4,A. McDonald,direct,1.0,0.3062,1
A. McDonald,1883,http://id.lincsproject.ca/vndU5uCOxk4,A. McDonald,direct,1.0,0.3062,1
A. McDonald,1884,http://id.lincsproject.ca/vndU5uCOxk4,A. McDonald,direct,1.0,0.3062,1
A. McDonald,1886,http://id.lincsproject.ca/vndU5uCOxk4,A. McDonald,direct,1.0,0.2975,1
A. McDonald,1887,http://id.lincsproject.ca/vndU5uCOxk4,A. McDonald,direct,1.0,0.2975,1
A. McDonald,1888,http://id.lincsproject.ca/vndU5uCOxk4,A. McDonald,direct,1.0,0.2975,1
A. McDonald,1889,http://id.lincsproject.ca/vndU5uCOxk4,A. McDonald,direct,1.0,0.2975,1
A. McDonald,1890,http://id.lincsproject.ca/vndU5uCOxk4,A. McDonald,direct,1.0,0.2975,1
A. McDonald,1891,http://id.lincsproject.ca/vndU5uCOxk4,A. McDonald,direct,1.0,0.2975,1
A. McDonald,1892,http://id.lincsproject.ca/vndU5uCOxk4,A. McDonald,direct,1.0,0.2975,1
A. McDonald,1893,http://id.lincsproject.ca/vndU5uCOxk4,A. McDonald,career,1.0,0.0087,1
A. McDonald,1894,http://id.lincsproject.ca/vndU5uCOxk4,A. McDonald,direct,1.0,0.2975,1
A. McDonald,1895,http://id.lincsproject.ca/vndU5uCOxk4,A. McDonald,direct,1.0,0.2975,1
A. McDonald,1896,http://id.lincsproject.ca/vndU5uCOxk4,A. McDonald,direct,1.0,0.0803,1
A. McDonald.,1885,http://id.lincsproject.ca/vndU5uCOxk4,A. McDonald,direct,1.0,0.2975,1
A. McGregor Ironside,1892,http://id.lincsproject.ca/oAkYUb8lWDS,A.M. Ironside,direct,1.0,1.0,1
A. McGregor Ironside,1893,http://id.lincsproject.ca/oAkYUb8lWDS,A.M. Ironside,direct,1.0,1.0,1
A. McKay,1880,http://www.wikidata.org/entity/Q4764197,A. McKay,direct,1.0,1.0,1
A. McKay,1886,http://www.wikidata.org/entity/Q4764197,A. McKay,direct,1.0,0.35,1
A. McKay,1887,http://www.wikidata.org/entity/Q4764197,A. McKay,direct,1.0,0.175,1
A. McKay,1888,http://www.wikidata.org/entity/Q4764197,A. McKay,direct,1.0,0.35,1
A. McKay,1889,http://www.wikidata.org/entity/Q4764197,A. McKay,direct,1.0,0.35,1
A. McKay,1890,http://www.wikidata.org/entity/Q4764197,A. McKay,direct,1.0,0.35,1
A. McKay,1891,http://www.wikidata.org/entity/Q4764197,A. McKay,direct,1.0,0.35,1
A. McKay,1892,http://www.wikidata.org/entity/Q4764197,A. McKay,direct,1.0,0.35,1
A. McKelvey,1884,http://id.lincsproject.ca/YvzPkKn6WDX,A. McKelvey,direct,1.0,0.4345,1
A. McKelvey,1885,http://id.lincsproject.ca/YvzPkKn6WDX,A. McKelvey,direct,1.0,0.4345,1
A. McKelvey,1886,http://id.lincsproject.ca/YvzPkKn6WDX,A. McKelvey,direct,1.0,0.4345,1
A. McKelvey,1887,http://id.lincsproject.ca/YvzPkKn6WDX,A. McKelvey,direct,1.0,0.4345,1
A. McKelvey,1888,http://id.lincsproject.ca/YvzPkKn6WDX,A. McKelvey,direct,1.0,0.4345,1
A. McKelvey,1890,http://id.lincsproject.ca/YvzPkKn6WDX,A. McKelvey,direct,1.0,0.4345,1
A. McKelvey,1891,http://id.lincsproject.ca/YvzPkKn6WDX,A. McKelvey,direct,1.0,0.4345,1
A. McKelvey,1892,http://id.lincsproject.ca/YvzPkKn6WDX,A. McKelvey,direct,1.0,0.4345,1
A. McKelvey,1893,http://id.lincsproject.ca/YvzPkKn6WDX,A. McKelvey,direct,1.0,0.4345,1
A. McKelvey,1894,http://id.lincsproject.ca/YvzPkKn6WDX,A. McKelvey,direct,1.0,0.4345,1
A. McLaren,1881,http://id.lincsproject.ca/WtA7qyY3TU3,A. McLaren,direct,1.0,1.0,3
A. McLaren,1882,http://id.lincsproject.ca/WtA7qyY3TU3,A. McLaren,direct,1.0,1.0,1
A. McLaren,1883,http://id.lincsproject.ca/WtA7qyY3TU3,A. McLaren,direct,1.0,1.0,1
A. McLaren,1884,http://id.lincsproject.ca/WtA7qyY3TU3,A. McLaren,direct,1.0,0.3587,1
A. McLaren,1885,http://id.lincsproject.ca/WtA7qyY3TU3,A. McLaren,direct,1.0,1.0,1
A. McLaren,1886,http://id.lincsproject.ca/WtA7qyY3TU3,A. McLaren,direct,1.0,1.0,1
A. McLaren,1887,http://id.lincsproject.ca/WtA7qyY3TU3,A. McLaren,direct,1.0,1.0,1
A. McLaren,1888,http://id.lincsproject.ca/WtA7qyY3TU3,A. McLaren,direct,1.0,1.0,1
A. McLean,1895,http://id.lincsproject.ca/2658NB83isT,A. McLean,direct,1.0,0.35,1
A. McLean,1896,http://id.lincsproject.ca/2658NB83isT,A. McLean,direct,1.0,0.35,1
A. Noseda,1889,http://id.lincsproject.ca/mvkooM6u9Qk,A. Noseda,direct,1.0,1.0,1
A. Pigeon,1890,http://id.lincsproject.ca/sK80z3Efvhz,A. Pigeon,direct,1.0,1.0,1
A. Pigeon,1891,http://id.lincsproject.ca/sK80z3Efvhz,A. Pigeon,direct,1.0,1.0,1
A. Root,1880,http://id.lincsproject.ca/hmcqbg7rqxj,A. Root,direct,1.0,1.0,1
A. Root,1881,http://id.lincsproject.ca/hmcqbg7rqxj,A. Root,direct,1.0,1.0,1
A. Root,1882,http://id.lincsproject.ca/hmcqbg7rqxj,A. Root,direct,1.0,1.0,1
A. Root,1883,http://id.lincsproject.ca/hmcqbg7rqxj,A. Root,direct,1.0,1.0,1
A. Root,1884,http://id.lincsproject.ca/hmcqbg7rqxj,A. Root,direct,1.0,1.0,1
A. Root,1885,http://id.lincsproject.ca/hmcqbg7rqxj,A. Root,direct,1.0,1.0,1
A. Root,1886,http://id.lincsproject.ca/hmcqbg7rqxj,A. Root,direct,1.0,1.0,1
A. Root,1887,http://id.lincsproject.ca/hmcqbg7rqxj,A. Root,direct,1.0,1.0,1
A. Root,1888,http://id.lincsproject.ca/hmcqbg7rqxj,A. Root,direct,1.0,1.0,1
A. Root,1889,http://id.lincsproject.ca/hmcqbg7rqxj,A. Root,direct,1.0,1.0,1
A. Root,1890,http://id.lincsproject.ca/hmcqbg7rqxj,A. Root,direct,1.0,1.0,1
A. Root,1891,http://id.lincsproject.ca/hmcqbg7rqxj,A. Root,direct,1.0,1.0,1
A. Root,1892,http://id.lincsproject.ca/hmcqbg7rqxj,A. Root,direct,1.0,1.0,1
A. Sufferin,1884,http://id.lincsproject.ca/ASyHDoEMkMn,A. Suffern,direct,0.9968,0.9968,1
A. Sufferin,1885,http://id.lincsproject.ca/ASyHDoEMkMn,A. Suffern,direct,0.9968,0.9968,1
A. Sufferin,1886,http://id.lincsproject.ca/ASyHDoEMkMn,A. Suffern,direct,0.9968,0.9968,1
A. Sufferin,1887,http://id.lincsproject.ca/ASyHDoEMkMn,A. Suffern,direct,0.9968,0.9968,1
A. Sufferin,1888,http://id.lincsproject.ca/ASyHDoEMkMn,A. Suffern,direct,0.9968,0.9968,1
A. Suffern,1889,http://id.lincsproject.ca/ASyHDoEMkMn,A. Suffern,direct,1.0,0.35,1
A. Thompson,1886,http://id.lincsproject.ca/QIzzxcOk4Jk,A. Thompson,direct,1.0,0.35,1
A. Whitford,1887,http://id.lincsproject.ca/C40Y5m7Wtwy,A. Whitford,direct,1.0,0.35,1
A. Whitford,1889,http://id.lincsproject.ca/C40Y5m7Wtwy,A. Whitford,direct,1.0,0.35,1
A. Whitford,1892,http://id.lincsproject.ca/C40Y5m7Wtwy,A. Whitford,direct,1.0,1.0,1
A. Winder,1893,http://id.lincsproject.ca/PX31swEd89f,A. Winder,direct,1.0,1.0,1
A.A. Hudon,1884,http://id.lincsproject.ca/2BpjLsRpnxv,A.A. Hudon,direct,1.0,1.0,1
A.A. Hudon,1885,http://id.lincsproject.ca/2BpjLsRpnxv,A.A. Hudon,direct,1.0,1.0,1
A.A. Hudon,1886,http://id.lincsproject.ca/2BpjLsRpnxv,A.A. Hudon,direct,1.0,1.0,1
A.A. Hudon,1887,http://id.lincsproject.ca/2BpjLsRpnxv,A.A. Hudon,direct,1.0,1.0,1
A.A. Hudon,1888,http://id.lincsproject.ca/2BpjLsRpnxv,A.A. Hudon,direct,1.0,1.0,1
A.A. Hudon,1889,http://id.lincsproject.ca/2BpjLsRpnxv,A.A. Hudon,direct,1.0,1.0,1
A.A. Hudon,1890,http://id.lincsproject.ca/2BpjLsRpnxv,A.A. Hudon,direct,1.0,1.0,1
A.A. Hudon,1891,http://id.lincsproject.ca/2BpjLsRpnxv,A.A. Hudon,direct,1.0,1.0,1
"A.A. Mondou,",1895,http://id.lincsproject.ca/xf8vyp6tNrc,A.A. Mondou,direct,1.0,1.0,1
A.B Cowan,1881,http://id.lincsproject.ca/nGpHdiFPCWH,A.B Cowan,direct,1.0,1.0,1
A.B Cowan,1886,http://id.lincsproject.ca/nGpHdiFPCWH,A.B Cowan,direct,1.0,1.0,1
A.B. Cowan,1880,http://id.lincsproject.ca/nGpHdiFPCWH,A.B Cowan,direct,1.0,1.0,1
A.B. Cowan,1882,http://id.lincsproject.ca/nGpHdiFPCWH,A.B Cowan,direct,1.0,1.0,1
A.B. Cowan,1883,http://id.lincsproject.ca/nGpHdiFPCWH,A.B Cowan,direct,1.0,1.0,1
A.B. Cowan,1884,http://id.lincsproject.ca/nGpHdiFPCWH,A.B Cowan,direct,1.0,1.0,1
A.B. Cowan,1885,http://id.lincsproject.ca/nGpHdiFPCWH,A.B Cowan,direct,1.0,1.0,1
A.B. Cowan,1887,http://id.lincsproject.ca/nGpHdiFPCWH,A.B Cowan,direct,1.0,1.0,1
A.B. Cowan,1888,http://id.lincsproject.ca/nGpHdiFPCWH,A.B Cowan,direct,1.0,1.0,1
A.B. Cowan,1889,http://id.lincsproject.ca/nGpHdiFPCWH,A.B Cowan,direct,1.0,1.0,1
A.B. Cowan,1890,http://id.lincsproject.ca/nGpHdiFPCWH,A.B Cowan,direct,1.0,1.0,1
A.B. Cowan,1891,http://id.lincsproject.ca/nGpHdiFPCWH,A.B Cowan,direct,1.0,1.0,1
A.B. Cowan,1892,http://id.lincsproject.ca/nGpHdiFPCWH,A.B Cowan,direct,1.0,1.0,1
A.B. Cowan,1893,http://id.lincsproject.ca/nGpHdiFPCWH,A.B Cowan,direct,1.0,1.0,1
A.B. Cowan,1894,http://id.lincsproject.ca/nGpHdiFPCWH,A.B Cowan,direct,1.0,1.0,1
A.B. Lake,1893,http://id.lincsproject.ca/Qkj0EgI2QZn,A.B. Lake,direct,1.0,1.0,1
A.B. McIntosh,1886,http://id.lincsproject.ca/K3vODOJeFwv,A.B. McIntosh,direct,1.0,0.35,1
A.B. McIntosh,1887,http://id.lincsproject.ca/K3vODOJeFwv,A.B. McIntosh,direct,1.0,0.35,1
"A.B. Stewart, M.D.",1895,http://id.lincsproject.ca/zEvcU2fY1KJ,A.B. Stewart,direct,1.0,0.35,1
"A.B. Stewart, M.D.",1896,http://id.lincsproject.ca/zEvcU2fY1KJ,A.B. Stewart,direct,1.0,0.35,1
A.C. Elliot,1886,http://www.wikidata.org/entity/Q504071,A.C. Elliot,direct,1.0,1.0,1
A.C. Elliott,1885,http://www.wikidata.org/entity/Q504071,A.C. Elliot,direct,0.9944,0.9944,1
A.D. Walker,1889,http://id.lincsproject.ca/GTKg9RP6vez,A.D. Walker,direct,1.0,1.0,1
A.D. Walker,1890,http://id.lincsproject.ca/GTKg9RP6vez,A.D. Walker,direct,1.0,1.0,1
A.D. Walker,1891,http://id.lincsproject.ca/GTKg9RP6vez,A.D. Walker,direct,1.0,1.0,1
A.E. Forget,1889,http://www.wikidata.org/entity/Q482172,A.E. Forget,direct,1.0,1.0,1
A.E. Forget,1890,http://www.wikidata.org/entity/Q482172,A.E. Forget,direct,1.0,1.0,1
A.E. Forget,1891,http://www.wikidata.org/entity/Q482172,A.E. Forget,direct,1.0,1.0,1
A.E. Forget,1892,http://www.wikidata.org/entity/Q482172,A.E. Forget,direct,1.0,1.0,1
A.E. Forget,1893,http://www.wikidata.org/entity/Q482172,A.E. Forget,direct,1.0,1.0,1
A.E. Forget,1894,http://www.wikidata.org/entity/Q482172,A.E. Forget,direct,1.0,1.0,1
A.E. Forget,1895,http://www.wikidata.org/entity/Q482172,A.E. Forget,direct,1.0,1.0,1
A.E. Forget,1896,http://www.wikidata.org/entity/Q482172,A.E. Forget,direct,1.0,1.0,1
A.E. Howse,1881,http://id.lincsproject.ca/2Ol8BLlUsk8,A.E. Howse,direct,1.0,1.0,1
A.E. Howse,1882,http://id.lincsproject.ca/2Ol8BLlUsk8,A.E. Howse,direct,1.0,1.0,1
A.E. Howse,1883,http://id.lincsproject.ca/2Ol8BLlUsk8,A.E. Howse,direct,1.0,1.0,1
A.E. Howse,1884,http://id.lincsproject.ca/2Ol8BLlUsk8,A.E. Howse,direct,1.0,1.0,1
A.E. Jones,1893,http://id.lincsproject.ca/UoE1ImdQ8pm,Jones A.E.,direct,1.0,0.2975,1
A.E. Jones,1894,http://id.lincsproject.ca/UoE1ImdQ8pm,Jones A.E.,direct,1.0,0.2975,1
A.E. Jones,1895,http://id.lincsproject.ca/UoE1ImdQ8pm,Jones A.E.,direct,1.0,0.2975,1
A.E. Jones,1896,http://id.lincsproject.ca/UoE1ImdQ8pm,Jones A.E.,direct,1.0,0.2975,1
A.E. Kemp,1885,http://id.lincsproject.ca/VxZVNofkoKR,A.E. Kemp,direct,1.0,1.0,1
A.E. Kemp,1886,http://id.lincsproject.ca/VxZVNofkoKR,A.E. Kemp,direct,1.0,1.0,1
A.E. Kemp,1887,http://id.lincsproject.ca/VxZVNofkoKR,A.E. Kemp,direct,1.0,1.0,1
A.E. Kemp,1888,http://id.lincsproject.ca/VxZVNofkoKR,A.E. Kemp,direct,1.0,1.0,1
A.E. Kemp,1889,http://id.lincsproject.ca/VxZVNofkoKR,A.E. Kemp,direct,1.0,1.0,1
A.E. Kemp,1890,http://id.lincsproject.ca/VxZVNofkoKR,A.E. Kemp,direct,1.0,1.0,1
A.E. Kemp,1891,http://id.lincsproject.ca/VxZVNofkoKR,A.E. Kemp,direct,1.0,1.0,1
A.E. Kemp,1892,http://id.lincsproject.ca/VxZVNofkoKR,A.E. Kemp,direct,1.0,1.0,1
A.E. Kemp,1893,http://id.lincsproject.ca/VxZVNofkoKR,A.E. Kemp,direct,1.0,1.0,1
A.E. Kemp,1894,http://id.lincsproject.ca/VxZVNofkoKR,A.E. Kemp,direct,1.0,1.0,1
A.E. Lake,1889,http://id.lincsproject.ca/0ZHOkdY5du5,A.E. Lake,direct,1.0,1.0,1
A.E. Lake,1890,http://id.lincsproject.ca/0ZHOkdY5du5,A.E. Lake,direct,1.0,1.0,1
A.E. Lake,1891,http://id.lincsproject.ca/0ZHOkdY5du5,A.E. Lake,direct,1.0,1.0,1
A.E. Lake,1892,http://id.lincsproject.ca/0ZHOkdY5du5,A.E. Lake,direct,1.0,1.0,1
A.E. Lake,1894,http://id.lincsproject.ca/0ZHOkdY5du5,A.E. Lake,direct,1.0,1.0,1
A.E. Lake,1895,http://id.lincsproject.ca/0ZHOkdY5du5,A.E. Lake,direct,1.0,1.0,1
A.E. Lake,1896,http://id.lincsproject.ca/0ZHOkdY5du5,A.E. Lake,direct,1.0,1.0,1
A.E. Moore,1894,http://id.lincsproject.ca/aUNkU6mMO0O,A.E. Moore,direct,1.0,1.0,1
A.E. Moore,1895,http://id.lincsproject.ca/aUNkU6mMO0O,A.E. Moore,direct,1.0,1.0,1
A.E. Moore,1896,http://id.lincsproject.ca/aUNkU6mMO0O,A.E. Moore,direct,1.0,1.0,1
A.G. Irvine,1892,http://id.lincsproject.ca/yCLeqAtxj6V,A.G. Irvine,direct,1.0,1.0,1
A.G. Matte,1881,http://id.lincsproject.ca/0ikgZNH51Dl,A.G. Matte,direct,1.0,1.0,1
A.G. Matte,1882,http://id.lincsproject.ca/0ikgZNH51Dl,A.G. Matte,direct,1.0,1.0,1
A.G. Smith,1887,http://id.lincsproject.ca/sarvAybyQqy,A.G. Smith,direct,1.0,0.35,1
A.G. Smith,1888,http://id.lincsproject.ca/sarvAybyQqy,A.G. Smith,direct,1.0,0.2975,1
A.G. Smith,1889,http://id.lincsproject.ca/sarvAybyQqy,A.G. Smith,direct,1.0,0.2975,1
A.G. Smith,1890,http://id.lincsproject.ca/sarvAybyQqy,A.G. Smith,direct,1.0,0.2975,1
A.G. Smith,1891,http://id.lincsproject.ca/sarvAybyQqy,A.G. Smith,direct,1.0,0.2975,1
A.G. Smith,1892,http://id.lincsproject.ca/sarvAybyQqy,A.G. Smith,direct,1.0,0.2975,1
A.G. Smith,1893,http://id.lincsproject.ca/sarvAybyQqy,A.G. Smith,direct,1.0,0.2975,1
A.G. Smith,1894,http://id.lincsproject.ca/sarvAybyQqy,A.G. Smith,direct,1.0,0.2975,1
A.H. Green,1890,http://id.lincsproject.ca/gDlK3LtJR4J,A.H. Green,direct,1.0,0.35,1
A.H. Green,1891,http://id.lincsproject.ca/gDlK3LtJR4J,A.H. Green,direct,1.0,0.35,1
A.H. Green,1892,http://id.lincsproject.ca/gDlK3LtJR4J,A.H. Green,direct,1.0,0.35,1
A.H. Green,1893,http://id.lincsproject.ca/gDlK3LtJR4J,A.H. Green,direct,1.0,1.0,1
A.H. Green,1894,http://id.lincsproject.ca/gDlK3LtJR4J,A.H. Green,direct,1.0,1.0,1
A.H. Lock,1893,http://id.lincsproject.ca/b42JbtKJsYX,A.H. Lock,direct,1.0,1.0,1
A.H. Lock,1894,http://id.lincsproject.ca/b42JbtKJsYX,A.H. Lock,direct,1.0,1.0,1
A.H. Lock,1896,http://id.lincsproject.ca/b42JbtKJsYX,A.H. Lock,direct,1.0,1.0,1
A.H. Locke,1892,http://id.lincsproject.ca/b42JbtKJsYX,A.H. Lock,direct,0.987,0.987,1
A.H. Look,1895,http://id.lincsproject.ca/voUlwgKSJyF,A.H. Look,direct,1.0,1.0,1
A.J. Coburn,1887,http://id.lincsproject.ca/fV0fWMAvHVi,A.J. Coburn,direct,1.0,1.0,1
A.J. Coburn,1888,http://id.lincsproject.ca/fV0fWMAvHVi,A.J. Coburn,direct,1.0,1.0,1
A.J. Coburn,1889,http://id.lincsproject.ca/fV0fWMAvHVi,A.J. Coburn,direct,1.0,0.35,1
A.J. Coburn,1890,http://id.lincsproject.ca/fV0fWMAvHVi,A.J. Coburn,direct,1.0,0.35,1
A.J. Coburn,1891,http://id.lincsproject.ca/fV0fWMAvHVi,A.J. Coburn,direct,1.0,0.35,1
A.J. Coburn,1892,http://id.lincsproject.ca/fV0fWMAvHVi,A.J. Coburn,direct,1.0,0.35,1
A.J. Coburn,1894,http://id.lincsproject.ca/fV0fWMAvHVi,A.J. Coburn,direct,1.0,1.0,1
A.J. Coburn,1895,http://id.lincsproject.ca/fV0fWMAvHVi,A.J. Coburn,direct,1.0,1.0,1
A.J. McNeil,1890,http://id.lincsproject.ca/iW7DkF6Jtf3,A.J. McNeil,direct,1.0,0.0875,1
A.J. McNeil,1891,http://id.lincsproject.ca/iW7DkF6Jtf3,A.J. McNeil,direct,1.0,0.0875,1
A.J. McNeil,1892,http://id.lincsproject.ca/iW7DkF6Jtf3,A.J. McNeil,direct,1.0,0.0875,1
A.J. McNeill,1886,http://id.lincsproject.ca/iW7DkF6Jtf3,A.J. McNeil,direct,0.9944,0.0875,1
A.J. McNeill,1887,http://id.lincsproject.ca/iW7DkF6Jtf3,A.J. McNeil,direct,0.9944,0.0875,1
A.J. McNeill,1888,http://id.lincsproject.ca/iW7DkF6Jtf3,A.J. McNeil,direct,0.9944,0.0875,1
A.J. McNeill,1889,http://id.lincsproject.ca/iW7DkF6Jtf3,A.J. McNeil,direct,0.9944,0.0875,1
A.J. McNeill,1893,http://id.lincsproject.ca/iW7DkF6Jtf3,A.J. McNeil,direct,0.9944,0.0875,1
A.J. McNeill,1894,http://id.lincsproject.ca/iW7DkF6Jtf3,A.J. McNeil,direct,0.9944,0.0875,1
A.J. McNeill,1895,http://id.lincsproject.ca/iW7DkF6Jtf3,A.J. McNeil,direct,0.9944,0.0875,1
A.J. McNeill,1896,http://id.lincsproject.ca/iW7DkF6Jtf3,A.J. McNeil,direct,0.9944,0.0875,1
A.M. Fenwick.,1893,http://id.lincsproject.ca/dqXWSwtMrPt,A.M. Fenwick,direct,1.0,1.0,1
A.M. Ironside,1894,http://id.lincsproject.ca/oAkYUb8lWDS,A.M. Ironside,direct,1.0,1.0,1
A.M. Muckle,1881,http://id.lincsproject.ca/RqTT8XhoYyp,A.M. Muckle,direct,1.0,1.0,1
A.M. Muckle,1882,http://id.lincsproject.ca/RqTT8XhoYyp,A.M. Muckle,direct,1.0,1.0,1
A.M. Muckle,1883,http://id.lincsproject.ca/RqTT8XhoYyp,A.M. Muckle,direct,1.0,1.0,1
A.M. Muckle,1884,http://id.lincsproject.ca/RqTT8XhoYyp,A.M. Muckle,direct,1.0,1.0,1
A.M. Muckle,1885,http://id.lincsproject.ca/RqTT8XhoYyp,A.M. Muckle,direct,1.0,1.0,1
A.M. Muckle,1886,http://id.lincsproject.ca/RqTT8XhoYyp,A.M. Muckle,direct,1.0,1.0,1
A.M. Muckle,1887,http://id.lincsproject.ca/RqTT8XhoYyp,A.M. Muckle,direct,1.0,1.0,1
A.M. Muckle,1888,http://id.lincsproject.ca/RqTT8XhoYyp,A.M. Muckle,direct,1.0,1.0,1
A.M. Muckle,1889,http://id.lincsproject.ca/RqTT8XhoYyp,A.M. Muckle,direct,1.0,1.0,1
A.M. Muckle,1890,http://id.lincsproject.ca/RqTT8XhoYyp,A.M. Muckle,direct,1.0,1.0,1
A.M. Muckle,1891,http://id.lincsproject.ca/RqTT8XhoYyp,A.M. Muckle,direct,1.0,1.0,1
A.M. Muckle,1892,http://id.lincsproject.ca/RqTT8XhoYyp,A.M. Muckle,direct,1.0,1.0,1
A.M. Muckle,1893,http://id.lincsproject.ca/RqTT8XhoYyp,A.M. Muckle,direct,1.0,1.0,1
A.M. Muckle,1894,http://id.lincsproject.ca/RqTT8XhoYyp,A.M. Muckle,direct,1.0,1.0,1
A.M. Muckle,1895,http://id.lincsproject.ca/RqTT8XhoYyp,A.M. Muckle,direct,1.0,1.0,1
A.M. Muckle,1896,http://id.lincsproject.ca/RqTT8XhoYyp,A.M. Muckle,direct,1.0,1.0,1
A.N. McNeil,1880,http://id.lincsproject.ca/o4vQT4nwFXn,A.N. McNeil,direct,1.0,1.0,1
A.N. McNeil,1884,http://id.lincsproject.ca/o4vQT4nwFXn,A.N. McNeil,direct,1.0,1.0,1
A.N. McNeil,1885,http://id.lincsproject.ca/o4vQT4nwFXn,A.N. McNeil,direct,1.0,1.0,1
A.N. McNeil,1891,http://id.lincsproject.ca/o4vQT4nwFXn,A.N. McNeil,direct,1.0,0.0875,1
A.N. McNeil,1892,http://id.lincsproject.ca/o4vQT4nwFXn,A.N. McNeil,direct,1.0,0.0875,1
A.N. McNeill,1881,http://id.lincsproject.ca/o4vQT4nwFXn,A.N. McNeil,direct,0.9944,0.9944,1
A.N. McNeill,1882,http://id.lincsproject.ca/o4vQT4nwFXn,A.N. McNeil,direct,0.9944,0.9944,1
A.N. McNeill,1883,http://id.lincsproject.ca/o4vQT4nwFXn,A.N. McNeil,direct,0.9944,0.414,1
A.N. McNeill,1887,http://id.lincsproject.ca/o4vQT4nwFXn,A.N. McNeil,direct,0.9944,0.0875,1
A.N. McNeill,1888,http://id.lincsproject.ca/o4vQT4nwFXn,A.N. McNeil,direct,0.9944,0.0875,1
A.N. McNeill,1889,http://id.lincsproject.ca/o4vQT4nwFXn,A.N. McNeil,direct,0.9944,0.0875,1
A.N. McNeill,1890,http://id.lincsproject.ca/o4vQT4nwFXn,A.N. McNeil,direct,0.9944,0.0875,1
A.N. McNeill,1893,http://id.lincsproject.ca/o4vQT4nwFXn,A.N. McNeil,direct,0.9944,0.0875,1
A.N. McNeill,1894,http://id.lincsproject.ca/o4vQT4nwFXn,A.N. McNeil,direct,0.9944,0.0875,1
A.N. McNiell,1886,http://id.lincsproject.ca/o4vQT4nwFXn,A.N. McNeil,direct,0.9661,0.0875,1
A.O. Bastien,1893,http://id.lincsproject.ca/8xdEcbDgQUC,A. Bastien,direct,0.9825,0.9825,1
A.O. Bastien,1894,http://id.lincsproject.ca/8xdEcbDgQUC,A. Bastien,direct,0.9825,0.9825,1
"A.P. Laundry, M.D,",1885,http://id.lincsproject.ca/G5zXWBM8ulp,A.P. Laundry,direct,1.0,1.0,1
A.P. Vankoughnet,1889,http://id.lincsproject.ca/hCEKSVRAP3I,A.P. Vankoughnet,direct,1.0,0.35,1
A.P. Vankoughnet,1890,http://id.lincsproject.ca/hCEKSVRAP3I,A.P. Vankoughnet,direct,1.0,0.35,1
A.P. Vankoughnet,1891,http://id.lincsproject.ca/hCEKSVRAP3I,A.P. Vankoughnet,direct,1.0,0.35,1
A.P. Vankoughnet,1892,http://id.lincsproject.ca/hCEKSVRAP3I,A.P. Vankoughnet,direct,1.0,0.35,1
A.P. Vankoughnet,1893,http://id.lincsproject.ca/hCEKSVRAP3I,A.P. Vankoughnet,direct,1.0,1.0,1
A.P. Vankoughnet,1894,http://id.lincsproject.ca/hCEKSVRAP3I,A.P. Vankoughnet,direct,1.0,1.0,1
A.P. Vankoughnet,1895,http://id.lincsproject.ca/hCEKSVRAP3I,A.P. Vankoughnet,direct,1.0,1.0,1
A.P. Vankoughnet,1896,http://id.lincsproject.ca/hCEKSVRAP3I,A.P. Vankoughnet,direct,1.0,1.0,1
A.P.S. Cocks,1888,http://id.lincsproject.ca/9IUg0sxndng,A.P.S. Cocks,direct,1.0,1.0,1
A.R. Springett,1886,http://id.lincsproject.ca/nD5o6LBvxgI,A.R. Springett,direct,1.0,1.0,1
A.R. Springett,1887,http://id.lincsproject.ca/nD5o6LBvxgI,A.R. Springett,direct,1.0,1.0,1
A.R. Springett,1888,http://id.lincsproject.ca/nD5o6LBvxgI,A.R. Springett,direct,1.0,1.0,1
A.R. Springett,1889,http://id.lincsproject.ca/nD5o6LBvxgI,A.R. Springett,direct,1.0,1.0,1
A.R. Springett,1890,http://id.lincsproject.ca/nD5o6LBvxgI,A.R. Springett,direct,1.0,1.0,1
A.R. Springett,1891,http://id.lincsproject.ca/nD5o6LBvxgI,A.R. Springett,direct,1.0,1.0,1
"A.S. Langrill, Asst",1896,http://id.lincsproject.ca/h918h6JmQaP,A.S. Langrill,direct,0.9825,0.28,1
A.W. Ponton,1888,http://id.lincsproject.ca/tI6H2TGHW4q,A.W. Ponton,direct,1.0,1.0,1
A.W. Ponton,1889,http://id.lincsproject.ca/tI6H2TGHW4q,A.W. Ponton,direct,1.0,1.0,1
A.W. Ponton,1890,http://id.lincsproject.ca/tI6H2TGHW4q,A.W. Ponton,direct,1.0,1.0,1
A.W. Ponton,1891,http://id.lincsproject.ca/tI6H2TGHW4q,A.W. Ponton,direct,1.0,1.0,1
A.W. Ponton,1892,http://id.lincsproject.ca/tI6H2TGHW4q,A.W. Ponton,direct,1.0,1.0,1
A.W. Ponton,1893,http://id.lincsproject.ca/tI6H2TGHW4q,A.W. Ponton,direct,1.0,1.0,1
A.W. Ponton,1894,http://id.lincsproject.ca/tI6H2TGHW4q,A.W. Ponton,direct,1.0,1.0,1
A.W. Taylor,1889,http://id.lincsproject.ca/Slt73AZaYyS,A.W. Taylor,direct,1.0,1.0,1
A.W. Vowell,1890,http://www.wikidata.org/entity/Q4800642,A.W. Vowell,direct,1.0,1.0,1
A.W. Vowell,1891,http://www.wikidata.org/entity/Q4800642,A.W. Vowell,direct,1.0,1.0,1
A.W. Vowell,1892,http://www.wikidata.org/entity/Q4800642,A.W. Vowell,direct,1.0,1.0,1
A.W. Vowell,1893,http://www.wikidata.org/entity/Q4800642,A.W. Vowell,direct,1.0,1.0,1
A.W. Vowell,1894,http://www.wikidata.org/entity/Q4800642,A.W. Vowell,direct,1.0,1.0,1
A.W.L. Gompertz,1886,http://id.lincsproject.ca/vNslwWtYDwC,A.W.L. Gompertz,direct,1.0,1.0,1
A.W.L. Gompertz,1887,http://id.lincsproject.ca/vNslwWtYDwC,A.W.L. Gompertz,direct,1.0,1.0,1
A.W.L. Gompertz,1888,http://id.lincsproject.ca/vNslwWtYDwC,A.W.L. Gompertz,direct,1.0,1.0,1
A.W.L. Gompertz,1889,http://id.lincsproject.ca/vNslwWtYDwC,A.W.L. Gompertz,direct,1.0,1.0,1
A.W.L. Gompertz,1890,http://id.lincsproject.ca/vNslwWtYDwC,A.W.L. Gompertz,direct,1.0,1.0,1
A.W.L. Gompertz,1891,http://id.lincsproject.ca/vNslwWtYDwC,A.W.L. Gompertz,direct,1.0,1.0,1
A.W.L. Gompertz,1892,http://id.lincsproject.ca/vNslwWtYDwC,A.W.L. Gompertz,direct,1.0,1.0,1
A.W.L. Gompertz,1893,http://id.lincsproject.ca/vNslwWtYDwC,A.W.L. Gompertz,direct,1.0,1.0,1
A.W.L. Gompertz,1894,http://id.lincsproject.ca/vNslwWtYDwC,A.W.L. Gompertz,direct,1.0,1.0,1
A.W.L. Gompertz,1895,http://id.lincsproject.ca/vNslwWtYDwC,A.W.L. Gompertz,direct,1.0,1.0,1
A.W.L. Gompertz.,1896,http://id.lincsproject.ca/vNslwWtYDwC,A.W.L. Gompertz,direct,1.0,1.0,1
"Abbott, William Van",1897,http://id.lincsproject.ca/tHnZP9hiacq,Wm. Van Abbot,direct,0.9608,0.9608,1
"Abbott, William Van",1899,http://id.lincsproject.ca/tHnZP9hiacq,Wm. Van Abbot,direct,0.9608,0.9608,1
Adam English,1895,http://id.lincsproject.ca/1smijfYkILL,A. English,direct,1.0,1.0,1
Adam English.,1896,http://id.lincsproject.ca/1smijfYkILL,A. English,direct,1.0,1.0,1
"Adams, Horace",1904,http://id.lincsproject.ca/1x4Fsv0pIVQ,"Adams, H.",direct,1.0,0.35,1
"Adams, Joshua",1899,http://id.lincsproject.ca/kxL0fMPk2DP,Joshua Adams,direct,1.0,1.0,1
"Adams, Joshua",1904,http://id.lincsproject.ca/kxL0fMPk2DP,Joshua Adams,direct,1.0,0.35,1
Agnes Cameron,1891,http://id.lincsproject.ca/cuNCB7ZTulk,Agnes Cameron,direct,1.0,0.315,1
Ah Toon,1892,http://id.lincsproject.ca/Vkwho1jnsgg,Ah Toon,direct,1.0,1.0,1
Ah Toon,1893,http://id.lincsproject.ca/Vkwho1jnsgg,Ah Toon,direct,1.0,1.0,1
Alex Brosseau,1895,http://id.lincsproject.ca/HsxWqmYiN9A,A. Brosseau,direct,1.0,1.0,1
Alex McGibbon,1886,http://www.wikidata.org/entity/Q23932747,Alex McGibbon,direct,1.0,1.0,1
Alex McGibbon,1887,http://www.wikidata.org/entity/Q23932747,Alex McGibbon,direct,1.0,1.0,1
Alex. B. Cowan,1895,http://id.lincsproject.ca/nGpHdiFPCWH,A.B Cowan,direct,1.0,1.0,1
Alex. Brosseau,1896,http://id.lincsproject.ca/HsxWqmYiN9A,A. Brosseau,direct,1.0,1.0,1
Alex. M. Ironside,1895,http://id.lincsproject.ca/oAkYUb8lWDS,A.M. Ironside,direct,1.0,1.0,1
Alex. M. Ironside,1896,http://id.lincsproject.ca/oAkYUb8lWDS,A.M. Ironside,direct,1.0,1.0,1
Alex. McGibbon,1888,http://www.wikidata.org/entity/Q23932747,Alex McGibbon,direct,1.0,1.0,1
Alex. McGibbon,1889,http://www.wikidata.org/entity/Q23932747,Alex McGibbon,direct,1.0,1.0,1
Alex. McGibbon,1890,http://www.wikidata.org/entity/Q23932747,Alex McGibbon,direct,1.0,1.0,1
Alex. McGibbon,1891,http://www.wikidata.org/entity/Q23932747,Alex McGibbon,direct,1.0,1.0,1
Alex. McGibbon,1892,http://www.wikidata.org/entity/Q23932747,Alex McGibbon,direct,1.0,1.0,1
Alex. McGibbon,1893,http://www.wikidata.org/entity/Q23932747,Alex McGibbon,direct,1.0,1.0,1
Alex. McGibbon,1894,http://www.wikidata.org/entity/Q23932747,Alex McGibbon,direct,1.0,1.0,1
Alex. McGibbon,1895,http://www.wikidata.org/entity/Q23932747,Alex McGibbon,direct,1.0,1.0,1
Alex. McGibbon,1896,http://www.wikidata.org/entity/Q23932747,Alex McGibbon,direct,1.0,0.35,1
Alex. McKelvey,1895,http://id.lincsproject.ca/UPNvZd8EGhR,Alex McKelvey,direct,1.0,0.4345,1
Alex. McKelvey,1896,http://id.lincsproject.ca/UPNvZd8EGhR,Alex McKelvey,direct,1.0,0.4345,1
Alex. S. McDougall,1896,http://id.lincsproject.ca/80IKVuhCNQu,Alex S. McDougall,direct,1.0,0.0803,1
Alex. Scott,1881,http://id.lincsproject.ca/rwqny7YVEzC,Alex. Scott,direct,1.0,0.35,2
Alex. Scott,1882,http://id.lincsproject.ca/rwqny7YVEzC,Alex. Scott,direct,1.0,0.35,1
"Alexander, Dominick",1904,http://id.lincsproject.ca/iDmuk0tofaj,Dominick Alexander,direct,1.0,1.0,1
Alfred E. Kemp,1895,http://id.lincsproject.ca/VxZVNofkoKR,A.E. Kemp,direct,1.0,1.0,1
Alfred E. Kemp,1896,http://id.lincsproject.ca/VxZVNofkoKR,A.E. Kemp,direct,1.0,1.0,1
Alfred E. Kemp,1897,http://id.lincsproject.ca/VxZVNofkoKR,A.E. Kemp,direct,1.0,1.0,1
Alfred E. Kemp,1899,http://id.lincsproject.ca/VxZVNofkoKR,A.E. Kemp,direct,1.0,1.0,1
Alfred E. Kemp,1904,http://id.lincsproject.ca/VxZVNofkoKR,A.E. Kemp,direct,1.0,1.0,1
Alfred E. Kemp,1910,http://id.lincsproject.ca/VxZVNofkoKR,A.E. Kemp,direct,1.0,1.0,1
Alice Curran,1890,http://id.lincsproject.ca/wbsKMHj4svD,Alice Curran,direct,1.0,0.35,1
Alice M.S. Graham,1895,http://id.lincsproject.ca/ROf17Nph66H,Alice M.S. Graham,direct,1.0,0.35,1
Alice M.S. Graham,1896,http://id.lincsproject.ca/ROf17Nph66H,Alice M.S. Graham,direct,1.0,0.35,1
Alice M.S. Graham,1897,http://id.lincsproject.ca/ROf17Nph66H,Alice M.S. Graham,direct,1.0,0.2975,1
Alice M.S. Graham,1904,http://id.lincsproject.ca/ROf17Nph66H,Alice M.S. Graham,direct,1.0,0.2975,1
Allan N. McNeill,1896,http://id.lincsproject.ca/o4vQT4nwFXn,A.N. McNeil,direct,0.9944,0.0875,1
Allan N. McNeill,1897,http://id.lincsproject.ca/o4vQT4nwFXn,A.N. McNeil,direct,0.9944,0.0875,1
Amelia Druais,1889,http://id.lincsproject.ca/Pl8xKVUCTgY,Amelia Druais,direct,1.0,1.0,1
Amelia Druais,1890,http://id.lincsproject.ca/Pl8xKVUCTgY,Amelia Druais,direct,1.0,0.402,1
Amos Wright,1880,http://www.wikidata.org/entity/Q2843935,Amos Wright,direct,1.0,0.35,1
Amos Wright,1881,http://www.wikidata.org/entity/Q2843935,Amos Wright,direct,1.0,1.0,1
Amos Wright,1882,http://www.wikidata.org/entity/Q2843935,Amos Wright,direct,1.0,0.35,1
"Anderson, Charles",1897,http://id.lincsproject.ca/mxlgXaCQJH6,Charles Anderson,direct,1.0,0.35,1
"Anderson, George",1897,http://id.lincsproject.ca/Fi8tEYQ0jMq,George Anderson,direct,1.0,0.35,1
"Anderson, George",1899,http://id.lincsproject.ca/Fi8tEYQ0jMq,George Anderson,direct,1.0,0.35,1
"Anderson, P.",1899,http://id.lincsproject.ca/5HDO34tGMWB,P. Anderson,direct,1.0,0.35,1
"Anderson, P.",1904,http://id.lincsproject.ca/5HDO34tGMWB,P. Anderson,direct,1.0,1.0,1
"Anderson, W.J.",1910,http://id.lincsproject.ca/TFUqyMAkNRy,W.J. Anderson,direct,1.0,1.0,1
Andronique Marion,1889,http://id.lincsproject.ca/zI9ereU4Ky4,Andronique Marion,direct,1.0,0.35,1
Andronique Marion,1890,http://id.lincsproject.ca/zI9ereU4Ky4,Andronique Marion,direct,1.0,0.35,1
Andronique Marion,1891,http://id.lincsproject.ca/zI9ereU4Ky4,Andronique Marion,direct,1.0,0.35,1
Andronique Marion,1892,http://id.lincsproject.ca/zI9ereU4Ky4,Andronique Marion,direct,1.0,0.35,1
Angus Mackay,1894,http://www.wikidata.org/entity/Q4764197,A. McKay,direct,0.9415,0.2915,1
Angus McKay,1895,http://www.wikidata.org/entity/Q4764197,A. McKay,direct,1.0,0.35,1
Angus McKay,1896,http://www.wikidata.org/entity/Q4764197,A. McKay,direct,1.0,0.35,1
Angus S. Williams,1910,http://id.lincsproject.ca/UzONctyxr9X,Angus S. Williams,direct,1.0,0.0875,1
Anna B. Hockley,1889,http://id.lincsproject.ca/lA3QPyjUgTG,Anna B. Hockley,direct,1.0,0.35,1
Anna B. Hockley,1890,http://id.lincsproject.ca/lA3QPyjUgTG,Anna B. Hockley,direct,1.0,0.35,1
Anna B. Hockley,1891,http://id.lincsproject.ca/lA3QPyjUgTG,Anna B. Hockley,direct,1.0,0.35,1
Anna B. Hockley,1892,http://id.lincsproject.ca/lA3QPyjUgTG,Anna B. Hockley,direct,1.0,0.35,1
Annie C. Taylor,1890,http://id.lincsproject.ca/AMaYFVmCIJk,Annie C. Taylor,direct,1.0,1.0,1
Annie C. Taylor,1895,http://id.lincsproject.ca/AMaYFVmCIJk,Annie C. Taylor,direct,1.0,0.35,1
Annie C. Taylor,1896,http://id.lincsproject.ca/AMaYFVmCIJk,Annie C. Taylor,direct,1.0,0.35,1
Annie C. Taylor,1897,http://id.lincsproject.ca/AMaYFVmCIJk,Annie C. Taylor,direct,1.0,0.35,1
Annie C. Taylor,1899,http://id.lincsproject.ca/AMaYFVmCIJk,Annie C. Taylor,direct,1.0,0.35,1
Annie Doyle,1910,http://id.lincsproject.ca/aIfxlKNp30G,Annie Doyle,direct,1.0,1.0,1
Annie M. Garfoote,1899,http://id.lincsproject.ca/qpeAmgklQhP,Annie M. Garfoote,direct,1.0,1.0,1
Annie Scott,1889,http://id.lincsproject.ca/qdCNjxF1yZ7,Annie Scott,direct,1.0,0.35,1
Annie Speers,1889,http://id.lincsproject.ca/DW8x9Aeo0xG,Annie Speers,direct,1.0,1.0,1
Antoine O. Bastien,1895,http://id.lincsproject.ca/8xdEcbDgQUC,A. Bastien,direct,0.9825,0.9825,1
Antoine O. Bastien,1896,http://id.lincsproject.ca/8xdEcbDgQUC,A. Bastien,direct,0.9825,0.9825,1
"Appikokie, Jas",1897,http://id.lincsproject.ca/ZK513HnscG8,Jas. Appikokie,direct,1.0,1.0,1
"Arcand, A.",1897,http://id.lincsproject.ca/KefyRrY6VnB,A. Arcand,direct,1.0,0.35,1
"Arcand, D.",1897,http://id.lincsproject.ca/z7YtIvkLTEm,D. Arcand,direct,1.0,0.35,1
"Armstrong, J.W., M.D.",1910,http://www.wikidata.org/entity/Q6145539,J.W. Armstrong,direct,1.0,1.0,1
"Arnaud, Rev. C.",1910,http://viaf.org/viaf/2598885,C. Arnaud,direct,1.0,0.4092,1
"Arsenault, John O",1897,http://id.lincsproject.ca/UwUXs4g9aEc,John Arsenault,direct,0.9925,0.9925,1
"Arsenault, John O.",1899,http://id.lincsproject.ca/UwUXs4g9aEc,John Arsenault,direct,0.9925,0.9925,1
"Arsenault, John O.",1904,http://id.lincsproject.ca/UwUXs4g9aEc,John Arsenault,direct,0.9925,0.9925,1
"Arsenault, John, O.",1910,http://id.lincsproject.ca/UwUXs4g9aEc,John Arsenault,direct,0.9825,0.9825,1
Arthur W. Vowell,1895,http://www.wikidata.org/entity/Q4800642,A.W. Vowell,direct,1.0,1.0,1
Arthur W. Vowell,1896,http://www.wikidata.org/entity/Q4800642,A.W. Vowell,direct,1.0,1.0,1
"Arthur, R.H., M.D.",1897,http://id.lincsproject.ca/mMaTFWe0ya0,R.H. Arthur,direct,1.0,1.0,1
"Arthur, R.H., M.D.",1899,http://id.lincsproject.ca/mMaTFWe0ya0,R.H. Arthur,direct,1.0,1.0,1
"Arthur, R.H., M.D.",1904,http://id.lincsproject.ca/mMaTFWe0ya0,R.H. Arthur,direct,1.0,1.0,1
"Arthur, R.H., M.D.",1910,http://id.lincsproject.ca/mMaTFWe0ya0,R.H. Arthur,direct,1.0,1.0,1
Ashdown H. Green,1895,http://id.lincsproject.ca/gDlK3LtJR4J,A.H. Green,direct,1.0,0.35,1
Ashdown H. Green,1896,http://id.lincsproject.ca/gDlK3LtJR4J,A.H. Green,direct,1.0,0.35,1
"Ashdown, L.",1899,http://id.lincsproject.ca/kKBb09as7xi,L. Ashdown,direct,1.0,1.0,1
"Ashdown, R.L.",1904,http://id.lincsproject.ca/rPOerluNW6W,R.L. Ashdown,direct,1.0,1.0,1
"Aspdin, Thos. W.",1897,http://id.lincsproject.ca/EoRtsNhMe15,"Aspdin, Thos.W.",direct,1.0,1.0,1
"Aspdin, Thos. W.",1899,http://id.lincsproject.ca/EoRtsNhMe15,"Aspdin, Thos.W.",direct,1.0,1.0,1
"Aylen, P., M.D.",1910,http://id.lincsproject.ca/DRAG3XwGPUD,P. Aylen,direct,1.0,1.0,1
"Aylsworth, W.R",1904,http://id.lincsproject.ca/WwoVcNkfZre,"Aylsworth, W.R",direct,1.0,1.0,1
B. Laroque,1894,http://id.lincsproject.ca/K0ecRsqa8b8,B. Laroque,direct,1.0,0.35,1
B. McNeill,1888,http://id.lincsproject.ca/6Xaqqf0G75M,B. McNeil,direct,0.9944,0.35,1
B.B. Miller,1880,http://id.lincsproject.ca/yf0xDF08FP8,B.B. Miller,direct,1.0,0.35,1
B.B. Miller,1881,http://id.lincsproject.ca/yf0xDF08FP8,B.B. Miller,direct,1.0,0.35,1
B.B. Miller,1882,http://id.lincsproject.ca/yf0xDF08FP8,B.B. Miller,direct,1.0,0.35,1
B.B. Miller,1883,http://id.lincsproject.ca/yf0xDF08FP8,B.B. Miller,direct,1.0,0.35,1
B.B. Miller,1884,http://id.lincsproject.ca/yf0xDF08FP8,B.B. Miller,direct,1.0,0.35,1
B.H.G. Vicars,1881,http://id.lincsproject.ca/9BqQBNLzWO5,B.H.G. Vicars,direct,1.0,1.0,1
B.H.G. Vicars,1882,http://id.lincsproject.ca/9BqQBNLzWO5,B.H.G. Vicars,direct,1.0,1.0,1
B.W. Ross,1880,http://id.lincsproject.ca/pXymoHwC18b,B.W. Ross,direct,1.0,1.0,1
B.W. Ross,1881,http://id.lincsproject.ca/pXymoHwC18b,B.W. Ross,direct,1.0,1.0,1
B.W. Ross,1882,http://id.lincsproject.ca/pXymoHwC18b,B.W. Ross,direct,1.0,0.35,1
B.W. Ross,1883,http://id.lincsproject.ca/pXymoHwC18b,B.W. Ross,direct,1.0,0.175,1
B.W. Ross,1884,http://id.lincsproject.ca/pXymoHwC18b,B.W. Ross,direct,1.0,0.175,1
B.W. Ross,1885,http://id.lincsproject.ca/pXymoHwC18b,B.W. Ross,direct,1.0,0.175,1
B.W. Ross,1886,http://id.lincsproject.ca/pXymoHwC18b,B.W. Ross,direct,1.0,0.175,1
B.W. Ross,1887,http://id.lincsproject.ca/pXymoHwC18b,B.W. Ross,direct,1.0,0.35,1
B.W. Ross,1888,http://id.lincsproject.ca/pXymoHwC18b,B.W. Ross,direct,1.0,0.175,1
B.W. Ross,1889,http://id.lincsproject.ca/pXymoHwC18b,B.W. Ross,direct,1.0,0.175,1
B.W. Ross,1890,http://id.lincsproject.ca/pXymoHwC18b,B.W. Ross,direct,1.0,0.175,1
B.W. Ross,1891,http://id.lincsproject.ca/pXymoHwC18b,B.W. Ross,direct,1.0,0.175,1
B.W. Ross,1892,http://id.lincsproject.ca/pXymoHwC18b,B.W. Ross,direct,1.0,0.175,1
B.W. Ross,1893,http://id.lincsproject.ca/pXymoHwC18b,B.W. Ross,direct,1.0,0.175,1
B.W. Ross,1894,http://id.lincsproject.ca/pXymoHwC18b,B.W. Ross,direct,1.0,0.175,1
"Bad Boy, Dick",1910,http://id.lincsproject.ca/zEny7wXZE4E,Dick Bad Boy,direct,0.9925,0.9925,1
"Baker, A.T.",1904,http://id.lincsproject.ca/30LPTeWRXBD,A.T. Baker,direct,1.0,0.35,1
"Baker, H.",1904,http://id.lincsproject.ca/qNZ5UWeN3nZ,H. Baker,direct,1.0,0.35,1
"Baker, W.M.",1897,http://id.lincsproject.ca/cU4VY5aOnbm,W.M. Baker,direct,1.0,1.0,1
"Bangs, E.J.",1897,http://id.lincsproject.ca/6LtSeZHn8kb,E.J. Bangs,direct,1.0,1.0,1
"Bangs, E.J.",1899,http://id.lincsproject.ca/6LtSeZHn8kb,E.J. Bangs,direct,1.0,1.0,1
"Bangs, John",1910,http://id.lincsproject.ca/A7U3yPUbfg1,"Bangs, J.",direct,1.0,1.0,1
"Bannon, Rev. E.J.",1897,http://id.lincsproject.ca/jIVlov1n0c9,E.J. Bannon,direct,1.0,1.0,1
"Bannon, Rev. E.J.",1899,http://id.lincsproject.ca/jIVlov1n0c9,E.J. Bannon,direct,1.0,1.0,1
"Bannon, Rev. E.J.",1910,http://id.lincsproject.ca/jIVlov1n0c9,E.J. Bannon,direct,1.0,1.0,1
"Bannon, Rev. E.J. (R.C.)",1904,http://id.lincsproject.ca/jIVlov1n0c9,E.J. Bannon,direct,0.9825,0.9825,1
Baptiste Sayer,1896,http://id.lincsproject.ca/lcb6vRI9zIi,Baptiste Sayer,direct,1.0,1.0,1
"Bard, D.",1904,http://id.lincsproject.ca/aF4az1zeuQ0,D. Bard,direct,1.0,0.4345,1
"Barnaby, T.",1899,http://www.wikidata.org/entity/Q7787394,T. Barnaby,direct,1.0,1.0,1
"Bastien, Antoine O",1897,http://id.lincsproject.ca/8xdEcbDgQUC,A. Bastien,direct,0.9825,0.9825,1
"Bastien, Antoine O.",1899,http://id.lincsproject.ca/8xdEcbDgQUC,A. Bastien,direct,0.9825,0.9825,1
"Bastien, Antoine O.",1904,http://id.lincsproject.ca/8xdEcbDgQUC,A. Bastien,direct,0.9825,0.9825,1
"Bastien, Antoine O.",1910,http://id.lincsproject.ca/8xdEcbDgQUC,A. Bastien,direct,0.9825,0.9825,1
"Batty, J.",1897,http://id.lincsproject.ca/u2B2qS5xfq3,J. Batty,direct,1.0,1.0,1
"Batty, J.",1904,http://id.lincsproject.ca/u2B2qS5xfq3,J. Batty,direct,1.0,0.3695,1
"Batty, J.",1910,http://id.lincsproject.ca/u2B2qS5xfq3,J. Batty,direct,1.0,1.0,1
"Baxter, George E.",1910,http://id.lincsproject.ca/PD8b5Kk5Gno,George E. Baxter,direct,1.0,0.35,1
"Baxter, J., M.D.",1897,http://id.lincsproject.ca/Q3qfz2FI2Hm,J. Baxter,direct,1.0,1.0,1
"Baxter, J., M.D.",1899,http://id.lincsproject.ca/Q3qfz2FI2Hm,J. Baxter,direct,1.0,1.0,1
"Baxter, J., M.D.",1904,http://id.lincsproject.ca/Q3qfz2FI2Hm,J. Baxter,direct,1.0,1.0,1
"Baxter, J., M.D.",1910,http://id.lincsproject.ca/Q3qfz2FI2Hm,J. Baxter,direct,1.0,0.35,1
Beatrice Phelan,1910,http://id.lincsproject.ca/9wbQ8x763zh,Beatrice Phelan,direct,1.0,0.35,1
"Beatty, R.",1904,http://id.lincsproject.ca/X1eCu5DGBsD,R. Beatty,direct,1.0,0.3695,1
"Beaulieu, E.",1899,http://id.lincsproject.ca/S27TNti3cv3,"Beaulieu, E.",direct,1.0,1.0,1
"Beaulieu, Edouard",1910,http://id.lincsproject.ca/S27TNti3cv3,"Beaulieu, E.",direct,1.0,1.0,1
"Beaulieu, R.",1904,http://id.lincsproject.ca/BLfWx8UyuRh,R. Beaulieu,direct,1.0,1.0,1
"Beaver, G.W., M.D.",1910,http://id.lincsproject.ca/7GmAQ9BITFn,G.W. Beaver,direct,1.0,1.0,1
"Beckwith, Chas. E.",1897,http://id.lincsproject.ca/eNBA67HWkjk,C.E. Beckwith,direct,1.0,1.0,1
"Beckwith, Chas. E.",1899,http://id.lincsproject.ca/eNBA67HWkjk,C.E. Beckwith,direct,1.0,1.0,1
"Beckwith, Chas. E.",1904,http://id.lincsproject.ca/eNBA67HWkjk,C.E. Beckwith,direct,1.0,1.0,1
"Beckwith, Chas. E.",1910,http://id.lincsproject.ca/eNBA67HWkjk,C.E. Beckwith,direct,1.0,1.0,1
"Bedard, E., M.D.",1904,http://id.lincsproject.ca/Nm9Rs5dJNEK,E. Bedard,direct,1.0,1.0,1
"Beech, A., M.D.",1910,http://id.lincsproject.ca/34XxWspmGBJ,Alan Beech,direct,1.0,1.0,1
"Beer, F.L., M.D.",1910,http://id.lincsproject.ca/BhZDhJC6hyw,F.L. Beer,direct,1.0,1.0,1
"Begg, J.W., M.D.",1897,http://id.lincsproject.ca/VIHMbBBnT4D,J.W. Begg,direct,1.0,1.0,1
"Begg, Magnus",1899,http://id.lincsproject.ca/5vzrWmnDQsA,M. Begg,direct,1.0,1.0,1
"Bell, Ewen",1897,http://id.lincsproject.ca/AQmMo2TS80C,Ewen Bell,direct,1.0,1.0,1
"Bell, Ewen",1899,http://id.lincsproject.ca/AQmMo2TS80C,Ewen Bell,direct,1.0,1.0,1
"Bell, Ewen",1904,http://id.lincsproject.ca/AQmMo2TS80C,Ewen Bell,direct,1.0,1.0,1
Benj. Hayter,1889,http://id.lincsproject.ca/Fg5MiVVf5Md,Benj. Hayter,direct,1.0,1.0,1
Benj. Hayter,1890,http://id.lincsproject.ca/Fg5MiVVf5Md,Benj. Hayter,direct,1.0,1.0,1
Benj. Hayter,1891,http://id.lincsproject.ca/Fg5MiVVf5Md,Benj. Hayter,direct,1.0,1.0,1
Benj. Hayter,1892,http://id.lincsproject.ca/Fg5MiVVf5Md,Benj. Hayter,direct,1.0,1.0,1
Benj. Hayter,1894,http://id.lincsproject.ca/Fg5MiVVf5Md,Benj. Hayter,direct,1.0,1.0,1
Benjamin W. Ross,1895,http://id.lincsproject.ca/pXymoHwC18b,B.W. Ross,direct,1.0,0.175,1
Benjamin W. Ross,1896,http://id.lincsproject.ca/pXymoHwC18b,B.W. Ross,direct,1.0,0.175,1
"Bennett, Edmund",1897,http://id.lincsproject.ca/SyBFSXMUZjj,E. Bennett,direct,1.0,1.0,1
"Bennett, Edmund",1899,http://id.lincsproject.ca/SyBFSXMUZjj,E. Bennett,direct,1.0,1.0,1
"Benson, J.S., M.D.",1897,http://id.lincsproject.ca/Mw1VVr9edRE,J.S. Benson,direct,1.0,0.35,1
"Benson, J.S., M.D.",1899,http://id.lincsproject.ca/Mw1VVr9edRE,J.S. Benson,direct,1.0,0.35,1
"Benson, J.S., M.D.",1904,http://id.lincsproject.ca/Mw1VVr9edRE,J.S. Benson,direct,1.0,0.35,1
"Berry, J.D., M.D.",1910,http://id.lincsproject.ca/1HEmY5RUd2P,J.D. Berry,direct,1.0,0.3857,1
"Berryman, H.",1910,http://id.lincsproject.ca/DcXfJVxdYJi,H. Berryman,direct,1.0,0.3857,1
"Betournay, Geo. A., M.A.",1897,http://id.lincsproject.ca/SHfU7RxoM1S,G.A. Betourney,direct,0.9666,0.9666,1
"Betournay, Geo. A., M.A.",1899,http://id.lincsproject.ca/SHfU7RxoM1S,G.A. Betourney,direct,0.9666,0.9666,1
"Betournay, Geo. A., M.A.",1904,http://id.lincsproject.ca/SHfU7RxoM1S,G.A. Betourney,direct,0.9666,0.9666,1
"Betournay, Geo. A., M.A.",1910,http://id.lincsproject.ca/SHfU7RxoM1S,G.A. Betourney,direct,0.9666,0.9666,1
"Beverley, J.",1910,http://id.lincsproject.ca/VgDu4cyulUs,J. Beverley,direct,1.0,1.0,1
"Big Plume, Jos",1910,http://id.lincsproject.ca/TLkB7m70Ag6,"Big Plume, Jos",direct,1.0,1.0,1
"Bigplume, Jim",1897,http://id.lincsproject.ca/jyDimGr20AY,Jim Bigplume,direct,1.0,1.0,1
"Bird, James R., M.D.",1904,http://id.lincsproject.ca/e4Yq9pb7iQP,James R. Bird,direct,1.0,0.4345,1
"Bird, James R., M.D.",1910,http://id.lincsproject.ca/e4Yq9pb7iQP,James R. Bird,direct,1.0,1.0,1
"Bisset, C.P., M.D.",1897,http://id.lincsproject.ca/CHXjM99Ug3A,C.P. Bissett,direct,0.9944,0.9944,1
"Bissett, C.P., M.D.",1899,http://id.lincsproject.ca/CHXjM99Ug3A,C.P. Bissett,direct,1.0,1.0,1
"Bissett, C.P., M.D.",1904,http://id.lincsproject.ca/CHXjM99Ug3A,C.P. Bissett,direct,1.0,1.0,1
"Bissett, C.P., M.D.",1910,http://id.lincsproject.ca/CHXjM99Ug3A,C.P. Bissett,direct,1.0,1.0,1
Black Tail,1897,http://id.lincsproject.ca/zKTTPUKssTx,Black Tail,direct,1.0,0.175,1
"Black, B., M.D.",1904,http://id.lincsproject.ca/dRLl6tSGcY9,B. Black,direct,1.0,0.35,1
"Black, W.",1904,http://id.lincsproject.ca/ueo8dbrCSLz,"Black, Wm",direct,1.0,0.35,1
"Black, Wm",1910,http://id.lincsproject.ca/ueo8dbrCSLz,"Black, Wm",direct,1.0,1.0,1
"Black, Wm.",1897,http://id.lincsproject.ca/ueo8dbrCSLz,"Black, Wm",direct,1.0,1.0,1
"Black, Wm.",1899,http://id.lincsproject.ca/ueo8dbrCSLz,"Black, Wm",direct,1.0,1.0,1
"Blain, Jean",1904,http://id.lincsproject.ca/B6IleR2Q0q8,Jean Blain,direct,1.0,1.0,1
"Blain, Jean",1910,http://id.lincsproject.ca/B6IleR2Q0q8,Jean Blain,direct,1.0,1.0,1
"Blanc, H.",1904,http://id.lincsproject.ca/7F0sYvTqv4C,H. Blanc,direct,1.0,1.0,1
"Blanc, Henri",1897,http://id.lincsproject.ca/7F0sYvTqv4C,H. Blanc,direct,1.0,0.35,1
"Blanc, Vital",1897,http://id.lincsproject.ca/yzK0daGOLbo,Vital Blanc,direct,1.0,0.35,1
Blanche Mann,1896,http://id.lincsproject.ca/PqmgANCBuWk,Mann B.E.,direct,0.9825,0.3325,1
"Blewett, W.G.",1910,http://id.lincsproject.ca/cWlnIA4sFM6,"Blewtt, W.G.",direct,0.9944,0.9944,1
"Blomfield, Charles",1899,http://id.lincsproject.ca/HpHH0OMdaPd,C.J. Blomfield,direct,0.9825,0.9825,1
"Blomfield, Charles James",1897,http://id.lincsproject.ca/HpHH0OMdaPd,C.J. Blomfield,direct,1.0,1.0,1
"Bolster, Miss E.G.",1910,http://id.lincsproject.ca/h1k8xn6qyOP,E.G. Bolster,direct,1.0,1.0,1
"Bonin, Louis N.",1904,http://id.lincsproject.ca/4PAghQbYPgK,Louis N. Bonin,direct,1.0,1.0,1
"Bonjou, Victor, M.D.",1904,http://id.lincsproject.ca/vOEDuNEj2RT,Victor Bonjou,direct,1.0,1.0,1
"Borthwick, T.",1910,http://id.lincsproject.ca/YOKlv97KpZG,"Borthwick, T.",direct,1.0,1.0,1
"Boucher, Wilfrid C.",1897,http://id.lincsproject.ca/4RNDX7F4uGB,Wilfrid C. Boucher,direct,1.0,1.0,1
"Bourgeault, V., M.D.",1904,http://id.lincsproject.ca/tivIhFfCKXE,V. Bourgeault,direct,1.0,0.376,1
"Bourget, F.W.J.",1897,http://id.lincsproject.ca/4Jp1WMbVjmu,F.W.J. Bourget,direct,1.0,1.0,1
"Bourget, Rev. P.",1904,http://id.lincsproject.ca/wBoCl4zkcI4,P. Bourget,direct,1.0,0.376,1
"Bourget, Rev. P.",1910,http://id.lincsproject.ca/wBoCl4zkcI4,P. Bourget,direct,1.0,1.0,1
"Bowman, George, M.D.",1897,http://id.lincsproject.ca/EMqIVzYWuNd,Geo. Bowman,direct,1.0,1.0,1
"Bowman, George, M.D.",1899,http://id.lincsproject.ca/EMqIVzYWuNd,Geo. Bowman,direct,1.0,1.0,1
"Boyd, A.J.",1910,http://id.lincsproject.ca/bwPKhyjlR8d,A.J. Boyd,direct,1.0,0.2975,1
"Boyd, C.A., M.D.",1910,http://id.lincsproject.ca/X7tm2htwft5,C.A. Boyd,direct,1.0,0.2975,1
Brass A.,1910,http://id.lincsproject.ca/DkMOhmCl8dN,Brass A.,direct,1.0,1.0,1
"Brass, John",1897,http://id.lincsproject.ca/EOo7GFJaKAg,John Brass,direct,1.0,1.0,1
"Brass, John",1899,http://id.lincsproject.ca/EOo7GFJaKAg,John Brass,direct,1.0,1.0,1
"Brass, John",1904,http://id.lincsproject.ca/EOo7GFJaKAg,John Brass,direct,1.0,1.0,1
"Brazeau, Antoine",1897,http://id.lincsproject.ca/bAxDDVPqkox,Antoine Brazeau,direct,1.0,1.0,1
"Brazeau, Antoine",1899,http://id.lincsproject.ca/bAxDDVPqkox,Antoine Brazeau,direct,1.0,1.0,1
"Brereton, D.L.",1910,http://id.lincsproject.ca/k5dShMB0XDI,D.L. Brereton,direct,1.0,1.0,1
"Brosseau, Alex",1897,http://id.lincsproject.ca/HsxWqmYiN9A,A. Brosseau,direct,1.0,1.0,1
"Brosseau, Alex",1899,http://id.lincsproject.ca/HsxWqmYiN9A,A. Brosseau,direct,1.0,1.0,1
"Brown, Miss. L.",1910,http://id.lincsproject.ca/T1xZ1V4b8Y5,L. Brown,direct,1.0,1.0,1
"Bryden-Jack, W.D., M.D.",1904,http://id.lincsproject.ca/XWQHVhsQWLf,W.D. Bryden-Jack,direct,1.0,0.2307,1
"Burwash, Adam",1899,http://id.lincsproject.ca/OWW4GUl0oYF,Adam Burwash,direct,1.0,1.0,1
"Burwash, Adam",1904,http://id.lincsproject.ca/OWW4GUl0oYF,Adam Burwash,direct,1.0,1.0,1
C. A. Lawford,1882,http://id.lincsproject.ca/POl0u3H6MxK,C. Lawford,direct,0.9825,0.9825,1
C. Campain,1891,http://id.lincsproject.ca/RXjJKlqoO8O,C. Campain,direct,1.0,1.0,1
C. Carson,1883,http://id.lincsproject.ca/PsLYiJ59dxL,C. Carson,direct,1.0,1.0,1
C. Carson,1884,http://id.lincsproject.ca/PsLYiJ59dxL,C. Carson,direct,1.0,1.0,1
C. Carson,1885,http://id.lincsproject.ca/PsLYiJ59dxL,C. Carson,direct,1.0,1.0,1
C. Carson,1886,http://id.lincsproject.ca/PsLYiJ59dxL,C. Carson,direct,1.0,0.35,1
C. Choquette,1892,http://id.lincsproject.ca/VpEOw2tgPuD,C. Choquette,direct,1.0,1.0,1
C. D'Aunais,1880,http://id.lincsproject.ca/wJIVTy5MKBi,C. D'Aunais,direct,1.0,1.0,1
C. D'Aunais,1881,http://id.lincsproject.ca/wJIVTy5MKBi,C. D'Aunais,direct,1.0,1.0,1
C. D'Aunais,1882,http://id.lincsproject.ca/wJIVTy5MKBi,C. D'Aunais,direct,1.0,1.0,1
C. DeCazes,1890,http://id.lincsproject.ca/issK33Jt3Ol,C. DeCazes,direct,1.0,1.0,1
C. DeCazes,1891,http://id.lincsproject.ca/issK33Jt3Ol,C. DeCazes,direct,1.0,1.0,1
C. DeCazes,1892,http://id.lincsproject.ca/issK33Jt3Ol,C. DeCazes,direct,1.0,1.0,1
C. DeCazes,1893,http://id.lincsproject.ca/issK33Jt3Ol,C. DeCazes,direct,1.0,1.0,1
C. Favel,1890,http://id.lincsproject.ca/0yUPF3f2Wmc,C. Favel,direct,1.0,1.0,1
C. Favel,1891,http://id.lincsproject.ca/0yUPF3f2Wmc,C. Favel,direct,1.0,1.0,1
C. Favel,1892,http://id.lincsproject.ca/0yUPF3f2Wmc,C. Favel,direct,1.0,0.35,1
C. Favel,1893,http://id.lincsproject.ca/0yUPF3f2Wmc,C. Favel,direct,1.0,1.0,1
C. Favel,1894,http://id.lincsproject.ca/0yUPF3f2Wmc,C. Favel,direct,1.0,1.0,1
C. Gearypie,1890,http://id.lincsproject.ca/6BhGRv00gTZ,C. Gearypie,direct,1.0,1.0,1
C. Kettles,1880,http://id.lincsproject.ca/DGohksLyCl4,C. Kettles,direct,1.0,1.0,1
C. Kettles,1881,http://id.lincsproject.ca/DGohksLyCl4,C. Kettles,direct,1.0,1.0,1
C. Kettles,1882,http://id.lincsproject.ca/DGohksLyCl4,C. Kettles,direct,1.0,1.0,1
C. Lawford,1886,http://id.lincsproject.ca/POl0u3H6MxK,C. Lawford,direct,1.0,1.0,1
C. Lawford,1887,http://id.lincsproject.ca/POl0u3H6MxK,C. Lawford,direct,1.0,1.0,1
C. Lawford,1888,http://id.lincsproject.ca/POl0u3H6MxK,C. Lawford,direct,1.0,1.0,1
C. Lawford,1889,http://id.lincsproject.ca/POl0u3H6MxK,C. Lawford,direct,1.0,0.35,1
C. Lawford,1890,http://id.lincsproject.ca/POl0u3H6MxK,C. Lawford,direct,1.0,0.35,1
C. Lawford,1891,http://id.lincsproject.ca/POl0u3H6MxK,C. Lawford,direct,1.0,0.35,1
C. Lawford,1892,http://id.lincsproject.ca/POl0u3H6MxK,C. Lawford,direct,1.0,0.35,1
C. Lawford,1893,http://id.lincsproject.ca/POl0u3H6MxK,C. Lawford,direct,1.0,1.0,1
C. Lawford,1894,http://id.lincsproject.ca/POl0u3H6MxK,C. Lawford,direct,1.0,1.0,1
C. Lawford,1895,http://id.lincsproject.ca/POl0u3H6MxK,C. Lawford,direct,1.0,1.0,1
C. Lawford,1896,http://id.lincsproject.ca/POl0u3H6MxK,C. Lawford,direct,1.0,1.0,1
C. Miles,1889,http://id.lincsproject.ca/bhEL0KHBNSa,C. Miles,direct,1.0,0.3977,1
C. Miles,1890,http://id.lincsproject.ca/bhEL0KHBNSa,C. Miles,direct,1.0,0.3977,1
C. Miles,1891,http://id.lincsproject.ca/bhEL0KHBNSa,C. Miles,direct,1.0,0.3977,1
C. Miles,1892,http://id.lincsproject.ca/bhEL0KHBNSa,C. Miles,direct,1.0,0.3977,1
C. Pratt,1888,http://id.lincsproject.ca/a8yqJXtBQbq,C. Pratt,direct,1.0,1.0,1
C. Prevost,1883,http://id.lincsproject.ca/XovvXi0Wl8V,C. Prevost,direct,1.0,1.0,1
C. Reiffenstein,1884,http://id.lincsproject.ca/1pqGsL1xMjS,C. Reiffenstein,direct,1.0,1.0,1
C. Reiffenstein,1885,http://id.lincsproject.ca/1pqGsL1xMjS,C. Reiffenstein,direct,1.0,1.0,1
C. Reiffenstein,1886,http://id.lincsproject.ca/1pqGsL1xMjS,C. Reiffenstein,direct,1.0,1.0,1
C. Reiffenstein,1887,http://id.lincsproject.ca/1pqGsL1xMjS,C. Reiffenstein,direct,1.0,1.0,1
C. Reiffenstein,1888,http://id.lincsproject.ca/1pqGsL1xMjS,C. Reiffenstein,direct,1.0,1.0,1
C. Reiffenstein,1889,http://id.lincsproject.ca/1pqGsL1xMjS,C. Reiffenstein,direct,1.0,1.0,1
C. Reiffenstein,1890,http://id.lincsproject.ca/1pqGsL1xMjS,C. Reiffenstein,direct,1.0,1.0,1
C. Spencer,1890,http://id.lincsproject.ca/3ZDWM0dUIEY,C. Spencer,direct,1.0,1.0,1
C. Symnes,1886,http://id.lincsproject.ca/wGaq50HMXut,C. Symnes,direct,1.0,1.0,1
C. Todd,1888,http://id.lincsproject.ca/53sIVhelte2,C. Todd,direct,1.0,1.0,1
C. Todd,1889,http://id.lincsproject.ca/53sIVhelte2,C. Todd,direct,1.0,1.0,1
C. Todd,1890,http://id.lincsproject.ca/53sIVhelte2,C. Todd,direct,1.0,1.0,1
C. Todd,1891,http://id.lincsproject.ca/53sIVhelte2,C. Todd,direct,1.0,1.0,1
C. Todd,1892,http://id.lincsproject.ca/53sIVhelte2,C. Todd,direct,1.0,1.0,1
C. Todd,1893,http://id.lincsproject.ca/53sIVhelte2,C. Todd,direct,1.0,1.0,1
C.A. Gibson,1893,http://id.lincsproject.ca/ypaVzff7Sbn,C.A. Gibson,direct,1.0,1.0,1
C.A. Lawford,1880,http://id.lincsproject.ca/POl0u3H6MxK,C. Lawford,direct,0.9825,0.9825,1
C.A. Lawford,1881,http://id.lincsproject.ca/POl0u3H6MxK,C. Lawford,direct,0.9825,0.9825,1
C.B. Denny,1883,http://id.lincsproject.ca/2UYXCt3t7n6,C.B. Denny,direct,1.0,1.0,1
C.B. Savage,1880,http://id.lincsproject.ca/d1BJx0SRckJ,C.B. Savage,direct,1.0,1.0,1
C.B. Savage,1881,http://id.lincsproject.ca/d1BJx0SRckJ,C.B. Savage,direct,1.0,1.0,1
C.B. Savage,1882,http://id.lincsproject.ca/d1BJx0SRckJ,C.B. Savage,direct,1.0,1.0,1
C.B. Savage,1883,http://id.lincsproject.ca/d1BJx0SRckJ,C.B. Savage,direct,1.0,1.0,1
C.B. Savage,1884,http://id.lincsproject.ca/d1BJx0SRckJ,C.B. Savage,direct,1.0,1.0,1
C.B. Savage,1885,http://id.lincsproject.ca/d1BJx0SRckJ,C.B. Savage,direct,1.0,1.0,1
C.B. Savage,1886,http://id.lincsproject.ca/d1BJx0SRckJ,C.B. Savage,direct,1.0,1.0,1
C.B. Savage,1887,http://id.lincsproject.ca/d1BJx0SRckJ,C.B. Savage,direct,1.0,1.0,1
C.D. McKenzie,1891,http://id.lincsproject.ca/UjpQEKDxJOd,C.D. McKenzie,direct,1.0,0.2479,1
C.D. McKenzie,1892,http://id.lincsproject.ca/UjpQEKDxJOd,C.D. McKenzie,direct,1.0,0.2479,1
C.E. Beckwith,1889,http://id.lincsproject.ca/eNBA67HWkjk,C.E. Beckwith,direct,1.0,1.0,1
C.E. Beckwith,1890,http://id.lincsproject.ca/eNBA67HWkjk,C.E. Beckwith,direct,1.0,1.0,1
C.E. Beckwith,1891,http://id.lincsproject.ca/eNBA67HWkjk,C.E. Beckwith,direct,1.0,1.0,1
C.E. Beckwith,1892,http://id.lincsproject.ca/eNBA67HWkjk,C.E. Beckwith,direct,1.0,1.0,1
C.E. Beckwith,1893,http://id.lincsproject.ca/eNBA67HWkjk,C.E. Beckwith,direct,1.0,1.0,1
C.E. Beckwith,1894,http://id.lincsproject.ca/eNBA67HWkjk,C.E. Beckwith,direct,1.0,1.0,1
C.E. Denny,1882,http://id.lincsproject.ca/l896FIOdOZ1,C.E. Denny,direct,1.0,1.0,1
C.H. Clarke,1889,http://id.lincsproject.ca/aT6BNret8hM,C.H. Clarke,direct,1.0,0.35,1
C.H. Clarke,1890,http://id.lincsproject.ca/aT6BNret8hM,C.H. Clarke,direct,1.0,0.35,1
C.H. Clarke,1891,http://id.lincsproject.ca/aT6BNret8hM,C.H. Clarke,direct,1.0,0.35,1
C.H. Clarke,1892,http://id.lincsproject.ca/aT6BNret8hM,C.H. Clarke,direct,1.0,0.35,1
C.H. Clarke,1893,http://id.lincsproject.ca/aT6BNret8hM,C.H. Clarke,direct,1.0,0.35,1
C.H. Clarke,1894,http://id.lincsproject.ca/aT6BNret8hM,C.H. Clarke,direct,1.0,1.0,1
C.H. Clarke,1895,http://id.lincsproject.ca/aT6BNret8hM,C.H. Clarke,direct,1.0,1.0,1
C.H. Clarke,1896,http://id.lincsproject.ca/aT6BNret8hM,C.H. Clarke,direct,1.0,1.0,1
C.J. Blomfield,1891,http://id.lincsproject.ca/HpHH0OMdaPd,C.J. Blomfield,direct,1.0,1.0,1
C.J. Blomfield,1892,http://id.lincsproject.ca/HpHH0OMdaPd,C.J. Blomfield,direct,1.0,1.0,1
C.J. Blomfield,1893,http://id.lincsproject.ca/HpHH0OMdaPd,C.J. Blomfield,direct,1.0,1.0,1
C.J. Blomfield,1894,http://id.lincsproject.ca/HpHH0OMdaPd,C.J. Blomfield,direct,1.0,1.0,1
C.J. Bloomfield,1890,http://id.lincsproject.ca/HpHH0OMdaPd,C.J. Blomfield,direct,0.9978,0.9978,1
C.J. Johnson,1892,http://id.lincsproject.ca/WjIFxcTjPDp,C.J. Johnson,direct,1.0,1.0,1
C.J. Johnson,1893,http://id.lincsproject.ca/WjIFxcTjPDp,C.J. Johnson,direct,1.0,1.0,1
C.J. Johnson,1894,http://id.lincsproject.ca/WjIFxcTjPDp,C.J. Johnson,direct,1.0,1.0,2
C.J. Johnson,1895,http://id.lincsproject.ca/WjIFxcTjPDp,C.J. Johnson,direct,1.0,1.0,1
C.J. Johnson,1896,http://id.lincsproject.ca/WjIFxcTjPDp,C.J. Johnson,direct,1.0,1.0,1
C.M. Daunais,1886,http://id.lincsproject.ca/QtxtB971koZ,C.M. Daunais,direct,1.0,1.0,1
C.N. Smellie,1888,http://id.lincsproject.ca/cptDS00lOMl,C.N. Smellie,direct,1.0,1.0,1
C.N. Smellie,1889,http://id.lincsproject.ca/cptDS00lOMl,C.N. Smellie,direct,1.0,1.0,1
C.N. Smellie,1890,http://id.lincsproject.ca/cptDS00lOMl,C.N. Smellie,direct,1.0,1.0,1
C.N. Smellie,1891,http://id.lincsproject.ca/cptDS00lOMl,C.N. Smellie,direct,1.0,1.0,1
C.N. Smellie,1892,http://id.lincsproject.ca/cptDS00lOMl,C.N. Smellie,direct,1.0,1.0,1
C.N. Smellie,1893,http://id.lincsproject.ca/cptDS00lOMl,C.N. Smellie,direct,1.0,1.0,1
C.N. Smellie,1894,http://id.lincsproject.ca/cptDS00lOMl,C.N. Smellie,direct,1.0,1.0,1
C.W.H. Sanders,1890,http://id.lincsproject.ca/Y49VIyMvCIT,C.W.H. Sanders,direct,1.0,1.0,1
C.W.H. Sanders,1891,http://id.lincsproject.ca/Y49VIyMvCIT,C.W.H. Sanders,direct,1.0,1.0,1
C.W.H. Sanders,1892,http://id.lincsproject.ca/Y49VIyMvCIT,C.W.H. Sanders,direct,1.0,1.0,1
C.W.H. Sanders,1894,http://id.lincsproject.ca/Y49VIyMvCIT,C.W.H. Sanders,direct,1.0,1.0,1
C.W.H. Sanders,1895,http://id.lincsproject.ca/Y49VIyMvCIT,C.W.H. Sanders,direct,1.0,1.0,1
C.W.H. Sanders,1896,http://id.lincsproject.ca/Y49VIyMvCIT,C.W.H. Sanders,direct,1.0,1.0,1
C.W.H. Saunders,1886,http://id.lincsproject.ca/Y49VIyMvCIT,C.W.H. Sanders,direct,0.9913,0.9913,1
C.W.H. Saunders,1889,http://id.lincsproject.ca/Y49VIyMvCIT,C.W.H. Sanders,direct,0.9913,0.9913,1
C.W.H. Saunders,1893,http://id.lincsproject.ca/Y49VIyMvCIT,C.W.H. Sanders,direct,0.9913,0.9913,1
"Caldwell, Alex",1897,http://id.lincsproject.ca/5yUksfwb5Sa,Alex Caldwell,direct,1.0,1.0,1
"Caldwell, C.",1910,http://id.lincsproject.ca/jnKXbYgGIu5,C. Caldwell,direct,1.0,1.0,1
"Calverley, C.C.",1910,http://id.lincsproject.ca/3fsJtGMCw7m,C.C. Calverley,direct,1.0,1.0,1
"Cameron, Edwin D",1899,http://id.lincsproject.ca/KbbIByrMtI5,E.D. Cameron,direct,1.0,0.35,1
"Cameron, Edwin D.",1897,http://id.lincsproject.ca/KbbIByrMtI5,E.D. Cameron,direct,1.0,0.35,1
"Cameron, Edwin D.",1904,http://id.lincsproject.ca/KbbIByrMtI5,E.D. Cameron,direct,1.0,0.35,1
"Cameron, Henry",1897,http://id.lincsproject.ca/aj4oSiyywNM,Henry Cameron,direct,1.0,0.35,1
"Cameron, Henry",1899,http://id.lincsproject.ca/aj4oSiyywNM,Henry Cameron,direct,1.0,0.35,1
"Cameron, Henry",1904,http://id.lincsproject.ca/aj4oSiyywNM,Henry Cameron,direct,1.0,0.35,1
"Cameron, Henry",1910,http://id.lincsproject.ca/aj4oSiyywNM,Henry Cameron,direct,1.0,1.0,1
"Cameron, J.",1897,http://id.lincsproject.ca/VCG4YSwDE4E,J. Cameron,direct,1.0,0.35,1
"Cameron, Rev. Angus",1904,http://id.lincsproject.ca/mNJFMfaA3yt,Angus Cameron,direct,1.0,0.35,1
"Cameron, Rev. Angus, D.D.",1897,http://id.lincsproject.ca/mNJFMfaA3yt,Angus Cameron,direct,1.0,0.35,1
"Cameron, Rev. Angus, D.D.",1899,http://id.lincsproject.ca/mNJFMfaA3yt,Angus Cameron,direct,1.0,0.35,1
"Campbell, A.",1904,http://id.lincsproject.ca/HJT02odro5X,A. Campbell,direct,1.0,0.35,1
"Campbell, A.J.",1910,http://id.lincsproject.ca/dP3Oi13wrco,A.J. Campbell,direct,1.0,0.2975,1
"Campbell, M.",1904,http://id.lincsproject.ca/UaNj9vmlHvh,"Campbell, M",direct,1.0,0.35,1
"Campbell, M.",1910,http://id.lincsproject.ca/UaNj9vmlHvh,"Campbell, M",direct,1.0,0.35,1
"Campbell, P.",1910,http://id.lincsproject.ca/oIsaNlA50FO,P. Campbell,direct,1.0,0.35,1
"Campbell, Rod",1910,http://id.lincsproject.ca/0JKBcuIhQFA,"Campbell, R.",direct,1.0,0.35,1
Caroline Reiffenstein,1895,http://id.lincsproject.ca/1pqGsL1xMjS,C. Reiffenstein,direct,1.0,1.0,1
Caroline Reiffenstein,1896,http://id.lincsproject.ca/1pqGsL1xMjS,C. Reiffenstein,direct,1.0,1.0,1
Caroline Reiffenstein,1897,http://id.lincsproject.ca/1pqGsL1xMjS,C. Reiffenstein,direct,1.0,1.0,1
Caroline Reiffenstein,1899,http://id.lincsproject.ca/1pqGsL1xMjS,C. Reiffenstein,direct,1.0,1.0,1
Caroline Reiffenstein,1904,http://id.lincsproject.ca/1pqGsL1xMjS,C. Reiffenstein,direct,1.0,1.0,1
"Carroll, I.W.",1910,http://id.lincsproject.ca/w7DUiHJtCrW,I.W. Carroll,direct,1.0,1.0,1
"Carruthers, H.A.",1904,http://id.lincsproject.ca/2hTsZNb3UJj,H.A. Carruthers,direct,1.0,0.35,1
"Carruthers, Henry A.",1897,http://id.lincsproject.ca/2hTsZNb3UJj,H.A. Carruthers,direct,1.0,0.35,1
"Carruthers, Henry A.",1899,http://id.lincsproject.ca/2hTsZNb3UJj,H.A. Carruthers,direct,1.0,0.35,1
"Carruthers, John, M.D.",1897,http://id.lincsproject.ca/TcgYmpgFIrf,John Carruthers,direct,1.0,0.35,1
"Carruthers, John, M.D.",1899,http://id.lincsproject.ca/TcgYmpgFIrf,John Carruthers,direct,1.0,0.35,1
"Carruthers, John, M.D.",1904,http://id.lincsproject.ca/TcgYmpgFIrf,John Carruthers,direct,1.0,0.35,1
"Carruthers, John, M.D.",1910,http://id.lincsproject.ca/TcgYmpgFIrf,John Carruthers,direct,1.0,1.0,1
"Carson, C.F.",1904,http://id.lincsproject.ca/PsLYiJ59dxL,C. Carson,direct,0.9825,0.9825,1
"Carter, Wm. D.",1897,http://id.lincsproject.ca/zQEoxd9tdk6,W.D. Carter,direct,1.0,1.0,1
"Carter, Wm. D.",1899,http://id.lincsproject.ca/zQEoxd9tdk6,W.D. Carter,direct,1.0,1.0,1
"Carter, Wm.D.",1904,http://id.lincsproject.ca/zQEoxd9tdk6,W.D. Carter,direct,1.0,0.3958,1
"Carthew, E.C., M.D.",1904,http://id.lincsproject.ca/F64OA4IJNcg,E.C. Carthew,direct,1.0,0.3958,1
Cassimir J. Poirer,1896,http://id.lincsproject.ca/eZiyWzDhvi7,Cassimir J. Poirer,direct,1.0,1.0,1
Cassimir T. Poirier,1894,http://id.lincsproject.ca/eZiyWzDhvi7,Cassimir J. Poirer,direct,0.9169,0.9169,1
Cassimir. J. Poirier,1893,http://id.lincsproject.ca/eZiyWzDhvi7,Cassimir J. Poirer,direct,1.0,1.0,1
Catherine Slater,1891,http://id.lincsproject.ca/QwCBtCtTS1z,Catherine Slater,direct,1.0,1.0,1
Catherine Slater,1892,http://id.lincsproject.ca/QwCBtCtTS1z,Catherine Slater,direct,1.0,1.0,1
Catherine Thomson,1893,http://id.lincsproject.ca/Rd7SfirvR5x,Catherine Thomson,direct,1.0,0.3532,1
"Champion, J.B., M.D.",1910,http://id.lincsproject.ca/Ae5DexFcd0n,J.B. Champion,direct,1.0,1.0,1
"Chandler, E.E.",1904,http://id.lincsproject.ca/447XPynUHRN,E.E. Chandler,direct,1.0,1.0,1
"Channonhouse, J., M.D.",1904,http://id.lincsproject.ca/tdQnljJmbeh,J. Channonhouse,direct,1.0,1.0,1
"Chard, J.G.",1910,http://id.lincsproject.ca/KaqirEbuAJr,J.G. Chard,direct,1.0,1.0,1
Charles Sargeant,1886,http://id.lincsproject.ca/vqXVu7gEkMA,C. Sargeant,direct,1.0,1.0,1
Charles Sargeant,1887,http://id.lincsproject.ca/vqXVu7gEkMA,C. Sargeant,direct,1.0,1.0,1
Charles Sargeant,1888,http://id.lincsproject.ca/vqXVu7gEkMA,C. Sargeant,direct,1.0,1.0,1
Charles Sargeant,1889,http://id.lincsproject.ca/vqXVu7gEkMA,C. Sargeant,direct,1.0,1.0,1
Charles Sargeant,1890,http://id.lincsproject.ca/vqXVu7gEkMA,C. Sargeant,direct,1.0,1.0,1
Charles Sargeant,1891,http://id.lincsproject.ca/vqXVu7gEkMA,C. Sargeant,direct,1.0,1.0,1
Charles Sargeant,1892,http://id.lincsproject.ca/vqXVu7gEkMA,C. Sargeant,direct,1.0,1.0,1
Chas A. Cooke,1910,http://id.lincsproject.ca/f4bjW6zd4Vx,Chas. A. Cook,direct,0.997,0.997,1
Chas. A. Cooke,1897,http://id.lincsproject.ca/f4bjW6zd4Vx,Chas. A. Cook,direct,0.997,0.997,1
Chas. A. Cooke,1899,http://id.lincsproject.ca/f4bjW6zd4Vx,Chas. A. Cook,direct,0.997,0.997,1
Chas. A. Cooke,1904,http://id.lincsproject.ca/f4bjW6zd4Vx,Chas. A. Cook,direct,0.997,0.997,1
Chas. DeGear,1896,http://id.lincsproject.ca/YBI9IERdvBv,Chas. DeGear,direct,1.0,1.0,1
Chas. Dennehy,1889,http://id.lincsproject.ca/r73m0wgGNIb,Chas. Dennhy,direct,1.0,1.0,1
Chas. Dennehy,1890,http://id.lincsproject.ca/r73m0wgGNIb,Chas. Dennhy,direct,1.0,1.0,1
Chas. Dennehy,1891,http://id.lincsproject.ca/r73m0wgGNIb,Chas. Dennhy,direct,1.0,0.35,1
Chas. Dennhy,1892,http://id.lincsproject.ca/r73m0wgGNIb,Chas. Dennhy,direct,1.0,0.3556,1
Chas. E. Beckwith,1895,http://id.lincsproject.ca/eNBA67HWkjk,C.E. Beckwith,direct,1.0,1.0,1
Chas. E. Beckwith,1896,http://id.lincsproject.ca/eNBA67HWkjk,C.E. Beckwith,direct,1.0,1.0,1
Chas. Favel,1895,http://id.lincsproject.ca/0yUPF3f2Wmc,C. Favel,direct,1.0,1.0,1
Chas. Favel,1896,http://id.lincsproject.ca/0yUPF3f2Wmc,C. Favel,direct,1.0,0.35,1
Chas. Guay,1885,http://id.lincsproject.ca/xXzMJsG73qN,Chas. Guay,direct,1.0,1.0,1
Chas. J. Blomfield,1895,http://id.lincsproject.ca/HpHH0OMdaPd,C.J. Blomfield,direct,1.0,1.0,1
Chas. J. Blomfield,1896,http://id.lincsproject.ca/HpHH0OMdaPd,C.J. Blomfield,direct,1.0,1.0,1
Chas. Logue,1880,http://id.lincsproject.ca/8PG72Of2vsi,Chas. Logue,direct,1.0,1.0,1
Chas. Logue,1881,http://id.lincsproject.ca/8PG72Of2vsi,Chas. Logue,direct,1.0,1.0,1
Chas. Logue,1882,http://id.lincsproject.ca/8PG72Of2vsi,Chas. Logue,direct,1.0,1.0,1
Chas. Logue,1883,http://id.lincsproject.ca/8PG72Of2vsi,Chas. Logue,direct,1.0,1.0,1
Chas. Logue,1884,http://id.lincsproject.ca/8PG72Of2vsi,Chas. Logue,direct,1.0,1.0,1
Chas. McGibbon,1896,http://id.lincsproject.ca/aG9WWYb96CV,Chas. McGibbon,direct,1.0,0.35,1
Chas. Sargeant,1880,http://id.lincsproject.ca/vqXVu7gEkMA,C. Sargeant,direct,1.0,1.0,1
Chas. Sargeant,1881,http://id.lincsproject.ca/vqXVu7gEkMA,C. Sargeant,direct,1.0,1.0,1
Chas. Sargeant,1882,http://id.lincsproject.ca/vqXVu7gEkMA,C. Sargeant,direct,1.0,1.0,1
Chas. Sargeant,1883,http://id.lincsproject.ca/vqXVu7gEkMA,C. Sargeant,direct,1.0,1.0,1
Chas. Sargeant,1884,http://id.lincsproject.ca/vqXVu7gEkMA,C. Sargeant,direct,1.0,1.0,1
Chas. Sargeant,1885,http://id.lincsproject.ca/vqXVu7gEkMA,C. Sargeant,direct,1.0,1.0,1
Chas. Skene,1881,http://id.lincsproject.ca/sgymnWj67qj,C. Skene,direct,1.0,1.0,1
Chas. Skene,1882,http://id.lincsproject.ca/sgymnWj67qj,C. Skene,direct,1.0,1.0,1
Chas. Skene,1883,http://id.lincsproject.ca/sgymnWj67qj,C. Skene,direct,1.0,1.0,1
Chas. Todd,1894,http://id.lincsproject.ca/w2GtX5rP7Xk,"Todd, Chas",direct,1.0,1.0,1
Chas. Todd,1895,http://id.lincsproject.ca/w2GtX5rP7Xk,"Todd, Chas",direct,1.0,1.0,1
Chas. Todd,1896,http://id.lincsproject.ca/w2GtX5rP7Xk,"Todd, Chas",direct,1.0,1.0,1
Chas. de Cazes,1894,http://id.lincsproject.ca/issK33Jt3Ol,C. DeCazes,direct,1.0,1.0,1
Chas. de Cazes,1895,http://id.lincsproject.ca/issK33Jt3Ol,C. DeCazes,direct,1.0,1.0,1
Chas. de Cazes,1896,http://id.lincsproject.ca/issK33Jt3Ol,C. DeCazes,direct,1.0,1.0,1
Chas. de Gear,1893,http://id.lincsproject.ca/YBI9IERdvBv,Chas. DeGear,direct,1.0,1.0,1
Chas. de Gear,1894,http://id.lincsproject.ca/YBI9IERdvBv,Chas. DeGear,direct,1.0,1.0,1
Chas. de Gear,1895,http://id.lincsproject.ca/YBI9IERdvBv,Chas. DeGear,direct,1.0,1.0,1
"Chisholm, Daniel",1910,http://id.lincsproject.ca/E3AD7WsLa7n,Daniel Chisholm,direct,1.0,0.3532,1
"Chisholm, W.J.",1910,http://id.lincsproject.ca/LcaQqGSK83z,"Chisolm, W.J.",direct,0.9968,0.3468,1
"Chisholm, Wm. J",1899,http://id.lincsproject.ca/LcaQqGSK83z,"Chisolm, W.J.",direct,0.9968,0.9968,1
"Chisholm, Wm. J.",1897,http://id.lincsproject.ca/LcaQqGSK83z,"Chisolm, W.J.",direct,0.9968,0.9968,1
"Chisholm, Wm. J.",1904,http://id.lincsproject.ca/LcaQqGSK83z,"Chisolm, W.J.",direct,0.9968,0.9968,1
"Christianson, S.",1910,http://id.lincsproject.ca/PbonKyahITX,S. Christianson,direct,1.0,1.0,1
"Churchill, J.L., M.D.",1910,http://id.lincsproject.ca/i0Fw3uePkVJ,J.L. Churchill,direct,1.0,1.0,1
"Clare, A.",1904,http://id.lincsproject.ca/wUObkMOqIi0,"Clare, A",direct,1.0,0.3587,1
"Clare, A.",1910,http://id.lincsproject.ca/wUObkMOqIi0,"Clare, A",direct,1.0,0.3587,1
Clark Lapp,1887,http://id.lincsproject.ca/16kzXkHCMnm,Clark Lapp,direct,1.0,1.0,1
Clark Lapp,1888,http://id.lincsproject.ca/16kzXkHCMnm,Clark Lapp,direct,1.0,1.0,1
Clark Lapp,1890,http://id.lincsproject.ca/16kzXkHCMnm,Clark Lapp,direct,1.0,1.0,1
Clark Lapp,1891,http://id.lincsproject.ca/16kzXkHCMnm,Clark Lapp,direct,1.0,1.0,1
Clark Lapp,1892,http://id.lincsproject.ca/16kzXkHCMnm,Clark Lapp,direct,1.0,1.0,1
Clark Lapp,1893,http://id.lincsproject.ca/16kzXkHCMnm,Clark Lapp,direct,1.0,1.0,1
Clark Lapp,1894,http://id.lincsproject.ca/16kzXkHCMnm,Clark Lapp,direct,1.0,1.0,1
"Clark, C.H.",1910,http://id.lincsproject.ca/aT6BNret8hM,C.H. Clarke,direct,0.9913,0.3413,1
"Clark, J.S., M.D.",1910,http://id.lincsproject.ca/FM82Ah4O9XH,J.S. Clark,direct,1.0,0.3587,1
"Clarke, C.H.",1904,http://id.lincsproject.ca/aT6BNret8hM,C.H. Clarke,direct,1.0,0.35,1
"Clarke, Clifford",1897,http://id.lincsproject.ca/aT6BNret8hM,C.H. Clarke,direct,0.9825,0.9825,1
"Clarke, Clifford H.",1899,http://id.lincsproject.ca/aT6BNret8hM,C.H. Clarke,direct,1.0,0.35,1
"Clarke, Rev. T.",1899,http://id.lincsproject.ca/62T2fSKAw46,T. Clarke,direct,1.0,0.35,1
"Clarke, S., M.D.",1904,http://id.lincsproject.ca/7Y9ykxfg1H7,S. Clarke,direct,1.0,0.35,1
"Claveau, E.A., M.D.",1904,http://id.lincsproject.ca/42uqk4tTbBv,E.A. Claveau,direct,1.0,1.0,1
"Claveau, E.A., M.D.",1910,http://id.lincsproject.ca/42uqk4tTbBv,E.A. Claveau,direct,1.0,1.0,1
"Cochrane, Louis",1910,http://id.lincsproject.ca/CIdIFcCUVZK,Louis Cochrane,direct,1.0,1.0,1
"Cockburn, G.P.",1904,http://id.lincsproject.ca/6dduQWBIJqu,G.P. Cockburn,direct,1.0,1.0,1
"Cockburn, G.P.",1910,http://id.lincsproject.ca/6dduQWBIJqu,G.P. Cockburn,direct,1.0,1.0,1
"Comire. A.O., M.D.",1904,http://id.lincsproject.ca/aIYrcKOpn4f,A.O. Comire,direct,1.0,1.0,1
"Comiré, A.O., M.D.",1899,http://id.lincsproject.ca/aIYrcKOpn4f,A.O. Comire,direct,1.0,1.0,1
"Comiré, A.O., M.D.",1910,http://id.lincsproject.ca/aIYrcKOpn4f,A.O. Comire,direct,1.0,1.0,1
"Conroy, H.A.",1904,http://id.lincsproject.ca/SBtehugWwji,Conroy H.A.,direct,1.0,1.0,1
"Constantin, J., M.D.",1904,http://id.lincsproject.ca/ArT9ZVovwK0,Jules Constantin,direct,1.0,1.0,1
"Constantin, J., M.D.",1910,http://id.lincsproject.ca/ArT9ZVovwK0,Jules Constantin,direct,1.0,1.0,1
"Cooper, M.",1910,http://id.lincsproject.ca/8p4IYZxnGtq,M. Cooper,direct,1.0,1.0,1
"Corbett, G.H., M.D.",1897,http://id.lincsproject.ca/PZbvPQX2uo8,G.E. Corbett,direct,0.9125,0.9125,1
"Corbett, G.H., M.D.",1899,http://id.lincsproject.ca/PZbvPQX2uo8,G.E. Corbett,direct,0.9125,0.9125,1
"Cory, Thos",1910,http://id.lincsproject.ca/WmLq20Aer2T,"Cory, Thos",direct,1.0,1.0,1
"Cosgrave, W.S.",1897,http://id.lincsproject.ca/fnqgVjTuYTH,W.S. Cosgrave,direct,1.0,1.0,1
"Cosgrave, W.S.",1899,http://id.lincsproject.ca/fnqgVjTuYTH,W.S. Cosgrave,direct,1.0,1.0,1
"Cosgrave, W.S.",1904,http://id.lincsproject.ca/fnqgVjTuYTH,W.S. Cosgrave,direct,1.0,1.0,1
"Cote, C.H., M.D.",1910,http://id.lincsproject.ca/HiOgj64XaBO,C.H. Cote,direct,1.0,1.0,1
"Coture, H.",1910,http://id.lincsproject.ca/bC3vWGl7eCp,H. Coture,direct,1.0,1.0,1
"Courtney, Joseph",1899,http://id.lincsproject.ca/gy5U3NiTlSv,Joseph Courtney,direct,1.0,1.0,1
"Courtney, Joseph",1904,http://id.lincsproject.ca/gy5U3NiTlSv,Joseph Courtney,direct,1.0,1.0,1
"Coutois, Pierre",1899,http://id.lincsproject.ca/LMTLX2l0UWV,Pierre Coutois,direct,1.0,1.0,1
"Cox, G.D.",1910,http://id.lincsproject.ca/PvEEcSMkStc,G.D. Cox,direct,1.0,1.0,1
"Crate, W.H.G.",1910,http://id.lincsproject.ca/ziELAclYaYA,W.H.G. Crate,direct,1.0,1.0,1
"Crawford, A.A.",1910,http://id.lincsproject.ca/QiIQiESf1qG,A.A. Crawford,direct,1.0,1.0,1
"Creegan, Rev. A.H.",1904,http://id.lincsproject.ca/Qm9Oxh267F7,A.H. Creegan,direct,1.0,1.0,1
"Creggan, Rev. A.H.",1910,http://id.lincsproject.ca/Qm9Oxh267F7,A.H. Creegan,direct,0.9697,0.9697,1
"Cumming, W.G., M.D.",1910,http://id.lincsproject.ca/mPDrgeAvPDH,W.G. Cummings,direct,0.9968,0.9968,1
"Côté, Robert",1899,http://id.lincsproject.ca/B2F5lCZaZxE,Robert Cote,direct,1.0,1.0,1
D'Amour Rev. L.C. (R.C.),1904,http://id.lincsproject.ca/U9ABd7s3SxL,L.C. D'Amour,direct,0.9825,0.3888,1
"D'Amour, Rev. L.C.",1897,http://id.lincsproject.ca/U9ABd7s3SxL,L.C. D'Amour,direct,1.0,1.0,1
"D'Amour, Rev. L.C.",1899,http://id.lincsproject.ca/U9ABd7s3SxL,L.C. D'Amour,direct,1.0,1.0,1
D. Baker,1887,http://id.lincsproject.ca/TI9F3g3pfKJ,D. Baker,direct,1.0,1.0,1
D. Kennedy,1884,http://id.lincsproject.ca/FrFcDSgmJ0p,D. Kennedy,direct,1.0,0.35,1
D. L'tendre,1889,http://id.lincsproject.ca/O23WVIiXdwm,D. L'tendre,direct,1.0,1.0,1
D. L'tendre,1890,http://id.lincsproject.ca/O23WVIiXdwm,D. L'tendre,direct,1.0,1.0,1
D. L. Clink,1884,http://id.lincsproject.ca/u8njGAEt1Tw,D.L. Clink,direct,1.0,1.0,1
D. McAra,1895,http://id.lincsproject.ca/lDMOQgDUdkS,D. McAra,direct,1.0,0.4085,1
D. McAra,1896,http://id.lincsproject.ca/lDMOQgDUdkS,D. McAra,direct,1.0,0.4085,1
D. McDonald,1890,http://id.lincsproject.ca/OyaiwjxjpaG,D. McDonald,direct,1.0,0.35,1
D. McDonald,1891,http://id.lincsproject.ca/OyaiwjxjpaG,D. McDonald,direct,1.0,0.35,1
D. McDonald,1892,http://id.lincsproject.ca/OyaiwjxjpaG,D. McDonald,direct,1.0,0.35,1
D. McDougall,1881,http://id.lincsproject.ca/QjbO1GUym7k,D. McDougall,direct,1.0,0.35,1
D. McDougall,1882,http://id.lincsproject.ca/QjbO1GUym7k,D. McDougall,direct,1.0,0.35,1
D. McIntosh,1886,http://id.lincsproject.ca/vbU8Zvl2AzZ,D. McIntosh,direct,1.0,0.35,1
D. McIntosh,1887,http://id.lincsproject.ca/vbU8Zvl2AzZ,D. McIntosh,direct,1.0,0.35,1
D. McIntosh,1888,http://id.lincsproject.ca/vbU8Zvl2AzZ,D. McIntosh,direct,1.0,0.4345,1
D. McIntosh,1889,http://id.lincsproject.ca/vbU8Zvl2AzZ,D. McIntosh,direct,1.0,0.35,1
D. McIntosh,1890,http://id.lincsproject.ca/vbU8Zvl2AzZ,D. McIntosh,direct,1.0,0.35,1
D. McMichan,1887,http://id.lincsproject.ca/Bnc0MiBwp8Y,D. McMichan,direct,1.0,0.402,1
D. McMurphy,1894,http://id.lincsproject.ca/URxqkindiOD,D. McMurphy,direct,1.0,1.0,1
D. Mills,1889,http://id.lincsproject.ca/UvMEwv2weNi,"Mills, D",direct,1.0,0.3977,1
D. Mills,1890,http://id.lincsproject.ca/UvMEwv2weNi,"Mills, D",direct,1.0,0.3977,1
D. Mills,1891,http://id.lincsproject.ca/UvMEwv2weNi,"Mills, D",direct,1.0,0.3977,1
D. Mills,1892,http://id.lincsproject.ca/UvMEwv2weNi,"Mills, D",direct,1.0,0.3977,1
D. Mills,1893,http://id.lincsproject.ca/UvMEwv2weNi,"Mills, D",direct,1.0,1.0,1
D. Mills,1894,http://id.lincsproject.ca/UvMEwv2weNi,"Mills, D",direct,1.0,1.0,1
D. Mills,1895,http://id.lincsproject.ca/UvMEwv2weNi,"Mills, D",direct,1.0,1.0,1
D. Mills,1896,http://id.lincsproject.ca/UvMEwv2weNi,"Mills, D",direct,1.0,1.0,1
D. Osahgee,1889,http://id.lincsproject.ca/3shOVjd8gmd,D. Osahgee,direct,1.0,1.0,1
D. Osahgee,1890,http://id.lincsproject.ca/3shOVjd8gmd,D. Osahgee,direct,1.0,1.0,1
D. Pierce,1888,http://id.lincsproject.ca/uBkxGR3Oy9a,D. Pierce,direct,1.0,1.0,1
D. Pierce,1889,http://id.lincsproject.ca/uBkxGR3Oy9a,D. Pierce,direct,1.0,1.0,1
D. Pierce,1890,http://id.lincsproject.ca/uBkxGR3Oy9a,D. Pierce,direct,1.0,1.0,1
D. Pierce,1891,http://id.lincsproject.ca/uBkxGR3Oy9a,D. Pierce,direct,1.0,1.0,1
D. Pierce,1892,http://id.lincsproject.ca/uBkxGR3Oy9a,D. Pierce,direct,1.0,1.0,1
D. Pierce,1893,http://id.lincsproject.ca/uBkxGR3Oy9a,D. Pierce,direct,1.0,1.0,1
D. Pierce,1894,http://id.lincsproject.ca/uBkxGR3Oy9a,D. Pierce,direct,1.0,1.0,1
D. Pierce,1895,http://id.lincsproject.ca/uBkxGR3Oy9a,D. Pierce,direct,1.0,1.0,1
D. Pierce,1896,http://id.lincsproject.ca/uBkxGR3Oy9a,D. Pierce,direct,1.0,1.0,1
D. Sinclair,1883,http://id.lincsproject.ca/LlzooFYgiof,D. Sinclair,direct,1.0,0.35,1
D. Sinclair,1884,http://id.lincsproject.ca/LlzooFYgiof,D. Sinclair,direct,1.0,0.35,1
D. Sinclair,1885,http://id.lincsproject.ca/LlzooFYgiof,D. Sinclair,direct,1.0,0.35,1
D. Sinclair,1886,http://id.lincsproject.ca/LlzooFYgiof,D. Sinclair,direct,1.0,0.35,1
D. Sinclair,1887,http://id.lincsproject.ca/LlzooFYgiof,D. Sinclair,direct,1.0,0.35,1
D. Sinclair,1888,http://id.lincsproject.ca/LlzooFYgiof,D. Sinclair,direct,1.0,0.35,1
D. Sinclair,1889,http://id.lincsproject.ca/LlzooFYgiof,D. Sinclair,direct,1.0,0.35,1
D. Sinclair,1890,http://id.lincsproject.ca/LlzooFYgiof,D. Sinclair,direct,1.0,0.35,1
D. Sinclair,1891,http://id.lincsproject.ca/LlzooFYgiof,D. Sinclair,direct,1.0,0.35,1
D. Sinclair,1892,http://id.lincsproject.ca/LlzooFYgiof,D. Sinclair,direct,1.0,0.35,1
D. Sinclair,1893,http://id.lincsproject.ca/LlzooFYgiof,D. Sinclair,direct,1.0,1.0,1
D. Sinclair,1894,http://id.lincsproject.ca/LlzooFYgiof,D. Sinclair,direct,1.0,1.0,1
D. Sinclair,1895,http://id.lincsproject.ca/LlzooFYgiof,D. Sinclair,direct,1.0,1.0,1
D. Whitford,1886,http://id.lincsproject.ca/q9Iiiohct9h,D. Whitford,direct,1.0,0.35,1
D. Whitford,1888,http://id.lincsproject.ca/q9Iiiohct9h,D. Whitford,direct,1.0,0.428,1
D. Whitford,1889,http://id.lincsproject.ca/q9Iiiohct9h,D. Whitford,direct,1.0,0.35,1
D. Whitford,1890,http://id.lincsproject.ca/q9Iiiohct9h,D. Whitford,direct,1.0,0.35,1
"D. Young, M.D.",1880,http://id.lincsproject.ca/k8G0Da37mLz,D. Young,direct,1.0,1.0,1
D.A. McLean,1889,http://id.lincsproject.ca/l9y6dDvo12t,D.A. McLean,direct,1.0,0.2975,1
D.C. Robertson,1887,http://id.lincsproject.ca/oeGtjaRAWGk,D.C. Robertson,direct,1.0,1.0,1
D.C. Robertson,1888,http://id.lincsproject.ca/oeGtjaRAWGk,D.C. Robertson,direct,1.0,1.0,1
D.C. Robertson,1889,http://id.lincsproject.ca/oeGtjaRAWGk,D.C. Robertson,direct,1.0,0.35,1
D.C. Robertson,1890,http://id.lincsproject.ca/oeGtjaRAWGk,D.C. Robertson,direct,1.0,0.35,1
D.C. Robertson,1891,http://id.lincsproject.ca/oeGtjaRAWGk,D.C. Robertson,direct,1.0,0.35,1
D.C. Scott,1880,http://id.lincsproject.ca/UFxPlF02RqS,D.C. Scott,direct,1.0,0.35,1
D.C. Scott,1881,http://id.lincsproject.ca/UFxPlF02RqS,D.C. Scott,direct,1.0,0.35,1
D.C. Scott,1882,http://id.lincsproject.ca/UFxPlF02RqS,D.C. Scott,direct,1.0,0.35,1
D.C. Scott,1883,http://id.lincsproject.ca/UFxPlF02RqS,D.C. Scott,direct,1.0,0.35,1
D.C. Scott,1884,http://id.lincsproject.ca/UFxPlF02RqS,D.C. Scott,direct,1.0,1.0,1
D.C. Scott,1885,http://id.lincsproject.ca/UFxPlF02RqS,D.C. Scott,direct,1.0,0.35,1
D.C. Scott,1886,http://id.lincsproject.ca/UFxPlF02RqS,D.C. Scott,direct,1.0,0.35,1
D.C. Scott,1887,http://id.lincsproject.ca/UFxPlF02RqS,D.C. Scott,direct,1.0,0.35,1
D.C. Scott,1888,http://id.lincsproject.ca/UFxPlF02RqS,D.C. Scott,direct,1.0,0.35,1
D.C. Scott,1889,http://id.lincsproject.ca/UFxPlF02RqS,D.C. Scott,direct,1.0,0.35,1
D.C. Scott,1890,http://id.lincsproject.ca/UFxPlF02RqS,D.C. Scott,direct,1.0,0.35,1
D.C. Scott,1891,http://id.lincsproject.ca/UFxPlF02RqS,D.C. Scott,direct,1.0,0.35,1
D.C. Scott,1892,http://id.lincsproject.ca/UFxPlF02RqS,D.C. Scott,direct,1.0,0.35,1
D.C. Scott,1893,http://id.lincsproject.ca/UFxPlF02RqS,D.C. Scott,direct,1.0,0.35,1
D.C. Scott,1894,http://id.lincsproject.ca/UFxPlF02RqS,D.C. Scott,direct,1.0,0.35,1
D.C.F. Bliss,1882,http://id.lincsproject.ca/7PDqfimGIwg,D.C.F. Bliss,direct,1.0,1.0,1
D.C.F. Bliss,1883,http://id.lincsproject.ca/7PDqfimGIwg,D.C.F. Bliss,direct,1.0,1.0,1
D.C.F. Bliss,1884,http://id.lincsproject.ca/7PDqfimGIwg,D.C.F. Bliss,direct,1.0,1.0,1
D.C.F. Bliss,1885,http://id.lincsproject.ca/7PDqfimGIwg,D.C.F. Bliss,direct,1.0,1.0,1
D.C.F. Bliss,1886,http://id.lincsproject.ca/7PDqfimGIwg,D.C.F. Bliss,direct,1.0,1.0,1
D.C.F. Bliss,1887,http://id.lincsproject.ca/7PDqfimGIwg,D.C.F. Bliss,direct,1.0,1.0,1
D.E. Otis,1884,http://id.lincsproject.ca/4WsPInLoYcm,D.E. Otis,direct,1.0,1.0,1
D.H. Muir,1880,http://id.lincsproject.ca/4eyQbAlhUCP,D.H. Muir,direct,1.0,1.0,1
D.H. Muir,1881,http://id.lincsproject.ca/4eyQbAlhUCP,D.H. Muir,direct,1.0,1.0,1
"D.H. Muir, M.D",1893,http://id.lincsproject.ca/4eyQbAlhUCP,D.H. Muir,direct,1.0,1.0,1
"D.H. Muir, M.D.",1894,http://id.lincsproject.ca/4eyQbAlhUCP,D.H. Muir,direct,1.0,1.0,1
"D.H. Muir, M.D.",1895,http://id.lincsproject.ca/4eyQbAlhUCP,D.H. Muir,direct,1.0,1.0,1
"D.H. Muir, M.D.",1896,http://id.lincsproject.ca/4eyQbAlhUCP,D.H. Muir,direct,1.0,1.0,1
D.J. Hunter,1893,http://id.lincsproject.ca/aeBxUv1l9YJ,D.J. Hunter,direct,1.0,1.0,1
D.J. Mackenzie,1893,http://id.lincsproject.ca/rDvgtl6dNOs,D.J. Mackenzie,direct,1.0,0.3587,1
D.J. McPhee,1885,http://id.lincsproject.ca/ENILWevR9AC,D.J. McPhee,direct,1.0,0.4164,1
D.J. McPhee,1886,http://id.lincsproject.ca/ENILWevR9AC,D.J. McPhee,direct,1.0,0.4164,1
D.J. McPhee,1887,http://id.lincsproject.ca/ENILWevR9AC,D.J. McPhee,direct,1.0,0.4164,1
D.J. McPhee,1888,http://id.lincsproject.ca/ENILWevR9AC,D.J. McPhee,direct,1.0,0.4164,1
D.J. McPhee,1889,http://id.lincsproject.ca/ENILWevR9AC,D.J. McPhee,direct,1.0,1.0,1
D.J. McPhee,1890,http://id.lincsproject.ca/ENILWevR9AC,D.J. McPhee,direct,1.0,1.0,1
D.J. McPhee,1891,http://id.lincsproject.ca/ENILWevR9AC,D.J. McPhee,direct,1.0,1.0,1
D.J. McPhee,1892,http://id.lincsproject.ca/ENILWevR9AC,D.J. McPhee,direct,1.0,1.0,1
D.J. McPhee,1893,http://id.lincsproject.ca/ENILWevR9AC,D.J. McPhee,direct,1.0,1.0,1
D.J. McPhee,1894,http://id.lincsproject.ca/ENILWevR9AC,D.J. McPhee,direct,1.0,1.0,1
D.L. Clink,1881,http://id.lincsproject.ca/u8njGAEt1Tw,D.L. Clink,direct,1.0,1.0,1
D.L. Clink,1882,http://id.lincsproject.ca/u8njGAEt1Tw,D.L. Clink,direct,1.0,1.0,1
D.L. Clink,1883,http://id.lincsproject.ca/u8njGAEt1Tw,D.L. Clink,direct,1.0,1.0,1
D.L. Clink,1885,http://id.lincsproject.ca/u8njGAEt1Tw,D.L. Clink,direct,1.0,1.0,1
D.L. Clink,1890,http://id.lincsproject.ca/u8njGAEt1Tw,D.L. Clink,direct,1.0,1.0,1
D.L. Clink,1891,http://id.lincsproject.ca/u8njGAEt1Tw,D.L. Clink,direct,1.0,1.0,1
D.L. Clink,1892,http://id.lincsproject.ca/u8njGAEt1Tw,D.L. Clink,direct,1.0,1.0,1
D.L. Clink,1893,http://id.lincsproject.ca/u8njGAEt1Tw,D.L. Clink,direct,1.0,1.0,1
D.L. Clink,1894,http://id.lincsproject.ca/u8njGAEt1Tw,D.L. Clink,direct,1.0,1.0,1
D.L. Clink,1895,http://id.lincsproject.ca/u8njGAEt1Tw,D.L. Clink,direct,1.0,1.0,1
D.L. Clink,1896,http://id.lincsproject.ca/u8njGAEt1Tw,D.L. Clink,direct,1.0,1.0,1
D.N. McLachlan,1893,http://id.lincsproject.ca/HbNVPhk3g6E,D.N. McLachlan,direct,1.0,1.0,1
D.N. McLachlan,1894,http://id.lincsproject.ca/HbNVPhk3g6E,D.N. McLachlan,direct,1.0,1.0,1
D.N. McLachlan,1895,http://id.lincsproject.ca/HbNVPhk3g6E,D.N. McLachlan,direct,1.0,1.0,1
D.N. McLachlan,1896,http://id.lincsproject.ca/HbNVPhk3g6E,D.N. McLachlan,direct,1.0,1.0,1
D.P. Donoghue,1890,http://id.lincsproject.ca/MuSgoVh8S0G,D.P. Donoghue,direct,1.0,1.0,1
D.P. Donoghue,1891,http://id.lincsproject.ca/MuSgoVh8S0G,D.P. Donoghue,direct,1.0,1.0,1
D.P. McPhail,1896,http://id.lincsproject.ca/Y6eKbBStBAc,D.P. McPhail,direct,1.0,1.0,1
D.W. Fitzgerald,1889,http://id.lincsproject.ca/yaEuln0m0dJ,D.W. Fitzgerald,direct,1.0,1.0,1
D.W. Osahgee,1891,http://id.lincsproject.ca/3shOVjd8gmd,D. Osahgee,direct,0.9825,0.9825,1
D.W. Osahgee,1892,http://id.lincsproject.ca/3shOVjd8gmd,D. Osahgee,direct,0.9825,0.9825,1
D.W. Osahgee,1893,http://id.lincsproject.ca/3shOVjd8gmd,D. Osahgee,direct,0.9825,0.9825,1
D.W. Oshagee,1894,http://id.lincsproject.ca/3shOVjd8gmd,D. Osahgee,direct,0.9707,0.9707,1
"Dalby, H.G.",1904,http://id.lincsproject.ca/1xpDLI2Z5mz,H.G. Dalby,direct,1.0,1.0,1
"Dalby, H.G.",1910,http://id.lincsproject.ca/1xpDLI2Z5mz,H.G. Dalby,direct,1.0,1.0,1
"Damon, W.",1904,http://id.lincsproject.ca/1vpl2Dfksax,W. Damon,direct,1.0,0.4063,1
"Daunais, Chas. M.",1897,http://id.lincsproject.ca/QtxtB971koZ,C.M. Daunais,direct,1.0,1.0,1
David Morin,1910,http://id.lincsproject.ca/6vW79WR37jq,David Morin,direct,1.0,0.2975,1
"Davidson, W.F.",1904,http://id.lincsproject.ca/a4cLldGsPzP,W.F. Davidson,direct,1.0,1.0,1
"Day, J.P.G.",1904,http://id.lincsproject.ca/lnFYt328xKX,"Day, J.P.G",direct,1.0,1.0,1
"Day, J.P.G.",1910,http://id.lincsproject.ca/lnFYt328xKX,"Day, J.P.G",direct,1.0,1.0,1
"De Gonzague, Rev. Jos.",1904,http://id.lincsproject.ca/quZZVzCaZ7O,Joseph De Gonzague,direct,1.0,1.0,1
"De Gonzaque, Rev. Jos.",1897,http://id.lincsproject.ca/quZZVzCaZ7O,Joseph De Gonzague,direct,0.987,0.987,1
"DeBeck, G.W.",1904,http://id.lincsproject.ca/LgKc0S1pbtz,G.W. DeBeck,direct,1.0,1.0,1
"DeCazes, Chas.",1897,http://id.lincsproject.ca/issK33Jt3Ol,C. DeCazes,direct,1.0,1.0,1
"DeGonzague, Rev. Jos",1910,http://id.lincsproject.ca/quZZVzCaZ7O,Joseph De Gonzague,direct,1.0,1.0,1
"DeMolitor, John J.",1897,http://id.lincsproject.ca/f1g3NrWR3O1,J.J.E. de Molitor,direct,0.9825,0.9825,1
"DeMolitor, John J.E.",1899,http://id.lincsproject.ca/f1g3NrWR3O1,J.J.E. de Molitor,direct,1.0,1.0,1
Delaski Marr,1895,http://id.lincsproject.ca/FsF9t30Z8qP,Delaski Marr,direct,1.0,1.0,1
Delaski Marr,1896,http://id.lincsproject.ca/FsF9t30Z8qP,Delaski Marr,direct,1.0,1.0,1
"Delbridge, R.W.",1910,http://id.lincsproject.ca/ueHHu4P6EQK,R.W. Delbridge,direct,1.0,1.0,1
"Demarais, J.P.",1904,http://id.lincsproject.ca/6GpAyVPBwuz,J.P. Demarais,direct,1.0,1.0,1
"Desjardin, S.",1904,http://id.lincsproject.ca/1bZTnUtqhJh,S. Desjardins,direct,1.0,1.0,1
"Desmond, F.J., M.D.",1897,http://id.lincsproject.ca/58EpYD6sIpa,J.F. Desmond,direct,0.965,0.965,1
"Desmond, J.F., M.D.",1899,http://id.lincsproject.ca/58EpYD6sIpa,J.F. Desmond,direct,1.0,1.0,1
"Desmond, J.F., M.D.",1904,http://id.lincsproject.ca/58EpYD6sIpa,J.F. Desmond,direct,1.0,1.0,1
"Desmond, J.F., M.D.",1910,http://id.lincsproject.ca/58EpYD6sIpa,J.F. Desmond,direct,1.0,1.0,1
"Desnomme, Jos.",1897,http://id.lincsproject.ca/r6C6gJR6UHg,"Desnomme, Jos",direct,1.0,1.0,1
"Desnomme, Jos.",1899,http://id.lincsproject.ca/r6C6gJR6UHg,"Desnomme, Jos",direct,1.0,1.0,1
Dev. D.C. O'Connor,1883,http://id.lincsproject.ca/JIgL0sWezHQ,D.C. O'Connor,direct,0.965,0.965,1
"Devlin, Frank",1897,http://id.lincsproject.ca/he4Hf4VrRtO,F. Devlin,direct,1.0,1.0,1
"Devlin, Frank",1899,http://id.lincsproject.ca/he4Hf4VrRtO,F. Devlin,direct,1.0,1.0,1
"Dewan, W.",1904,http://id.lincsproject.ca/ZlzJtNfd9hn,W. Dewan,direct,1.0,1.0,1
"Dickenson, S.M.",1897,http://id.lincsproject.ca/KqKVg9dVqUA,S.M. Dickinson,direct,0.9841,0.9841,1
"Dickenson, S.M.",1899,http://id.lincsproject.ca/KqKVg9dVqUA,S.M. Dickinson,direct,0.9841,0.9841,1
"Dickenson, S.M.",1904,http://id.lincsproject.ca/KqKVg9dVqUA,S.M. Dickinson,direct,0.9841,0.9841,1
"Dickinson, S.M.",1910,http://id.lincsproject.ca/KqKVg9dVqUA,S.M. Dickinson,direct,1.0,1.0,1
"Doherty, I.W., M.D.",1910,http://id.lincsproject.ca/vOzqLm9T8rL,I.W. Doherty,direct,1.0,1.0,1
"Donahue, W.T.A.",1899,http://id.lincsproject.ca/8Zzgzkcf5ND,W.T.A. Donahue,direct,1.0,1.0,1
"Donald, W.B.L., M.D.",1910,http://id.lincsproject.ca/yJIoJO9iaUp,W.B.L. Donald,direct,1.0,1.0,1
"Donevan, H.J., M.D.",1899,http://id.lincsproject.ca/pUIvQQspdVb,H.J. Donovan,direct,0.9697,0.9697,1
"Donovan, H.J., M.D.",1897,http://id.lincsproject.ca/pUIvQQspdVb,H.J. Donovan,direct,1.0,1.0,1
"Donovan, H.J., M.D.",1904,http://id.lincsproject.ca/pUIvQQspdVb,H.J. Donovan,direct,1.0,1.0,1
"Donovan, O.G., M.D.",1910,http://id.lincsproject.ca/MEoqd1QnCTR,O.G. Donovan,direct,1.0,1.0,1
Dr. A Jukes,1882,http://id.lincsproject.ca/cVGdypNjsgc,A. Jukes,direct,1.0,1.0,1
Dr. A. Jukes,1883,http://id.lincsproject.ca/cVGdypNjsgc,A. Jukes,direct,1.0,1.0,1
Dr. A.F. Clark,1880,http://id.lincsproject.ca/ucqP1K6yIam,A.T. Clark,direct,0.9125,0.2625,1
Dr. A.T. Clark,1881,http://id.lincsproject.ca/ucqP1K6yIam,A.T. Clark,direct,1.0,1.0,1
Dr. A.T. Clark,1882,http://id.lincsproject.ca/ucqP1K6yIam,A.T. Clark,direct,1.0,1.0,1
Dr. A.T. Clark,1883,http://id.lincsproject.ca/ucqP1K6yIam,A.T. Clark,direct,1.0,1.0,1
Dr. A.T. Clark,1884,http://id.lincsproject.ca/ucqP1K6yIam,A.T. Clark,direct,1.0,0.3062,1
Dr. A.T. Clark,1885,http://id.lincsproject.ca/ucqP1K6yIam,A.T. Clark,direct,1.0,0.3062,1
Dr. A.T. Clark,1886,http://id.lincsproject.ca/ucqP1K6yIam,A.T. Clark,direct,1.0,0.3062,1
Dr. A.T. Clark,1887,http://id.lincsproject.ca/ucqP1K6yIam,A.T. Clark,direct,1.0,0.3062,1
Dr. A.T. Clarke,1888,http://id.lincsproject.ca/ucqP1K6yIam,A.T. Clark,direct,0.9913,0.2888,1
Dr. A.T. Clarke,1889,http://id.lincsproject.ca/ucqP1K6yIam,A.T. Clark,direct,0.9913,0.2888,1
Dr. D.H. Muir,1884,http://id.lincsproject.ca/4eyQbAlhUCP,D.H. Muir,direct,1.0,1.0,1
Dr. D.H. Muir,1885,http://id.lincsproject.ca/4eyQbAlhUCP,D.H. Muir,direct,1.0,1.0,1
Dr. D.H. Muir,1886,http://id.lincsproject.ca/4eyQbAlhUCP,D.H. Muir,direct,1.0,1.0,1
Dr. D.H. Muir,1887,http://id.lincsproject.ca/4eyQbAlhUCP,D.H. Muir,direct,1.0,1.0,1
Dr. D.H. Muir,1888,http://id.lincsproject.ca/4eyQbAlhUCP,D.H. Muir,direct,1.0,1.0,1
Dr. D.H. Muir,1889,http://id.lincsproject.ca/4eyQbAlhUCP,D.H. Muir,direct,1.0,1.0,1
Dr. D.H. Muir,1890,http://id.lincsproject.ca/4eyQbAlhUCP,D.H. Muir,direct,1.0,1.0,1
Dr. D.H. Muir,1891,http://id.lincsproject.ca/4eyQbAlhUCP,D.H. Muir,direct,1.0,1.0,1
Dr. D.H. Muir,1892,http://id.lincsproject.ca/4eyQbAlhUCP,D.H. Muir,direct,1.0,1.0,1
Dr. F.A. Rand,1891,http://id.lincsproject.ca/Fkf1GtVxhPv,Fred A. Rand,direct,1.0,1.0,1
Dr. F.A. Rand,1892,http://id.lincsproject.ca/Fkf1GtVxhPv,Fred A. Rand,direct,1.0,1.0,1
Dr. G.W. Boggs,1890,http://id.lincsproject.ca/jfN27jvvJjB,G.W. Boggs,direct,1.0,1.0,1
Dr. Geo. Kennedy.,1880,http://id.lincsproject.ca/TBVZJeS1zHm,"Kennedy, Geo",direct,1.0,1.0,1
Dr. George Kennedy,1881,http://id.lincsproject.ca/TBVZJeS1zHm,"Kennedy, Geo",direct,1.0,1.0,1
Dr. George Kennedy,1882,http://id.lincsproject.ca/TBVZJeS1zHm,"Kennedy, Geo",direct,1.0,1.0,1
Dr. George Kennedy,1883,http://id.lincsproject.ca/TBVZJeS1zHm,"Kennedy, Geo",direct,1.0,1.0,1
Dr. J. Kittson,1880,http://id.lincsproject.ca/YNfLoAcKwhr,J. Kittson,direct,1.0,1.0,1
Dr. J. Kittson,1881,http://id.lincsproject.ca/YNfLoAcKwhr,J. Kittson,direct,1.0,1.0,1
"Dr. R. Miller, M.D",1881,http://id.lincsproject.ca/dKXHzztXadA,Robert Miller,direct,1.0,0.35,1
"Dr. R. Miller, M.D.",1880,http://id.lincsproject.ca/dKXHzztXadA,Robert Miller,direct,1.0,0.35,1
"Dr. R. Miller, M.D.",1882,http://id.lincsproject.ca/dKXHzztXadA,Robert Miller,direct,1.0,0.35,1
"Dr. R. Miller, M.D.",1883,http://id.lincsproject.ca/dKXHzztXadA,Robert Miller,direct,1.0,0.35,1
"Dreaver, J., sr.",1904,http://id.lincsproject.ca/GVrX7MMV8JE,"Dreaver, J.",direct,1.0,1.0,1
"Dreaver, Jno",1910,http://id.lincsproject.ca/GVrX7MMV8JE,"Dreaver, J.",direct,1.0,1.0,1
"Drysdale, W.F., IM.D.",1910,http://id.lincsproject.ca/GF2uGRhnJDc,W.F. Drysdale,direct,0.9825,0.9825,1
"Drysdale, W.F., M.D.",1904,http://id.lincsproject.ca/GF2uGRhnJDc,W.F. Drysdale,direct,1.0,1.0,1
Duncan C. Scott,1895,http://id.lincsproject.ca/RgFfqFuCIiq,Duncan C. Scott,direct,1.0,0.35,1
Duncan C. Scott,1896,http://id.lincsproject.ca/RgFfqFuCIiq,Duncan C. Scott,direct,1.0,0.35,1
Duncan C. Scott,1897,http://id.lincsproject.ca/RgFfqFuCIiq,Duncan C. Scott,direct,1.0,0.35,1
Duncan C. Scott,1899,http://id.lincsproject.ca/RgFfqFuCIiq,Duncan C. Scott,direct,1.0,0.35,1
Duncan C. Scott,1904,http://id.lincsproject.ca/RgFfqFuCIiq,Duncan C. Scott,direct,1.0,0.2975,1
Duncan C. Scott,1910,http://id.lincsproject.ca/RgFfqFuCIiq,Duncan C. Scott,direct,1.0,0.35,1
Duncan J. McPhee,1896,http://id.lincsproject.ca/ENILWevR9AC,D.J. McPhee,direct,1.0,1.0,1
Duncan J. McPhee.,1895,http://id.lincsproject.ca/ENILWevR9AC,D.J. McPhee,direct,1.0,1.0,1
"Duncan, G.M., M.D.",1904,http://id.lincsproject.ca/l77QDgGhwhF,G.M. Duncan,direct,1.0,1.0,1
"Dykes, Watson, M.D.",1910,http://id.lincsproject.ca/uIjccA81SLe,Watson Dykes,direct,1.0,1.0,1
"Dymond, W.A., M.D.",1910,http://id.lincsproject.ca/uy3tMXzPt3m,W.A. Dymond,direct,1.0,1.0,1
E. Allen,1881,http://id.lincsproject.ca/ejpEKlCs6Zc,E. Allen,direct,1.0,1.0,1
E. Bennett,1888,http://id.lincsproject.ca/SyBFSXMUZjj,E. Bennett,direct,1.0,1.0,1
E. Bennett,1889,http://id.lincsproject.ca/SyBFSXMUZjj,E. Bennett,direct,1.0,1.0,1
E. Bennett,1890,http://id.lincsproject.ca/SyBFSXMUZjj,E. Bennett,direct,1.0,1.0,1
E. Bennett,1891,http://id.lincsproject.ca/SyBFSXMUZjj,E. Bennett,direct,1.0,1.0,1
E. Bennett,1892,http://id.lincsproject.ca/SyBFSXMUZjj,E. Bennett,direct,1.0,1.0,1
E. Bennett,1893,http://id.lincsproject.ca/SyBFSXMUZjj,E. Bennett,direct,1.0,1.0,1
E. Bennett,1894,http://id.lincsproject.ca/SyBFSXMUZjj,E. Bennett,direct,1.0,1.0,1
E. Edwards,1884,http://id.lincsproject.ca/qQO5fTfWyUw,E. Edwards,direct,1.0,1.0,1
E. Harris,1883,http://id.lincsproject.ca/kfaxYVbKUJa,E. Harris,direct,1.0,1.0,1
E. Harris,1884,http://id.lincsproject.ca/kfaxYVbKUJa,E. Harris,direct,1.0,1.0,1
E. Harris,1885,http://id.lincsproject.ca/kfaxYVbKUJa,E. Harris,direct,1.0,1.0,1
E. Harris,1886,http://id.lincsproject.ca/kfaxYVbKUJa,E. Harris,direct,1.0,1.0,1
E. Harris,1887,http://id.lincsproject.ca/kfaxYVbKUJa,E. Harris,direct,1.0,1.0,1
E. Harris,1888,http://id.lincsproject.ca/kfaxYVbKUJa,E. Harris,direct,1.0,1.0,1
E. Harris,1889,http://id.lincsproject.ca/kfaxYVbKUJa,E. Harris,direct,1.0,1.0,1
E. Harris,1890,http://id.lincsproject.ca/kfaxYVbKUJa,E. Harris,direct,1.0,1.0,1
E. Harris,1891,http://id.lincsproject.ca/kfaxYVbKUJa,E. Harris,direct,1.0,1.0,1
E. Harris,1892,http://id.lincsproject.ca/kfaxYVbKUJa,E. Harris,direct,1.0,1.0,1
E. Higgins,1880,http://id.lincsproject.ca/MITAWKHVPcY,E. Higgins,direct,1.0,1.0,1
E. Higgins,1881,http://id.lincsproject.ca/MITAWKHVPcY,E. Higgins,direct,1.0,1.0,1
E. Higgins,1882,http://id.lincsproject.ca/MITAWKHVPcY,E. Higgins,direct,1.0,1.0,1
E. Jacobs,1896,http://id.lincsproject.ca/SjLzk3BUahp,E. Jacobs,direct,1.0,0.35,1
E. Jean,1886,http://id.lincsproject.ca/4QRRuLObkjz,E. Jean,direct,1.0,1.0,1
E. Jean,1887,http://id.lincsproject.ca/4QRRuLObkjz,E. Jean,direct,1.0,1.0,1
E. Jean,1888,http://id.lincsproject.ca/4QRRuLObkjz,E. Jean,direct,1.0,1.0,1
E. Jean,1889,http://id.lincsproject.ca/4QRRuLObkjz,E. Jean,direct,1.0,1.0,1
E. Jean,1890,http://id.lincsproject.ca/4QRRuLObkjz,E. Jean,direct,1.0,1.0,1
E. Jean,1891,http://id.lincsproject.ca/4QRRuLObkjz,E. Jean,direct,1.0,1.0,1
E. Jean,1892,http://id.lincsproject.ca/4QRRuLObkjz,E. Jean,direct,1.0,1.0,1
E. Jean,1893,http://id.lincsproject.ca/4QRRuLObkjz,E. Jean,direct,1.0,1.0,1
E. McColl,1880,http://www.wikidata.org/entity/Q94645925,E.McColl,direct,1.0,1.0,1
E. McColl,1881,http://www.wikidata.org/entity/Q94645925,E.McColl,direct,1.0,1.0,1
E. McColl,1882,http://www.wikidata.org/entity/Q94645925,E.McColl,direct,1.0,1.0,1
E. McColl,1883,http://www.wikidata.org/entity/Q94645925,E.McColl,direct,1.0,0.3803,1
E. McColl,1884,http://www.wikidata.org/entity/Q94645925,E.McColl,direct,1.0,0.4237,1
E. McColl,1885,http://www.wikidata.org/entity/Q94645925,E.McColl,direct,1.0,1.0,1
E. McColl,1886,http://www.wikidata.org/entity/Q94645925,E.McColl,direct,1.0,1.0,1
E. McColl,1887,http://www.wikidata.org/entity/Q94645925,E.McColl,direct,1.0,1.0,1
E. McColl,1890,http://www.wikidata.org/entity/Q94645925,E.McColl,direct,1.0,0.3803,1
E. McColl,1891,http://www.wikidata.org/entity/Q94645925,E.McColl,direct,1.0,0.3803,1
E. McColl,1892,http://www.wikidata.org/entity/Q94645925,E.McColl,direct,1.0,0.3803,1
E. McColl,1893,http://www.wikidata.org/entity/Q94645925,E.McColl,direct,1.0,1.0,1
E. McColl,1894,http://www.wikidata.org/entity/Q94645925,E.McColl,direct,1.0,1.0,1
E. McColl,1895,http://www.wikidata.org/entity/Q94645925,E.McColl,direct,1.0,1.0,1
E. McColl,1896,http://www.wikidata.org/entity/Q94645925,E.McColl,direct,1.0,1.0,1
E. McNeil,1889,http://id.lincsproject.ca/yFiweJwaxt5,E. McNeil,direct,1.0,0.35,1
E. McNeil,1890,http://id.lincsproject.ca/yFiweJwaxt5,E. McNeil,direct,1.0,0.35,1
E. McNeill,1887,http://id.lincsproject.ca/yFiweJwaxt5,E. McNeil,direct,0.9944,0.35,1
E. McNeill,1891,http://id.lincsproject.ca/yFiweJwaxt5,E. McNeil,direct,0.9944,0.35,1
E. McNeill,1892,http://id.lincsproject.ca/yFiweJwaxt5,E. McNeil,direct,0.9944,0.35,1
E. Picard,1889,http://id.lincsproject.ca/C8hgKP9YPWz,E. Picard,direct,1.0,1.0,1
E. Rochester,1890,http://id.lincsproject.ca/0yqAVirfvjz,E. Rochester,direct,1.0,1.0,1
E. Rochester,1891,http://id.lincsproject.ca/0yqAVirfvjz,E. Rochester,direct,1.0,1.0,1
E. Rochester,1892,http://id.lincsproject.ca/0yqAVirfvjz,E. Rochester,direct,1.0,1.0,1
E. Rochester,1893,http://id.lincsproject.ca/0yqAVirfvjz,E. Rochester,direct,1.0,1.0,1
E. Rochester,1894,http://id.lincsproject.ca/0yqAVirfvjz,E. Rochester,direct,1.0,1.0,1
E. Stanley,1893,http://id.lincsproject.ca/nhdXiv3K6Dn,E. Stanley,direct,1.0,1.0,1
E. Stanley,1894,http://id.lincsproject.ca/nhdXiv3K6Dn,E. Stanley,direct,1.0,1.0,1
E. Stanley,1895,http://id.lincsproject.ca/nhdXiv3K6Dn,E. Stanley,direct,1.0,1.0,1
E. Stanley,1896,http://id.lincsproject.ca/nhdXiv3K6Dn,E. Stanley,direct,1.0,1.0,1
E. Watson,1880,http://id.lincsproject.ca/PPCZyMsNJUL,E. Watson,direct,1.0,1.0,1
E. Watson,1881,http://id.lincsproject.ca/PPCZyMsNJUL,E. Watson,direct,1.0,1.0,1
E. Watson,1882,http://id.lincsproject.ca/PPCZyMsNJUL,E. Watson,direct,1.0,1.0,1
E. Watson,1883,http://id.lincsproject.ca/PPCZyMsNJUL,E. Watson,direct,1.0,1.0,1
E. Watson,1884,http://id.lincsproject.ca/PPCZyMsNJUL,E. Watson,direct,1.0,1.0,1
E. Watson,1885,http://id.lincsproject.ca/PPCZyMsNJUL,E. Watson,direct,1.0,1.0,1
E. Watson,1886,http://id.lincsproject.ca/PPCZyMsNJUL,E. Watson,direct,1.0,1.0,1
E. Watson,1887,http://id.lincsproject.ca/PPCZyMsNJUL,E. Watson,direct,1.0,1.0,1
E. Watson,1888,http://id.lincsproject.ca/PPCZyMsNJUL,E. Watson,direct,1.0,1.0,1
E. Watson,1889,http://id.lincsproject.ca/PPCZyMsNJUL,E. Watson,direct,1.0,1.0,1
E. Watson,1890,http://id.lincsproject.ca/PPCZyMsNJUL,E. Watson,direct,1.0,0.35,1
E.A. Mulligan,1893,http://id.lincsproject.ca/GIUtUrs6t3I,E.A. Mulligan,direct,1.0,1.0,1
E.A. Mulligan,1894,http://id.lincsproject.ca/GIUtUrs6t3I,E.A. Mulligan,direct,1.0,1.0,1
E.A. Mulligan,1895,http://id.lincsproject.ca/GIUtUrs6t3I,E.A. Mulligan,direct,1.0,1.0,1
E.A. Mulligan.,1896,http://id.lincsproject.ca/GIUtUrs6t3I,E.A. Mulligan,direct,1.0,1.0,1
E.A. Nash,1884,http://id.lincsproject.ca/mR8qtarZ9vH,E.A. Nash,direct,1.0,0.175,1
E.A. Poskitt,1893,http://id.lincsproject.ca/viEDEWBpRH8,E.A. Poskitt,direct,1.0,1.0,1
E.B. Black,1889,http://id.lincsproject.ca/GxLVNjBhaZY,E.B. Black,direct,1.0,1.0,1
E.B. Black,1890,http://id.lincsproject.ca/GxLVNjBhaZY,E.B. Black,direct,1.0,1.0,1
E.C. Stewart,1889,http://id.lincsproject.ca/JluCUavHyWB,E.C. Stewart,direct,1.0,0.35,1
E.C. Stewart,1890,http://id.lincsproject.ca/JluCUavHyWB,E.C. Stewart,direct,1.0,0.35,1
E.C. Stewart,1891,http://id.lincsproject.ca/JluCUavHyWB,E.C. Stewart,direct,1.0,0.35,1
E.C. Stewart,1892,http://id.lincsproject.ca/JluCUavHyWB,E.C. Stewart,direct,1.0,0.35,1
E.C. Stewart,1893,http://id.lincsproject.ca/JluCUavHyWB,E.C. Stewart,direct,1.0,0.35,1
E.C. Stewart,1894,http://id.lincsproject.ca/JluCUavHyWB,E.C. Stewart,direct,1.0,0.35,1
E.C. Stewart,1895,http://id.lincsproject.ca/JluCUavHyWB,E.C. Stewart,direct,1.0,0.35,1
E.C. Stewart,1896,http://id.lincsproject.ca/JluCUavHyWB,E.C. Stewart,direct,1.0,0.35,1
E.D. Cameron,1891,http://id.lincsproject.ca/KbbIByrMtI5,E.D. Cameron,direct,1.0,0.35,1
E.D. Cameron,1892,http://id.lincsproject.ca/KbbIByrMtI5,E.D. Cameron,direct,1.0,0.35,1
E.D. Cameron,1893,http://id.lincsproject.ca/KbbIByrMtI5,E.D. Cameron,direct,1.0,0.35,1
E.D. Cameron,1894,http://id.lincsproject.ca/KbbIByrMtI5,E.D. Cameron,direct,1.0,0.35,1
"E.H. Leger, M.D.",1889,http://id.lincsproject.ca/kZFJDzZElJm,E.H. Leger,direct,1.0,1.0,1
"E.H. Leger, M.D.",1890,http://id.lincsproject.ca/kZFJDzZElJm,E.H. Leger,direct,1.0,1.0,1
"E.H. Leger, M.D.",1891,http://id.lincsproject.ca/kZFJDzZElJm,E.H. Leger,direct,1.0,1.0,1
"E.H. Rouleau, M.D.",1896,http://id.lincsproject.ca/Wr1jDXd2CDv,E.H. Rouleau,direct,1.0,1.0,1
E.L. Newcombe,1893,http://viaf.org/viaf/308180948,E.L. Newcombe,direct,1.0,1.0,1
E.M. Skinner,1890,http://id.lincsproject.ca/Zk52jcDrday,E.M. Skinner,direct,1.0,1.0,1
E.M. Skinner,1891,http://id.lincsproject.ca/Zk52jcDrday,E.M. Skinner,direct,1.0,1.0,1
E.M. Skinner,1892,http://id.lincsproject.ca/Zk52jcDrday,E.M. Skinner,direct,1.0,1.0,1
E.M. Skinner,1893,http://id.lincsproject.ca/Zk52jcDrday,E.M. Skinner,direct,1.0,1.0,1
E.M. Skinner,1894,http://id.lincsproject.ca/Zk52jcDrday,E.M. Skinner,direct,1.0,1.0,1
E.McColl,1889,http://www.wikidata.org/entity/Q94645925,E.McColl,direct,1.0,1.0,1
E.P. Watson,1891,http://id.lincsproject.ca/PPCZyMsNJUL,E. Watson,direct,0.9825,0.3325,1
E.P. Watson,1892,http://id.lincsproject.ca/PPCZyMsNJUL,E. Watson,direct,0.9825,0.3325,1
E.P. Watson,1893,http://id.lincsproject.ca/PPCZyMsNJUL,E. Watson,direct,0.9825,0.9825,1
E.P. Watson.,1894,http://id.lincsproject.ca/PPCZyMsNJUL,E. Watson,direct,0.9825,0.9825,1
E.R. Nelson,1893,http://id.lincsproject.ca/O1jLtzG7NPU,E.R. Nelson,direct,1.0,0.35,1
E.T. Ferguson,1890,http://id.lincsproject.ca/ZB51etA9LxN,E.T. Ferguson,direct,1.0,1.0,1
E.T. Ferguson,1891,http://id.lincsproject.ca/ZB51etA9LxN,E.T. Ferguson,direct,1.0,1.0,1
E.T. Ferguson,1892,http://id.lincsproject.ca/ZB51etA9LxN,E.T. Ferguson,direct,1.0,1.0,1
"Eagle, Chs. R.",1910,http://id.lincsproject.ca/HiknVX8dp6e,"Eagle, C.R.",direct,1.0,1.0,1
"Earle, R.W.L., M.D.",1904,http://id.lincsproject.ca/C7Sl5aKXUx6,"Earle, R.W.",direct,0.9825,0.9825,1
"Earle, R.W.L., M.D.",1910,http://id.lincsproject.ca/C7Sl5aKXUx6,"Earle, R.W.",direct,0.9825,0.9825,1
Ebenezer P. Watson,1895,http://id.lincsproject.ca/PPCZyMsNJUL,E. Watson,direct,0.9825,0.9825,1
Ebenezer P. Watson.,1896,http://id.lincsproject.ca/PPCZyMsNJUL,E. Watson,direct,0.9825,0.9825,1
Ed. McNeil,1893,http://id.lincsproject.ca/yFiweJwaxt5,E. McNeil,direct,1.0,0.35,1
Ed. McNeil,1894,http://id.lincsproject.ca/yFiweJwaxt5,E. McNeil,direct,1.0,0.35,1
Ed. McNeil,1895,http://id.lincsproject.ca/yFiweJwaxt5,E. McNeil,direct,1.0,0.35,1
Ed. McNeil,1896,http://id.lincsproject.ca/yFiweJwaxt5,E. McNeil,direct,1.0,0.35,1
Edgar Dewdney,1880,http://viaf.org/viaf/20583753,Edgar Dewdney,direct,1.0,1.0,1
Edgar Dewdney,1881,http://viaf.org/viaf/20583753,Edgar Dewdney,direct,1.0,1.0,1
Edgar Dewdney,1882,http://viaf.org/viaf/20583753,Edgar Dewdney,direct,1.0,1.0,1
Edgar Dewdney,1883,http://viaf.org/viaf/20583753,Edgar Dewdney,direct,1.0,1.0,1
Edgar Dewdney,1884,http://viaf.org/viaf/20583753,Edgar Dewdney,direct,1.0,1.0,1
Edith Ashby,1889,http://id.lincsproject.ca/TXvZSLdiLLr,Edith Ashby,direct,1.0,0.35,1
Edith Ashby,1890,http://id.lincsproject.ca/TXvZSLdiLLr,Edith Ashby,direct,1.0,0.35,1
Edith Ashby,1891,http://id.lincsproject.ca/TXvZSLdiLLr,Edith Ashby,direct,1.0,0.35,1
Edith Ashby,1892,http://id.lincsproject.ca/TXvZSLdiLLr,Edith Ashby,direct,1.0,0.35,1
Edith Ashby,1893,http://id.lincsproject.ca/TXvZSLdiLLr,Edith Ashby,direct,1.0,0.35,1
Edith H. Lyon,1890,http://id.lincsproject.ca/JLiENjZDBoz,Edith H. Lyon,direct,1.0,1.0,1
Edith H. Lyon,1895,http://id.lincsproject.ca/JLiENjZDBoz,Edith H. Lyon,direct,1.0,1.0,1
Edith H. Lyon,1896,http://id.lincsproject.ca/JLiENjZDBoz,Edith H. Lyon,direct,1.0,1.0,1
Edith H. Lyon,1897,http://id.lincsproject.ca/JLiENjZDBoz,Edith H. Lyon,direct,1.0,1.0,1
Edith H. Lyon,1899,http://id.lincsproject.ca/JLiENjZDBoz,Edith H. Lyon,direct,1.0,1.0,1
Edith H. Lyon,1904,http://id.lincsproject.ca/JLiENjZDBoz,Edith H. Lyon,direct,1.0,1.0,1
Edmund Bennett,1895,http://id.lincsproject.ca/SyBFSXMUZjj,E. Bennett,direct,1.0,1.0,1
Edmund Bennett,1896,http://id.lincsproject.ca/SyBFSXMUZjj,E. Bennett,direct,1.0,1.0,1
Edward Pidgeon,1891,http://id.lincsproject.ca/s6L3EqlaXgn,Edward Pidgeon,direct,1.0,1.0,1
Edward Pidgeon,1892,http://id.lincsproject.ca/s6L3EqlaXgn,Edward Pidgeon,direct,1.0,1.0,1
"Edwards, O.C., M.D.",1897,http://id.lincsproject.ca/Od8MwF0CAOY,O.C. Edwards,direct,1.0,1.0,1
"Edwards, O.C., M.D.",1899,http://id.lincsproject.ca/Od8MwF0CAOY,O.C. Edwards,direct,1.0,1.0,1
"Edwards, O.C., M.D.",1904,http://id.lincsproject.ca/Od8MwF0CAOY,O.C. Edwards,direct,1.0,1.0,1
"Edwards, O.C., M.D.",1910,http://id.lincsproject.ca/Od8MwF0CAOY,O.C. Edwards,direct,1.0,1.0,1
Edwin D. Cameron,1896,http://id.lincsproject.ca/KbbIByrMtI5,E.D. Cameron,direct,1.0,0.35,1
Edwin D. Cameron.,1895,http://id.lincsproject.ca/KbbIByrMtI5,E.D. Cameron,direct,1.0,0.35,1
Edwin Rochester,1895,http://id.lincsproject.ca/0yqAVirfvjz,E. Rochester,direct,1.0,1.0,1
Edwin Rochester,1896,http://id.lincsproject.ca/0yqAVirfvjz,E. Rochester,direct,1.0,1.0,1
Edwin Rochester,1897,http://id.lincsproject.ca/0yqAVirfvjz,E. Rochester,direct,1.0,1.0,1
Edwin Rochester,1899,http://id.lincsproject.ca/0yqAVirfvjz,E. Rochester,direct,1.0,1.0,1
Edwin Rochester,1904,http://id.lincsproject.ca/0yqAVirfvjz,E. Rochester,direct,1.0,1.0,1
Effie K. McLatchie,1910,http://id.lincsproject.ca/AgCP6Od1uUm,Effie K. McLatchie,direct,1.0,0.4237,1
"Elderkin, E.J., M.D.",1897,http://id.lincsproject.ca/WSGje65ncRa,E.J. Elderkin,direct,1.0,1.0,1
"Elderkin, E.J., M.D.",1904,http://id.lincsproject.ca/WSGje65ncRa,E.J. Elderkin,direct,1.0,1.0,1
"Elderkin, E.J., M.D.",1910,http://id.lincsproject.ca/WSGje65ncRa,E.J. Elderkin,direct,1.0,1.0,1
Ellen I. Findlay,1910,http://id.lincsproject.ca/mOEj1iqig7L,Ellen J. Findlay,direct,0.9225,0.9225,1
Ellen O'Connell,1891,http://id.lincsproject.ca/H40skZ8SrIS,Ellen O'Connell,direct,1.0,1.0,1
Ellen Richardson,1891,http://id.lincsproject.ca/BxEFmjgCS61,Ellen Richardson,direct,1.0,0.35,1
Ellen Richardson,1892,http://id.lincsproject.ca/BxEFmjgCS61,Ellen Richardson,direct,1.0,0.35,1
Elliot T. Galt,1882,http://id.lincsproject.ca/SuEKKvmL2sy,Elliot T. Galt,direct,1.0,1.0,1
Elliott T. Galt,1880,http://id.lincsproject.ca/SuEKKvmL2sy,Elliot T. Galt,direct,1.0,1.0,1
Elliott T. Galt,1881,http://id.lincsproject.ca/SuEKKvmL2sy,Elliot T. Galt,direct,1.0,1.0,1
"Elliott, C.A., M.D.",1904,http://id.lincsproject.ca/gS8wnxN95gm,C.A. Elliott,direct,1.0,1.0,1
"Ellis, Joseph",1910,http://id.lincsproject.ca/XHM5vt3raOu,"Ellis, Jos",direct,1.0,1.0,1
Emile Jean,1910,http://id.lincsproject.ca/4QRRuLObkjz,E. Jean,direct,1.0,1.0,1
Emma S. Martin,1895,http://id.lincsproject.ca/92BMu4lhziq,Emma S. Martin,direct,1.0,0.35,1
Emma S. Martin,1896,http://id.lincsproject.ca/92BMu4lhziq,Emma S. Martin,direct,1.0,0.35,1
Emma S. Martin,1897,http://id.lincsproject.ca/92BMu4lhziq,Emma S. Martin,direct,1.0,0.3803,1
Emma S. Martin,1899,http://id.lincsproject.ca/92BMu4lhziq,Emma S. Martin,direct,1.0,0.3803,1
Emma S. Martin,1904,http://id.lincsproject.ca/92BMu4lhziq,Emma S. Martin,direct,1.0,0.3803,1
Emma S. Martin,1910,http://id.lincsproject.ca/92BMu4lhziq,Emma S. Martin,direct,1.0,1.0,1
"English, Adam",1897,http://id.lincsproject.ca/1smijfYkILL,A. English,direct,1.0,1.0,1
"English, Adam",1899,http://id.lincsproject.ca/1smijfYkILL,A. English,direct,1.0,1.0,1
"English, Adam",1904,http://id.lincsproject.ca/1smijfYkILL,A. English,direct,1.0,1.0,1
"Erasmus, Peter",1910,http://id.lincsproject.ca/OcrwhX1lkmz,P. Erasmus,direct,1.0,1.0,1
Ernest Gilbert,1889,http://id.lincsproject.ca/5ClBN0DkNvj,Ernest Gilbert,direct,1.0,1.0,1
Estelle Skead,1892,http://id.lincsproject.ca/dC92TGNoCW0,Estelle Skead,direct,1.0,1.0,1
Eva A. Lord,1910,http://id.lincsproject.ca/UEaQsmiYlMQ,Eva A. Lord,direct,1.0,0.4345,1
"Evans, J.W., M.D.",1897,http://id.lincsproject.ca/D0KC2w1yGOB,J.W. Evans,direct,1.0,1.0,1
"Evans, J.W., M.D.",1899,http://id.lincsproject.ca/D0KC2w1yGOB,J.W. Evans,direct,1.0,1.0,1
Ewen Bell,1894,http://id.lincsproject.ca/AQmMo2TS80C,Ewen Bell,direct,1.0,1.0,1
Ewen Bell,1895,http://id.lincsproject.ca/AQmMo2TS80C,Ewen Bell,direct,1.0,1.0,1
Ewen Bell,1896,http://id.lincsproject.ca/AQmMo2TS80C,Ewen Bell,direct,1.0,1.0,1
F. Cere,1889,http://id.lincsproject.ca/uTBfPTK4IFQ,F. Cere,direct,1.0,1.0,1
F. Devlin,1893,http://id.lincsproject.ca/he4Hf4VrRtO,F. Devlin,direct,1.0,1.0,1
F. Fisher,1891,http://id.lincsproject.ca/isMYPUcB7AW,F. Fisher,direct,1.0,0.3803,1
F. Fisher,1892,http://id.lincsproject.ca/isMYPUcB7AW,F. Fisher,direct,1.0,0.3803,1
F. Fisher,1894,http://id.lincsproject.ca/isMYPUcB7AW,F. Fisher,direct,1.0,0.3803,1
F. Fisher,1895,http://id.lincsproject.ca/isMYPUcB7AW,F. Fisher,direct,1.0,0.35,1
F. McDormand,1883,http://id.lincsproject.ca/vN6deeONf5x,F. McDormand,direct,1.0,0.4007,1
F. McDormand,1884,http://id.lincsproject.ca/vN6deeONf5x,F. McDormand,direct,1.0,0.4007,1
F. McDormand,1885,http://id.lincsproject.ca/vN6deeONf5x,F. McDormand,direct,1.0,0.4007,1
F. McDormand,1886,http://id.lincsproject.ca/vN6deeONf5x,F. McDormand,direct,1.0,0.4007,1
F. McDormand,1887,http://id.lincsproject.ca/vN6deeONf5x,F. McDormand,direct,1.0,0.4007,1
F. McDormand,1889,http://id.lincsproject.ca/vN6deeONf5x,F. McDormand,direct,1.0,0.4007,1
F. McDormand,1890,http://id.lincsproject.ca/vN6deeONf5x,F. McDormand,direct,1.0,0.4007,1
F. McDormand,1891,http://id.lincsproject.ca/vN6deeONf5x,F. McDormand,direct,1.0,0.4007,1
F. McDormand,1892,http://id.lincsproject.ca/vN6deeONf5x,F. McDormand,direct,1.0,0.4007,1
F. McDormand,1893,http://id.lincsproject.ca/vN6deeONf5x,F. McDormand,direct,1.0,0.4007,1
F. McDormand,1894,http://id.lincsproject.ca/vN6deeONf5x,F. McDormand,direct,1.0,0.4007,1
F. McDormand,1895,http://id.lincsproject.ca/vN6deeONf5x,F. McDormand,direct,1.0,0.4007,1
F. McDormand,1896,http://id.lincsproject.ca/vN6deeONf5x,F. McDormand,direct,1.0,0.4007,1
F. Ogletree,1880,http://id.lincsproject.ca/uznoBgWEn4E,F. Ogletree,direct,1.0,1.0,1
F. Ogletree,1881,http://id.lincsproject.ca/uznoBgWEn4E,F. Ogletree,direct,1.0,1.0,1
F. Ogletree,1882,http://id.lincsproject.ca/uznoBgWEn4E,F. Ogletree,direct,1.0,1.0,1
F. Ogletree,1884,http://id.lincsproject.ca/uznoBgWEn4E,F. Ogletree,direct,1.0,1.0,1
F. Ogletree,1885,http://id.lincsproject.ca/uznoBgWEn4E,F. Ogletree,direct,1.0,1.0,1
F. Ogletree,1886,http://id.lincsproject.ca/uznoBgWEn4E,F. Ogletree,direct,1.0,1.0,1
F. Ogletree,1887,http://id.lincsproject.ca/uznoBgWEn4E,F. Ogletree,direct,1.0,1.0,1
F. Ogletree,1888,http://id.lincsproject.ca/uznoBgWEn4E,F. Ogletree,direct,1.0,1.0,1
F. Ogletree,1889,http://id.lincsproject.ca/uznoBgWEn4E,F. Ogletree,direct,1.0,1.0,1
F. Ogletree,1890,http://id.lincsproject.ca/uznoBgWEn4E,F. Ogletree,direct,1.0,1.0,1
F. Ogletree,1891,http://id.lincsproject.ca/uznoBgWEn4E,F. Ogletree,direct,1.0,1.0,1
F. Ogletree,1892,http://id.lincsproject.ca/uznoBgWEn4E,F. Ogletree,direct,1.0,1.0,1
F. Ogletree,1893,http://id.lincsproject.ca/uznoBgWEn4E,F. Ogletree,direct,1.0,1.0,1
F. Ogletree,1894,http://id.lincsproject.ca/uznoBgWEn4E,F. Ogletree,direct,1.0,1.0,1
F. Ogletree,1895,http://id.lincsproject.ca/uznoBgWEn4E,F. Ogletree,direct,1.0,1.0,1
F. Ogletree,1896,http://id.lincsproject.ca/uznoBgWEn4E,F. Ogletree,direct,1.0,1.0,1
F. Redmond,1889,http://id.lincsproject.ca/ORDSXvwknIS,F. Redmond,direct,1.0,1.0,1
F. Skynner,1893,http://id.lincsproject.ca/vW8K6ghGamV,F. Skynner,direct,1.0,1.0,1
F. Skynner,1894,http://id.lincsproject.ca/vW8K6ghGamV,F. Skynner,direct,1.0,1.0,1
F. Spearson,1889,http://id.lincsproject.ca/2EP8hIyVzs7,F. Spearson,direct,1.0,1.0,1
F. Spearson,1890,http://id.lincsproject.ca/2EP8hIyVzs7,F. Spearson,direct,1.0,1.0,1
F. Vielle,1891,http://id.lincsproject.ca/zW528mzwf9K,F. Vielle,direct,1.0,1.0,1
F. Yeilding,1885,http://id.lincsproject.ca/2XQ1zzEvboY,F. Yielding,direct,0.9886,0.9886,1
F. Yielding,1882,http://id.lincsproject.ca/2XQ1zzEvboY,F. Yielding,direct,1.0,1.0,1
F. Yielding,1883,http://id.lincsproject.ca/2XQ1zzEvboY,F. Yielding,direct,1.0,1.0,1
F. Yielding,1884,http://id.lincsproject.ca/2XQ1zzEvboY,F. Yielding,direct,1.0,1.0,1
F. Yielding,1886,http://id.lincsproject.ca/2XQ1zzEvboY,F. Yielding,direct,1.0,1.0,1
F. Yielding,1887,http://id.lincsproject.ca/2XQ1zzEvboY,F. Yielding,direct,1.0,1.0,1
F. Yielding,1888,http://id.lincsproject.ca/2XQ1zzEvboY,F. Yielding,direct,1.0,1.0,1
F. Yielding,1889,http://id.lincsproject.ca/2XQ1zzEvboY,F. Yielding,direct,1.0,1.0,1
F. Yielding,1890,http://id.lincsproject.ca/2XQ1zzEvboY,F. Yielding,direct,1.0,1.0,1
"F.A Rand, M.D.",1895,http://id.lincsproject.ca/Fkf1GtVxhPv,Fred A. Rand,direct,1.0,1.0,1
F.A. Devereux,1891,http://id.lincsproject.ca/ZFnk7jI8JQx,F.A. Devereux,direct,1.0,1.0,1
F.A. Devereux,1892,http://id.lincsproject.ca/ZFnk7jI8JQx,F.A. Devereux,direct,1.0,1.0,1
F.A. Devereux,1893,http://id.lincsproject.ca/ZFnk7jI8JQx,F.A. Devereux,direct,1.0,1.0,1
F.A. Devereux,1894,http://id.lincsproject.ca/ZFnk7jI8JQx,F.A. Devereux,direct,1.0,1.0,1
"F.A. Rand, M.D.",1893,http://id.lincsproject.ca/Fkf1GtVxhPv,Fred A. Rand,direct,1.0,1.0,1
"F.A. Rand, M.D.",1894,http://id.lincsproject.ca/Fkf1GtVxhPv,Fred A. Rand,direct,1.0,1.0,1
"F.A. Rand, M.D.",1896,http://id.lincsproject.ca/Fkf1GtVxhPv,Fred A. Rand,direct,1.0,1.0,1
F.A.D. Bourke,1894,http://id.lincsproject.ca/xgOn5vyMLAU,F.A.D. Burke,direct,0.9805,0.9805,1
F.A.D. Bourke,1895,http://id.lincsproject.ca/xgOn5vyMLAU,F.A.D. Burke,direct,0.9805,0.9805,1
F.A.D. Bourke,1896,http://id.lincsproject.ca/xgOn5vyMLAU,F.A.D. Burke,direct,0.9805,0.9805,1
F.A.D. Burke,1893,http://id.lincsproject.ca/xgOn5vyMLAU,F.A.D. Burke,direct,1.0,1.0,1
F.C. Cornish,1886,http://id.lincsproject.ca/Tmm4sawAQkH,F.O. Cornish,direct,0.9125,0.9125,1
F.C. Cornish,1887,http://id.lincsproject.ca/Tmm4sawAQkH,F.O. Cornish,direct,0.9125,0.9125,1
F.C. Cornish,1889,http://id.lincsproject.ca/Tmm4sawAQkH,F.O. Cornish,direct,0.9125,0.9125,1
F.C. Cornish,1890,http://id.lincsproject.ca/Tmm4sawAQkH,F.O. Cornish,direct,0.9125,0.9125,1
F.C. Cornish,1891,http://id.lincsproject.ca/Tmm4sawAQkH,F.O. Cornish,direct,0.9125,0.9125,1
F.C. Cornish,1892,http://id.lincsproject.ca/Tmm4sawAQkH,F.O. Cornish,direct,0.9125,0.9125,1
F.C. Cornish,1893,http://id.lincsproject.ca/Tmm4sawAQkH,F.O. Cornish,direct,0.9125,0.9125,1
F.C. Cornish,1894,http://id.lincsproject.ca/Tmm4sawAQkH,F.O. Cornish,direct,0.9125,0.9125,1
F.C. Cornish,1895,http://id.lincsproject.ca/Tmm4sawAQkH,F.O. Cornish,direct,0.9125,0.9125,1
F.C. Cornish,1896,http://id.lincsproject.ca/Tmm4sawAQkH,F.O. Cornish,direct,0.9125,0.9125,1
F.D. Freeman,1889,http://id.lincsproject.ca/nMSBhrRZNtC,F.D. Freeman,direct,1.0,1.0,1
F.D. Freeman,1890,http://id.lincsproject.ca/nMSBhrRZNtC,F.D. Freeman,direct,1.0,1.0,1
F.D. Freeman,1891,http://id.lincsproject.ca/nMSBhrRZNtC,F.D. Freeman,direct,1.0,1.0,1
F.D. Freeman,1892,http://id.lincsproject.ca/nMSBhrRZNtC,F.D. Freeman,direct,1.0,1.0,1
F.D. Freeman,1893,http://id.lincsproject.ca/nMSBhrRZNtC,F.D. Freeman,direct,1.0,1.0,1
F.D. Freeman,1894,http://id.lincsproject.ca/nMSBhrRZNtC,F.D. Freeman,direct,1.0,1.0,1
F.D. Freeman,1895,http://id.lincsproject.ca/nMSBhrRZNtC,F.D. Freeman,direct,1.0,1.0,1
F.D. Freeman,1896,http://id.lincsproject.ca/nMSBhrRZNtC,F.D. Freeman,direct,1.0,1.0,1
F.F. Bell,1882,http://id.lincsproject.ca/e6y3W61LtoE,F.F. Bell,direct,1.0,0.35,1
F.F. Bell,1883,http://id.lincsproject.ca/e6y3W61LtoE,F.F. Bell,direct,1.0,1.0,1
F.F. Bell,1884,http://id.lincsproject.ca/e6y3W61LtoE,F.F. Bell,direct,1.0,1.0,1
F.F. Bell,1885,http://id.lincsproject.ca/e6y3W61LtoE,F.F. Bell,direct,1.0,1.0,1
F.F. Bell,1886,http://id.lincsproject.ca/e6y3W61LtoE,F.F. Bell,direct,1.0,1.0,1
F.F. Bell,1887,http://id.lincsproject.ca/e6y3W61LtoE,F.F. Bell,direct,1.0,1.0,1
F.F. Bell,1888,http://id.lincsproject.ca/e6y3W61LtoE,F.F. Bell,direct,1.0,1.0,1
F.F. Bell,1889,http://id.lincsproject.ca/e6y3W61LtoE,F.F. Bell,direct,1.0,1.0,1
F.F. Bell,1890,http://id.lincsproject.ca/e6y3W61LtoE,F.F. Bell,direct,1.0,1.0,1
F.F. Bell,1891,http://id.lincsproject.ca/e6y3W61LtoE,F.F. Bell,direct,1.0,1.0,1
F.H. Mitchell,1896,http://id.lincsproject.ca/H6DVyojJqLs,F.H. Mitchell,direct,1.0,0.35,1
F.H. O'Brien,1884,http://id.lincsproject.ca/bd80dRyemnv,F.H. O'Brien,direct,1.0,1.0,1
F.H. O'Brien,1885,http://id.lincsproject.ca/bd80dRyemnv,F.H. O'Brien,direct,1.0,1.0,1
F.H. O'Brien,1886,http://id.lincsproject.ca/bd80dRyemnv,F.H. O'Brien,direct,1.0,1.0,1
F.H. O'Brien,1887,http://id.lincsproject.ca/bd80dRyemnv,F.H. O'Brien,direct,1.0,0.3278,1
F.H. O'Brien,1888,http://id.lincsproject.ca/bd80dRyemnv,F.H. O'Brien,direct,1.0,0.3278,1
F.H. O'Brien,1889,http://id.lincsproject.ca/bd80dRyemnv,F.H. O'Brien,direct,1.0,1.0,1
F.H. O'Brien,1890,http://id.lincsproject.ca/bd80dRyemnv,F.H. O'Brien,direct,1.0,0.2975,1
F.H. O'Brien,1891,http://id.lincsproject.ca/bd80dRyemnv,F.H. O'Brien,direct,1.0,1.0,1
F.H. O'Brien,1892,http://id.lincsproject.ca/bd80dRyemnv,F.H. O'Brien,direct,1.0,1.0,1
F.H. Paget,1886,http://id.lincsproject.ca/i7xbp5RaM6P,F.R. Paget,direct,0.9125,0.9125,1
F.H. Paget,1887,http://id.lincsproject.ca/i7xbp5RaM6P,F.R. Paget,direct,0.9125,0.9125,1
F.H. Paget,1888,http://id.lincsproject.ca/i7xbp5RaM6P,F.R. Paget,direct,0.9125,0.9125,1
F.H. Paget,1889,http://id.lincsproject.ca/i7xbp5RaM6P,F.R. Paget,direct,0.9125,0.9125,1
F.H. Paget,1890,http://id.lincsproject.ca/i7xbp5RaM6P,F.R. Paget,direct,0.9125,0.9125,1
F.H. Paget,1891,http://id.lincsproject.ca/i7xbp5RaM6P,F.R. Paget,direct,0.9125,0.9125,1
F.H. Paget,1892,http://id.lincsproject.ca/i7xbp5RaM6P,F.R. Paget,direct,0.9125,0.9125,1
F.H. Paget,1893,http://id.lincsproject.ca/i7xbp5RaM6P,F.R. Paget,direct,0.9125,0.9125,1
F.H. Paget,1895,http://id.lincsproject.ca/i7xbp5RaM6P,F.R. Paget,direct,0.9125,0.9125,1
F.H. Paget,1896,http://id.lincsproject.ca/i7xbp5RaM6P,F.R. Paget,direct,0.9125,0.9125,1
F.H. Williams,1893,http://id.lincsproject.ca/4WRV7n3G3iY,F.H. Williams,direct,1.0,0.35,1
F.O. Cornish,1888,http://id.lincsproject.ca/Tmm4sawAQkH,F.O. Cornish,direct,1.0,1.0,1
F.R. Byshe,1884,http://id.lincsproject.ca/fhWrxdXNnfD,F.R. Byshe,direct,1.0,1.0,1
F.R. Byshe,1885,http://id.lincsproject.ca/fhWrxdXNnfD,F.R. Byshe,direct,1.0,1.0,1
F.R. Byshe,1886,http://id.lincsproject.ca/fhWrxdXNnfD,F.R. Byshe,direct,1.0,1.0,1
F.R. Byshe,1887,http://id.lincsproject.ca/fhWrxdXNnfD,F.R. Byshe,direct,1.0,1.0,1
F.R. Byshe,1888,http://id.lincsproject.ca/fhWrxdXNnfD,F.R. Byshe,direct,1.0,1.0,1
F.R. Byshe,1889,http://id.lincsproject.ca/fhWrxdXNnfD,F.R. Byshe,direct,1.0,1.0,1
F.R. Byshe,1890,http://id.lincsproject.ca/fhWrxdXNnfD,F.R. Byshe,direct,1.0,1.0,1
F.R. Byshe,1891,http://id.lincsproject.ca/fhWrxdXNnfD,F.R. Byshe,direct,1.0,1.0,1
F.R. Byshe,1892,http://id.lincsproject.ca/fhWrxdXNnfD,F.R. Byshe,direct,1.0,1.0,1
F.R. Byshe,1893,http://id.lincsproject.ca/fhWrxdXNnfD,F.R. Byshe,direct,1.0,1.0,1
F.R. Byshe,1894,http://id.lincsproject.ca/fhWrxdXNnfD,F.R. Byshe,direct,1.0,1.0,1
F.R. Paget,1894,http://id.lincsproject.ca/i7xbp5RaM6P,F.R. Paget,direct,1.0,1.0,1
F.R. Ross,1882,http://id.lincsproject.ca/yh0ZlwbhSQL,F.R. Ross,direct,1.0,0.35,1
F.R. Ross,1883,http://id.lincsproject.ca/yh0ZlwbhSQL,F.R. Ross,direct,1.0,0.175,1
F.R. Ross,1884,http://id.lincsproject.ca/yh0ZlwbhSQL,F.R. Ross,direct,1.0,0.175,1
F.R. Ross,1885,http://id.lincsproject.ca/yh0ZlwbhSQL,F.R. Ross,direct,1.0,0.175,1
F.R. Ross,1886,http://id.lincsproject.ca/yh0ZlwbhSQL,F.R. Ross,direct,1.0,0.175,1
F.W. Gowan,1881,http://id.lincsproject.ca/fdMEGI1ylAe,F.W. Gowan,direct,1.0,1.0,1
F.W. Smith,1880,http://id.lincsproject.ca/JD9eQyT3XyE,F. Smith,direct,0.9825,0.9825,1
F.W. Smith,1881,http://id.lincsproject.ca/JD9eQyT3XyE,F. Smith,direct,0.9825,0.9825,1
F.W. Smith,1882,http://id.lincsproject.ca/JD9eQyT3XyE,F. Smith,direct,0.9825,0.9825,1
F.W. Smith,1883,http://id.lincsproject.ca/JD9eQyT3XyE,F. Smith,direct,0.9825,0.9825,1
F.W. Smith,1884,http://id.lincsproject.ca/JD9eQyT3XyE,F. Smith,direct,0.9825,0.9825,1
F.W. Smith,1885,http://id.lincsproject.ca/JD9eQyT3XyE,F. Smith,direct,0.9825,0.3325,1
F.W. Smith,1886,http://id.lincsproject.ca/JD9eQyT3XyE,F. Smith,direct,0.9825,0.3325,1
F.W. Smith,1887,http://id.lincsproject.ca/JD9eQyT3XyE,F. Smith,direct,0.9825,0.3325,1
F.W. Smith,1888,http://id.lincsproject.ca/JD9eQyT3XyE,F. Smith,direct,0.9825,0.3325,1
F.W. Smith,1889,http://id.lincsproject.ca/JD9eQyT3XyE,F. Smith,direct,0.9825,0.28,1
F.W. Smith,1890,http://id.lincsproject.ca/JD9eQyT3XyE,F. Smith,direct,0.9825,0.28,1
F.W. Smith,1891,http://id.lincsproject.ca/JD9eQyT3XyE,F. Smith,direct,0.9825,0.28,1
F.W. Smith,1892,http://id.lincsproject.ca/JD9eQyT3XyE,F. Smith,direct,0.9825,0.28,1
F.W. Smith,1893,http://id.lincsproject.ca/JD9eQyT3XyE,F. Smith,direct,0.9825,0.28,1
F.W. Smith,1894,http://id.lincsproject.ca/JD9eQyT3XyE,F. Smith,direct,0.9825,0.28,1
F.X. Girard,1886,http://id.lincsproject.ca/zzyJGIGx3iO,F.X. Girard,direct,1.0,1.0,1
F.X. Girard,1887,http://id.lincsproject.ca/zzyJGIGx3iO,F.X. Girard,direct,1.0,1.0,1
"F.X. Girard, M.D.",1884,http://id.lincsproject.ca/zzyJGIGx3iO,F.X. Girard,direct,1.0,1.0,1
"F.X. Girard, M.D.",1885,http://id.lincsproject.ca/zzyJGIGx3iO,F.X. Girard,direct,1.0,1.0,1
"F.X. Girard, M.D.",1889,http://id.lincsproject.ca/zzyJGIGx3iO,F.X. Girard,direct,1.0,1.0,1
"F.X. Girard, M.D.",1890,http://id.lincsproject.ca/zzyJGIGx3iO,F.X. Girard,direct,1.0,1.0,1
"F.X. Girard, M.D.",1891,http://id.lincsproject.ca/zzyJGIGx3iO,F.X. Girard,direct,1.0,1.0,1
"F.X. Girard, M.D.",1892,http://id.lincsproject.ca/zzyJGIGx3iO,F.X. Girard,direct,1.0,1.0,1
"F.X. Girard, M.D.",1893,http://id.lincsproject.ca/zzyJGIGx3iO,F.X. Girard,direct,1.0,1.0,1
"F.X. Girard, M.D.",1894,http://id.lincsproject.ca/zzyJGIGx3iO,F.X. Girard,direct,1.0,1.0,1
"F.X. Girard, M.D.",1895,http://id.lincsproject.ca/zzyJGIGx3iO,F.X. Girard,direct,1.0,1.0,1
"F.X. Girard, M.D.",1896,http://id.lincsproject.ca/zzyJGIGx3iO,F.X. Girard,direct,1.0,1.0,1
Fannie Yeilding,1895,http://id.lincsproject.ca/2XQ1zzEvboY,F. Yielding,direct,0.9886,0.9886,1
Fannie Yeilding,1897,http://id.lincsproject.ca/2XQ1zzEvboY,F. Yielding,direct,0.9886,0.9886,1
Fannie Yeilding,1899,http://id.lincsproject.ca/2XQ1zzEvboY,F. Yielding,direct,0.9886,0.9886,1
Fannie Yeilding,1904,http://id.lincsproject.ca/2XQ1zzEvboY,F. Yielding,direct,0.9886,0.9886,1
Fannie Yeilding,1910,http://id.lincsproject.ca/2XQ1zzEvboY,F. Yielding,direct,0.9886,0.9886,1
Fannie Yielding,1896,http://id.lincsproject.ca/2XQ1zzEvboY,F. Yielding,direct,1.0,1.0,1
"Favel, Chas",1899,http://id.lincsproject.ca/0yUPF3f2Wmc,C. Favel,direct,1.0,1.0,1
"Favel, Chas.",1897,http://id.lincsproject.ca/0yUPF3f2Wmc,C. Favel,direct,1.0,1.0,1
"Ferguson, A.G., M.D.",1899,http://id.lincsproject.ca/SsAKKmkwNLt,A.G. Ferguson,direct,1.0,1.0,1
"Ferguson, A.G., M.D.",1904,http://id.lincsproject.ca/SsAKKmkwNLt,A.G. Ferguson,direct,1.0,0.35,1
"Ferguson, A.G., M.D.",1910,http://id.lincsproject.ca/SsAKKmkwNLt,A.G. Ferguson,direct,1.0,0.2975,1
"Ferguson, Geo. P.",1910,http://id.lincsproject.ca/x1Hn3eK7W2r,"Ferguson, Geo",direct,0.9925,0.29,1
"Ferguson, W.J.C",1904,http://id.lincsproject.ca/VCs8n3xGmV2,"Ferguson, W.J.",direct,0.9825,0.3325,1
"Ferguson, W.J.C.",1910,http://id.lincsproject.ca/VCs8n3xGmV2,"Ferguson, W.J.",direct,0.9825,0.3325,1
"Fewtrell, E.L.",1904,http://id.lincsproject.ca/gg1zbulYFQE,E.L. Fewtrell,direct,1.0,1.0,1
"Fewtrell, E.L.",1910,http://id.lincsproject.ca/gg1zbulYFQE,E.L. Fewtrell,direct,1.0,1.0,1
"Field, Sep",1910,http://id.lincsproject.ca/5dATqJ6IPIN,Sep Field,direct,1.0,1.0,1
"Finlayson, J.D.",1897,http://id.lincsproject.ca/7jKKK49KeF8,J.D. Finlayson,direct,1.0,1.0,1
"Finlayson, J.D.",1899,http://id.lincsproject.ca/7jKKK49KeF8,J.D. Finlayson,direct,1.0,1.0,1
"Finlayson, J.D.",1904,http://id.lincsproject.ca/7jKKK49KeF8,J.D. Finlayson,direct,1.0,1.0,1
"Fischer, Fred",1910,http://id.lincsproject.ca/pqh7E9RhiPw,"Fischer, Fred",direct,1.0,1.0,1
"Fisher, Chas",1904,http://id.lincsproject.ca/O2ux7PQQnOA,"Fisher, Chas",direct,1.0,0.35,1
"Fisher, F.",1904,http://id.lincsproject.ca/isMYPUcB7AW,F. Fisher,direct,1.0,0.35,1
"Flaherty, F.F. M.D.",1910,http://id.lincsproject.ca/1hwt9wV5ytT,F.F. Flaherty,direct,1.0,1.0,1
"Fleetham, T.J.",1897,http://id.lincsproject.ca/5VIbAL9aZhh,Fleetham T.J.,direct,1.0,1.0,1
"Fleetham, T.J.",1899,http://id.lincsproject.ca/5VIbAL9aZhh,Fleetham T.J.,direct,1.0,1.0,1
"Fleetham, T.J.",1904,http://id.lincsproject.ca/5VIbAL9aZhh,Fleetham T.J.,direct,1.0,1.0,1
"Fleetham, T.J.",1910,http://id.lincsproject.ca/5VIbAL9aZhh,Fleetham T.J.,direct,1.0,1.0,1
Floretta K. Maracle,1896,http://id.lincsproject.ca/7xXglQ4TY3D,Miss F.K. Maracle,direct,1.0,1.0,1
Floretta K. Maracle,1897,http://id.lincsproject.ca/7xXglQ4TY3D,Miss F.K. Maracle,direct,1.0,1.0,1
Floretta K. Maracle,1899,http://id.lincsproject.ca/7xXglQ4TY3D,Miss F.K. Maracle,direct,1.0,1.0,1
Floretta K. Maracle,1904,http://id.lincsproject.ca/7xXglQ4TY3D,Miss F.K. Maracle,direct,1.0,1.0,1
Floretta K. Maracle.,1895,http://id.lincsproject.ca/7xXglQ4TY3D,Miss F.K. Maracle,direct,1.0,1.0,1
"Foley, John",1904,http://id.lincsproject.ca/I13VrgDoJtI,John Foley,direct,1.0,1.0,1
"Foley, John",1910,http://id.lincsproject.ca/I13VrgDoJtI,John Foley,direct,1.0,1.0,1
"Foote, E.C., M.D.",1899,http://id.lincsproject.ca/QxN1j0O73xb,E.C. Foote,direct,1.0,1.0,1
"Forbes, Rev. G.",1904,http://viaf.org/viaf/92050230,G. Forbes,direct,1.0,1.0,1
"Forget, Amédée E.",1897,http://www.wikidata.org/entity/Q482172,A.E. Forget,direct,1.0,1.0,1
"Foster, G.L., M.D.",1897,http://www.wikidata.org/entity/Q19865867,G.L. Foster,direct,1.0,1.0,1
"Fougner, Iver.",1910,http://id.lincsproject.ca/Il81w9hpqaF,Iver Fougner,direct,1.0,1.0,1
Francis Pedley,1904,http://id.lincsproject.ca/PPTQgINY1aQ,Francis Pedley,direct,1.0,1.0,1
Frank Devlin,1894,http://id.lincsproject.ca/he4Hf4VrRtO,F. Devlin,direct,1.0,1.0,1
Frank Devlin,1895,http://id.lincsproject.ca/he4Hf4VrRtO,F. Devlin,direct,1.0,1.0,1
Frank Devlin,1896,http://id.lincsproject.ca/he4Hf4VrRtO,F. Devlin,direct,1.0,1.0,1
Frank Norman,1896,http://id.lincsproject.ca/UzlKx9Wv0fb,Frank Norman,direct,1.0,1.0,1
Frank Pedley,1910,http://id.lincsproject.ca/9x2cO6J71cv,Frank Pedley,direct,1.0,1.0,1
"Fraser, A.R.",1910,http://id.lincsproject.ca/B0dO0gRyJkK,A.R. Fraser,direct,1.0,0.35,1
"Fraser, M.S., M.D.",1897,http://id.lincsproject.ca/eVu1eVsEnD5,M.S. Fraser,direct,1.0,0.35,1
"Fraser, M.S., M.D.",1899,http://id.lincsproject.ca/eVu1eVsEnD5,M.S. Fraser,direct,1.0,0.35,1
"Fraser, M.S., M.D.",1904,http://id.lincsproject.ca/eVu1eVsEnD5,M.S. Fraser,direct,1.0,0.35,1
"Fraser, M.S., M.D.",1910,http://id.lincsproject.ca/eVu1eVsEnD5,M.S. Fraser,direct,1.0,0.35,1
"Fraser, P.",1910,http://id.lincsproject.ca/eyjtHZklADC,P. Fraser,direct,1.0,0.35,1
"Fraser, Rev. John",1897,http://id.lincsproject.ca/fCZdPf47io2,John Fraser,direct,1.0,0.35,1
"Fraser, Rev. John",1899,http://id.lincsproject.ca/fCZdPf47io2,John Fraser,direct,1.0,0.35,1
"Fraser, Rev. John",1904,http://id.lincsproject.ca/fCZdPf47io2,John Fraser,direct,1.0,0.35,1
Fred'k H. Paget,1904,http://id.lincsproject.ca/i7xbp5RaM6P,F.R. Paget,direct,0.9125,0.9125,1
Frederick H. Paget,1897,http://id.lincsproject.ca/i7xbp5RaM6P,F.R. Paget,direct,0.9125,0.9125,1
Frederick H. Paget,1899,http://id.lincsproject.ca/i7xbp5RaM6P,F.R. Paget,direct,0.9125,0.9125,1
Frederick H. Paget,1910,http://id.lincsproject.ca/i7xbp5RaM6P,F.R. Paget,direct,0.9125,0.9125,1
Frederick Munro,1910,http://id.lincsproject.ca/3QwuMKX6qxR,Fred Munro,direct,1.0,1.0,1
Frederick R. Byshe,1895,http://id.lincsproject.ca/fhWrxdXNnfD,F.R. Byshe,direct,1.0,1.0,1
Frederick R. Byshe,1896,http://id.lincsproject.ca/fhWrxdXNnfD,F.R. Byshe,direct,1.0,1.0,1
Frederick R. Byshe,1897,http://id.lincsproject.ca/fhWrxdXNnfD,F.R. Byshe,direct,1.0,1.0,1
Frederick R. Byshe,1899,http://id.lincsproject.ca/fhWrxdXNnfD,F.R. Byshe,direct,1.0,1.0,1
Frederick R. Byshe,1904,http://id.lincsproject.ca/fhWrxdXNnfD,F.R. Byshe,direct,1.0,1.0,1
Frederick R. Byshe,1910,http://id.lincsproject.ca/fhWrxdXNnfD,F.R. Byshe,direct,1.0,1.0,1
Frederick W. Smith,1896,http://id.lincsproject.ca/JD9eQyT3XyE,F. Smith,direct,0.9825,0.28,1
Frederick W. Smith,1899,http://id.lincsproject.ca/JD9eQyT3XyE,F. Smith,direct,0.9825,0.3325,1
Frederick W. Smith.,1895,http://id.lincsproject.ca/JD9eQyT3XyE,F. Smith,direct,0.9825,0.28,1
Frederick W. Smith.,1897,http://id.lincsproject.ca/JD9eQyT3XyE,F. Smith,direct,0.9825,0.28,1
"Freeman, F.D.",1897,http://id.lincsproject.ca/nMSBhrRZNtC,F.D. Freeman,direct,1.0,1.0,1
"Freeman, F.D.",1899,http://id.lincsproject.ca/nMSBhrRZNtC,F.D. Freeman,direct,1.0,1.0,1
G. Belnkinsop,1883,http://www.wikidata.org/entity/Q5537047,G. Belnkinsop,direct,1.0,1.0,1
G. Blenkinsop,1881,http://www.wikidata.org/entity/Q5537047,G. Belnkinsop,direct,0.9935,0.9935,1
G. Blenkinsop,1882,http://www.wikidata.org/entity/Q5537047,G. Belnkinsop,direct,0.9935,0.9935,1
G. Blenkinsop,1884,http://www.wikidata.org/entity/Q5537047,G. Belnkinsop,direct,0.9935,0.9935,1
G. Blenkinsop,1885,http://www.wikidata.org/entity/Q5537047,G. Belnkinsop,direct,0.9935,0.9935,1
G. Chaffee,1884,http://id.lincsproject.ca/PN9bch8Yru9,G. Chaffey,direct,0.9759,0.9759,1
G. Chaffee,1885,http://id.lincsproject.ca/PN9bch8Yru9,G. Chaffey,direct,0.9759,0.9759,1
G. Chaffee,1886,http://id.lincsproject.ca/PN9bch8Yru9,G. Chaffey,direct,0.9759,0.9759,1
G. Chaffee,1887,http://id.lincsproject.ca/PN9bch8Yru9,G. Chaffey,direct,0.9759,0.9759,1
G. Chaffee,1888,http://id.lincsproject.ca/PN9bch8Yru9,G. Chaffey,direct,0.9759,0.9759,1
G. Chaffee,1889,http://id.lincsproject.ca/PN9bch8Yru9,G. Chaffey,direct,0.9759,0.3259,1
G. Chaffee,1890,http://id.lincsproject.ca/PN9bch8Yru9,G. Chaffey,direct,0.9759,0.3259,1
G. Chaffee,1891,http://id.lincsproject.ca/PN9bch8Yru9,G. Chaffey,direct,0.9759,0.3259,1
G. Chaffee,1892,http://id.lincsproject.ca/PN9bch8Yru9,G. Chaffey,direct,0.9759,0.3259,1
G. Chaffee,1893,http://id.lincsproject.ca/PN9bch8Yru9,G. Chaffey,direct,0.9759,0.9759,1
G. Chaffee,1894,http://id.lincsproject.ca/PN9bch8Yru9,G. Chaffey,direct,0.9759,0.9759,1
G. G. Mann,1884,http://id.lincsproject.ca/X9upRnYfbSi,G.G. Mann,direct,1.0,1.0,1
G. Goffic,1889,http://id.lincsproject.ca/jQuNQacWOTs,G. Goffic,direct,1.0,1.0,1
G. Goffic,1890,http://id.lincsproject.ca/jQuNQacWOTs,G. Goffic,direct,1.0,1.0,1
G. Goffic,1892,http://id.lincsproject.ca/jQuNQacWOTs,G. Goffic,direct,1.0,1.0,1
G. Goffie,1891,http://id.lincsproject.ca/jQuNQacWOTs,G. Goffic,direct,0.9697,0.9697,1
G. Hodgson,1889,http://id.lincsproject.ca/s5NkMGRKTs2,G. Hodgson,direct,1.0,1.0,1
G. Hodgson,1890,http://id.lincsproject.ca/s5NkMGRKTs2,G. Hodgson,direct,1.0,1.0,1
G. Hodgson,1891,http://id.lincsproject.ca/s5NkMGRKTs2,G. Hodgson,direct,1.0,1.0,1
G. Hodgson,1892,http://id.lincsproject.ca/s5NkMGRKTs2,G. Hodgson,direct,1.0,1.0,1
G. Hodgson,1893,http://id.lincsproject.ca/s5NkMGRKTs2,G. Hodgson,direct,1.0,1.0,1
G. Hodgson,1894,http://id.lincsproject.ca/s5NkMGRKTs2,G. Hodgson,direct,1.0,1.0,1
G. Isbester,1889,http://id.lincsproject.ca/e2QZFDuOEtE,G. Isbester,direct,1.0,1.0,1
G. Lacombe,1890,http://id.lincsproject.ca/3P0Kh4YwokQ,G. Lacombe,direct,1.0,1.0,1
G. McNabb,1891,http://id.lincsproject.ca/csVEKLbLR3j,G. McNabb,direct,1.0,1.0,1
G. McNabb,1892,http://id.lincsproject.ca/csVEKLbLR3j,G. McNabb,direct,1.0,0.3587,1
G. McPherson,1884,http://id.lincsproject.ca/RYkhGanwxNX,G. McPherson,direct,1.0,0.4164,1
G. McPherson,1885,http://id.lincsproject.ca/RYkhGanwxNX,G. McPherson,direct,1.0,0.4164,1
G. McPherson,1886,http://id.lincsproject.ca/RYkhGanwxNX,G. McPherson,direct,1.0,0.4164,1
G. McPherson,1887,http://id.lincsproject.ca/RYkhGanwxNX,G. McPherson,direct,1.0,0.4164,1
G. McPherson,1888,http://id.lincsproject.ca/RYkhGanwxNX,G. McPherson,direct,1.0,0.4164,1
G. Mitchell,1883,http://id.lincsproject.ca/yAouFeBpeXe,G. Mitchell,direct,1.0,1.0,1
G. Pablo,1892,http://id.lincsproject.ca/aYOKkGXaaOg,G. Pablo,direct,1.0,1.0,1
G. Sayer,1892,http://id.lincsproject.ca/cFY5Sjg8RPQ,G. Sayer,direct,1.0,1.0,1
G. Wells,1883,http://id.lincsproject.ca/PDlPU1KSNMN,G. Wells,direct,1.0,1.0,1
G. Wells,1884,http://id.lincsproject.ca/PDlPU1KSNMN,G. Wells,direct,1.0,1.0,1
G. Wells,1885,http://id.lincsproject.ca/PDlPU1KSNMN,G. Wells,direct,1.0,1.0,1
G. Wells,1886,http://id.lincsproject.ca/PDlPU1KSNMN,G. Wells,direct,1.0,1.0,1
G. Wells,1887,http://id.lincsproject.ca/PDlPU1KSNMN,G. Wells,direct,1.0,1.0,1
G. Wells,1888,http://id.lincsproject.ca/PDlPU1KSNMN,G. Wells,direct,1.0,1.0,1
G. Wells,1889,http://id.lincsproject.ca/PDlPU1KSNMN,G. Wells,direct,1.0,1.0,1
G. Wells,1890,http://id.lincsproject.ca/PDlPU1KSNMN,G. Wells,direct,1.0,1.0,1
G. Wells,1891,http://id.lincsproject.ca/PDlPU1KSNMN,G. Wells,direct,1.0,1.0,1
G. Wells,1892,http://id.lincsproject.ca/PDlPU1KSNMN,G. Wells,direct,1.0,1.0,1
G. Wells,1893,http://id.lincsproject.ca/PDlPU1KSNMN,G. Wells,direct,1.0,1.0,1
G. Whitford,1889,http://id.lincsproject.ca/xjgpd6QkJCp,G. Whitford,direct,1.0,0.35,1
G. Whitford,1890,http://id.lincsproject.ca/xjgpd6QkJCp,G. Whitford,direct,1.0,0.35,1
G. Whitford,1891,http://id.lincsproject.ca/xjgpd6QkJCp,G. Whitford,direct,1.0,1.0,1
G. Whitford,1893,http://id.lincsproject.ca/xjgpd6QkJCp,G. Whitford,direct,1.0,0.35,1
G. Whitford,1894,http://id.lincsproject.ca/xjgpd6QkJCp,G. Whitford,direct,1.0,1.0,1
G.A. Betournay,1895,http://id.lincsproject.ca/SHfU7RxoM1S,G.A. Betourney,direct,0.9841,0.9841,1
G.A. Betourney,1888,http://id.lincsproject.ca/SHfU7RxoM1S,G.A. Betourney,direct,1.0,1.0,1
G.A. Betourney,1889,http://id.lincsproject.ca/SHfU7RxoM1S,G.A. Betourney,direct,1.0,1.0,1
G.A. Betourney,1890,http://id.lincsproject.ca/SHfU7RxoM1S,G.A. Betourney,direct,1.0,1.0,1
G.A. Betourney,1891,http://id.lincsproject.ca/SHfU7RxoM1S,G.A. Betourney,direct,1.0,1.0,1
G.A. Betourney,1892,http://id.lincsproject.ca/SHfU7RxoM1S,G.A. Betourney,direct,1.0,1.0,1
G.A. Betourney,1893,http://id.lincsproject.ca/SHfU7RxoM1S,G.A. Betourney,direct,1.0,1.0,1
G.A. Bétourney,1894,http://id.lincsproject.ca/SHfU7RxoM1S,G.A. Betourney,direct,1.0,1.0,1
"G.A. Kennedy, M.D.",1884,http://viaf.org/viaf/41302391,G.A. Kennedy,direct,1.0,0.35,1
G.A. Whiteman,1892,http://id.lincsproject.ca/KjIVP9AEszZ,G.A. Whiteman,direct,1.0,1.0,1
G.A. Whiteman,1893,http://id.lincsproject.ca/KjIVP9AEszZ,G.A. Whiteman,direct,1.0,1.0,1
G.A. Whiteman,1894,http://id.lincsproject.ca/KjIVP9AEszZ,G.A. Whiteman,direct,1.0,1.0,1
G.A. Whiteman,1895,http://id.lincsproject.ca/KjIVP9AEszZ,G.A. Whiteman,direct,1.0,1.0,1
G.A. Whiteman,1896,http://id.lincsproject.ca/KjIVP9AEszZ,G.A. Whiteman,direct,1.0,1.0,1
G.B. McDermot,1884,http://id.lincsproject.ca/M6D8pZZ8j9F,G.B. McDermot,direct,1.0,0.4345,1
G.B. McDermot,1885,http://id.lincsproject.ca/M6D8pZZ8j9F,G.B. McDermot,direct,1.0,0.4345,1
G.B. McDermott,1886,http://id.lincsproject.ca/M6D8pZZ8j9F,G.B. McDermot,direct,0.9986,0.4114,1
G.B. McDermott,1887,http://id.lincsproject.ca/M6D8pZZ8j9F,G.B. McDermot,direct,0.9986,0.4114,1
G.B. McDermott,1888,http://id.lincsproject.ca/M6D8pZZ8j9F,G.B. McDermot,direct,0.9986,0.4114,1
G.B. McDermott,1890,http://id.lincsproject.ca/M6D8pZZ8j9F,G.B. McDermot,direct,0.9986,0.9986,1
G.B. McDermott,1891,http://id.lincsproject.ca/M6D8pZZ8j9F,G.B. McDermot,direct,0.9986,0.9986,1
G.B. McDermott,1892,http://id.lincsproject.ca/M6D8pZZ8j9F,G.B. McDermot,direct,0.9986,0.9986,1
G.B. McKelvey,1889,http://id.lincsproject.ca/uW7cudqZXSf,G.B. McKelvey,direct,1.0,0.4345,1
G.D. Gospil,1888,http://id.lincsproject.ca/vkptKHVcNgH,G.D. Gospil,direct,1.0,1.0,1
G.E. Cherrier,1880,http://id.lincsproject.ca/1gWIPhschLk,G.E. Cherrier,direct,1.0,1.0,1
G.E. Cherrier,1881,http://id.lincsproject.ca/1gWIPhschLk,G.E. Cherrier,direct,1.0,1.0,1
G.E. Cherrier,1882,http://id.lincsproject.ca/1gWIPhschLk,G.E. Cherrier,direct,1.0,1.0,1
G.E. Cherrier,1884,http://id.lincsproject.ca/1gWIPhschLk,G.E. Cherrier,direct,1.0,1.0,1
G.E. Corbett,1883,http://id.lincsproject.ca/PZbvPQX2uo8,G.E. Corbett,direct,1.0,1.0,1
G.F. Maxfield,1889,http://id.lincsproject.ca/3tU4m9osYu7,G.F. Maxfield,direct,1.0,1.0,1
G.F. Maxfield,1890,http://id.lincsproject.ca/3tU4m9osYu7,G.F. Maxfield,direct,1.0,1.0,1
G.G. Mann,1883,http://id.lincsproject.ca/X9upRnYfbSi,G.G. Mann,direct,1.0,1.0,1
G.G. Mann,1885,http://id.lincsproject.ca/X9upRnYfbSi,G.G. Mann,direct,1.0,1.0,1
G.G. Mann,1886,http://id.lincsproject.ca/X9upRnYfbSi,G.G. Mann,direct,1.0,0.3803,1
G.G. Mann,1887,http://id.lincsproject.ca/X9upRnYfbSi,G.G. Mann,direct,1.0,1.0,1
G.G. Mann,1888,http://id.lincsproject.ca/X9upRnYfbSi,G.G. Mann,direct,1.0,1.0,1
G.G. Mann,1889,http://id.lincsproject.ca/X9upRnYfbSi,G.G. Mann,direct,1.0,1.0,1
G.G. Mann,1890,http://id.lincsproject.ca/X9upRnYfbSi,G.G. Mann,direct,1.0,1.0,1
G.G. Mann,1891,http://id.lincsproject.ca/X9upRnYfbSi,G.G. Mann,direct,1.0,1.0,1
G.G. Mann,1892,http://id.lincsproject.ca/X9upRnYfbSi,G.G. Mann,direct,1.0,1.0,1
G.G. Mann,1893,http://id.lincsproject.ca/X9upRnYfbSi,G.G. Mann,direct,1.0,1.0,1
G.G. Mann,1894,http://id.lincsproject.ca/X9upRnYfbSi,G.G. Mann,direct,1.0,1.0,1
G.G. Mann,1895,http://id.lincsproject.ca/X9upRnYfbSi,G.G. Mann,direct,1.0,1.0,1
G.G. Mann,1896,http://id.lincsproject.ca/X9upRnYfbSi,G.G. Mann,direct,1.0,0.35,1
G.H. Cherrier,1883,http://id.lincsproject.ca/1gWIPhschLk,G.E. Cherrier,direct,0.9125,0.9125,1
G.H. Clemens,1896,http://id.lincsproject.ca/GdM1bcGsNuD,G.H. Clemens,direct,1.0,1.0,1
G.H. Corbett,1881,http://id.lincsproject.ca/PZbvPQX2uo8,G.E. Corbett,direct,0.9125,0.9125,1
G.H. Corbett,1882,http://id.lincsproject.ca/PZbvPQX2uo8,G.E. Corbett,direct,0.9125,0.9125,1
G.H. Corbett,1884,http://id.lincsproject.ca/PZbvPQX2uo8,G.E. Corbett,direct,0.9125,0.9125,1
G.H. Corbett,1885,http://id.lincsproject.ca/PZbvPQX2uo8,G.E. Corbett,direct,0.9125,0.9125,1
G.H. Corbett,1886,http://id.lincsproject.ca/PZbvPQX2uo8,G.E. Corbett,direct,0.9125,0.9125,1
G.H. Corbett,1887,http://id.lincsproject.ca/PZbvPQX2uo8,G.E. Corbett,direct,0.9125,0.9125,1
G.H. Corbett,1888,http://id.lincsproject.ca/PZbvPQX2uo8,G.E. Corbett,direct,0.9125,0.9125,1
G.H. Corbett,1889,http://id.lincsproject.ca/PZbvPQX2uo8,G.E. Corbett,direct,0.9125,0.9125,1
G.H. Corbett,1890,http://id.lincsproject.ca/PZbvPQX2uo8,G.E. Corbett,direct,0.9125,0.9125,1
G.H. Corbett,1891,http://id.lincsproject.ca/PZbvPQX2uo8,G.E. Corbett,direct,0.9125,0.9125,1
G.H. Corbett,1892,http://id.lincsproject.ca/PZbvPQX2uo8,G.E. Corbett,direct,0.9125,0.9125,1
G.H. Corbett,1893,http://id.lincsproject.ca/PZbvPQX2uo8,G.E. Corbett,direct,0.9125,0.9125,1
G.H. Corbett,1894,http://id.lincsproject.ca/PZbvPQX2uo8,G.E. Corbett,direct,0.9125,0.9125,1
G.H. Corbett,1895,http://id.lincsproject.ca/PZbvPQX2uo8,G.E. Corbett,direct,0.9125,0.9125,1
G.H. Corbett,1896,http://id.lincsproject.ca/PZbvPQX2uo8,G.E. Corbett,direct,0.9125,0.9125,1
G.H. Harper,1892,http://id.lincsproject.ca/nYWKbUfY8yu,G.H. Harpur,direct,0.9697,0.9697,1
G.H. Harper,1896,http://id.lincsproject.ca/nYWKbUfY8yu,G.H. Harpur,direct,0.9697,0.9697,1
G.H. Harpur,1893,http://id.lincsproject.ca/nYWKbUfY8yu,G.H. Harpur,direct,1.0,1.0,1
G.H. Harpur,1894,http://id.lincsproject.ca/nYWKbUfY8yu,G.H. Harpur,direct,1.0,1.0,1
G.H. Harpur,1895,http://id.lincsproject.ca/nYWKbUfY8yu,G.H. Harpur,direct,1.0,1.0,1
G.H. Wheatley,1883,http://id.lincsproject.ca/iS3Bg9PZmCF,G.H. Wheatly,direct,0.9968,0.9968,1
G.H. Wheatley,1884,http://id.lincsproject.ca/iS3Bg9PZmCF,G.H. Wheatly,direct,0.9968,0.9968,1
G.H. Wheatley,1885,http://id.lincsproject.ca/iS3Bg9PZmCF,G.H. Wheatly,direct,0.9968,0.9968,1
G.H. Wheatley,1886,http://id.lincsproject.ca/iS3Bg9PZmCF,G.H. Wheatly,direct,0.9968,0.9968,1
G.H. Wheatley,1889,http://id.lincsproject.ca/iS3Bg9PZmCF,G.H. Wheatly,direct,0.9968,0.9968,1
G.H. Wheatley,1890,http://id.lincsproject.ca/iS3Bg9PZmCF,G.H. Wheatly,direct,0.9968,0.9968,1
G.H. Wheatley,1891,http://id.lincsproject.ca/iS3Bg9PZmCF,G.H. Wheatly,direct,0.9968,0.9968,1
G.H. Wheatley,1892,http://id.lincsproject.ca/iS3Bg9PZmCF,G.H. Wheatly,direct,0.9968,0.9968,1
G.H. Wheatley,1893,http://id.lincsproject.ca/iS3Bg9PZmCF,G.H. Wheatly,direct,0.9968,0.9968,1
G.H. Wheatley,1894,http://id.lincsproject.ca/iS3Bg9PZmCF,G.H. Wheatly,direct,0.9968,0.9968,1
G.H. Wheatley,1895,http://id.lincsproject.ca/iS3Bg9PZmCF,G.H. Wheatly,direct,0.9968,0.9968,1
G.H. Wheatley,1896,http://id.lincsproject.ca/iS3Bg9PZmCF,G.H. Wheatly,direct,0.9968,0.9968,1
G.H. Wheatly,1887,http://id.lincsproject.ca/iS3Bg9PZmCF,G.H. Wheatly,direct,1.0,1.0,1
G.H. Wheatly,1888,http://id.lincsproject.ca/iS3Bg9PZmCF,G.H. Wheatly,direct,1.0,1.0,1
G.M. Matheson,1888,http://id.lincsproject.ca/bgaipu7o16l,G.M. Matheson,direct,1.0,1.0,1
G.M. Matheson,1889,http://id.lincsproject.ca/bgaipu7o16l,G.M. Matheson,direct,1.0,1.0,1
G.M. Matheson,1890,http://id.lincsproject.ca/bgaipu7o16l,G.M. Matheson,direct,1.0,1.0,1
G.M. Matheson,1891,http://id.lincsproject.ca/bgaipu7o16l,G.M. Matheson,direct,1.0,0.2595,1
G.M. Matheson,1892,http://id.lincsproject.ca/bgaipu7o16l,G.M. Matheson,direct,1.0,0.2595,1
G.M. Matheson,1893,http://id.lincsproject.ca/bgaipu7o16l,G.M. Matheson,direct,1.0,1.0,1
G.M. Matheson,1894,http://id.lincsproject.ca/bgaipu7o16l,G.M. Matheson,direct,1.0,1.0,1
G.O. Collier,1890,http://id.lincsproject.ca/EF7EPQkoRzo,G.O. Collier,direct,1.0,1.0,1
G.R. Smith,1888,http://id.lincsproject.ca/MlMR9ZYcx05,G.R. Smith,direct,1.0,0.2975,1
G.R. Smith,1889,http://id.lincsproject.ca/MlMR9ZYcx05,G.R. Smith,direct,1.0,0.2975,1
G.R. Smith,1890,http://id.lincsproject.ca/MlMR9ZYcx05,G.R. Smith,direct,1.0,0.2975,1
G.R. Smith,1891,http://id.lincsproject.ca/MlMR9ZYcx05,G.R. Smith,direct,1.0,0.2975,1
G.R. Smith,1892,http://id.lincsproject.ca/MlMR9ZYcx05,G.R. Smith,direct,1.0,0.2975,1
G.R. Smith,1893,http://id.lincsproject.ca/MlMR9ZYcx05,G.R. Smith,direct,1.0,0.2975,1
G.R. Smith,1894,http://id.lincsproject.ca/MlMR9ZYcx05,G.R. Smith,direct,1.0,0.2975,1
G.S. Collier,1891,http://id.lincsproject.ca/EF7EPQkoRzo,G.O. Collier,direct,0.9125,0.9125,1
G.S. Collier,1892,http://id.lincsproject.ca/EF7EPQkoRzo,G.O. Collier,direct,0.9125,0.9125,1
G.S. Collier,1893,http://id.lincsproject.ca/EF7EPQkoRzo,G.O. Collier,direct,0.9125,0.9125,1
G.S. Collier,1894,http://id.lincsproject.ca/EF7EPQkoRzo,G.O. Collier,direct,0.9125,0.9125,1
G.S. Collier,1895,http://id.lincsproject.ca/EF7EPQkoRzo,G.O. Collier,direct,0.9125,0.9125,1
G.S. Collier,1896,http://id.lincsproject.ca/EF7EPQkoRzo,G.O. Collier,direct,0.9125,0.9125,1
G.S. McConnell,1883,http://id.lincsproject.ca/AJkItnis0FM,G.S. McConnell,direct,1.0,0.3803,1
G.T. Orton,1893,http://id.lincsproject.ca/9qZ89yHpA0O,G.T. Orton,direct,1.0,1.0,1
"G.T. Orton, M.D.",1888,http://id.lincsproject.ca/9qZ89yHpA0O,G.T. Orton,direct,1.0,1.0,1
"G.T. Orton, M.D.",1889,http://id.lincsproject.ca/9qZ89yHpA0O,G.T. Orton,direct,1.0,1.0,1
"G.T. Orton, M.D.",1890,http://id.lincsproject.ca/9qZ89yHpA0O,G.T. Orton,direct,1.0,1.0,1
"G.T. Orton, M.D.",1891,http://id.lincsproject.ca/9qZ89yHpA0O,G.T. Orton,direct,1.0,1.0,1
"G.T. Orton, M.D.",1892,http://id.lincsproject.ca/9qZ89yHpA0O,G.T. Orton,direct,1.0,1.0,1
"G.T. Orton, M.D.",1894,http://id.lincsproject.ca/9qZ89yHpA0O,G.T. Orton,direct,1.0,1.0,1
"G.T. Orton, M.D.",1895,http://id.lincsproject.ca/9qZ89yHpA0O,G.T. Orton,direct,1.0,1.0,1
"G.T. Orton, M.D.",1896,http://id.lincsproject.ca/9qZ89yHpA0O,G.T. Orton,direct,1.0,1.0,1
"Gagnon, Adolphe",1899,http://id.lincsproject.ca/VFU3fz0weOv,Adolphe Gagnon,direct,1.0,0.4063,1
"Gagnon, Adolphe",1904,http://id.lincsproject.ca/VFU3fz0weOv,Adolphe Gagnon,direct,1.0,0.4063,1
"Gagnon, Adolphe",1910,http://id.lincsproject.ca/VFU3fz0weOv,Adolphe Gagnon,direct,1.0,1.0,1
"Gagné, Rev. Jacob",1897,http://id.lincsproject.ca/xSGOwfXI0xY,J. Gagne,direct,1.0,1.0,1
"Gagné, Rev. Jacob",1899,http://id.lincsproject.ca/xSGOwfXI0xY,J. Gagne,direct,1.0,0.4063,1
"Gagné, Rev. Jacob",1904,http://id.lincsproject.ca/xSGOwfXI0xY,J. Gagne,direct,1.0,0.4063,1
"Galbraith, Robert L.T.",1897,http://id.lincsproject.ca/ChxNpHhbqHb,R.L.T. Galbraith,direct,1.0,1.0,1
"Galbraith, Robert L.T.",1899,http://id.lincsproject.ca/ChxNpHhbqHb,R.L.T. Galbraith,direct,1.0,1.0,1
"Galbraith, Robert L.T.",1904,http://id.lincsproject.ca/ChxNpHhbqHb,R.L.T. Galbraith,direct,1.0,1.0,1
"Galbraith, Robert L.T.",1910,http://id.lincsproject.ca/ChxNpHhbqHb,R.L.T. Galbraith,direct,1.0,1.0,1
"Gardapie, H.",1910,http://id.lincsproject.ca/TXS8Y36TMJz,H. Gardapie,direct,1.0,0.3881,1
"Gardipie, E.",1910,http://id.lincsproject.ca/wWYTGM4fqkd,E. Gardipie,direct,1.0,0.3881,1
"Gardner, W.",1910,http://id.lincsproject.ca/ncbD7VJLjbr,W. Gardner,direct,1.0,0.3958,1
"Garrioch, W.H.",1897,http://id.lincsproject.ca/nUptH92Fuzo,W.H. Garrioch,direct,1.0,1.0,1
"Garrioch, W.H.",1904,http://id.lincsproject.ca/nUptH92Fuzo,W.H. Garrioch,direct,1.0,1.0,1
Geo. A. Conley,1910,http://id.lincsproject.ca/EeG0o6inaDg,Geo. A. Conley,direct,1.0,1.0,1
Geo. Bowman,1892,http://id.lincsproject.ca/EMqIVzYWuNd,Geo. Bowman,direct,1.0,1.0,1
Geo. Bowman,1893,http://id.lincsproject.ca/EMqIVzYWuNd,Geo. Bowman,direct,1.0,1.0,1
Geo. Bowman,1894,http://id.lincsproject.ca/EMqIVzYWuNd,Geo. Bowman,direct,1.0,1.0,1
Geo. Bowman,1895,http://id.lincsproject.ca/EMqIVzYWuNd,Geo. Bowman,direct,1.0,1.0,1
Geo. Bowman,1896,http://id.lincsproject.ca/EMqIVzYWuNd,Geo. Bowman,direct,1.0,1.0,1
Geo. Chaffey,1880,http://id.lincsproject.ca/PN9bch8Yru9,G. Chaffey,direct,1.0,1.0,1
Geo. F. Maxfield,1891,http://id.lincsproject.ca/3tU4m9osYu7,G.F. Maxfield,direct,1.0,1.0,1
Geo. F. Maxfield,1894,http://id.lincsproject.ca/3tU4m9osYu7,G.F. Maxfield,direct,1.0,1.0,1
Geo. F. Maxfield,1896,http://id.lincsproject.ca/3tU4m9osYu7,G.F. Maxfield,direct,1.0,1.0,1
Geo. F. Maxfield.,1893,http://id.lincsproject.ca/3tU4m9osYu7,G.F. Maxfield,direct,1.0,1.0,1
Geo. Hodgson,1895,http://id.lincsproject.ca/s5NkMGRKTs2,G. Hodgson,direct,1.0,1.0,1
Geo. Hodgson,1896,http://id.lincsproject.ca/s5NkMGRKTs2,G. Hodgson,direct,1.0,1.0,1
Geo. Kipling,1894,http://id.lincsproject.ca/nRHbV0ScOXX,"Kipling, Geo",direct,1.0,1.0,1
Geo. L. Chitty,1893,http://id.lincsproject.ca/NXvDsoelWC8,Geo. L. Chitty,direct,1.0,1.0,1
Geo. L. Chitty,1894,http://id.lincsproject.ca/NXvDsoelWC8,Geo. L. Chitty,direct,1.0,1.0,1
Geo. L. Chitty,1895,http://id.lincsproject.ca/NXvDsoelWC8,Geo. L. Chitty,direct,1.0,1.0,1
Geo. L. Chitty,1896,http://id.lincsproject.ca/NXvDsoelWC8,Geo. L. Chitty,direct,1.0,1.0,1
Geo. L. Chitty,1897,http://id.lincsproject.ca/NXvDsoelWC8,Geo. L. Chitty,direct,1.0,1.0,1
Geo. L. Chitty,1899,http://id.lincsproject.ca/NXvDsoelWC8,Geo. L. Chitty,direct,1.0,1.0,1
Geo. L. Chitty,1904,http://id.lincsproject.ca/NXvDsoelWC8,Geo. L. Chitty,direct,1.0,1.0,1
Geo. L. Chitty,1910,http://id.lincsproject.ca/NXvDsoelWC8,Geo. L. Chitty,direct,1.0,1.0,1
Geo. Long,1889,http://id.lincsproject.ca/8skXzA4Ru9k,Geor Long,direct,1.0,1.0,1
Geo. Long,1890,http://id.lincsproject.ca/8skXzA4Ru9k,Geor Long,direct,1.0,1.0,1
Geo. Long,1891,http://id.lincsproject.ca/8skXzA4Ru9k,Geor Long,direct,1.0,1.0,1
Geo. Long,1892,http://id.lincsproject.ca/8skXzA4Ru9k,Geor Long,direct,1.0,1.0,1
Geo. Long,1893,http://id.lincsproject.ca/8skXzA4Ru9k,Geor Long,direct,1.0,1.0,1
Geo. Long,1894,http://id.lincsproject.ca/8skXzA4Ru9k,Geor Long,direct,1.0,1.0,1
Geo. M. Matheson,1897,http://id.lincsproject.ca/bgaipu7o16l,G.M. Matheson,direct,1.0,1.0,1
Geo. M. Matheson,1899,http://id.lincsproject.ca/bgaipu7o16l,G.M. Matheson,direct,1.0,1.0,1
Geo. M. Matheson,1904,http://id.lincsproject.ca/bgaipu7o16l,G.M. Matheson,direct,1.0,0.35,1
Geo. M. Matheson,1910,http://id.lincsproject.ca/bgaipu7o16l,G.M. Matheson,direct,1.0,0.35,1
Geo. McNab,1893,http://id.lincsproject.ca/csVEKLbLR3j,G. McNabb,direct,0.9913,0.3413,1
Geo. McNab,1894,http://id.lincsproject.ca/csVEKLbLR3j,G. McNabb,direct,0.9913,0.3413,1
Geo. McNab,1895,http://id.lincsproject.ca/csVEKLbLR3j,G. McNabb,direct,0.9913,0.3413,1
Geo. McNab,1896,http://id.lincsproject.ca/csVEKLbLR3j,G. McNabb,direct,0.9913,0.3413,1
Geo. McPherson,1880,http://id.lincsproject.ca/RYkhGanwxNX,G. McPherson,direct,1.0,1.0,1
Geo. Mitchell,1892,http://id.lincsproject.ca/yAouFeBpeXe,G. Mitchell,direct,1.0,0.35,1
Geo. Mitchell,1893,http://id.lincsproject.ca/yAouFeBpeXe,G. Mitchell,direct,1.0,0.35,1
Geo. Mitchell,1894,http://id.lincsproject.ca/yAouFeBpeXe,G. Mitchell,direct,1.0,0.35,1
Geo. Mitchell,1895,http://id.lincsproject.ca/yAouFeBpeXe,G. Mitchell,direct,1.0,0.35,1
Geo. Mitchell,1896,http://id.lincsproject.ca/yAouFeBpeXe,G. Mitchell,direct,1.0,0.35,1
Geo. Newcomb,1880,http://id.lincsproject.ca/5WBDq4jJwEO,Geo. Newcomb,direct,1.0,1.0,1
Geo. Newlove,1880,http://id.lincsproject.ca/tjOMtj888Xc,Geo. Newlove,direct,1.0,1.0,1
Geo. R. Smith,1895,http://id.lincsproject.ca/MlMR9ZYcx05,G.R. Smith,direct,1.0,0.2975,1
Geo. R. Smith,1896,http://id.lincsproject.ca/MlMR9ZYcx05,G.R. Smith,direct,1.0,0.2975,1
Geo. W. Burbidge,1885,http://viaf.org/viaf/39468826,Geo. W. Burbidge,direct,1.0,1.0,1
Geo. W. Burbidge,1887,http://viaf.org/viaf/39468826,Geo. W. Burbidge,direct,1.0,1.0,1
Geo. W. Burbridge,1884,http://viaf.org/viaf/39468826,Geo. W. Burbidge,direct,1.0,1.0,1
Geo. Wells,1894,http://id.lincsproject.ca/PDlPU1KSNMN,G. Wells,direct,1.0,1.0,1
Geo. Wells,1895,http://id.lincsproject.ca/PDlPU1KSNMN,G. Wells,direct,1.0,1.0,1
Geo. Wells,1896,http://id.lincsproject.ca/PDlPU1KSNMN,G. Wells,direct,1.0,1.0,1
Geo. f. Maxfield,1892,http://id.lincsproject.ca/3tU4m9osYu7,G.F. Maxfield,direct,1.0,1.0,1
Geo.F. Maxfield,1895,http://id.lincsproject.ca/3tU4m9osYu7,G.F. Maxfield,direct,1.0,1.0,1
Geor Long,1888,http://id.lincsproject.ca/8skXzA4Ru9k,Geor Long,direct,1.0,1.0,1
George Caffey,1882,http://id.lincsproject.ca/EuX2ulozzcX,George Caffey,direct,1.0,0.402,1
George Long,1895,http://id.lincsproject.ca/8skXzA4Ru9k,Geor Long,direct,1.0,1.0,1
George Long,1896,http://id.lincsproject.ca/8skXzA4Ru9k,Geor Long,direct,1.0,1.0,1
George M. Matheson,1895,http://id.lincsproject.ca/bgaipu7o16l,G.M. Matheson,direct,1.0,1.0,1
George M. Matheson,1896,http://id.lincsproject.ca/bgaipu7o16l,G.M. Matheson,direct,1.0,1.0,1
George McPherson,1881,http://id.lincsproject.ca/RYkhGanwxNX,G. McPherson,direct,1.0,1.0,1
George McPherson,1882,http://id.lincsproject.ca/RYkhGanwxNX,G. McPherson,direct,1.0,1.0,1
George McPherson,1883,http://id.lincsproject.ca/RYkhGanwxNX,G. McPherson,direct,1.0,1.0,1
George Newlove,1881,http://id.lincsproject.ca/cNieFXv43yY,George Newlove,direct,1.0,1.0,1
George Newlove,1882,http://id.lincsproject.ca/cNieFXv43yY,George Newlove,direct,1.0,1.0,1
Gertude A. Gorrell,1899,http://id.lincsproject.ca/ojRT3CSmnBA,Gertude A. Gorrell,direct,1.0,1.0,1
"Gibbons, James",1904,http://id.lincsproject.ca/naI7ZabVCGa,James Gibbons,direct,1.0,1.0,1
"Gibson, J.A.",1904,http://viaf.org/viaf/6015416,J.A. Gibson,direct,1.0,1.0,1
"Gibson, J.A.",1910,http://viaf.org/viaf/6015416,J.A. Gibson,direct,1.0,1.0,1
Gilbert Whitford,1895,http://id.lincsproject.ca/xjgpd6QkJCp,G. Whitford,direct,1.0,1.0,1
Gilbert Whitford,1896,http://id.lincsproject.ca/xjgpd6QkJCp,G. Whitford,direct,1.0,1.0,1
"Gilbey, Geo.",1904,http://id.lincsproject.ca/07S34a6chOg,"Gilbey, Geo.",direct,1.0,1.0,1
"Gilmour, Rev. Neil",1904,http://id.lincsproject.ca/GTWvG53TrXC,Neil Gilmour,direct,1.0,1.0,1
"Gimley, J.H., M.D.",1897,http://id.lincsproject.ca/Anm2nO0QZta,J.H. Gimley,direct,1.0,1.0,1
"Ginish, Peter",1910,http://id.lincsproject.ca/Jb4kESTtxyd,Peter Ginish,direct,1.0,1.0,1
"Ginn, J.C.",1904,http://id.lincsproject.ca/9CH9nfJsCQl,J.C. Ginn,direct,1.0,1.0,1
"Ginn, J.C.",1910,http://id.lincsproject.ca/9CH9nfJsCQl,J.C. Ginn,direct,1.0,1.0,1
"Girard, F.X., M.D.",1897,http://id.lincsproject.ca/zzyJGIGx3iO,F.X. Girard,direct,1.0,1.0,1
"Girard, F.X., M.D.",1899,http://id.lincsproject.ca/zzyJGIGx3iO,F.X. Girard,direct,1.0,1.0,1
"Giroux, A., M.D.",1910,http://id.lincsproject.ca/tAEla0M4LSr,Albert Giroux,direct,1.0,0.35,1
"Giroux, Rev. G.",1897,http://id.lincsproject.ca/rNPEu5oh6mg,G. Giroux,direct,1.0,1.0,1
"Giroux, Rev. G.",1904,http://id.lincsproject.ca/rNPEu5oh6mg,G. Giroux,direct,1.0,1.0,1
"Giroux, Rev. J.C.",1910,http://id.lincsproject.ca/eXSN2Hrjbkc,J.C. Giroux,direct,1.0,0.35,1
"Glover, Maud A.",1910,http://id.lincsproject.ca/dOrOgqW6Obb,Maud A. Glover,direct,1.0,1.0,1
"Godin, Tom",1897,http://id.lincsproject.ca/qRbLB5sPBCB,Tom Godin,direct,1.0,1.0,1
"Godin, Tom",1899,http://id.lincsproject.ca/qRbLB5sPBCB,Tom Godin,direct,1.0,1.0,1
"Godin, Tom",1904,http://id.lincsproject.ca/qRbLB5sPBCB,Tom Godin,direct,1.0,1.0,1
"Gooderham, J.H.",1897,http://id.lincsproject.ca/DhDWRsrALxH,J.H. Gooderham,direct,1.0,1.0,1
"Gooderham, J.H.",1899,http://id.lincsproject.ca/DhDWRsrALxH,J.H. Gooderham,direct,1.0,1.0,1
"Gooderham, J.H.",1904,http://id.lincsproject.ca/DhDWRsrALxH,J.H. Gooderham,direct,1.0,1.0,1
"Gooderham, J.H.",1910,http://id.lincsproject.ca/DhDWRsrALxH,J.H. Gooderham,direct,1.0,1.0,1
"Goodfellow, W.B.",1899,http://id.lincsproject.ca/cEnNQAAFqnW,W.B. Goodfellow,direct,1.0,1.0,1
"Goodwin, R., M.D.",1897,http://id.lincsproject.ca/NLOWZTRQRhO,R. Goodwin,direct,1.0,1.0,1
"Goodwin, R., M.D.",1899,http://id.lincsproject.ca/NLOWZTRQRhO,R. Goodwin,direct,1.0,1.0,1
"Goodwin, R., M.D.",1904,http://id.lincsproject.ca/NLOWZTRQRhO,R. Goodwin,direct,1.0,1.0,1
"Goodwin, R., M.D.",1910,http://id.lincsproject.ca/NLOWZTRQRhO,R. Goodwin,direct,1.0,1.0,1
"Gordon, M.",1899,http://id.lincsproject.ca/ag9PdvuD7Vh,M. Gordon,direct,1.0,1.0,1
"Gordon, M.",1904,http://id.lincsproject.ca/ag9PdvuD7Vh,M. Gordon,direct,1.0,1.0,1
"Gordon, M.S.",1910,http://id.lincsproject.ca/bciyqFbxQVs,M.S. Gordon,direct,1.0,0.35,1
"Gordon, W.",1910,http://id.lincsproject.ca/zVaC26w2ZUz,"Gordon, W.",direct,1.0,0.35,1
"Goulette, O.V",1897,http://id.lincsproject.ca/yAKEOdtH9if,"Goulette, O.V",direct,1.0,1.0,1
"Goulette, O.V.",1899,http://id.lincsproject.ca/yAKEOdtH9if,"Goulette, O.V",direct,1.0,1.0,1
"Goulette, O.V.",1904,http://id.lincsproject.ca/yAKEOdtH9if,"Goulette, O.V",direct,1.0,1.0,1
"Goulette, O.V.",1910,http://id.lincsproject.ca/yAKEOdtH9if,"Goulette, O.V",direct,1.0,1.0,1
"Graham, Duncan",1910,http://id.lincsproject.ca/bVRzAsP59qH,Duncan Graham,direct,1.0,0.35,1
"Graham, J.A., M.D.",1904,http://id.lincsproject.ca/CwMR97MtCU2,J.A. Graham,direct,1.0,0.2975,1
"Graham, Thos",1910,http://id.lincsproject.ca/kYCX2QXg6gY,"Graham, Thos",direct,1.0,0.35,1
"Graham, W.M.",1904,http://id.lincsproject.ca/2IJzxiwuqvl,"Graham, W.M.",direct,1.0,0.2975,1
"Graham, W.M.",1910,http://id.lincsproject.ca/2IJzxiwuqvl,"Graham, W.M.",direct,1.0,0.2975,1
"Graham, Wm. M.",1897,http://id.lincsproject.ca/2IJzxiwuqvl,"Graham, W.M.",direct,1.0,0.2975,1
"Graham, Wm. M.",1899,http://id.lincsproject.ca/2IJzxiwuqvl,"Graham, W.M.",direct,1.0,0.2975,1
"Granger, Rev. L.S.",1910,http://id.lincsproject.ca/av2B7jQgkWw,L.S. Granger,direct,1.0,0.0862,1
"Grant, C.C., M.D.",1910,http://id.lincsproject.ca/4hwMPO5jMxn,C.C. Grant,direct,1.0,0.35,1
"Grant, Jas. A.",1899,http://id.lincsproject.ca/7ogDED8sq6B,J.A. Grant,direct,1.0,0.35,1
"Grant, John",1910,http://id.lincsproject.ca/NWNadkYUuPA,John Grant,direct,1.0,0.35,1
"Grant, L",1910,http://id.lincsproject.ca/mfUPIWKqDVe,"Grant, L",direct,1.0,0.0862,1
"Grant, W.S.",1910,http://id.lincsproject.ca/6HHssWY5TiL,W.S. Grant,direct,1.0,0.35,1
"Grant, Wm. S.",1897,http://id.lincsproject.ca/6HHssWY5TiL,W.S. Grant,direct,1.0,1.0,1
"Grant, Wm. S.",1899,http://id.lincsproject.ca/6HHssWY5TiL,W.S. Grant,direct,1.0,0.35,1
"Grant, Wm. S.",1904,http://id.lincsproject.ca/6HHssWY5TiL,W.S. Grant,direct,1.0,1.0,1
"Green, A.E.",1910,http://id.lincsproject.ca/SHeMXQDtSNE,A.E. Green,direct,1.0,0.35,1
"Green, Ashdown H.",1897,http://id.lincsproject.ca/gDlK3LtJR4J,A.H. Green,direct,1.0,0.35,1
"Green, Ashdown H.",1899,http://id.lincsproject.ca/gDlK3LtJR4J,A.H. Green,direct,1.0,1.0,1
"Green, Miss Bella C",1910,http://id.lincsproject.ca/VmXhnvAebCv,Bella C. Green,direct,1.0,0.35,1
"Green, Thomas D.",1897,http://id.lincsproject.ca/wMDp2QjPt4R,T.D. Green,direct,1.0,0.35,1
"Guillod, Harry",1897,http://id.lincsproject.ca/a89IlZCpkN7,Harry Guillod,direct,1.0,1.0,1
"Guillod, Harry",1899,http://id.lincsproject.ca/a89IlZCpkN7,Harry Guillod,direct,1.0,0.4319,1
H. Andrews,1880,http://id.lincsproject.ca/bqv6MY7gybH,H. Andrews,direct,1.0,1.0,1
H. Andrews,1881,http://id.lincsproject.ca/bqv6MY7gybH,H. Andrews,direct,1.0,1.0,1
H. Andrews,1882,http://id.lincsproject.ca/bqv6MY7gybH,H. Andrews,direct,1.0,1.0,1
H. Andrews,1883,http://id.lincsproject.ca/bqv6MY7gybH,H. Andrews,direct,1.0,1.0,1
H. Andrews,1884,http://id.lincsproject.ca/bqv6MY7gybH,H. Andrews,direct,1.0,1.0,1
H. Andrews,1885,http://id.lincsproject.ca/bqv6MY7gybH,H. Andrews,direct,1.0,1.0,1
H. Andrews,1886,http://id.lincsproject.ca/bqv6MY7gybH,H. Andrews,direct,1.0,1.0,1
H. Blanc,1891,http://id.lincsproject.ca/7F0sYvTqv4C,H. Blanc,direct,1.0,1.0,1
H. Blanc,1892,http://id.lincsproject.ca/7F0sYvTqv4C,H. Blanc,direct,1.0,1.0,1
H. Cameron,1891,http://id.lincsproject.ca/ONzD338ub6R,H. Cameron,direct,1.0,0.35,1
H. Cameron,1892,http://id.lincsproject.ca/ONzD338ub6R,H. Cameron,direct,1.0,0.35,1
H. Cameron,1893,http://id.lincsproject.ca/ONzD338ub6R,H. Cameron,direct,1.0,0.35,1
H. Cameron,1894,http://id.lincsproject.ca/ONzD338ub6R,H. Cameron,direct,1.0,0.35,1
H. Cornwall,1881,http://id.lincsproject.ca/AtbBDPAiblL,H. Cornwall,direct,1.0,1.0,1
H. Cornwall,1882,http://id.lincsproject.ca/AtbBDPAiblL,H. Cornwall,direct,1.0,1.0,1
H. Cornwall,1883,http://id.lincsproject.ca/AtbBDPAiblL,H. Cornwall,direct,1.0,1.0,1
H. Cornwall,1884,http://id.lincsproject.ca/AtbBDPAiblL,H. Cornwall,direct,1.0,1.0,1
H. Dennehy,1891,http://id.lincsproject.ca/eusSnGSF89w,H. Dennehy,direct,1.0,0.3556,1
H. Dennehy,1892,http://id.lincsproject.ca/eusSnGSF89w,H. Dennehy,direct,1.0,0.3556,1
H. Desilets,1891,http://id.lincsproject.ca/hRp2O60Uoaz,H. Desilets,direct,1.0,1.0,1
H. Desilets,1892,http://id.lincsproject.ca/hRp2O60Uoaz,H. Desilets,direct,1.0,1.0,1
H. Desilets,1893,http://id.lincsproject.ca/hRp2O60Uoaz,H. Desilets,direct,1.0,1.0,1
H. Desilets,1894,http://id.lincsproject.ca/hRp2O60Uoaz,H. Desilets,direct,1.0,1.0,1
H. Diamond,1893,http://id.lincsproject.ca/l9LCEGbnLod,H. Diamond,direct,1.0,1.0,1
H. Dunbar,1893,http://id.lincsproject.ca/hDh4ai5LBdy,H. Dunbar,direct,1.0,0.35,1
H. Dunbar,1894,http://id.lincsproject.ca/hDh4ai5LBdy,H. Dunbar,direct,1.0,0.35,1
H. Dunbar,1895,http://id.lincsproject.ca/hDh4ai5LBdy,H. Dunbar,direct,1.0,1.0,1
H. Dunbar,1896,http://id.lincsproject.ca/hDh4ai5LBdy,H. Dunbar,direct,1.0,1.0,1
H. Guillod,1881,http://id.lincsproject.ca/zceMGWqc4Fy,H. Guillod,direct,1.0,1.0,1
H. Guillod,1882,http://id.lincsproject.ca/zceMGWqc4Fy,H. Guillod,direct,1.0,1.0,1
H. Guillod,1883,http://id.lincsproject.ca/zceMGWqc4Fy,H. Guillod,direct,1.0,1.0,1
H. Guillod,1884,http://id.lincsproject.ca/zceMGWqc4Fy,H. Guillod,direct,1.0,1.0,1
H. Guillod,1885,http://id.lincsproject.ca/zceMGWqc4Fy,H. Guillod,direct,1.0,1.0,1
H. Guillod,1886,http://id.lincsproject.ca/zceMGWqc4Fy,H. Guillod,direct,1.0,1.0,1
H. Guillod,1887,http://id.lincsproject.ca/zceMGWqc4Fy,H. Guillod,direct,1.0,1.0,1
H. Guillod,1888,http://id.lincsproject.ca/zceMGWqc4Fy,H. Guillod,direct,1.0,1.0,1
H. Guillod,1889,http://id.lincsproject.ca/zceMGWqc4Fy,H. Guillod,direct,1.0,1.0,1
H. Guillod,1890,http://id.lincsproject.ca/zceMGWqc4Fy,H. Guillod,direct,1.0,1.0,1
H. Guillod,1891,http://id.lincsproject.ca/zceMGWqc4Fy,H. Guillod,direct,1.0,1.0,1
H. Guillod,1892,http://id.lincsproject.ca/zceMGWqc4Fy,H. Guillod,direct,1.0,1.0,1
H. Guillod,1893,http://id.lincsproject.ca/zceMGWqc4Fy,H. Guillod,direct,1.0,1.0,1
H. Keith,1890,http://id.lincsproject.ca/FxwRddFmsW9,H. Keith,direct,1.0,1.0,1
H. Keith,1891,http://id.lincsproject.ca/FxwRddFmsW9,H. Keith,direct,1.0,1.0,1
H. Keith,1892,http://id.lincsproject.ca/FxwRddFmsW9,H. Keith,direct,1.0,1.0,1
H. Keith,1893,http://id.lincsproject.ca/FxwRddFmsW9,H. Keith,direct,1.0,1.0,1
H. Keith,1894,http://id.lincsproject.ca/FxwRddFmsW9,H. Keith,direct,1.0,1.0,1
H. Keith.,1889,http://id.lincsproject.ca/FxwRddFmsW9,H. Keith,direct,1.0,1.0,1
H. L. Loucks,1882,http://id.lincsproject.ca/O6ryUzTAcSN,H.L. Loucks,direct,1.0,1.0,1
H. Martineau,1880,http://id.lincsproject.ca/9uq67I4BKcW,H. Martineau,direct,1.0,1.0,1
H. Martineau,1881,http://id.lincsproject.ca/9uq67I4BKcW,H. Martineau,direct,1.0,1.0,1
H. Martineau,1882,http://id.lincsproject.ca/9uq67I4BKcW,H. Martineau,direct,1.0,1.0,1
H. Martineau,1883,http://id.lincsproject.ca/9uq67I4BKcW,H. Martineau,direct,1.0,1.0,1
H. Martineau,1884,http://id.lincsproject.ca/9uq67I4BKcW,H. Martineau,direct,1.0,1.0,1
H. Martineau,1885,http://id.lincsproject.ca/9uq67I4BKcW,H. Martineau,direct,1.0,0.3803,1
H. Martineau,1886,http://id.lincsproject.ca/9uq67I4BKcW,H. Martineau,direct,1.0,0.3803,1
H. Martineau,1887,http://id.lincsproject.ca/9uq67I4BKcW,H. Martineau,direct,1.0,0.3803,1
H. Martineau,1888,http://id.lincsproject.ca/9uq67I4BKcW,H. Martineau,direct,1.0,0.3803,1
H. Martineau,1889,http://id.lincsproject.ca/9uq67I4BKcW,H. Martineau,direct,1.0,0.3803,1
H. Martineau,1890,http://id.lincsproject.ca/9uq67I4BKcW,H. Martineau,direct,1.0,0.3803,1
H. Martineau,1891,http://id.lincsproject.ca/9uq67I4BKcW,H. Martineau,direct,1.0,0.3803,1
H. Martineau,1892,http://id.lincsproject.ca/9uq67I4BKcW,H. Martineau,direct,1.0,0.3803,1
H. Martineau,1893,http://id.lincsproject.ca/9uq67I4BKcW,H. Martineau,direct,1.0,0.3803,1
H. Martineau,1894,http://id.lincsproject.ca/9uq67I4BKcW,H. Martineau,direct,1.0,0.3803,1
H. Martineau,1895,http://id.lincsproject.ca/9uq67I4BKcW,H. Martineau,direct,1.0,0.3803,1
H. Martineau,1896,http://id.lincsproject.ca/9uq67I4BKcW,H. Martineau,direct,1.0,0.3803,1
H. McKay,1884,http://id.lincsproject.ca/OGtNgoAMmFx,H. McKay,direct,1.0,0.35,1
H. McKay,1885,http://id.lincsproject.ca/OGtNgoAMmFx,H. McKay,direct,1.0,0.35,1
H. McKay,1886,http://id.lincsproject.ca/OGtNgoAMmFx,H. McKay,direct,1.0,0.35,1
H. McKay,1888,http://id.lincsproject.ca/OGtNgoAMmFx,H. McKay,direct,1.0,0.35,1
H. McKay,1889,http://id.lincsproject.ca/OGtNgoAMmFx,H. McKay,direct,1.0,0.35,1
H. McKay,1890,http://id.lincsproject.ca/OGtNgoAMmFx,H. McKay,direct,1.0,0.35,1
H. McKay,1891,http://id.lincsproject.ca/OGtNgoAMmFx,H. McKay,direct,1.0,0.35,1
H. McKay,1892,http://id.lincsproject.ca/OGtNgoAMmFx,H. McKay,direct,1.0,0.35,1
H. McKay,1893,http://id.lincsproject.ca/OGtNgoAMmFx,H. McKay,direct,1.0,0.35,1
H. McKay,1894,http://id.lincsproject.ca/OGtNgoAMmFx,H. McKay,direct,1.0,0.35,1
H. Moffat,1881,http://id.lincsproject.ca/XPH0HKAoB0V,H. Moffat,direct,1.0,1.0,1
H. Moffat,1882,http://id.lincsproject.ca/XPH0HKAoB0V,H. Moffat,direct,1.0,1.0,1
H. Moffat,1885,http://id.lincsproject.ca/XPH0HKAoB0V,H. Moffat,direct,1.0,1.0,1
H. Moffat,1886,http://id.lincsproject.ca/XPH0HKAoB0V,H. Moffat,direct,1.0,1.0,1
H. Moffat,1887,http://id.lincsproject.ca/XPH0HKAoB0V,H. Moffat,direct,1.0,1.0,1
H. Moffat,1891,http://id.lincsproject.ca/XPH0HKAoB0V,H. Moffat,direct,1.0,0.35,1
H. Moffat,1892,http://id.lincsproject.ca/XPH0HKAoB0V,H. Moffat,direct,1.0,0.35,1
H. Moffat.,1883,http://id.lincsproject.ca/XPH0HKAoB0V,H. Moffat,direct,1.0,1.0,1
H. Moffatt,1888,http://id.lincsproject.ca/XPH0HKAoB0V,H. Moffat,direct,0.9944,0.9944,1
H. Moffatt,1889,http://id.lincsproject.ca/XPH0HKAoB0V,H. Moffat,direct,0.9944,0.9944,1
H. Moffatt,1890,http://id.lincsproject.ca/XPH0HKAoB0V,H. Moffat,direct,0.9944,0.9944,1
H. Nash,1890,http://id.lincsproject.ca/hMyclrPPCiV,H. Nash,direct,1.0,1.0,1
H. Pratt,1886,http://id.lincsproject.ca/p8Bw6RS2LTV,H. Pratt,direct,1.0,1.0,1
H. Prevost,1890,http://id.lincsproject.ca/vBHP6y1yMbM,H. Prevost,direct,1.0,1.0,1
H. Prevost,1891,http://id.lincsproject.ca/vBHP6y1yMbM,H. Prevost,direct,1.0,1.0,1
H. Reed,1881,http://www.wikidata.org/entity/Q16025204,H. Reed,direct,1.0,0.35,1
H. Reed,1882,http://www.wikidata.org/entity/Q16025204,H. Reed,direct,1.0,1.0,1
H. Vassal,1881,http://id.lincsproject.ca/CtwTh4mzPWV,H. Vassal,direct,1.0,1.0,1
H. Vassal,1882,http://id.lincsproject.ca/CtwTh4mzPWV,H. Vassal,direct,1.0,1.0,1
H. Vassal,1883,http://id.lincsproject.ca/CtwTh4mzPWV,H. Vassal,direct,1.0,1.0,1
H. Vassal,1884,http://id.lincsproject.ca/CtwTh4mzPWV,H. Vassal,direct,1.0,1.0,1
H. Vassal,1885,http://id.lincsproject.ca/CtwTh4mzPWV,H. Vassal,direct,1.0,1.0,1
H. Vassal,1886,http://id.lincsproject.ca/CtwTh4mzPWV,H. Vassal,direct,1.0,1.0,1
H. Vassal,1887,http://id.lincsproject.ca/CtwTh4mzPWV,H. Vassal,direct,1.0,1.0,1
H. Vassal,1888,http://id.lincsproject.ca/CtwTh4mzPWV,H. Vassal,direct,1.0,1.0,1
H. Wigle,1881,http://id.lincsproject.ca/7nWf6B4op09,H. Wigle,direct,1.0,1.0,1
H. Wigle,1883,http://id.lincsproject.ca/7nWf6B4op09,H. Wigle,direct,1.0,1.0,1
H. Wigle,1884,http://id.lincsproject.ca/7nWf6B4op09,H. Wigle,direct,1.0,1.0,1
H. Wigle,1885,http://id.lincsproject.ca/7nWf6B4op09,H. Wigle,direct,1.0,1.0,1
H. Wigle,1886,http://id.lincsproject.ca/7nWf6B4op09,H. Wigle,direct,1.0,1.0,1
H. Wigle,1887,http://id.lincsproject.ca/7nWf6B4op09,H. Wigle,direct,1.0,1.0,1
H. Wigle,1888,http://id.lincsproject.ca/7nWf6B4op09,H. Wigle,direct,1.0,1.0,1
H. Wigle,1889,http://id.lincsproject.ca/7nWf6B4op09,H. Wigle,direct,1.0,1.0,1
H. Wigle,1890,http://id.lincsproject.ca/7nWf6B4op09,H. Wigle,direct,1.0,1.0,1
H. Wigle,1891,http://id.lincsproject.ca/7nWf6B4op09,H. Wigle,direct,1.0,1.0,1
H. Wigle,1892,http://id.lincsproject.ca/7nWf6B4op09,H. Wigle,direct,1.0,1.0,1
H. Wigle,1893,http://id.lincsproject.ca/7nWf6B4op09,H. Wigle,direct,1.0,1.0,1
H.A. Carruthers,1889,http://id.lincsproject.ca/2hTsZNb3UJj,H.A. Carruthers,direct,1.0,1.0,1
H.A. Carruthers,1890,http://id.lincsproject.ca/2hTsZNb3UJj,H.A. Carruthers,direct,1.0,1.0,1
H.A. Carruthers,1891,http://id.lincsproject.ca/2hTsZNb3UJj,H.A. Carruthers,direct,1.0,1.0,1
H.A. Carruthers,1892,http://id.lincsproject.ca/2hTsZNb3UJj,H.A. Carruthers,direct,1.0,1.0,1
H.A. Carruthers,1893,http://id.lincsproject.ca/2hTsZNb3UJj,H.A. Carruthers,direct,1.0,1.0,1
H.A. Carruthers,1894,http://id.lincsproject.ca/2hTsZNb3UJj,H.A. Carruthers,direct,1.0,0.4076,1
H.A. Carruthers,1895,http://id.lincsproject.ca/2hTsZNb3UJj,H.A. Carruthers,direct,1.0,1.0,1
H.A. Carruthers,1896,http://id.lincsproject.ca/2hTsZNb3UJj,H.A. Carruthers,direct,1.0,1.0,1
"H.A. Fish, M.D",1887,http://id.lincsproject.ca/4Q209qrlgHa,H.A. Fish,direct,1.0,1.0,1
"H.A. Fish, M.D.",1885,http://id.lincsproject.ca/4Q209qrlgHa,H.A. Fish,direct,1.0,1.0,1
"H.A. Fish, M.D.",1886,http://id.lincsproject.ca/4Q209qrlgHa,H.A. Fish,direct,1.0,1.0,1
"H.A. Fish, M.D.",1889,http://id.lincsproject.ca/4Q209qrlgHa,H.A. Fish,direct,1.0,1.0,1
"H.A. Fish, M.D.",1890,http://id.lincsproject.ca/4Q209qrlgHa,H.A. Fish,direct,1.0,0.3803,1
"H.A. Fish, M.D.",1891,http://id.lincsproject.ca/4Q209qrlgHa,H.A. Fish,direct,1.0,0.3803,1
"H.A. Fish, M.D.",1892,http://id.lincsproject.ca/4Q209qrlgHa,H.A. Fish,direct,1.0,0.3803,1
"H.A. Fish, M.D.",1893,http://id.lincsproject.ca/4Q209qrlgHa,H.A. Fish,direct,1.0,0.3803,1
"H.A. Fish, M.D.",1894,http://id.lincsproject.ca/4Q209qrlgHa,H.A. Fish,direct,1.0,0.3803,1
"H.A. Fish, M.D.",1895,http://id.lincsproject.ca/4Q209qrlgHa,H.A. Fish,direct,1.0,0.3803,1
"H.A. Fish, M.D.",1896,http://id.lincsproject.ca/4Q209qrlgHa,H.A. Fish,direct,1.0,0.3803,1
H.A.J. Macdougall,1882,http://id.lincsproject.ca/p1OpE2T81bm,H.A.J. Macdougall,direct,1.0,0.304,1
H.C. Rose,1887,http://id.lincsproject.ca/TubXaT9FtCP,H.C. Rose,direct,1.0,1.0,1
H.H Thompson,1886,http://id.lincsproject.ca/q0xzJJPSREZ,H.H Thompson,direct,1.0,0.35,1
H.H. Nash,1891,http://id.lincsproject.ca/hMyclrPPCiV,H. Nash,direct,0.9825,0.9825,1
H.H. Nash,1892,http://id.lincsproject.ca/hMyclrPPCiV,H. Nash,direct,0.9825,0.9825,1
H.H. Nash,1893,http://id.lincsproject.ca/hMyclrPPCiV,H. Nash,direct,0.9825,0.9825,1
H.H. Nash,1894,http://id.lincsproject.ca/hMyclrPPCiV,H. Nash,direct,0.9825,0.9825,1
H.H. Nash,1895,http://id.lincsproject.ca/hMyclrPPCiV,H. Nash,direct,0.9825,0.9825,1
H.H. Nash,1896,http://id.lincsproject.ca/hMyclrPPCiV,H. Nash,direct,0.9825,0.9825,1
H.H. Thompson,1883,http://id.lincsproject.ca/q0xzJJPSREZ,H.H Thompson,direct,1.0,0.35,1
H.H. Thompson,1884,http://id.lincsproject.ca/q0xzJJPSREZ,H.H Thompson,direct,1.0,0.35,1
H.H. Thompson,1885,http://id.lincsproject.ca/q0xzJJPSREZ,H.H Thompson,direct,1.0,0.35,1
H.H. Thompson,1887,http://id.lincsproject.ca/q0xzJJPSREZ,H.H Thompson,direct,1.0,0.35,1
H.H. Thompson,1888,http://id.lincsproject.ca/q0xzJJPSREZ,H.H Thompson,direct,1.0,0.35,1
H.H. Thompson,1889,http://id.lincsproject.ca/q0xzJJPSREZ,H.H Thompson,direct,1.0,0.35,1
H.H. Thompson,1890,http://id.lincsproject.ca/q0xzJJPSREZ,H.H Thompson,direct,1.0,0.35,1
H.H. Thompson,1891,http://id.lincsproject.ca/q0xzJJPSREZ,H.H Thompson,direct,1.0,0.35,1
H.H. Thompson,1892,http://id.lincsproject.ca/q0xzJJPSREZ,H.H Thompson,direct,1.0,0.35,1
H.J. Brook,1881,http://id.lincsproject.ca/WpwWfVoHO37,H.J. Brook,direct,1.0,1.0,1
H.J. Brook,1882,http://id.lincsproject.ca/WpwWfVoHO37,H.J. Brook,direct,1.0,1.0,1
H.J. Brook,1883,http://id.lincsproject.ca/WpwWfVoHO37,H.J. Brook,direct,1.0,1.0,1
H.J. Brook,1884,http://id.lincsproject.ca/WpwWfVoHO37,H.J. Brook,direct,1.0,1.0,1
H.J. Brook,1885,http://id.lincsproject.ca/WpwWfVoHO37,H.J. Brook,direct,1.0,1.0,1
H.J. Brook,1886,http://id.lincsproject.ca/WpwWfVoHO37,H.J. Brook,direct,1.0,1.0,1
H.J. Brook,1887,http://id.lincsproject.ca/WpwWfVoHO37,H.J. Brook,direct,1.0,1.0,1
H.J. Brook,1888,http://id.lincsproject.ca/WpwWfVoHO37,H.J. Brook,direct,1.0,1.0,1
H.J. Brook,1889,http://id.lincsproject.ca/WpwWfVoHO37,H.J. Brook,direct,1.0,1.0,1
H.J. Brook,1890,http://id.lincsproject.ca/WpwWfVoHO37,H.J. Brook,direct,1.0,1.0,1
H.J. Brook,1891,http://id.lincsproject.ca/WpwWfVoHO37,H.J. Brook,direct,1.0,1.0,1
H.J. Brook,1892,http://id.lincsproject.ca/WpwWfVoHO37,H.J. Brook,direct,1.0,1.0,1
H.J. Brook,1893,http://id.lincsproject.ca/WpwWfVoHO37,H.J. Brook,direct,1.0,1.0,1
H.J. Brook,1894,http://id.lincsproject.ca/WpwWfVoHO37,H.J. Brook,direct,1.0,1.0,1
H.J. Ince,1891,http://id.lincsproject.ca/GNXRvbKJV6p,H.J. Ince,direct,1.0,1.0,1
H.J. Taylor,1882,http://id.lincsproject.ca/5Ym8NPFy5cg,H.J. Taylor,direct,1.0,1.0,1
H.L. Reynolds,1886,http://id.lincsproject.ca/U0QfazKwjMF,H.L. Reynolds,direct,1.0,1.0,1
H.L. Reynolds,1887,http://id.lincsproject.ca/U0QfazKwjMF,H.L. Reynolds,direct,1.0,1.0,1
H.L. Reynolds,1888,http://id.lincsproject.ca/U0QfazKwjMF,H.L. Reynolds,direct,1.0,1.0,1
H.L. Reynolds,1889,http://id.lincsproject.ca/U0QfazKwjMF,H.L. Reynolds,direct,1.0,1.0,1
H.L. Reynolds,1890,http://id.lincsproject.ca/U0QfazKwjMF,H.L. Reynolds,direct,1.0,1.0,1
H.L. Reynolds,1891,http://id.lincsproject.ca/U0QfazKwjMF,H.L. Reynolds,direct,1.0,1.0,1
H.L. Reynolds,1892,http://id.lincsproject.ca/U0QfazKwjMF,H.L. Reynolds,direct,1.0,1.0,1
H.M. Cottingham,1886,http://id.lincsproject.ca/NYKeRvdztto,H.M. Cottingham,direct,1.0,1.0,1
H.R. Halpin,1886,http://id.lincsproject.ca/dVVj6nhcEzv,H.R. Halpin,direct,1.0,1.0,1
H.R. Halpin,1887,http://id.lincsproject.ca/dVVj6nhcEzv,H.R. Halpin,direct,1.0,1.0,1
H.R. Halpin,1888,http://id.lincsproject.ca/dVVj6nhcEzv,H.R. Halpin,direct,1.0,1.0,1
H.R. Halpin,1889,http://id.lincsproject.ca/dVVj6nhcEzv,H.R. Halpin,direct,1.0,1.0,1
H.R. Halpin,1890,http://id.lincsproject.ca/dVVj6nhcEzv,H.R. Halpin,direct,1.0,0.0875,1
H.R. Halpin,1891,http://id.lincsproject.ca/dVVj6nhcEzv,H.R. Halpin,direct,1.0,0.0875,1
H.R. Halpin,1892,http://id.lincsproject.ca/dVVj6nhcEzv,H.R. Halpin,direct,1.0,0.0875,1
H.R. Halpin,1893,http://id.lincsproject.ca/dVVj6nhcEzv,H.R. Halpin,direct,1.0,0.0875,1
H.R. Halpin,1894,http://id.lincsproject.ca/dVVj6nhcEzv,H.R. Halpin,direct,1.0,0.0875,1
H.R. Halpin,1895,http://id.lincsproject.ca/dVVj6nhcEzv,H.R. Halpin,direct,1.0,0.0875,1
H.R. Halpin,1896,http://id.lincsproject.ca/dVVj6nhcEzv,H.R. Halpin,direct,1.0,0.0875,1
H.R. Henderson,1889,http://id.lincsproject.ca/I1genYcj99G,H.R. Henderson,direct,1.0,1.0,1
H.R. Henderson,1890,http://id.lincsproject.ca/I1genYcj99G,H.R. Henderson,direct,1.0,1.0,1
H.R. Henderson,1891,http://id.lincsproject.ca/I1genYcj99G,H.R. Henderson,direct,1.0,1.0,1
H.W. Halpin,1890,http://id.lincsproject.ca/meGYX1I7sgj,H.W. Halpin,direct,1.0,0.0875,1
H.W. Halpin,1891,http://id.lincsproject.ca/meGYX1I7sgj,H.W. Halpin,direct,1.0,0.0875,1
H.W. Halpin,1892,http://id.lincsproject.ca/meGYX1I7sgj,H.W. Halpin,direct,1.0,0.0875,1
H.W. Halpin,1893,http://id.lincsproject.ca/meGYX1I7sgj,H.W. Halpin,direct,1.0,0.0875,1
H.W. Halpin,1894,http://id.lincsproject.ca/meGYX1I7sgj,H.W. Halpin,direct,1.0,0.0875,1
H.W. Halpin,1895,http://id.lincsproject.ca/meGYX1I7sgj,H.W. Halpin,direct,1.0,0.0875,1
H.W. Halpin,1896,http://id.lincsproject.ca/meGYX1I7sgj,H.W. Halpin,direct,1.0,0.0875,1
"Hagan, Samuel",1897,http://id.lincsproject.ca/rL0WbtXmayF,Samuel Hagan,direct,1.0,1.0,1
"Hagan, Samuel",1899,http://id.lincsproject.ca/rL0WbtXmayF,Samuel Hagan,direct,1.0,1.0,1
"Hagan, Samuel",1904,http://id.lincsproject.ca/rL0WbtXmayF,Samuel Hagan,direct,1.0,1.0,1
"Hagan, Samuel",1910,http://id.lincsproject.ca/rL0WbtXmayF,Samuel Hagan,direct,1.0,1.0,1
"Halliday, W.M.",1910,http://id.lincsproject.ca/IRTCJ3HPY2A,W.M. Halliday,direct,1.0,1.0,1
"Halpin, Henry R.",1897,http://id.lincsproject.ca/dVVj6nhcEzv,H.R. Halpin,direct,1.0,1.0,1
"Halpin, Henry R.",1899,http://id.lincsproject.ca/dVVj6nhcEzv,H.R. Halpin,direct,1.0,1.0,1
"Hamilton, P.H.",1904,http://id.lincsproject.ca/ypz0Z1Otv97,P.J. Hamilton,direct,0.9125,0.9125,1
"Hamilton, P.J.",1897,http://id.lincsproject.ca/ypz0Z1Otv97,P.J. Hamilton,direct,1.0,1.0,1
"Hamilton, P.J.",1899,http://id.lincsproject.ca/ypz0Z1Otv97,P.J. Hamilton,direct,1.0,1.0,1
"Hamilton, P.J.",1910,http://id.lincsproject.ca/ypz0Z1Otv97,P.J. Hamilton,direct,1.0,1.0,1
"Hardy, John G., M.D.",1904,http://id.lincsproject.ca/EWOSogJ05SQ,John G. Hardy,direct,1.0,1.0,1
"Harlow, Chas",1899,http://id.lincsproject.ca/oMyZnS9AUfK,"Harlow, Chas",direct,1.0,1.0,1
"Harlow, Chas.",1897,http://id.lincsproject.ca/oMyZnS9AUfK,"Harlow, Chas",direct,1.0,1.0,1
"Harper, G.H.",1897,http://id.lincsproject.ca/nYWKbUfY8yu,G.H. Harpur,direct,0.9697,0.9697,1
Harriet Coburn,1889,http://id.lincsproject.ca/HysMERss730,Harriet Coburn,direct,1.0,0.35,1
Harriet Coburn,1890,http://id.lincsproject.ca/HysMERss730,Harriet Coburn,direct,1.0,0.35,1
Harriet Coburn,1891,http://id.lincsproject.ca/HysMERss730,Harriet Coburn,direct,1.0,0.35,1
Harriet Coburn,1892,http://id.lincsproject.ca/HysMERss730,Harriet Coburn,direct,1.0,0.35,1
"Harrison, J.D., M.D.",1904,http://id.lincsproject.ca/U1kOXYTJreI,J.D. Harrison,direct,1.0,0.0875,1
"Harrison, J.W.",1904,http://id.lincsproject.ca/AjprZbwpbIJ,J.W. Harrison,direct,1.0,0.0875,1
Harry Guillod,1894,http://id.lincsproject.ca/a89IlZCpkN7,Harry Guillod,direct,1.0,1.0,1
Harry Guillod,1895,http://id.lincsproject.ca/a89IlZCpkN7,Harry Guillod,direct,1.0,1.0,1
Harry Guillod,1896,http://id.lincsproject.ca/a89IlZCpkN7,Harry Guillod,direct,1.0,1.0,1
"Hassen, Jas",1910,http://id.lincsproject.ca/he05CPV6Kfj,"Hassen, Jas",direct,1.0,1.0,1
"Hawes, H.",1904,http://id.lincsproject.ca/UUtAsFTWPSb,H. Hawes,direct,1.0,0.35,1
"Hawes, Jas.",1904,http://id.lincsproject.ca/V3BrglpZG2I,"Hawes, Jas",direct,1.0,0.35,1
"Hay, W.W., M.D.",1897,http://id.lincsproject.ca/p9wgj677bgJ,W.W. Hay,direct,1.0,1.0,1
"Hay, W.W., M.D.",1899,http://id.lincsproject.ca/p9wgj677bgJ,W.W. Hay,direct,1.0,1.0,1
"Hay, W.W., M.D.",1904,http://id.lincsproject.ca/p9wgj677bgJ,W.W. Hay,direct,1.0,1.0,1
"Hay, W.W., M.D.",1910,http://id.lincsproject.ca/p9wgj677bgJ,W.W. Hay,direct,1.0,1.0,1
"Hayden, E.W., M.D",1904,http://id.lincsproject.ca/lHPMaaNVYEX,E.W. Hayden,direct,1.0,1.0,1
"Hayden, E.W., M.D.",1910,http://id.lincsproject.ca/lHPMaaNVYEX,E.W. Hayden,direct,1.0,1.0,1
"Haynes, W.R.",1897,http://id.lincsproject.ca/uLncyGBxsLO,W.R. Haynes,direct,1.0,1.0,1
Hayter Reed,1883,http://www.wikidata.org/entity/Q16025204,H. Reed,direct,1.0,1.0,1
Hayter Reed,1884,http://www.wikidata.org/entity/Q16025204,H. Reed,direct,1.0,1.0,1
Hayter Reed,1885,http://www.wikidata.org/entity/Q16025204,H. Reed,direct,1.0,1.0,1
Hayter Reed,1886,http://www.wikidata.org/entity/Q16025204,H. Reed,direct,1.0,1.0,1
Hayter Reed,1887,http://www.wikidata.org/entity/Q16025204,H. Reed,direct,1.0,1.0,1
Hayter Reed,1888,http://www.wikidata.org/entity/Q16025204,H. Reed,direct,1.0,1.0,1
Hayter Reed,1889,http://www.wikidata.org/entity/Q16025204,H. Reed,direct,1.0,1.0,1
Hayter Reed,1890,http://www.wikidata.org/entity/Q16025204,H. Reed,direct,1.0,1.0,1
Hayter Reed,1891,http://www.wikidata.org/entity/Q16025204,H. Reed,direct,1.0,1.0,1
Hayter Reed,1892,http://www.wikidata.org/entity/Q16025204,H. Reed,direct,1.0,1.0,1
Hayter Reed,1893,http://www.wikidata.org/entity/Q16025204,H. Reed,direct,1.0,1.0,1
Hayter Reed,1894,http://www.wikidata.org/entity/Q16025204,H. Reed,direct,1.0,1.0,1
Hayter Reed,1895,http://www.wikidata.org/entity/Q16025204,H. Reed,direct,1.0,1.0,1
Hayter Reed,1896,http://www.wikidata.org/entity/Q16025204,H. Reed,direct,1.0,1.0,1
Heavy Head,1897,http://id.lincsproject.ca/px9LJxZRXxq,Heavy Head,direct,1.0,1.0,1
Helen G. Ogilvy,1890,http://id.lincsproject.ca/UzcUZr5f6p2,Helen G. Ogilvy,direct,1.0,1.0,1
Helen G. Ogilvy,1895,http://id.lincsproject.ca/UzcUZr5f6p2,Helen G. Ogilvy,direct,1.0,1.0,1
Helen G. Ogilvy,1896,http://id.lincsproject.ca/UzcUZr5f6p2,Helen G. Ogilvy,direct,1.0,1.0,1
Helen G. Ogilvy,1897,http://id.lincsproject.ca/UzcUZr5f6p2,Helen G. Ogilvy,direct,1.0,1.0,1
Helen G. Ogilvy,1899,http://id.lincsproject.ca/UzcUZr5f6p2,Helen G. Ogilvy,direct,1.0,1.0,1
Helen G. Ogilvy,1904,http://id.lincsproject.ca/UzcUZr5f6p2,Helen G. Ogilvy,direct,1.0,1.0,1
Helen G. Ogilvy,1910,http://id.lincsproject.ca/UzcUZr5f6p2,Helen G. Ogilvy,direct,1.0,0.3958,1
Helen G. Russell,1910,http://id.lincsproject.ca/EmWqvautSIP,Helen G. Russell,direct,1.0,0.35,1
Helen M. O'Donahoe,1910,http://id.lincsproject.ca/NNMlCzCazYs,Helen M. O'Donohoe,direct,0.9719,0.9719,1
"Henderson, J.C., M.D.",1904,http://id.lincsproject.ca/qnlovYfP19E,J.C. Henderson,direct,1.0,1.0,1
"Henderson, W.A., M.D.",1910,http://id.lincsproject.ca/RNWDnZcISXG,W.A. Henderson,direct,1.0,0.0664,1
"Hendry, W.A.",1910,http://id.lincsproject.ca/FErGKhIEYhP,W.A. Hendry,direct,1.0,0.0664,1
Henri Blanc,1896,http://id.lincsproject.ca/7F0sYvTqv4C,H. Blanc,direct,1.0,1.0,1
Henry A. Conroy,1910,http://id.lincsproject.ca/SBtehugWwji,Conroy H.A.,direct,1.0,1.0,1
Henry Cameron,1895,http://id.lincsproject.ca/aj4oSiyywNM,Henry Cameron,direct,1.0,0.35,1
Henry Cameron,1896,http://id.lincsproject.ca/aj4oSiyywNM,Henry Cameron,direct,1.0,0.35,1
Henry Fabien,1910,http://id.lincsproject.ca/vIVfL2XFVdw,Henry Fabien,direct,1.0,1.0,1
Henry Hooper,1910,http://id.lincsproject.ca/uDXDDgRys0U,Henry Hooper,direct,1.0,1.0,1
Henry J. Brook,1895,http://id.lincsproject.ca/WpwWfVoHO37,H.J. Brook,direct,1.0,1.0,1
Henry J. Brook,1896,http://id.lincsproject.ca/WpwWfVoHO37,H.J. Brook,direct,1.0,1.0,1
Henry J. Brook,1897,http://id.lincsproject.ca/WpwWfVoHO37,H.J. Brook,direct,1.0,1.0,1
Henry J. Brook,1899,http://id.lincsproject.ca/WpwWfVoHO37,H.J. Brook,direct,1.0,1.0,1
Henry J. Brook,1904,http://id.lincsproject.ca/WpwWfVoHO37,H.J. Brook,direct,1.0,1.0,1
"Hepworth, W.G., M.D.",1910,http://id.lincsproject.ca/jPwnyZsaALO,W.G. Hepworth,direct,1.0,1.0,1
Herbert N. Awrey,1904,http://id.lincsproject.ca/uMj683FkIwK,Herbert N. Awrey,direct,1.0,1.0,1
Herbert N. Awrey,1910,http://id.lincsproject.ca/uMj683FkIwK,Herbert N. Awrey,direct,1.0,1.0,1
"Hill, David Seymour",1897,http://id.lincsproject.ca/WW13ojtPDAs,David Seymour Hill,direct,1.0,1.0,1
"Hill, David Seymour",1899,http://id.lincsproject.ca/WW13ojtPDAs,David Seymour Hill,direct,1.0,1.0,1
"Hill, David Seymour",1904,http://id.lincsproject.ca/WW13ojtPDAs,David Seymour Hill,direct,1.0,1.0,1
"Hill, E.P.",1910,http://id.lincsproject.ca/qWt1su8bYSP,"Hill, E.P.",direct,1.0,0.35,1
"Hill, H.M.",1910,http://id.lincsproject.ca/qFIdDxGVH6b,H.M. Hill,direct,1.0,0.35,1
"Hillier, E.G.",1910,http://id.lincsproject.ca/uoTmdTielur,"Hilier, E.G.",direct,0.9913,0.1215,1
Hilton Keith,1886,http://id.lincsproject.ca/FxwRddFmsW9,H. Keith,direct,1.0,1.0,1
Hilton Keith,1887,http://id.lincsproject.ca/FxwRddFmsW9,H. Keith,direct,1.0,1.0,1
Hilton Keith,1888,http://id.lincsproject.ca/FxwRddFmsW9,H. Keith,direct,1.0,1.0,1
Hilton Keith,1895,http://id.lincsproject.ca/FxwRddFmsW9,H. Keith,direct,1.0,1.0,1
Hilton Keith,1896,http://id.lincsproject.ca/FxwRddFmsW9,H. Keith,direct,1.0,1.0,1
"Hipson, John",1910,http://id.lincsproject.ca/seddjvlFxL0,John Hipson,direct,1.0,1.0,1
Hiram McKay,1895,http://id.lincsproject.ca/OGtNgoAMmFx,H. McKay,direct,1.0,0.35,1
Hiram McKay,1896,http://id.lincsproject.ca/OGtNgoAMmFx,H. McKay,direct,1.0,0.35,1
Hiram McKay,1897,http://id.lincsproject.ca/OGtNgoAMmFx,H. McKay,direct,1.0,0.4085,1
Hiram McKay,1899,http://id.lincsproject.ca/OGtNgoAMmFx,H. McKay,direct,1.0,0.4085,1
Hiram McKay,1904,http://id.lincsproject.ca/OGtNgoAMmFx,H. McKay,direct,1.0,1.0,1
Hiram McKay,1910,http://id.lincsproject.ca/OGtNgoAMmFx,H. McKay,direct,1.0,1.0,1
"Hockley, S.",1897,http://id.lincsproject.ca/tBxw2Z3mleU,S. Hockley,direct,1.0,1.0,1
"Hockley, S.",1899,http://id.lincsproject.ca/tBxw2Z3mleU,S. Hockley,direct,1.0,1.0,1
"Hodder, J.F.",1899,http://id.lincsproject.ca/cklo1rkPHnv,"Hodder, J.F",direct,1.0,1.0,1
"Hodgson, George",1897,http://id.lincsproject.ca/s5NkMGRKTs2,G. Hodgson,direct,1.0,1.0,1
"Hodgson, George",1899,http://id.lincsproject.ca/s5NkMGRKTs2,G. Hodgson,direct,1.0,1.0,1
"Hodgson, George",1904,http://id.lincsproject.ca/s5NkMGRKTs2,G. Hodgson,direct,1.0,1.0,1
"Hollies, J.",1897,http://id.lincsproject.ca/KTYR8bQdEmy,"Hollies, J.",direct,1.0,1.0,1
"Hollies, J.",1899,http://id.lincsproject.ca/KTYR8bQdEmy,"Hollies, J.",direct,1.0,1.0,1
"Hollies, J.",1904,http://id.lincsproject.ca/KTYR8bQdEmy,"Hollies, J.",direct,1.0,1.0,1
"Hollies, J.H.",1910,http://id.lincsproject.ca/KTYR8bQdEmy,"Hollies, J.",direct,0.9825,0.9825,1
"Holmes, C.N., M.D.",1910,http://id.lincsproject.ca/U3vpWVVYaXW,C.N. Holmes,direct,1.0,1.0,1
"Holmes, C.U., M.D",1904,http://id.lincsproject.ca/RdthZuFNzdo,C.U. Holmes,direct,1.0,1.0,1
Hon. Clifford Sifton,1897,http://viaf.org/viaf/67577249,Clifford Sifton,direct,1.0,1.0,1
Hon. Clifford Sifton,1904,http://viaf.org/viaf/67577249,Clifford Sifton,direct,1.0,1.0,1
Hon. Clifford Sifton.,1899,http://viaf.org/viaf/67577249,Clifford Sifton,direct,1.0,1.0,1
Hon. David Laird,1910,http://viaf.org/viaf/30639106,David Laird,direct,1.0,0.3717,1
Hon. E. Dewdney,1890,http://viaf.org/viaf/20583753,Edgar Dewdney,direct,1.0,1.0,1
Hon. E. Dewdney,1891,http://viaf.org/viaf/20583753,Edgar Dewdney,direct,1.0,1.0,1
Hon. E. Dewdney,1892,http://viaf.org/viaf/20583753,Edgar Dewdney,direct,1.0,1.0,1
Hon. Edgar Dewdney,1885,http://viaf.org/viaf/20583753,Edgar Dewdney,direct,1.0,1.0,1
Hon. Edgar Dewdney,1886,http://viaf.org/viaf/20583753,Edgar Dewdney,direct,1.0,1.0,1
Hon. Edgar Dewdney,1887,http://viaf.org/viaf/20583753,Edgar Dewdney,direct,1.0,1.0,1
Hon. Edgar Dewdney,1888,http://viaf.org/viaf/20583753,Edgar Dewdney,direct,1.0,1.0,1
Hon. Edgar Dewdney,1889,http://viaf.org/viaf/20583753,Edgar Dewdney,direct,1.0,1.0,1
Hon. Frank Oliver,1910,http://www.wikidata.org/entity/Q5488798,Frank Oliver,direct,1.0,1.0,1
Hon. Hugh John MacDonald,1896,http://viaf.org/viaf/315074042,Hugh John Macdonald,direct,1.0,0.3587,1
Hon. T. Mayne Daly,1893,http://viaf.org/viaf/16905756,T. Mayne Daly,direct,1.0,1.0,1
Hon. T. Mayne Daly,1894,http://viaf.org/viaf/16905756,T. Mayne Daly,direct,1.0,1.0,1
Hon. T. Mayne Daly,1895,http://viaf.org/viaf/16905756,T. Mayne Daly,direct,1.0,1.0,1
"Hope, H.",1910,http://id.lincsproject.ca/NVohk4OZ6Ki,H. Hope,direct,1.0,1.0,1
"Hough, H.A., M.D.",1899,http://id.lincsproject.ca/ICS3rLB5CQ3,H.A. Hough,direct,1.0,1.0,1
"Hough, H.A., M.D.",1904,http://id.lincsproject.ca/ICS3rLB5CQ3,H.A. Hough,direct,1.0,1.0,1
"Hough, H.A., M.D.",1910,http://id.lincsproject.ca/ICS3rLB5CQ3,H.A. Hough,direct,1.0,1.0,1
"Hourie, Peter",1897,http://id.lincsproject.ca/EJGVPGh12mh,P. Hourie,direct,1.0,1.0,1
"Hourie, Peter",1899,http://id.lincsproject.ca/EJGVPGh12mh,P. Hourie,direct,1.0,1.0,1
"Hourie, Peter",1904,http://id.lincsproject.ca/EJGVPGh12mh,P. Hourie,direct,1.0,1.0,1
"Hourie, Peter",1910,http://id.lincsproject.ca/EJGVPGh12mh,P. Hourie,direct,1.0,1.0,1
"Howrie, R.E.",1910,http://id.lincsproject.ca/jnlhBRDL42k,R.E. Howrie,direct,1.0,1.0,1
Hugh M. Graham,1910,http://id.lincsproject.ca/0RKiTecYzPF,Hugh M. Graham,direct,1.0,0.2975,1
Hugh Richardson,1896,http://id.lincsproject.ca/BOTQRRYDwhU,Richardson H,direct,1.0,1.0,1
I. Modeland,1890,http://id.lincsproject.ca/wbs3oH0dCcN,I. Modeland,direct,1.0,1.0,1
I. Modeland,1891,http://id.lincsproject.ca/wbs3oH0dCcN,I. Modeland,direct,1.0,1.0,1
I.H. Wison,1886,http://id.lincsproject.ca/2hoSFGRW2Cw,I.H. Wison,direct,1.0,1.0,1
"Inglis, F., M.D.",1910,http://id.lincsproject.ca/M0Ui2uA9ut0,F. Inglis,direct,1.0,1.0,1
"Ireland, G.R.L., M.D.",1910,http://id.lincsproject.ca/CJxENxXKJOV,G.R.L. Ireland,direct,1.0,1.0,1
Iron Shirt,1910,http://id.lincsproject.ca/ZE1xeQ70h9m,Iron Shirt,direct,1.0,1.0,1
"Ironside, Alex. McG",1899,http://id.lincsproject.ca/oAkYUb8lWDS,A.M. Ironside,direct,1.0,1.0,1
"Ironside, Alex. McG.",1897,http://id.lincsproject.ca/oAkYUb8lWDS,A.M. Ironside,direct,1.0,1.0,1
"Ironside, Alex. McG.",1904,http://id.lincsproject.ca/oAkYUb8lWDS,A.M. Ironside,direct,1.0,1.0,1
"Irving, R.A.",1910,http://id.lincsproject.ca/8xRkYbaKT6q,R.A. Irving,direct,1.0,1.0,1
"Irwin, Archibald",1899,http://id.lincsproject.ca/rpjxalDSDX3,Archibald Irwin,direct,1.0,1.0,1
"Irwin, Archibald",1904,http://id.lincsproject.ca/rpjxalDSDX3,Archibald Irwin,direct,1.0,0.35,1
"Irwin, Archibald",1910,http://id.lincsproject.ca/rpjxalDSDX3,Archibald Irwin,direct,1.0,1.0,1
"Irwin, R.G.",1904,http://id.lincsproject.ca/GeZtUolZzgZ,R.G. Irwin,direct,1.0,0.35,1
Isaac Pollock,1892,http://id.lincsproject.ca/j9pIwFRWwDf,Isaac Pollock,direct,1.0,0.35,1
Isaac Pollock,1893,http://id.lincsproject.ca/j9pIwFRWwDf,Isaac Pollock,direct,1.0,0.35,1
Isaac Pollock,1894,http://id.lincsproject.ca/j9pIwFRWwDf,Isaac Pollock,direct,1.0,0.35,1
Isaac Pollock,1895,http://id.lincsproject.ca/j9pIwFRWwDf,Isaac Pollock,direct,1.0,0.35,1
Isaac Pollock,1896,http://id.lincsproject.ca/j9pIwFRWwDf,Isaac Pollock,direct,1.0,0.35,1
Isabella McGregor,1892,http://id.lincsproject.ca/0Hvx2O2IUJQ,Isabella McGregor,direct,1.0,0.35,1
Isaiah Badger,1893,http://id.lincsproject.ca/NHQEDUGVVxY,Isaiah Badger,direct,1.0,1.0,1
"Isbester, G.B.",1910,http://id.lincsproject.ca/e2QZFDuOEtE,G. Isbester,direct,0.9825,0.9825,1
"Ivey, W.",1904,http://id.lincsproject.ca/A2pKU8jKqdr,W. Ivey,direct,1.0,1.0,1
J. Ansdell Macrae,1893,http://id.lincsproject.ca/6O1ghRdppJJ,J.A. Macrae,direct,1.0,1.0,1
J. Austin,1889,http://id.lincsproject.ca/UOittdpqKNE,J. Austin,direct,1.0,0.35,1
J. Austin,1890,http://id.lincsproject.ca/UOittdpqKNE,J. Austin,direct,1.0,0.35,1
J. Aylwin,1886,http://id.lincsproject.ca/dF1r6MKROXK,J. Aylwin,direct,1.0,1.0,1
J. Barnaby,1887,http://id.lincsproject.ca/GrelYRYAkkS,J. Barnaby,direct,1.0,1.0,1
J. Barnaby,1888,http://id.lincsproject.ca/GrelYRYAkkS,J. Barnaby,direct,1.0,1.0,1
J. Barnaby,1889,http://id.lincsproject.ca/GrelYRYAkkS,J. Barnaby,direct,1.0,1.0,1
J. Blair,1892,http://id.lincsproject.ca/i3TCTlJzf17,J. Blair,direct,1.0,1.0,1
J. Calder,1888,http://id.lincsproject.ca/YnlBupIXSvk,J. Calder,direct,1.0,1.0,1
J. Calder,1889,http://id.lincsproject.ca/YnlBupIXSvk,J. Calder,direct,1.0,1.0,1
J. Calder,1890,http://id.lincsproject.ca/YnlBupIXSvk,J. Calder,direct,1.0,1.0,1
J. Cameron,1894,http://id.lincsproject.ca/VCG4YSwDE4E,J. Cameron,direct,1.0,0.35,1
J. Cameron,1895,http://id.lincsproject.ca/VCG4YSwDE4E,J. Cameron,direct,1.0,0.35,1
J. Cameron,1896,http://id.lincsproject.ca/VCG4YSwDE4E,J. Cameron,direct,1.0,0.35,1
J. Campbell,1890,http://id.lincsproject.ca/tNVB0RBDmsp,J. Campbell,direct,1.0,0.0175,1
J. Carney,1886,http://id.lincsproject.ca/JsdMYVh7OOE,J. Carney,direct,1.0,1.0,1
J. Carney,1887,http://id.lincsproject.ca/JsdMYVh7OOE,J. Carney,direct,1.0,1.0,1
J. Carney,1888,http://id.lincsproject.ca/JsdMYVh7OOE,J. Carney,direct,1.0,1.0,1
J. Carney,1889,http://id.lincsproject.ca/JsdMYVh7OOE,J. Carney,direct,1.0,1.0,1
J. Carney,1890,http://id.lincsproject.ca/JsdMYVh7OOE,J. Carney,direct,1.0,1.0,1
J. Carney,1891,http://id.lincsproject.ca/JsdMYVh7OOE,J. Carney,direct,1.0,1.0,1
J. Carney,1892,http://id.lincsproject.ca/JsdMYVh7OOE,J. Carney,direct,1.0,1.0,1
J. Comeau,1888,http://id.lincsproject.ca/6o3oZPzXABd,J. Comeau,direct,1.0,1.0,1
J. Comeau,1889,http://id.lincsproject.ca/6o3oZPzXABd,J. Comeau,direct,1.0,1.0,1
J. Comeau,1890,http://id.lincsproject.ca/6o3oZPzXABd,J. Comeau,direct,1.0,1.0,1
J. Comeau,1891,http://id.lincsproject.ca/6o3oZPzXABd,J. Comeau,direct,1.0,1.0,1
J. Coventry,1886,http://id.lincsproject.ca/a3pmrhiJSAi,J. Coventry,direct,1.0,1.0,1
J. Coventry,1889,http://id.lincsproject.ca/a3pmrhiJSAi,J. Coventry,direct,1.0,1.0,1
J. Creighton,1882,http://id.lincsproject.ca/XqFrfDOatBv,J. Creighton,direct,1.0,1.0,1
J. Creighton,1883,http://id.lincsproject.ca/XqFrfDOatBv,J. Creighton,direct,1.0,1.0,1
J. Creighton,1884,http://id.lincsproject.ca/XqFrfDOatBv,J. Creighton,direct,1.0,1.0,1
J. Delaney,1880,http://id.lincsproject.ca/aQ7EhsyyKoH,J. Delaney,direct,1.0,1.0,1
J. Delaney,1881,http://id.lincsproject.ca/aQ7EhsyyKoH,J. Delaney,direct,1.0,1.0,1
J. Delaney,1882,http://id.lincsproject.ca/aQ7EhsyyKoH,J. Delaney,direct,1.0,1.0,1
J. Delaney,1883,http://id.lincsproject.ca/aQ7EhsyyKoH,J. Delaney,direct,1.0,1.0,1
J. Delaney,1884,http://id.lincsproject.ca/aQ7EhsyyKoH,J. Delaney,direct,1.0,1.0,1
J. Delisle,1881,http://id.lincsproject.ca/zaVilr5oOD4,J. Delisle,direct,1.0,1.0,1
J. Delisle,1882,http://id.lincsproject.ca/zaVilr5oOD4,J. Delisle,direct,1.0,1.0,1
J. Delisle,1883,http://id.lincsproject.ca/zaVilr5oOD4,J. Delisle,direct,1.0,1.0,1
J. Delisle,1884,http://id.lincsproject.ca/zaVilr5oOD4,J. Delisle,direct,1.0,1.0,1
J. Delisle,1885,http://id.lincsproject.ca/zaVilr5oOD4,J. Delisle,direct,1.0,1.0,1
J. Delisle,1886,http://id.lincsproject.ca/zaVilr5oOD4,J. Delisle,direct,1.0,1.0,1
J. Delisle,1887,http://id.lincsproject.ca/zaVilr5oOD4,J. Delisle,direct,1.0,1.0,1
J. Delisle,1888,http://id.lincsproject.ca/zaVilr5oOD4,J. Delisle,direct,1.0,1.0,1
J. Delisle,1891,http://id.lincsproject.ca/zaVilr5oOD4,J. Delisle,direct,1.0,1.0,1
J. Delisle,1892,http://id.lincsproject.ca/zaVilr5oOD4,J. Delisle,direct,1.0,1.0,1
J. Delisle,1893,http://id.lincsproject.ca/zaVilr5oOD4,J. Delisle,direct,1.0,1.0,1
J. Delisle,1894,http://id.lincsproject.ca/zaVilr5oOD4,J. Delisle,direct,1.0,1.0,1
J. Favel,1892,http://id.lincsproject.ca/7DB9qTUIMAE,J. Favel,direct,1.0,0.35,1
J. Finlayson,1888,http://id.lincsproject.ca/oPfWNtomljO,J. Finlayson,direct,1.0,1.0,1
J. Finlayson,1889,http://id.lincsproject.ca/oPfWNtomljO,J. Finlayson,direct,1.0,1.0,1
J. Finlayson,1890,http://id.lincsproject.ca/oPfWNtomljO,J. Finlayson,direct,1.0,1.0,1
J. Finlayson,1891,http://id.lincsproject.ca/oPfWNtomljO,J. Finlayson,direct,1.0,1.0,1
J. Finlayson,1892,http://id.lincsproject.ca/oPfWNtomljO,J. Finlayson,direct,1.0,1.0,1
J. Fitzpatrick,1885,http://id.lincsproject.ca/tNzI1bQ4CjY,J. Fitzpatrick,direct,1.0,1.0,1
J. Fitzpatrick,1886,http://id.lincsproject.ca/tNzI1bQ4CjY,J. Fitzpatrick,direct,1.0,1.0,1
J. Fitzpatrick,1887,http://id.lincsproject.ca/tNzI1bQ4CjY,J. Fitzpatrick,direct,1.0,1.0,1
J. Fitzpatrick,1888,http://id.lincsproject.ca/tNzI1bQ4CjY,J. Fitzpatrick,direct,1.0,1.0,1
J. Fitzpatrick,1889,http://id.lincsproject.ca/tNzI1bQ4CjY,J. Fitzpatrick,direct,1.0,1.0,1
J. Fitzpatrick,1890,http://id.lincsproject.ca/tNzI1bQ4CjY,J. Fitzpatrick,direct,1.0,1.0,1
J. Fitzpatrick,1891,http://id.lincsproject.ca/tNzI1bQ4CjY,J. Fitzpatrick,direct,1.0,1.0,1
J. Gagne,1881,http://id.lincsproject.ca/xSGOwfXI0xY,J. Gagne,direct,1.0,1.0,1
J. Gagne,1882,http://id.lincsproject.ca/xSGOwfXI0xY,J. Gagne,direct,1.0,1.0,1
J. Gagné,1883,http://id.lincsproject.ca/xSGOwfXI0xY,J. Gagne,direct,1.0,1.0,1
J. Hourigan,1886,http://id.lincsproject.ca/Xf7YLNFsedh,J. Hourigan,direct,1.0,0.4074,1
J. Hourigan,1887,http://id.lincsproject.ca/Xf7YLNFsedh,J. Hourigan,direct,1.0,0.4074,1
J. Hourigan,1888,http://id.lincsproject.ca/Xf7YLNFsedh,J. Hourigan,direct,1.0,0.4074,1
J. Hourigan,1889,http://id.lincsproject.ca/Xf7YLNFsedh,J. Hourigan,direct,1.0,0.4074,1
J. Jenkinson,1886,http://id.lincsproject.ca/OKlMs7uD2LE,J. Jenkinson,direct,1.0,1.0,1
J. Kent,1881,http://id.lincsproject.ca/UhQQuXbO9bO,J. Kent,direct,1.0,1.0,1
J. Kent,1882,http://id.lincsproject.ca/UhQQuXbO9bO,J. Kent,direct,1.0,1.0,1
J. L'Heureux,1891,http://www.wikidata.org/entity/Q56605147,J. L'hereux,direct,0.9724,0.9724,1
J. L'hereux,1889,http://www.wikidata.org/entity/Q56605147,J. L'hereux,direct,1.0,1.0,1
J. L'hereux,1890,http://www.wikidata.org/entity/Q56605147,J. L'hereux,direct,1.0,1.0,1
J. L. Thompson,1884,http://id.lincsproject.ca/ADcyZf3agZH,J.L. Thompson,direct,1.0,0.35,1
J. Langley,1892,http://id.lincsproject.ca/DgyKC57nWCY,J. Langley,direct,1.0,0.0904,1
J. Langley,1893,http://id.lincsproject.ca/DgyKC57nWCY,J. Langley,direct,1.0,0.0904,1
J. Lauder,1882,http://id.lincsproject.ca/8nGtwg01f2q,J. Lauder,direct,1.0,1.0,1
J. Lawrence,1889,http://id.lincsproject.ca/IGf0i7Wj81G,J. Lawrence,direct,1.0,1.0,1
J. Lawrence,1890,http://id.lincsproject.ca/IGf0i7Wj81G,J. Lawrence,direct,1.0,1.0,1
J. Lawrence,1891,http://id.lincsproject.ca/IGf0i7Wj81G,J. Lawrence,direct,1.0,1.0,1
J. Lawrence,1892,http://id.lincsproject.ca/IGf0i7Wj81G,J. Lawrence,direct,1.0,1.0,1
J. Lawrence,1893,http://id.lincsproject.ca/IGf0i7Wj81G,J. Lawrence,direct,1.0,1.0,1
J. Lawrence,1894,http://id.lincsproject.ca/IGf0i7Wj81G,J. Lawrence,direct,1.0,1.0,1
J. Lawrence,1895,http://id.lincsproject.ca/IGf0i7Wj81G,J. Lawrence,direct,1.0,1.0,1
J. Lawrence,1896,http://id.lincsproject.ca/IGf0i7Wj81G,J. Lawrence,direct,1.0,1.0,1
J. Lee,1886,http://id.lincsproject.ca/TsvlbXAFSbf,J. Lee,direct,1.0,1.0,1
J. Macdonald,1886,http://id.lincsproject.ca/70g7aFzBdeX,J. Macdonald,direct,1.0,0.0175,1
"J. Macdonald, M.D",1887,http://id.lincsproject.ca/70g7aFzBdeX,J. Macdonald,direct,1.0,0.0175,1
"J. Macdonald, M.D.",1884,http://id.lincsproject.ca/70g7aFzBdeX,J. Macdonald,direct,1.0,0.0175,1
"J. Macdonald, M.D.",1885,http://id.lincsproject.ca/70g7aFzBdeX,J. Macdonald,direct,1.0,0.0175,1
"J. Macdonald, M.D.",1888,http://id.lincsproject.ca/70g7aFzBdeX,J. Macdonald,direct,1.0,0.0262,1
"J. Macdonald, M.D.",1889,http://id.lincsproject.ca/70g7aFzBdeX,J. Macdonald,direct,1.0,0.0262,1
"J. Macdonald, M.D.",1890,http://id.lincsproject.ca/70g7aFzBdeX,J. Macdonald,direct,1.0,0.0262,1
"J. Macdonald, M.D.",1891,http://id.lincsproject.ca/70g7aFzBdeX,J. Macdonald,direct,1.0,0.0262,1
"J. Macdonald, M.D.",1892,http://id.lincsproject.ca/70g7aFzBdeX,J. Macdonald,direct,1.0,0.0262,1
J. McCracken,1889,http://id.lincsproject.ca/s5FDPx2vwA9,J. McCracken,direct,1.0,1.0,1
J. McCracken,1890,http://id.lincsproject.ca/s5FDPx2vwA9,J. McCracken,direct,1.0,1.0,1
J. McDaniel,1892,http://id.lincsproject.ca/vuizaPnEEGH,J. McDaniel,direct,1.0,1.0,1
J. McDougall,1880,http://id.lincsproject.ca/RsTIJww4D7U,J. McDougall,direct,1.0,0.35,1
J. McDougall,1881,http://id.lincsproject.ca/RsTIJww4D7U,J. McDougall,career,1.0,0.0,1
J. McDougall,1882,http://id.lincsproject.ca/RsTIJww4D7U,J. McDougall,career,1.0,0.0,1
J. McInnis,1890,http://id.lincsproject.ca/MIo5vJNvXbo,J. McInnis,direct,1.0,0.4229,1
J. McIntyre,1881,http://id.lincsproject.ca/EYvbscAcpUR,J. McIntyre,direct,1.0,1.0,1
J. McIntyre,1882,http://id.lincsproject.ca/EYvbscAcpUR,J. McIntyre,direct,1.0,1.0,1
J. McIntyre,1883,http://id.lincsproject.ca/EYvbscAcpUR,J. McIntyre,direct,1.0,1.0,1
J. McIntyre,1884,http://id.lincsproject.ca/EYvbscAcpUR,J. McIntyre,direct,1.0,1.0,1
J. McIntyre,1885,http://id.lincsproject.ca/EYvbscAcpUR,J. McIntyre,direct,1.0,1.0,1
J. McIntyre,1886,http://id.lincsproject.ca/EYvbscAcpUR,J. McIntyre,direct,1.0,0.4345,1
J. McIntyre,1887,http://id.lincsproject.ca/EYvbscAcpUR,J. McIntyre,direct,1.0,0.4345,1
J. McIntyre,1888,http://id.lincsproject.ca/EYvbscAcpUR,J. McIntyre,direct,1.0,0.4345,1
J. McIntyre,1889,http://id.lincsproject.ca/EYvbscAcpUR,J. McIntyre,direct,1.0,0.4345,1
J. McIntyre,1890,http://id.lincsproject.ca/EYvbscAcpUR,J. McIntyre,direct,1.0,0.4345,1
J. McIntyre,1891,http://id.lincsproject.ca/EYvbscAcpUR,J. McIntyre,direct,1.0,0.4345,1
J. McIntyre,1892,http://id.lincsproject.ca/EYvbscAcpUR,J. McIntyre,direct,1.0,0.4345,1
J. McIntyre,1893,http://id.lincsproject.ca/EYvbscAcpUR,J. McIntyre,direct,1.0,1.0,1
J. McIntyre,1894,http://id.lincsproject.ca/EYvbscAcpUR,J. McIntyre,direct,1.0,1.0,1
J. McIntyre,1895,http://id.lincsproject.ca/EYvbscAcpUR,J. McIntyre,direct,1.0,1.0,1
J. McIntyre,1896,http://id.lincsproject.ca/EYvbscAcpUR,J. McIntyre,direct,1.0,1.0,1
"J. McMillan, M.D.",1885,http://id.lincsproject.ca/G8HnA94mvXT,J. McMillan,direct,1.0,1.0,1
"J. McMillan, M.D.",1886,http://id.lincsproject.ca/G8HnA94mvXT,J. McMillan,direct,1.0,1.0,1
"J. McMillan, M.D.",1887,http://id.lincsproject.ca/G8HnA94mvXT,J. McMillan,direct,1.0,0.402,1
"J. McMillan, M.D.",1888,http://id.lincsproject.ca/G8HnA94mvXT,J. McMillan,direct,1.0,1.0,1
"J. McMillan, M.D.",1889,http://id.lincsproject.ca/G8HnA94mvXT,J. McMillan,direct,1.0,1.0,1
"J. McMillan, M.D.",1890,http://id.lincsproject.ca/G8HnA94mvXT,J. McMillan,direct,1.0,0.35,1
"J. McMillan, M.D.",1891,http://id.lincsproject.ca/G8HnA94mvXT,J. McMillan,direct,1.0,0.35,1
"J. McMillan, M.D.",1892,http://id.lincsproject.ca/G8HnA94mvXT,J. McMillan,direct,1.0,0.35,1
"J. McMillan, M.D.",1893,http://id.lincsproject.ca/G8HnA94mvXT,J. McMillan,direct,1.0,1.0,1
"J. McMillan, M.D.",1894,http://id.lincsproject.ca/G8HnA94mvXT,J. McMillan,direct,1.0,1.0,1
"J. McMillan, M.D.",1895,http://id.lincsproject.ca/G8HnA94mvXT,J. McMillan,direct,1.0,1.0,1
"J. McMillan, M.D.",1896,http://id.lincsproject.ca/G8HnA94mvXT,J. McMillan,direct,1.0,1.0,1
J. McRae,1882,http://id.lincsproject.ca/nRtwEx9GsHr,J. McRae,direct,1.0,1.0,1
J. McRae,1883,http://id.lincsproject.ca/nRtwEx9GsHr,J. McRae,direct,1.0,1.0,1
J. Moblo,1891,http://id.lincsproject.ca/Eq7eI5B8Ljw,J. Moblo,direct,1.0,1.0,1
J. Moblo,1892,http://id.lincsproject.ca/Eq7eI5B8Ljw,J. Moblo,direct,1.0,1.0,1
J. Newton,1881,http://id.lincsproject.ca/TcR38vElo27,J. Newton,direct,1.0,1.0,1
J. Newton,1882,http://id.lincsproject.ca/TcR38vElo27,J. Newton,direct,1.0,1.0,1
J. Newton,1883,http://id.lincsproject.ca/TcR38vElo27,J. Newton,direct,1.0,1.0,1
J. Newton,1884,http://id.lincsproject.ca/TcR38vElo27,J. Newton,direct,1.0,1.0,1
J. Newton,1885,http://id.lincsproject.ca/TcR38vElo27,J. Newton,direct,1.0,1.0,1
J. Newton,1886,http://id.lincsproject.ca/TcR38vElo27,J. Newton,direct,1.0,1.0,1
J. Newton,1887,http://id.lincsproject.ca/TcR38vElo27,J. Newton,direct,1.0,1.0,1
J. Newton,1888,http://id.lincsproject.ca/TcR38vElo27,J. Newton,direct,1.0,1.0,1
J. Newton,1889,http://id.lincsproject.ca/TcR38vElo27,J. Newton,direct,1.0,1.0,1
J. Newton,1890,http://id.lincsproject.ca/TcR38vElo27,J. Newton,direct,1.0,1.0,1
J. Newton,1891,http://id.lincsproject.ca/TcR38vElo27,J. Newton,direct,1.0,1.0,1
J. Newton,1892,http://id.lincsproject.ca/TcR38vElo27,J. Newton,direct,1.0,1.0,1
J. Newton,1893,http://id.lincsproject.ca/TcR38vElo27,J. Newton,direct,1.0,1.0,1
J. Newton,1894,http://id.lincsproject.ca/TcR38vElo27,J. Newton,direct,1.0,1.0,1
J. Nicol,1883,http://id.lincsproject.ca/WPg1yiAi0wt,J. Nicol,direct,1.0,1.0,1
J. Nicol,1884,http://id.lincsproject.ca/WPg1yiAi0wt,J. Nicol,direct,1.0,1.0,1
J. Nicol,1885,http://id.lincsproject.ca/WPg1yiAi0wt,J. Nicol,direct,1.0,1.0,1
J. Nicol,1886,http://id.lincsproject.ca/WPg1yiAi0wt,J. Nicol,direct,1.0,1.0,1
J. Nicol,1887,http://id.lincsproject.ca/WPg1yiAi0wt,J. Nicol,direct,1.0,1.0,1
J. Nicol,1888,http://id.lincsproject.ca/WPg1yiAi0wt,J. Nicol,direct,1.0,1.0,1
J. Nicol,1889,http://id.lincsproject.ca/WPg1yiAi0wt,J. Nicol,direct,1.0,1.0,1
J. Nicol,1890,http://id.lincsproject.ca/WPg1yiAi0wt,J. Nicol,direct,1.0,1.0,1
J. Nicol,1891,http://id.lincsproject.ca/WPg1yiAi0wt,J. Nicol,direct,1.0,1.0,1
J. Nicol,1892,http://id.lincsproject.ca/WPg1yiAi0wt,J. Nicol,direct,1.0,1.0,1
J. Nicol,1893,http://id.lincsproject.ca/WPg1yiAi0wt,J. Nicol,direct,1.0,1.0,1
J. Nicol,1894,http://id.lincsproject.ca/WPg1yiAi0wt,J. Nicol,direct,1.0,1.0,1
J. Nicol,1895,http://id.lincsproject.ca/WPg1yiAi0wt,J. Nicol,direct,1.0,1.0,1
J. Nicol,1896,http://id.lincsproject.ca/WPg1yiAi0wt,J. Nicol,direct,1.0,1.0,1
J. Norris,1886,http://id.lincsproject.ca/rJELxIXHmKy,J. Norris,direct,1.0,1.0,1
J. Norris,1887,http://id.lincsproject.ca/rJELxIXHmKy,J. Norris,direct,1.0,1.0,1
J. Norrish,1880,http://id.lincsproject.ca/rJELxIXHmKy,J. Norris,direct,0.9944,0.9944,1
J. Norrish,1881,http://id.lincsproject.ca/rJELxIXHmKy,J. Norris,direct,0.9944,0.9944,1
J. Payne,1883,http://id.lincsproject.ca/9a0DreMDJCf,J. Payne,direct,1.0,1.0,1
J. Payne,1884,http://id.lincsproject.ca/9a0DreMDJCf,J. Payne,direct,1.0,1.0,1
J. Pembrum,1892,http://id.lincsproject.ca/yTTjO4n7ccm,J. Pembrum,direct,1.0,1.0,1
J. Pembrun,1890,http://id.lincsproject.ca/yTTjO4n7ccm,J. Pembrum,direct,0.9759,0.9759,1
J. Pembrun,1891,http://id.lincsproject.ca/yTTjO4n7ccm,J. Pembrum,direct,0.9759,0.9759,1
J. Pollock,1891,http://id.lincsproject.ca/zEhVuSxxyJr,J. Pollock,direct,1.0,1.0,1
J. Pollock,1892,http://id.lincsproject.ca/zEhVuSxxyJr,J. Pollock,direct,1.0,0.35,1
J. Pollock,1893,http://id.lincsproject.ca/zEhVuSxxyJr,J. Pollock,direct,1.0,0.35,1
J. Pollock,1894,http://id.lincsproject.ca/zEhVuSxxyJr,J. Pollock,direct,1.0,0.35,1
J. Pritchard,1888,http://id.lincsproject.ca/UNGWQJ9nOu8,J. Pritchard,direct,1.0,1.0,1
J. Raymond,1892,http://id.lincsproject.ca/6tPZxPHk8Ey,J. Raymond,direct,1.0,1.0,1
J. Reader,1884,http://id.lincsproject.ca/0gm8EJgp4qe,J. Reader,direct,1.0,1.0,1
J. Reader,1885,http://id.lincsproject.ca/0gm8EJgp4qe,J. Reader,direct,1.0,1.0,1
J. Reader,1886,http://id.lincsproject.ca/0gm8EJgp4qe,J. Reader,direct,1.0,1.0,1
J. Reader,1887,http://id.lincsproject.ca/0gm8EJgp4qe,J. Reader,direct,1.0,1.0,1
J. Reader,1888,http://id.lincsproject.ca/0gm8EJgp4qe,J. Reader,direct,1.0,1.0,1
J. Reader,1889,http://id.lincsproject.ca/0gm8EJgp4qe,J. Reader,direct,1.0,1.0,1
J. Reader,1890,http://id.lincsproject.ca/0gm8EJgp4qe,J. Reader,direct,1.0,1.0,1
J. Reader,1891,http://id.lincsproject.ca/0gm8EJgp4qe,J. Reader,direct,1.0,1.0,1
J. Reader,1892,http://id.lincsproject.ca/0gm8EJgp4qe,J. Reader,direct,1.0,1.0,1
J. Reader,1893,http://id.lincsproject.ca/0gm8EJgp4qe,J. Reader,direct,1.0,1.0,1
J. Reader,1894,http://id.lincsproject.ca/0gm8EJgp4qe,J. Reader,direct,1.0,1.0,1
J. Ross,1887,http://id.lincsproject.ca/4yl8Wsdu1IC,J. Ross,direct,1.0,0.35,1
J. Ross,1888,http://id.lincsproject.ca/4yl8Wsdu1IC,J. Ross,direct,1.0,0.175,1
J. Ross,1889,http://id.lincsproject.ca/4yl8Wsdu1IC,J. Ross,direct,1.0,0.175,1
J. Ross,1890,http://id.lincsproject.ca/4yl8Wsdu1IC,J. Ross,direct,1.0,0.175,1
J. Ross,1892,http://id.lincsproject.ca/4yl8Wsdu1IC,J. Ross,direct,1.0,0.175,1
J. Ross,1893,http://id.lincsproject.ca/4yl8Wsdu1IC,J. Ross,direct,1.0,0.175,1
J. Setter,1880,http://id.lincsproject.ca/46O04ZMd4sd,J. Setter,direct,1.0,1.0,1
J. Setter,1881,http://id.lincsproject.ca/46O04ZMd4sd,J. Setter,direct,1.0,1.0,1
J. Setter,1882,http://id.lincsproject.ca/46O04ZMd4sd,J. Setter,direct,1.0,1.0,1
J. Setter,1883,http://id.lincsproject.ca/46O04ZMd4sd,J. Setter,direct,1.0,1.0,1
J. Sinclair,1890,http://id.lincsproject.ca/sKhNQBCbsra,J. Sinclair,direct,1.0,0.35,1
J. Slocombe,1883,http://id.lincsproject.ca/eZIm1xd03i6,J. Slocombe,direct,1.0,1.0,1
J. Slocombe,1884,http://id.lincsproject.ca/eZIm1xd03i6,J. Slocombe,direct,1.0,1.0,1
J. Slocombe,1885,http://id.lincsproject.ca/eZIm1xd03i6,J. Slocombe,direct,1.0,1.0,1
J. Slocombe,1886,http://id.lincsproject.ca/eZIm1xd03i6,J. Slocombe,direct,1.0,1.0,1
J. Slocombe,1888,http://id.lincsproject.ca/eZIm1xd03i6,J. Slocombe,direct,1.0,1.0,1
J. Slocombe,1889,http://id.lincsproject.ca/eZIm1xd03i6,J. Slocombe,direct,1.0,1.0,1
J. Slocombe,1890,http://id.lincsproject.ca/eZIm1xd03i6,J. Slocombe,direct,1.0,1.0,1
J. Slocombe,1891,http://id.lincsproject.ca/eZIm1xd03i6,J. Slocombe,direct,1.0,1.0,1
J. Slocombe,1892,http://id.lincsproject.ca/eZIm1xd03i6,J. Slocombe,direct,1.0,1.0,1
J. Thackeray,1894,http://id.lincsproject.ca/RzuTdzl8CkT,J. Thackeray,direct,1.0,1.0,1
J. Tomkins,1880,http://id.lincsproject.ca/OrcbLaDE9Pj,J. Tomkins,direct,1.0,1.0,1
J. Tomkins,1882,http://id.lincsproject.ca/OrcbLaDE9Pj,J. Tomkins,direct,1.0,1.0,1
J. Tomkins,1883,http://id.lincsproject.ca/OrcbLaDE9Pj,J. Tomkins,direct,1.0,1.0,1
J. Tomkins,1884,http://id.lincsproject.ca/OrcbLaDE9Pj,J. Tomkins,direct,1.0,1.0,1
J. Tomkins,1885,http://id.lincsproject.ca/OrcbLaDE9Pj,J. Tomkins,direct,1.0,1.0,1
J. Tomkins,1886,http://id.lincsproject.ca/OrcbLaDE9Pj,J. Tomkins,direct,1.0,1.0,2
"J. Tomkins,",1881,http://id.lincsproject.ca/OrcbLaDE9Pj,J. Tomkins,direct,1.0,1.0,1
J. Vielle,1889,http://id.lincsproject.ca/RCysCPto4D7,J. Vielle,direct,1.0,1.0,1
J. Willson,1891,http://id.lincsproject.ca/pBWuuyvC7ur,J. Wilson,direct,0.9913,0.0175,1
J. Willson,1892,http://id.lincsproject.ca/pBWuuyvC7ur,J. Wilson,direct,0.9913,0.0175,1
J. Willson,1893,http://id.lincsproject.ca/pBWuuyvC7ur,J. Wilson,career,0.9913,0.0,1
J. Wilson,1887,http://id.lincsproject.ca/pBWuuyvC7ur,J. Wilson,direct,1.0,1.0,1
J. Wilson,1888,http://id.lincsproject.ca/pBWuuyvC7ur,J. Wilson,direct,1.0,1.0,1
J. Wilson,1889,http://id.lincsproject.ca/pBWuuyvC7ur,J. Wilson,direct,1.0,0.0175,2
J. Wilson,1890,http://id.lincsproject.ca/pBWuuyvC7ur,J. Wilson,direct,1.0,0.0175,2
J. Wilson,1891,http://id.lincsproject.ca/pBWuuyvC7ur,J. Wilson,direct,1.0,0.0175,1
J. Wilson,1892,http://id.lincsproject.ca/pBWuuyvC7ur,J. Wilson,direct,1.0,0.0175,1
J.A. Gagné,1884,http://id.lincsproject.ca/xSGOwfXI0xY,J. Gagne,direct,0.9825,0.9825,1
J.A. Gagné,1885,http://id.lincsproject.ca/xSGOwfXI0xY,J. Gagne,direct,0.9825,0.9825,1
J.A. Grant,1881,http://id.lincsproject.ca/7ogDED8sq6B,J.A. Grant,direct,1.0,0.35,1
J.A. Langrill,1889,http://id.lincsproject.ca/C6F15JwLwPo,J.A. Langrill,direct,1.0,1.0,1
J.A. Langrill,1890,http://id.lincsproject.ca/C6F15JwLwPo,J.A. Langrill,direct,1.0,1.0,1
J.A. Langrill,1891,http://id.lincsproject.ca/C6F15JwLwPo,J.A. Langrill,direct,1.0,1.0,1
J.A. Langrill,1892,http://id.lincsproject.ca/C6F15JwLwPo,J.A. Langrill,direct,1.0,0.0904,1
J.A. Langrill,1893,http://id.lincsproject.ca/C6F15JwLwPo,J.A. Langrill,direct,1.0,0.0904,1
J.A. Langrill,1894,http://id.lincsproject.ca/C6F15JwLwPo,J.A. Langrill,direct,1.0,0.0904,1
J.A. Langrill,1895,http://id.lincsproject.ca/C6F15JwLwPo,J.A. Langrill,direct,1.0,0.0904,1
J.A. Langrill,1896,http://id.lincsproject.ca/C6F15JwLwPo,J.A. Langrill,direct,1.0,0.0904,1
J.A. MacRae,1884,http://id.lincsproject.ca/6O1ghRdppJJ,J.A. Macrae,direct,1.0,1.0,1
J.A. Macrae,1889,http://id.lincsproject.ca/6O1ghRdppJJ,J.A. Macrae,direct,1.0,1.0,1
J.A. Macrae,1890,http://id.lincsproject.ca/6O1ghRdppJJ,J.A. Macrae,direct,1.0,1.0,1
J.A. Macrae,1891,http://id.lincsproject.ca/6O1ghRdppJJ,J.A. Macrae,direct,1.0,1.0,1
J.A. Macrae,1892,http://id.lincsproject.ca/6O1ghRdppJJ,J.A. Macrae,direct,1.0,1.0,1
J.A. Markle,1886,http://id.lincsproject.ca/spFtJPSPP99,J.A. Markle,direct,1.0,1.0,1
J.A. Markle,1887,http://id.lincsproject.ca/spFtJPSPP99,J.A. Markle,direct,1.0,1.0,1
J.A. Markle,1888,http://id.lincsproject.ca/spFtJPSPP99,J.A. Markle,direct,1.0,1.0,1
J.A. Markle,1889,http://id.lincsproject.ca/spFtJPSPP99,J.A. Markle,direct,1.0,1.0,1
J.A. Markle,1890,http://id.lincsproject.ca/spFtJPSPP99,J.A. Markle,direct,1.0,1.0,1
J.A. Markle,1891,http://id.lincsproject.ca/spFtJPSPP99,J.A. Markle,direct,1.0,1.0,1
J.A. Markle,1892,http://id.lincsproject.ca/spFtJPSPP99,J.A. Markle,direct,1.0,1.0,1
J.A. Markle,1893,http://id.lincsproject.ca/spFtJPSPP99,J.A. Markle,direct,1.0,1.0,1
J.A. Markle,1894,http://id.lincsproject.ca/spFtJPSPP99,J.A. Markle,direct,1.0,1.0,1
J.A. Markle,1895,http://id.lincsproject.ca/spFtJPSPP99,J.A. Markle,direct,1.0,1.0,1
J.A. Markle,1896,http://id.lincsproject.ca/spFtJPSPP99,J.A. Markle,direct,1.0,1.0,1
J.A. McCrae,1888,http://id.lincsproject.ca/6O1ghRdppJJ,J.A. Macrae,direct,0.948,0.948,1
J.A. Mitchell,1886,http://id.lincsproject.ca/dTBjuxoC83g,J.A. Mitchell,direct,1.0,1.0,1
J.A. Mitchell,1887,http://id.lincsproject.ca/dTBjuxoC83g,J.A. Mitchell,direct,1.0,1.0,1
J.A. Mitchell,1888,http://id.lincsproject.ca/dTBjuxoC83g,J.A. Mitchell,direct,1.0,1.0,1
J.A. Mitchell,1889,http://id.lincsproject.ca/dTBjuxoC83g,J.A. Mitchell,direct,1.0,1.0,1
J.A. Mitchell,1890,http://id.lincsproject.ca/dTBjuxoC83g,J.A. Mitchell,direct,1.0,1.0,1
J.A. Mitchell,1891,http://id.lincsproject.ca/dTBjuxoC83g,J.A. Mitchell,direct,1.0,1.0,1
J.A. Mitchell,1892,http://id.lincsproject.ca/dTBjuxoC83g,J.A. Mitchell,direct,1.0,0.35,1
J.A. Mitchell,1893,http://id.lincsproject.ca/dTBjuxoC83g,J.A. Mitchell,direct,1.0,0.35,1
J.A. Mitchell,1894,http://id.lincsproject.ca/dTBjuxoC83g,J.A. Mitchell,direct,1.0,0.35,1
J.A. Mitchell,1895,http://id.lincsproject.ca/dTBjuxoC83g,J.A. Mitchell,direct,1.0,0.35,1
J.A. Mitchell,1896,http://id.lincsproject.ca/dTBjuxoC83g,J.A. Mitchell,direct,1.0,0.35,1
J.A. Reed,1881,http://id.lincsproject.ca/kLLNiVuz2Uk,J.A. Reed,direct,1.0,0.35,1
J.A. Reid,1882,http://id.lincsproject.ca/lGGc8OdHZyN,J.A. Reid,direct,1.0,1.0,1
J.A. Reid,1884,http://id.lincsproject.ca/lGGc8OdHZyN,J.A. Reid,direct,1.0,1.0,1
J.A. Reid,1885,http://id.lincsproject.ca/lGGc8OdHZyN,J.A. Reid,direct,1.0,1.0,1
J.A. Reid,1886,http://id.lincsproject.ca/lGGc8OdHZyN,J.A. Reid,direct,1.0,1.0,1
J.A. Reid,1887,http://id.lincsproject.ca/lGGc8OdHZyN,J.A. Reid,direct,1.0,1.0,1
J.A. Reid,1888,http://id.lincsproject.ca/lGGc8OdHZyN,J.A. Reid,direct,1.0,1.0,1
J.A. Reid,1889,http://id.lincsproject.ca/lGGc8OdHZyN,J.A. Reid,direct,1.0,1.0,1
J.A. Reid,1890,http://id.lincsproject.ca/lGGc8OdHZyN,J.A. Reid,direct,1.0,1.0,1
J.A. Reid,1891,http://id.lincsproject.ca/lGGc8OdHZyN,J.A. Reid,direct,1.0,1.0,1
J.A. Reid,1892,http://id.lincsproject.ca/lGGc8OdHZyN,J.A. Reid,direct,1.0,1.0,1
J.A. Reid,1893,http://id.lincsproject.ca/lGGc8OdHZyN,J.A. Reid,direct,1.0,1.0,1
J.A. Reid,1894,http://id.lincsproject.ca/lGGc8OdHZyN,J.A. Reid,direct,1.0,1.0,1
J.A. Reid,1895,http://id.lincsproject.ca/lGGc8OdHZyN,J.A. Reid,direct,1.0,1.0,1
J.A. Reid,1896,http://id.lincsproject.ca/lGGc8OdHZyN,J.A. Reid,direct,1.0,1.0,1
J.A. Scharf,1889,http://id.lincsproject.ca/nnXl36W9gtS,J.A. Scharf,direct,1.0,1.0,1
J.A. Sutherland,1887,http://id.lincsproject.ca/VpIjTPockzi,J.A. Sutherland,direct,1.0,1.0,1
J.A. Sutherland,1888,http://id.lincsproject.ca/VpIjTPockzi,J.A. Sutherland,direct,1.0,1.0,1
J.A. Sutherland,1889,http://id.lincsproject.ca/VpIjTPockzi,J.A. Sutherland,direct,1.0,0.0175,1
J.A. Sutherland,1890,http://id.lincsproject.ca/VpIjTPockzi,J.A. Sutherland,direct,1.0,0.0175,1
J.A. Sutherland,1891,http://id.lincsproject.ca/VpIjTPockzi,J.A. Sutherland,direct,1.0,0.0175,1
J.A. Sutherland,1892,http://id.lincsproject.ca/VpIjTPockzi,J.A. Sutherland,direct,1.0,0.0175,1
J.A. Sutherland,1893,http://id.lincsproject.ca/VpIjTPockzi,J.A. Sutherland,direct,1.0,1.0,1
J.A. Sutherland,1894,http://id.lincsproject.ca/VpIjTPockzi,J.A. Sutherland,direct,1.0,1.0,1
J.A. Sutherland,1895,http://id.lincsproject.ca/VpIjTPockzi,J.A. Sutherland,direct,1.0,1.0,1
J.A. Sutherland,1896,http://id.lincsproject.ca/VpIjTPockzi,J.A. Sutherland,direct,1.0,1.0,1
J.B. Ashby,1888,http://id.lincsproject.ca/E7BiUNsPG3q,J.B. Ashby,direct,1.0,1.0,1
J.B. Ashby,1889,http://id.lincsproject.ca/E7BiUNsPG3q,J.B. Ashby,direct,1.0,0.35,1
J.B. Ashby,1890,http://id.lincsproject.ca/E7BiUNsPG3q,J.B. Ashby,direct,1.0,0.35,1
J.B. Ashby,1891,http://id.lincsproject.ca/E7BiUNsPG3q,J.B. Ashby,direct,1.0,0.35,1
J.B. Ashby,1892,http://id.lincsproject.ca/E7BiUNsPG3q,J.B. Ashby,direct,1.0,0.35,1
J.B. Ashby,1893,http://id.lincsproject.ca/E7BiUNsPG3q,J.B. Ashby,direct,1.0,0.35,1
"J.B. Lamothe, M.D.",1888,http://id.lincsproject.ca/Xv9oLnI1Fpo,J.P. Lamothe,direct,0.9125,0.9125,1
J.B. Lash,1885,http://id.lincsproject.ca/ygO3smNe6Ct,J.B. Lash,direct,1.0,1.0,1
J.B. Lash,1886,http://id.lincsproject.ca/ygO3smNe6Ct,J.B. Lash,direct,1.0,1.0,1
J.B. Lash,1887,http://id.lincsproject.ca/ygO3smNe6Ct,J.B. Lash,direct,1.0,1.0,1
J.B. Lash,1888,http://id.lincsproject.ca/ygO3smNe6Ct,J.B. Lash,direct,1.0,1.0,1
J.B. Lash,1889,http://id.lincsproject.ca/ygO3smNe6Ct,J.B. Lash,direct,1.0,1.0,1
J.B. Lash,1890,http://id.lincsproject.ca/ygO3smNe6Ct,J.B. Lash,direct,1.0,1.0,1
J.B. Lash,1891,http://id.lincsproject.ca/ygO3smNe6Ct,J.B. Lash,direct,1.0,1.0,1
J.B. Lash,1892,http://id.lincsproject.ca/ygO3smNe6Ct,J.B. Lash,direct,1.0,1.0,1
J.B. Lash,1893,http://id.lincsproject.ca/ygO3smNe6Ct,J.B. Lash,direct,1.0,1.0,1
J.B. Lash,1894,http://id.lincsproject.ca/ygO3smNe6Ct,J.B. Lash,direct,1.0,1.0,1
J.B. Lash,1895,http://id.lincsproject.ca/ygO3smNe6Ct,J.B. Lash,direct,1.0,1.0,1
J.B. Lash,1896,http://id.lincsproject.ca/ygO3smNe6Ct,J.B. Lash,direct,1.0,1.0,1
J.C. Halford,1889,http://id.lincsproject.ca/c3thEP7jASr,J.C. Halford,direct,1.0,1.0,1
J.C. Halford,1890,http://id.lincsproject.ca/c3thEP7jASr,J.C. Halford,direct,1.0,1.0,1
J.C. Halford,1891,http://id.lincsproject.ca/c3thEP7jASr,J.C. Halford,direct,1.0,1.0,1
J.C. Halford,1892,http://id.lincsproject.ca/c3thEP7jASr,J.C. Halford,direct,1.0,1.0,1
J.C. Halford,1893,http://id.lincsproject.ca/c3thEP7jASr,J.C. Halford,direct,1.0,1.0,1
J.C. Halford,1894,http://id.lincsproject.ca/c3thEP7jASr,J.C. Halford,direct,1.0,1.0,1
J.C. Halford,1895,http://id.lincsproject.ca/c3thEP7jASr,J.C. Halford,direct,1.0,1.0,1
J.C. Halford,1896,http://id.lincsproject.ca/c3thEP7jASr,J.C. Halford,direct,1.0,1.0,1
J.C. Hughes,1886,http://id.lincsproject.ca/ke9HP5emSIP,J.C. Hughes,direct,1.0,1.0,1
J.C. Nelson,1886,http://id.lincsproject.ca/IrRN8Uf6Fv4,J.C. Nelson,direct,1.0,1.0,1
J.C. Nelson,1887,http://id.lincsproject.ca/IrRN8Uf6Fv4,J.C. Nelson,direct,1.0,1.0,1
J.C. Nelson,1888,http://id.lincsproject.ca/IrRN8Uf6Fv4,J.C. Nelson,direct,1.0,1.0,1
J.C. Nelson,1889,http://id.lincsproject.ca/IrRN8Uf6Fv4,J.C. Nelson,direct,1.0,1.0,1
J.C. Nelson,1890,http://id.lincsproject.ca/IrRN8Uf6Fv4,J.C. Nelson,direct,1.0,1.0,1
J.C. Nelson,1891,http://id.lincsproject.ca/IrRN8Uf6Fv4,J.C. Nelson,direct,1.0,1.0,1
J.C. Nelson,1892,http://id.lincsproject.ca/IrRN8Uf6Fv4,J.C. Nelson,direct,1.0,1.0,1
J.C. Nelson,1893,http://id.lincsproject.ca/IrRN8Uf6Fv4,J.C. Nelson,direct,1.0,0.0175,1
J.C. Phipps,1880,http://id.lincsproject.ca/n9NeCeEb2Ux,J.C. Phipps,direct,1.0,1.0,1
J.C. Phipps,1881,http://id.lincsproject.ca/n9NeCeEb2Ux,J.C. Phipps,direct,1.0,1.0,1
J.C. Phipps,1882,http://id.lincsproject.ca/n9NeCeEb2Ux,J.C. Phipps,direct,1.0,1.0,1
J.C. Phipps,1883,http://id.lincsproject.ca/n9NeCeEb2Ux,J.C. Phipps,direct,1.0,1.0,1
J.C. Phipps,1884,http://id.lincsproject.ca/n9NeCeEb2Ux,J.C. Phipps,direct,1.0,1.0,1
J.C. Phipps,1885,http://id.lincsproject.ca/n9NeCeEb2Ux,J.C. Phipps,direct,1.0,1.0,1
J.C. Phipps,1886,http://id.lincsproject.ca/n9NeCeEb2Ux,J.C. Phipps,direct,1.0,1.0,1
J.C. Phipps,1887,http://id.lincsproject.ca/n9NeCeEb2Ux,J.C. Phipps,direct,1.0,1.0,1
J.C. Phipps,1888,http://id.lincsproject.ca/n9NeCeEb2Ux,J.C. Phipps,direct,1.0,1.0,1
J.C. Phipps,1889,http://id.lincsproject.ca/n9NeCeEb2Ux,J.C. Phipps,direct,1.0,1.0,1
J.C. Phipps,1890,http://id.lincsproject.ca/n9NeCeEb2Ux,J.C. Phipps,direct,1.0,1.0,1
J.C. Phipps,1891,http://id.lincsproject.ca/n9NeCeEb2Ux,J.C. Phipps,direct,1.0,1.0,1
J.C. Phipps,1892,http://id.lincsproject.ca/n9NeCeEb2Ux,J.C. Phipps,direct,1.0,1.0,1
"J.C. Vanwart, M.D",1895,http://id.lincsproject.ca/a7UdZmuaRMP,J.C. Vanwart,direct,1.0,1.0,1
"J.C. Vanwart, M.D.",1894,http://id.lincsproject.ca/a7UdZmuaRMP,J.C. Vanwart,direct,1.0,1.0,1
J.C. Wilson,1889,http://id.lincsproject.ca/mkS6PN7avfO,J.C. Wilson,direct,1.0,0.0175,1
J.D. Finlayson,1893,http://id.lincsproject.ca/7jKKK49KeF8,J.D. Finlayson,direct,1.0,0.0175,1
J.D. Finlayson,1894,http://id.lincsproject.ca/7jKKK49KeF8,J.D. Finlayson,direct,1.0,0.0175,1
J.D. Finlayson,1895,http://id.lincsproject.ca/7jKKK49KeF8,J.D. Finlayson,direct,1.0,1.0,1
J.D. Finlayson,1896,http://id.lincsproject.ca/7jKKK49KeF8,J.D. Finlayson,direct,1.0,1.0,1
J.D. McLean,1880,http://id.lincsproject.ca/BnK6gcP5NqQ,J.D. McLean,direct,1.0,1.0,1
J.D. McLean,1881,http://id.lincsproject.ca/BnK6gcP5NqQ,J.D. McLean,direct,1.0,1.0,1
J.D. McLean,1882,http://id.lincsproject.ca/BnK6gcP5NqQ,J.D. McLean,direct,1.0,1.0,1
J.D. McLean,1883,http://id.lincsproject.ca/BnK6gcP5NqQ,J.D. McLean,direct,1.0,1.0,1
J.D. McLean,1884,http://id.lincsproject.ca/BnK6gcP5NqQ,J.D. McLean,direct,1.0,0.3556,1
J.D. McLean,1885,http://id.lincsproject.ca/BnK6gcP5NqQ,J.D. McLean,direct,1.0,1.0,1
J.D. McLean,1886,http://id.lincsproject.ca/BnK6gcP5NqQ,J.D. McLean,direct,1.0,1.0,1
J.D. McLean,1889,http://id.lincsproject.ca/BnK6gcP5NqQ,J.D. McLean,direct,1.0,0.2975,1
J.D. McLean,1890,http://id.lincsproject.ca/BnK6gcP5NqQ,J.D. McLean,direct,1.0,1.0,1
J.D. McLean,1891,http://id.lincsproject.ca/BnK6gcP5NqQ,J.D. McLean,direct,1.0,0.1612,1
J.D. McLean,1892,http://id.lincsproject.ca/BnK6gcP5NqQ,J.D. McLean,direct,1.0,0.1612,1
J.D. McLean,1893,http://id.lincsproject.ca/BnK6gcP5NqQ,J.D. McLean,direct,1.0,1.0,1
J.D. McLean,1894,http://id.lincsproject.ca/BnK6gcP5NqQ,J.D. McLean,direct,1.0,1.0,1
J.D. McLean.,1887,http://id.lincsproject.ca/BnK6gcP5NqQ,J.D. McLean,direct,1.0,1.0,1
J.D. McLean.,1888,http://id.lincsproject.ca/BnK6gcP5NqQ,J.D. McLean,direct,1.0,1.0,1
J.D. Molson,1884,http://id.lincsproject.ca/G7b3uJml5fB,J.D. Molson,direct,1.0,1.0,1
J.D. Molson,1885,http://id.lincsproject.ca/G7b3uJml5fB,J.D. Molson,direct,1.0,1.0,1
J.D. Molson,1886,http://id.lincsproject.ca/G7b3uJml5fB,J.D. Molson,direct,1.0,1.0,1
J.D. Molson,1887,http://id.lincsproject.ca/G7b3uJml5fB,J.D. Molson,direct,1.0,1.0,1
J.D. Molson,1888,http://id.lincsproject.ca/G7b3uJml5fB,J.D. Molson,direct,1.0,1.0,1
J.E. Beckwith,1880,http://id.lincsproject.ca/gyYoWLgYnrN,J.E. Beckwith,direct,1.0,1.0,1
J.E. Beckwith,1881,http://id.lincsproject.ca/gyYoWLgYnrN,J.E. Beckwith,direct,1.0,1.0,1
J.E. Beckwith,1882,http://id.lincsproject.ca/gyYoWLgYnrN,J.E. Beckwith,direct,1.0,1.0,1
J.E. Beckwith,1883,http://id.lincsproject.ca/gyYoWLgYnrN,J.E. Beckwith,direct,1.0,1.0,1
J.E. Beckwith,1884,http://id.lincsproject.ca/gyYoWLgYnrN,J.E. Beckwith,direct,1.0,1.0,1
J.E. Beckwith,1885,http://id.lincsproject.ca/gyYoWLgYnrN,J.E. Beckwith,direct,1.0,1.0,1
J.E. Beckwith,1886,http://id.lincsproject.ca/gyYoWLgYnrN,J.E. Beckwith,direct,1.0,1.0,1
J.E. Beckwith,1887,http://id.lincsproject.ca/gyYoWLgYnrN,J.E. Beckwith,direct,1.0,1.0,1
J.E. Ingram,1888,http://id.lincsproject.ca/jNYOolesXMV,J.E. Ingram,direct,1.0,1.0,1
J.E. Ingram,1889,http://id.lincsproject.ca/jNYOolesXMV,J.E. Ingram,direct,1.0,1.0,1
J.E. Ingram,1890,http://id.lincsproject.ca/jNYOolesXMV,J.E. Ingram,direct,1.0,1.0,1
J.E. Ingram,1891,http://id.lincsproject.ca/jNYOolesXMV,J.E. Ingram,direct,1.0,1.0,1
J.E. Ingram,1892,http://id.lincsproject.ca/jNYOolesXMV,J.E. Ingram,direct,1.0,1.0,1
"J.F. Brine, M.D",1887,http://id.lincsproject.ca/U1hrGlsvXwZ,J.F. Brine,direct,1.0,0.3278,1
"J.F. Brine, M.D.",1888,http://id.lincsproject.ca/U1hrGlsvXwZ,J.F. Brine,direct,1.0,0.3278,1
J.F. Day,1881,http://id.lincsproject.ca/LZPkTDnXS3j,J.F. Day,direct,1.0,1.0,1
J.F. Day,1882,http://id.lincsproject.ca/LZPkTDnXS3j,J.F. Day,direct,1.0,0.35,1
J.F. Day,1883,http://id.lincsproject.ca/LZPkTDnXS3j,J.F. Day,direct,1.0,0.35,1
J.F. Day,1884,http://id.lincsproject.ca/LZPkTDnXS3j,J.F. Day,direct,1.0,0.35,1
J.F. Day,1885,http://id.lincsproject.ca/LZPkTDnXS3j,J.F. Day,direct,1.0,0.35,1
J.F. Day,1886,http://id.lincsproject.ca/LZPkTDnXS3j,J.F. Day,direct,1.0,1.0,1
J.F. Day,1887,http://id.lincsproject.ca/LZPkTDnXS3j,J.F. Day,direct,1.0,1.0,1
J.F. Day,1888,http://id.lincsproject.ca/LZPkTDnXS3j,J.F. Day,direct,1.0,1.0,1
J.F. Day,1889,http://id.lincsproject.ca/LZPkTDnXS3j,J.F. Day,direct,1.0,1.0,1
J.F. Day,1890,http://id.lincsproject.ca/LZPkTDnXS3j,J.F. Day,direct,1.0,1.0,1
J.F. Day,1891,http://id.lincsproject.ca/LZPkTDnXS3j,J.F. Day,direct,1.0,1.0,1
J.G. Fraser,1893,http://id.lincsproject.ca/p7xsCFqzoZS,J.G. Fraser,direct,1.0,1.0,1
J.G. Wallace,1894,http://id.lincsproject.ca/Mo5STYo8Dp7,J.G. Wallace,direct,1.0,1.0,1
J.H. Gooderham,1886,http://id.lincsproject.ca/DhDWRsrALxH,J.H. Gooderham,direct,1.0,1.0,1
J.H. Gooderham,1887,http://id.lincsproject.ca/DhDWRsrALxH,J.H. Gooderham,direct,1.0,1.0,1
J.H. Gooderham,1889,http://id.lincsproject.ca/DhDWRsrALxH,J.H. Gooderham,direct,1.0,0.35,1
J.H. Gooderham,1890,http://id.lincsproject.ca/DhDWRsrALxH,J.H. Gooderham,direct,1.0,0.35,1
J.H. Gooderham,1891,http://id.lincsproject.ca/DhDWRsrALxH,J.H. Gooderham,direct,1.0,0.35,1
J.H. Gooderham,1892,http://id.lincsproject.ca/DhDWRsrALxH,J.H. Gooderham,direct,1.0,0.35,1
J.H. Gooderham,1893,http://id.lincsproject.ca/DhDWRsrALxH,J.H. Gooderham,direct,1.0,1.0,1
J.H. Gooderham,1894,http://id.lincsproject.ca/DhDWRsrALxH,J.H. Gooderham,direct,1.0,1.0,1
J.H. Gooderham,1895,http://id.lincsproject.ca/DhDWRsrALxH,J.H. Gooderham,direct,1.0,1.0,1
J.H. Gooderham,1896,http://id.lincsproject.ca/DhDWRsrALxH,J.H. Gooderham,direct,1.0,1.0,1
J.H. Price,1887,http://id.lincsproject.ca/KBNiT5HQewC,J.H. Price,direct,1.0,1.0,1
J.H. Price,1888,http://id.lincsproject.ca/KBNiT5HQewC,J.H. Price,direct,1.0,1.0,1
J.H. Price,1889,http://id.lincsproject.ca/KBNiT5HQewC,J.H. Price,direct,1.0,1.0,1
J.H. Price,1890,http://id.lincsproject.ca/KBNiT5HQewC,J.H. Price,direct,1.0,1.0,1
J.H. Price,1891,http://id.lincsproject.ca/KBNiT5HQewC,J.H. Price,direct,1.0,1.0,1
J.H. Price,1892,http://id.lincsproject.ca/KBNiT5HQewC,J.H. Price,direct,1.0,1.0,1
J.H. Wilson,1884,http://id.lincsproject.ca/MQURYpn9Fhv,J.H. Wilson,direct,1.0,1.0,1
J.H. Wilson,1885,http://id.lincsproject.ca/MQURYpn9Fhv,J.H. Wilson,direct,1.0,1.0,1
"J.H.C. Willoughby, M.D.",1896,http://id.lincsproject.ca/eJqJFH581ra,J.H.C. Willoughby,direct,1.0,1.0,1
J.J McHugh,1881,http://id.lincsproject.ca/Lk2AiLD6wQV,J.J McHugh,direct,1.0,1.0,1
J.J. Campbell,1886,http://id.lincsproject.ca/ePs4agzqNSf,J.J. Campbell,direct,1.0,1.0,1
J.J. Campbell,1887,http://id.lincsproject.ca/ePs4agzqNSf,J.J. Campbell,career,1.0,0.0,1
J.J. Campbell,1888,http://id.lincsproject.ca/ePs4agzqNSf,J.J. Campbell,career,1.0,0.0,1
J.J. Campbell,1889,http://id.lincsproject.ca/ePs4agzqNSf,J.J. Campbell,career,1.0,0.0,1
J.J. Campbell,1890,http://id.lincsproject.ca/ePs4agzqNSf,J.J. Campbell,career,1.0,0.0,1
J.J. Campbell,1891,http://id.lincsproject.ca/ePs4agzqNSf,J.J. Campbell,career,1.0,0.0,1
J.J. Campbell,1892,http://id.lincsproject.ca/ePs4agzqNSf,J.J. Campbell,career,1.0,0.0,1
J.J. Campbell,1893,http://id.lincsproject.ca/ePs4agzqNSf,J.J. Campbell,career,1.0,0.0,1
J.J. English,1880,http://id.lincsproject.ca/4YnZBY7VG6e,J.J. English,direct,1.0,1.0,1
J.J. English,1881,http://id.lincsproject.ca/4YnZBY7VG6e,J.J. English,direct,1.0,1.0,1
J.J. English,1882,http://id.lincsproject.ca/4YnZBY7VG6e,J.J. English,direct,1.0,1.0,1
J.J. Matthews,1891,http://id.lincsproject.ca/MK7swZwk2of,J.J. Matthews,direct,1.0,1.0,1
J.J. Matthews,1892,http://id.lincsproject.ca/MK7swZwk2of,J.J. Matthews,direct,1.0,1.0,1
J.J. McFeeters,1892,http://id.lincsproject.ca/48kcKIY2fOX,J.J. McFeeters,direct,1.0,1.0,1
J.J. McHugh,1880,http://id.lincsproject.ca/Lk2AiLD6wQV,J.J McHugh,direct,1.0,1.0,1
J.J. McHugh,1882,http://id.lincsproject.ca/Lk2AiLD6wQV,J.J McHugh,direct,1.0,1.0,1
J.J.E. de Molitor,1894,http://id.lincsproject.ca/f1g3NrWR3O1,J.J.E. de Molitor,direct,1.0,1.0,1
J.J.E. de Molitor,1895,http://id.lincsproject.ca/f1g3NrWR3O1,J.J.E. de Molitor,direct,1.0,1.0,1
J.J.E. de Molitor,1896,http://id.lincsproject.ca/f1g3NrWR3O1,J.J.E. de Molitor,direct,1.0,1.0,1
J.J.E. de Mollitor,1893,http://id.lincsproject.ca/f1g3NrWR3O1,J.J.E. de Molitor,direct,1.0,1.0,1
J.K. McCallum,1894,http://id.lincsproject.ca/wvM8bdAOdRx,J.K. McCallum,direct,1.0,1.0,1
J.K. McCallum,1895,http://id.lincsproject.ca/wvM8bdAOdRx,J.K. McCallum,direct,1.0,1.0,1
J.L. Thompson,1880,http://id.lincsproject.ca/ADcyZf3agZH,J.L. Thompson,direct,1.0,1.0,1
J.L. Thompson,1881,http://id.lincsproject.ca/ADcyZf3agZH,J.L. Thompson,direct,1.0,1.0,1
J.L. Thompson,1882,http://id.lincsproject.ca/ADcyZf3agZH,J.L. Thompson,direct,1.0,1.0,1
J.L. Thompson,1883,http://id.lincsproject.ca/ADcyZf3agZH,J.L. Thompson,direct,1.0,0.35,1
J.L. Thompson,1885,http://id.lincsproject.ca/ADcyZf3agZH,J.L. Thompson,direct,1.0,0.35,1
J.L. Thompson,1886,http://id.lincsproject.ca/ADcyZf3agZH,J.L. Thompson,direct,1.0,0.35,1
J.L. Thompson,1887,http://id.lincsproject.ca/ADcyZf3agZH,J.L. Thompson,direct,1.0,0.35,1
J.L. Thompson,1888,http://id.lincsproject.ca/ADcyZf3agZH,J.L. Thompson,direct,1.0,0.35,1
J.L. Thompson,1889,http://id.lincsproject.ca/ADcyZf3agZH,J.L. Thompson,direct,1.0,0.35,1
J.L. Thompson,1890,http://id.lincsproject.ca/ADcyZf3agZH,J.L. Thompson,direct,1.0,0.35,1
J.L. Thompson,1891,http://id.lincsproject.ca/ADcyZf3agZH,J.L. Thompson,direct,1.0,0.35,1
J.L. Thompson,1892,http://id.lincsproject.ca/ADcyZf3agZH,J.L. Thompson,direct,1.0,0.35,1
J.M. Rae,1884,http://id.lincsproject.ca/vhxxdCXWRKS,J.M. Rae,direct,1.0,1.0,1
J.M. Rae,1885,http://id.lincsproject.ca/vhxxdCXWRKS,J.M. Rae,direct,1.0,1.0,1
J.M. Rae,1886,http://id.lincsproject.ca/vhxxdCXWRKS,J.M. Rae,direct,1.0,1.0,1
J.M. Rae,1887,http://id.lincsproject.ca/vhxxdCXWRKS,J.M. Rae,direct,1.0,1.0,1
J.M. Scott,1885,http://id.lincsproject.ca/whBZXz9Ql6k,J.M. Scott,direct,1.0,0.35,1
J.M. Scott,1886,http://id.lincsproject.ca/whBZXz9Ql6k,J.M. Scott,direct,1.0,0.35,1
J.M. Scott,1887,http://id.lincsproject.ca/whBZXz9Ql6k,J.M. Scott,direct,1.0,0.35,1
J.M. Scott,1888,http://id.lincsproject.ca/whBZXz9Ql6k,J.M. Scott,direct,1.0,0.35,1
J.M. Scott,1889,http://id.lincsproject.ca/whBZXz9Ql6k,J.M. Scott,direct,1.0,0.35,1
J.M. Scott.,1883,http://id.lincsproject.ca/whBZXz9Ql6k,J.M. Scott,direct,1.0,0.35,1
J.M. Shaw,1886,http://id.lincsproject.ca/DCV1eFksgks,J.M. Shaw,direct,1.0,1.0,1
J.M. Shaw,1887,http://id.lincsproject.ca/DCV1eFksgks,J.M. Shaw,direct,1.0,1.0,1
J.M. Shaw,1888,http://id.lincsproject.ca/DCV1eFksgks,J.M. Shaw,direct,1.0,1.0,1
J.M. Shaw,1889,http://id.lincsproject.ca/DCV1eFksgks,J.M. Shaw,direct,1.0,1.0,1
J.M. Shaw,1890,http://id.lincsproject.ca/DCV1eFksgks,J.M. Shaw,direct,1.0,1.0,1
J.M. Shaw,1891,http://id.lincsproject.ca/DCV1eFksgks,J.M. Shaw,direct,1.0,1.0,1
J.M. Shaw,1892,http://id.lincsproject.ca/DCV1eFksgks,J.M. Shaw,direct,1.0,1.0,1
J.M. Shaw,1893,http://id.lincsproject.ca/DCV1eFksgks,J.M. Shaw,direct,1.0,1.0,1
J.M. Shaw,1894,http://id.lincsproject.ca/DCV1eFksgks,J.M. Shaw,direct,1.0,1.0,1
J.M. Shaw,1895,http://id.lincsproject.ca/DCV1eFksgks,J.M. Shaw,direct,1.0,1.0,1
J.M. Shaw,1896,http://id.lincsproject.ca/DCV1eFksgks,J.M. Shaw,direct,1.0,1.0,1
J.O. Cuthbert,1880,http://id.lincsproject.ca/vqzXdCd2uy3,J.O. Cuthbert,direct,1.0,1.0,1
J.O. Cuthbert,1881,http://id.lincsproject.ca/vqzXdCd2uy3,J.O. Cuthbert,direct,1.0,1.0,1
J.P. Donnelly,1883,http://id.lincsproject.ca/AquB5tE7jKH,J.P. Donnelly,direct,1.0,0.3662,1
J.P. Donnelly,1884,http://id.lincsproject.ca/AquB5tE7jKH,J.P. Donnelly,direct,1.0,0.3662,1
J.P. Donnelly,1885,http://id.lincsproject.ca/AquB5tE7jKH,J.P. Donnelly,direct,1.0,0.3662,1
J.P. Donnelly,1886,http://id.lincsproject.ca/AquB5tE7jKH,J.P. Donnelly,direct,1.0,0.3662,1
J.P. Donnelly,1887,http://id.lincsproject.ca/AquB5tE7jKH,J.P. Donnelly,direct,1.0,0.3662,1
J.P. Donnelly,1888,http://id.lincsproject.ca/AquB5tE7jKH,J.P. Donnelly,direct,1.0,0.3662,1
J.P. Donnelly,1889,http://id.lincsproject.ca/AquB5tE7jKH,J.P. Donnelly,direct,1.0,0.3662,1
J.P. Donnelly,1890,http://id.lincsproject.ca/AquB5tE7jKH,J.P. Donnelly,direct,1.0,0.3662,1
J.P. Donnelly,1891,http://id.lincsproject.ca/AquB5tE7jKH,J.P. Donnelly,direct,1.0,0.3662,1
J.P. Donnelly,1892,http://id.lincsproject.ca/AquB5tE7jKH,J.P. Donnelly,direct,1.0,0.3662,1
J.P. Donnelly,1893,http://id.lincsproject.ca/AquB5tE7jKH,J.P. Donnelly,direct,1.0,0.3662,1
J.P. Donnelly,1894,http://id.lincsproject.ca/AquB5tE7jKH,J.P. Donnelly,direct,1.0,0.3662,1
"J.P. Lamothe, M.D",1887,http://id.lincsproject.ca/Xv9oLnI1Fpo,J.P. Lamothe,direct,1.0,1.0,1
"J.P. Lamothe, M.D.",1885,http://id.lincsproject.ca/Xv9oLnI1Fpo,J.P. Lamothe,direct,1.0,1.0,1
"J.P. Lamothe, M.D.",1886,http://id.lincsproject.ca/Xv9oLnI1Fpo,J.P. Lamothe,direct,1.0,1.0,1
J.P. Wright,1882,http://id.lincsproject.ca/GoF90WjQW0z,J.P. Wright,direct,1.0,0.35,1
J.P. Wright,1883,http://id.lincsproject.ca/GoF90WjQW0z,J.P. Wright,direct,1.0,1.0,1
J.P. Wright,1884,http://id.lincsproject.ca/GoF90WjQW0z,J.P. Wright,direct,1.0,1.0,1
J.P. Wright,1885,http://id.lincsproject.ca/GoF90WjQW0z,J.P. Wright,direct,1.0,1.0,1
J.P. Wright,1888,http://id.lincsproject.ca/GoF90WjQW0z,J.P. Wright,direct,1.0,1.0,1
J.P. Wright,1889,http://id.lincsproject.ca/GoF90WjQW0z,J.P. Wright,direct,1.0,1.0,1
J.P. Wright,1890,http://id.lincsproject.ca/GoF90WjQW0z,J.P. Wright,direct,1.0,1.0,1
J.P. Wright,1891,http://id.lincsproject.ca/GoF90WjQW0z,J.P. Wright,direct,1.0,1.0,1
J.P. Wright,1892,http://id.lincsproject.ca/GoF90WjQW0z,J.P. Wright,direct,1.0,1.0,1
J.P. Wright,1893,http://id.lincsproject.ca/GoF90WjQW0z,J.P. Wright,direct,1.0,1.0,1
J.P. Wright,1895,http://id.lincsproject.ca/GoF90WjQW0z,J.P. Wright,direct,1.0,1.0,1
J.P. Wright,1896,http://id.lincsproject.ca/GoF90WjQW0z,J.P. Wright,direct,1.0,1.0,1
J.P. Wright.,1894,http://id.lincsproject.ca/GoF90WjQW0z,J.P. Wright,direct,1.0,1.0,1
J.R. Marshallsay,1889,http://id.lincsproject.ca/eLV0QXhIhjy,J.R. Marshallsay,direct,1.0,1.0,1
J.R. Marshallsay,1890,http://id.lincsproject.ca/eLV0QXhIhjy,J.R. Marshallsay,direct,1.0,1.0,1
J.R. Marshallsay,1891,http://id.lincsproject.ca/eLV0QXhIhjy,J.R. Marshallsay,direct,1.0,1.0,1
J.R. Marshallsay,1892,http://id.lincsproject.ca/eLV0QXhIhjy,J.R. Marshallsay,direct,1.0,1.0,1
J.R. Marshallsay,1893,http://id.lincsproject.ca/eLV0QXhIhjy,J.R. Marshallsay,direct,1.0,1.0,1
J.R. Marshallsay,1894,http://id.lincsproject.ca/eLV0QXhIhjy,J.R. Marshallsay,direct,1.0,1.0,1
J.R. Marshallsay,1895,http://id.lincsproject.ca/eLV0QXhIhjy,J.R. Marshallsay,direct,1.0,1.0,1
J.R. Marshallsay,1896,http://id.lincsproject.ca/eLV0QXhIhjy,J.R. Marshallsay,direct,1.0,1.0,1
J.R. Scott,1890,http://id.lincsproject.ca/4Jx6gqI5aaf,J.R. Scott,direct,1.0,0.35,1
J.R. Scott,1891,http://id.lincsproject.ca/4Jx6gqI5aaf,J.R. Scott,direct,1.0,0.35,1
J.R. Scott,1892,http://id.lincsproject.ca/4Jx6gqI5aaf,J.R. Scott,direct,1.0,0.2975,1
J.R. Scott,1893,http://id.lincsproject.ca/4Jx6gqI5aaf,J.R. Scott,direct,1.0,0.2975,1
J.R. Stevenson,1883,http://id.lincsproject.ca/h5XMHE1f1hY,J.R. Stevenson,direct,1.0,1.0,1
J.R. Stevenson,1884,http://id.lincsproject.ca/h5XMHE1f1hY,J.R. Stevenson,direct,1.0,1.0,1
J.R. Stevenson,1885,http://id.lincsproject.ca/h5XMHE1f1hY,J.R. Stevenson,direct,1.0,1.0,1
J.R. Stevenson,1886,http://id.lincsproject.ca/h5XMHE1f1hY,J.R. Stevenson,direct,1.0,1.0,1
J.R. Stevenson,1887,http://id.lincsproject.ca/h5XMHE1f1hY,J.R. Stevenson,direct,1.0,1.0,1
J.R. Stevenson,1888,http://id.lincsproject.ca/h5XMHE1f1hY,J.R. Stevenson,direct,1.0,1.0,1
J.R. Stevenson,1889,http://id.lincsproject.ca/h5XMHE1f1hY,J.R. Stevenson,direct,1.0,1.0,1
J.R. Stevenson,1890,http://id.lincsproject.ca/h5XMHE1f1hY,J.R. Stevenson,direct,1.0,1.0,1
J.R. Stevenson,1891,http://id.lincsproject.ca/h5XMHE1f1hY,J.R. Stevenson,direct,1.0,1.0,1
J.R. Stevenson,1892,http://id.lincsproject.ca/h5XMHE1f1hY,J.R. Stevenson,direct,1.0,1.0,1
J.R.C. Honeyman,1893,http://id.lincsproject.ca/21cng9c4wWc,J.R.C. Honeyman,direct,1.0,1.0,1
J.R.C. Honeyman,1894,http://id.lincsproject.ca/21cng9c4wWc,J.R.C. Honeyman,direct,1.0,1.0,1
J.R.C. Honeyman,1895,http://id.lincsproject.ca/21cng9c4wWc,J.R.C. Honeyman,direct,1.0,1.0,1
J.R.C. Honeyman,1896,http://id.lincsproject.ca/21cng9c4wWc,J.R.C. Honeyman,direct,1.0,1.0,1
J.S. Benson M.D.,1881,http://id.lincsproject.ca/Mw1VVr9edRE,J.S. Benson,direct,1.0,0.35,1
"J.S. Benson, M.D.",1880,http://id.lincsproject.ca/Mw1VVr9edRE,J.S. Benson,direct,1.0,0.35,1
"J.S. Benson, M.D.",1882,http://id.lincsproject.ca/Mw1VVr9edRE,J.S. Benson,direct,1.0,0.35,1
"J.S. Benson, M.D.",1883,http://id.lincsproject.ca/Mw1VVr9edRE,J.S. Benson,direct,1.0,0.35,1
"J.S. Benson, M.D.",1893,http://id.lincsproject.ca/Mw1VVr9edRE,J.S. Benson,direct,1.0,0.35,1
"J.S. Benson, M.D.",1894,http://id.lincsproject.ca/Mw1VVr9edRE,J.S. Benson,direct,1.0,0.35,1
"J.S. Benson, M.D.",1895,http://id.lincsproject.ca/Mw1VVr9edRE,J.S. Benson,direct,1.0,0.35,1
"J.S. Benson, M.D.",1896,http://id.lincsproject.ca/Mw1VVr9edRE,J.S. Benson,direct,1.0,0.35,1
J.S. Buchanan,1891,http://id.lincsproject.ca/7I4b2leFClS,J.S. Buchanan,direct,1.0,1.0,1
J.S. Buchanan,1892,http://id.lincsproject.ca/7I4b2leFClS,J.S. Buchanan,direct,1.0,1.0,1
J.S. Ingram,1887,http://id.lincsproject.ca/jNYOolesXMV,J.E. Ingram,direct,0.9125,0.9125,1
J.S. Smith,1889,http://id.lincsproject.ca/86O7Okwc5Vm,J.S. Smith,direct,1.0,0.0875,1
J.T. Conaway,1885,http://id.lincsproject.ca/BBslKXEg9yP,J.T. Conaway,direct,1.0,1.0,1
J.T. Conaway,1886,http://id.lincsproject.ca/BBslKXEg9yP,J.T. Conaway,direct,1.0,1.0,1
J.T. Conaway,1887,http://id.lincsproject.ca/BBslKXEg9yP,J.T. Conaway,direct,1.0,1.0,1
J.T. French,1893,http://id.lincsproject.ca/TTsp89m6bJ9,J.T. French,direct,1.0,1.0,1
J.T. Gilkison,1880,http://id.lincsproject.ca/ILrPGaHzgsH,J.T. Gilkison,direct,1.0,1.0,1
J.T. Gilkison,1881,http://id.lincsproject.ca/ILrPGaHzgsH,J.T. Gilkison,direct,1.0,1.0,1
J.T. Gilkison,1882,http://id.lincsproject.ca/ILrPGaHzgsH,J.T. Gilkison,direct,1.0,1.0,1
J.T. Gilkison,1883,http://id.lincsproject.ca/ILrPGaHzgsH,J.T. Gilkison,direct,1.0,1.0,1
J.T. Gilkison,1884,http://id.lincsproject.ca/ILrPGaHzgsH,J.T. Gilkison,direct,1.0,1.0,1
J.T. Gilkison,1885,http://id.lincsproject.ca/ILrPGaHzgsH,J.T. Gilkison,direct,1.0,1.0,1
J.T. Gilkison,1886,http://id.lincsproject.ca/ILrPGaHzgsH,J.T. Gilkison,direct,1.0,1.0,1
J.T. Gilkison,1887,http://id.lincsproject.ca/ILrPGaHzgsH,J.T. Gilkison,direct,1.0,1.0,1
J.T. Gilkison,1888,http://id.lincsproject.ca/ILrPGaHzgsH,J.T. Gilkison,direct,1.0,1.0,1
J.T. Gilkison,1889,http://id.lincsproject.ca/ILrPGaHzgsH,J.T. Gilkison,direct,1.0,1.0,1
J.T. Gilkison,1890,http://id.lincsproject.ca/ILrPGaHzgsH,J.T. Gilkison,direct,1.0,1.0,1
J.V. DeBoucherville,1882,http://id.lincsproject.ca/pC4kRObHT1h,J.V. de Boucherville,direct,1.0,1.0,1
J.V. DeBoucherville,1883,http://id.lincsproject.ca/pC4kRObHT1h,J.V. de Boucherville,direct,1.0,1.0,1
J.V. DeBoucherville.,1881,http://id.lincsproject.ca/pC4kRObHT1h,J.V. de Boucherville,direct,1.0,1.0,1
J.V. Farrell,1889,http://id.lincsproject.ca/nkQI1n68M5N,J.V. Farrell,direct,1.0,0.0175,1
J.V. Farrell,1890,http://id.lincsproject.ca/nkQI1n68M5N,J.V. Farrell,direct,1.0,0.0175,1
J.V. Farrell,1891,http://id.lincsproject.ca/nkQI1n68M5N,J.V. Farrell,direct,1.0,0.0175,1
J.V. Farrell,1892,http://id.lincsproject.ca/nkQI1n68M5N,J.V. Farrell,direct,1.0,0.0175,1
J.V. Kildahl,1886,http://id.lincsproject.ca/Cy8Tq5AUtBZ,J.V. Kildahl,direct,1.0,1.0,1
J.V. Kildahl,1887,http://id.lincsproject.ca/Cy8Tq5AUtBZ,J.V. Kildahl,direct,1.0,1.0,1
J.V. Kildahl,1888,http://id.lincsproject.ca/Cy8Tq5AUtBZ,J.V. Kildahl,direct,1.0,1.0,1
J.V. Kildahl,1889,http://id.lincsproject.ca/Cy8Tq5AUtBZ,J.V. Kildahl,direct,1.0,1.0,1
J.V. Kildahl,1890,http://id.lincsproject.ca/Cy8Tq5AUtBZ,J.V. Kildahl,direct,1.0,1.0,1
J.V. de Boucherville,1880,http://id.lincsproject.ca/pC4kRObHT1h,J.V. de Boucherville,direct,1.0,0.4042,1
J.V. de Boucherville,1889,http://id.lincsproject.ca/pC4kRObHT1h,J.V. de Boucherville,direct,1.0,0.4042,1
J.V. de Boucherville,1890,http://id.lincsproject.ca/pC4kRObHT1h,J.V. de Boucherville,direct,1.0,0.4042,1
J.V. de Boucherville,1891,http://id.lincsproject.ca/pC4kRObHT1h,J.V. de Boucherville,direct,1.0,0.4042,1
J.V. de Boucherville,1893,http://id.lincsproject.ca/pC4kRObHT1h,J.V. de Boucherville,direct,1.0,1.0,1
J.V. deBoucherville,1884,http://id.lincsproject.ca/pC4kRObHT1h,J.V. de Boucherville,direct,1.0,1.0,1
J.V. deBoucherville,1885,http://id.lincsproject.ca/pC4kRObHT1h,J.V. de Boucherville,direct,1.0,1.0,1
J.V. deBoucherville,1886,http://id.lincsproject.ca/pC4kRObHT1h,J.V. de Boucherville,direct,1.0,1.0,1
J.V. deBoucherville,1887,http://id.lincsproject.ca/pC4kRObHT1h,J.V. de Boucherville,direct,1.0,1.0,1
J.V. deBoucherville,1892,http://id.lincsproject.ca/pC4kRObHT1h,J.V. de Boucherville,direct,1.0,1.0,1
J.V. deBoucherville.,1888,http://id.lincsproject.ca/pC4kRObHT1h,J.V. de Boucherville,direct,1.0,1.0,1
"J.W. Begg, M.D.",1895,http://id.lincsproject.ca/VIHMbBBnT4D,J.W. Begg,direct,1.0,0.35,1
"J.W. Begg, M.D.",1896,http://id.lincsproject.ca/VIHMbBBnT4D,J.W. Begg,direct,1.0,0.35,1
J.W. Jermyn,1886,http://id.lincsproject.ca/SGKi10Tauw8,J.W. Jermyn,direct,1.0,1.0,1
J.W. Jermyn,1887,http://id.lincsproject.ca/SGKi10Tauw8,J.W. Jermyn,direct,1.0,1.0,1
J.W. Jermyn,1888,http://id.lincsproject.ca/SGKi10Tauw8,J.W. Jermyn,direct,1.0,1.0,1
J.W. Jermyn,1889,http://id.lincsproject.ca/SGKi10Tauw8,J.W. Jermyn,direct,1.0,1.0,1
J.W. Jermyn,1890,http://id.lincsproject.ca/SGKi10Tauw8,J.W. Jermyn,direct,1.0,1.0,1
J.W. Jermyn,1891,http://id.lincsproject.ca/SGKi10Tauw8,J.W. Jermyn,direct,1.0,1.0,1
J.W. Jermyn,1892,http://id.lincsproject.ca/SGKi10Tauw8,J.W. Jermyn,direct,1.0,1.0,1
J.W. Jermyn,1894,http://id.lincsproject.ca/SGKi10Tauw8,J.W. Jermyn,direct,1.0,1.0,1
J.W. Jowett,1886,http://id.lincsproject.ca/ZXqTzUOiTMe,J.W. Jowett,direct,1.0,1.0,1
J.W. Jowett,1887,http://id.lincsproject.ca/ZXqTzUOiTMe,J.W. Jowett,direct,1.0,1.0,1
J.W. Jowett,1888,http://id.lincsproject.ca/ZXqTzUOiTMe,J.W. Jowett,direct,1.0,1.0,1
J.W. Jowett,1889,http://id.lincsproject.ca/ZXqTzUOiTMe,J.W. Jowett,direct,1.0,1.0,1
J.W. Jowett,1890,http://id.lincsproject.ca/ZXqTzUOiTMe,J.W. Jowett,direct,1.0,1.0,1
J.W. Jowett,1891,http://id.lincsproject.ca/ZXqTzUOiTMe,J.W. Jowett,direct,1.0,1.0,1
J.W. Jowett,1892,http://id.lincsproject.ca/ZXqTzUOiTMe,J.W. Jowett,direct,1.0,1.0,1
J.W. Jowett,1893,http://id.lincsproject.ca/ZXqTzUOiTMe,J.W. Jowett,direct,1.0,1.0,1
J.W. Jowett,1894,http://id.lincsproject.ca/ZXqTzUOiTMe,J.W. Jowett,direct,1.0,1.0,1
J.W. Jowett,1895,http://id.lincsproject.ca/ZXqTzUOiTMe,J.W. Jowett,direct,1.0,1.0,1
J.W. Jowett,1896,http://id.lincsproject.ca/ZXqTzUOiTMe,J.W. Jowett,direct,1.0,1.0,1
J.W. Mackay,1885,http://id.lincsproject.ca/iLewz6EQDk1,J.W. McKay,direct,0.9415,0.35,1
J.W. Mackay,1886,http://id.lincsproject.ca/iLewz6EQDk1,J.W. McKay,direct,0.9415,0.35,1
J.W. Mackay,1887,http://id.lincsproject.ca/iLewz6EQDk1,J.W. McKay,direct,0.9415,0.1165,1
J.W. Mackay,1889,http://id.lincsproject.ca/iLewz6EQDk1,J.W. McKay,direct,0.9415,0.35,1
J.W. Mackay,1890,http://id.lincsproject.ca/iLewz6EQDk1,J.W. McKay,direct,0.9415,0.35,1
J.W. Mackay,1891,http://id.lincsproject.ca/iLewz6EQDk1,J.W. McKay,direct,0.9415,0.35,1
J.W. Mackay,1892,http://id.lincsproject.ca/iLewz6EQDk1,J.W. McKay,direct,0.9415,0.35,2
J.W. Mackay,1893,http://id.lincsproject.ca/oa5ynhoxel4,J.W. Mackay,direct,1.0,0.4085,1
J.W. Mackay,1894,http://id.lincsproject.ca/oa5ynhoxel4,J.W. Mackay,direct,1.0,0.4085,1
J.W. McKay,1884,http://id.lincsproject.ca/iLewz6EQDk1,J.W. McKay,direct,1.0,0.35,1
J.W. McKay,1888,http://id.lincsproject.ca/iLewz6EQDk1,J.W. McKay,direct,1.0,0.35,1
J.W. Shields,1886,http://id.lincsproject.ca/edXwWVbY3KM,J.W. Shields,direct,1.0,1.0,1
J.W. Shore,1884,http://id.lincsproject.ca/EKOHxMe8Q67,J.W. Shore,direct,1.0,1.0,1
J.W. Shore,1885,http://id.lincsproject.ca/EKOHxMe8Q67,J.W. Shore,direct,1.0,1.0,1
J.W. Shore,1886,http://id.lincsproject.ca/EKOHxMe8Q67,J.W. Shore,direct,1.0,1.0,1
J.W. Shore,1887,http://id.lincsproject.ca/EKOHxMe8Q67,J.W. Shore,direct,1.0,1.0,1
J.W. Shore,1888,http://id.lincsproject.ca/EKOHxMe8Q67,J.W. Shore,direct,1.0,1.0,1
J.W. Shore,1889,http://id.lincsproject.ca/EKOHxMe8Q67,J.W. Shore,direct,1.0,1.0,1
J.W. Shore,1890,http://id.lincsproject.ca/EKOHxMe8Q67,J.W. Shore,direct,1.0,1.0,1
J.W. Shore,1891,http://id.lincsproject.ca/EKOHxMe8Q67,J.W. Shore,direct,1.0,1.0,1
J.W. Shore,1892,http://id.lincsproject.ca/EKOHxMe8Q67,J.W. Shore,direct,1.0,1.0,1
J.W. Shore,1893,http://id.lincsproject.ca/EKOHxMe8Q67,J.W. Shore,direct,1.0,1.0,1
J.W. Shore,1894,http://id.lincsproject.ca/EKOHxMe8Q67,J.W. Shore,direct,1.0,1.0,1
J.W. Smith,1889,http://id.lincsproject.ca/fAnPdLiAJL6,J.W. Smith,direct,1.0,0.0875,1
J.W. Smith,1890,http://id.lincsproject.ca/fAnPdLiAJL6,J.W. Smith,direct,1.0,0.2975,1
J.W. Smith,1891,http://id.lincsproject.ca/fAnPdLiAJL6,J.W. Smith,direct,1.0,0.35,1
J.W. Smith,1892,http://id.lincsproject.ca/fAnPdLiAJL6,J.W. Smith,direct,1.0,0.35,1
J.W. Smith,1893,http://id.lincsproject.ca/fAnPdLiAJL6,J.W. Smith,direct,1.0,0.2975,1
J.W. Smith,1894,http://id.lincsproject.ca/fAnPdLiAJL6,J.W. Smith,direct,1.0,0.2975,1
J.W. Smith,1895,http://id.lincsproject.ca/fAnPdLiAJL6,J.W. Smith,direct,1.0,0.2975,1
J.W. Smith,1896,http://id.lincsproject.ca/fAnPdLiAJL6,J.W. Smith,direct,1.0,0.35,1
JJrome LeClercq,1892,http://id.lincsproject.ca/YFQVrL6NJmS,JJrome LeClercq,direct,1.0,1.0,1
Jack's Son,1894,http://id.lincsproject.ca/w0ZFVo6DV6L,Jack's Son,direct,1.0,1.0,1
"Jack, Jas",1904,http://id.lincsproject.ca/dbteDhKK2aU,"Jack, Jas",direct,1.0,0.2177,1
"Jackson, T.E.",1899,http://id.lincsproject.ca/LKrMbF4p8Oh,T.E. Jackson,direct,1.0,1.0,1
"Jackson, T.E.",1904,http://id.lincsproject.ca/LKrMbF4p8Oh,T.E. Jackson,direct,1.0,0.175,1
"Jackson, T.E.",1910,http://id.lincsproject.ca/LKrMbF4p8Oh,T.E. Jackson,direct,1.0,0.175,1
"Jacques, H., M.D.",1899,http://id.lincsproject.ca/l4h7dQb7apW,H. Jacques,direct,1.0,1.0,1
"Jacques, H., M.D.",1904,http://id.lincsproject.ca/l4h7dQb7apW,H. Jacques,direct,1.0,1.0,1
"Jacques, H., M.D.",1910,http://id.lincsproject.ca/l4h7dQb7apW,H. Jacques,direct,1.0,1.0,1
Jahn Bradley,1910,http://id.lincsproject.ca/dkflBux3a0z,Jahn Bradley,direct,1.0,1.0,1
James A. Macrae,1910,http://id.lincsproject.ca/6O1ghRdppJJ,J.A. Macrae,direct,1.0,1.0,1
James A. Smart,1897,http://www.wikidata.org/entity/Q15996352,James A. Smart,direct,1.0,1.0,1
James A. Smart,1899,http://www.wikidata.org/entity/Q15996352,James A. Smart,direct,1.0,1.0,1
James B. Harkin,1904,http://www.wikidata.org/entity/Q3161135,James Harkin,direct,0.9925,0.9925,1
James Farrell,1886,http://id.lincsproject.ca/nkQI1n68M5N,J.V. Farrell,career,0.685,0.685,1
James Farrell,1887,http://id.lincsproject.ca/nkQI1n68M5N,J.V. Farrell,career,0.685,0.685,1
James Farrell,1888,http://id.lincsproject.ca/nkQI1n68M5N,J.V. Farrell,career,0.685,0.685,2
James Farrell,1889,http://id.lincsproject.ca/nkQI1n68M5N,J.V. Farrell,direct,0.9825,0.2975,2
James Farrell,1890,http://id.lincsproject.ca/nkQI1n68M5N,J.V. Farrell,direct,0.9825,0.2975,2
James Farrell,1891,http://id.lincsproject.ca/nkQI1n68M5N,J.V. Farrell,direct,0.9825,0.2975,2
James Farrell,1892,http://id.lincsproject.ca/nkQI1n68M5N,J.V. Farrell,direct,0.9825,0.2975,2
James Farrell,1893,http://id.lincsproject.ca/nkQI1n68M5N,J.V. Farrell,career,0.685,0.685,2
James J. Campbell,1895,http://id.lincsproject.ca/ePs4agzqNSf,J.J. Campbell,direct,1.0,0.315,1
James J. Campbell,1896,http://id.lincsproject.ca/ePs4agzqNSf,J.J. Campbell,direct,1.0,0.315,1
James J. Campbell,1899,http://id.lincsproject.ca/ePs4agzqNSf,J.J. Campbell,direct,1.0,1.0,1
James J. Campbell,1904,http://id.lincsproject.ca/ePs4agzqNSf,J.J. Campbell,direct,1.0,0.35,1
James J. Campbell,1910,http://id.lincsproject.ca/ePs4agzqNSf,J.J. Campbell,direct,1.0,0.2975,1
James Johnston,1881,http://id.lincsproject.ca/RQxushtQxu2,J. Johnston,direct,1.0,1.0,1
James Johnston,1882,http://id.lincsproject.ca/RQxushtQxu2,J. Johnston,direct,1.0,1.0,1
James K. McLean,1910,http://id.lincsproject.ca/xUcTMJ4gZAg,James K. McLean,direct,1.0,0.0875,1
James Kearns,1897,http://id.lincsproject.ca/QqgktR1lPIt,James Kearns,direct,1.0,1.0,1
James Lenihan,1880,http://id.lincsproject.ca/ibvsIjNpRBJ,James Lenihan,direct,1.0,1.0,1
James Paul,1882,http://id.lincsproject.ca/pfvOKs5iHNG,James Paul,direct,1.0,1.0,1
James Paul,1883,http://id.lincsproject.ca/pfvOKs5iHNG,James Paul,direct,1.0,1.0,1
James Paul,1884,http://id.lincsproject.ca/pfvOKs5iHNG,James Paul,direct,1.0,1.0,1
James Paul,1885,http://id.lincsproject.ca/pfvOKs5iHNG,James Paul,direct,1.0,1.0,1
James Paul,1886,http://id.lincsproject.ca/pfvOKs5iHNG,James Paul,direct,1.0,1.0,1
James Paul.,1887,http://id.lincsproject.ca/pfvOKs5iHNG,James Paul,direct,1.0,1.0,1
James Scott,1880,http://id.lincsproject.ca/q5yxhVOrHaP,James Scott,direct,1.0,0.35,1
James Scott,1881,http://id.lincsproject.ca/q5yxhVOrHaP,James Scott,direct,1.0,0.35,1
James Scott,1882,http://id.lincsproject.ca/q5yxhVOrHaP,James Scott,direct,1.0,0.35,1
"James, J.F., M.D.",1904,http://id.lincsproject.ca/IeUoFQI2GVM,J.F. James,direct,1.0,0.35,1
"James, M., M.D.",1910,http://id.lincsproject.ca/BUM6P8gPsPg,M. James,direct,1.0,1.0,1
"James, W.H.",1904,http://id.lincsproject.ca/Tqw9ipcqkRw,W.H. James,direct,1.0,0.35,1
"Jamieson, A.",1910,http://id.lincsproject.ca/NLKGKLzzW0l,A. Jamieson,direct,1.0,1.0,1
Jane Sutherland,1889,http://id.lincsproject.ca/c7aiqyGCddR,Jane Sutherland,direct,1.0,0.0175,1
Jane Sutherland,1890,http://id.lincsproject.ca/c7aiqyGCddR,Jane Sutherland,direct,1.0,0.0175,1
Jane Sutherland,1891,http://id.lincsproject.ca/c7aiqyGCddR,Jane Sutherland,direct,1.0,0.0175,1
Jane Sutherland,1892,http://id.lincsproject.ca/c7aiqyGCddR,Jane Sutherland,direct,1.0,0.0175,1
Janet Robertson,1889,http://id.lincsproject.ca/Z02e9UGVyFq,Janet Robertson,direct,1.0,0.35,1
Janet Robertson,1890,http://id.lincsproject.ca/Z02e9UGVyFq,Janet Robertson,direct,1.0,0.35,1
Janet Robertson,1891,http://id.lincsproject.ca/Z02e9UGVyFq,Janet Robertson,direct,1.0,0.35,1
Jas. A. McEwan,1892,http://id.lincsproject.ca/vACHcYXdWIC,Jas. A. McEwen,direct,0.9797,0.9797,1
Jas. A. McEwan,1893,http://id.lincsproject.ca/vACHcYXdWIC,Jas. A. McEwen,direct,0.9797,0.9797,1
Jas. A. McEwan,1894,http://id.lincsproject.ca/vACHcYXdWIC,Jas. A. McEwen,direct,0.9797,0.9797,1
Jas. A. McEwan,1895,http://id.lincsproject.ca/vACHcYXdWIC,Jas. A. McEwen,direct,0.9797,0.9797,1
Jas. A. McEwen,1896,http://id.lincsproject.ca/vACHcYXdWIC,Jas. A. McEwen,direct,1.0,1.0,1
Jas. Allen,1894,http://id.lincsproject.ca/alaZLQdmELP,Jas. Allen,direct,1.0,1.0,1
Jas. Ansdell Macrae,1894,http://id.lincsproject.ca/6O1ghRdppJJ,J.A. Macrae,direct,1.0,1.0,1
Jas. Ansdell Macrae,1896,http://id.lincsproject.ca/6O1ghRdppJJ,J.A. Macrae,direct,1.0,0.4085,1
Jas. Ansdell Macrae,1899,http://id.lincsproject.ca/6O1ghRdppJJ,J.A. Macrae,direct,1.0,1.0,1
Jas. Ansdell Macrae,1904,http://id.lincsproject.ca/6O1ghRdppJJ,J.A. Macrae,direct,1.0,1.0,1
Jas. Ansdell Macrae.,1895,http://id.lincsproject.ca/6O1ghRdppJJ,J.A. Macrae,direct,1.0,0.4085,1
Jas. Ansdell Macrae.,1897,http://id.lincsproject.ca/6O1ghRdppJJ,J.A. Macrae,direct,1.0,1.0,1
Jas. Appikokie,1895,http://id.lincsproject.ca/ZK513HnscG8,Jas. Appikokie,direct,1.0,1.0,1
Jas. Appikokie,1896,http://id.lincsproject.ca/ZK513HnscG8,Jas. Appikokie,direct,1.0,1.0,1
Jas. Beattie,1880,http://id.lincsproject.ca/tMigZix5w4N,Jas. Beattie,direct,1.0,1.0,1
Jas. D. Green,1891,http://id.lincsproject.ca/WteOfOXw8kH,Jas. D. Green,direct,1.0,0.2975,1
Jas. D. Wilson,1889,http://id.lincsproject.ca/dHTwzQqAYeG,Jas. D. Wilson,direct,1.0,0.0175,1
Jas. D. Wilson,1890,http://id.lincsproject.ca/dHTwzQqAYeG,Jas. D. Wilson,direct,1.0,0.0175,1
Jas. D. Wilson,1891,http://id.lincsproject.ca/dHTwzQqAYeG,Jas. D. Wilson,direct,1.0,0.0175,1
Jas. D. Wilson,1892,http://id.lincsproject.ca/dHTwzQqAYeG,Jas. D. Wilson,direct,1.0,0.0175,1
Jas. D. Wilson,1893,http://id.lincsproject.ca/dHTwzQqAYeG,Jas. D. Wilson,career,1.0,0.0075,1
Jas. F. Graham,1880,http://id.lincsproject.ca/V3KOoJ4f43b,Jas. F. Graham,direct,1.0,1.0,1
Jas. Farrell,1894,http://id.lincsproject.ca/kS7VjTWpejX,Jas. Farrell,direct,1.0,1.0,2
Jas. Farrell,1895,http://id.lincsproject.ca/kS7VjTWpejX,Jas. Farrell,direct,1.0,1.0,2
Jas. Farrell,1896,http://id.lincsproject.ca/kS7VjTWpejX,Jas. Farrell,direct,1.0,1.0,2
Jas. G. Stewart,1880,http://id.lincsproject.ca/0FDt4LQmctp,"Stewart, J.G.",direct,1.0,0.35,1
Jas. Gas,1894,http://id.lincsproject.ca/eqYjp0Ir2DB,Jas. Gas,direct,1.0,1.0,1
Jas. Gutherie,1894,http://id.lincsproject.ca/M9Eq5qtjTEI,Jas. Guthrie,direct,0.9882,0.9882,1
Jas. Guthrie,1891,http://id.lincsproject.ca/M9Eq5qtjTEI,Jas. Guthrie,direct,1.0,1.0,1
Jas. Guthrie,1892,http://id.lincsproject.ca/M9Eq5qtjTEI,Jas. Guthrie,direct,1.0,1.0,1
Jas. Guthrie,1893,http://id.lincsproject.ca/M9Eq5qtjTEI,Jas. Guthrie,direct,1.0,1.0,1
Jas. J. Campbell,1894,http://id.lincsproject.ca/ePs4agzqNSf,J.J. Campbell,direct,1.0,0.315,1
Jas. J. Campbell,1897,http://id.lincsproject.ca/ePs4agzqNSf,J.J. Campbell,direct,1.0,1.0,1
Jas. Johnston,1880,http://id.lincsproject.ca/RQxushtQxu2,J. Johnston,direct,1.0,1.0,1
Jas. Kirby,1893,http://id.lincsproject.ca/U72vWljIsLQ,Jas. Kirby,direct,1.0,1.0,1
Jas. Langley,1894,http://id.lincsproject.ca/DgyKC57nWCY,J. Langley,direct,1.0,0.0904,1
Jas. Langley,1895,http://id.lincsproject.ca/DgyKC57nWCY,J. Langley,direct,1.0,0.0904,1
Jas. Langley,1896,http://id.lincsproject.ca/DgyKC57nWCY,J. Langley,direct,1.0,0.0904,1
Jas. Martin,1894,http://id.lincsproject.ca/qbXLfUzF3Ah,Jas. Martin,direct,1.0,0.3803,1
Jas. McGregor,1893,http://id.lincsproject.ca/QS7kwL4F8aM,Jas. McGregor,direct,1.0,1.0,1
Jas. Morrison,1881,http://id.lincsproject.ca/JiP6YPh1yd0,Jas. Morrison,direct,1.0,0.402,1
Jas. Pollock,1895,http://id.lincsproject.ca/zEhVuSxxyJr,J. Pollock,direct,1.0,0.35,1
Jas. Pollock,1896,http://id.lincsproject.ca/zEhVuSxxyJr,J. Pollock,direct,1.0,0.35,1
Jas. Slocombe,1882,http://id.lincsproject.ca/eZIm1xd03i6,J. Slocombe,direct,1.0,1.0,1
Jas. Wilson,1894,http://id.lincsproject.ca/vBrMHUYtYdf,Jas. Wilson,direct,1.0,0.315,1
"Jefferson, R.",1904,http://id.lincsproject.ca/OrXNInsiU8U,R. Jefferson,direct,1.0,1.0,1
"Jefferson, R.",1910,http://id.lincsproject.ca/OrXNInsiU8U,R. Jefferson,direct,1.0,1.0,1
Jessie Bird,1893,http://id.lincsproject.ca/Jo7cMsYWvjc,Jessie Bird,direct,1.0,1.0,1
Jim Shang,1891,http://id.lincsproject.ca/gH6RJVzd50b,Jim Shang,direct,1.0,1.0,1
John 0. Arsenault,1895,http://id.lincsproject.ca/UwUXs4g9aEc,John Arsenault,direct,1.0,1.0,1
John Arsenault,1893,http://id.lincsproject.ca/UwUXs4g9aEc,John Arsenault,direct,1.0,1.0,1
John Austen,1886,http://id.lincsproject.ca/MBpheqdn6xd,John Austin,direct,0.9797,0.36,1
John Austen,1887,http://id.lincsproject.ca/MBpheqdn6xd,John Austin,direct,0.9797,0.36,1
John Austin,1882,http://id.lincsproject.ca/MBpheqdn6xd,John Austin,direct,1.0,1.0,1
John Austin,1883,http://id.lincsproject.ca/MBpheqdn6xd,John Austin,direct,1.0,0.35,1
John Austin,1884,http://id.lincsproject.ca/MBpheqdn6xd,John Austin,direct,1.0,0.35,1
John Austin,1885,http://id.lincsproject.ca/MBpheqdn6xd,John Austin,direct,1.0,0.35,1
John Austin,1888,http://id.lincsproject.ca/MBpheqdn6xd,John Austin,direct,1.0,0.35,1
John Bangs,1893,http://id.lincsproject.ca/A7U3yPUbfg1,"Bangs, J.",direct,1.0,1.0,1
John Bangs,1894,http://id.lincsproject.ca/A7U3yPUbfg1,"Bangs, J.",direct,1.0,1.0,1
John Bangs,1895,http://id.lincsproject.ca/A7U3yPUbfg1,"Bangs, J.",direct,1.0,1.0,1
John Bangs,1896,http://id.lincsproject.ca/A7U3yPUbfg1,"Bangs, J.",direct,1.0,1.0,1
John Beattie,1881,http://id.lincsproject.ca/hdDo195MdK9,John Beattie,direct,1.0,1.0,1
John Beattie,1882,http://id.lincsproject.ca/hdDo195MdK9,John Beattie,direct,1.0,1.0,1
John Beattie,1883,http://id.lincsproject.ca/hdDo195MdK9,John Beattie,direct,1.0,1.0,1
John Beattie,1884,http://id.lincsproject.ca/hdDo195MdK9,John Beattie,direct,1.0,1.0,1
John Beattie,1885,http://id.lincsproject.ca/hdDo195MdK9,John Beattie,direct,1.0,1.0,1
John Beattie,1886,http://id.lincsproject.ca/hdDo195MdK9,John Beattie,direct,1.0,1.0,1
John Beattie,1887,http://id.lincsproject.ca/hdDo195MdK9,John Beattie,direct,1.0,1.0,1
John Beattie,1888,http://id.lincsproject.ca/hdDo195MdK9,John Beattie,direct,1.0,1.0,1
John Beattie,1889,http://id.lincsproject.ca/hdDo195MdK9,John Beattie,direct,1.0,1.0,1
John Beattie,1890,http://id.lincsproject.ca/hdDo195MdK9,John Beattie,direct,1.0,1.0,1
John Beattie,1891,http://id.lincsproject.ca/hdDo195MdK9,John Beattie,direct,1.0,1.0,1
John Beattie,1892,http://id.lincsproject.ca/hdDo195MdK9,John Beattie,direct,1.0,1.0,1
John Beattie,1893,http://id.lincsproject.ca/hdDo195MdK9,John Beattie,direct,1.0,1.0,1
John Beattie,1894,http://id.lincsproject.ca/hdDo195MdK9,John Beattie,direct,1.0,1.0,1
John Beattie,1895,http://id.lincsproject.ca/hdDo195MdK9,John Beattie,direct,1.0,1.0,1
John Beattie,1896,http://id.lincsproject.ca/hdDo195MdK9,John Beattie,direct,1.0,1.0,1
John Carney,1893,http://id.lincsproject.ca/JsdMYVh7OOE,J. Carney,direct,1.0,1.0,1
John Carney,1894,http://id.lincsproject.ca/JsdMYVh7OOE,J. Carney,direct,1.0,1.0,1
John Carney,1895,http://id.lincsproject.ca/JsdMYVh7OOE,J. Carney,direct,1.0,1.0,1
John Carney,1896,http://id.lincsproject.ca/JsdMYVh7OOE,J. Carney,direct,1.0,1.0,1
John Cascaden,1882,http://id.lincsproject.ca/CnSCYBVr5tB,John Cascaden,direct,1.0,1.0,1
John Cascaden.,1881,http://id.lincsproject.ca/CnSCYBVr5tB,John Cascaden,direct,1.0,1.0,1
John Chisholm,1885,http://id.lincsproject.ca/Szw7fIDMmrQ,John Chisholm,direct,1.0,1.0,1
John Crowe,1895,http://id.lincsproject.ca/Q5E0sObbPdO,John Crowe,direct,1.0,1.0,1
John Crowe,1896,http://id.lincsproject.ca/Q5E0sObbPdO,John Crowe,direct,1.0,1.0,1
John D. McLean,1895,http://id.lincsproject.ca/BnK6gcP5NqQ,J.D. McLean,direct,1.0,0.35,1
John D. McLean,1896,http://id.lincsproject.ca/BnK6gcP5NqQ,J.D. McLean,direct,1.0,0.35,1
John D. McLean,1897,http://id.lincsproject.ca/BnK6gcP5NqQ,J.D. McLean,direct,1.0,0.0875,1
John D. McLean,1899,http://id.lincsproject.ca/BnK6gcP5NqQ,J.D. McLean,direct,1.0,0.2975,1
John D. McLean,1904,http://id.lincsproject.ca/BnK6gcP5NqQ,J.D. McLean,career,1.0,0.0075,1
John D. McLean,1910,http://id.lincsproject.ca/BnK6gcP5NqQ,J.D. McLean,career,1.0,0.0075,1
John D. Sutherland,1899,http://id.lincsproject.ca/ybC0kBJu8vS,John D. Sutherland,direct,1.0,0.0875,1
John D. Sutherland,1904,http://id.lincsproject.ca/ybC0kBJu8vS,John D. Sutherland,direct,1.0,0.0875,1
John D. Sutherland,1910,http://id.lincsproject.ca/ybC0kBJu8vS,John D. Sutherland,direct,1.0,0.0875,1
John Davidson,1880,http://id.lincsproject.ca/JIZct5FngRs,John Davidson,direct,1.0,1.0,1
John Davidson,1881,http://id.lincsproject.ca/JIZct5FngRs,John Davidson,direct,1.0,0.2107,1
John Davidson,1882,http://id.lincsproject.ca/JIZct5FngRs,John Davidson,direct,1.0,0.2107,1
John Davidson,1883,http://id.lincsproject.ca/JIZct5FngRs,John Davidson,direct,1.0,1.0,1
John Davidson,1884,http://id.lincsproject.ca/JIZct5FngRs,John Davidson,direct,1.0,1.0,1
John E. Campbell,1895,http://id.lincsproject.ca/aJWv1NlDkzC,John E. Campbell,direct,1.0,0.0425,1
John E. Campbell,1896,http://id.lincsproject.ca/aJWv1NlDkzC,John E. Campbell,direct,1.0,0.0425,1
John F. Day,1880,http://id.lincsproject.ca/LZPkTDnXS3j,J.F. Day,direct,1.0,1.0,1
John Foley,1893,http://id.lincsproject.ca/I13VrgDoJtI,John Foley,direct,1.0,1.0,1
John Foley,1894,http://id.lincsproject.ca/I13VrgDoJtI,John Foley,direct,1.0,1.0,1
John Foley,1895,http://id.lincsproject.ca/I13VrgDoJtI,John Foley,direct,1.0,1.0,1
John G. Wallace,1892,http://id.lincsproject.ca/Mo5STYo8Dp7,J.G. Wallace,direct,1.0,1.0,1
John G. Wallace,1893,http://id.lincsproject.ca/Mo5STYo8Dp7,J.G. Wallace,direct,1.0,1.0,1
John G. Wallace,1895,http://id.lincsproject.ca/Mo5STYo8Dp7,J.G. Wallace,career,0.0,0.0,1
John G. Wallace,1896,http://id.lincsproject.ca/Mo5STYo8Dp7,J.G. Wallace,direct,1.0,1.0,1
John H. Gordon,1893,http://id.lincsproject.ca/Pa8GQmQGoQ3,"Gordon, J.H.",direct,1.0,0.35,1
John H. Gordon,1895,http://id.lincsproject.ca/Pa8GQmQGoQ3,"Gordon, J.H.",direct,1.0,1.0,1
John H. Gordon,1896,http://id.lincsproject.ca/Pa8GQmQGoQ3,"Gordon, J.H.",direct,1.0,1.0,1
John Harlow,1880,http://id.lincsproject.ca/fNrwXO0jIkH,John Harlow,direct,1.0,1.0,1
John Harlow,1881,http://id.lincsproject.ca/fNrwXO0jIkH,John Harlow,direct,1.0,1.0,1
John Harlow,1882,http://id.lincsproject.ca/fNrwXO0jIkH,John Harlow,direct,1.0,1.0,1
John Larocque,1893,http://id.lincsproject.ca/f1Eqt5Qgsbg,"Laroque, John",direct,1.0,1.0,1
John Larocque,1894,http://id.lincsproject.ca/f1Eqt5Qgsbg,"Laroque, John",direct,1.0,0.3532,1
John Larocque,1895,http://id.lincsproject.ca/f1Eqt5Qgsbg,"Laroque, John",direct,1.0,1.0,1
John Larocque,1896,http://id.lincsproject.ca/f1Eqt5Qgsbg,"Laroque, John",direct,1.0,1.0,1
John McGirr,1881,http://id.lincsproject.ca/5KnUlVKvbZi,John McGirr,direct,1.0,1.0,1
John McGirr,1882,http://id.lincsproject.ca/5KnUlVKvbZi,John McGirr,direct,1.0,1.0,1
John McGirr,1883,http://id.lincsproject.ca/5KnUlVKvbZi,John McGirr,direct,1.0,1.0,1
John McGirr,1884,http://id.lincsproject.ca/5KnUlVKvbZi,John McGirr,direct,1.0,0.35,1
John McGirr,1885,http://id.lincsproject.ca/5KnUlVKvbZi,John McGirr,direct,1.0,0.35,1
John McGirr,1886,http://id.lincsproject.ca/5KnUlVKvbZi,John McGirr,direct,1.0,0.35,1
John McGirr,1887,http://id.lincsproject.ca/5KnUlVKvbZi,John McGirr,direct,1.0,0.35,1
John McGirr,1888,http://id.lincsproject.ca/5KnUlVKvbZi,John McGirr,direct,1.0,0.35,1
John McGirr,1889,http://id.lincsproject.ca/5KnUlVKvbZi,John McGirr,direct,1.0,0.35,1
John McGirr,1890,http://id.lincsproject.ca/5KnUlVKvbZi,John McGirr,direct,1.0,0.35,1
John McGirr,1891,http://id.lincsproject.ca/5KnUlVKvbZi,John McGirr,direct,1.0,0.35,1
John McGirr,1892,http://id.lincsproject.ca/5KnUlVKvbZi,John McGirr,direct,1.0,0.35,1
John McGirr,1893,http://id.lincsproject.ca/5KnUlVKvbZi,John McGirr,direct,1.0,0.35,1
John McGirr,1894,http://id.lincsproject.ca/5KnUlVKvbZi,John McGirr,direct,1.0,0.35,1
John McGirr,1895,http://id.lincsproject.ca/5KnUlVKvbZi,John McGirr,direct,1.0,0.35,1
John McGirr,1896,http://id.lincsproject.ca/5KnUlVKvbZi,John McGirr,direct,1.0,0.35,1
John McGirr,1897,http://id.lincsproject.ca/5KnUlVKvbZi,John McGirr,direct,1.0,1.0,1
John McGirr,1899,http://id.lincsproject.ca/5KnUlVKvbZi,John McGirr,direct,1.0,1.0,1
John McGirr,1904,http://id.lincsproject.ca/5KnUlVKvbZi,John McGirr,direct,1.0,1.0,1
John McGirr,1910,http://id.lincsproject.ca/5KnUlVKvbZi,John McGirr,direct,1.0,1.0,1
John McGirr.,1880,http://id.lincsproject.ca/5KnUlVKvbZi,John McGirr,direct,1.0,0.4296,1
John Newton,1895,http://id.lincsproject.ca/TcR38vElo27,J. Newton,direct,1.0,1.0,1
John Newton,1896,http://id.lincsproject.ca/TcR38vElo27,J. Newton,direct,1.0,1.0,1
John O. Arsenault,1881,http://id.lincsproject.ca/UwUXs4g9aEc,John Arsenault,direct,0.9925,0.9925,1
John O. Arsenault,1882,http://id.lincsproject.ca/UwUXs4g9aEc,John Arsenault,direct,0.9925,0.9925,1
John O. Arsenault,1883,http://id.lincsproject.ca/UwUXs4g9aEc,John Arsenault,direct,0.9925,0.9925,1
John O. Arsenault,1884,http://id.lincsproject.ca/UwUXs4g9aEc,John Arsenault,direct,0.9925,0.9925,1
John O. Arsenault,1885,http://id.lincsproject.ca/UwUXs4g9aEc,John Arsenault,direct,0.9925,0.9925,1
John O. Arsenault,1886,http://id.lincsproject.ca/UwUXs4g9aEc,John Arsenault,direct,0.9925,0.9925,1
John O. Arsenault,1887,http://id.lincsproject.ca/UwUXs4g9aEc,John Arsenault,direct,0.9925,0.9925,1
John O. Arsenault,1888,http://id.lincsproject.ca/UwUXs4g9aEc,John Arsenault,direct,0.9925,0.9925,1
John O. Arsenault,1889,http://id.lincsproject.ca/UwUXs4g9aEc,John Arsenault,direct,0.9925,0.9925,1
John O. Arsenault,1890,http://id.lincsproject.ca/UwUXs4g9aEc,John Arsenault,direct,0.9925,0.9925,1
John O. Arsenault,1891,http://id.lincsproject.ca/UwUXs4g9aEc,John Arsenault,direct,0.9925,0.9925,1
John O. Arsenault,1892,http://id.lincsproject.ca/UwUXs4g9aEc,John Arsenault,direct,0.9925,0.9925,1
John O. Arsenault,1894,http://id.lincsproject.ca/UwUXs4g9aEc,John Arsenault,direct,0.9925,0.9925,1
John O. Arsenault,1896,http://id.lincsproject.ca/UwUXs4g9aEc,John Arsenault,direct,0.9925,0.9925,1
John O. Arsennault,1880,http://id.lincsproject.ca/UwUXs4g9aEc,John Arsenault,direct,0.9925,0.9925,1
John P. Donnelly,1895,http://id.lincsproject.ca/AquB5tE7jKH,J.P. Donnelly,direct,1.0,0.3662,1
John P. Donnelly,1896,http://id.lincsproject.ca/AquB5tE7jKH,J.P. Donnelly,direct,1.0,0.3662,1
John R. Gordon,1894,http://id.lincsproject.ca/Pa8GQmQGoQ3,"Gordon, J.H.",direct,0.9125,0.2625,1
John Ross,1894,http://id.lincsproject.ca/4yl8Wsdu1IC,J. Ross,direct,1.0,0.175,1
John Ross,1895,http://id.lincsproject.ca/4yl8Wsdu1IC,J. Ross,direct,1.0,0.175,1
John Ross,1896,http://id.lincsproject.ca/4yl8Wsdu1IC,J. Ross,direct,1.0,0.175,1
John Simon,1895,http://id.lincsproject.ca/rcLDAt95egp,John Simon,direct,1.0,1.0,1
John Simon,1896,http://id.lincsproject.ca/rcLDAt95egp,John Simon,direct,1.0,1.0,1
John Thackeray,1883,http://id.lincsproject.ca/RzuTdzl8CkT,J. Thackeray,direct,1.0,1.0,1
John Thackeray,1884,http://id.lincsproject.ca/RzuTdzl8CkT,J. Thackeray,direct,1.0,1.0,1
John Thackeray,1885,http://id.lincsproject.ca/RzuTdzl8CkT,J. Thackeray,direct,1.0,1.0,1
John Thackeray,1886,http://id.lincsproject.ca/RzuTdzl8CkT,J. Thackeray,direct,1.0,1.0,1
John Thackeray,1887,http://id.lincsproject.ca/RzuTdzl8CkT,J. Thackeray,direct,1.0,1.0,1
John Thackeray,1888,http://id.lincsproject.ca/RzuTdzl8CkT,J. Thackeray,direct,1.0,1.0,1
John Thackeray,1889,http://id.lincsproject.ca/RzuTdzl8CkT,J. Thackeray,direct,1.0,1.0,1
John Thackeray,1890,http://id.lincsproject.ca/RzuTdzl8CkT,J. Thackeray,direct,1.0,1.0,1
John Thackeray,1891,http://id.lincsproject.ca/RzuTdzl8CkT,J. Thackeray,direct,1.0,1.0,1
John Thackeray,1892,http://id.lincsproject.ca/RzuTdzl8CkT,J. Thackeray,direct,1.0,1.0,1
John Thackeray,1893,http://id.lincsproject.ca/RzuTdzl8CkT,J. Thackeray,direct,1.0,1.0,1
John Thackeray,1895,http://id.lincsproject.ca/RzuTdzl8CkT,J. Thackeray,direct,1.0,1.0,1
John Thackeray,1896,http://id.lincsproject.ca/RzuTdzl8CkT,J. Thackeray,direct,1.0,1.0,1
John W. Jermyn,1895,http://id.lincsproject.ca/SGKi10Tauw8,J.W. Jermyn,direct,1.0,1.0,1
John W. Jermyn,1896,http://id.lincsproject.ca/SGKi10Tauw8,J.W. Jermyn,direct,1.0,1.0,1
John W. Shore,1895,http://id.lincsproject.ca/EKOHxMe8Q67,J.W. Shore,direct,1.0,1.0,1
John W. Shore,1896,http://id.lincsproject.ca/EKOHxMe8Q67,J.W. Shore,direct,1.0,1.0,1
John W. Shore,1897,http://id.lincsproject.ca/EKOHxMe8Q67,J.W. Shore,direct,1.0,1.0,1
John W. Shore,1899,http://id.lincsproject.ca/EKOHxMe8Q67,J.W. Shore,direct,1.0,0.039,1
John W. Shore,1904,http://id.lincsproject.ca/EKOHxMe8Q67,J.W. Shore,direct,1.0,1.0,1
John W. Shore,1910,http://id.lincsproject.ca/EKOHxMe8Q67,J.W. Shore,direct,1.0,1.0,1
John Wallace,1880,http://id.lincsproject.ca/Mo5STYo8Dp7,J.G. Wallace,direct,0.9825,0.9825,1
John Wallace,1881,http://id.lincsproject.ca/Mo5STYo8Dp7,J.G. Wallace,direct,0.9825,0.9825,1
John Wallace,1882,http://id.lincsproject.ca/Mo5STYo8Dp7,J.G. Wallace,direct,0.9825,0.9825,1
John Wallace,1883,http://id.lincsproject.ca/Mo5STYo8Dp7,J.G. Wallace,direct,0.9825,0.9825,1
John Wallace,1884,http://id.lincsproject.ca/Mo5STYo8Dp7,J.G. Wallace,direct,0.9825,0.9825,1
John Wallace,1885,http://id.lincsproject.ca/Mo5STYo8Dp7,J.G. Wallace,direct,0.9825,0.9825,1
John Wallace,1886,http://id.lincsproject.ca/Mo5STYo8Dp7,J.G. Wallace,direct,0.9825,0.9825,1
John Wallace,1887,http://id.lincsproject.ca/Mo5STYo8Dp7,J.G. Wallace,direct,0.9825,0.9825,1
John Wallace,1888,http://id.lincsproject.ca/Mo5STYo8Dp7,J.G. Wallace,direct,0.9825,0.9825,1
John Wallace,1889,http://id.lincsproject.ca/Mo5STYo8Dp7,J.G. Wallace,direct,0.9825,0.9825,1
John Wallace,1890,http://id.lincsproject.ca/Mo5STYo8Dp7,J.G. Wallace,direct,0.9825,0.9825,1
John Wallace,1891,http://id.lincsproject.ca/Mo5STYo8Dp7,J.G. Wallace,direct,0.9825,0.9825,1
"Johnson, C.J.",1897,http://id.lincsproject.ca/WjIFxcTjPDp,C.J. Johnson,direct,1.0,0.3007,1
"Johnson, C.J.",1904,http://id.lincsproject.ca/WjIFxcTjPDp,C.J. Johnson,direct,1.0,0.3007,1
"Johnson, C.J.",1910,http://id.lincsproject.ca/WjIFxcTjPDp,C.J. Johnson,direct,1.0,0.3007,1
"Johnston, J., M.D.",1897,http://id.lincsproject.ca/GPsqOouwfak,J. Johnston,direct,1.0,0.3007,1
"Johnston, J., M.D.",1899,http://id.lincsproject.ca/GPsqOouwfak,J. Johnston,direct,1.0,0.3007,1
"Johnston, J., M.D.",1904,http://id.lincsproject.ca/GPsqOouwfak,J. Johnston,direct,1.0,0.3007,1
"Johnston, J., M.D.",1910,http://id.lincsproject.ca/GPsqOouwfak,J. Johnston,direct,1.0,0.3007,1
Jones A.E.,1904,http://id.lincsproject.ca/UoE1ImdQ8pm,Jones A.E.,direct,1.0,0.0875,1
"Jones, A.E.",1897,http://id.lincsproject.ca/UoE1ImdQ8pm,Jones A.E.,direct,1.0,0.2975,1
"Jones, A.E.",1899,http://id.lincsproject.ca/UoE1ImdQ8pm,Jones A.E.,direct,1.0,0.2975,1
"Jones, A.E.",1910,http://id.lincsproject.ca/UoE1ImdQ8pm,Jones A.E.,direct,1.0,0.35,1
"Jones, O.M., M.D.",1904,http://id.lincsproject.ca/DZrNp0N1M0V,O.M. Jones,direct,1.0,0.35,1
"Jones, O.M., M.D.",1910,http://id.lincsproject.ca/DZrNp0N1M0V,O.M. Jones,direct,1.0,0.35,1
"Jones, Wm. E.",1897,http://id.lincsproject.ca/SKQ8u6Y5Le3,W.E. Jones,direct,1.0,0.2975,1
"Jones, Wm. E.",1899,http://id.lincsproject.ca/SKQ8u6Y5Le3,W.E. Jones,direct,1.0,0.2975,1
Jos. Comeau,1885,http://id.lincsproject.ca/6o3oZPzXABd,J. Comeau,direct,1.0,1.0,1
Jos. Delisle,1889,http://id.lincsproject.ca/zaVilr5oOD4,J. Delisle,direct,1.0,1.0,1
Jos. Delisle,1890,http://id.lincsproject.ca/zaVilr5oOD4,J. Delisle,direct,1.0,1.0,1
Jos. Finlayson,1893,http://id.lincsproject.ca/oPfWNtomljO,J. Finlayson,direct,1.0,0.0175,1
Jos. Finlayson,1894,http://id.lincsproject.ca/oPfWNtomljO,J. Finlayson,direct,1.0,0.0175,1
Jos. H. Price,1893,http://id.lincsproject.ca/KBNiT5HQewC,J.H. Price,direct,1.0,1.0,1
Jos. H. Price,1894,http://id.lincsproject.ca/KBNiT5HQewC,J.H. Price,direct,1.0,0.2975,1
Jos. H. Price,1896,http://id.lincsproject.ca/KBNiT5HQewC,J.H. Price,direct,1.0,0.2975,1
Jos.H. Price,1895,http://id.lincsproject.ca/KBNiT5HQewC,J.H. Price,direct,1.0,0.2975,1
Joseph Delisle,1880,http://id.lincsproject.ca/zaVilr5oOD4,J. Delisle,direct,1.0,1.0,1
Joseph Delisle,1895,http://id.lincsproject.ca/zaVilr5oOD4,J. Delisle,direct,1.0,1.0,1
Joseph Delisle,1896,http://id.lincsproject.ca/zaVilr5oOD4,J. Delisle,direct,1.0,1.0,1
Joseph Delisle,1897,http://id.lincsproject.ca/zaVilr5oOD4,J. Delisle,direct,1.0,1.0,1
Joseph Delisle,1899,http://id.lincsproject.ca/zaVilr5oOD4,J. Delisle,direct,1.0,1.0,1
Joseph Delisle,1904,http://id.lincsproject.ca/zaVilr5oOD4,J. Delisle,direct,1.0,1.0,1
Joseph G. Ramsden,1910,http://id.lincsproject.ca/01g0VtpuCGv,"Ramsden, J.G.",direct,1.0,1.0,1
Joseph M. McAllister,1910,http://id.lincsproject.ca/bwq14pD8RHL,Joseph M. McAllister,direct,1.0,1.0,1
Joseph Reader,1895,http://id.lincsproject.ca/0gm8EJgp4qe,J. Reader,direct,1.0,1.0,1
Joseph Reader,1896,http://id.lincsproject.ca/0gm8EJgp4qe,J. Reader,direct,1.0,1.0,1
Joseph Taylor,1893,http://id.lincsproject.ca/qP1OSV7Au0K,Joseph Taylor,direct,1.0,0.35,1
Joseph Taylor,1894,http://id.lincsproject.ca/qP1OSV7Au0K,Joseph Taylor,direct,1.0,0.35,1
Joseph Taylor,1895,http://id.lincsproject.ca/qP1OSV7Au0K,Joseph Taylor,direct,1.0,0.35,1
Joseph Taylor,1896,http://id.lincsproject.ca/qP1OSV7Au0K,Joseph Taylor,direct,1.0,0.35,1
Joseph W. Mackay,1895,http://id.lincsproject.ca/oa5ynhoxel4,J.W. Mackay,direct,1.0,0.4085,1
Joseph W. Mackay.,1896,http://id.lincsproject.ca/oa5ynhoxel4,J.W. Mackay,direct,1.0,0.356,1
Joseph de Lisle,1910,http://id.lincsproject.ca/zaVilr5oOD4,J. Delisle,direct,1.0,1.0,1
Josephine Macbain,1897,http://id.lincsproject.ca/s8X1ZUd8sQS,Josephine Macbain,direct,1.0,1.0,1
"Jourdain, Jos",1910,http://id.lincsproject.ca/fG1avlY5ESP,"Jourdain, Jos",direct,1.0,1.0,1
"Jowett, J.W.",1910,http://id.lincsproject.ca/ZXqTzUOiTMe,J.W. Jowett,direct,1.0,1.0,1
"Jowett, John W.",1897,http://id.lincsproject.ca/ZXqTzUOiTMe,J.W. Jowett,direct,1.0,1.0,1
"Jowett, John W.",1899,http://id.lincsproject.ca/ZXqTzUOiTMe,J.W. Jowett,direct,1.0,1.0,1
Julia Curran,1890,http://id.lincsproject.ca/uG2kFIG9tnC,Julia Curran,direct,1.0,0.35,1
Justus Willson,1894,http://id.lincsproject.ca/irtMsvLahu4,Justus Wilson,direct,1.0,0.3237,1
Justus Willson,1895,http://id.lincsproject.ca/irtMsvLahu4,Justus Wilson,direct,1.0,0.3237,1
Justus Willson,1896,http://id.lincsproject.ca/irtMsvLahu4,Justus Wilson,direct,1.0,0.3237,1
"Kalbfleisch, W.H., M.D.",1904,http://id.lincsproject.ca/hYVzmP9c0hX,W.H. Kalbfleisch,direct,1.0,1.0,1
Kate Fleetham,1889,http://id.lincsproject.ca/gkdqQn31qxb,Kate Fleetham,direct,1.0,0.35,1
Kate Fleetham,1890,http://id.lincsproject.ca/gkdqQn31qxb,Kate Fleetham,direct,1.0,0.35,1
Kate Fleetham,1891,http://id.lincsproject.ca/gkdqQn31qxb,Kate Fleetham,direct,1.0,0.35,1
"Keith, Hilton",1897,http://id.lincsproject.ca/FxwRddFmsW9,H. Keith,direct,1.0,1.0,1
"Keller, H.L.A., M.D.",1904,http://id.lincsproject.ca/FmKm1XzyD2V,H.L.A. Keller,direct,1.0,1.0,1
"Kelly, F.H., M.D.",1899,http://id.lincsproject.ca/xy04xfgjPrH,F.H. Kelly,direct,1.0,1.0,1
"Kelly, F.S., M.D.",1897,http://id.lincsproject.ca/xy04xfgjPrH,F.H. Kelly,direct,0.9125,0.9125,1
"Kennedy, Daniel",1897,http://id.lincsproject.ca/1WzcNeI9RbW,Daniel Kennedy,direct,1.0,1.0,1
"Kennedy, Daniel",1899,http://id.lincsproject.ca/1WzcNeI9RbW,Daniel Kennedy,direct,1.0,1.0,1
"Kennedy, Geo",1910,http://id.lincsproject.ca/TBVZJeS1zHm,"Kennedy, Geo",direct,1.0,1.0,1
"Kergin, W.T., M.D.",1904,http://id.lincsproject.ca/WZqa8QpvcsH,W.T. Kergin,direct,1.0,1.0,1
"Kergin, W.T., M.D.",1910,http://id.lincsproject.ca/WZqa8QpvcsH,W.T. Kergin,direct,1.0,1.0,1
"King, A.A., M.D.",1910,http://id.lincsproject.ca/b0qGW6XJ0hr,A.A. King,direct,1.0,0.35,1
"King, W.G., M.D.",1910,http://id.lincsproject.ca/hgJD8hSular,"W.G. King, M.D.",direct,1.0,0.35,1
"Kinnear, J.P.",1910,http://id.lincsproject.ca/cqpytGF0PY1,J.P. Kinnear,direct,1.0,1.0,1
"Kipling, Geo",1910,http://id.lincsproject.ca/nRHbV0ScOXX,"Kipling, Geo",direct,1.0,1.0,1
"Kissack, J.",1910,http://id.lincsproject.ca/P8VgZBKOfIu,J. Kissack,direct,1.0,1.0,1
L Vankoughnet,1885,http://www.wikidata.org/entity/Q48814106,L Vankoughnet,direct,1.0,1.0,1
"L'Heureux, M.",1904,http://id.lincsproject.ca/E4odQvF0AQs,"L'Heureux, M.",direct,1.0,1.0,1
L. Applegarth,1889,http://id.lincsproject.ca/YXsnhRuOg46,L. Applegarth,direct,1.0,0.175,1
L. Applegarth,1890,http://id.lincsproject.ca/YXsnhRuOg46,L. Applegarth,direct,1.0,0.175,1
L. Applegarth,1891,http://id.lincsproject.ca/YXsnhRuOg46,L. Applegarth,direct,1.0,0.175,1
L. Applegarth,1892,http://id.lincsproject.ca/YXsnhRuOg46,L. Applegarth,direct,1.0,0.175,1
L. Beauchamp,1881,http://id.lincsproject.ca/BR1Woff3yM1,L. Beauchamp,direct,1.0,1.0,1
L. Couture,1885,http://id.lincsproject.ca/Z1M8Uu7vJDN,L. Couture,direct,1.0,1.0,1
L. Couture,1889,http://id.lincsproject.ca/Z1M8Uu7vJDN,L. Couture,direct,1.0,1.0,1
L. Couture,1890,http://id.lincsproject.ca/Z1M8Uu7vJDN,L. Couture,direct,1.0,1.0,1
L. Couture,1891,http://id.lincsproject.ca/Z1M8Uu7vJDN,L. Couture,direct,1.0,1.0,1
L. Couture,1892,http://id.lincsproject.ca/Z1M8Uu7vJDN,L. Couture,direct,1.0,1.0,1
L. Couture,1893,http://id.lincsproject.ca/Z1M8Uu7vJDN,L. Couture,direct,1.0,1.0,1
L. Dixon,1893,http://id.lincsproject.ca/gz10YvOv3lk,L. Dixon,direct,1.0,0.35,1
L. Herchmer,1881,http://www.wikidata.org/entity/Q6504144,L. Herchmer,direct,1.0,1.0,1
L. Herchmer,1882,http://www.wikidata.org/entity/Q6504144,L. Herchmer,direct,1.0,1.0,1
L. Herchmer,1883,http://www.wikidata.org/entity/Q6504144,L. Herchmer,direct,1.0,1.0,1
L. Herchmer.,1880,http://www.wikidata.org/entity/Q6504144,L. Herchmer,direct,1.0,1.0,1
L. Lovell,1890,http://id.lincsproject.ca/TTrp5hBOFuv,L. Lovell,direct,1.0,1.0,1
L. Lovell,1891,http://id.lincsproject.ca/TTrp5hBOFuv,L. Lovell,direct,1.0,1.0,1
L. Lovell,1892,http://id.lincsproject.ca/TTrp5hBOFuv,L. Lovell,direct,1.0,1.0,1
L. Lovell,1893,http://id.lincsproject.ca/TTrp5hBOFuv,L. Lovell,direct,1.0,1.0,1
L. Lovell,1894,http://id.lincsproject.ca/TTrp5hBOFuv,L. Lovell,direct,1.0,1.0,1
L. Marion,1887,http://id.lincsproject.ca/gXwvnF0jk3L,L. Marion,direct,1.0,1.0,1
L. Marion,1888,http://id.lincsproject.ca/gXwvnF0jk3L,L. Marion,direct,1.0,1.0,1
L. Marion,1889,http://id.lincsproject.ca/gXwvnF0jk3L,L. Marion,direct,1.0,0.35,1
L. Marion,1890,http://id.lincsproject.ca/gXwvnF0jk3L,L. Marion,direct,1.0,0.35,1
L. Marion,1891,http://id.lincsproject.ca/gXwvnF0jk3L,L. Marion,direct,1.0,0.35,1
L. Marion,1892,http://id.lincsproject.ca/gXwvnF0jk3L,L. Marion,direct,1.0,0.35,1
L. Marion,1893,http://id.lincsproject.ca/gXwvnF0jk3L,L. Marion,direct,1.0,1.0,1
L. Suffern,1889,http://id.lincsproject.ca/EOBLlVgzFVm,L. Suffern,direct,1.0,0.35,1
L. Vankoughnet,1880,http://www.wikidata.org/entity/Q48814106,L Vankoughnet,direct,1.0,1.0,1
L. Vankoughnet,1881,http://www.wikidata.org/entity/Q48814106,L Vankoughnet,direct,1.0,1.0,1
L. Vankoughnet,1882,http://www.wikidata.org/entity/Q48814106,L Vankoughnet,direct,1.0,1.0,1
L. Vankoughnet,1883,http://www.wikidata.org/entity/Q48814106,L Vankoughnet,direct,1.0,1.0,1
L. Vankoughnet,1884,http://www.wikidata.org/entity/Q48814106,L Vankoughnet,direct,1.0,1.0,1
L. Vankoughnet,1886,http://www.wikidata.org/entity/Q48814106,L Vankoughnet,direct,1.0,1.0,1
L. Vankoughnet,1888,http://www.wikidata.org/entity/Q48814106,L Vankoughnet,direct,1.0,0.35,1
L. Vankoughnet,1889,http://www.wikidata.org/entity/Q48814106,L Vankoughnet,direct,1.0,0.35,1
L. Vankoughnet,1890,http://www.wikidata.org/entity/Q48814106,L Vankoughnet,direct,1.0,0.35,1
L. Vankoughnet,1891,http://www.wikidata.org/entity/Q48814106,L Vankoughnet,direct,1.0,0.35,1
L. Vankoughnet,1892,http://www.wikidata.org/entity/Q48814106,L Vankoughnet,direct,1.0,0.35,1
L. Vankoughnet.,1887,http://www.wikidata.org/entity/Q48814106,L Vankoughnet,direct,1.0,0.35,1
L.A. DeBlois,1880,http://id.lincsproject.ca/882VjwrsD9v,L.A. DeBlois,direct,1.0,1.0,1
L.A. Dorvak,1886,http://id.lincsproject.ca/7dzVLXGszkZ,L.A. Dorvak,direct,1.0,1.0,1
L.A. Dorval,1884,http://id.lincsproject.ca/7dzVLXGszkZ,L.A. Dorvak,direct,0.9697,0.9697,1
L.A. Dorval,1885,http://id.lincsproject.ca/7dzVLXGszkZ,L.A. Dorvak,direct,0.9697,0.9697,1
L.A. Dorval,1887,http://id.lincsproject.ca/7dzVLXGszkZ,L.A. Dorvak,direct,0.9697,0.9697,1
L.A. Dorval,1888,http://id.lincsproject.ca/7dzVLXGszkZ,L.A. Dorvak,direct,0.9697,0.9697,1
L.A. Dorval,1889,http://id.lincsproject.ca/7dzVLXGszkZ,L.A. Dorvak,direct,0.9697,0.9697,1
L.A. Dorval,1890,http://id.lincsproject.ca/7dzVLXGszkZ,L.A. Dorvak,direct,0.9697,0.9697,1
L.A. Dorval,1891,http://id.lincsproject.ca/7dzVLXGszkZ,L.A. Dorvak,direct,0.9697,0.9697,1
L.A. Dorval,1892,http://id.lincsproject.ca/7dzVLXGszkZ,L.A. Dorvak,direct,0.9697,0.9697,1
L.A. Dorval,1893,http://id.lincsproject.ca/7dzVLXGszkZ,L.A. Dorvak,direct,0.9697,0.9697,1
L.A. Dorval,1894,http://id.lincsproject.ca/7dzVLXGszkZ,L.A. Dorvak,direct,0.9697,0.9697,1
L.D. McMeekin,1888,http://id.lincsproject.ca/YViwdQzICT5,L.D. McMeekin,direct,1.0,1.0,1
L.D. McMeekin,1889,http://id.lincsproject.ca/YViwdQzICT5,L.D. McMeekin,direct,1.0,1.0,1
L.D. McMeekin,1890,http://id.lincsproject.ca/YViwdQzICT5,L.D. McMeekin,direct,1.0,1.0,1
L.E. Day,1882,http://id.lincsproject.ca/c8vPoYfbmfw,L.E. Day,direct,1.0,0.35,1
L.E. Day,1883,http://id.lincsproject.ca/c8vPoYfbmfw,L.E. Day,direct,1.0,0.35,1
L.E. Day,1884,http://id.lincsproject.ca/c8vPoYfbmfw,L.E. Day,direct,1.0,0.35,1
L.E. Day,1885,http://id.lincsproject.ca/c8vPoYfbmfw,L.E. Day,direct,1.0,0.35,1
L.E. Herchmer,1889,http://id.lincsproject.ca/hIzTaXrQ7p5,L.E. Herchmer,direct,1.0,1.0,1
L.E. Herchmer,1890,http://id.lincsproject.ca/hIzTaXrQ7p5,L.E. Herchmer,direct,1.0,1.0,1
L.E. Herchmer,1891,http://id.lincsproject.ca/hIzTaXrQ7p5,L.E. Herchmer,direct,1.0,1.0,1
L.E. Herchmer,1892,http://id.lincsproject.ca/hIzTaXrQ7p5,L.E. Herchmer,direct,1.0,1.0,1
L.E. Otis,1880,http://id.lincsproject.ca/KKTAYFQZc1L,L.E. Otis,direct,1.0,1.0,1
L.E. Otis,1882,http://id.lincsproject.ca/KKTAYFQZc1L,L.E. Otis,direct,1.0,1.0,1
L.E. Otis,1883,http://id.lincsproject.ca/KKTAYFQZc1L,L.E. Otis,direct,1.0,1.0,1
L.E. Otis,1885,http://id.lincsproject.ca/KKTAYFQZc1L,L.E. Otis,direct,1.0,1.0,1
L.E. Otis,1886,http://id.lincsproject.ca/KKTAYFQZc1L,L.E. Otis,direct,1.0,1.0,1
L.E. Otis,1887,http://id.lincsproject.ca/KKTAYFQZc1L,L.E. Otis,direct,1.0,1.0,1
L.E. Otis,1888,http://id.lincsproject.ca/KKTAYFQZc1L,L.E. Otis,direct,1.0,1.0,1
L.E. Otis,1889,http://id.lincsproject.ca/KKTAYFQZc1L,L.E. Otis,direct,1.0,1.0,1
L.E. Otis,1890,http://id.lincsproject.ca/KKTAYFQZc1L,L.E. Otis,direct,1.0,1.0,1
L.E. Otis,1891,http://id.lincsproject.ca/KKTAYFQZc1L,L.E. Otis,direct,1.0,1.0,1
L.E. Otis,1892,http://id.lincsproject.ca/KKTAYFQZc1L,L.E. Otis,direct,1.0,1.0,1
L.E. Otis,1893,http://id.lincsproject.ca/KKTAYFQZc1L,L.E. Otis,direct,1.0,1.0,1
L.E. Otis,1894,http://id.lincsproject.ca/KKTAYFQZc1L,L.E. Otis,direct,1.0,1.0,1
L.E. Otis.,1881,http://id.lincsproject.ca/KKTAYFQZc1L,L.E. Otis,direct,1.0,1.0,1
L.F. Boucher,1881,http://id.lincsproject.ca/Flj4VecmJa5,L.P.Boucher,direct,0.9125,0.3167,1
L.F. Boucher,1882,http://id.lincsproject.ca/Flj4VecmJa5,L.P.Boucher,direct,0.9125,0.3167,1
L.F. Boucher,1883,http://id.lincsproject.ca/Flj4VecmJa5,L.P.Boucher,direct,0.9125,0.3167,1
L.F. Boucher,1884,http://id.lincsproject.ca/Flj4VecmJa5,L.P.Boucher,direct,0.9125,0.3167,1
L.F. Boucher,1885,http://id.lincsproject.ca/Flj4VecmJa5,L.P.Boucher,direct,0.9125,0.3167,1
L.F. Boucher,1886,http://id.lincsproject.ca/Flj4VecmJa5,L.P.Boucher,direct,0.9125,0.3167,1
L.F. Boucher,1887,http://id.lincsproject.ca/Flj4VecmJa5,L.P.Boucher,direct,0.9125,0.3167,1
L.F. Boucher,1888,http://id.lincsproject.ca/Flj4VecmJa5,L.P.Boucher,direct,0.9125,0.3167,1
L.F. Boucher,1890,http://id.lincsproject.ca/Flj4VecmJa5,L.P.Boucher,direct,0.9125,0.3167,1
L.F. Boucher,1891,http://id.lincsproject.ca/Flj4VecmJa5,L.P.Boucher,direct,0.9125,0.3167,1
L.J.A. Leveque,1883,http://id.lincsproject.ca/0ldmtzDvwFs,L.J.A. Leveque,direct,1.0,1.0,1
L.J.A. Leveque,1884,http://id.lincsproject.ca/0ldmtzDvwFs,L.J.A. Leveque,direct,1.0,1.0,1
L.J.A. Leveque,1885,http://id.lincsproject.ca/0ldmtzDvwFs,L.J.A. Leveque,direct,1.0,1.0,1
L.J.A. Leveque,1887,http://id.lincsproject.ca/0ldmtzDvwFs,L.J.A. Leveque,direct,1.0,1.0,1
L.J.A. Leveque,1888,http://id.lincsproject.ca/0ldmtzDvwFs,L.J.A. Leveque,direct,1.0,1.0,1
L.J.A. Leveque,1889,http://id.lincsproject.ca/0ldmtzDvwFs,L.J.A. Leveque,direct,1.0,1.0,1
L.J.A. Levesque,1882,http://id.lincsproject.ca/0ldmtzDvwFs,L.J.A. Leveque,direct,0.9968,0.9968,1
L.J.A. Levesque,1886,http://id.lincsproject.ca/0ldmtzDvwFs,L.J.A. Leveque,direct,0.9968,0.9968,1
L.J.A. Levesque,1890,http://id.lincsproject.ca/0ldmtzDvwFs,L.J.A. Leveque,direct,0.9968,0.9968,1
L.J.A. Lévèque,1892,http://id.lincsproject.ca/0ldmtzDvwFs,L.J.A. Leveque,direct,1.0,1.0,1
L.J.A. Lévêque,1891,http://id.lincsproject.ca/0ldmtzDvwFs,L.J.A. Leveque,direct,1.0,1.0,1
L.J.A. Lévêque,1893,http://id.lincsproject.ca/0ldmtzDvwFs,L.J.A. Leveque,direct,1.0,1.0,1
L.J.A. Lévêque,1894,http://id.lincsproject.ca/0ldmtzDvwFs,L.J.A. Leveque,direct,1.0,1.0,1
L.J.A. Lévêque,1895,http://id.lincsproject.ca/0ldmtzDvwFs,L.J.A. Leveque,direct,1.0,1.0,1
L.J.A. Lévêque,1896,http://id.lincsproject.ca/0ldmtzDvwFs,L.J.A. Leveque,direct,1.0,1.0,1
L.P. Boucher,1889,http://id.lincsproject.ca/Flj4VecmJa5,L.P.Boucher,direct,1.0,0.4042,1
L.P. Lewis,1890,http://id.lincsproject.ca/m53SxvKOaId,L.P. Lewis,direct,1.0,1.0,1
L.P. Lewis,1891,http://id.lincsproject.ca/m53SxvKOaId,L.P. Lewis,direct,1.0,1.0,1
L.P. Lewis,1892,http://id.lincsproject.ca/m53SxvKOaId,L.P. Lewis,direct,1.0,1.0,1
L.P. Lewis,1893,http://id.lincsproject.ca/m53SxvKOaId,L.P. Lewis,direct,1.0,1.0,1
L.P. Lewis,1894,http://id.lincsproject.ca/m53SxvKOaId,L.P. Lewis,direct,1.0,1.0,1
L.W. Herchmer,1884,http://www.wikidata.org/entity/Q6504144,L. Herchmer,direct,0.9825,0.9825,1
L.W. Herchmer,1885,http://www.wikidata.org/entity/Q6504144,L. Herchmer,direct,0.9825,0.9825,1
L.W. Orde,1880,http://id.lincsproject.ca/7SfUfFUnfxq,L.W. Orde,direct,1.0,1.0,1
L:illie M. Whitten,1910,http://id.lincsproject.ca/M3cd3biMJRQ,Lillie M. Whitten,direct,0.9475,0.3216,1
"Labrecque, J.J.A., M.D.",1904,http://id.lincsproject.ca/e5rJAuTRwjZ,J.J.A. Labrecque,direct,1.0,1.0,1
"Lacy, John",1910,http://id.lincsproject.ca/nBPT1KiNoIG,John Lacy,direct,1.0,1.0,1
Ladislas E. Otis,1896,http://id.lincsproject.ca/KKTAYFQZc1L,L.E. Otis,direct,1.0,1.0,1
"Lafferty, J.D., M.D.",1897,http://id.lincsproject.ca/Zrd8RUxeBQL,J.D. Lafferty,direct,1.0,1.0,1
"Lafferty, J.D., M.D.",1899,http://id.lincsproject.ca/Zrd8RUxeBQL,J.D. Lafferty,direct,1.0,1.0,1
"Lafferty, J.D., M.D.",1904,http://id.lincsproject.ca/Zrd8RUxeBQL,J.D. Lafferty,direct,1.0,1.0,1
"Lafferty, J.D., M.D.",1910,http://id.lincsproject.ca/Zrd8RUxeBQL,J.D. Lafferty,direct,1.0,1.0,1
"Laing, K.M.",1910,http://id.lincsproject.ca/idboqu0oA3z,K.M. Laing,direct,1.0,1.0,1
"Laird, Harold",1910,http://id.lincsproject.ca/E9rIjENPUTM,"Lard, H.",direct,0.9783,0.3283,1
"Laird, Hon. David",1899,http://viaf.org/viaf/30639106,David Laird,direct,1.0,1.0,1
"Laird, Hon. David",1904,http://viaf.org/viaf/30639106,David Laird,direct,1.0,1.0,1
"Lake, Arthur E.",1897,http://id.lincsproject.ca/0ZHOkdY5du5,A.E. Lake,direct,1.0,1.0,1
"Lamothe, Lucien A.",1910,http://id.lincsproject.ca/1PlugpFHXVD,"LaMothe, L.",direct,0.9825,0.9825,1
"Landry, D.B., M.D.",1897,http://id.lincsproject.ca/je5FtvH1JPq,D.B. Landry,direct,1.0,1.0,1
"Landry, D.V., M.D.",1899,http://id.lincsproject.ca/vLwqvKVOOi7,D.V. Landry,direct,1.0,1.0,1
"Landry, D.V., M.D.",1904,http://id.lincsproject.ca/vLwqvKVOOi7,D.V. Landry,direct,1.0,1.0,1
"Landry, V.P., M.D.",1910,http://id.lincsproject.ca/beJNPXu7wan,Victor P. Landry,direct,1.0,1.0,1
"Langley, Jas",1897,http://id.lincsproject.ca/DgyKC57nWCY,J. Langley,direct,1.0,1.0,1
"Lapp, T. Clark, M.D.",1897,http://id.lincsproject.ca/62T2fSKAw46,T. Clarke,career,0.65,0.0217,1
"Large, R.W., M.D.",1904,http://id.lincsproject.ca/q2uJckMw542,R.W. Large,direct,1.0,1.0,1
"Large, R.W., M.D.",1910,http://id.lincsproject.ca/q2uJckMw542,R.W. Large,direct,1.0,1.0,1
"Laroque, John",1897,http://id.lincsproject.ca/f1Eqt5Qgsbg,"Laroque, John",direct,1.0,1.0,1
"Laroque, John",1899,http://id.lincsproject.ca/f1Eqt5Qgsbg,"Laroque, John",direct,1.0,1.0,1
"Larose, A., M.D.",1904,http://id.lincsproject.ca/VGSHwzdGMmI,A. Larose,direct,1.0,1.0,1
"Larose, A., M.D.",1910,http://id.lincsproject.ca/VGSHwzdGMmI,A. Larose,direct,1.0,1.0,1
"Lash, J.B.",1899,http://id.lincsproject.ca/ygO3smNe6Ct,J.B. Lash,direct,1.0,1.0,1
"Lash, J.B.",1904,http://id.lincsproject.ca/ygO3smNe6Ct,J.B. Lash,direct,1.0,1.0,1
"Lash, John B.",1897,http://id.lincsproject.ca/ygO3smNe6Ct,J.B. Lash,direct,1.0,1.0,1
"Lauder, Thos.",1899,http://id.lincsproject.ca/m2HHvVTNii0,Thos. Lauder,direct,1.0,1.0,1
Lawrence Lovell,1895,http://id.lincsproject.ca/TTrp5hBOFuv,L. Lovell,direct,1.0,1.0,1
Lawrence Lovell,1896,http://id.lincsproject.ca/TTrp5hBOFuv,L. Lovell,direct,1.0,1.0,1
"LeBel, Narcisse",1897,http://id.lincsproject.ca/6msNpRrESeJ,N. LeBel,direct,1.0,1.0,1
"LeClerc, L.N., M.D.",1910,http://id.lincsproject.ca/XyGSFP6stoo,L.N. LeClerc,direct,1.0,1.0,1
"Ledoux, John",1897,http://id.lincsproject.ca/ZVwUNxr70U4,John Ledoux,direct,1.0,1.0,1
"Left Hand, Bob",1910,http://id.lincsproject.ca/rFNvZg2BvEH,Bob Left Hand,direct,0.9925,0.9925,1
"Leger, J.A., M.D.",1904,http://id.lincsproject.ca/lb0PeTRpuRK,J.A. Leger,direct,1.0,1.0,1
"Leger, J.A., M.D.",1910,http://id.lincsproject.ca/lb0PeTRpuRK,J.A. Leger,direct,1.0,1.0,1
"Leighton, Jas. B.",1897,http://id.lincsproject.ca/SCFqJwCQyMw,"Leighton, Jas. B.",direct,1.0,1.0,1
"Lepine, Maxime",1910,http://id.lincsproject.ca/ESuUGjse6Q7,"Lepine, M.",direct,1.0,1.0,1
"Letellier, J.S.",1897,http://id.lincsproject.ca/MQ740IV1jiA,J.S. Letellier,direct,1.0,1.0,1
"Letellier, J.S.",1899,http://id.lincsproject.ca/MQ740IV1jiA,J.S. Letellier,direct,1.0,1.0,1
"Leveque, Luc J.A.",1897,http://id.lincsproject.ca/0ldmtzDvwFs,L.J.A. Leveque,direct,1.0,1.0,1
"Leveque, Luc J.A.",1899,http://id.lincsproject.ca/0ldmtzDvwFs,L.J.A. Leveque,direct,1.0,1.0,1
"Lewis, J.O.",1910,http://id.lincsproject.ca/BAv751s8hYS,J.O. Lewis,direct,1.0,1.0,1
Lily McLeod,1892,http://id.lincsproject.ca/8MxlvaEUOyX,Lily McLeod,direct,1.0,0.35,1
Lizzie D. McMeekin,1895,http://id.lincsproject.ca/YViwdQzICT5,L.D. McMeekin,direct,1.0,1.0,1
Lizzie D. McMeekin,1896,http://id.lincsproject.ca/YViwdQzICT5,L.D. McMeekin,direct,1.0,1.0,1
Lizzie D. McMeekin,1897,http://id.lincsproject.ca/YViwdQzICT5,L.D. McMeekin,direct,1.0,1.0,1
Lizzie D. McMeekin,1899,http://id.lincsproject.ca/YViwdQzICT5,L.D. McMeekin,direct,1.0,1.0,1
Lizzie Latimer,1890,http://id.lincsproject.ca/qcynKkvvKEu,Lizzie Latimer,direct,1.0,1.0,1
"Lomas, W.H.",1897,http://id.lincsproject.ca/ibe5dMXiwBt,W.H. Lomas,direct,1.0,1.0,1
"Lomas, W.H.",1899,http://id.lincsproject.ca/ibe5dMXiwBt,W.H. Lomas,direct,1.0,1.0,1
"Long, George",1899,http://id.lincsproject.ca/8skXzA4Ru9k,Geor Long,direct,1.0,0.2975,1
"Long, George",1904,http://id.lincsproject.ca/8skXzA4Ru9k,Geor Long,direct,1.0,1.0,1
"Long, George",1910,http://id.lincsproject.ca/8skXzA4Ru9k,Geor Long,direct,1.0,1.0,1
"Long, H.G.",1899,http://id.lincsproject.ca/2qxfZJoWXkC,H.G. Long,direct,1.0,0.2975,1
"Loring, Richard E.",1897,http://id.lincsproject.ca/nM57PoWntve,R.E. Loring,direct,1.0,1.0,1
"Loring, Richard E.",1899,http://id.lincsproject.ca/nM57PoWntve,R.E. Loring,direct,1.0,1.0,1
"Loring, Richard E.",1904,http://id.lincsproject.ca/nM57PoWntve,R.E. Loring,direct,1.0,1.0,1
"Loring, Richard E.",1910,http://id.lincsproject.ca/nM57PoWntve,R.E. Loring,direct,1.0,1.0,1
Louis A. Dorval,1895,http://id.lincsproject.ca/7dzVLXGszkZ,L.A. Dorvak,direct,0.9697,0.9697,1
Louis A. Dorval,1896,http://id.lincsproject.ca/7dzVLXGszkZ,L.A. Dorvak,direct,0.9697,0.9697,1
Louis A. Dorval,1897,http://id.lincsproject.ca/7dzVLXGszkZ,L.A. Dorvak,direct,0.9697,0.9697,1
Louis A. Dorval,1899,http://id.lincsproject.ca/7dzVLXGszkZ,L.A. Dorvak,direct,0.9697,0.9697,1
Louis Boucher,1880,http://id.lincsproject.ca/Dut48Z2iAM7,Louis Boucher,direct,1.0,0.35,1
Louis Couture,1894,http://id.lincsproject.ca/Z1M8Uu7vJDN,L. Couture,direct,1.0,1.0,1
Louis Couture,1895,http://id.lincsproject.ca/Z1M8Uu7vJDN,L. Couture,direct,1.0,1.0,1
Louis Couture,1896,http://id.lincsproject.ca/Z1M8Uu7vJDN,L. Couture,direct,1.0,1.0,1
Louis Marion,1894,http://id.lincsproject.ca/gXwvnF0jk3L,L. Marion,direct,1.0,1.0,1
Louis Marion,1895,http://id.lincsproject.ca/gXwvnF0jk3L,L. Marion,direct,1.0,1.0,1
Louis Marion,1896,http://id.lincsproject.ca/gXwvnF0jk3L,L. Marion,direct,1.0,1.0,1
Louisa E. Dale,1895,http://id.lincsproject.ca/T8MAhGriOt7,Miss L.E. Dale,direct,1.0,1.0,1
Louisa E. Dale,1896,http://id.lincsproject.ca/T8MAhGriOt7,Miss L.E. Dale,direct,1.0,1.0,1
Louisa E. Dale,1897,http://id.lincsproject.ca/T8MAhGriOt7,Miss L.E. Dale,direct,1.0,1.0,1
Louisa E. Dale,1899,http://id.lincsproject.ca/T8MAhGriOt7,Miss L.E. Dale,direct,1.0,1.0,1
Louisa E. Dale,1904,http://id.lincsproject.ca/T8MAhGriOt7,Miss L.E. Dale,direct,1.0,1.0,1
Louisa Segoletre,1891,http://id.lincsproject.ca/bCznEeHJt5w,Louisa Segoletre,direct,1.0,1.0,1
"Lovell, Lawrence",1897,http://id.lincsproject.ca/TTrp5hBOFuv,L. Lovell,direct,1.0,1.0,1
"Lovett, J.L., M.D.",1897,http://id.lincsproject.ca/a43MTl4QjWJ,L.J. Lovitt,direct,0.9274,0.2986,1
"Lovitt, L.J., M.D.",1904,http://id.lincsproject.ca/a43MTl4QjWJ,L.J. Lovitt,direct,1.0,1.0,1
"Lovitt, L.J., M.D.",1910,http://id.lincsproject.ca/a43MTl4QjWJ,L.J. Lovitt,direct,1.0,1.0,1
"Lucas, T.W.",1904,http://id.lincsproject.ca/50rWmfwJaeq,T.W. Lucas,direct,1.0,1.0,1
"Lucas, T.W.",1910,http://id.lincsproject.ca/50rWmfwJaeq,T.W. Lucas,direct,1.0,1.0,1
"Lyons, J.H.",1910,http://id.lincsproject.ca/fExOjm2cyOb,J.H. Lyons,direct,1.0,1.0,1
M. Begg,1883,http://id.lincsproject.ca/5vzrWmnDQsA,M. Begg,direct,1.0,1.0,1
M. Begg,1885,http://id.lincsproject.ca/5vzrWmnDQsA,M. Begg,direct,1.0,1.0,1
M. Begg,1886,http://id.lincsproject.ca/5vzrWmnDQsA,M. Begg,direct,1.0,1.0,1
M. Begg,1887,http://id.lincsproject.ca/5vzrWmnDQsA,M. Begg,direct,1.0,1.0,1
M. Begg,1888,http://id.lincsproject.ca/5vzrWmnDQsA,M. Begg,direct,1.0,1.0,1
M. Begg,1889,http://id.lincsproject.ca/5vzrWmnDQsA,M. Begg,direct,1.0,1.0,1
M. Begg,1890,http://id.lincsproject.ca/5vzrWmnDQsA,M. Begg,direct,1.0,1.0,1
M. Begg,1891,http://id.lincsproject.ca/5vzrWmnDQsA,M. Begg,direct,1.0,1.0,1
M. Begg,1892,http://id.lincsproject.ca/5vzrWmnDQsA,M. Begg,direct,1.0,1.0,1
M. Begg,1893,http://id.lincsproject.ca/5vzrWmnDQsA,M. Begg,direct,1.0,1.0,1
M. Benson,1880,http://id.lincsproject.ca/sQoGtuXm3OO,M. Benson,direct,1.0,0.35,1
M. Benson,1881,http://id.lincsproject.ca/sQoGtuXm3OO,M. Benson,direct,1.0,0.35,1
M. Benson,1882,http://id.lincsproject.ca/sQoGtuXm3OO,M. Benson,direct,1.0,0.35,1
M. Benson,1883,http://id.lincsproject.ca/sQoGtuXm3OO,M. Benson,direct,1.0,0.35,1
M. Benson,1884,http://id.lincsproject.ca/sQoGtuXm3OO,M. Benson,direct,1.0,1.0,1
M. Benson,1885,http://id.lincsproject.ca/sQoGtuXm3OO,M. Benson,direct,1.0,1.0,1
M. Benson,1886,http://id.lincsproject.ca/sQoGtuXm3OO,M. Benson,direct,1.0,1.0,1
M. Benson,1887,http://id.lincsproject.ca/sQoGtuXm3OO,M. Benson,direct,1.0,1.0,1
M. Benson,1888,http://id.lincsproject.ca/sQoGtuXm3OO,M. Benson,direct,1.0,1.0,1
M. Benson,1889,http://id.lincsproject.ca/sQoGtuXm3OO,M. Benson,direct,1.0,1.0,1
M. Benson,1890,http://id.lincsproject.ca/sQoGtuXm3OO,M. Benson,direct,1.0,1.0,1
M. Benson,1891,http://id.lincsproject.ca/sQoGtuXm3OO,M. Benson,direct,1.0,1.0,1
M. Benson,1892,http://id.lincsproject.ca/sQoGtuXm3OO,M. Benson,direct,1.0,1.0,1
M. Benson,1893,http://id.lincsproject.ca/sQoGtuXm3OO,M. Benson,direct,1.0,0.35,1
M. Benson,1894,http://id.lincsproject.ca/sQoGtuXm3OO,M. Benson,direct,1.0,0.35,1
M. Calder,1894,http://id.lincsproject.ca/wh8GvcJmolU,M. Calder,direct,1.0,1.0,1
M. Calder,1895,http://id.lincsproject.ca/wh8GvcJmolU,M. Calder,direct,1.0,1.0,1
M. Calder,1896,http://id.lincsproject.ca/wh8GvcJmolU,M. Calder,direct,1.0,1.0,1
M. Clancy,1892,http://id.lincsproject.ca/9eTqcqjKlFU,M. Clancy,direct,1.0,1.0,1
M. Craig,1888,http://id.lincsproject.ca/m31KenCIGHd,M. Craig,direct,1.0,1.0,1
M. Craig,1889,http://id.lincsproject.ca/m31KenCIGHd,M. Craig,direct,1.0,1.0,1
M. Hagan,1890,http://id.lincsproject.ca/aCiN1BHzTB2,M. Hagan,direct,1.0,1.0,1
M. Hagan,1891,http://id.lincsproject.ca/aCiN1BHzTB2,M. Hagan,direct,1.0,1.0,1
M. Hagan,1892,http://id.lincsproject.ca/aCiN1BHzTB2,M. Hagan,direct,1.0,0.35,1
M. Hughes,1889,http://id.lincsproject.ca/eJFeIKf3lfN,M. Hughes,direct,1.0,1.0,1
M. Hughes,1890,http://id.lincsproject.ca/eJFeIKf3lfN,M. Hughes,direct,1.0,1.0,1
M. Hughes,1891,http://id.lincsproject.ca/eJFeIKf3lfN,M. Hughes,direct,1.0,1.0,1
M. Hughes,1892,http://id.lincsproject.ca/eJFeIKf3lfN,M. Hughes,direct,1.0,1.0,1
M. Irvine,1890,http://id.lincsproject.ca/yDaFuz9iLAP,M. Irvine,direct,1.0,1.0,1
M. Irvine,1891,http://id.lincsproject.ca/yDaFuz9iLAP,M. Irvine,direct,1.0,1.0,1
M. Law,1892,http://id.lincsproject.ca/bjC4VmEg3N5,M. Law,direct,1.0,1.0,1
M. Maxwell,1887,http://id.lincsproject.ca/4Ccv9eHF5SF,M. Maxwell,direct,1.0,1.0,1
M. Maxwell,1888,http://id.lincsproject.ca/4Ccv9eHF5SF,M. Maxwell,direct,1.0,1.0,1
M. Maxwell,1889,http://id.lincsproject.ca/4Ccv9eHF5SF,M. Maxwell,direct,1.0,1.0,1
M. McKinnon,1890,http://id.lincsproject.ca/3RODWQKTcF0,M. McKinnon,direct,1.0,0.35,1
M. McMillan,1890,http://id.lincsproject.ca/5GsDfuXi2s6,M. McMillan,direct,1.0,0.35,1
M. McMillan,1891,http://id.lincsproject.ca/5GsDfuXi2s6,M. McMillan,direct,1.0,0.35,1
M. McMillan,1892,http://id.lincsproject.ca/5GsDfuXi2s6,M. McMillan,direct,1.0,0.35,1
M. Phillipps,1893,http://id.lincsproject.ca/gea75vYBKkE,M. Phillips,direct,0.9986,0.9986,1
M. Phillips,1887,http://id.lincsproject.ca/gea75vYBKkE,M. Phillips,direct,1.0,1.0,1
M. Phillips,1888,http://id.lincsproject.ca/gea75vYBKkE,M. Phillips,direct,1.0,1.0,1
M. Phillips,1889,http://id.lincsproject.ca/gea75vYBKkE,M. Phillips,direct,1.0,1.0,1
M. Phillips,1890,http://id.lincsproject.ca/gea75vYBKkE,M. Phillips,direct,1.0,1.0,1
M. Phillips,1891,http://id.lincsproject.ca/gea75vYBKkE,M. Phillips,direct,1.0,1.0,1
M. Phillips,1892,http://id.lincsproject.ca/gea75vYBKkE,M. Phillips,direct,1.0,1.0,1
M.A. Lawford,1889,http://id.lincsproject.ca/2vzdMgHTYCZ,M.A. Lawford,direct,1.0,0.35,1
M.A. Lawford,1890,http://id.lincsproject.ca/2vzdMgHTYCZ,M.A. Lawford,direct,1.0,0.35,1
M.A. Lawford,1891,http://id.lincsproject.ca/2vzdMgHTYCZ,M.A. Lawford,direct,1.0,0.35,1
M.A. Lawford,1892,http://id.lincsproject.ca/2vzdMgHTYCZ,M.A. Lawford,direct,1.0,0.35,1
"M.A. Macdonald, M.D",1888,http://id.lincsproject.ca/8mylC43FImv,M.A. McDonald,direct,0.9913,0.2975,1
"M.A. Macdonald, M.D.",1885,http://id.lincsproject.ca/8mylC43FImv,M.A. McDonald,direct,0.9913,0.2888,1
"M.A. Macdonald, M.D.",1886,http://id.lincsproject.ca/8mylC43FImv,M.A. McDonald,direct,0.9913,0.2888,1
M.A. McDonald M.D.,1893,http://id.lincsproject.ca/8mylC43FImv,M.A. McDonald,direct,1.0,0.2975,1
"M.A. McDonald, M.D.",1889,http://id.lincsproject.ca/8mylC43FImv,M.A. McDonald,direct,1.0,0.2975,1
"M.A. McDonald, M.D.",1890,http://id.lincsproject.ca/8mylC43FImv,M.A. McDonald,direct,1.0,0.2975,1
"M.A. McDonald, M.D.",1891,http://id.lincsproject.ca/8mylC43FImv,M.A. McDonald,direct,1.0,0.2975,1
"M.A. McDonald, M.D.",1892,http://id.lincsproject.ca/8mylC43FImv,M.A. McDonald,direct,1.0,0.2975,1
"M.A. McDonald, M.D.",1894,http://id.lincsproject.ca/8mylC43FImv,M.A. McDonald,direct,1.0,0.2975,1
"M.A. McDonald, M.D.",1895,http://id.lincsproject.ca/8mylC43FImv,M.A. McDonald,direct,1.0,0.2975,1
"M.A. McDonald, M.D.",1896,http://id.lincsproject.ca/8mylC43FImv,M.A. McDonald,direct,1.0,0.2975,1
"M.M Seymour, M.D.",1893,http://id.lincsproject.ca/MrQYkT04iDY,M.M. Seymour,direct,1.0,1.0,1
"M.M. Seymour, M.D.",1889,http://id.lincsproject.ca/MrQYkT04iDY,M.M. Seymour,direct,1.0,1.0,2
"M.M. Seymour, M.D.",1890,http://id.lincsproject.ca/MrQYkT04iDY,M.M. Seymour,direct,1.0,1.0,2
"M.M. Seymour, M.D.",1891,http://id.lincsproject.ca/MrQYkT04iDY,M.M. Seymour,direct,1.0,1.0,2
"M.M. Seymour, M.D.",1892,http://id.lincsproject.ca/MrQYkT04iDY,M.M. Seymour,direct,1.0,1.0,2
"M.M. Seymour, M.D.",1894,http://id.lincsproject.ca/MrQYkT04iDY,M.M. Seymour,direct,1.0,1.0,1
"M.M. Seymour, M.D.",1895,http://id.lincsproject.ca/MrQYkT04iDY,M.M. Seymour,direct,1.0,1.0,1
"M.M. Seymour, M.D.",1896,http://id.lincsproject.ca/MrQYkT04iDY,M.M. Seymour,direct,1.0,1.0,1
M.M. Tomkins,1893,http://id.lincsproject.ca/nFgEeLD6enO,M.M. Tomkins,direct,1.0,0.35,1
M.S. Vankoughnet,1887,http://id.lincsproject.ca/LHBoa15Ypj9,M.S. Vankoughnet,direct,1.0,0.35,1
M.S. Vankoughnet,1888,http://id.lincsproject.ca/LHBoa15Ypj9,M.S. Vankoughnet,direct,1.0,0.35,1
"MacDonald, Hugh N., M.D.",1899,http://id.lincsproject.ca/j5x2hu5jws1,Hugh N. MacDonald,direct,1.0,0.3062,1
"MacDonald, Hugh N., M.D.",1904,http://id.lincsproject.ca/j5x2hu5jws1,Hugh N. MacDonald,direct,1.0,0.3062,1
"MacLaughlin, W.",1904,http://id.lincsproject.ca/edMCxErniIo,W. MacLauhlin,direct,1.0,0.0822,1
"MacLaughlin, Wm.",1899,http://id.lincsproject.ca/edMCxErniIo,W. MacLauhlin,direct,1.0,0.0822,1
"MacLaughlin, Wm. B.",1897,http://id.lincsproject.ca/edMCxErniIo,W. MacLauhlin,direct,0.9825,0.0472,1
"MacLean, Amelia",1897,http://id.lincsproject.ca/TpETtNLIjZk,Amelia MacLean,direct,1.0,0.35,1
"MacLeod, J.C.",1910,http://id.lincsproject.ca/g3XwnA9eTTw,"McLeod, J.C.",direct,0.9851,0.0875,1
"MacPherson, H.",1910,http://id.lincsproject.ca/QN6Sz4zWzfy,H. MacPherson,direct,1.0,0.35,1
"MacPherson, Rev. Donald",1904,http://id.lincsproject.ca/R4nXpBmQNMh,Donald MacPherson,direct,1.0,1.0,1
"MacPherson, Rev. Donald",1910,http://id.lincsproject.ca/R4nXpBmQNMh,Donald MacPherson,direct,1.0,0.35,1
"Macadam, S.T., M.D.",1897,http://id.lincsproject.ca/zFEiMiLNztv,S.T. Macadam,direct,1.0,0.4229,1
"Macadam, S.T., M.D.",1899,http://id.lincsproject.ca/zFEiMiLNztv,S.T. Macadam,direct,1.0,0.4229,1
"Macadam, S.T., M.D.",1904,http://id.lincsproject.ca/zFEiMiLNztv,S.T. Macadam,direct,1.0,0.4229,1
"Macadam, S.T., M.D.",1910,http://id.lincsproject.ca/zFEiMiLNztv,S.T. Macadam,direct,1.0,0.4229,1
"Macarthur, Jas",1904,http://id.lincsproject.ca/4KJhGiBnNos,"Macarthur, Jas",direct,1.0,1.0,1
"Macarthur, Jas",1910,http://id.lincsproject.ca/4KJhGiBnNos,"Macarthur, Jas",direct,1.0,1.0,1
"Macaulay, J.A., M.D.",1897,http://id.lincsproject.ca/0O3weJBE5yE,J.A. Macaulay,direct,1.0,0.4229,1
"Macaulay, J.A., M.D.",1899,http://id.lincsproject.ca/0O3weJBE5yE,J.A. Macaulay,direct,1.0,0.4229,1
"Macauley, J.A., M.D.",1904,http://id.lincsproject.ca/0O3weJBE5yE,J.A. Macaulay,direct,0.9805,0.9805,1
"Macauley, J.A., M.D.",1910,http://id.lincsproject.ca/0O3weJBE5yE,J.A. Macaulay,direct,0.9805,0.9805,1
"Macdonald, Arch. J.",1904,http://id.lincsproject.ca/rSvTayDRuYS,Arch J. McDonald,direct,1.0,0.0962,1
"Macdonald, Arch. J.",1910,http://id.lincsproject.ca/rSvTayDRuYS,Arch J. McDonald,direct,1.0,0.0962,1
"Macdonald, D.F.",1910,http://id.lincsproject.ca/wVQf5YB5FD7,D.F. Macdonald,direct,1.0,0.0262,1
"Macfarlane, B.",1904,http://id.lincsproject.ca/Q31zdVZzWOW,B. Macfarlane,direct,1.0,0.4215,1
"Mackay, Joseph W.",1897,http://id.lincsproject.ca/oa5ynhoxel4,J.W. Mackay,direct,1.0,0.4085,1
"Mackay, Joseph W.",1899,http://id.lincsproject.ca/oa5ynhoxel4,J.W. Mackay,direct,1.0,0.4085,1
"Maclean, William Brown",1897,http://id.lincsproject.ca/j0TbRUUdqHy,William Brown Maclean,direct,1.0,0.0751,1
"Maclean, William Brown",1899,http://id.lincsproject.ca/j0TbRUUdqHy,William Brown Maclean,direct,1.0,0.0751,1
"Maclean, William Brown",1904,http://id.lincsproject.ca/j0TbRUUdqHy,William Brown Maclean,direct,1.0,0.0751,1
Maggie Gooderham,1889,http://id.lincsproject.ca/y7gsLf5gbKv,Maggie Gooderham,direct,1.0,0.35,1
Maggie Gooderham,1890,http://id.lincsproject.ca/y7gsLf5gbKv,Maggie Gooderham,direct,1.0,0.35,1
Maggie Gooderham,1891,http://id.lincsproject.ca/y7gsLf5gbKv,Maggie Gooderham,direct,1.0,0.35,1
Maggie Gooderham,1892,http://id.lincsproject.ca/y7gsLf5gbKv,Maggie Gooderham,direct,1.0,0.35,1
Magnus Begg,1894,http://id.lincsproject.ca/5vzrWmnDQsA,M. Begg,direct,1.0,1.0,1
Magnus Begg,1895,http://id.lincsproject.ca/5vzrWmnDQsA,M. Begg,direct,1.0,0.35,1
Magnus Begg,1896,http://id.lincsproject.ca/5vzrWmnDQsA,M. Begg,direct,1.0,0.35,1
"Mainville, Rev. M.",1897,http://id.lincsproject.ca/T9tX0Xw0HQA,M. Mainville,direct,1.0,1.0,1
"Mair, R.",1897,http://id.lincsproject.ca/sh90J6f90nJ,R. Mair,direct,1.0,1.0,1
"Mann, B.E.",1904,http://id.lincsproject.ca/PqmgANCBuWk,Mann B.E.,direct,1.0,0.35,1
"Mann, B.E.",1910,http://id.lincsproject.ca/PqmgANCBuWk,Mann B.E.,direct,1.0,0.35,1
"Mann, Blanche",1897,http://id.lincsproject.ca/PqmgANCBuWk,Mann B.E.,direct,0.9825,0.3325,1
"Mann, G.G.",1904,http://id.lincsproject.ca/X9upRnYfbSi,G.G. Mann,direct,1.0,0.35,1
"Mann, G.G.",1910,http://id.lincsproject.ca/X9upRnYfbSi,G.G. Mann,direct,1.0,0.35,1
"Mann, Geo. G.",1897,http://id.lincsproject.ca/X9upRnYfbSi,G.G. Mann,direct,1.0,0.35,1
"Marcotte, Pierre L.",1897,http://id.lincsproject.ca/s292y1hollX,Pierre L. Marcotte,direct,1.0,1.0,1
"Marcoux, A.",1904,http://id.lincsproject.ca/Mxn53MguZjA,A. Marcoux,direct,1.0,1.0,1
Margaret H. Brennan,1897,http://id.lincsproject.ca/fyEfi1W0Ip6,Margaret H. Brennan,direct,1.0,1.0,1
Margaret H. Brennan,1899,http://id.lincsproject.ca/fyEfi1W0Ip6,Margaret H. Brennan,direct,1.0,1.0,1
Margaret H. Brennan,1910,http://id.lincsproject.ca/fyEfi1W0Ip6,Margaret H. Brennan,direct,1.0,1.0,1
Marianne T. Macgillis,1910,http://id.lincsproject.ca/KLTxnuxGoLx,Marianne T. MacGillis,direct,1.0,1.0,1
"Marion, Louis",1897,http://id.lincsproject.ca/gXwvnF0jk3L,L. Marion,direct,1.0,1.0,1
"Marion, Louis",1899,http://id.lincsproject.ca/gXwvnF0jk3L,L. Marion,direct,1.0,1.0,1
"Marion, Louis",1910,http://id.lincsproject.ca/gXwvnF0jk3L,L. Marion,direct,1.0,1.0,1
"Markle, J.A.",1904,http://id.lincsproject.ca/spFtJPSPP99,J.A. Markle,direct,1.0,1.0,1
"Markle, J.A.",1910,http://id.lincsproject.ca/spFtJPSPP99,J.A. Markle,direct,1.0,1.0,1
"Markle, John A.",1897,http://id.lincsproject.ca/spFtJPSPP99,J.A. Markle,direct,1.0,1.0,1
"Markle, John A.",1899,http://id.lincsproject.ca/spFtJPSPP99,J.A. Markle,direct,1.0,1.0,1
"Marllat, Samuel R.",1897,http://id.lincsproject.ca/DNmn2Mcwyof,Samuel R. Marlatt,direct,0.9859,0.9859,1
"Marllat, Samuel R.",1899,http://id.lincsproject.ca/DNmn2Mcwyof,Samuel R. Marlatt,direct,0.9859,0.9859,1
"Marllat, Samuel R.",1904,http://id.lincsproject.ca/DNmn2Mcwyof,Samuel R. Marlatt,direct,0.9859,0.9859,1
"Marsh, H.A., M.D.",1897,http://id.lincsproject.ca/pfp4FJmSjSW,H.A. Marsh,direct,1.0,1.0,1
"Marsh, H.A., M.D.",1899,http://id.lincsproject.ca/pfp4FJmSjSW,H.A. Marsh,direct,1.0,1.0,1
"Marsh, H.A., M.D.",1904,http://id.lincsproject.ca/pfp4FJmSjSW,H.A. Marsh,direct,1.0,0.3332,1
"Marshall, A.",1904,http://id.lincsproject.ca/KwbTehZHn3W,A. Marshall,direct,1.0,0.3332,1
Martha J. Back,1910,http://id.lincsproject.ca/wZs0E7YI86l,Martha J. Back,direct,1.0,1.0,1
Martin Benson,1895,http://id.lincsproject.ca/sQoGtuXm3OO,M. Benson,direct,1.0,0.35,1
Martin Benson,1896,http://id.lincsproject.ca/sQoGtuXm3OO,M. Benson,direct,1.0,0.35,1
Martin Benson,1897,http://id.lincsproject.ca/sQoGtuXm3OO,M. Benson,direct,1.0,0.35,1
Martin Benson,1899,http://id.lincsproject.ca/sQoGtuXm3OO,M. Benson,direct,1.0,0.35,1
Martin Benson,1904,http://id.lincsproject.ca/sQoGtuXm3OO,M. Benson,direct,1.0,0.35,1
Martin Benson,1910,http://id.lincsproject.ca/sQoGtuXm3OO,M. Benson,direct,1.0,1.0,1
"Martineau, H.",1899,http://id.lincsproject.ca/9uq67I4BKcW,H. Martineau,direct,1.0,0.3803,1
"Martineau, H.",1904,http://id.lincsproject.ca/9uq67I4BKcW,H. Martineau,direct,1.0,0.3803,1
"Martineau, Herman",1897,http://id.lincsproject.ca/9uq67I4BKcW,H. Martineau,direct,1.0,0.3803,1
Mary A. Richardson,1891,http://id.lincsproject.ca/dq8u955YoTB,Mary A. Richardson,direct,1.0,0.35,1
Mary A. Richardson,1892,http://id.lincsproject.ca/dq8u955YoTB,Mary A. Richardson,direct,1.0,0.35,1
Mary H. Coghlan,1910,http://id.lincsproject.ca/6X28j6RAGmN,Mary H. Coghlan,direct,1.0,1.0,1
Mary M.V. Smith,1893,http://id.lincsproject.ca/4qK8PadKKT4,Mary M.V. Smith,direct,1.0,0.35,1
Mary Ross,1889,http://id.lincsproject.ca/lySBRxxyaH1,Mary Ross,direct,1.0,0.175,1
"Matheson, E., M.D.",1904,http://id.lincsproject.ca/jojBmBchyHG,E. Matheson,direct,1.0,0.35,1
"Matheson, E., M.D.",1910,http://id.lincsproject.ca/jojBmBchyHG,E. Matheson,direct,1.0,0.3356,1
Mathew Hill,1881,http://id.lincsproject.ca/v0h4L6KURYu,Mathew Hill,direct,1.0,1.0,1
Mathew Hill,1882,http://id.lincsproject.ca/v0h4L6KURYu,Mathew Hill,direct,1.0,1.0,1
Mathew Hill,1883,http://id.lincsproject.ca/v0h4L6KURYu,Mathew Hill,direct,1.0,1.0,1
Mathew Hill,1884,http://id.lincsproject.ca/v0h4L6KURYu,Mathew Hill,direct,1.0,1.0,1
Mathew Hill,1885,http://id.lincsproject.ca/v0h4L6KURYu,Mathew Hill,direct,1.0,1.0,1
Mathew Hill,1886,http://id.lincsproject.ca/v0h4L6KURYu,Mathew Hill,direct,1.0,1.0,1
Mathew Hill,1887,http://id.lincsproject.ca/v0h4L6KURYu,Mathew Hill,direct,1.0,1.0,1
Mathew Hill,1888,http://id.lincsproject.ca/v0h4L6KURYu,Mathew Hill,direct,1.0,1.0,1
Mathew Hill,1889,http://id.lincsproject.ca/v0h4L6KURYu,Mathew Hill,direct,1.0,1.0,1
"Mathews, W.E.",1910,http://id.lincsproject.ca/vFbTjJ2XP5G,"Mathews, W.E.",direct,1.0,0.3356,1
Maud M. McIntosh,1910,http://id.lincsproject.ca/DOKvVOgmOKz,Maud M. McIntosh,direct,1.0,0.4345,1
"McAllister, D.H., M.D.",1904,http://id.lincsproject.ca/oa8r17e9cOB,D.H. McAllister,direct,1.0,1.0,1
"McBeath, Wm.",1899,http://id.lincsproject.ca/OSaBiH4QORf,"McBeath, Wm.",direct,1.0,1.0,1
"McBride, Alex",1897,http://id.lincsproject.ca/CCo33ubRsqd,A. McBride,direct,1.0,1.0,1
"McCaffrey, Wm. J.",1897,http://id.lincsproject.ca/Vviw1BCEjer,"McCaffrey, W.J.",direct,1.0,1.0,1
"McCaffrey, Wm. J.",1899,http://id.lincsproject.ca/Vviw1BCEjer,"McCaffrey, W.J.",direct,1.0,0.3423,1
"McCaffrey, Wm.J.",1904,http://id.lincsproject.ca/Vviw1BCEjer,"McCaffrey, W.J.",direct,1.0,0.3423,1
"McCaffrey, Wm.J.",1910,http://id.lincsproject.ca/Vviw1BCEjer,"McCaffrey, W.J.",direct,1.0,0.3423,1
"McCaig, A.S., M.D.",1904,http://id.lincsproject.ca/DjKQeyDYpFA,A.S. McCaig,direct,1.0,1.0,1
"McCaig, A.S., M.D.",1910,http://id.lincsproject.ca/DjKQeyDYpFA,A.S. McCaig,direct,1.0,1.0,1
"McCartney, F.W., M.D.",1899,http://id.lincsproject.ca/nuGZEBLWelI,F.W. McCartney,direct,1.0,0.3423,1
"McCartney, F.W., M.D.",1904,http://id.lincsproject.ca/nuGZEBLWelI,F.W. McCartney,direct,1.0,0.3423,1
"McCartney, F.W., M.D.",1910,http://id.lincsproject.ca/nuGZEBLWelI,F.W. McCartney,direct,1.0,0.3423,1
"McColl, Ebenezer",1897,http://www.wikidata.org/entity/Q94645925,E.McColl,direct,1.0,1.0,1
"McColl, Ebenezer",1899,http://www.wikidata.org/entity/Q94645925,E.McColl,direct,1.0,1.0,1
"McDonald, Alex. R.",1897,http://id.lincsproject.ca/3dQLE37NEIW,A.R. McDonald,direct,1.0,0.1403,1
"McDonald, Alex. R.",1899,http://id.lincsproject.ca/3dQLE37NEIW,A.R. McDonald,direct,1.0,0.2975,1
"McDonald, Alex. R.",1904,http://id.lincsproject.ca/3dQLE37NEIW,A.R. McDonald,direct,1.0,0.2975,1
"McDonald, Alex. R.",1910,http://id.lincsproject.ca/3dQLE37NEIW,A.R. McDonald,direct,1.0,0.2975,1
"McDonald, Allan",1897,http://id.lincsproject.ca/AGQu9aLWXNP,Allan McDonald,direct,1.0,0.0175,1
"McDonald, Allan",1899,http://id.lincsproject.ca/AGQu9aLWXNP,Allan McDonald,direct,1.0,0.0175,1
"McDonald, Arch. J.",1897,http://id.lincsproject.ca/rSvTayDRuYS,Arch J. McDonald,direct,1.0,0.0875,1
"McDonald, Arch. J.",1899,http://id.lincsproject.ca/rSvTayDRuYS,Arch J. McDonald,direct,1.0,0.0875,1
"McDonald, D., M.D.",1897,http://id.lincsproject.ca/ozt1WgmGXEA,Daniel McDonald,direct,1.0,0.35,1
"McDonald, D., M.D.",1899,http://id.lincsproject.ca/ozt1WgmGXEA,Daniel McDonald,direct,1.0,0.35,1
"McDonald, D., M.D.",1904,http://id.lincsproject.ca/ozt1WgmGXEA,Daniel McDonald,direct,1.0,0.35,1
"McDonald, D.J., M.D.",1910,http://id.lincsproject.ca/jYVLcq3ugI2,D.J. McDonald,direct,1.0,0.0175,1
"McDonald, Daniel, M.D.",1910,http://id.lincsproject.ca/ozt1WgmGXEA,Daniel McDonald,direct,1.0,0.0175,1
"McDonald, John R.",1897,http://id.lincsproject.ca/VW4iSfcNWDB,John R. McDonald,direct,1.0,0.2975,1
"McDonald, John R.",1899,http://id.lincsproject.ca/VW4iSfcNWDB,John R. McDonald,direct,1.0,0.2975,1
"McDonald, John R.",1904,http://id.lincsproject.ca/VW4iSfcNWDB,John R. McDonald,direct,1.0,0.2975,1
"McDonald, John R.",1910,http://id.lincsproject.ca/VW4iSfcNWDB,John R. McDonald,direct,1.0,0.1503,1
"McDonald, M.A., M.D.",1897,http://id.lincsproject.ca/8mylC43FImv,M.A. McDonald,direct,1.0,0.2975,1
"McDonald, Nellie",1910,http://id.lincsproject.ca/QcDCJI47P2X,Nellie McDonald,direct,1.0,0.35,1
"McDonald, R., M.D.",1899,http://id.lincsproject.ca/FsdYghwlWrB,R. McDonald,career,1.0,0.0,1
"McDonald, R., M.D.",1904,http://id.lincsproject.ca/FsdYghwlWrB,R. McDonald,direct,1.0,0.0262,1
"McDonald, R., M.D.",1910,http://id.lincsproject.ca/FsdYghwlWrB,R. McDonald,direct,1.0,0.0262,1
"McDonald, W.H., M.D.",1904,http://id.lincsproject.ca/pazhV90Xngk,W.H. McDonald,direct,1.0,0.1503,1
"McDonald, W.H., M.D.",1910,http://id.lincsproject.ca/pazhV90Xngk,W.H. McDonald,direct,1.0,0.35,1
"McDougall, Alex. S.",1897,http://id.lincsproject.ca/80IKVuhCNQu,Alex S. McDougall,direct,1.0,0.1503,1
"McDougall, J.B.",1910,http://id.lincsproject.ca/KdtqFBI5kA6,J.B. McDougall,direct,1.0,0.1503,1
"McDougall, W.J.",1904,http://id.lincsproject.ca/LkZmBFHuMVY,W.J. McDougall,direct,1.0,0.1503,1
"McEwen, J.A., M.D.",1910,http://id.lincsproject.ca/F0e2KUjrJdd,James A. McEwen,direct,1.0,1.0,1
"McEwen, James A., M.D.",1897,http://id.lincsproject.ca/F0e2KUjrJdd,James A. McEwen,direct,1.0,1.0,1
"McEwen, James A., M.D.",1899,http://id.lincsproject.ca/F0e2KUjrJdd,James A. McEwen,direct,1.0,1.0,1
"McFarlane, William",1897,http://id.lincsproject.ca/BqPnD5u78Pe,"McFarlane, Wm.",direct,1.0,1.0,1
"McFarlane, William",1899,http://id.lincsproject.ca/BqPnD5u78Pe,"McFarlane, Wm.",direct,1.0,1.0,1
"McFarlane, William",1904,http://id.lincsproject.ca/BqPnD5u78Pe,"McFarlane, Wm.",direct,1.0,0.4215,1
"McFarlane, William",1910,http://id.lincsproject.ca/BqPnD5u78Pe,"McFarlane, Wm.",direct,1.0,1.0,1
"McGee, Thos.",1897,http://id.lincsproject.ca/IrscA90Ts8y,"McGee, T.",direct,1.0,1.0,1
"McGibbon, Alex",1897,http://www.wikidata.org/entity/Q23932747,Alex McGibbon,direct,1.0,0.35,1
"McGibbon, Alex",1899,http://www.wikidata.org/entity/Q23932747,Alex McGibbon,direct,1.0,0.35,1
"McGrady J., M.D.",1904,http://id.lincsproject.ca/uHkIE2tbLSN,J.M. McGrady,direct,0.9825,0.3938,1
"McGrady, J., M.D.",1910,http://id.lincsproject.ca/uHkIE2tbLSN,J.M. McGrady,direct,0.9825,0.3938,1
"McGrath, R.H.",1910,http://id.lincsproject.ca/qAaatconFaA,R.H. McGrath,direct,1.0,0.4113,1
"McGrath, R.H., M.D.",1904,http://id.lincsproject.ca/qAaatconFaA,R.H. McGrath,direct,1.0,0.4113,1
"McIntosh, J.W., M.D.",1897,http://id.lincsproject.ca/gKfn9iJNlij,J.W. McIntosh,direct,1.0,0.4345,1
"McIntosh, J.W., M.D.",1899,http://id.lincsproject.ca/gKfn9iJNlij,J.W. McIntosh,direct,1.0,0.4345,1
"McIntosh, J.W., M.D.",1904,http://id.lincsproject.ca/gKfn9iJNlij,J.W. McIntosh,direct,1.0,0.4345,1
"McIntyre, D.K., M.D.",1899,http://id.lincsproject.ca/SrK6axbNuip,D.K. McIntyre,direct,1.0,0.4345,1
"McIntyre, D.K., M.D.",1904,http://id.lincsproject.ca/SrK6axbNuip,D.K. McIntyre,direct,1.0,0.4345,2
"McIntyre, D.K., M.D.",1910,http://id.lincsproject.ca/SrK6axbNuip,D.K. McIntyre,direct,1.0,0.4345,2
"McIsaac, Rev. Donald",1897,http://id.lincsproject.ca/exXu3xz5EVL,Donald McIsaac,direct,1.0,1.0,1
"McIsaac, Rev. Donald",1899,http://id.lincsproject.ca/exXu3xz5EVL,Donald McIsaac,direct,1.0,1.0,1
"McIver, John",1897,http://id.lincsproject.ca/psO5Hxz1sC3,John McIver,direct,1.0,1.0,1
"McIver, John",1899,http://id.lincsproject.ca/psO5Hxz1sC3,John McIver,direct,1.0,1.0,1
"McIver, John",1904,http://id.lincsproject.ca/psO5Hxz1sC3,John McIver,direct,1.0,1.0,1
"McKelvey, Alex",1897,http://id.lincsproject.ca/UPNvZd8EGhR,Alex McKelvey,direct,1.0,0.4345,1
"McKelvey, Alex",1899,http://id.lincsproject.ca/UPNvZd8EGhR,Alex McKelvey,direct,1.0,0.4345,1
"McKenzie, J.B., M.D.",1910,http://id.lincsproject.ca/Nyg0hjivAzL,J.B. McKenzie,direct,1.0,0.0175,1
"McKenzie, John",1897,http://id.lincsproject.ca/mJ6Twv9ZEoS,John McKenzie,direct,1.0,0.2479,1
"McKenzie, John",1899,http://id.lincsproject.ca/mJ6Twv9ZEoS,John McKenzie,direct,1.0,0.2479,1
"McKenzie, John",1904,http://id.lincsproject.ca/mJ6Twv9ZEoS,John McKenzie,direct,1.0,0.2479,1
"McKenzie, R.S.",1904,http://id.lincsproject.ca/roPHcFyFK7Y,McKenzie R.S.,direct,1.0,0.2479,1
"McKenzie, R.S.",1910,http://id.lincsproject.ca/roPHcFyFK7Y,McKenzie R.S.,direct,1.0,0.2479,1
"McKenzie, Robert S.",1897,http://id.lincsproject.ca/roPHcFyFK7Y,McKenzie R.S.,direct,1.0,0.2479,1
"McKenzie, Robert S.",1899,http://id.lincsproject.ca/roPHcFyFK7Y,McKenzie R.S.,direct,1.0,0.2479,1
"McKinnon, J.C., M.D.",1899,http://id.lincsproject.ca/0IzVOwaPv39,J.C. McKinnon,direct,1.0,1.0,1
"McKinnon, J.J., M.D.",1910,http://id.lincsproject.ca/p8xsOd7In6P,J.J. McKinnon,direct,1.0,1.0,1
"McLachlan, D.",1899,http://id.lincsproject.ca/KUxKDSSIug1,D. McLachlan,direct,1.0,1.0,1
"McLachlan, D.",1904,http://id.lincsproject.ca/KUxKDSSIug1,D. McLachlan,direct,1.0,0.4237,1
"McLachlan, D.",1910,http://id.lincsproject.ca/KUxKDSSIug1,D. McLachlan,direct,1.0,0.4237,1
"McLean, Charles, M.D.",1904,http://id.lincsproject.ca/e94c12Spot8,Charles McLean,direct,1.0,0.35,1
"McLean, Charles, M.D.",1910,http://id.lincsproject.ca/e94c12Spot8,Charles McLean,direct,1.0,0.35,1
"McLean, D., M.D.",1897,http://id.lincsproject.ca/7WXQBJMre6K,D. McLean,direct,1.0,0.2975,1
"McLean, E.D., M.D.",1899,http://id.lincsproject.ca/fFDCOqn4WFE,E.D. McLean,direct,1.0,0.2975,1
"McLean, E.D., M.D.",1904,http://id.lincsproject.ca/fFDCOqn4WFE,E.D. McLean,direct,1.0,0.2975,1
"McLean, E.D., M.D.",1910,http://id.lincsproject.ca/fFDCOqn4WFE,E.D. McLean,direct,1.0,0.2975,1
"McLean, G.",1904,http://id.lincsproject.ca/Ozn43VJk0Bq,G. McLean,direct,1.0,0.35,1
"McLean, J.W., M.D.",1897,http://id.lincsproject.ca/FEZbllC2rvq,J.W. McLean,direct,1.0,0.0875,1
"McLean, John, M.D.",1904,http://id.lincsproject.ca/0vNJ5yT74uo,John McLean,direct,1.0,0.0175,1
"McLean, John, M.D.",1910,http://id.lincsproject.ca/0vNJ5yT74uo,John McLean,direct,1.0,0.0175,1
"McLeod, Rev. John D.",1910,http://id.lincsproject.ca/qRkjbytCPwM,John D. McLeod,direct,1.0,0.0737,1
"McLoy, J.",1910,http://id.lincsproject.ca/fYACU8iRiTF,"McLoy, J.",direct,1.0,1.0,1
"McManus, Rev C.E.",1899,http://id.lincsproject.ca/O9WC1fDmsJp,C.E. McManus,direct,1.0,1.0,1
"McManus, Rev. C.E.",1904,http://id.lincsproject.ca/O9WC1fDmsJp,C.E. McManus,direct,1.0,1.0,1
"McMillan, J., M.D.",1897,http://id.lincsproject.ca/G8HnA94mvXT,J. McMillan,direct,1.0,1.0,1
"McMillan, J., M.D.",1899,http://id.lincsproject.ca/G8HnA94mvXT,J. McMillan,direct,1.0,1.0,1
"McMillan, J., M.D.",1904,http://id.lincsproject.ca/G8HnA94mvXT,J. McMillan,direct,1.0,1.0,1
"McMillan, Murdoch D.",1910,http://id.lincsproject.ca/sxrPrHX1DOb,Murdoch D. McMillan,direct,1.0,1.0,1
"McNab, Wm.",1897,http://id.lincsproject.ca/Vh3llJArsWB,W. McNab,direct,1.0,1.0,1
"McNeill, Alex J.",1897,http://id.lincsproject.ca/iW7DkF6Jtf3,A.J. McNeil,direct,0.9944,0.0875,1
"McNeill, Alex J.",1910,http://id.lincsproject.ca/iW7DkF6Jtf3,A.J. McNeil,direct,0.9944,0.9944,1
"McNeill, Alex, J.",1904,http://id.lincsproject.ca/iW7DkF6Jtf3,A.J. McNeil,direct,0.9944,0.9944,1
"McNeill, Alex. J.",1899,http://id.lincsproject.ca/iW7DkF6Jtf3,A.J. McNeil,direct,0.9944,0.9944,1
"McPhail, D.P., M.D.",1897,http://id.lincsproject.ca/Y6eKbBStBAc,D.P. McPhail,direct,1.0,1.0,1
"McPhail, D.P., M.D.",1899,http://id.lincsproject.ca/Y6eKbBStBAc,D.P. McPhail,direct,1.0,1.0,1
"McPhail, D.P., M.D.",1904,http://id.lincsproject.ca/Y6eKbBStBAc,D.P. McPhail,direct,1.0,1.0,1
"McPhail, D.P., M.D.",1910,http://id.lincsproject.ca/Y6eKbBStBAc,D.P. McPhail,direct,1.0,1.0,1
"McPhee, D.J.",1910,http://id.lincsproject.ca/ENILWevR9AC,D.J. McPhee,direct,1.0,1.0,1
"McPhee, Duncan J.",1897,http://id.lincsproject.ca/ENILWevR9AC,D.J. McPhee,direct,1.0,1.0,1
"McPhee, Duncan J.",1899,http://id.lincsproject.ca/ENILWevR9AC,D.J. McPhee,direct,1.0,1.0,1
"McPhee, Duncan J.",1904,http://id.lincsproject.ca/ENILWevR9AC,D.J. McPhee,direct,1.0,1.0,1
"McWilliam, L.J., M.D.",1904,http://id.lincsproject.ca/IHF6h2rfrRv,L.J. McWilliam,direct,1.0,1.0,1
"McWilliams, V.H., M.D.",1910,http://id.lincsproject.ca/3OqSUWtOrz3,V.H. McWilliams,direct,1.0,1.0,1
"Medd, A.E., M.D.",1910,http://id.lincsproject.ca/A7k2AjD9IKQ,A.E. Medd,direct,1.0,1.0,1
"Merrill, J.W., M.D.",1904,http://id.lincsproject.ca/5p7xQKBbKZP,J.W. Merrill,direct,1.0,1.0,1
Michael Fee,1893,http://id.lincsproject.ca/tMeQ06cqkGY,Michael Fee,direct,1.0,1.0,1
Michael Fee,1894,http://id.lincsproject.ca/tMeQ06cqkGY,Michael Fee,direct,1.0,1.0,1
Michael Fee,1895,http://id.lincsproject.ca/tMeQ06cqkGY,Michael Fee,direct,1.0,1.0,1
Michael Fee,1896,http://id.lincsproject.ca/tMeQ06cqkGY,Michael Fee,direct,1.0,1.0,1
"Michaud, J.N., M.D.",1910,http://id.lincsproject.ca/M2CDp8NeFhn,J.N. Michaud,direct,1.0,1.0,1
"Miles, A.H.",1910,http://id.lincsproject.ca/xP3O5iJMJDe,A.H. Miles,direct,1.0,0.3977,1
"Millar, M.",1910,http://id.lincsproject.ca/UcAdQt4cvZ0,M. Millar,direct,1.0,0.3556,1
"Millard, H.P., IM.D.",1910,http://id.lincsproject.ca/DsG9Ghd1jAE,H.P. Millard,direct,0.9825,0.3381,1
"Millard, H.P., M.D.",1904,http://id.lincsproject.ca/DsG9Ghd1jAE,H.P. Millard,direct,1.0,0.3662,1
"Miller, F.C.",1910,http://id.lincsproject.ca/FnVx0UpaUHs,F.C. Miller,direct,1.0,0.35,1
"Miller, S.N., M.D.",1910,http://id.lincsproject.ca/bL0Ud7b4k0B,S.N. Miller,direct,1.0,0.35,1
"Mills, A.H.",1904,http://id.lincsproject.ca/vio47olKyEL,A.H. Mills,direct,1.0,0.35,1
"Mills, D.",1897,http://id.lincsproject.ca/UvMEwv2weNi,"Mills, D",direct,1.0,1.0,1
"Mills, D.",1899,http://id.lincsproject.ca/UvMEwv2weNi,"Mills, D",direct,1.0,1.0,1
"Mills, D.",1904,http://id.lincsproject.ca/UvMEwv2weNi,"Mills, D",direct,1.0,0.35,1
"Mills, D.",1910,http://id.lincsproject.ca/UvMEwv2weNi,"Mills, D",direct,1.0,0.3977,1
Miss A.C. Taylor,1891,http://id.lincsproject.ca/AMaYFVmCIJk,Annie C. Taylor,direct,1.0,1.0,1
Miss A.C. Taylor,1892,http://id.lincsproject.ca/AMaYFVmCIJk,Annie C. Taylor,direct,1.0,1.0,1
Miss A.C. Taylor,1893,http://id.lincsproject.ca/AMaYFVmCIJk,Annie C. Taylor,direct,1.0,0.35,1
Miss A.C. Taylor,1894,http://id.lincsproject.ca/AMaYFVmCIJk,Annie C. Taylor,direct,1.0,0.35,1
Miss A.M.S. Graham,1894,http://id.lincsproject.ca/ROf17Nph66H,Alice M.S. Graham,direct,1.0,0.35,1
Miss C. Reiffenstein,1893,http://id.lincsproject.ca/1pqGsL1xMjS,C. Reiffenstein,direct,1.0,1.0,1
Miss C. Reiffenstein,1894,http://id.lincsproject.ca/1pqGsL1xMjS,C. Reiffenstein,direct,1.0,1.0,1
Miss E.H. Lyon,1891,http://id.lincsproject.ca/JLiENjZDBoz,Edith H. Lyon,direct,1.0,1.0,1
Miss E.H. Lyon,1892,http://id.lincsproject.ca/JLiENjZDBoz,Edith H. Lyon,direct,1.0,1.0,1
Miss E.H. Lyon,1893,http://id.lincsproject.ca/JLiENjZDBoz,Edith H. Lyon,direct,1.0,1.0,1
Miss E.H. Lyon,1894,http://id.lincsproject.ca/JLiENjZDBoz,Edith H. Lyon,direct,1.0,1.0,1
Miss F. McIntosh,1889,http://id.lincsproject.ca/0I2MHGRCanM,F. McIntosh,direct,1.0,0.35,1
Miss F. McIntosh,1890,http://id.lincsproject.ca/0I2MHGRCanM,F. McIntosh,direct,1.0,0.35,1
Miss F. McIntosh,1891,http://id.lincsproject.ca/0I2MHGRCanM,F. McIntosh,direct,1.0,0.4345,1
Miss F. McIntosh,1892,http://id.lincsproject.ca/0I2MHGRCanM,F. McIntosh,direct,1.0,0.4345,1
Miss F. Yeilding,1893,http://id.lincsproject.ca/2XQ1zzEvboY,F. Yielding,direct,0.9886,0.9886,1
Miss F. Yeilding,1894,http://id.lincsproject.ca/2XQ1zzEvboY,F. Yielding,direct,0.9886,0.9886,1
Miss F. Yielding,1891,http://id.lincsproject.ca/2XQ1zzEvboY,F. Yielding,direct,1.0,1.0,1
Miss F. Yielding,1892,http://id.lincsproject.ca/2XQ1zzEvboY,F. Yielding,direct,1.0,1.0,1
Miss F.K. Maracle,1891,http://id.lincsproject.ca/7xXglQ4TY3D,Miss F.K. Maracle,direct,1.0,1.0,1
Miss F.K. Maracle,1892,http://id.lincsproject.ca/7xXglQ4TY3D,Miss F.K. Maracle,direct,1.0,1.0,1
Miss F.K. Maracle,1894,http://id.lincsproject.ca/7xXglQ4TY3D,Miss F.K. Maracle,direct,1.0,1.0,1
Miss H.G. Ogilvy,1891,http://id.lincsproject.ca/UzcUZr5f6p2,Helen G. Ogilvy,direct,1.0,1.0,1
Miss H.G. Ogilvy,1892,http://id.lincsproject.ca/UzcUZr5f6p2,Helen G. Ogilvy,direct,1.0,1.0,1
Miss H.G. Ogilvy,1893,http://id.lincsproject.ca/UzcUZr5f6p2,Helen G. Ogilvy,direct,1.0,1.0,1
Miss H.G. Ogilvy,1894,http://id.lincsproject.ca/UzcUZr5f6p2,Helen G. Ogilvy,direct,1.0,1.0,1
Miss L. Maracle,1890,http://id.lincsproject.ca/V43AumyDYa7,L. Maracle,direct,1.0,1.0,1
Miss L.D. McMeekin,1891,http://id.lincsproject.ca/YViwdQzICT5,L.D. McMeekin,direct,1.0,1.0,1
Miss L.D. McMeekin,1892,http://id.lincsproject.ca/YViwdQzICT5,L.D. McMeekin,direct,1.0,1.0,1
Miss L.D. McMeekin,1893,http://id.lincsproject.ca/YViwdQzICT5,L.D. McMeekin,direct,1.0,1.0,1
Miss L.D. McMeekin,1894,http://id.lincsproject.ca/YViwdQzICT5,L.D. McMeekin,direct,1.0,1.0,1
Miss L.E. Dale,1891,http://id.lincsproject.ca/T8MAhGriOt7,Miss L.E. Dale,direct,1.0,1.0,1
Miss L.E. Dale,1892,http://id.lincsproject.ca/T8MAhGriOt7,Miss L.E. Dale,direct,1.0,1.0,1
Miss L.E. Dale,1893,http://id.lincsproject.ca/T8MAhGriOt7,Miss L.E. Dale,direct,1.0,1.0,1
Miss L.E. Dale,1894,http://id.lincsproject.ca/T8MAhGriOt7,Miss L.E. Dale,direct,1.0,1.0,1
Miss M. Maxwell,1891,http://id.lincsproject.ca/4Ccv9eHF5SF,M. Maxwell,direct,1.0,1.0,1
Miss M. Maxwell,1892,http://id.lincsproject.ca/4Ccv9eHF5SF,M. Maxwell,direct,1.0,1.0,1
Miss M. Maxwell,1893,http://id.lincsproject.ca/4Ccv9eHF5SF,M. Maxwell,direct,1.0,1.0,1
Miss M. Maxwell,1894,http://id.lincsproject.ca/4Ccv9eHF5SF,M. Maxwell,direct,1.0,1.0,1
Miss. A.M.S. Graham,1893,http://id.lincsproject.ca/ROf17Nph66H,Alice M.S. Graham,direct,1.0,0.35,1
Miss. F.K. Maracle.,1893,http://id.lincsproject.ca/7xXglQ4TY3D,Miss F.K. Maracle,direct,1.0,1.0,1
"Mitchell, F.H., M.D.",1897,http://id.lincsproject.ca/H6DVyojJqLs,F.H. Mitchell,direct,1.0,0.35,1
"Mitchell, F.H., M.D.",1899,http://id.lincsproject.ca/H6DVyojJqLs,F.H. Mitchell,direct,1.0,0.35,1
"Mitchell, F.H., M.D.",1904,http://id.lincsproject.ca/H6DVyojJqLs,F.H. Mitchell,direct,1.0,1.0,1
"Mitchell, F.H., M.D.",1910,http://id.lincsproject.ca/H6DVyojJqLs,F.H. Mitchell,direct,1.0,1.0,1
"Mitchell, J.A.",1899,http://id.lincsproject.ca/dTBjuxoC83g,J.A. Mitchell,direct,1.0,0.35,1
"Mitchell, John A.",1897,http://id.lincsproject.ca/dTBjuxoC83g,J.A. Mitchell,direct,1.0,0.35,1
"Monck, W.A.",1910,http://id.lincsproject.ca/5YKgezEl3sb,W.A. Monck,direct,1.0,1.0,1
"Monteith, R.E., M.D.",1910,http://id.lincsproject.ca/QStXed0HbFt,R.E. Monteith,direct,1.0,1.0,1
"Moore, A.E.",1897,http://id.lincsproject.ca/aUNkU6mMO0O,A.E. Moore,direct,1.0,0.35,1
"Moore, A.F.",1899,http://id.lincsproject.ca/Hl6Xmr5ZUlt,A.F. Moore,direct,1.0,0.35,1
"Moore, John, M.D.",1897,http://id.lincsproject.ca/w6lqLmyqnk5,John Moore,direct,1.0,0.35,1
"Moore, John, M.D.",1899,http://id.lincsproject.ca/w6lqLmyqnk5,John Moore,direct,1.0,0.35,1
"Moore, John, M.D.",1904,http://id.lincsproject.ca/w6lqLmyqnk5,John Moore,direct,1.0,0.35,1
"Moore, John, M.D.",1910,http://id.lincsproject.ca/w6lqLmyqnk5,John Moore,direct,1.0,0.35,1
"Moore, Robert, M.D.",1897,http://id.lincsproject.ca/q6e5XD7tciP,Robert Moore,direct,1.0,0.35,1
"Moore, Robert, M.D.",1899,http://id.lincsproject.ca/q6e5XD7tciP,Robert Moore,direct,1.0,0.35,1
"Moore, Robert, M.D.",1904,http://id.lincsproject.ca/q6e5XD7tciP,Robert Moore,direct,1.0,0.35,1
"Moore, Robert, M.D.",1910,http://id.lincsproject.ca/q6e5XD7tciP,Robert Moore,direct,1.0,0.35,1
"Morgan, A.D., M.D.",1904,http://id.lincsproject.ca/tIutx5OhfAh,A.D. Morgan,direct,1.0,1.0,1
"Morgan, A.D., M.D.",1910,http://id.lincsproject.ca/tIutx5OhfAh,A.D. Morgan,direct,1.0,1.0,1
"Morin, P.C.",1910,http://id.lincsproject.ca/ESeTcbJXMXM,P.C. Morin,direct,1.0,0.35,1
"Morin, Rev. J.D.",1910,http://id.lincsproject.ca/zI2l2zq3rBb,J.D. Morin,direct,1.0,0.2975,1
"Morris, C.H., M.D.",1910,http://id.lincsproject.ca/TWPk14F6Krj,C.H. Morris,direct,1.0,1.0,1
"Morrisey, Rev. W.",1897,http://id.lincsproject.ca/c6V3czkYo0x,W. Morrisey,direct,1.0,1.0,1
"Morrisey, Rev. W.",1904,http://id.lincsproject.ca/c6V3czkYo0x,W. Morrisey,direct,1.0,1.0,1
"Morrisey, Rev. W. (R.C.)",1899,http://id.lincsproject.ca/c6V3czkYo0x,W. Morrisey,direct,0.9825,0.9825,1
Morrow G.W.,1904,http://id.lincsproject.ca/CQRXZuCJCXK,Morrow G.W.,direct,1.0,1.0,1
"Morse, G.R., M.D.",1904,http://id.lincsproject.ca/atPIbxxGQN5,G.R. Morse,direct,1.0,1.0,1
Moses Craig,1880,http://id.lincsproject.ca/TKLbhdbc9P1,Moses Craig,direct,1.0,1.0,1
Moses Craig,1881,http://id.lincsproject.ca/TKLbhdbc9P1,Moses Craig,direct,1.0,1.0,1
Moses Craig,1882,http://id.lincsproject.ca/TKLbhdbc9P1,Moses Craig,direct,1.0,1.0,1
Moses Craig,1883,http://id.lincsproject.ca/TKLbhdbc9P1,Moses Craig,direct,1.0,1.0,1
Moses Craig,1884,http://id.lincsproject.ca/TKLbhdbc9P1,Moses Craig,direct,1.0,1.0,1
Moses Craig,1885,http://id.lincsproject.ca/TKLbhdbc9P1,Moses Craig,direct,1.0,1.0,1
Moses Craig,1886,http://id.lincsproject.ca/TKLbhdbc9P1,Moses Craig,direct,1.0,1.0,1
Moses Craig,1887,http://id.lincsproject.ca/TKLbhdbc9P1,Moses Craig,direct,1.0,1.0,1
"Mostyn-Hoops, S.E., M.D.",1904,http://id.lincsproject.ca/qyxcjCHAY6W,S.E. Mostyn-Hoops,direct,1.0,1.0,1
Mrs. E.A. Nash,1884,http://id.lincsproject.ca/mR8qtarZ9vH,E.A. Nash,direct,1.0,0.175,1
Mrs. Jane Quinn,1895,http://id.lincsproject.ca/3PjManxOhS8,Jane Quinn,direct,1.0,1.0,1
Mrs. Jane Quinn,1896,http://id.lincsproject.ca/3PjManxOhS8,Jane Quinn,direct,1.0,1.0,1
"Mulligan E.A., M.D.",1897,http://id.lincsproject.ca/GIUtUrs6t3I,E.A. Mulligan,direct,1.0,1.0,1
"Mulligan, E.A., M.D.",1899,http://id.lincsproject.ca/GIUtUrs6t3I,E.A. Mulligan,direct,1.0,1.0,1
"Mulligan, E.A., M.D.",1904,http://id.lincsproject.ca/GIUtUrs6t3I,E.A. Mulligan,direct,1.0,0.3695,1
"Mulligan, E.A., M.D.",1910,http://id.lincsproject.ca/GIUtUrs6t3I,E.A. Mulligan,direct,1.0,0.4074,1
"Mullin, M.",1904,http://id.lincsproject.ca/hlGD2yak8d1,M. Mullin,direct,1.0,0.3695,1
"Mullin, Martin",1910,http://id.lincsproject.ca/IKdxgUOx6Ok,"Mullen, M.",direct,0.9697,0.3392,1
"Murison, W.",1899,http://id.lincsproject.ca/rawhoZ0WIyK,W. Murison,direct,1.0,1.0,1
"Murison, W.",1904,http://id.lincsproject.ca/rawhoZ0WIyK,W. Murison,direct,1.0,1.0,1
"Murison, W.",1910,http://id.lincsproject.ca/rawhoZ0WIyK,W. Murison,direct,1.0,1.0,1
N. Campbell,1891,http://id.lincsproject.ca/KirK3jIrtFT,N. Campbell,direct,1.0,0.35,1
N. Campbell,1892,http://id.lincsproject.ca/KirK3jIrtFT,N. Campbell,direct,1.0,0.35,1
N. Campbell,1893,http://id.lincsproject.ca/KirK3jIrtFT,N. Campbell,direct,1.0,0.35,1
N. Campbell,1894,http://id.lincsproject.ca/KirK3jIrtFT,N. Campbell,direct,1.0,0.35,1
N. Campbell,1895,http://id.lincsproject.ca/KirK3jIrtFT,N. Campbell,direct,1.0,0.35,1
N. Campbell,1896,http://id.lincsproject.ca/KirK3jIrtFT,N. Campbell,direct,1.0,0.35,1
N. Chastellaine,1880,http://id.lincsproject.ca/O2IweSmPlCc,N. Chastellaine,direct,1.0,1.0,1
N. Chastellaine,1881,http://id.lincsproject.ca/O2IweSmPlCc,N. Chastellaine,direct,1.0,0.4128,1
N. Chastellaine,1882,http://id.lincsproject.ca/O2IweSmPlCc,N. Chastellaine,direct,1.0,0.4128,1
N. Chastellaine,1883,http://id.lincsproject.ca/O2IweSmPlCc,N. Chastellaine,direct,1.0,0.4128,1
N. Chastellaine,1884,http://id.lincsproject.ca/O2IweSmPlCc,N. Chastellaine,direct,1.0,0.4128,1
N. Chastellaine,1885,http://id.lincsproject.ca/O2IweSmPlCc,N. Chastellaine,direct,1.0,1.0,1
N. Chastellaine,1886,http://id.lincsproject.ca/O2IweSmPlCc,N. Chastellaine,direct,1.0,1.0,1
N. Chastellaine,1887,http://id.lincsproject.ca/O2IweSmPlCc,N. Chastellaine,direct,1.0,1.0,1
N. Chastellaine,1891,http://id.lincsproject.ca/O2IweSmPlCc,N. Chastellaine,direct,1.0,1.0,1
N. LeBel,1888,http://id.lincsproject.ca/6msNpRrESeJ,N. LeBel,direct,1.0,1.0,1
N. LeBel,1889,http://id.lincsproject.ca/6msNpRrESeJ,N. LeBel,direct,1.0,1.0,1
N. LeBel,1890,http://id.lincsproject.ca/6msNpRrESeJ,N. LeBel,direct,1.0,1.0,1
N. LeBel,1891,http://id.lincsproject.ca/6msNpRrESeJ,N. LeBel,direct,1.0,1.0,1
N. LeBel,1892,http://id.lincsproject.ca/6msNpRrESeJ,N. LeBel,direct,1.0,1.0,1
N. LeBel,1894,http://id.lincsproject.ca/6msNpRrESeJ,N. LeBel,direct,1.0,1.0,1
N. Lebel,1893,http://id.lincsproject.ca/6msNpRrESeJ,N. LeBel,direct,1.0,1.0,1
N.C. Smillie,1895,http://id.lincsproject.ca/UKTHmWLWJvZ,N.C. Smillie,direct,1.0,1.0,1
N.C. Smillie,1896,http://id.lincsproject.ca/UKTHmWLWJvZ,N.C. Smillie,direct,1.0,1.0,1
N.E. Roy,1882,http://id.lincsproject.ca/UwPe4uuEZCL,N.E. Roy,direct,1.0,1.0,1
N.E. Roy,1883,http://id.lincsproject.ca/UwPe4uuEZCL,N.E. Roy,direct,1.0,1.0,1
N.E. Roy,1884,http://id.lincsproject.ca/UwPe4uuEZCL,N.E. Roy,direct,1.0,1.0,1
N.E. Roy,1885,http://id.lincsproject.ca/UwPe4uuEZCL,N.E. Roy,direct,1.0,1.0,1
N.E. Roy,1886,http://id.lincsproject.ca/UwPe4uuEZCL,N.E. Roy,direct,1.0,1.0,1
N.E. Roy,1887,http://id.lincsproject.ca/UwPe4uuEZCL,N.E. Roy,direct,1.0,1.0,1
"N.J. Lindsay, M.D.",1889,http://id.lincsproject.ca/0VN68n1GMmt,N.J. Lindsay,direct,1.0,1.0,1
"N.J. Lindsay, M.D.",1890,http://id.lincsproject.ca/0VN68n1GMmt,N.J. Lindsay,direct,1.0,1.0,1
"N.J. Lindsay, M.D.",1891,http://id.lincsproject.ca/0VN68n1GMmt,N.J. Lindsay,direct,1.0,1.0,1
"N.J. Lindsay, M.D.",1892,http://id.lincsproject.ca/0VN68n1GMmt,N.J. Lindsay,direct,1.0,1.0,1
N.T. MacLeod,1881,http://id.lincsproject.ca/JAx71alFECY,N.T. MacLeod,direct,1.0,1.0,1
Narcisse LeBel,1895,http://id.lincsproject.ca/6msNpRrESeJ,N. LeBel,direct,1.0,1.0,1
Narcisse LeBel,1896,http://id.lincsproject.ca/6msNpRrESeJ,N. LeBel,direct,1.0,1.0,1
"Nash, Harry H.",1897,http://id.lincsproject.ca/hMyclrPPCiV,H. Nash,direct,0.9825,0.9825,1
"Neil, Alan W.",1910,http://id.lincsproject.ca/rnRKNUKdJA6,Alan W. Neill,direct,0.997,0.3372,1
"Neill, Alan W.",1904,http://id.lincsproject.ca/rnRKNUKdJA6,Alan W. Neill,direct,1.0,1.0,1
"Neilson, F.J.",1897,http://id.lincsproject.ca/NA7P8CA6Tl2,F.J. Neilson,direct,1.0,1.0,1
"Neilson, R.W.",1910,http://id.lincsproject.ca/2E4wBz2HPsR,R.W. Neilson,direct,1.0,0.3662,1
Nellie Hayes,1893,http://id.lincsproject.ca/Su8SCHafNL7,Nellie Hayes,direct,1.0,1.0,1
"Newton, John, M.D.",1897,http://id.lincsproject.ca/TcR38vElo27,J. Newton,direct,1.0,1.0,1
"Nicholas, Frank",1910,http://id.lincsproject.ca/NNal0UnlqoA,Frank Nicholas,direct,1.0,0.3532,1
"Nichols, W. L.",1904,http://id.lincsproject.ca/tgInpQb2Wp9,W.L. Nichols,direct,1.0,1.0,1
"Nichols, W.L.",1910,http://id.lincsproject.ca/tgInpQb2Wp9,W.L. Nichols,direct,1.0,0.3532,1
"Nicol, H.",1904,http://id.lincsproject.ca/bE30V3GLagD,"Nicol, H.",direct,1.0,1.0,1
"Nisbet, William",1910,http://id.lincsproject.ca/a8L4wzTIRzt,William Nisbet,direct,1.0,1.0,1
"Nolan, A.",1904,http://id.lincsproject.ca/gEXObmxzV3m,A. Nolan,direct,1.0,1.0,1
"Nolan, Chas.",1897,http://id.lincsproject.ca/CN9fqdBVk9g,"Nolan, Chas.",direct,1.0,1.0,1
"Nolan, H.J.",1910,http://id.lincsproject.ca/kHjpc88RVsq,H.J. Nolan,direct,1.0,1.0,1
Nora E. Darby,1910,http://id.lincsproject.ca/DZ9Uch5n9Dy,Nora E. Darby,direct,1.0,1.0,1
Norman McDonald,1895,http://id.lincsproject.ca/65XqdECGDHP,Norman McDonald,direct,1.0,0.35,1
Norman McDonald,1896,http://id.lincsproject.ca/65XqdECGDHP,Norman McDonald,direct,1.0,0.35,1
"O'Connell, Thomas",1910,http://id.lincsproject.ca/0aGVVmukHBm,"O'Conell, T",direct,0.9968,0.4196,1
"O'Donnell, W.J.",1897,http://id.lincsproject.ca/eUHXXVIKVwA,W. O'Donnell,direct,0.9825,0.9825,1
"O'Keefe, Rev. M.A.",1904,http://id.lincsproject.ca/PSR3LoAkF40,M.A. O'Keefe,direct,1.0,1.0,1
"O'Keefe, Rev. M.A. (R.C.)",1899,http://id.lincsproject.ca/PSR3LoAkF40,M.A. O'Keefe,direct,0.9825,0.9825,1
"O'Keeffe, Rev. M.A.",1897,http://id.lincsproject.ca/PSR3LoAkF40,M.A. O'Keefe,direct,0.9944,0.9944,1
"O'Leary, Rev. W.",1897,http://id.lincsproject.ca/uIEEWYZRbBb,W. O'Leary,direct,1.0,1.0,1
"O'Leary, Rev. W. (R.C.)",1899,http://id.lincsproject.ca/uIEEWYZRbBb,W. O'Leary,direct,0.9825,0.9825,1
"O'Reilly, Peter",1897,http://viaf.org/viaf/125729442,P.O'Reilly,direct,1.0,1.0,1
"O'Sullivan, Rev. Daniel",1897,http://id.lincsproject.ca/ISWzDRocv1Y,Daniel O'Sullivan,direct,1.0,0.35,1
O. Drapeau,1881,http://id.lincsproject.ca/0olsrwSxIlA,O. Drapeau,direct,1.0,1.0,1
O. Drapeau,1882,http://id.lincsproject.ca/0olsrwSxIlA,O. Drapeau,direct,1.0,1.0,1
O. Drapeau,1883,http://id.lincsproject.ca/0olsrwSxIlA,O. Drapeau,direct,1.0,1.0,1
O. Drapeau,1884,http://id.lincsproject.ca/0olsrwSxIlA,O. Drapeau,direct,1.0,1.0,1
O. Fletcher,1891,http://id.lincsproject.ca/lx81h6BjcFM,O. Fletcher,direct,1.0,1.0,1
O. Fletcher,1892,http://id.lincsproject.ca/lx81h6BjcFM,O. Fletcher,direct,1.0,1.0,1
O.B. Beckwith,1888,http://id.lincsproject.ca/TMJ0wkHXmSD,O.B. Beckwith,direct,1.0,1.0,1
O.F. Orr,1887,http://id.lincsproject.ca/UvDgDm3WRlu,O.F. Orr,direct,1.0,0.35,1
O.F. Orr,1888,http://id.lincsproject.ca/UvDgDm3WRlu,O.F. Orr,direct,1.0,0.35,1
O.F. Orr,1889,http://id.lincsproject.ca/UvDgDm3WRlu,O.F. Orr,direct,1.0,0.35,1
O.F. Orr,1890,http://id.lincsproject.ca/UvDgDm3WRlu,O.F. Orr,direct,1.0,0.35,1
O.F. Orr,1891,http://id.lincsproject.ca/UvDgDm3WRlu,O.F. Orr,direct,1.0,0.35,1
O.F. Orr,1892,http://id.lincsproject.ca/UvDgDm3WRlu,O.F. Orr,direct,1.0,0.35,1
"Offerhans, E.J., M.D.",1904,http://id.lincsproject.ca/HyExfN5IuJB,E.J. Offerhans,direct,1.0,1.0,1
"Ogden, Isaac",1910,http://id.lincsproject.ca/0M1OVqcdG7T,Isaac Ogden,direct,1.0,1.0,1
"Olloqui, R.A., M.D.",1897,http://id.lincsproject.ca/YvKODXSHtxu,R.A. Olloqui,direct,1.0,1.0,1
"Olloqui, R.A., M.D.",1899,http://id.lincsproject.ca/YvKODXSHtxu,R.A. Olloqui,direct,1.0,1.0,1
"Onespot, John",1910,http://id.lincsproject.ca/2dCKH50NVWq,John Onespot,direct,1.0,1.0,1
"Ouimet, W., M.D.",1910,http://id.lincsproject.ca/30Oy3o1Pd3e,W. Ouimet,direct,1.0,1.0,1
P. Auvé,1889,http://id.lincsproject.ca/smNv4m1pYjC,P. Auve,direct,1.0,1.0,1
P. Boudreau,1889,http://id.lincsproject.ca/pdLZejzrg2Q,P. Boudreau,direct,1.0,1.0,1
P. Boudreau,1890,http://id.lincsproject.ca/pdLZejzrg2Q,P. Boudreau,direct,1.0,1.0,1
P. Boudreau,1891,http://id.lincsproject.ca/pdLZejzrg2Q,P. Boudreau,direct,1.0,1.0,1
P. Boudreau,1892,http://id.lincsproject.ca/pdLZejzrg2Q,P. Boudreau,direct,1.0,1.0,1
P. Browne,1884,http://id.lincsproject.ca/u8TDoIcZ69S,P. Browne,direct,1.0,1.0,1
P. Erasmus,1886,http://id.lincsproject.ca/OcrwhX1lkmz,P. Erasmus,direct,1.0,1.0,1
P. Erasmus,1887,http://id.lincsproject.ca/OcrwhX1lkmz,P. Erasmus,direct,1.0,1.0,1
P. Hourie,1886,http://id.lincsproject.ca/EJGVPGh12mh,P. Hourie,direct,1.0,0.4074,1
P. Hourie,1887,http://id.lincsproject.ca/EJGVPGh12mh,P. Hourie,direct,1.0,0.4074,1
P. Hourie,1888,http://id.lincsproject.ca/EJGVPGh12mh,P. Hourie,direct,1.0,0.4074,1
P. Hourie,1889,http://id.lincsproject.ca/EJGVPGh12mh,P. Hourie,direct,1.0,0.4074,1
P. Hourie,1890,http://id.lincsproject.ca/EJGVPGh12mh,P. Hourie,direct,1.0,1.0,1
P. Hourie,1891,http://id.lincsproject.ca/EJGVPGh12mh,P. Hourie,direct,1.0,1.0,1
P. Hourie,1893,http://id.lincsproject.ca/EJGVPGh12mh,P. Hourie,direct,1.0,1.0,1
P. Hourie,1894,http://id.lincsproject.ca/EJGVPGh12mh,P. Hourie,direct,1.0,1.0,1
P. Howrie,1892,http://id.lincsproject.ca/QEFA5BESAh8,P. Howrie,direct,1.0,1.0,1
P. J. Williams,1880,http://id.lincsproject.ca/1RT1RgRDT4T,P.J. Williams,direct,1.0,1.0,1
P. J. Williams,1892,http://id.lincsproject.ca/1RT1RgRDT4T,P.J. Williams,direct,1.0,0.35,1
P. McDormand,1888,http://id.lincsproject.ca/3jK5TIOePp5,P. McDormand,direct,1.0,0.4007,1
P. McTiernan,1881,http://id.lincsproject.ca/S8nyEOr58DR,P. McTiernan,direct,1.0,1.0,1
P. McTiernan,1882,http://id.lincsproject.ca/S8nyEOr58DR,P. McTiernan,direct,1.0,1.0,1
P. McTiernan,1883,http://id.lincsproject.ca/S8nyEOr58DR,P. McTiernan,direct,1.0,1.0,1
P. McTiernan,1884,http://id.lincsproject.ca/S8nyEOr58DR,P. McTiernan,direct,1.0,1.0,1
P. McTiernan,1885,http://id.lincsproject.ca/S8nyEOr58DR,P. McTiernan,direct,1.0,1.0,1
P. McTiernan,1886,http://id.lincsproject.ca/S8nyEOr58DR,P. McTiernan,direct,1.0,1.0,1
P. McTiernan,1887,http://id.lincsproject.ca/S8nyEOr58DR,P. McTiernan,direct,1.0,1.0,1
P. McTiernan,1888,http://id.lincsproject.ca/S8nyEOr58DR,P. McTiernan,direct,1.0,1.0,1
P. McTiernan,1889,http://id.lincsproject.ca/S8nyEOr58DR,P. McTiernan,direct,1.0,1.0,1
P. McTiernan,1890,http://id.lincsproject.ca/S8nyEOr58DR,P. McTiernan,direct,1.0,1.0,1
P. McTiernan,1891,http://id.lincsproject.ca/S8nyEOr58DR,P. McTiernan,direct,1.0,1.0,1
P. McTiernan,1892,http://id.lincsproject.ca/S8nyEOr58DR,P. McTiernan,direct,1.0,1.0,1
P. O'Reilly,1890,http://viaf.org/viaf/125729442,P.O'Reilly,direct,1.0,1.0,1
P. O'Reilly,1891,http://viaf.org/viaf/125729442,P.O'Reilly,direct,1.0,1.0,1
P. O'Reilly,1893,http://viaf.org/viaf/125729442,P.O'Reilly,direct,1.0,1.0,1
P. O'Reilly,1894,http://viaf.org/viaf/125729442,P.O'Reilly,direct,1.0,1.0,1
P. Pennais,1892,http://id.lincsproject.ca/KsZ1US2pAwv,P. Pennais,direct,1.0,1.0,1
P. Pennais,1893,http://id.lincsproject.ca/KsZ1US2pAwv,P. Pennais,direct,1.0,1.0,1
P. Pennais,1894,http://id.lincsproject.ca/KsZ1US2pAwv,P. Pennais,direct,1.0,1.0,1
P. Tomkins,1891,http://id.lincsproject.ca/ClN3GIQcros,P. Tomkins,direct,1.0,1.0,1
P. Tomkins,1892,http://id.lincsproject.ca/ClN3GIQcros,P. Tomkins,direct,1.0,1.0,1
P. Tomkins,1893,http://id.lincsproject.ca/ClN3GIQcros,P. Tomkins,direct,1.0,0.35,1
P. Tomkins,1894,http://id.lincsproject.ca/ClN3GIQcros,P. Tomkins,direct,1.0,1.0,1
P. Tomkins,1895,http://id.lincsproject.ca/ClN3GIQcros,P. Tomkins,direct,1.0,1.0,1
P. Tomkins,1896,http://id.lincsproject.ca/ClN3GIQcros,P. Tomkins,direct,1.0,1.0,1
P.A. Shee,1881,http://id.lincsproject.ca/QOnLwC3tn8x,P.A. Shee,direct,1.0,1.0,1
P.E. Jone,1887,http://viaf.org/viaf/223467275,P.E. Jone,direct,1.0,0.3105,1
P.E. Jones,1881,http://viaf.org/viaf/223467275,P.E. Jone,direct,0.987,0.987,1
P.E. Jones,1882,http://viaf.org/viaf/223467275,P.E. Jone,direct,0.987,0.987,1
P.E. Jones,1883,http://viaf.org/viaf/223467275,P.E. Jone,direct,0.987,0.987,1
P.E. Jones,1884,http://viaf.org/viaf/223467275,P.E. Jone,direct,0.987,0.987,1
P.E. Jones,1885,http://viaf.org/viaf/223467275,P.E. Jone,direct,0.987,0.987,1
P.E. Jones,1886,http://viaf.org/viaf/223467275,P.E. Jone,direct,0.987,0.987,1
P.E. Jones,1888,http://viaf.org/viaf/223467275,P.E. Jone,direct,0.987,0.987,2
P.E. Jones,1889,http://viaf.org/viaf/223467275,P.E. Jone,direct,0.987,0.2845,2
P.E. Jones,1890,http://viaf.org/viaf/223467275,P.E. Jone,direct,0.987,0.2845,2
P.E. Jones,1891,http://viaf.org/viaf/223467275,P.E. Jone,direct,0.987,0.2845,2
P.E. Jones,1892,http://viaf.org/viaf/223467275,P.E. Jone,direct,0.987,0.2845,2
P.E. Jones,1893,http://viaf.org/viaf/223467275,P.E. Jone,direct,0.987,0.2845,2
P.E. Jones,1894,http://viaf.org/viaf/223467275,P.E. Jone,direct,0.987,0.2845,2
P.E. Jones,1895,http://viaf.org/viaf/223467275,P.E. Jone,direct,0.987,0.2845,1
P.E. Jones,1896,http://viaf.org/viaf/223467275,P.E. Jone,direct,0.987,0.2845,1
P.E. Robillard,1889,http://id.lincsproject.ca/GG7c8KYY1it,P.E. Robillard,direct,1.0,1.0,1
P.E. Robillard,1890,http://id.lincsproject.ca/GG7c8KYY1it,P.E. Robillard,direct,1.0,1.0,1
P.E. Robillard,1891,http://id.lincsproject.ca/GG7c8KYY1it,P.E. Robillard,direct,1.0,1.0,1
P.E. Robillard,1892,http://id.lincsproject.ca/GG7c8KYY1it,P.E. Robillard,direct,1.0,1.0,1
P.E. Robillard,1893,http://id.lincsproject.ca/GG7c8KYY1it,P.E. Robillard,direct,1.0,1.0,1
P.E. Robillard,1894,http://id.lincsproject.ca/GG7c8KYY1it,P.E. Robillard,direct,1.0,1.0,1
"P.H. Bryce, M.D.",1904,http://www.wikidata.org/entity/Q7173023,P.H. Bryce,direct,1.0,1.0,1
P.H. Spohn,1881,http://id.lincsproject.ca/tXGyh3l7vb8,P.H. Spohn,direct,1.0,1.0,1
P.H. Spohn,1882,http://id.lincsproject.ca/tXGyh3l7vb8,P.H. Spohn,direct,1.0,1.0,1
P.H. Spohn,1883,http://id.lincsproject.ca/tXGyh3l7vb8,P.H. Spohn,direct,1.0,1.0,1
P.H. Spohn,1884,http://id.lincsproject.ca/tXGyh3l7vb8,P.H. Spohn,direct,1.0,1.0,1
P.H. Spohn,1885,http://id.lincsproject.ca/tXGyh3l7vb8,P.H. Spohn,direct,1.0,1.0,1
P.H. Spohn,1886,http://id.lincsproject.ca/tXGyh3l7vb8,P.H. Spohn,direct,1.0,1.0,1
P.H. Spohn,1887,http://id.lincsproject.ca/tXGyh3l7vb8,P.H. Spohn,direct,1.0,1.0,1
P.H. Spohn,1888,http://id.lincsproject.ca/tXGyh3l7vb8,P.H. Spohn,direct,1.0,1.0,1
P.H. Spohn,1889,http://id.lincsproject.ca/tXGyh3l7vb8,P.H. Spohn,direct,1.0,1.0,1
P.H. Spohn,1890,http://id.lincsproject.ca/tXGyh3l7vb8,P.H. Spohn,direct,1.0,1.0,1
P.J. Scott,1895,http://id.lincsproject.ca/i7i3w4E2NnC,P.J. Scott,direct,1.0,0.35,1
P.J. Scott,1896,http://id.lincsproject.ca/i7i3w4E2NnC,P.J. Scott,direct,1.0,0.35,1
P.J. Smith,1893,http://id.lincsproject.ca/Mh1YSpqVdZM,P.J. Smith,direct,1.0,0.2975,1
P.J. Williams,1881,http://id.lincsproject.ca/1RT1RgRDT4T,P.J. Williams,direct,1.0,1.0,1
P.J. Williams,1882,http://id.lincsproject.ca/1RT1RgRDT4T,P.J. Williams,direct,1.0,1.0,1
P.J. Williams,1884,http://id.lincsproject.ca/1RT1RgRDT4T,P.J. Williams,direct,1.0,1.0,1
P.J. Williams,1885,http://id.lincsproject.ca/1RT1RgRDT4T,P.J. Williams,direct,1.0,1.0,1
P.J. Williams,1886,http://id.lincsproject.ca/1RT1RgRDT4T,P.J. Williams,direct,1.0,1.0,1
P.J. Williams,1887,http://id.lincsproject.ca/1RT1RgRDT4T,P.J. Williams,direct,1.0,1.0,1
P.J. Williams,1888,http://id.lincsproject.ca/1RT1RgRDT4T,P.J. Williams,direct,1.0,1.0,1
P.J. Williams,1889,http://id.lincsproject.ca/1RT1RgRDT4T,P.J. Williams,direct,1.0,1.0,1
P.J. Williams,1890,http://id.lincsproject.ca/1RT1RgRDT4T,P.J. Williams,direct,1.0,1.0,1
P.J. Williams,1891,http://id.lincsproject.ca/1RT1RgRDT4T,P.J. Williams,direct,1.0,1.0,1
P.J. Williams,1893,http://id.lincsproject.ca/1RT1RgRDT4T,P.J. Williams,direct,1.0,0.35,1
P.J. Williams,1894,http://id.lincsproject.ca/1RT1RgRDT4T,P.J. Williams,direct,1.0,1.0,1
P.J. Williams,1895,http://id.lincsproject.ca/1RT1RgRDT4T,P.J. Williams,direct,1.0,1.0,1
P.J. Williams,1896,http://id.lincsproject.ca/1RT1RgRDT4T,P.J. Williams,direct,1.0,1.0,1
P.L. Grasse,1890,http://id.lincsproject.ca/iZCWwsWvSXx,P.L. Grasse,direct,1.0,1.0,1
P.L. Grasse,1891,http://id.lincsproject.ca/iZCWwsWvSXx,P.L. Grasse,direct,1.0,1.0,1
P.L. Grasse,1892,http://id.lincsproject.ca/iZCWwsWvSXx,P.L. Grasse,direct,1.0,1.0,1
P.L. Grasse,1893,http://id.lincsproject.ca/iZCWwsWvSXx,P.L. Grasse,direct,1.0,1.0,1
P.L. Grasse,1894,http://id.lincsproject.ca/iZCWwsWvSXx,P.L. Grasse,direct,1.0,1.0,1
P.L. Grasse,1895,http://id.lincsproject.ca/iZCWwsWvSXx,P.L. Grasse,direct,1.0,1.0,1
P.L. Grasse,1896,http://id.lincsproject.ca/iZCWwsWvSXx,P.L. Grasse,direct,1.0,1.0,1
P.O'Reilly,1892,http://viaf.org/viaf/125729442,P.O'Reilly,direct,1.0,1.0,1
"Passmore, W.J., M.D.",1899,http://id.lincsproject.ca/q6tJxLUcbVW,W.J. Passmore,direct,1.0,1.0,1
"Passmore, W.J., M.D.",1904,http://id.lincsproject.ca/q6tJxLUcbVW,W.J. Passmore,direct,1.0,1.0,1
"Pattison, A.E.",1904,http://id.lincsproject.ca/GSXF5sBP5c0,A.E. Pattison,direct,1.0,1.0,1
"Pattison, A.E.",1910,http://id.lincsproject.ca/GSXF5sBP5c0,A.E. Pattison,direct,1.0,1.0,1
"Peake, James, M.D.",1910,http://id.lincsproject.ca/Z9HcEuIdVAy,James Peake,direct,1.0,1.0,1
"Peck, G.W.",1904,http://id.lincsproject.ca/bHEE61X3ZLn,G.W. Peck,direct,1.0,1.0,1
"Pelletier, J.A., M.D.",1904,http://id.lincsproject.ca/XV2ugf1uYMk,J.A. Pelletier,direct,1.0,1.0,1
"Pelletier, J.A., M.D.",1910,http://id.lincsproject.ca/XV2ugf1uYMk,J.A. Pelletier,direct,1.0,1.0,1
"Perillard, Joseph",1899,http://id.lincsproject.ca/qokRywDBnSR,Joseph Perillard,direct,1.0,1.0,1
"Perillard, Joseph",1904,http://id.lincsproject.ca/qokRywDBnSR,Joseph Perillard,direct,1.0,1.0,1
"Perillard, Joseph",1910,http://id.lincsproject.ca/qokRywDBnSR,Joseph Perillard,direct,1.0,1.0,1
"Perley, Joseph",1910,http://id.lincsproject.ca/ppwbMhMq8OU,Joseph Perley,direct,1.0,1.0,1
"Perley, Peter",1899,http://id.lincsproject.ca/rSwe56rQdZd,Peter Perley,direct,1.0,1.0,1
"Perrie, John",1899,http://id.lincsproject.ca/7fO6RDJYgwR,John Perrie,direct,1.0,1.0,1
"Perry, A.W.",1910,http://id.lincsproject.ca/Vimnql4TwiT,A.W. Perry,direct,1.0,0.35,1
"Perry, Charles C.",1910,http://id.lincsproject.ca/qPwRzt3ZXJf,"Perry, C.C.",direct,1.0,0.35,1
"Peter E. Jones, M.D.",1895,http://viaf.org/viaf/223467275,P.E. Jone,direct,0.987,0.2845,1
"Peter E. Jones, M.D.",1896,http://viaf.org/viaf/223467275,P.E. Jone,direct,0.987,0.2845,1
Peter Hourie,1895,http://id.lincsproject.ca/EJGVPGh12mh,P. Hourie,direct,1.0,1.0,1
Peter Hourie,1896,http://id.lincsproject.ca/EJGVPGh12mh,P. Hourie,direct,1.0,1.0,1
Peter J. O'Connor,1910,http://id.lincsproject.ca/iqdip7D4N45,Peter J. O'Connor,direct,1.0,1.0,1
Peter Jos. O'Connor,1899,http://id.lincsproject.ca/iqdip7D4N45,Peter J. O'Connor,direct,1.0,1.0,1
Peter Jos. O'Connor,1904,http://id.lincsproject.ca/iqdip7D4N45,Peter J. O'Connor,direct,1.0,1.0,1
Peter O'Reilly,1895,http://viaf.org/viaf/125729442,P.O'Reilly,direct,1.0,1.0,1
Peter O'Reilly,1896,http://viaf.org/viaf/125729442,P.O'Reilly,direct,1.0,1.0,1
Peter Pennais,1895,http://id.lincsproject.ca/KsZ1US2pAwv,P. Pennais,direct,1.0,1.0,1
Peter Pennais,1896,http://id.lincsproject.ca/KsZ1US2pAwv,P. Pennais,direct,1.0,1.0,1
Peter Taylor,1893,http://id.lincsproject.ca/dHqsUO79vkX,Pete Taylor,direct,1.0,0.35,1
Peter Taylor,1894,http://id.lincsproject.ca/dHqsUO79vkX,Pete Taylor,direct,1.0,0.35,1
Peter Taylor,1895,http://id.lincsproject.ca/dHqsUO79vkX,Pete Taylor,direct,1.0,0.35,1
Peter Taylor,1896,http://id.lincsproject.ca/dHqsUO79vkX,Pete Taylor,direct,1.0,0.35,1
Philip N.L. Phelan,1910,http://id.lincsproject.ca/rtg6MQLL9cb,"Phelan, P.N.L;.",direct,1.0,0.35,1
Philip Whitford,1893,http://id.lincsproject.ca/ehbE27rup2q,Philip Whitford,direct,1.0,0.35,1
"Pidcock, Rich. H.",1897,http://id.lincsproject.ca/ZIYkcepsHTT,R.H. Pidcock,direct,1.0,1.0,1
"Pidcock, Rich. H.",1899,http://id.lincsproject.ca/ZIYkcepsHTT,R.H. Pidcock,direct,1.0,1.0,1
"Pinault, L.G., M.D.",1910,http://id.lincsproject.ca/tOkiNjzzSIS,L.G. Pinault,direct,1.0,1.0,1
"Pitre, Jeremie",1899,http://id.lincsproject.ca/MUn5iiYpeaA,Jeremie Pitre,direct,1.0,1.0,1
"Pitre, Jeremie",1904,http://id.lincsproject.ca/MUn5iiYpeaA,Jeremie Pitre,direct,1.0,1.0,1
"Pitre, Jeremie",1910,http://id.lincsproject.ca/MUn5iiYpeaA,Jeremie Pitre,direct,1.0,1.0,1
"Poitras, J.",1910,http://id.lincsproject.ca/0Smuo5Qziva,J. Poitras,direct,1.0,1.0,1
"Polk, L.",1899,http://id.lincsproject.ca/v5vCVRb7ge3,L. Polk,direct,1.0,1.0,1
"Pollock, Isaac",1897,http://id.lincsproject.ca/j9pIwFRWwDf,Isaac Pollock,direct,1.0,1.0,1
"Pollock, Isaac",1899,http://id.lincsproject.ca/j9pIwFRWwDf,Isaac Pollock,direct,1.0,1.0,1
"Pollock, Isaac",1904,http://id.lincsproject.ca/j9pIwFRWwDf,Isaac Pollock,direct,1.0,1.0,1
"Ponton, Arch. W.",1897,http://id.lincsproject.ca/tI6H2TGHW4q,A.W. Ponton,direct,1.0,1.0,1
"Ponton, Arch. W.",1899,http://id.lincsproject.ca/tI6H2TGHW4q,A.W. Ponton,direct,1.0,1.0,1
"Porter, David",1897,http://id.lincsproject.ca/aYJ1qkqW7Q0,David Porter,direct,1.0,1.0,1
"Porter, David",1899,http://id.lincsproject.ca/aYJ1qkqW7Q0,David Porter,direct,1.0,1.0,1
"Pratt, Chas. T",1904,http://id.lincsproject.ca/a8yqJXtBQbq,C. Pratt,direct,0.9825,0.3325,1
"Pratt, Chas. T.",1910,http://id.lincsproject.ca/a8yqJXtBQbq,C. Pratt,direct,0.9825,0.3325,1
"Pratt, Jos",1904,http://id.lincsproject.ca/P2PImuxKx1H,"Pratt, Jos",direct,1.0,0.35,1
"Pratt, R.",1910,http://id.lincsproject.ca/ya7VnMQrZ3c,R. Pratt,direct,1.0,0.35,1
"Pratt, Rupert",1899,http://id.lincsproject.ca/ya7VnMQrZ3c,R. Pratt,direct,1.0,1.0,1
"Pratt, Rupert",1904,http://id.lincsproject.ca/ya7VnMQrZ3c,R. Pratt,direct,1.0,0.35,1
Price Jos. H.,1904,http://id.lincsproject.ca/KBNiT5HQewC,J.H. Price,direct,1.0,1.0,1
"Price, Jos. H.",1897,http://id.lincsproject.ca/KBNiT5HQewC,J.H. Price,direct,1.0,0.2975,1
"Price, Jos. H.",1899,http://id.lincsproject.ca/KBNiT5HQewC,J.H. Price,direct,1.0,1.0,1
"Price, William Herbert",1897,http://id.lincsproject.ca/Yhg1nx6RyFS,W.H. Price,direct,1.0,0.2975,1
"Pringle, H.H., M.D.",1897,http://id.lincsproject.ca/qqGi7NNu0Sg,H.H. Pringle,direct,1.0,1.0,1
"Pringle, H.H., M.D.",1899,http://id.lincsproject.ca/qqGi7NNu0Sg,H.H. Pringle,direct,1.0,1.0,1
"Pringle, H.H., M.D.",1904,http://id.lincsproject.ca/qqGi7NNu0Sg,H.H. Pringle,direct,1.0,1.0,1
"Pringle, H.H., M.D.",1910,http://id.lincsproject.ca/qqGi7NNu0Sg,H.H. Pringle,direct,1.0,0.35,1
"Pritchard, John",1910,http://id.lincsproject.ca/UNGWQJ9nOu8,J. Pritchard,direct,1.0,1.0,1
"Proctor, E.L., M.D.",1897,http://id.lincsproject.ca/N8wqYYIO90N,E.L. Proctor,direct,1.0,1.0,1
"Proctor, E.L., M.D.",1899,http://id.lincsproject.ca/N8wqYYIO90N,E.L. Proctor,direct,1.0,1.0,1
"Proctor, E.L., M.D.",1904,http://id.lincsproject.ca/N8wqYYIO90N,E.L. Proctor,direct,1.0,1.0,1
"Purdy, J.H.",1899,http://id.lincsproject.ca/mZLLVe1Nvbp,"Purdy, J.H",direct,1.0,1.0,1
"Purdy, J.H.",1904,http://id.lincsproject.ca/mZLLVe1Nvbp,"Purdy, J.H",direct,1.0,1.0,1
"Purdy, J.H.",1910,http://id.lincsproject.ca/mZLLVe1Nvbp,"Purdy, J.H",direct,1.0,1.0,1
R. Bakes,1893,http://id.lincsproject.ca/Ksiuj7nTeuR,R. Bakes,direct,1.0,0.389,1
R. Beer,1895,http://id.lincsproject.ca/E0opm3A4JXb,R. Beer,direct,1.0,1.0,1
R. Beer,1896,http://id.lincsproject.ca/E0opm3A4JXb,R. Beer,direct,1.0,1.0,1
R. Finlayson,1893,http://id.lincsproject.ca/e5Wu29XfiGL,R. Finlayson,direct,1.0,0.35,1
R. Finlayson,1894,http://id.lincsproject.ca/e5Wu29XfiGL,R. Finlayson,direct,1.0,0.35,1
R. Mair,1895,http://id.lincsproject.ca/sh90J6f90nJ,R. Mair,direct,1.0,1.0,1
R. Mair,1896,http://id.lincsproject.ca/sh90J6f90nJ,R. Mair,direct,1.0,1.0,1
"R. McConnell, jr",1890,http://id.lincsproject.ca/aIUxYpRXdmN,"R. McConnell, jr",direct,1.0,0.3803,1
"R. McConnell, jr",1891,http://id.lincsproject.ca/aIUxYpRXdmN,"R. McConnell, jr",direct,1.0,0.3803,1
"R. McConnell, jr",1892,http://id.lincsproject.ca/aIUxYpRXdmN,"R. McConnell, jr",direct,1.0,0.3803,1
R. McKinnon,1884,http://id.lincsproject.ca/o3fRQCuyXCL,R. McKinnon,direct,1.0,0.0175,1
R. McKinnon,1885,http://id.lincsproject.ca/o3fRQCuyXCL,R. McKinnon,direct,1.0,0.0175,1
R. McKinnon,1886,http://id.lincsproject.ca/o3fRQCuyXCL,R. McKinnon,direct,1.0,0.0175,1
R. McKinnon,1887,http://id.lincsproject.ca/o3fRQCuyXCL,R. McKinnon,direct,1.0,0.0175,1
R. McKinnon,1888,http://id.lincsproject.ca/o3fRQCuyXCL,R. McKinnon,direct,1.0,1.0,1
R. McKinnon,1889,http://id.lincsproject.ca/o3fRQCuyXCL,R. McKinnon,direct,1.0,1.0,1
R. McKinnon,1890,http://id.lincsproject.ca/o3fRQCuyXCL,R. McKinnon,direct,1.0,0.35,1
R. McKinnon,1891,http://id.lincsproject.ca/o3fRQCuyXCL,R. McKinnon,direct,1.0,1.0,1
R. McKinnon,1892,http://id.lincsproject.ca/o3fRQCuyXCL,R. McKinnon,direct,1.0,1.0,1
R. McKinnon,1893,http://id.lincsproject.ca/o3fRQCuyXCL,R. McKinnon,direct,1.0,1.0,1
"R. McLearn, M.D.",1884,http://id.lincsproject.ca/f17r0CL5NG5,R. McLearn,direct,1.0,0.3556,1
R. Meehan,1890,http://id.lincsproject.ca/ffDHl68Aicb,R. Meehan,direct,1.0,1.0,1
R. Meehan,1891,http://id.lincsproject.ca/ffDHl68Aicb,R. Meehan,direct,1.0,1.0,1
R. Meehan,1892,http://id.lincsproject.ca/ffDHl68Aicb,R. Meehan,direct,1.0,1.0,1
"R. Miller, M.D.",1884,http://id.lincsproject.ca/dKXHzztXadA,Robert Miller,direct,1.0,0.35,1
R. Pratt,1889,http://id.lincsproject.ca/ya7VnMQrZ3c,R. Pratt,direct,1.0,1.0,1
R. Pratt,1890,http://id.lincsproject.ca/ya7VnMQrZ3c,R. Pratt,direct,1.0,1.0,1
R. Pratt,1891,http://id.lincsproject.ca/ya7VnMQrZ3c,R. Pratt,direct,1.0,1.0,1
R. Pratt,1892,http://id.lincsproject.ca/ya7VnMQrZ3c,R. Pratt,direct,1.0,1.0,1
R. Sedgewick,1888,http://www.wikidata.org/entity/Q7349672,R. Sedgewick,direct,1.0,1.0,1
R. Sedgewick,1889,http://www.wikidata.org/entity/Q7349672,R. Sedgewick,direct,1.0,1.0,1
R. Sedgewick,1890,http://www.wikidata.org/entity/Q7349672,R. Sedgewick,direct,1.0,1.0,1
R. Sedgewick,1891,http://www.wikidata.org/entity/Q7349672,R. Sedgewick,direct,1.0,1.0,1
R. Sedgewick,1892,http://www.wikidata.org/entity/Q7349672,R. Sedgewick,direct,1.0,1.0,1
R. Sinclair,1884,http://id.lincsproject.ca/mlH6iRw8dvo,R. Sinclair,direct,1.0,0.35,1
R. Sinclair,1885,http://id.lincsproject.ca/mlH6iRw8dvo,R. Sinclair,direct,1.0,0.35,1
R. Sinclair,1886,http://id.lincsproject.ca/mlH6iRw8dvo,R. Sinclair,direct,1.0,0.35,1
R. Sinclair,1887,http://id.lincsproject.ca/mlH6iRw8dvo,R. Sinclair,direct,1.0,0.35,1
R. Sinclair,1888,http://id.lincsproject.ca/mlH6iRw8dvo,R. Sinclair,direct,1.0,0.35,1
R. Sinclair,1889,http://id.lincsproject.ca/mlH6iRw8dvo,R. Sinclair,direct,1.0,0.35,1
R. Sinclair,1890,http://id.lincsproject.ca/mlH6iRw8dvo,R. Sinclair,direct,1.0,0.35,1
R. Sinclair,1891,http://id.lincsproject.ca/mlH6iRw8dvo,R. Sinclair,direct,1.0,0.35,1
R. Sinclair,1892,http://id.lincsproject.ca/mlH6iRw8dvo,R. Sinclair,direct,1.0,0.35,1
R. Whitney,1885,http://id.lincsproject.ca/djcP3hUF7ec,R. Whitney,direct,1.0,1.0,1
"R.A. Olloqui, M.D.",1893,http://id.lincsproject.ca/YvKODXSHtxu,R.A. Olloqui,direct,1.0,1.0,1
"R.A. Olloqui, M.D.",1894,http://id.lincsproject.ca/YvKODXSHtxu,R.A. Olloqui,direct,1.0,1.0,1
"R.A. Olloqui, M.D.",1895,http://id.lincsproject.ca/YvKODXSHtxu,R.A. Olloqui,direct,1.0,1.0,1
R.B. Steinhauer,1893,http://id.lincsproject.ca/lCPyHeqcPKy,R.B. Steinhauer,direct,1.0,1.0,1
R.B.E. Moffat,1892,http://id.lincsproject.ca/al4eaOXik0R,R.B.E. Moffat,direct,1.0,0.35,1
R.B.E. Moffat,1893,http://id.lincsproject.ca/al4eaOXik0R,R.B.E. Moffat,direct,1.0,0.35,1
R.B.E. Moffat,1894,http://id.lincsproject.ca/al4eaOXik0R,R.B.E. Moffat,direct,1.0,0.35,1
R.B.E. Moffatt,1891,http://id.lincsproject.ca/al4eaOXik0R,R.B.E. Moffat,direct,0.9944,0.35,1
R.C. Dalton,1882,http://id.lincsproject.ca/BdgssWRreLR,R.G. Dalton,direct,0.9125,0.9125,1
R.D. Swisher,1881,http://id.lincsproject.ca/QKmUX40XznM,R.D. Swisher,direct,1.0,1.0,1
R.D. Swisher,1882,http://id.lincsproject.ca/QKmUX40XznM,R.D. Swisher,direct,1.0,1.0,1
R.D. Swisher,1883,http://id.lincsproject.ca/QKmUX40XznM,R.D. Swisher,direct,1.0,1.0,1
R.E. Loring,1890,http://id.lincsproject.ca/nM57PoWntve,R.E. Loring,direct,1.0,1.0,1
R.E. Loring,1891,http://id.lincsproject.ca/nM57PoWntve,R.E. Loring,direct,1.0,1.0,1
R.E. Loring,1892,http://id.lincsproject.ca/nM57PoWntve,R.E. Loring,direct,1.0,1.0,1
R.E. Loring,1893,http://id.lincsproject.ca/nM57PoWntve,R.E. Loring,direct,1.0,1.0,1
R.E. Loring,1894,http://id.lincsproject.ca/nM57PoWntve,R.E. Loring,direct,1.0,1.0,1
R.E. Pidcock,1894,http://id.lincsproject.ca/ZIYkcepsHTT,R.H. Pidcock,direct,0.9125,0.9125,1
R.G. Dalton,1880,http://id.lincsproject.ca/BdgssWRreLR,R.G. Dalton,direct,1.0,1.0,1
R.G. Dalton,1881,http://id.lincsproject.ca/BdgssWRreLR,R.G. Dalton,direct,1.0,1.0,1
R.G. Dalton,1883,http://id.lincsproject.ca/BdgssWRreLR,R.G. Dalton,direct,1.0,1.0,1
R.G. Dalton,1884,http://id.lincsproject.ca/BdgssWRreLR,R.G. Dalton,direct,1.0,1.0,1
R.G. Dalton,1885,http://id.lincsproject.ca/BdgssWRreLR,R.G. Dalton,direct,1.0,1.0,1
R.G. Dalton,1886,http://id.lincsproject.ca/BdgssWRreLR,R.G. Dalton,direct,1.0,1.0,1
R.G. Dalton,1888,http://id.lincsproject.ca/BdgssWRreLR,R.G. Dalton,direct,1.0,1.0,1
R.G. Dalton,1889,http://id.lincsproject.ca/BdgssWRreLR,R.G. Dalton,direct,1.0,1.0,1
R.G. Dalton,1890,http://id.lincsproject.ca/BdgssWRreLR,R.G. Dalton,direct,1.0,1.0,1
R.G. Dalton,1891,http://id.lincsproject.ca/BdgssWRreLR,R.G. Dalton,direct,1.0,1.0,1
R.G. Dalton,1892,http://id.lincsproject.ca/BdgssWRreLR,R.G. Dalton,direct,1.0,1.0,1
R.G. Dalton,1893,http://id.lincsproject.ca/BdgssWRreLR,R.G. Dalton,direct,1.0,1.0,1
R.G. Dalton,1894,http://id.lincsproject.ca/BdgssWRreLR,R.G. Dalton,direct,1.0,1.0,1
R.G.R. Eden,1886,http://id.lincsproject.ca/Hu8JcGLkSvj,R.G.R. Eden,direct,1.0,1.0,1
R.G.R. Eden,1887,http://id.lincsproject.ca/Hu8JcGLkSvj,R.G.R. Eden,direct,1.0,1.0,1
R.G.R. Eden,1888,http://id.lincsproject.ca/Hu8JcGLkSvj,R.G.R. Eden,direct,1.0,1.0,1
R.H. Dee,1881,http://id.lincsproject.ca/iCwP4GCGJJe,R.H. Dee,direct,1.0,1.0,1
R.H. Dee,1882,http://id.lincsproject.ca/iCwP4GCGJJe,R.H. Dee,direct,1.0,1.0,1
R.H. Dee,1883,http://id.lincsproject.ca/iCwP4GCGJJe,R.H. Dee,direct,1.0,1.0,1
R.H. Dee,1884,http://id.lincsproject.ca/iCwP4GCGJJe,R.H. Dee,direct,1.0,1.0,1
R.H. Dee,1885,http://id.lincsproject.ca/iCwP4GCGJJe,R.H. Dee,direct,1.0,1.0,1
R.H. Dee,1886,http://id.lincsproject.ca/iCwP4GCGJJe,R.H. Dee,direct,1.0,1.0,1
R.H. Dee,1888,http://id.lincsproject.ca/iCwP4GCGJJe,R.H. Dee,direct,1.0,1.0,1
R.H. Matthews,1880,http://id.lincsproject.ca/osKrxibi0lI,R.H. Matthews,direct,1.0,1.0,1
R.H. Pidcock,1886,http://id.lincsproject.ca/ZIYkcepsHTT,R.H. Pidcock,direct,1.0,1.0,1
R.H. Pidcock,1887,http://id.lincsproject.ca/ZIYkcepsHTT,R.H. Pidcock,direct,1.0,1.0,1
R.H. Pidcock,1888,http://id.lincsproject.ca/ZIYkcepsHTT,R.H. Pidcock,direct,1.0,1.0,1
R.H. Pidcock,1889,http://id.lincsproject.ca/ZIYkcepsHTT,R.H. Pidcock,direct,1.0,1.0,1
R.H. Pidcock,1890,http://id.lincsproject.ca/ZIYkcepsHTT,R.H. Pidcock,direct,1.0,1.0,1
R.H. Pidcock,1891,http://id.lincsproject.ca/ZIYkcepsHTT,R.H. Pidcock,direct,1.0,1.0,1
R.H. Pidcock,1892,http://id.lincsproject.ca/ZIYkcepsHTT,R.H. Pidcock,direct,1.0,1.0,1
R.H. Pidcock,1893,http://id.lincsproject.ca/ZIYkcepsHTT,R.H. Pidcock,direct,1.0,1.0,1
R.J. McKinnon,1883,http://id.lincsproject.ca/1fbS0hvVVUC,R.J. McKinnon,direct,1.0,1.0,1
R.J. McKinnon,1884,http://id.lincsproject.ca/1fbS0hvVVUC,R.J. McKinnon,direct,1.0,0.0175,1
R.J. McKinnon,1885,http://id.lincsproject.ca/1fbS0hvVVUC,R.J. McKinnon,direct,1.0,0.0175,1
R.J. McKinnon,1886,http://id.lincsproject.ca/1fbS0hvVVUC,R.J. McKinnon,direct,1.0,0.0175,1
R.J. McKinnon.,1887,http://id.lincsproject.ca/1fbS0hvVVUC,R.J. McKinnon,direct,1.0,0.0175,1
R.J.N. Pither,1880,http://id.lincsproject.ca/PL0YCSYgaSR,R. Pither,direct,0.9825,0.9825,1
R.J.N. Pither,1882,http://id.lincsproject.ca/PL0YCSYgaSR,R. Pither,direct,0.9825,0.9825,1
R.J.N. Pither,1883,http://id.lincsproject.ca/PL0YCSYgaSR,R. Pither,direct,0.9825,0.9825,1
R.J.N. Pither,1884,http://id.lincsproject.ca/PL0YCSYgaSR,R. Pither,direct,0.9825,0.9825,1
R.J.N. Pither,1885,http://id.lincsproject.ca/PL0YCSYgaSR,R. Pither,direct,0.9825,0.9825,1
R.J.N. Pither,1886,http://id.lincsproject.ca/PL0YCSYgaSR,R. Pither,direct,0.9825,0.9825,1
R.J.N. Pither,1887,http://id.lincsproject.ca/PL0YCSYgaSR,R. Pither,direct,0.9825,0.9825,1
R.J.N. Pither,1888,http://id.lincsproject.ca/PL0YCSYgaSR,R. Pither,direct,0.9825,0.9825,1
R.J.N. Pither,1889,http://id.lincsproject.ca/PL0YCSYgaSR,R. Pither,direct,0.9825,0.9825,1
R.J.N. Pither,1890,http://id.lincsproject.ca/PL0YCSYgaSR,R. Pither,direct,0.9825,0.9825,1
R.J.N. Pither,1891,http://id.lincsproject.ca/PL0YCSYgaSR,R. Pither,direct,0.9825,0.9825,1
R.J.N. Pither,1892,http://id.lincsproject.ca/PL0YCSYgaSR,R. Pither,direct,0.9825,0.9825,1
R.J.N. Pither,1893,http://id.lincsproject.ca/PL0YCSYgaSR,R. Pither,direct,0.9825,0.9825,1
R.J.N. Pither,1894,http://id.lincsproject.ca/PL0YCSYgaSR,R. Pither,direct,0.9825,0.9825,1
R.J.N. Pither,1895,http://id.lincsproject.ca/PL0YCSYgaSR,R. Pither,direct,0.9825,0.9825,1
R.J.N. Pither,1896,http://id.lincsproject.ca/PL0YCSYgaSR,R. Pither,direct,0.9825,0.9825,1
"R.J.N. Pither,",1881,http://id.lincsproject.ca/PL0YCSYgaSR,R. Pither,direct,0.9825,0.9825,1
R.L. Orr,1889,http://id.lincsproject.ca/PC5gRXSjvvp,R.L. Orr,direct,1.0,0.35,1
R.L. Orr,1890,http://id.lincsproject.ca/PC5gRXSjvvp,R.L. Orr,direct,1.0,0.35,1
R.L. Orr,1891,http://id.lincsproject.ca/PC5gRXSjvvp,R.L. Orr,direct,1.0,0.35,1
R.L. Orr,1892,http://id.lincsproject.ca/PC5gRXSjvvp,R.L. Orr,direct,1.0,0.35,1
R.L.T. Galbraith,1894,http://id.lincsproject.ca/ChxNpHhbqHb,R.L.T. Galbraith,direct,1.0,1.0,1
R.L.T. Galbraith,1895,http://id.lincsproject.ca/ChxNpHhbqHb,R.L.T. Galbraith,direct,1.0,1.0,1
R.L.T. Galbraith,1896,http://id.lincsproject.ca/ChxNpHhbqHb,R.L.T. Galbraith,direct,1.0,1.0,1
R.M. Fisher,1895,http://id.lincsproject.ca/brMrHJbnoAG,R.M. Fisher,direct,1.0,0.35,1
R.M. Fisher,1896,http://id.lincsproject.ca/brMrHJbnoAG,R.M. Fisher,direct,1.0,0.3803,1
R.M. Stephen,1882,http://id.lincsproject.ca/Diqu8wCcPOS,R.M. Stephen,direct,1.0,1.0,1
R.M. Stephen,1883,http://id.lincsproject.ca/Diqu8wCcPOS,R.M. Stephen,direct,1.0,1.0,1
R.M. Stephen,1884,http://id.lincsproject.ca/Diqu8wCcPOS,R.M. Stephen,direct,1.0,1.0,1
R.M. Stephen,1885,http://id.lincsproject.ca/Diqu8wCcPOS,R.M. Stephen,direct,1.0,1.0,1
R.M. Stephen,1886,http://id.lincsproject.ca/Diqu8wCcPOS,R.M. Stephen,direct,1.0,1.0,1
R.M. Stephen,1887,http://id.lincsproject.ca/Diqu8wCcPOS,R.M. Stephen,direct,1.0,1.0,1
R.M. Stephen,1888,http://id.lincsproject.ca/Diqu8wCcPOS,R.M. Stephen,direct,1.0,1.0,1
R.M. Stephen,1889,http://id.lincsproject.ca/Diqu8wCcPOS,R.M. Stephen,direct,1.0,1.0,1
R.M. Stephen,1890,http://id.lincsproject.ca/Diqu8wCcPOS,R.M. Stephen,direct,1.0,1.0,1
R.M. Stephen,1891,http://id.lincsproject.ca/Diqu8wCcPOS,R.M. Stephen,direct,1.0,1.0,1
R.M. Stephen,1892,http://id.lincsproject.ca/Diqu8wCcPOS,R.M. Stephen,direct,1.0,1.0,1
R.M. Stephen,1893,http://id.lincsproject.ca/Diqu8wCcPOS,R.M. Stephen,direct,1.0,1.0,1
R.M. Stephen,1894,http://id.lincsproject.ca/Diqu8wCcPOS,R.M. Stephen,direct,1.0,1.0,1
R.M. Stephen,1895,http://id.lincsproject.ca/Diqu8wCcPOS,R.M. Stephen,direct,1.0,1.0,1
R.M. Stephen,1896,http://id.lincsproject.ca/Diqu8wCcPOS,R.M. Stephen,direct,1.0,1.0,1
R.S. Ennis,1891,http://id.lincsproject.ca/lCqcQybbRsd,R.S. Ennis,direct,1.0,1.0,1
R.S. McKenzie,1888,http://id.lincsproject.ca/roPHcFyFK7Y,McKenzie R.S.,direct,1.0,0.2479,1
R.S. McKenzie,1889,http://id.lincsproject.ca/roPHcFyFK7Y,McKenzie R.S.,direct,1.0,0.2479,1
R.S. McKenzie,1890,http://id.lincsproject.ca/roPHcFyFK7Y,McKenzie R.S.,direct,1.0,0.2479,1
R.S. McKenzie,1891,http://id.lincsproject.ca/roPHcFyFK7Y,McKenzie R.S.,direct,1.0,0.2479,1
R.S. McKenzie,1892,http://id.lincsproject.ca/roPHcFyFK7Y,McKenzie R.S.,direct,1.0,0.2479,1
R.S. McKenzie,1893,http://id.lincsproject.ca/roPHcFyFK7Y,McKenzie R.S.,direct,1.0,0.2479,1
R.S. McKenzie,1894,http://id.lincsproject.ca/roPHcFyFK7Y,McKenzie R.S.,direct,1.0,0.2479,1
R.S. McKenzie,1895,http://id.lincsproject.ca/roPHcFyFK7Y,McKenzie R.S.,direct,1.0,0.2479,1
R.S. McKenzie,1896,http://id.lincsproject.ca/roPHcFyFK7Y,McKenzie R.S.,direct,1.0,0.2479,1
R.W. Scott,1892,http://id.lincsproject.ca/QUuL1TEg3y4,R.W. Scott,direct,1.0,0.2975,1
R.W. Scott,1893,http://id.lincsproject.ca/QUuL1TEg3y4,R.W. Scott,direct,1.0,0.2975,1
R.W. Scott,1894,http://id.lincsproject.ca/QUuL1TEg3y4,R.W. Scott,direct,1.0,0.35,1
R.W. Scott,1895,http://id.lincsproject.ca/QUuL1TEg3y4,R.W. Scott,direct,1.0,0.35,1
"Race, G.H.",1904,http://id.lincsproject.ca/n4SZYhcb2i9,Race G.H.,direct,1.0,1.0,1
"Race, G.H.",1910,http://id.lincsproject.ca/n4SZYhcb2i9,Race G.H.,direct,1.0,1.0,1
"Race, Geo. H.",1899,http://id.lincsproject.ca/n4SZYhcb2i9,Race G.H.,direct,1.0,1.0,1
"Rand, F.A., M.D.",1910,http://id.lincsproject.ca/Fkf1GtVxhPv,Fred A. Rand,direct,1.0,1.0,1
"Rand, Fred A., M.D.",1897,http://id.lincsproject.ca/Fkf1GtVxhPv,Fred A. Rand,direct,1.0,1.0,1
"Rand, Fred. A., M.D.",1899,http://id.lincsproject.ca/Fkf1GtVxhPv,Fred A. Rand,direct,1.0,1.0,1
"Rand, Fred. A., M.D.",1904,http://id.lincsproject.ca/Fkf1GtVxhPv,Fred A. Rand,direct,1.0,1.0,2
"Rand, Fred. A., M.D.",1910,http://id.lincsproject.ca/Fkf1GtVxhPv,Fred A. Rand,direct,1.0,1.0,1
"Rattray, W.S.",1904,http://id.lincsproject.ca/AjUqPab4rlm,W.S. Rattray,direct,1.0,1.0,1
Re. S.J. Crumley,1890,http://id.lincsproject.ca/Iv1PDMtGpne,S.J. Crumley,direct,1.0,1.0,1
"Reader, Joseph",1897,http://id.lincsproject.ca/0gm8EJgp4qe,J. Reader,direct,1.0,1.0,1
"Reeves, James, M.D.",1910,http://id.lincsproject.ca/sTZuOqTqVmM,James Reeves,direct,1.0,1.0,1
Reginald Rimmer,1899,http://id.lincsproject.ca/L3ZRTNsBJcZ,Reginald Rimmer,direct,1.0,1.0,1
"Reid, J. Lestock, Sr.",1904,http://id.lincsproject.ca/qymebtxh2uU,"Reid, John",direct,1.0,0.0175,1
"Reid, J.A., M.D.",1897,http://id.lincsproject.ca/lGGc8OdHZyN,J.A. Reid,direct,1.0,1.0,1
"Reid, J.A., M.D.",1899,http://id.lincsproject.ca/lGGc8OdHZyN,J.A. Reid,direct,1.0,1.0,1
"Reid, J.L., M.D.",1904,http://id.lincsproject.ca/QsTqZhAZW2p,J.L. Reid,direct,1.0,0.0175,1
"Reid, J.L., M.D.",1910,http://id.lincsproject.ca/QsTqZhAZW2p,J.L. Reid,direct,1.0,0.0175,1
"Renaud, J.A.",1910,http://id.lincsproject.ca/6kV9RnUYBBp,"Renaud, J.A.",direct,1.0,0.4092,1
Rev H.P. Chase,1883,http://id.lincsproject.ca/al2hyO3z6h5,H.P. Chase,direct,1.0,0.4128,1
Rev J.F. Carson,1887,http://id.lincsproject.ca/PbLqlM6PkAE,J.F. Carson,direct,1.0,1.0,1
Rev. A. Cameron,1889,http://id.lincsproject.ca/mNJFMfaA3yt,Angus Cameron,direct,1.0,1.0,1
Rev. A. Cameron,1890,http://id.lincsproject.ca/mNJFMfaA3yt,Angus Cameron,direct,1.0,0.35,1
Rev. A. Cameron,1892,http://id.lincsproject.ca/mNJFMfaA3yt,Angus Cameron,direct,1.0,0.35,1
"Rev. A. Cameron, D.D.",1893,http://id.lincsproject.ca/mNJFMfaA3yt,Angus Cameron,direct,1.0,0.35,1
"Rev. A. Cameron, D.D.",1894,http://id.lincsproject.ca/mNJFMfaA3yt,Angus Cameron,direct,1.0,0.35,1
"Rev. A. Cameron, D.D.",1895,http://id.lincsproject.ca/mNJFMfaA3yt,Angus Cameron,direct,1.0,0.35,1
"Rev. A. Cameron, D.D.",1896,http://id.lincsproject.ca/mNJFMfaA3yt,Angus Cameron,direct,1.0,0.35,1
Rev. A. Jamieson,1881,http://id.lincsproject.ca/NLKGKLzzW0l,A. Jamieson,direct,1.0,1.0,1
Rev. A. Jamieson,1882,http://id.lincsproject.ca/NLKGKLzzW0l,A. Jamieson,direct,1.0,1.0,1
Rev. A. Jamieson,1883,http://id.lincsproject.ca/NLKGKLzzW0l,A. Jamieson,direct,1.0,1.0,1
Rev. A. Jamieson,1884,http://id.lincsproject.ca/NLKGKLzzW0l,A. Jamieson,direct,1.0,1.0,1
Rev. A. Jamieson,1885,http://id.lincsproject.ca/NLKGKLzzW0l,A. Jamieson,direct,1.0,1.0,1
Rev. A. Naessens,1891,http://id.lincsproject.ca/sCLuVqoVWbL,A. Naessens,direct,1.0,1.0,1
Rev. A. Naessens,1892,http://id.lincsproject.ca/sCLuVqoVWbL,A. Naessens,direct,1.0,1.0,1
Rev. A.F. McGillivray,1880,http://id.lincsproject.ca/KXH9cKZrOif,A.F. McGillivray,direct,1.0,0.4296,1
Rev. A.G. Smith,1885,http://id.lincsproject.ca/sarvAybyQqy,A.G. Smith,direct,1.0,0.35,1
Rev. A.G. Smith,1886,http://id.lincsproject.ca/sarvAybyQqy,A.G. Smith,direct,1.0,0.35,1
Rev. A.G. Smith,1888,http://id.lincsproject.ca/sarvAybyQqy,A.G. Smith,direct,1.0,0.2975,1
Rev. A.G. Smith,1889,http://id.lincsproject.ca/sarvAybyQqy,A.G. Smith,direct,1.0,0.2975,1
Rev. A.G. Smith,1890,http://id.lincsproject.ca/sarvAybyQqy,A.G. Smith,direct,1.0,0.2975,1
Rev. A.G. Smith,1891,http://id.lincsproject.ca/sarvAybyQqy,A.G. Smith,direct,1.0,0.2975,1
Rev. A.G. Smith,1892,http://id.lincsproject.ca/sarvAybyQqy,A.G. Smith,direct,1.0,0.2975,1
Rev. A.G. Smith,1893,http://id.lincsproject.ca/sarvAybyQqy,A.G. Smith,direct,1.0,0.2975,1
Rev. A.G. Smith,1894,http://id.lincsproject.ca/sarvAybyQqy,A.G. Smith,direct,1.0,0.2975,1
Rev. A.M. Carion,1893,http://id.lincsproject.ca/6Tn1uQDyKbJ,A.M. Carion,direct,1.0,1.0,1
Rev. A.P. Desmond,1885,http://id.lincsproject.ca/CZzzASJtysV,A.P. Desmond,direct,1.0,1.0,1
Rev. A.P. Desmond,1886,http://id.lincsproject.ca/CZzzASJtysV,A.P. Desmond,direct,1.0,1.0,1
Rev. A.P. Desmond,1887,http://id.lincsproject.ca/CZzzASJtysV,A.P. Desmond,direct,1.0,1.0,1
Rev. A.P. Desmond,1888,http://id.lincsproject.ca/CZzzASJtysV,A.P. Desmond,direct,1.0,1.0,1
Rev. A.P. Desmond,1889,http://id.lincsproject.ca/CZzzASJtysV,A.P. Desmond,direct,1.0,1.0,1
Rev. A.P. Desmond,1890,http://id.lincsproject.ca/CZzzASJtysV,A.P. Desmond,direct,1.0,1.0,1
Rev. A.P. Desmond,1891,http://id.lincsproject.ca/CZzzASJtysV,A.P. Desmond,direct,1.0,1.0,1
Rev. Charles Guay,1886,http://id.lincsproject.ca/tRHPQnBUQgw,Charles Guay,direct,1.0,1.0,1
Rev. Charles Guay,1887,http://id.lincsproject.ca/tRHPQnBUQgw,Charles Guay,direct,1.0,1.0,1
Rev. D. McIsaac,1881,http://id.lincsproject.ca/exXu3xz5EVL,Donald McIsaac,direct,1.0,1.0,1
Rev. D. McIsaac,1882,http://id.lincsproject.ca/exXu3xz5EVL,Donald McIsaac,direct,1.0,1.0,1
Rev. D. McIsaac,1887,http://id.lincsproject.ca/exXu3xz5EVL,Donald McIsaac,direct,1.0,1.0,1
Rev. D. McIsaac,1888,http://id.lincsproject.ca/exXu3xz5EVL,Donald McIsaac,direct,1.0,1.0,1
Rev. D. McIsaac,1889,http://id.lincsproject.ca/exXu3xz5EVL,Donald McIsaac,direct,1.0,1.0,1
Rev. D. McIsaac,1890,http://id.lincsproject.ca/exXu3xz5EVL,Donald McIsaac,direct,1.0,1.0,1
Rev. D. McIsaac,1891,http://id.lincsproject.ca/exXu3xz5EVL,Donald McIsaac,direct,1.0,1.0,1
Rev. D. McIsaac,1892,http://id.lincsproject.ca/exXu3xz5EVL,Donald McIsaac,direct,1.0,1.0,1
Rev. D. McIsaac,1893,http://id.lincsproject.ca/exXu3xz5EVL,Donald McIsaac,direct,1.0,1.0,1
Rev. D. McIsaac,1894,http://id.lincsproject.ca/exXu3xz5EVL,Donald McIsaac,direct,1.0,1.0,1
Rev. D. McIsaac,1895,http://id.lincsproject.ca/exXu3xz5EVL,Donald McIsaac,direct,1.0,1.0,1
Rev. D. McIsaac,1896,http://id.lincsproject.ca/exXu3xz5EVL,Donald McIsaac,direct,1.0,1.0,1
Rev. D. McIssac,1880,http://id.lincsproject.ca/exXu3xz5EVL,Donald McIsaac,direct,0.9759,0.9759,1
Rev. D. McIssac,1883,http://id.lincsproject.ca/exXu3xz5EVL,Donald McIsaac,direct,0.9759,0.9759,1
Rev. D. McIssac,1884,http://id.lincsproject.ca/exXu3xz5EVL,Donald McIsaac,direct,0.9759,0.9759,1
Rev. D. McIssac,1885,http://id.lincsproject.ca/exXu3xz5EVL,Donald McIsaac,direct,0.9759,0.9759,1
Rev. D. McIssac,1886,http://id.lincsproject.ca/exXu3xz5EVL,Donald McIsaac,direct,0.9759,0.9759,1
Rev. D. O'Sullivan,1892,http://id.lincsproject.ca/ISWzDRocv1Y,Daniel O'Sullivan,direct,1.0,1.0,1
Rev. D. O'Sullivan,1893,http://id.lincsproject.ca/ISWzDRocv1Y,Daniel O'Sullivan,direct,1.0,1.0,1
Rev. D. O'Sullivan,1894,http://id.lincsproject.ca/ISWzDRocv1Y,Daniel O'Sullivan,direct,1.0,1.0,1
Rev. D. O'Sullivan,1895,http://id.lincsproject.ca/ISWzDRocv1Y,Daniel O'Sullivan,direct,1.0,1.0,1
Rev. D. O'Sullivan,1896,http://id.lincsproject.ca/ISWzDRocv1Y,Daniel O'Sullivan,direct,1.0,1.0,1
Rev. D.C. O'Connor,1882,http://id.lincsproject.ca/JIgL0sWezHQ,D.C. O'Connor,direct,1.0,1.0,1
Rev. D.C. O'Connor,1884,http://id.lincsproject.ca/JIgL0sWezHQ,D.C. O'Connor,direct,1.0,1.0,1
Rev. D.C.O'Connor,1881,http://id.lincsproject.ca/JIgL0sWezHQ,D.C. O'Connor,direct,1.0,1.0,1
Rev. E. Claude,1886,http://id.lincsproject.ca/ruuAGx9KIdS,E. Claude,direct,1.0,1.0,1
Rev. E. Claude,1887,http://id.lincsproject.ca/ruuAGx9KIdS,E. Claude,direct,1.0,1.0,1
Rev. E. Claude,1888,http://id.lincsproject.ca/ruuAGx9KIdS,E. Claude,direct,1.0,1.0,1
Rev. E. Claude,1889,http://id.lincsproject.ca/ruuAGx9KIdS,E. Claude,direct,1.0,1.0,1
Rev. E. Claude,1890,http://id.lincsproject.ca/ruuAGx9KIdS,E. Claude,direct,1.0,1.0,1
Rev. E. J. McCarthy,1883,http://id.lincsproject.ca/o00w3faxBCj,E.J. McCarthy,direct,1.0,1.0,1
Rev. E.H.M. Baker,1881,http://id.lincsproject.ca/1llmd07QF8i,E.H.M. Baker,direct,1.0,1.0,1
Rev. E.H.M. Baker,1882,http://id.lincsproject.ca/1llmd07QF8i,E.H.M. Baker,direct,1.0,1.0,1
Rev. E.H.M. Baker,1883,http://id.lincsproject.ca/1llmd07QF8i,E.H.M. Baker,direct,1.0,1.0,1
Rev. E.H.M. Baker,1884,http://id.lincsproject.ca/1llmd07QF8i,E.H.M. Baker,direct,1.0,1.0,1
Rev. E.H.M. Baker,1885,http://id.lincsproject.ca/1llmd07QF8i,E.H.M. Baker,direct,1.0,1.0,1
Rev. E.J. Bannon,1884,http://id.lincsproject.ca/jIVlov1n0c9,E.J. Bannon,direct,1.0,1.0,1
Rev. E.J. Bannon,1885,http://id.lincsproject.ca/jIVlov1n0c9,E.J. Bannon,direct,1.0,1.0,1
Rev. E.J. Bannon,1886,http://id.lincsproject.ca/jIVlov1n0c9,E.J. Bannon,direct,1.0,1.0,1
Rev. E.J. Bannon,1887,http://id.lincsproject.ca/jIVlov1n0c9,E.J. Bannon,direct,1.0,1.0,1
Rev. E.J. Bannon,1888,http://id.lincsproject.ca/jIVlov1n0c9,E.J. Bannon,direct,1.0,1.0,1
Rev. E.J. Bannon,1889,http://id.lincsproject.ca/jIVlov1n0c9,E.J. Bannon,direct,1.0,1.0,1
Rev. E.J. Bannon,1890,http://id.lincsproject.ca/jIVlov1n0c9,E.J. Bannon,direct,1.0,1.0,1
Rev. E.J. Bannon,1891,http://id.lincsproject.ca/jIVlov1n0c9,E.J. Bannon,direct,1.0,1.0,1
Rev. E.J. Bannon,1892,http://id.lincsproject.ca/jIVlov1n0c9,E.J. Bannon,direct,1.0,1.0,1
Rev. E.J. Bannon,1893,http://id.lincsproject.ca/jIVlov1n0c9,E.J. Bannon,direct,1.0,1.0,1
Rev. E.J. Bannon,1895,http://id.lincsproject.ca/jIVlov1n0c9,E.J. Bannon,direct,1.0,1.0,1
Rev. E.J. Bannon,1896,http://id.lincsproject.ca/jIVlov1n0c9,E.J. Bannon,direct,1.0,1.0,1
Rev. E.J. McCarthy,1880,http://id.lincsproject.ca/o00w3faxBCj,E.J. McCarthy,direct,1.0,1.0,1
Rev. E.J. McCarthy,1881,http://id.lincsproject.ca/o00w3faxBCj,E.J. McCarthy,direct,1.0,0.4229,1
Rev. E.J. McCarthy,1882,http://id.lincsproject.ca/o00w3faxBCj,E.J. McCarthy,direct,1.0,0.4229,1
Rev. E.T. Bannon,1894,http://id.lincsproject.ca/jIVlov1n0c9,E.J. Bannon,direct,0.9125,0.9125,1
Rev. F. Beliveau,1890,http://id.lincsproject.ca/nnipwRdJPvf,F. Beliveau,direct,1.0,0.175,1
Rev. F. Beliveau,1891,http://id.lincsproject.ca/nnipwRdJPvf,F. Beliveau,direct,1.0,0.175,1
Rev. F. Boucher,1880,http://id.lincsproject.ca/Mjen8JtRsd7,F. Boucher,direct,1.0,0.35,1
Rev. F. Marcoux,1880,http://id.lincsproject.ca/PMBZlbTp9FT,F. Marcoux,direct,1.0,1.0,1
Rev. F. Marcoux,1881,http://id.lincsproject.ca/PMBZlbTp9FT,F. Marcoux,direct,1.0,1.0,1
Rev. F. Marcoux,1882,http://id.lincsproject.ca/PMBZlbTp9FT,F. Marcoux,direct,1.0,1.0,1
Rev. F. Marcoux,1883,http://id.lincsproject.ca/PMBZlbTp9FT,F. Marcoux,direct,1.0,1.0,1
"Rev. G. Bourget, Rev. P",1899,http://id.lincsproject.ca/wBoCl4zkcI4,P. Bourget,direct,1.0,1.0,1
Rev. G. Donckele,1890,http://id.lincsproject.ca/ONCnKExN1FZ,G. Donckele,direct,1.0,1.0,1
Rev. G. Donckele,1891,http://id.lincsproject.ca/ONCnKExN1FZ,G. Donckele,direct,1.0,1.0,1
Rev. G. Donckele,1892,http://id.lincsproject.ca/ONCnKExN1FZ,G. Donckele,direct,1.0,1.0,1
Rev. G. Donckele,1893,http://id.lincsproject.ca/ONCnKExN1FZ,G. Donckele,direct,1.0,1.0,1
Rev. G. Giroux,1881,http://id.lincsproject.ca/rNPEu5oh6mg,G. Giroux,direct,1.0,1.0,1
Rev. G. Giroux,1882,http://id.lincsproject.ca/rNPEu5oh6mg,G. Giroux,direct,1.0,1.0,1
Rev. G. Giroux,1883,http://id.lincsproject.ca/rNPEu5oh6mg,G. Giroux,direct,1.0,1.0,1
Rev. G. Giroux,1884,http://id.lincsproject.ca/rNPEu5oh6mg,G. Giroux,direct,1.0,1.0,1
Rev. G. Giroux,1885,http://id.lincsproject.ca/rNPEu5oh6mg,G. Giroux,direct,1.0,1.0,1
Rev. G. Giroux,1886,http://id.lincsproject.ca/rNPEu5oh6mg,G. Giroux,direct,1.0,1.0,1
Rev. G. Giroux,1887,http://id.lincsproject.ca/rNPEu5oh6mg,G. Giroux,direct,1.0,1.0,1
Rev. G. Giroux,1888,http://id.lincsproject.ca/rNPEu5oh6mg,G. Giroux,direct,1.0,1.0,1
Rev. G. Giroux,1889,http://id.lincsproject.ca/rNPEu5oh6mg,G. Giroux,direct,1.0,1.0,1
Rev. G. Giroux,1890,http://id.lincsproject.ca/rNPEu5oh6mg,G. Giroux,direct,1.0,1.0,1
Rev. G. Giroux,1891,http://id.lincsproject.ca/rNPEu5oh6mg,G. Giroux,direct,1.0,1.0,1
Rev. G. Giroux,1892,http://id.lincsproject.ca/rNPEu5oh6mg,G. Giroux,direct,1.0,1.0,1
Rev. G. Giroux,1893,http://id.lincsproject.ca/rNPEu5oh6mg,G. Giroux,direct,1.0,1.0,1
Rev. G. Giroux,1894,http://id.lincsproject.ca/rNPEu5oh6mg,G. Giroux,direct,1.0,1.0,1
Rev. G. Giroux,1895,http://id.lincsproject.ca/rNPEu5oh6mg,G. Giroux,direct,1.0,1.0,1
Rev. G. Giroux,1896,http://id.lincsproject.ca/rNPEu5oh6mg,G. Giroux,direct,1.0,1.0,1
Rev. G.A. Anderson,1886,http://id.lincsproject.ca/C92lRWDo9mO,G.A. Anderson,direct,1.0,0.35,1
Rev. G.A. Anderson,1887,http://id.lincsproject.ca/C92lRWDo9mO,G.A. Anderson,direct,1.0,0.35,1
Rev. G.A. Anderson,1888,http://id.lincsproject.ca/C92lRWDo9mO,G.A. Anderson,direct,1.0,0.35,1
Rev. G.A. Anderson,1889,http://id.lincsproject.ca/C92lRWDo9mO,G.A. Anderson,direct,1.0,0.35,1
Rev. G.A. Anderson,1890,http://id.lincsproject.ca/C92lRWDo9mO,G.A. Anderson,direct,1.0,0.35,1
Rev. G.A. Anderson,1891,http://id.lincsproject.ca/C92lRWDo9mO,G.A. Anderson,direct,1.0,0.35,1
Rev. G.A. Anderson,1892,http://id.lincsproject.ca/C92lRWDo9mO,G.A. Anderson,direct,1.0,0.35,1
Rev. G.A. Anderson,1893,http://id.lincsproject.ca/C92lRWDo9mO,G.A. Anderson,direct,1.0,0.35,1
Rev. G.A. Anderson,1894,http://id.lincsproject.ca/C92lRWDo9mO,G.A. Anderson,direct,1.0,0.35,1
Rev. G.A. Anderson,1895,http://id.lincsproject.ca/C92lRWDo9mO,G.A. Anderson,direct,1.0,0.35,1
Rev. G.A. Anderson,1896,http://id.lincsproject.ca/C92lRWDo9mO,G.A. Anderson,direct,1.0,0.35,1
Rev. H.P. Chase,1881,http://id.lincsproject.ca/al2hyO3z6h5,H.P. Chase,direct,1.0,0.4128,1
Rev. H.P. Chase,1882,http://id.lincsproject.ca/al2hyO3z6h5,H.P. Chase,direct,1.0,0.4128,1
Rev. H.P. Chase,1884,http://id.lincsproject.ca/al2hyO3z6h5,H.P. Chase,direct,1.0,0.4128,1
Rev. J. C. McDevitt,1882,http://id.lincsproject.ca/ynnAF7mcFSw,J.C. McDevitt,direct,1.0,1.0,1
Rev. J. Dorais,1890,http://id.lincsproject.ca/iKMVZ332OAX,J. Dorais,direct,1.0,0.402,1
Rev. J. Dorais,1891,http://id.lincsproject.ca/iKMVZ332OAX,J. Dorais,direct,1.0,1.0,1
Rev. J. Dorais,1892,http://id.lincsproject.ca/iKMVZ332OAX,J. Dorais,direct,1.0,1.0,1
Rev. J. Gagné,1886,http://id.lincsproject.ca/xSGOwfXI0xY,J. Gagne,direct,1.0,1.0,1
Rev. J. Gagné,1887,http://id.lincsproject.ca/xSGOwfXI0xY,J. Gagne,direct,1.0,1.0,1
Rev. J. Gagné,1888,http://id.lincsproject.ca/xSGOwfXI0xY,J. Gagne,direct,1.0,1.0,1
Rev. J. Gagné,1889,http://id.lincsproject.ca/xSGOwfXI0xY,J. Gagne,direct,1.0,1.0,1
Rev. J. Gagné,1890,http://id.lincsproject.ca/xSGOwfXI0xY,J. Gagne,direct,1.0,1.0,1
Rev. J. Gagné,1891,http://id.lincsproject.ca/xSGOwfXI0xY,J. Gagne,direct,1.0,1.0,1
Rev. J. Gagné,1892,http://id.lincsproject.ca/xSGOwfXI0xY,J. Gagne,direct,1.0,1.0,1
Rev. J. Gagné,1894,http://id.lincsproject.ca/xSGOwfXI0xY,J. Gagne,direct,1.0,1.0,1
Rev. J. Hugonard,1889,http://www.wikidata.org/entity/Q111524427,J. Hugonard,direct,1.0,1.0,1
Rev. J. Hugonnard,1890,http://www.wikidata.org/entity/Q111524427,J. Hugonard,direct,0.9986,0.9986,1
Rev. J. Hugonnard,1891,http://www.wikidata.org/entity/Q111524427,J. Hugonard,direct,0.9986,0.9986,1
Rev. J. Hugonnard,1892,http://www.wikidata.org/entity/Q111524427,J. Hugonard,direct,0.9986,0.9986,1
Rev. J. McAgentugall,1880,http://id.lincsproject.ca/SPEZIORj41y,J. McAgentugall,direct,1.0,0.3931,1
Rev. J. McDougall,1883,http://viaf.org/viaf/52927331,J. McDougall,direct,1.0,0.4128,1
Rev. J. McDougall,1884,http://viaf.org/viaf/52927331,J. McDougall,direct,1.0,0.4128,1
Rev. J. McDougall,1885,http://viaf.org/viaf/52927331,J. McDougall,direct,1.0,0.4128,1
Rev. J. McDougall,1886,http://viaf.org/viaf/52927331,J. McDougall,direct,1.0,0.4128,1
Rev. J. McDougall,1887,http://viaf.org/viaf/52927331,J. McDougall,direct,1.0,0.0803,1
Rev. J. McDougall,1888,http://viaf.org/viaf/52927331,J. McDougall,direct,1.0,0.0803,1
Rev. J. McDougall,1889,http://viaf.org/viaf/52927331,J. McDougall,direct,1.0,0.0803,1
Rev. J.A. McLeod,1892,http://id.lincsproject.ca/yIxOAu36SGA,J.A. McLeod,direct,1.0,0.1612,1
Rev. J.A. McLeod.,1891,http://id.lincsproject.ca/yIxOAu36SGA,J.A. McLeod,direct,1.0,0.1612,1
Rev. J.C. Chisholm,1894,http://id.lincsproject.ca/8vnlUcr5j7H,J.C. Chisholm,direct,1.0,0.2975,1
Rev. J.C. Chisholm,1895,http://id.lincsproject.ca/8vnlUcr5j7H,J.C. Chisholm,direct,1.0,0.2975,1
Rev. J.C. Chisholm,1896,http://id.lincsproject.ca/8vnlUcr5j7H,J.C. Chisholm,direct,1.0,0.2975,1
Rev. J.C. McDevitt,1880,http://id.lincsproject.ca/ynnAF7mcFSw,J.C. McDevitt,direct,1.0,1.0,1
Rev. J.C. McDevitt,1881,http://id.lincsproject.ca/ynnAF7mcFSw,J.C. McDevitt,direct,1.0,1.0,1
Rev. J.C. McDevitt,1883,http://id.lincsproject.ca/ynnAF7mcFSw,J.C. McDevitt,direct,1.0,1.0,1
Rev. J.C. McDevitt,1884,http://id.lincsproject.ca/ynnAF7mcFSw,J.C. McDevitt,direct,1.0,0.4345,1
Rev. J.C. McDevitt,1885,http://id.lincsproject.ca/ynnAF7mcFSw,J.C. McDevitt,direct,1.0,0.4345,1
Rev. J.C. McDevitt,1886,http://id.lincsproject.ca/ynnAF7mcFSw,J.C. McDevitt,direct,1.0,0.4345,1
Rev. J.C. McDevitt,1888,http://id.lincsproject.ca/ynnAF7mcFSw,J.C. McDevitt,direct,1.0,0.4345,1
Rev. J.F. Carson,1886,http://id.lincsproject.ca/PbLqlM6PkAE,J.F. Carson,direct,1.0,0.35,1
Rev. J.F. Carson,1888,http://id.lincsproject.ca/PbLqlM6PkAE,J.F. Carson,direct,1.0,1.0,1
Rev. J.F. Carson,1889,http://id.lincsproject.ca/PbLqlM6PkAE,J.F. Carson,direct,1.0,1.0,1
Rev. J.J. Chisholm,1884,http://id.lincsproject.ca/zZXmfSwpUD9,Rev. J.J. Chisholm,direct,1.0,1.0,1
Rev. J.J. O'Leary,1880,http://id.lincsproject.ca/86HQqrbkMDa,J.J. O'Leary,direct,1.0,1.0,1
Rev. J.J. O'Leary,1881,http://id.lincsproject.ca/86HQqrbkMDa,J.J. O'Leary,direct,1.0,1.0,1
Rev. J.J. O'Leary,1882,http://id.lincsproject.ca/86HQqrbkMDa,J.J. O'Leary,direct,1.0,1.0,1
Rev. J.J. O'Leary,1883,http://id.lincsproject.ca/86HQqrbkMDa,J.J. O'Leary,direct,1.0,1.0,1
Rev. J.J. O'Leary,1884,http://id.lincsproject.ca/86HQqrbkMDa,J.J. O'Leary,direct,1.0,1.0,1
Rev. J.J. O'Leary,1885,http://id.lincsproject.ca/86HQqrbkMDa,J.J. O'Leary,direct,1.0,1.0,1
Rev. J.J. O'Leary,1886,http://id.lincsproject.ca/86HQqrbkMDa,J.J. O'Leary,direct,1.0,1.0,1
Rev. J.J. O'Leary,1888,http://id.lincsproject.ca/86HQqrbkMDa,J.J. O'Leary,direct,1.0,0.35,1
Rev. J.J. O'Leary,1889,http://id.lincsproject.ca/86HQqrbkMDa,J.J. O'Leary,direct,1.0,0.35,1
Rev. J.J. O'Leary,1890,http://id.lincsproject.ca/86HQqrbkMDa,J.J. O'Leary,direct,1.0,0.35,1
Rev. J.J. O'Leary,1891,http://id.lincsproject.ca/86HQqrbkMDa,J.J. O'Leary,direct,1.0,0.35,1
Rev. J.L. McDonald,1887,http://id.lincsproject.ca/xa5FUpVkbEC,J.L. McDonald,direct,1.0,0.0262,1
Rev. J.L. McDonald,1888,http://id.lincsproject.ca/xa5FUpVkbEC,J.L. McDonald,direct,1.0,0.0262,1
Rev. J.L. McDonald,1889,http://id.lincsproject.ca/xa5FUpVkbEC,J.L. McDonald,direct,1.0,0.0262,1
Rev. J.L. McDonald,1890,http://id.lincsproject.ca/xa5FUpVkbEC,J.L. McDonald,direct,1.0,0.0262,1
Rev. J.L. McDonald,1891,http://id.lincsproject.ca/xa5FUpVkbEC,J.L. McDonald,direct,1.0,0.0262,1
Rev. J.L. McDonald,1892,http://id.lincsproject.ca/xa5FUpVkbEC,J.L. McDonald,direct,1.0,0.0262,1
Rev. J.L. McDonald,1893,http://id.lincsproject.ca/xa5FUpVkbEC,J.L. McDonald,direct,1.0,0.35,1
Rev. J.L. McDonald,1894,http://id.lincsproject.ca/xa5FUpVkbEC,J.L. McDonald,direct,1.0,0.35,1
Rev. J.M. Roy,1893,http://id.lincsproject.ca/ydiydq40NMa,J.M. Roy,direct,1.0,1.0,1
Rev. J.M. Roy,1894,http://id.lincsproject.ca/ydiydq40NMa,J.M. Roy,direct,1.0,1.0,1
Rev. J.M. Roy,1895,http://id.lincsproject.ca/ydiydq40NMa,J.M. Roy,direct,1.0,1.0,1
Rev. J.M. Roy,1896,http://id.lincsproject.ca/ydiydq40NMa,J.M. Roy,direct,1.0,1.0,1
Rev. J.O. McDevitt,1887,http://id.lincsproject.ca/ynnAF7mcFSw,J.C. McDevitt,direct,0.9125,0.347,1
Rev. J.P. Kiernan,1889,http://id.lincsproject.ca/c8xNlOLZasI,J.P. Kiernan,direct,1.0,1.0,1
Rev. J.P. Kiernan,1890,http://id.lincsproject.ca/c8xNlOLZasI,J.P. Kiernan,direct,1.0,1.0,1
Rev. J.P. Kiernan,1891,http://id.lincsproject.ca/c8xNlOLZasI,J.P. Kiernan,direct,1.0,1.0,1
Rev. J.P. Kiernan,1892,http://id.lincsproject.ca/c8xNlOLZasI,J.P. Kiernan,direct,1.0,1.0,1
Rev. J.P. Kiernan,1893,http://id.lincsproject.ca/c8xNlOLZasI,J.P. Kiernan,direct,1.0,1.0,1
Rev. J.P. Kiernan,1894,http://id.lincsproject.ca/c8xNlOLZasI,J.P. Kiernan,direct,1.0,1.0,1
Rev. J.P. Kiernan,1895,http://id.lincsproject.ca/c8xNlOLZasI,J.P. Kiernan,direct,1.0,1.0,1
Rev. J.W. MacKay,1886,http://id.lincsproject.ca/iLewz6EQDk1,J.W. McKay,direct,0.9415,0.35,1
Rev. Jacob Gagné,1895,http://id.lincsproject.ca/xSGOwfXI0xY,J. Gagne,direct,1.0,1.0,1
Rev. Jacob Gagné,1896,http://id.lincsproject.ca/xSGOwfXI0xY,J. Gagne,direct,1.0,1.0,1
Rev. John Carter,1880,http://id.lincsproject.ca/BfwgsQ8JF4h,John Carter,direct,1.0,1.0,1
Rev. John Chisholm,1892,http://id.lincsproject.ca/Szw7fIDMmrQ,John Chisholm,direct,1.0,0.35,1
Rev. John Chisholm,1893,http://id.lincsproject.ca/Szw7fIDMmrQ,John Chisholm,direct,1.0,0.35,1
Rev. John Jacobs,1886,http://id.lincsproject.ca/dji0R7nRfzI,John Jacobs,direct,1.0,1.0,1
Rev. John Jacobs,1887,http://id.lincsproject.ca/dji0R7nRfzI,John Jacobs,direct,1.0,1.0,1
Rev. John Jacobs,1888,http://id.lincsproject.ca/dji0R7nRfzI,John Jacobs,direct,1.0,1.0,1
Rev. John Jacobs,1889,http://id.lincsproject.ca/dji0R7nRfzI,John Jacobs,direct,1.0,1.0,1
Rev. John Jacobs,1890,http://id.lincsproject.ca/dji0R7nRfzI,John Jacobs,direct,1.0,1.0,1
Rev. John Jacobs,1891,http://id.lincsproject.ca/dji0R7nRfzI,John Jacobs,direct,1.0,1.0,1
Rev. John Jacobs,1892,http://id.lincsproject.ca/dji0R7nRfzI,John Jacobs,direct,1.0,1.0,1
Rev. John Jacobs,1893,http://id.lincsproject.ca/dji0R7nRfzI,John Jacobs,direct,1.0,1.0,1
Rev. John Jacobs,1894,http://id.lincsproject.ca/dji0R7nRfzI,John Jacobs,direct,1.0,1.0,1
Rev. John Jacobs,1895,http://id.lincsproject.ca/dji0R7nRfzI,John Jacobs,direct,1.0,1.0,1
Rev. John Jacobs,1896,http://id.lincsproject.ca/dji0R7nRfzI,John Jacobs,direct,1.0,0.35,1
Rev. John Nelson,1893,http://id.lincsproject.ca/fh3Wd4q9d88,John Nelson,direct,1.0,0.0175,1
Rev. John Tucker,1885,http://id.lincsproject.ca/6NeqRNaIOGk,John Tucker,direct,1.0,1.0,1
Rev. John Tucker,1886,http://id.lincsproject.ca/6NeqRNaIOGk,John Tucker,direct,1.0,1.0,1
Rev. John Tucker,1887,http://id.lincsproject.ca/6NeqRNaIOGk,John Tucker,direct,1.0,1.0,1
Rev. John Tucker,1888,http://id.lincsproject.ca/6NeqRNaIOGk,John Tucker,direct,1.0,1.0,1
Rev. John Tucker,1889,http://id.lincsproject.ca/6NeqRNaIOGk,John Tucker,direct,1.0,1.0,1
Rev. John Tucker,1890,http://id.lincsproject.ca/6NeqRNaIOGk,John Tucker,direct,1.0,0.35,1
Rev. John Tucker,1891,http://id.lincsproject.ca/6NeqRNaIOGk,John Tucker,direct,1.0,0.35,1
Rev. John Tucker,1892,http://id.lincsproject.ca/6NeqRNaIOGk,John Tucker,direct,1.0,0.35,1
Rev. John Tucker,1893,http://id.lincsproject.ca/6NeqRNaIOGk,John Tucker,direct,1.0,0.35,1
Rev. John Tucker,1894,http://id.lincsproject.ca/6NeqRNaIOGk,John Tucker,direct,1.0,0.35,1
Rev. John Tucker,1895,http://id.lincsproject.ca/6NeqRNaIOGk,John Tucker,direct,1.0,0.35,1
Rev. John Tucker,1896,http://id.lincsproject.ca/6NeqRNaIOGk,John Tucker,direct,1.0,0.35,1
Rev. Joseph Chisholm,1886,http://id.lincsproject.ca/zZXmfSwpUD9,Rev. J.J. Chisholm,direct,0.9825,0.9825,1
Rev. L. Trahan,1880,http://id.lincsproject.ca/Mra8xw4ifmG,L. Traham,direct,0.9697,0.9697,1
Rev. L. Trahan,1881,http://id.lincsproject.ca/Mra8xw4ifmG,L. Traham,direct,0.9697,0.9697,1
Rev. L. Trahan,1882,http://id.lincsproject.ca/Mra8xw4ifmG,L. Traham,direct,0.9697,0.9697,1
Rev. L. Trahan,1883,http://id.lincsproject.ca/Mra8xw4ifmG,L. Traham,direct,0.9697,0.9697,1
Rev. L. Trahan,1884,http://id.lincsproject.ca/Mra8xw4ifmG,L. Traham,direct,0.9697,0.9697,1
Rev. L.C. D'Amour,1884,http://id.lincsproject.ca/U9ABd7s3SxL,L.C. D'Amour,direct,1.0,1.0,1
Rev. L.C. D'Amour,1885,http://id.lincsproject.ca/U9ABd7s3SxL,L.C. D'Amour,direct,1.0,1.0,1
Rev. L.C. D'Amour,1886,http://id.lincsproject.ca/U9ABd7s3SxL,L.C. D'Amour,direct,1.0,1.0,1
Rev. L.C. D'Amour,1887,http://id.lincsproject.ca/U9ABd7s3SxL,L.C. D'Amour,direct,1.0,1.0,1
Rev. L.C. D'Amour,1888,http://id.lincsproject.ca/U9ABd7s3SxL,L.C. D'Amour,direct,1.0,1.0,1
Rev. L.C. D'Amour,1889,http://id.lincsproject.ca/U9ABd7s3SxL,L.C. D'Amour,direct,1.0,1.0,1
Rev. L.C. D'Amour,1890,http://id.lincsproject.ca/U9ABd7s3SxL,L.C. D'Amour,direct,1.0,1.0,1
Rev. L.C. D'Amour,1891,http://id.lincsproject.ca/U9ABd7s3SxL,L.C. D'Amour,direct,1.0,1.0,1
Rev. L.C. D'Amour,1892,http://id.lincsproject.ca/U9ABd7s3SxL,L.C. D'Amour,direct,1.0,1.0,1
Rev. L.C. D'Amour,1893,http://id.lincsproject.ca/U9ABd7s3SxL,L.C. D'Amour,direct,1.0,1.0,1
Rev. L.C. D'Amour,1894,http://id.lincsproject.ca/U9ABd7s3SxL,L.C. D'Amour,direct,1.0,1.0,1
Rev. L.C. D'Amour,1895,http://id.lincsproject.ca/U9ABd7s3SxL,L.C. D'Amour,direct,1.0,1.0,1
Rev. L.C. D'Amour,1896,http://id.lincsproject.ca/U9ABd7s3SxL,L.C. D'Amour,direct,1.0,1.0,1
Rev. L.S. Malo,1881,http://id.lincsproject.ca/01wlR1gYmxD,L.S. Malo,direct,1.0,1.0,1
Rev. L.S. Malo,1882,http://id.lincsproject.ca/01wlR1gYmxD,L.S. Malo,direct,1.0,1.0,1
Rev. L.S. Malo,1883,http://id.lincsproject.ca/01wlR1gYmxD,L.S. Malo,direct,1.0,1.0,1
Rev. M. Mainville,1884,http://id.lincsproject.ca/T9tX0Xw0HQA,M. Mainville,direct,1.0,1.0,1
Rev. M. Mainville,1885,http://id.lincsproject.ca/T9tX0Xw0HQA,M. Mainville,direct,1.0,1.0,1
Rev. M. Mainville,1886,http://id.lincsproject.ca/T9tX0Xw0HQA,M. Mainville,direct,1.0,1.0,1
Rev. M. Mainville,1887,http://id.lincsproject.ca/T9tX0Xw0HQA,M. Mainville,direct,1.0,1.0,1
Rev. M. Mainville,1888,http://id.lincsproject.ca/T9tX0Xw0HQA,M. Mainville,direct,1.0,1.0,1
Rev. M. Mainville,1889,http://id.lincsproject.ca/T9tX0Xw0HQA,M. Mainville,direct,1.0,1.0,1
Rev. M. Mainville,1890,http://id.lincsproject.ca/T9tX0Xw0HQA,M. Mainville,direct,1.0,1.0,1
Rev. M. Mainville,1891,http://id.lincsproject.ca/T9tX0Xw0HQA,M. Mainville,direct,1.0,1.0,1
Rev. M. Mainville,1892,http://id.lincsproject.ca/T9tX0Xw0HQA,M. Mainville,direct,1.0,1.0,1
Rev. M. Mainville,1893,http://id.lincsproject.ca/T9tX0Xw0HQA,M. Mainville,direct,1.0,1.0,1
Rev. M. Mainville,1894,http://id.lincsproject.ca/T9tX0Xw0HQA,M. Mainville,direct,1.0,1.0,1
Rev. M. Mainville,1895,http://id.lincsproject.ca/T9tX0Xw0HQA,M. Mainville,direct,1.0,1.0,1
Rev. M. Mainville,1896,http://id.lincsproject.ca/T9tX0Xw0HQA,M. Mainville,direct,1.0,1.0,1
Rev. M. McKenzie,1880,http://id.lincsproject.ca/MYxeAmYfPUX,M. McKenzie,direct,1.0,1.0,1
Rev. M. McKenzie,1881,http://id.lincsproject.ca/MYxeAmYfPUX,M. McKenzie,direct,1.0,1.0,1
Rev. M. McKenzie,1882,http://id.lincsproject.ca/MYxeAmYfPUX,M. McKenzie,direct,1.0,1.0,1
Rev. M. McKenzie,1883,http://id.lincsproject.ca/MYxeAmYfPUX,M. McKenzie,direct,1.0,1.0,1
Rev. M. McKenzie,1884,http://id.lincsproject.ca/MYxeAmYfPUX,M. McKenzie,direct,1.0,0.4345,1
Rev. M. McKenzie,1885,http://id.lincsproject.ca/MYxeAmYfPUX,M. McKenzie,direct,1.0,0.4345,1
Rev. M. McKenzie,1886,http://id.lincsproject.ca/MYxeAmYfPUX,M. McKenzie,direct,1.0,0.4345,1
Rev. M. McKenzie,1887,http://id.lincsproject.ca/MYxeAmYfPUX,M. McKenzie,direct,1.0,0.4345,1
Rev. M. McKenzie,1888,http://id.lincsproject.ca/MYxeAmYfPUX,M. McKenzie,direct,1.0,0.2479,1
Rev. M. McKenzie,1890,http://id.lincsproject.ca/MYxeAmYfPUX,M. McKenzie,direct,1.0,0.2479,1
Rev. M. McKenzie,1891,http://id.lincsproject.ca/MYxeAmYfPUX,M. McKenzie,direct,1.0,0.2479,1
Rev. M. O'Brien,1887,http://id.lincsproject.ca/OtGn5G7hvWF,M. O'Brien,direct,1.0,0.35,1
Rev. M.A. O'Keeffe,1893,http://id.lincsproject.ca/PSR3LoAkF40,M.A. O'Keefe,direct,0.9944,0.9944,1
Rev. M.A. O'Keeffe,1894,http://id.lincsproject.ca/PSR3LoAkF40,M.A. O'Keefe,direct,0.9944,0.9944,1
Rev. M.A. O'Keeffe,1895,http://id.lincsproject.ca/PSR3LoAkF40,M.A. O'Keefe,direct,0.9944,0.9944,1
Rev. M.A. O'Keeffe,1896,http://id.lincsproject.ca/PSR3LoAkF40,M.A. O'Keefe,direct,0.9944,0.9944,1
Rev. N.V. Burtin,1886,http://id.lincsproject.ca/SCyHEVUDdqv,N.V. Burtin,direct,1.0,1.0,1
Rev. N.V. Burtin,1887,http://id.lincsproject.ca/SCyHEVUDdqv,N.V. Burtin,direct,1.0,1.0,1
Rev. N.V. Burtin,1888,http://id.lincsproject.ca/SCyHEVUDdqv,N.V. Burtin,direct,1.0,1.0,1
Rev. N.V. Burtin,1889,http://id.lincsproject.ca/SCyHEVUDdqv,N.V. Burtin,direct,1.0,1.0,1
Rev. N.V. Burtin,1890,http://id.lincsproject.ca/SCyHEVUDdqv,N.V. Burtin,direct,1.0,1.0,1
Rev. N.V. Burtin,1891,http://id.lincsproject.ca/SCyHEVUDdqv,N.V. Burtin,direct,1.0,1.0,1
Rev. N.V. Burtin,1892,http://id.lincsproject.ca/SCyHEVUDdqv,N.V. Burtin,direct,1.0,1.0,1
Rev. P. P. Kavanagh,1882,http://id.lincsproject.ca/50Ja7iB9XH0,P.P. Kavanagh,direct,1.0,1.0,1
Rev. P.P. Kavanagh,1883,http://id.lincsproject.ca/50Ja7iB9XH0,P.P. Kavanagh,direct,1.0,1.0,1
Rev. P.W. Dixon,1881,http://id.lincsproject.ca/LhMaJKBDehf,P.W. Dixon,direct,1.0,1.0,1
Rev. P.W. Dixon,1882,http://id.lincsproject.ca/LhMaJKBDehf,P.W. Dixon,direct,1.0,1.0,1
Rev. P.W. Dixon,1883,http://id.lincsproject.ca/LhMaJKBDehf,P.W. Dixon,direct,1.0,1.0,1
Rev. P.W. Dixon,1884,http://id.lincsproject.ca/LhMaJKBDehf,P.W. Dixon,direct,1.0,1.0,1
Rev. P.W. Dixon,1885,http://id.lincsproject.ca/LhMaJKBDehf,P.W. Dixon,direct,1.0,1.0,1
Rev. P.W. Dixon,1886,http://id.lincsproject.ca/LhMaJKBDehf,P.W. Dixon,direct,1.0,1.0,1
Rev. R. Grant,1881,http://id.lincsproject.ca/QKRy8VaV1xC,R. Grant,direct,1.0,0.35,1
Rev. R. Grant,1882,http://id.lincsproject.ca/QKRy8VaV1xC,R. Grant,direct,1.0,1.0,1
Rev. R. Grant,1883,http://id.lincsproject.ca/QKRy8VaV1xC,R. Grant,direct,1.0,1.0,1
Rev. R. Grant,1884,http://id.lincsproject.ca/QKRy8VaV1xC,R. Grant,direct,1.0,1.0,1
Rev. R. Grant,1885,http://id.lincsproject.ca/QKRy8VaV1xC,R. Grant,direct,1.0,0.35,1
Rev. R. Grant,1886,http://id.lincsproject.ca/QKRy8VaV1xC,R. Grant,direct,1.0,0.35,1
Rev. R. Grant,1887,http://id.lincsproject.ca/QKRy8VaV1xC,R. Grant,direct,1.0,0.35,1
Rev. R. Grant,1888,http://id.lincsproject.ca/QKRy8VaV1xC,R. Grant,direct,1.0,0.35,1
Rev. R. Grant,1889,http://id.lincsproject.ca/QKRy8VaV1xC,R. Grant,direct,1.0,0.35,1
Rev. R. Grant,1890,http://id.lincsproject.ca/QKRy8VaV1xC,R. Grant,direct,1.0,0.35,1
Rev. R. Grant,1891,http://id.lincsproject.ca/QKRy8VaV1xC,R. Grant,direct,1.0,0.35,1
Rev. R. Grant,1892,http://id.lincsproject.ca/QKRy8VaV1xC,R. Grant,direct,1.0,0.35,1
Rev. R. McAgentnald,1880,http://id.lincsproject.ca/LYK0aeXPUm0,R. McAgentnald,direct,1.0,0.3931,1
Rev. R. McDonald,1881,http://id.lincsproject.ca/xqMZ1Xioi56,Rev. R. McDonald,direct,1.0,0.35,1
Rev. R. McDonald,1882,http://id.lincsproject.ca/xqMZ1Xioi56,Rev. R. McDonald,direct,1.0,0.35,1
Rev. R. McDonald,1883,http://id.lincsproject.ca/xqMZ1Xioi56,Rev. R. McDonald,direct,1.0,0.35,1
Rev. R. McDonald,1884,http://id.lincsproject.ca/xqMZ1Xioi56,Rev. R. McDonald,direct,1.0,0.35,1
Rev. R. McDonald,1885,http://id.lincsproject.ca/xqMZ1Xioi56,Rev. R. McDonald,direct,1.0,0.35,1
Rev. R. McDonald,1886,http://id.lincsproject.ca/xqMZ1Xioi56,Rev. R. McDonald,direct,1.0,0.35,1
Rev. R. McDonald,1887,http://id.lincsproject.ca/xqMZ1Xioi56,Rev. R. McDonald,direct,1.0,0.35,1
Rev. R. McDonald,1888,http://id.lincsproject.ca/xqMZ1Xioi56,Rev. R. McDonald,direct,1.0,0.35,1
Rev. R. McDonald,1889,http://id.lincsproject.ca/xqMZ1Xioi56,Rev. R. McDonald,direct,1.0,0.35,1
Rev. R. McDonald,1890,http://id.lincsproject.ca/xqMZ1Xioi56,Rev. R. McDonald,direct,1.0,0.35,1
Rev. R. McDonald,1891,http://id.lincsproject.ca/xqMZ1Xioi56,Rev. R. McDonald,direct,1.0,0.35,1
Rev. R. McDonald,1892,http://id.lincsproject.ca/xqMZ1Xioi56,Rev. R. McDonald,direct,1.0,0.35,1
Rev. R. McDonald,1893,http://id.lincsproject.ca/xqMZ1Xioi56,Rev. R. McDonald,direct,1.0,0.35,1
Rev. R. McDonald,1894,http://id.lincsproject.ca/xqMZ1Xioi56,Rev. R. McDonald,direct,1.0,0.35,1
Rev. R. McDonald,1895,http://id.lincsproject.ca/xqMZ1Xioi56,Rev. R. McDonald,direct,1.0,0.35,1
Rev. R. McDonald,1896,http://id.lincsproject.ca/xqMZ1Xioi56,Rev. R. McDonald,direct,1.0,0.35,1
Rev. R. McNeil,1894,http://id.lincsproject.ca/CGfyXghbDha,R. McNeil,direct,1.0,0.35,1
Rev. R. McNeill,1893,http://id.lincsproject.ca/CGfyXghbDha,R. McNeil,direct,0.9944,0.35,1
Rev. R.J. Gouvin,1881,http://id.lincsproject.ca/nSliJ6zIded,R.J. Gouvin,direct,1.0,1.0,1
Rev. R.J. Gouvin,1882,http://id.lincsproject.ca/nSliJ6zIded,R.J. Gouvin,direct,1.0,1.0,1
Rev. R.J. Gouvin,1883,http://id.lincsproject.ca/nSliJ6zIded,R.J. Gouvin,direct,1.0,1.0,1
Rev. S.J. Crumley,1888,http://id.lincsproject.ca/Iv1PDMtGpne,S.J. Crumley,direct,1.0,1.0,1
Rev. S.J. Crumley,1889,http://id.lincsproject.ca/Iv1PDMtGpne,S.J. Crumley,direct,1.0,1.0,1
Rev. S.J. Crumley,1891,http://id.lincsproject.ca/Iv1PDMtGpne,S.J. Crumley,direct,1.0,1.0,1
Rev. S.J. Crumley,1892,http://id.lincsproject.ca/Iv1PDMtGpne,S.J. Crumley,direct,1.0,1.0,1
Rev. S.J. Crumly,1887,http://id.lincsproject.ca/Iv1PDMtGpne,S.J. Crumley,direct,0.9944,0.9944,1
Rev. T. Clark,1887,http://id.lincsproject.ca/62T2fSKAw46,T. Clarke,direct,0.9913,0.2888,1
Rev. T. Clark,1888,http://id.lincsproject.ca/62T2fSKAw46,T. Clarke,direct,0.9913,0.2888,1
Rev. T. Clarke,1884,http://id.lincsproject.ca/62T2fSKAw46,T. Clarke,direct,1.0,0.3062,1
Rev. T. Clarke,1885,http://id.lincsproject.ca/62T2fSKAw46,T. Clarke,direct,1.0,0.3062,1
Rev. T. Clarke,1886,http://id.lincsproject.ca/62T2fSKAw46,T. Clarke,direct,1.0,0.3062,1
Rev. T. Clarke,1889,http://id.lincsproject.ca/62T2fSKAw46,T. Clarke,career,1.0,0.0,1
Rev. T. Clarke,1890,http://id.lincsproject.ca/62T2fSKAw46,T. Clarke,career,1.0,0.0,1
Rev. T. Clarke,1891,http://id.lincsproject.ca/62T2fSKAw46,T. Clarke,direct,1.0,0.35,1
Rev. T. Clarke,1892,http://id.lincsproject.ca/62T2fSKAw46,T. Clarke,direct,1.0,0.35,1
Rev. T. Clarke,1893,http://id.lincsproject.ca/62T2fSKAw46,T. Clarke,direct,1.0,0.35,1
Rev. T. Quinn,1885,http://id.lincsproject.ca/yxz54Dunz99,T. Quinn,direct,1.0,1.0,1
Rev. T. Quinn,1886,http://id.lincsproject.ca/yxz54Dunz99,T. Quinn,direct,1.0,1.0,1
Rev. T. Quinn,1887,http://id.lincsproject.ca/yxz54Dunz99,T. Quinn,direct,1.0,1.0,1
Rev. T. Quinn,1888,http://id.lincsproject.ca/yxz54Dunz99,T. Quinn,direct,1.0,1.0,1
Rev. T. Quinn,1889,http://id.lincsproject.ca/yxz54Dunz99,T. Quinn,direct,1.0,1.0,1
Rev. T. Quinn,1890,http://id.lincsproject.ca/yxz54Dunz99,T. Quinn,direct,1.0,1.0,1
Rev. T. Quinn,1891,http://id.lincsproject.ca/yxz54Dunz99,T. Quinn,direct,1.0,1.0,1
Rev. T. Quinn,1892,http://id.lincsproject.ca/yxz54Dunz99,T. Quinn,direct,1.0,1.0,1
Rev. T. Van de Moortel,1881,http://id.lincsproject.ca/Sci5t00ofVt,T. Van de Moortel,direct,1.0,1.0,1
Rev. V. Larivière,1881,http://id.lincsproject.ca/HfXee2y8D9d,V. Lariviere,direct,1.0,1.0,1
Rev. V. Larivière,1882,http://id.lincsproject.ca/HfXee2y8D9d,V. Lariviere,direct,1.0,1.0,1
Rev. V. Larivière,1883,http://id.lincsproject.ca/HfXee2y8D9d,V. Lariviere,direct,1.0,1.0,1
Rev. V. Larivière,1884,http://id.lincsproject.ca/HfXee2y8D9d,V. Lariviere,direct,1.0,1.0,1
Rev. W. Chisholm,1881,http://id.lincsproject.ca/igDFcVDmV1E,W.C. Chisholm,direct,0.9825,0.9825,1
Rev. W. Chisholm,1882,http://id.lincsproject.ca/igDFcVDmV1E,W.C. Chisholm,direct,0.9825,0.9825,1
Rev. W. Chisholm,1883,http://id.lincsproject.ca/igDFcVDmV1E,W.C. Chisholm,direct,0.9825,0.9825,1
Rev. W. Morrisey,1880,http://id.lincsproject.ca/c6V3czkYo0x,W. Morrisey,direct,1.0,1.0,1
Rev. W. Morrisey,1881,http://id.lincsproject.ca/c6V3czkYo0x,W. Morrisey,direct,1.0,0.402,1
Rev. W. Morrisey,1882,http://id.lincsproject.ca/c6V3czkYo0x,W. Morrisey,direct,1.0,0.402,1
Rev. W. Morrisey,1883,http://id.lincsproject.ca/c6V3czkYo0x,W. Morrisey,direct,1.0,1.0,1
Rev. W. Morrisey,1884,http://id.lincsproject.ca/c6V3czkYo0x,W. Morrisey,direct,1.0,1.0,1
Rev. W. Morrisey,1885,http://id.lincsproject.ca/c6V3czkYo0x,W. Morrisey,direct,1.0,1.0,1
Rev. W. Morrisey,1886,http://id.lincsproject.ca/c6V3czkYo0x,W. Morrisey,direct,1.0,1.0,1
Rev. W. Morrisey,1887,http://id.lincsproject.ca/c6V3czkYo0x,W. Morrisey,direct,1.0,1.0,1
Rev. W. Morrisey,1888,http://id.lincsproject.ca/c6V3czkYo0x,W. Morrisey,direct,1.0,1.0,1
Rev. W. Morrisey,1890,http://id.lincsproject.ca/c6V3czkYo0x,W. Morrisey,direct,1.0,1.0,1
Rev. W. Morrisey,1891,http://id.lincsproject.ca/c6V3czkYo0x,W. Morrisey,direct,1.0,1.0,1
Rev. W. Morrisey,1892,http://id.lincsproject.ca/c6V3czkYo0x,W. Morrisey,direct,1.0,1.0,1
Rev. W. Morrisey,1893,http://id.lincsproject.ca/c6V3czkYo0x,W. Morrisey,direct,1.0,1.0,1
Rev. W. Morrisey,1894,http://id.lincsproject.ca/c6V3czkYo0x,W. Morrisey,direct,1.0,1.0,1
Rev. W. Morrisey,1895,http://id.lincsproject.ca/c6V3czkYo0x,W. Morrisey,direct,1.0,1.0,1
Rev. W. Morrisey,1896,http://id.lincsproject.ca/c6V3czkYo0x,W. Morrisey,direct,1.0,1.0,1
Rev. W. Morrissey,1889,http://id.lincsproject.ca/c6V3czkYo0x,W. Morrisey,direct,0.9986,0.9986,1
Rev. W. O'Leary,1888,http://id.lincsproject.ca/uIEEWYZRbBb,W. O'Leary,direct,1.0,0.35,1
Rev. W. O'Leary,1889,http://id.lincsproject.ca/uIEEWYZRbBb,W. O'Leary,direct,1.0,0.35,1
Rev. W. O'Leary,1890,http://id.lincsproject.ca/uIEEWYZRbBb,W. O'Leary,direct,1.0,0.35,1
Rev. W. O'Leary,1891,http://id.lincsproject.ca/uIEEWYZRbBb,W. O'Leary,direct,1.0,0.35,1
Rev. W. O'Leary,1892,http://id.lincsproject.ca/uIEEWYZRbBb,W. O'Leary,direct,1.0,1.0,1
Rev. W. O'Leary,1893,http://id.lincsproject.ca/uIEEWYZRbBb,W. O'Leary,direct,1.0,1.0,1
Rev. W. O'Leary,1894,http://id.lincsproject.ca/uIEEWYZRbBb,W. O'Leary,direct,1.0,1.0,1
Rev. W. O'Leary,1895,http://id.lincsproject.ca/uIEEWYZRbBb,W. O'Leary,direct,1.0,1.0,1
Rev. W. O'Leary,1896,http://id.lincsproject.ca/uIEEWYZRbBb,W. O'Leary,direct,1.0,1.0,1
Rev. W. Scott,1891,http://id.lincsproject.ca/H5WHsdTtUy2,Rev. W. Scott,direct,1.0,0.35,1
Rev. Wm. Chisholm,1880,http://id.lincsproject.ca/igDFcVDmV1E,W.C. Chisholm,direct,0.9825,0.9825,1
Rev. Wm. Scott,1882,http://id.lincsproject.ca/H5WHsdTtUy2,Rev. W. Scott,direct,1.0,0.35,1
Rev. Wm. Scott,1885,http://id.lincsproject.ca/H5WHsdTtUy2,Rev. W. Scott,direct,1.0,0.35,1
Rev. Wm. Scott,1886,http://id.lincsproject.ca/H5WHsdTtUy2,Rev. W. Scott,direct,1.0,0.35,1
Rev. Wm. Scott,1887,http://id.lincsproject.ca/H5WHsdTtUy2,Rev. W. Scott,direct,1.0,0.35,1
Rev. Wm. Scott,1888,http://id.lincsproject.ca/H5WHsdTtUy2,Rev. W. Scott,direct,1.0,0.35,1
Rev. Wm. Scott,1889,http://id.lincsproject.ca/H5WHsdTtUy2,Rev. W. Scott,direct,1.0,0.35,1
Rev. Wm. Scott,1890,http://id.lincsproject.ca/H5WHsdTtUy2,Rev. W. Scott,direct,1.0,0.35,1
"Rhodes, F.",1904,http://id.lincsproject.ca/o4HKxnqtrSv,F. Rhodes,direct,1.0,1.0,1
Richard E. Loring,1895,http://id.lincsproject.ca/nM57PoWntve,R.E. Loring,direct,1.0,1.0,1
Richard E. Loring,1896,http://id.lincsproject.ca/nM57PoWntve,R.E. Loring,direct,1.0,1.0,1
Richard H. Pidcock,1895,http://id.lincsproject.ca/ZIYkcepsHTT,R.H. Pidcock,direct,1.0,1.0,1
Richard H. Pidcock,1896,http://id.lincsproject.ca/ZIYkcepsHTT,R.H. Pidcock,direct,1.0,1.0,1
Richard Joynt,1896,http://id.lincsproject.ca/NkojiNv48nU,Richard Joynt,direct,1.0,1.0,1
"Richardson, H.",1897,http://id.lincsproject.ca/BOTQRRYDwhU,Richardson H,direct,1.0,1.0,1
"Richardson, H.",1899,http://id.lincsproject.ca/BOTQRRYDwhU,Richardson H,direct,1.0,1.0,1
"Richardson, H.",1904,http://id.lincsproject.ca/BOTQRRYDwhU,Richardson H,direct,1.0,1.0,1
"Richardson, H.",1910,http://id.lincsproject.ca/BOTQRRYDwhU,Richardson H,direct,1.0,1.0,1
Robert B. E. Moffat,1910,http://id.lincsproject.ca/al4eaOXik0R,R.B.E. Moffat,direct,1.0,0.35,1
Robert B.E. Moffat,1896,http://id.lincsproject.ca/al4eaOXik0R,R.B.E. Moffat,direct,1.0,0.35,1
Robert B.E. Moffat,1897,http://id.lincsproject.ca/al4eaOXik0R,R.B.E. Moffat,direct,1.0,0.35,1
Robert B.E. Moffat,1899,http://id.lincsproject.ca/al4eaOXik0R,R.B.E. Moffat,direct,1.0,0.35,1
Robert B.E. Moffat,1904,http://id.lincsproject.ca/al4eaOXik0R,R.B.E. Moffat,direct,1.0,0.35,1
Robert B.E. Moffat.,1895,http://id.lincsproject.ca/al4eaOXik0R,R.B.E. Moffat,direct,1.0,0.35,1
Robert G. Dalton,1895,http://id.lincsproject.ca/BdgssWRreLR,R.G. Dalton,direct,1.0,1.0,1
Robert G. Dalton,1896,http://id.lincsproject.ca/BdgssWRreLR,R.G. Dalton,direct,1.0,1.0,1
Robert G. Dalton,1897,http://id.lincsproject.ca/BdgssWRreLR,R.G. Dalton,direct,1.0,1.0,1
Robert G. Dalton,1904,http://id.lincsproject.ca/BdgssWRreLR,R.G. Dalton,direct,1.0,1.0,1
Robert G. Dalton.,1899,http://id.lincsproject.ca/BdgssWRreLR,R.G. Dalton,direct,1.0,1.0,1
Robert M. Ogilvie,1910,http://id.lincsproject.ca/RiezSo8U2Hm,Robert M. Ogilvie,direct,1.0,0.3958,1
Robert Pringle,1910,http://id.lincsproject.ca/ks2Cov7KPrD,Robert Pringle,direct,1.0,0.35,1
Robert Sinclair,1881,http://id.lincsproject.ca/mlH6iRw8dvo,R. Sinclair,direct,1.0,1.0,1
Robert Sinclair,1882,http://id.lincsproject.ca/mlH6iRw8dvo,R. Sinclair,direct,1.0,1.0,1
Robert Sinclair,1883,http://id.lincsproject.ca/mlH6iRw8dvo,R. Sinclair,direct,1.0,0.35,1
"Robertson, Kate",1910,http://id.lincsproject.ca/yM4VKQLZH5o,Kate Robertson,direct,1.0,0.35,1
"Robertson, W.R.",1904,http://id.lincsproject.ca/yVFK5fBMBUS,W.R. Robertson,direct,1.0,1.0,1
"Robertson, W.R.",1910,http://id.lincsproject.ca/yVFK5fBMBUS,W.R. Robertson,direct,1.0,0.35,1
"Robinson, W.B.H.",1904,http://id.lincsproject.ca/F3Fke0nZNCc,W.B.H. Robinson,direct,1.0,1.0,1
"Robinson, W.B.H.",1910,http://id.lincsproject.ca/F3Fke0nZNCc,W.B.H. Robinson,direct,1.0,1.0,1
"Robson, E.",1904,http://id.lincsproject.ca/EFS0bg8nE2h,E. Robson,direct,1.0,1.0,1
"Robson, M.",1897,http://id.lincsproject.ca/jikHrVWDluF,M. Robson,direct,1.0,1.0,1
"Robson, M.",1899,http://id.lincsproject.ca/jikHrVWDluF,M. Robson,direct,1.0,1.0,1
Robt. Sinclair,1880,http://id.lincsproject.ca/mlH6iRw8dvo,R. Sinclair,direct,1.0,1.0,1
Robt. Tyre,1885,http://id.lincsproject.ca/HdoQmMQmVzx,Robt. Tyre,direct,1.0,1.0,1
"Rogers, H.G., M.D.",1910,http://id.lincsproject.ca/wal3J45lcF9,H.B. Rogers,direct,0.9125,0.9125,1
"Rolston, P.W., M.D.",1904,http://id.lincsproject.ca/2eAnklIV4cx,P.W. Rolston,direct,1.0,1.0,1
Rose Anderson,1890,http://id.lincsproject.ca/s73AOCgHXi1,Rose Anderson,direct,1.0,0.35,1
Rose Anderson,1891,http://id.lincsproject.ca/s73AOCgHXi1,Rose Anderson,direct,1.0,0.35,1
Rose Chaffee,1889,http://id.lincsproject.ca/F3iSkXaWQSI,Rose Chaffee,direct,1.0,0.3741,1
Rose Chaffee,1890,http://id.lincsproject.ca/F3iSkXaWQSI,Rose Chaffee,direct,1.0,0.3741,1
Rose Chaffee,1891,http://id.lincsproject.ca/F3iSkXaWQSI,Rose Chaffee,direct,1.0,0.3741,1
Rose Chaffee,1892,http://id.lincsproject.ca/F3iSkXaWQSI,Rose Chaffee,direct,1.0,0.3741,1
"Ross J.D., M.D.",1904,http://id.lincsproject.ca/C38i9djcTfl,John Ross,direct,0.9825,0.1575,1
"Ross, Benjamin W.",1897,http://id.lincsproject.ca/pXymoHwC18b,B.W. Ross,direct,1.0,0.175,1
"Ross, J.D., M.D.",1910,http://id.lincsproject.ca/C38i9djcTfl,John Ross,direct,0.9825,0.1575,1
"Ross, Stuart A., M.D.",1904,http://id.lincsproject.ca/0bxIdgEiuDH,Stuart A. Ross,direct,1.0,0.175,1
Rowland G. Orr,1910,http://id.lincsproject.ca/knClRiSkYar,R. Guerney Orr,direct,1.0,0.35,1
Runs Another,1897,http://id.lincsproject.ca/qcmErBA3f58,Runs Another,direct,1.0,1.0,1
Rupert Pratt,1893,http://id.lincsproject.ca/ya7VnMQrZ3c,R. Pratt,direct,1.0,1.0,1
Rupert Pratt,1894,http://id.lincsproject.ca/ya7VnMQrZ3c,R. Pratt,direct,1.0,1.0,1
Rupert Pratt,1895,http://id.lincsproject.ca/ya7VnMQrZ3c,R. Pratt,direct,1.0,1.0,1
Rupert Pratt,1896,http://id.lincsproject.ca/ya7VnMQrZ3c,R. Pratt,direct,1.0,1.0,1
"Russell, Tom",1910,http://id.lincsproject.ca/Hq15XYXqk1v,Tom Russell,direct,1.0,0.35,1
"Ryan, Rev. F.C.",1910,http://id.lincsproject.ca/GqTU4jf63vW,F.C. Ryan,direct,1.0,0.35,1
"Ryan, Rev. J.J.",1910,http://id.lincsproject.ca/bRywc1QQzwN,J.J. Ryan,direct,1.0,0.35,1
"Rymer, J.F., M.D.",1910,http://id.lincsproject.ca/XTYHeGALzjK,J.F. Rymer,direct,1.0,1.0,1
S. Ballendine,1881,http://id.lincsproject.ca/Yf6LIL8Cm75,S. Ballendine,direct,1.0,1.0,1
S. Ballendine,1882,http://id.lincsproject.ca/Yf6LIL8Cm75,S. Ballendine,direct,1.0,1.0,1
S. Ballendine,1883,http://id.lincsproject.ca/Yf6LIL8Cm75,S. Ballendine,direct,1.0,1.0,1
S. Ballendine,1884,http://id.lincsproject.ca/Yf6LIL8Cm75,S. Ballendine,direct,1.0,1.0,1
S. Bray,1884,http://id.lincsproject.ca/jQlMlG7ngJT,S. Bray,direct,1.0,1.0,1
S. Desjardins,1894,http://id.lincsproject.ca/1bZTnUtqhJh,S. Desjardins,direct,1.0,1.0,1
S. Gatley,1890,http://id.lincsproject.ca/jYTInnOrDN9,S. Gatley,direct,1.0,1.0,1
S. Geddes,1886,http://id.lincsproject.ca/7IMd6Jlbuby,S. Geddes,direct,1.0,1.0,1
S. Geddes,1887,http://id.lincsproject.ca/7IMd6Jlbuby,S. Geddes,direct,1.0,1.0,1
S. Geddes,1889,http://id.lincsproject.ca/7IMd6Jlbuby,S. Geddes,direct,1.0,1.0,1
S. Gilbert,1891,http://id.lincsproject.ca/5C0gDcjycWd,S. Gilbert,direct,1.0,1.0,1
S. Hagan,1894,http://id.lincsproject.ca/PTpusNy8nze,S. Hagan,direct,1.0,1.0,1
S. Hockley,1886,http://id.lincsproject.ca/tBxw2Z3mleU,S. Hockley,direct,1.0,1.0,1
S. Hockley,1887,http://id.lincsproject.ca/tBxw2Z3mleU,S. Hockley,direct,1.0,1.0,1
S. Hockley,1888,http://id.lincsproject.ca/tBxw2Z3mleU,S. Hockley,direct,1.0,1.0,1
S. Hockley,1889,http://id.lincsproject.ca/tBxw2Z3mleU,S. Hockley,direct,1.0,0.35,1
S. Hockley,1890,http://id.lincsproject.ca/tBxw2Z3mleU,S. Hockley,direct,1.0,0.35,1
S. Hockley,1891,http://id.lincsproject.ca/tBxw2Z3mleU,S. Hockley,direct,1.0,0.35,1
S. Hockley,1892,http://id.lincsproject.ca/tBxw2Z3mleU,S. Hockley,direct,1.0,0.35,1
S. Hockley,1893,http://id.lincsproject.ca/tBxw2Z3mleU,S. Hockley,direct,1.0,1.0,1
S. Hockley,1894,http://id.lincsproject.ca/tBxw2Z3mleU,S. Hockley,direct,1.0,1.0,1
S. Hockley,1895,http://id.lincsproject.ca/tBxw2Z3mleU,S. Hockley,direct,1.0,1.0,1
S. Hockley,1896,http://id.lincsproject.ca/tBxw2Z3mleU,S. Hockley,direct,1.0,1.0,1
S. Lougheed,1892,http://id.lincsproject.ca/Qtlf0kJhL6F,S. Lougheed,direct,1.0,1.0,1
S. Lougheed,1893,http://id.lincsproject.ca/Qtlf0kJhL6F,S. Lougheed,direct,1.0,1.0,1
S. Poirier,1891,http://id.lincsproject.ca/aYTJmAFoeu5,S. Poirier,direct,1.0,1.0,1
S. Porrier,1888,http://id.lincsproject.ca/6nKimhAzltN,S. Porrier,direct,1.0,1.0,1
S. Porrier,1889,http://id.lincsproject.ca/6nKimhAzltN,S. Porrier,direct,1.0,1.0,1
S. Porrier,1890,http://id.lincsproject.ca/6nKimhAzltN,S. Porrier,direct,1.0,1.0,1
S. Stewart,1880,http://id.lincsproject.ca/3DPZGTRGcQX,S. Stewart,direct,1.0,0.35,1
S. Stewart,1881,http://id.lincsproject.ca/3DPZGTRGcQX,S. Stewart,direct,1.0,1.0,1
S. Stewart,1882,http://id.lincsproject.ca/3DPZGTRGcQX,S. Stewart,direct,1.0,1.0,1
S. Stewart,1883,http://id.lincsproject.ca/3DPZGTRGcQX,S. Stewart,direct,1.0,1.0,1
S. Stewart,1884,http://id.lincsproject.ca/3DPZGTRGcQX,S. Stewart,direct,1.0,1.0,1
S. Stewart,1885,http://id.lincsproject.ca/3DPZGTRGcQX,S. Stewart,direct,1.0,1.0,1
S. Stewart,1886,http://id.lincsproject.ca/3DPZGTRGcQX,S. Stewart,direct,1.0,1.0,1
S. Stewart,1887,http://id.lincsproject.ca/3DPZGTRGcQX,S. Stewart,direct,1.0,1.0,1
S. Stewart,1888,http://id.lincsproject.ca/3DPZGTRGcQX,S. Stewart,direct,1.0,1.0,1
S. Stewart,1889,http://id.lincsproject.ca/3DPZGTRGcQX,S. Stewart,direct,1.0,0.35,1
S. Stewart,1890,http://id.lincsproject.ca/3DPZGTRGcQX,S. Stewart,direct,1.0,0.35,1
S. Swinford,1886,http://id.lincsproject.ca/B9Vzk7t5y2Y,S. Swinford,direct,1.0,1.0,1
S. Swinford,1887,http://id.lincsproject.ca/B9Vzk7t5y2Y,S. Swinford,direct,1.0,1.0,1
S. Swinford,1888,http://id.lincsproject.ca/B9Vzk7t5y2Y,S. Swinford,direct,1.0,1.0,1
S. Swinford,1889,http://id.lincsproject.ca/B9Vzk7t5y2Y,S. Swinford,direct,1.0,1.0,1
S. Swinford,1890,http://id.lincsproject.ca/B9Vzk7t5y2Y,S. Swinford,direct,1.0,1.0,1
S. Swinford,1891,http://id.lincsproject.ca/B9Vzk7t5y2Y,S. Swinford,direct,1.0,1.0,1
S. Swinford,1892,http://id.lincsproject.ca/B9Vzk7t5y2Y,S. Swinford,direct,1.0,1.0,1
S. Swinford,1893,http://id.lincsproject.ca/B9Vzk7t5y2Y,S. Swinford,direct,1.0,1.0,1
S. Swinford,1894,http://id.lincsproject.ca/B9Vzk7t5y2Y,S. Swinford,direct,1.0,1.0,1
S. Swinford,1895,http://id.lincsproject.ca/B9Vzk7t5y2Y,S. Swinford,direct,1.0,1.0,1
S. Swinford,1896,http://id.lincsproject.ca/B9Vzk7t5y2Y,S. Swinford,direct,1.0,1.0,1
S. Thomas,1889,http://id.lincsproject.ca/Xf2JnT4tv6G,S. Thomas,direct,1.0,0.4074,1
S. Thomas,1890,http://id.lincsproject.ca/Xf2JnT4tv6G,S. Thomas,direct,1.0,0.4074,1
S. Thomas,1891,http://id.lincsproject.ca/Xf2JnT4tv6G,S. Thomas,direct,1.0,0.4074,1
S. Thomas,1892,http://id.lincsproject.ca/Xf2JnT4tv6G,S. Thomas,direct,1.0,0.4074,1
S. Thomas,1893,http://id.lincsproject.ca/Xf2JnT4tv6G,S. Thomas,direct,1.0,0.3958,1
S. Thomas,1894,http://id.lincsproject.ca/Xf2JnT4tv6G,S. Thomas,direct,1.0,0.35,1
S. Warden,1893,http://id.lincsproject.ca/REdEVAQg6nY,S. Warden,direct,1.0,1.0,1
S. Warden,1894,http://id.lincsproject.ca/REdEVAQg6nY,S. Warden,direct,1.0,1.0,1
S. Warden,1895,http://id.lincsproject.ca/REdEVAQg6nY,S. Warden,direct,1.0,1.0,1
S. Warden,1896,http://id.lincsproject.ca/REdEVAQg6nY,S. Warden,direct,1.0,1.0,1
S. Whitford,1886,http://id.lincsproject.ca/dRgQOtV4hf9,S. Whitford,direct,1.0,0.35,1
S. Whitford,1887,http://id.lincsproject.ca/dRgQOtV4hf9,S. Whitford,direct,1.0,0.35,1
S.B. Lucas,1880,http://id.lincsproject.ca/JfXN3SAqk59,S.B. Lucas,direct,1.0,1.0,1
S.B. Lucas,1881,http://id.lincsproject.ca/JfXN3SAqk59,S.B. Lucas,direct,1.0,1.0,1
S.B. Lucas,1882,http://id.lincsproject.ca/JfXN3SAqk59,S.B. Lucas,direct,1.0,1.0,1
S.B. Lucas,1883,http://id.lincsproject.ca/JfXN3SAqk59,S.B. Lucas,direct,1.0,1.0,1
S.B. Lucas,1884,http://id.lincsproject.ca/JfXN3SAqk59,S.B. Lucas,direct,1.0,1.0,1
S.B. Lucas,1885,http://id.lincsproject.ca/JfXN3SAqk59,S.B. Lucas,direct,1.0,1.0,1
S.B. Lucas,1886,http://id.lincsproject.ca/JfXN3SAqk59,S.B. Lucas,direct,1.0,1.0,1
S.B. Lucas,1887,http://id.lincsproject.ca/JfXN3SAqk59,S.B. Lucas,direct,1.0,1.0,1
S.B. Lucas,1888,http://id.lincsproject.ca/JfXN3SAqk59,S.B. Lucas,direct,1.0,1.0,1
S.B. Lucas,1889,http://id.lincsproject.ca/JfXN3SAqk59,S.B. Lucas,direct,1.0,1.0,1
S.B. Lucas,1890,http://id.lincsproject.ca/JfXN3SAqk59,S.B. Lucas,direct,1.0,1.0,1
S.B. Lucas,1891,http://id.lincsproject.ca/JfXN3SAqk59,S.B. Lucas,direct,1.0,1.0,1
S.B. Lucas,1892,http://id.lincsproject.ca/JfXN3SAqk59,S.B. Lucas,direct,1.0,1.0,1
S.B. Lucas,1893,http://id.lincsproject.ca/JfXN3SAqk59,S.B. Lucas,direct,1.0,1.0,1
S.B. Lucas,1894,http://id.lincsproject.ca/JfXN3SAqk59,S.B. Lucas,direct,1.0,1.0,1
S.B. Lucas,1895,http://id.lincsproject.ca/JfXN3SAqk59,S.B. Lucas,direct,1.0,1.0,1
S.B. Lucas,1896,http://id.lincsproject.ca/JfXN3SAqk59,S.B. Lucas,direct,1.0,1.0,1
S.M. Dickenson,1893,http://id.lincsproject.ca/KqKVg9dVqUA,S.M. Dickinson,direct,0.9841,0.9841,1
S.M. Dickenson,1894,http://id.lincsproject.ca/KqKVg9dVqUA,S.M. Dickinson,direct,0.9841,0.9841,1
S.M. Dickenson,1895,http://id.lincsproject.ca/KqKVg9dVqUA,S.M. Dickinson,direct,0.9841,0.9841,1
S.M. Dickenson,1896,http://id.lincsproject.ca/KqKVg9dVqUA,S.M. Dickinson,direct,0.9841,0.9841,1
S.M. Dickinson,1889,http://id.lincsproject.ca/KqKVg9dVqUA,S.M. Dickinson,direct,1.0,1.0,1
S.M. Dickinson,1890,http://id.lincsproject.ca/KqKVg9dVqUA,S.M. Dickinson,direct,1.0,1.0,1
S.M. Dickinson,1891,http://id.lincsproject.ca/KqKVg9dVqUA,S.M. Dickinson,direct,1.0,1.0,1
S.M. Dickinson,1892,http://id.lincsproject.ca/KqKVg9dVqUA,S.M. Dickinson,direct,1.0,1.0,1
S.M. Jarvis,1889,http://id.lincsproject.ca/5sTlVTUSmB2,S.M. Jarvis,direct,1.0,1.0,1
S.M. Jarvis,1890,http://id.lincsproject.ca/5sTlVTUSmB2,S.M. Jarvis,direct,1.0,1.0,1
S.M. Jarvis,1893,http://id.lincsproject.ca/5sTlVTUSmB2,S.M. Jarvis,direct,1.0,1.0,1
S.M. Jarvis,1894,http://id.lincsproject.ca/5sTlVTUSmB2,S.M. Jarvis,direct,1.0,1.0,1
S.S. Simpson,1889,http://id.lincsproject.ca/R8yEAPVP8FA,S.S. Simpson,direct,1.0,0.35,1
S.S. Simpson,1890,http://id.lincsproject.ca/R8yEAPVP8FA,S.S. Simpson,direct,1.0,0.35,1
S.S. Simpson,1891,http://id.lincsproject.ca/R8yEAPVP8FA,S.S. Simpson,direct,1.0,0.35,1
S.S. Simpson,1893,http://id.lincsproject.ca/R8yEAPVP8FA,S.S. Simpson,direct,1.0,0.35,1
"S.T. Macadam, M.D",1891,http://id.lincsproject.ca/zFEiMiLNztv,S.T. Macadam,direct,1.0,1.0,1
"S.T. Macadam, M.D.",1890,http://id.lincsproject.ca/zFEiMiLNztv,S.T. Macadam,direct,1.0,1.0,1
"S.T. Macadam, M.D.",1892,http://id.lincsproject.ca/zFEiMiLNztv,S.T. Macadam,direct,1.0,1.0,1
"S.T. Macadam, M.D.",1893,http://id.lincsproject.ca/zFEiMiLNztv,S.T. Macadam,direct,1.0,1.0,1
"S.T. Macadam, M.D.",1894,http://id.lincsproject.ca/zFEiMiLNztv,S.T. Macadam,direct,1.0,1.0,1
"S.T. Macadam, M.D.",1895,http://id.lincsproject.ca/zFEiMiLNztv,S.T. Macadam,direct,1.0,1.0,1
"S.T. Macadam, M.D.",1896,http://id.lincsproject.ca/zFEiMiLNztv,S.T. Macadam,direct,1.0,1.0,1
S.Y. Wooton,1887,http://id.lincsproject.ca/FgKutoaQoiJ,S.Y. Wooton,direct,1.0,1.0,1
S.Y. Wootton,1888,http://id.lincsproject.ca/FgKutoaQoiJ,S.Y. Wooton,direct,0.9944,0.9944,1
S.Y. Wootton,1889,http://id.lincsproject.ca/FgKutoaQoiJ,S.Y. Wooton,direct,0.9944,0.9944,1
"Salter, Richard",1910,http://id.lincsproject.ca/mc7iM3IFRb8,Richard Salter,direct,1.0,0.3695,1
Saml. Bray,1885,http://id.lincsproject.ca/jQlMlG7ngJT,S. Bray,direct,1.0,1.0,1
Samuel Bray,1886,http://id.lincsproject.ca/jQlMlG7ngJT,S. Bray,direct,1.0,1.0,1
Samuel Bray,1887,http://id.lincsproject.ca/jQlMlG7ngJT,S. Bray,direct,1.0,1.0,1
Samuel Bray,1888,http://id.lincsproject.ca/jQlMlG7ngJT,S. Bray,direct,1.0,1.0,1
Samuel Bray,1889,http://id.lincsproject.ca/jQlMlG7ngJT,S. Bray,direct,1.0,1.0,1
Samuel Bray,1890,http://id.lincsproject.ca/jQlMlG7ngJT,S. Bray,direct,1.0,1.0,1
Samuel Bray,1891,http://id.lincsproject.ca/jQlMlG7ngJT,S. Bray,direct,1.0,1.0,1
Samuel Bray,1892,http://id.lincsproject.ca/jQlMlG7ngJT,S. Bray,direct,1.0,1.0,1
Samuel Bray,1893,http://id.lincsproject.ca/jQlMlG7ngJT,S. Bray,direct,1.0,1.0,1
Samuel Bray,1910,http://id.lincsproject.ca/jQlMlG7ngJT,S. Bray,direct,1.0,1.0,1
Samuel Bruce,1880,http://id.lincsproject.ca/m2fcznl87bW,Samuel Bruce,direct,1.0,1.0,1
Samuel Bruce,1881,http://id.lincsproject.ca/m2fcznl87bW,Samuel Bruce,direct,1.0,1.0,1
Samuel Bruce,1882,http://id.lincsproject.ca/m2fcznl87bW,Samuel Bruce,direct,1.0,1.0,1
Samuel Hagan,1892,http://id.lincsproject.ca/rL0WbtXmayF,Samuel Hagan,direct,1.0,0.35,1
Samuel Hagan,1893,http://id.lincsproject.ca/rL0WbtXmayF,Samuel Hagan,direct,1.0,1.0,1
Samuel Hagan,1895,http://id.lincsproject.ca/rL0WbtXmayF,Samuel Hagan,direct,1.0,1.0,1
Samuel Hagan,1896,http://id.lincsproject.ca/rL0WbtXmayF,Samuel Hagan,direct,1.0,1.0,1
Samuel Stewart,1891,http://id.lincsproject.ca/D6sbDRvR2C2,Samuel Stewart,direct,1.0,0.35,1
Samuel Stewart,1892,http://id.lincsproject.ca/D6sbDRvR2C2,Samuel Stewart,direct,1.0,0.35,1
Samuel Stewart,1893,http://id.lincsproject.ca/D6sbDRvR2C2,Samuel Stewart,direct,1.0,0.35,1
Samuel Stewart,1894,http://id.lincsproject.ca/D6sbDRvR2C2,Samuel Stewart,direct,1.0,0.35,1
Samuel Stewart,1895,http://id.lincsproject.ca/D6sbDRvR2C2,Samuel Stewart,direct,1.0,0.35,1
Samuel Stewart,1896,http://id.lincsproject.ca/D6sbDRvR2C2,Samuel Stewart,direct,1.0,0.35,1
Samuel Stewart,1897,http://id.lincsproject.ca/D6sbDRvR2C2,Samuel Stewart,direct,1.0,0.35,1
Samuel Stewart,1899,http://id.lincsproject.ca/D6sbDRvR2C2,Samuel Stewart,direct,1.0,0.35,1
Samuel Stewart,1904,http://id.lincsproject.ca/D6sbDRvR2C2,Samuel Stewart,direct,1.0,1.0,1
Samuel Stewart,1910,http://id.lincsproject.ca/D6sbDRvR2C2,Samuel Stewart,direct,1.0,1.0,1
Sandy Thomas,1895,http://id.lincsproject.ca/Xf2JnT4tv6G,S. Thomas,direct,1.0,0.35,1
Sandy Thomas,1896,http://id.lincsproject.ca/Xf2JnT4tv6G,S. Thomas,direct,1.0,0.35,1
"Sanson, G., M.D.",1904,http://id.lincsproject.ca/5PDefS2zzLG,George Sanson,direct,1.0,1.0,1
"Sanson, G., M.D.",1910,http://id.lincsproject.ca/5PDefS2zzLG,George Sanson,direct,1.0,1.0,1
Sara M. O'Grady,1897,http://id.lincsproject.ca/DVW72wymbA8,Sarah O'Grady,direct,0.9825,0.9825,1
Sarah M. O'Grady,1899,http://id.lincsproject.ca/DVW72wymbA8,Sarah O'Grady,direct,0.9925,0.9925,1
Sarah M. O'Grady,1904,http://id.lincsproject.ca/DVW72wymbA8,Sarah O'Grady,direct,0.9925,0.9925,1
"Savard, Jos",1904,http://id.lincsproject.ca/WEVLTOJHXAu,"Savard, Jos",direct,1.0,1.0,1
"Sayers, Jos.",1904,http://id.lincsproject.ca/YQAs9SCEyCF,"Sayers, Jos.",direct,1.0,1.0,1
"Saywell, G.F.",1910,http://id.lincsproject.ca/G6El4nJr3k3,G.F. Saywell,direct,1.0,1.0,1
"Schmidt, Wm",1899,http://id.lincsproject.ca/9iP6hHVmtib,"Schmidt, Wm",direct,1.0,1.0,1
"Scoffield, John",1897,http://id.lincsproject.ca/GV1l7EeBQIg,John Scoffield,direct,1.0,1.0,1
"Scoffield, John",1899,http://id.lincsproject.ca/GV1l7EeBQIg,John Scoffield,direct,1.0,1.0,1
"Scoffield, John",1904,http://id.lincsproject.ca/GV1l7EeBQIg,John Scoffield,direct,1.0,1.0,1
"Scoffield, John",1910,http://id.lincsproject.ca/GV1l7EeBQIg,John Scoffield,direct,1.0,1.0,1
"Scott, T.",1897,http://id.lincsproject.ca/hwdTO1tawwX,"Scott, T.",direct,1.0,0.35,1
"Scott, T.",1899,http://id.lincsproject.ca/hwdTO1tawwX,"Scott, T.",direct,1.0,0.35,1
"Scott, Thomas",1904,http://id.lincsproject.ca/hwdTO1tawwX,"Scott, T.",direct,1.0,0.35,1
"Scott, Tom",1910,http://id.lincsproject.ca/tuunjycmxDD,Tom Scott,direct,1.0,0.35,1
"Scott, W.D.B.",1904,http://id.lincsproject.ca/JoEfMiKtOn0,W.D.B. Scott,direct,1.0,0.2975,1
"Secord, Levi, M.D.",1897,http://id.lincsproject.ca/YlUq7KELoZe,Levi Secord,direct,1.0,1.0,1
"Secord, Levi, M.D.",1899,http://id.lincsproject.ca/YlUq7KELoZe,Levi Secord,direct,1.0,1.0,1
Selwyn E. Sangster,1910,http://id.lincsproject.ca/LP1kmghsf6R,Selwyn B Sangster,direct,0.9225,0.9225,1
"Semmens, Rev. John",1904,http://id.lincsproject.ca/qhWOBD9nrQ4,John Semmens,direct,1.0,1.0,1
"Semmens, Rev. John",1910,http://id.lincsproject.ca/qhWOBD9nrQ4,John Semmens,direct,1.0,1.0,1
"Settee, J.R.",1904,http://id.lincsproject.ca/7jKaQ4Kwy1e,J.R. Settee,direct,1.0,1.0,1
"Settee, J.R.",1910,http://id.lincsproject.ca/7jKaQ4Kwy1e,J.R. Settee,direct,1.0,1.0,1
"Seymour, M.M., M.D.",1897,http://id.lincsproject.ca/MrQYkT04iDY,M.M. Seymour,direct,1.0,1.0,1
"Seymour, M.M., M.D.",1899,http://id.lincsproject.ca/MrQYkT04iDY,M.M. Seymour,direct,1.0,1.0,1
"Seymour, M.M., M.D.",1904,http://id.lincsproject.ca/MrQYkT04iDY,M.M. Seymour,direct,1.0,1.0,1
"Shaw, J.M., M.D.",1897,http://id.lincsproject.ca/DCV1eFksgks,J.M. Shaw,direct,1.0,1.0,1
"Shaw, J.M., M.D.",1899,http://id.lincsproject.ca/DCV1eFksgks,J.M. Shaw,direct,1.0,1.0,1
"Shaw, J.M., M.D.",1904,http://id.lincsproject.ca/DCV1eFksgks,J.M. Shaw,direct,1.0,1.0,1
"Shaw, R.W., M.D.",1910,http://id.lincsproject.ca/sFGA6wkUO1C,R.W. Shaw,direct,1.0,1.0,1
"Sheahan, J.J., M.D.",1910,http://id.lincsproject.ca/mN7II0gPr9D,J.J. Sheahan,direct,1.0,1.0,1
"Short, J.W.",1899,http://id.lincsproject.ca/ufUEfk9pbyV,J.W. Short,direct,1.0,0.039,1
"Sibbald, H.E.",1904,http://id.lincsproject.ca/VFDcydVsECL,H.E. Sibbald,direct,1.0,0.35,1
"Sibbald, W.",1904,http://id.lincsproject.ca/triEYYBzHje,W. Sibbald,direct,1.0,0.35,1
"Sibbald, W.",1910,http://id.lincsproject.ca/triEYYBzHje,W. Sibbald,direct,1.0,1.0,1
"Sibbald, Wm.",1897,http://id.lincsproject.ca/triEYYBzHje,W. Sibbald,direct,1.0,1.0,1
Sidney W. Hobart,1910,http://id.lincsproject.ca/jY8JCbMP8B6,Sidney W. Hobart,direct,1.0,1.0,1
"Simon, John",1897,http://id.lincsproject.ca/rcLDAt95egp,John Simon,direct,1.0,1.0,1
"Simon, John",1899,http://id.lincsproject.ca/rcLDAt95egp,John Simon,direct,1.0,1.0,1
"Simpson, William",1897,http://id.lincsproject.ca/x6u71CgFEXd,Wm. Simpson,direct,1.0,1.0,1
"Simpson, William",1899,http://id.lincsproject.ca/x6u71CgFEXd,Wm. Simpson,direct,1.0,1.0,1
"Sims, C.L.D.",1899,http://id.lincsproject.ca/fzOgTPwBl2E,C.L.D. Sims,direct,1.0,1.0,1
"Sims, C.L.D.",1904,http://id.lincsproject.ca/fzOgTPwBl2E,C.L.D. Sims,direct,1.0,0.35,1
"Sims, C.L.D.",1910,http://id.lincsproject.ca/fzOgTPwBl2E,C.L.D. Sims,direct,1.0,0.35,1
"Sims, H.S.",1904,http://id.lincsproject.ca/vMyRByOeBaZ,H.S. Sims,direct,1.0,0.35,1
"Sims, H.S.",1910,http://id.lincsproject.ca/vMyRByOeBaZ,H.S. Sims,direct,1.0,0.35,1
"Sinclair, A.",1899,http://id.lincsproject.ca/iOhNkmfuhgO,A. Sinclair,direct,1.0,1.0,1
"Sinclair, John",1910,http://id.lincsproject.ca/PT9gqX7f8JB,John Sinclair,direct,1.0,1.0,1
Sister E. Christin,1889,http://id.lincsproject.ca/8bQquDXXoHd,E. Christin,direct,1.0,1.0,1
Sister E. Christin,1890,http://id.lincsproject.ca/8bQquDXXoHd,E. Christin,direct,1.0,1.0,1
Sister E. Christin,1891,http://id.lincsproject.ca/8bQquDXXoHd,E. Christin,direct,1.0,1.0,1
Sister E. Christin,1892,http://id.lincsproject.ca/8bQquDXXoHd,E. Christin,direct,1.0,1.0,1
Sister L'Ange Gardien,1910,http://id.lincsproject.ca/kNxGvJMzgse,L'Ange Gardien,direct,1.0,0.3881,1
Sister M. Clement,1893,http://id.lincsproject.ca/THW0pN5MwH0,M. Clement,direct,1.0,1.0,1
Sister M. Frs. Xavier,1893,http://id.lincsproject.ca/uzH94m0heXu,M. Frances Xavier,direct,1.0,1.0,1
Sister M. Rogation,1893,http://id.lincsproject.ca/5PWvAhUIDey,M. Rogation,direct,1.0,1.0,1
Sister M. Stainlas,1893,http://id.lincsproject.ca/3KJk5C6nFSl,M. Stainlas,direct,1.0,1.0,1
Sister M. de la Présentation,1910,http://id.lincsproject.ca/02RBTXSrgGX,M. de la Presentation,direct,1.0,1.0,1
Sister Mary Celestin,1893,http://id.lincsproject.ca/etVv7Lg1thL,Mary Celestine,direct,1.0,1.0,1
Sister Mary Celestine,1891,http://id.lincsproject.ca/etVv7Lg1thL,Mary Celestine,direct,1.0,1.0,1
Sister Mary Celestine,1892,http://id.lincsproject.ca/etVv7Lg1thL,Mary Celestine,direct,1.0,1.0,1
Sister Mary Joachim,1891,http://id.lincsproject.ca/9wiB8Xnb63x,Mary Joachim,direct,1.0,1.0,1
Sister Mary Joachim,1892,http://id.lincsproject.ca/9wiB8Xnb63x,Mary Joachim,direct,1.0,1.0,1
Sister Mary Joachim,1893,http://id.lincsproject.ca/9wiB8Xnb63x,Mary Joachim,direct,1.0,1.0,1
Sister St. Antoinne,1910,http://id.lincsproject.ca/wBJuWdIcvYO,Sister St. Antoine,direct,0.9968,0.9968,1
Sister St. Arnaud,1889,http://id.lincsproject.ca/wGhzVrH7il5,Sister St. Arnaud,direct,1.0,1.0,1
Sister St. Arnaud,1890,http://id.lincsproject.ca/wGhzVrH7il5,Sister St. Arnaud,direct,1.0,1.0,1
Sister St. Arnaud,1891,http://id.lincsproject.ca/wGhzVrH7il5,Sister St. Arnaud,direct,1.0,1.0,1
Sister St. Arnaud,1892,http://id.lincsproject.ca/wGhzVrH7il5,Sister St. Arnaud,direct,1.0,1.0,1
Sister St. Eusèbe,1895,http://id.lincsproject.ca/g7SCny7NCyp,Sister St. Eusebe,direct,1.0,1.0,1
Sister St. Eusèbe,1896,http://id.lincsproject.ca/g7SCny7NCyp,Sister St. Eusebe,direct,1.0,1.0,1
Sister St. Eusèbe,1897,http://id.lincsproject.ca/g7SCny7NCyp,Sister St. Eusebe,direct,1.0,1.0,1
Sister St. Eusèbe,1899,http://id.lincsproject.ca/g7SCny7NCyp,Sister St. Eusebe,direct,1.0,1.0,1
Sister St. Eusébe,1904,http://id.lincsproject.ca/g7SCny7NCyp,Sister St. Eusebe,direct,1.0,1.0,1
Sister Ste. GeneviPve,1892,http://id.lincsproject.ca/5KnwMXfZwLv,Sister Ste. GeneviPve,direct,1.0,1.0,1
Sister Ste. Genevieve,1889,http://id.lincsproject.ca/5KnwMXfZwLv,Sister Ste. GeneviPve,direct,0.9779,0.9779,1
Sister Ste. Geneviève,1890,http://id.lincsproject.ca/5KnwMXfZwLv,Sister Ste. GeneviPve,direct,0.9779,0.9779,1
Sister Ste. Geneviève,1891,http://id.lincsproject.ca/5KnwMXfZwLv,Sister Ste. GeneviPve,direct,0.9779,0.9779,1
Sister Z. St. Louis,1895,http://id.lincsproject.ca/JfsoatO3uCV,Z. St. Louis,direct,1.0,1.0,1
Sister Z. St. Louis,1896,http://id.lincsproject.ca/JfsoatO3uCV,Z. St. Louis,direct,1.0,1.0,1
Sister Z. St. Louis,1897,http://id.lincsproject.ca/JfsoatO3uCV,Z. St. Louis,direct,1.0,1.0,1
Sister Z. St. Louis,1899,http://id.lincsproject.ca/JfsoatO3uCV,Z. St. Louis,direct,1.0,1.0,1
"Slater, T.J.",1910,http://id.lincsproject.ca/ElbFVnWRKMH,T.J. Slater,direct,1.0,0.3695,1
"Smillie, N.C., M.D.",1897,http://id.lincsproject.ca/UKTHmWLWJvZ,N.C. Smillie,direct,1.0,1.0,1
Smith Thos. B.,1904,http://id.lincsproject.ca/pyKp4iWWhDu,Smith Thos. B.,direct,1.0,0.35,1
"Smith, G.J.",1910,http://id.lincsproject.ca/RncadpkCVGB,"Smith, G.J.",direct,1.0,0.2975,1
"Smith, George R.",1897,http://id.lincsproject.ca/bvZMghi30q0,George R. Smith,direct,1.0,0.2975,1
"Smith, J.W.",1897,http://id.lincsproject.ca/fAnPdLiAJL6,J.W. Smith,direct,1.0,0.35,1
"Smith, J.W., M.D.",1904,http://id.lincsproject.ca/IcwG5QAqU6F,J.W. Smith,direct,1.0,0.35,1
"Smith, J.W., M.D.",1910,http://id.lincsproject.ca/IcwG5QAqU6F,J.W. Smith,direct,1.0,0.2975,1
"Smith, R.H.",1910,http://id.lincsproject.ca/mSXvjdU3xwW,R.H. Smith,direct,1.0,0.35,1
"Smith, Rev. A.G.",1897,http://id.lincsproject.ca/sarvAybyQqy,A.G. Smith,direct,1.0,0.2975,1
"Smith, Thos. B.",1899,http://id.lincsproject.ca/pyKp4iWWhDu,Smith Thos. B.,direct,1.0,0.35,1
"Smith, Thos. B.C.",1897,http://id.lincsproject.ca/pyKp4iWWhDu,Smith Thos. B.,direct,0.9925,0.3425,1
"Smith, W.",1910,http://id.lincsproject.ca/9MGy2RyCBjb,W. Smith,direct,1.0,0.2975,1
"Smith,. I",1910,http://id.lincsproject.ca/bMeDepYWX7K,I. Smith,direct,1.0,0.35,1
Solomon Desjardins,1893,http://id.lincsproject.ca/1bZTnUtqhJh,S. Desjardins,direct,1.0,1.0,1
"Spencer, J.C.",1910,http://id.lincsproject.ca/JvurHWS8GOQ,J.C. Spencer,direct,1.0,1.0,1
"Sprague, T. F., M.D.",1904,http://id.lincsproject.ca/c3DWlXdZS7U,T.F. Sprague,direct,1.0,1.0,1
"Sprague, T.F., M.D.",1899,http://id.lincsproject.ca/c3DWlXdZS7U,T.F. Sprague,direct,1.0,1.0,1
"Sprague, T.F., M.D.",1910,http://id.lincsproject.ca/c3DWlXdZS7U,T.F. Sprague,direct,1.0,1.0,1
St. Bergeron,1892,http://id.lincsproject.ca/9IiBOXCr0gn,St. Bergeron,direct,1.0,1.0,1
"Stainton, J.R.",1910,http://id.lincsproject.ca/OlubqrXwW1t,"Stainton, J.R.",direct,1.0,1.0,1
"Stanley, E.",1897,http://id.lincsproject.ca/nhdXiv3K6Dn,E. Stanley,direct,1.0,1.0,1
"Stanley, E.",1899,http://id.lincsproject.ca/nhdXiv3K6Dn,E. Stanley,direct,1.0,1.0,1
"Stanley, E.",1904,http://id.lincsproject.ca/nhdXiv3K6Dn,E. Stanley,direct,1.0,1.0,1
"Stanley, E.",1910,http://id.lincsproject.ca/nhdXiv3K6Dn,E. Stanley,direct,1.0,1.0,1
"Starlight, Jim",1910,http://id.lincsproject.ca/qgzJvqk0hYY,Jim Starlight,direct,1.0,1.0,1
"Steep J.R., M.D.",1899,http://id.lincsproject.ca/LlQu1snM5Vi,J.R. Steep,direct,1.0,1.0,1
"Steep, J.R.",1904,http://id.lincsproject.ca/LlQu1snM5Vi,J.R. Steep,direct,1.0,1.0,1
"Steep, J.R., M.D.",1897,http://id.lincsproject.ca/LlQu1snM5Vi,J.R. Steep,direct,1.0,1.0,1
"Steep, J.R., M.D.",1910,http://id.lincsproject.ca/LlQu1snM5Vi,J.R. Steep,direct,1.0,1.0,1
"Steinhauer, J.",1910,http://id.lincsproject.ca/YqRedybIliI,J. Steinhauer,direct,1.0,1.0,1
"Stenning, Miss A.",1910,http://id.lincsproject.ca/k9dgGNvLvKb,A. Stenning,direct,1.0,1.0,1
"Stevens, W.A.",1904,http://id.lincsproject.ca/MQLI1AO0qMm,W.A. Stevens,direct,1.0,1.0,1
"Stevens, W.A.",1910,http://id.lincsproject.ca/MQLI1AO0qMm,W.A. Stevens,direct,1.0,1.0,1
"Stewart, A.B., M.D.",1897,http://id.lincsproject.ca/zEvcU2fY1KJ,A.B. Stewart,direct,1.0,0.35,1
"Stewart, A.B., M.D.",1899,http://id.lincsproject.ca/zEvcU2fY1KJ,A.B. Stewart,direct,1.0,0.35,1
"Stewart, Hugh",1897,http://id.lincsproject.ca/ce8rKUn558o,Hugh Stewart,direct,1.0,0.35,1
"Stewart, Hugh",1899,http://id.lincsproject.ca/ce8rKUn558o,Hugh Stewart,direct,1.0,0.35,1
"Strongquill, P.G.",1899,http://id.lincsproject.ca/KraUWnxzcj2,P.G. Strongquill,direct,1.0,1.0,1
"Stuart, A.J., M.D.",1910,http://id.lincsproject.ca/RJgcsk5izLb,A.J. Stuart,direct,1.0,1.0,1
"Suffern, A.",1910,http://id.lincsproject.ca/ASyHDoEMkMn,A. Suffern,direct,1.0,1.0,1
"Sullivan, Rev. J.J.",1897,http://id.lincsproject.ca/PYl4XGsw6gu,J.J. Sullivan,direct,1.0,0.35,1
Susan Baptiste,1891,http://id.lincsproject.ca/wXTBIClPnQZ,Susan Baptiste,direct,1.0,1.0,1
Susan Baptiste,1892,http://id.lincsproject.ca/wXTBIClPnQZ,Susan Baptiste,direct,1.0,1.0,1
Susan Baptiste,1893,http://id.lincsproject.ca/wXTBIClPnQZ,Susan Baptiste,direct,1.0,1.0,1
"Sutherland, J.A.",1899,http://id.lincsproject.ca/VpIjTPockzi,J.A. Sutherland,direct,1.0,0.0875,1
"Sutherland, J.A.",1910,http://id.lincsproject.ca/VpIjTPockzi,J.A. Sutherland,direct,1.0,0.0875,1
"Sutherland, P.H.",1910,http://id.lincsproject.ca/9c4IZIZZv8a,P.H. Sutherland,direct,1.0,0.35,1
"Sutherland, S.",1904,http://id.lincsproject.ca/zbRPskdy3lu,"Sutherland, S",direct,1.0,0.35,1
"Sutherland, S.",1910,http://id.lincsproject.ca/zbRPskdy3lu,"Sutherland, S",direct,1.0,0.35,1
"Swasson, Joseph",1904,http://id.lincsproject.ca/5ftMwTmXwrI,Joseph Swasson,direct,1.0,1.0,1
"Swinford, S.",1899,http://id.lincsproject.ca/B9Vzk7t5y2Y,S. Swinford,direct,1.0,1.0,1
"Swinford, S.",1904,http://id.lincsproject.ca/B9Vzk7t5y2Y,S. Swinford,direct,1.0,1.0,1
"Swinford, S.",1910,http://id.lincsproject.ca/B9Vzk7t5y2Y,S. Swinford,direct,1.0,1.0,1
"Swinford, Sydney",1897,http://id.lincsproject.ca/B9Vzk7t5y2Y,S. Swinford,direct,1.0,1.0,1
T. Barnaby,1890,http://www.wikidata.org/entity/Q7787394,T. Barnaby,direct,1.0,1.0,1
T. Barnaby,1891,http://www.wikidata.org/entity/Q7787394,T. Barnaby,direct,1.0,1.0,1
T. Barnaby,1892,http://www.wikidata.org/entity/Q7787394,T. Barnaby,direct,1.0,1.0,1
T. Barnaby,1893,http://www.wikidata.org/entity/Q7787394,T. Barnaby,direct,1.0,1.0,1
T. Barnaby,1894,http://www.wikidata.org/entity/Q7787394,T. Barnaby,direct,1.0,1.0,1
T. Brunskill,1882,http://id.lincsproject.ca/F1pxBqz2Pph,T. Brunskill,direct,1.0,1.0,1
T. Edmondson,1888,http://id.lincsproject.ca/bgbYF33o6eG,T. Edmondson,direct,1.0,1.0,1
T. Edmundson.,1887,http://id.lincsproject.ca/bgbYF33o6eG,T. Edmondson,direct,0.9793,0.9793,1
T. Gopher,1894,http://id.lincsproject.ca/0yDsEXwhCRy,T. Gopher,direct,1.0,1.0,1
T. Gopher,1895,http://id.lincsproject.ca/0yDsEXwhCRy,T. Gopher,direct,1.0,1.0,1
T. Hourie,1884,http://id.lincsproject.ca/BiPOvZIaIZq,T. Hourie,direct,1.0,1.0,1
T. May,1887,http://id.lincsproject.ca/ruw6T4oFuKj,T. May,direct,1.0,1.0,1
T. Page Wadsworth,1880,http://id.lincsproject.ca/zrKI7IwQUZn,T.P. Wadsworth,direct,1.0,1.0,1
T. Page Wadsworth,1881,http://id.lincsproject.ca/zrKI7IwQUZn,T.P. Wadsworth,direct,1.0,1.0,1
T. Page Wadsworth,1882,http://id.lincsproject.ca/zrKI7IwQUZn,T.P. Wadsworth,direct,1.0,1.0,1
T. Page Wadsworth,1883,http://id.lincsproject.ca/zrKI7IwQUZn,T.P. Wadsworth,direct,1.0,1.0,1
T. Redmond,1890,http://id.lincsproject.ca/Buq8QhLmAyw,T. Redmond,direct,1.0,1.0,1
T. Redmond,1891,http://id.lincsproject.ca/Buq8QhLmAyw,T. Redmond,direct,1.0,1.0,1
T. Redmond,1892,http://id.lincsproject.ca/Buq8QhLmAyw,T. Redmond,direct,1.0,1.0,1
T. Starmer,1883,http://id.lincsproject.ca/jeGocp8ESz7,T. Starmer,direct,1.0,1.0,1
T. Starmer,1884,http://id.lincsproject.ca/jeGocp8ESz7,T. Starmer,direct,1.0,1.0,1
T. Starmer,1885,http://id.lincsproject.ca/jeGocp8ESz7,T. Starmer,direct,1.0,1.0,1
T. Starmer,1886,http://id.lincsproject.ca/jeGocp8ESz7,T. Starmer,direct,1.0,1.0,1
T. Starmer,1887,http://id.lincsproject.ca/jeGocp8ESz7,T. Starmer,direct,1.0,1.0,1
T. Starmer,1888,http://id.lincsproject.ca/jeGocp8ESz7,T. Starmer,direct,1.0,1.0,1
T. Starmer,1889,http://id.lincsproject.ca/jeGocp8ESz7,T. Starmer,direct,1.0,1.0,1
T. Starmer,1890,http://id.lincsproject.ca/jeGocp8ESz7,T. Starmer,direct,1.0,1.0,1
T. Starmer,1891,http://id.lincsproject.ca/jeGocp8ESz7,T. Starmer,direct,1.0,1.0,1
T. Starmer,1892,http://id.lincsproject.ca/jeGocp8ESz7,T. Starmer,direct,1.0,1.0,1
T. Starmer,1893,http://id.lincsproject.ca/jeGocp8ESz7,T. Starmer,direct,1.0,1.0,1
T. Watson,1890,http://id.lincsproject.ca/PM11tKrwDX6,T. Watson,direct,1.0,0.35,1
T.B. Lauder,1890,http://id.lincsproject.ca/ToHxQAQr7mc,T.B. Lauder,direct,1.0,1.0,1
T.B. Lauder,1891,http://id.lincsproject.ca/ToHxQAQr7mc,T.B. Lauder,direct,1.0,1.0,1
T.B. Lauder,1892,http://id.lincsproject.ca/ToHxQAQr7mc,T.B. Lauder,direct,1.0,1.0,1
T.B. Watson,1891,http://id.lincsproject.ca/PM11tKrwDX6,T. Watson,direct,0.9825,0.3325,1
T.B. Watson,1892,http://id.lincsproject.ca/PM11tKrwDX6,T. Watson,direct,0.9825,0.3325,1
T.D. Green,1890,http://id.lincsproject.ca/wMDp2QjPt4R,T.D. Green,direct,1.0,0.35,1
T.D. Green,1891,http://id.lincsproject.ca/wMDp2QjPt4R,T.D. Green,direct,1.0,0.2975,1
T.D. Green,1892,http://id.lincsproject.ca/wMDp2QjPt4R,T.D. Green,direct,1.0,0.35,1
T.E. Baker,1892,http://id.lincsproject.ca/i70zqk08AQ3,T.E. Baker,direct,1.0,0.35,1
T.E. Baker,1893,http://id.lincsproject.ca/i70zqk08AQ3,T.E. Baker,direct,1.0,0.35,1
T.E. Baker,1894,http://id.lincsproject.ca/i70zqk08AQ3,T.E. Baker,direct,1.0,0.35,1
T.F.A. Kirkpatrick,1886,http://id.lincsproject.ca/AbDBcAeKJMZ,T.F.A. Kirkpatrick,direct,1.0,1.0,1
T.F.S. Kirkpatrick,1880,http://id.lincsproject.ca/AbDBcAeKJMZ,T.F.A. Kirkpatrick,direct,0.9125,0.9125,1
T.F.S. Kirkpatrick,1882,http://id.lincsproject.ca/AbDBcAeKJMZ,T.F.A. Kirkpatrick,direct,0.9125,0.9125,1
T.F.S. Kirkpatrick,1883,http://id.lincsproject.ca/AbDBcAeKJMZ,T.F.A. Kirkpatrick,direct,0.9125,0.9125,1
T.F.S. Kirkpatrick,1884,http://id.lincsproject.ca/AbDBcAeKJMZ,T.F.A. Kirkpatrick,direct,0.9125,0.9125,1
T.F.S. Kirkpatrick,1885,http://id.lincsproject.ca/AbDBcAeKJMZ,T.F.A. Kirkpatrick,direct,0.9125,0.9125,1
T.F.S. Kirkpatrick,1887,http://id.lincsproject.ca/AbDBcAeKJMZ,T.F.A. Kirkpatrick,direct,0.9125,0.9125,1
T.F.S. Kirkpatrick,1889,http://id.lincsproject.ca/AbDBcAeKJMZ,T.F.A. Kirkpatrick,direct,0.9125,0.9125,1
T.F.S. Kirkpatrick,1890,http://id.lincsproject.ca/AbDBcAeKJMZ,T.F.A. Kirkpatrick,direct,0.9125,0.9125,1
T.F.S. Kirkpatrick,1891,http://id.lincsproject.ca/AbDBcAeKJMZ,T.F.A. Kirkpatrick,direct,0.9125,0.9125,1
T.F.S. Kirkpatrick,1892,http://id.lincsproject.ca/AbDBcAeKJMZ,T.F.A. Kirkpatrick,direct,0.9125,0.9125,1
T.F.S. Kirkpatrick,1893,http://id.lincsproject.ca/AbDBcAeKJMZ,T.F.A. Kirkpatrick,direct,0.9125,0.9125,1
T.F.S. Kirkpatrick,1894,http://id.lincsproject.ca/AbDBcAeKJMZ,T.F.A. Kirkpatrick,direct,0.9125,0.9125,1
T.F.S. Kirkpatrick,1895,http://id.lincsproject.ca/AbDBcAeKJMZ,T.F.A. Kirkpatrick,direct,0.9125,0.9125,1
T.F.S. Kirkpatrick.,1881,http://id.lincsproject.ca/AbDBcAeKJMZ,T.F.A. Kirkpatrick,direct,0.9125,0.9125,1
T.F.S. Kirkpatrick.,1888,http://id.lincsproject.ca/AbDBcAeKJMZ,T.F.A. Kirkpatrick,direct,0.9125,0.9125,1
T.G. Pile,1880,http://id.lincsproject.ca/yOzFhwEoOcv,T.G. Pile,direct,1.0,1.0,1
T.G. Pile,1881,http://id.lincsproject.ca/yOzFhwEoOcv,T.G. Pile,direct,1.0,1.0,1
T.G. Pile,1882,http://id.lincsproject.ca/yOzFhwEoOcv,T.G. Pile,direct,1.0,1.0,1
T.G. Pile,1883,http://id.lincsproject.ca/yOzFhwEoOcv,T.G. Pile,direct,1.0,1.0,1
T.G. Pile,1884,http://id.lincsproject.ca/yOzFhwEoOcv,T.G. Pile,direct,1.0,1.0,1
T.G. Pile,1885,http://id.lincsproject.ca/yOzFhwEoOcv,T.G. Pile,direct,1.0,1.0,1
T.G. Pile,1886,http://id.lincsproject.ca/yOzFhwEoOcv,T.G. Pile,direct,1.0,1.0,1
T.G. Pile,1887,http://id.lincsproject.ca/yOzFhwEoOcv,T.G. Pile,direct,1.0,1.0,1
T.G. Pile,1888,http://id.lincsproject.ca/yOzFhwEoOcv,T.G. Pile,direct,1.0,1.0,1
T.G. Pile,1889,http://id.lincsproject.ca/yOzFhwEoOcv,T.G. Pile,direct,1.0,1.0,1
T.G. Pile,1890,http://id.lincsproject.ca/yOzFhwEoOcv,T.G. Pile,direct,1.0,1.0,1
T.G. Pile,1891,http://id.lincsproject.ca/yOzFhwEoOcv,T.G. Pile,direct,1.0,1.0,1
T.G. Pile,1892,http://id.lincsproject.ca/yOzFhwEoOcv,T.G. Pile,direct,1.0,1.0,1
T.H. Dunne,1883,http://id.lincsproject.ca/abRePIFKhKW,T.H. Dunne,direct,1.0,1.0,1
T.H.G. O'Brien,1890,http://id.lincsproject.ca/bZ15aXvz6z2,T.H.G. O'Brien,direct,1.0,0.2975,1
T.J. Fleetham,1886,http://id.lincsproject.ca/5VIbAL9aZhh,Fleetham T.J.,direct,1.0,1.0,1
T.J. Fleetham,1887,http://id.lincsproject.ca/5VIbAL9aZhh,Fleetham T.J.,direct,1.0,1.0,1
T.J. Fleetham,1888,http://id.lincsproject.ca/5VIbAL9aZhh,Fleetham T.J.,direct,1.0,1.0,1
T.J. Fleetham,1889,http://id.lincsproject.ca/5VIbAL9aZhh,Fleetham T.J.,direct,1.0,0.35,1
T.J. Fleetham,1890,http://id.lincsproject.ca/5VIbAL9aZhh,Fleetham T.J.,direct,1.0,0.35,1
T.J. Fleetham,1891,http://id.lincsproject.ca/5VIbAL9aZhh,Fleetham T.J.,direct,1.0,0.35,1
T.J. Fleetham,1892,http://id.lincsproject.ca/5VIbAL9aZhh,Fleetham T.J.,direct,1.0,1.0,1
T.J. Fleetham,1893,http://id.lincsproject.ca/5VIbAL9aZhh,Fleetham T.J.,direct,1.0,1.0,1
T.J. Fleetham,1894,http://id.lincsproject.ca/5VIbAL9aZhh,Fleetham T.J.,direct,1.0,1.0,1
T.J. Fleetham,1895,http://id.lincsproject.ca/5VIbAL9aZhh,Fleetham T.J.,direct,1.0,1.0,1
T.J. Fleetham,1896,http://id.lincsproject.ca/5VIbAL9aZhh,Fleetham T.J.,direct,1.0,1.0,1
T.P. Moffat,1892,http://id.lincsproject.ca/mL94wiSsdeY,T.P. Moffat,direct,1.0,0.35,1
T.P. Moffat,1894,http://id.lincsproject.ca/mL94wiSsdeY,T.P. Moffat,direct,1.0,0.35,1
T.P. Moffatt,1891,http://id.lincsproject.ca/mL94wiSsdeY,T.P. Moffat,direct,0.9944,0.35,1
T.P. Moffatt,1893,http://id.lincsproject.ca/mL94wiSsdeY,T.P. Moffat,direct,0.9944,0.35,1
T.P. Wadsworth,1884,http://id.lincsproject.ca/zrKI7IwQUZn,T.P. Wadsworth,direct,1.0,1.0,1
T.P. Wadsworth,1885,http://id.lincsproject.ca/zrKI7IwQUZn,T.P. Wadsworth,direct,1.0,1.0,1
T.P. Wadsworth,1887,http://id.lincsproject.ca/zrKI7IwQUZn,T.P. Wadsworth,direct,1.0,1.0,1
T.P. Wadsworth,1888,http://id.lincsproject.ca/zrKI7IwQUZn,T.P. Wadsworth,direct,1.0,1.0,1
T.P. Wadsworth,1889,http://id.lincsproject.ca/zrKI7IwQUZn,T.P. Wadsworth,direct,1.0,1.0,1
T.P. Wadsworth,1890,http://id.lincsproject.ca/zrKI7IwQUZn,T.P. Wadsworth,direct,1.0,1.0,1
T.P. Wadsworth,1891,http://id.lincsproject.ca/zrKI7IwQUZn,T.P. Wadsworth,direct,1.0,1.0,1
T.P. Wadsworth,1892,http://id.lincsproject.ca/zrKI7IwQUZn,T.P. Wadsworth,direct,1.0,1.0,1
T.P. Wadsworth,1893,http://id.lincsproject.ca/zrKI7IwQUZn,T.P. Wadsworth,direct,1.0,1.0,1
T.P. Wadsworth,1894,http://id.lincsproject.ca/zrKI7IwQUZn,T.P. Wadsworth,direct,1.0,1.0,1
T.P. Wadsworth,1895,http://id.lincsproject.ca/zrKI7IwQUZn,T.P. Wadsworth,direct,1.0,1.0,1
T.P. Wadsworth,1896,http://id.lincsproject.ca/zrKI7IwQUZn,T.P. Wadsworth,direct,1.0,1.0,1
"T.S. Walton, M.D.",1894,http://id.lincsproject.ca/RjNZDJgdwv7,Thomas S. Walton,direct,1.0,1.0,1
T.T. Quinn,1884,http://id.lincsproject.ca/AnMGz3yTaUf,T.T. Quinn,direct,1.0,1.0,1
"Taylor, John",1899,http://id.lincsproject.ca/mUviQES67bY,John Taylor,direct,1.0,0.315,1
"Taylor, John Sutherland, Alex",1897,http://id.lincsproject.ca/mUviQES67bY,John Taylor,direct,0.9925,0.3075,1
"Taylor, Joseph",1897,http://id.lincsproject.ca/qP1OSV7Au0K,Joseph Taylor,direct,1.0,0.315,1
"Taylor, Joseph",1904,http://id.lincsproject.ca/qP1OSV7Au0K,Joseph Taylor,direct,1.0,1.0,1
"Taylor, Joseph",1910,http://id.lincsproject.ca/qP1OSV7Au0K,Joseph Taylor,direct,1.0,1.0,1
"Teed, J.F., M.D.",1910,http://id.lincsproject.ca/lGPgunHpXpz,J.F. Teed,direct,1.0,1.0,1
"Telfer, J.S.",1910,http://id.lincsproject.ca/mpy8cVnqn7k,J.S. Telfer,direct,1.0,1.0,1
"Tenas, James",1910,http://id.lincsproject.ca/iZOWzKZ8ovj,James Tenas,direct,1.0,1.0,1
"Tennant, W.M.",1910,http://id.lincsproject.ca/th51B86diqT,W.M. Tennant,direct,1.0,1.0,1
"Tessier, A.",1910,http://id.lincsproject.ca/CXPeHKKe1Um,"Tessier, A.",direct,1.0,1.0,1
"Thackeray, John",1897,http://id.lincsproject.ca/RzuTdzl8CkT,J. Thackeray,direct,1.0,1.0,1
"Thackeray, John",1899,http://id.lincsproject.ca/RzuTdzl8CkT,J. Thackeray,direct,1.0,1.0,1
"Thackeray, John",1904,http://id.lincsproject.ca/RzuTdzl8CkT,J. Thackeray,direct,1.0,1.0,1
"Thackeray, John",1910,http://id.lincsproject.ca/RzuTdzl8CkT,J. Thackeray,direct,1.0,1.0,1
"The Right Hon. Sir J.A. Macdonald, K.C.B.",1880,http://viaf.org/viaf/62344756,John A. Macdonald,direct,1.0,0.3062,1
"Thomas Hanson, M.D.",1889,http://id.lincsproject.ca/0FaCwMkl3Vz,Thomas Hanson,direct,1.0,1.0,1
Thomas P. Moffat,1895,http://id.lincsproject.ca/mL94wiSsdeY,T.P. Moffat,direct,1.0,0.35,1
Thomas P. Moffatt,1896,http://id.lincsproject.ca/mL94wiSsdeY,T.P. Moffat,direct,0.9944,0.35,1
Thomas Starmer,1895,http://id.lincsproject.ca/jeGocp8ESz7,T. Starmer,direct,1.0,1.0,1
"Thomas, Sandy",1897,http://id.lincsproject.ca/Xf2JnT4tv6G,S. Thomas,direct,1.0,0.4074,1
"Thomas, Sandy",1899,http://id.lincsproject.ca/Xf2JnT4tv6G,S. Thomas,direct,1.0,0.4074,1
"Thompson, T.",1897,http://id.lincsproject.ca/uxFtsoP0gQz,T. Thompson,direct,1.0,0.4074,1
"Thompson, T.",1899,http://id.lincsproject.ca/uxFtsoP0gQz,T. Thompson,direct,1.0,0.4074,1
"Thorburn, J.H.",1899,http://id.lincsproject.ca/LUpe1EpDeWs,"Thorburn, J.",direct,0.9825,0.9825,1
"Thorburn, R.",1904,http://id.lincsproject.ca/y2v9GabPgcd,Thorburn R.,direct,1.0,1.0,1
"Thorburn, R.",1910,http://id.lincsproject.ca/y2v9GabPgcd,Thorburn R.,direct,1.0,1.0,1
Thos Coffey,1886,http://id.lincsproject.ca/RY5FiqwrW2N,Thos Coffey,direct,1.0,1.0,1
Thos Coffey,1887,http://id.lincsproject.ca/RY5FiqwrW2N,Thos Coffey,direct,1.0,1.0,1
Thos. Coffey,1885,http://id.lincsproject.ca/RY5FiqwrW2N,Thos Coffey,direct,1.0,1.0,1
Thos. Coffey,1888,http://id.lincsproject.ca/RY5FiqwrW2N,Thos Coffey,direct,1.0,1.0,1
Thos. Coffey jun,1880,http://id.lincsproject.ca/RY5FiqwrW2N,Thos Coffey,direct,1.0,1.0,1
Thos. E. Baker,1895,http://id.lincsproject.ca/i70zqk08AQ3,T.E. Baker,direct,1.0,0.35,1
Thos. E. Baker,1896,http://id.lincsproject.ca/i70zqk08AQ3,T.E. Baker,direct,1.0,0.35,1
Thos. Gordon,1880,http://id.lincsproject.ca/VAJjVePJglq,Thos. Gordon,direct,1.0,1.0,1
Thos. Gordon,1882,http://id.lincsproject.ca/VAJjVePJglq,Thos. Gordon,direct,1.0,1.0,1
Thos. Gordon,1883,http://id.lincsproject.ca/VAJjVePJglq,Thos. Gordon,direct,1.0,1.0,1
Thos. Gordon,1884,http://id.lincsproject.ca/VAJjVePJglq,Thos. Gordon,direct,1.0,1.0,1
Thos. Gordon,1885,http://id.lincsproject.ca/VAJjVePJglq,Thos. Gordon,direct,1.0,1.0,1
Thos. Gordon,1886,http://id.lincsproject.ca/VAJjVePJglq,Thos. Gordon,direct,1.0,1.0,1
Thos. Gordon,1887,http://id.lincsproject.ca/VAJjVePJglq,Thos. Gordon,direct,1.0,1.0,1
Thos. Gordon,1888,http://id.lincsproject.ca/VAJjVePJglq,Thos. Gordon,direct,1.0,1.0,1
Thos. Gordon,1889,http://id.lincsproject.ca/VAJjVePJglq,Thos. Gordon,direct,1.0,1.0,1
Thos. Gordon,1890,http://id.lincsproject.ca/VAJjVePJglq,Thos. Gordon,direct,1.0,1.0,1
Thos. Gordon,1891,http://id.lincsproject.ca/VAJjVePJglq,Thos. Gordon,direct,1.0,1.0,1
Thos. Gordon,1892,http://id.lincsproject.ca/VAJjVePJglq,Thos. Gordon,direct,1.0,1.0,1
Thos. Gordon,1893,http://id.lincsproject.ca/VAJjVePJglq,Thos. Gordon,direct,1.0,0.35,1
Thos. Gordon,1894,http://id.lincsproject.ca/VAJjVePJglq,Thos. Gordon,direct,1.0,0.35,1
Thos. Gordon.,1881,http://id.lincsproject.ca/VAJjVePJglq,Thos. Gordon,direct,1.0,1.0,1
Thos. Green,1895,http://id.lincsproject.ca/wMDp2QjPt4R,T.D. Green,direct,0.9825,0.3325,1
Thos. Green,1896,http://id.lincsproject.ca/wMDp2QjPt4R,T.D. Green,direct,0.9825,0.3325,1
Thos. Lauder,1895,http://id.lincsproject.ca/m2HHvVTNii0,Thos. Lauder,direct,1.0,1.0,1
Thos. Lauder,1896,http://id.lincsproject.ca/m2HHvVTNii0,Thos. Lauder,direct,1.0,1.0,1
Thos. P. Moffatt,1897,http://id.lincsproject.ca/mL94wiSsdeY,T.P. Moffat,direct,0.9944,0.35,1
Thos. P. Moffatt,1899,http://id.lincsproject.ca/mL94wiSsdeY,T.P. Moffat,direct,0.9944,0.35,1
Thos. P. Moffatt,1904,http://id.lincsproject.ca/mL94wiSsdeY,T.P. Moffat,direct,0.9944,0.35,1
Thos. P. Moffatt,1910,http://id.lincsproject.ca/mL94wiSsdeY,T.P. Moffat,direct,0.9944,0.35,1
Thos. Scott,1894,http://id.lincsproject.ca/hwdTO1tawwX,"Scott, T.",direct,1.0,0.35,1
Thos. Scott,1895,http://id.lincsproject.ca/hwdTO1tawwX,"Scott, T.",direct,1.0,0.35,1
Thos. Scott,1896,http://id.lincsproject.ca/hwdTO1tawwX,"Scott, T.",direct,1.0,0.35,1
Thos. Starmer,1882,http://id.lincsproject.ca/jeGocp8ESz7,T. Starmer,direct,1.0,1.0,1
Thos. Starmer,1894,http://id.lincsproject.ca/jeGocp8ESz7,T. Starmer,direct,1.0,1.0,1
Thos. Wright,1880,http://id.lincsproject.ca/Zf04I2XYZzH,Thos. Wright,direct,1.0,0.35,1
"Tierney, J.A., M.D.",1904,http://id.lincsproject.ca/bSmaFQbxZMU,J.A. Tierney,direct,1.0,1.0,1
"Todd, Chas.",1897,http://id.lincsproject.ca/w2GtX5rP7Xk,"Todd, Chas",direct,1.0,1.0,1
"Todd, Chas.",1899,http://id.lincsproject.ca/w2GtX5rP7Xk,"Todd, Chas",direct,1.0,1.0,1
Tom Godin,1894,http://id.lincsproject.ca/qRbLB5sPBCB,Tom Godin,direct,1.0,1.0,1
Tom Godin,1895,http://id.lincsproject.ca/qRbLB5sPBCB,Tom Godin,direct,1.0,1.0,1
Tom Godin,1896,http://id.lincsproject.ca/qRbLB5sPBCB,Tom Godin,direct,1.0,1.0,1
"Tomkins, P.",1897,http://id.lincsproject.ca/ClN3GIQcros,P. Tomkins,direct,1.0,1.0,1
"Totten, O., M.D.",1910,http://id.lincsproject.ca/TersjEUp35S,O. Totten,direct,1.0,1.0,1
"Touchette, N.H., M.D.",1910,http://id.lincsproject.ca/uOOwusHrnKA,N.H. Touchette,direct,1.0,1.0,1
"Tremblay, J.E., M.D.",1910,http://id.lincsproject.ca/C0aGyPTe4Dy,J.E. Tremblay,direct,1.0,1.0,1
Tucker Geo,1904,http://id.lincsproject.ca/DIO8cTrOAT6,Tucker Geo,direct,1.0,1.0,1
"Tucker, W.R.",1897,http://id.lincsproject.ca/gEzKVURJj0C,Tucker W.R.,direct,1.0,1.0,1
"Tucker, W.R.",1899,http://id.lincsproject.ca/gEzKVURJj0C,Tucker W.R.,direct,1.0,1.0,1
"Tucker, W.R.",1904,http://id.lincsproject.ca/gEzKVURJj0C,Tucker W.R.,direct,1.0,1.0,1
"Turner, L.E.",1910,http://id.lincsproject.ca/xsuOzRyGMmK,L.E. Turner,direct,1.0,1.0,1
"Tutill, G.W., M.D.",1904,http://id.lincsproject.ca/9Z9uVoTy7bd,G.W. Tutil,direct,0.9913,0.9913,1
"Tye, A.W.",1904,http://id.lincsproject.ca/BWMFofCQCoG,"Tye, A.",direct,0.9825,0.9825,1
"Tye, A.W.",1910,http://id.lincsproject.ca/BWMFofCQCoG,"Tye, A.",direct,0.9825,0.9825,1
"Tyerman, P.D., M.D.",1904,http://id.lincsproject.ca/VyomaECILZW,P.D. Tyerman,direct,1.0,1.0,1
V. Dodd,1889,http://id.lincsproject.ca/ZFdTIs7Trzq,V. Dodd,direct,1.0,1.0,1
V. Dodd,1890,http://id.lincsproject.ca/ZFdTIs7Trzq,V. Dodd,direct,1.0,1.0,1
V. Taylor,1893,http://id.lincsproject.ca/XAVddDh0kqL,V. Taylor,direct,1.0,0.35,1
V.J.A. Venner,1881,http://id.lincsproject.ca/uRmXIlusQyw,V.J.A. Vennor,direct,0.9697,0.9697,1
V.J.A. Venner,1882,http://id.lincsproject.ca/uRmXIlusQyw,V.J.A. Vennor,direct,0.9697,0.9697,1
V.J.A. Venner,1883,http://id.lincsproject.ca/uRmXIlusQyw,V.J.A. Vennor,direct,0.9697,0.9697,1
V.J.A. Venner,1891,http://id.lincsproject.ca/uRmXIlusQyw,V.J.A. Vennor,direct,0.9697,0.9697,1
V.J.A. Venner,1892,http://id.lincsproject.ca/uRmXIlusQyw,V.J.A. Vennor,direct,0.9697,0.9697,1
V.J.A. Venner,1893,http://id.lincsproject.ca/uRmXIlusQyw,V.J.A. Vennor,direct,0.9697,0.9697,1
V.J.A. Venner,1894,http://id.lincsproject.ca/uRmXIlusQyw,V.J.A. Vennor,direct,0.9697,0.9697,1
V.J.A. Venner,1895,http://id.lincsproject.ca/uRmXIlusQyw,V.J.A. Vennor,direct,0.9697,0.9697,1
"V.J.A. Venner, M.D.",1892,http://id.lincsproject.ca/uRmXIlusQyw,V.J.A. Vennor,direct,0.9697,0.9697,1
"V.J.A. Venner, M.D.",1893,http://id.lincsproject.ca/uRmXIlusQyw,V.J.A. Vennor,direct,0.9697,0.9697,1
"V.J.A. Venner, M.D.",1894,http://id.lincsproject.ca/uRmXIlusQyw,V.J.A. Vennor,direct,0.9697,0.9697,1
"V.J.A. Venner, M.D.",1896,http://id.lincsproject.ca/uRmXIlusQyw,V.J.A. Vennor,direct,0.9697,0.9697,1
V.J.A. Venner.,1896,http://id.lincsproject.ca/uRmXIlusQyw,V.J.A. Vennor,direct,0.9697,0.9697,1
V.J.A. Venner. M.D,1895,http://id.lincsproject.ca/uRmXIlusQyw,V.J.A. Vennor,direct,0.9697,0.9697,1
V.J.A. Vennor,1884,http://id.lincsproject.ca/uRmXIlusQyw,V.J.A. Vennor,direct,1.0,1.0,1
V.J.A. Vennor,1885,http://id.lincsproject.ca/uRmXIlusQyw,V.J.A. Vennor,direct,1.0,1.0,1
V.J.A. Vennor,1886,http://id.lincsproject.ca/uRmXIlusQyw,V.J.A. Vennor,direct,1.0,1.0,1
V.J.A. Vennor,1887,http://id.lincsproject.ca/uRmXIlusQyw,V.J.A. Vennor,direct,1.0,1.0,1
V.J.A. Vennor,1888,http://id.lincsproject.ca/uRmXIlusQyw,V.J.A. Vennor,direct,1.0,1.0,1
V.J.A. Vennor,1889,http://id.lincsproject.ca/uRmXIlusQyw,V.J.A. Vennor,direct,1.0,1.0,1
V.J.A. Vennor,1890,http://id.lincsproject.ca/uRmXIlusQyw,V.J.A. Vennor,direct,1.0,1.0,1
"Valentine, D.B.",1910,http://id.lincsproject.ca/uxZFILD9hXQ,D.B. Valentine,direct,1.0,1.0,1
"Van Loon, W.C.",1904,http://id.lincsproject.ca/DEO5TQ47wSt,W.C. Van Loon,direct,1.0,1.0,1
"Van Loon, W.C.",1910,http://id.lincsproject.ca/DEO5TQ47wSt,W.C. Van Loon,direct,1.0,1.0,1
"Vandervoost, S.D., M.D.",1910,http://id.lincsproject.ca/LjrQVqsUp9z,S.D. Vandervoort,direct,0.9894,0.9894,1
"Venner, V.J.A., M.D.",1897,http://id.lincsproject.ca/uRmXIlusQyw,V.J.A. Vennor,direct,0.9697,0.9697,1
"Venner, Victor J.A., M.D.",1897,http://id.lincsproject.ca/uRmXIlusQyw,V.J.A. Vennor,direct,0.9697,0.9697,1
"Verreau, Urbain",1910,http://id.lincsproject.ca/j77QAb0MEGQ,Urbain Verreau,direct,1.0,1.0,1
"Vilbrun, D.",1910,http://id.lincsproject.ca/hA322fATfql,D. Vilbrun,direct,1.0,1.0,1
"Villebrun, P.",1904,http://id.lincsproject.ca/KUH0q0WkNk6,P. Villebrun,direct,1.0,1.0,1
"Vowell, Arthur W.",1897,http://www.wikidata.org/entity/Q4800642,A.W. Vowell,direct,1.0,1.0,1
"Vowell, Arthur W.",1899,http://www.wikidata.org/entity/Q4800642,A.W. Vowell,direct,1.0,1.0,1
"Vowell, Arthur W.",1904,http://www.wikidata.org/entity/Q4800642,A.W. Vowell,direct,1.0,1.0,1
"Vowell, Arthur W.",1910,http://www.wikidata.org/entity/Q4800642,A.W. Vowell,direct,1.0,1.0,1
W. Anderson,1881,http://id.lincsproject.ca/1ZYbme5yuht,W. Anderson,direct,1.0,1.0,1
W. Anderson,1882,http://id.lincsproject.ca/1ZYbme5yuht,W. Anderson,direct,1.0,1.0,1
W. Anderson,1883,http://id.lincsproject.ca/1ZYbme5yuht,W. Anderson,direct,1.0,1.0,1
W. Anderson,1884,http://id.lincsproject.ca/1ZYbme5yuht,W. Anderson,direct,1.0,1.0,1
W. Anderson,1885,http://id.lincsproject.ca/1ZYbme5yuht,W. Anderson,direct,1.0,1.0,1
W. Anderson,1886,http://id.lincsproject.ca/1ZYbme5yuht,W. Anderson,direct,1.0,0.35,1
W. Anderson,1887,http://id.lincsproject.ca/1ZYbme5yuht,W. Anderson,direct,1.0,0.35,1
W. Anderson,1888,http://id.lincsproject.ca/1ZYbme5yuht,W. Anderson,direct,1.0,0.35,1
W. Anderson,1889,http://id.lincsproject.ca/1ZYbme5yuht,W. Anderson,direct,1.0,0.35,1
W. Anderson,1890,http://id.lincsproject.ca/1ZYbme5yuht,W. Anderson,direct,1.0,0.35,1
W. Anderson,1891,http://id.lincsproject.ca/1ZYbme5yuht,W. Anderson,direct,1.0,0.35,1
W. Anderson,1892,http://id.lincsproject.ca/1ZYbme5yuht,W. Anderson,direct,1.0,0.35,1
W. Anderson,1893,http://id.lincsproject.ca/1ZYbme5yuht,W. Anderson,direct,1.0,0.35,1
W. Anderson,1894,http://id.lincsproject.ca/1ZYbme5yuht,W. Anderson,direct,1.0,0.35,1
W. Anderson,1895,http://id.lincsproject.ca/1ZYbme5yuht,W. Anderson,direct,1.0,0.35,1
W. Anderson,1896,http://id.lincsproject.ca/1ZYbme5yuht,W. Anderson,direct,1.0,0.35,1
W. Begg,1884,http://id.lincsproject.ca/cSgcWHgFQWh,W. Begg,direct,1.0,1.0,1
W. Bryce,1890,http://id.lincsproject.ca/1xwTIKj9csc,W. Bryce,direct,1.0,1.0,1
W. Bryce,1891,http://id.lincsproject.ca/1xwTIKj9csc,W. Bryce,direct,1.0,1.0,1
W. Bryce,1892,http://id.lincsproject.ca/1xwTIKj9csc,W. Bryce,direct,1.0,1.0,1
W. Bryce,1893,http://id.lincsproject.ca/1xwTIKj9csc,W. Bryce,direct,1.0,1.0,1
W. Daniels,1886,http://id.lincsproject.ca/ocIWLCo18HJ,W. Daniels,direct,1.0,1.0,1
W. Daniels,1887,http://id.lincsproject.ca/ocIWLCo18HJ,W. Daniels,direct,1.0,1.0,1
W. Daniels,1888,http://id.lincsproject.ca/ocIWLCo18HJ,W. Daniels,direct,1.0,1.0,1
W. Dixon,1893,http://id.lincsproject.ca/EcepiGBseyo,W. Dixon,direct,1.0,0.35,1
W. Dunbar,1893,http://id.lincsproject.ca/WK5f6eiRkpV,W. Dunbar,direct,1.0,0.35,1
W. Dunbar,1894,http://id.lincsproject.ca/WK5f6eiRkpV,W. Dunbar,direct,1.0,0.35,1
W. Favel,1896,http://id.lincsproject.ca/cdcgRG5S4tK,W. Favel,direct,1.0,0.35,1
W. Fern,1892,http://id.lincsproject.ca/rLhWJjSEnHS,W. Fern,direct,1.0,1.0,1
W. Giles,1893,http://id.lincsproject.ca/auGVEJvFYfa,W. Giles,direct,1.0,1.0,1
W. Giles,1894,http://id.lincsproject.ca/auGVEJvFYfa,W. Giles,direct,1.0,1.0,1
W. Giles,1895,http://id.lincsproject.ca/auGVEJvFYfa,W. Giles,direct,1.0,1.0,1
W. Giles,1896,http://id.lincsproject.ca/auGVEJvFYfa,W. Giles,direct,1.0,1.0,1
W. Graham,1886,http://id.lincsproject.ca/SJqMorItCQ2,W. Graham,direct,1.0,1.0,1
W. Graham,1887,http://id.lincsproject.ca/SJqMorItCQ2,W. Graham,direct,1.0,1.0,1
W. Graham,1888,http://id.lincsproject.ca/SJqMorItCQ2,W. Graham,direct,1.0,1.0,1
W. Graham,1889,http://id.lincsproject.ca/SJqMorItCQ2,W. Graham,career,1.0,0.0,2
W. Graham,1890,http://id.lincsproject.ca/SJqMorItCQ2,W. Graham,career,1.0,0.0,2
W. Graham,1891,http://id.lincsproject.ca/SJqMorItCQ2,W. Graham,career,1.0,0.0,2
W. Graham,1892,http://id.lincsproject.ca/SJqMorItCQ2,W. Graham,direct,1.0,1.0,1
W. Graham,1893,http://id.lincsproject.ca/SJqMorItCQ2,W. Graham,direct,1.0,0.35,1
W. Graham,1894,http://id.lincsproject.ca/SJqMorItCQ2,W. Graham,direct,1.0,0.35,1
W. Graham,1895,http://id.lincsproject.ca/SJqMorItCQ2,W. Graham,direct,1.0,0.35,1
W. Graham,1896,http://id.lincsproject.ca/SJqMorItCQ2,W. Graham,direct,1.0,0.35,1
W. Lambert,1895,http://id.lincsproject.ca/6COLaIUFjrk,W. Lambert,direct,1.0,1.0,1
W. Lambert,1896,http://id.lincsproject.ca/6COLaIUFjrk,W. Lambert,direct,1.0,1.0,1
W. Laurie,1886,http://id.lincsproject.ca/qUIX2Mizk6E,W. Laurie,direct,1.0,1.0,1
W. Laurie,1887,http://id.lincsproject.ca/qUIX2Mizk6E,W. Laurie,direct,1.0,1.0,1
W. Laurie,1888,http://id.lincsproject.ca/qUIX2Mizk6E,W. Laurie,direct,1.0,1.0,1
W. Laurie,1889,http://id.lincsproject.ca/qUIX2Mizk6E,W. Laurie,direct,1.0,1.0,1
W. MacLaughlin,1890,http://id.lincsproject.ca/edMCxErniIo,W. MacLauhlin,direct,1.0,1.0,1
W. MacLaughlin,1891,http://id.lincsproject.ca/edMCxErniIo,W. MacLauhlin,direct,1.0,1.0,1
W. MacLaughlin,1892,http://id.lincsproject.ca/edMCxErniIo,W. MacLauhlin,direct,1.0,1.0,1
W. MacLauhlin,1893,http://id.lincsproject.ca/edMCxErniIo,W. MacLauhlin,direct,1.0,1.0,1
W. McGirr,1884,http://id.lincsproject.ca/1oV9CqE6m4O,W. McGirr,direct,1.0,0.35,1
W. McGirr,1885,http://id.lincsproject.ca/1oV9CqE6m4O,W. McGirr,direct,1.0,0.35,1
W. McGirr,1886,http://id.lincsproject.ca/1oV9CqE6m4O,W. McGirr,direct,1.0,0.35,1
W. McGirr,1887,http://id.lincsproject.ca/1oV9CqE6m4O,W. McGirr,direct,1.0,0.35,1
W. McGirr,1888,http://id.lincsproject.ca/1oV9CqE6m4O,W. McGirr,direct,1.0,0.35,1
W. McGirr,1889,http://id.lincsproject.ca/1oV9CqE6m4O,W. McGirr,direct,1.0,0.35,1
W. McGirr,1890,http://id.lincsproject.ca/1oV9CqE6m4O,W. McGirr,direct,1.0,0.35,1
W. McGirr,1891,http://id.lincsproject.ca/1oV9CqE6m4O,W. McGirr,direct,1.0,0.35,1
W. McGirr,1892,http://id.lincsproject.ca/1oV9CqE6m4O,W. McGirr,direct,1.0,0.0556,1
W. McGuire,1892,http://id.lincsproject.ca/Fx7VFrY1O3U,W. McGuire,direct,1.0,0.0556,1
W. McNab,1892,http://id.lincsproject.ca/Vh3llJArsWB,W. McNab,direct,1.0,0.0563,1
W. McNair,1892,http://id.lincsproject.ca/Q1wRxiX5qac,W. McNair,direct,1.0,0.0563,1
W. Middleton,1887,http://id.lincsproject.ca/xqMCWgApxyI,W. Middleton,direct,1.0,1.0,1
W. Middleton,1888,http://id.lincsproject.ca/xqMCWgApxyI,W. Middleton,direct,1.0,1.0,1
W. Murison,1893,http://id.lincsproject.ca/rawhoZ0WIyK,W. Murison,direct,1.0,1.0,1
W. Murison,1894,http://id.lincsproject.ca/rawhoZ0WIyK,W. Murison,direct,1.0,1.0,1
W. Murison,1895,http://id.lincsproject.ca/rawhoZ0WIyK,W. Murison,direct,1.0,1.0,1
W. Murison,1896,http://id.lincsproject.ca/rawhoZ0WIyK,W. Murison,direct,1.0,1.0,1
W. Nabbis,1892,http://id.lincsproject.ca/jqRz9ttOnlb,W. Nabbis,direct,1.0,1.0,1
W. Nabbis,1893,http://id.lincsproject.ca/jqRz9ttOnlb,W. Nabbis,direct,1.0,1.0,1
W. Nabbis,1894,http://id.lincsproject.ca/jqRz9ttOnlb,W. Nabbis,direct,1.0,1.0,1
W. Nabbis,1895,http://id.lincsproject.ca/jqRz9ttOnlb,W. Nabbis,direct,1.0,1.0,1
W. O'Donnell,1881,http://id.lincsproject.ca/eUHXXVIKVwA,W. O'Donnell,direct,1.0,1.0,1
W. O'Donnell,1882,http://id.lincsproject.ca/eUHXXVIKVwA,W. O'Donnell,direct,1.0,1.0,1
W. O'Donnell,1883,http://id.lincsproject.ca/eUHXXVIKVwA,W. O'Donnell,direct,1.0,0.3662,1
W. O'Donnell,1884,http://id.lincsproject.ca/eUHXXVIKVwA,W. O'Donnell,direct,1.0,0.3662,1
W. O'Donnell,1885,http://id.lincsproject.ca/eUHXXVIKVwA,W. O'Donnell,direct,1.0,0.3662,1
W. Ozard,1893,http://id.lincsproject.ca/wHWP33ntZyh,W. Ozard,direct,1.0,1.0,1
W. Palmer Clark,1880,http://id.lincsproject.ca/v0ygBYnATXo,W. Palmer Clark,direct,1.0,0.35,1
W. Parker,1885,http://id.lincsproject.ca/qudcjLY96w8,W. Parker,direct,1.0,1.0,1
W. Parker,1886,http://id.lincsproject.ca/qudcjLY96w8,W. Parker,direct,1.0,1.0,1
W. Peart,1886,http://id.lincsproject.ca/ukxCq4o4B4x,W. Peart,direct,1.0,1.0,1
W. Pocklington,1882,http://id.lincsproject.ca/MEBj14VKam4,W. Pocklington,direct,1.0,1.0,1
W. Pocklington,1883,http://id.lincsproject.ca/MEBj14VKam4,W. Pocklington,direct,1.0,1.0,1
W. Pocklington,1884,http://id.lincsproject.ca/MEBj14VKam4,W. Pocklington,direct,1.0,1.0,1
W. Pocklington,1885,http://id.lincsproject.ca/MEBj14VKam4,W. Pocklington,direct,1.0,1.0,1
W. Pocklington,1886,http://id.lincsproject.ca/MEBj14VKam4,W. Pocklington,direct,1.0,1.0,1
W. Pocklington,1887,http://id.lincsproject.ca/MEBj14VKam4,W. Pocklington,direct,1.0,1.0,1
W. Pocklington,1888,http://id.lincsproject.ca/MEBj14VKam4,W. Pocklington,direct,1.0,1.0,1
W. Pocklington,1889,http://id.lincsproject.ca/MEBj14VKam4,W. Pocklington,direct,1.0,1.0,1
W. Pocklington,1890,http://id.lincsproject.ca/MEBj14VKam4,W. Pocklington,direct,1.0,1.0,1
W. Pocklington,1891,http://id.lincsproject.ca/MEBj14VKam4,W. Pocklington,direct,1.0,1.0,1
W. Pocklington,1892,http://id.lincsproject.ca/MEBj14VKam4,W. Pocklington,direct,1.0,1.0,1
W. Pocklington,1893,http://id.lincsproject.ca/JbFvS8gBzOr,W. Pocklington,direct,1.0,1.0,1
W. Scollen,1892,http://id.lincsproject.ca/owhqafsk2Zw,W. Scollen,direct,1.0,1.0,1
W. Sibbald,1889,http://id.lincsproject.ca/triEYYBzHje,W. Sibbald,direct,1.0,1.0,1
W. Sibbald,1890,http://id.lincsproject.ca/triEYYBzHje,W. Sibbald,direct,1.0,1.0,1
W. Sibbald,1891,http://id.lincsproject.ca/triEYYBzHje,W. Sibbald,direct,1.0,1.0,1
W. Sibbald,1892,http://id.lincsproject.ca/triEYYBzHje,W. Sibbald,direct,1.0,1.0,1
W. Sibbald,1893,http://id.lincsproject.ca/triEYYBzHje,W. Sibbald,direct,1.0,1.0,1
W. Sibbald,1894,http://id.lincsproject.ca/triEYYBzHje,W. Sibbald,direct,1.0,1.0,1
W. Sibbald,1895,http://id.lincsproject.ca/triEYYBzHje,W. Sibbald,direct,1.0,1.0,1
W. Sibbald,1896,http://id.lincsproject.ca/triEYYBzHje,W. Sibbald,direct,1.0,1.0,1
W. Smith,1889,http://id.lincsproject.ca/2exNN8t81cy,W. Smith,direct,1.0,0.2975,1
W. Smith,1890,http://id.lincsproject.ca/2exNN8t81cy,W. Smith,direct,1.0,0.2975,1
W. Thomas,1894,http://id.lincsproject.ca/yjNxSeUNJMC,W. Thomas,direct,1.0,0.35,1
W. Thomas,1895,http://id.lincsproject.ca/yjNxSeUNJMC,W. Thomas,direct,1.0,0.35,1
W. Thomas,1896,http://id.lincsproject.ca/yjNxSeUNJMC,W. Thomas,direct,1.0,0.35,1
W. Thompson,1892,http://id.lincsproject.ca/jnJtln2G0RQ,W. Thompson,direct,1.0,0.35,1
W. Thompson,1893,http://id.lincsproject.ca/jnJtln2G0RQ,W. Thompson,direct,1.0,0.3532,1
W. Welsh,1892,http://id.lincsproject.ca/GtsD63zokIA,W. Welsh,direct,1.0,1.0,1
W.A. Austin,1883,http://id.lincsproject.ca/V2t2d5P4Exk,W.A. Austin,direct,1.0,0.35,1
W.A. Austin,1884,http://id.lincsproject.ca/V2t2d5P4Exk,W.A. Austin,direct,1.0,0.35,1
W.A. Austin,1885,http://id.lincsproject.ca/V2t2d5P4Exk,W.A. Austin,direct,1.0,0.35,1
W.A. Austin,1886,http://id.lincsproject.ca/V2t2d5P4Exk,W.A. Austin,direct,1.0,0.35,1
W.A. Austin,1887,http://id.lincsproject.ca/V2t2d5P4Exk,W.A. Austin,direct,1.0,0.35,1
W.A. Austin,1888,http://id.lincsproject.ca/V2t2d5P4Exk,W.A. Austin,direct,1.0,0.35,1
W.A. Austin,1889,http://id.lincsproject.ca/V2t2d5P4Exk,W.A. Austin,direct,1.0,0.35,1
W.A. Austin,1890,http://id.lincsproject.ca/V2t2d5P4Exk,W.A. Austin,direct,1.0,0.35,1
W.A. Austin,1891,http://id.lincsproject.ca/V2t2d5P4Exk,W.A. Austin,direct,1.0,1.0,1
W.A. Austin,1892,http://id.lincsproject.ca/V2t2d5P4Exk,W.A. Austin,direct,1.0,1.0,1
W.A. Austin,1893,http://id.lincsproject.ca/V2t2d5P4Exk,W.A. Austin,direct,1.0,1.0,1
W.A. Austin,1895,http://id.lincsproject.ca/V2t2d5P4Exk,W.A. Austin,direct,1.0,1.0,1
W.A. Hinton,1885,http://id.lincsproject.ca/inm48wohJoX,W.A. Hunton,direct,0.948,0.948,1
W.A. Hunton,1886,http://id.lincsproject.ca/inm48wohJoX,W.A. Hunton,direct,1.0,1.0,1
W.A. Hunton,1887,http://id.lincsproject.ca/inm48wohJoX,W.A. Hunton,direct,1.0,1.0,1
W.A. Loucks,1880,http://id.lincsproject.ca/44nkALQsYKV,W.A. Loucks,direct,1.0,1.0,1
W.A. Loucks,1881,http://id.lincsproject.ca/44nkALQsYKV,W.A. Loucks,direct,1.0,1.0,1
W.A. Orr,1884,http://id.lincsproject.ca/OfA48NfmQMY,W.A. Orr,direct,1.0,1.0,1
W.A. Orr,1885,http://id.lincsproject.ca/OfA48NfmQMY,W.A. Orr,direct,1.0,1.0,1
W.A. Orr,1886,http://id.lincsproject.ca/OfA48NfmQMY,W.A. Orr,direct,1.0,1.0,1
W.A. Orr,1887,http://id.lincsproject.ca/OfA48NfmQMY,W.A. Orr,direct,1.0,0.35,1
W.A. Orr,1888,http://id.lincsproject.ca/OfA48NfmQMY,W.A. Orr,direct,1.0,0.35,1
W.A. Orr,1889,http://id.lincsproject.ca/OfA48NfmQMY,W.A. Orr,direct,1.0,0.35,1
W.A. Orr,1890,http://id.lincsproject.ca/OfA48NfmQMY,W.A. Orr,direct,1.0,0.35,1
W.A. Orr,1891,http://id.lincsproject.ca/OfA48NfmQMY,W.A. Orr,direct,1.0,0.35,1
W.A. Orr,1892,http://id.lincsproject.ca/OfA48NfmQMY,W.A. Orr,direct,1.0,0.35,1
W.A. Orr,1893,http://id.lincsproject.ca/OfA48NfmQMY,W.A. Orr,direct,1.0,1.0,1
W.A. Orr,1894,http://id.lincsproject.ca/OfA48NfmQMY,W.A. Orr,direct,1.0,1.0,1
W.B. Cameron,1890,http://id.lincsproject.ca/LKfmnOZkCwP,W.B. Cameron,direct,1.0,0.35,1
W.B. Cameron,1891,http://id.lincsproject.ca/LKfmnOZkCwP,W.B. Cameron,direct,1.0,0.35,1
W.B. MacLaughlin,1894,http://id.lincsproject.ca/edMCxErniIo,W. MacLauhlin,direct,0.9825,0.9825,1
W.B. Pocklington,1894,http://id.lincsproject.ca/JbFvS8gBzOr,W. Pocklington,direct,0.9825,0.9825,1
W.B. Pocklington,1895,http://id.lincsproject.ca/JbFvS8gBzOr,W. Pocklington,direct,0.9825,0.9825,1
W.B. Pocklington,1896,http://id.lincsproject.ca/JbFvS8gBzOr,W. Pocklington,direct,0.9825,0.9825,1
W.B. Richardson,1880,http://id.lincsproject.ca/2viJiH4U7AU,W.B. Richardson,direct,1.0,1.0,1
W.B. Richardson,1881,http://id.lincsproject.ca/2viJiH4U7AU,W.B. Richardson,direct,1.0,1.0,1
W.C. Chisholm,1887,http://id.lincsproject.ca/igDFcVDmV1E,W.C. Chisholm,direct,1.0,1.0,1
W.C. Chisholm,1888,http://id.lincsproject.ca/igDFcVDmV1E,W.C. Chisholm,direct,1.0,1.0,1
W.C. Chisholm,1889,http://id.lincsproject.ca/igDFcVDmV1E,W.C. Chisholm,direct,1.0,0.35,1
W.C. Chisholm,1890,http://id.lincsproject.ca/igDFcVDmV1E,W.C. Chisholm,direct,1.0,0.35,1
W.C. Chisholm,1891,http://id.lincsproject.ca/igDFcVDmV1E,W.C. Chisholm,direct,1.0,1.0,1
W.C. Chisholm,1892,http://id.lincsproject.ca/igDFcVDmV1E,W.C. Chisholm,direct,1.0,0.35,1
W.C. Chisholm,1893,http://id.lincsproject.ca/igDFcVDmV1E,W.C. Chisholm,direct,1.0,0.35,1
W.C. Chisholm,1894,http://id.lincsproject.ca/igDFcVDmV1E,W.C. Chisholm,direct,1.0,0.2975,1
W.C. De Balinhard,1887,http://id.lincsproject.ca/stVgPfrRj1G,W.C. DeBalinhard,direct,1.0,1.0,1
W.C. De Balinhard,1888,http://id.lincsproject.ca/stVgPfrRj1G,W.C. DeBalinhard,direct,1.0,1.0,1
W.C. DeBalinhard,1886,http://id.lincsproject.ca/stVgPfrRj1G,W.C. DeBalinhard,direct,1.0,1.0,1
W.C. DeBalinhard,1889,http://id.lincsproject.ca/stVgPfrRj1G,W.C. DeBalinhard,direct,1.0,1.0,1
W.C. McCord,1883,http://id.lincsproject.ca/1OFmJdAHjGZ,W.C. McCord,direct,1.0,0.4237,1
W.C. McCord,1884,http://id.lincsproject.ca/1OFmJdAHjGZ,W.C. McCord,direct,1.0,0.4237,1
W.D. Carter,1893,http://id.lincsproject.ca/zQEoxd9tdk6,W.D. Carter,direct,1.0,1.0,1
W.D. Carter,1894,http://id.lincsproject.ca/zQEoxd9tdk6,W.D. Carter,direct,1.0,1.0,1
W.E. Jodes,1888,http://id.lincsproject.ca/XzQ3PFQJt2y,W.E. Jodes,direct,1.0,1.0,1
W.E. Jones,1887,http://id.lincsproject.ca/SKQ8u6Y5Le3,W.E. Jones,direct,1.0,0.3105,1
W.E. Jones,1889,http://id.lincsproject.ca/SKQ8u6Y5Le3,W.E. Jones,direct,1.0,0.3105,1
W.E. Jones,1890,http://id.lincsproject.ca/SKQ8u6Y5Le3,W.E. Jones,direct,1.0,0.3105,1
W.E. Jones,1891,http://id.lincsproject.ca/SKQ8u6Y5Le3,W.E. Jones,direct,1.0,0.3105,1
W.E. Jones,1892,http://id.lincsproject.ca/SKQ8u6Y5Le3,W.E. Jones,direct,1.0,0.3105,1
W.E. Jones,1893,http://id.lincsproject.ca/SKQ8u6Y5Le3,W.E. Jones,direct,1.0,0.2975,1
W.E. Jones,1894,http://id.lincsproject.ca/SKQ8u6Y5Le3,W.E. Jones,direct,1.0,0.2975,1
W.E. Jones,1895,http://id.lincsproject.ca/SKQ8u6Y5Le3,W.E. Jones,direct,1.0,0.2975,1
W.E. Jones,1896,http://id.lincsproject.ca/SKQ8u6Y5Le3,W.E. Jones,direct,1.0,0.2975,1
W.E. McKay,1896,http://id.lincsproject.ca/k0D00vs0GqQ,"McKay, W.",direct,0.9825,0.3325,1
W.F. Wood,1893,http://id.lincsproject.ca/DzUXBFUHbqb,W.F. Wood,direct,1.0,1.0,1
W.F. Wood,1894,http://id.lincsproject.ca/DzUXBFUHbqb,W.F. Wood,direct,1.0,1.0,1
W.G. Egar,1893,http://id.lincsproject.ca/DfvfZJx0yXm,W.G. Egar,direct,1.0,1.0,1
W.G. Egar,1894,http://id.lincsproject.ca/DfvfZJx0yXm,W.G. Egar,direct,1.0,1.0,1
"W.G. King, M.D.",1893,http://id.lincsproject.ca/hgJD8hSular,"W.G. King, M.D.",direct,1.0,1.0,1
"W.G. King, M.D.",1894,http://id.lincsproject.ca/hgJD8hSular,"W.G. King, M.D.",direct,1.0,1.0,1
"W.G. King, M.D.",1895,http://id.lincsproject.ca/hgJD8hSular,"W.G. King, M.D.",direct,1.0,1.0,1
"W.G. King, M.D.",1896,http://id.lincsproject.ca/hgJD8hSular,"W.G. King, M.D.",direct,1.0,1.0,1
W.H. Cox,1891,http://id.lincsproject.ca/XzjktPuZcV4,W.H. Cox,direct,1.0,1.0,1
W.H. Cox,1892,http://id.lincsproject.ca/XzjktPuZcV4,W.H. Cox,direct,1.0,1.0,1
W.H. Cox,1893,http://id.lincsproject.ca/XzjktPuZcV4,W.H. Cox,direct,1.0,1.0,1
W.H. Cox,1894,http://id.lincsproject.ca/XzjktPuZcV4,W.H. Cox,direct,1.0,1.0,1
W.H. Cox,1896,http://id.lincsproject.ca/XzjktPuZcV4,W.H. Cox,direct,1.0,1.0,1
W.H. Howie,1892,http://id.lincsproject.ca/YveMTCTHuTp,W.H. Howie,direct,1.0,1.0,1
W.H. Lomas,1881,http://id.lincsproject.ca/ibe5dMXiwBt,W.H. Lomas,direct,1.0,1.0,1
W.H. Lomas,1882,http://id.lincsproject.ca/ibe5dMXiwBt,W.H. Lomas,direct,1.0,1.0,1
W.H. Lomas,1884,http://id.lincsproject.ca/ibe5dMXiwBt,W.H. Lomas,direct,1.0,1.0,1
W.H. Lomas,1885,http://id.lincsproject.ca/ibe5dMXiwBt,W.H. Lomas,direct,1.0,1.0,1
W.H. Lomas,1886,http://id.lincsproject.ca/ibe5dMXiwBt,W.H. Lomas,direct,1.0,1.0,1
W.H. Lomas,1887,http://id.lincsproject.ca/ibe5dMXiwBt,W.H. Lomas,direct,1.0,1.0,1
W.H. Lomas,1888,http://id.lincsproject.ca/ibe5dMXiwBt,W.H. Lomas,direct,1.0,1.0,1
W.H. Lomas,1889,http://id.lincsproject.ca/ibe5dMXiwBt,W.H. Lomas,direct,1.0,1.0,1
W.H. Lomas,1890,http://id.lincsproject.ca/ibe5dMXiwBt,W.H. Lomas,direct,1.0,1.0,1
W.H. Lomas,1891,http://id.lincsproject.ca/ibe5dMXiwBt,W.H. Lomas,direct,1.0,1.0,1
W.H. Lomas,1892,http://id.lincsproject.ca/ibe5dMXiwBt,W.H. Lomas,direct,1.0,1.0,1
W.H. Lomas,1893,http://id.lincsproject.ca/ibe5dMXiwBt,W.H. Lomas,direct,1.0,1.0,1
W.H. Lomas,1894,http://id.lincsproject.ca/ibe5dMXiwBt,W.H. Lomas,direct,1.0,1.0,1
W.H. Price,1894,http://id.lincsproject.ca/Yhg1nx6RyFS,W.H. Price,direct,1.0,0.2975,1
W.H. Robertson,1890,http://id.lincsproject.ca/FUj3N4u5rNQ,W.H. Robertson,direct,1.0,0.35,1
W.H. Robertson,1891,http://id.lincsproject.ca/FUj3N4u5rNQ,W.H. Robertson,direct,1.0,0.35,1
W.H. Robertson,1892,http://id.lincsproject.ca/FUj3N4u5rNQ,W.H. Robertson,direct,1.0,1.0,1
W.J. Barker,1889,http://id.lincsproject.ca/azDsgYdWKYc,W.J. Barker,direct,1.0,1.0,1
W.J. O'Donnell,1886,http://id.lincsproject.ca/eUHXXVIKVwA,W. O'Donnell,direct,0.9825,0.2962,1
W.J. O'Donnell,1887,http://id.lincsproject.ca/eUHXXVIKVwA,W. O'Donnell,direct,0.9825,0.2962,1
W.J. O'Donnell,1888,http://id.lincsproject.ca/eUHXXVIKVwA,W. O'Donnell,direct,0.9825,0.2962,1
W.J. O'Donnell,1889,http://id.lincsproject.ca/eUHXXVIKVwA,W. O'Donnell,direct,0.9825,0.2962,1
W.J. O'Donnell,1890,http://id.lincsproject.ca/eUHXXVIKVwA,W. O'Donnell,direct,0.9825,0.2962,1
W.J. O'Donnell,1892,http://id.lincsproject.ca/eUHXXVIKVwA,W. O'Donnell,direct,0.9825,0.2962,1
W.J. O'Donnell,1893,http://id.lincsproject.ca/eUHXXVIKVwA,W. O'Donnell,direct,0.9825,0.2962,1
W.J. O'Donnell,1894,http://id.lincsproject.ca/eUHXXVIKVwA,W. O'Donnell,direct,0.9825,0.2962,1
W.J. O'Donnell,1895,http://id.lincsproject.ca/eUHXXVIKVwA,W. O'Donnell,direct,0.9825,0.2962,1
W.J. O'Donnell,1896,http://id.lincsproject.ca/eUHXXVIKVwA,W. O'Donnell,direct,0.9825,0.2962,1
W.L Meason,1887,http://id.lincsproject.ca/qdQBbeEkyqS,W.L Meason,direct,1.0,1.0,1
W.L. Meason,1884,http://id.lincsproject.ca/qdQBbeEkyqS,W.L Meason,direct,1.0,1.0,1
W.L. Meason,1885,http://id.lincsproject.ca/qdQBbeEkyqS,W.L Meason,direct,1.0,1.0,1
W.L. Meason,1886,http://id.lincsproject.ca/qdQBbeEkyqS,W.L Meason,direct,1.0,1.0,1
W.L. Meason,1888,http://id.lincsproject.ca/qdQBbeEkyqS,W.L Meason,direct,1.0,1.0,1
W.L. Meason,1889,http://id.lincsproject.ca/qdQBbeEkyqS,W.L Meason,direct,1.0,1.0,1
W.L. Meason,1890,http://id.lincsproject.ca/qdQBbeEkyqS,W.L Meason,direct,1.0,1.0,1
W.L. Meason,1891,http://id.lincsproject.ca/qdQBbeEkyqS,W.L Meason,direct,1.0,1.0,1
W.L. Meason,1892,http://id.lincsproject.ca/qdQBbeEkyqS,W.L Meason,direct,1.0,1.0,1
W.L. Orde,1881,http://id.lincsproject.ca/7SfUfFUnfxq,L.W. Orde,direct,0.965,0.965,1
W.M. Baker,1889,http://id.lincsproject.ca/cU4VY5aOnbm,W.M. Baker,direct,1.0,1.0,1
W.M. Baker,1890,http://id.lincsproject.ca/cU4VY5aOnbm,W.M. Baker,direct,1.0,1.0,1
W.M. Baker,1891,http://id.lincsproject.ca/cU4VY5aOnbm,W.M. Baker,direct,1.0,1.0,1
W.M. Baker,1892,http://id.lincsproject.ca/cU4VY5aOnbm,W.M. Baker,direct,1.0,0.35,1
W.M. Baker,1893,http://id.lincsproject.ca/cU4VY5aOnbm,W.M. Baker,direct,1.0,0.35,1
W.M. Baker,1894,http://id.lincsproject.ca/cU4VY5aOnbm,W.M. Baker,direct,1.0,0.35,1
W.M. Baker,1895,http://id.lincsproject.ca/cU4VY5aOnbm,W.M. Baker,direct,1.0,0.35,1
W.M. Baker,1896,http://id.lincsproject.ca/cU4VY5aOnbm,W.M. Baker,direct,1.0,0.35,1
W.R. Cox,1895,http://id.lincsproject.ca/hnEfcckQgn1,W.R. Cox,direct,1.0,1.0,1
W.R. Lomas,1883,http://id.lincsproject.ca/EGT0gDVBnKw,W.R. Lomas,direct,1.0,1.0,1
W.R. Tucker,1891,http://id.lincsproject.ca/gEzKVURJj0C,Tucker W.R.,direct,1.0,0.35,1
W.R. Tucker,1892,http://id.lincsproject.ca/gEzKVURJj0C,Tucker W.R.,direct,1.0,0.35,1
W.R. Tucker,1893,http://id.lincsproject.ca/gEzKVURJj0C,Tucker W.R.,direct,1.0,0.35,1
W.R. Tucker,1894,http://id.lincsproject.ca/gEzKVURJj0C,Tucker W.R.,direct,1.0,0.35,1
W.R. Tucker,1895,http://id.lincsproject.ca/gEzKVURJj0C,Tucker W.R.,direct,1.0,0.35,1
W.R. Tucker,1896,http://id.lincsproject.ca/gEzKVURJj0C,Tucker W.R.,direct,1.0,0.35,1
W.S. Francis,1881,http://id.lincsproject.ca/Q57MbBB71bG,W.S. Francis,direct,1.0,1.0,1
W.S. Grant,1885,http://id.lincsproject.ca/6HHssWY5TiL,W.S. Grant,direct,1.0,0.35,1
W.S. Grant,1886,http://id.lincsproject.ca/6HHssWY5TiL,W.S. Grant,direct,1.0,0.35,1
W.S. Grant,1887,http://id.lincsproject.ca/6HHssWY5TiL,W.S. Grant,direct,1.0,0.35,1
W.S. Grant,1888,http://id.lincsproject.ca/6HHssWY5TiL,W.S. Grant,direct,1.0,0.35,1
W.S. Grant,1889,http://id.lincsproject.ca/6HHssWY5TiL,W.S. Grant,direct,1.0,0.35,1
W.S. Grant,1890,http://id.lincsproject.ca/6HHssWY5TiL,W.S. Grant,direct,1.0,0.35,1
W.S. Grant,1891,http://id.lincsproject.ca/6HHssWY5TiL,W.S. Grant,direct,1.0,0.35,1
W.S. Grant,1892,http://id.lincsproject.ca/6HHssWY5TiL,W.S. Grant,direct,1.0,0.35,1
W.S. Grant,1893,http://id.lincsproject.ca/6HHssWY5TiL,W.S. Grant,direct,1.0,1.0,1
W.S. Grant,1894,http://id.lincsproject.ca/6HHssWY5TiL,W.S. Grant,direct,1.0,1.0,1
W.S. Grant,1895,http://id.lincsproject.ca/6HHssWY5TiL,W.S. Grant,direct,1.0,1.0,1
W.S. Grant,1896,http://id.lincsproject.ca/6HHssWY5TiL,W.S. Grant,direct,1.0,1.0,1
W.S. Richardson,1888,http://id.lincsproject.ca/yESpdDqtK5f,W.S. Richardson,direct,1.0,1.0,1
W.S. Richardson,1889,http://id.lincsproject.ca/yESpdDqtK5f,W.S. Richardson,direct,1.0,1.0,1
W.S. Richardson,1890,http://id.lincsproject.ca/yESpdDqtK5f,W.S. Richardson,direct,1.0,1.0,1
W.S. Scott,1881,http://id.lincsproject.ca/H5WHsdTtUy2,Rev. W. Scott,career,0.65,0.0,1
W.S. Scott,1882,http://id.lincsproject.ca/H5WHsdTtUy2,Rev. W. Scott,direct,0.9825,0.3325,1
W.S. Scott,1883,http://id.lincsproject.ca/H5WHsdTtUy2,Rev. W. Scott,career,0.65,0.0,1
W.S. Scott,1884,http://id.lincsproject.ca/H5WHsdTtUy2,Rev. W. Scott,career,0.65,0.65,1
W.S. Scott,1885,http://id.lincsproject.ca/H5WHsdTtUy2,Rev. W. Scott,direct,0.9825,0.3325,1
W.S. Scott,1886,http://id.lincsproject.ca/H5WHsdTtUy2,Rev. W. Scott,direct,0.9825,0.3325,1
W.S. Scott,1887,http://id.lincsproject.ca/H5WHsdTtUy2,Rev. W. Scott,direct,0.9825,0.3325,1
W.S. Scott,1889,http://id.lincsproject.ca/H5WHsdTtUy2,Rev. W. Scott,direct,0.9825,0.3325,1
W.S. Scott,1891,http://id.lincsproject.ca/H5WHsdTtUy2,Rev. W. Scott,direct,0.9825,0.3325,1
W.S. Scott,1892,http://id.lincsproject.ca/H5WHsdTtUy2,Rev. W. Scott,career,0.7025,0.0525,1
W.S. Scott,1893,http://id.lincsproject.ca/H5WHsdTtUy2,Rev. W. Scott,career,0.7025,0.0525,1
W.S. Scott,1894,http://id.lincsproject.ca/H5WHsdTtUy2,Rev. W. Scott,career,0.7025,0.0525,1
W.S. Soott,1890,http://id.lincsproject.ca/Bq4p8stWZcm,W.S. Soott,direct,1.0,1.0,1
"W.W. Birdsall, M.D",1895,http://id.lincsproject.ca/3V66Z0JQa7T,W.W. Birdsall,direct,1.0,1.0,1
"W.W. Birdsall, M.D.",1894,http://id.lincsproject.ca/3V66Z0JQa7T,W.W. Birdsall,direct,1.0,1.0,1
"Wade, M.S., M.D.",1904,http://id.lincsproject.ca/3gBSB4kzQ6k,M.S. Wade,direct,1.0,1.0,1
"Wadsworth, Thos. P.",1897,http://id.lincsproject.ca/zrKI7IwQUZn,T.P. Wadsworth,direct,1.0,1.0,1
"Wadsworth, Thos. P.",1899,http://id.lincsproject.ca/zrKI7IwQUZn,T.P. Wadsworth,direct,1.0,1.0,1
"Waines, D.",1897,http://id.lincsproject.ca/TbAeptQodjy,D. Waines,direct,1.0,1.0,1
"Wallace, Alonzo",1897,http://id.lincsproject.ca/Ho0sOp83ViR,Alonzo Wallace,direct,1.0,1.0,1
"Wallace, Alonzo",1899,http://id.lincsproject.ca/Ho0sOp83ViR,Alonzo Wallace,direct,1.0,1.0,1
"Wallace, Alonzo",1904,http://id.lincsproject.ca/Ho0sOp83ViR,Alonzo Wallace,direct,1.0,1.0,1
"Wallace, Alonzo",1910,http://id.lincsproject.ca/Ho0sOp83ViR,Alonzo Wallace,direct,1.0,0.35,1
"Wallace, J.J., M.D.",1910,http://id.lincsproject.ca/5bAidJFqBUM,J.J. Wallace,direct,1.0,0.35,1
"Ward, Mark",1904,http://id.lincsproject.ca/pgpMRFavK4V,Mark Ward,direct,1.0,1.0,1
"Warden, S.",1897,http://id.lincsproject.ca/REdEVAQg6nY,S. Warden,direct,1.0,1.0,1
"Watson, Ebenezer P",1897,http://id.lincsproject.ca/PPCZyMsNJUL,E. Watson,direct,0.9825,0.3325,1
"Watson, Louis",1897,http://id.lincsproject.ca/nVAbgQz5GYo,Louis Watson,direct,1.0,0.35,1
"Watson, Louis",1899,http://id.lincsproject.ca/nVAbgQz5GYo,Louis Watson,direct,1.0,1.0,1
"Watson, Robt. W.",1904,http://id.lincsproject.ca/BQ7weHVNWhv,"Watson, Robt. W.",direct,1.0,1.0,1
"Watt, Hugh, M.D.",1904,http://id.lincsproject.ca/OHs7iinq5VH,Hugh Watt,direct,1.0,1.0,1
"Watt, Hugh, M.D.",1910,http://id.lincsproject.ca/OHs7iinq5VH,Hugh Watt,direct,1.0,1.0,1
"Weaver, W.J., M.D.",1904,http://id.lincsproject.ca/MFwqvNibxdj,W.J. Weaver,direct,1.0,1.0,1
"Weaver, W.J., M.D.",1910,http://id.lincsproject.ca/MFwqvNibxdj,W.J. Weaver,direct,1.0,1.0,1
"Webb, J.A.",1904,http://id.lincsproject.ca/lYvZudeuudM,J.A. Webb,direct,1.0,1.0,1
"Webb, J.A.",1910,http://id.lincsproject.ca/lYvZudeuudM,J.A. Webb,direct,1.0,1.0,1
"Webster, Charles, M.D.",1897,http://id.lincsproject.ca/iagSChrkgTy,Charles Webster,direct,1.0,1.0,1
"Wells, George",1897,http://id.lincsproject.ca/PDlPU1KSNMN,G. Wells,direct,1.0,1.0,1
"Wells, George",1899,http://id.lincsproject.ca/PDlPU1KSNMN,G. Wells,direct,1.0,1.0,1
Wentworth F. Wood,1895,http://id.lincsproject.ca/mMJjRftswQ3,Wentworth F. Wood,direct,1.0,1.0,1
Wentworth F. Wood,1896,http://id.lincsproject.ca/mMJjRftswQ3,Wentworth F. Wood,direct,1.0,1.0,1
"West, C.H., M.D.",1904,http://id.lincsproject.ca/NhbkRNlyvSz,C.H. West,direct,1.0,1.0,1
"West, H.A.",1910,http://id.lincsproject.ca/yBbel67DTem,H.A. West,direct,1.0,1.0,1
"Whalen, W.H.",1899,http://id.lincsproject.ca/tKMy4MoUj0A,"Whalen, W.H.",direct,1.0,1.0,1
"Whalen, W.H.",1904,http://id.lincsproject.ca/tKMy4MoUj0A,"Whalen, W.H.",direct,1.0,1.0,1
"Whalen, W.H.",1910,http://id.lincsproject.ca/tKMy4MoUj0A,"Whalen, W.H.",direct,1.0,1.0,1
"Wheatley, G.H.",1897,http://id.lincsproject.ca/iS3Bg9PZmCF,G.H. Wheatly,direct,0.9968,0.9968,1
"Wheatley, G.H.",1899,http://id.lincsproject.ca/iS3Bg9PZmCF,G.H. Wheatly,direct,0.9968,0.9968,1
"Wheatley, G.H.",1904,http://id.lincsproject.ca/iS3Bg9PZmCF,G.H. Wheatly,direct,0.9968,0.9968,1
"Wheatley, G.H.",1910,http://id.lincsproject.ca/iS3Bg9PZmCF,G.H. Wheatly,direct,0.9968,0.9968,1
"Whillans, H.A., M.D.",1904,http://id.lincsproject.ca/FJOt2CKQiCF,H.A. Whillans,direct,1.0,1.0,1
"Whillans, H.A., M.D.",1910,http://id.lincsproject.ca/FJOt2CKQiCF,H.A. Whillans,direct,1.0,1.0,1
"White, James",1910,http://id.lincsproject.ca/AyvSUYdwjr8,James White,direct,1.0,0.3741,1
"White, R.B., M.D.",1904,http://id.lincsproject.ca/M4ZlEcneH8w,R.B. White,direct,1.0,0.3948,1
"Whitford, Donald",1897,http://id.lincsproject.ca/q9Iiiohct9h,D. Whitford,direct,1.0,0.35,1
"Whitford, Donald",1899,http://id.lincsproject.ca/q9Iiiohct9h,D. Whitford,direct,1.0,0.35,1
"Whitford, Gilbert",1897,http://id.lincsproject.ca/xjgpd6QkJCp,G. Whitford,direct,1.0,0.35,1
"Whitford, Gilbert",1899,http://id.lincsproject.ca/xjgpd6QkJCp,G. Whitford,direct,1.0,0.35,1
"Whitford, S.",1904,http://id.lincsproject.ca/dRgQOtV4hf9,S. Whitford,direct,1.0,0.428,1
"Whitford, S.",1910,http://id.lincsproject.ca/dRgQOtV4hf9,S. Whitford,direct,1.0,0.428,1
"Wigg, T.G.",1910,http://id.lincsproject.ca/1IFbktYYwOW,T.G. Wigg,direct,1.0,1.0,1
"Wilkinson, A.J.",1904,http://id.lincsproject.ca/RhB4LptD5lw,A.J. Wilkinson,direct,1.0,1.0,1
William A. Orr,1895,http://id.lincsproject.ca/Wy7GruHuUnh,William A. Orr,direct,1.0,1.0,1
William A. Orr,1896,http://id.lincsproject.ca/Wy7GruHuUnh,William A. Orr,direct,1.0,1.0,1
William A. Orr,1897,http://id.lincsproject.ca/Wy7GruHuUnh,William A. Orr,direct,1.0,1.0,1
William A. Orr,1899,http://id.lincsproject.ca/Wy7GruHuUnh,William A. Orr,direct,1.0,1.0,1
William A. Orr,1904,http://id.lincsproject.ca/Wy7GruHuUnh,William A. Orr,direct,1.0,1.0,1
William A. Orr,1910,http://id.lincsproject.ca/Wy7GruHuUnh,William A. Orr,direct,1.0,0.35,1
William McGirr,1895,http://id.lincsproject.ca/ecrZ3pFRaME,William McGirr,direct,1.0,0.35,1
William McGirr,1896,http://id.lincsproject.ca/ecrZ3pFRaME,William McGirr,direct,1.0,0.35,1
William Plummer,1881,http://id.lincsproject.ca/NsNDDqbwYIL,William Plummer,direct,1.0,1.0,1
William Plummer,1882,http://id.lincsproject.ca/NsNDDqbwYIL,William Plummer,direct,1.0,1.0,1
William Seale,1895,http://id.lincsproject.ca/2QZpGG4Vute,Wm. Seale,direct,1.0,1.0,1
William Seale,1896,http://id.lincsproject.ca/2QZpGG4Vute,Wm. Seale,direct,1.0,1.0,1
William Seale,1897,http://id.lincsproject.ca/2QZpGG4Vute,Wm. Seale,direct,1.0,1.0,1
William Seale,1910,http://id.lincsproject.ca/2QZpGG4Vute,Wm. Seale,direct,1.0,1.0,1
"Williams, Albert W.",1897,http://id.lincsproject.ca/fP1h4Wfqrcm,"Williams, A.W.",direct,1.0,1.0,1
"Williams, Albert W.",1899,http://id.lincsproject.ca/fP1h4Wfqrcm,"Williams, A.W.",direct,1.0,0.2975,1
"Williams, Albert W.",1904,http://id.lincsproject.ca/fP1h4Wfqrcm,"Williams, A.W.",direct,1.0,0.2975,1
"Williams, Albert W.",1910,http://id.lincsproject.ca/fP1h4Wfqrcm,"Williams, A.W.",direct,1.0,0.2975,1
"Williams, E.O.",1910,http://id.lincsproject.ca/DxPPJ9YiLZZ,E.O. Williams,direct,1.0,0.35,1
"Williams, G., M.D.",1904,http://id.lincsproject.ca/PnnUhIhs5gG,G.H. Williams,direct,0.9825,0.3325,1
"Williams, H.A., M.D.",1910,http://id.lincsproject.ca/uMRBvaML2Ks,H.A. Williams,direct,1.0,0.2975,1
"Williams, R.W., M.D.",1899,http://id.lincsproject.ca/h5k1dAj9rxz,R.W. Williams,direct,1.0,0.2975,1
"Williams, R.W., M.D.",1904,http://id.lincsproject.ca/h5k1dAj9rxz,R.W. Williams,direct,1.0,0.2975,1
"Williamson, T.",1910,http://id.lincsproject.ca/HNTDzegldKa,T. Williamson,direct,1.0,0.363,1
"Wilson, R.N.",1899,http://id.lincsproject.ca/FhIMZee6mPv,R.N. Wilson,direct,1.0,0.35,1
"Wilson, R.N.",1904,http://id.lincsproject.ca/FhIMZee6mPv,R.N. Wilson,direct,1.0,0.35,1
"Wilson, R.N.",1910,http://id.lincsproject.ca/FhIMZee6mPv,R.N. Wilson,direct,1.0,1.0,1
"Wilson, T.A., M.D.",1904,http://id.lincsproject.ca/DNxhJzKgAkX,T.A. Wilson,direct,1.0,0.35,1
Win. Geo. Egar,1896,http://id.lincsproject.ca/DfvfZJx0yXm,W.G. Egar,direct,1.0,1.0,1
Win. H. Price,1895,http://id.lincsproject.ca/Yhg1nx6RyFS,W.H. Price,direct,1.0,0.2975,1
"Withers, Russell, M.D.",1897,http://id.lincsproject.ca/Opz9FM4pNtz,Russell Withers,direct,1.0,1.0,1
"Withers, Russell, M.D.",1899,http://id.lincsproject.ca/Opz9FM4pNtz,Russell Withers,direct,1.0,1.0,1
"Withers, Russell, M.D.",1904,http://id.lincsproject.ca/Opz9FM4pNtz,Russell Withers,direct,1.0,1.0,1
"Withers, Russell, M.D.",1910,http://id.lincsproject.ca/Opz9FM4pNtz,Russell Withers,direct,1.0,1.0,1
Wm. Bateman,1894,http://id.lincsproject.ca/EcndHihsMGM,Wm. Bateman,direct,1.0,1.0,1
Wm. Bateman,1895,http://id.lincsproject.ca/EcndHihsMGM,Wm. Bateman,direct,1.0,1.0,1
Wm. Bateman,1896,http://id.lincsproject.ca/EcndHihsMGM,Wm. Bateman,direct,1.0,1.0,1
Wm. Bell,1882,http://id.lincsproject.ca/hKCQsya8c3b,Wm. Bell,direct,1.0,0.35,1
Wm. Bull,1883,http://id.lincsproject.ca/ALAWHhkdegA,Wm. Bull,direct,1.0,1.0,1
Wm. Bull,1884,http://id.lincsproject.ca/ALAWHhkdegA,Wm. Bull,direct,1.0,1.0,1
Wm. C. Chisholm,1895,http://id.lincsproject.ca/igDFcVDmV1E,W.C. Chisholm,direct,1.0,0.2975,1
Wm. C. Chisholm,1896,http://id.lincsproject.ca/igDFcVDmV1E,W.C. Chisholm,direct,1.0,0.2975,1
Wm. D. Carter,1896,http://id.lincsproject.ca/zQEoxd9tdk6,W.D. Carter,direct,1.0,1.0,1
Wm. Edwin Allan,1910,http://id.lincsproject.ca/UCQ4Eg2fOhg,Wm. Edwin Allan,direct,1.0,1.0,1
Wm. Fisher,1880,http://id.lincsproject.ca/NqsWjpx7msD,Wm. Fisher,direct,1.0,1.0,1
Wm. Fisher,1881,http://id.lincsproject.ca/NqsWjpx7msD,Wm. Fisher,direct,1.0,1.0,1
Wm. Fisher,1882,http://id.lincsproject.ca/NqsWjpx7msD,Wm. Fisher,direct,1.0,1.0,1
Wm. Fisher,1883,http://id.lincsproject.ca/NqsWjpx7msD,Wm. Fisher,direct,1.0,1.0,1
Wm. Geo. Egar,1895,http://id.lincsproject.ca/DfvfZJx0yXm,W.G. Egar,direct,1.0,1.0,1
Wm. H. Lomas,1896,http://id.lincsproject.ca/ibe5dMXiwBt,W.H. Lomas,direct,1.0,1.0,1
Wm. H. Price,1896,http://id.lincsproject.ca/Yhg1nx6RyFS,W.H. Price,direct,1.0,0.2975,1
Wm. McCargo,1881,http://id.lincsproject.ca/30UtMNgHdHT,Wm. McCargo,direct,1.0,0.4229,1
Wm. McCargo,1882,http://id.lincsproject.ca/30UtMNgHdHT,Wm. McCargo,direct,1.0,0.4229,1
Wm. McGirr,1892,http://id.lincsproject.ca/1oV9CqE6m4O,W. McGirr,direct,1.0,0.0556,1
Wm. McGirr,1893,http://id.lincsproject.ca/1oV9CqE6m4O,W. McGirr,direct,1.0,0.35,1
Wm. McGirr,1894,http://id.lincsproject.ca/1oV9CqE6m4O,W. McGirr,direct,1.0,0.35,1
Wm. McNab,1893,http://id.lincsproject.ca/Vh3llJArsWB,W. McNab,direct,1.0,0.3587,1
Wm. McNab,1894,http://id.lincsproject.ca/Vh3llJArsWB,W. McNab,direct,1.0,0.3587,1
Wm. McNab,1895,http://id.lincsproject.ca/Vh3llJArsWB,W. McNab,direct,1.0,0.3587,1
Wm. McNab,1896,http://id.lincsproject.ca/Vh3llJArsWB,W. McNab,direct,1.0,0.3587,1
Wm. McPhee,1884,http://id.lincsproject.ca/aG0BDpC3nVz,Wm. McPhee,direct,1.0,0.4164,1
Wm. Nollen,1881,http://id.lincsproject.ca/VEzbhfDbrwA,Wm. Nollen,direct,1.0,1.0,1
Wm. Plummer,1880,http://id.lincsproject.ca/BY7kfurOQfH,Wm. Plumner,direct,0.9759,0.9759,1
Wm. Plummer,1883,http://id.lincsproject.ca/BY7kfurOQfH,Wm. Plumner,direct,0.9759,0.9759,1
Wm. Plummer,1885,http://id.lincsproject.ca/BY7kfurOQfH,Wm. Plumner,direct,0.9759,0.9759,1
Wm. Plummer,1886,http://id.lincsproject.ca/BY7kfurOQfH,Wm. Plumner,direct,0.9759,0.9759,1
Wm. Plummer,1887,http://id.lincsproject.ca/BY7kfurOQfH,Wm. Plumner,direct,0.9759,0.9759,1
Wm. Plumner,1884,http://id.lincsproject.ca/BY7kfurOQfH,Wm. Plumner,direct,1.0,1.0,1
Wm. Seale,1893,http://id.lincsproject.ca/2QZpGG4Vute,Wm. Seale,direct,1.0,1.0,1
Wm. Seale,1894,http://id.lincsproject.ca/2QZpGG4Vute,Wm. Seale,direct,1.0,1.0,1
Wm. Simpson,1885,http://id.lincsproject.ca/x6u71CgFEXd,Wm. Simpson,direct,1.0,1.0,1
Wm. Simpson,1886,http://id.lincsproject.ca/x6u71CgFEXd,Wm. Simpson,direct,1.0,1.0,1
Wm. Simpson,1887,http://id.lincsproject.ca/x6u71CgFEXd,Wm. Simpson,direct,1.0,1.0,1
Wm. Simpson,1888,http://id.lincsproject.ca/x6u71CgFEXd,Wm. Simpson,direct,1.0,1.0,1
Wm. Simpson,1889,http://id.lincsproject.ca/x6u71CgFEXd,Wm. Simpson,direct,1.0,0.35,1
Wm. Simpson,1890,http://id.lincsproject.ca/x6u71CgFEXd,Wm. Simpson,direct,1.0,0.35,1
Wm. Simpson,1891,http://id.lincsproject.ca/x6u71CgFEXd,Wm. Simpson,direct,1.0,0.35,1
Wm. Simpson,1892,http://id.lincsproject.ca/x6u71CgFEXd,Wm. Simpson,direct,1.0,1.0,1
Wm. Simpson,1893,http://id.lincsproject.ca/x6u71CgFEXd,Wm. Simpson,direct,1.0,0.35,1
Wm. Simpson,1894,http://id.lincsproject.ca/x6u71CgFEXd,Wm. Simpson,direct,1.0,1.0,1
Wm. Simpson,1895,http://id.lincsproject.ca/x6u71CgFEXd,Wm. Simpson,direct,1.0,1.0,1
Wm. Simpson,1896,http://id.lincsproject.ca/x6u71CgFEXd,Wm. Simpson,direct,1.0,1.0,1
Wm. Smith,1893,http://id.lincsproject.ca/uSSOa42y2Ua,Wm. Smith,direct,1.0,0.2975,1
Wm. Smith,1894,http://id.lincsproject.ca/uSSOa42y2Ua,Wm. Smith,direct,1.0,0.2975,1
Wm. Smith,1895,http://id.lincsproject.ca/uSSOa42y2Ua,Wm. Smith,direct,1.0,0.2975,1
Wm. Van Abbot,1892,http://id.lincsproject.ca/tHnZP9hiacq,Wm. Van Abbot,direct,1.0,1.0,1
Wm. Van Abbott,1880,http://id.lincsproject.ca/tHnZP9hiacq,Wm. Van Abbot,direct,0.9986,0.9986,1
Wm. Van Abbott,1881,http://id.lincsproject.ca/tHnZP9hiacq,Wm. Van Abbot,direct,0.9986,0.9986,1
Wm. Van Abbott,1882,http://id.lincsproject.ca/tHnZP9hiacq,Wm. Van Abbot,direct,0.9986,0.9986,1
Wm. Van Abbott,1883,http://id.lincsproject.ca/tHnZP9hiacq,Wm. Van Abbot,direct,0.9986,0.9986,1
Wm. Van Abbott,1884,http://id.lincsproject.ca/tHnZP9hiacq,Wm. Van Abbot,direct,0.9986,0.9986,1
Wm. Van Abbott,1885,http://id.lincsproject.ca/tHnZP9hiacq,Wm. Van Abbot,direct,0.9986,0.9986,1
Wm. Van Abbott,1887,http://id.lincsproject.ca/tHnZP9hiacq,Wm. Van Abbot,direct,0.9986,0.9986,1
Wm. Van Abbott,1888,http://id.lincsproject.ca/tHnZP9hiacq,Wm. Van Abbot,direct,0.9986,0.9986,1
Wm. Van Abbott,1889,http://id.lincsproject.ca/tHnZP9hiacq,Wm. Van Abbot,direct,0.9986,0.9986,1
Wm. Van Abbott,1890,http://id.lincsproject.ca/tHnZP9hiacq,Wm. Van Abbot,direct,0.9986,0.9986,1
Wm. Van Abbott,1891,http://id.lincsproject.ca/tHnZP9hiacq,Wm. Van Abbot,direct,0.9986,0.9986,1
Wm. Van Abbott,1893,http://id.lincsproject.ca/tHnZP9hiacq,Wm. Van Abbot,direct,0.9986,0.9986,1
Wm. Van Abbott,1894,http://id.lincsproject.ca/tHnZP9hiacq,Wm. Van Abbot,direct,0.9986,0.9986,1
Wm. Van Abbott,1895,http://id.lincsproject.ca/tHnZP9hiacq,Wm. Van Abbot,direct,0.9986,0.9986,1
Wm. Van Abbott,1896,http://id.lincsproject.ca/tHnZP9hiacq,Wm. Van Abbot,direct,0.9986,0.9986,1
Wm. Van Abott,1886,http://id.lincsproject.ca/tHnZP9hiacq,Wm. Van Abbot,direct,0.9805,0.9805,1
Wm.D. Carter,1895,http://id.lincsproject.ca/zQEoxd9tdk6,W.D. Carter,direct,1.0,1.0,1
Wm.H. Lomas,1895,http://id.lincsproject.ca/ibe5dMXiwBt,W.H. Lomas,direct,1.0,1.0,1
"Woods, F.",1910,http://id.lincsproject.ca/mxoH6ohAoCu,F. Woods,direct,1.0,1.0,1
"Wotherspoon, C.G., M.D.",1910,http://id.lincsproject.ca/vpUfYi9cnfX,C.G. Wotherspoon,direct,1.0,1.0,1
"Wright, J.P.",1904,http://id.lincsproject.ca/GoF90WjQW0z,J.P. Wright,direct,1.0,1.0,1
"Wright, J.P.",1910,http://id.lincsproject.ca/GoF90WjQW0z,J.P. Wright,direct,1.0,1.0,1
"Wright, John P.",1897,http://id.lincsproject.ca/GoF90WjQW0z,J.P. Wright,direct,1.0,1.0,1
"Wright, John P.",1899,http://id.lincsproject.ca/GoF90WjQW0z,J.P. Wright,direct,1.0,1.0,1
"Wrinch, H.C., M.D.",1904,http://id.lincsproject.ca/Ftyo5ehK4Ts,H.C. Wrinch,direct,1.0,1.0,1
"Yates, John",1899,http://id.lincsproject.ca/UhbOAKzGLEA,John Yates,direct,1.0,1.0,1
"Yates, John",1904,http://id.lincsproject.ca/UhbOAKzGLEA,John Yates,direct,1.0,1.0,1
"Yates, John",1910,http://id.lincsproject.ca/UhbOAKzGLEA,John Yates,direct,1.0,1.0,1
"Yeomans, E.H.",1904,http://id.lincsproject.ca/1ek2ngDMYrR,E.H. Yeomans,direct,1.0,1.0,1
"Yeomans, E.H.",1910,http://id.lincsproject.ca/1ek2ngDMYrR,E.H. Yeomans,direct,1.0,1.0,1
"Yorkston, F.S., M.D.",1897,http://id.lincsproject.ca/br8N7ChPW1y,F.S. Yorkton,direct,0.9968,0.9968,1
"Young, G.M.",1910,http://id.lincsproject.ca/GDvQC9e6337,G.M. Young,direct,1.0,1.0,1
Z. Hamilton,1896,http://id.lincsproject.ca/hq0CG0g4Xgd,Z. Hamilton,direct,1.0,1.0,1
[ILLEGIBLE WORD] Magnus,1897,http://id.lincsproject.ca/sgfAQdGLPAJ,[ILLEGIBLE WORD] Magnus,direct,1.0,1.0,1
