account,years,n_account_years,n_entries,kind,clean_name,account_no,ledger_no,province_hint,band_id,band_name,band_province,sim,status,candidates,note
(unnamed),1882-1897,62,850,unnamed,,,,,,,,0.0,unnamed,,
A. Brosseau: -,1885-1885,1,2,band,A. Brosseau: -,,,,,,,0.5,unlinked,"band_c01098=Rosseau River, including Rapids (Manitoba) 0.50; band_c02392=Ile à la Crosse (North-West Territories) 0.50; band_c03224=Vermilion (Ambrose's) (Treaty No. 8) 0.47",
ABANAKIS OF BECANOUR,1886-1886,1,7,band,ABANAKIS OF BECANOUR,,,,band_c02997,Abenakis of Becancour,Quebec,0.895,linked,band_c02997=Abenakis of Becancour (Quebec) 0.89; band_c02990=Abenakis County of Quebec (Quebec) 0.56; band_c03021=Abenakis of St. Francis (Quebec) 0.55,
ABENAKIS OF BECANCOUR,1883-1889,7,24,band,ABENAKIS OF BECANCOUR,,,,band_c02997,Abenakis of Becancour,Quebec,1.0,linked,band_c02997=Abenakis of Becancour (Quebec) 1.00; band_c02990=Abenakis County of Quebec (Quebec) 0.68; band_c02942=Abenakis (Quebec) 0.64,
ABENAKIS OF BECANCOUR in Account with the Department of Indian Affairs,1887-1887,1,5,band,ABENAKIS OF BECANCOUR,,,,band_c02997,Abenakis of Becancour,Quebec,1.0,linked,band_c02997=Abenakis of Becancour (Quebec) 1.00; band_c02990=Abenakis County of Quebec (Quebec) 0.68; band_c02942=Abenakis (Quebec) 0.64,
ABENAKIS OF ST. FRANCIS,1884-1889,5,62,band,ABENAKIS OF ST. FRANCIS,,,,band_c03021,Abenakis of St. Francis,Quebec,1.0,linked,band_c03021=Abenakis of St. Francis (Quebec) 1.00; band_c02997=Abenakis of Becancour (Quebec) 0.73; band_c03065=St. Francis Agency (Quebec) 0.59,
ABENAKIS OF ST. FRANCIS in Account with the Department of Indian Affairs,1887-1887,1,10,band,ABENAKIS OF ST. FRANCIS,,,,band_c03021,Abenakis of St. Francis,Quebec,1.0,linked,band_c03021=Abenakis of St. Francis (Quebec) 1.00; band_c02997=Abenakis of Becancour (Quebec) 0.73; band_c03065=St. Francis Agency (Quebec) 0.59,
ABENEKIS OF BECANCOUR,1882-1882,1,3,band,ABENEKIS OF BECANCOUR,,,,band_c02997,Abenakis of Becancour,Quebec,0.9,linked,band_c02997=Abenakis of Becancour (Quebec) 0.90; band_c02990=Abenakis County of Quebec (Quebec) 0.59; band_c02942=Abenakis (Quebec) 0.55,
ABENEKIS OF ST. FRANCIS,1882-1882,1,13,band,ABENEKIS OF ST. FRANCIS,,,,band_c03021,Abenakis of St. Francis,Quebec,0.905,linked,band_c03021=Abenakis of St. Francis (Quebec) 0.90; band_c02997=Abenakis of Becancour (Quebec) 0.64; band_c03065=St. Francis Agency (Quebec) 0.59,
"ABENEKIS, OF ST. FRANCIS",1883-1883,1,15,band,"ABENEKIS, OF ST. FRANCIS",,,,band_c03021,Abenakis of St. Francis,Quebec,0.905,linked,band_c03021=Abenakis of St. Francis (Quebec) 0.90; band_c02997=Abenakis of Becancour (Quebec) 0.64; band_c03065=St. Francis Agency (Quebec) 0.59,
AENAKIS OF ST. FRANCIS,1885-1885,2,22,band,AENAKIS OF ST. FRANCIS,,,,band_c03021,Abenakis of St. Francis,Quebec,0.927,linked,band_c03021=Abenakis of St. Francis (Quebec) 0.93; band_c02997=Abenakis of Becancour (Quebec) 0.65; band_c03065=St. Francis Agency (Quebec) 0.61,
AMALACITES OF ISLE VERTE AND VIGER,1883-1883,2,5,band,AMALACITES OF ISLE VERTE AND VIGER,,,,,,,0.621,unlinked,band_c03047=Amalecites of Viger (Quebec) 0.62; band_c02994=Amalecites of Témiscouata (Quebec) 0.50; band_c01841=Pottawattamies of Walpole Island (Ontario) 0.49,
AMALCITES OF ISLE VERTE AND VIGER,1886-1886,2,8,band,AMALCITES OF ISLE VERTE AND VIGER,,,,band_c03047,Amalecites of Viger,Quebec,0.653,review_below_gate,band_c03047=Amalecites of Viger (Quebec) 0.65; band_c02994=Amalecites of Témiscouata (Quebec) 0.51; band_c01285=Victoria (New Brunswick) 0.49,
AMALECITES OF ISLE VERTE AND VIGER,1888-1888,1,4,band,AMALECITES OF ISLE VERTE AND VIGER,,,,band_c03047,Amalecites of Viger,Quebec,0.657,review_below_gate,band_c03047=Amalecites of Viger (Quebec) 0.66; band_c02994=Amalecites of Témiscouata (Quebec) 0.54; band_c01285=Victoria (New Brunswick) 0.50,
AMALECITES OF ISLE VERTE INDIANS in Account with the Department of Indian Affairs,1887-1887,1,3,band,AMALECITES OF ISLE VERTE INDIANS,,,,band_c03047,Amalecites of Viger,Quebec,0.732,review_below_gate,band_c03047=Amalecites of Viger (Quebec) 0.73; band_c02994=Amalecites of Témiscouata (Quebec) 0.65; band_c01280=Amalecites of Charlotte County (New Brunswick) 0.62,
AMALECITES OF ISLES VERTE,1885-1885,2,10,band,AMALECITES OF ISLES VERTE,,,,band_c03047,Amalecites of Viger,Quebec,0.714,review_below_gate,band_c03047=Amalecites of Viger (Quebec) 0.71; band_c02994=Amalecites of Témiscouata (Quebec) 0.64; band_c01306=St. John (New Brunswick) 0.59,
AMALICITES OF ILE VERTE AND VIGER,1889-1889,2,7,band,AMALICITES OF ILE VERTE AND VIGER,,,,band_c03047,Amalecites of Viger,Quebec,0.691,review_below_gate,band_c03047=Amalecites of Viger (Quebec) 0.69; band_c01285=Victoria (New Brunswick) 0.57; band_c01305=Carleton (New Brunswick) 0.53,
AMALICITES OF ISLE VERTE AND VIGER,1882-1884,2,8,band,AMALICITES OF ISLE VERTE AND VIGER,,,,band_c03047,Amalecites of Viger,Quebec,0.657,review_below_gate,band_c03047=Amalecites of Viger (Quebec) 0.66; band_c01285=Victoria (New Brunswick) 0.56; band_c02994=Amalecites of Témiscouata (Quebec) 0.53,
"ASSABASKASING BAND, MANITOBA",1886-1887,2,6,band,ASSABASKASING BAND,,,manitoba,band_c01196,Assabaska,Manitoba,0.8,review_below_gate,band_c01196=Assabaska (Manitoba) 0.80; band_c02210=Assabaska (Ontario) 0.80; band_c01195=Assabasca (Manitoba) 0.60,
"ASSATASKASHING BAND, MANITOBA",1884-1884,1,3,band,ASSATASKASHING BAND,,,manitoba,,,,0.571,unlinked,band_c01196=Assabaska (Manitoba) 0.57; band_c02210=Assabaska (Ontario) 0.57; band_c03095=Wemoutashing (Quebec) 0.50,
Abenakis of Becancour (No. 41),1893-1893,1,5,band,Abenakis of Becancour,41,,,band_c02997,Abenakis of Becancour,Quebec,1.0,linked,band_c02997=Abenakis of Becancour (Quebec) 1.00; band_c02990=Abenakis County of Quebec (Quebec) 0.68; band_c02942=Abenakis (Quebec) 0.64,
Abenakis of Becancour (No. 41).,1894-1894,3,7,band,Abenakis of Becancour,41,,,band_c02997,Abenakis of Becancour,Quebec,1.0,linked,band_c02997=Abenakis of Becancour (Quebec) 1.00; band_c02990=Abenakis County of Quebec (Quebec) 0.68; band_c02942=Abenakis (Quebec) 0.64,
"Abenakis of Becancour, P.Q. (No. 41)",1895-1895,3,7,band,Abenakis of Becancour,41,,quebec,band_c02997,Abenakis of Becancour,Quebec,1.0,linked,band_c02997=Abenakis of Becancour (Quebec) 1.00; band_c02990=Abenakis County of Quebec (Quebec) 0.68; band_c02942=Abenakis (Quebec) 0.64,
"Abenakis of Becancour, Que. (No. 41)",1897-1897,2,7,band,Abenakis of Becancour,41,,quebec,band_c02997,Abenakis of Becancour,Quebec,1.0,linked,band_c02997=Abenakis of Becancour (Quebec) 1.00; band_c02990=Abenakis County of Quebec (Quebec) 0.68; band_c02942=Abenakis (Quebec) 0.64,
"Abenakis of Bécancour, Que. (No. 41.)",1896-1896,3,7,band,Abenakis of Bécancour,41,,quebec,band_c02997,Abenakis of Becancour,Quebec,1.0,linked,band_c02997=Abenakis of Becancour (Quebec) 1.00; band_c02990=Abenakis County of Quebec (Quebec) 0.68; band_c02942=Abenakis (Quebec) 0.64,
Abenakis of St. Francis (No. 40),1893-1894,4,38,band,Abenakis of St. Francis,40,,,band_c03021,Abenakis of St. Francis,Quebec,1.0,linked,band_c03021=Abenakis of St. Francis (Quebec) 1.00; band_c02997=Abenakis of Becancour (Quebec) 0.73; band_c03065=St. Francis Agency (Quebec) 0.59,
"Abenakis of St. Francis, P.Q. (No. 40)",1895-1895,3,42,band,Abenakis of St. Francis,40,,quebec,band_c03021,Abenakis of St. Francis,Quebec,1.0,linked,band_c03021=Abenakis of St. Francis (Quebec) 1.00; band_c02997=Abenakis of Becancour (Quebec) 0.73; band_c03065=St. Francis Agency (Quebec) 0.59,
"Abenakis of St. Francis, Que. (No. 40)",1896-1897,5,56,band,Abenakis of St. Francis,40,,quebec,band_c03021,Abenakis of St. Francis,Quebec,1.0,linked,band_c03021=Abenakis of St. Francis (Quebec) 1.00; band_c02997=Abenakis of Becancour (Quebec) 0.73; band_c03065=St. Francis Agency (Quebec) 0.59,
Advertising.,1884-1885,2,49,department,Advertising,,,,,,,0.0,department,,
Amalecites of Isle Verte and Viger (No. 42),1893-1894,4,19,band,Amalecites of Isle Verte and Viger,42,,,band_c03047,Amalecites of Viger,Quebec,0.657,review_below_gate,band_c03047=Amalecites of Viger (Quebec) 0.66; band_c02994=Amalecites of Témiscouata (Quebec) 0.54; band_c01285=Victoria (New Brunswick) 0.50,
"Amalecites of Isle Verte and Viger, P.Q. (No. 42).",1895-1895,3,11,band,Amalecites of Isle Verte and Viger,42,,quebec,band_c03047,Amalecites of Viger,Quebec,0.657,review_below_gate,band_c03047=Amalecites of Viger (Quebec) 0.66; band_c02994=Amalecites of Témiscouata (Quebec) 0.54; band_c02964=Quebec County (Quebec) 0.45,
"Amalecites of Isle Verte and Viger, Que. (No. 42)",1896-1897,5,25,band,Amalecites of Isle Verte and Viger,42,,quebec,band_c03047,Amalecites of Viger,Quebec,0.657,review_below_gate,band_c03047=Amalecites of Viger (Quebec) 0.66; band_c02994=Amalecites of Témiscouata (Quebec) 0.54; band_c02964=Quebec County (Quebec) 0.45,
Ann Konwahentaken (No. 96).,1893-1894,2,8,band,Ann Konwahentaken,96,,,,,,0.444,unlinked,band_c03088=Brennan Lake (Quebec) 0.44; band_c02683=Water Hen Lake (North-West Territories) 0.43; band_c01370=Ko-pah-a-wa-ke-num (None) 0.43,
Annual Grant in aid of Schools.,1889-1889,1,6,department,Annual Grant in aid of Schools,,,,,,,0.0,department,,
Annual Grants in aid of Schools.,1888-1888,1,6,department,Annual Grants in aid of Schools,,,,,,,0.0,department,,
"Assabaska Band No. 35 C, Man. (No. 211)",1895-1895,2,4,band,Assabaska Band No. 35 C,211,,manitoba,band_c01196,Assabaska,Manitoba,0.889,linked,band_c01196=Assabaska (Manitoba) 0.89; band_c02210=Assabaska (Ontario) 0.89; band_c01195=Assabasca (Manitoba) 0.67,
"Assabaska Band, No. 35 C, Man. (No. 211)",1896-1896,2,4,band,"Assabaska Band, No. 35 C",211,,manitoba,band_c01196,Assabaska,Manitoba,0.889,linked,band_c01196=Assabaska (Manitoba) 0.89; band_c02210=Assabaska (Ontario) 0.89; band_c01195=Assabasca (Manitoba) 0.67,
"Assabaska Band, No. 35 C, Man. (No. 211).",1897-1897,1,3,band,"Assabaska Band, No. 35 C",211,,manitoba,band_c01196,Assabaska,Manitoba,0.889,linked,band_c01196=Assabaska (Manitoba) 0.89; band_c02210=Assabaska (Ontario) 0.89; band_c01195=Assabasca (Manitoba) 0.67,
BATCHEWANA BAND OF INDIANS,1886-1886,4,28,band,BATCHEWANA BAND OF INDIANS,,,,band_c02167,Batchewana,Ontario,0.857,linked,band_c02167=Batchewana (Ontario) 0.86; band_c02027=Batchewana Bay (Ontario) 0.80; band_c02166=Batchawana (Ontario) 0.67,
BATCHEWANA BAY INDIANS,1883-1884,3,23,band,BATCHEWANA BAY INDIANS,,,,band_c02027,Batchewana Bay,Ontario,1.0,linked,band_c02027=Batchewana Bay (Ontario) 1.00; band_c02167=Batchewana (Ontario) 0.82; band_c02166=Batchawana (Ontario) 0.64,
BATCHEWANA BAY INDIANS in Account No. 1,1883-1883,1,10,band,BATCHEWANA BAY INDIANS,,1,,band_c02027,Batchewana Bay,Ontario,1.0,linked,band_c02027=Batchewana Bay (Ontario) 1.00; band_c02167=Batchewana (Ontario) 0.82; band_c02166=Batchawana (Ontario) 0.64,
BATCHEWANA INDIANS,1882-1885,5,84,band,BATCHEWANA INDIANS,,,,band_c02167,Batchewana,Ontario,1.0,linked,band_c02167=Batchewana (Ontario) 1.00; band_c02027=Batchewana Bay (Ontario) 0.82; band_c02166=Batchawana (Ontario) 0.78,
BATCHEWANA Indians,1888-1889,5,58,band,BATCHEWANA Indians,,,,band_c02167,Batchewana,Ontario,1.0,linked,band_c02167=Batchewana (Ontario) 1.00; band_c02027=Batchewana Bay (Ontario) 0.82; band_c02166=Batchawana (Ontario) 0.78,
BATCHEWANA Indians in Account with the Department of Indian Affairs,1888-1888,7,248,band,BATCHEWANA Indians,,,,band_c02167,Batchewana,Ontario,1.0,linked,band_c02167=Batchewana (Ontario) 1.00; band_c02027=Batchewana Bay (Ontario) 0.82; band_c02166=Batchawana (Ontario) 0.78,
"BOOKS, MAPS, &c., FOR THE USE OF SCHOOLS - Con.",1884-1884,1,6,department,"BOOKS, MAPS, &c., FOR THE USE OF SCHOOLS",,,,,,,0.0,department,,
"BOOKS, MAPS, &c., FOR USE OF SCHOOLS.",1884-1884,1,10,department,"BOOKS, MAPS, &c., FOR USE OF SCHOOLS",,,,,,,0.0,department,,
"BROKEN HEAD RIVER BAND, MANITOBA",1885-1887,2,6,band,BROKEN HEAD RIVER BAND,,,manitoba,band_c01120,Brokenhead River,Manitoba,1.0,linked,band_c01120=Brokenhead River (Manitoba) 1.00; band_c01140=Jackhead River (Manitoba) 0.67; band_c01144=Waterhen River (Manitoba) 0.60,
"BROKEN HEAD RIVER INDIANS, MANITOBA",1889-1889,2,5,band,BROKEN HEAD RIVER INDIANS,,,manitoba,band_c01120,Brokenhead River,Manitoba,1.0,linked,band_c01120=Brokenhead River (Manitoba) 1.00; band_c01140=Jackhead River (Manitoba) 0.67; band_c01144=Waterhen River (Manitoba) 0.60,
"Batchewana Indians, Ont. (No. 1)",1895-1895,26,508,band,Batchewana Indians,1,,ontario,band_c02167,Batchewana,Ontario,1.0,linked,band_c02167=Batchewana (Ontario) 1.00; band_c02027=Batchewana Bay (Ontario) 0.82; band_c02166=Batchawana (Ontario) 0.78,
"Batchewana Indians, Ont. (No. 1.)",1896-1896,36,753,band,Batchewana Indians,1,,ontario,band_c02167,Batchewana,Ontario,1.0,linked,band_c02167=Batchewana (Ontario) 1.00; band_c02027=Batchewana Bay (Ontario) 0.82; band_c02166=Batchawana (Ontario) 0.78,
"Batchewana Indians, Ont., (No. 1)",1897-1897,14,498,band,Batchewana Indians,1,,ontario,band_c02167,Batchewana,Ontario,1.0,linked,band_c02167=Batchewana (Ontario) 1.00; band_c02027=Batchewana Bay (Ontario) 0.82; band_c02166=Batchawana (Ontario) 0.78,
"Bella Coola Band, B.C. (No. 200).",1894-1897,3,9,band,Bella Coola Band,200,,british columbia,band_c00065,Bella Bella,British Columbia,1.0,linked,band_c00065=Bella Bella (British Columbia) 1.00; band_c02129=Bella Coola (Ontario) 1.00; band_c00127=Bellacoola (British Columbia) 0.84,
"Bella Coola Band, B.C. (No. 200*.)",1896-1896,2,6,band,Bella Coola Band,200,,british columbia,band_c00065,Bella Bella,British Columbia,1.0,linked,band_c00065=Bella Bella (British Columbia) 1.00; band_c02129=Bella Coola (Ontario) 1.00; band_c00127=Bellacoola (British Columbia) 0.84,
"Bella Coola Band, B.C., (No. 200)",1895-1895,2,6,band,Bella Coola Band,200,,british columbia,band_c00065,Bella Bella,British Columbia,1.0,linked,band_c00065=Bella Bella (British Columbia) 1.00; band_c02129=Bella Coola (Ontario) 1.00; band_c00127=Bellacoola (British Columbia) 0.84,
"Berens River Band, Man. (No. 234).",1897-1897,2,3,band,Berens River Band,234,,manitoba,band_c01083,Berens River,Manitoba,1.0,linked,band_c01083=Berens River (Manitoba) 1.00; band_c02423=Red River (North-West Territories) 1.00; band_c01144=Waterhen River (Manitoba) 0.58,
Betsiamits Indians (No. 137),1893-1893,1,4,band,Betsiamits Indians,137,,,band_c03048,Betsiamits,Quebec,1.0,linked,band_c03048=Betsiamits (Quebec) 1.00; band_c03006=Montagnais of Bersimis (Quebec) 0.50; band_c01962=Indians at Ignace (Ontario) 0.48,
Betsiamits Indians (No. 137).,1894-1894,2,5,band,Betsiamits Indians,137,,,band_c03048,Betsiamits,Quebec,1.0,linked,band_c03048=Betsiamits (Quebec) 1.00; band_c03006=Montagnais of Bersimis (Quebec) 0.50; band_c01962=Indians at Ignace (Ontario) 0.48,
"Betsiamits Indians, P.Q. (No. 137)",1895-1895,2,5,band,Betsiamits Indians,137,,quebec,band_c03048,Betsiamits,Quebec,1.0,linked,band_c03048=Betsiamits (Quebec) 1.00; band_c03006=Montagnais of Bersimis (Quebec) 0.50; band_c01369=Cumberland Indians (None) 0.47,
"Betsiamits Indians, Que. (No. 137).",1897-1897,1,5,band,Betsiamits Indians,137,,quebec,band_c03048,Betsiamits,Quebec,1.0,linked,band_c03048=Betsiamits (Quebec) 1.00; band_c03006=Montagnais of Bersimis (Quebec) 0.50; band_c01369=Cumberland Indians (None) 0.47,
"Betsiamits Indians, Que. (No. 137.)",1896-1896,2,8,band,Betsiamits Indians,137,,quebec,band_c03048,Betsiamits,Quebec,1.0,linked,band_c03048=Betsiamits (Quebec) 1.00; band_c03006=Montagnais of Bersimis (Quebec) 0.50; band_c01369=Cumberland Indians (None) 0.47,
"Big Cove Reserve, N.B. (No. 179)",1894-1896,4,11,band,Big Cove Reserve,179,,new brunswick,band_c01319,Big Cove,New Brunswick,1.0,linked,band_c01319=Big Cove (New Brunswick) 1.00; band_c01784=Big Cove (Nova Scotia) 1.00; band_c02518=Big River (Kenemotoyoos) (Saskatchewan) 0.53,
"Big Cove Reserve, N.B. (No. 179).",1895-1897,3,15,band,Big Cove Reserve,179,,new brunswick,band_c01319,Big Cove,New Brunswick,1.0,linked,band_c01319=Big Cove (New Brunswick) 1.00; band_c01784=Big Cove (Nova Scotia) 1.00; band_c02518=Big River (Kenemotoyoos) (Saskatchewan) 0.53,
Big Hole Reserve (No. 165).,1894-1894,2,4,band,Big Hole Reserve,165,,,,,,0.571,unlinked,band_c01505=Big Head (None) 0.57; band_c02870=Rigolet (North-West Territories) 0.46; band_c01319=Big Cove (New Brunswick) 0.43,
"Big Hole Reserve, N.B. (No. 165)",1895-1896,4,17,band,Big Hole Reserve,165,,new brunswick,,,,0.571,unlinked,band_c01505=Big Head (None) 0.57; band_c01319=Big Cove (New Brunswick) 0.43; band_c02870=Rigolet (North-West Territories) 0.46,
"Big Hole Reserve, N.B. (No. 165).",1897-1897,1,2,band,Big Hole Reserve,165,,new brunswick,,,,0.571,unlinked,band_c01505=Big Head (None) 0.57; band_c01319=Big Cove (New Brunswick) 0.43; band_c02870=Rigolet (North-West Territories) 0.46,
"Big Island Indians, Reserve 31 C, Treaty 3 (No. 105)",1896-1896,3,7,band,"Big Island Indians, Reserve 31 C, Treaty 3",105,,,,,,0.611,unlinked,"band_c02569=Big Island, eastward (North-West Territories) 0.61; band_c02384=Non-treaty Indians (North-West Territories) 0.60; band_c01838=Non-treaty Indians where no agents (Ontario) 0.60",
"Big Island Indians, Reserve 31 C, Treaty 3, (No. 105)",1897-1897,2,6,band,"Big Island Indians, Reserve 31 C, Treaty 3",105,,,,,,0.611,unlinked,"band_c02569=Big Island, eastward (North-West Territories) 0.61; band_c02384=Non-treaty Indians (North-West Territories) 0.60; band_c01838=Non-treaty Indians where no agents (Ontario) 0.60",
Blackfoot Indians (No. 138),1893-1895,3,18,band,Blackfoot Indians,138,,,band_c02480,Blackfoot,Alberta,1.0,linked,band_c02480=Blackfoot (Alberta) 1.00; band_c01962=Indians at Ignace (Ontario) 0.56; band_c02554=Fort St. John Indians (North-West Territories) 0.51,
Blackfoot Indians (No. 138).,1894-1894,2,11,band,Blackfoot Indians,138,,,band_c02480,Blackfoot,Alberta,1.0,linked,band_c02480=Blackfoot (Alberta) 1.00; band_c01962=Indians at Ignace (Ontario) 0.56; band_c02554=Fort St. John Indians (North-West Territories) 0.51,
"Blackfoot Indians, N.W.T. (No. 138)",1896-1896,2,26,band,Blackfoot Indians,138,,north-west territories,band_c02480,Blackfoot,Alberta,1.0,linked,band_c02480=Blackfoot (Alberta) 1.00; band_c02554=Fort St. John Indians (North-West Territories) 0.51; band_c02436=Treaty No. 7 (North-West Territories) 0.47,
"Blackfoot Indians, N.W.T. (No. 138).",1897-1897,2,13,band,Blackfoot Indians,138,,north-west territories,band_c02480,Blackfoot,Alberta,1.0,linked,band_c02480=Blackfoot (Alberta) 1.00; band_c02554=Fort St. John Indians (North-West Territories) 0.51; band_c02436=Treaty No. 7 (North-West Territories) 0.47,
Blood Indians (No. 173),1895-1895,2,8,band,Blood Indians,173,,,band_c02551,Bloods,Alberta,1.0,linked,band_c02551=Bloods (Alberta) 1.00; band_c02839=(tt)Bloods (North-West Territories) 0.89; band_c01088=Blood Vein River (Manitoba) 0.62,
Blood Indians (No. 173).,1893-1894,2,10,band,Blood Indians,173,,,band_c02551,Bloods,Alberta,1.0,linked,band_c02551=Bloods (Alberta) 1.00; band_c02839=(tt)Bloods (North-West Territories) 0.89; band_c01088=Blood Vein River (Manitoba) 0.62,
"Blood Indians, N.W.T. (No 173.)",1896-1896,2,10,band,Blood Indians,173,,north-west territories,band_c02551,Bloods,Alberta,1.0,linked,band_c02551=Bloods (Alberta) 1.00; band_c02839=(tt)Bloods (North-West Territories) 0.89; band_c01088=Blood Vein River (Manitoba) 0.62,
"Blood Indians, N.W.T. (No. 173).",1897-1897,1,8,band,Blood Indians,173,,north-west territories,band_c02551,Bloods,Alberta,1.0,linked,band_c02551=Bloods (Alberta) 1.00; band_c02839=(tt)Bloods (North-West Territories) 0.89; band_c01088=Blood Vein River (Manitoba) 0.62,
Bob Tail's Reserve (No. 166).,1894-1894,1,3,band,Bob Tail's Reserve,166,,,band_c02862,Bobtail,North-West Territories,0.769,linked_by_number,band_c02862=Bobtail (North-West Territories) 0.77; band_c02623=Bird Tail Sioux (North-West Territories) 0.53; band_c01401='Bobtailed Dog' (None) 0.53,propagated from 'Indians of Bobtail Reserve (No. 166).' via No. 166
"Boothroyd Band, B.C. (No. 147)",1895-1895,2,4,band,Boothroyd Band,147,,british columbia,band_c00147,Boothroyd,British Columbia,1.0,linked,band_c00147=Boothroyd (British Columbia) 1.00; band_c00501=Boothroyds (British Columbia) 0.94; band_c02212=Boothroyd (Ontario) 1.00,
"Boothroyd Band, B.C. (No. 147).",1894-1897,3,7,band,Boothroyd Band,147,,british columbia,band_c00147,Boothroyd,British Columbia,1.0,linked,band_c00147=Boothroyd (British Columbia) 1.00; band_c00501=Boothroyds (British Columbia) 0.94; band_c02212=Boothroyd (Ontario) 1.00,
"Boothroyd Band, B.C. (No. 147*.)",1896-1896,2,4,band,Boothroyd Band,147,,british columbia,band_c00147,Boothroyd,British Columbia,1.0,linked,band_c00147=Boothroyd (British Columbia) 1.00; band_c00501=Boothroyds (British Columbia) 0.94; band_c02212=Boothroyd (Ontario) 1.00,
"Boothroyd Indians, B.C. (No. 147)",1893-1893,1,3,band,Boothroyd Indians,147,,british columbia,band_c00147,Boothroyd,British Columbia,1.0,linked,band_c00147=Boothroyd (British Columbia) 1.00; band_c00501=Boothroyds (British Columbia) 0.94; band_c02212=Boothroyd (Ontario) 1.00,
"Boston Bar Band, B.C. (No 161).",1897-1897,1,5,band,Boston Bar Band,161,,british columbia,band_c00140,Boston Bar,British Columbia,1.0,linked,band_c00140=Boston Bar (British Columbia) 1.00; band_c02170=Boston Bar (Ontario) 1.00; band_c00689=Union Bar (British Columbia) 0.59,
"Boston Bar Band, B.C. (No. 161)",1895-1895,2,4,band,Boston Bar Band,161,,british columbia,band_c00140,Boston Bar,British Columbia,1.0,linked,band_c00140=Boston Bar (British Columbia) 1.00; band_c02170=Boston Bar (Ontario) 1.00; band_c00689=Union Bar (British Columbia) 0.59,
"Boston Bar Band, B.C. (No. 161).",1893-1894,3,7,band,Boston Bar Band,161,,british columbia,band_c00140,Boston Bar,British Columbia,1.0,linked,band_c00140=Boston Bar (British Columbia) 1.00; band_c02170=Boston Bar (Ontario) 1.00; band_c00689=Union Bar (British Columbia) 0.59,
"Boston Bar Band, B.C. (No. 161.)",1896-1896,2,4,band,Boston Bar Band,161,,british columbia,band_c00140,Boston Bar,British Columbia,1.0,linked,band_c00140=Boston Bar (British Columbia) 1.00; band_c02170=Boston Bar (Ontario) 1.00; band_c00689=Union Bar (British Columbia) 0.59,
"Bridge River Band, B.C. (No. 168)",1895-1895,2,4,band,Bridge River Band,168,,british columbia,band_c00373,Bridge River,British Columbia,1.0,linked,band_c00373=Bridge River (British Columbia) 1.00; band_c00374=Bridge Water (British Columbia) 0.64; band_c01684=Bear River (Micmacs) (Nova Scotia) 0.64,
"Bridge River Band, B.C. (No. 168).",1897-1897,1,3,band,Bridge River Band,168,,british columbia,band_c00373,Bridge River,British Columbia,1.0,linked,band_c00373=Bridge River (British Columbia) 1.00; band_c00374=Bridge Water (British Columbia) 0.64; band_c01684=Bear River (Micmacs) (Nova Scotia) 0.64,
"Bridge River Band, B.C. (No. 168.)",1896-1896,2,4,band,Bridge River Band,168,,british columbia,band_c00373,Bridge River,British Columbia,1.0,linked,band_c00373=Bridge River (British Columbia) 1.00; band_c00374=Bridge Water (British Columbia) 0.64; band_c01684=Bear River (Micmacs) (Nova Scotia) 0.64,
Bridge River Reserve (No. 168).,1894-1894,2,6,band,Bridge River Reserve,168,,,band_c00373,Bridge River,British Columbia,1.0,linked,band_c00373=Bridge River (British Columbia) 1.00; band_c01684=Bear River (Micmacs) (Nova Scotia) 0.64; band_c01685=Middle River (reserve) (Nova Scotia) 0.64,
Broken Head River Band (No. 60),1894-1894,2,8,band,Broken Head River Band,60,,,band_c01120,Brokenhead River,Manitoba,1.0,linked,band_c01120=Brokenhead River (Manitoba) 1.00; band_c01140=Jackhead River (Manitoba) 0.67; band_c01144=Waterhen River (Manitoba) 0.60,
Broken Head River Band (No. 60).,1893-1893,1,4,band,Broken Head River Band,60,,,band_c01120,Brokenhead River,Manitoba,1.0,linked,band_c01120=Brokenhead River (Manitoba) 1.00; band_c01140=Jackhead River (Manitoba) 0.67; band_c01144=Waterhen River (Manitoba) 0.60,
"Broken Head River Band, Man. (No. 60)",1895-1895,3,11,band,Broken Head River Band,60,,manitoba,band_c01120,Brokenhead River,Manitoba,1.0,linked,band_c01120=Brokenhead River (Manitoba) 1.00; band_c01140=Jackhead River (Manitoba) 0.67; band_c01144=Waterhen River (Manitoba) 0.60,
"Brokenhead River Band, Man. (No. 60).",1897-1897,2,7,band,Brokenhead River Band,60,,manitoba,band_c01120,Brokenhead River,Manitoba,1.0,linked,band_c01120=Brokenhead River (Manitoba) 1.00; band_c01140=Jackhead River (Manitoba) 0.64; band_c01138=Broadvein River (Manitoba) 0.55,
"Brokenhead River Band, Man. (No. 60.)",1896-1896,3,7,band,Brokenhead River Band,60,,manitoba,band_c01120,Brokenhead River,Manitoba,1.0,linked,band_c01120=Brokenhead River (Manitoba) 1.00; band_c01140=Jackhead River (Manitoba) 0.64; band_c01138=Broadvein River (Manitoba) 0.55,
"Buctouche Indians, N.B. (No. 239).",1897-1897,2,5,band,Buctouche Indians,239,,new brunswick,band_c01316,Buctouche,New Brunswick,1.0,linked,band_c01316=Buctouche (New Brunswick) 1.00; band_c01283=Restigouche (New Brunswick) 0.44; band_c01275=Indian Island (New Brunswick) 0.43,
"CHEMAINES BAND, BRITISH COLUMBIA",1885-1889,5,20,band,"CHEMAINES BAND, BRITISH COLUMBIA",,,,band_c00074,British Columbia,British Columbia,0.75,review_below_gate,band_c00074=British Columbia (British Columbia) 0.75; band_c01023=British Columbia (Grand Recapitulation) 0.75; band_c02624=British Columbia (North-West Territories) 0.75,
"CHILLHERTZA'S BAND, BRITISH COLUMBIA",1886-1886,2,4,band,"CHILLHERTZA'S BAND, BRITISH COLUMBIA",,,,,,,0.606,unlinked,band_c00074=British Columbia (British Columbia) 0.61; band_c01023=British Columbia (Grand Recapitulation) 0.61; band_c02624=British Columbia (North-West Territories) 0.61,
"CHILLIHERTZAS BAND, BRITISH COLUMBIA",1885-1889,3,7,band,"CHILLIHERTZAS BAND, BRITISH COLUMBIA",,,,,,,0.606,unlinked,band_c00074=British Columbia (British Columbia) 0.61; band_c01023=British Columbia (Grand Recapitulation) 0.61; band_c02624=British Columbia (North-West Territories) 0.61,
CHIPPEWAS OF BEAUSOLEIL,1882-1889,10,92,band,CHIPPEWAS OF BEAUSOLEIL,,,,band_c01805,Chippewas of Beausoleil,Ontario,1.0,linked,band_c01805=Chippewas of Beausoleil (Ontario) 1.00; band_c01807=Chippewas of Walpole Island (Ontario) 1.00; band_c01923=Chippewas of Saugeen (Ontario) 0.63,
CHIPPEWAS OF BEAUSOLIEL in Account with the Department of Indian Affairs,1888-1888,2,21,band,CHIPPEWAS OF BEAUSOLIEL,,,,band_c01805,Chippewas of Beausoleil,Ontario,1.0,linked,band_c01805=Chippewas of Beausoleil (Ontario) 1.00; band_c01807=Chippewas of Walpole Island (Ontario) 0.86; band_c01923=Chippewas of Saugeen (Ontario) 0.63,
CHIPPEWAS OF NAWASH,1882-1889,10,300,band,CHIPPEWAS OF NAWASH,,,,band_c01808,Chippewas of Nawash,Ontario,1.0,linked,band_c01808=Chippewas of Nawash (Ontario) 1.00; band_c01828=Chippewas Nawash (Ontario) 0.91; band_c01837=Chippewas of the Thames (Ontario) 0.71,
CHIPPEWAS OF NAWASH in Account Current with the Department of Indian Affairs.,1884-1884,1,4,band,CHIPPEWAS OF NAWASH,,,,band_c01808,Chippewas of Nawash,Ontario,1.0,linked,band_c01808=Chippewas of Nawash (Ontario) 1.00; band_c01828=Chippewas Nawash (Ontario) 0.91; band_c01837=Chippewas of the Thames (Ontario) 0.71,
CHIPPEWAS OF NAWASH in Account with the Department of Indian Affairs,1888-1888,3,47,band,CHIPPEWAS OF NAWASH,,,,band_c01808,Chippewas of Nawash,Ontario,1.0,linked,band_c01808=Chippewas of Nawash (Ontario) 1.00; band_c01828=Chippewas Nawash (Ontario) 0.91; band_c01837=Chippewas of the Thames (Ontario) 0.71,
CHIPPEWAS OF RAMA,1882-1889,8,96,band,CHIPPEWAS OF RAMA,,,,band_c01818,Chippewas of Rama,Ontario,1.0,linked,band_c01818=Chippewas of Rama (Ontario) 1.00; band_c01959=Chippewas Rama (Ontario) 0.90; band_c01837=Chippewas of the Thames (Ontario) 0.88,
CHIPPEWAS OF RAMA in Account Current with the Department of Indian Affairs.,1884-1884,1,16,band,CHIPPEWAS OF RAMA,,,,band_c01818,Chippewas of Rama,Ontario,1.0,linked,band_c01818=Chippewas of Rama (Ontario) 1.00; band_c01959=Chippewas Rama (Ontario) 0.90; band_c01837=Chippewas of the Thames (Ontario) 0.88,
CHIPPEWAS OF RAMA in Account of the Department of Indian Affairs,1888-1888,2,22,band,CHIPPEWAS OF RAMA in Account of the Department of Indian Affairs,,,,,,,0.444,unlinked,band_c02932=St. Maurice (Quebec) 0.44; band_c02962=Champlain (Quebec) 0.44; band_c01600=Indian Brook (reserve) (Nova Scotia) 0.43,
CHIPPEWAS OF SARNIA,1883-1889,6,272,band,CHIPPEWAS OF SARNIA,,,,band_c01820,Chippewas of Sarnia,Ontario,1.0,linked,band_c01820=Chippewas of Sarnia (Ontario) 1.00; band_c01923=Chippewas of Saugeen (Ontario) 0.76; band_c01837=Chippewas of the Thames (Ontario) 0.71,
CHIPPEWAS OF SARNIA in Account Current with the Department of Indian Affairs.,1884-1884,1,65,band,CHIPPEWAS OF SARNIA,,,,band_c01820,Chippewas of Sarnia,Ontario,1.0,linked,band_c01820=Chippewas of Sarnia (Ontario) 1.00; band_c01923=Chippewas of Saugeen (Ontario) 0.76; band_c01837=Chippewas of the Thames (Ontario) 0.71,
CHIPPEWAS OF SARNIA in Account with the Department of Indian Affairs,1888-1888,2,65,band,CHIPPEWAS OF SARNIA,,,,band_c01820,Chippewas of Sarnia,Ontario,1.0,linked,band_c01820=Chippewas of Sarnia (Ontario) 1.00; band_c01923=Chippewas of Saugeen (Ontario) 0.76; band_c01837=Chippewas of the Thames (Ontario) 0.71,
CHIPPEWAS OF SAUGEEN,1883-1889,7,229,band,CHIPPEWAS OF SAUGEEN,,,,band_c01923,Chippewas of Saugeen,Ontario,1.0,linked,band_c01923=Chippewas of Saugeen (Ontario) 1.00; band_c01820=Chippewas of Sarnia (Ontario) 0.76; band_c01837=Chippewas of the Thames (Ontario) 0.69,
CHIPPEWAS OF SAUGEEN in Account Current with the Department of Indian Affairs.,1884-1884,1,41,band,CHIPPEWAS OF SAUGEEN,,,,band_c01923,Chippewas of Saugeen,Ontario,1.0,linked,band_c01923=Chippewas of Saugeen (Ontario) 1.00; band_c01820=Chippewas of Sarnia (Ontario) 0.76; band_c01837=Chippewas of the Thames (Ontario) 0.69,
CHIPPEWAS OF SAUGEEN in Account with the Department of Indian Affairs,1888-1888,1,50,band,CHIPPEWAS OF SAUGEEN,,,,band_c01923,Chippewas of Saugeen,Ontario,1.0,linked,band_c01923=Chippewas of Saugeen (Ontario) 1.00; band_c01820=Chippewas of Sarnia (Ontario) 0.76; band_c01837=Chippewas of the Thames (Ontario) 0.69,
CHIPPEWAS OF SNAKE ISLAND,1882-1889,6,83,band,CHIPPEWAS OF SNAKE ISLAND,,,,band_c01867,Chippewas of Snake Island,Ontario,1.0,linked,band_c01867=Chippewas of Snake Island (Ontario) 1.00; band_c01829=Chippewas of Georgina and Snake Island (Ontario) 0.79; band_c01807=Chippewas of Walpole Island (Ontario) 0.76,
CHIPPEWAS OF SNAKE ISLAND in Account Current with the Department of Indian Affairs.,1884-1884,1,8,band,CHIPPEWAS OF SNAKE ISLAND,,,,band_c01867,Chippewas of Snake Island,Ontario,1.0,linked,band_c01867=Chippewas of Snake Island (Ontario) 1.00; band_c01829=Chippewas of Georgina and Snake Island (Ontario) 0.79; band_c01807=Chippewas of Walpole Island (Ontario) 0.76,
CHIPPEWAS OF SNAKE ISLAND in Account with the Department of Indian Affairs,1888-1888,1,19,band,CHIPPEWAS OF SNAKE ISLAND,,,,band_c01867,Chippewas of Snake Island,Ontario,1.0,linked,band_c01867=Chippewas of Snake Island (Ontario) 1.00; band_c01829=Chippewas of Georgina and Snake Island (Ontario) 0.79; band_c01807=Chippewas of Walpole Island (Ontario) 0.76,
CHIPPEWAS OF THE THAMES,1882-1889,6,252,band,CHIPPEWAS OF THE THAMES,,,,band_c01837,Chippewas of the Thames,Ontario,1.0,linked,band_c01837=Chippewas of the Thames (Ontario) 1.00; band_c01818=Chippewas of Rama (Ontario) 0.76; band_c01808=Chippewas of Nawash (Ontario) 0.67,
CHIPPEWAS OF THE THAMES in Account Current with the Department of Indian Affairs.,1884-1884,1,36,band,CHIPPEWAS OF THE THAMES,,,,band_c01837,Chippewas of the Thames,Ontario,1.0,linked,band_c01837=Chippewas of the Thames (Ontario) 1.00; band_c01818=Chippewas of Rama (Ontario) 0.76; band_c01808=Chippewas of Nawash (Ontario) 0.67,
CHIPPEWAS OF THE THAMES in account with the Department of Indian Affairs No. 8,1888-1888,1,52,band,CHIPPEWAS OF THE THAMES,,8,,band_c01837,Chippewas of the Thames,Ontario,1.0,linked,band_c01837=Chippewas of the Thames (Ontario) 1.00; band_c01818=Chippewas of Rama (Ontario) 0.76; band_c01808=Chippewas of Nawash (Ontario) 0.67,
CHIPPEWAS OF WALPOLE,1882-1882,1,5,band,CHIPPEWAS OF WALPOLE,,,,band_c01807,Chippewas of Walpole Island,Ontario,0.844,review_below_gate,band_c01807=Chippewas of Walpole Island (Ontario) 0.84; band_c01805=Chippewas of Beausoleil (Ontario) 0.73; band_c01808=Chippewas of Nawash (Ontario) 0.70,
CHIPPEWAS OF WALPOLE ISLAND,1882-1889,14,313,band,CHIPPEWAS OF WALPOLE ISLAND,,,,band_c01807,Chippewas of Walpole Island,Ontario,1.0,linked,band_c01807=Chippewas of Walpole Island (Ontario) 1.00; band_c01867=Chippewas of Snake Island (Ontario) 0.76; band_c01841=Pottawattamies of Walpole Island (Ontario) 0.70,
CHIPPEWAS OF WALPOLE ISLAND in Account with the Department of Indian Affairs No. 9,1888-1888,1,29,band,CHIPPEWAS OF WALPOLE ISLAND,,9,,band_c01807,Chippewas of Walpole Island,Ontario,1.0,linked,band_c01807=Chippewas of Walpole Island (Ontario) 1.00; band_c01867=Chippewas of Snake Island (Ontario) 0.76; band_c01841=Pottawattamies of Walpole Island (Ontario) 0.70,
"COWICHAN BAND, B.C., in Account Current with the Department of Indian Affairs.",1884-1884,2,9,band,COWICHAN BAND,,,british columbia,band_c00288,Cowichan Nation:-,British Columbia,1.0,linked,band_c00288=Cowichan Nation:- (British Columbia) 1.00; band_c00168=Cowichan Agency (British Columbia) 1.00; band_c02931=Cowichan (Province Of) 1.00,
COWICHAN INDIANS,1885-1885,1,6,band,COWICHAN INDIANS,,,,band_c00288,Cowichan Nation:-,British Columbia,1.0,linked,band_c00288=Cowichan Nation:- (British Columbia) 1.00; band_c02931=Cowichan (Province Of) 1.00; band_c00168=Cowichan Agency (British Columbia) 1.00,
COWICHAN INDIANS (B.C.),1886-1888,3,8,band,COWICHAN INDIANS ( ),,,british columbia,band_c00288,Cowichan Nation:-,British Columbia,1.0,linked,band_c00288=Cowichan Nation:- (British Columbia) 1.00; band_c00168=Cowichan Agency (British Columbia) 1.00; band_c02931=Cowichan (Province Of) 1.00,
COWICHAN INDIANS (B.C.) in Account with the Department of Indian Affairs,1887-1889,3,7,band,COWICHAN INDIANS ( ),,,british columbia,band_c00288,Cowichan Nation:-,British Columbia,1.0,linked,band_c00288=Cowichan Nation:- (British Columbia) 1.00; band_c00168=Cowichan Agency (British Columbia) 1.00; band_c02931=Cowichan (Province Of) 1.00,
"Capilano Creek Band, B.C. (No. 241).",1897-1897,1,6,band,Capilano Creek Band,241,,british columbia,band_c00307,Canoe Creek,British Columbia,0.846,review_below_gate,band_c00307=Canoe Creek (British Columbia) 0.85; band_c00694=Kapilano (British Columbia) 0.67; band_c00228=Cayoosh Creek (British Columbia) 0.53,
"Chaicclisset Band, B.C. (No. 243).",1897-1897,1,3,band,Chaicclisset Band,243,,british columbia,,,,0.545,unlinked,band_c00308=Chaic-cles-aht (British Columbia) 0.55; band_c00700=Chehalis (British Columbia) 0.44; band_c00598=Assylitch (British Columbia) 0.44,
Charles Logue: -,1885-1885,1,1,band,Charles Logue: -,,,,,,,0.609,unlinked,band_c01043=Amos Charles' Band (Isle A La Crosse) 0.61; band_c01054=Amos Charles' Band (Isle À La Crosse) 0.61; band_c03200=Amos Charles (TREATY No. 9) 0.61,
"Chehalis Band, B.C. (No. 97).",1894-1897,3,11,band,Chehalis Band,97,,british columbia,band_c00700,Chehalis,British Columbia,1.0,linked,band_c00700=Chehalis (British Columbia) 1.00; band_c02246=Chehalis (Ontario) 1.00; band_c00699=Chehales (British Columbia) 0.71,
Chehalis Indians (No. 97).,1893-1893,1,4,band,Chehalis Indians,97,,,band_c00700,Chehalis,British Columbia,1.0,linked,band_c00700=Chehalis (British Columbia) 1.00; band_c02246=Chehalis (Ontario) 1.00; band_c00699=Chehales (British Columbia) 0.71,
"Chehalis, Band, B.C. (No. 97*.)",1896-1896,2,4,band,"Chehalis, Band",97,,british columbia,band_c00700,Chehalis,British Columbia,1.0,linked,band_c00700=Chehalis (British Columbia) 1.00; band_c02246=Chehalis (Ontario) 1.00; band_c00699=Chehales (British Columbia) 0.71,
"Chemaines Indians, B.C. (No. 57)",1894-1894,3,7,band,Chemaines Indians,57,,british columbia,,,,0.533,unlinked,"band_c00071=Nomadic Indians, about (British Columbia) 0.53; band_c00100=Nomadic Indians (estimated) (British Columbia) 0.53; band_c00463=Ll-mal-ches (British Columbia) 0.50",
Chemains Band (No. 57).,1893-1893,1,5,band,Chemains Band,57,,,,,,0.625,unlinked,band_c01121=Chemawawin (Crees) (Manitoba) 0.62; band_c01125=Chemawawin (Manitoba) 0.62; band_c02625=Chemawawin (Crees) (North-West Territories) 0.62,
"Chemainus Band, B.C. (No. 57)",1895-1895,3,7,band,Chemainus Band,57,,british columbia,,,,0.588,unlinked,band_c01121=Chemawawin (Crees) (Manitoba) 0.59; band_c01125=Chemawawin (Manitoba) 0.59; band_c02625=Chemawawin (Crees) (North-West Territories) 0.59,
"Chemainus Band, B.C. (No. 57).",1897-1897,2,5,band,Chemainus Band,57,,british columbia,,,,0.588,unlinked,band_c01121=Chemawawin (Crees) (Manitoba) 0.59; band_c01125=Chemawawin (Manitoba) 0.59; band_c02625=Chemawawin (Crees) (North-West Territories) 0.59,
Chemainus Band. B.C. (No. 57.),1896-1896,3,7,band,Chemainus Band,57,,british columbia,,,,0.588,unlinked,band_c01121=Chemawawin (Crees) (Manitoba) 0.59; band_c01125=Chemawawin (Manitoba) 0.59; band_c02625=Chemawawin (Crees) (North-West Territories) 0.59,
"Chemewawin Band, Man. (No. 232).",1897-1897,1,3,band,Chemewawin Band,232,,manitoba,band_c01121,Chemawawin (Crees),Manitoba,1.0,linked,band_c01121=Chemawawin (Crees) (Manitoba) 1.00; band_c01125=Chemawawin (Manitoba) 0.78; band_c02625=Chemawawin (Crees) (North-West Territories) 0.78,
"Chillaheetsa Band, B.C. (No. 58)",1895-1896,6,14,band,Chillaheetsa Band,58,,british columbia,,,,0.5,unlinked,band_c00464=Matchilaht (British Columbia) 0.50; band_c00471=Opitchisaht (British Columbia) 0.48; band_c00357=Opet-ches-aht (British Columbia) 0.48,
"Chillaheetsa Band, B.C. (No. 58).",1897-1897,1,5,band,Chillaheetsa Band,58,,british columbia,,,,0.5,unlinked,band_c00464=Matchilaht (British Columbia) 0.50; band_c00471=Opitchisaht (British Columbia) 0.48; band_c00357=Opet-ches-aht (British Columbia) 0.48,
"Chillihertza's Band, B.C. (No. 58).",1894-1894,3,7,band,Chillihertza's Band,58,,british columbia,,,,0.421,unlinked,band_c00648=Llmalche (British Columbia) 0.42; band_c00599=Atchelitz (British Columbia) 0.42; band_c01732=River Philip (Nova Scotia) 0.43,
Chillihertzas Band (No. 58).,1893-1893,1,3,band,Chillihertzas Band,58,,,,,,0.417,unlinked,band_c01732=River Philip (Nova Scotia) 0.42,
"Chiniquay's Band, Sarcee Agency (No. 194)",1894-1894,3,3,band,Chiniquay's Band,194,,,band_c02822,Chiniquay's,Alberta,1.0,linked,band_c02822=Chiniquay's (Alberta) 1.00; band_c02652=Chinniquy (North-West Territories) 0.80; band_c01506=Chiniquy (None) 0.80,
"Chiniquay's Band, Sarcee Agency, N.W.T. (No. 194)",1895-1895,1,3,band,Chiniquay's Band,194,,north-west territories,band_c02822,Chiniquay's,Alberta,1.0,linked,band_c02822=Chiniquay's (Alberta) 1.00; band_c02652=Chinniquy (North-West Territories) 0.80; band_c01506=Chiniquy (None) 0.80,
"Chippewas of Beausoleil, Ont. (No. 2)",1895-1897,5,74,band,Chippewas of Beausoleil,2,,ontario,band_c01805,Chippewas of Beausoleil,Ontario,1.0,linked,band_c01805=Chippewas of Beausoleil (Ontario) 1.00; band_c01807=Chippewas of Walpole Island (Ontario) 1.00; band_c01923=Chippewas of Saugeen (Ontario) 0.63,
"Chippewas of Beausoleil, Ont. (No. 2.)",1896-1896,3,42,band,Chippewas of Beausoleil,2,,ontario,band_c01805,Chippewas of Beausoleil,Ontario,1.0,linked,band_c01805=Chippewas of Beausoleil (Ontario) 1.00; band_c01807=Chippewas of Walpole Island (Ontario) 1.00; band_c01923=Chippewas of Saugeen (Ontario) 0.63,
"Chippewas of Nawash, Ont. (No. 3)",1895-1897,6,88,band,Chippewas of Nawash,3,,ontario,band_c01808,Chippewas of Nawash,Ontario,1.0,linked,band_c01808=Chippewas of Nawash (Ontario) 1.00; band_c01828=Chippewas Nawash (Ontario) 0.91; band_c01837=Chippewas of the Thames (Ontario) 0.71,
"Chippewas of Rama, Ont. (No. 4)",1895-1897,4,77,band,Chippewas of Rama,4,,ontario,band_c01818,Chippewas of Rama,Ontario,1.0,linked,band_c01818=Chippewas of Rama (Ontario) 1.00; band_c01959=Chippewas Rama (Ontario) 0.90; band_c01837=Chippewas of the Thames (Ontario) 0.88,
"Chippewas of Rama, Ont. (No. 4.)",1896-1896,3,41,band,Chippewas of Rama,4,,ontario,band_c01818,Chippewas of Rama,Ontario,1.0,linked,band_c01818=Chippewas of Rama (Ontario) 1.00; band_c01959=Chippewas Rama (Ontario) 0.90; band_c01837=Chippewas of the Thames (Ontario) 0.88,
Chippewas of Sarnia (No. 5),1894-1894,2,95,band,Chippewas of Sarnia,5,,,band_c01820,Chippewas of Sarnia,Ontario,1.0,linked,band_c01820=Chippewas of Sarnia (Ontario) 1.00; band_c01923=Chippewas of Saugeen (Ontario) 0.76; band_c01837=Chippewas of the Thames (Ontario) 0.71,
"Chippewas of Sarnia, Ont. (No. 5)",1895-1897,5,210,band,Chippewas of Sarnia,5,,ontario,band_c01820,Chippewas of Sarnia,Ontario,1.0,linked,band_c01820=Chippewas of Sarnia (Ontario) 1.00; band_c01923=Chippewas of Saugeen (Ontario) 0.76; band_c01837=Chippewas of the Thames (Ontario) 0.71,
"Chippewas of Sarnia, Ont. (No. 5.)",1896-1896,3,119,band,Chippewas of Sarnia,5,,ontario,band_c01820,Chippewas of Sarnia,Ontario,1.0,linked,band_c01820=Chippewas of Sarnia (Ontario) 1.00; band_c01923=Chippewas of Saugeen (Ontario) 0.76; band_c01837=Chippewas of the Thames (Ontario) 0.71,
Chippewas of Saugeen (No. 6),1893-1894,4,106,band,Chippewas of Saugeen,6,,,band_c01923,Chippewas of Saugeen,Ontario,1.0,linked,band_c01923=Chippewas of Saugeen (Ontario) 1.00; band_c01820=Chippewas of Sarnia (Ontario) 0.76; band_c01837=Chippewas of the Thames (Ontario) 0.69,
"Chippewas of Saugeen, Ont. (No. 6)",1895-1897,4,73,band,Chippewas of Saugeen,6,,ontario,band_c01923,Chippewas of Saugeen,Ontario,1.0,linked,band_c01923=Chippewas of Saugeen (Ontario) 1.00; band_c01820=Chippewas of Sarnia (Ontario) 0.76; band_c01837=Chippewas of the Thames (Ontario) 0.69,
"Chippewas of Saugeen, Ont. (No. 6.)",1896-1896,2,34,band,Chippewas of Saugeen,6,,ontario,band_c01923,Chippewas of Saugeen,Ontario,1.0,linked,band_c01923=Chippewas of Saugeen (Ontario) 1.00; band_c01820=Chippewas of Sarnia (Ontario) 0.76; band_c01837=Chippewas of the Thames (Ontario) 0.69,
Chippewas of Snake Island (No. 7),1893-1894,3,33,band,Chippewas of Snake Island,7,,,band_c01867,Chippewas of Snake Island,Ontario,1.0,linked,band_c01867=Chippewas of Snake Island (Ontario) 1.00; band_c01829=Chippewas of Georgina and Snake Island (Ontario) 0.79; band_c01807=Chippewas of Walpole Island (Ontario) 0.76,
"Chippewas of Snake Island, Ont. (No. 7)",1895-1897,4,62,band,Chippewas of Snake Island,7,,ontario,band_c01867,Chippewas of Snake Island,Ontario,1.0,linked,band_c01867=Chippewas of Snake Island (Ontario) 1.00; band_c01829=Chippewas of Georgina and Snake Island (Ontario) 0.79; band_c01807=Chippewas of Walpole Island (Ontario) 0.76,
"Chippewas of Snake Island, Ont. (No. 7.)",1896-1896,2,31,band,Chippewas of Snake Island,7,,ontario,band_c01867,Chippewas of Snake Island,Ontario,1.0,linked,band_c01867=Chippewas of Snake Island (Ontario) 1.00; band_c01829=Chippewas of Georgina and Snake Island (Ontario) 0.79; band_c01807=Chippewas of Walpole Island (Ontario) 0.76,
Chippewas of Walpole Island (No. 9),1893-1893,1,4,band,Chippewas of Walpole Island,9,,,band_c01807,Chippewas of Walpole Island,Ontario,1.0,linked,band_c01807=Chippewas of Walpole Island (Ontario) 1.00; band_c01867=Chippewas of Snake Island (Ontario) 0.76; band_c01841=Pottawattamies of Walpole Island (Ontario) 0.70,
"Chippewas of Walpole Island, Ont. (No. 9)",1895-1897,6,149,band,Chippewas of Walpole Island,9,,ontario,band_c01807,Chippewas of Walpole Island,Ontario,1.0,linked,band_c01807=Chippewas of Walpole Island (Ontario) 1.00; band_c01867=Chippewas of Snake Island (Ontario) 0.76; band_c01841=Pottawattamies of Walpole Island (Ontario) 0.70,
Chippewas of the Thames (No. 8),1893-1893,1,4,band,Chippewas of the Thames,8,,,band_c01837,Chippewas of the Thames,Ontario,1.0,linked,band_c01837=Chippewas of the Thames (Ontario) 1.00; band_c01818=Chippewas of Rama (Ontario) 0.76; band_c01808=Chippewas of Nawash (Ontario) 0.67,
"Chippewas of the Thames, Ont. (No. 8)",1895-1897,5,146,band,Chippewas of the Thames,8,,ontario,band_c01837,Chippewas of the Thames,Ontario,1.0,linked,band_c01837=Chippewas of the Thames (Ontario) 1.00; band_c01818=Chippewas of Rama (Ontario) 0.76; band_c01808=Chippewas of Nawash (Ontario) 0.67,
"Chippewas of the Thames, Ont. (No. 8.)",1896-1896,3,83,band,Chippewas of the Thames,8,,ontario,band_c01837,Chippewas of the Thames,Ontario,1.0,linked,band_c01837=Chippewas of the Thames (Ontario) 1.00; band_c01818=Chippewas of Rama (Ontario) 0.76; band_c01808=Chippewas of Nawash (Ontario) 0.67,
"Chippewayan Band, Onion Lake (No. 180)*",1895-1895,2,4,band,"Chippewayan Band, Onion Lake",180,,,,,,0.615,unlinked,"band_c02547=Chipewyan, Cold Lake (Alberta) 0.62; band_c02527=Kinoosayo (Chipewyan) (North-West Territories) 0.57; band_c01862=Ojibbewas of Lake Superior, at - (Ontario) 0.57",
"Chippewayan Band, Onion Lake (No. 180).",1894-1894,2,4,band,"Chippewayan Band, Onion Lake",180,,,,,,0.615,unlinked,"band_c02547=Chipewyan, Cold Lake (Alberta) 0.62; band_c02527=Kinoosayo (Chipewyan) (North-West Territories) 0.57; band_c01862=Ojibbewas of Lake Superior, at - (Ontario) 0.57",
"Chippewayan Band, Onion Lake, N.W.T. (No. 180).",1897-1897,1,3,band,"Chippewayan Band, Onion Lake",180,,north-west territories,,,,0.615,unlinked,"band_c02547=Chipewyan, Cold Lake (Alberta) 0.62; band_c02527=Kinoosayo (Chipewyan) (North-West Territories) 0.57; band_c02629=Fort Chippewayan (North-West Territories) 0.56",
"Chippewayan Band, Onion Lake, N.W.T. (No. 180.)",1896-1896,2,4,band,"Chippewayan Band, Onion Lake",180,,north-west territories,,,,0.615,unlinked,"band_c02547=Chipewyan, Cold Lake (Alberta) 0.62; band_c02527=Kinoosayo (Chipewyan) (North-West Territories) 0.57; band_c02629=Fort Chippewayan (North-West Territories) 0.56",
"Chuk-Chu-kualk Band, B.C. (No. 177)",1895-1895,2,4,band,Chuk-Chu-kualk Band,177,,british columbia,band_c00376,Chukchukualk,British Columbia,1.0,linked,band_c00376=Chukchukualk (British Columbia) 1.00; band_c00084=Chukchuqualk (British Columbia) 0.82; band_c00022=Chukchuqualk (North Thompson) (B.C) 0.82,
"Chuk-cha-kualk Band, B.C. (No. 177).",1894-1894,1,5,band,Chuk-cha-kualk Band,177,,british columbia,band_c00376,Chukchukualk,British Columbia,0.818,linked_by_number,band_c00376=Chukchukualk (British Columbia) 0.82; band_c00084=Chukchuqualk (British Columbia) 0.73; band_c00022=Chukchuqualk (North Thompson) (B.C) 0.73,"propagated from 'Chuk-Chu-kualk Band, B.C. (No. 177)' via No. 177"
"Chuk-chu-kualk Band, B.C. (No. 177).",1897-1897,1,3,band,Chuk-chu-kualk Band,177,,british columbia,band_c00376,Chukchukualk,British Columbia,1.0,linked,band_c00376=Chukchukualk (British Columbia) 1.00; band_c00084=Chukchuqualk (British Columbia) 0.82; band_c00022=Chukchuqualk (North Thompson) (B.C) 0.82,
"Chuk-chu-kualk Band, B.C. (No. 177.)",1896-1896,2,5,band,Chuk-chu-kualk Band,177,,british columbia,band_c00376,Chukchukualk,British Columbia,1.0,linked,band_c00376=Chukchukualk (British Columbia) 1.00; band_c00084=Chukchuqualk (British Columbia) 0.82; band_c00022=Chukchuqualk (North Thompson) (B.C) 0.82,
"Cockburn Island Band, Ont. (No. 244).",1897-1897,2,12,band,Cockburn Island Band,244,,ontario,band_c01998,Cockburn Island,Ontario,1.0,linked,band_c01998=Cockburn Island (Ontario) 1.00; band_c02000=Cowichan Island (Ontario) 0.57; band_c02168=Big Island (Ontario) 0.52,
Contigent Expenses of the various Superintendencies and Agencies.,1882-1882,1,23,band,Contigent Expenses of the various Superintendencies and Agencies,,,,,,,0.454,unlinked,"band_c01825=Six Nations on Grand River (Ontario) 0.45; band_c01279=Kings County (New Brunswick) 0.44; band_c02912=Micmacs - John O. Arsenault, Superintendent (Prince Edward Island) 0.43",
"Contingent Expenses, & c., - Continued.",1882-1882,1,9,band,"Contingent Expenses, & c",,,,,,,0.541,unlinked,"band_c01677=AGENCIES - Continued. (Nova Scotia) 0.54; band_c01332=General expenses under 57 Vic., c.2 (None) 0.46; band_c01342=Travelling expenses under 57 Vic., c.2 (None) 0.42",
"Contingent Expenses, &c - Concluded.",1884-1884,1,34,band,"Contingent Expenses, &c",,,,,,,0.541,unlinked,"band_c01677=AGENCIES - Continued. (Nova Scotia) 0.54; band_c01332=General expenses under 57 Vic., c.2 (None) 0.46; band_c01342=Travelling expenses under 57 Vic., c.2 (None) 0.42",
"Cook's Ferry Band, B.C. (No. 152).",1894-1894,2,4,band,Cook's Ferry Band,152,,british columbia,band_c00099,Cook's Ferry,British Columbia,1.0,linked,band_c00099=Cook's Ferry (British Columbia) 1.00; band_c02174=Cook's Ferry (Ontario) 1.00; band_c01687=Cook's Cove (Free Hold) (Nova Scotia) 0.57,
"Cook's Ferry Indians, B.C. (No. 152)",1893-1893,1,3,band,Cook's Ferry Indians,152,,british columbia,band_c00099,Cook's Ferry,British Columbia,1.0,linked,band_c00099=Cook's Ferry (British Columbia) 1.00; band_c02174=Cook's Ferry (Ontario) 1.00; band_c00240=Discovery Island (British Columbia) 0.50,
"Cook's Ferry, B.C. (No. 152)",1896-1896,2,4,band,Cook's Ferry,152,,british columbia,band_c00099,Cook's Ferry,British Columbia,1.0,linked,band_c00099=Cook's Ferry (British Columbia) 1.00; band_c02174=Cook's Ferry (Ontario) 1.00; band_c01687=Cook's Cove (Free Hold) (Nova Scotia) 0.57,
"Cook's Ferry, B.C. (No. 152).",1897-1897,1,3,band,Cook's Ferry,152,,british columbia,band_c00099,Cook's Ferry,British Columbia,1.0,linked,band_c00099=Cook's Ferry (British Columbia) 1.00; band_c02174=Cook's Ferry (Ontario) 1.00; band_c01687=Cook's Cove (Free Hold) (Nova Scotia) 0.57,
"Cook's Ferry, B.C., (No 152)",1895-1895,2,4,band,Cook's Ferry,152,,british columbia,band_c00099,Cook's Ferry,British Columbia,1.0,linked,band_c00099=Cook's Ferry (British Columbia) 1.00; band_c02174=Cook's Ferry (Ontario) 1.00; band_c01687=Cook's Cove (Free Hold) (Nova Scotia) 0.57,
"Coté's Band, No. 64, Treaty No. 4 (No. 142)",1893-1893,1,3,band,"Coté's Band, No. 64, Treaty No. 4",142,,,band_c02884,Coté,North-West Territories,1.0,linked,"band_c02884=Coté (North-West Territories) 1.00; band_c01548=Côté (None) 1.00; band_c02398=Wahspaton (Sioux, non-treaty) (Saskatchewan) 0.63",
Coucheeching Band (No. 130),1893-1893,1,4,band,Coucheeching Band,130,,,band_c01157,Coutcheeching,Manitoba,0.87,linked,band_c01157=Coutcheeching (Manitoba) 0.87; band_c02055=Coutcheeching (Ontario) 0.87; band_c02133=Couchiching (Ontario) 0.76,
Coutcheeching Band (No. 130).,1894-1894,1,3,band,Coutcheeching Band,130,,,band_c01157,Coutcheeching,Manitoba,1.0,linked,band_c01157=Coutcheeching (Manitoba) 1.00; band_c02055=Coutcheeching (Ontario) 1.00; band_c02133=Couchiching (Ontario) 0.64,
"Coutcheeching Band, Man. (No. 130)",1895-1896,4,13,band,Coutcheeching Band,130,,manitoba,band_c01157,Coutcheeching,Manitoba,1.0,linked,band_c01157=Coutcheeching (Manitoba) 1.00; band_c02055=Coutcheeching (Ontario) 1.00; band_c01175=Couchiching (Manitoba) 0.64,
"Coutcheeching Band, Man. (No. 130).",1897-1897,1,3,band,Coutcheeching Band,130,,manitoba,band_c01157,Coutcheeching,Manitoba,1.0,linked,band_c01157=Coutcheeching (Manitoba) 1.00; band_c02055=Coutcheeching (Ontario) 1.00; band_c01175=Couchiching (Manitoba) 0.64,
Cowessess Band (No. 184).,1894-1895,4,9,band,Cowessess Band,184,,,band_c02823,Cowessess,North-West Territories,1.0,linked,band_c02823=Cowessess (North-West Territories) 1.00; band_c03160=Cowessess (Saskatchewan Inspectorates) 1.00; band_c01460=Cow-e-sees (None) 0.80,
"Cowessess Band, N.W.T. (No. 184).",1897-1897,1,4,band,Cowessess Band,184,,north-west territories,band_c02823,Cowessess,North-West Territories,1.0,linked,band_c02823=Cowessess (North-West Territories) 1.00; band_c03160=Cowessess (Saskatchewan Inspectorates) 1.00; band_c01460=Cow-e-sees (None) 0.80,
"Cowessess Band, N.W.T. (No. 184.)",1896-1896,2,6,band,Cowessess Band,184,,north-west territories,band_c02823,Cowessess,North-West Territories,1.0,linked,band_c02823=Cowessess (North-West Territories) 1.00; band_c03160=Cowessess (Saskatchewan Inspectorates) 1.00; band_c01460=Cow-e-sees (None) 0.80,
"Cowichan Indians, B.C. (No. 52)",1895-1897,8,25,band,Cowichan Indians,52,,british columbia,band_c00288,Cowichan Nation:-,British Columbia,1.0,linked,band_c00288=Cowichan Nation:- (British Columbia) 1.00; band_c00168=Cowichan Agency (British Columbia) 1.00; band_c02931=Cowichan (Province Of) 1.00,
"Cowichan Indians, B.C. (No. 52).",1894-1894,3,9,band,Cowichan Indians,52,,british columbia,band_c00288,Cowichan Nation:-,British Columbia,1.0,linked,band_c00288=Cowichan Nation:- (British Columbia) 1.00; band_c00168=Cowichan Agency (British Columbia) 1.00; band_c02931=Cowichan (Province Of) 1.00,
Cowichan Indians. B.C. (No. 52).,1893-1893,1,4,band,Cowichan Indians,52,,british columbia,band_c00288,Cowichan Nation:-,British Columbia,1.0,linked,band_c00288=Cowichan Nation:- (British Columbia) 1.00; band_c00168=Cowichan Agency (British Columbia) 1.00; band_c02931=Cowichan (Province Of) 1.00,
"Cross Lake Band, Manitoba (No. 65)",1897-1897,1,2,band,Cross Lake Band,65,,manitoba,band_c01187,Cross Lake,Manitoba,1.0,linked,band_c01187=Cross Lake (Manitoba) 1.00; band_c02785=Cross Lake (North-West Territories) 1.00; band_c02175=Cross Lake (Ontario) 1.00,
Côté's Band (No. 142),1895-1895,2,7,band,Côté's Band,142,,,band_c02884,Coté,North-West Territories,1.0,linked,band_c02884=Coté (North-West Territories) 1.00; band_c01548=Côté (None) 1.00; band_c01495=R.W. Scott (None) 0.46,
"Côté's Band, (No. 142).",1894-1894,2,5,band,Côté's Band,142,,,band_c02884,Coté,North-West Territories,1.0,linked,band_c02884=Coté (North-West Territories) 1.00; band_c01548=Côté (None) 1.00; band_c01495=R.W. Scott (None) 0.46,
"Côté's Band, N.W.T. (No. 142)",1896-1896,2,6,band,Côté's Band,142,,north-west territories,band_c02884,Coté,North-West Territories,1.0,linked,band_c02884=Coté (North-West Territories) 1.00; band_c01548=Côté (None) 1.00; band_c01495=R.W. Scott (None) 0.46,
"Côté's Band, N.W.T. (No. 142).",1897-1897,1,3,band,Côté's Band,142,,north-west territories,band_c02884,Coté,North-West Territories,1.0,linked,band_c02884=Coté (North-West Territories) 1.00; band_c01548=Côté (None) 1.00; band_c01495=R.W. Scott (None) 0.46,
Disbursements.,1882-1882,1,5,band,Disbursements,,,,,,,0.435,unlinked,band_c01737=Clementsport (Nova Scotia) 0.43; band_c02270=Osemenas (Ontario) 0.42,
Dokis Band (No. 182),1895-1895,2,4,band,Dokis Band,182,,,band_c02348,Dokis,Ontario,1.0,linked,band_c02348=Dokis (Ontario) 1.00,
Dokis Band (No. 182).,1894-1894,2,4,band,Dokis Band,182,,,band_c02348,Dokis,Ontario,1.0,linked,band_c02348=Dokis (Ontario) 1.00,
"Dokis Band, Ont. (No. 182)",1897-1897,1,3,band,Dokis Band,182,,ontario,band_c02348,Dokis,Ontario,1.0,linked,band_c02348=Dokis (Ontario) 1.00,
"Dokis Band, Ont. (No. 182.)",1896-1896,2,4,band,Dokis Band,182,,ontario,band_c02348,Dokis,Ontario,1.0,linked,band_c02348=Dokis (Ontario) 1.00,
E. Harris: -,1885-1885,1,1,band,E. Harris: -,,,,,,,0.632,unlinked,band_c00998=Fort Harrison (Eskimos) 0.63; band_c00315=Harrison Mouth (British Columbia) 0.48; band_c00146=Carriers (British Columbia) 0.43,
Eagle Lake Indians (No. 90).,1893-1893,1,3,band,Eagle Lake Indians,90,,,band_c02178,Eagle Lake,Ontario,1.0,linked,band_c02178=Eagle Lake (Ontario) 1.00; band_c01189=Eagle Lake (Manitoba) 1.00; band_c02389=Pelican Lake Indians (Saskatchewan) 0.67,duplicate census identities: band_c01189
"Eagle Lake Indians, Man. (No. 90)",1896-1896,3,9,band,Eagle Lake Indians,90,,manitoba,band_c02178,Eagle Lake,Ontario,1.0,linked,band_c01189=Eagle Lake (Manitoba) 1.00; band_c02178=Eagle Lake (Ontario) 1.00; band_c01082=Swan Lake and Indian Gardens at Hamilton's Crossing (Manitoba) 0.60,settled on best-attested duplicate via No. 90; duplicate census identities: band_c01189
"Eagle Lake Indians, Man. (No. 90).",1897-1897,2,6,band,Eagle Lake Indians,90,,manitoba,band_c02178,Eagle Lake,Ontario,1.0,linked,band_c01189=Eagle Lake (Manitoba) 1.00; band_c02178=Eagle Lake (Ontario) 1.00; band_c01082=Swan Lake and Indian Gardens at Hamilton's Crossing (Manitoba) 0.60,settled on best-attested duplicate via No. 90; duplicate census identities: band_c01189
Ebb and Flow Lake Indians (No. 91).,1893-1894,3,7,band,Ebb and Flow Lake Indians,91,,,band_c01122,Ebb and Flow Lake,Manitoba,1.0,linked,band_c01122=Ebb and Flow Lake (Manitoba) 1.00; band_c01082=Swan Lake and Indian Gardens at Hamilton's Crossing (Manitoba) 0.63; band_c02389=Pelican Lake Indians (Saskatchewan) 0.60,
"Ebb and Flow Lake Indians, Man. (No. 91)",1897-1897,2,6,band,Ebb and Flow Lake Indians,91,,manitoba,band_c01122,Ebb and Flow Lake,Manitoba,1.0,linked,band_c01122=Ebb and Flow Lake (Manitoba) 1.00; band_c01082=Swan Lake and Indian Gardens at Hamilton's Crossing (Manitoba) 0.63; band_c01177=Island Lake (Manitoba) 0.54,
"Ebb and Flow Lake Indians, Man. (No. 91.)",1896-1896,3,8,band,Ebb and Flow Lake Indians,91,,manitoba,band_c01122,Ebb and Flow Lake,Manitoba,1.0,linked,band_c01122=Ebb and Flow Lake (Manitoba) 1.00; band_c01082=Swan Lake and Indian Gardens at Hamilton's Crossing (Manitoba) 0.63; band_c01177=Island Lake (Manitoba) 0.54,
Edmundston Reserve (No. 175).,1894-1894,1,4,band,Edmundston Reserve,175,,,band_c01325,Edmundston,New Brunswick,1.0,linked,band_c01325=Edmundston (New Brunswick) 1.00; band_c01327=Edmonton (New Brunswick) 0.59; band_c02607=Edmonton (North-West Territories) 0.50,
"Edmundston Reserve, N.B. (No. 175)",1895-1897,3,7,band,Edmundston Reserve,175,,new brunswick,band_c01325,Edmundston,New Brunswick,1.0,linked,band_c01325=Edmundston (New Brunswick) 1.00; band_c01327=Edmonton (New Brunswick) 0.59; band_c02607=Edmonton (North-West Territories) 0.50,
"Edmundston Reserve, N.B. (No. 175.)",1896-1896,2,4,band,Edmundston Reserve,175,,new brunswick,band_c01325,Edmundston,New Brunswick,1.0,linked,band_c01325=Edmundston (New Brunswick) 1.00; band_c01327=Edmonton (New Brunswick) 0.59; band_c02607=Edmonton (North-West Territories) 0.50,
Enoch's Band (No. 120),1897-1897,2,13,band,Enoch's Band,120,,,band_c02670,Enoch,Alberta,1.0,review_number_conflict,band_c02670=Enoch (Alberta) 1.00; band_c01545=Enoch (None) 1.00; band_c00449=Kioch's Tribe (British Columbia) 0.67,No. 120 links to different band names: Enoch; Paspaschase
Enoch's Band (No. 120*.),1896-1896,3,19,band,Enoch's Band,120,,,band_c02670,Enoch,Alberta,1.0,review_number_conflict,band_c02670=Enoch (Alberta) 1.00; band_c01545=Enoch (None) 1.00; band_c00449=Kioch's Tribe (British Columbia) 0.67,No. 120 links to different band names: Enoch; Paspaschase
Enoch's Band (No. 169).,1893-1893,1,3,band,Enoch's Band,169,,,band_c02670,Enoch,Alberta,1.0,linked,band_c02670=Enoch (Alberta) 1.00; band_c01545=Enoch (None) 1.00; band_c00449=Kioch's Tribe (British Columbia) 0.67,
Enoch's Reserve (No. 169),1895-1895,1,4,band,Enoch's Reserve,169,,,band_c02670,Enoch,Alberta,1.0,linked,band_c02670=Enoch (Alberta) 1.00; band_c01545=Enoch (None) 1.00; band_c00449=Kioch's Tribe (British Columbia) 0.67,
Enoch's Reserve (No. 169).,1894-1894,2,4,band,Enoch's Reserve,169,,,band_c02670,Enoch,Alberta,1.0,linked,band_c02670=Enoch (Alberta) 1.00; band_c01545=Enoch (None) 1.00; band_c00449=Kioch's Tribe (British Columbia) 0.67,
Ermine Skins Reserve (No. 167),1894-1894,2,16,band,Ermine Skins Reserve,167,,,band_c02748,Ermineskin,Alberta,0.952,linked,band_c02748=Ermineskin (Alberta) 0.95; band_c01462=Ermineskin (None) 0.80; band_c02484=Fort Good Hope (North-West Territories) 0.60,
Ermineskin's Band (No. 167).,1893-1893,1,3,band,Ermineskin's Band,167,,,band_c02748,Ermineskin,Alberta,1.0,linked,band_c02748=Ermineskin (Alberta) 1.00; band_c01462=Ermineskin (None) 1.00; band_c01739=Joggin Mines (Nova Scotia) 0.55,
Ermineskin's Reserve (No. 167)*,1895-1895,2,20,band,Ermineskin's Reserve,167,,,band_c02748,Ermineskin,Alberta,1.0,linked,band_c02748=Ermineskin (Alberta) 1.00; band_c01462=Ermineskin (None) 1.00; band_c01739=Joggin Mines (Nova Scotia) 0.55,
"Ermineskin's Reserve, N.W.T. (No. 167).",1897-1897,1,5,band,Ermineskin's Reserve,167,,north-west territories,band_c02748,Ermineskin,Alberta,1.0,linked,band_c02748=Ermineskin (Alberta) 1.00; band_c01462=Ermineskin (None) 1.00; band_c01739=Joggin Mines (Nova Scotia) 0.55,
"Ermineskin's Reserve, N.W.T. (No.167.)",1896-1896,2,7,band,Ermineskin's Reserve,167,,north-west territories,band_c02748,Ermineskin,Alberta,1.0,linked,band_c02748=Ermineskin (Alberta) 1.00; band_c01462=Ermineskin (None) 1.00; band_c01739=Joggin Mines (Nova Scotia) 0.55,
"Estate Sugar Jacques (Skwamish Band, B.C.) No. 229.",1896-1896,2,4,band,Estate Sugar Jacques (Skwamish Band ) No. 229,,,british columbia,band_c00180,"Skwamish, Howe Sound",British Columbia,1.0,linked,"band_c00180=Skwamish, Howe Sound (British Columbia) 1.00; band_c00568=Skwaw-mish (British Columbia) 0.80; band_c00183=Squamish, Howe Sound (British Columbia) 0.57",
"Estate Sugar Jacques, Skwamish Band, B.C. (No. 229).",1897-1897,1,4,band,"Estate Sugar Jacques, Skwamish Band",229,,british columbia,,,,0.0,unlinked,,
Estate of William Day (No. 206)*,1895-1895,2,11,person,Estate of William Day,206,,,,,,0.0,person,,
Estate of William Day (No. 206.),1896-1896,2,5,person,Estate of William Day,206,,,,,,0.0,person,,
"Estate of William Day, (No. 206).",1897-1897,1,4,person,Estate of William Day,206,,,,,,0.0,person,,
"FORT ALEXANDER BAND, MAN.",1884-1884,1,3,band,FORT ALEXANDER BAND,,,manitoba,band_c01147,Fort Alexander,Manitoba,1.0,linked,band_c01147=Fort Alexander (Manitoba) 1.00; band_c01482=Alexander (None) 0.76; band_c02818=Alexander (Alberta) 0.76,
"FORT ALEXANDER BAND, MANITOBA",1887-1887,1,3,band,FORT ALEXANDER BAND,,,manitoba,band_c01147,Fort Alexander,Manitoba,1.0,linked,band_c01147=Fort Alexander (Manitoba) 1.00; band_c01482=Alexander (None) 0.76; band_c02818=Alexander (Alberta) 0.76,
FORT WILLIAM BAND,1883-1887,7,67,band,FORT WILLIAM BAND,,,,band_c02097,Fort William,Ontario,1.0,linked,band_c02097=Fort William (Ontario) 1.00; band_c01433=P.J. Williams (None) 0.64; band_c02609=Fort Liard (North-West Territories) 0.60,
FORT WILLIAM INDIANS,1888-1889,4,35,band,FORT WILLIAM INDIANS,,,,band_c02097,Fort William,Ontario,1.0,linked,band_c02097=Fort William (Ontario) 1.00; band_c01433=P.J. Williams (None) 0.64; band_c02609=Fort Liard (North-West Territories) 0.60,
FRENCH RIVER INDIANS,1883-1889,12,62,band,FRENCH RIVER INDIANS,,,,band_c02045,French River,Ontario,1.0,linked,band_c02045=French River (Ontario) 1.00; band_c01119=Birch River (Crees) (Manitoba) 0.67; band_c02603=Birch River (Crees) (North-West Territories) 0.67,
Fisher River Indians Reserve No. 44 in Treaty No. 2 (No. 209)(t),1895-1895,2,4,band,Fisher River Indians Reserve No. 44 in Treaty No. 2,209,,,band_c01162,Fisher River,Manitoba,1.0,linked,band_c01162=Fisher River (Manitoba) 1.00; band_c01146=Fisher River (2 (Manitoba) 0.92; band_c02747=Boyer River (Alberta) 0.67,
"Fisher River Indians, Reserve No. 44, Treaty No. 2 (No. 209).",1897-1897,1,4,band,"Fisher River Indians, Reserve No. 44, Treaty No. 2",209,,,band_c01162,Fisher River,Manitoba,1.0,linked,band_c01162=Fisher River (Manitoba) 1.00; band_c01146=Fisher River (2 (Manitoba) 0.92; band_c02747=Boyer River (Alberta) 0.67,
"Fisher River Indians, Reserve No. 44, Treaty No. 2 (No. 209.)",1896-1896,2,4,band,"Fisher River Indians, Reserve No. 44, Treaty No. 2",209,,,band_c01162,Fisher River,Manitoba,1.0,linked,band_c01162=Fisher River (Manitoba) 1.00; band_c01146=Fisher River (2 (Manitoba) 0.92; band_c02747=Boyer River (Alberta) 0.67,
For protection of timber: -,1885-1885,1,7,band,For protection of timber: -,,,,,,,0.0,unlinked,,
Fort Alexander Band (No. 63).,1893-1894,3,11,band,Fort Alexander Band,63,,,band_c01147,Fort Alexander,Manitoba,1.0,linked,band_c01147=Fort Alexander (Manitoba) 1.00; band_c02818=Alexander (Alberta) 0.76; band_c01482=Alexander (None) 0.76,
"Fort Alexander Band, Man. (No. 63)",1895-1897,5,16,band,Fort Alexander Band,63,,manitoba,band_c01147,Fort Alexander,Manitoba,1.0,linked,band_c01147=Fort Alexander (Manitoba) 1.00; band_c01482=Alexander (None) 0.76; band_c02818=Alexander (Alberta) 0.76,
"Fort Alexander Band, Man. (No. 63.)",1896-1896,3,7,band,Fort Alexander Band,63,,manitoba,band_c01147,Fort Alexander,Manitoba,1.0,linked,band_c01147=Fort Alexander (Manitoba) 1.00; band_c01482=Alexander (None) 0.76; band_c02818=Alexander (Alberta) 0.76,
Fort William Band (No. 10),1893-1893,1,4,band,Fort William Band,10,,,band_c02097,Fort William,Ontario,1.0,linked,band_c02097=Fort William (Ontario) 1.00; band_c01433=P.J. Williams (None) 0.64; band_c02609=Fort Liard (North-West Territories) 0.60,
"Fort William Band, Ont. (No. 10)",1895-1897,8,76,band,Fort William Band,10,,ontario,band_c02097,Fort William,Ontario,1.0,linked,band_c02097=Fort William (Ontario) 1.00; band_c01433=P.J. Williams (None) 0.64; band_c02086=William Stamp (Ontario) 0.52,
French River Indians (No. 11),1893-1893,1,4,band,French River Indians,11,,,band_c02045,French River,Ontario,1.0,linked,band_c02045=French River (Ontario) 1.00; band_c01119=Birch River (Crees) (Manitoba) 0.67; band_c02603=Birch River (Crees) (North-West Territories) 0.67,
"French River Indians, Ont. (No. 11)",1895-1897,8,31,band,French River Indians,11,,ontario,band_c02045,French River,Ontario,1.0,linked,band_c02045=French River (Ontario) 1.00; band_c02056=English River (Ontario) 0.61; band_c02098=Garden River (Ontario) 0.55,
Fuel for Schools.,1887-1887,1,12,department,Fuel for Schools,,,,,,,0.0,department,,
GARDEN RIVER INDIANS,1883-1889,9,99,band,GARDEN RIVER INDIANS,,,,band_c02098,Garden River,Ontario,1.0,linked,band_c02098=Garden River (Ontario) 1.00; band_c01740=Jordan River (Nova Scotia) 0.64; band_c01082=Swan Lake and Indian Gardens at Hamilton's Crossing (Manitoba) 0.62,
GARDEN RIVER INDIANS in Account with the Department of Indian Affairs,1888-1888,2,22,band,GARDEN RIVER INDIANS,,,,band_c02098,Garden River,Ontario,1.0,linked,band_c02098=Garden River (Ontario) 1.00; band_c01740=Jordan River (Nova Scotia) 0.64; band_c01082=Swan Lake and Indian Gardens at Hamilton's Crossing (Manitoba) 0.62,
GOLDEN LAKE INDIANS,1882-1889,12,36,band,GOLDEN LAKE INDIANS,,,,band_c01866,"Algonquins, Golden Lake",Ontario,1.0,linked,"band_c01866=Algonquins, Golden Lake (Ontario) 1.00; band_c01082=Swan Lake and Indian Gardens at Hamilton's Crossing (Manitoba) 0.73; band_c02389=Pelican Lake Indians (Saskatchewan) 0.70",
GRANTS.,1884-1884,1,7,department,GRANTS,,,,,,,0.0,department,,
Gabriel Tenesco (No. 224),1897-1897,1,4,band,Gabriel Tenesco,224,,,,,,0.0,unlinked,,
Garden River Indians (No. 12),1893-1893,1,4,band,Garden River Indians,12,,,band_c02098,Garden River,Ontario,1.0,linked,band_c02098=Garden River (Ontario) 1.00; band_c01740=Jordan River (Nova Scotia) 0.64; band_c01082=Swan Lake and Indian Gardens at Hamilton's Crossing (Manitoba) 0.62,
"Garden River Indians, Ont. (No. 12)",1895-1897,7,111,band,Garden River Indians,12,,ontario,band_c02098,Garden River,Ontario,1.0,linked,band_c02098=Garden River (Ontario) 1.00; band_c02018=Thessalon River (Ontario) 0.57; band_c02045=French River (Ontario) 0.55,
Gibson Indians (No. 123),1893-1894,3,14,band,Gibson Indians,123,,,band_c01821,Watha (Gibson),Ontario,1.0,linked_by_number,band_c01821=Watha (Gibson) (Ontario) 1.00; band_c03114=Gibson (Quebec) 1.00; band_c01809=Algonquins (Ontario) 1.00,"propagated from 'Gibson Indians, Ont. (No. 123)' via No. 123"
"Gibson Indians, Ont. (No. 123)",1895-1897,5,35,band,Gibson Indians,123,,ontario,band_c01821,Watha (Gibson),Ontario,1.0,linked,band_c01821=Watha (Gibson) (Ontario) 1.00; band_c01809=Algonquins (Ontario) 1.00; band_c03114=Gibson (Quebec) 1.00,
"Gibson Indians, Ont. (No. 123.)",1896-1896,3,25,band,Gibson Indians,123,,ontario,band_c01821,Watha (Gibson),Ontario,1.0,linked,band_c01821=Watha (Gibson) (Ontario) 1.00; band_c01809=Algonquins (Ontario) 1.00; band_c03114=Gibson (Quebec) 1.00,
Golden Lake Indians (No. 43),1893-1893,1,5,band,Golden Lake Indians,43,,,band_c01866,"Algonquins, Golden Lake",Ontario,1.0,linked,"band_c01866=Algonquins, Golden Lake (Ontario) 1.00; band_c01082=Swan Lake and Indian Gardens at Hamilton's Crossing (Manitoba) 0.73; band_c02389=Pelican Lake Indians (Saskatchewan) 0.70",
Golden Lake Indians (No. 43).,1894-1894,3,9,band,Golden Lake Indians,43,,,band_c01866,"Algonquins, Golden Lake",Ontario,1.0,linked,"band_c01866=Algonquins, Golden Lake (Ontario) 1.00; band_c01082=Swan Lake and Indian Gardens at Hamilton's Crossing (Manitoba) 0.73; band_c02389=Pelican Lake Indians (Saskatchewan) 0.70",
"Golden Lake Indians, Ont. (No. 43)",1895-1897,5,23,band,Golden Lake Indians,43,,ontario,band_c01866,"Algonquins, Golden Lake",Ontario,1.0,linked,"band_c01866=Algonquins, Golden Lake (Ontario) 1.00; band_c01946=Golden Lake Agency (Ontario) 0.74; band_c01082=Swan Lake and Indian Gardens at Hamilton's Crossing (Manitoba) 0.73",
"Golden Lake Indians, Ont. (No. 43.)",1896-1896,3,8,band,Golden Lake Indians,43,,ontario,band_c01866,"Algonquins, Golden Lake",Ontario,1.0,linked,"band_c01866=Algonquins, Golden Lake (Ontario) 1.00; band_c01946=Golden Lake Agency (Ontario) 0.74; band_c01082=Swan Lake and Indian Gardens at Hamilton's Crossing (Manitoba) 0.73",
Grants for Seed Grain.,1887-1887,1,4,department,Grants for Seed Grain,,,,,,,0.0,department,,
Grants.,1882-1887,3,47,department,Grants,,,,,,,0.0,department,,
"HARRISON RIVER BAND, B.C.",1886-1888,4,9,band,HARRISON RIVER BAND,,,british columbia,band_c00077,Nomads Nelson River,British Columbia,0.667,review_below_gate,band_c00077=Nomads Nelson River (British Columbia) 0.67; band_c00315=Harrison Mouth (British Columbia) 0.62; band_c01708=Barrington River (Nova Scotia) 0.71,
"HARRISON'S BAND, B.C., in Account Current with the Department of Indian Affairs.",1884-1884,2,4,band,HARRISON'S BAND,,,british columbia,band_c00315,Harrison Mouth,British Columbia,0.727,review_below_gate,band_c00315=Harrison Mouth (British Columbia) 0.73; band_c00998=Fort Harrison (Eskimos) 0.67; band_c02871=Samson (Alberta) 0.50,
"HARRISON'S BAND, B.C., in Account with the Department of Indian Affairs",1889-1889,1,3,band,HARRISON'S BAND,,,british columbia,band_c00315,Harrison Mouth,British Columbia,0.727,review_below_gate,band_c00315=Harrison Mouth (British Columbia) 0.73; band_c00998=Fort Harrison (Eskimos) 0.67; band_c02871=Samson (Alberta) 0.50,
"HARRISSIN'S BAND, BRITISH COLUMBIA",1885-1885,1,2,band,"HARRISSIN'S BAND, BRITISH COLUMBIA",,,,band_c00074,British Columbia,British Columbia,0.68,review_below_gate,band_c00074=British Columbia (British Columbia) 0.68; band_c01023=British Columbia (Grand Recapitulation) 0.68; band_c02624=British Columbia (North-West Territories) 0.68,
HENVEY'S INLET INDIANS,1883-1889,9,57,band,HENVEY'S INLET INDIANS,,,,band_c01855,Henvey Inlet,Ontario,1.0,linked,band_c01855=Henvey Inlet (Ontario) 1.00; band_c00157=Rivers Inlet (Owekano) (British Columbia) 0.58; band_c00949=Rivers Inlet (Owekano) (British Columbia Inspectorates) 0.58,
HENVEY'S INLET INDIANS in Account Current with the Department of Indian Affairs.,1884-1884,2,10,band,HENVEY'S INLET INDIANS,,,,band_c01855,Henvey Inlet,Ontario,1.0,linked,band_c01855=Henvey Inlet (Ontario) 1.00; band_c00157=Rivers Inlet (Owekano) (British Columbia) 0.58; band_c00949=Rivers Inlet (Owekano) (British Columbia Inspectorates) 0.58,
HENVEY'S INLET INDIANS in Account with the Department of Indian Affairs,1888-1888,2,13,band,HENVEY'S INLET INDIANS,,,,band_c01855,Henvey Inlet,Ontario,1.0,linked,band_c01855=Henvey Inlet (Ontario) 1.00; band_c00157=Rivers Inlet (Owekano) (British Columbia) 0.58; band_c00949=Rivers Inlet (Owekano) (British Columbia Inspectorates) 0.58,
"HOPE INDIANS, BRITISH COLUMBIA",1889-1889,2,7,band,"HOPE INDIANS, BRITISH COLUMBIA",,,,band_c00074,British Columbia,British Columbia,0.857,linked,band_c00074=British Columbia (British Columbia) 0.86; band_c01023=British Columbia (Grand Recapitulation) 0.86; band_c02624=British Columbia (North-West Territories) 0.86,
HURONS OF LAKE LORETTE,1886-1886,2,7,band,HURONS OF LAKE LORETTE,,,,band_c03062,Hurons of Lorette,Quebec,0.865,linked,"band_c03062=Hurons of Lorette (Quebec) 0.86; band_c01847=Ojibbewas of Lake Huron, at - (Ontario) 0.60; band_c02572=Crees of Trout Lake (North-West Territories) 0.51",
HURONS OF LORETTE,1882-1889,10,37,band,HURONS OF LORETTE,,,,band_c03062,Hurons of Lorette,Quebec,1.0,linked,"band_c03062=Hurons of Lorette (Quebec) 1.00; band_c03023=Joliette (Quebec) 0.49; band_c01847=Ojibbewas of Lake Huron, at - (Ontario) 0.47",
"Halalt Band, B.C. (No. 141)",1895-1895,2,4,band,Halalt Band,141,,british columbia,band_c00801,Hal-alt,British Columbia,1.0,review_number_conflict,band_c00801=Hal-alt (British Columbia) 1.00; band_c00881=Halalt (British Columbia) 1.00; band_c00170=Halaut (British Columbia) 0.60,No. 141 links to different band names: Hal-alt; Hellelt
"Halalt Band, B.C. (No. 141).",1897-1897,1,3,band,Halalt Band,141,,british columbia,band_c00801,Hal-alt,British Columbia,1.0,review_number_conflict,band_c00801=Hal-alt (British Columbia) 1.00; band_c00881=Halalt (British Columbia) 1.00; band_c00170=Halaut (British Columbia) 0.60,No. 141 links to different band names: Hal-alt; Hellelt
"Halalt Band, B.C. (No. 141.)",1896-1896,2,4,band,Halalt Band,141,,british columbia,band_c00801,Hal-alt,British Columbia,1.0,review_number_conflict,band_c00801=Hal-alt (British Columbia) 1.00; band_c00881=Halalt (British Columbia) 1.00; band_c00170=Halaut (British Columbia) 0.60,No. 141 links to different band names: Hal-alt; Hellelt
"Harrison River Band, B.C. (No. 55)",1895-1897,8,19,band,Harrison River Band,55,,british columbia,band_c00077,Nomads Nelson River,British Columbia,0.667,review_below_gate,band_c00077=Nomads Nelson River (British Columbia) 0.67; band_c00315=Harrison Mouth (British Columbia) 0.62; band_c01708=Barrington River (Nova Scotia) 0.71,
"Harrison River Band, B.C. (No. 55).",1893-1894,4,11,band,Harrison River Band,55,,british columbia,band_c00077,Nomads Nelson River,British Columbia,0.667,review_below_gate,band_c00077=Nomads Nelson River (British Columbia) 0.67; band_c00315=Harrison Mouth (British Columbia) 0.62; band_c01708=Barrington River (Nova Scotia) 0.71,
Heirs of Chief Piknawatick (No. 99),1895-1895,3,10,person,Heirs of Chief Piknawatick,99,,,,,,0.0,person,,
Heirs of Chief Piknawatick (No. 99).,1893-1893,1,3,person,Heirs of Chief Piknawatick,99,,,,,,0.0,person,,
"Heirs of Chief Piknawatick, (No. 99)",1897-1897,2,5,person,Heirs of Chief Piknawatick,99,,,,,,0.0,person,,
Heirs of Chief Piknawatick. (No. 99.),1896-1896,3,12,person,Heirs of Chief Piknawatick,99,,,,,,0.0,person,,
Heirs of J. Williams and Ann Ketsetsaronkwa (No. 104),1895-1895,2,5,person,Heirs of J. Williams and Ann Ketsetsaronkwa,104,,,,,,0.0,person,,
Heirs of J. Williams and Ann Ketsetsaronkwa (No. 104).,1894-1894,2,4,person,Heirs of J. Williams and Ann Ketsetsaronkwa,104,,,,,,0.0,person,,
Heirs of J. Williams and Ann Ketsetsaronkwa (No. 104.),1896-1896,2,5,person,Heirs of J. Williams and Ann Ketsetsaronkwa,104,,,,,,0.0,person,,
"Heirs of J. Williams and Ann Ketsetsaronkwa, (No. 104).",1897-1897,1,3,person,Heirs of J. Williams and Ann Ketsetsaronkwa,104,,,,,,0.0,person,,
Heirs of late Chief Piknawatik (No. 99),1894-1894,3,10,person,Heirs of late Chief Piknawatik,99,,,,,,0.0,person,,
"Hellelt Band, B.C. (No. 141).",1894-1894,2,4,band,Hellelt Band,141,,british columbia,band_c00804,Hellelt,British Columbia,1.0,review_number_conflict,band_c00804=Hellelt (British Columbia) 1.00; band_c00965=Hellelt (British Columbia Inspectorates) 1.00; band_c02294=Hellelt (Ontario) 1.00,No. 141 links to different band names: Hal-alt; Hellelt
"Hellelt Indians, B.C. (No. 141)",1893-1893,2,4,band,Hellelt Indians,141,,british columbia,band_c00804,Hellelt,British Columbia,1.0,review_number_conflict,band_c00804=Hellelt (British Columbia) 1.00; band_c00965=Hellelt (British Columbia Inspectorates) 1.00; band_c02294=Hellelt (Ontario) 1.00,No. 141 links to different band names: Hal-alt; Hellelt
Henvey Inlet Indians (No. 13),1893-1893,1,4,band,Henvey Inlet Indians,13,,,band_c01855,Henvey Inlet,Ontario,1.0,linked,band_c01855=Henvey Inlet (Ontario) 1.00; band_c00157=Rivers Inlet (Owekano) (British Columbia) 0.55; band_c00949=Rivers Inlet (Owekano) (British Columbia Inspectorates) 0.55,
"Henvey Inlet Indians, Ont. (No. 13)",1895-1897,8,53,band,Henvey Inlet Indians,13,,ontario,band_c01855,Henvey Inlet,Ontario,1.0,linked,band_c01855=Henvey Inlet (Ontario) 1.00; band_c01962=Indians at Ignace (Ontario) 0.46; band_c01838=Non-treaty Indians where no agents (Ontario) 0.46,
"Hope Band, B.C. (No. 84)",1897-1897,2,5,band,Hope Band,84,,british columbia,band_c00442,Hope,British Columbia,1.0,linked,band_c00442=Hope (British Columbia) 1.00; band_c01888=Fort Hope (Ontario) 1.00; band_c00634=Kitlope (British Columbia) 0.42,
"Hope Band, B.C. (No. 84)*",1895-1895,3,8,band,Hope Band,84,,british columbia,band_c00442,Hope,British Columbia,1.0,linked,band_c00442=Hope (British Columbia) 1.00; band_c01888=Fort Hope (Ontario) 1.00; band_c00634=Kitlope (British Columbia) 0.42,
"Hope Band, B.C. (No. 84).",1896-1896,2,7,band,Hope Band,84,,british columbia,band_c00442,Hope,British Columbia,1.0,linked,band_c00442=Hope (British Columbia) 1.00; band_c01888=Fort Hope (Ontario) 1.00; band_c00634=Kitlope (British Columbia) 0.42,
Hope Indians. B.C. (No. 84).,1893-1893,1,3,band,Hope Indians,84,,british columbia,band_c00442,Hope,British Columbia,1.0,linked,"band_c00442=Hope (British Columbia) 1.00; band_c01888=Fort Hope (Ontario) 1.00; band_c00071=Nomadic Indians, about (British Columbia) 0.56",
Hungry Hall Band No. 1 (No. 131),1893-1893,1,3,band,Hungry Hall Band No. 1,131,,,band_c01983,Hungry Hall No. 1,Ontario,1.0,linked,"band_c01983=Hungry Hall No. 1 (Ontario) 1.00; band_c01128=Hungry Hall, No. 1 (Manitoba) 1.00; band_c01151=Hinn Hall, No. 1 (Manitoba) 0.44",duplicate census identities: band_c01128
"Hungry Hall Band, No. 1, Man. (No. 131).",1897-1897,1,4,band,"Hungry Hall Band, No. 1",131,,manitoba,band_c01983,Hungry Hall No. 1,Ontario,1.0,linked,"band_c01128=Hungry Hall, No. 1 (Manitoba) 1.00; band_c01983=Hungry Hall No. 1 (Ontario) 1.00; band_c01151=Hinn Hall, No. 1 (Manitoba) 0.44",settled on best-attested duplicate via No. 131; duplicate census identities: band_c01128
"Hungry Hall Band, No. 1, Man. (No. 131.)",1896-1896,2,11,band,"Hungry Hall Band, No. 1",131,,manitoba,band_c01983,Hungry Hall No. 1,Ontario,1.0,linked,"band_c01128=Hungry Hall, No. 1 (Manitoba) 1.00; band_c01983=Hungry Hall No. 1 (Ontario) 1.00; band_c01151=Hinn Hall, No. 1 (Manitoba) 0.44",settled on best-attested duplicate via No. 131; duplicate census identities: band_c01128
"Hungry Hall Band, No. 4, Man. (No. 240)",1897-1897,1,3,band,"Hungry Hall Band, No. 4",240,,manitoba,,,,0.0,unlinked,,
Hungry Hall No. 1 (No. 131).,1894-1894,1,3,band,Hungry Hall No. 1,131,,,band_c01983,Hungry Hall No. 1,Ontario,1.0,linked,"band_c01983=Hungry Hall No. 1 (Ontario) 1.00; band_c01128=Hungry Hall, No. 1 (Manitoba) 1.00; band_c01151=Hinn Hall, No. 1 (Manitoba) 0.44",duplicate census identities: band_c01128
"Hungry Hall No. 1, Man. (No. 131)",1895-1895,2,4,band,Hungry Hall No. 1,131,,manitoba,band_c01983,Hungry Hall No. 1,Ontario,1.0,linked,"band_c01128=Hungry Hall, No. 1 (Manitoba) 1.00; band_c01983=Hungry Hall No. 1 (Ontario) 1.00; band_c01151=Hinn Hall, No. 1 (Manitoba) 0.44",settled on best-attested duplicate via No. 131; duplicate census identities: band_c01128
Hurons of Lorette (No. 44),1893-1894,4,22,band,Hurons of Lorette,44,,,band_c03062,Hurons of Lorette,Quebec,1.0,linked,"band_c03062=Hurons of Lorette (Quebec) 1.00; band_c03023=Joliette (Quebec) 0.49; band_c01847=Ojibbewas of Lake Huron, at - (Ontario) 0.47",
"Hurons of Lorette, P.Q. (No. 44)",1895-1895,3,15,band,Hurons of Lorette,44,,quebec,band_c03062,Hurons of Lorette,Quebec,1.0,linked,band_c03062=Hurons of Lorette (Quebec) 1.00; band_c03023=Joliette (Quebec) 0.49; band_c03009=Algonquins of Bouchette (Quebec) 0.47,
"Hurons of Lorette, Que. (No. 44)",1896-1897,5,54,band,Hurons of Lorette,44,,quebec,band_c03062,Hurons of Lorette,Quebec,1.0,linked,band_c03062=Hurons of Lorette (Quebec) 1.00; band_c03023=Joliette (Quebec) 0.49; band_c03009=Algonquins of Bouchette (Quebec) 0.47,
INDIAN LAND MANAGEMENT FUND,1886-1888,4,172,department,INDIAN LAND MANAGEMENT FUND,,,,,,,0.0,department,,
INDIAN LAND MANAGEMENT FUND in Account Current with the Department of Indian Affairs.,1882-1882,2,57,department,INDIAN LAND MANAGEMENT FUND,,,,,,,0.0,department,,
INDIAN SCHOOL FUND,1883-1886,3,79,department,INDIAN SCHOOL FUND,,,,,,,0.0,department,,
INDIAN SCHOOL FUND in Account Current with the Department of Indian Affairs.,1882-1882,1,19,department,INDIAN SCHOOL FUND,,,,,,,0.0,department,,
INDIAN TRUST FUND,1884-1885,4,12,department,INDIAN TRUST FUND,,,,,,,0.0,department,,
INDIANS OF BRITISH COLUMBIA,1882-1883,3,10,band,INDIANS OF BRITISH COLUMBIA,,,,band_c00074,British Columbia,British Columbia,1.0,linked,band_c00074=British Columbia (British Columbia) 1.00; band_c01023=British Columbia (Grand Recapitulation) 1.00; band_c02624=British Columbia (North-West Territories) 1.00,
INDIANS OF MANITOBA AND NORTH-WEST TERRITORY,1883-1883,1,9,band,INDIANS OF AND NORTH-WEST TERRITORY,,,manitoba,band_c01364,Northwest Territories,,0.81,review_below_gate,band_c01364=Northwest Territories (None) 0.81; band_c02531=Northwest Territories (North-West Territories) 0.82; band_c01020=Northwest Territories (Grand Recapitulation) 0.81,
INDIANS OF NEW BRUNSWICK,1882-1886,5,26,band,INDIANS OF NEW BRUNSWICK,,,,band_c01323,New Brunswick,New Brunswick,1.0,linked,band_c01323=New Brunswick (New Brunswick) 1.00; band_c02420=New Brunswick (North-West Territories) 1.00; band_c01026=New Brunswick (Grand Recapitulation) 1.00,
"INDIANS OF NEW BRUNSWICK, in Account Current with the Department of Indian Affairs",1884-1884,2,7,band,INDIANS OF NEW BRUNSWICK,,,,band_c01323,New Brunswick,New Brunswick,1.0,linked,band_c01323=New Brunswick (New Brunswick) 1.00; band_c02420=New Brunswick (North-West Territories) 1.00; band_c01026=New Brunswick (Grand Recapitulation) 1.00,
INDIANS OF NOVA SCOTIA,1882-1886,5,43,band,INDIANS OF NOVA SCOTIA,,,,band_c01666,Nova Scotia,Nova Scotia,1.0,linked,band_c01666=Nova Scotia (Nova Scotia) 1.00; band_c01028=Nova Scotia (Grand Recapitulation) 1.00; band_c02761=Nova Scotia (North-West Territories) 1.00,
INDIANS OF PRINCE EDWARD ISLAND,1882-1885,4,8,band,INDIANS OF PRINCE EDWARD ISLAND,,,,band_c02915,Prince Edward Island,Prince Edward Island,1.0,linked,band_c02915=Prince Edward Island (Prince Edward Island) 1.00; band_c01021=Prince Edward Island (Grand Recapitulation) 1.00; band_c02559=Prince Edward Island (North-West Territories) 1.00,
INDIANS OF PRINCE EDWARD ISLAND in Account Current with the Department of Indian Affairs,1884-1884,2,4,band,INDIANS OF PRINCE EDWARD ISLAND,,,,band_c02915,Prince Edward Island,Prince Edward Island,1.0,linked,band_c02915=Prince Edward Island (Prince Edward Island) 1.00; band_c01021=Prince Edward Island (Grand Recapitulation) 1.00; band_c02559=Prince Edward Island (North-West Territories) 1.00,
"INDIANS OF PRINCE EDWARD ISLAND, in Account Current with the Department of Indian Affairs. No. 55.",1883-1883,1,3,band,INDIANS OF PRINCE EDWARD ISLAND,,55,,band_c02915,Prince Edward Island,Prince Edward Island,1.0,linked,band_c02915=Prince Edward Island (Prince Edward Island) 1.00; band_c01021=Prince Edward Island (Grand Recapitulation) 1.00; band_c02559=Prince Edward Island (North-West Territories) 1.00,
"INDIANS OF THE LAKE OF THE WOODS DISTRICT, MANITOBA",1884-1884,1,4,band,INDIANS OF THE LAKE OF THE WOODS DISTRICT,,,manitoba,,,,0.541,unlinked,band_c01225=McKenzie District (Manitoba And The North-West Territories) 0.54; band_c01260=McKenzie District (Manitoba And The Northwest Territories) 0.54; band_c01357=Great Slave Lake District (None) 0.53,
INDIANS OF THE NORTH-WEST TERRITORIES,1882-1882,1,6,band,INDIANS OF THE NORTH-WEST TERRITORIES,,,,band_c02531,Northwest Territories,North-West Territories,1.0,linked,band_c02531=Northwest Territories (North-West Territories) 1.00; band_c01020=Northwest Territories (Grand Recapitulation) 1.00; band_c01364=Northwest Territories (None) 1.00,
INSPECTION OF SCHOOLS.,1884-1884,1,8,department,INSPECTION OF SCHOOLS,,,,,,,0.0,department,,
INTEREST - Concluded.,1894-1894,1,60,band,,,,,,,,0.0,unparseable,,
IROQUOIS OF CAUGHNAWAGA,1882-1889,12,318,band,IROQUOIS OF CAUGHNAWAGA,,,,band_c03017,Iroquois of Caughnawaga,Quebec,1.0,linked,band_c03017=Iroquois of Caughnawaga (Quebec) 1.00; band_c03044=Iroquois of St. Regis (Quebec) 0.54; band_c02959=Iroquois (Quebec) 0.53,
IROQUOIS OF ST REGIS in Account with the Department of Indian Affairs.,1887-1887,1,8,band,IROQUOIS OF ST REGIS,,,,band_c03044,Iroquois of St. Regis,Quebec,1.0,linked,band_c03044=Iroquois of St. Regis (Quebec) 1.00; band_c02959=Iroquois (Quebec) 0.63; band_c03017=Iroquois of Caughnawaga (Quebec) 0.54,
IROQUOIS OF ST. REGIS,1884-1887,5,132,band,IROQUOIS OF ST. REGIS,,,,band_c03044,Iroquois of St. Regis,Quebec,1.0,linked,band_c03044=Iroquois of St. Regis (Quebec) 1.00; band_c02959=Iroquois (Quebec) 0.63; band_c03017=Iroquois of Caughnawaga (Quebec) 0.54,
IROQUOIS OF ST. REGIS in Account with the Department of Indian Affairs,1888-1888,2,41,band,IROQUOIS OF ST. REGIS,,,,band_c03044,Iroquois of St. Regis,Quebec,1.0,linked,band_c03044=Iroquois of St. Regis (Quebec) 1.00; band_c02959=Iroquois (Quebec) 0.63; band_c03017=Iroquois of Caughnawaga (Quebec) 0.54,
IROQUOIS OF ST. RÉGIS,1882-1883,2,57,band,IROQUOIS OF ST. RÉGIS,,,,band_c03044,Iroquois of St. Regis,Quebec,1.0,linked,band_c03044=Iroquois of St. Regis (Quebec) 1.00; band_c02959=Iroquois (Quebec) 0.63; band_c03017=Iroquois of Caughnawaga (Quebec) 0.54,
Indian Land Management Fund (No. 75),1894-1897,34,257,department,Indian Land Management Fund,75,,,,,,0.0,department,,
Indian Land Management Fund (No. 75).,1893-1893,2,11,department,Indian Land Management Fund,75,,,,,,0.0,department,,
Indian Land Management Fund (No. 75.),1896-1896,2,26,department,Indian Land Management Fund,75,,,,,,0.0,department,,
Indian School Fund (No. 77),1895-1897,5,35,department,Indian School Fund,77,,,,,,0.0,department,,
Indian School Fund (No. 77).,1893-1893,2,10,department,Indian School Fund,77,,,,,,0.0,department,,
Indian School Fund (No. 77.),1896-1896,3,16,department,Indian School Fund,77,,,,,,0.0,department,,
"Indians of Big Hole Reserve, N.B. (No. 165).",1893-1893,1,4,band,Indians of Big Hole Reserve,165,,new brunswick,,,,0.571,unlinked,band_c01505=Big Head (None) 0.57; band_c01962=Indians at Ignace (Ontario) 0.65; band_c01319=Big Cove (New Brunswick) 0.43,
"Indians of Big Island Reserve 31c, Treaty 3 (No. 105)",1895-1895,3,8,band,"Indians of Big Island Reserve 31c, Treaty 3",105,,,band_c02168,Big Island,Ontario,0.706,review_below_gate,"band_c02168=Big Island (Ontario) 0.71; band_c01185=Big Island (Manitoba) 0.71; band_c02569=Big Island, eastward (North-West Territories) 0.65",
"Indians of Big Island Reserve 31c, Treaty 3 (No. 105).",1894-1894,2,4,band,"Indians of Big Island Reserve 31c, Treaty 3",105,,,band_c02168,Big Island,Ontario,0.706,review_below_gate,"band_c02168=Big Island (Ontario) 0.71; band_c01185=Big Island (Manitoba) 0.71; band_c02569=Big Island, eastward (North-West Territories) 0.65",
Indians of Bobtail Reserve (No. 166).,1893-1893,1,3,band,Indians of Bobtail Reserve,166,,,band_c02862,Bobtail,North-West Territories,1.0,linked,band_c02862=Bobtail (North-West Territories) 1.00; band_c01962=Indians at Ignace (Ontario) 0.61; band_c01401='Bobtailed Dog' (None) 0.60,
"Indians of Bridge River Reserve, B.C. (No. 168).",1893-1893,1,3,band,Indians of Bridge River Reserve,168,,british columbia,band_c00373,Bridge River,British Columbia,1.0,linked,band_c00373=Bridge River (British Columbia) 1.00; band_c00374=Bridge Water (British Columbia) 0.64; band_c01684=Bear River (Micmacs) (Nova Scotia) 0.64,
Indians of Burnt Church (No. 116).,1894-1894,1,3,band,Indians of Burnt Church,116,,,band_c01309,Burnt Church,New Brunswick,1.0,linked,band_c01309=Burnt Church (New Brunswick) 1.00; band_c01736=Burnt Church (Nova Scotia) 1.00; band_c01148=Fort Churchill (Manitoba) 0.58,
"Indians of Burnt Church, N.B. (No. 116)",1895-1897,5,16,band,Indians of Burnt Church,116,,new brunswick,band_c01309,Burnt Church,New Brunswick,1.0,linked,band_c01309=Burnt Church (New Brunswick) 1.00; band_c01736=Burnt Church (Nova Scotia) 1.00; band_c01148=Fort Churchill (Manitoba) 0.58,
"Indians of Cumberland Co., N.S. (No. 98).",1894-1894,3,7,band,Indians of Cumberland Co,98,,nova scotia,band_c01704,Cumberland County,Nova Scotia,0.857,linked_by_number,band_c01640=Cumberland (Nova Scotia) 0.86; band_c01704=Cumberland County (Nova Scotia) 0.86; band_c01369=Cumberland Indians (None) 0.86,"propagated from 'Indians of Cumberland County, N.S. (No. 98)' via No. 98"
"Indians of Cumberland County, N.S. (No. 98)",1896-1896,3,7,band,Indians of Cumberland County,98,,nova scotia,band_c01704,Cumberland County,Nova Scotia,1.0,linked,band_c01704=Cumberland County (Nova Scotia) 1.00; band_c01656=Micmacs of Cumberland County at: - (Nova Scotia) 0.74; band_c01640=Cumberland (Nova Scotia) 0.71,
"Indians of Cumberland County, N.S. (No. 98).",1893-1897,3,8,band,Indians of Cumberland County,98,,nova scotia,band_c01704,Cumberland County,Nova Scotia,1.0,linked,band_c01704=Cumberland County (Nova Scotia) 1.00; band_c01656=Micmacs of Cumberland County at: - (Nova Scotia) 0.74; band_c01640=Cumberland (Nova Scotia) 0.71,
Indians of Eel Ground (No. 103),1894-1894,2,4,band,Indians of Eel Ground,103,,,band_c01314,Eel Ground,New Brunswick,1.0,review_number_conflict,band_c01314=Eel Ground (New Brunswick) 1.00; band_c01962=Indians at Ignace (Ontario) 0.56; band_c02977=Montagnais of Grand Romaine (Quebec) 0.43,No. 103 links to different band names: Eel Ground; Squawtits
"Indians of Eel Ground, N.B. (No. 103)",1895-1895,2,8,band,Indians of Eel Ground,103,,new brunswick,band_c01314,Eel Ground,New Brunswick,1.0,review_number_conflict,band_c01314=Eel Ground (New Brunswick) 1.00; band_c01962=Indians at Ignace (Ontario) 0.56; band_c02977=Montagnais of Grand Romaine (Quebec) 0.43,No. 103 links to different band names: Eel Ground; Squawtits
"Indians of Eel Ground, N.B. (No. 103.)",1896-1896,2,4,band,Indians of Eel Ground,103,,new brunswick,band_c01314,Eel Ground,New Brunswick,1.0,review_number_conflict,band_c01314=Eel Ground (New Brunswick) 1.00; band_c01962=Indians at Ignace (Ontario) 0.56; band_c02977=Montagnais of Grand Romaine (Quebec) 0.43,No. 103 links to different band names: Eel Ground; Squawtits
"Indians of Eel Ground, N.B., (No. 103).",1897-1897,1,16,band,Indians of Eel Ground,103,,new brunswick,band_c01314,Eel Ground,New Brunswick,1.0,review_number_conflict,band_c01314=Eel Ground (New Brunswick) 1.00; band_c01962=Indians at Ignace (Ontario) 0.56; band_c02977=Montagnais of Grand Romaine (Quebec) 0.43,No. 103 links to different band names: Eel Ground; Squawtits
"Indians of Langley, B.C. (134)*",1895-1895,2,5,band,Indians of Langley (134),,,british columbia,band_c00708,Langley,British Columbia,1.0,linked,band_c00708=Langley (British Columbia) 1.00; band_c02303=Langley (Ontario) 1.00; band_c01962=Indians at Ignace (Ontario) 0.61,
"Indians of Langley, B.C. (No. 134)",1896-1896,2,4,band,Indians of Langley,134,,british columbia,band_c00708,Langley,British Columbia,1.0,linked,band_c00708=Langley (British Columbia) 1.00; band_c02303=Langley (Ontario) 1.00; band_c01962=Indians at Ignace (Ontario) 0.61,
"Indians of Langley, B.C. (No. 134).",1894-1897,3,10,band,Indians of Langley,134,,british columbia,band_c00708,Langley,British Columbia,1.0,linked,band_c00708=Langley (British Columbia) 1.00; band_c02303=Langley (Ontario) 1.00; band_c01962=Indians at Ignace (Ontario) 0.61,
"Indians of Little South-west Reserve, N.B. (No. 164).",1893-1893,1,4,band,Indians of Little South-west Reserve,164,,new brunswick,,,,0.48,unlinked,band_c01358=Little Pine (None) 0.48; band_c01313=Southwestern Agency. (New Brunswick) 0.48; band_c01427=Little Chief (None) 0.46,
Indians of New Brunswick (No. 67),1895-1895,2,5,band,Indians of New Brunswick,67,,,band_c01323,New Brunswick,New Brunswick,1.0,linked,band_c01323=New Brunswick (New Brunswick) 1.00; band_c02420=New Brunswick (North-West Territories) 1.00; band_c01026=New Brunswick (Grand Recapitulation) 1.00,
Indians of New Brunswick (No. 67).,1893-1896,4,27,band,Indians of New Brunswick,67,,,band_c01323,New Brunswick,New Brunswick,1.0,linked,band_c01323=New Brunswick (New Brunswick) 1.00; band_c02420=New Brunswick (North-West Territories) 1.00; band_c01026=New Brunswick (Grand Recapitulation) 1.00,
"Indians of Nicoamen, B.C. (No. 126)",1895-1895,2,4,band,Indians of Nicoamen,126,,british columbia,band_c00744,Nicoamen,British Columbia,1.0,linked,band_c00744=Nicoamen (British Columbia) 1.00; band_c00176=Nicomen (British Columbia) 0.77; band_c02312=Nicomen (Ontario) 0.77,
"Indians of Nicoamen, B.C. (No. 126).",1894-1897,2,9,band,Indians of Nicoamen,126,,british columbia,band_c00744,Nicoamen,British Columbia,1.0,linked,band_c00744=Nicoamen (British Columbia) 1.00; band_c00176=Nicomen (British Columbia) 0.77; band_c02312=Nicomen (Ontario) 0.77,
"Indians of Nicoamen, B.C. (No. 126.)",1896-1896,2,4,band,Indians of Nicoamen,126,,british columbia,band_c00744,Nicoamen,British Columbia,1.0,linked,band_c00744=Nicoamen (British Columbia) 1.00; band_c00176=Nicomen (British Columbia) 0.77; band_c02312=Nicomen (Ontario) 0.77,
Indians of Nova Scotia (66).,1893-1893,1,4,band,Indians of Nova Scotia (66),,,,band_c01666,Nova Scotia,Nova Scotia,1.0,linked,band_c01666=Nova Scotia (Nova Scotia) 1.00; band_c01028=Nova Scotia (Grand Recapitulation) 1.00; band_c02761=Nova Scotia (North-West Territories) 1.00,
Indians of Nova Scotia (No. 66),1894-1897,2,12,band,Indians of Nova Scotia,66,,,band_c01666,Nova Scotia,Nova Scotia,1.0,linked,band_c01666=Nova Scotia (Nova Scotia) 1.00; band_c01028=Nova Scotia (Grand Recapitulation) 1.00; band_c02761=Nova Scotia (North-West Territories) 1.00,
Indians of Nova Scotia (No. 66)*,1895-1895,2,11,band,Indians of Nova Scotia,66,,,band_c01666,Nova Scotia,Nova Scotia,1.0,linked,band_c01666=Nova Scotia (Nova Scotia) 1.00; band_c01028=Nova Scotia (Grand Recapitulation) 1.00; band_c02761=Nova Scotia (North-West Territories) 1.00,
Indians of Nova Scotia (No. 66).,1896-1896,2,8,band,Indians of Nova Scotia,66,,,band_c01666,Nova Scotia,Nova Scotia,1.0,linked,band_c01666=Nova Scotia (Nova Scotia) 1.00; band_c01028=Nova Scotia (Grand Recapitulation) 1.00; band_c02761=Nova Scotia (North-West Territories) 1.00,
Indians of Now Brunswick (No. 67),1897-1897,1,15,band,Indians of Now Brunswick,67,,,band_c01323,New Brunswick,New Brunswick,0.833,linked_by_number,band_c01323=New Brunswick (New Brunswick) 0.83; band_c02420=New Brunswick (North-West Territories) 0.83; band_c01026=New Brunswick (Grand Recapitulation) 0.83,propagated from 'Indians of New Brunswick (No. 67)' via No. 67
"Indians of Ohiat Reserve, B.C. (No. 172).",1893-1893,1,3,band,Indians of Ohiat Reserve,172,,british columbia,band_c00892,Ohiaht,British Columbia,0.667,review_below_gate,band_c00892=Ohiaht (British Columbia) 0.67; band_c01962=Indians at Ignace (Ontario) 0.65; band_c00919=Ohiet (British Columbia) 0.50,
"Indians of Onion Lake, N.W.T. (No. 230)",1897-1897,1,15,band,Indians of Onion Lake,230,,north-west territories,band_c02615,Onion Lake,Saskatchewan,1.0,linked,band_c02615=Onion Lake (Saskatchewan) 1.00; band_c02832=Loon Lake (Saskatchewan) 0.71; band_c01082=Swan Lake and Indian Gardens at Hamilton's Crossing (Manitoba) 0.59,
"Indians of Onion Lake, N.W.T. (No. 230.)",1896-1896,2,12,band,Indians of Onion Lake,230,,north-west territories,band_c02615,Onion Lake,Saskatchewan,1.0,linked,band_c02615=Onion Lake (Saskatchewan) 1.00; band_c02832=Loon Lake (Saskatchewan) 0.71; band_c01082=Swan Lake and Indian Gardens at Hamilton's Crossing (Manitoba) 0.59,
"Indians of Port Medway, N.S. (No. 101)",1895-1896,4,8,band,Indians of Port Medway,101,,nova scotia,,,,0.5,unlinked,band_c01751=Port Mouton (Nova Scotia) 0.50; band_c01781=Port Joli (Nova Scotia) 0.44; band_c03199=Port McMurray (TREATY No. 9) 0.55,
"Indians of Port Medway, N.S. (No. 101).",1893-1897,4,10,band,Indians of Port Medway,101,,nova scotia,,,,0.5,unlinked,band_c01751=Port Mouton (Nova Scotia) 0.50; band_c01781=Port Joli (Nova Scotia) 0.44; band_c03199=Port McMurray (TREATY No. 9) 0.55,
Indians of Prince Edward Island (No. 69),1894-1897,5,14,band,Indians of Prince Edward Island,69,,,band_c02915,Prince Edward Island,Prince Edward Island,1.0,linked,band_c02915=Prince Edward Island (Prince Edward Island) 1.00; band_c01021=Prince Edward Island (Grand Recapitulation) 1.00; band_c02559=Prince Edward Island (North-West Territories) 1.00,
Indians of Prince Edward Island (No. 69).,1893-1893,1,3,band,Indians of Prince Edward Island,69,,,band_c02915,Prince Edward Island,Prince Edward Island,1.0,linked,band_c02915=Prince Edward Island (Prince Edward Island) 1.00; band_c01021=Prince Edward Island (Grand Recapitulation) 1.00; band_c02559=Prince Edward Island (North-West Territories) 1.00,
Indians of Prince Edward Island (No. 69.),1896-1896,2,5,band,Indians of Prince Edward Island,69,,,band_c02915,Prince Edward Island,Prince Edward Island,1.0,linked,band_c02915=Prince Edward Island (Prince Edward Island) 1.00; band_c01021=Prince Edward Island (Grand Recapitulation) 1.00; band_c02559=Prince Edward Island (North-West Territories) 1.00,
Indians of Red Bank (No. 115).,1894-1894,1,3,band,Indians of Red Bank,115,,,band_c01320,Red Bank,New Brunswick,1.0,linked,band_c01320=Red Bank (New Brunswick) 1.00; band_c01792=Red Bank (Nova Scotia) 1.00; band_c01962=Indians at Ignace (Ontario) 0.59,
"Indians of Red Bank, N.B. (No. 115)",1895-1895,2,6,band,Indians of Red Bank,115,,new brunswick,band_c01320,Red Bank,New Brunswick,1.0,linked,band_c01320=Red Bank (New Brunswick) 1.00; band_c01792=Red Bank (Nova Scotia) 1.00; band_c01962=Indians at Ignace (Ontario) 0.59,
"Indians of Red Bank, N.B. (No. 115).",1897-1897,1,10,band,Indians of Red Bank,115,,new brunswick,band_c01320,Red Bank,New Brunswick,1.0,linked,band_c01320=Red Bank (New Brunswick) 1.00; band_c01792=Red Bank (Nova Scotia) 1.00; band_c01962=Indians at Ignace (Ontario) 0.59,
"Indians of Red Bank, N.B. (No. 115.)",1896-1896,2,4,band,Indians of Red Bank,115,,new brunswick,band_c01320,Red Bank,New Brunswick,1.0,linked,band_c01320=Red Bank (New Brunswick) 1.00; band_c01792=Red Bank (Nova Scotia) 1.00; band_c01962=Indians at Ignace (Ontario) 0.59,
"Indians of Reserve 38 A, Treaty No. 3 (No. 102.)",1896-1896,2,5,band,"Indians of Reserve 38 A, Treaty No. 3",102,,,band_c02398,"Wahspaton (Sioux, non-treaty)",Saskatchewan,0.75,review_below_gate,"band_c02398=Wahspaton (Sioux, non-treaty) (Saskatchewan) 0.75; band_c02401=Moosejaw (Saskatchewan) 0.75; band_c02411=Fort Nelson (non-treaty Sicannies)1 (North-West Territories) 0.75",
"Indians of Reserve 38 A, Treaty No. 3, (No 102)",1897-1897,2,6,band,"Indians of Reserve 38 A, Treaty No. 3",102,,,band_c02398,"Wahspaton (Sioux, non-treaty)",Saskatchewan,0.75,review_below_gate,"band_c02398=Wahspaton (Sioux, non-treaty) (Saskatchewan) 0.75; band_c02401=Moosejaw (Saskatchewan) 0.75; band_c02411=Fort Nelson (non-treaty Sicannies)1 (North-West Territories) 0.75",
"Indians of Reserve 38a, Treaty 3 (No. 102).",1894-1894,3,7,band,"Indians of Reserve 38a, Treaty 3",102,,,band_c01926,Long Lake (Treaty 9)2,Ontario,0.833,review_below_gate,"band_c01926=Long Lake (Treaty 9)2 (Ontario) 0.83; band_c02398=Wahspaton (Sioux, non-treaty) (Saskatchewan) 0.77; band_c02401=Moosejaw (Saskatchewan) 0.77",
"Indians of Reserve 38a, Treaty No. 3 (No. 102)",1895-1895,3,10,band,"Indians of Reserve 38a, Treaty No. 3",102,,,band_c01926,Long Lake (Treaty 9)2,Ontario,0.833,review_below_gate,"band_c01926=Long Lake (Treaty 9)2 (Ontario) 0.83; band_c02398=Wahspaton (Sioux, non-treaty) (Saskatchewan) 0.77; band_c02401=Moosejaw (Saskatchewan) 0.77",
"Indians of St. Mary's, N.B. (No. 93).",1894-1894,3,7,band,Indians of St. Mary's,93,,new brunswick,band_c01311,St. Mary's,New Brunswick,1.0,linked,"band_c01311=St. Mary's (New Brunswick) 1.00; band_c00258=St. Mary's (British Columbia) 1.00; band_c00299=Mission, (St. Mary's) (British Columbia) 1.00",
"Indians of Sumas Lake, B.C. (No. 112)",1897-1897,1,3,band,Indians of Sumas Lake,112,,british columbia,band_c00279,Sumass,British Columbia,0.667,review_below_gate,band_c00279=Sumass (British Columbia) 0.67; band_c00579=Texas Lake (British Columbia) 0.67; band_c00181=Spahamin (British Columbia) 0.60,
"Indians of Sumas Lake, B.C. (No. 112)*",1895-1895,2,7,band,Indians of Sumas Lake,112,,british columbia,band_c00279,Sumass,British Columbia,0.667,review_below_gate,band_c00279=Sumass (British Columbia) 0.67; band_c00579=Texas Lake (British Columbia) 0.67; band_c00181=Spahamin (British Columbia) 0.60,
"Indians of Sumas Lake, B.C. (No. 112).",1894-1894,2,6,band,Indians of Sumas Lake,112,,british columbia,band_c00279,Sumass,British Columbia,0.667,review_below_gate,band_c00279=Sumass (British Columbia) 0.67; band_c00579=Texas Lake (British Columbia) 0.67; band_c00181=Spahamin (British Columbia) 0.60,
"Indians of Sumas Lake, B.C. (No. 112.)",1896-1896,2,7,band,Indians of Sumas Lake,112,,british columbia,band_c00279,Sumass,British Columbia,0.667,review_below_gate,band_c00279=Sumass (British Columbia) 0.67; band_c00579=Texas Lake (British Columbia) 0.67; band_c00181=Spahamin (British Columbia) 0.60,
"Indians of Tabusintac, N.B. (No. 64).",1893-1893,1,4,band,Indians of Tabusintac,64,,new brunswick,,,,0.611,unlinked,"band_c01962=Indians at Ignace (Ontario) 0.61; band_c02940=Indians of Labrador Peninsula, viz: - (Quebec) 0.46; band_c03349=Yukon Territory (Yukon Territory) 0.46",
"Indians of Texas Lake, B.C. (No. 124)",1895-1895,2,4,band,Indians of Texas Lake,124,,british columbia,band_c00579,Texas Lake,British Columbia,1.0,linked,band_c00579=Texas Lake (British Columbia) 1.00; band_c02204=Texas Lake (Ontario) 1.00; band_c00580=Texes Lake (British Columbia) 0.78,
"Indians of Texas Lake, B.C. (No. 124).",1894-1894,1,3,band,Indians of Texas Lake,124,,british columbia,band_c00579,Texas Lake,British Columbia,1.0,linked,band_c00579=Texas Lake (British Columbia) 1.00; band_c02204=Texas Lake (Ontario) 1.00; band_c00580=Texes Lake (British Columbia) 0.78,
Indians of Wallabuck Lake (No. 117).,1894-1894,1,3,band,Indians of Wallabuck Lake,117,,,band_c02628,Oak Lake,North-West Territories,0.667,review_below_gate,band_c02628=Oak Lake (North-West Territories) 0.67; band_c00610=Duck Lake (British Columbia) 0.67; band_c02158=Sucker Lake (Ontario) 0.52,
"Indians of Wallabuck Lake, N.S. (No. 117)",1895-1895,2,4,band,Indians of Wallabuck Lake,117,,nova scotia,band_c02628,Oak Lake,North-West Territories,0.667,review_below_gate,band_c02628=Oak Lake (North-West Territories) 0.67; band_c00610=Duck Lake (British Columbia) 0.67; band_c01768=Buck Hill (Nova Scotia) 0.48,
"Indians of Wallabuck Lake, N.S. (No. 117).",1897-1897,1,3,band,Indians of Wallabuck Lake,117,,nova scotia,band_c02628,Oak Lake,North-West Territories,0.667,review_below_gate,band_c02628=Oak Lake (North-West Territories) 0.67; band_c00610=Duck Lake (British Columbia) 0.67; band_c01768=Buck Hill (Nova Scotia) 0.48,
"Indians of Wallabuck Lake, N.S. (No. 117.)",1896-1896,2,4,band,Indians of Wallabuck Lake,117,,nova scotia,band_c02628,Oak Lake,North-West Territories,0.667,review_below_gate,band_c02628=Oak Lake (North-West Territories) 0.67; band_c00610=Duck Lake (British Columbia) 0.67; band_c01768=Buck Hill (Nova Scotia) 0.48,
Indians of Whycocomagh (No. 122).,1894-1894,1,3,band,Indians of Whycocomagh,122,,,band_c01692,Whycocomagh,Nova Scotia,1.0,linked,"band_c01692=Whycocomagh (Nova Scotia) 1.00; band_c01962=Indians at Ignace (Ontario) 0.54; band_c00071=Nomadic Indians, about (British Columbia) 0.46",
"Indians of Whycocomagh, N.S. (No. 122)",1893-1895,3,7,band,Indians of Whycocomagh,122,,nova scotia,band_c01692,Whycocomagh,Nova Scotia,1.0,linked,band_c01692=Whycocomagh (Nova Scotia) 1.00; band_c01591=Micmacs (Nova Scotia) 0.45; band_c01962=Indians at Ignace (Ontario) 0.54,
"Indians of Yale, B.C. (No. 125)",1895-1895,2,5,band,Indians of Yale,125,,british columbia,band_c00937,Yale,British Columbia,1.0,linked,band_c00937=Yale (British Columbia) 1.00; band_c02363=Yale (Ontario) 1.00; band_c01962=Indians at Ignace (Ontario) 0.67,
"Indians of Yale, B.C. (No. 125).",1894-1894,1,3,band,Indians of Yale,125,,british columbia,band_c00937,Yale,British Columbia,1.0,linked,band_c00937=Yale (British Columbia) 1.00; band_c02363=Yale (Ontario) 1.00; band_c01962=Indians at Ignace (Ontario) 0.67,
Indians' Savings. (No. 201).,1897-1897,1,2,band,Indians' Savings,201,,,band_c02462,Saddle Lake,Alberta,0.474,linked_by_number,band_c01082=Swan Lake and Indian Gardens at Hamilton's Crossing (Manitoba) 0.47; band_c01962=Indians at Ignace (Ontario) 0.47; band_c01790=Kingston (Nova Scotia) 0.46,propagated from 'Saddle Lake Band (No. 201).' via No. 201
Inspection of Schools.,1887-1888,2,8,department,Inspection of Schools,,,,,,,0.0,department,,
Institutes,1887-1887,1,7,department,Institutes,,,,,,,0.0,department,,
Iroquois of Caughnawaga (No. 45),1893-1894,5,54,band,Iroquois of Caughnawaga,45,,,band_c03017,Iroquois of Caughnawaga,Quebec,1.0,linked,band_c03017=Iroquois of Caughnawaga (Quebec) 1.00; band_c03044=Iroquois of St. Regis (Quebec) 0.54; band_c02959=Iroquois (Quebec) 0.53,
"Iroquois of Caughnawaga, P.Q. (No. 45)",1895-1895,3,45,band,Iroquois of Caughnawaga,45,,quebec,band_c03017,Iroquois of Caughnawaga,Quebec,1.0,linked,band_c03017=Iroquois of Caughnawaga (Quebec) 1.00; band_c03044=Iroquois of St. Regis (Quebec) 0.54; band_c02959=Iroquois (Quebec) 0.53,
"Iroquois of Caughnawaga, Que. (No. 45)",1896-1897,5,57,band,Iroquois of Caughnawaga,45,,quebec,band_c03017,Iroquois of Caughnawaga,Quebec,1.0,linked,band_c03017=Iroquois of Caughnawaga (Quebec) 1.00; band_c03044=Iroquois of St. Regis (Quebec) 0.54; band_c02959=Iroquois (Quebec) 0.53,
Iroquois of St. Regis (No. 46),1893-1894,4,61,band,Iroquois of St. Regis,46,,,band_c03044,Iroquois of St. Regis,Quebec,1.0,linked,band_c03044=Iroquois of St. Regis (Quebec) 1.00; band_c02959=Iroquois (Quebec) 0.63; band_c03017=Iroquois of Caughnawaga (Quebec) 0.54,
Iroquois of St. Regis (No. 46a),1894-1894,2,6,band,Iroquois of St. Regis,46A,,,band_c03044,Iroquois of St. Regis,Quebec,1.0,linked,band_c03044=Iroquois of St. Regis (Quebec) 1.00; band_c02959=Iroquois (Quebec) 0.63; band_c03017=Iroquois of Caughnawaga (Quebec) 0.54,
Iroquois of St. Regis Land Fund (No. 46a),1893-1893,1,2,band,Iroquois of St. Regis,46A,,,band_c03044,Iroquois of St. Regis,Quebec,1.0,linked,band_c03044=Iroquois of St. Regis (Quebec) 1.00; band_c02959=Iroquois (Quebec) 0.63; band_c03017=Iroquois of Caughnawaga (Quebec) 0.54,
"Iroquois of St. Regis, P.Q. (No. 46)",1895-1895,2,67,band,Iroquois of St. Regis,46,,quebec,band_c03044,Iroquois of St. Regis,Quebec,1.0,linked,band_c03044=Iroquois of St. Regis (Quebec) 1.00; band_c02959=Iroquois (Quebec) 0.63; band_c03017=Iroquois of Caughnawaga (Quebec) 0.54,
"Iroquois of St. Regis, P.Q., Land Fund (No. 46a).",1895-1895,2,6,band,Iroquois of St. Regis,46A,,quebec,band_c03044,Iroquois of St. Regis,Quebec,1.0,linked,band_c03044=Iroquois of St. Regis (Quebec) 1.00; band_c02959=Iroquois (Quebec) 0.63; band_c03017=Iroquois of Caughnawaga (Quebec) 0.54,
"Iroquois of St. Regis, Que. (No. 46)",1896-1896,3,90,band,Iroquois of St. Regis,46,,quebec,band_c03044,Iroquois of St. Regis,Quebec,1.0,linked,band_c03044=Iroquois of St. Regis (Quebec) 1.00; band_c02959=Iroquois (Quebec) 0.63; band_c03017=Iroquois of Caughnawaga (Quebec) 0.54,
"Iroquois of St. Regis, Que. (No. 46).",1897-1897,2,66,band,Iroquois of St. Regis,46,,quebec,band_c03044,Iroquois of St. Regis,Quebec,1.0,linked,band_c03044=Iroquois of St. Regis (Quebec) 1.00; band_c02959=Iroquois (Quebec) 0.63; band_c03017=Iroquois of Caughnawaga (Quebec) 0.54,
"Iroquois of St. Regis, Que., Land Fund (No. 46A).",1897-1897,1,5,band,Iroquois of St. Regis,46A,,quebec,band_c03044,Iroquois of St. Regis,Quebec,1.0,linked,band_c03044=Iroquois of St. Regis (Quebec) 1.00; band_c02959=Iroquois (Quebec) 0.63; band_c03017=Iroquois of Caughnawaga (Quebec) 0.54,
"Iroquois of St. Regis, Que., Land Fund (No. 46a).",1896-1896,2,5,band,Iroquois of St. Regis,46A,,quebec,band_c03044,Iroquois of St. Regis,Quebec,1.0,linked,band_c03044=Iroquois of St. Regis (Quebec) 1.00; band_c02959=Iroquois (Quebec) 0.63; band_c03017=Iroquois of Caughnawaga (Quebec) 0.54,
Islington Reserve (No. 174),1894-1895,3,7,band,Islington Reserve,174,,,band_c02217,Islington,Ontario,1.0,linked,band_c02217=Islington (Ontario) 1.00; band_c01198=Islington (Manitoba) 1.00; band_c01766=Wellington (Nova Scotia) 0.71,duplicate census identities: band_c01198
"Islington Reserve, Man. (No. 174)",1896-1897,3,7,band,Islington Reserve,174,,manitoba,band_c02217,Islington,Ontario,1.0,linked,band_c01198=Islington (Manitoba) 1.00; band_c02217=Islington (Ontario) 1.00; band_c01766=Wellington (Nova Scotia) 0.71,settled on best-attested duplicate via No. 174; duplicate census identities: band_c01198
J.B. CLENCH,1882-1885,4,8,band,J.B. CLENCH,,,,,,,0.5,unlinked,band_c02138=J.B. Doghead (Ontario) 0.50,
J.B. CLENCH in Account Current with the Department of Indian Affairs,1884-1884,2,4,band,J.B. CLENCH,,,,,,,0.5,unlinked,band_c02138=J.B. Doghead (Ontario) 0.50,
J.B. CLENCH in Account with the Department of Indian Affairs.,1887-1887,2,4,band,J.B. CLENCH,,,,,,,0.5,unlinked,band_c02138=J.B. Doghead (Ontario) 0.50,
"J.B. CLENCH, in Account Current with the Department of Indian Affairs. No. 56.",1883-1883,1,3,band,J.B. CLENCH,,56,,,,,0.5,unlinked,band_c02138=J.B. Doghead (Ontario) 0.50,
J.B. Clench (No. 70),1894-1897,11,26,band,J.B. Clench,70,,,,,,0.5,unlinked,band_c02138=J.B. Doghead (Ontario) 0.50,
J.B. Clench (No. 70).,1893-1893,1,5,band,J.B. Clench,70,,,,,,0.5,unlinked,band_c02138=J.B. Doghead (Ontario) 0.50,
J.F. Day: -,1885-1885,1,2,band,J.F. Day: -,,,,,,,0.0,unlinked,,
J.R. Stephenson: -,1885-1885,1,1,band,J.R. Stephenson: -,,,,,,,0.0,unlinked,,
JAMES MANACE,1882-1882,1,4,band,JAMES MANACE,,,,,,,0.526,unlinked,band_c03020=Ruperts House (Quebec) 0.53; band_c03050=East Main (Quebec) 0.53; band_c03037=Fort George (Quebec) 0.53,
JAMES MANACE in Account with the Department of Indian Affairs,1888-1888,2,5,band,JAMES MANACE,,,,,,,0.526,unlinked,band_c03020=Ruperts House (Quebec) 0.53; band_c03050=East Main (Quebec) 0.53; band_c03037=Fort George (Quebec) 0.53,
JAMES MANACE in Account with the Department of Indian Affairs.,1887-1887,2,5,band,JAMES MANACE,,,,,,,0.526,unlinked,band_c03020=Ruperts House (Quebec) 0.53; band_c03050=East Main (Quebec) 0.53; band_c03037=Fort George (Quebec) 0.53,
JAMES MENACE,1885-1885,1,4,band,JAMES MENACE,,,,,,,0.545,unlinked,band_c02721=James Seenum (Alberta) 0.55; band_c01424=James Seenum (None) 0.55; band_c03020=Ruperts House (Quebec) 0.53,
JAMES MENACE in Account Current with the Department of Indian Affairs,1884-1884,2,5,band,JAMES MENACE,,,,,,,0.545,unlinked,band_c02721=James Seenum (Alberta) 0.55; band_c01424=James Seenum (None) 0.55; band_c03020=Ruperts House (Quebec) 0.53,
"JAMES MENACE, in Account Current with the Department of Indian Affairs. No. 58.",1883-1883,1,2,band,JAMES MENACE,,58,,,,,0.545,unlinked,band_c02721=James Seenum (Alberta) 0.55; band_c01424=James Seenum (None) 0.55; band_c03020=Ruperts House (Quebec) 0.53,
James Manace (No. 72).,1893-1893,1,4,band,James Manace,72,,,,,,0.526,unlinked,band_c03020=Ruperts House (Quebec) 0.53; band_c03050=East Main (Quebec) 0.53; band_c03037=Fort George (Quebec) 0.53,
James Menace (No. 72),1897-1897,1,3,band,James Menace,72,,,,,,0.545,unlinked,band_c02721=James Seenum (Alberta) 0.55; band_c01424=James Seenum (None) 0.55; band_c03020=Ruperts House (Quebec) 0.53,
James Menace (No. 72)*,1895-1895,2,4,band,James Menace,72,,,,,,0.545,unlinked,band_c02721=James Seenum (Alberta) 0.55; band_c01424=James Seenum (None) 0.55; band_c03020=Ruperts House (Quebec) 0.53,
James Menace (No. 72.),1896-1896,2,4,band,James Menace,72,,,,,,0.545,unlinked,band_c02721=James Seenum (Alberta) 0.55; band_c01424=James Seenum (None) 0.55; band_c03020=Ruperts House (Quebec) 0.53,
James Menass (No. 72),1894-1894,2,4,band,James Menass,72,,,,,,0.545,unlinked,band_c02721=James Seenum (Alberta) 0.55; band_c01424=James Seenum (None) 0.55; band_c03020=Ruperts House (Quebec) 0.53,
John Bull Makateneni (No. 237).,1897-1897,1,4,band,John Bull Makateneni,237,,,,,,0.5,unlinked,band_c02218=John Bull (Ontario) 0.50,
John Creighton: -,1885-1885,1,2,band,John Creighton: -,,,,,,,0.462,unlinked,band_c00314=Ohamil (British Columbia) 0.46; band_c00110=Stony Creek (British Columbia) 0.43; band_c01445=John Carney (None) 0.43,
"John Smith's Band, N.W.T. (No. 135).",1897-1897,1,6,band,John Smith's Band,135,,north-west territories,band_c02793,John Smith,Saskatchewan,1.0,linked,band_c02793=John Smith (Saskatchewan) 1.00; band_c01469=John Smith (None) 1.00; band_c02497=Fort Smith (North-West Territories) 0.62,
"John Smith's Band, N.W.T. (No. 135*,)",1896-1896,2,4,band,"John Smith's Band (No. 135*,)",,,north-west territories,band_c02793,John Smith,Saskatchewan,1.0,linked,band_c02793=John Smith (Saskatchewan) 1.00; band_c01469=John Smith (None) 1.00; band_c02497=Fort Smith (North-West Territories) 0.62,
"Kakawishtahaw's Reserve, N.W.T. (No. 188(t).)",1896-1896,2,5,band,Kakawishtahaw's Reserve,188,,north-west territories,band_c02675,Kahkewistahaw,Saskatchewan,0.696,review_below_gate,band_c02675=Kahkewistahaw (Saskatchewan) 0.70; band_c01378=Ka-ke-wis-ta-haw (None) 0.70; band_c02589=Kah-ke-wis-ta-haw (North-West Territories) 0.58,
"Kakawishtahaw's Reserve, N.W.T. (No. 188).",1897-1897,1,3,band,Kakawishtahaw's Reserve,188,,north-west territories,band_c02675,Kahkewistahaw,Saskatchewan,0.696,review_below_gate,band_c02675=Kahkewistahaw (Saskatchewan) 0.70; band_c01378=Ka-ke-wis-ta-haw (None) 0.70; band_c02589=Kah-ke-wis-ta-haw (North-West Territories) 0.58,
Kakawistahaw's Reserve (No. 188),1895-1895,2,6,band,Kakawistahaw's Reserve,188,,,band_c02675,Kahkewistahaw,Saskatchewan,0.818,review_below_gate,band_c02675=Kahkewistahaw (Saskatchewan) 0.82; band_c01378=Ka-ke-wis-ta-haw (None) 0.82; band_c02589=Kah-ke-wis-ta-haw (North-West Territories) 0.70,
Kakawistahaw's Reserve (No. 188).,1894-1894,2,4,band,Kakawistahaw's Reserve,188,,,band_c02675,Kahkewistahaw,Saskatchewan,0.818,review_below_gate,band_c02675=Kahkewistahaw (Saskatchewan) 0.82; band_c01378=Ka-ke-wis-ta-haw (None) 0.82; band_c02589=Kah-ke-wis-ta-haw (North-West Territories) 0.70,
"Kanaka Band, B.C. (No. 149)",1895-1895,2,4,band,Kanaka Band,149,,british columbia,band_c00514,Kanaka Bar,British Columbia,0.714,review_below_gate,band_c00514=Kanaka Bar (British Columbia) 0.71; band_c00132=Hlukhlukatan (British Columbia) 0.71; band_c00618=Kanaka Flat (British Columbia) 0.61,
"Kanaka Band, B.C. (No. 149).",1894-1897,3,7,band,Kanaka Band,149,,british columbia,band_c00514,Kanaka Bar,British Columbia,0.714,review_below_gate,band_c00514=Kanaka Bar (British Columbia) 0.71; band_c00132=Hlukhlukatan (British Columbia) 0.71; band_c00618=Kanaka Flat (British Columbia) 0.61,
"Kanaka Band, B.C. (No. 149.)",1896-1896,2,4,band,Kanaka Band,149,,british columbia,band_c00514,Kanaka Bar,British Columbia,0.714,review_below_gate,band_c00514=Kanaka Bar (British Columbia) 0.71; band_c00132=Hlukhlukatan (British Columbia) 0.71; band_c00618=Kanaka Flat (British Columbia) 0.61,
"Kanaka Indians, B.C. (No. 149)",1893-1893,1,3,band,Kanaka Indians,149,,british columbia,band_c00514,Kanaka Bar,British Columbia,0.714,review_below_gate,band_c00514=Kanaka Bar (British Columbia) 0.71; band_c00132=Hlukhlukatan (British Columbia) 0.71; band_c00618=Kanaka Flat (British Columbia) 0.61,
Keeseekowenin's Band (No. 196).,1894-1894,2,4,band,Keeseekowenin's Band,196,,,band_c01085,Keeseekoowenin,Manitoba,1.0,linked,band_c01085=Keeseekoowenin (Manitoba) 1.00; band_c02590=Kee-see-koo-wenin (North-West Territories) 0.97; band_c02676=Keeseekoowenin (North-West Territories) 0.96,
"Keeseekowenin's Band, N.W.T. (No. 196)",1895-1895,1,6,band,Keeseekowenin's Band,196,,north-west territories,band_c01085,Keeseekoowenin,Manitoba,1.0,linked,band_c01085=Keeseekoowenin (Manitoba) 1.00; band_c02590=Kee-see-koo-wenin (North-West Territories) 0.97; band_c02676=Keeseekoowenin (North-West Territories) 0.96,
Keesickouse Reserve 66 (No. 216).,1895-1895,2,4,band,Keesickouse Reserve 66,216,,,band_c02794,Kisickouse,North-West Territories,0.737,review_below_gate,band_c02794=Kisickouse (North-West Territories) 0.74; band_c02724=Keeseekouse (North-West Territories) 0.70; band_c02452=Kee-see-kouse (North-West Territories) 0.70,
"Keesickouse Reserve, 66 N.W.T. (No. 216).",1897-1897,1,5,band,"Keesickouse Reserve, 66",216,,north-west territories,band_c02794,Kisickouse,North-West Territories,0.737,review_below_gate,band_c02794=Kisickouse (North-West Territories) 0.74; band_c02724=Keeseekouse (North-West Territories) 0.70; band_c02452=Kee-see-kouse (North-West Territories) 0.70,
"Keesickouse Reserve, 66, N.W.T. (No. 216.)",1896-1896,2,6,band,"Keesickouse Reserve, 66",216,,north-west territories,band_c02794,Kisickouse,North-West Territories,0.737,review_below_gate,band_c02794=Kisickouse (North-West Territories) 0.74; band_c02724=Keeseekouse (North-West Territories) 0.70; band_c02452=Kee-see-kouse (North-West Territories) 0.70,
"Kyuquoh Band, B.C. (No. 83)",1896-1896,2,4,band,Kyuquoh Band,83,,british columbia,band_c00818,Kyuquot,British Columbia,0.833,linked_by_number,band_c00818=Kyuquot (British Columbia) 0.83,"propagated from 'Kyuquot Band, B.C. (No. 83).' via No. 83"
"Kyuquot Band, B.C. (No. 83).",1897-1897,2,5,band,Kyuquot Band,83,,british columbia,band_c00818,Kyuquot,British Columbia,1.0,linked,band_c00818=Kyuquot (British Columbia) 1.00; band_c00602=Clayoquot (British Columbia) 0.55,
LAKE NIPISSING INDIANS,1883-1889,6,46,band,LAKE NIPISSING INDIANS,,,,band_c02035,Lake Nipissing,Ontario,1.0,linked,band_c02035=Lake Nipissing (Ontario) 1.00; band_c01826=Lake Nepigon (Ontario) 0.67; band_c03072=Mistassini Lake (Quebec) 0.59,
LAKE NIPISSING INDIANS in Account with the Department of Indian Affairs,1888-1888,2,12,band,LAKE NIPISSING INDIANS,,,,band_c02035,Lake Nipissing,Ontario,1.0,linked,band_c02035=Lake Nipissing (Ontario) 1.00; band_c01826=Lake Nepigon (Ontario) 0.67; band_c03072=Mistassini Lake (Quebec) 0.59,
"LAKE NIPISSING INDIANS, in Account Current with the Department of Indian Affairs.",1884-1884,2,6,band,LAKE NIPISSING INDIANS,,,,band_c02035,Lake Nipissing,Ontario,1.0,linked,band_c02035=Lake Nipissing (Ontario) 1.00; band_c01826=Lake Nepigon (Ontario) 0.67; band_c03072=Mistassini Lake (Quebec) 0.59,
LAKE NIPPISSING INDIANS in Account with the Department of Indian Affairs.,1887-1887,2,14,band,LAKE NIPPISSING INDIANS,,,,band_c02035,Lake Nipissing,Ontario,0.963,linked,band_c02035=Lake Nipissing (Ontario) 0.96; band_c01826=Lake Nepigon (Ontario) 0.64; band_c03072=Mistassini Lake (Quebec) 0.57,
LAKE OF THE WOODS INDIANS,1886-1886,1,4,band,LAKE OF THE WOODS INDIANS,,,,,,,0.611,unlinked,band_c01962=Indians at Ignace (Ontario) 0.61; band_c02389=Pelican Lake Indians (Saskatchewan) 0.56; band_c02479=Beavers (Athabaska) 0.55,
LAKE OF TWO MOUNTAINS INDIANS,1882-1886,7,34,band,LAKE OF TWO MOUNTAINS INDIANS,,,,band_c02934,Iroquois and Algonquins of the Lake of Two Mountains,Quebec,1.0,linked,band_c02934=Iroquois and Algonquins of the Lake of Two Mountains (Quebec) 1.00; band_c02970=Lake of Two Mountains Agency (Quebec) 0.85; band_c02959=Iroquois (Quebec) 0.80,
LAKE OF TWO MOUNTAINS INDIANS in Account with the Department of Indian Affairs.,1887-1889,3,15,band,LAKE OF TWO MOUNTAINS INDIANS,,,,band_c02934,Iroquois and Algonquins of the Lake of Two Mountains,Quebec,1.0,linked,band_c02934=Iroquois and Algonquins of the Lake of Two Mountains (Quebec) 1.00; band_c02970=Lake of Two Mountains Agency (Quebec) 0.85; band_c02959=Iroquois (Quebec) 0.80,
LAKE OF TWO MOUNTAINS INDIANS in Account with the Department of Indian Affairs. No. 48.,1888-1888,1,8,band,LAKE OF TWO MOUNTAINS INDIANS,,48,,band_c02934,Iroquois and Algonquins of the Lake of Two Mountains,Quebec,1.0,linked,band_c02934=Iroquois and Algonquins of the Lake of Two Mountains (Quebec) 1.00; band_c02970=Lake of Two Mountains Agency (Quebec) 0.85; band_c02959=Iroquois (Quebec) 0.80,
LAKE ST. JOHN INDIANS,1882-1886,7,47,band,LAKE ST. JOHN INDIANS,,,,band_c02987,Lake St. John,Quebec,1.0,linked,band_c02987=Lake St. John (Quebec) 1.00; band_c02554=Fort St. John Indians (North-West Territories) 0.79; band_c03053=Lake St. John Agency (Quebec) 0.76,
LAKE ST. JOHN INDIANS in Account with the Department of Indian Affairs.,1887-1889,3,19,band,LAKE ST. JOHN INDIANS,,,,band_c02987,Lake St. John,Quebec,1.0,linked,band_c02987=Lake St. John (Quebec) 1.00; band_c02554=Fort St. John Indians (North-West Territories) 0.79; band_c03053=Lake St. John Agency (Quebec) 0.76,
LAKE ST. JOHN INDIANS in Account with the Department of Indian Affairs. No. 47.,1888-1888,1,9,band,LAKE ST. JOHN INDIANS,,47,,band_c02987,Lake St. John,Quebec,1.0,linked,band_c02987=Lake St. John (Quebec) 1.00; band_c02554=Fort St. John Indians (North-West Territories) 0.79; band_c03053=Lake St. John Agency (Quebec) 0.76,
"Lac La Ronge Band, N.W.T. (No. 189).",1897-1897,1,2,band,Lac La Ronge Band,189,,north-west territories,band_c02399,Sweet Grass,Saskatchewan,1.0,linked_by_number,band_c02394=James Roberts (Lac la Ronge) (Saskatchewan) 1.00; band_c02486=James Robert (Lac la Ronge) (North-West Territories) 1.00; band_c01164=Lac la Croix (Manitoba) 0.64,"propagated from 'Sweet Grass Band, Battleford Agency (No. 189)' via No. 189"
"Lac Ste. Anne's Band, N.W.T. (No. 169).",1897-1897,1,4,band,Lac Ste. Anne's Band,169,,north-west territories,band_c02670,Enoch,Alberta,0.444,linked_by_number,"band_c01203=Lac Seul (Manitoba) 0.44; band_c02967=St. Anne du Labrador, Chicoutimi (Quebec) 0.48; band_c02261=Lac Seul (Ontario) 0.44",propagated from 'Enoch's Band (No. 169).' via No. 169
Lake Manitoba Band (No. 113),1894-1894,1,3,band,Lake Band,113,,manitoba,band_c01082,Swan Lake and Indian Gardens at Hamilton's Crossing,Manitoba,1.0,linked,band_c01082=Swan Lake and Indian Gardens at Hamilton's Crossing (Manitoba) 1.00; band_c01811=Lake) (Ontario) 1.00; band_c00059=Francis Lake (British Columbia) 1.00,
Lake Manitoba Band (No. 113).,1897-1897,1,3,band,Lake Band,113,,manitoba,band_c01082,Swan Lake and Indian Gardens at Hamilton's Crossing,Manitoba,1.0,linked,band_c01082=Swan Lake and Indian Gardens at Hamilton's Crossing (Manitoba) 1.00; band_c01811=Lake) (Ontario) 1.00; band_c00059=Francis Lake (British Columbia) 1.00,
Lake Manitoba Band (No. 113.),1896-1896,2,4,band,Lake Band,113,,manitoba,band_c01082,Swan Lake and Indian Gardens at Hamilton's Crossing,Manitoba,1.0,linked,band_c01082=Swan Lake and Indian Gardens at Hamilton's Crossing (Manitoba) 1.00; band_c01811=Lake) (Ontario) 1.00; band_c00059=Francis Lake (British Columbia) 1.00,
"Lake Manitoba Band, (No. 113).",1895-1895,2,4,band,Lake Band,113,,manitoba,band_c01082,Swan Lake and Indian Gardens at Hamilton's Crossing,Manitoba,1.0,linked,band_c01082=Swan Lake and Indian Gardens at Hamilton's Crossing (Manitoba) 1.00; band_c01811=Lake) (Ontario) 1.00; band_c00059=Francis Lake (British Columbia) 1.00,
Lake Nipissing Indians (No. 14),1893-1897,3,36,band,Lake Nipissing Indians,14,,,band_c02035,Lake Nipissing,Ontario,1.0,linked,band_c02035=Lake Nipissing (Ontario) 1.00; band_c01826=Lake Nepigon (Ontario) 0.67; band_c03072=Mistassini Lake (Quebec) 0.59,
"Lake Nipissing Indians, Ont. (No. 14)",1895-1896,6,47,band,Lake Nipissing Indians,14,,ontario,band_c02035,Lake Nipissing,Ontario,1.0,linked,band_c02035=Lake Nipissing (Ontario) 1.00; band_c01826=Lake Nepigon (Ontario) 0.67; band_c02010=Mistassini Lake (Ontario) 0.59,
Lake St. John Indians (No. 47),1893-1893,1,6,band,Lake St. John Indians,47,,,band_c02987,Lake St. John,Quebec,1.0,linked,band_c02987=Lake St. John (Quebec) 1.00; band_c02554=Fort St. John Indians (North-West Territories) 0.79; band_c03053=Lake St. John Agency (Quebec) 0.76,
Lake St. John Indians (No. 47).,1894-1894,3,12,band,Lake St. John Indians,47,,,band_c02987,Lake St. John,Quebec,1.0,linked,band_c02987=Lake St. John (Quebec) 1.00; band_c02554=Fort St. John Indians (North-West Territories) 0.79; band_c03053=Lake St. John Agency (Quebec) 0.76,
"Lake St. John Indians, P.Q. (No. 47)",1895-1895,2,2,band,Lake St. John Indians,47,,quebec,band_c02987,Lake St. John,Quebec,1.0,linked,band_c02987=Lake St. John (Quebec) 1.00; band_c03053=Lake St. John Agency (Quebec) 0.76; band_c02554=Fort St. John Indians (North-West Territories) 0.79,
"Lake St. John Indians, P.Q. (No. 47).",1895-1895,2,11,band,Lake St. John Indians,47,,quebec,band_c02987,Lake St. John,Quebec,1.0,linked,band_c02987=Lake St. John (Quebec) 1.00; band_c03053=Lake St. John Agency (Quebec) 0.76; band_c02554=Fort St. John Indians (North-West Territories) 0.79,
"Lake St. John Indians, Que. (No. 47)",1896-1897,5,25,band,Lake St. John Indians,47,,quebec,band_c02987,Lake St. John,Quebec,1.0,linked,band_c02987=Lake St. John (Quebec) 1.00; band_c03053=Lake St. John Agency (Quebec) 0.76; band_c02554=Fort St. John Indians (North-West Territories) 0.79,
"Lake of Two Mountain Indians, P.Q. (No. 48)",1895-1895,3,16,band,Lake of Two Mountain Indians,48,,quebec,band_c02934,Iroquois and Algonquins of the Lake of Two Mountains,Quebec,0.974,linked,band_c02934=Iroquois and Algonquins of the Lake of Two Mountains (Quebec) 0.97; band_c02970=Lake of Two Mountains Agency (Quebec) 0.83; band_c02959=Iroquois (Quebec) 0.75,
Lake of Two Mountains Indians (No. 48),1893-1894,4,26,band,Lake of Two Mountains Indians,48,,,band_c02934,Iroquois and Algonquins of the Lake of Two Mountains,Quebec,1.0,linked,band_c02934=Iroquois and Algonquins of the Lake of Two Mountains (Quebec) 1.00; band_c02970=Lake of Two Mountains Agency (Quebec) 0.85; band_c02959=Iroquois (Quebec) 0.80,
"Lake of Two Mountains Indians, Que. (No. 48).",1897-1897,2,14,band,Lake of Two Mountains Indians,48,,quebec,band_c02934,Iroquois and Algonquins of the Lake of Two Mountains,Quebec,1.0,linked,band_c02934=Iroquois and Algonquins of the Lake of Two Mountains (Quebec) 1.00; band_c02970=Lake of Two Mountains Agency (Quebec) 0.85; band_c02959=Iroquois (Quebec) 0.80,
"Lake of Two Mountains Indians, Que. (No. 48.)",1896-1896,2,15,band,Lake of Two Mountains Indians,48,,quebec,band_c02934,Iroquois and Algonquins of the Lake of Two Mountains,Quebec,1.0,linked,band_c02934=Iroquois and Algonquins of the Lake of Two Mountains (Quebec) 1.00; band_c02970=Lake of Two Mountains Agency (Quebec) 0.85; band_c02959=Iroquois (Quebec) 0.80,
"Langley Indians, B.C. (No. 134)",1893-1893,1,3,band,Langley Indians,134,,british columbia,band_c00708,Langley,British Columbia,1.0,linked,band_c00708=Langley (British Columbia) 1.00; band_c02303=Langley (Ontario) 1.00; band_c01369=Cumberland Indians (None) 0.58,
"Little Black Bear's Band, N.W.T. (No. 181)",1897-1897,1,3,band,Little Black Bear's Band,181,,north-west territories,band_c02614,Little Black Bear,Saskatchewan,1.0,review_number_conflict,band_c02614=Little Black Bear (Saskatchewan) 1.00; band_c01372=Little Black Bear (None) 1.00; band_c02576=Montana (Little Bear) (Alberta) 0.80,No. 181 links to different band names: Little Black Bear; Pe-te-qua-key
Little Bone's Band (No. 104),1894-1894,2,8,band,Little Bone's Band,104,,,band_c02417,Leech Lake (Little Bones),North-West Territories,1.0,linked,band_c02417=Leech Lake (Little Bones) (North-West Territories) 1.00; band_c02488=Little Pine and Lucky Man (Saskatchewan) 0.70; band_c02576=Montana (Little Bear) (Alberta) 0.70,
Little Bone's Band (No. 140)*,1895-1895,2,8,band,Little Bone's Band,140,,,band_c02417,Leech Lake (Little Bones),North-West Territories,1.0,linked,band_c02417=Leech Lake (Little Bones) (North-West Territories) 1.00; band_c02488=Little Pine and Lucky Man (Saskatchewan) 0.70; band_c02576=Montana (Little Bear) (Alberta) 0.70,
"Little Bone's Band, N.W.T. (No. 140)",1897-1897,1,10,band,Little Bone's Band,140,,north-west territories,band_c02417,Leech Lake (Little Bones),North-West Territories,1.0,linked,band_c02417=Leech Lake (Little Bones) (North-West Territories) 1.00; band_c02488=Little Pine and Lucky Man (Saskatchewan) 0.70; band_c02576=Montana (Little Bear) (Alberta) 0.70,
"Little Bone's Band, N.W.T. (No. 140*.)",1896-1896,3,13,band,Little Bone's Band,140,,north-west territories,band_c02417,Leech Lake (Little Bones),North-West Territories,1.0,linked,band_c02417=Leech Lake (Little Bones) (North-West Territories) 1.00; band_c02488=Little Pine and Lucky Man (Saskatchewan) 0.70; band_c02576=Montana (Little Bear) (Alberta) 0.70,
Little Bones' Band (No. 140),1893-1893,1,4,band,Little Bones' Band,140,,,band_c02417,Leech Lake (Little Bones),North-West Territories,1.0,linked,band_c02417=Leech Lake (Little Bones) (North-West Territories) 1.00; band_c02488=Little Pine and Lucky Man (Saskatchewan) 0.67; band_c02576=Montana (Little Bear) (Alberta) 0.67,
"Little Forks Band, Rainy River, Man. (No. 61).",1897-1897,1,5,band,"Little Forks Band, Rainy River",61,,manitoba,band_c01089,Sioux at Portage la Prairie,Manitoba,0.55,linked_by_number,band_c01223=Little Whale River (Manitoba And The North-West Territories) 0.55; band_c01165=Little Forks (Manitoba) 0.54; band_c01083=Berens River (Manitoba) 0.52,propagated from 'Portage la Prairie Band (No. 61).' via No. 61
Little Pine's Band (No. 190),1894-1895,3,11,band,Little Pine's Band,190,,,band_c01358,Little Pine,,1.0,linked,band_c01358=Little Pine (None) 1.00; band_c03154=Little Pine (Saskatchewan Inspectorates) 1.00; band_c02488=Little Pine and Lucky Man (Saskatchewan) 1.00,
Little South West Reserve (No. 164).,1894-1894,2,4,band,Little South West Reserve,164,,,,,,0.519,unlinked,band_c02417=Leech Lake (Little Bones) (North-West Territories) 0.52; band_c01716=West-Southampton (Nova Scotia) 0.52; band_c02576=Montana (Little Bear) (Alberta) 0.50,
"Little South west Reserve, N.B. (No. 164).",1897-1897,1,3,band,Little South west Reserve,164,,new brunswick,,,,0.462,unlinked,band_c01358=Little Pine (None) 0.46; band_c01427=Little Chief (None) 0.44; band_c02417=Leech Lake (Little Bones) (North-West Territories) 0.52,
"Little South-west Reserve, N.B. (No. 164)",1895-1895,2,4,band,Little South-west Reserve,164,,new brunswick,,,,0.48,unlinked,band_c01358=Little Pine (None) 0.48; band_c01313=Southwestern Agency. (New Brunswick) 0.48; band_c01427=Little Chief (None) 0.46,
"Little South-west Reserve, N.B. (No. 164.)",1896-1896,2,4,band,Little South-west Reserve,164,,new brunswick,,,,0.48,unlinked,band_c01358=Little Pine (None) 0.48; band_c01313=Southwestern Agency. (New Brunswick) 0.48; band_c01427=Little Chief (None) 0.46,
Long Plain Indiana (No. 127),1894-1894,1,4,band,Long Plain Indiana,127,,,band_c01190,Long Plain,Manitoba,0.641,linked_by_number,band_c01190=Long Plain (Manitoba) 0.64; band_c01275=Indian Island (New Brunswick) 0.55; band_c01665=Indian Island (Nova Scotia) 0.55,propagated from 'Long Plain Indians (No. 127)' via No. 127
Long Plain Indians (No. 127),1893-1893,1,4,band,Long Plain Indians,127,,,band_c01190,Long Plain,Manitoba,1.0,linked,band_c01190=Long Plain (Manitoba) 1.00; band_c03103=Long Point (Quebec) 0.67; band_c02224=Long Lake (Ontario) 0.59,
"Long Plain Indians, Man. (No. 127)",1895-1895,2,9,band,Long Plain Indians,127,,manitoba,band_c01190,Long Plain,Manitoba,1.0,linked,band_c01190=Long Plain (Manitoba) 1.00; band_c01242=Long Lake (Manitoba And The North-West Territories) 0.59; band_c01082=Swan Lake and Indian Gardens at Hamilton's Crossing (Manitoba) 0.55,
"Long Plain Indians, Man. (No. 127).",1897-1897,1,4,band,Long Plain Indians,127,,manitoba,band_c01190,Long Plain,Manitoba,1.0,linked,band_c01190=Long Plain (Manitoba) 1.00; band_c01242=Long Lake (Manitoba And The North-West Territories) 0.59; band_c01082=Swan Lake and Indian Gardens at Hamilton's Crossing (Manitoba) 0.55,
"Long Plain Indians, Man. (No. 127.)",1896-1896,2,5,band,Long Plain Indians,127,,manitoba,band_c01190,Long Plain,Manitoba,1.0,linked,band_c01190=Long Plain (Manitoba) 1.00; band_c01242=Long Lake (Manitoba And The North-West Territories) 0.59; band_c01082=Swan Lake and Indian Gardens at Hamilton's Crossing (Manitoba) 0.55,
"Long Sault Reserve 13, Man. (No. 221).",1895-1895,2,3,band,Long Sault Reserve 13,221,,manitoba,,,,0.471,unlinked,band_c01242=Long Lake (Manitoba And The North-West Territories) 0.47; band_c01190=Long Plain (Manitoba) 0.44; band_c02155=S. Saulteaux (Ontario) 0.53,
"Long Sault Reserve, 13, Man. (No. 221).",1897-1897,1,3,band,"Long Sault Reserve, 13",221,,manitoba,band_c01141,Long Sault No. 1,Manitoba,1.0,review_ambiguous,band_c01141=Long Sault No. 1 (Manitoba) 1.00; band_c01142=Long Sault No. 2 (Manitoba) 1.00; band_c02008=Long Sault No. 1 (Ontario) 1.00,
"Long Sault Reserve, 13, Man. (No. 221.)",1896-1896,2,4,band,"Long Sault Reserve, 13",221,,manitoba,band_c01141,Long Sault No. 1,Manitoba,1.0,review_ambiguous,band_c01141=Long Sault No. 1 (Manitoba) 1.00; band_c01142=Long Sault No. 2 (Manitoba) 1.00; band_c02008=Long Sault No. 1 (Ontario) 1.00,
"Louis Bull's Reserve, Hobbema Agency (No. 187).",1894-1894,2,6,band,Louis Bull's Reserve,187,,,band_c02797,Louis Bull,Alberta,1.0,linked,band_c02797=Louis Bull (Alberta) 1.00; band_c01470=Louis Bull (None) 1.00; band_c02617=Bull Head (Alberta) 0.57,
"Louis Bull's Reserve, Hobbema Agency, N.W.T. (No. 187)",1895-1895,2,6,band,Louis Bull's Reserve,187,,north-west territories,band_c02797,Louis Bull,Alberta,1.0,linked,band_c02797=Louis Bull (Alberta) 1.00; band_c01470=Louis Bull (None) 1.00; band_c02617=Bull Head (Alberta) 0.57,
"Lytton Band, B.C. (No. 151)",1895-1896,4,8,band,Lytton Band,151,,british columbia,band_c00141,Lytton,British Columbia,1.0,linked,band_c00141=Lytton (British Columbia) 1.00; band_c02333=Lytton (Ontario) 1.00; band_c00887=Lvtton (British Columbia) 0.60,
"Lytton Band, B.C. (No. 151).",1894-1897,3,8,band,Lytton Band,151,,british columbia,band_c00141,Lytton,British Columbia,1.0,linked,band_c00141=Lytton (British Columbia) 1.00; band_c02333=Lytton (Ontario) 1.00; band_c00887=Lvtton (British Columbia) 0.60,
"Lytton Indians, B.C. (No. 151)",1893-1893,1,3,band,Lytton Indians,151,,british columbia,band_c00141,Lytton,British Columbia,1.0,linked,band_c00141=Lytton (British Columbia) 1.00; band_c02333=Lytton (Ontario) 1.00; band_c00887=Lvtton (British Columbia) 0.60,
MAGANATTEWAN INDIANS,1883-1883,2,8,band,MAGANATTEWAN INDIANS,,,,band_c01831,Maganatawan (see Manitowaning),Ontario,0.818,review_below_gate,band_c01831=Maganatawan (see Manitowaning) (Ontario) 0.82; band_c01815=Maganatawan (see also Parry Sound Sup't'cy) (Ontario) 0.76; band_c02067=Maganettawan (Ontario) 0.64,
"MAGANATTEWAN INDIANS, in Account Current with the Department of Indian Affairs.",1884-1884,2,4,band,MAGANATTEWAN INDIANS,,,,band_c01831,Maganatawan (see Manitowaning),Ontario,0.818,review_below_gate,band_c01831=Maganatawan (see Manitowaning) (Ontario) 0.82; band_c01815=Maganatawan (see also Parry Sound Sup't'cy) (Ontario) 0.76; band_c02067=Maganettawan (Ontario) 0.64,
MAGANETTEWAN INDIANS,1886-1889,4,8,band,MAGANETTEWAN INDIANS,,,,band_c02067,Maganettawan,Ontario,0.818,review_below_gate,band_c02067=Maganettawan (Ontario) 0.82; band_c02147=Maganetawan (Ontario) 0.76; band_c01831=Maganatawan (see Manitowaning) (Ontario) 0.64,
MAGANETTEWAN INDIANS in Account with the Department of Indian Affairs,1888-1888,2,4,band,MAGANETTEWAN INDIANS,,,,band_c02067,Maganettawan,Ontario,0.818,review_below_gate,band_c02067=Maganettawan (Ontario) 0.82; band_c02147=Maganetawan (Ontario) 0.76; band_c01831=Maganatawan (see Manitowaning) (Ontario) 0.64,
MANITOULIN ISLAND INDIANS (Unceded),1886-1889,4,28,band,MANITOULIN ISLAND INDIANS (Unceded),,,,band_c01897,Wikwemikong (unceded),Ontario,1.0,linked,"band_c01897=Wikwemikong (unceded) (Ontario) 1.00; band_c01810=Ojibbewas and Ottawas of Manitoulin and Cockburn Islands, at - (Ontario) 1.00; band_c01870=Manitoulin, Unceded (Ontario) 0.80",
MANITOULIN ISLAND INDIANS (Unceded) in Account with the Department of Indian Affairs,1888-1888,2,14,band,MANITOULIN ISLAND INDIANS (Unceded),,,,band_c01897,Wikwemikong (unceded),Ontario,1.0,linked,"band_c01897=Wikwemikong (unceded) (Ontario) 1.00; band_c01810=Ojibbewas and Ottawas of Manitoulin and Cockburn Islands, at - (Ontario) 1.00; band_c01870=Manitoulin, Unceded (Ontario) 0.80",
MANITOULIN ISLAND INDIANS (unceded),1882-1883,3,15,band,MANITOULIN ISLAND INDIANS (unceded),,,,band_c01897,Wikwemikong (unceded),Ontario,1.0,linked,"band_c01897=Wikwemikong (unceded) (Ontario) 1.00; band_c01810=Ojibbewas and Ottawas of Manitoulin and Cockburn Islands, at - (Ontario) 1.00; band_c01870=Manitoulin, Unceded (Ontario) 0.80",
"MANITOULIN ISLAND INDIANS (unceded), in Account Current with the Department of Indian Affairs.",1884-1884,2,7,band,MANITOULIN ISLAND INDIANS (unceded),,,,band_c01897,Wikwemikong (unceded),Ontario,1.0,linked,"band_c01897=Wikwemikong (unceded) (Ontario) 1.00; band_c01810=Ojibbewas and Ottawas of Manitoulin and Cockburn Islands, at - (Ontario) 1.00; band_c01870=Manitoulin, Unceded (Ontario) 0.80",
MANITOULIN ISLAND Indians (Unceded) in Account with the Department of Indian Affairs.,1887-1887,2,14,band,MANITOULIN ISLAND Indians (Unceded),,,,band_c01897,Wikwemikong (unceded),Ontario,1.0,linked,"band_c01897=Wikwemikong (unceded) (Ontario) 1.00; band_c01810=Ojibbewas and Ottawas of Manitoulin and Cockburn Islands, at - (Ontario) 1.00; band_c01870=Manitoulin, Unceded (Ontario) 0.80",
MEGANATTEWAN INDIANS,1882-1882,1,2,band,MEGANATTEWAN INDIANS,,,,,,,0.636,unlinked,band_c01831=Maganatawan (see Manitowaning) (Ontario) 0.64; band_c01815=Maganatawan (see also Parry Sound Sup't'cy) (Ontario) 0.57; band_c01082=Swan Lake and Indian Gardens at Hamilton's Crossing (Manitoba) 0.52,
MEGANETTEWAN Indians in Account with the Department of Indian Affairs.,1887-1887,2,5,band,MEGANETTEWAN Indians,,,,,,,0.636,unlinked,band_c02067=Maganettawan (Ontario) 0.64; band_c02147=Maganetawan (Ontario) 0.57; band_c01236=Mettachewan (Manitoba And The North-West Territories) 0.57,
MISSISSAGUAS OF ALNWICK,1882-1882,1,29,band,MISSISSAGUAS OF ALNWICK,,,,band_c01877,Mississaguas of Alnwick,Ontario,1.0,linked,band_c01877=Mississaguas of Alnwick (Ontario) 1.00; band_c01900=Mississaguas Alnwick (Ontario) 0.93; band_c01891=Mississaguas of Scugog (Ontario) 0.70,
MISSISSAGUAS OF MUD LAKE,1884-1886,5,37,band,MISSISSAGUAS OF MUD LAKE,,,,band_c01872,Mississaguas of Mud Lake,Ontario,1.0,linked,band_c01872=Mississaguas of Mud Lake (Ontario) 1.00; band_c01864=Mississaguas of Rice Lake (Ontario) 0.81; band_c01901=Mississaguas Rice Lake (Ontario) 0.73,
MISSISSAGUAS OF RICE AND MUD LAKES,1882-1882,1,17,band,MISSISSAGUAS OF RICE AND MUD LAKES,,,,band_c01864,Mississaguas of Rice Lake,Ontario,0.842,review_below_gate,band_c01864=Mississaguas of Rice Lake (Ontario) 0.84; band_c01872=Mississaguas of Mud Lake (Ontario) 0.82; band_c01901=Mississaguas Rice Lake (Ontario) 0.78,
MISSISSAGUAS OF RICE LAKE,1884-1885,3,38,band,MISSISSAGUAS OF RICE LAKE,,,,band_c01864,Mississaguas of Rice Lake,Ontario,1.0,linked,band_c01864=Mississaguas of Rice Lake (Ontario) 1.00; band_c01901=Mississaguas Rice Lake (Ontario) 0.93; band_c01872=Mississaguas of Mud Lake (Ontario) 0.81,
MISSISSAGUAS OF SCUGOG,1882-1886,5,51,band,MISSISSAGUAS OF SCUGOG,,,,band_c01891,Mississaguas of Scugog,Ontario,1.0,linked,band_c01891=Mississaguas of Scugog (Ontario) 1.00; band_c01937=Mississaguas Scugog (Ontario) 0.92; band_c01863=Mississaguas of the Credit (Ontario) 0.71,
MISSISSAGUAS OF THE CREDIT,1882-1885,6,115,band,MISSISSAGUAS OF THE CREDIT,,,,band_c01863,Mississaguas of the Credit,Ontario,1.0,linked,band_c01863=Mississaguas of the Credit (Ontario) 1.00; band_c01845=Mississaguas of New Credit (Ontario) 0.91; band_c01858=Mississaugas (Ontario) 0.85,
MISSISSAGUAS OF UPPER OTTAWA,1883-1883,1,3,band,MISSISSAGUAS OF UPPER OTTAWA,,,,,,,0.625,unlinked,band_c01891=Mississaguas of Scugog (Ontario) 0.62; band_c01863=Mississaguas of the Credit (Ontario) 0.62; band_c01877=Mississaguas of Alnwick (Ontario) 0.61,
MISSISSAUGAS OF ALNWICK,1883-1884,4,41,band,MISSISSAUGAS OF ALNWICK,,,,band_c01877,Mississaguas of Alnwick,Ontario,1.0,linked,band_c01877=Mississaguas of Alnwick (Ontario) 1.00; band_c01900=Mississaguas Alnwick (Ontario) 0.79; band_c01891=Mississaguas of Scugog (Ontario) 0.70,
"MISSISSAUGAS OF ALNWICK, in Account Current with the Department of Indian Affairs.",1884-1884,1,26,band,MISSISSAUGAS OF ALNWICK,,,,band_c01877,Mississaguas of Alnwick,Ontario,1.0,linked,band_c01877=Mississaguas of Alnwick (Ontario) 1.00; band_c01900=Mississaguas Alnwick (Ontario) 0.79; band_c01891=Mississaguas of Scugog (Ontario) 0.70,
MISSISSAUGUAS OF ALNWICK,1886-1889,6,95,band,MISSISSAUGUAS OF ALNWICK,,,,band_c01877,Mississaguas of Alnwick,Ontario,1.0,linked,band_c01877=Mississaguas of Alnwick (Ontario) 1.00; band_c01900=Mississaguas Alnwick (Ontario) 0.86; band_c01891=Mississaguas of Scugog (Ontario) 0.71,
MISSISSAUGUAS OF ALNWICK in Account with the Department of Indian Affairs.,1887-1887,2,29,band,MISSISSAUGUAS OF ALNWICK,,,,band_c01877,Mississaguas of Alnwick,Ontario,1.0,linked,band_c01877=Mississaguas of Alnwick (Ontario) 1.00; band_c01900=Mississaguas Alnwick (Ontario) 0.86; band_c01891=Mississaguas of Scugog (Ontario) 0.71,
MISSISSAUGUAS OF MUD LAKE,1887-1889,4,29,band,MISSISSAUGUAS OF MUD LAKE,,,,band_c01872,Mississaguas of Mud Lake,Ontario,1.0,linked,band_c01872=Mississaguas of Mud Lake (Ontario) 1.00; band_c01864=Mississaguas of Rice Lake (Ontario) 0.82; band_c01891=Mississaguas of Scugog (Ontario) 0.70,
MISSISSAUGUAS OF MUD LAKE in Account with the Department of Indian Affairs,1888-1888,1,13,band,MISSISSAUGUAS OF MUD LAKE,,,,band_c01872,Mississaguas of Mud Lake,Ontario,1.0,linked,band_c01872=Mississaguas of Mud Lake (Ontario) 1.00; band_c01864=Mississaguas of Rice Lake (Ontario) 0.82; band_c01891=Mississaguas of Scugog (Ontario) 0.70,
MISSISSAUGUAS OF RICE LAKE,1886-1889,5,62,band,MISSISSAUGUAS OF RICE LAKE,,,,band_c01864,Mississaguas of Rice Lake,Ontario,1.0,linked,band_c01864=Mississaguas of Rice Lake (Ontario) 1.00; band_c01901=Mississaguas Rice Lake (Ontario) 0.87; band_c01872=Mississaguas of Mud Lake (Ontario) 0.82,
"MISSISSAUGUAS OF RICE LAKE, in Account with the Department of Indian Affairs",1888-1888,1,17,band,MISSISSAUGUAS OF RICE LAKE,,,,band_c01864,Mississaguas of Rice Lake,Ontario,1.0,linked,band_c01864=Mississaguas of Rice Lake (Ontario) 1.00; band_c01901=Mississaguas Rice Lake (Ontario) 0.87; band_c01872=Mississaguas of Mud Lake (Ontario) 0.82,
MISSISSAUGUAS OF SCUGOG,1887-1889,4,29,band,MISSISSAUGUAS OF SCUGOG,,,,band_c01891,Mississaguas of Scugog,Ontario,1.0,linked,band_c01891=Mississaguas of Scugog (Ontario) 1.00; band_c01937=Mississaguas Scugog (Ontario) 0.85; band_c01877=Mississaguas of Alnwick (Ontario) 0.71,
MISSISSAUGUAS OF SCUGOG in Account with the Department of Indian Affairs,1888-1888,1,12,band,MISSISSAUGUAS OF SCUGOG,,,,band_c01891,Mississaguas of Scugog,Ontario,1.0,linked,band_c01891=Mississaguas of Scugog (Ontario) 1.00; band_c01937=Mississaguas Scugog (Ontario) 0.85; band_c01877=Mississaguas of Alnwick (Ontario) 0.71,
MISSISSAUGUAS OF THE CREDIT,1886-1889,4,144,band,MISSISSAUGUAS OF THE CREDIT,,,,band_c01863,Mississaguas of the Credit,Ontario,0.93,review_ambiguous,band_c01863=Mississaguas of the Credit (Ontario) 0.93; band_c01858=Mississaugas (Ontario) 0.92; band_c01845=Mississaguas of New Credit (Ontario) 0.85,
MOHAWKS OF BAY OF QUINTE,1883-1887,7,233,band,MOHAWKS OF BAY OF QUINTE,,,,band_c01851,Mohawks of the Bay of Quinté,Ontario,1.0,linked,"band_c01851=Mohawks of the Bay of Quinté (Ontario) 1.00; band_c02936=Algonquins of - (Quebec) 0.47; band_c02946=Algonquins of Hartwell, County of Ottawa (Quebec) 0.46",
MOHAWKS OF BAY OF QUINTE in Account with the Department of Indian Affairs,1888-1888,1,29,band,MOHAWKS OF BAY OF QUINTE,,,,band_c01851,Mohawks of the Bay of Quinté,Ontario,1.0,linked,"band_c01851=Mohawks of the Bay of Quinté (Ontario) 1.00; band_c02936=Algonquins of - (Quebec) 0.47; band_c02946=Algonquins of Hartwell, County of Ottawa (Quebec) 0.46",
MOHAWKS OF THE BAY OF QUINTE,1882-1882,3,39,band,MOHAWKS OF THE BAY OF QUINTE,,,,band_c01851,Mohawks of the Bay of Quinté,Ontario,1.0,linked,"band_c01851=Mohawks of the Bay of Quinté (Ontario) 1.00; band_c02936=Algonquins of - (Quebec) 0.47; band_c02946=Algonquins of Hartwell, County of Ottawa (Quebec) 0.46",
MORAVIANS OF THE THAMES,1882-1889,11,172,band,MORAVIANS OF THE THAMES,,,,band_c01892,Moravians of the Thames,Ontario,1.0,linked,band_c01892=Moravians of the Thames (Ontario) 1.00; band_c01917=Munsees of the Thames (Ontario) 0.65; band_c01904=Oneidas of the Thames (Ontario) 0.59,
MORAVIANS OF THE THAMES in Account with the Department of Indian Affairs,1888-1888,1,24,band,MORAVIANS OF THE THAMES,,,,band_c01892,Moravians of the Thames,Ontario,1.0,linked,band_c01892=Moravians of the Thames (Ontario) 1.00; band_c01917=Munsees of the Thames (Ontario) 0.65; band_c01904=Oneidas of the Thames (Ontario) 0.59,
MUNSEES OF THE THAMES,1882-1889,12,37,band,MUNSEES OF THE THAMES,,,,band_c01917,Munsees of the Thames,Ontario,1.0,linked,band_c01917=Munsees of the Thames (Ontario) 1.00; band_c01967=Munceys of Thames (Ontario) 0.75; band_c01892=Moravians of the Thames (Ontario) 0.67,
MUNSEES OF THE THAMES in Account with the Department of Indian Affairs.,1887-1887,1,4,band,MUNSEES OF THE THAMES,,,,band_c01917,Munsees of the Thames,Ontario,1.0,linked,band_c01917=Munsees of the Thames (Ontario) 1.00; band_c01967=Munceys of Thames (Ontario) 0.75; band_c01892=Moravians of the Thames (Ontario) 0.67,
MUSQUEAN BAND OF BRITISH COLUMBIA,1885-1888,4,8,band,MUSQUEAN BAND OF BRITISH COLUMBIA,,,,band_c00074,British Columbia,British Columbia,0.68,review_below_gate,band_c00074=British Columbia (British Columbia) 0.68; band_c01023=British Columbia (Grand Recapitulation) 0.68; band_c02624=British Columbia (North-West Territories) 0.68,
MUSQUEAN BAND OF BRITISH COLUMBIA in Account with the Department of Indian Affairs,1887-1887,2,4,band,MUSQUEAN BAND OF BRITISH COLUMBIA,,,,band_c00074,British Columbia,British Columbia,0.68,review_below_gate,band_c00074=British Columbia (British Columbia) 0.68; band_c01023=British Columbia (Grand Recapitulation) 0.68; band_c02624=British Columbia (North-West Territories) 0.68,
"MUSQUEAN BAND, B.C., in Account Current with the Department of Indian Affairs.",1884-1884,2,5,band,MUSQUEAN BAND,,,british columbia,band_c00739,Musqueam,British Columbia,0.857,linked,band_c00739=Musqueam (British Columbia) 0.86; band_c02264=Musqueam (Ontario) 0.86; band_c00740=Musqueom (British Columbia) 0.71,
MUSQUEAN INDIANS (B.C.) in Account with the Department of Indian Affairs,1889-1889,1,3,band,MUSQUEAN INDIANS ( ),,,british columbia,band_c00739,Musqueam,British Columbia,0.857,linked,band_c00739=Musqueam (British Columbia) 0.86; band_c02264=Musqueam (Ontario) 0.86; band_c00740=Musqueom (British Columbia) 0.71,
Maganettawan Indians (No. 16),1893-1894,4,14,band,Maganettawan Indians,16,,,band_c02067,Maganettawan,Ontario,1.0,linked,band_c02067=Maganettawan (Ontario) 1.00; band_c02147=Maganetawan (Ontario) 0.95; band_c01831=Maganatawan (see Manitowaning) (Ontario) 0.82,
"Maganettewan Indians, Ont. (No. 16)",1895-1897,8,26,band,Maganettewan Indians,16,,ontario,band_c02067,Maganettawan,Ontario,0.818,linked_by_number,band_c02067=Maganettawan (Ontario) 0.82; band_c02147=Maganetawan (Ontario) 0.76; band_c01831=Maganatawan (see Manitowaning) (Ontario) 0.64,propagated from 'Maganettawan Indians (No. 16)' via No. 16
Man-who-took-the-coat's Band (No. 143),1893-1893,1,3,band,-who-took-the-coat's Band,143,,manitoba,band_c01348,The-man-who-took-the-coat or Jack.,,0.684,review_below_gate,"band_c01348=The-man-who-took-the-coat or Jack. (None) 0.68; band_c02418=The-man-who-took-the-coat, or Jack (North-West Territories) 0.68; band_c01476=Thos. Scott (None) 0.42",
Manitoulin Island (Unceded) (No. 15),1893-1895,7,43,band,Manitoulin Island (Unceded),15,,,band_c01897,Wikwemikong (unceded),Ontario,1.0,review_number_conflict,"band_c01897=Wikwemikong (unceded) (Ontario) 1.00; band_c01810=Ojibbewas and Ottawas of Manitoulin and Cockburn Islands, at - (Ontario) 1.00; band_c01870=Manitoulin, Unceded (Ontario) 0.80","No. 15 links to different band names: Manitoulin, Unceded; Wikwemikong (unceded)"
"Manitoulin Island, unceded (No. 15)",1896-1897,5,73,band,"Manitoulin Island, unceded",15,,,band_c01870,"Manitoulin, Unceded",Ontario,1.0,review_number_conflict,"band_c01870=Manitoulin, Unceded (Ontario) 1.00; band_c01810=Ojibbewas and Ottawas of Manitoulin and Cockburn Islands, at - (Ontario) 0.80; band_c01871=Manitoulin Is. Wendell including South Bay. (Ontario) 0.54","No. 15 links to different band names: Manitoulin, Unceded; Wikwemikong (unceded)"
Marian Tenesco Comondo (No. 96).,1897-1897,1,5,band,Marian Tenesco Comondo,96,,,,,,0.0,unlinked,,
"Marktosis Band, B.C., (No. 242).",1897-1897,1,3,band,Marktosis Band,242,,british columbia,,,,0.462,unlinked,band_c00158=Riskie Creek (Toosie) (British Columbia) 0.46,
Mary Ann Makateneni (No. 238).,1897-1897,1,4,band,Mary Ann Makateneni,238,,,,,,0.0,unlinked,,
"Matsqui Sahsahcom Indians, B.C. (No. 129)",1893-1893,1,3,band,Matsqui Sahsahcom Indians,129,,british columbia,,,,0.474,unlinked,"band_c00071=Nomadic Indians, about (British Columbia) 0.47; band_c00100=Nomadic Indians (estimated) (British Columbia) 0.47; band_c02926=Nomadic Indians, about (Province Of) 0.41",
"Matsqui-sah-hah-com Band, B.C. (No. 129).",1897-1897,1,3,band,Matsqui-sah-hah-com Band,129,,british columbia,,,,0.417,unlinked,band_c00822=Matsqui (British Columbia) 0.42; band_c00507=Ehatisaht (British Columbia) 0.42; band_c00380=Ehatt-is-aht (British Columbia) 0.42,
"Matsqui-sah-hah-com Band, B.C. (No. 129.)",1896-1896,3,6,band,Matsqui-sah-hah-com Band,129,,british columbia,,,,0.417,unlinked,band_c00822=Matsqui (British Columbia) 0.42; band_c00507=Ehatisaht (British Columbia) 0.42; band_c00380=Ehatt-is-aht (British Columbia) 0.42,
"Matsqui-sah-sah-com Band, B.C. (No. 129)*",1895-1895,1,4,band,Matsqui-sah-sah-com Band,129,,british columbia,,,,0.417,unlinked,band_c00822=Matsqui (British Columbia) 0.42; band_c02306=Matsqui (Ontario) 0.42,
"Matsqui-sah-sah-com Band, B.C. (No. 129).",1894-1894,1,3,band,Matsqui-sah-sah-com Band,129,,british columbia,,,,0.417,unlinked,band_c00822=Matsqui (British Columbia) 0.42; band_c02306=Matsqui (Ontario) 0.42,
"Micmacs of Maria, Que. (No. 71)",1897-1897,1,3,band,Micmacs of Maria,71,,quebec,band_c03068,Micmacs of Maria,Quebec,1.0,linked,band_c03068=Micmacs of Maria (Quebec) 1.00; band_c03031=Micmacs (Quebec) 0.67; band_c01277=Micmacs of - (New Brunswick) 0.75,
"Micmacs of Maria, Que. (No. 71.)",1896-1896,2,4,band,Micmacs of Maria,71,,quebec,band_c03068,Micmacs of Maria,Quebec,1.0,linked,band_c03068=Micmacs of Maria (Quebec) 1.00; band_c03031=Micmacs (Quebec) 0.67; band_c01277=Micmacs of - (New Brunswick) 0.75,
Miscellaneous.,1884-1887,3,74,band,Miscellaneous,,,,,,,0.423,unlinked,"band_c01350=Miscellaneous under 57 Vic., c. 2 (None) 0.42",
Missionaries' Salaries.,1885-1885,1,8,department,Missionaries' Salaries,,,,,,,0.0,department,,
"Mississagua River Indians, Ont. (No. 28)",1895-1896,6,39,band,Mississagua River Indians,28,,ontario,band_c01965,Mississagua River,Ontario,1.0,linked,band_c01965=Mississagua River (Ontario) 1.00; band_c01827=Mississagi River (Ontario) 0.90; band_c01822=Thessalon (Ontario) 0.84,
"Mississagua River Indians, Ont. (No. 28).",1897-1897,2,15,band,Mississagua River Indians,28,,ontario,band_c01965,Mississagua River,Ontario,1.0,linked,band_c01965=Mississagua River (Ontario) 1.00; band_c01827=Mississagi River (Ontario) 0.90; band_c01822=Thessalon (Ontario) 0.84,
Mississaguas of Alnwick (No. 17),1894-1894,2,93,band,Mississaguas of Alnwick,17,,,band_c01877,Mississaguas of Alnwick,Ontario,1.0,linked,band_c01877=Mississaguas of Alnwick (Ontario) 1.00; band_c01900=Mississaguas Alnwick (Ontario) 0.93; band_c01891=Mississaguas of Scugog (Ontario) 0.70,
"Mississaguas of Alnwick, Ont. (No. 17)",1895-1896,5,104,band,Mississaguas of Alnwick,17,,ontario,band_c01877,Mississaguas of Alnwick,Ontario,1.0,linked,band_c01877=Mississaguas of Alnwick (Ontario) 1.00; band_c01900=Mississaguas Alnwick (Ontario) 0.93; band_c01891=Mississaguas of Scugog (Ontario) 0.70,
"Mississaguas of Alnwick, Ont. (No. 17).",1897-1897,2,48,band,Mississaguas of Alnwick,17,,ontario,band_c01877,Mississaguas of Alnwick,Ontario,1.0,linked,band_c01877=Mississaguas of Alnwick (Ontario) 1.00; band_c01900=Mississaguas Alnwick (Ontario) 0.93; band_c01891=Mississaguas of Scugog (Ontario) 0.70,
Mississaguas of Mud Lake (No. 20),1894-1897,5,62,band,Mississaguas of Mud Lake,20,,,band_c01872,Mississaguas of Mud Lake,Ontario,1.0,linked,band_c01872=Mississaguas of Mud Lake (Ontario) 1.00; band_c01864=Mississaguas of Rice Lake (Ontario) 0.81; band_c01901=Mississaguas Rice Lake (Ontario) 0.73,
"Mississaguas of Mud Lake, Ont. (No. 20)",1895-1896,6,64,band,Mississaguas of Mud Lake,20,,ontario,band_c01872,Mississaguas of Mud Lake,Ontario,1.0,linked,band_c01872=Mississaguas of Mud Lake (Ontario) 1.00; band_c01864=Mississaguas of Rice Lake (Ontario) 0.81; band_c01901=Mississaguas Rice Lake (Ontario) 0.73,
Mississaguas of Rice Lake (No. 19),1897-1897,2,39,band,Mississaguas of Rice Lake,19,,,band_c01864,Mississaguas of Rice Lake,Ontario,1.0,linked,band_c01864=Mississaguas of Rice Lake (Ontario) 1.00; band_c01901=Mississaguas Rice Lake (Ontario) 0.93; band_c01872=Mississaguas of Mud Lake (Ontario) 0.81,
Mississaguas of Rice Lake (No. 19) - CAPITAL.,1894-1894,1,8,band,Mississaguas of Rice Lake (No. 19) - CAPITAL,,,,band_c01864,Mississaguas of Rice Lake,Ontario,0.857,linked,band_c01864=Mississaguas of Rice Lake (Ontario) 0.86; band_c01901=Mississaguas Rice Lake (Ontario) 0.79; band_c01872=Mississaguas of Mud Lake (Ontario) 0.69,
Mississaguas of Rice Lake (No. 19) - INTEREST.,1894-1894,1,22,band,Mississaguas of Rice Lake (No. 19),,,,band_c01864,Mississaguas of Rice Lake,Ontario,1.0,linked,band_c01864=Mississaguas of Rice Lake (Ontario) 1.00; band_c01901=Mississaguas Rice Lake (Ontario) 0.93; band_c01872=Mississaguas of Mud Lake (Ontario) 0.81,
"Mississaguas of Rice Lake, Ont. (No. 19)",1895-1896,6,81,band,Mississaguas of Rice Lake,19,,ontario,band_c01864,Mississaguas of Rice Lake,Ontario,1.0,linked,band_c01864=Mississaguas of Rice Lake (Ontario) 1.00; band_c01901=Mississaguas Rice Lake (Ontario) 0.93; band_c01872=Mississaguas of Mud Lake (Ontario) 0.81,
Mississaguas of Scugog (No. 21),1894-1894,3,25,band,Mississaguas of Scugog,21,,,band_c01891,Mississaguas of Scugog,Ontario,1.0,linked,band_c01891=Mississaguas of Scugog (Ontario) 1.00; band_c01937=Mississaguas Scugog (Ontario) 0.92; band_c01863=Mississaguas of the Credit (Ontario) 0.71,
"Mississaguas of Scugog, Ont. (No. 21)",1895-1897,8,98,band,Mississaguas of Scugog,21,,ontario,band_c01891,Mississaguas of Scugog,Ontario,1.0,linked,band_c01891=Mississaguas of Scugog (Ontario) 1.00; band_c01937=Mississaguas Scugog (Ontario) 0.92; band_c01863=Mississaguas of the Credit (Ontario) 0.71,
Mississaguas of the Credit (No. 18) - CAPITAL.,1894-1894,1,4,band,Mississaguas of the Credit (No. 18) - CAPITAL,,,,band_c01863,Mississaguas of the Credit,Ontario,0.84,review_below_gate,band_c01863=Mississaguas of the Credit (Ontario) 0.84; band_c01845=Mississaguas of New Credit (Ontario) 0.78; band_c01858=Mississaugas (Ontario) 0.73,
Mississaguas of the Credit (No. 18) - INTEREST - Concluded.,1894-1894,1,21,band,Mississaguas of the Credit (No. 18),,,,band_c01863,Mississaguas of the Credit,Ontario,1.0,linked,band_c01863=Mississaguas of the Credit (Ontario) 1.00; band_c01845=Mississaguas of New Credit (Ontario) 0.91; band_c01858=Mississaugas (Ontario) 0.85,
Mississaguas of the Credit (No. 18) - INTEREST.,1894-1894,1,48,band,Mississaguas of the Credit (No. 18),,,,band_c01863,Mississaguas of the Credit,Ontario,1.0,linked,band_c01863=Mississaguas of the Credit (Ontario) 1.00; band_c01845=Mississaguas of New Credit (Ontario) 0.91; band_c01858=Mississaugas (Ontario) 0.85,
"Mississaguas of the Credit, Ont. (No. 18)",1895-1896,4,120,band,Mississaguas of the Credit,18,,ontario,band_c01863,Mississaguas of the Credit,Ontario,1.0,linked,band_c01863=Mississaguas of the Credit (Ontario) 1.00; band_c01845=Mississaguas of New Credit (Ontario) 0.91; band_c01858=Mississaugas (Ontario) 0.85,
"Mississaguas of the Credit, Ont. (No. 18).",1897-1897,2,23,band,Mississaguas of the Credit,18,,ontario,band_c01863,Mississaguas of the Credit,Ontario,1.0,linked,band_c01863=Mississaguas of the Credit (Ontario) 1.00; band_c01845=Mississaguas of New Credit (Ontario) 0.91; band_c01858=Mississaugas (Ontario) 0.85,
Mississaugas of Alnwick (No. 17),1893-1893,1,4,band,Mississaugas of Alnwick,17,,,band_c01877,Mississaguas of Alnwick,Ontario,1.0,linked,band_c01877=Mississaguas of Alnwick (Ontario) 1.00; band_c01900=Mississaguas Alnwick (Ontario) 0.79; band_c01891=Mississaguas of Scugog (Ontario) 0.70,
Mississaugas of Mud Lake (No. 20),1893-1893,1,4,band,Mississaugas of Mud Lake,20,,,band_c01872,Mississaguas of Mud Lake,Ontario,1.0,linked,band_c01872=Mississaguas of Mud Lake (Ontario) 1.00; band_c01864=Mississaguas of Rice Lake (Ontario) 0.81; band_c01891=Mississaguas of Scugog (Ontario) 0.68,
Mississaugas of Rice Lake (No. 19),1893-1893,1,4,band,Mississaugas of Rice Lake,19,,,band_c01864,Mississaguas of Rice Lake,Ontario,1.0,linked,band_c01864=Mississaguas of Rice Lake (Ontario) 1.00; band_c01872=Mississaguas of Mud Lake (Ontario) 0.81; band_c01901=Mississaguas Rice Lake (Ontario) 0.80,
Mississaugas of Scugog (No. 21).,1893-1893,1,4,band,Mississaugas of Scugog,21,,,band_c01891,Mississaguas of Scugog,Ontario,1.0,linked,band_c01891=Mississaguas of Scugog (Ontario) 1.00; band_c01937=Mississaguas Scugog (Ontario) 0.77; band_c01863=Mississaguas of the Credit (Ontario) 0.71,
Mississaugas of the Credit (No. 18),1893-1893,2,9,band,Mississaugas of the Credit,18,,,band_c01863,Mississaguas of the Credit,Ontario,1.0,linked,band_c01863=Mississaguas of the Credit (Ontario) 1.00; band_c01858=Mississaugas (Ontario) 0.91; band_c01845=Mississaguas of New Credit (Ontario) 0.84,
Mohawks of Bay of Quinté (No. 22),1894-1894,2,62,band,Mohawks of Bay of Quinté,22,,,band_c01851,Mohawks of the Bay of Quinté,Ontario,1.0,linked,"band_c01851=Mohawks of the Bay of Quinté (Ontario) 1.00; band_c02936=Algonquins of - (Quebec) 0.47; band_c02946=Algonquins of Hartwell, County of Ottawa (Quebec) 0.46",
Mohawks of Bay of Quinté (No. 22).,1893-1893,1,5,band,Mohawks of Bay of Quinté,22,,,band_c01851,Mohawks of the Bay of Quinté,Ontario,1.0,linked,"band_c01851=Mohawks of the Bay of Quinté (Ontario) 1.00; band_c02936=Algonquins of - (Quebec) 0.47; band_c02946=Algonquins of Hartwell, County of Ottawa (Quebec) 0.46",
"Mohawks of Bay of Quinté, Ont. (No. 22)",1895-1895,3,113,band,Mohawks of Bay of Quinté,22,,ontario,band_c01851,Mohawks of the Bay of Quinté,Ontario,1.0,linked,"band_c01851=Mohawks of the Bay of Quinté (Ontario) 1.00; band_c02936=Algonquins of - (Quebec) 0.47; band_c02946=Algonquins of Hartwell, County of Ottawa (Quebec) 0.46",
"Mohawks of the Bay of Quinté, Ont. (No. 22)",1896-1897,4,116,band,Mohawks of the Bay of Quinté,22,,ontario,band_c01851,Mohawks of the Bay of Quinté,Ontario,1.0,linked,"band_c01851=Mohawks of the Bay of Quinté (Ontario) 1.00; band_c02936=Algonquins of - (Quebec) 0.47; band_c02946=Algonquins of Hartwell, County of Ottawa (Quebec) 0.46",
"Montreal Lake Band, N.W.T. (No. 226).",1897-1897,1,6,band,Montreal Lake Band,226,,north-west territories,band_c02445,William Charles (Montreal Lake),Saskatchewan,1.0,review_ambiguous,"band_c02445=William Charles (Montreal Lake) (Saskatchewan) 1.00; band_c03149=Montreal Lake (Saskatchewan Inspectorates) 1.00; band_c02553=Deer Lake, non-treaty (North-West Territories) 0.60",
"Montreal Lake Band, N.W.T. (No. 226.)",1896-1896,2,4,band,Montreal Lake Band,226,,north-west territories,band_c02445,William Charles (Montreal Lake),Saskatchewan,1.0,review_ambiguous,"band_c02445=William Charles (Montreal Lake) (Saskatchewan) 1.00; band_c03149=Montreal Lake (Saskatchewan Inspectorates) 1.00; band_c02553=Deer Lake, non-treaty (North-West Territories) 0.60",
Moosomin's Band (No. 191),1895-1895,1,2,band,Moosomin's Band,191,,,band_c02800,Moosomin,Saskatchewan,1.0,linked,band_c02800=Moosomin (Saskatchewan) 1.00; band_c01518=Moosomin (None) 1.00; band_c03161=Moosomin (Saskatchewan Inspectorates) 1.00,
Moosomin's Band (No. 191).,1894-1894,1,9,band,Moosomin's Band,191,,,band_c02800,Moosomin,Saskatchewan,1.0,linked,band_c02800=Moosomin (Saskatchewan) 1.00; band_c01518=Moosomin (None) 1.00; band_c03161=Moosomin (Saskatchewan Inspectorates) 1.00,
Moravians of the Thames (No. 23).,1893-1893,1,4,band,Moravians of the Thames,23,,,band_c01892,Moravians of the Thames,Ontario,1.0,linked,band_c01892=Moravians of the Thames (Ontario) 1.00; band_c01917=Munsees of the Thames (Ontario) 0.65; band_c01904=Oneidas of the Thames (Ontario) 0.59,
"Moravians of the Thames, Ont. (No. 23)",1895-1897,4,91,band,Moravians of the Thames,23,,ontario,band_c01892,Moravians of the Thames,Ontario,1.0,linked,band_c01892=Moravians of the Thames (Ontario) 1.00; band_c01917=Munsees of the Thames (Ontario) 0.65; band_c01904=Oneidas of the Thames (Ontario) 0.59,
"Moravians of the Thames, Ont. (No. 23).",1896-1896,2,58,band,Moravians of the Thames,23,,ontario,band_c01892,Moravians of the Thames,Ontario,1.0,linked,band_c01892=Moravians of the Thames (Ontario) 1.00; band_c01917=Munsees of the Thames (Ontario) 0.65; band_c01904=Oneidas of the Thames (Ontario) 0.59,
Moravians of the Themes (No. 23),1894-1894,2,50,band,Moravians of the Themes,23,,,band_c01892,Moravians of the Thames,Ontario,0.889,linked,band_c01892=Moravians of the Thames (Ontario) 0.89; band_c01917=Munsees of the Thames (Ontario) 0.53; band_c01904=Oneidas of the Thames (Ontario) 0.47,
"Mosquito Band, Battleford Agency (No. 193)*",1895-1895,1,4,band,Mosquito Band,193,,,band_c02634,Mosquito,Saskatchewan,1.0,linked,band_c02634=Mosquito (Saskatchewan) 1.00; band_c01519=Mosquito (None) 1.00; band_c00714=Kimsquit (British Columbia) 0.57,
"Mosquito Band, Battleford Agency (No. 193).",1894-1894,2,7,band,Mosquito Band,193,,,band_c02634,Mosquito,Saskatchewan,1.0,linked,band_c02634=Mosquito (Saskatchewan) 1.00; band_c01519=Mosquito (None) 1.00; band_c00714=Kimsquit (British Columbia) 0.57,
"Mount Elgin Industrial Institute, Ont. (No. 224.)",1896-1896,2,23,band,Mount Elgin Industrial Institute,224,,ontario,,,,0.0,unlinked,,
Munceys of the Thames (No. 24).,1893-1893,1,4,band,Munceys of the Thames,24,,,band_c01917,Munsees of the Thames,Ontario,1.0,linked,band_c01967=Munceys of Thames (Ontario) 1.00; band_c01917=Munsees of the Thames (Ontario) 0.75; band_c01904=Oneidas of the Thames (Ontario) 0.62,settled on best-attested duplicate via No. 24; duplicate census identities: band_c01967
Munsees of the Thames (No. 24),1894-1894,2,22,band,Munsees of the Thames,24,,,band_c01917,Munsees of the Thames,Ontario,1.0,linked,band_c01917=Munsees of the Thames (Ontario) 1.00; band_c01967=Munceys of Thames (Ontario) 0.75; band_c01892=Moravians of the Thames (Ontario) 0.67,duplicate census identities: band_c01967
"Munsees of the Thames, Ont. (No. 24)",1895-1897,4,51,band,Munsees of the Thames,24,,ontario,band_c01917,Munsees of the Thames,Ontario,1.0,linked,band_c01917=Munsees of the Thames (Ontario) 1.00; band_c01967=Munceys of Thames (Ontario) 0.75; band_c01892=Moravians of the Thames (Ontario) 0.67,duplicate census identities: band_c01967
"Muscowequan's Band, N.W.T. (No. 231).",1897-1897,1,3,band,Muscowequan's Band,231,,north-west territories,band_c02728,Muscowequan,Saskatchewan,1.0,linked,band_c02728=Muscowequan (Saskatchewan) 1.00; band_c01396=Mus-cow-e-quan (None) 1.00; band_c01448=Muscowequan (None) 1.00,
"Muscowequan's Band, N.W.T. (No. 231.)",1896-1896,1,1,band,Muscowequan's Band,231,,north-west territories,band_c02728,Muscowequan,Saskatchewan,1.0,linked,band_c02728=Muscowequan (Saskatchewan) 1.00; band_c01396=Mus-cow-e-quan (None) 1.00; band_c01448=Muscowequan (None) 1.00,
Muscowpetung's Reserve 80 (No. 213).,1895-1895,1,2,band,Muscowpetung's Reserve 80,213,,,band_c02577,Muscowpetung,Saskatchewan,1.0,linked,band_c02577=Muscowpetung (Saskatchewan) 1.00; band_c01386=Mus-cow-pe-tung (None) 1.00; band_c01428=Muscowpetung (None) 1.00,
"Muscowpetung's Reserve, No. 80, N.W.T. (No. 213).",1897-1897,1,4,band,"Muscowpetung's Reserve, No. 80",213,,north-west territories,band_c02577,Muscowpetung,Saskatchewan,1.0,linked,band_c02577=Muscowpetung (Saskatchewan) 1.00; band_c01386=Mus-cow-pe-tung (None) 1.00; band_c01428=Muscowpetung (None) 1.00,
"Muscowpetung's Reserve, No. 80, N.W.T. (No. 213.)",1896-1896,2,4,band,"Muscowpetung's Reserve, No. 80",213,,north-west territories,band_c02577,Muscowpetung,Saskatchewan,1.0,linked,band_c02577=Muscowpetung (Saskatchewan) 1.00; band_c01386=Mus-cow-pe-tung (None) 1.00; band_c01428=Muscowpetung (None) 1.00,
"Musqueam Indians, B.C. (No. 53)",1895-1895,3,7,band,Musqueam Indians,53,,british columbia,band_c00739,Musqueam,British Columbia,1.0,linked,band_c00739=Musqueam (British Columbia) 1.00; band_c02264=Musqueam (Ontario) 1.00; band_c00737=Misqueam (British Columbia) 0.83,
"Musqueam Indians, B.C. (No. 53).",1897-1897,2,5,band,Musqueam Indians,53,,british columbia,band_c00739,Musqueam,British Columbia,1.0,linked,band_c00739=Musqueam (British Columbia) 1.00; band_c02264=Musqueam (Ontario) 1.00; band_c00737=Misqueam (British Columbia) 0.83,
"Musqueam Indians, B.C. (No. 53.)",1896-1896,3,7,band,Musqueam Indians,53,,british columbia,band_c00739,Musqueam,British Columbia,1.0,linked,band_c00739=Musqueam (British Columbia) 1.00; band_c02264=Musqueam (Ontario) 1.00; band_c00737=Misqueam (British Columbia) 0.83,
"Musquean Indians, B.C. (No. 53).",1893-1894,4,10,band,Musquean Indians,53,,british columbia,band_c00739,Musqueam,British Columbia,0.857,linked,band_c00739=Musqueam (British Columbia) 0.86; band_c02264=Musqueam (Ontario) 0.86; band_c00740=Musqueom (British Columbia) 0.71,
NANCY MAIVILLE,1882-1885,4,10,band,NANCY MAIVILLE,,,,,,,0.476,unlinked,band_c01772=Granville (Nova Scotia) 0.48,
NANCY MAIVILLE in Account Current with the Department of Indian Affairs,1884-1884,2,5,band,NANCY MAIVILLE,,,,,,,0.476,unlinked,band_c01772=Granville (Nova Scotia) 0.48,
NANCY MAIVILLE in Account with the Department of Indian Affairs.,1887-1888,4,10,band,NANCY MAIVILLE,,,,,,,0.476,unlinked,band_c01772=Granville (Nova Scotia) 0.48,
"NANCY MAIVILLE, in Account Current with the Department of Indian Affairs. No. 57.",1883-1883,1,2,band,NANCY MAIVILLE,,57,,,,,0.476,unlinked,band_c01772=Granville (Nova Scotia) 0.48,
NIPISSINGUAS OF THE UPPER OTTAWA,1884-1886,3,13,band,NIPISSINGUAS OF THE UPPER OTTAWA,,,,,,,0.444,unlinked,band_c01808=Chippewas of Nawash (Ontario) 0.44; band_c01820=Chippewas of Sarnia (Ontario) 0.44; band_c01923=Chippewas of Saugeen (Ontario) 0.43,
NIPISSINGUAS OF THE UPPER OTTAWA in Account with the Department of Indian Affairs.,1887-1889,3,15,band,NIPISSINGUAS OF THE UPPER OTTAWA,,,,,,,0.444,unlinked,band_c01808=Chippewas of Nawash (Ontario) 0.44; band_c01820=Chippewas of Sarnia (Ontario) 0.44; band_c01923=Chippewas of Saugeen (Ontario) 0.43,
NIPISSINGUAS OF THE UPPER OTTAWA in Account with the Department of Indian Affairs. No. 49,1888-1888,1,6,band,NIPISSINGUAS OF THE UPPER OTTAWA,,49,,,,,0.444,unlinked,band_c01808=Chippewas of Nawash (Ontario) 0.44; band_c01820=Chippewas of Sarnia (Ontario) 0.44; band_c01923=Chippewas of Saugeen (Ontario) 0.43,
NIPISSINGUAS OF UPPER OTTAWA,1882-1885,3,12,band,NIPISSINGUAS OF UPPER OTTAWA,,,,,,,0.444,unlinked,band_c01808=Chippewas of Nawash (Ontario) 0.44; band_c01820=Chippewas of Sarnia (Ontario) 0.44; band_c01923=Chippewas of Saugeen (Ontario) 0.43,
"Nanaimo River Band, B.C. (No. 176)",1895-1897,3,10,band,Nanaimo River Band,176,,british columbia,,,,0.598,unlinked,band_c00827=Nanaimo (British Columbia) 0.60; band_c00114=Salmon River (British Columbia) 0.52; band_c02309=Nanaimo (Ontario) 0.60,
"Nanaimo River Band, B.C. (No. 176).",1894-1894,1,5,band,Nanaimo River Band,176,,british columbia,,,,0.598,unlinked,band_c00827=Nanaimo (British Columbia) 0.60; band_c00114=Salmon River (British Columbia) 0.52; band_c02309=Nanaimo (Ontario) 0.60,
"Nanaimo River Band, B.C. (No. 176.)",1896-1896,2,4,band,Nanaimo River Band,176,,british columbia,,,,0.598,unlinked,band_c00827=Nanaimo (British Columbia) 0.60; band_c00114=Salmon River (British Columbia) 0.52; band_c02309=Nanaimo (Ontario) 0.60,
"Nesky Nihl Band, B.C. (No. 217)",1895-1895,2,4,band,Nesky Nihl Band,217,,british columbia,,,,0.0,unlinked,,
New Brunswick.,1885-1889,5,29,band,New Brunswick,,,,band_c01323,New Brunswick,New Brunswick,1.0,linked,band_c01323=New Brunswick (New Brunswick) 1.00; band_c02420=New Brunswick (North-West Territories) 1.00; band_c01026=New Brunswick (Grand Recapitulation) 1.00,
Nicoamen Indians B.C. (No. 126),1893-1893,1,3,band,Nicoamen Indians,126,,british columbia,band_c00744,Nicoamen,British Columbia,1.0,linked,band_c00744=Nicoamen (British Columbia) 1.00; band_c00176=Nicomen (British Columbia) 0.77; band_c02312=Nicomen (Ontario) 0.77,
"Niskainlith, or Nesky Nihl Band, B.C. (No. 217).",1897-1897,1,3,band,"Niskainlith, or Nesky Nihl Band",217,,british columbia,,,,0.636,unlinked,band_c00175=Niskainlish (Halaut) (British Columbia) 0.64; band_c00469=Neskainlith (British Columbia) 0.43; band_c02149=Neskainlith (Ontario) 0.43,
"Niskainlith, or Nesky Nihl Band, B.C. (No. 217.)",1896-1896,2,4,band,"Niskainlith, or Nesky Nihl Band",217,,british columbia,,,,0.636,unlinked,band_c00175=Niskainlish (Halaut) (British Columbia) 0.64; band_c00469=Neskainlith (British Columbia) 0.43; band_c02149=Neskainlith (Ontario) 0.43,
Nova Scotia.,1884-1889,5,29,band,Nova Scotia,,,,band_c01666,Nova Scotia,Nova Scotia,1.0,linked,band_c01666=Nova Scotia (Nova Scotia) 1.00; band_c01028=Nova Scotia (Grand Recapitulation) 1.00; band_c02761=Nova Scotia (North-West Territories) 1.00,
OJIBBEWAS AND OTTAWAS OF MANITOULIN ISLAND,1884-1889,9,129,band,OJIBBEWAS AND OTTAWAS OF MANITOULIN ISLAND,,,,band_c01810,"Ojibbewas and Ottawas of Manitoulin and Cockburn Islands, at -",Ontario,0.854,linked,"band_c01810=Ojibbewas and Ottawas of Manitoulin and Cockburn Islands, at - (Ontario) 0.85; band_c01808=Chippewas of Nawash (Ontario) 0.53; band_c01870=Manitoulin, Unceded (Ontario) 0.52",
OJIBBEWAS AND OTTAWAS OF THE MANITOULIN ISLAND,1882-1883,4,38,band,OJIBBEWAS AND OTTAWAS OF THE MANITOULIN ISLAND,,,,band_c01810,"Ojibbewas and Ottawas of Manitoulin and Cockburn Islands, at -",Ontario,0.854,linked,"band_c01810=Ojibbewas and Ottawas of Manitoulin and Cockburn Islands, at - (Ontario) 0.85; band_c01808=Chippewas of Nawash (Ontario) 0.53; band_c01870=Manitoulin, Unceded (Ontario) 0.52",
OJIBBEWAS OF LAKE HURON,1882-1888,8,38,collective,OJIBBEWAS OF LAKE HURON,,,,band_c01847,"Ojibbewas of Lake Huron, at -",Ontario,1.0,review_collective,"band_c01847=Ojibbewas of Lake Huron, at - (Ontario) 1.00; band_c01862=Ojibbewas of Lake Superior, at - (Ontario) 0.68; band_c01865=Ojibbewas of Like Superior, at - (Ontario) 0.60",
OJIBBEWAS OF LAKE HURON in Account with the Department of Indian Affairs.,1887-1887,2,6,collective,OJIBBEWAS OF LAKE HURON,,,,band_c01847,"Ojibbewas of Lake Huron, at -",Ontario,1.0,review_collective,"band_c01847=Ojibbewas of Lake Huron, at - (Ontario) 1.00; band_c01862=Ojibbewas of Lake Superior, at - (Ontario) 0.68; band_c01865=Ojibbewas of Like Superior, at - (Ontario) 0.60",
OJIBBEWAS OF LAKE SUPERIOR,1882-1889,9,38,collective,OJIBBEWAS OF LAKE SUPERIOR,,,,band_c01862,"Ojibbewas of Lake Superior, at -",Ontario,0.943,review_collective,"band_c01862=Ojibbewas of Lake Superior, at - (Ontario) 0.94; band_c01865=Ojibbewas of Like Superior, at - (Ontario) 0.87; band_c01847=Ojibbewas of Lake Huron, at - (Ontario) 0.72",
OJIBBEWAS OF LAKE SUPERIOR in Account Current with the Department of Indian Affairs.,1884-1884,1,8,collective,OJIBBEWAS OF LAKE SUPERIOR,,,,band_c01862,"Ojibbewas of Lake Superior, at -",Ontario,0.943,review_collective,"band_c01862=Ojibbewas of Lake Superior, at - (Ontario) 0.94; band_c01865=Ojibbewas of Like Superior, at - (Ontario) 0.87; band_c01847=Ojibbewas of Lake Huron, at - (Ontario) 0.72",
OJIBBEWAS OF MISSISSAGUA RIVER,1885-1886,2,16,band,OJIBBEWAS OF MISSISSAGUA RIVER,,,,band_c01965,Mississagua River,Ontario,0.672,review_below_gate,band_c01965=Mississagua River (Ontario) 0.67; band_c01864=Mississaguas of Rice Lake (Ontario) 0.64; band_c01872=Mississaguas of Mud Lake (Ontario) 0.62,
OJIBBEWAS OF MISSISSAGUA RIVER in Account Current with the Department of Indian Affairs.,1884-1884,1,8,band,OJIBBEWAS OF MISSISSAGUA RIVER,,,,band_c01965,Mississagua River,Ontario,0.672,review_below_gate,band_c01965=Mississagua River (Ontario) 0.67; band_c01864=Mississaguas of Rice Lake (Ontario) 0.64; band_c01872=Mississaguas of Mud Lake (Ontario) 0.62,
OJIBBEWAS OF MISSISSAQUA RIVER,1882-1882,2,6,band,OJIBBEWAS OF MISSISSAQUA RIVER,,,,,,,0.604,unlinked,band_c01872=Mississaguas of Mud Lake (Ontario) 0.60; band_c01965=Mississagua River (Ontario) 0.59; band_c01864=Mississaguas of Rice Lake (Ontario) 0.57,
OJIBBEWAS OF MISSISSAUGUA RIVER,1887-1889,5,33,band,OJIBBEWAS OF MISSISSAUGUA RIVER,,,,band_c01864,Mississaguas of Rice Lake,Ontario,0.655,review_below_gate,band_c01864=Mississaguas of Rice Lake (Ontario) 0.65; band_c01872=Mississaguas of Mud Lake (Ontario) 0.63; band_c01891=Mississaguas of Scugog (Ontario) 0.62,
OJIBEWAS AND OTTAWAS OF MANITOULIN ISLAND in Account with the Department of Indian Affairs.,1887-1887,1,17,band,OJIBEWAS AND OTTAWAS OF MANITOULIN ISLAND,,,,band_c01810,"Ojibbewas and Ottawas of Manitoulin and Cockburn Islands, at -",Ontario,0.842,review_below_gate,"band_c01810=Ojibbewas and Ottawas of Manitoulin and Cockburn Islands, at - (Ontario) 0.84; band_c01808=Chippewas of Nawash (Ontario) 0.54; band_c01870=Manitoulin, Unceded (Ontario) 0.53",
OKA INDIANS REMOVAL ACCOUNT,1889-1889,1,3,band,OKA INDIANS REMOVAL ACCOUNT,,,,,,,0.476,unlinked,band_c01962=Indians at Ignace (Ontario) 0.48; band_c01647=Coal Mines in County (Nova Scotia) 0.47; band_c01600=Indian Brook (reserve) (Nova Scotia) 0.44,
ONEIDAS OF THE THAMES,1882-1889,10,75,band,ONEIDAS OF THE THAMES,,,,band_c01904,Oneidas of the Thames,Ontario,1.0,linked,band_c01904=Oneidas of the Thames (Ontario) 1.00; band_c01837=Chippewas of the Thames (Ontario) 0.65; band_c01917=Munsees of the Thames (Ontario) 0.62,
"ONEIDAS OF THE THAMES, in Account Current with the Department of Indian Affairs.",1884-1884,1,8,band,ONEIDAS OF THE THAMES,,,,band_c01904,Oneidas of the Thames,Ontario,1.0,linked,band_c01904=Oneidas of the Thames (Ontario) 1.00; band_c01837=Chippewas of the Thames (Ontario) 0.65; band_c01917=Munsees of the Thames (Ontario) 0.62,
ONTARIO AND QUEBEC BLANKET ACCOUNT,1889-1889,2,4,band,ONTARIO AND QUEBEC BLANKET ACCOUNT,,,,,,,0.464,unlinked,band_c03008=Quebec County at Lorette (Quebec) 0.46; band_c02979=Quebec County at St. Ambrose (Quebec) 0.44; band_c02972=Quebec County Unorganized (Quebec) 0.43,
ONTARIO RELIEF ACCOUNTS,1889-1889,2,7,band,ONTARIO RELIEF ACCOUNTS,,,,,,,0.432,unlinked,band_c02449=Ontario (North-West Territories) 0.43; band_c02444=Martin Falls (see also Ontario) (9) (North-West Territories) 0.43; band_c02489=Osnaburg (see also Ontario) (9) (North-West Territories) 0.43,
"OUMECHAN BAND, B.C., in Account Current with the Department of Indian Affairs.",1884-1884,2,7,band,OUMECHAN BAND,,,british columbia,,,,0.533,unlinked,band_c01450=Ouch-an-ess (None) 0.53; band_c00288=Cowichan Nation:- (British Columbia) 0.43; band_c00363=Spallumcheen (British Columbia) 0.42,
"Oak Lake Sioux Reserve 50, N.W.T. (No. 219).",1895-1895,2,4,band,Oak Lake Sioux Reserve 50,219,,north-west territories,band_c01130,Oak Lake,Manitoba,1.0,review_ambiguous,band_c01130=Oak Lake (Manitoba) 1.00; band_c02678=Oak Lake (Sioux) (North-West Territories) 1.00; band_c02628=Oak Lake (North-West Territories) 0.67,
"Oak Lake Sioux Reserve, 59, N.W.T. (No. 219).",1897-1897,1,4,band,"Oak Lake Sioux Reserve, 59",219,,north-west territories,band_c01130,Oak Lake,Manitoba,1.0,review_ambiguous,band_c01130=Oak Lake (Manitoba) 1.00; band_c02678=Oak Lake (Sioux) (North-West Territories) 1.00; band_c02628=Oak Lake (North-West Territories) 0.67,
"Oak Lake Sioux Reserve, 59, N.W.T. (No. 219.)",1896-1896,1,5,band,"Oak Lake Sioux Reserve, 59",219,,north-west territories,band_c01130,Oak Lake,Manitoba,1.0,review_ambiguous,band_c01130=Oak Lake (Manitoba) 1.00; band_c02678=Oak Lake (Sioux) (North-West Territories) 1.00; band_c02628=Oak Lake (North-West Territories) 0.67,
Oak River Sioux (No. 170),1895-1895,2,8,band,Oak River Sioux,170,,,band_c02657,Oak River (Sioux),North-West Territories,1.0,review_ambiguous,band_c02657=Oak River (Sioux) (North-West Territories) 1.00; band_c01123=Oak River (Manitoba) 1.00; band_c02226=Oak River (Ontario) 0.73,
Oak River Sioux (No. 170).,1893-1894,3,8,band,Oak River Sioux,170,,,band_c02657,Oak River (Sioux),North-West Territories,1.0,review_ambiguous,band_c02657=Oak River (Sioux) (North-West Territories) 1.00; band_c01123=Oak River (Manitoba) 1.00; band_c02226=Oak River (Ontario) 0.73,
"Oak River Sioux, N.W.T. (No. 170).",1897-1897,1,6,band,Oak River Sioux,170,,north-west territories,band_c02657,Oak River (Sioux),North-West Territories,1.0,review_ambiguous,band_c02657=Oak River (Sioux) (North-West Territories) 1.00; band_c01123=Oak River (Manitoba) 1.00; band_c02226=Oak River (Ontario) 0.73,
"Oak River Sioux, N.W.T. (No. 170.)",1896-1896,2,10,band,Oak River Sioux,170,,north-west territories,band_c02657,Oak River (Sioux),North-West Territories,1.0,review_ambiguous,band_c02657=Oak River (Sioux) (North-West Territories) 1.00; band_c01123=Oak River (Manitoba) 1.00; band_c02226=Oak River (Ontario) 0.73,
"Obidgewong Band, Ont. (No. 245)",1897-1897,2,12,band,Obidgewong Band,245,,ontario,band_c02195,Obidgewong,Ontario,1.0,linked,band_c02195=Obidgewong (Ontario) 1.00; band_c02194=Obedgewong (Ontario) 0.78; band_c01654=Bridgewater (Nova Scotia) 0.42,
Ochapowace's Band (No. 154),1893-1895,2,6,band,Ochapowace's Band,154,,,band_c02803,Ochapowace,North-West Territories,1.0,linked,band_c02803=Ochapowace (North-West Territories) 1.00; band_c03158=Ochapowace (Saskatchewan Inspectorates) 1.00; band_c01397=Ou-cha-pow-ace (None) 0.84,
"Ochapowace's Band, N.W.T. (No. 154).",1894-1894,1,3,band,Ochapowace's Band,154,,north-west territories,band_c02803,Ochapowace,North-West Territories,1.0,linked,band_c02803=Ochapowace (North-West Territories) 1.00; band_c03158=Ochapowace (Saskatchewan Inspectorates) 1.00; band_c01397=Ou-cha-pow-ace (None) 0.84,
Ohamil Band (No. 157),1894-1894,2,4,band,Ohamil Band,157,,,band_c00314,Ohamil,British Columbia,1.0,linked,band_c00314=Ohamil (British Columbia) 1.00; band_c02336=Ohamil (Ontario) 1.00; band_c00747=Ohamille (British Columbia) 0.83,
"Ohamil Band, B.C. (No. 157).",1893-1897,2,6,band,Ohamil Band,157,,british columbia,band_c00314,Ohamil,British Columbia,1.0,linked,band_c00314=Ohamil (British Columbia) 1.00; band_c02336=Ohamil (Ontario) 1.00; band_c00747=Ohamille (British Columbia) 0.83,
"Ohamil Band, B.C. (No. 157.)",1896-1896,2,5,band,Ohamil Band,157,,british columbia,band_c00314,Ohamil,British Columbia,1.0,linked,band_c00314=Ohamil (British Columbia) 1.00; band_c02336=Ohamil (Ontario) 1.00; band_c00747=Ohamille (British Columbia) 0.83,
"Ohamil Band, B.C., (No. 157)",1895-1895,2,4,band,Ohamil Band,157,,british columbia,band_c00314,Ohamil,British Columbia,1.0,linked,band_c00314=Ohamil (British Columbia) 1.00; band_c02336=Ohamil (Ontario) 1.00; band_c00747=Ohamille (British Columbia) 0.83,
"Ohiat Band, B.C. (No 172.)",1896-1896,2,6,band,Ohiat Band,172,,british columbia,band_c00892,Ohiaht,British Columbia,0.667,review_below_gate,band_c00892=Ohiaht (British Columbia) 0.67; band_c00919=Ohiet (British Columbia) 0.50; band_c00161=Niciat No. 6 (British Columbia) 0.44,
"Ohiat Band, B.C. (No. 172).",1897-1897,1,5,band,Ohiat Band,172,,british columbia,band_c00892,Ohiaht,British Columbia,0.667,review_below_gate,band_c00892=Ohiaht (British Columbia) 0.67; band_c00919=Ohiet (British Columbia) 0.50; band_c00161=Niciat No. 6 (British Columbia) 0.44,
"Ohiat Band, B.C., (No. 172)",1895-1895,2,7,band,Ohiat Band,172,,british columbia,band_c00892,Ohiaht,British Columbia,0.667,review_below_gate,band_c00892=Ohiaht (British Columbia) 0.67; band_c00919=Ohiet (British Columbia) 0.50; band_c00161=Niciat No. 6 (British Columbia) 0.44,
"Ohiat Indians, B.C. (No. 172).",1894-1894,1,5,band,Ohiat Indians,172,,british columbia,band_c00892,Ohiaht,British Columbia,0.667,review_below_gate,"band_c00892=Ohiaht (British Columbia) 0.67; band_c00071=Nomadic Indians, about (British Columbia) 0.54; band_c00100=Nomadic Indians (estimated) (British Columbia) 0.54",
Ojibbewas and Ottawas of Manitoulin Island (No. 25),1895-1895,2,53,band,Ojibbewas and Ottawas of Manitoulin Island,25,,,band_c01810,"Ojibbewas and Ottawas of Manitoulin and Cockburn Islands, at -",Ontario,0.854,linked,"band_c01810=Ojibbewas and Ottawas of Manitoulin and Cockburn Islands, at - (Ontario) 0.85; band_c01808=Chippewas of Nawash (Ontario) 0.53; band_c01870=Manitoulin, Unceded (Ontario) 0.52",
"Ojibbewas and Ottawas of Manitoulin Island, (No. 25)",1896-1896,3,80,band,Ojibbewas and Ottawas of Manitoulin Island,25,,,band_c01810,"Ojibbewas and Ottawas of Manitoulin and Cockburn Islands, at -",Ontario,0.854,linked,"band_c01810=Ojibbewas and Ottawas of Manitoulin and Cockburn Islands, at - (Ontario) 0.85; band_c01808=Chippewas of Nawash (Ontario) 0.53; band_c01870=Manitoulin, Unceded (Ontario) 0.52",
"Ojibbewas and Ottawas of Manitoulin Island, Ont. (No. 25)",1897-1897,2,81,band,Ojibbewas and Ottawas of Manitoulin Island,25,,ontario,band_c01810,"Ojibbewas and Ottawas of Manitoulin and Cockburn Islands, at -",Ontario,0.854,linked,"band_c01810=Ojibbewas and Ottawas of Manitoulin and Cockburn Islands, at - (Ontario) 0.85; band_c01808=Chippewas of Nawash (Ontario) 0.53; band_c01870=Manitoulin, Unceded (Ontario) 0.52",
Ojibbewas of Lake Huron (No. 26),1895-1896,6,35,collective,Ojibbewas of Lake Huron,26,,,band_c01847,"Ojibbewas of Lake Huron, at -",Ontario,1.0,review_collective,"band_c01847=Ojibbewas of Lake Huron, at - (Ontario) 1.00; band_c01862=Ojibbewas of Lake Superior, at - (Ontario) 0.68; band_c01865=Ojibbewas of Like Superior, at - (Ontario) 0.60",
"Ojibbewas of Lake Huron, Ont. (No. 20).",1897-1897,2,12,collective,Ojibbewas of Lake Huron,20,,ontario,band_c01847,"Ojibbewas of Lake Huron, at -",Ontario,1.0,review_collective,"band_c01847=Ojibbewas of Lake Huron, at - (Ontario) 1.00; band_c01862=Ojibbewas of Lake Superior, at - (Ontario) 0.68; band_c01865=Ojibbewas of Like Superior, at - (Ontario) 0.60",
Ojibbewas of Lake Superior (No. 27),1895-1895,3,15,collective,Ojibbewas of Lake Superior,27,,,band_c01862,"Ojibbewas of Lake Superior, at -",Ontario,0.943,review_collective,"band_c01862=Ojibbewas of Lake Superior, at - (Ontario) 0.94; band_c01865=Ojibbewas of Like Superior, at - (Ontario) 0.87; band_c01847=Ojibbewas of Lake Huron, at - (Ontario) 0.72",
Ojibbewas of Lake Superior (No. 27.),1896-1896,3,16,collective,Ojibbewas of Lake Superior,27,,,band_c01862,"Ojibbewas of Lake Superior, at -",Ontario,0.943,review_collective,"band_c01862=Ojibbewas of Lake Superior, at - (Ontario) 0.94; band_c01865=Ojibbewas of Like Superior, at - (Ontario) 0.87; band_c01847=Ojibbewas of Lake Huron, at - (Ontario) 0.72",
"Ojibbewas of Lake Superior, Ont, (No. 27)",1897-1897,2,10,collective,Ojibbewas of Lake Superior,27,,ontario,band_c01862,"Ojibbewas of Lake Superior, at -",Ontario,0.943,review_collective,"band_c01862=Ojibbewas of Lake Superior, at - (Ontario) 0.94; band_c01865=Ojibbewas of Like Superior, at - (Ontario) 0.87; band_c01847=Ojibbewas of Lake Huron, at - (Ontario) 0.72",
Ojibewas and Ottawas of Manitoulin Island (No. 25),1894-1894,3,62,band,Ojibewas and Ottawas of Manitoulin Island,25,,,band_c01810,"Ojibbewas and Ottawas of Manitoulin and Cockburn Islands, at -",Ontario,0.842,linked_by_number,"band_c01810=Ojibbewas and Ottawas of Manitoulin and Cockburn Islands, at - (Ontario) 0.84; band_c01808=Chippewas of Nawash (Ontario) 0.54; band_c01870=Manitoulin, Unceded (Ontario) 0.53",propagated from 'Ojibbewas and Ottawas of Manitoulin Island (No. 25)' via No. 25
Ojibewas and Ottawas of Manitoulin Island (No. 25).,1893-1893,1,4,band,Ojibewas and Ottawas of Manitoulin Island,25,,,band_c01810,"Ojibbewas and Ottawas of Manitoulin and Cockburn Islands, at -",Ontario,0.842,linked_by_number,"band_c01810=Ojibbewas and Ottawas of Manitoulin and Cockburn Islands, at - (Ontario) 0.84; band_c01808=Chippewas of Nawash (Ontario) 0.54; band_c01870=Manitoulin, Unceded (Ontario) 0.53",propagated from 'Ojibbewas and Ottawas of Manitoulin Island (No. 25)' via No. 25
Ojibewas of Lake Huron (No. 26),1893-1894,4,21,collective,Ojibewas of Lake Huron,26,,,band_c01847,"Ojibbewas of Lake Huron, at -",Ontario,0.977,review_collective,"band_c01847=Ojibbewas of Lake Huron, at - (Ontario) 0.98; band_c01862=Ojibbewas of Lake Superior, at - (Ontario) 0.65; band_c01865=Ojibbewas of Like Superior, at - (Ontario) 0.57",
Ojibewas of Lake Superior (No. 27).,1893-1894,4,16,collective,Ojibewas of Lake Superior,27,,,band_c01862,"Ojibbewas of Lake Superior, at -",Ontario,0.923,review_collective,"band_c01862=Ojibbewas of Lake Superior, at - (Ontario) 0.92; band_c01865=Ojibbewas of Like Superior, at - (Ontario) 0.85; band_c01847=Ojibbewas of Lake Huron, at - (Ontario) 0.70",
Ojibewas of Mississagua River (No. 28),1894-1894,3,20,band,Ojibewas of Mississagua River,28,,,band_c01965,Mississagua River,Ontario,0.711,linked_by_number,band_c01965=Mississagua River (Ontario) 0.71; band_c01864=Mississaguas of Rice Lake (Ontario) 0.65; band_c01872=Mississaguas of Mud Lake (Ontario) 0.63,"propagated from 'Mississagua River Indians, Ont. (No. 28)' via No. 28"
Ojibewas of Mississauga River (No. 28).,1893-1893,1,4,band,Ojibewas of Mississauga River,28,,,band_c01965,Mississagua River,Ontario,0.711,linked_by_number,band_c01966=Mississauga River (Ontario) 0.71; band_c01864=Mississaguas of Rice Lake (Ontario) 0.65; band_c01872=Mississaguas of Mud Lake (Ontario) 0.63,"propagated from 'Mississagua River Indians, Ont. (No. 28)' via No. 28"
Okanagan Indians (No. 94).,1894-1894,3,6,band,Okanagan Indians,94,,,band_c00137,Okanagan,British Columbia,1.0,review_ambiguous,band_c00137=Okanagan (British Columbia) 1.00; band_c00251=Okanagan (Keremeus) (British Columbia) 1.00; band_c01895=Nkamaplix (Okanagan Lake) (Ontario) 1.00,
"Okanagan Indians, B.C. (No. 94)",1896-1896,3,7,band,Okanagan Indians,94,,british columbia,band_c00137,Okanagan,British Columbia,1.0,review_ambiguous,band_c00137=Okanagan (British Columbia) 1.00; band_c00251=Okanagan (Keremeus) (British Columbia) 1.00; band_c01895=Nkamaplix (Okanagan Lake) (Ontario) 1.00,
"Okanagan Indians, B.C. (No. 94).",1893-1897,3,8,band,Okanagan Indians,94,,british columbia,band_c00137,Okanagan,British Columbia,1.0,review_ambiguous,band_c00137=Okanagan (British Columbia) 1.00; band_c00251=Okanagan (Keremeus) (British Columbia) 1.00; band_c01895=Nkamaplix (Okanagan Lake) (Ontario) 1.00,
One Arrow's Band (No. 100).,1893-1893,1,2,band,One Arrow's Band,100,,,band_c02804,One Arrow,Saskatchewan,1.0,linked,band_c02804=One Arrow (Saskatchewan) 1.00; band_c01492=One Arrow (None) 1.00; band_c00115=Arrow Lake (West Kootenay) (British Columbia) 0.53,
"One Arrow's Band, N.W.T. (No. 100)",1895-1895,2,6,band,One Arrow's Band,100,,north-west territories,band_c02804,One Arrow,Saskatchewan,1.0,linked,band_c02804=One Arrow (Saskatchewan) 1.00; band_c01492=One Arrow (None) 1.00; band_c00115=Arrow Lake (West Kootenay) (British Columbia) 0.53,
"One Arrow's Band, N.W.T. (No. 100.)",1896-1896,2,4,band,One Arrow's Band,100,,north-west territories,band_c02804,One Arrow,Saskatchewan,1.0,linked,band_c02804=One Arrow (Saskatchewan) 1.00; band_c01492=One Arrow (None) 1.00; band_c00115=Arrow Lake (West Kootenay) (British Columbia) 0.53,
"One Arrow's Band, N.W.T., (No. 100).",1897-1897,1,3,band,One Arrow's Band,100,,north-west territories,band_c02804,One Arrow,Saskatchewan,1.0,linked,band_c02804=One Arrow (Saskatchewan) 1.00; band_c01492=One Arrow (None) 1.00; band_c00115=Arrow Lake (West Kootenay) (British Columbia) 0.53,
"One Arrow's Band, Treaty 6 (No. 100).",1894-1894,2,4,band,"One Arrow's Band, Treaty 6",100,,,band_c02804,One Arrow,Saskatchewan,0.75,linked_by_number,"band_c02804=One Arrow (Saskatchewan) 0.75; band_c01492=One Arrow (None) 0.65; band_c02398=Wahspaton (Sioux, non-treaty) (Saskatchewan) 0.58",propagated from 'One Arrow's Band (No. 100).' via No. 100
Oneidas of the Thames (No. 29).,1893-1893,1,5,band,Oneidas of the Thames,29,,,band_c01904,Oneidas of the Thames,Ontario,1.0,linked,band_c01904=Oneidas of the Thames (Ontario) 1.00; band_c01837=Chippewas of the Thames (Ontario) 0.65; band_c01917=Munsees of the Thames (Ontario) 0.62,
"Oneidas of the Thames, Ont. (No. 29)",1895-1897,8,92,band,Oneidas of the Thames,29,,ontario,band_c01904,Oneidas of the Thames,Ontario,1.0,linked,band_c01904=Oneidas of the Thames (Ontario) 1.00; band_c01837=Chippewas of the Thames (Ontario) 0.65; band_c01917=Munsees of the Thames (Ontario) 0.62,
Ontario - Concluded.,1886-1886,1,9,band,Ontario,,,,band_c01928,Ontario,Ontario,1.0,linked,band_c01928=Ontario (Ontario) 1.00; band_c02449=Ontario (North-West Territories) 1.00; band_c01031=Ontario (Grand Recapitulation) 1.00,
PAGOMOKESHICK'S BAND (MANITOBA),1889-1889,2,8,band,PAGOMOKESHICK'S BAND ( ),,,manitoba,,,,0.462,unlinked,band_c00333=Chomok (British Columbia) 0.46,
PARRY ISLAND INDIANS,1882-1889,10,116,band,PARRY ISLAND INDIANS,,,,band_c01853,Parry Island,Ontario,1.0,linked,band_c01853=Parry Island (Ontario) 1.00; band_c01275=Indian Island (New Brunswick) 0.71; band_c01665=Indian Island (Nova Scotia) 0.71,
PARRY ISLAND INDIANS in Account Current with the Department of Indian Affairs.,1884-1884,1,16,band,PARRY ISLAND INDIANS,,,,band_c01853,Parry Island,Ontario,1.0,linked,band_c01853=Parry Island (Ontario) 1.00; band_c01275=Indian Island (New Brunswick) 0.71; band_c01665=Indian Island (Nova Scotia) 0.71,
POINT GRONDINE INDIANS in Account with the Department of Indian Affairs,1887-1887,2,9,band,POINT GRONDINE INDIANS,,,,band_c01921,Point Grondin,Ontario,0.96,linked,band_c01921=Point Grondin (Ontario) 0.96; band_c01082=Swan Lake and Indian Gardens at Hamilton's Crossing (Manitoba) 0.50; band_c02384=Non-treaty Indians (North-West Territories) 0.49,
PORTAGE DE LA PRAIRIE BAND,1887-1887,1,4,band,PORTAGE DE LA PRAIRIE BAND,,,,band_c01089,Sioux at Portage la Prairie,Manitoba,0.919,linked,band_c01089=Sioux at Portage la Prairie (Manitoba) 0.92; band_c02918=Sioux at Portage la Prairie (Province (If) 0.74; band_c02639=Portage la Loche (North-West Territories) 0.57,
"PORTAGE LA PRAIRIE BAND, MANITOBA",1885-1885,1,2,band,PORTAGE LA PRAIRIE BAND,,,manitoba,band_c01089,Sioux at Portage la Prairie,Manitoba,1.0,linked,band_c01089=Sioux at Portage la Prairie (Manitoba) 1.00; band_c02918=Sioux at Portage la Prairie (Province (If) 0.79; band_c01093=Rat Portage No. 38 A and B (Manitoba) 0.57,
POTTAWATTAMIES OF WALPOLE ISLAND,1882-1889,11,137,band,POTTAWATTAMIES OF WALPOLE ISLAND,,,,band_c01841,Pottawattamies of Walpole Island,Ontario,1.0,linked,band_c01841=Pottawattamies of Walpole Island (Ontario) 1.00; band_c01808=Chippewas of Nawash (Ontario) 0.73; band_c01807=Chippewas of Walpole Island (Ontario) 0.67,
POTTAWATTAMIES OF WALPOLE ISLAND in Account Current with the Department of Indian Affairs.,1884-1884,1,13,band,POTTAWATTAMIES OF WALPOLE ISLAND,,,,band_c01841,Pottawattamies of Walpole Island,Ontario,1.0,linked,band_c01841=Pottawattamies of Walpole Island (Ontario) 1.00; band_c01808=Chippewas of Nawash (Ontario) 0.73; band_c01807=Chippewas of Walpole Island (Ontario) 0.67,
PROVINCE OF QUEBEC INDIAN FUND,1882-1888,6,207,department,PROVINCE OF QUEBEC INDIAN FUND,,,,,,,0.0,department,,
PROVINCE OF QUEBEC INDIAN FUND in Account Current with the Department of Indian Affairs,1884-1884,1,53,department,PROVINCE OF QUEBEC INDIAN FUND,,,,,,,0.0,department,,
PROVINCE OF QUEBEC INDIAN FUND in Account with the Department of Indian Affairs,1888-1888,1,58,department,PROVINCE OF QUEBEC INDIAN FUND,,,,,,,0.0,department,,
PROVINCE OF QUEBEC INDIAN FUND in Account with the Department of Indian Affairs.,1887-1887,3,76,department,PROVINCE OF QUEBEC INDIAN FUND,,,,,,,0.0,department,,
"PROVINCE OF QUEBEC INDIAN FUND, in Account Current with the Department of Indian Affairs. No. 60.",1883-1883,1,59,department,PROVINCE OF QUEBEC INDIAN FUND,,60,,,,,0.0,department,,
Pagonakeshick's Band (No. 85).,1893-1893,1,3,band,Pagonakeshick's Band,85,,,,,,0.0,unlinked,,
"Pagonakeshick's Band, Ont. (No 85).",1897-1897,2,7,band,Pagonakeshick's Band,85,,ontario,,,,0.0,unlinked,,
"Pagonakeshick's Band, Ont. (No. 85).",1896-1896,3,7,band,Pagonakeshick's Band,85,,ontario,,,,0.0,unlinked,,
Parry Island Indians (No. 30).,1893-1893,1,4,band,Parry Island Indians,30,,,band_c01853,Parry Island,Ontario,1.0,linked,band_c01853=Parry Island (Ontario) 1.00; band_c01275=Indian Island (New Brunswick) 0.71; band_c01665=Indian Island (Nova Scotia) 0.71,
"Parry Island Indians, Ont. (No. 30)",1895-1897,8,112,band,Parry Island Indians,30,,ontario,band_c01853,Parry Island,Ontario,1.0,linked,band_c01853=Parry Island (Ontario) 1.00; band_c02128=Bear Island (Ontario) 0.67; band_c01981=Discovery Island (Ontario) 0.62,
"Pas Mountain Band, Man. (No. 233).",1897-1897,1,3,band,Pas Mountain Band,233,,manitoba,band_c01118,Pas Mountain (Crees),Manitoba,1.0,linked,band_c01118=Pas Mountain (Crees) (Manitoba) 1.00; band_c02596=Pas Mountain (Crees) (North-West Territories) 1.00; band_c01085=Keeseekoowenin (Manitoba) 0.64,
"Pasquah's Reserve 79, N.W.T., (No. 214).",1895-1895,1,2,band,Pasquah's Reserve 79,214,,north-west territories,band_c02867,Pasquah,Saskatchewan,1.0,linked,band_c02867=Pasquah (Saskatchewan) 1.00; band_c01532=Pasquah (None) 1.00; band_c00927=Squah (British Columbia) 0.80,
Passpasschase's Reserve (No. 120),1894-1894,2,14,band,Passpasschase's Reserve,120,,,band_c02762,Paspaschase,North-West Territories,0.909,review_number_conflict,band_c02762=Paspaschase (North-West Territories) 0.91; band_c02853=Nipahase (North-West Territories) 0.42; band_c01520=Napahase (None) 0.42,No. 120 links to different band names: Enoch; Paspaschase
"Passpasschase's Reserve, N.W.T. (No. 120)*",1895-1895,3,14,band,Passpasschase's Reserve,120,,north-west territories,band_c02762,Paspaschase,North-West Territories,0.909,review_number_conflict,band_c02762=Paspaschase (North-West Territories) 0.91; band_c02853=Nipahase (North-West Territories) 0.42; band_c01520=Napahase (None) 0.42,No. 120 links to different band names: Enoch; Paspaschase
"Pays Plat Band, Ont. (No. 236).",1897-1897,1,6,band,Pays Plat Band,236,,ontario,band_c02196,Pays Plat,Ontario,1.0,linked,band_c02196=Pays Plat (Ontario) 1.00,
Pensions.,1882-1885,3,15,band,Pensions,,,,,,,0.462,unlinked,"band_c00135=Mission, Burrard Inlet (British Columbia) 0.46; band_c00299=Mission, (St. Mary's) (British Columbia) 0.46; band_c00757=Siocamen (British Columbia) 0.43",
Petequakey's Reserve (No. 181).,1894-1894,1,2,band,Petequakey's Reserve,181,,,band_c01411,Pe-te-qua-key,,1.0,review_number_conflict,band_c01411=Pe-te-qua-key (None) 1.00; band_c02532=Key (North-West Territories) 1.00; band_c02530=Muskeg Lake (Petaquakey) (Saskatchewan) 0.78,No. 181 links to different band names: Little Black Bear; Pe-te-qua-key
Peter Tenesco and Charlotte Tenesco Dubé.,1897-1897,1,4,band,Peter Tenesco and Charlotte Tenesco Dubé,,,,,,,0.0,unlinked,,
Piapot's Band (No. 183).,1894-1895,2,4,band,Piapot's Band,183,,,band_c02877,Piapot,Saskatchewan,1.0,linked,band_c02877=Piapot (Saskatchewan) 1.00; band_c01523=Pi-a-pot (None) 1.00; band_c01540=Piapot (None) 1.00,
"Piapot's Reserve, N.W.T. (No. 183.)",1896-1896,1,3,band,Piapot's Reserve,183,,north-west territories,band_c02877,Piapot,Saskatchewan,1.0,linked,band_c02877=Piapot (Saskatchewan) 1.00; band_c01523=Pi-a-pot (None) 1.00; band_c01540=Piapot (None) 1.00,
Piegan Indians (No. 210),1895-1895,2,8,band,Piegan Indians,210,,,band_c02868,Piegans,North-West Territories,1.0,linked,band_c02868=Piegans (North-West Territories) 1.00; band_c01275=Indian Island (New Brunswick) 0.64; band_c01665=Indian Island (Nova Scotia) 0.64,
"Piegan Indians, N.W.T. (No. 210).",1897-1897,1,4,band,Piegan Indians,210,,north-west territories,band_c02868,Piegans,North-West Territories,1.0,linked,band_c02868=Piegans (North-West Territories) 1.00; band_c02389=Pelican Lake Indians (Saskatchewan) 0.56; band_c01082=Swan Lake and Indian Gardens at Hamilton's Crossing (Manitoba) 0.54,
"Piegan Indians, N.W.T. (No. 210.)",1896-1896,2,6,band,Piegan Indians,210,,north-west territories,band_c02868,Piegans,North-West Territories,1.0,linked,band_c02868=Piegans (North-West Territories) 1.00; band_c02389=Pelican Lake Indians (Saskatchewan) 0.56; band_c01082=Swan Lake and Indian Gardens at Hamilton's Crossing (Manitoba) 0.54,
"Point Grondin Indians, Ont. (No. 80)",1895-1897,5,32,band,Point Grondin Indians,80,,ontario,band_c01921,Point Grondin,Ontario,1.0,linked,band_c01921=Point Grondin (Ontario) 1.00; band_c01838=Non-treaty Indians where no agents (Ontario) 0.50; band_c01804=Chippewas of Kettle and Stony Points (Ontario) 0.48,
"Point Grondin Indians, Ont. (No. 80.)",1896-1896,3,15,band,Point Grondin Indians,80,,ontario,band_c01921,Point Grondin,Ontario,1.0,linked,band_c01921=Point Grondin (Ontario) 1.00; band_c01838=Non-treaty Indians where no agents (Ontario) 0.50; band_c01804=Chippewas of Kettle and Stony Points (Ontario) 0.48,
Point Grondine Indians (No. 80).,1893-1893,1,2,band,Point Grondine Indians,80,,,band_c01921,Point Grondin,Ontario,0.96,linked,band_c01921=Point Grondin (Ontario) 0.96; band_c01082=Swan Lake and Indian Gardens at Hamilton's Crossing (Manitoba) 0.50; band_c02384=Non-treaty Indians (North-West Territories) 0.49,
"Poor Man's Band, N.W.T. (No. 187).",1897-1897,1,3,band,"Poor 's Band, N.W.T",187,,manitoba,band_c02797,Louis Bull,Alberta,0.6,linked_by_number,band_c02856=Poor Man (Saskatchewan) 0.60; band_c01349=Poor Man or Tah-we-ke-si-qua-pe (None) 0.44; band_c01495=R.W. Scott (None) 0.42,"propagated from 'Louis Bull's Reserve, Hobbema Agency (No. 187).' via No. 187"
"Popkum Band, B.C. (No. 162)",1895-1895,2,4,band,Popkum Band,162,,british columbia,band_c00897,Popkum,British Columbia,1.0,linked,band_c00897=Popkum (British Columbia) 1.00; band_c02337=Popkum (Ontario) 1.00; band_c00896=Popcum (British Columbia) 0.60,
"Popkum Band, B.C. (No. 162).",1893-1897,4,10,band,Popkum Band,162,,british columbia,band_c00897,Popkum,British Columbia,1.0,linked,band_c00897=Popkum (British Columbia) 1.00; band_c02337=Popkum (Ontario) 1.00; band_c00896=Popcum (British Columbia) 0.60,
"Popkum Band, B.C. (No. 162.)",1896-1896,2,4,band,Popkum Band,162,,british columbia,band_c00897,Popkum,British Columbia,1.0,linked,band_c00897=Popkum (British Columbia) 1.00; band_c02337=Popkum (Ontario) 1.00; band_c00896=Popcum (British Columbia) 0.60,
Portage la Prairie Band (No. 61).,1894-1894,2,5,band,Portage la Prairie Band,61,,,band_c01089,Sioux at Portage la Prairie,Manitoba,1.0,linked,band_c01089=Sioux at Portage la Prairie (Manitoba) 1.00; band_c02918=Sioux at Portage la Prairie (Province (If) 0.79; band_c02639=Portage la Loche (North-West Territories) 0.62,
"Portage la Prairie Band, Man. (No. 61)",1895-1895,2,6,band,Portage la Prairie Band,61,,manitoba,band_c01089,Sioux at Portage la Prairie,Manitoba,1.0,linked,band_c01089=Sioux at Portage la Prairie (Manitoba) 1.00; band_c02918=Sioux at Portage la Prairie (Province (If) 0.79; band_c01093=Rat Portage No. 38 A and B (Manitoba) 0.57,
Portage la Prairie Indians (No. 61).,1893-1893,1,3,band,Portage la Prairie Indians,61,,,band_c01089,Sioux at Portage la Prairie,Manitoba,1.0,linked,band_c01089=Sioux at Portage la Prairie (Manitoba) 1.00; band_c02918=Sioux at Portage la Prairie (Province (If) 0.79; band_c02639=Portage la Loche (North-West Territories) 0.62,
Pottawattamies of Walpole Island (No. 31),1896-1897,5,115,band,Pottawattamies of Walpole Island,31,,,band_c01841,Pottawattamies of Walpole Island,Ontario,1.0,linked,band_c01841=Pottawattamies of Walpole Island (Ontario) 1.00; band_c01808=Chippewas of Nawash (Ontario) 0.73; band_c01807=Chippewas of Walpole Island (Ontario) 0.67,
Pottawattamies of Walpole Island (No. 31).,1893-1893,1,5,band,Pottawattamies of Walpole Island,31,,,band_c01841,Pottawattamies of Walpole Island,Ontario,1.0,linked,band_c01841=Pottawattamies of Walpole Island (Ontario) 1.00; band_c01808=Chippewas of Nawash (Ontario) 0.73; band_c01807=Chippewas of Walpole Island (Ontario) 0.67,
"Pottawattamies of Walpole Island, Ont. (No. 31)",1895-1895,3,53,band,Pottawattamies of Walpole Island,31,,ontario,band_c01841,Pottawattamies of Walpole Island,Ontario,1.0,linked,band_c01841=Pottawattamies of Walpole Island (Ontario) 1.00; band_c01808=Chippewas of Nawash (Ontario) 0.73; band_c01807=Chippewas of Walpole Island (Ontario) 0.67,
Poundmaker's Band (No. 198).,1894-1894,2,4,band,Poundmaker's Band,198,,,band_c02808,Poundmaker,Saskatchewan,1.0,linked,band_c02808=Poundmaker (Saskatchewan) 1.00; band_c01474=Poundmaker (None) 1.00; band_c03159=Poundmaker (Saskatchewan Inspectorates) 1.00,
"Poundmaker's Band, N.W.T. (No. 198)",1895-1895,1,4,band,Poundmaker's Band,198,,north-west territories,band_c02808,Poundmaker,Saskatchewan,1.0,linked,band_c02808=Poundmaker (Saskatchewan) 1.00; band_c03159=Poundmaker (Saskatchewan Inspectorates) 1.00; band_c01474=Poundmaker (None) 1.00,
"Poundmaker's Band, N.W.T. (No. 198.)",1896-1896,1,2,band,Poundmaker's Band,198,,north-west territories,band_c02808,Poundmaker,Saskatchewan,1.0,linked,band_c02808=Poundmaker (Saskatchewan) 1.00; band_c03159=Poundmaker (Saskatchewan Inspectorates) 1.00; band_c01474=Poundmaker (None) 1.00,
Province of Quebec Fund (No. 74),1894-1894,3,21,department,Province of Quebec Fund,74,,,,,,0.0,department,,
Province of Quebec Fund (No. 74).,1893-1893,2,11,department,Province of Quebec Fund,74,,,,,,0.0,department,,
Province of Quebec Indian Fund (No 74),1897-1897,2,18,department,Province of Quebec Indian Fund,74,,,,,,0.0,department,,
Province of Quebec Indian Fund (No. 74),1896-1896,3,17,department,Province of Quebec Indian Fund,74,,,,,,0.0,department,,
Province of Quebec Indian Fund (No. 74).,1895-1895,3,17,department,Province of Quebec Indian Fund,74,,,,,,0.0,department,,
"QUAMICHAN BAND, BRITISH COLUMBIA",1885-1885,2,3,band,"QUAMICHAN BAND, BRITISH COLUMBIA",,,,band_c00074,British Columbia,British Columbia,0.75,review_below_gate,band_c00074=British Columbia (British Columbia) 0.75; band_c01023=British Columbia (Grand Recapitulation) 0.75; band_c02624=British Columbia (North-West Territories) 0.75,
"QUEMICHAN BAND, B.C.",1889-1889,1,3,band,QUEMICHAN BAND,,,british columbia,band_c00556,Quamichan,British Columbia,0.75,review_below_gate,band_c00556=Quamichan (British Columbia) 0.75; band_c02229=Quamichan (Ontario) 0.75; band_c00288=Cowichan Nation:- (British Columbia) 0.53,
"QUEMICHAN, B.C.",1886-1886,2,4,band,QUEMICHAN,,,british columbia,band_c00556,Quamichan,British Columbia,0.75,review_below_gate,band_c00556=Quamichan (British Columbia) 0.75; band_c02229=Quamichan (Ontario) 0.75; band_c00288=Cowichan Nation:- (British Columbia) 0.53,
"Quamichan Band, B.C. (No. 56)",1895-1895,3,7,band,Quamichan Band,56,,british columbia,band_c00556,Quamichan,British Columbia,1.0,linked,"band_c00556=Quamichan (British Columbia) 1.00; band_c02229=Quamichan (Ontario) 1.00; band_c00183=Squamish, Howe Sound (British Columbia) 0.53",
"Quamichan Band, B.C. (No. 56).",1894-1897,5,12,band,Quamichan Band,56,,british columbia,band_c00556,Quamichan,British Columbia,1.0,linked,"band_c00556=Quamichan (British Columbia) 1.00; band_c02229=Quamichan (Ontario) 1.00; band_c00183=Squamish, Howe Sound (British Columbia) 0.53",
"Quamichan Band, B.C. (No. 56.)",1896-1896,3,7,band,Quamichan Band,56,,british columbia,band_c00556,Quamichan,British Columbia,1.0,linked,"band_c00556=Quamichan (British Columbia) 1.00; band_c02229=Quamichan (Ontario) 1.00; band_c00183=Squamish, Howe Sound (British Columbia) 0.53",
Quebec.,1885-1889,5,56,band,Quebec,,,,band_c02963,Quebec,Quebec,1.0,linked,band_c02963=Quebec (Quebec) 1.00; band_c01032=Quebec (Grand Recapitulation) 1.00; band_c02878=Quebec (North-West Territories) 1.00,
"Quemichan Band, B.C. (No. 56).",1893-1893,1,3,band,Quemichan Band,56,,british columbia,band_c00556,Quamichan,British Columbia,0.75,linked_by_number,band_c00556=Quamichan (British Columbia) 0.75; band_c02229=Quamichan (Ontario) 0.75; band_c00288=Cowichan Nation:- (British Columbia) 0.53,"propagated from 'Quamichan Band, B.C. (No. 56)' via No. 56"
RIVER DESERT INDIANS,1882-1886,6,66,band,RIVER DESERT INDIANS,,,,band_c03055,River Desert,Quebec,1.0,linked,band_c03055=River Desert (Quebec) 1.00; band_c03058=Maria (Quebec) 0.79; band_c01679=River Hebert (Nova Scotia) 0.64,
RIVER DESERT INDIANS in Account the Department of Indian Affairs.,1889-1889,2,39,band,RIVER DESERT INDIANS in Account the Department of Indian Affairs,,,,,,,0.43,unlinked,band_c01803=Osnaburg (Ontario) 0.43; band_c01600=Indian Brook (reserve) (Nova Scotia) 0.43; band_c01273=Charlotte County (New Brunswick) 0.43,
RIVER DESERT INDIANS in Account with the Department of Indian Affairs,1887-1889,3,27,band,RIVER DESERT INDIANS,,,,band_c03055,River Desert,Quebec,1.0,linked,band_c03055=River Desert (Quebec) 1.00; band_c03058=Maria (Quebec) 0.79; band_c01679=River Hebert (Nova Scotia) 0.64,
RIVER DESERT INDIANS in Account with the Department of Indian Affairs. No. 50.,1888-1888,2,34,band,RIVER DESERT INDIANS,,50,,band_c03055,River Desert,Quebec,1.0,linked,band_c03055=River Desert (Quebec) 1.00; band_c03058=Maria (Quebec) 0.79; band_c01679=River Hebert (Nova Scotia) 0.64,
"ROSSEAU RIVER BAND, MANITOBA",1884-1887,2,11,band,ROSSEAU RIVER BAND,,,manitoba,band_c01098,"Rosseau River, including Rapids",Manitoba,0.957,linked,"band_c01098=Rosseau River, including Rapids (Manitoba) 0.96; band_c03371=Ross River (Yukon Territory) 0.76; band_c01133=Seine River (Manitoba) 0.55",
Rat Portage Indians (No. 109).,1894-1894,2,4,band,Rat Portage Indians,109,,,band_c02154,Rat Portage,Ontario,1.0,linked,band_c02154=Rat Portage (Ontario) 1.00; band_c01089=Sioux at Portage la Prairie (Manitoba) 1.00; band_c00264=Yu-Kutcé (Portage) (British Columbia) 0.75,
Rat Portage Indians Ont. (No. 109),1895-1895,1,5,band,Rat Portage Indians,109,,ontario,band_c02154,Rat Portage,Ontario,1.0,linked,band_c02154=Rat Portage (Ontario) 1.00; band_c01089=Sioux at Portage la Prairie (Manitoba) 1.00; band_c00264=Yu-Kutcé (Portage) (British Columbia) 0.75,
Red Pheasant's Band (No. 156),1893-1894,3,9,band,Red Pheasant's Band,156,,,band_c02738,Red Pheasant,Saskatchewan,1.0,linked,band_c02738=Red Pheasant (Saskatchewan) 1.00; band_c03152=Red Pheasant (Saskatchewan Inspectorates) 1.00; band_c01413=Red Pheasants (None) 1.00,
Red Pheasant's Band (No. 156).,1894-1894,1,8,band,Red Pheasant's Band,156,,,band_c02738,Red Pheasant,Saskatchewan,1.0,linked,band_c02738=Red Pheasant (Saskatchewan) 1.00; band_c03152=Red Pheasant (Saskatchewan Inspectorates) 1.00; band_c01413=Red Pheasants (None) 1.00,
"Red Pheasant's Band, (No. 156)",1895-1895,2,5,band,Red Pheasant's Band,156,,,band_c02738,Red Pheasant,Saskatchewan,1.0,linked,band_c02738=Red Pheasant (Saskatchewan) 1.00; band_c03152=Red Pheasant (Saskatchewan Inspectorates) 1.00; band_c01413=Red Pheasants (None) 1.00,
"Red Pheasant's Band, N.W.T. (No. 156).",1897-1897,1,3,band,Red Pheasant's Band,156,,north-west territories,band_c02738,Red Pheasant,Saskatchewan,1.0,linked,band_c02738=Red Pheasant (Saskatchewan) 1.00; band_c03152=Red Pheasant (Saskatchewan Inspectorates) 1.00; band_c01413=Red Pheasants (None) 1.00,
"Red Pheasant's Band, N.W.T. (No. 156.)",1896-1896,2,4,band,Red Pheasant's Band,156,,north-west territories,band_c02738,Red Pheasant,Saskatchewan,1.0,linked,band_c02738=Red Pheasant (Saskatchewan) 1.00; band_c03152=Red Pheasant (Saskatchewan Inspectorates) 1.00; band_c01413=Red Pheasants (None) 1.00,
Reserve 38 C 'The Dalles' Winnipeg River (No. 212).,1895-1895,2,5,band,Reserve 38 C 'The Dalles' Winnipeg River,212,,,,,,0.443,unlinked,band_c02688=Valley River (North-West Territories) 0.44; band_c02708=Rolling River (North-West Territories) 0.44; band_c01160=Rolling River (Manitoba) 0.44,
"Reserve 38 C, ""The Dalles,"" Winnipeg River. (No. 212)",1896-1896,1,5,band,"Reserve 38 C, ""The Dalles,"" Winnipeg River",212,,,,,,0.443,unlinked,band_c02688=Valley River (North-West Territories) 0.44; band_c02708=Rolling River (North-West Territories) 0.44; band_c01160=Rolling River (Manitoba) 0.44,
"Reserve 38 C, 'The Dalles,' Winnipeg River (No. 212).",1897-1897,1,3,band,"Reserve 38 C, 'The Dalles,' Winnipeg River",212,,,,,,0.443,unlinked,band_c02688=Valley River (North-West Territories) 0.44; band_c02708=Rolling River (North-West Territories) 0.44; band_c01160=Rolling River (Manitoba) 0.44,
"Restigouche Band, Que. (No. 92).",1897-1897,2,7,band,Restigouche Band,92,,quebec,band_c03032,Micmacs of Restigouche,Quebec,1.0,review_number_conflict,band_c03032=Micmacs of Restigouche (Quebec) 1.00; band_c01283=Restigouche (New Brunswick) 1.00; band_c03057=Restigouche Agency (Quebec) 0.74,No. 92 links to different band names: Micmacs of Restigouche; Restigouche
Restigouche Indians (No. 92),1894-1894,3,7,band,Restigouche Indians,92,,,band_c01283,Restigouche,New Brunswick,1.0,review_number_conflict,band_c01283=Restigouche (New Brunswick) 1.00; band_c03032=Micmacs of Restigouche (Quebec) 1.00; band_c03057=Restigouche Agency (Quebec) 0.74,No. 92 links to different band names: Micmacs of Restigouche; Restigouche
Restigouche Indians (No. 92).,1893-1893,1,5,band,Restigouche Indians,92,,,band_c01283,Restigouche,New Brunswick,1.0,review_number_conflict,band_c01283=Restigouche (New Brunswick) 1.00; band_c03032=Micmacs of Restigouche (Quebec) 1.00; band_c03057=Restigouche Agency (Quebec) 0.74,No. 92 links to different band names: Micmacs of Restigouche; Restigouche
"Restigouche Indians, Que. (No 92)",1896-1896,3,9,band,Restigouche Indians,92,,quebec,band_c03032,Micmacs of Restigouche,Quebec,1.0,review_number_conflict,band_c03032=Micmacs of Restigouche (Quebec) 1.00; band_c01283=Restigouche (New Brunswick) 1.00; band_c03057=Restigouche Agency (Quebec) 0.74,No. 92 links to different band names: Micmacs of Restigouche; Restigouche
Riding Mountain Indians (No. 108).,1894-1894,2,5,band,Riding Mountain Indians,108,,,band_c01085,Keeseekoowenin,Manitoba,1.0,linked,band_c01085=Keeseekoowenin (Manitoba) 1.00; band_c02452=Kee-see-kouse (North-West Territories) 0.74; band_c01118=Pas Mountain (Crees) (Manitoba) 0.64,
"Riding Mountain Indians, N.W.T. (No. 108)",1895-1895,2,4,band,Riding Mountain Indians,108,,north-west territories,band_c01085,Keeseekoowenin,Manitoba,1.0,linked,band_c01085=Keeseekoowenin (Manitoba) 1.00; band_c02452=Kee-see-kouse (North-West Territories) 0.74; band_c01118=Pas Mountain (Crees) (Manitoba) 0.64,
River Desert Indians (No. 50),1893-1894,4,56,band,River Desert Indians,50,,,band_c03055,River Desert,Quebec,1.0,linked,band_c03055=River Desert (Quebec) 1.00; band_c03058=Maria (Quebec) 0.79; band_c01679=River Hebert (Nova Scotia) 0.64,
"River Desert Indians, P.Q. (No. 50)",1895-1895,2,33,band,River Desert Indians,50,,quebec,band_c03055,River Desert,Quebec,1.0,linked,band_c03055=River Desert (Quebec) 1.00; band_c03058=Maria (Quebec) 0.79; band_c02980=Algonquins of River Desert (Quebec) 0.59,
"River Desert Indians, Que. (No. 50)",1896-1896,3,70,band,River Desert Indians,50,,quebec,band_c03055,River Desert,Quebec,1.0,linked,band_c03055=River Desert (Quebec) 1.00; band_c03058=Maria (Quebec) 0.79; band_c02980=Algonquins of River Desert (Quebec) 0.59,
"River Desert Indians, Que. (No. 50).",1897-1897,2,55,band,River Desert Indians,50,,quebec,band_c03055,River Desert,Quebec,1.0,linked,band_c03055=River Desert (Quebec) 1.00; band_c03058=Maria (Quebec) 0.79; band_c02980=Algonquins of River Desert (Quebec) 0.59,
Robert Tyre: -,1885-1885,1,3,band,Robert Tyre: -,,,,,,,0.522,unlinked,band_c01042=James Roberts (Isle A La Crosse) 0.52; band_c02486=James Robert (Lac la Ronge) (North-West Territories) 0.48; band_c01423=James Robert (None) 0.48,
Rolling River Band (No. 178).,1894-1895,3,16,band,Rolling River Band,178,,,band_c02708,Rolling River,North-West Territories,1.0,review_ambiguous,"band_c02708=Rolling River (North-West Territories) 1.00; band_c01160=Rolling River (Manitoba) 1.00; band_c01115=Rolling River, No. 67 (Manitoba) 1.00",
"Rolling River Reserve, Man. (No. 178).",1897-1897,1,3,band,Rolling River Reserve,178,,manitoba,band_c01160,Rolling River,Manitoba,1.0,review_ambiguous,"band_c01160=Rolling River (Manitoba) 1.00; band_c01115=Rolling River, No. 67 (Manitoba) 1.00; band_c02708=Rolling River (North-West Territories) 1.00",
"Rolling River Reserve, Man. (No. 178.)",1896-1896,2,6,band,Rolling River Reserve,178,,manitoba,band_c01160,Rolling River,Manitoba,1.0,review_ambiguous,"band_c01160=Rolling River (Manitoba) 1.00; band_c01115=Rolling River, No. 67 (Manitoba) 1.00; band_c02708=Rolling River (North-West Territories) 1.00",
Rosseau River Band (No. 62),1894-1894,2,7,band,Rosseau River Band,62,,,band_c01098,"Rosseau River, including Rapids",Manitoba,0.957,linked,"band_c01098=Rosseau River, including Rapids (Manitoba) 0.96; band_c03371=Ross River (Yukon Territory) 0.76; band_c03230=Peace River Crossing (Duncan's) (Treaty No. 8) 0.58",
"Rosseau River Band, Man. (No. 62)",1895-1897,7,35,band,Rosseau River Band,62,,manitoba,band_c01098,"Rosseau River, including Rapids",Manitoba,0.957,linked,"band_c01098=Rosseau River, including Rapids (Manitoba) 0.96; band_c03371=Ross River (Yukon Territory) 0.76; band_c01133=Seine River (Manitoba) 0.55",
Rosseau River Indians (No. 62).,1893-1893,1,5,band,Rosseau River Indians,62,,,band_c01098,"Rosseau River, including Rapids",Manitoba,0.957,linked,"band_c01098=Rosseau River, including Rapids (Manitoba) 0.96; band_c03371=Ross River (Yukon Territory) 0.76; band_c03230=Peace River Crossing (Duncan's) (Treaty No. 8) 0.58",
"SAINT PETER'S BAND, MANITOBA",1889-1889,2,7,band,SAINT PETER'S BAND,,,manitoba,band_c01109,St. Peter's,Manitoba,0.762,review_below_gate,band_c01109=St. Peter's (Manitoba) 0.76; band_c01132=Peter Ballendine (Manitoba) 0.44; band_c03079=Hunter's Point (Quebec) 0.56,
SALARIES OF MISSIONARIES.,1884-1884,1,7,department,SALARIES OF MISSIONARIES,,,,,,,0.0,department,,
SERPENT RIVER INDIANS,1882-1889,10,51,band,SERPENT RIVER INDIANS,,,,band_c02076,Serpent River,Ontario,1.0,linked,band_c02076=Serpent River (Ontario) 1.00; band_c01083=Berens River (Manitoba) 0.61; band_c02423=Red River (North-West Territories) 0.61,
SERPENT RIVER INDIANS in Account with the Department of Indian Affairs,1887-1887,1,9,band,SERPENT RIVER INDIANS,,,,band_c02076,Serpent River,Ontario,1.0,linked,band_c02076=Serpent River (Ontario) 1.00; band_c01083=Berens River (Manitoba) 0.61; band_c02423=Red River (North-West Territories) 0.61,
SERPENT RIVER INDIANS in Account with the Department of Indian Affairs.,1889-1889,1,36,band,SERPENT RIVER INDIANS,,,,band_c02076,Serpent River,Ontario,1.0,linked,band_c02076=Serpent River (Ontario) 1.00; band_c01083=Berens River (Manitoba) 0.61; band_c02423=Red River (North-West Territories) 0.61,
SHAWANAGA BAND,1885-1886,3,25,band,SHAWANAGA BAND,,,,band_c01882,Shawanaga,Ontario,1.0,linked,band_c01882=Shawanaga (Ontario) 1.00; band_c01831=Maganatawan (see Manitowaning) (Ontario) 0.67; band_c01815=Maganatawan (see also Parry Sound Sup't'cy) (Ontario) 0.67,
SHAWANAGA BAND in Account with the Department of Indian Affairs.,1887-1887,2,13,band,SHAWANAGA BAND,,,,band_c01882,Shawanaga,Ontario,1.0,linked,band_c01882=Shawanaga (Ontario) 1.00; band_c01831=Maganatawan (see Manitowaning) (Ontario) 0.67; band_c01815=Maganatawan (see also Parry Sound Sup't'cy) (Ontario) 0.67,
SHAWANAGA INDIANS,1882-1882,1,8,band,SHAWANAGA INDIANS,,,,band_c01882,Shawanaga,Ontario,1.0,linked,band_c01882=Shawanaga (Ontario) 1.00; band_c01831=Maganatawan (see Manitowaning) (Ontario) 0.67; band_c01815=Maganatawan (see also Parry Sound Sup't'cy) (Ontario) 0.67,
SHAWANAGA INDIANS in Account Current with the Department of Indian Affairs.,1884-1884,2,10,band,SHAWANAGA INDIANS,,,,band_c01882,Shawanaga,Ontario,1.0,linked,band_c01882=Shawanaga (Ontario) 1.00; band_c01831=Maganatawan (see Manitowaning) (Ontario) 0.67; band_c01815=Maganatawan (see also Parry Sound Sup't'cy) (Ontario) 0.67,
SHAWANAGA INDIANS in Account No. 33,1883-1883,2,8,band,SHAWANAGA INDIANS,,33,,band_c01882,Shawanaga,Ontario,1.0,linked,band_c01882=Shawanaga (Ontario) 1.00; band_c01831=Maganatawan (see Manitowaning) (Ontario) 0.67; band_c01815=Maganatawan (see also Parry Sound Sup't'cy) (Ontario) 0.67,
SIX NATIONS OF THE GAND RIVER,1885-1885,1,53,band,SIX NATIONS OF THE GAND RIVER,,,,band_c01842,Six Nations on the Grand River,Ontario,0.939,linked,band_c01842=Six Nations on the Grand River (Ontario) 0.94; band_c01825=Six Nations on Grand River (Ontario) 0.86; band_c02991=Algonquins of Eagle River (Quebec) 0.46,
SIX NATIONS OF THE GRAND RIVER,1882-1886,6,217,band,SIX NATIONS OF THE GRAND RIVER,,,,band_c01842,Six Nations on the Grand River,Ontario,1.0,linked,band_c01842=Six Nations on the Grand River (Ontario) 1.00; band_c01825=Six Nations on Grand River (Ontario) 0.92; band_c02977=Montagnais of Grand Romaine (Quebec) 0.51,
SIX NATIONS OF THE GRAND RIVER in Account with the Department of Indian Affairs.,1889-1889,1,60,band,SIX NATIONS OF THE GRAND RIVER,,,,band_c01842,Six Nations on the Grand River,Ontario,1.0,linked,band_c01842=Six Nations on the Grand River (Ontario) 1.00; band_c01825=Six Nations on Grand River (Ontario) 0.92; band_c02977=Montagnais of Grand Romaine (Quebec) 0.51,
SIX NATIONS OF THE GRAND RIVER in account with the Department of Indian Affairs,1887-1887,1,75,band,SIX NATIONS OF THE GRAND RIVER,,,,band_c01842,Six Nations on the Grand River,Ontario,1.0,linked,band_c01842=Six Nations on the Grand River (Ontario) 1.00; band_c01825=Six Nations on Grand River (Ontario) 0.92; band_c02977=Montagnais of Grand Romaine (Quebec) 0.51,
"SIX NATIONS OF THE GRAND RIVER, in Account No. 32",1883-1883,2,6,band,SIX NATIONS OF THE GRAND RIVER,,32,,band_c01842,Six Nations on the Grand River,Ontario,1.0,linked,band_c01842=Six Nations on the Grand River (Ontario) 1.00; band_c01825=Six Nations on Grand River (Ontario) 0.92; band_c02977=Montagnais of Grand Romaine (Quebec) 0.51,
"SONGHEE'S BAND, B.C.",1884-1884,2,6,band,SONGHEE'S BAND,,,british columbia,band_c00764,Songhees,British Columbia,0.8,review_below_gate,band_c00764=Songhees (British Columbia) 0.80; band_c02279=Songhees (Ontario) 0.80; band_c00765=Soughees (British Columbia) 0.53,
SONGHEES INDIANS,1885-1885,2,13,band,SONGHEES INDIANS,,,,band_c00764,Songhees,British Columbia,1.0,linked,band_c00764=Songhees (British Columbia) 1.00; band_c02279=Songhees (Ontario) 1.00; band_c00765=Soughees (British Columbia) 0.71,
SONGHEES INDIANS (B.C.),1886-1888,3,18,band,SONGHEES INDIANS ( ),,,british columbia,band_c00764,Songhees,British Columbia,1.0,linked,band_c00764=Songhees (British Columbia) 1.00; band_c02279=Songhees (Ontario) 1.00; band_c00765=Soughees (British Columbia) 0.71,
SONGHEES INDIANS (B.C.) in Account with the Department of Indian Affairs,1887-1887,2,9,band,SONGHEES INDIANS ( ),,,british columbia,band_c00764,Songhees,British Columbia,1.0,linked,band_c00764=Songhees (British Columbia) 1.00; band_c02279=Songhees (Ontario) 1.00; band_c00765=Soughees (British Columbia) 0.71,
SPANISH RIVER INDIANS,1882-1886,4,23,band,SPANISH RIVER INDIANS,,,,band_c01816,Spanish River No. 1,Ontario,1.0,review_ambiguous,band_c01816=Spanish River No. 1 (Ontario) 1.00; band_c01817=Spanish River No. 2 (Ontario) 1.00; band_c01956=Spanish River No. 3 (Ontario) 1.00,
SPANISH RIVER INDIANS in Account Current with the Department of Indian Affairs.,1884-1884,2,9,band,SPANISH RIVER INDIANS,,,,band_c01816,Spanish River No. 1,Ontario,1.0,review_ambiguous,band_c01816=Spanish River No. 1 (Ontario) 1.00; band_c01817=Spanish River No. 2 (Ontario) 1.00; band_c01956=Spanish River No. 3 (Ontario) 1.00,
SPANISH RIVER INDIANS in Account with the Department of Indian Affairs.,1887-1887,2,13,band,SPANISH RIVER INDIANS,,,,band_c01816,Spanish River No. 1,Ontario,1.0,review_ambiguous,band_c01816=Spanish River No. 1 (Ontario) 1.00; band_c01817=Spanish River No. 2 (Ontario) 1.00; band_c01956=Spanish River No. 3 (Ontario) 1.00,
"SPANISH RIVER INDIANS, in Account No. 34",1883-1883,2,10,band,SPANISH RIVER INDIANS,,34,,band_c01816,Spanish River No. 1,Ontario,1.0,review_ambiguous,band_c01816=Spanish River No. 1 (Ontario) 1.00; band_c01817=Spanish River No. 2 (Ontario) 1.00; band_c01956=Spanish River No. 3 (Ontario) 1.00,
SQUAMISH BAND (B.C.),1888-1888,2,4,band,SQUAMISH BAND ( ),,,british columbia,band_c00165,Burrard No. 3 (Squamish),British Columbia,1.0,linked,"band_c00165=Burrard No. 3 (Squamish) (British Columbia) 1.00; band_c00183=Squamish, Howe Sound (British Columbia) 1.00; band_c00737=Misqueam (British Columbia) 0.71",
SQUAMISH BAND (B.C.) in Account with the Department of Indian Affairs,1889-1889,1,3,band,SQUAMISH BAND ( ),,,british columbia,band_c00165,Burrard No. 3 (Squamish),British Columbia,1.0,linked,"band_c00165=Burrard No. 3 (Squamish) (British Columbia) 1.00; band_c00183=Squamish, Howe Sound (British Columbia) 1.00; band_c00737=Misqueam (British Columbia) 0.71",
SQUAMISH BAND IN BRITISH COLUMBIA,1886-1886,2,5,band,SQUAMISH BAND IN BRITISH COLUMBIA,,,,band_c00074,British Columbia,British Columbia,0.68,review_below_gate,band_c00074=British Columbia (British Columbia) 0.68; band_c01023=British Columbia (Grand Recapitulation) 0.68; band_c02624=British Columbia (North-West Territories) 0.68,
SQUAMISH BAND OF BRITISH COLUMBIA,1885-1885,1,2,band,SQUAMISH BAND OF BRITISH COLUMBIA,,,,band_c00074,British Columbia,British Columbia,0.68,review_below_gate,band_c00074=British Columbia (British Columbia) 0.68; band_c01023=British Columbia (Grand Recapitulation) 0.68; band_c02624=British Columbia (North-West Territories) 0.68,
"SQUAMISH BAND, B.C., in Account with the Department of Indian Affairs",1887-1887,2,4,band,SQUAMISH BAND,,,british columbia,band_c00165,Burrard No. 3 (Squamish),British Columbia,1.0,linked,"band_c00165=Burrard No. 3 (Squamish) (British Columbia) 1.00; band_c00183=Squamish, Howe Sound (British Columbia) 1.00; band_c00737=Misqueam (British Columbia) 0.71",
"SQUAMISH, B.C., in Account Current with the Department of Indian Affairs.",1884-1884,2,4,band,SQUAMISH,,,british columbia,band_c00165,Burrard No. 3 (Squamish),British Columbia,1.0,linked,"band_c00165=Burrard No. 3 (Squamish) (British Columbia) 1.00; band_c00183=Squamish, Howe Sound (British Columbia) 1.00; band_c00737=Misqueam (British Columbia) 0.71",
"ST. PETER'S BAND, MANITOBA",1885-1885,1,4,band,ST. PETER'S BAND,,,manitoba,band_c01109,St. Peter's,Manitoba,1.0,linked,"band_c01109=St. Peter's (Manitoba) 1.00; band_c02015=Peter Shirt, H.M (Ontario) 0.61; band_c01381=Sister St. Eusèbe (None) 0.50",
SUNDRY DISBURSEMENTS - Continued,1884-1884,1,13,department,SUNDRY DISBURSEMENTS,,,,,,,0.0,department,,
SUNDRY DISBURSEMENTS.,1884-1884,1,6,department,SUNDRY DISBURSEMENTS,,,,,,,0.0,department,,
SUPERANNUATION ACCOUNT,1883-1886,5,22,band,SUPERANNUATION ACCOUNT,,,,,,,0.409,unlinked,band_c01664=Heatherton (Nova Scotia) 0.41,
SUPERANNUATION ACCOUNT in Account with the Department of Indian Affairs,1887-1887,2,6,band,SUPERANNUATION ACCOUNT,,,,,,,0.409,unlinked,band_c01664=Heatherton (Nova Scotia) 0.41,
SURVEY ACCOUNT,1883-1886,4,14,department,SURVEY ACCOUNT,,,,,,,0.0,department,,
SUSPENSE ACCOUNT,1886-1886,2,16,department,SUSPENSE ACCOUNT,,,,,,,0.0,department,,
SUSPENSE ACCOUNT in Account Current with the Department of Indian Affairs.,1882-1882,2,9,department,SUSPENSE ACCOUNT,,,,,,,0.0,department,,
Saddle Lake Band (No. 201).,1894-1894,2,3,band,Saddle Lake Band,201,,,band_c02462,Saddle Lake,Alberta,1.0,linked,band_c02462=Saddle Lake (Alberta) 1.00; band_c02599=Saddle Lake Agency (Alberta) 0.74; band_c02178=Eagle Lake (Ontario) 0.63,
"Saddle Lake Band, N.W.T. (No. 201)",1895-1895,1,6,band,Saddle Lake Band,201,,north-west territories,band_c02462,Saddle Lake,Alberta,1.0,linked,band_c02462=Saddle Lake (Alberta) 1.00; band_c02599=Saddle Lake Agency (Alberta) 0.74; band_c01189=Eagle Lake (Manitoba) 0.63,
"Sakimay's Band, Crooked Lake Agency (No. 199)",1894-1894,2,4,band,Sakimay's Band,199,,,band_c02510,Sakimay,North-West Territories,1.0,linked,band_c02510=Sakimay (North-West Territories) 1.00; band_c01497=Sa-ki-may (None) 1.00; band_c02829=Kimoosayo (6) (Alberta) 0.57,
"Sakimay's Band, Crooked Lake Agency, (No. 199)",1895-1895,2,4,band,Sakimay's Band,199,,,band_c02510,Sakimay,North-West Territories,1.0,linked,band_c02510=Sakimay (North-West Territories) 1.00; band_c01497=Sa-ki-may (None) 1.00; band_c02829=Kimoosayo (6) (Alberta) 0.57,
"Sakimay's Band, Crooked Lake Agency, N.W.T. (No. 199)",1896-1896,2,4,band,Sakimay's Band,199,,north-west territories,band_c02510,Sakimay,North-West Territories,1.0,linked,band_c02510=Sakimay (North-West Territories) 1.00; band_c01497=Sa-ki-may (None) 1.00; band_c02829=Kimoosayo (6) (Alberta) 0.57,
"Sakimay's Band, Crooked Lake Agency, N.W.T. (No. 199).",1897-1897,1,3,band,Sakimay's Band,199,,north-west territories,band_c02510,Sakimay,North-West Territories,1.0,linked,band_c02510=Sakimay (North-West Territories) 1.00; band_c01497=Sa-ki-may (None) 1.00; band_c02829=Kimoosayo (6) (Alberta) 0.57,
Salaries Missionaries.,1882-1882,1,7,department,Salaries Missionaries,,,,,,,0.0,department,,
Salaries of Missionaries.,1886-1889,4,50,department,Salaries of Missionaries,,,,,,,0.0,department,,
Salaries of Teachers - Ontario - Concluded.,1889-1889,1,15,department,Salaries of Teachers - Ontario,,,,,,,0.0,department,,
Salaries of Teachers - Ontario.,1888-1889,2,51,department,Salaries of Teachers - Ontario,,,,,,,0.0,department,,
Salaries of Teachers.,1882-1882,1,20,department,Salaries of Teachers,,,,,,,0.0,department,,
Salaries.,1882-1885,4,88,department,Salaries,,,,,,,0.0,department,,
"Salmon Arm Reserve, B.C. (No. 153)",1894-1896,4,8,band,Salmon Arm Reserve,153,,british columbia,,,,0.6,unlinked,band_c00114=Salmon River (British Columbia) 0.60; band_c01753=Salmon Tail (Nova Scotia) 0.63; band_c01745=Salmon River (Nova Scotia) 0.60,
"Salmon Arm Reserve, B.C. (No. 153).",1897-1897,1,3,band,Salmon Arm Reserve,153,,british columbia,,,,0.6,unlinked,band_c00114=Salmon River (British Columbia) 0.60; band_c01753=Salmon Tail (Nova Scotia) 0.63; band_c01745=Salmon River (Nova Scotia) 0.60,
"Salmon Arm Reserve, B.C., (No. 153)",1895-1895,2,4,band,Salmon Arm Reserve,153,,british columbia,,,,0.6,unlinked,band_c00114=Salmon River (British Columbia) 0.60; band_c01753=Salmon Tail (Nova Scotia) 0.63; band_c01745=Salmon River (Nova Scotia) 0.60,
"Salmon Arm Reserves, B.C. (No. 153)",1893-1893,1,3,band,Salmon Arm Reserves,153,,british columbia,,,,0.621,unlinked,band_c00114=Salmon River (British Columbia) 0.62; band_c01745=Salmon River (Nova Scotia) 0.62; band_c03338=Salmon River (Yukon) 0.62,
"Sampson Band, N.W.T. (No. 155)",1896-1896,2,7,band,Sampson Band,155,,north-west territories,band_c02871,Samson,Alberta,1.0,linked_by_number,band_c01533=Sampson (None) 1.00; band_c02871=Samson (Alberta) 1.00; band_c02573=Fort Simpson (North-West Territories) 0.46,"propagated from 'Samson's Band, (No. 155)' via No. 155; duplicate census identities: band_c01533"
"Sampson Band, N.W.T. (No. 155).",1897-1897,1,5,band,Sampson Band,155,,north-west territories,band_c02871,Samson,Alberta,1.0,linked_by_number,band_c01533=Sampson (None) 1.00; band_c02871=Samson (Alberta) 1.00; band_c02573=Fort Simpson (North-West Territories) 0.46,"propagated from 'Samson's Band, (No. 155)' via No. 155; duplicate census identities: band_c01533"
Sampson's Band (No. 155),1893-1893,1,4,band,Sampson's Band,155,,,band_c02871,Samson,Alberta,1.0,linked,band_c01533=Sampson (None) 1.00; band_c02871=Samson (Alberta) 1.00; band_c00381=Port Simpson (British Columbia) 0.53,settled on best-attested duplicate via No. 155; duplicate census identities: band_c01533
"Samson's Band, (No. 155)",1895-1895,2,11,band,Samson's Band,155,,,band_c02871,Samson,Alberta,1.0,linked,band_c02871=Samson (Alberta) 1.00; band_c01533=Sampson (None) 0.73; band_c00687=Tsonassan (British Columbia) 0.46,duplicate census identities: band_c01533
"Samson's Band, N.W.T. (No. 155).",1894-1894,2,13,band,Samson's Band,155,,north-west territories,band_c02871,Samson,Alberta,1.0,linked,band_c02871=Samson (Alberta) 1.00; band_c01533=Sampson (None) 0.73; band_c03248=Hudsons Hope (Treaty No. 8) 0.42,duplicate census identities: band_c01533
"Sarcee Indians, N.W.T. (No. 154)",1896-1897,3,14,band,Sarcee Indians,154,,north-west territories,band_c02803,Ochapowace,North-West Territories,1.0,linked_by_number,band_c01475='The Sarcee' (None) 1.00; band_c02617=Bull Head (Alberta) 1.00; band_c02544=Sarcee Agency (North-West Territories) 1.00,propagated from 'Ochapowace's Band (No. 154)' via No. 154
"School Books, Maps, & c.",1887-1889,2,29,department,"School Books, Maps, & c",,,,,,,0.0,department,,
"School Books, Maps, & c. -",1887-1887,1,14,department,"School Books, Maps, & c. -",,,,,,,0.0,department,,
"School-Books, Maps, & c.",1888-1888,1,24,department,"School-Books, Maps, & c",,,,,,,0.0,department,,
Serpent River Indians (No. 32).,1893-1893,1,4,band,Serpent River Indians,32,,,band_c02076,Serpent River,Ontario,1.0,linked,band_c02076=Serpent River (Ontario) 1.00; band_c01083=Berens River (Manitoba) 0.61; band_c02423=Red River (North-West Territories) 0.61,
"Serpent River Indians, Ont. (No. 32)",1895-1897,5,44,band,Serpent River Indians,32,,ontario,band_c02076,Serpent River,Ontario,1.0,linked,band_c02076=Serpent River (Ontario) 1.00; band_c01988=Rivière la Seine (Ontario) 0.55; band_c02137=Ghost River (Ontario) 0.55,
"Serpent River Indians, Ont. (No. 32).",1896-1896,1,24,band,Serpent River Indians,32,,ontario,band_c02076,Serpent River,Ontario,1.0,linked,band_c02076=Serpent River (Ontario) 1.00; band_c01988=Rivière la Seine (Ontario) 0.55; band_c02137=Ghost River (Ontario) 0.55,
"Seton Lake Band, B.C. (No. 215).",1897-1897,1,3,band,Seton Lake Band,215,,british columbia,band_c00217,Seton Lake,British Columbia,1.0,linked,"band_c00217=Seton Lake (British Columbia) 1.00; band_c00089=Seton Lake, Mission No. 1 (British Columbia) 0.84; band_c00102=Seaton Lake No. 6 (British Columbia) 0.84",
"Seton Lake Band, B.C. (No. 215.)",1896-1896,2,4,band,Seton Lake Band,215,,british columbia,band_c00217,Seton Lake,British Columbia,1.0,linked,"band_c00217=Seton Lake (British Columbia) 1.00; band_c00089=Seton Lake, Mission No. 1 (British Columbia) 0.84; band_c00102=Seaton Lake No. 6 (British Columbia) 0.84",
"Seton Lake, B.C. (No. 215).",1895-1895,2,4,band,Seton Lake,215,,british columbia,band_c00217,Seton Lake,British Columbia,1.0,linked,"band_c00217=Seton Lake (British Columbia) 1.00; band_c00089=Seton Lake, Mission No. 1 (British Columbia) 0.84; band_c00102=Seaton Lake No. 6 (British Columbia) 0.84",
Seymour Creek Indians (No. 203).,1894-1894,3,8,band,Seymour Creek Indians,203,,,band_c00359,Seymour Creek,British Columbia,1.0,linked,band_c00359=Seymour Creek (British Columbia) 1.00; band_c02077=Seymour Creek (Ontario) 1.00; band_c00303=Sej'iuour Creek (British Columbia) 0.69,
"Seymour Creek Indians, B.C. (No. 203)",1897-1897,2,5,band,Seymour Creek Indians,203,,british columbia,band_c00359,Seymour Creek,British Columbia,1.0,linked,band_c00359=Seymour Creek (British Columbia) 1.00; band_c02077=Seymour Creek (Ontario) 1.00; band_c00303=Sej'iuour Creek (British Columbia) 0.69,
"Seymour Creek Indians, B.C. (No. 203) - CAPITAL",1895-1895,2,3,band,Seymour Creek Indians (No. 203) - CAPITAL,,,british columbia,band_c00359,Seymour Creek,British Columbia,0.75,review_below_gate,band_c00359=Seymour Creek (British Columbia) 0.75; band_c02077=Seymour Creek (Ontario) 0.75; band_c00307=Canoe Creek (British Columbia) 0.61,
"Seymour Creek Indians, B.C. (No. 203) - INTEREST",1895-1895,2,4,band,Seymour Creek Indians (No. 203),,,british columbia,band_c00359,Seymour Creek,British Columbia,1.0,linked,band_c00359=Seymour Creek (British Columbia) 1.00; band_c02077=Seymour Creek (Ontario) 1.00; band_c00303=Sej'iuour Creek (British Columbia) 0.69,
"Seymour Creek Indians, B.C. (No. 203.)",1896-1896,3,7,band,Seymour Creek Indians,203,,british columbia,band_c00359,Seymour Creek,British Columbia,1.0,linked,band_c00359=Seymour Creek (British Columbia) 1.00; band_c02077=Seymour Creek (Ontario) 1.00; band_c00303=Sej'iuour Creek (British Columbia) 0.69,
Sharphead's Reserve (No. 202).,1894-1894,2,4,band,Sharphead's Reserve,202,,,band_c01498,Sharphead,,1.0,review_ambiguous,band_c01498=Sharphead (None) 1.00; band_c02493=Sharphead (Chee-pooslequan) (North-West Territories) 1.00; band_c02492=Sharp Head (Cheepoostequan) (North-West Territories) 1.00,
"Sharphead's Reserve, N.W.T. (No. 202)",1895-1897,3,11,band,Sharphead's Reserve,202,,north-west territories,band_c02493,Sharphead (Chee-pooslequan),North-West Territories,1.0,review_ambiguous,band_c02493=Sharphead (Chee-pooslequan) (North-West Territories) 1.00; band_c01498=Sharphead (None) 1.00; band_c02492=Sharp Head (Cheepoostequan) (North-West Territories) 1.00,
"Sharphead's Reserve, N.W.T. (No. 202.)",1896-1896,2,4,band,Sharphead's Reserve,202,,north-west territories,band_c02493,Sharphead (Chee-pooslequan),North-West Territories,1.0,review_ambiguous,band_c02493=Sharphead (Chee-pooslequan) (North-West Territories) 1.00; band_c01498=Sharphead (None) 1.00; band_c02492=Sharp Head (Cheepoostequan) (North-West Territories) 1.00,
Shawanaga Indians (No. 34).,1893-1893,1,4,band,Shawanaga Indians,34,,,band_c01882,Shawanaga,Ontario,1.0,linked,band_c01882=Shawanaga (Ontario) 1.00; band_c01831=Maganatawan (see Manitowaning) (Ontario) 0.67; band_c01815=Maganatawan (see also Parry Sound Sup't'cy) (Ontario) 0.67,
"Shawanaga Indians, Ont. (No. 34)",1895-1897,8,58,band,Shawanaga Indians,34,,ontario,band_c01882,Shawanaga,Ontario,1.0,linked,band_c01882=Shawanaga (Ontario) 1.00; band_c01831=Maganatawan (see Manitowaning) (Ontario) 0.67; band_c01815=Maganatawan (see also Parry Sound Sup't'cy) (Ontario) 0.67,
"Sheguiandah Band, Ont. (No. 246).",1897-1897,2,16,band,Sheguiandah Band,246,,ontario,band_c02156,Sheguiandah,Ontario,1.0,linked,band_c02156=Sheguiandah (Ontario) 1.00; band_c02078=Sheshegwaning (Ontario) 0.45; band_c00440=Hesquiat (British Columbia) 0.44,
"Sheshegwaning Reserve, Ont. (No. 247)",1897-1897,2,14,band,Sheshegwaning Reserve,247,,ontario,band_c02078,Sheshegwaning,Ontario,1.0,linked,band_c02078=Sheshegwaning (Ontario) 1.00; band_c00661=She-shell (British Columbia) 0.53; band_c01936=Manitowaning Agency (Ontario) 0.43,
"Shingwauk Home, Ont. (No. 225.)",1896-1896,2,15,band,Shingwauk Home,225,,ontario,,,,0.0,unlinked,,
"Shoal Lake Reserve 39, Man. (No. 222).",1895-1895,2,3,band,Shoal Lake Reserve 39,222,,manitoba,band_c01135,Shoal Lake No. 39,Manitoba,1.0,linked,band_c01135=Shoal Lake No. 39 (Manitoba) 1.00; band_c01134=Shoal Lake (Crees) (Manitoba) 1.00; band_c01989=Shoal Lake No. 39 (Ontario) 1.00,
"Shoal Lake Reserve 40, Man. (No. 223)",1895-1895,2,3,band,Shoal Lake Reserve 40,223,,manitoba,band_c01136,Shoal Lake No. 40,Manitoba,1.0,linked,band_c01136=Shoal Lake No. 40 (Manitoba) 1.00; band_c01134=Shoal Lake (Crees) (Manitoba) 1.00; band_c01990=Shoal Lake No. 40 (Ontario) 1.00,
"Shoal Lake Reserve, 39, Man. (No. 222).",1897-1897,1,3,band,"Shoal Lake Reserve, 39",222,,manitoba,band_c01135,Shoal Lake No. 39,Manitoba,1.0,linked_by_number,band_c01134=Shoal Lake (Crees) (Manitoba) 1.00; band_c01135=Shoal Lake No. 39 (Manitoba) 1.00; band_c01136=Shoal Lake No. 40 (Manitoba) 1.00,"propagated from 'Shoal Lake Reserve 39, Man. (No. 222).' via No. 222"
"Shoal Lake Reserve, 39, Man. (No. 222.)",1896-1896,2,4,band,"Shoal Lake Reserve, 39",222,,manitoba,band_c01135,Shoal Lake No. 39,Manitoba,1.0,linked_by_number,band_c01134=Shoal Lake (Crees) (Manitoba) 1.00; band_c01135=Shoal Lake No. 39 (Manitoba) 1.00; band_c01136=Shoal Lake No. 40 (Manitoba) 1.00,"propagated from 'Shoal Lake Reserve 39, Man. (No. 222).' via No. 222"
"Shoal Lake Reserve, 40, Man. (No. 223)",1896-1897,2,8,band,"Shoal Lake Reserve, 40",223,,manitoba,band_c01136,Shoal Lake No. 40,Manitoba,1.0,linked_by_number,band_c01134=Shoal Lake (Crees) (Manitoba) 1.00; band_c01135=Shoal Lake No. 39 (Manitoba) 1.00; band_c01136=Shoal Lake No. 40 (Manitoba) 1.00,"propagated from 'Shoal Lake Reserve 40, Man. (No. 223)' via No. 223"
"Siska Band, B.C. (No. 148)",1894-1897,5,11,band,Siska Band,148,,british columbia,band_c00277,Siska,British Columbia,1.0,linked,band_c00277=Siska (British Columbia) 1.00; band_c02276=Siska (Ontario) 1.00; band_c00891=Nzis-kat (British Columbia) 0.60,
"Siska Band, B.C. (No. 148.)",1896-1896,2,4,band,Siska Band,148,,british columbia,band_c00277,Siska,British Columbia,1.0,linked,band_c00277=Siska (British Columbia) 1.00; band_c02276=Siska (Ontario) 1.00; band_c00891=Nzis-kat (British Columbia) 0.60,
"Siska Flat Indians, B.C. (No. 148)",1893-1893,1,3,band,Siska Flat Indians,148,,british columbia,band_c00277,Siska,British Columbia,1.0,linked,band_c00277=Siska (British Columbia) 1.00; band_c02276=Siska (Ontario) 1.00; band_c00618=Kanaka Flat (British Columbia) 0.63,
Six Nations,1882-1882,1,9,band,Six Nations,,,,,,,0.5,unlinked,"band_c02398=Wahspaton (Sioux, non-treaty) (Saskatchewan) 0.50; band_c02383=No. of Sioux who are residents upon reserves that have been given them, but who do not take Treaty (Saskatchewan) 0.50; band_c01842=Six Nations on the Grand River (Ontario) 0.40",
Six Nations of Grand River (No. 33).,1893-1893,1,4,band,Six Nations of Grand River,33,,,band_c01842,Six Nations on the Grand River,Ontario,1.0,linked,band_c01842=Six Nations on the Grand River (Ontario) 1.00; band_c01825=Six Nations on Grand River (Ontario) 0.92; band_c02977=Montagnais of Grand Romaine (Quebec) 0.51,
"Six Nations of Grand River, Ont. (No. 33)",1896-1897,4,215,band,Six Nations of Grand River,33,,ontario,band_c01842,Six Nations on the Grand River,Ontario,1.0,linked,band_c01842=Six Nations on the Grand River (Ontario) 1.00; band_c01825=Six Nations on Grand River (Ontario) 0.92; band_c01818=Chippewas of Rama (Ontario) 0.43,
"Six Nations of the Grand River, Ont. (No. 33)",1895-1895,2,157,band,Six Nations of the Grand River,33,,ontario,band_c01842,Six Nations on the Grand River,Ontario,1.0,linked,band_c01842=Six Nations on the Grand River (Ontario) 1.00; band_c01825=Six Nations on Grand River (Ontario) 0.92; band_c01818=Chippewas of Rama (Ontario) 0.43,
"Skawahlook Band, B.C., (No. 158)",1895-1895,2,4,band,Skawahlook Band,158,,british columbia,band_c00417,Skawahlook,British Columbia,1.0,linked,band_c00417=Skawahlook (British Columbia) 1.00; band_c00361=Skawah-looks (British Columbia) 0.95; band_c02200=Waskahat (Ontario) 1.00,
"Skawahlook's Band, B.C. (No. 158).",1897-1897,1,3,band,Skawahlook's Band,158,,british columbia,band_c00417,Skawahlook,British Columbia,1.0,linked,band_c00417=Skawahlook (British Columbia) 1.00; band_c00361=Skawah-looks (British Columbia) 0.95; band_c02200=Waskahat (Ontario) 1.00,
"Skawahlook's Band, B.C. (No. 158.)",1896-1896,2,4,band,Skawahlook's Band,158,,british columbia,band_c00417,Skawahlook,British Columbia,1.0,linked,band_c00417=Skawahlook (British Columbia) 1.00; band_c00361=Skawah-looks (British Columbia) 0.95; band_c02200=Waskahat (Ontario) 1.00,
"Skawalook Band, B.C. (No. 158).",1893-1894,3,7,band,Skawalook Band,158,,british columbia,band_c00417,Skawahlook,British Columbia,0.824,linked_by_number,band_c00417=Skawahlook (British Columbia) 0.82; band_c00361=Skawah-looks (British Columbia) 0.78; band_c02200=Waskahat (Ontario) 0.82,"propagated from 'Skawahlook Band, B.C., (No. 158)' via No. 158"
"Skawtits Band, B.C. (No. 163).",1893-1893,1,3,band,Skawtits Band,163,,british columbia,band_c00676,Squawtits,British Columbia,0.714,linked_by_number,band_c00676=Squawtits (British Columbia) 0.71; band_c02237=Squawtits (Ontario) 0.67; band_c00768=Squatits (British Columbia) 0.43,"propagated from 'Squawtit's Band, B.C. (No. 163).' via No. 163"
"Skawtits' Band, B.C. (No. 163)",1894-1894,2,6,band,Skawtits' Band,163,,british columbia,band_c00676,Squawtits,British Columbia,0.714,linked_by_number,band_c00676=Squawtits (British Columbia) 0.71; band_c02237=Squawtits (Ontario) 0.67; band_c00768=Squatits (British Columbia) 0.43,"propagated from 'Squawtit's Band, B.C. (No. 163).' via No. 163"
"Skuppa Band, B.C. (No. 150)",1895-1896,4,8,band,Skuppa Band,150,,british columbia,band_c00847,Skuppa,British Columbia,1.0,linked,band_c00847=Skuppa (British Columbia) 1.00; band_c02340=Skuppa (Ontario) 1.00; band_c00219=Skappa (British Columbia) 0.60,
"Skuppa Band, B.C. (No. 150).",1894-1897,3,7,band,Skuppa Band,150,,british columbia,band_c00847,Skuppa,British Columbia,1.0,linked,band_c00847=Skuppa (British Columbia) 1.00; band_c02340=Skuppa (Ontario) 1.00; band_c00219=Skappa (British Columbia) 0.60,
"Skuppa Indians, B.C. (No. 150)",1893-1893,1,3,band,Skuppa Indians,150,,british columbia,band_c00847,Skuppa,British Columbia,1.0,linked,band_c00847=Skuppa (British Columbia) 1.00; band_c02340=Skuppa (Ontario) 1.00; band_c00219=Skappa (British Columbia) 0.60,
"Skwah Indians, B.C. (No. 110)",1895-1897,5,18,band,Skwah Indians,110,,british columbia,band_c00924,Skwah,British Columbia,1.0,review_number_conflict,band_c00924=Skwah (British Columbia) 1.00; band_c02357=Skwah (Ontario) 1.00; band_c00925=Skway (British Columbia) 0.75,No. 110 links to different band names: Skwah; Squah
"Skwamish Indians, B.C. (No. 54).",1897-1897,2,6,band,Skwamish Indians,54,,british columbia,band_c00180,"Skwamish, Howe Sound",British Columbia,1.0,review_number_conflict,"band_c00180=Skwamish, Howe Sound (British Columbia) 1.00; band_c00568=Skwaw-mish (British Columbia) 0.80; band_c00183=Squamish, Howe Sound (British Columbia) 0.57","No. 54 links to different band names: Burrard No. 3 (Squamish); Skwamish, Howe Sound"
"Skwamish Indians, B.C. (No. 54.)",1896-1896,3,7,band,Skwamish Indians,54,,british columbia,band_c00180,"Skwamish, Howe Sound",British Columbia,1.0,review_number_conflict,"band_c00180=Skwamish, Howe Sound (British Columbia) 1.00; band_c00568=Skwaw-mish (British Columbia) 0.80; band_c00183=Squamish, Howe Sound (British Columbia) 0.57","No. 54 links to different band names: Burrard No. 3 (Squamish); Skwamish, Howe Sound"
"Skwawtits' Band, B.C. (No. 163)",1895-1895,2,4,band,Skwawtits' Band,163,,british columbia,band_c00676,Squawtits,British Columbia,0.667,linked_by_number,band_c00676=Squawtits (British Columbia) 0.67; band_c00461=Kwawt-se-no (British Columbia) 0.62; band_c00185=Wawlitsum (British Columbia) 0.50,"propagated from 'Squawtit's Band, B.C. (No. 163).' via No. 163"
Songhees Indians (No. 51),1893-1893,1,4,band,Songhees Indians,51,,,band_c00764,Songhees,British Columbia,1.0,linked,band_c00764=Songhees (British Columbia) 1.00; band_c02279=Songhees (Ontario) 1.00; band_c00765=Soughees (British Columbia) 0.71,
"Songhees Indians, B.C. (No. 51)",1894-1895,6,25,band,Songhees Indians,51,,british columbia,band_c00764,Songhees,British Columbia,1.0,linked,band_c00764=Songhees (British Columbia) 1.00; band_c02279=Songhees (Ontario) 1.00; band_c00765=Soughees (British Columbia) 0.71,
"Songhees Indians, B.C. (No. 51).",1897-1897,2,17,band,Songhees Indians,51,,british columbia,band_c00764,Songhees,British Columbia,1.0,linked,band_c00764=Songhees (British Columbia) 1.00; band_c02279=Songhees (Ontario) 1.00; band_c00765=Soughees (British Columbia) 0.71,
"Songhees Indians, B.C. (No. 51.)",1896-1896,3,13,band,Songhees Indians,51,,british columbia,band_c00764,Songhees,British Columbia,1.0,linked,band_c00764=Songhees (British Columbia) 1.00; band_c02279=Songhees (Ontario) 1.00; band_c00765=Soughees (British Columbia) 0.71,
"South Bay Reserve, Ont. (No. 248).",1897-1897,2,18,band,South Bay Reserve,248,,ontario,band_c02236,South Bay,Ontario,1.0,linked,band_c02236=South Bay (Ontario) 1.00; band_c01451=South Quill (None) 0.56; band_c01911=Halaut (South Thompson) (Ontario) 0.48,
Spanish River Indians (No. 35).,1893-1893,1,5,band,Spanish River Indians,35,,,band_c01816,Spanish River No. 1,Ontario,1.0,review_ambiguous,band_c01816=Spanish River No. 1 (Ontario) 1.00; band_c01817=Spanish River No. 2 (Ontario) 1.00; band_c01956=Spanish River No. 3 (Ontario) 1.00,
"Spanish River Indians, Ont. (No. 35)",1895-1897,8,112,band,Spanish River Indians,35,,ontario,band_c01816,Spanish River No. 1,Ontario,1.0,review_ambiguous,band_c01816=Spanish River No. 1 (Ontario) 1.00; band_c01817=Spanish River No. 2 (Ontario) 1.00; band_c01956=Spanish River No. 3 (Ontario) 1.00,
"Spellamcheen Indians, B.C. (No. 107)",1895-1895,2,4,band,Spellamcheen Indians,107,,british columbia,band_c00328,Spal-lam-cheen,British Columbia,0.818,review_below_gate,band_c00328=Spal-lam-cheen (British Columbia) 0.82; band_c00086=Spellamcheen - Sushwap Tribe. (British Columbia) 0.82; band_c00487=Spelemcheen (British Columbia) 0.76,
"Spellamcheen Indians, B.C. (No. 107).*",1897-1897,1,3,band,Spellamcheen Indians (No. 107),,,british columbia,band_c00328,Spal-lam-cheen,British Columbia,0.818,review_below_gate,band_c00328=Spal-lam-cheen (British Columbia) 0.82; band_c00086=Spellamcheen - Sushwap Tribe. (British Columbia) 0.82; band_c00487=Spelemcheen (British Columbia) 0.76,
"Spellamcheen Indians, B.C. (No. 107.)",1896-1896,2,4,band,Spellamcheen Indians,107,,british columbia,band_c00328,Spal-lam-cheen,British Columbia,0.818,review_below_gate,band_c00328=Spal-lam-cheen (British Columbia) 0.82; band_c00086=Spellamcheen - Sushwap Tribe. (British Columbia) 0.82; band_c00487=Spelemcheen (British Columbia) 0.76,
"Spellumcheen Indians, B.C. (No. 107)",1894-1894,2,4,band,Spellumcheen Indians,107,,british columbia,band_c00363,Spallumcheen,British Columbia,0.818,review_below_gate,band_c00363=Spallumcheen (British Columbia) 0.82; band_c00024=Spallumcheen (Spallumcheen) (B.C) 0.82; band_c00487=Spelemcheen (British Columbia) 0.76,
"Spuzzum Band, B.C. (No. 160)",1895-1897,5,11,band,Spuzzum Band,160,,british columbia,band_c00182,Spuzzum,British Columbia,1.0,linked,band_c00182=Spuzzum (British Columbia) 1.00; band_c02323=Spuzzum (Ontario) 1.00; band_c00857=Spuzzam (British Columbia) 0.67,
"Spuzzum Band, B.C. (No. 160).",1893-1894,3,7,band,Spuzzum Band,160,,british columbia,band_c00182,Spuzzum,British Columbia,1.0,linked,band_c00182=Spuzzum (British Columbia) 1.00; band_c02323=Spuzzum (Ontario) 1.00; band_c00857=Spuzzam (British Columbia) 0.67,
"Squah Indians, B.C. (No. 110).",1894-1894,2,6,band,Squah Indians,110,,british columbia,band_c00927,Squah,British Columbia,1.0,review_number_conflict,band_c00927=Squah (British Columbia) 1.00; band_c01532=Pasquah (None) 0.80; band_c02867=Pasquah (Saskatchewan) 0.80,No. 110 links to different band names: Skwah; Squah
"Squamish Indians, B.C. (No. 54)",1894-1895,6,14,band,Squamish Indians,54,,british columbia,band_c00165,Burrard No. 3 (Squamish),British Columbia,1.0,review_number_conflict,"band_c00165=Burrard No. 3 (Squamish) (British Columbia) 1.00; band_c00183=Squamish, Howe Sound (British Columbia) 1.00; band_c00737=Misqueam (British Columbia) 0.71","No. 54 links to different band names: Burrard No. 3 (Squamish); Skwamish, Howe Sound"
"Squamish Indians, B.C. (No. 54).",1893-1893,1,4,band,Squamish Indians,54,,british columbia,band_c00165,Burrard No. 3 (Squamish),British Columbia,1.0,review_number_conflict,"band_c00165=Burrard No. 3 (Squamish) (British Columbia) 1.00; band_c00183=Squamish, Howe Sound (British Columbia) 1.00; band_c00737=Misqueam (British Columbia) 0.71","No. 54 links to different band names: Burrard No. 3 (Squamish); Skwamish, Howe Sound"
"Squawtit's Band, B.C. (No. 103.)",1896-1896,1,4,band,Squawtit's Band,103,,british columbia,band_c00676,Squawtits,British Columbia,0.933,review_number_conflict,band_c00676=Squawtits (British Columbia) 0.93; band_c02237=Squawtits (Ontario) 0.93; band_c00768=Squatits (British Columbia) 0.71,No. 103 links to different band names: Eel Ground; Squawtits
"Squawtit's Band, B.C. (No. 163).",1897-1897,1,3,band,Squawtit's Band,163,,british columbia,band_c00676,Squawtits,British Columbia,0.933,linked,band_c00676=Squawtits (British Columbia) 0.93; band_c02237=Squawtits (Ontario) 0.93; band_c00768=Squatits (British Columbia) 0.71,
"St. Mary Indians, N.B. (No. 93.)",1896-1896,3,9,band,St. Mary Indians,93,,new brunswick,band_c00258,St. Mary's,British Columbia,1.0,review_province,"band_c00258=St. Mary's (British Columbia) 1.00; band_c01311=St. Mary's (New Brunswick) 0.86; band_c00299=Mission, (St. Mary's) (British Columbia) 0.86",
"St. Mary's Indians, N.B. (No. 93).",1893-1893,1,3,band,St. Mary's Indians,93,,new brunswick,band_c01311,St. Mary's,New Brunswick,1.0,linked,"band_c01311=St. Mary's (New Brunswick) 1.00; band_c00258=St. Mary's (British Columbia) 1.00; band_c00299=Mission, (St. Mary's) (British Columbia) 1.00",
"St. Marys Band, N.B. (No. 93).",1897-1897,2,5,band,St. Marys Band,93,,new brunswick,band_c00258,St. Mary's,British Columbia,1.0,review_province,"band_c00258=St. Mary's (British Columbia) 1.00; band_c01311=St. Mary's (New Brunswick) 0.80; band_c00299=Mission, (St. Mary's) (British Columbia) 0.80",
St. Peter's Band (No. 59).,1894-1894,3,10,band,St. Peter's Band,59,,,band_c01109,St. Peter's,Manitoba,1.0,linked,"band_c01109=St. Peter's (Manitoba) 1.00; band_c02015=Peter Shirt, H.M (Ontario) 0.61; band_c02117=Peter Breast (Ontario) 0.60",
"St. Peter's Band, Man. (No. 59)",1897-1897,1,10,band,St. Peter's Band,59,,manitoba,band_c01109,St. Peter's,Manitoba,1.0,linked,"band_c01109=St. Peter's (Manitoba) 1.00; band_c02015=Peter Shirt, H.M (Ontario) 0.61; band_c01381=Sister St. Eusèbe (None) 0.50",
"St. Peter's Band, Man. (No. 59.)",1896-1896,3,11,band,St. Peter's Band,59,,manitoba,band_c01109,St. Peter's,Manitoba,1.0,linked,"band_c01109=St. Peter's (Manitoba) 1.00; band_c02015=Peter Shirt, H.M (Ontario) 0.61; band_c01381=Sister St. Eusèbe (None) 0.50",
"St. Peter's Band, Manitoba (No. 59)",1895-1895,3,12,band,St. Peter's Band,59,,manitoba,band_c01109,St. Peter's,Manitoba,1.0,linked,"band_c01109=St. Peter's (Manitoba) 1.00; band_c02015=Peter Shirt, H.M (Ontario) 0.61; band_c01381=Sister St. Eusèbe (None) 0.50",
St. Peters Band (No. 59).,1893-1893,1,4,band,St. Peters Band,59,,,band_c01109,St. Peter's,Manitoba,1.0,linked,"band_c01109=St. Peter's (Manitoba) 1.00; band_c00977=Dorset Post (from Chorkbak Inlet to Cape Weston, Fox Channel) (Eskimos) 0.56; band_c02117=Peter Breast (Ontario) 0.53",
Standing Buffalo Band (No. 195),1894-1894,2,4,band,Standing Buffalo Band,195,,,band_c02534,Standing Buffalo (Sioux),Saskatchewan,1.0,review_ambiguous,band_c02534=Standing Buffalo (Sioux) (Saskatchewan) 1.00; band_c01382=Standing Buffalo (None) 1.00; band_c01174=Buffalo Bay (Manitoba) 0.56,
"Standing Buffalo's Band, N.W.T. (No. 195)",1895-1895,1,3,band,Standing Buffalo's Band,195,,north-west territories,band_c02534,Standing Buffalo (Sioux),Saskatchewan,1.0,review_ambiguous,band_c02534=Standing Buffalo (Sioux) (Saskatchewan) 1.00; band_c01382=Standing Buffalo (None) 1.00; band_c01174=Buffalo Bay (Manitoba) 0.59,
"Standing Buffalo's Band, N.W.T. (No. 195).",1897-1897,1,3,band,Standing Buffalo's Band,195,,north-west territories,band_c02534,Standing Buffalo (Sioux),Saskatchewan,1.0,review_ambiguous,band_c02534=Standing Buffalo (Sioux) (Saskatchewan) 1.00; band_c01382=Standing Buffalo (None) 1.00; band_c01174=Buffalo Bay (Manitoba) 0.59,
Standing Buffalo's Band. N.W.T. (No. 195(tt).),1896-1896,2,4,band,Standing Buffalo's Band. (No. 195(tt).),,,north-west territories,band_c02534,Standing Buffalo (Sioux),Saskatchewan,1.0,review_ambiguous,band_c02534=Standing Buffalo (Sioux) (Saskatchewan) 1.00; band_c01382=Standing Buffalo (None) 1.00; band_c01174=Buffalo Bay (Manitoba) 0.59,
"Stangecoming Reserve, Mickiesiese Reserve 18 B., Man. (No. 220).",1895-1895,2,3,band,"Stangecoming Reserve, Mickiesiese Reserve 18 B",220,,manitoba,,,,0.47,unlinked,band_c01171=Stangecoming (Manitoba) 0.47; band_c02119=Stangecoming (Ontario) 0.47,
"Stangecoming Reserve, Mickiesiese Reserve, 18 B., Man. (No 220).",1897-1897,1,3,band,"Stangecoming Reserve, Mickiesiese Reserve, 18 B",220,,manitoba,,,,0.47,unlinked,band_c01171=Stangecoming (Manitoba) 0.47; band_c02119=Stangecoming (Ontario) 0.47,
"Stangecoming Reserve, Mickiesiese Reserve, 18 B., Man.(No. 220.)",1896-1896,2,4,band,"Stangecoming Reserve, Mickiesiese Reserve, 18 B",220,,manitoba,,,,0.47,unlinked,band_c01171=Stangecoming (Manitoba) 0.47; band_c02119=Stangecoming (Ontario) 0.47,
"Star Blanket Band, File Hills Agency (No. 192).",1894-1894,1,4,band,Star Blanket Band,192,,,band_c02740,Star Blanket,Saskatchewan,1.0,linked,band_c02740=Star Blanket (Saskatchewan) 1.00; band_c01438=Blanket (None) 1.00; band_c02663=Striped Blanket (North-West Territories) 0.64,
Stony Indians (No. 171),1894-1895,4,47,band,Stony Indians,171,,,band_c02434,Stony Reserve,North-West Territories,1.0,review_ambiguous,band_c02434=Stony Reserve (North-West Territories) 1.00; band_c02587=Grizzly Bear (Stony) (North-West Territories) 1.00; band_c03163=Stony (Saskatchewan Inspectorates) 1.00,
"Stony Indians, Bands Nos. 142 - 3 - 4 (No. 171).",1893-1893,1,3,collective,"Stony Indians, Bands Nos. 142 - 3 - 4",171,,,band_c02384,Non-treaty Indians,North-West Territories,0.526,review_collective,band_c02384=Non-treaty Indians (North-West Territories) 0.53; band_c01838=Non-treaty Indians where no agents (Ontario) 0.53; band_c00140=Boston Bar (British Columbia) 0.52,
"Stony Indians, N.W.T. (No. 171)",1896-1897,5,22,band,Stony Indians,171,,north-west territories,band_c02434,Stony Reserve,North-West Territories,1.0,review_ambiguous,band_c02434=Stony Reserve (North-West Territories) 1.00; band_c02587=Grizzly Bear (Stony) (North-West Territories) 1.00; band_c03163=Stony (Saskatchewan Inspectorates) 1.00,
"Stryen Reserve, B.C. (No. 186).",1895-1897,3,7,band,Stryen Reserve,186,,british columbia,,,,0.6,unlinked,band_c00364=Strynne (British Columbia) 0.60; band_c00859=Stryune (British Columbia) 0.55; band_c00938=Yent (British Columbia) 0.50,
"Stryen Reserve, B.C. (No. 186*.)",1896-1896,2,4,band,Stryen Reserve,186,,british columbia,,,,0.6,unlinked,band_c00364=Strynne (British Columbia) 0.60; band_c00859=Stryune (British Columbia) 0.55; band_c00938=Yent (British Columbia) 0.50,
"Stryen Reserve, B.C., (No. 186).",1894-1894,2,4,band,Stryen Reserve,186,,british columbia,,,,0.6,unlinked,band_c00364=Strynne (British Columbia) 0.60; band_c00859=Stryune (British Columbia) 0.55; band_c00938=Yent (British Columbia) 0.50,
"Sturgeon Lake, N.W.T. (No. 166)",1897-1897,1,3,band,Sturgeon Lake,166,,north-west territories,band_c02862,Bobtail,North-West Territories,1.0,linked_by_number,band_c02467=William Twatt (Sturgeon Lake) (Saskatchewan) 1.00; band_c01092=Sturgeon Lake (Manitoba) 1.00; band_c03245=Sturgeon Lake (Treaty No. 8) 1.00,propagated from 'Indians of Bobtail Reserve (No. 166).' via No. 166
"Sucker Creek Band, Ont. (No. 249)",1897-1897,2,21,band,Sucker Creek Band,249,,ontario,band_c02120,Sucker Creek,Ontario,1.0,linked,band_c02120=Sucker Creek (Ontario) 1.00; band_c03261=Sucker Creek (Treaty No. 8) 1.00; band_c02158=Sucker Lake (Ontario) 0.57,
"Sucker Lake Band, Ont. (No. 250).",1897-1897,3,11,band,Sucker Lake Band,250,,ontario,band_c02158,Sucker Lake,Ontario,1.0,linked,band_c02158=Sucker Lake (Ontario) 1.00; band_c03263=Sucker Lake (Treaty No. 8) 1.00; band_c00434=Decker Lake (British Columbia) 0.80,
Sundry Disbursements.,1882-1885,3,41,department,Sundry Disbursements,,,,,,,0.0,department,,
Superannuation Account (No. 79),1897-1897,1,8,band,Superannuation Account,79,,,,,,0.409,unlinked,band_c01664=Heatherton (Nova Scotia) 0.41,
Superannuation Account (No. 79)*,1895-1895,2,10,band,Superannuation Account,79,,,,,,0.409,unlinked,band_c01664=Heatherton (Nova Scotia) 0.41,
Superannuation Account (No. 79*),1896-1896,2,9,band,Superannuation Account,79,,,,,,0.409,unlinked,band_c01664=Heatherton (Nova Scotia) 0.41,
"Surveys, Inspection and Valuation of Lands, Cost of Maps, & c.",1885-1885,1,8,band,"Surveys, Inspection and Valuation of Lands, Cost of Maps, & c",,,,,,,0.442,unlinked,"band_c01810=Ojibbewas and Ottawas of Manitoulin and Cockburn Islands, at - (Ontario) 0.44; band_c02932=St. Maurice (Quebec) 0.42; band_c02962=Champlain (Quebec) 0.42",
"Surveys, Inspection and Valuation of Lands, cost of Maps, & c.",1884-1884,1,22,band,"Surveys, Inspection and Valuation of Lands, cost of Maps, & c",,,,,,,0.442,unlinked,"band_c01810=Ojibbewas and Ottawas of Manitoulin and Cockburn Islands, at - (Ontario) 0.44; band_c02932=St. Maurice (Quebec) 0.42; band_c02962=Champlain (Quebec) 0.42",
Suspense Account (No. 76),1895-1897,6,71,department,Suspense Account,76,,,,,,0.0,department,,
Suspense Account (No. 76.),1893-1893,1,4,department,Suspense Account,76,,,,,,0.0,department,,
Swan Lake Indians (No. 106).,1894-1894,2,14,band,Swan Lake Indians,106,,,band_c01082,Swan Lake and Indian Gardens at Hamilton's Crossing,Manitoba,1.0,linked,band_c01082=Swan Lake and Indian Gardens at Hamilton's Crossing (Manitoba) 1.00; band_c02389=Pelican Lake Indians (Saskatchewan) 0.80; band_c03077=Waswanipi Lake (Quebec) 0.67,
"Swan Lake Indians, Man. (No. 106)",1895-1897,3,19,band,Swan Lake Indians,106,,manitoba,band_c01082,Swan Lake and Indian Gardens at Hamilton's Crossing,Manitoba,1.0,linked,band_c01082=Swan Lake and Indian Gardens at Hamilton's Crossing (Manitoba) 1.00; band_c02389=Pelican Lake Indians (Saskatchewan) 0.80; band_c01434=Pelican Lake (None) 0.63,
"Swan Lake Indians, Man. (No. 106.)",1896-1896,2,15,band,Swan Lake Indians,106,,manitoba,band_c01082,Swan Lake and Indian Gardens at Hamilton's Crossing,Manitoba,1.0,linked,band_c01082=Swan Lake and Indian Gardens at Hamilton's Crossing (Manitoba) 1.00; band_c02389=Pelican Lake Indians (Saskatchewan) 0.80; band_c01434=Pelican Lake (None) 0.63,
"Sweet Grass Band, Battleford Agency (No. 189)",1895-1895,1,7,band,Sweet Grass Band,189,,,band_c02399,Sweet Grass,Saskatchewan,1.0,linked,band_c02399=Sweet Grass (Saskatchewan) 1.00; band_c01452=Sweet Grass (None) 1.00; band_c03156=Sweet Grass (Saskatchewan Inspectorates) 1.00,
"Sweet Grass Band, Battleford Agency (No. 189).",1894-1894,2,8,band,Sweet Grass Band,189,,,band_c02399,Sweet Grass,Saskatchewan,1.0,linked,band_c02399=Sweet Grass (Saskatchewan) 1.00; band_c01452=Sweet Grass (None) 1.00; band_c03156=Sweet Grass (Saskatchewan Inspectorates) 1.00,
THE MOHAWKS OF THE BAY OF QUINTE,1889-1889,1,33,band,THE MOHAWKS OF THE BAY OF QUINTE,,,,band_c01851,Mohawks of the Bay of Quinté,Ontario,1.0,linked,"band_c01851=Mohawks of the Bay of Quinté (Ontario) 1.00; band_c02936=Algonquins of - (Quebec) 0.47; band_c02946=Algonquins of Hartwell, County of Ottawa (Quebec) 0.46",
THE SIX NATIONS OF THE GRAND RIVER,1884-1884,2,81,band,THE SIX NATIONS OF THE GRAND RIVER,,,,band_c01842,Six Nations on the Grand River,Ontario,1.0,linked,band_c01842=Six Nations on the Grand River (Ontario) 1.00; band_c01825=Six Nations on Grand River (Ontario) 0.92; band_c02977=Montagnais of Grand Romaine (Quebec) 0.51,
"THESOALON RIVER INDIANS, in Account No. 35",1883-1883,2,9,band,THESOALON RIVER INDIANS,,35,,band_c02018,Thessalon River,Ontario,0.857,linked,band_c02018=Thessalon River (Ontario) 0.86; band_c02017=Tehssalon River (Ontario) 0.64; band_c02406=Nelson River (North-West Territories) 0.64,
THESSALON RIVER INDIANS,1882-1888,6,36,band,THESSALON RIVER INDIANS,,,,band_c02018,Thessalon River,Ontario,1.0,linked,band_c02018=Thessalon River (Ontario) 1.00; band_c02017=Tehssalon River (Ontario) 0.79; band_c01822=Thessalon (Ontario) 0.73,
THESSALON RIVER INDIANS in Account Current with the Department of Indian Affairs.,1884-1884,2,8,band,THESSALON RIVER INDIANS,,,,band_c02018,Thessalon River,Ontario,1.0,linked,band_c02018=Thessalon River (Ontario) 1.00; band_c02017=Tehssalon River (Ontario) 0.79; band_c01822=Thessalon (Ontario) 0.73,
THESSALON RIVER INDIANS in Account with the Department of Indian Affairs.,1887-1887,2,8,band,THESSALON RIVER INDIANS,,,,band_c02018,Thessalon River,Ontario,1.0,linked,band_c02018=Thessalon River (Ontario) 1.00; band_c02017=Tehssalon River (Ontario) 0.79; band_c01822=Thessalon (Ontario) 0.73,
TOBEQUE INDIANS OF NEW BRUNSWICK,1882-1882,2,8,band,TOBEQUE INDIANS OF NEW BRUNSWICK,,,,,,,0.619,unlinked,band_c01323=New Brunswick (New Brunswick) 0.62; band_c02420=New Brunswick (North-West Territories) 0.62; band_c01026=New Brunswick (Grand Recapitulation) 0.62,
"TOBIQUE INDIANS OF NEW BRUNSWICK, in Account Current with the Department of Indian Affairs. No. 54.",1883-1883,1,8,band,TOBIQUE INDIANS OF NEW BRUNSWICK,,54,,,,,0.619,unlinked,band_c01323=New Brunswick (New Brunswick) 0.62; band_c02420=New Brunswick (North-West Territories) 0.62; band_c01026=New Brunswick (Grand Recapitulation) 0.62,
"TOBIQUE INDIANS, N.B.",1886-1886,1,6,band,TOBIQUE INDIANS,,,new brunswick,band_c01330,Tobique,New Brunswick,1.0,linked,band_c01330=Tobique (New Brunswick) 1.00; band_c01275=Indian Island (New Brunswick) 0.46; band_c01308=Indian Island Reserve (New Brunswick) 0.46,
"TOBIQUE INDIANS, N.B., in Account Current with the Department of Indian Affairs",1884-1884,2,10,band,TOBIQUE INDIANS,,,new brunswick,band_c01330,Tobique,New Brunswick,1.0,linked,band_c01330=Tobique (New Brunswick) 1.00; band_c01275=Indian Island (New Brunswick) 0.46; band_c01308=Indian Island Reserve (New Brunswick) 0.46,
"TOBIQUE INDIANS, NEW BRUNSWICK",1885-1885,2,9,band,"TOBIQUE INDIANS, NEW BRUNSWICK",,,,band_c01323,New Brunswick,New Brunswick,0.75,review_below_gate,band_c01323=New Brunswick (New Brunswick) 0.75; band_c02420=New Brunswick (North-West Territories) 0.75; band_c01026=New Brunswick (Grand Recapitulation) 0.75,
TOOTOOMENAI AND BAND,1883-1889,7,27,band,TOOTOOMENAI AND BAND,,,,,,,0.424,unlinked,band_c00070=Arrow Lake (British Columbia) 0.42,
TOOTOOMENAI AND BAND in Account Current with the Department of Indian Affairs.,1884-1884,1,6,band,TOOTOOMENAI AND BAND,,,,,,,0.424,unlinked,band_c00070=Arrow Lake (British Columbia) 0.42,
TOOTOOMENAI AND BAND in Account with the Department of Indian Affairs.,1887-1887,2,6,band,TOOTOOMENAI AND BAND,,,,,,,0.424,unlinked,band_c00070=Arrow Lake (British Columbia) 0.42,
TOOTOOMENAI and Band,1882-1882,1,4,band,TOOTOOMENAI and Band,,,,,,,0.424,unlinked,band_c00070=Arrow Lake (British Columbia) 0.42,
"Tabusintac Band, N.B. (No. 64)",1895-1897,8,19,band,Tabusintac Band,64,,new brunswick,,,,0.0,unlinked,,
Tabusintac Band. N.B. (No. 64).,1894-1894,2,5,band,Tabusintac Band,64,,new brunswick,,,,0.0,unlinked,,
Teacher's Salaries - Ontario.,1886-1886,1,18,band,Teacher's Salaries - Ontario,,,,,,,0.435,unlinked,"band_c01905=Thos. Hunter's son-in-law (Ontario) 0.43; band_c02622=Bear's Paw (Alberta) 0.43; band_c01359=Salaries under 57 Vic., c. 2 (None) 0.43",
Teachers' Salaries - Nova Scotia.,1888-1888,1,6,band,Teachers' Salaries - Nova Scotia,,,,,,,0.431,unlinked,band_c01666=Nova Scotia (Nova Scotia) 0.43,
Teachers' Salaries - Ontario - Concluded.,1887-1887,1,12,band,Teachers' Salaries - Ontario,,,,,,,0.41,unlinked,band_c02449=Ontario (North-West Territories) 0.41; band_c02444=Martin Falls (see also Ontario) (9) (North-West Territories) 0.41; band_c02489=Osnaburg (see also Ontario) (9) (North-West Territories) 0.41,
Teachers' Salaries - Ontario.,1885-1887,2,51,band,Teachers' Salaries - Ontario,,,,,,,0.41,unlinked,band_c02449=Ontario (North-West Territories) 0.41; band_c02444=Martin Falls (see also Ontario) (9) (North-West Territories) 0.41; band_c02489=Osnaburg (see also Ontario) (9) (North-West Territories) 0.41,
Temiscamingue Indians (No. 49),1893-1893,1,4,band,Temiscamingue Indians,49,,,band_c02969,Temiscamingue,Quebec,1.0,linked,band_c02969=Temiscamingue (Quebec) 1.00; band_c03099=Temisciming (Quebec) 0.73; band_c02122=Temogamingue (Ontario) 0.70,
Temiscamingue Indians (No. 49).,1894-1894,3,14,band,Temiscamingue Indians,49,,,band_c02969,Temiscamingue,Quebec,1.0,linked,band_c02969=Temiscamingue (Quebec) 1.00; band_c03099=Temisciming (Quebec) 0.73; band_c02122=Temogamingue (Ontario) 0.70,
"Temiscamingue Indians, P.Q. (No. 49)",1895-1895,3,49,band,Temiscamingue Indians,49,,quebec,band_c02969,Temiscamingue,Quebec,1.0,linked,band_c02969=Temiscamingue (Quebec) 1.00; band_c03099=Temisciming (Quebec) 0.73; band_c02122=Temogamingue (Ontario) 0.70,
"Temiscamingue Indians, Que. (No. 49)",1896-1897,5,55,band,Temiscamingue Indians,49,,quebec,band_c02969,Temiscamingue,Quebec,1.0,linked,band_c02969=Temiscamingue (Quebec) 1.00; band_c03099=Temisciming (Quebec) 0.73; band_c02122=Temogamingue (Ontario) 0.70,
"Texas Lake Indians, B.C. (No. 124)",1893-1896,3,7,band,Texas Lake Indians,124,,british columbia,band_c00579,Texas Lake,British Columbia,1.0,linked,band_c00579=Texas Lake (British Columbia) 1.00; band_c02204=Texas Lake (Ontario) 1.00; band_c00580=Texes Lake (British Columbia) 0.78,
"Texas Lake Indians, B.C. (No. 124).",1897-1897,1,3,band,Texas Lake Indians,124,,british columbia,band_c00579,Texas Lake,British Columbia,1.0,linked,band_c00579=Texas Lake (British Columbia) 1.00; band_c02204=Texas Lake (Ontario) 1.00; band_c00580=Texes Lake (British Columbia) 0.78,
The Brothers Reserve (No. 114).,1894-1894,1,3,band,The Brothers Reserve,114,,,band_c03118,Other,Quebec,0.727,review_below_gate,band_c03118=Other (Quebec) 0.73; band_c01678=Amherst (Nova Scotia) 0.46,
"The Brothers' Reserve, N.B. (No. 114)",1897-1897,1,3,band,The Brothers' Reserve,114,,new brunswick,band_c03118,Other,Quebec,0.727,review_below_gate,band_c03118=Other (Quebec) 0.73; band_c01678=Amherst (Nova Scotia) 0.46,
"The Brothers' Reserve, N.B. (No. 114).",1895-1895,2,4,band,The Brothers' Reserve,114,,new brunswick,band_c03118,Other,Quebec,0.727,review_below_gate,band_c03118=Other (Quebec) 0.73; band_c01678=Amherst (Nova Scotia) 0.46,
"The Brothers' Reserve, N.B. (No. 114.)",1896-1896,2,4,band,The Brothers' Reserve,114,,new brunswick,band_c03118,Other,Quebec,0.727,review_below_gate,band_c03118=Other (Quebec) 0.73; band_c01678=Amherst (Nova Scotia) 0.46,
"The Key's Reserve, No. 65, Swan Lake Agency (No. 227)",1896-1896,2,4,band,"The Key's Reserve, No. 65",227,,,band_c02532,Key,North-West Territories,1.0,linked,band_c02532=Key (North-West Territories) 1.00; band_c01535=The Key (None) 1.00; band_c02604=Carry the Kettle (Saskatchewan) 1.00,
"The Key's Reserve, No. 65, Swan Lake Agency (No. 227).",1897-1897,1,3,band,"The Key's Reserve, No. 65",227,,,band_c02532,Key,North-West Territories,1.0,linked,band_c02532=Key (North-West Territories) 1.00; band_c01535=The Key (None) 1.00; band_c02604=Carry the Kettle (Saskatchewan) 1.00,
The-man-who-took-the-coat Band (No. 143),1895-1895,2,7,band,The- -who-took-the-coat Band,143,,manitoba,,,,0.578,unlinked,"band_c01348=The-man-who-took-the-coat or Jack. (None) 0.58; band_c02418=The-man-who-took-the-coat, or Jack (North-West Territories) 0.58; band_c01687=Cook's Cove (Free Hold) (Nova Scotia) 0.45",
The-man-who-took-the-coat Band (No. 143).,1894-1894,2,4,band,The- -who-took-the-coat Band,143,,manitoba,,,,0.578,unlinked,"band_c01348=The-man-who-took-the-coat or Jack. (None) 0.58; band_c02418=The-man-who-took-the-coat, or Jack (North-West Territories) 0.58; band_c01687=Cook's Cove (Free Hold) (Nova Scotia) 0.45",
"The-man-who-took-the-coat Band, N.W.T. (No. 143).",1897-1897,1,3,band,"The- -who-took-the-coat Band, N.W.T",143,,manitoba,band_c01348,The-man-who-took-the-coat or Jack.,,0.714,review_below_gate,"band_c01348=The-man-who-took-the-coat or Jack. (None) 0.71; band_c02418=The-man-who-took-the-coat, or Jack (North-West Territories) 0.71; band_c00390=Kit-wan-cool (British Columbia) 0.41",
"The-man-who-took-the-coat Band, N.W.T. (No. 143.)",1896-1896,2,4,band,"The- -who-took-the-coat Band, N.W.T",143,,manitoba,band_c01348,The-man-who-took-the-coat or Jack.,,0.714,review_below_gate,"band_c01348=The-man-who-took-the-coat or Jack. (None) 0.71; band_c02418=The-man-who-took-the-coat, or Jack (North-West Territories) 0.71; band_c00390=Kit-wan-cool (British Columbia) 0.41",
"Thessalon River Indiana, Ont. (No. 36)",1897-1897,2,42,band,Thessalon River Indiana,36,,ontario,band_c02018,Thessalon River,Ontario,0.778,linked_by_number,band_c02018=Thessalon River (Ontario) 0.78; band_c02017=Tehssalon River (Ontario) 0.61; band_c01822=Thessalon (Ontario) 0.49,propagated from 'Thessalon River Indians (No. 36).' via No. 36
Thessalon River Indians (No. 36).,1893-1893,1,5,band,Thessalon River Indians,36,,,band_c02018,Thessalon River,Ontario,1.0,linked,band_c02018=Thessalon River (Ontario) 1.00; band_c02017=Tehssalon River (Ontario) 0.79; band_c01822=Thessalon (Ontario) 0.73,
"Thessalon River Indians, Ont. (No. 36)",1895-1896,5,51,band,Thessalon River Indians,36,,ontario,band_c02018,Thessalon River,Ontario,1.0,linked,band_c02018=Thessalon River (Ontario) 1.00; band_c02017=Tehssalon River (Ontario) 0.79; band_c01822=Thessalon (Ontario) 0.73,
Thomas Gordon: -,1885-1885,1,2,band,Thomas Gordon: -,,,,,,,0.5,unlinked,band_c02672=George Gordon (Saskatchewan) 0.50; band_c01404=George Gordon (None) 0.50; band_c02709=Thomas Hunter (North-West Territories) 0.50,
Thunder Child's Band (No. 197).,1894-1894,1,6,band,Thunder Child's Band,197,,,band_c02742,Thunderchild,Saskatchewan,1.0,linked,band_c01416=Thunder Child (None) 1.00; band_c02742=Thunderchild (Saskatchewan) 0.87; band_c03153=Thunderchild (Saskatchewan Inspectorates) 0.87,settled on best-attested duplicate via No. 197; duplicate census identities: band_c01416
"Thunderchild's Band, N.W.T. (No. 197)",1895-1895,1,2,band,Thunderchild's Band,197,,north-west territories,band_c02742,Thunderchild,Saskatchewan,1.0,linked,band_c02742=Thunderchild (Saskatchewan) 1.00; band_c03153=Thunderchild (Saskatchewan Inspectorates) 1.00; band_c01416=Thunder Child (None) 1.00,duplicate census identities: band_c01416
Tobique Indians (No. 68).,1893-1894,3,24,band,Tobique Indians,68,,,band_c01330,Tobique,New Brunswick,1.0,linked,"band_c01330=Tobique (New Brunswick) 1.00; band_c00071=Nomadic Indians, about (British Columbia) 0.50; band_c00100=Nomadic Indians (estimated) (British Columbia) 0.50",
"Tobique Indians, N.B. (No. 68)",1895-1897,8,63,band,Tobique Indians,68,,new brunswick,band_c01330,Tobique,New Brunswick,1.0,linked,band_c01330=Tobique (New Brunswick) 1.00; band_c01275=Indian Island (New Brunswick) 0.46; band_c01308=Indian Island Reserve (New Brunswick) 0.46,
Tootoomenai's Band (No. 37),1893-1893,1,4,band,Tootoomenai's Band,37,,,,,,0.5,unlinked,band_c00674=So-me-naw (British Columbia) 0.50; band_c01516=Kootenay (None) 0.47; band_c00122=Tobacco Plains (British Columbia) 0.44,
"Tootoomenai's Band, Ont. (No 37)",1896-1896,3,7,band,Tootoomenai's Band,37,,ontario,,,,0.471,unlinked,band_c01516=Kootenay (None) 0.47; band_c00674=So-me-naw (British Columbia) 0.50; band_c00122=Tobacco Plains (British Columbia) 0.44,
"Tootoomenai's Band, Ont. (No. 37)",1895-1897,5,12,band,Tootoomenai's Band,37,,ontario,,,,0.471,unlinked,band_c01516=Kootenay (None) 0.47; band_c00674=So-me-naw (British Columbia) 0.50; band_c00122=Tobacco Plains (British Columbia) 0.44,
"Tsoo-a-die Band, B.C. (No. 133)",1895-1897,3,11,band,Tsoo-a-die Band,133,,british columbia,,,,0.571,unlinked,band_c00588=Soowahlie (British Columbia) 0.57; band_c00422=Tsoo-wah-lie (British Columbia) 0.50,
"Tsoo-a-die Band, B.C. (No. 133.)",1896-1896,2,8,band,Tsoo-a-die Band,133,,british columbia,,,,0.571,unlinked,band_c00588=Soowahlie (British Columbia) 0.57; band_c00422=Tsoo-wah-lie (British Columbia) 0.50,
"Tsoo-a-hoi Band, B.C. (No. 133)",1893-1894,3,8,band,Tsoo-a-hoi Band,133,,british columbia,,,,0.571,unlinked,band_c00588=Soowahlie (British Columbia) 0.57; band_c00704=Ewa-hoos (British Columbia) 0.50; band_c00422=Tsoo-wah-lie (British Columbia) 0.50,
Turtle Mountain Sioux (No. 185),1894-1894,2,5,band,Turtle Mountain Sioux,185,,,band_c01099,Turtle Mountain,Manitoba,1.0,linked_by_number,band_c02546=Turtle Mountain (Sioux) (North-West Territories) 1.00; band_c01099=Turtle Mountain (Manitoba) 1.00; band_c01724=Blue Mountain (Nova Scotia) 0.56,"propagated from 'Turtle Mountain Sioux, Man. (No. 185)' via No. 185"
Turtle Mountain Sioux (No. 185).,1895-1895,2,4,band,Turtle Mountain Sioux,185,,,band_c01099,Turtle Mountain,Manitoba,1.0,linked_by_number,band_c02546=Turtle Mountain (Sioux) (North-West Territories) 1.00; band_c01099=Turtle Mountain (Manitoba) 1.00; band_c01724=Blue Mountain (Nova Scotia) 0.56,"propagated from 'Turtle Mountain Sioux, Man. (No. 185)' via No. 185"
"Turtle Mountain Sioux, Man. (No. 185)",1896-1897,3,10,band,Turtle Mountain Sioux,185,,manitoba,band_c01099,Turtle Mountain,Manitoba,1.0,linked,band_c01099=Turtle Mountain (Manitoba) 1.00; band_c02546=Turtle Mountain (Sioux) (North-West Territories) 1.00; band_c01118=Pas Mountain (Crees) (Manitoba) 0.49,
"Ucluelet Band, B.C. (No. 235)",1897-1897,1,5,band,Ucluelet Band,235,,british columbia,band_c00783,Ucluelet,British Columbia,1.0,linked,band_c00783=Ucluelet (British Columbia) 1.00; band_c00804=Hellelt (British Columbia) 0.46; band_c00640=Kul-leets (British Columbia) 0.43,
"Umpukpulquatum Band, B.C. (No. 204).",1897-1897,1,3,band,Umpukpulquatum Band,204,,british columbia,,,,0.0,unlinked,,
"Umpukpulquatum Indians, B.C. (No. 204)",1894-1896,4,10,band,Umpukpulquatum Indians,204,,british columbia,,,,0.421,unlinked,band_c01369=Cumberland Indians (None) 0.42; band_c01962=Indians at Ignace (Ontario) 0.43; band_c02384=Non-treaty Indians (North-West Territories) 0.43,
"Umpukpulquatum Indians, B.C., (No. 204)",1895-1895,2,4,band,Umpukpulquatum Indians,204,,british columbia,,,,0.421,unlinked,band_c01369=Cumberland Indians (None) 0.42; band_c01962=Indians at Ignace (Ontario) 0.43; band_c02384=Non-treaty Indians (North-West Territories) 0.43,
"Union Bar Band, B.C. (No. 159)",1895-1895,2,4,band,Union Bar Band,159,,british columbia,band_c00689,Union Bar,British Columbia,1.0,linked,band_c00689=Union Bar (British Columbia) 1.00; band_c00140=Boston Bar (British Columbia) 0.59; band_c02170=Boston Bar (Ontario) 0.59,
"Union Bar Band, B.C. (No. 159).",1893-1897,4,10,band,Union Bar Band,159,,british columbia,band_c00689,Union Bar,British Columbia,1.0,linked,band_c00689=Union Bar (British Columbia) 1.00; band_c00140=Boston Bar (British Columbia) 0.59; band_c02170=Boston Bar (Ontario) 0.59,
"Union Bar Band, B.C. (No. 159.)",1896-1896,2,4,band,Union Bar Band,159,,british columbia,band_c00689,Union Bar,British Columbia,1.0,linked,band_c00689=Union Bar (British Columbia) 1.00; band_c00140=Boston Bar (British Columbia) 0.59; band_c02170=Boston Bar (Ontario) 0.59,
WHITE FISH RIVER INDIANS,1883-1883,1,6,band,WHITE FISH RIVER INDIANS,,,,band_c01993,Whitefish River,Ontario,1.0,linked,band_c01993=Whitefish River (Ontario) 1.00; band_c03257=Whitefish River (Treaty No. 8) 0.90; band_c02052=Whitefish Bay (Ontario) 0.71,
WHITEFISH BAY INDIANS (Treaty 3) in Account with the Department of Indian Affairs,1887-1887,2,4,band,WHITEFISH BAY INDIANS (Treaty 3),,,,band_c02424,Treaty No. 6,North-West Territories,1.0,review_ambiguous,band_c02424=Treaty No. 6 (North-West Territories) 1.00; band_c02052=Whitefish Bay (Ontario) 1.00; band_c02408=Treaty No. 4 (North-West Territories) 1.00,
WHITEFISH LAKE INDIANS in Account with the Department of Indian Affairs,1887-1887,2,4,band,WHITEFISH LAKE INDIANS,,,,band_c02020,Whitefish Lake,Ontario,1.0,linked,band_c02020=Whitefish Lake (Ontario) 1.00; band_c03241=Whitefish Lake (Treaty No. 8) 1.00; band_c03181=Whitefish Lake (TREATY No. 8) 1.00,
WHITEFISH RIVER INDIAN,1886-1886,1,8,band,WHITEFISH RIVER INDIAN,,,,band_c01993,Whitefish River,Ontario,1.0,linked,band_c01993=Whitefish River (Ontario) 1.00; band_c03257=Whitefish River (Treaty No. 8) 1.00; band_c02052=Whitefish Bay (Ontario) 0.69,
WHITEFISH RIVER INDIANS,1882-1889,6,35,band,WHITEFISH RIVER INDIANS,,,,band_c01993,Whitefish River,Ontario,1.0,linked,band_c01993=Whitefish River (Ontario) 1.00; band_c03257=Whitefish River (Treaty No. 8) 1.00; band_c02052=Whitefish Bay (Ontario) 0.69,
WHITEFISH RIVER INDIANS in Account Current with the Department of Indian Affairs.,1884-1884,2,9,band,WHITEFISH RIVER INDIANS,,,,band_c01993,Whitefish River,Ontario,1.0,linked,band_c01993=Whitefish River (Ontario) 1.00; band_c03257=Whitefish River (Treaty No. 8) 1.00; band_c02052=Whitefish Bay (Ontario) 0.69,
WHITEFISH RIVER INDIANS in Account with the Department of Indian Affairs,1887-1887,1,10,band,WHITEFISH RIVER INDIANS,,,,band_c01993,Whitefish River,Ontario,1.0,linked,band_c01993=Whitefish River (Ontario) 1.00; band_c03257=Whitefish River (Treaty No. 8) 1.00; band_c02052=Whitefish Bay (Ontario) 0.69,
WILLIAM WABBUCK,1885-1885,1,3,band,WILLIAM WABBUCK,,,,,,,0.615,unlinked,band_c02467=William Twatt (Sturgeon Lake) (Saskatchewan) 0.62; band_c02711=William Twatt (North-West Territories) 0.62; band_c01418=William Twatt (None) 0.62,
WILLIAM WABBUCK in Account Current with the Department of Indian Affairs,1884-1884,2,5,band,WILLIAM WABBUCK,,,,,,,0.615,unlinked,band_c02467=William Twatt (Sturgeon Lake) (Saskatchewan) 0.62; band_c02711=William Twatt (North-West Territories) 0.62; band_c01418=William Twatt (None) 0.62,
WILLIAM WABBUCK in Account with the Department of Indian Affairs.,1887-1887,2,4,band,WILLIAM WABBUCK,,,,,,,0.615,unlinked,band_c02467=William Twatt (Sturgeon Lake) (Saskatchewan) 0.62; band_c02711=William Twatt (North-West Territories) 0.62; band_c01418=William Twatt (None) 0.62,
"WILLIAM WABBUCK, in Account with the Department of Indian Affairs.",1888-1888,2,4,band,WILLIAM WABBUCK,,,,,,,0.615,unlinked,band_c02467=William Twatt (Sturgeon Lake) (Saskatchewan) 0.62; band_c02711=William Twatt (North-West Territories) 0.62; band_c01418=William Twatt (None) 0.62,
"WM. WABBECK, in Account Current with the Department of Indian Affairs. No. 59.",1883-1883,1,4,band,WM. WABBECK,,59,,,,,0.0,unlinked,,
WYANDOTTES OF ANDERDON,1883-1888,8,55,band,WYANDOTTES OF ANDERDON,,,,band_c01908,Wyandottes of Anderdon,Ontario,1.0,linked,band_c01908=Wyandottes of Anderdon (Ontario) 1.00; band_c01884=Wyandottes of Anderdon 2. (Ontario) 0.95; band_c01885=Wyandottes of Anderson 1 (Ontario) 0.86,
WYANDOTTES OF ANDERDON in Account with the Department of Indian Affairs,1887-1887,1,6,band,WYANDOTTES OF ANDERDON,,,,band_c01908,Wyandottes of Anderdon,Ontario,1.0,linked,band_c01908=Wyandottes of Anderdon (Ontario) 1.00; band_c01884=Wyandottes of Anderdon 2. (Ontario) 0.95; band_c01885=Wyandottes of Anderson 1 (Ontario) 0.86,
WYANDOTTES OF ANDERON,1886-1886,1,19,band,WYANDOTTES OF ANDERON,,,,band_c01908,Wyandottes of Anderdon,Ontario,0.927,review_ambiguous,band_c01908=Wyandottes of Anderdon (Ontario) 0.93; band_c01884=Wyandottes of Anderdon 2. (Ontario) 0.88; band_c01885=Wyandottes of Anderson 1 (Ontario) 0.88,
WYANDOTTS OF ANDERDON,1882-1889,3,20,band,WYANDOTTS OF ANDERDON,,,,band_c01908,Wyandottes of Anderdon,Ontario,1.0,linked,band_c01908=Wyandottes of Anderdon (Ontario) 1.00; band_c01884=Wyandottes of Anderdon 2. (Ontario) 0.88; band_c01885=Wyandottes of Anderson 1 (Ontario) 0.79,
Wabigon Indiana (No. 95),1894-1894,3,8,band,Wabigon Indiana,95,,,band_c01205,Wabigoon,Manitoba,0.538,linked_by_number,band_c01275=Indian Island (New Brunswick) 0.54; band_c01665=Indian Island (Nova Scotia) 0.54; band_c01308=Indian Island Reserve (New Brunswick) 0.54,propagated from 'Wabigon Indians (No. 95).' via No. 95
Wabigon Indians (No. 95).,1893-1893,1,3,band,Wabigon Indians,95,,,band_c01205,Wabigoon,Manitoba,1.0,linked,band_c01205=Wabigoon (Manitoba) 1.00; band_c02285=Wabigoon (Ontario) 0.92; band_c01204=Wabagoon (Manitoba) 0.62,
"Wabigoon Band, Man. (No. 95)",1897-1897,2,5,band,Wabigoon Band,95,,manitoba,band_c01205,Wabigoon,Manitoba,1.0,linked,band_c01205=Wabigoon (Manitoba) 1.00; band_c02285=Wabigoon (Ontario) 1.00; band_c01204=Wabagoon (Manitoba) 0.71,
"Wabigoon Indians, Man. (No. 95.)",1896-1896,3,9,band,Wabigoon Indians,95,,manitoba,band_c01205,Wabigoon,Manitoba,1.0,linked,band_c01205=Wabigoon (Manitoba) 1.00; band_c02285=Wabigoon (Ontario) 1.00; band_c01204=Wabagoon (Manitoba) 0.71,
"Wahnapitae Reserve, No. 11, Ont. (No. 228).",1897-1897,1,7,band,"Wahnapitae Reserve, No. 11",228,,ontario,,,,0.5,unlinked,band_c00540=Nah-wah-ta (British Columbia) 0.50; band_c00742=Nahwahta (British Columbia) 0.50,
"Wahnapitae Reserve, No. 11, Ont. (No. 228.)",1896-1896,2,4,band,"Wahnapitae Reserve, No. 11",228,,ontario,,,,0.5,unlinked,band_c00540=Nah-wah-ta (British Columbia) 0.50; band_c00742=Nahwahta (British Columbia) 0.50,
"Wahsatanow's Band, Saddle Lake Agency, N.W.T. (No. 218)",1896-1897,3,11,band,Wahsatanow's Band,218,,north-west territories,band_c02463,Wahsatanow,North-West Territories,1.0,linked,"band_c02463=Wahsatanow (North-West Territories) 1.00; band_c01478=Wahsatanow (None) 1.00; band_c02398=Wahspaton (Sioux, non-treaty) (Saskatchewan) 0.47",
"Wahsatanow's Band, Saddle Lake Agency, N.W.T., (No. 218).",1895-1895,2,4,band,Wahsatanow's Band,218,,north-west territories,band_c02463,Wahsatanow,North-West Territories,1.0,linked,"band_c02463=Wahsatanow (North-West Territories) 1.00; band_c01478=Wahsatanow (None) 1.00; band_c02398=Wahspaton (Sioux, non-treaty) (Saskatchewan) 0.47",
Way-way-see-cappo Band (No. 132).,1894-1894,1,3,band,Way-way-see-cappo Band,132,,,band_c01154,Waywayseecappo,Manitoba,1.0,linked,band_c01154=Waywayseecappo (Manitoba) 1.00; band_c02387=Way-way-see-cappo (North-West Territories) 1.00; band_c02684=Waywayseecappo (North-West Territories) 1.00,
Way-way-see-cappo's Band (No. 132),1893-1893,1,4,band,Way-way-see-cappo's Band,132,,,band_c01154,Waywayseecappo,Manitoba,1.0,linked,band_c01154=Waywayseecappo (Manitoba) 1.00; band_c02387=Way-way-see-cappo (North-West Territories) 1.00; band_c02684=Waywayseecappo (North-West Territories) 1.00,
"Way-way-see-cappo's Band, N.W.T. (No. 132)",1895-1895,2,8,band,Way-way-see-cappo's Band,132,,north-west territories,band_c01154,Waywayseecappo,Manitoba,1.0,linked,band_c01154=Waywayseecappo (Manitoba) 1.00; band_c02387=Way-way-see-cappo (North-West Territories) 1.00; band_c02684=Waywayseecappo (North-West Territories) 1.00,
"Way-way-see-cappo's Band, N.W.T. (No. 132).",1897-1897,1,3,band,Way-way-see-cappo's Band,132,,north-west territories,band_c01154,Waywayseecappo,Manitoba,1.0,linked,band_c01154=Waywayseecappo (Manitoba) 1.00; band_c02387=Way-way-see-cappo (North-West Territories) 1.00; band_c02684=Waywayseecappo (North-West Territories) 1.00,
"Way-way-see-cappo's Band, N.W.T. (No. 132.)",1896-1896,2,7,band,Way-way-see-cappo's Band,132,,north-west territories,band_c01154,Waywayseecappo,Manitoba,1.0,linked,band_c01154=Waywayseecappo (Manitoba) 1.00; band_c02387=Way-way-see-cappo (North-West Territories) 1.00; band_c02684=Waywayseecappo (North-West Territories) 1.00,
"West Bay Band, Ont. (No. 251).",1897-1897,2,24,band,West Bay Band,251,,ontario,band_c02286,West Bay,Ontario,1.0,linked,band_c02286=West Bay (Ontario) 1.00; band_c02250=Gull Bay (Ontario) 0.43; band_c03020=Ruperts House (Quebec) 0.53,
White Bear's Band (No. 121),1893-1893,1,3,band,White Bear's Band,121,,,band_c02815,White Bear,North-West Territories,1.0,linked,band_c02815=White Bear (North-West Territories) 1.00; band_c01479=White Bear (None) 1.00; band_c02576=Montana (Little Bear) (Alberta) 0.70,
"White Bear's Reserve, Moose Mountain Agency (No. 121).",1894-1894,1,3,band,White Bear's Reserve,121,,,band_c02815,White Bear,North-West Territories,1.0,linked,band_c02815=White Bear (North-West Territories) 1.00; band_c01479=White Bear (None) 1.00; band_c02576=Montana (Little Bear) (Alberta) 0.70,
"White Bear's Reserve, Moose Mountain Agency, N.W.T. (No. 121)",1895-1895,2,6,band,White Bear's Reserve,121,,north-west territories,band_c02815,White Bear,North-West Territories,1.0,linked,band_c02815=White Bear (North-West Territories) 1.00; band_c01479=White Bear (None) 1.00; band_c02576=Montana (Little Bear) (Alberta) 0.70,
"White Bear's Reserve, N.W.T. (NO. 121)",1896-1896,2,10,band,White Bear's Reserve,121,,north-west territories,band_c02815,White Bear,North-West Territories,1.0,linked,band_c02815=White Bear (North-West Territories) 1.00; band_c01479=White Bear (None) 1.00; band_c02576=Montana (Little Bear) (Alberta) 0.70,
"White Bear's Reserve, N.W.T. (No. 121).",1897-1897,1,9,band,White Bear's Reserve,121,,north-west territories,band_c02815,White Bear,North-West Territories,1.0,linked,band_c02815=White Bear (North-West Territories) 1.00; band_c01479=White Bear (None) 1.00; band_c02576=Montana (Little Bear) (Alberta) 0.70,
White Fish Bay Indians (No. 81).,1893-1893,1,3,band,White Fish Bay Indians,81,,,band_c02052,Whitefish Bay,Ontario,1.0,linked,band_c02052=Whitefish Bay (Ontario) 1.00; band_c01155=Whitefish Bay (Manitoba) 1.00; band_c02020=Whitefish Lake (Ontario) 0.74,
White Fish Lake Indians (No. 82).,1893-1893,1,4,band,White Fish Lake Indians,82,,,band_c02020,Whitefish Lake,Ontario,1.0,linked,band_c02020=Whitefish Lake (Ontario) 1.00; band_c02498=Crees at Whitefish Lake (North-West Territories) 0.89; band_c03241=Whitefish Lake (Treaty No. 8) 0.89,
"White Fish Lake Indians, Ont. (No. 82)",1897-1897,2,29,band,White Fish Lake Indians,82,,ontario,band_c02020,Whitefish Lake,Ontario,1.0,linked,band_c02020=Whitefish Lake (Ontario) 1.00; band_c02498=Crees at Whitefish Lake (North-West Territories) 0.89; band_c03241=Whitefish Lake (Treaty No. 8) 0.89,
White Fish River Indians (No. 38),1893-1893,1,4,band,White Fish River Indians,38,,,band_c01993,Whitefish River,Ontario,1.0,linked,band_c01993=Whitefish River (Ontario) 1.00; band_c03257=Whitefish River (Treaty No. 8) 0.90; band_c02052=Whitefish Bay (Ontario) 0.71,
"Whitefish Bay Indians, Ont. (No. 81)",1896-1896,3,7,band,Whitefish Bay Indians,81,,ontario,band_c02052,Whitefish Bay,Ontario,1.0,linked,band_c02052=Whitefish Bay (Ontario) 1.00; band_c01155=Whitefish Bay (Manitoba) 1.00; band_c02020=Whitefish Lake (Ontario) 0.72,
"Whitefish Bay Indians, Ont. (No. 81).",1895-1897,5,13,band,Whitefish Bay Indians,81,,ontario,band_c02052,Whitefish Bay,Ontario,1.0,linked,band_c02052=Whitefish Bay (Ontario) 1.00; band_c01155=Whitefish Bay (Manitoba) 1.00; band_c02020=Whitefish Lake (Ontario) 0.72,
"Whitefish Lake Indians, Ont. (No. 82)",1895-1895,3,24,band,Whitefish Lake Indians,82,,ontario,band_c02020,Whitefish Lake,Ontario,1.0,linked,band_c02020=Whitefish Lake (Ontario) 1.00; band_c03241=Whitefish Lake (Treaty No. 8) 1.00; band_c03181=Whitefish Lake (TREATY No. 8) 1.00,
"Whitefish Lake Indians, Ont. (No. 82).",1896-1896,2,17,band,Whitefish Lake Indians,82,,ontario,band_c02020,Whitefish Lake,Ontario,1.0,linked,band_c02020=Whitefish Lake (Ontario) 1.00; band_c03241=Whitefish Lake (Treaty No. 8) 1.00; band_c03181=Whitefish Lake (TREATY No. 8) 1.00,
"Whitefish River Indians, Ont. (No. 38)",1895-1897,8,76,band,Whitefish River Indians,38,,ontario,band_c01993,Whitefish River,Ontario,1.0,linked,band_c01993=Whitefish River (Ontario) 1.00; band_c03257=Whitefish River (Treaty No. 8) 1.00; band_c02052=Whitefish Bay (Ontario) 0.69,
"Whycocomagh Indians, N.S. (No. 122).",1897-1897,1,3,band,Whycocomagh Indians,122,,nova scotia,band_c01692,Whycocomagh,Nova Scotia,1.0,linked,"band_c01692=Whycocomagh (Nova Scotia) 1.00; band_c00071=Nomadic Indians, about (British Columbia) 0.56; band_c00100=Nomadic Indians (estimated) (British Columbia) 0.56",
"Whycocomagh Indians, N.S. (No. 122.)",1896-1896,2,5,band,Whycocomagh Indians,122,,nova scotia,band_c01692,Whycocomagh,Nova Scotia,1.0,linked,"band_c01692=Whycocomagh (Nova Scotia) 1.00; band_c00071=Nomadic Indians, about (British Columbia) 0.56; band_c00100=Nomadic Indians (estimated) (British Columbia) 0.56",
William Wabbuck (No. 73),1895-1897,5,13,band,William Wabbuck,73,,,,,,0.615,unlinked,band_c02467=William Twatt (Sturgeon Lake) (Saskatchewan) 0.62; band_c02711=William Twatt (North-West Territories) 0.62; band_c01418=William Twatt (None) 0.62,
William Wabbuck (No. 73).,1893-1893,1,4,band,William Wabbuck,73,,,,,,0.615,unlinked,band_c02467=William Twatt (Sturgeon Lake) (Saskatchewan) 0.62; band_c02711=William Twatt (North-West Territories) 0.62; band_c01418=William Twatt (None) 0.62,
William Wabbuck (No. 73.),1896-1896,3,8,band,William Wabbuck,73,,,,,,0.615,unlinked,band_c02467=William Twatt (Sturgeon Lake) (Saskatchewan) 0.62; band_c02711=William Twatt (North-West Territories) 0.62; band_c01418=William Twatt (None) 0.62,
William Wahbuck (No. 73),1894-1894,3,8,band,William Wahbuck,73,,,,,,0.615,unlinked,band_c02467=William Twatt (Sturgeon Lake) (Saskatchewan) 0.62; band_c02711=William Twatt (North-West Territories) 0.62; band_c01418=William Twatt (None) 0.62,
Wm. Bull: -,1885-1885,1,3,band,Wm. Bull: -,,,,,,,0.571,unlinked,band_c02218=John Bull (Ontario) 0.57; band_c02797=Louis Bull (Alberta) 0.53; band_c02801=Muddy Bull (North-West Territories) 0.53,
Wm. Simpson: -,1885-1885,1,4,band,Wm. Simpson: -,,,,band_c00381,Port Simpson,British Columbia,0.7,review_below_gate,band_c00381=Port Simpson (British Columbia) 0.70; band_c02573=Fort Simpson (North-West Territories) 0.70; band_c01075=Fort Simpson (Mackenzie River) 0.70,
Wyandottes of Anderdon (No. 39),1893-1893,1,4,band,Wyandottes of Anderdon,39,,,band_c01908,Wyandottes of Anderdon,Ontario,1.0,linked,band_c01908=Wyandottes of Anderdon (Ontario) 1.00; band_c01884=Wyandottes of Anderdon 2. (Ontario) 0.95; band_c01885=Wyandottes of Anderson 1 (Ontario) 0.86,
"Wyandottes of Anderdon, Ont. (No. 39)",1895-1897,7,108,band,Wyandottes of Anderdon,39,,ontario,band_c01908,Wyandottes of Anderdon,Ontario,1.0,linked,band_c01908=Wyandottes of Anderdon (Ontario) 1.00; band_c01884=Wyandottes of Anderdon 2. (Ontario) 0.95; band_c01885=Wyandottes of Anderson 1 (Ontario) 0.86,
"Yale Indians, B.C. (No. 125)",1893-1893,1,3,band,Yale Indians,125,,british columbia,band_c00937,Yale,British Columbia,1.0,linked,"band_c00937=Yale (British Columbia) 1.00; band_c02363=Yale (Ontario) 1.00; band_c00071=Nomadic Indians, about (British Columbia) 0.56",
"Yale Indians, B.C. (No. 125).",1897-1897,1,6,band,Yale Indians,125,,british columbia,band_c00937,Yale,British Columbia,1.0,linked,"band_c00937=Yale (British Columbia) 1.00; band_c02363=Yale (Ontario) 1.00; band_c00071=Nomadic Indians, about (British Columbia) 0.56",
"Yale Indians, B.C. (No. 125.)",1896-1896,2,9,band,Yale Indians,125,,british columbia,band_c00937,Yale,British Columbia,1.0,linked,"band_c00937=Yale (British Columbia) 1.00; band_c02363=Yale (Ontario) 1.00; band_c00071=Nomadic Indians, about (British Columbia) 0.56",
[illegible text],1896-1896,3,28,band,[illegible text],,,,,,,0.0,unlinked,,
