N_Emp,Loc,Loc_Mer,Lat,Long,Date,Prov,Occ,layer,kind
3,River Desert,River DesertQuebec,46.333333,-75.966667,1875,Quebec,Agent,CAN_DIA_ByOcc_1875,by_occupation
1,Red Island,Red IslandNova Scotia,45.762014,-60.744094,1875,Nova Scotia,Agent,CAN_DIA_ByOcc_1875,by_occupation
1,Sarnia,SarniaOntario,42.999444,-82.308889,1875,Ontario,Visiting Superintendent,CAN_DIA_ByOcc_1875,by_occupation
1,Roberval,RobervalQuebec,48.516667,-72.233333,1875,Quebec,Agent,CAN_DIA_ByOcc_1875,by_occupation
1,Parry Island,Parry IslandOntario,45.283333,-80.15,1875, ,Visiting Superintendent,CAN_DIA_ByOcc_1875,by_occupation
1,Pictou,PictonNova Scotia,45.681389,-62.711944,1875,Nova Scotia,Agent,CAN_DIA_ByOcc_1875,by_occupation
1,Pierreville,PierrevilleQuebec,46.066667,-72.816667,1875,Quebec,Agent,CAN_DIA_ByOcc_1875,by_occupation
1,Port Hood,Port HoodNova Scotia,46.016667,-61.533333,1875,Nova Scotia,Agent,CAN_DIA_ByOcc_1875,by_occupation
1,Victoria,VictoriaBritish Columbia,48.422,-123.365,1875,British Columbia,Visiting Super'dent and Commissioner,CAN_DIA_ByOcc_1875,by_occupation
1,Toronto,TorontoOntario,43.7,-79.4,1875,Ontario,Visiting Superintendent and Commissioner,CAN_DIA_ByOcc_1875,by_occupation
1,Toronto,TorontoOntario,43.7,-79.4,1875,Ontario,Clerk,CAN_DIA_ByOcc_1875,by_occupation
1,Sault Ste. Marie,Sault Ste MarieOntario,46.533333,-84.35,1875, ,Agent,CAN_DIA_ByOcc_1875,by_occupation
1,Shannonville,ShannonvilleOntario,44.2637,-77.2304,1875,Ontario,Agent,CAN_DIA_ByOcc_1875,by_occupation
1,Ste. Epiphanie,Ste. EpiphanieQuebec,45.85,-73.483333,1875,Quebec,Agent,CAN_DIA_ByOcc_1875,by_occupation
1,Brantford,BrantfordOntario,43.166667,-80.25,1875,Ontario,Clerk,CAN_DIA_ByOcc_1875,by_occupation
1,Brantford,BrantfordOntario,43.166667,-80.25,1875,Ontario,Visiting Superintendent and Commissioner,CAN_DIA_ByOcc_1875,by_occupation
1,Antigonish,AntigonishNova Scotia,45.626522,-61.998253,1875,Nova Scotia,Agent,CAN_DIA_ByOcc_1875,by_occupation
1,Bedford,BedfordNova Scotia,44.73212,-63.65676,1875,Nova Scotia,Agent,CAN_DIA_ByOcc_1875,by_occupation
1,Belleville,BellevilleOntario,44.166667,-77.383333,1875,Ontario,Agent,CAN_DIA_ByOcc_1875,by_occupation
1,Cape Breton,Cape BretonNova Scotia,46.166667,-60.75,1875,Nova Scotia,Agent,CAN_DIA_ByOcc_1875,by_occupation
1,Bear River,Bear RiverNova Scotia,44.572222,-65.643889,1875,Nova Scotia,Agent,CAN_DIA_ByOcc_1875,by_occupation
1,Fort Francis,Fort FrancesOntario,48.616667,-93.4,1875,Manitoba,Assistant Superintendent,CAN_DIA_ByOcc_1875,by_occupation
1,Fort Garry,Fort GarryManitoba,49.887883,-97.13532,1875,Manitoba,Visiting Super'dent and Commissioner,CAN_DIA_ByOcc_1875,by_occupation
1,Fort Garry,Fort GarryManitoba,49.887883,-97.13532,1875,Manitoba,Interpreter,CAN_DIA_ByOcc_1875,by_occupation
1,Fort Garry,Fort GarryManitoba,49.887883,-97.13532,1875,Manitoba,Assistant Superintendent,CAN_DIA_ByOcc_1875,by_occupation
1,"Fort William, L. Superior",Fort WilliamOntario,48.38,-89.28,1875, ,Agent,CAN_DIA_ByOcc_1875,by_occupation
1,Fredericton,FrecerictonNew Brunswick,45.95,-66.666667,1875,New Brunswick,Agent,CAN_DIA_ByOcc_1875,by_occupation
1,Gananoque,GananoqueOntario,44.33,-76.17,1875,Ontario,Agent,CAN_DIA_ByOcc_1875,by_occupation
1,Cornwall,CornwallOntario,45.0275,-74.74,1875,Ontario,Agent,CAN_DIA_ByOcc_1875,by_occupation
1,Charlottetown,CharlottetownPrince Edward Island,46.238889,-63.129167,1875,Prince Edward Island,Visiting Superintendent,CAN_DIA_ByOcc_1875,by_occupation
1,Chatham,ChathamNew Brunswick,47.033,-65.433,1875,New Brunswick,Agent,CAN_DIA_ByOcc_1875,by_occupation
1,Delaware,DelawareOntario,42.908333,-81.416667,1875,Ontario,Agent,CAN_DIA_ByOcc_1875,by_occupation
1,Manitoulin Island,Manitoulin IslandOntario,45.766667,-82.2,1875, ,Visiting Superintendent,CAN_DIA_ByOcc_1875,by_occupation
1,Kentville,KentvilleNova Scotia,45.0775,-64.495833,1875,Nova Scotia,Agent,CAN_DIA_ByOcc_1875,by_occupation
1,Ottawa,OttawaOntario,45.416667,-75.683333,1875,Ontario,Superintendent General,CAN_DIA_ByOcc_1875,by_occupation
1,Ottawa,OttawaOntario,45.416667,-75.683333,1875,Ontario,Deputy Superintendent General,CAN_DIA_ByOcc_1875,by_occupation
1,Ottawa,OttawaOntario,45.416667,-75.683333,1875,Ontario,Corresponding Clerk,CAN_DIA_ByOcc_1875,by_occupation
1,Ottawa,OttawaOntario,45.416667,-75.683333,1875,Ontario,Clerk in charge of Registers,CAN_DIA_ByOcc_1875,by_occupation
1,Ottawa,OttawaOntario,45.416667,-75.683333,1875,Ontario,Clerk in charge of Land Sales,CAN_DIA_ByOcc_1875,by_occupation
1,Ottawa,OttawaOntario,45.416667,-75.683333,1875,Ontario,Clerk and Assistant French Translator,CAN_DIA_ByOcc_1875,by_occupation
1,Ottawa,OttawaOntario,45.416667,-75.683333,1875,Ontario,Assistant Land Sales Clerk,CAN_DIA_ByOcc_1875,by_occupation
1,Ottawa,OttawaOntario,45.416667,-75.683333,1875,Ontario,Assistant Corresponding Clerk,CAN_DIA_ByOcc_1875,by_occupation
1,Ottawa,OttawaOntario,45.416667,-75.683333,1875,Ontario,Assistant Accountant,CAN_DIA_ByOcc_1875,by_occupation
1,Ottawa,OttawaOntario,45.416667,-75.683333,1875,Ontario,Accountant,CAN_DIA_ByOcc_1875,by_occupation
1,New Westminster,New WestminsterBritish Columbia,49.206944,-122.911111,1875,British Columbia,Visiting Super'dent and Commissioner,CAN_DIA_ByOcc_1875,by_occupation
2,"Manitowaning, Manitoulin Island",ManitowaningOntario,45.733333,-81.8,1880,Ontario,Superintendent,CAN_DIA_ByOcc_1880,by_occupation
2,Ottawa,OttawaOntario,45.416667,-75.683333,1880,Ontario,Copying Clerk,CAN_DIA_ByOcc_1880,by_occupation
2,Ottawa,OttawaOntario,45.416667,-75.683333,1880,Ontario,Clerk,CAN_DIA_ByOcc_1880,by_occupation
2,Nil,"Near Grenadier Island, Ontario",44.407778,-75.8725,1880,Ontario,Agent,CAN_DIA_ByOcc_1880,by_occupation
1,Red Island,Red IslandNova Scotia,45.762014,-60.744094,1880,Nova Scotia,Agent,CAN_DIA_ByOcc_1880,by_occupation
1,Qu'Apelle,"Qu'AppelleManitoba, Keewatin and North-West Territories",50.541,-103.874,1880,Manitoba and Keewatin,"Farming Instructor, Farm No 4",CAN_DIA_ByOcc_1880,by_occupation
1,Qu'Apelle,"Qu'AppelleManitoba, Keewatin and North-West Territories",50.541,-103.874,1880,Manitoba and Keewatin,Indian Agent,CAN_DIA_ByOcc_1880,by_occupation
1,Saddle Lake,Saddle LakeAlberta,53.968333,-111.691944,1880,Manitoba and Keewatin,"Farming Instructor, Farm No 16",CAN_DIA_ByOcc_1880,by_occupation
1,Renous Bridge,Renous BridgeNew Brunswick,46.813667,-65.793972,1880,New Brunswick,Missionary,CAN_DIA_ByOcc_1880,by_occupation
1,River Inhabitants,County InvernessNova Scotia,46.2,-61.1,1880,Nova Scotia,Agent,CAN_DIA_ByOcc_1880,by_occupation
1,Riviere du Loup,Riviere du LoupQuebec,47.833333,-69.533333,1880,Quebec,Agent,CAN_DIA_ByOcc_1880,by_occupation
1,Prince Albert,Prince AlbertSaskatchewan,53.2,-105.75,1880,Manitoba and Keewatin,"Farming Instructor, Farm No 9",CAN_DIA_ByOcc_1880,by_occupation
1,Pictou,PictonNova Scotia,45.681389,-62.711944,1880,Nova Scotia,Agent,CAN_DIA_ByOcc_1880,by_occupation
1,Piegan Reserve,Peigan ReserveManitoba and Keewatin,49.583333,-113.666667,1880,Manitoba and Keewatin,"Farming Instructor, Farm No 21",CAN_DIA_ByOcc_1880,by_occupation
1,Perth,PerthNew Brunswick,46.73927,-67.6984,1880,New Brunswick,Agent,CAN_DIA_ByOcc_1880,by_occupation
1,Parrsboro,ParrsboroNova Scotia,45.405833,-64.325833,1880,Nova Scotia,Agent,CAN_DIA_ByOcc_1880,by_occupation
1,Portage la Prairie,Portage la PrairieManitoba,49.972778,-98.291944,1880,Manitoba and Keewatin,Agent,CAN_DIA_ByOcc_1880,by_occupation
1,Prince Arthur's Landing,Prince Arthur's LandingOntario,48.45,-89.23,1880,Ontario,Agent,CAN_DIA_ByOcc_1880,by_occupation
1,Pincher Creek,Pincher CreekAlberta,49.486111,-113.95,1880,Manitoba and Keewatin,"Farming Instructor, Farm No 23",CAN_DIA_ByOcc_1880,by_occupation
1,Victoria,VictoriaBritish Columbia,48.422,-123.365,1880,British Columbia,Visiting Superintendent,CAN_DIA_ByOcc_1880,by_occupation
1,Touchwood Hills,Touchwood HillsManitoba and Keewatin,51.416667,-104.25,1880,Manitoba and Keewatin,"Farming Instructor, Farm No 6",CAN_DIA_ByOcc_1880,by_occupation
1,Toronto,TorontoOntario,43.7,-79.4,1880,Ontario,Superintendent,CAN_DIA_ByOcc_1880,by_occupation
1,Toronto,TorontoOntario,43.7,-79.4,1880,Ontario,Clerk,CAN_DIA_ByOcc_1880,by_occupation
1,Tobique,TobiqueNew Brunswick,46.8,-67.6,1880,New Brunswick,Missionary,CAN_DIA_ByOcc_1880,by_occupation
1,Truro,TruroNova Scotia,45.364722,-63.28,1880,Nova Scotia,Agent,CAN_DIA_ByOcc_1880,by_occupation
1,Wiarton,WiartonOntario,44.743611,-81.140833,1880,Ontario,Agent,CAN_DIA_ByOcc_1880,by_occupation
1,Winnipeg,WinnipegManitoba,49.899444,-97.139167,1880,Manitoba and Keewatin,Medical Superintendent,CAN_DIA_ByOcc_1880,by_occupation
1,Winnipeg,WinnipegManitoba,49.899444,-97.139167,1880,Manitoba and Keewatin,Inspector of Indian Agencies,CAN_DIA_ByOcc_1880,by_occupation
1,Winnipeg,WinnipegManitoba,49.899444,-97.139167,1880,Manitoba and Keewatin,"Acting Superintendent, Manitoba Superintendency",CAN_DIA_ByOcc_1880,by_occupation
1,Shoal Lake,Shoal LakeNorth-West Territories,50.437778,-100.591111,1880,Manitoba and Keewatin,Medical Officer,CAN_DIA_ByOcc_1880,by_occupation
1,Shubenacadie,ShubenacadieNova Scotia,45.139883,-63.417547,1880,Nova Scotia,Agent,CAN_DIA_ByOcc_1880,by_occupation
1,St. Francois du Lac,St. Francois du LacQuebec,46.066667,-72.833333,1880,Quebec,Missionary,CAN_DIA_ByOcc_1880,by_occupation
1,St. Francois du Lac,St. Francois du LacQuebec,46.066667,-72.833333,1880,Quebec,Agent,CAN_DIA_ByOcc_1880,by_occupation
1,Sault Ste. Marie,Sault Ste MarieOntario,46.533333,-84.35,1880,Ontario,Agent,CAN_DIA_ByOcc_1880,by_occupation
1,Shannonville,ShannonvilleOntario,44.2637,-77.2304,1880,Ontario,Agent,CAN_DIA_ByOcc_1880,by_occupation
1,Strathroy,StrathroyOntario,42.9575,-81.616667,1880,Ontario,Agent,CAN_DIA_ByOcc_1880,by_occupation
1,St. Regis,St. RegisQuebec,44.971111,-74.641944,1880,Quebec,Missionary,CAN_DIA_ByOcc_1880,by_occupation
1,St. Peters,St. PetersManitoba and the NorthWest,50.182491,-96.839338,1880,Manitoba and Keewatin,Agent,CAN_DIA_ByOcc_1880,by_occupation
1,Brantford,BrantfordOntario,43.166667,-80.25,1880,Ontario,Superintendent,CAN_DIA_ByOcc_1880,by_occupation
1,Brantford,BrantfordOntario,43.166667,-80.25,1880,Ontario,Clerk,CAN_DIA_ByOcc_1880,by_occupation
1,Blackfoot Crossing,Blackfoot CrossingManitoba and Keewatin,50.8041,-112.9064,1880,Manitoba and Keewatin,"Farming Instructor, Farm No 27",CAN_DIA_ByOcc_1880,by_occupation
1,Blood Reserve,Blood ReserveManitoba and Keewatin,49.48,-112.99,1880,Manitoba and Keewatin,"Farming Instructor, Farm No 22",CAN_DIA_ByOcc_1880,by_occupation
1,Canning,CanningNova Scotia,45.157917,-64.424167,1880,Nova Scotia,Agent,CAN_DIA_ByOcc_1880,by_occupation
1,Caledonia,CaledoniaNova Scotia,44.378889,-65.032222,1880,Nova Scotia,Agent,CAN_DIA_ByOcc_1880,by_occupation
1,Bruce Mines,Bruce MinesOntario,46.283333,-83.783333,1880,Ontario,Agent,CAN_DIA_ByOcc_1880,by_occupation
1,Assabaskasing,AssabaskasingManitoba and Keewatin,0.0,0.0,1880,Manitoba and Keewatin,Agent,CAN_DIA_ByOcc_1880,by_occupation
1,Battle River,"Battle RiverNorth-West Territories, Manitoba and Keewatin",52.711667,-108.253611,1880,Manitoba and Keewatin,"Farming Instructor, Farm No 12",CAN_DIA_ByOcc_1880,by_occupation
1,Battleford,BattlefordSaskatchewan,52.738333,-108.315278,1880,Manitoba and Keewatin,Indian Agent,CAN_DIA_ByOcc_1880,by_occupation
1,Antigonish,AntigonishNova Scotia,45.626522,-61.998253,1880,Nova Scotia,Agent,CAN_DIA_ByOcc_1880,by_occupation
1,Bedford,BedfordNova Scotia,44.73212,-63.65676,1880,Nova Scotia,Agent,CAN_DIA_ByOcc_1880,by_occupation
1,Bird Tail Creek,Bird Tail CreekManitoba and Keewatin,50.269444,-101.167222,1880,Manitoba and Keewatin,"Farming Instructor, Farm No. 1",CAN_DIA_ByOcc_1880,by_occupation
1,Bird Tail Creek,Bird Tail CreekManitoba and Keewatin,50.269444,-101.167222,1880,Manitoba and Keewatin,Agent to Sioux on Assiniboine.,CAN_DIA_ByOcc_1880,by_occupation
1,Betsiamets,BetsiamitsQuebec,48.95,-68.65,1880,Quebec,Agent provisionally,CAN_DIA_ByOcc_1880,by_occupation
1,Bear River,Bear RiverNova Scotia,44.572222,-65.643889,1880,Nova Scotia,Agent,CAN_DIA_ByOcc_1880,by_occupation
1,Bear Hill,Bear HillManitoba and Keewatin,52.826667,-113.451667,1880,Manitoba and Keewatin,"Farming Instructor, Farm No 18",CAN_DIA_ByOcc_1880,by_occupation
1,File Hills,"File HillsNorth-West Territories, Manitoba and Keewatin",50.8,-103.55,1880,Manitoba and Keewatin,"Farming Instructor, Farm No 5",CAN_DIA_ByOcc_1880,by_occupation
1,Fish Creek,"Fish CreekNorth-West Territories, Manitoba and Keewatin",52.55,-106.167222,1880,Manitoba and Keewatin,"Farming Instructor, Farm No 24",CAN_DIA_ByOcc_1880,by_occupation
1,Fort Pitt,Fort PittNorth-West Territories,53.572,-109.792,1880,Manitoba and Keewatin,"Farming Instructor, Farm No 14",CAN_DIA_ByOcc_1880,by_occupation
1,Fort Francis,Fort FrancesOntario,48.616667,-93.4,1880,Manitoba and Keewatin,Interpreter,CAN_DIA_ByOcc_1880,by_occupation
1,Fort Francis,Fort FrancesOntario,48.616667,-93.4,1880,Manitoba and Keewatin,Agent,CAN_DIA_ByOcc_1880,by_occupation
1,Fort McLeod,Fort MacLeodAlberta,49.725583,-113.397528,1880,Manitoba and Keewatin,Medical Officer,CAN_DIA_ByOcc_1880,by_occupation
1,Emerson,EmersonManitoba and Keewatin,49.006944,-97.214722,1880,Manitoba and Keewatin,Agent,CAN_DIA_ByOcc_1880,by_occupation
1,Eganville,EganvilleOntario,45.533333,-77.1,1880,Ontario,Agent,CAN_DIA_ByOcc_1880,by_occupation
1,Grand Narrowas,Grand NarrowsNova Scotia,45.95,-60.783333,1880,Nova Scotia,Agent,CAN_DIA_ByOcc_1880,by_occupation
1,Grand Rapids,"Grand RapidsNorth-West Territories, Manitoba and Keewatin",53.208333,-99.3,1880,Manitoba and Keewatin,Agent,CAN_DIA_ByOcc_1880,by_occupation
1,Gore Bay,Gore BayOntario,45.916667,-82.466667,1880,Ontario,Indian Lands Agent,CAN_DIA_ByOcc_1880,by_occupation
1,Fredericton,FrecerictonNew Brunswick,45.95,-66.666667,1880,New Brunswick,Missionary,CAN_DIA_ByOcc_1880,by_occupation
1,Fredericton,FrecerictonNew Brunswick,45.95,-66.666667,1880,New Brunswick,Visiting Superintendent,CAN_DIA_ByOcc_1880,by_occupation
1,Fort Walsh,Fort WalshManitoba and Keewatin,49.572747,-109.881456,1880,Manitoba and Keewatin,Medical Superintendent,CAN_DIA_ByOcc_1880,by_occupation
1,Gananoque,GananoqueOntario,44.33,-76.17,1880,Ontario,Agent,CAN_DIA_ByOcc_1880,by_occupation
1,Frog Lake,Frog LakeNorth-West Territories,53.831389,-110.401389,1880,Manitoba and Keewatin,"Farming Instructor, Farm No 15",CAN_DIA_ByOcc_1880,by_occupation
1,Christmas Island,Christmas IslandNova Scotia,45.972311,-60.748333,1880,Nova Scotia,Agent,CAN_DIA_ByOcc_1880,by_occupation
1,Chester,ChesterNova Scotia,44.540278,-64.239722,1880,Nova Scotia,Agent,CAN_DIA_ByOcc_1880,by_occupation
1,Cockburn Island,Cockburn IslandOntario,45.916667,-83.383333,1880,Ontario,Indian Lands Agent,CAN_DIA_ByOcc_1880,by_occupation
1,Caughnawaga,CaughnawagaQuebec,45.416667,-73.683333,1880,Quebec,Agent,CAN_DIA_ByOcc_1880,by_occupation
1,Carlton,"CarltonNorth-West Territories, Manitoba and Keewatin",52.813,-106.489,1880,Manitoba and Keewatin,"Farming Instructor, Farm No 10",CAN_DIA_ByOcc_1880,by_occupation
1,Chatham,ChathamNew Brunswick,47.033,-65.433,1880,New Brunswick,Visiting Superintendent,CAN_DIA_ByOcc_1880,by_occupation
1,Duck Lake,Duck LakeSaskatchewan,52.816667,-106.233333,1880,Manitoba and Keewatin,Indian Agent,CAN_DIA_ByOcc_1880,by_occupation
1,Duck Lake,Duck LakeSaskatchewan,52.816667,-106.233333,1880,Manitoba and Keewatin,"Farming Instructor, Farm No 8",CAN_DIA_ByOcc_1880,by_occupation
1,Eagle Hills,Eagle HillsManitoba and Keewatin,51.826944,-114.38,1880,Manitoba and Keewatin,"Farming Instructor, Farm No 11",CAN_DIA_ByOcc_1880,by_occupation
1,Dundee,DundeeQuebec,45.02,-74.48,1880,Quebec,Agent,CAN_DIA_ByOcc_1880,by_occupation
1,Edmonton,EdmontonAlberta,53.533333,-113.5,1880,Manitoba and Keewatin,Indian Agent,CAN_DIA_ByOcc_1880,by_occupation
1,Cypress Hills,Cypress HillsNorth-West Territories,49.63,-110.359444,1880,Manitoba and Keewatin,"Farming Instructor, Farm No 7",CAN_DIA_ByOcc_1880,by_occupation
1,Cote's Reserve,"CoteManitoba, Keewatin and Northwest Territories",51.565,-101.894722,1880,Manitoba and Keewatin,"Farming Instructor, Farm No 2",CAN_DIA_ByOcc_1880,by_occupation
1,Crooked Lake,"Crooked LakesNorth-West Territories, Manitoba and Keewatin",50.443889,-101.319722,1880,Manitoba and Keewatin,"Farming Instructor, Farm No 3",CAN_DIA_ByOcc_1880,by_occupation
1,Mill Point,Mill PointOntario,44.2,-77.05,1880,Ontario,Agent,CAN_DIA_ByOcc_1880,by_occupation
1,Lorette,LoretteQuebec,46.861472,-71.357111,1880,Quebec,Missionary,CAN_DIA_ByOcc_1880,by_occupation
1,Maniwaki,ManiwakiQuebec,46.375,-75.966667,1880,Quebec,Agent,CAN_DIA_ByOcc_1880,by_occupation
1,"Manitowaning, Manitoulin Island",ManitowaningOntario,45.733333,-81.8,1880,Ontario,Clerk and Interpreter,CAN_DIA_ByOcc_1880,by_occupation
1,Highgate,HighgateOntario,42.5009,-81.8166,1880,Ontario,Agent,CAN_DIA_ByOcc_1880,by_occupation
1,Jack Fish Creek,Jack Fish CreekManitoba and Keewatin,50.21704,-97.220694,1880,Manitoba and Keewatin,"Farming Instructor, Farm No 13",CAN_DIA_ByOcc_1880,by_occupation
1,Lac des Mille Lacs,Lac des Mille LacsManitoba and Keewatin,48.849167,-90.510556,1880,Manitoba and Keewatin,Agent,CAN_DIA_ByOcc_1880,by_occupation
1,Lac la Noune,Lac La NonneNorth-West Territories,53.937222,-114.319722,1880,Manitoba and Keewatin,"Farming Instructor, Farm No 17",CAN_DIA_ByOcc_1880,by_occupation
1,Lac St. Jean,Lac St. JeanQuebec,48.594444,-72.03,1880,Quebec,Agent,CAN_DIA_ByOcc_1880,by_occupation
1,Lennox Island,Lennox IslandPrince Edward Island,46.613889,-63.853889,1880,Prince Edward Island,Agent,CAN_DIA_ByOcc_1880,by_occupation
1,Oka,OkaQuebec,45.466667,-74.083333,1880,Quebec,Agent provisionally,CAN_DIA_ByOcc_1880,by_occupation
1,On the Island,On the IslandOntario,44.369247,-75.910864,1880,Ontario,Agent,CAN_DIA_ByOcc_1880,by_occupation
1,Oak Point,Oak PointNew Brunswick,47.099,-65.348,1880,New Brunswick,Missionary,CAN_DIA_ByOcc_1880,by_occupation
1,Oak Point,Oak PointManitoba and Keewatin,50.4986,-98.0069,1880,Manitoba and Keewatin,Agent,CAN_DIA_ByOcc_1880,by_occupation
1,Ottawa,OttawaOntario,45.416667,-75.683333,1880,Ontario,Accountant,CAN_DIA_ByOcc_1880,by_occupation
1,Ottawa,OttawaOntario,45.416667,-75.683333,1880,Ontario,Superintendent- General,CAN_DIA_ByOcc_1880,by_occupation
1,Ottawa,OttawaOntario,45.416667,-75.683333,1880,Ontario,Stenographer,CAN_DIA_ByOcc_1880,by_occupation
1,Ottawa,OttawaOntario,45.416667,-75.683333,1880,Ontario,Deputy Superintendent- General,CAN_DIA_ByOcc_1880,by_occupation
1,Ottawa,OttawaOntario,45.416667,-75.683333,1880,Ontario,Corresponding Clerk,CAN_DIA_ByOcc_1880,by_occupation
1,Ottawa,OttawaOntario,45.416667,-75.683333,1880,Ontario,Clerk of Statistics,CAN_DIA_ByOcc_1880,by_occupation
1,Ottawa,OttawaOntario,45.416667,-75.683333,1880,Ontario,Clerk of Records,CAN_DIA_ByOcc_1880,by_occupation
1,Ottawa,OttawaOntario,45.416667,-75.683333,1880,Ontario,Clerk in Charge of Land Sales,CAN_DIA_ByOcc_1880,by_occupation
1,Ottawa,OttawaOntario,45.416667,-75.683333,1880,Ontario,Assistant Corresponding Clerk,CAN_DIA_ByOcc_1880,by_occupation
1,Ottawa,OttawaOntario,45.416667,-75.683333,1880,Ontario,Assistant Clerk of Records,CAN_DIA_ByOcc_1880,by_occupation
1,Ottawa,OttawaOntario,45.416667,-75.683333,1880,Ontario,Assistant Accountant,CAN_DIA_ByOcc_1880,by_occupation
1,Ottawa,OttawaOntario,45.416667,-75.683333,1880,Ontario,Assistant Clerk of land Sales,CAN_DIA_ByOcc_1880,by_occupation
1,Newcastle,NewcastleNew Brunswick,46.983,-65.567,1880,New Brunswick,Medical Officer,CAN_DIA_ByOcc_1880,by_occupation
1,New Westminster,New WestminsterBritish Columbia,49.206944,-122.911111,1880,British Columbia,Superintendent,CAN_DIA_ByOcc_1880,by_occupation
1,Morleyville,MorleyvilleManitoba and Keewatin,51.16153,-114.85095,1880,Manitoba and Keewatin,"Farming Instructor, Farm No 19",CAN_DIA_ByOcc_1880,by_occupation
1,Nil,Nil,0.0,0.0,1880,Manitoba and Keewatin,Secretary of Mr. Dewdney,CAN_DIA_ByOcc_1880,by_occupation
1,Nil,Nil,0.0,0.0,1880,Manitoba and Keewatin,Inspector of Farming Instructors,CAN_DIA_ByOcc_1880,by_occupation
1,Nil,Nil,0.0,0.0,1880,Manitoba and Keewatin,Indian Commissioner,CAN_DIA_ByOcc_1880,by_occupation
1,Annapolis,AnnapolisNova Scotia,44.74167,-65.51528,1885,Nova Scotia,Agent,CAN_DIA_ByOcc_1885,by_occupation
1,Antigonish,AntigonishNova Scotia,45.62652,-61.99825,1885,Nova Scotia,Agent,CAN_DIA_ByOcc_1885,by_occupation
1,Assiniboine Reserve,"Assiniboine ReserveNorth-West Territories, Manitoba and Keewatin",50.44547,-103.39221,1885,"North-West Territories, Manitoba and Keewatin","Farming Instructor, Farm No. 7",CAN_DIA_ByOcc_1885,by_occupation
1,Baby's Point,Baby's PointOntario and Quebec,43.6575,-79.4925,1885,Ontario and Quebec,Missionary,CAN_DIA_ByOcc_1885,by_occupation
1,Battle River,"Battle RiverNorth-West Territories, Manitoba and Keewatin",52.71167,-108.25361,1885,"North-West Territories, Manitoba and Keewatin","Farming Instructor, Farm No. 12",CAN_DIA_ByOcc_1885,by_occupation
1,Battleford,BattlefordSaskatchewan,52.73833,-108.31528,1885,"North-West Territories, Manitoba and Keewatin","Principal, Industrial School",CAN_DIA_ByOcc_1885,by_occupation
1,Battleford,BattlefordSaskatchewan,52.73833,-108.31528,1885,"North-West Territories, Manitoba and Keewatin",Agent,CAN_DIA_ByOcc_1885,by_occupation
1,Bear River,Bear RiverNova Scotia,44.57222,-65.64389,1885,Nova Scotia,Agent,CAN_DIA_ByOcc_1885,by_occupation
1,Bedford,BedfordNova Scotia,44.73212,-63.65676,1885,Nova Scotia,Agent,CAN_DIA_ByOcc_1885,by_occupation
1,Betsiamits,BetsiamitsQuebec,48.95,-68.65,1885,Quebec,Superintendent,CAN_DIA_ByOcc_1885,by_occupation
1,Big Cove,Big CoveNew Brunswick,46.59667,-64.98056,1885,New Brunswick,Missionary,CAN_DIA_ByOcc_1885,by_occupation
1,Birtle,BirtleManitoba,50.4225,-101.0475,1885,"North-West Territories, Manitoba and Keewatin","Agent to several bands in Treaties 2 and 4, and Sioux on Assiniboine",CAN_DIA_ByOcc_1885,by_occupation
1,Blackfoot Crossing,Blackfoot CrossingManitoba and Keewatin,50.8041,-112.9064,1885,"North-West Territories, Manitoba and Keewatin",Agent,CAN_DIA_ByOcc_1885,by_occupation
1,Blood Reserve,Blood ReserveManitoba and Keewatin,49.48,-112.99,1885,"North-West Territories, Manitoba and Keewatin","Farming Instructor, Farm No. 22",CAN_DIA_ByOcc_1885,by_occupation
1,Brantford,BrantfordOntario,43.16667,-80.25,1885,Ontario,Superintendent,CAN_DIA_ByOcc_1885,by_occupation
1,Brantford,BrantfordOntario,43.16667,-80.25,1885,Ontario,Clerk,CAN_DIA_ByOcc_1885,by_occupation
1,Bruce Mines,Bruce MinesOntario,46.28333,-83.78333,1885,Ontario,Indian Lands Agent,CAN_DIA_ByOcc_1885,by_occupation
1,Caledonia,CaledoniaNova Scotia,44.37889,-65.03222,1885,Nova Scotia,Agent,CAN_DIA_ByOcc_1885,by_occupation
1,Canning,CanningNova Scotia,45.15792,-64.42417,1885,Nova Scotia,Agent,CAN_DIA_ByOcc_1885,by_occupation
1,Cape Croker,Cape CrokerOntario,44.90828,-81.02263,1885,Ontario,Agent,CAN_DIA_ByOcc_1885,by_occupation
1,Carlton,"CarltonNorth-West Territories, Manitoba and Keewatin",52.813,-106.489,1885,"North-West Territories, Manitoba and Keewatin","Farming Instructor, Farm No. 10",CAN_DIA_ByOcc_1885,by_occupation
1,Carlton,"CarltonNorth-West Territories, Manitoba and Keewatin",52.813,-106.489,1885,"North-West Territories, Manitoba and Keewatin",Agent,CAN_DIA_ByOcc_1885,by_occupation
1,Caughnawaga,CaughnawagaQuebec,45.41667,-73.68333,1885,Quebec,Agent,CAN_DIA_ByOcc_1885,by_occupation
1,Chatham,ChathamNew Brunswick,47.033,-65.433,1885,New Brunswick,Visiting Superintendent,CAN_DIA_ByOcc_1885,by_occupation
1,Christmas Island,Christmas IslandNova Scotia,45.97231,-60.74833,1885,Nova Scotia,Agent,CAN_DIA_ByOcc_1885,by_occupation
1,Cockburn Island,Cockburn IslandOntario,45.91667,-83.38333,1885,Ontario,Indian Lands Agent,CAN_DIA_ByOcc_1885,by_occupation
1,Cowichan,CowichanBritish Columbia,48.75,-123.6,1885,British Columbia,Agent,CAN_DIA_ByOcc_1885,by_occupation
1,Crooked Lakes,"Crooked LakesNorth-West Territories, Manitoba and Keewatin",50.44389,-101.31972,1885,"North-West Territories, Manitoba and Keewatin","Farming Instructor, Farm No. 3",CAN_DIA_ByOcc_1885,by_occupation
1,Crowfoot's Reserve,"Crowfoot's ReserveNorth-West Territories, Manitoba and Keewatin",50.803,-112.906,1885,"North-West Territories, Manitoba and Keewatin","Farming Instructor, Farm No. 20a",CAN_DIA_ByOcc_1885,by_occupation
1,Deseronto,DeserontoOntario,44.2,-77.05,1885,Ontario,Indian Lands Agent,CAN_DIA_ByOcc_1885,by_occupation
1,Duck Lake,Duck LakeSaskatchewan,52.81667,-106.23333,1885,"North-West Territories, Manitoba and Keewatin",Farming Instructor,CAN_DIA_ByOcc_1885,by_occupation
1,Edmonton,EdmontonAlberta,53.53333,-113.5,1885,"North-West Territories, Manitoba and Keewatin",Agent,CAN_DIA_ByOcc_1885,by_occupation
1,Edmunston,EdmundstonNew Brunswick,47.3765,-68.32535,1885,New Brunswick,Missionary,CAN_DIA_ByOcc_1885,by_occupation
1,Eganville,EganvilleOntario,45.53333,-77.1,1885,Ontario,Agent,CAN_DIA_ByOcc_1885,by_occupation
1,File Hills,"File HillsNorth-West Territories, Manitoba and Keewatin",50.8,-103.55,1885,"North-West Territories, Manitoba and Keewatin","Farming Instructor, Farm. No. 3",CAN_DIA_ByOcc_1885,by_occupation
2,Fort Francis,Fort FrancesOntario,48.61667,-93.4,1885,"North-West Territories, Manitoba and Keewatin",Agent,CAN_DIA_ByOcc_1885,by_occupation
1,Fort Francis,Fort FrancesOntario,48.61667,-93.4,1885,"North-West Territories, Manitoba and Keewatin",Interpreter,CAN_DIA_ByOcc_1885,by_occupation
1,Fort Macleod,Fort MacLeodAlberta,49.72558,-113.39753,1885,"North-West Territories, Manitoba and Keewatin",Medical Superintendent,CAN_DIA_ByOcc_1885,by_occupation
1,Fort Macleod,Fort MacLeodAlberta,49.72558,-113.39753,1885,"North-West Territories, Manitoba and Keewatin",Agent,CAN_DIA_ByOcc_1885,by_occupation
1,Fort Pitt,Fort PittNorth-West Territories,53.572,-109.792,1885,"North-West Territories, Manitoba and Keewatin","Farming Instructor, Farm No. 14",CAN_DIA_ByOcc_1885,by_occupation
1,Fraser River,Fraser RiverBritish Columbia,49.17778,-123.2125,1885,British Columbia,Agent,CAN_DIA_ByOcc_1885,by_occupation
1,Fredericton,FrecerictonNew Brunswick,45.95,-66.66667,1885,New Brunswick,Visiting Superintendent,CAN_DIA_ByOcc_1885,by_occupation
1,Fredericton,FrecerictonNew Brunswick,45.95,-66.66667,1885,New Brunswick,Missionary,CAN_DIA_ByOcc_1885,by_occupation
1,Gananoque,GananoqueOntario,44.33,-76.17,1885,Ontario,Indian Lands Agent,CAN_DIA_ByOcc_1885,by_occupation
1,Georgina,GeorginaOntario,44.3,-79.43333,1885,Ontario,Agent,CAN_DIA_ByOcc_1885,by_occupation
1,Gore Bay,Gore BayOntario,45.91667,-82.46667,1885,Ontario,Indian Lands Agent,CAN_DIA_ByOcc_1885,by_occupation
1,Gore's Landing,Gore's LandingOntario,44.11907,-78.23333,1885,Ontario,Agent,CAN_DIA_ByOcc_1885,by_occupation
1,Grand Narrows,Grand NarrowsNova Scotia,45.95,-60.78333,1885,Nova Scotia,Agent,CAN_DIA_ByOcc_1885,by_occupation
1,Grand Rapids,"Grand RapidsNorth-West Territories, Manitoba and Keewatin",53.20833,-99.3,1885,"North-West Territories, Manitoba and Keewatin",Agent,CAN_DIA_ByOcc_1885,by_occupation
1,High River,"High RiverNorth-West Territories, Manitoba and Keewatin",50.58075,-113.87444,1885,"North-West Territories, Manitoba and Keewatin","Principal, Industrial School",CAN_DIA_ByOcc_1885,by_occupation
1,Highgate,HighgateOntario,42.5009,-81.8166,1885,Ontario,Agent,CAN_DIA_ByOcc_1885,by_occupation
1,Indian Head,"Indian HeadNorthwest Territories, Manitoba and Keewatin",50.53333,-103.66667,1885,"North-West Territories, Manitoba and Keewatin","Farming Instructor, Farm No. 9",CAN_DIA_ByOcc_1885,by_occupation
1,Indian Head,"Indian HeadNorthwest Territories, Manitoba and Keewatin",50.53333,-103.66667,1885,"North-West Territories, Manitoba and Keewatin",Agent,CAN_DIA_ByOcc_1885,by_occupation
1,Jack Fish Creek,Jack Fish CreekManitoba and Keewatin,50.21704,-97.22069,1885,"North-West Territories, Manitoba and Keewatin","Farming Instructor, Farm No. 13",CAN_DIA_ByOcc_1885,by_occupation
1,Kamloops,KamloopsBritish Columbia,50.67611,-120.34083,1885,British Columbia,Agent,CAN_DIA_ByOcc_1885,by_occupation
1,Kwawkewlth,KwawkewithBritish Columbia,0.0,0.0,1885,British Columbia,Agent,CAN_DIA_ByOcc_1885,by_occupation
1,Lac la Nonne,Lac La NonneNorth-West Territories,53.93722,-114.31972,1885,"North-West Territories, Manitoba and Keewatin","Farming Instructor, Farm No. 17",CAN_DIA_ByOcc_1885,by_occupation
1,Lennox Island,Lennox IslandPrince Edward Island,46.61389,-63.85389,1885,Prince Edward Island,Agent,CAN_DIA_ByOcc_1885,by_occupation
1,Lorette,LoretteQuebec,46.86147,-71.35711,1885,Ontario and Quebec,Missionary,CAN_DIA_ByOcc_1885,by_occupation
1,Manitoba House,Manitoba HouseNorth-West Territories,50.86667,-98.85889,1885,"North-West Territories, Manitoba and Keewatin",Agent,CAN_DIA_ByOcc_1885,by_occupation
1,Manitowaning,ManitowaningOntario,45.73333,-81.8,1885,Ontario,Clerk and Interpreter,CAN_DIA_ByOcc_1885,by_occupation
1,Manitowaning,ManitowaningOntario,45.73333,-81.8,1885,Ontario,Superintendent,CAN_DIA_ByOcc_1885,by_occupation
1,Maniwaki,ManiwakiQuebec,46.375,-75.96667,1885,Quebec,Agent,CAN_DIA_ByOcc_1885,by_occupation
1,Maria,MariaQuebec,48.16667,-65.98333,1885,Quebec,Agent,CAN_DIA_ByOcc_1885,by_occupation
1,Moose Mountain,"Moose MountainNorth-West Territories, Manitoba and Keewatin",49.82111,-102.37611,1885,"North-West Territories, Manitoba and Keewatin","Farming Instructor, Farm No. 25",CAN_DIA_ByOcc_1885,by_occupation
1,Morleyville,MorleyvilleManitoba and Keewatin,51.16153,-114.85095,1885,"North-West Territories, Manitoba and Keewatin","Farming Instructor, Farm No. 19",CAN_DIA_ByOcc_1885,by_occupation
1,Munceytown,MunceytownOntario,42.8,-81.48333,1885,Ontario and Quebec,Missionary,CAN_DIA_ByOcc_1885,by_occupation
1,Newcastle,NewcastleNew Brunswick,46.983,-65.567,1885,New Brunswick,Missionary,CAN_DIA_ByOcc_1885,by_occupation
2,Nil,Bay of QuinteOntario,44.15,-77.25,1885,Ontario and Quebec,Medical Man,CAN_DIA_ByOcc_1885,by_occupation
2,Nil,Six Nations Ontario,43.05111,-80.1225,1885,Ontario and Quebec,Medical Man,CAN_DIA_ByOcc_1885,by_occupation
2,Nil,Nil,0.0,0.0,1885,Ontario, ,CAN_DIA_ByOcc_1885,by_occupation
2,Nil,County of KentNew Brunswick,46.58333,-64.8,1885,New Brunswick,Medical Officer,CAN_DIA_ByOcc_1885,by_occupation
2,Nil,County of NorthumberlandNew Brunswick,47.03333,-65.58333,1885,New Brunswick,Medical Officer,CAN_DIA_ByOcc_1885,by_occupation
1,Nil,SaugeenOntario,44.43333,-81.36667,1885,Ontario and Quebec,Medical Man,CAN_DIA_ByOcc_1885,by_occupation
1,Nil,River DesertQuebec,46.33333,-75.96667,1885,Ontario and Quebec,Medical Man,CAN_DIA_ByOcc_1885,by_occupation
1,Nil,BeausoleilOntario,44.87,-79.86833,1885,Ontario and Quebec,Medical Man,CAN_DIA_ByOcc_1885,by_occupation
1,Nil,AnderdonOntario,42.14887,-83.10744,1885,Ontario and Quebec,Medical Man,CAN_DIA_ByOcc_1885,by_occupation
1,Nil,AlnwickOntario,44.08333,-78.03333,1885,Ontario and Quebec,Medical Man,CAN_DIA_ByOcc_1885,by_occupation
1,Nil,Nil,0.0,0.0,1885,Prince Edward Island,Teacher,CAN_DIA_ByOcc_1885,by_occupation
1,Nil,Nil,0.0,0.0,1885,Prince Edward Island, ,CAN_DIA_ByOcc_1885,by_occupation
1,Nil,NawashOntario,44.90828,-81.02263,1885,Ontario and Quebec,Medical Man,CAN_DIA_ByOcc_1885,by_occupation
1,Nil,RamaOntario,44.70273,-79.33959,1885,Ontario and Quebec,Medical Man,CAN_DIA_ByOcc_1885,by_occupation
1,Nil,RestigoucheQuebec,48.65806,-65.75278,1885,Ontario and Quebec,Medical Man,CAN_DIA_ByOcc_1885,by_occupation
1,Nil,ReginaSaskatchewan,50.45472,-104.60667,1885,"North-West Territories, Manitoba and Keewatin",Inspector of Farms and Agencies in North-West Territories,CAN_DIA_ByOcc_1885,by_occupation
1,Nil,Oneidas of the Thames Ontario,42.81667,-81.4,1885,Ontario and Quebec,Medical Man,CAN_DIA_ByOcc_1885,by_occupation
1,Nil,Garden RiverOntario,46.52972,-84.15889,1885,Ontario and Quebec,Medical Man,CAN_DIA_ByOcc_1885,by_occupation
1,Nil,GaspeQuebec,48.83333,-64.48333,1885,Ontario and Quebec,Medical Man,CAN_DIA_ByOcc_1885,by_occupation
1,Nil,chippewas of thamesOntario,42.83333,-81.48333,1885,Ontario and Quebec,Medical Man,CAN_DIA_ByOcc_1885,by_occupation
1,Nil,Mississaguas of the CreditOntario,43.0,-80.1,1885,Ontario and Quebec,Medical Man,CAN_DIA_ByOcc_1885,by_occupation
1,Nil,Manitoulin IslandOntario,45.76667,-82.2,1885,Ontario and Quebec,Medical Man,CAN_DIA_ByOcc_1885,by_occupation
1,Oak Point,Oak PointNew Brunswick,47.099,-65.348,1885,New Brunswick,Missionary,CAN_DIA_ByOcc_1885,by_occupation
1,Okanagan (appointed provisionally),OkanaganBritish Columbia,49.74778,-119.71722,1885,British Columbia,Agent,CAN_DIA_ByOcc_1885,by_occupation
1,Old Sun's Reserve,"Old Sun's ReserveNorth-West Territories, Manitoba and Keewatin",50.86611,-113.05472,1885,"North-West Territories, Manitoba and Keewatin","Farming Instructor, Farm No. 20b",CAN_DIA_ByOcc_1885,by_occupation
1,On the Islands,On the IslandOntario,44.36925,-75.91086,1885,Ontario, ,CAN_DIA_ByOcc_1885,by_occupation
8,Ottawa,OttawaOntario,45.41667,-75.68333,1885,Ontario,Clerk,CAN_DIA_ByOcc_1885,by_occupation
5,Ottawa,OttawaOntario,45.41667,-75.68333,1885,Ontario,Extra Clerk,CAN_DIA_ByOcc_1885,by_occupation
2,Ottawa,OttawaOntario,45.41667,-75.68333,1885,Ontario,Assistant Bookkeeper,CAN_DIA_ByOcc_1885,by_occupation
2,Ottawa,OttawaOntario,45.41667,-75.68333,1885,Ontario,Book-keeper,CAN_DIA_ByOcc_1885,by_occupation
2,Ottawa,OttawaOntario,45.41667,-75.68333,1885,Ontario,Copying Clerk,CAN_DIA_ByOcc_1885,by_occupation
2,Ottawa,OttawaOntario,45.41667,-75.68333,1885,Ontario,Stenographer,CAN_DIA_ByOcc_1885,by_occupation
1,Ottawa,OttawaOntario,45.41667,-75.68333,1885,Ontario,Housekeeper,CAN_DIA_ByOcc_1885,by_occupation
1,Ottawa,OttawaOntario,45.41667,-75.68333,1885,Ontario,Surveyor and Chief Draughtsman,CAN_DIA_ByOcc_1885,by_occupation
1,Ottawa,OttawaOntario,45.41667,-75.68333,1885,Ontario,Superintendent- General,CAN_DIA_ByOcc_1885,by_occupation
1,Ottawa,OttawaOntario,45.41667,-75.68333,1885,Ontario,Solicitor,CAN_DIA_ByOcc_1885,by_occupation
1,Ottawa,OttawaOntario,45.41667,-75.68333,1885,Ontario,Inspector of Agencies & Reserves,CAN_DIA_ByOcc_1885,by_occupation
1,Ottawa,OttawaOntario,45.41667,-75.68333,1885,Ontario,French Translator,CAN_DIA_ByOcc_1885,by_occupation
1,Ottawa,OttawaOntario,45.41667,-75.68333,1885,Ontario,Extra messenger,CAN_DIA_ByOcc_1885,by_occupation
1,Ottawa,OttawaOntario,45.41667,-75.68333,1885,Ontario,Deputy Superintendent- General,CAN_DIA_ByOcc_1885,by_occupation
1,Ottawa,OttawaOntario,45.41667,-75.68333,1885,Ontario,Corresponding Clerk,CAN_DIA_ByOcc_1885,by_occupation
1,Ottawa,OttawaOntario,45.41667,-75.68333,1885,Ontario,Commissioner of Indian Lands and Timber,CAN_DIA_ByOcc_1885,by_occupation
1,Ottawa,OttawaOntario,45.41667,-75.68333,1885,Ontario,Clerk of Statistics,CAN_DIA_ByOcc_1885,by_occupation
1,Ottawa,OttawaOntario,45.41667,-75.68333,1885,Ontario,Clerk of Records,CAN_DIA_ByOcc_1885,by_occupation
1,Ottawa,OttawaOntario,45.41667,-75.68333,1885,Ontario,Clerk of Indices,CAN_DIA_ByOcc_1885,by_occupation
1,Ottawa,OttawaOntario,45.41667,-75.68333,1885,Ontario,Chief Clerk and Accountant,CAN_DIA_ByOcc_1885,by_occupation
1,Ottawa,OttawaOntario,45.41667,-75.68333,1885,Ontario,Assistant Surveyor,CAN_DIA_ByOcc_1885,by_occupation
1,Ottawa,OttawaOntario,45.41667,-75.68333,1885,Ontario,Assistant Clerk of Land Sales,CAN_DIA_ByOcc_1885,by_occupation
1,Ottawa,OttawaOntario,45.41667,-75.68333,1885,Ontario,Assistant Accountant,CAN_DIA_ByOcc_1885,by_occupation
1,Ottawa,OttawaOntario,45.41667,-75.68333,1885,Ontario,Messenger,CAN_DIA_ByOcc_1885,by_occupation
1,Parrsboro',ParrsboroNova Scotia,45.40583,-64.32583,1885,Nova Scotia,Agent,CAN_DIA_ByOcc_1885,by_occupation
1,Parry Sound,Parry IslandOntario,45.28333,-80.15,1885,Ontario,Superintendent,CAN_DIA_ByOcc_1885,by_occupation
1,Peace Hills,"Peace HillsNorth-West Territories, Manitoba and Keewatin",52.88009,-113.46331,1885,"North-West Territories, Manitoba and Keewatin",Acting Agent,CAN_DIA_ByOcc_1885,by_occupation
1,Pentanguishene,PenetanguisheneOntario,44.76667,-79.93333,1885,Ontario,Agent,CAN_DIA_ByOcc_1885,by_occupation
1,Perth,PerthNew Brunswick,46.73927,-67.6984,1885,New Brunswick,Agent,CAN_DIA_ByOcc_1885,by_occupation
1,Pictou,PictonNova Scotia,45.68139,-62.71194,1885,Nova Scotia,Agent,CAN_DIA_ByOcc_1885,by_occupation
1,Pictou,PictonNova Scotia,45.68139,-62.71194,1885,Nova Scotia,Medical Officer,CAN_DIA_ByOcc_1885,by_occupation
1,Piegan Reserve,Peigan ReserveManitoba and Keewatin,49.58333,-113.66667,1885,"North-West Territories, Manitoba and Keewatin","Farming Instructor, Farm No. 21",CAN_DIA_ByOcc_1885,by_occupation
2,Pierreville,PierrevilleQuebec,46.06667,-72.81667,1885,Ontario and Quebec,Missionary,CAN_DIA_ByOcc_1885,by_occupation
1,Pierreville,PierrevilleQuebec,46.06667,-72.81667,1885,Quebec,Agent,CAN_DIA_ByOcc_1885,by_occupation
1,Point Bleue,Pointe BleueQuebec,48.56667,-72.23333,1885,Quebec,Agent,CAN_DIA_ByOcc_1885,by_occupation
1,Port Simpson,Port RenfrewBritish Columbia,48.55861,-124.39916,1885,British Columbia,"Stipendary Magistrate, Metlahkathla",CAN_DIA_ByOcc_1885,by_occupation
1,Portage la Prairie,Portage la PrairieManitoba,49.97278,-98.29194,1885,"North-West Territories, Manitoba and Keewatin",Agent,CAN_DIA_ByOcc_1885,by_occupation
1,Prince Arthur's Landing,Prince Arthur's LandingOntario,48.45,-89.23,1885,Ontario,Agent,CAN_DIA_ByOcc_1885,by_occupation
1,Prince Arthur's Landing,Prince Arthur's LandingOntario,48.45,-89.23,1885,"North-West Territories, Manitoba and Keewatin",Agent,CAN_DIA_ByOcc_1885,by_occupation
1,Qu'Appelle,"Qu'AppelleManitoba, Keewatin and North-West Territories",50.541,-103.874,1885,"North-West Territories, Manitoba and Keewatin","Principal, Industrial School",CAN_DIA_ByOcc_1885,by_occupation
1,Red Island,Red IslandNova Scotia,45.76201,-60.74409,1885,Nova Scotia,Agent,CAN_DIA_ByOcc_1885,by_occupation
1,Red Pheasant's Reserve,Red Pheasant's ReserveSaskatchewan,53.452,-108.91833,1885,"North-West Territories, Manitoba and Keewatin","Farming Instructor, Farm No. 11",CAN_DIA_ByOcc_1885,by_occupation
1,Regina,ReginaSaskatchewan,50.45472,-104.60667,1885,"North-West Territories, Manitoba and Keewatin",Clerk,CAN_DIA_ByOcc_1885,by_occupation
1,Regina,ReginaSaskatchewan,50.45472,-104.60667,1885,"North-West Territories, Manitoba and Keewatin",Assistant Indian Commissioner,CAN_DIA_ByOcc_1885,by_occupation
1,Regina,ReginaSaskatchewan,50.45472,-104.60667,1885,"North-West Territories, Manitoba and Keewatin",Indian Commissioner,CAN_DIA_ByOcc_1885,by_occupation
1,Restigouche,RestigoucheQuebec,48.65806,-65.75278,1885,Quebec,Agent,CAN_DIA_ByOcc_1885,by_occupation
1,River Inhabitants,County InvernessNova Scotia,46.2,-61.1,1885,Nova Scotia,Agent,CAN_DIA_ByOcc_1885,by_occupation
1,Riviere du Loup,Riviere du LoupQuebec,47.83333,-69.53333,1885,Quebec,Agent,CAN_DIA_ByOcc_1885,by_occupation
1,Robervale,RobervalQuebec,48.51667,-72.23333,1885,Quebec,Prosecutor,CAN_DIA_ByOcc_1885,by_occupation
1,Roseneath,RoseneathOntario,44.08333,-78.03333,1885,Ontario,Agent,CAN_DIA_ByOcc_1885,by_occupation
1,Saddle Lake,Saddle LakeAlberta,53.96833,-111.69194,1885,"North-West Territories, Manitoba and Keewatin","Farming Instructor, Farm No. 16",CAN_DIA_ByOcc_1885,by_occupation
1,Sarnia,SarniaOntario,42.99944,-82.30889,1885,Ontario,Agent,CAN_DIA_ByOcc_1885,by_occupation
1,Sarnia,SarniaOntario,42.99944,-82.30889,1885,Ontario,Indian Lands Agent,CAN_DIA_ByOcc_1885,by_occupation
1,Saugeen,SaugeenOntario,44.43333,-81.36667,1885,Ontario,Agent,CAN_DIA_ByOcc_1885,by_occupation
1,Sault Ste. Marie,Sault Ste MarieOntario,46.53333,-84.35,1885,Ontario,Agent,CAN_DIA_ByOcc_1885,by_occupation
1,Scugog,ScugogOntario,44.09,-78.936,1885,Ontario,Agent,CAN_DIA_ByOcc_1885,by_occupation
1,Shannonville,ShannonvilleOntario,44.2637,-77.2304,1885,Ontario,Agent,CAN_DIA_ByOcc_1885,by_occupation
1,Shubenacadie,ShubenacadieNova Scotia,45.13988,-63.41755,1885,Nova Scotia,Agent,CAN_DIA_ByOcc_1885,by_occupation
1,Sidney,SidneyNova Scotia,46.13631,-60.19551,1885,Nova Scotia,Medical Officer,CAN_DIA_ByOcc_1885,by_occupation
1,St. Peters,St. PetersManitoba and the NorthWest,50.18249,-96.83934,1885,"North-West Territories, Manitoba and Keewatin",Agent,CAN_DIA_ByOcc_1885,by_occupation
1,St. Regis,St. RegisQuebec,44.97111,-74.64194,1885,Quebec,Agent,CAN_DIA_ByOcc_1885,by_occupation
1,St. Regis,St. RegisQuebec,44.97111,-74.64194,1885,Ontario and Quebec,Missionary,CAN_DIA_ByOcc_1885,by_occupation
1,Strathroy,StrathroyOntario,42.9575,-81.61667,1885,Ontario,Agent,CAN_DIA_ByOcc_1885,by_occupation
1,Tadousac,TadousacQuebec,48.15,-69.71667,1885,Quebec,Prosecutor,CAN_DIA_ByOcc_1885,by_occupation
1,The Pas,The PasSaskatchewan,53.825,-101.25333,1885,"North-West Territories, Manitoba and Keewatin",Agent,CAN_DIA_ByOcc_1885,by_occupation
1,Thunder Child and Napahase Reserve,"Thunder Child and Napahase ReserveNorth-West Territories, Manitoba and Keewatin",53.47444,-108.87917,1885,"North-West Territories, Manitoba and Keewatin","Farming Instructor, Farm No. 13a",CAN_DIA_ByOcc_1885,by_occupation
1,Tobique,TobiqueNew Brunswick,46.8,-67.6,1885,New Brunswick,Missionary,CAN_DIA_ByOcc_1885,by_occupation
1,Touchwood Hills,Touchwood HillsManitoba and Keewatin,51.41667,-104.25,1885,"North-West Territories, Manitoba and Keewatin","Farming Instructor, Farm No. 5",CAN_DIA_ByOcc_1885,by_occupation
1,Truro,TruroNova Scotia,45.36472,-63.28,1885,Nova Scotia,Agent,CAN_DIA_ByOcc_1885,by_occupation
1,Tyendinaga,TyendinagaOntario and Quebec,44.19167,-77.13333,1885,Ontario and Quebec,Missionary,CAN_DIA_ByOcc_1885,by_occupation
1,Uptergrove,UptergroveOntario,44.59987,-79.32058,1885,Ontario,Agent,CAN_DIA_ByOcc_1885,by_occupation
1,Victoria,VictoriaBritish Columbia,48.422,-123.365,1885,British Columbia,Visiting Superintendent,CAN_DIA_ByOcc_1885,by_occupation
1,Victoria,VictoriaBritish Columbia,48.422,-123.365,1885,British Columbia,Superintendent's Assistant,CAN_DIA_ByOcc_1885,by_occupation
1,Wallaceburgh,WallaceburgOntario,42.59472,-82.38417,1885,Ontario,Agent,CAN_DIA_ByOcc_1885,by_occupation
1,West Coast,West CoastBritish Columbia,0.0,0.0,1885,British Columbia,Agent,CAN_DIA_ByOcc_1885,by_occupation
1,Wiarton,WiartonOntario,44.74361,-81.14083,1885,Ontario,Indian Lands Agent,CAN_DIA_ByOcc_1885,by_occupation
1,Williams Lake,Williams LakeBritish Columbia,52.12944,-122.13833,1885,British Columbia,Agent,CAN_DIA_ByOcc_1885,by_occupation
2,Winnipeg,WinnipegManitoba,49.89944,-97.13917,1885,"North-West Territories, Manitoba and Keewatin",Clerk,CAN_DIA_ByOcc_1885,by_occupation
1,Winnipeg,WinnipegManitoba,49.89944,-97.13917,1885,"North-West Territories, Manitoba and Keewatin",Inspector of Indian Agencies in charge of Manitoba Superintendency,CAN_DIA_ByOcc_1885,by_occupation
1,Annapolis,AnnapolisNova Scotia,44.74167,-65.51528,1890,Nova Scotia,Agent,CAN_DIA_ByOcc_1890,by_occupation
1,Antigonish,AntigonishNova Scotia,45.62652,-61.99825,1890,Nova Scotia,Agent,CAN_DIA_ByOcc_1890,by_occupation
1,Babine,BabineBritish Columbia,55.31806,-126.62222,1890,British Columbia,Agent,CAN_DIA_ByOcc_1890,by_occupation
1,Baby's Point,Baby's PointOntario and Quebec,43.6575,-79.4925,1890,Ontario and Quebec,Missionary,CAN_DIA_ByOcc_1890,by_occupation
1,Barrington Head,Barrington HeadNova Scotia,43.56833,-65.57722,1890,Nova Scotia,Agent,CAN_DIA_ByOcc_1890,by_occupation
7,Battleford,BattlefordSaskatchewan,52.73833,-108.31528,1890,"North-West Territories, Manitoba and Keewatin",Farmer,CAN_DIA_ByOcc_1890,by_occupation
2,Battleford,BattlefordSaskatchewan,52.73833,-108.31528,1890,"North-West Territories, Manitoba and Keewatin",Instructress,CAN_DIA_ByOcc_1890,by_occupation
1,Battleford,BattlefordSaskatchewan,52.73833,-108.31528,1890,"North-West Territories, Manitoba and Keewatin",Blacksmith,CAN_DIA_ByOcc_1890,by_occupation
1,Battleford,BattlefordSaskatchewan,52.73833,-108.31528,1890,"North-West Territories, Manitoba and Keewatin",Storeman,CAN_DIA_ByOcc_1890,by_occupation
1,Battleford,BattlefordSaskatchewan,52.73833,-108.31528,1890,"North-West Territories, Manitoba and Keewatin",Seamstress,CAN_DIA_ByOcc_1890,by_occupation
1,Battleford,BattlefordSaskatchewan,52.73833,-108.31528,1890,"North-West Territories, Manitoba and Keewatin",Principal,CAN_DIA_ByOcc_1890,by_occupation
1,Battleford,BattlefordSaskatchewan,52.73833,-108.31528,1890,"North-West Territories, Manitoba and Keewatin",Medical Attendant,CAN_DIA_ByOcc_1890,by_occupation
1,Battleford,BattlefordSaskatchewan,52.73833,-108.31528,1890,"North-West Territories, Manitoba and Keewatin",Matron,CAN_DIA_ByOcc_1890,by_occupation
1,Battleford,BattlefordSaskatchewan,52.73833,-108.31528,1890,"North-West Territories, Manitoba and Keewatin",Governess,CAN_DIA_ByOcc_1890,by_occupation
1,Battleford,BattlefordSaskatchewan,52.73833,-108.31528,1890,"North-West Territories, Manitoba and Keewatin",Carpenter,CAN_DIA_ByOcc_1890,by_occupation
1,Battleford,BattlefordSaskatchewan,52.73833,-108.31528,1890,"North-West Territories, Manitoba and Keewatin",Assistant Principal,CAN_DIA_ByOcc_1890,by_occupation
1,Battleford,BattlefordSaskatchewan,52.73833,-108.31528,1890,"North-West Territories, Manitoba and Keewatin",Agent,CAN_DIA_ByOcc_1890,by_occupation
1,Battleford,BattlefordSaskatchewan,52.73833,-108.31528,1890,"North-West Territories, Manitoba and Keewatin",Clerk,CAN_DIA_ByOcc_1890,by_occupation
1,Bear River,Bear RiverNova Scotia,44.57222,-65.64389,1890,Nova Scotia,Agent,CAN_DIA_ByOcc_1890,by_occupation
1,Bedford,BedfordNova Scotia,44.73212,-63.65676,1890,Nova Scotia,Agent,CAN_DIA_ByOcc_1890,by_occupation
1,Betsiamits,BetsiamitsQuebec,48.95,-68.65,1890,Quebec,Superintendent,CAN_DIA_ByOcc_1890,by_occupation
1,Big Cove,Big CoveNew Brunswick,46.59667,-64.98056,1890,New Brunswick,Missionary,CAN_DIA_ByOcc_1890,by_occupation
1,Big Cove & Indian Island,Big CoveNew Brunswick,46.59667,-64.98056,1890,New Brunswick,Medical Officer,CAN_DIA_ByOcc_1890,by_occupation
1,Birtle,BirtleManitoba,50.4225,-101.0475,1890,"North-West Territories, Manitoba and Keewatin",Clerk,CAN_DIA_ByOcc_1890,by_occupation
1,Birtle,BirtleManitoba,50.4225,-101.0475,1890,"North-West Territories, Manitoba and Keewatin",Interpreter,CAN_DIA_ByOcc_1890,by_occupation
1,Birtle,BirtleManitoba,50.4225,-101.0475,1890,"North-West Territories, Manitoba and Keewatin",Agent,CAN_DIA_ByOcc_1890,by_occupation
2,Blackfoot Reserve,"Blackfoot ReserveNorth-West Territories, Manitoba and Keewatin",50.803,-112.906,1890,"North-West Territories, Manitoba and Keewatin",Labourer,CAN_DIA_ByOcc_1890,by_occupation
1,Blackfoot Reserve,"Blackfoot ReserveNorth-West Territories, Manitoba and Keewatin",50.803,-112.906,1890,"North-West Territories, Manitoba and Keewatin",Issuer,CAN_DIA_ByOcc_1890,by_occupation
1,Blackfoot Reserve,"Blackfoot ReserveNorth-West Territories, Manitoba and Keewatin",50.803,-112.906,1890,"North-West Territories, Manitoba and Keewatin",Interpreter,CAN_DIA_ByOcc_1890,by_occupation
1,Blackfoot Reserve,"Blackfoot ReserveNorth-West Territories, Manitoba and Keewatin",50.803,-112.906,1890,"North-West Territories, Manitoba and Keewatin",Farmer,CAN_DIA_ByOcc_1890,by_occupation
1,Blackfoot Reserve,"Blackfoot ReserveNorth-West Territories, Manitoba and Keewatin",50.803,-112.906,1890,"North-West Territories, Manitoba and Keewatin",Clerk,CAN_DIA_ByOcc_1890,by_occupation
1,Blackfoot Reserve,"Blackfoot ReserveNorth-West Territories, Manitoba and Keewatin",50.803,-112.906,1890,"North-West Territories, Manitoba and Keewatin",Agent,CAN_DIA_ByOcc_1890,by_occupation
2,Blood Agency,"Blood AgencyNorth-West Territories, Manitoba and Keewatin",49.5,-113.2,1890,"North-West Territories, Manitoba and Keewatin",Labourer,CAN_DIA_ByOcc_1890,by_occupation
2,Blood Agency,"Blood AgencyNorth-West Territories, Manitoba and Keewatin",49.5,-113.2,1890,"North-West Territories, Manitoba and Keewatin",Interpreter,CAN_DIA_ByOcc_1890,by_occupation
1,Blood Agency,"Blood AgencyNorth-West Territories, Manitoba and Keewatin",49.5,-113.2,1890,"North-West Territories, Manitoba and Keewatin",Medical Attendant,CAN_DIA_ByOcc_1890,by_occupation
1,Blood Agency,"Blood AgencyNorth-West Territories, Manitoba and Keewatin",49.5,-113.2,1890,"North-West Territories, Manitoba and Keewatin",Issuer,CAN_DIA_ByOcc_1890,by_occupation
1,Blood Agency,"Blood AgencyNorth-West Territories, Manitoba and Keewatin",49.5,-113.2,1890,"North-West Territories, Manitoba and Keewatin",Farmer,CAN_DIA_ByOcc_1890,by_occupation
1,Blood Agency,"Blood AgencyNorth-West Territories, Manitoba and Keewatin",49.5,-113.2,1890,"North-West Territories, Manitoba and Keewatin",Cook,CAN_DIA_ByOcc_1890,by_occupation
1,Blood Agency,"Blood AgencyNorth-West Territories, Manitoba and Keewatin",49.5,-113.2,1890,"North-West Territories, Manitoba and Keewatin",Clerk,CAN_DIA_ByOcc_1890,by_occupation
1,Blood Agency,"Blood AgencyNorth-West Territories, Manitoba and Keewatin",49.5,-113.2,1890,"North-West Territories, Manitoba and Keewatin",Agent,CAN_DIA_ByOcc_1890,by_occupation
1,Bouctouche,BouctoucheNew Brunswick,46.4719,-64.7249,1890,New Brunswick,Medical Officer,CAN_DIA_ByOcc_1890,by_occupation
1,Brantford,BrantfordOntario,43.16667,-80.25,1890,Ontario,Clerk,CAN_DIA_ByOcc_1890,by_occupation
1,Brantford,BrantfordOntario,43.16667,-80.25,1890,Ontario,Superintendent,CAN_DIA_ByOcc_1890,by_occupation
1,Bruce Mines,Bruce MinesOntario,46.28333,-83.78333,1890,Ontario,Indian Lands Agent,CAN_DIA_ByOcc_1890,by_occupation
1,Caledonia,CaledoniaNova Scotia,44.37889,-65.03222,1890,Nova Scotia,Agent,CAN_DIA_ByOcc_1890,by_occupation
1,Calgary,CalgaryAlberta,51.05,-114.06667,1890,"North-West Territories, Manitoba and Keewatin",Interpreter,CAN_DIA_ByOcc_1890,by_occupation
1,Calgary,CalgaryAlberta,51.05,-114.06667,1890,"North-West Territories, Manitoba and Keewatin",Clerk,CAN_DIA_ByOcc_1890,by_occupation
1,Calgary,CalgaryAlberta,51.05,-114.06667,1890,"North-West Territories, Manitoba and Keewatin",Agent,CAN_DIA_ByOcc_1890,by_occupation
1,Canning,CanningNova Scotia,45.15792,-64.42417,1890,Nova Scotia,Agent,CAN_DIA_ByOcc_1890,by_occupation
1,Cape Croker,Cape CrokerOntario,44.90828,-81.02263,1890,Ontario,Agent,CAN_DIA_ByOcc_1890,by_occupation
1,Carlton,"CarltonNorth-West Territories, Manitoba and Keewatin",52.813,-106.489,1890,"North-West Territories, Manitoba and Keewatin",Instructress,CAN_DIA_ByOcc_1890,by_occupation
1,Carlton,"CarltonNorth-West Territories, Manitoba and Keewatin",52.813,-106.489,1890,"North-West Territories, Manitoba and Keewatin",Farmer,CAN_DIA_ByOcc_1890,by_occupation
1,Carlton,"CarltonNorth-West Territories, Manitoba and Keewatin",52.813,-106.489,1890,"North-West Territories, Manitoba and Keewatin",Clerk,CAN_DIA_ByOcc_1890,by_occupation
1,Carlton,"CarltonNorth-West Territories, Manitoba and Keewatin",52.813,-106.489,1890,"North-West Territories, Manitoba and Keewatin",Agent,CAN_DIA_ByOcc_1890,by_occupation
1,Caughnawaga,CaughnawagaQuebec,45.41667,-73.68333,1890,Quebec,Agent,CAN_DIA_ByOcc_1890,by_occupation
1,Caughnawaga,CaughnawagaQuebec,45.41667,-73.68333,1890,Ontario and Quebec,Missionary,CAN_DIA_ByOcc_1890,by_occupation
1,Chatham,ChathamNew Brunswick,47.033,-65.433,1890,New Brunswick,Visiting Superintendent,CAN_DIA_ByOcc_1890,by_occupation
1,Christmas Island,Christmas IslandNova Scotia,45.97231,-60.74833,1890,Nova Scotia,Agent,CAN_DIA_ByOcc_1890,by_occupation
1,Clandeboye,"ClandeboyeNorth-West Territories, Manitoba and Keewatin",50.2428,-96.9732,1890,"North-West Territories, Manitoba and Keewatin",Agent,CAN_DIA_ByOcc_1890,by_occupation
1,Cockburn Island,Cockburn IslandOntario,45.91667,-83.38333,1890,Ontario,Indian Lands Agent,CAN_DIA_ByOcc_1890,by_occupation
1,Cowichan,CowichanBritish Columbia,48.75,-123.6,1890,British Columbia,Agent,CAN_DIA_ByOcc_1890,by_occupation
1,Cowichan Agency,Cowichan AgencyBritish Columbia,48.75,-123.6,1890,British Columbia,Constable,CAN_DIA_ByOcc_1890,by_occupation
4,Crooked Lakes,"Crooked LakesNorth-West Territories, Manitoba and Keewatin",50.44389,-101.31972,1890,"North-West Territories, Manitoba and Keewatin",Farmer,CAN_DIA_ByOcc_1890,by_occupation
2,Crooked Lakes,"Crooked LakesNorth-West Territories, Manitoba and Keewatin",50.44389,-101.31972,1890,"North-West Territories, Manitoba and Keewatin",Instructress,CAN_DIA_ByOcc_1890,by_occupation
1,Crooked Lakes,"Crooked LakesNorth-West Territories, Manitoba and Keewatin",50.44389,-101.31972,1890,"North-West Territories, Manitoba and Keewatin",Interpreter,CAN_DIA_ByOcc_1890,by_occupation
1,Crooked Lakes,"Crooked LakesNorth-West Territories, Manitoba and Keewatin",50.44389,-101.31972,1890,"North-West Territories, Manitoba and Keewatin",Clerk,CAN_DIA_ByOcc_1890,by_occupation
1,Crooked Lakes,"Crooked LakesNorth-West Territories, Manitoba and Keewatin",50.44389,-101.31972,1890,"North-West Territories, Manitoba and Keewatin",Agent,CAN_DIA_ByOcc_1890,by_occupation
1,Deseronto,DeserontoOntario,44.2,-77.05,1890,Ontario,Indian Lands Agent,CAN_DIA_ByOcc_1890,by_occupation
3,Duck Lake,Duck LakeSaskatchewan,52.81667,-106.23333,1890,"North-West Territories, Manitoba and Keewatin",Farmer,CAN_DIA_ByOcc_1890,by_occupation
1,Duck Lake,Duck LakeSaskatchewan,52.81667,-106.23333,1890,"North-West Territories, Manitoba and Keewatin",Interpreter,CAN_DIA_ByOcc_1890,by_occupation
1,Duck Lake,Duck LakeSaskatchewan,52.81667,-106.23333,1890,"North-West Territories, Manitoba and Keewatin",Instructress,CAN_DIA_ByOcc_1890,by_occupation
1,Duck Lake,Duck LakeSaskatchewan,52.81667,-106.23333,1890,"North-West Territories, Manitoba and Keewatin",Clerk,CAN_DIA_ByOcc_1890,by_occupation
1,Duck Lake,Duck LakeSaskatchewan,52.81667,-106.23333,1890,"North-West Territories, Manitoba and Keewatin",Agent,CAN_DIA_ByOcc_1890,by_occupation
2,Dunbow,"DunbowNorth-West Territories, Manitoba and Keewatin",50.58075,-113.87444,1890,"North-West Territories, Manitoba and Keewatin",Servant,CAN_DIA_ByOcc_1890,by_occupation
1,Dunbow,"DunbowNorth-West Territories, Manitoba and Keewatin",50.58075,-113.87444,1890,"North-West Territories, Manitoba and Keewatin",Shoemaker,CAN_DIA_ByOcc_1890,by_occupation
1,Dunbow,"DunbowNorth-West Territories, Manitoba and Keewatin",50.58075,-113.87444,1890,"North-West Territories, Manitoba and Keewatin",Principal,CAN_DIA_ByOcc_1890,by_occupation
1,Dunbow,"DunbowNorth-West Territories, Manitoba and Keewatin",50.58075,-113.87444,1890,"North-West Territories, Manitoba and Keewatin",Physician,CAN_DIA_ByOcc_1890,by_occupation
1,Dunbow,"DunbowNorth-West Territories, Manitoba and Keewatin",50.58075,-113.87444,1890,"North-West Territories, Manitoba and Keewatin",Matron,CAN_DIA_ByOcc_1890,by_occupation
1,Dunbow,"DunbowNorth-West Territories, Manitoba and Keewatin",50.58075,-113.87444,1890,"North-West Territories, Manitoba and Keewatin",Farmer,CAN_DIA_ByOcc_1890,by_occupation
1,Dunbow,"DunbowNorth-West Territories, Manitoba and Keewatin",50.58075,-113.87444,1890,"North-West Territories, Manitoba and Keewatin",Cook,CAN_DIA_ByOcc_1890,by_occupation
1,Dunbow,"DunbowNorth-West Territories, Manitoba and Keewatin",50.58075,-113.87444,1890,"North-West Territories, Manitoba and Keewatin",Carpenter,CAN_DIA_ByOcc_1890,by_occupation
1,Dunbow,"DunbowNorth-West Territories, Manitoba and Keewatin",50.58075,-113.87444,1890,"North-West Territories, Manitoba and Keewatin",Assistant Principal,CAN_DIA_ByOcc_1890,by_occupation
1,Eastern Division,Eastern DivisionNew Brunswick,47.03333,-65.58333,1890,New Brunswick,Medical Officer,CAN_DIA_ByOcc_1890,by_occupation
1,Edmonton,EdmontonAlberta,53.53333,-113.5,1890,"North-West Territories, Manitoba and Keewatin",Storeman,CAN_DIA_ByOcc_1890,by_occupation
1,Edmonton,EdmontonAlberta,53.53333,-113.5,1890,"North-West Territories, Manitoba and Keewatin",Interpreter,CAN_DIA_ByOcc_1890,by_occupation
1,Edmonton,EdmontonAlberta,53.53333,-113.5,1890,"North-West Territories, Manitoba and Keewatin",Instructress,CAN_DIA_ByOcc_1890,by_occupation
1,Edmonton,EdmontonAlberta,53.53333,-113.5,1890,"North-West Territories, Manitoba and Keewatin",Farmer,CAN_DIA_ByOcc_1890,by_occupation
1,Edmonton,EdmontonAlberta,53.53333,-113.5,1890,"North-West Territories, Manitoba and Keewatin",Agent,CAN_DIA_ByOcc_1890,by_occupation
1,Edmundston,EdmundstonNew Brunswick,47.3765,-68.32535,1890,New Brunswick,Missionary,CAN_DIA_ByOcc_1890,by_occupation
1,Eel Ground,Eel GroundNew Brunswick,46.96922,-65.62728,1890,New Brunswick,Constable,CAN_DIA_ByOcc_1890,by_occupation
1,Eganville,EganvilleOntario,45.53333,-77.1,1890,Ontario,Agent,CAN_DIA_ByOcc_1890,by_occupation
1,File Hills,"File HillsNorth-West Territories, Manitoba and Keewatin",50.8,-103.55,1890,"North-West Territories, Manitoba and Keewatin",Agent,CAN_DIA_ByOcc_1890,by_occupation
1,File Hills,"File HillsNorth-West Territories, Manitoba and Keewatin",50.8,-103.55,1890,"North-West Territories, Manitoba and Keewatin",Farmer,CAN_DIA_ByOcc_1890,by_occupation
1,File Hills,"File HillsNorth-West Territories, Manitoba and Keewatin",50.8,-103.55,1890,"North-West Territories, Manitoba and Keewatin",Clerk,CAN_DIA_ByOcc_1890,by_occupation
1,Fort Francis,Fort FrancesOntario,48.61667,-93.4,1890,"North-West Territories, Manitoba and Keewatin",Interpreter,CAN_DIA_ByOcc_1890,by_occupation
1,Fort Francis,Fort FrancesOntario,48.61667,-93.4,1890,"North-West Territories, Manitoba and Keewatin",Agent,CAN_DIA_ByOcc_1890,by_occupation
1,Fort Pelly,Fort PellySaskatchewan,51.77639,-101.9975,1890,"North-West Territories, Manitoba and Keewatin",Acting Agent,CAN_DIA_ByOcc_1890,by_occupation
1,Fort Pelly,Fort PellySaskatchewan,51.77639,-101.9975,1890,"North-West Territories, Manitoba and Keewatin",Interpreter and teamster,CAN_DIA_ByOcc_1890,by_occupation
1,Fort Pitt,Fort PittNorth-West Territories,53.572,-109.792,1890,"North-West Territories, Manitoba and Keewatin",Interpreter,CAN_DIA_ByOcc_1890,by_occupation
1,Fort Pitt,Fort PittNorth-West Territories,53.572,-109.792,1890,"North-West Territories, Manitoba and Keewatin",Agent,CAN_DIA_ByOcc_1890,by_occupation
1,Fraser River,Fraser RiverBritish Columbia,49.17778,-123.2125,1890,British Columbia,Agent,CAN_DIA_ByOcc_1890,by_occupation
1,Fredericton,FrecerictonNew Brunswick,45.95,-66.66667,1890,New Brunswick,Visiting Superintendent,CAN_DIA_ByOcc_1890,by_occupation
1,Fredericton,FrecerictonNew Brunswick,45.95,-66.66667,1890,New Brunswick,Acting Agent,CAN_DIA_ByOcc_1890,by_occupation
1,Gananoque,GananoqueOntario,44.33,-76.17,1890,Ontario,Indian Lands Agent,CAN_DIA_ByOcc_1890,by_occupation
1,Georgina,GeorginaOntario,44.3,-79.43333,1890,Ontario,Agent,CAN_DIA_ByOcc_1890,by_occupation
1,Gore's Landing,Gore's LandingOntario,44.11907,-78.23333,1890,Ontario,Agent,CAN_DIA_ByOcc_1890,by_occupation
1,Grand Narrows,Grand NarrowsNova Scotia,45.95,-60.78333,1890,Nova Scotia,Agent,CAN_DIA_ByOcc_1890,by_occupation
1,Grand Rapids,"Grand RapidsNorth-West Territories, Manitoba and Keewatin",53.20833,-99.3,1890,"North-West Territories, Manitoba and Keewatin",Agent,CAN_DIA_ByOcc_1890,by_occupation
1,Hagersville,HagersvilleOntario,42.95,-80.05,1890,Ontario,Agent,CAN_DIA_ByOcc_1890,by_occupation
1,Highgate,HighgateOntario,42.5009,-81.8166,1890,Ontario,Agent,CAN_DIA_ByOcc_1890,by_occupation
1,Kamloops,KamloopsBritish Columbia,50.67611,-120.34083,1890,British Columbia,Agent,CAN_DIA_ByOcc_1890,by_occupation
1,Kamloops Industrial School,Kamloops Industrial SchoolBritish Columbia,50.67611,-120.34083,1890,British Columbia,Teacher,CAN_DIA_ByOcc_1890,by_occupation
1,Kamloops Industrial School,Kamloops Industrial SchoolBritish Columbia,50.67611,-120.34083,1890,British Columbia,Servant,CAN_DIA_ByOcc_1890,by_occupation
1,Kamloops Industrial School,Kamloops Industrial SchoolBritish Columbia,50.67611,-120.34083,1890,British Columbia,Principal,CAN_DIA_ByOcc_1890,by_occupation
1,Kamloops Industrial School,Kamloops Industrial SchoolBritish Columbia,50.67611,-120.34083,1890,British Columbia,Matron,CAN_DIA_ByOcc_1890,by_occupation
1,Kamloops Industrial School,Kamloops Industrial SchoolBritish Columbia,50.67611,-120.34083,1890,British Columbia,Cook,CAN_DIA_ByOcc_1890,by_occupation
1,Kingsclear,KingsclearNew Brunswick,45.88333,-66.9,1890,New Brunswick,Missionary,CAN_DIA_ByOcc_1890,by_occupation
1,Kootenay,KootenayBritish Columbia,50.5,-116.5,1890,British Columbia,Acting Agent,CAN_DIA_ByOcc_1890,by_occupation
1,Kuper Island Industrial School,Kuper Island Industrial SchoolBritish Columbia,48.96,-123.645,1890,British Columbia,Trades Instructor,CAN_DIA_ByOcc_1890,by_occupation
1,Kuper Island Industrial School,Kuper Island Industrial SchoolBritish Columbia,48.96,-123.645,1890,British Columbia,Servant,CAN_DIA_ByOcc_1890,by_occupation
1,Kuper Island Industrial School,Kuper Island Industrial SchoolBritish Columbia,48.96,-123.645,1890,British Columbia,Principal,CAN_DIA_ByOcc_1890,by_occupation
1,Kuper Island Industrial School,Kuper Island Industrial SchoolBritish Columbia,48.96,-123.645,1890,British Columbia,Acting Matron,CAN_DIA_ByOcc_1890,by_occupation
1,Kwawkewlth,KwawkewithBritish Columbia,0.0,0.0,1890,British Columbia,Agent,CAN_DIA_ByOcc_1890,by_occupation
1,Lennox Island,Lennox IslandPrince Edward Island,46.61389,-63.85389,1890,Prince Edward Island,Agent,CAN_DIA_ByOcc_1890,by_occupation
1,Lennox Island,Lennox IslandPrince Edward Island,46.61389,-63.85389,1890,Prince Edward Island,Teacher,CAN_DIA_ByOcc_1890,by_occupation
1,Lorette,LoretteQuebec,46.86147,-71.35711,1890,Quebec,Agent,CAN_DIA_ByOcc_1890,by_occupation
1,Lorette,LoretteQuebec,46.86147,-71.35711,1890,Ontario and Quebec,Missionary,CAN_DIA_ByOcc_1890,by_occupation
1,Manitoba House,Manitoba HouseNorth-West Territories,50.86667,-98.85889,1890,"North-West Territories, Manitoba and Keewatin",Agent,CAN_DIA_ByOcc_1890,by_occupation
1,Manitowaning,ManitowaningOntario,45.73333,-81.8,1890,Ontario,Superintendent,CAN_DIA_ByOcc_1890,by_occupation
1,Manitowaning,ManitowaningOntario,45.73333,-81.8,1890,Ontario,Clerk and Interpreter,CAN_DIA_ByOcc_1890,by_occupation
1,Maniwaki,ManiwakiQuebec,46.375,-75.96667,1890,Quebec,Agent,CAN_DIA_ByOcc_1890,by_occupation
1,Maria,MariaQuebec,48.16667,-65.98333,1890,Quebec,Agent,CAN_DIA_ByOcc_1890,by_occupation
1,Metlakahtla Industrial School,Metlakahtla Industrial SchoolBritish Columbia,54.33583,-130.44333,1890,British Columbia,Matron,CAN_DIA_ByOcc_1890,by_occupation
1,Metlakahtla Industrial School,Metlakahtla Industrial SchoolBritish Columbia,54.33583,-130.44333,1890,British Columbia,Principal,CAN_DIA_ByOcc_1890,by_occupation
1,Metlakahtla Industrial School,Metlakahtla Industrial SchoolBritish Columbia,54.33583,-130.44333,1890,British Columbia,Trades Instructor,CAN_DIA_ByOcc_1890,by_occupation
1,Metlakahtla Industrial School,Metlakahtla Industrial SchoolBritish Columbia,54.33583,-130.44333,1890,British Columbia,Cook,CAN_DIA_ByOcc_1890,by_occupation
1,Moose Mountain,"Moose MountainNorth-West Territories, Manitoba and Keewatin",49.82111,-102.37611,1890,"North-West Territories, Manitoba and Keewatin",Instructress,CAN_DIA_ByOcc_1890,by_occupation
1,Moose Mountain,"Moose MountainNorth-West Territories, Manitoba and Keewatin",49.82111,-102.37611,1890,"North-West Territories, Manitoba and Keewatin",Farmer,CAN_DIA_ByOcc_1890,by_occupation
1,Moose Mountain,"Moose MountainNorth-West Territories, Manitoba and Keewatin",49.82111,-102.37611,1890,"North-West Territories, Manitoba and Keewatin",Clerk,CAN_DIA_ByOcc_1890,by_occupation
1,Moose Mountain,"Moose MountainNorth-West Territories, Manitoba and Keewatin",49.82111,-102.37611,1890,"North-West Territories, Manitoba and Keewatin",Agent,CAN_DIA_ByOcc_1890,by_occupation
1,Munceytown,MunceytownOntario,42.8,-81.48333,1890,Ontario and Quebec,Missionary,CAN_DIA_ByOcc_1890,by_occupation
3,Muscowpetung's Reserve,"Muscowpetung's ReserveNorth-West Territories, Manitoba and Keewatin",51.32111,-104.09611,1890,"North-West Territories, Manitoba and Keewatin",Farmer,CAN_DIA_ByOcc_1890,by_occupation
1,Muscowpetung's Reserve,"Muscowpetung's ReserveNorth-West Territories, Manitoba and Keewatin",51.32111,-104.09611,1890,"North-West Territories, Manitoba and Keewatin",Physician,CAN_DIA_ByOcc_1890,by_occupation
1,Muscowpetung's Reserve,"Muscowpetung's ReserveNorth-West Territories, Manitoba and Keewatin",51.32111,-104.09611,1890,"North-West Territories, Manitoba and Keewatin",Instructress,CAN_DIA_ByOcc_1890,by_occupation
1,Muscowpetung's Reserve,"Muscowpetung's ReserveNorth-West Territories, Manitoba and Keewatin",51.32111,-104.09611,1890,"North-West Territories, Manitoba and Keewatin",Herder,CAN_DIA_ByOcc_1890,by_occupation
1,Muscowpetung's Reserve,"Muscowpetung's ReserveNorth-West Territories, Manitoba and Keewatin",51.32111,-104.09611,1890,"North-West Territories, Manitoba and Keewatin",Clerk,CAN_DIA_ByOcc_1890,by_occupation
1,Muscowpetung's Reserve,"Muscowpetung's ReserveNorth-West Territories, Manitoba and Keewatin",51.32111,-104.09611,1890,"North-West Territories, Manitoba and Keewatin",Agent,CAN_DIA_ByOcc_1890,by_occupation
2,Nil,Bay of QuinteOntario,44.15,-77.25,1890,Ontario and Quebec,Medical Man,CAN_DIA_ByOcc_1890,by_occupation
2,Nil,Nil,0.0,0.0,1890,Ontario, ,CAN_DIA_ByOcc_1890,by_occupation
1,Nil,Six Nations Ontario,43.05111,-80.1225,1890,Ontario and Quebec,Medical Man,CAN_DIA_ByOcc_1890,by_occupation
1,Nil,SaugeenOntario,44.43333,-81.36667,1890,Ontario and Quebec,Medical Man,CAN_DIA_ByOcc_1890,by_occupation
1,Nil,Rice LakeOntario,44.18333,-78.16667,1890,Ontario and Quebec,Medical Man,CAN_DIA_ByOcc_1890,by_occupation
1,Nil,River DesertQuebec,46.33333,-75.96667,1890,Ontario and Quebec,Medical Man,CAN_DIA_ByOcc_1890,by_occupation
1,Nil,"Assiniboine ReserveNorth-West Territories, Manitoba and Keewatin",50.44547,-103.39221,1890,"North-West Territories, Manitoba and Keewatin",Farmer,CAN_DIA_ByOcc_1890,by_occupation
1,Nil,"Assiniboine ReserveNorth-West Territories, Manitoba and Keewatin",50.44547,-103.39221,1890,"North-West Territories, Manitoba and Keewatin",Agent,CAN_DIA_ByOcc_1890,by_occupation
1,Nil,BeausoleilOntario,44.87,-79.86833,1890,Ontario and Quebec,Medical Man,CAN_DIA_ByOcc_1890,by_occupation
1,Nil,AnderdonOntario,42.14887,-83.10744,1890,Ontario and Quebec,Medical Man,CAN_DIA_ByOcc_1890,by_occupation
1,Nil,AlnwickOntario,44.08333,-78.03333,1890,Ontario and Quebec,Medical Man,CAN_DIA_ByOcc_1890,by_occupation
1,Nil,NawashOntario,44.90828,-81.02263,1890,Ontario and Quebec,Medical Man,CAN_DIA_ByOcc_1890,by_occupation
1,Nil,RamaOntario,44.70273,-79.33959,1890,Ontario and Quebec,Medical Man,CAN_DIA_ByOcc_1890,by_occupation
1,Nil,RestigoucheQuebec,48.65806,-65.75278,1890,Ontario and Quebec,Medical Man,CAN_DIA_ByOcc_1890,by_occupation
1,Nil,Garden RiverOntario,46.52972,-84.15889,1890,Ontario and Quebec,Medical Man,CAN_DIA_ByOcc_1890,by_occupation
1,Nil,GaspeQuebec,48.83333,-64.48333,1890,Ontario and Quebec,Medical Man,CAN_DIA_ByOcc_1890,by_occupation
1,Nil,Mississaguas of the CreditOntario,43.0,-80.1,1890,Ontario and Quebec,Medical Man,CAN_DIA_ByOcc_1890,by_occupation
1,Nil,Munsees of ThamesOntario,42.8,-81.48333,1890,Ontario and Quebec,Medical Man,CAN_DIA_ByOcc_1890,by_occupation
1,Nil,Moravians of the Thames Ontario,42.56667,-81.88333,1890,Ontario and Quebec,Medical Man,CAN_DIA_ByOcc_1890,by_occupation
1,Nil,Manitoulin IslandOntario,45.76667,-82.2,1890,Ontario and Quebec,Medical Man,CAN_DIA_ByOcc_1890,by_occupation
1,North-West Coast,North West CoastBritish Columbia,0.0,0.0,1890,British Columbia,Agent,CAN_DIA_ByOcc_1890,by_occupation
1,North-West Coast,North West CoastBritish Columbia,0.0,0.0,1890,British Columbia,Pilot on steamer ^Vigilant?,CAN_DIA_ByOcc_1890,by_occupation
1,North-West Coast,North West CoastBritish Columbia,0.0,0.0,1890,British Columbia,Engineer on steamer ^Vigilant?,CAN_DIA_ByOcc_1890,by_occupation
1,Oak Point,Oak PointNew Brunswick,47.099,-65.348,1890,New Brunswick,Missionary,CAN_DIA_ByOcc_1890,by_occupation
1,Okanagan (appointed provis'nly),OkanaganBritish Columbia,49.74778,-119.71722,1890,British Columbia,Agent,CAN_DIA_ByOcc_1890,by_occupation
1,On the Islands,On the IslandOntario,44.36925,-75.91086,1890,Ontario, ,CAN_DIA_ByOcc_1890,by_occupation
12,Ottawa,OttawaOntario,45.41667,-75.68333,1890,Ontario,Clerk,CAN_DIA_ByOcc_1890,by_occupation
3,Ottawa,OttawaOntario,45.41667,-75.68333,1890,Ontario,Extra clerk,CAN_DIA_ByOcc_1890,by_occupation
3,Ottawa,OttawaOntario,45.41667,-75.68333,1890,Ontario,Book-keeper,CAN_DIA_ByOcc_1890,by_occupation
2,Ottawa,OttawaOntario,45.41667,-75.68333,1890,Ontario,Stenographer,CAN_DIA_ByOcc_1890,by_occupation
2,Ottawa,OttawaOntario,45.41667,-75.68333,1890,Ontario,Copying Clerk,CAN_DIA_ByOcc_1890,by_occupation
2,Ottawa,OttawaOntario,45.41667,-75.68333,1890,Ontario,Assistant Book-keeper,CAN_DIA_ByOcc_1890,by_occupation
2,Ottawa,OttawaOntario,45.41667,-75.68333,1890,Ontario,Extra Messenger,CAN_DIA_ByOcc_1890,by_occupation
1,Ottawa,OttawaOntario,45.41667,-75.68333,1890,Ontario,Clerk of Indexes,CAN_DIA_ByOcc_1890,by_occupation
1,Ottawa,OttawaOntario,45.41667,-75.68333,1890,Ontario,Superintendent-General,CAN_DIA_ByOcc_1890,by_occupation
1,Ottawa,OttawaOntario,45.41667,-75.68333,1890,Ontario,Solicitor,CAN_DIA_ByOcc_1890,by_occupation
1,Ottawa,OttawaOntario,45.41667,-75.68333,1890,Ontario,Registrar of Patents,CAN_DIA_ByOcc_1890,by_occupation
1,Ottawa,OttawaOntario,45.41667,-75.68333,1890,Ontario,Minister's Private Sec'y,CAN_DIA_ByOcc_1890,by_occupation
1,Ottawa,OttawaOntario,45.41667,-75.68333,1890,Ontario,Messenger,CAN_DIA_ByOcc_1890,by_occupation
1,Ottawa,OttawaOntario,45.41667,-75.68333,1890,Ontario,Inspector of Agencies and Reserves,CAN_DIA_ByOcc_1890,by_occupation
1,Ottawa,OttawaOntario,45.41667,-75.68333,1890,Ontario,In charge C. Fund,CAN_DIA_ByOcc_1890,by_occupation
1,Ottawa,OttawaOntario,45.41667,-75.68333,1890,Ontario,Housekeeper,CAN_DIA_ByOcc_1890,by_occupation
1,Ottawa,OttawaOntario,45.41667,-75.68333,1890,Ontario,Engrossing Clerk,CAN_DIA_ByOcc_1890,by_occupation
1,Ottawa,OttawaOntario,45.41667,-75.68333,1890,Ontario,Eng. & French Translator,CAN_DIA_ByOcc_1890,by_occupation
1,Ottawa,OttawaOntario,45.41667,-75.68333,1890,Ontario,Deputy Superintendent-General,CAN_DIA_ByOcc_1890,by_occupation
1,Ottawa,OttawaOntario,45.41667,-75.68333,1890,Ontario,Corresponding Clerk,CAN_DIA_ByOcc_1890,by_occupation
1,Ottawa,OttawaOntario,45.41667,-75.68333,1890,Ontario,Clerk of Records,CAN_DIA_ByOcc_1890,by_occupation
1,Ottawa,OttawaOntario,45.41667,-75.68333,1890,Ontario,Clerk in charge of Lands and Timber Branch,CAN_DIA_ByOcc_1890,by_occupation
1,Ottawa,OttawaOntario,45.41667,-75.68333,1890,Ontario,Clerk in charge of land sales books,CAN_DIA_ByOcc_1890,by_occupation
1,Ottawa,OttawaOntario,45.41667,-75.68333,1890,Ontario,Chief Clerk and Accountant,CAN_DIA_ByOcc_1890,by_occupation
1,Ottawa,OttawaOntario,45.41667,-75.68333,1890,Ontario,Assistant Surveyor,CAN_DIA_ByOcc_1890,by_occupation
1,Ottawa,OttawaOntario,45.41667,-75.68333,1890,Ontario,Assistant Accountant,CAN_DIA_ByOcc_1890,by_occupation
1,Ottawa,OttawaOntario,45.41667,-75.68333,1890,Ontario,Clerk of Statistics,CAN_DIA_ByOcc_1890,by_occupation
1,Ottawa,OttawaOntario,45.41667,-75.68333,1890,Ontario,Surveyor and Chief Draughtsman,CAN_DIA_ByOcc_1890,by_occupation
1,Parrsboro',ParrsboroNova Scotia,45.40583,-64.32583,1890,Nova Scotia,Agent,CAN_DIA_ByOcc_1890,by_occupation
1,Parry Sound,Parry IslandOntario,45.28333,-80.15,1890,Ontario,Superintendent,CAN_DIA_ByOcc_1890,by_occupation
2,Peace Hills,"Peace HillsNorth-West Territories, Manitoba and Keewatin",52.88009,-113.46331,1890,"North-West Territories, Manitoba and Keewatin",Interpreter,CAN_DIA_ByOcc_1890,by_occupation
2,Peace Hills,"Peace HillsNorth-West Territories, Manitoba and Keewatin",52.88009,-113.46331,1890,"North-West Territories, Manitoba and Keewatin",Farmer,CAN_DIA_ByOcc_1890,by_occupation
1,Peace Hills,"Peace HillsNorth-West Territories, Manitoba and Keewatin",52.88009,-113.46331,1890,"North-West Territories, Manitoba and Keewatin",Instructress,CAN_DIA_ByOcc_1890,by_occupation
1,Peace Hills,"Peace HillsNorth-West Territories, Manitoba and Keewatin",52.88009,-113.46331,1890,"North-West Territories, Manitoba and Keewatin",Agent,CAN_DIA_ByOcc_1890,by_occupation
1,Peace Hills,"Peace HillsNorth-West Territories, Manitoba and Keewatin",52.88009,-113.46331,1890,"North-West Territories, Manitoba and Keewatin",Clerk,CAN_DIA_ByOcc_1890,by_occupation
1,Penetanguishene,PenetanguisheneOntario,44.76667,-79.93333,1890,Ontario,Agent,CAN_DIA_ByOcc_1890,by_occupation
1,Peterborough,PeterboroughOntario,44.3,-78.31667,1890,Ontario,Land Agent,CAN_DIA_ByOcc_1890,by_occupation
1,Pictou,PictonNova Scotia,45.68139,-62.71194,1890,Nova Scotia,Medical Officer,CAN_DIA_ByOcc_1890,by_occupation
1,Pictou,PictonNova Scotia,45.68139,-62.71194,1890,Nova Scotia,Agent,CAN_DIA_ByOcc_1890,by_occupation
1,Piegan Reserve,Peigan ReserveManitoba and Keewatin,49.58333,-113.66667,1890,"North-West Territories, Manitoba and Keewatin",Clerk and Assistant Issuer,CAN_DIA_ByOcc_1890,by_occupation
1,Piegan Reserve,Peigan ReserveManitoba and Keewatin,49.58333,-113.66667,1890,"North-West Territories, Manitoba and Keewatin",Interpreter,CAN_DIA_ByOcc_1890,by_occupation
1,Piegan Reserve,Peigan ReserveManitoba and Keewatin,49.58333,-113.66667,1890,"North-West Territories, Manitoba and Keewatin",Cook,CAN_DIA_ByOcc_1890,by_occupation
1,Piegan Reserve,Peigan ReserveManitoba and Keewatin,49.58333,-113.66667,1890,"North-West Territories, Manitoba and Keewatin",Acting Agent,CAN_DIA_ByOcc_1890,by_occupation
1,Piegan Reserve,Peigan ReserveManitoba and Keewatin,49.58333,-113.66667,1890,"North-West Territories, Manitoba and Keewatin",Foreman,CAN_DIA_ByOcc_1890,by_occupation
2,Pierreville,PierrevilleQuebec,46.06667,-72.81667,1890,Ontario and Quebec,Missionary,CAN_DIA_ByOcc_1890,by_occupation
1,Pierreville,PierrevilleQuebec,46.06667,-72.81667,1890,Quebec,Agent,CAN_DIA_ByOcc_1890,by_occupation
1,Point Bleue,Pointe BleueQuebec,48.56667,-72.23333,1890,Quebec,Agent,CAN_DIA_ByOcc_1890,by_occupation
1,Port Arthur,Port ArthurOntario,48.45,-89.23,1890,Ontario,Agent,CAN_DIA_ByOcc_1890,by_occupation
1,Portage la Prairie,Portage la PrairieManitoba,49.97278,-98.29194,1890,"North-West Territories, Manitoba and Keewatin",Agent,CAN_DIA_ByOcc_1890,by_occupation
4,Qu'Appelle Industrial School,"Qu'Appelle Industrial SchoolNorth-West Territories, Manitoba and Keewatin",50.75914,-103.71118,1890,"North-West Territories, Manitoba and Keewatin",Teacher,CAN_DIA_ByOcc_1890,by_occupation
2,Qu'Appelle Industrial School,"Qu'Appelle Industrial SchoolNorth-West Territories, Manitoba and Keewatin",50.75914,-103.71118,1890,"North-West Territories, Manitoba and Keewatin",Tailoress,CAN_DIA_ByOcc_1890,by_occupation
1,Qu'Appelle Industrial School,"Qu'Appelle Industrial SchoolNorth-West Territories, Manitoba and Keewatin",50.75914,-103.71118,1890,"North-West Territories, Manitoba and Keewatin",Baker and Gardener,CAN_DIA_ByOcc_1890,by_occupation
1,Qu'Appelle Industrial School,"Qu'Appelle Industrial SchoolNorth-West Territories, Manitoba and Keewatin",50.75914,-103.71118,1890,"North-West Territories, Manitoba and Keewatin",Principal,CAN_DIA_ByOcc_1890,by_occupation
1,Qu'Appelle Industrial School,"Qu'Appelle Industrial SchoolNorth-West Territories, Manitoba and Keewatin",50.75914,-103.71118,1890,"North-West Territories, Manitoba and Keewatin",Nightwatchman,CAN_DIA_ByOcc_1890,by_occupation
1,Qu'Appelle Industrial School,"Qu'Appelle Industrial SchoolNorth-West Territories, Manitoba and Keewatin",50.75914,-103.71118,1890,"North-West Territories, Manitoba and Keewatin",Medical Attendant,CAN_DIA_ByOcc_1890,by_occupation
1,Qu'Appelle Industrial School,"Qu'Appelle Industrial SchoolNorth-West Territories, Manitoba and Keewatin",50.75914,-103.71118,1890,"North-West Territories, Manitoba and Keewatin",Matron,CAN_DIA_ByOcc_1890,by_occupation
1,Qu'Appelle Industrial School,"Qu'Appelle Industrial SchoolNorth-West Territories, Manitoba and Keewatin",50.75914,-103.71118,1890,"North-West Territories, Manitoba and Keewatin",Farmer,CAN_DIA_ByOcc_1890,by_occupation
1,Qu'Appelle Industrial School,"Qu'Appelle Industrial SchoolNorth-West Territories, Manitoba and Keewatin",50.75914,-103.71118,1890,"North-West Territories, Manitoba and Keewatin",Cook,CAN_DIA_ByOcc_1890,by_occupation
1,Qu'Appelle Industrial School,"Qu'Appelle Industrial SchoolNorth-West Territories, Manitoba and Keewatin",50.75914,-103.71118,1890,"North-West Territories, Manitoba and Keewatin",Blacksmith,CAN_DIA_ByOcc_1890,by_occupation
1,Qu'Appelle Industrial School,"Qu'Appelle Industrial SchoolNorth-West Territories, Manitoba and Keewatin",50.75914,-103.71118,1890,"North-West Territories, Manitoba and Keewatin",Assistant Principal,CAN_DIA_ByOcc_1890,by_occupation
1,Qu'Appelle Industrial School,"Qu'Appelle Industrial SchoolNorth-West Territories, Manitoba and Keewatin",50.75914,-103.71118,1890,"North-West Territories, Manitoba and Keewatin",Assistant Cook,CAN_DIA_ByOcc_1890,by_occupation
1,Qu'Appelle Industrial School,"Qu'Appelle Industrial SchoolNorth-West Territories, Manitoba and Keewatin",50.75914,-103.71118,1890,"North-West Territories, Manitoba and Keewatin",Carpenter,CAN_DIA_ByOcc_1890,by_occupation
1,Rat Portage,Rat PortageOntario,49.76667,-94.48333,1890,"North-West Territories, Manitoba and Keewatin",Medical Officer,CAN_DIA_ByOcc_1890,by_occupation
1,Rat Portage,Rat PortageOntario,49.76667,-94.48333,1890,"North-West Territories, Manitoba and Keewatin",Agent,CAN_DIA_ByOcc_1890,by_occupation
1,Red Bank,Red BankNew Brunswick,46.93333,-65.81667,1890,New Brunswick,Missionary,CAN_DIA_ByOcc_1890,by_occupation
1,Red Island,Red IslandNova Scotia,45.76201,-60.74409,1890,Nova Scotia,Agent,CAN_DIA_ByOcc_1890,by_occupation
18,Regina,ReginaSaskatchewan,50.45472,-104.60667,1890,"North-West Territories, Manitoba and Keewatin",Clerk,CAN_DIA_ByOcc_1890,by_occupation
2,Regina,ReginaSaskatchewan,50.45472,-104.60667,1890,"North-West Territories, Manitoba and Keewatin",Inspector of Farms and Agencies in N.-W. Territories.,CAN_DIA_ByOcc_1890,by_occupation
1,Regina,ReginaSaskatchewan,50.45472,-104.60667,1890,"North-West Territories, Manitoba and Keewatin",Surveyor,CAN_DIA_ByOcc_1890,by_occupation
1,Regina,ReginaSaskatchewan,50.45472,-104.60667,1890,"North-West Territories, Manitoba and Keewatin",Interpreter,CAN_DIA_ByOcc_1890,by_occupation
1,Regina,ReginaSaskatchewan,50.45472,-104.60667,1890,"North-West Territories, Manitoba and Keewatin","Inspector, Roman Catholic Schools",CAN_DIA_ByOcc_1890,by_occupation
1,Regina,ReginaSaskatchewan,50.45472,-104.60667,1890,"North-West Territories, Manitoba and Keewatin","Inspector, Protestant Schools",CAN_DIA_ByOcc_1890,by_occupation
1,Regina,ReginaSaskatchewan,50.45472,-104.60667,1890,"North-West Territories, Manitoba and Keewatin",Assistant Surveyor,CAN_DIA_ByOcc_1890,by_occupation
1,Regina,ReginaSaskatchewan,50.45472,-104.60667,1890,"North-West Territories, Manitoba and Keewatin",Assistant Indian Commissioner,CAN_DIA_ByOcc_1890,by_occupation
1,Regina,ReginaSaskatchewan,50.45472,-104.60667,1890,"North-West Territories, Manitoba and Keewatin",Indian Commissioner,CAN_DIA_ByOcc_1890,by_occupation
1,Regina,ReginaSaskatchewan,50.45472,-104.60667,1890,"North-West Territories, Manitoba and Keewatin",Caretaker,CAN_DIA_ByOcc_1890,by_occupation
1,Restigouche,RestigoucheQuebec,48.65806,-65.75278,1890,Quebec,Agent,CAN_DIA_ByOcc_1890,by_occupation
1,Restigouche,RestigoucheNew Brunswick,47.72608,-67.0885,1890,New Brunswick,Missionary,CAN_DIA_ByOcc_1890,by_occupation
1,Richibucto Village,RichibuctoNew Brunswick,46.659,-64.76,1890,New Brunswick,Missionary,CAN_DIA_ByOcc_1890,by_occupation
1,River Inhabitants,County InvernessNova Scotia,46.2,-61.1,1890,Nova Scotia,Agent,CAN_DIA_ByOcc_1890,by_occupation
1,Riviere du Loup,Riviere du LoupQuebec,47.83333,-69.53333,1890,Quebec,Agent,CAN_DIA_ByOcc_1890,by_occupation
1,Roberval,RobervalQuebec,48.51667,-72.23333,1890,Quebec,Prosecutor,CAN_DIA_ByOcc_1890,by_occupation
1,Roseneath,RoseneathOntario,44.08333,-78.03333,1890,Ontario,Agent,CAN_DIA_ByOcc_1890,by_occupation
2,Saddle Lake,Saddle LakeAlberta,53.96833,-111.69194,1890,"North-West Territories, Manitoba and Keewatin",Farmer,CAN_DIA_ByOcc_1890,by_occupation
1,Saddle Lake,Saddle LakeAlberta,53.96833,-111.69194,1890,"North-West Territories, Manitoba and Keewatin",Clerk,CAN_DIA_ByOcc_1890,by_occupation
1,Saddle Lake,Saddle LakeAlberta,53.96833,-111.69194,1890,"North-West Territories, Manitoba and Keewatin",Acting Agent,CAN_DIA_ByOcc_1890,by_occupation
1,Sarnia,SarniaOntario,42.99944,-82.30889,1890,Ontario,Indian Lands Agent,CAN_DIA_ByOcc_1890,by_occupation
1,Sarnia,SarniaOntario,42.99944,-82.30889,1890,Ontario,Agent,CAN_DIA_ByOcc_1890,by_occupation
1,Saskatoon,SaskatoonSaskatchewan,52.13333,-106.68333,1890,"North-West Territories, Manitoba and Keewatin",Overseer and Issuer,CAN_DIA_ByOcc_1890,by_occupation
1,Saugeen,SaugeenOntario,44.43333,-81.36667,1890,Ontario,Agent,CAN_DIA_ByOcc_1890,by_occupation
1,Sault Ste. Marie,Sault Ste MarieOntario,46.53333,-84.35,1890,Ontario,Agent,CAN_DIA_ByOcc_1890,by_occupation
1,Savanne,SavanneOntario,48.95357,-90.24655,1890,"North-West Territories, Manitoba and Keewatin",Agent,CAN_DIA_ByOcc_1890,by_occupation
1,Scugog,ScugogOntario,44.09,-78.936,1890,Ontario,Agent,CAN_DIA_ByOcc_1890,by_occupation
1,Shannonville,ShannonvilleOntario,44.2637,-77.2304,1890,Ontario,Agent,CAN_DIA_ByOcc_1890,by_occupation
1,Shubenacadie,ShubenacadieNova Scotia,45.13988,-63.41755,1890,Nova Scotia,Agent,CAN_DIA_ByOcc_1890,by_occupation
1,Songhees Reserve,Songhees ReserveBritish Columbia,48.45167,-123.43389,1890,British Columbia,Constable,CAN_DIA_ByOcc_1890,by_occupation
1,St Regis,St RegisQuebec,45.00122,-74.65029,1890,Quebec,Agent,CAN_DIA_ByOcc_1890,by_occupation
1,St. Mary's,St. MarysNew Brunswick,46.205,-66.505,1890,New Brunswick,Missionary,CAN_DIA_ByOcc_1890,by_occupation
1,St. Regis,St. RegisQuebec,44.97111,-74.64194,1890,Ontario and Quebec,Missionary,CAN_DIA_ByOcc_1890,by_occupation
1,Stony Reserve,"Stony ReserveNorth-West Territories, Manitoba and Keewatin",51.15,-114.93333,1890,"North-West Territories, Manitoba and Keewatin",Farmer,CAN_DIA_ByOcc_1890,by_occupation
1,Strathroy,StrathroyOntario,42.9575,-81.61667,1890,Ontario,Agent,CAN_DIA_ByOcc_1890,by_occupation
1,Sydney,SydneyNova Scotia,46.13631,-60.19551,1890,Nova Scotia,Medical Officer,CAN_DIA_ByOcc_1890,by_occupation
1,Tadousac,TadousacQuebec,48.15,-69.71667,1890,Quebec,Prosecutor,CAN_DIA_ByOcc_1890,by_occupation
1,The Pas,The PasSaskatchewan,53.825,-101.25333,1890,"North-West Territories, Manitoba and Keewatin",Agent,CAN_DIA_ByOcc_1890,by_occupation
1,Tobique,TobiqueNew Brunswick,46.8,-67.6,1890,New Brunswick,Missionary,CAN_DIA_ByOcc_1890,by_occupation
3,Touchwood Hills,Touchwood HillsManitoba and Keewatin,51.41667,-104.25,1890,"North-West Territories, Manitoba and Keewatin",Farmer,CAN_DIA_ByOcc_1890,by_occupation
2,Touchwood Hills,Touchwood HillsManitoba and Keewatin,51.41667,-104.25,1890,"North-West Territories, Manitoba and Keewatin",Instructress,CAN_DIA_ByOcc_1890,by_occupation
1,Touchwood Hills,Touchwood HillsManitoba and Keewatin,51.41667,-104.25,1890,"North-West Territories, Manitoba and Keewatin",Labourer,CAN_DIA_ByOcc_1890,by_occupation
1,Touchwood Hills,Touchwood HillsManitoba and Keewatin,51.41667,-104.25,1890,"North-West Territories, Manitoba and Keewatin",Interpreter,CAN_DIA_ByOcc_1890,by_occupation
1,Touchwood Hills,Touchwood HillsManitoba and Keewatin,51.41667,-104.25,1890,"North-West Territories, Manitoba and Keewatin",Clerk,CAN_DIA_ByOcc_1890,by_occupation
1,Touchwood Hills,Touchwood HillsManitoba and Keewatin,51.41667,-104.25,1890,"North-West Territories, Manitoba and Keewatin",Agent,CAN_DIA_ByOcc_1890,by_occupation
1,Truro,TruroNova Scotia,45.36472,-63.28,1890,Nova Scotia,Agent,CAN_DIA_ByOcc_1890,by_occupation
1,Tyendinaga,TyendinagaOntario and Quebec,44.19167,-77.13333,1890,Ontario and Quebec,Missionary,CAN_DIA_ByOcc_1890,by_occupation
1,Uptergrove,UptergroveOntario,44.59987,-79.32058,1890,Ontario,Agent,CAN_DIA_ByOcc_1890,by_occupation
2,Victoria,VictoriaBritish Columbia,48.422,-123.365,1890,British Columbia,Surveyor,CAN_DIA_ByOcc_1890,by_occupation
1,Victoria,VictoriaBritish Columbia,48.422,-123.365,1890,British Columbia,Extra Clerk,CAN_DIA_ByOcc_1890,by_occupation
1,Victoria,VictoriaBritish Columbia,48.422,-123.365,1890,British Columbia,Visiting Superintendent,CAN_DIA_ByOcc_1890,by_occupation
1,Victoria,VictoriaBritish Columbia,48.422,-123.365,1890,British Columbia,Superintendent's Assistant,CAN_DIA_ByOcc_1890,by_occupation
1,Victoria,VictoriaBritish Columbia,48.422,-123.365,1890,British Columbia,Messenger,CAN_DIA_ByOcc_1890,by_occupation
1,Victoria,VictoriaBritish Columbia,48.422,-123.365,1890,British Columbia,Indian Reserve Commissioner,CAN_DIA_ByOcc_1890,by_occupation
1,Wallaceburg,WallaceburgOntario,42.59472,-82.38417,1890,Ontario,Agent,CAN_DIA_ByOcc_1890,by_occupation
1,West Coast,West CoastBritish Columbia,0.0,0.0,1890,British Columbia,Agent,CAN_DIA_ByOcc_1890,by_occupation
1,Western Division,Western DivisionNew Brunswick,47.03333,-65.58333,1890,New Brunswick,Medical Officer,CAN_DIA_ByOcc_1890,by_occupation
1,Wiarton,WiartonOntario,44.74361,-81.14083,1890,Ontario,Indian Lands Agent,CAN_DIA_ByOcc_1890,by_occupation
1,Williams' Lake,Williams LakeBritish Columbia,52.12944,-122.13833,1890,British Columbia,Agent,CAN_DIA_ByOcc_1890,by_occupation
3,Winnipeg,WinnipegManitoba,49.89944,-97.13917,1890,"North-West Territories, Manitoba and Keewatin",Clerk,CAN_DIA_ByOcc_1890,by_occupation
1,Winnipeg,WinnipegManitoba,49.89944,-97.13917,1890,"North-West Territories, Manitoba and Keewatin",Medical attendant,CAN_DIA_ByOcc_1890,by_occupation
1,Winnipeg,WinnipegManitoba,49.89944,-97.13917,1890,"North-West Territories, Manitoba and Keewatin","Inspector of Indian Agencies, in charge of Manitoba Superintendency",CAN_DIA_ByOcc_1890,by_occupation
1,Yarmouth,YarmouthNova Scotia,49.89944,-97.13917,1890,Nova Scotia,Agent,CAN_DIA_ByOcc_1890,by_occupation
32,Regina,ReginaSaskatchewan,50.454722,-104.606667,1895,"North-West Territories, Manitoba and Keewatin",Clerk,CAN_DIA_ByOcc_1895,by_occupation
23,Ottawa,OttawaOntario,45.416667,-75.683333,1895,Ontario,3rd Class Clerk,CAN_DIA_ByOcc_1895,by_occupation
10,Battleford,BattlefordSaskatchewan,52.738333,-108.315278,1895,"North-West Territories, Manitoba and Keewatin",Farmer,CAN_DIA_ByOcc_1895,by_occupation
9,Ottawa,OttawaOntario,45.416667,-75.683333,1895,Ontario,1st Class Clerk,CAN_DIA_ByOcc_1895,by_occupation
8,Stobart,"StobartNorthwest Territories, Manitoba and Keewatin",50.89954,-113.14206,1895,"North-West Territories, Manitoba and Keewatin",Farmer,CAN_DIA_ByOcc_1895,by_occupation
8,Broadview,BroadviewSaskatchewan,50.376,-102.579,1895,"North-West Territories, Manitoba and Keewatin",Farmer,CAN_DIA_ByOcc_1895,by_occupation
8,Macleod,MacleodAlberta,49.725583,-113.397528,1895,"North-West Territories, Manitoba and Keewatin",Scout,CAN_DIA_ByOcc_1895,by_occupation
8,Ottawa,OttawaOntario,45.416667,-75.683333,1895,Ontario,2nd Class Clerk,CAN_DIA_ByOcc_1895,by_occupation
6,Winnipeg,WinnipegManitoba,49.899444,-97.139167,1895,"North-West Territories, Manitoba and Keewatin",Clerk,CAN_DIA_ByOcc_1895,by_occupation
6,Regina,ReginaSaskatchewan,50.454722,-104.606667,1895,"North-West Territories, Manitoba and Keewatin",Farmer,CAN_DIA_ByOcc_1895,by_occupation
6,Macleod,MacleodAlberta,49.725583,-113.397528,1895,"North-West Territories, Manitoba and Keewatin",Farmer,CAN_DIA_ByOcc_1895,by_occupation
6,Kutawa,KutawaSaskatchewan,51.41666,-104.22305,1895,"North-West Territories, Manitoba and Keewatin",Farmer,CAN_DIA_ByOcc_1895,by_occupation
4,Pierreville,PierrevilleQuebec,46.066667,-72.816667,1895,Ontario and Quebec,Missionary,CAN_DIA_ByOcc_1895,by_occupation
4,Regina,ReginaSaskatchewan,50.454722,-104.606667,1895,"North-West Territories, Manitoba and Keewatin",Interpreter,CAN_DIA_ByOcc_1895,by_occupation
4,Tobique,TobiqueNew Brunswick,46.8,-67.6,1895,New Brunswick,Medical Officer,CAN_DIA_ByOcc_1895,by_occupation
4,Gleichen,GleichenAlberta,50.866111,-113.054722,1895,"North-West Territories, Manitoba and Keewatin",Scout,CAN_DIA_ByOcc_1895,by_occupation
4,Gleichen,GleichenAlberta,50.866111,-113.054722,1895,"North-West Territories, Manitoba and Keewatin",Farmer,CAN_DIA_ByOcc_1895,by_occupation
4,Aldina,"AldinaNorthwest Territories, Manitoba and Keewatin",53.0001,-106.88445,1895,"North-West Territories, Manitoba and Keewatin",Farmer,CAN_DIA_ByOcc_1895,by_occupation
4,Eel Ground,Eel GroundNew Brunswick,46.969222,-65.627278,1895,New Brunswick,Constable,CAN_DIA_ByOcc_1895,by_occupation
4,Nil,Bay of QuinteOntario,44.15,-77.25,1895,Ontario and Quebec,Medical Man,CAN_DIA_ByOcc_1895,by_occupation
4,Nil,Six Nations Ontario,43.051111,-80.1225,1895,Ontario and Quebec,Medical Man,CAN_DIA_ByOcc_1895,by_occupation
4,Kutawa,KutawaSaskatchewan,51.41666,-104.22305,1895,"North-West Territories, Manitoba and Keewatin",Interpreter,CAN_DIA_ByOcc_1895,by_occupation
4,Macleod,MacleodAlberta,49.725583,-113.397528,1895,"North-West Territories, Manitoba and Keewatin",Mail Carrier,CAN_DIA_ByOcc_1895,by_occupation
4,Macleod,MacleodAlberta,49.725583,-113.397528,1895,"North-West Territories, Manitoba and Keewatin",Issuer,CAN_DIA_ByOcc_1895,by_occupation
4,Macleod,MacleodAlberta,49.725583,-113.397528,1895,"North-West Territories, Manitoba and Keewatin",Interpreter,CAN_DIA_ByOcc_1895,by_occupation
4,Macleod,MacleodAlberta,49.725583,-113.397528,1895,"North-West Territories, Manitoba and Keewatin",Indian Agent,CAN_DIA_ByOcc_1895,by_occupation
4,Macleod,MacleodAlberta,49.725583,-113.397528,1895,"North-West Territories, Manitoba and Keewatin",Hospital Nurse,CAN_DIA_ByOcc_1895,by_occupation
2,Port Perry,Port PerryOntario,44.1,-78.95,1895,Ontario,Indian Agent,CAN_DIA_ByOcc_1895,by_occupation
2,Qu'Appelle,"Qu'AppelleManitoba, Keewatin and North-West Territories",50.541,-103.874,1895,"North-West Territories, Manitoba and Keewatin",Farmer and Interpreter,CAN_DIA_ByOcc_1895,by_occupation
2,Port Arthur,Port ArthurOntario,48.45,-89.23,1895,Ontario,Indian Agent,CAN_DIA_ByOcc_1895,by_occupation
2,Shubenacadie,ShubenacadieNova Scotia,45.139883,-63.417547,1895,Nova Scotia,Indian Agent,CAN_DIA_ByOcc_1895,by_occupation
2,Richibucto,RichibuctoNew Brunswick,46.659,-64.76,1895,New Brunswick,Indian Supt,CAN_DIA_ByOcc_1895,by_occupation
2,Steam Mills,Steam MillsNova Scotia,45.109972,-64.514139,1895,Nova Scotia,Indian Agent,CAN_DIA_ByOcc_1895,by_occupation
2,Rat Portage,Rat PortageOntario,49.766667,-94.483333,1895,"North-West Territories, Manitoba and Keewatin",Medical Officer,CAN_DIA_ByOcc_1895,by_occupation
2,Wiarton,WiartonOntario,44.743611,-81.140833,1895,Ontario,Indian Lands Agent.,CAN_DIA_ByOcc_1895,by_occupation
2,Rat Portage,Rat PortageOntario,49.766667,-94.483333,1895,"North-West Territories, Manitoba and Keewatin",Indian Agent,CAN_DIA_ByOcc_1895,by_occupation
2,Pictou,PictonNova Scotia,45.681389,-62.711944,1895,Nova Scotia,Medical Officer,CAN_DIA_ByOcc_1895,by_occupation
2,St. Regis,St. RegisQuebec,44.971111,-74.641944,1895,Quebec,Indian Agent,CAN_DIA_ByOcc_1895,by_occupation
2,Winnipeg,WinnipegManitoba,49.899444,-97.139167,1895,"North-West Territories, Manitoba and Keewatin",Caretaker,CAN_DIA_ByOcc_1895,by_occupation
2,Parrsboro,ParrsboroNova Scotia,45.405833,-64.325833,1895,Nova Scotia,Indian Agent,CAN_DIA_ByOcc_1895,by_occupation
2,Portage la Prairie,Portage la PrairieManitoba,49.972778,-98.291944,1895,"North-West Territories, Manitoba and Keewatin",Indian Agent,CAN_DIA_ByOcc_1895,by_occupation
2,Roseneath,RoseneathOntario,44.083333,-78.033333,1895,Ontario,Indian Agent,CAN_DIA_ByOcc_1895,by_occupation
2,Sheet Harbour,Sheet HarbourNova Scotia,44.916667,-62.533333,1895,Nova Scotia, ,CAN_DIA_ByOcc_1895,by_occupation
2,Stobart,"StobartNorthwest Territories, Manitoba and Keewatin",50.89954,-113.14206,1895,"North-West Territories, Manitoba and Keewatin",Interpreter,CAN_DIA_ByOcc_1895,by_occupation
2,Pointe Bleue,Pointe BleueQuebec,48.566667,-72.233333,1895,Quebec,Indian Agent,CAN_DIA_ByOcc_1895,by_occupation
2,St. Regis,St. RegisQuebec,44.971111,-74.641944,1895,Ontario and Quebec,Missionary,CAN_DIA_ByOcc_1895,by_occupation
2,Stobart,"StobartNorthwest Territories, Manitoba and Keewatin",50.89954,-113.14206,1895,"North-West Territories, Manitoba and Keewatin",Clerk,CAN_DIA_ByOcc_1895,by_occupation
2,Stobart,"StobartNorthwest Territories, Manitoba and Keewatin",50.89954,-113.14206,1895,"North-West Territories, Manitoba and Keewatin",Indian Agent,CAN_DIA_ByOcc_1895,by_occupation
2,Parry Sound,Parry IslandOntario,45.283333,-80.15,1895,Ontario,Indian Supt,CAN_DIA_ByOcc_1895,by_occupation
2,Truro,TruroNova Scotia,45.364722,-63.28,1895,Nova Scotia,Indian Agent,CAN_DIA_ByOcc_1895,by_occupation
2,Winnipeg,WinnipegManitoba,49.899444,-97.139167,1895,"North-West Territories, Manitoba and Keewatin","Inspector of Indian Agencies, in charge of Manitoba Superintendency",CAN_DIA_ByOcc_1895,by_occupation
2,Wallaceburg,WallaceburgOntario,42.594722,-82.384167,1895,Ontario,Indian Agent,CAN_DIA_ByOcc_1895,by_occupation
2,Pakan,"PakanNorthwest Territories, Manitoba and Keewatin",54.00384,-112.3981,1895,"North-West Territories, Manitoba and Keewatin",Clerk,CAN_DIA_ByOcc_1895,by_occupation
2,Pakan,"PakanNorthwest Territories, Manitoba and Keewatin",54.00384,-112.3981,1895,"North-West Territories, Manitoba and Keewatin",Farmer,CAN_DIA_ByOcc_1895,by_occupation
2,Pakan,"PakanNorthwest Territories, Manitoba and Keewatin",54.00384,-112.3981,1895,"North-West Territories, Manitoba and Keewatin",Indian Agent,CAN_DIA_ByOcc_1895,by_occupation
2,Pakan,"PakanNorthwest Territories, Manitoba and Keewatin",54.00384,-112.3981,1895,"North-West Territories, Manitoba and Keewatin",Interpreter,CAN_DIA_ByOcc_1895,by_occupation
2,Shelburne,ShelburneNova Scotia,43.763333,-65.323611,1895,Nova Scotia,Indian Agent,CAN_DIA_ByOcc_1895,by_occupation
2,Stobart,"StobartNorthwest Territories, Manitoba and Keewatin",50.89954,-113.14206,1895,"North-West Territories, Manitoba and Keewatin",Medical Officer,CAN_DIA_ByOcc_1895,by_occupation
2,Sault Ste. Marie,Sault Ste MarieOntario,46.533333,-84.35,1895,Ontario,Indian Lands Agent.,CAN_DIA_ByOcc_1895,by_occupation
2,Sarnia,SarniaOntario,42.999444,-82.308889,1895,Ontario,Indian Agent,CAN_DIA_ByOcc_1895,by_occupation
2,Regina,ReginaSaskatchewan,50.454722,-104.606667,1895,"North-West Territories, Manitoba and Keewatin",Assist. Indian Commissioner,CAN_DIA_ByOcc_1895,by_occupation
2,Victoria,VictoriaBritish Columbia,48.422,-123.365,1895,British Columbia,Indian Superintendent for British Columbia,CAN_DIA_ByOcc_1895,by_occupation
2,Victoria,VictoriaBritish Columbia,48.422,-123.365,1895,British Columbia,Indian Reserve Commissioner,CAN_DIA_ByOcc_1895,by_occupation
2,Victoria,VictoriaBritish Columbia,48.422,-123.365,1895,British Columbia,Senior Clerk,CAN_DIA_ByOcc_1895,by_occupation
2,Regina,ReginaSaskatchewan,50.454722,-104.606667,1895,"North-West Territories, Manitoba and Keewatin",Chief Inspector of Indian Agencies and Reserves,CAN_DIA_ByOcc_1895,by_occupation
2,Sydney,SydneyNova Scotia,46.13631,-60.19551,1895,Nova Scotia,Medical Officer,CAN_DIA_ByOcc_1895,by_occupation
2,Regina,ReginaSaskatchewan,50.454722,-104.606667,1895,"North-West Territories, Manitoba and Keewatin",Caretaker,CAN_DIA_ByOcc_1895,by_occupation
2,Regina,ReginaSaskatchewan,50.454722,-104.606667,1895,"North-West Territories, Manitoba and Keewatin",Assist. Surveyor,CAN_DIA_ByOcc_1895,by_occupation
2,Sarnia,SarniaOntario,42.999444,-82.308889,1895,Ontario,Indian Lands Agent,CAN_DIA_ByOcc_1895,by_occupation
2,The Pas,The PasSaskatchewan,53.825,-101.253333,1895,"North-West Territories, Manitoba and Keewatin",Indian Agent,CAN_DIA_ByOcc_1895,by_occupation
2,Yarmouth,YarmouthNova Scotia,49.899444,-97.139167,1895,Nova Scotia,Indian Agent,CAN_DIA_ByOcc_1895,by_occupation
2,Pierreville,PierrevilleQuebec,46.066667,-72.816667,1895,Quebec,Indian Agent,CAN_DIA_ByOcc_1895,by_occupation
2,Saskatoon,SaskatoonSaskatchewan,52.133333,-106.683333,1895,"North-West Territories, Manitoba and Keewatin","Overseer and Issuer, Moose Woods.",CAN_DIA_ByOcc_1895,by_occupation
2,St. Mary's,St. MarysNew Brunswick,46.205,-66.505,1895,New Brunswick,Missionary,CAN_DIA_ByOcc_1895,by_occupation
2,Victoria,VictoriaBritish Columbia,48.422,-123.365,1895,British Columbia,Clerk,CAN_DIA_ByOcc_1895,by_occupation
2,Thessalon,ThessalonOntario,46.25,-83.55,1895,Ontario,Indian Land Agent.,CAN_DIA_ByOcc_1895,by_occupation
2,Qu'Appelle,"Qu'AppelleManitoba, Keewatin and North-West Territories",50.541,-103.874,1895,"North-West Territories, Manitoba and Keewatin",Acting Indian Agent,CAN_DIA_ByOcc_1895,by_occupation
2,Quamichan,QuamichanBritish Columbia,48.79972222,-123.6619444,1895,British Columbia,Indian Agent,CAN_DIA_ByOcc_1895,by_occupation
2,Savanne,SavanneOntario,48.95357,-90.24655,1895,"North-West Territories, Manitoba and Keewatin",Indian Agent,CAN_DIA_ByOcc_1895,by_occupation
2,Tobique,TobiqueNew Brunswick,46.8,-67.6,1895,New Brunswick,Missionary,CAN_DIA_ByOcc_1895,by_occupation
2,St. Peters,St. PetersNova Scotia,45.663964,-60.894469,1895,Nova Scotia,Indian Agent,CAN_DIA_ByOcc_1895,by_occupation
2,Victoria,VictoriaBritish Columbia,48.422,-123.365,1895,British Columbia,Surveyor,CAN_DIA_ByOcc_1895,by_occupation
2,Victoria,VictoriaBritish Columbia,48.422,-123.365,1895,British Columbia,Messenger,CAN_DIA_ByOcc_1895,by_occupation
2,Regina,ReginaSaskatchewan,50.454722,-104.606667,1895,"North-West Territories, Manitoba and Keewatin",Pensioner,CAN_DIA_ByOcc_1895,by_occupation
2,Regina,ReginaSaskatchewan,50.454722,-104.606667,1895,"North-West Territories, Manitoba and Keewatin",Indian Agent,CAN_DIA_ByOcc_1895,by_occupation
2,Regina,ReginaSaskatchewan,50.454722,-104.606667,1895,"North-West Territories, Manitoba and Keewatin",Inspector of Roman Catholic Indian Schools,CAN_DIA_ByOcc_1895,by_occupation
2,Regina,ReginaSaskatchewan,50.454722,-104.606667,1895,"North-West Territories, Manitoba and Keewatin",Medical Officer,CAN_DIA_ByOcc_1895,by_occupation
2,Regina,ReginaSaskatchewan,50.454722,-104.606667,1895,"North-West Territories, Manitoba and Keewatin",Inspector of Indian Agencies and Reserves,CAN_DIA_ByOcc_1895,by_occupation
2,Regina,ReginaSaskatchewan,50.454722,-104.606667,1895,"North-West Territories, Manitoba and Keewatin",Messenger,CAN_DIA_ByOcc_1895,by_occupation
2,Regina,ReginaSaskatchewan,50.454722,-104.606667,1895,"North-West Territories, Manitoba and Keewatin",Storekeeper,CAN_DIA_ByOcc_1895,by_occupation
2,Regina,ReginaSaskatchewan,50.454722,-104.606667,1895,"North-West Territories, Manitoba and Keewatin",Herder,CAN_DIA_ByOcc_1895,by_occupation
2,Gleichen,GleichenAlberta,50.866111,-113.054722,1895,"North-West Territories, Manitoba and Keewatin",Teamster,CAN_DIA_ByOcc_1895,by_occupation
2,Caledonia,CaledoniaNova Scotia,44.378889,-65.032222,1895,Nova Scotia,Indian Agent,CAN_DIA_ByOcc_1895,by_occupation
2,Gleichen,GleichenAlberta,50.866111,-113.054722,1895,"North-West Territories, Manitoba and Keewatin",Issuer,CAN_DIA_ByOcc_1895,by_occupation
2,Gleichen,GleichenAlberta,50.866111,-113.054722,1895,"North-West Territories, Manitoba and Keewatin",Interpreter,CAN_DIA_ByOcc_1895,by_occupation
2,Gleichen,GleichenAlberta,50.866111,-113.054722,1895,"North-West Territories, Manitoba and Keewatin",Indian Agent,CAN_DIA_ByOcc_1895,by_occupation
2,Gleichen,GleichenAlberta,50.866111,-113.054722,1895,"North-West Territories, Manitoba and Keewatin",Clerk,CAN_DIA_ByOcc_1895,by_occupation
2,Fort Frances,Fort FrancesOntario,48.616667,-93.4,1895,"North-West Territories, Manitoba and Keewatin",Indian Agent,CAN_DIA_ByOcc_1895,by_occupation
2,Fort Frances,Fort FrancesOntario,48.616667,-93.4,1895,"North-West Territories, Manitoba and Keewatin",Medical Officer,CAN_DIA_ByOcc_1895,by_occupation
2,Baddeck,BaddeckNova Scotia,46.1,-60.754167,1895,Nova Scotia,Indian Agent,CAN_DIA_ByOcc_1895,by_occupation
2,Bear River,Bear RiverNova Scotia,44.572222,-65.643889,1895,Nova Scotia,Indian Agent,CAN_DIA_ByOcc_1895,by_occupation
2,Baby's Point,Baby's PointOntario and Quebec,43.6575,-79.4925,1895,Ontario and Quebec,Missionary,CAN_DIA_ByOcc_1895,by_occupation
2,Clandeboye,"ClandeboyeNorth-West Territories, Manitoba and Keewatin",50.2428,-96.9732,1895,"North-West Territories, Manitoba and Keewatin",Indian Agent,CAN_DIA_ByOcc_1895,by_occupation
2,Clinton,ClintonBritish Columbia,51.091389,-121.586667,1895,British Columbia,Indian Agent,CAN_DIA_ByOcc_1895,by_occupation
2,Brantford,BrantfordOntario,43.166667,-80.25,1895,Ontario,Clerk,CAN_DIA_ByOcc_1895,by_occupation
2,Christmas Island,Christmas IslandNova Scotia,45.972311,-60.748333,1895,Nova Scotia,Indian Agent,CAN_DIA_ByOcc_1895,by_occupation
2,Deseronto,DeserontoOntario,44.2,-77.05,1895,Ontario,Indian Agent,CAN_DIA_ByOcc_1895,by_occupation
2,Deseronto,DeserontoOntario,44.2,-77.05,1895,Ontario and Quebec,Missionary,CAN_DIA_ByOcc_1895,by_occupation
2,Eureka,EurekaNova Scotia,45.498056,-62.686111,1895,Nova Scotia,Indian Agent,CAN_DIA_ByOcc_1895,by_occupation
2,Brantford,BrantfordOntario,43.166667,-80.25,1895,Ontario,Indian Supt,CAN_DIA_ByOcc_1895,by_occupation
2,Chippewa Hill,Chippawa HillOntario,48.34583333,-89.30277778,1895,Ontario,Indian Agent,CAN_DIA_ByOcc_1895,by_occupation
2,Cacouna,CacounaQuebec,47.916667,-69.5,1895,Quebec,Indian Agent,CAN_DIA_ByOcc_1895,by_occupation
2,Fredericton,FrecerictonNew Brunswick,45.95,-66.666667,1895,New Brunswick,Indian Supt.,CAN_DIA_ByOcc_1895,by_occupation
2,Chatham,ChathamNew Brunswick,47.033,-65.433,1895,New Brunswick,Medical Officer,CAN_DIA_ByOcc_1895,by_occupation
2,Edmundston,EdmundstonNew Brunswick,47.3765,-68.325347,1895,New Brunswick,Missionary,CAN_DIA_ByOcc_1895,by_occupation
2,Calgary,CalgaryAlberta,51.05,-114.066667,1895,"North-West Territories, Manitoba and Keewatin",Assistant Issuer,CAN_DIA_ByOcc_1895,by_occupation
2,Calgary,CalgaryAlberta,51.05,-114.066667,1895,"North-West Territories, Manitoba and Keewatin",Clerk,CAN_DIA_ByOcc_1895,by_occupation
2,Calgary,CalgaryAlberta,51.05,-114.066667,1895,"North-West Territories, Manitoba and Keewatin",Indian Agent,CAN_DIA_ByOcc_1895,by_occupation
2,Calgary,CalgaryAlberta,51.05,-114.066667,1895,"North-West Territories, Manitoba and Keewatin",Interpreter,CAN_DIA_ByOcc_1895,by_occupation
2,Calgary,CalgaryAlberta,51.05,-114.066667,1895,"North-West Territories, Manitoba and Keewatin",Scout,CAN_DIA_ByOcc_1895,by_occupation
2,Becancourt,BecancourQuebec,46.333333,-72.433333,1895,Quebec,Indian Agent,CAN_DIA_ByOcc_1895,by_occupation
2,Atherley,AtherleyOntario,44.60314,-79.36431,1895,Ontario,Indian Agent,CAN_DIA_ByOcc_1895,by_occupation
2,Gananoque,GananoqueOntario,44.33,-76.17,1895,Ontario,Indian Lands Agent.,CAN_DIA_ByOcc_1895,by_occupation
2,Fort Steele,Fort SteeleBritish Columbia,49.616667,-115.633333,1895,British Columbia,Indian Agent,CAN_DIA_ByOcc_1895,by_occupation
2,Battleford,BattlefordSaskatchewan,52.738333,-108.315278,1895,"North-West Territories, Manitoba and Keewatin",Labourer,CAN_DIA_ByOcc_1895,by_occupation
2,Battleford,BattlefordSaskatchewan,52.738333,-108.315278,1895,"North-West Territories, Manitoba and Keewatin",Indian Agent,CAN_DIA_ByOcc_1895,by_occupation
2,Aldina,"AldinaNorthwest Territories, Manitoba and Keewatin",53.0001,-106.88445,1895,"North-West Territories, Manitoba and Keewatin",Indian Agent,CAN_DIA_ByOcc_1895,by_occupation
2,Gore Bay,Gore BayOntario,45.916667,-82.466667,1895,Ontario,Indian Lands Agent.,CAN_DIA_ByOcc_1895,by_occupation
2,"Glendale, River Inhabitants",GlendaleNova Scotia,45.815639,-61.313667,1895,Nova Scotia,Indian Agent,CAN_DIA_ByOcc_1895,by_occupation
2,Battleford,BattlefordSaskatchewan,52.738333,-108.315278,1895,"North-West Territories, Manitoba and Keewatin",Teamster,CAN_DIA_ByOcc_1895,by_occupation
2,Alert Bay,Alert BayBritish Columbia,50.5825,-126.925278,1895,British Columbia,Indian Agent,CAN_DIA_ByOcc_1895,by_occupation
2,Campbellton,CampbelltonNew Brunswick,48.005,-66.673056,1895,New Brunswick,Indian Agent,CAN_DIA_ByOcc_1895,by_occupation
2,Battleford,BattlefordSaskatchewan,52.738333,-108.315278,1895,"North-West Territories, Manitoba and Keewatin",Medical Officer,CAN_DIA_ByOcc_1895,by_occupation
2,Aldina,"AldinaNorthwest Territories, Manitoba and Keewatin",53.0001,-106.88445,1895,"North-West Territories, Manitoba and Keewatin",Miller and Blacksmith,CAN_DIA_ByOcc_1895,by_occupation
2,Cannington Manor,"Canington ManorNorthwest Territories, Manitoba and Keewatin",49.733333,-102.045833,1895,"North-West Territories, Manitoba and Keewatin",Clerk,CAN_DIA_ByOcc_1895,by_occupation
2,Cannington Manor,"Canington ManorNorthwest Territories, Manitoba and Keewatin",49.733333,-102.045833,1895,"North-West Territories, Manitoba and Keewatin",Farmer,CAN_DIA_ByOcc_1895,by_occupation
2,Cape Croker,Cape CrokerOntario,44.908279,-81.022634,1895,Ontario,Indian Agent,CAN_DIA_ByOcc_1895,by_occupation
2,Cannington Manor,"Canington ManorNorthwest Territories, Manitoba and Keewatin",49.733333,-102.045833,1895,"North-West Territories, Manitoba and Keewatin",Indian Agent,CAN_DIA_ByOcc_1895,by_occupation
2,Alberni,AlberniBritish Columbia,49.233889,-124.805,1895,British Columbia,Indian Agent,CAN_DIA_ByOcc_1895,by_occupation
2,Broadview,BroadviewSaskatchewan,50.376,-102.579,1895,"North-West Territories, Manitoba and Keewatin",Interpreter,CAN_DIA_ByOcc_1895,by_occupation
2,Broadview,BroadviewSaskatchewan,50.376,-102.579,1895,"North-West Territories, Manitoba and Keewatin",Indian Agent,CAN_DIA_ByOcc_1895,by_occupation
2,"Grand Rapids, Berens River","Grand Rapids, Berens RiverNorth-West Territories, Manitoba and Keewatin",53.208333,-99.3,1895,"North-West Territories, Manitoba and Keewatin",Indian Agent,CAN_DIA_ByOcc_1895,by_occupation
2,Broadview,BroadviewSaskatchewan,50.376,-102.579,1895,"North-West Territories, Manitoba and Keewatin",Clerk,CAN_DIA_ByOcc_1895,by_occupation
2,Cannington Manor,"Canington ManorNorthwest Territories, Manitoba and Keewatin",49.733333,-102.045833,1895,"North-West Territories, Manitoba and Keewatin",Interpreter,CAN_DIA_ByOcc_1895,by_occupation
2,Birtle,BirtleManitoba,50.4225,-101.0475,1895,"North-West Territories, Manitoba and Keewatin",Clerk,CAN_DIA_ByOcc_1895,by_occupation
2,Aldina,"AldinaNorthwest Territories, Manitoba and Keewatin",53.0001,-106.88445,1895,"North-West Territories, Manitoba and Keewatin",Interpreter,CAN_DIA_ByOcc_1895,by_occupation
2,Big Cove,Big CoveNew Brunswick,46.596667,-64.980556,1895,New Brunswick,Medical officer,CAN_DIA_ByOcc_1895,by_occupation
2,Big Cove,Big CoveNew Brunswick,46.596667,-64.980556,1895,New Brunswick,Missionary,CAN_DIA_ByOcc_1895,by_occupation
2,Broadview,BroadviewSaskatchewan,50.376,-102.579,1895,"North-West Territories, Manitoba and Keewatin",Mail Carrier,CAN_DIA_ByOcc_1895,by_occupation
2,Birtle,BirtleManitoba,50.4225,-101.0475,1895,"North-West Territories, Manitoba and Keewatin",Indian Agent,CAN_DIA_ByOcc_1895,by_occupation
2,Birtle,BirtleManitoba,50.4225,-101.0475,1895,"North-West Territories, Manitoba and Keewatin",Interpreter,CAN_DIA_ByOcc_1895,by_occupation
2,Cote,"CoteManitoba, Keewatin and Northwest Territories",51.565,-101.894722,1895,"North-West Territories, Manitoba and Keewatin",Clerk and Farmer,CAN_DIA_ByOcc_1895,by_occupation
2,Cote,"CoteManitoba, Keewatin and Northwest Territories",51.565,-101.894722,1895,"North-West Territories, Manitoba and Keewatin",Indian Agent,CAN_DIA_ByOcc_1895,by_occupation
2,Cote,"CoteManitoba, Keewatin and Northwest Territories",51.565,-101.894722,1895,"North-West Territories, Manitoba and Keewatin",Labourer,CAN_DIA_ByOcc_1895,by_occupation
2,Annapolis,AnnapolisNova Scotia,44.741667,-65.515278,1895,Nova Scotia,Indian Agent,CAN_DIA_ByOcc_1895,by_occupation
2,Aldina,"AldinaNorthwest Territories, Manitoba and Keewatin",53.0001,-106.88445,1895,"North-West Territories, Manitoba and Keewatin",Clerk,CAN_DIA_ByOcc_1895,by_occupation
2,Caughnawaga,CaughnawagaQuebec,45.416667,-73.683333,1895,Quebec,Indian Agent,CAN_DIA_ByOcc_1895,by_occupation
2,Dalhousie,DalhousieNew Brunswick,48.1,-66.616667,1895,New Brunswick,Medical Officer,CAN_DIA_ByOcc_1895,by_occupation
2,Edmonton,EdmontonAlberta,53.533333,-113.5,1895,"North-West Territories, Manitoba and Keewatin",Indian Agent,CAN_DIA_ByOcc_1895,by_occupation
2,Edmonton,EdmontonAlberta,53.533333,-113.5,1895,"North-West Territories, Manitoba and Keewatin",Clerk,CAN_DIA_ByOcc_1895,by_occupation
2,Castile,CastileOntario,45.4931,-77.3225,1895,Ontario,Indian Agent,CAN_DIA_ByOcc_1895,by_occupation
2,Edmonton,EdmontonAlberta,53.533333,-113.5,1895,"North-West Territories, Manitoba and Keewatin",Farmer,CAN_DIA_ByOcc_1895,by_occupation
2,Edmonton,EdmontonAlberta,53.533333,-113.5,1895,"North-West Territories, Manitoba and Keewatin",Farmer and Interpreter,CAN_DIA_ByOcc_1895,by_occupation
2,Kamloops,KamloopsBritish Columbia,50.676111,-120.340833,1895,British Columbia,Indian Agent,CAN_DIA_ByOcc_1895,by_occupation
2,Onion Lake,Onion LakeSaskatchewan,53.7166638,-110.0,1895,"North-West Territories, Manitoba and Keewatin",Millwright,CAN_DIA_ByOcc_1895,by_occupation
2,Onion Lake,Onion LakeSaskatchewan,53.7166638,-110.0,1895,"North-West Territories, Manitoba and Keewatin",Indian Agent,CAN_DIA_ByOcc_1895,by_occupation
2,Onion Lake,Onion LakeSaskatchewan,53.7166638,-110.0,1895,"North-West Territories, Manitoba and Keewatin",Farmer and Interpreter,CAN_DIA_ByOcc_1895,by_occupation
2,Nil,BeausoleilOntario,44.87,-79.868333,1895,Ontario and Quebec,Medical Man,CAN_DIA_ByOcc_1895,by_occupation
2,Manimaki,ManimakiQuebec,46.375,-75.966667,1895,Quebec,Indian Agent,CAN_DIA_ByOcc_1895,by_occupation
2,Onion Lake,Onion LakeSaskatchewan,53.7166638,-110.0,1895,"North-West Territories, Manitoba and Keewatin",Storekeeper,CAN_DIA_ByOcc_1895,by_occupation
2,Manitoba House,Manitoba HouseNorth-West Territories,50.866667,-98.858889,1895,"North-West Territories, Manitoba and Keewatin",Indian Agent,CAN_DIA_ByOcc_1895,by_occupation
2,Newcastle,NewcastleNew Brunswick,46.983,-65.567,1895,New Brunswick,Medical Officer,CAN_DIA_ByOcc_1895,by_occupation
2,Indian Head,"Indian HeadNorthwest Territories, Manitoba and Keewatin",50.533333,-103.666667,1895,"North-West Territories, Manitoba and Keewatin",Mail Carrier,CAN_DIA_ByOcc_1895,by_occupation
2,Indian Head,"Indian HeadNorthwest Territories, Manitoba and Keewatin",50.533333,-103.666667,1895,"North-West Territories, Manitoba and Keewatin",Farmer,CAN_DIA_ByOcc_1895,by_occupation
2,Hollbrooke,"HollbrokeManitoba, Keewatin and Northwest Territories",52.826667,-113.451667,1895,"North-West Territories, Manitoba and Keewatin",Farmer,CAN_DIA_ByOcc_1895,by_occupation
2,Hollbrooke,"HollbrokeManitoba, Keewatin and Northwest Territories",52.826667,-113.451667,1895,"North-West Territories, Manitoba and Keewatin",Indian Agent,CAN_DIA_ByOcc_1895,by_occupation
2,Hollbrooke,"HollbrokeManitoba, Keewatin and Northwest Territories",52.826667,-113.451667,1895,"North-West Territories, Manitoba and Keewatin",Interpreter,CAN_DIA_ByOcc_1895,by_occupation
2,Hollbrooke,"HollbrokeManitoba, Keewatin and Northwest Territories",52.826667,-113.451667,1895,"North-West Territories, Manitoba and Keewatin",Clerk,CAN_DIA_ByOcc_1895,by_occupation
2,Hollbrooke,"HollbrokeManitoba, Keewatin and Northwest Territories",52.826667,-113.451667,1895,"North-West Territories, Manitoba and Keewatin",Labourer,CAN_DIA_ByOcc_1895,by_occupation
2,Maria,MariaQuebec,48.166667,-65.983333,1895,Quebec,Indian Agent,CAN_DIA_ByOcc_1895,by_occupation
2,Indian Head,"Indian HeadNorthwest Territories, Manitoba and Keewatin",50.533333,-103.666667,1895,"North-West Territories, Manitoba and Keewatin",Indian Agent,CAN_DIA_ByOcc_1895,by_occupation
2,Manitowaning,ManitowaningOntario,45.733333,-81.8,1895,Ontario,Clerk and Interpreter,CAN_DIA_ByOcc_1895,by_occupation
2,Manitowaning,ManitowaningOntario,45.733333,-81.8,1895,Ontario,Indian Supt,CAN_DIA_ByOcc_1895,by_occupation
2,Nil,AlnwickOntario,44.083333,-78.033333,1895,Ontario and Quebec,Medical Man,CAN_DIA_ByOcc_1895,by_occupation
2,Nil,River DesertQuebec,46.333333,-75.966667,1895,Ontario and Quebec,Medical Man,CAN_DIA_ByOcc_1895,by_occupation
2,Jeune Lorette,Jeune LoretteQuebec,46.861472,-71.357111,1895,Quebec,Indian Agent,CAN_DIA_ByOcc_1895,by_occupation
2,Macleod,MacleodAlberta,49.725583,-113.397528,1895,"North-West Territories, Manitoba and Keewatin",Clerk,CAN_DIA_ByOcc_1895,by_occupation
2,Nil,SaugeenOntario,44.433333,-81.366667,1895,Ontario and Quebec,Medical Man,CAN_DIA_ByOcc_1895,by_occupation
2,Nil,Munsees of ThamesOntario,42.8,-81.483333,1895,Ontario and Quebec,Medical Man,CAN_DIA_ByOcc_1895,by_occupation
2,Nil,NawashOntario,44.908279,-81.022634,1895,Ontario and Quebec,Medical Man,CAN_DIA_ByOcc_1895,by_occupation
2,Macleod,MacleodAlberta,49.725583,-113.397528,1895,"North-West Territories, Manitoba and Keewatin",Medical Officer,CAN_DIA_ByOcc_1895,by_occupation
2,Macleod,MacleodAlberta,49.725583,-113.397528,1895,"North-West Territories, Manitoba and Keewatin",Labourer,CAN_DIA_ByOcc_1895,by_occupation
2,Nil,Moravians of the Thames Ontario,42.566667,-81.883333,1895,Ontario and Quebec,Medical Man,CAN_DIA_ByOcc_1895,by_occupation
2,Macleod,MacleodAlberta,49.725583,-113.397528,1895,"North-West Territories, Manitoba and Keewatin",Clerk and Issuer,CAN_DIA_ByOcc_1895,by_occupation
2,Nil,RamaOntario,44.702734,-79.339592,1895,Ontario and Quebec,Medical Man,CAN_DIA_ByOcc_1895,by_occupation
2,Lorette,LoretteQuebec,46.861472,-71.357111,1895,Ontario and Quebec,Missionary,CAN_DIA_ByOcc_1895,by_occupation
2,Nil,Oneidas of the Thames Ontario,42.816667,-81.4,1895,Ontario and Quebec,Medical Man,CAN_DIA_ByOcc_1895,by_occupation
2,Macleod,MacleodAlberta,49.725583,-113.397528,1895,"North-West Territories, Manitoba and Keewatin",Assistant Issuer,CAN_DIA_ByOcc_1895,by_occupation
2,Nil,RestigoucheQuebec,48.658056,-65.752778,1895,Ontario and Quebec,Medical Man,CAN_DIA_ByOcc_1895,by_occupation
2,Lakefield,LakefieldOntario,44.416667,-78.333333,1895,Ontario,Indian Lands Agent,CAN_DIA_ByOcc_1895,by_occupation
2,Nil,Rice LakeOntario,44.183333,-78.166667,1895,Ontario and Quebec,Medical Man,CAN_DIA_ByOcc_1895,by_occupation
2,Nil,GaspeQuebec,48.833333,-64.483333,1895,Ontario and Quebec,Medical Man,CAN_DIA_ByOcc_1895,by_occupation
2,Kingsclear,KingsclearNew Brunswick,45.883333,-66.9,1895,New Brunswick,Missionary,CAN_DIA_ByOcc_1895,by_occupation
2,Nil,Garden RiverOntario,46.529722,-84.158889,1895,Ontario and Quebec,Medical Man,CAN_DIA_ByOcc_1895,by_occupation
2,Oak Point,Oak PointNew Brunswick,47.099,-65.348,1895,New Brunswick,Missionary,CAN_DIA_ByOcc_1895,by_occupation
2,Nil,Mississaguas of the CreditOntario,43.0,-80.1,1895,Ontario and Quebec,Medical Man,CAN_DIA_ByOcc_1895,by_occupation
2,Nil,Walpole IslandOntario,42.55,-82.483333,1895,Ontario and Quebec,Medical Man,CAN_DIA_ByOcc_1895,by_occupation
2,Kutawa,KutawaSaskatchewan,51.41666,-104.22305,1895,"North-West Territories, Manitoba and Keewatin",Labourer,CAN_DIA_ByOcc_1895,by_occupation
2,Nil,Victoria CountyNew Brunswick,47.075194,-67.329389,1895,New Brunswick,Acting Supt.,CAN_DIA_ByOcc_1895,by_occupation
2,Nil,WinnipegManitoba,49.899444,-97.139167,1895,"North-West Territories, Manitoba and Keewatin",Medical Officer,CAN_DIA_ByOcc_1895,by_occupation
2,Kutawa,KutawaSaskatchewan,51.41666,-104.22305,1895,"North-West Territories, Manitoba and Keewatin",Indian Agent,CAN_DIA_ByOcc_1895,by_occupation
2,Nil,Manitoulin IslandOntario,45.766667,-82.2,1895,Ontario and Quebec,Medical Man,CAN_DIA_ByOcc_1895,by_occupation
2,Kutawa,KutawaSaskatchewan,51.41666,-104.22305,1895,"North-West Territories, Manitoba and Keewatin",Clerk,CAN_DIA_ByOcc_1895,by_occupation
2,Nil,Whitefish LakeOntario,48.218,-90.0,1895,Ontario and Quebec,Medical Man,CAN_DIA_ByOcc_1895,by_occupation
2,Ivy Lea,Ivy LeaOntario,44.364855,-76.011939,1895,Ontario,Guardian of Islands.,CAN_DIA_ByOcc_1895,by_occupation
2,Ottawa,OttawaOntario,45.416667,-75.683333,1895,Ontario,Messenger,CAN_DIA_ByOcc_1895,by_occupation
2,Highgate,HighgateOntario,42.5009,-81.8166,1895,Ontario,Indian Agent,CAN_DIA_ByOcc_1895,by_occupation
2,Griswold,GriswoldManitoba,49.775,-100.470833,1895,"North-West Territories, Manitoba and Keewatin","Farmer, Oak River",CAN_DIA_ByOcc_1895,by_occupation
2,Munceytown,MunceytownOntario,42.8,-81.483333,1895,Ontario and Quebec,Missionary,CAN_DIA_ByOcc_1895,by_occupation
2,Hazelton,HazeltonBritish Columbia,55.25,-127.666667,1895,British Columbia,Indian Agent,CAN_DIA_ByOcc_1895,by_occupation
2,Morley,MorleyAlberta,51.16153,-114.85095,1895,"North-West Territories, Manitoba and Keewatin",Farmer,CAN_DIA_ByOcc_1895,by_occupation
2,N. Temiscamingue,N. TemiscamingQuebec,48.233333,-79.016667,1895,Quebec,Indian Agent,CAN_DIA_ByOcc_1895,by_occupation
2,Heatherton,HeathertonNova Scotia,45.587856,-61.792089,1895,Nova Scotia,Indian Agent,CAN_DIA_ByOcc_1895,by_occupation
2,Higgins Road,Higgins RoadPrince Edward Island,46.51813,-64.077,1895,Prince Edward Island,Indian Supt,CAN_DIA_ByOcc_1895,by_occupation
2,Hagersville,HagersvilleOntario,42.95,-80.05,1895,Ontario,Indian Agent,CAN_DIA_ByOcc_1895,by_occupation
2,New Wesminster,New WestminsterBritish Columbia,49.206944,-122.911111,1895,British Columbia,Indian Agent,CAN_DIA_ByOcc_1895,by_occupation
2,Higgins Road,Higgins RoadPrince Edward Island,46.51813,-64.077,1895,Prince Edward Island,Teacher,CAN_DIA_ByOcc_1895,by_occupation
2,Metlakahtla,MetlakatlaBritish Columbia,54.335833,-130.443333,1895,British Columbia,Engineer on steamer 'Vigilant',CAN_DIA_ByOcc_1895,by_occupation
2,Metlakahtla,MetlakatlaBritish Columbia,54.335833,-130.443333,1895,British Columbia,Indian Agent,CAN_DIA_ByOcc_1895,by_occupation
1,Ottawa,OttawaOntario,45.416667,-75.683333,1895,Ontario,Superintendent General,CAN_DIA_ByOcc_1895,by_occupation
1,Ottawa,OttawaOntario,45.416667,-75.683333,1895,Ontario,Solicitor of Indian Affairs,CAN_DIA_ByOcc_1895,by_occupation
1,Ottawa,OttawaOntario,45.416667,-75.683333,1895,Ontario,Packer,CAN_DIA_ByOcc_1895,by_occupation
1,Ottawa,OttawaOntario,45.416667,-75.683333,1895,Ontario,Dep'y Supt. General,CAN_DIA_ByOcc_1895,by_occupation
1,Ottawa,OttawaOntario,45.416667,-75.683333,1895,Ontario,Chief Clerk and Accountant,CAN_DIA_ByOcc_1895,by_occupation
1,Nil,Nil,0.0,0.0,1895, ,Inspector of Timber,CAN_DIA_ByOcc_1895,by_occupation
1,Nil,Nil,0.0,0.0,1895, ,Inspector of Indian Agencies an reserves,CAN_DIA_ByOcc_1895,by_occupation
1,Nil,Nil,0.0,0.0,1895, ,"In charge of Surveys of Indian Reserves in Manitoba, Keewatin, North-west Territories, and part of Ontario formally called 'disputed territory.'",CAN_DIA_ByOcc_1895,by_occupation
20,Ottawa,OttawaOntario,45.416667,-75.683333,1900,Ontario,Junior Second Class Clerk,CAN_DIA_ByOcc_1900,by_occupation
10,Ottawa,OttawaOntario,45.416667,-75.683333,1900,Ontario,Second Class Clerk,CAN_DIA_ByOcc_1900,by_occupation
8,Ottawa,OttawaOntario,45.416667,-75.683333,1900,Ontario,Writer,CAN_DIA_ByOcc_1900,by_occupation
4,Battleford,BattlefordSaskatchewan,52.738333,-108.315278,1900,"Manitoba, Keewatin and Northwest Territories",Farmer,CAN_DIA_ByOcc_1900,by_occupation
4,Duck Lake,Duck LakeSaskatchewan,52.816667,-106.233333,1900,"Manitoba, Keewatin and Northwest Territories",Farmer,CAN_DIA_ByOcc_1900,by_occupation
4,Ottawa,OttawaOntario,45.416667,-75.683333,1900,Ontario,First Class Clerk,CAN_DIA_ByOcc_1900,by_occupation
3,Winnipeg,WinnipegManitoba,49.899444,-97.139167,1900,"Manitoba, Keewatin and Northwest Territories",Clerk,CAN_DIA_ByOcc_1900,by_occupation
3,Kutawa,KutawaSaskatchewan,51.41666,-104.22305,1900,"Manitoba, Keewatin and Northwest Territories",Farmer,CAN_DIA_ByOcc_1900,by_occupation
3,Nil,Manitoulin IslandOntario,45.766667,-82.2,1900,Ontario,Medical Officer,CAN_DIA_ByOcc_1900,by_occupation
3,Macleod,MacleodAlberta,49.725583,-113.397528,1900,"Manitoba, Keewatin and Northwest Territories",Scout,CAN_DIA_ByOcc_1900,by_occupation
3,Macleod,MacleodAlberta,49.725583,-113.397528,1900,"Manitoba, Keewatin and Northwest Territories",Farmer,CAN_DIA_ByOcc_1900,by_occupation
2,Regina,ReginaSaskatchewan,50.454722,-104.606667,1900,"Manitoba, Keewatin and Northwest Territories",Farmer,CAN_DIA_ByOcc_1900,by_occupation
2,Saddle Lake,Saddle LakeAlberta,53.968333,-111.691944,1900,"Manitoba, Keewatin and Northwest Territories",Farmer,CAN_DIA_ByOcc_1900,by_occupation
2,Gleichen,GleichenAlberta,50.866111,-113.054722,1900,"Manitoba, Keewatin and Northwest Territories",Farmer,CAN_DIA_ByOcc_1900,by_occupation
2,Broadview,BroadviewSaskatchewan,50.376,-102.579,1900,"Manitoba, Keewatin and Northwest Territories",Farmer,CAN_DIA_ByOcc_1900,by_occupation
2,Edmonton,EdmontonAlberta,53.533333,-113.5,1900,"Manitoba, Keewatin and Northwest Territories",Farmer,CAN_DIA_ByOcc_1900,by_occupation
2,Nil,Bay of QuinteOntario,44.15,-77.25,1900,Ontario,Medical Officer,CAN_DIA_ByOcc_1900,by_occupation
2,Hollbroke,"HollbrokeManitoba, Keewatin and Northwest Territories",52.826667,-113.451667,1900,"Manitoba, Keewatin and Northwest Territories",Farmer,CAN_DIA_ByOcc_1900,by_occupation
2,Macleod,MacleodAlberta,49.725583,-113.397528,1900,"Manitoba, Keewatin and Northwest Territories",Nurse,CAN_DIA_ByOcc_1900,by_occupation
2,Macleod,MacleodAlberta,49.725583,-113.397528,1900,"Manitoba, Keewatin and Northwest Territories",Issuer,CAN_DIA_ByOcc_1900,by_occupation
2,Macleod,MacleodAlberta,49.725583,-113.397528,1900,"Manitoba, Keewatin and Northwest Territories",Indian Agent,CAN_DIA_ByOcc_1900,by_occupation
2,Mistawasis,MistawasisSaskatchewan,53.162778,-106.802778,1900,"Manitoba, Keewatin and Northwest Territories",Farmer,CAN_DIA_ByOcc_1900,by_occupation
2,Ottawa,OttawaOntario,45.416667,-75.683333,1900,Ontario,Messenger,CAN_DIA_ByOcc_1900,by_occupation
1,Quamichan,QuamichanBritish Columbia,48.79972222,-123.6619444,1900,British Columbia,Medical Officer,CAN_DIA_ByOcc_1900,by_occupation
1,Quamichan,QuamichanBritish Columbia,48.79972222,-123.6619444,1900,British Columbia,Indian Agent,CAN_DIA_ByOcc_1900,by_occupation
1,Qu'Appelle,"Qu'AppelleManitoba, Keewatin and Northwest Territories",50.541,-103.874,1900,"Manitoba, Keewatin and Northwest Territories",Interp'r & mail carrier,CAN_DIA_ByOcc_1900,by_occupation
1,Qu'Appelle,"Qu'AppelleManitoba, Keewatin and Northwest Territories",50.541,-103.874,1900,"Manitoba, Keewatin and Northwest Territories",Inspector of Indian Agencies and Reserves,CAN_DIA_ByOcc_1900,by_occupation
1,Qu'Appelle,"Qu'AppelleManitoba, Keewatin and Northwest Territories",50.541,-103.874,1900,"Manitoba, Keewatin and Northwest Territories",Indian Agent,CAN_DIA_ByOcc_1900,by_occupation
1,Qu'Appelle,"Qu'AppelleManitoba, Keewatin and Northwest Territories",50.541,-103.874,1900,"Manitoba, Keewatin and Northwest Territories",Herder,CAN_DIA_ByOcc_1900,by_occupation
1,Qu'Appelle,"Qu'AppelleManitoba, Keewatin and Northwest Territories",50.541,-103.874,1900,"Manitoba, Keewatin and Northwest Territories",Farmer,CAN_DIA_ByOcc_1900,by_occupation
1,Qu'Appelle,"Qu'AppelleManitoba, Keewatin and Northwest Territories",50.541,-103.874,1900, ,Medical Officer,CAN_DIA_ByOcc_1900,by_occupation
1,Rat Portage,Rat PortageOntario,49.766667,-94.483333,1900,Ontario,Medical Officer,CAN_DIA_ByOcc_1900,by_occupation
1,Rat Portage,Rat PortageOntario,49.766667,-94.483333,1900,"Manitoba, Keewatin and Northwest Territories",Inspector of Indian Agencies and Reserves,CAN_DIA_ByOcc_1900,by_occupation
1,Saddle Lake,Saddle LakeAlberta,53.968333,-111.691944,1900,"Manitoba, Keewatin and Northwest Territories",Clerk,CAN_DIA_ByOcc_1900,by_occupation
1,Saddle Lake,Saddle LakeAlberta,53.968333,-111.691944,1900,"Manitoba, Keewatin and Northwest Territories",Miller,CAN_DIA_ByOcc_1900,by_occupation
1,Saddle Lake,Saddle LakeAlberta,53.968333,-111.691944,1900,"Manitoba, Keewatin and Northwest Territories",Indian Agent,CAN_DIA_ByOcc_1900,by_occupation
1,Saddle Lake,Saddle LakeAlberta,53.968333,-111.691944,1900,"Manitoba, Keewatin and Northwest Territories",Interpreter,CAN_DIA_ByOcc_1900,by_occupation
1,Roseneath,RoseneathOntario,44.083333,-78.033333,1900,Ontario,Indian Agent,CAN_DIA_ByOcc_1900,by_occupation
1,Sarnia,SarniaOntario,42.999444,-82.308889,1900,Ontario,Indian Agent,CAN_DIA_ByOcc_1900,by_occupation
1,Regina,ReginaSaskatchewan,50.454722,-104.606667,1900,"Manitoba, Keewatin and Northwest Territories",Interpreter,CAN_DIA_ByOcc_1900,by_occupation
1,Regina,ReginaSaskatchewan,50.454722,-104.606667,1900,"Manitoba, Keewatin and Northwest Territories",Indian Agent,CAN_DIA_ByOcc_1900,by_occupation
1,Regina,ReginaSaskatchewan,50.454722,-104.606667,1900,"Manitoba, Keewatin and Northwest Territories",Herder,CAN_DIA_ByOcc_1900,by_occupation
1,Regina,ReginaSaskatchewan,50.454722,-104.606667,1900,"Manitoba, Keewatin and Northwest Territories",Farmer and Clerk,CAN_DIA_ByOcc_1900,by_occupation
1,Richibucto,RichibuctoNew Brunswick,46.659,-64.76,1900,New Brunswick,Indian Agent,CAN_DIA_ByOcc_1900,by_occupation
1,River Desert,River DesertQuebec,46.333333,-75.966667,1900,Quebec,Indian Agent,CAN_DIA_ByOcc_1900,by_occupation
1,Parry Sound,Parry IslandOntario,45.283333,-80.15,1900,Ontario,Indian Supt.,CAN_DIA_ByOcc_1900,by_occupation
1,Pictou,PictonNova Scotia,45.681389,-62.711944,1900,Nova Scotia,Medical Officer,CAN_DIA_ByOcc_1900,by_occupation
1,Penetanguishene,PenetanguisheneOntario,44.766667,-79.933333,1900,Ontario,Indian Agent,CAN_DIA_ByOcc_1900,by_occupation
1,Parrsboro,ParrsboroNova Scotia,45.405833,-64.325833,1900,Nova Scotia,Indian Agent,CAN_DIA_ByOcc_1900,by_occupation
1,Portage la Prairie,Portage la PrairieManitoba,49.972778,-98.291944,1900,"Manitoba, Keewatin and Northwest Territories",Interpreter,CAN_DIA_ByOcc_1900,by_occupation
1,Portage la Prairie,Portage la PrairieManitoba,49.972778,-98.291944,1900,"Manitoba, Keewatin and Northwest Territories",Inspector of Indian Agencies and Reserves.,CAN_DIA_ByOcc_1900,by_occupation
1,Portage la Prairie,Portage la PrairieManitoba,49.972778,-98.291944,1900,"Manitoba, Keewatin and Northwest Territories",Indian Agent,CAN_DIA_ByOcc_1900,by_occupation
1,Port Perry,Port PerryOntario,44.1,-78.95,1900,Ontario,Indian Agent,CAN_DIA_ByOcc_1900,by_occupation
1,Sarnia,SarniaOntario,42.999444,-82.308889,1900,Ontario,Indian Land Agent,CAN_DIA_ByOcc_1900,by_occupation
1,Pierreville,PierrevilleQuebec,46.066667,-72.816667,1900,Quebec,Missionary (R.C.),CAN_DIA_ByOcc_1900,by_occupation
1,Port Arthur,Port ArthurOntario,48.45,-89.23,1900,Ontario,Indian Agent,CAN_DIA_ByOcc_1900,by_occupation
1,Poplar Hill,Poplar HillOntario,52.1,-94.3,1900,Ontario,Indian Agent,CAN_DIA_ByOcc_1900,by_occupation
1,Pointe Blue,Pointe BleueQuebec,48.566667,-72.233333,1900,Quebec,Indian Agent,CAN_DIA_ByOcc_1900,by_occupation
1,Virginia,VirginiaOntario,44.31657,-79.27771,1900,Ontario,Indian Agent,CAN_DIA_ByOcc_1900,by_occupation
1,Victoria,VictoriaBritish Columbia,48.422,-123.365,1900,British Columbia,Surveyor,CAN_DIA_ByOcc_1900,by_occupation
1,Victoria,VictoriaBritish Columbia,48.422,-123.365,1900,British Columbia,Senior Clerk,CAN_DIA_ByOcc_1900,by_occupation
1,Victoria,VictoriaBritish Columbia,48.422,-123.365,1900,British Columbia,Messenger,CAN_DIA_ByOcc_1900,by_occupation
1,Victoria,VictoriaBritish Columbia,48.422,-123.365,1900,British Columbia,Indian Supt. and Reserve Com. for B.C.,CAN_DIA_ByOcc_1900,by_occupation
1,Victoria,VictoriaBritish Columbia,48.422,-123.365,1900,British Columbia,Clerk,CAN_DIA_ByOcc_1900,by_occupation
1,Tobique,TobiqueNew Brunswick,46.8,-67.6,1900,New Brunswick,Missionary R.C.,CAN_DIA_ByOcc_1900,by_occupation
1,Tobique,TobiqueNew Brunswick,46.8,-67.6,1900,New Brunswick,Medical Officer,CAN_DIA_ByOcc_1900,by_occupation
1,Tobique,TobiqueNew Brunswick,46.8,-67.6,1900,New Brunswick,Caretaker of Church,CAN_DIA_ByOcc_1900,by_occupation
1,Wallaceburg,WallaceburgOntario,42.594722,-82.384167,1900,Ontario,Indian Agent,CAN_DIA_ByOcc_1900,by_occupation
1,Truro,TruroNova Scotia,45.364722,-63.28,1900,Nova Scotia,Medical Officer,CAN_DIA_ByOcc_1900,by_occupation
1,Truro,TruroNova Scotia,45.364722,-63.28,1900,Nova Scotia,Indian Agent,CAN_DIA_ByOcc_1900,by_occupation
1,Winnipeg,WinnipegManitoba,49.899444,-97.139167,1900,"Manitoba, Keewatin and Northwest Territories",Indian Commissioner,CAN_DIA_ByOcc_1900,by_occupation
1,Winnipeg,WinnipegManitoba,49.899444,-97.139167,1900,"Manitoba, Keewatin and Northwest Territories",Inspector of Indian Agencies and Reserves,CAN_DIA_ByOcc_1900,by_occupation
1,Winnipeg,WinnipegManitoba,49.899444,-97.139167,1900,"Manitoba, Keewatin and Northwest Territories",Caretaker,CAN_DIA_ByOcc_1900,by_occupation
1,Winnipeg,WinnipegManitoba,49.899444,-97.139167,1900,"Manitoba, Keewatin and Northwest Territories",Typewriter,CAN_DIA_ByOcc_1900,by_occupation
1,Winnipeg,WinnipegManitoba,49.899444,-97.139167,1900,"Manitoba, Keewatin and Northwest Territories","Surveyor in charge of Indian reserve surveys in N.W.T., Manitoba, Keewatin and part of Ontario",CAN_DIA_ByOcc_1900,by_occupation
1,Winnipeg,WinnipegManitoba,49.899444,-97.139167,1900,"Manitoba, Keewatin and Northwest Territories",Storekeeper,CAN_DIA_ByOcc_1900,by_occupation
1,Winnipeg,WinnipegManitoba,49.899444,-97.139167,1900,"Manitoba, Keewatin and Northwest Territories",Stenographer and Typewriter,CAN_DIA_ByOcc_1900,by_occupation
1,Winnipeg,WinnipegManitoba,49.899444,-97.139167,1900,"Manitoba, Keewatin and Northwest Territories",Secy. to Commiss'r.,CAN_DIA_ByOcc_1900,by_occupation
1,Woodstock,WoodstockNew Brunswick,46.152222,-67.598333,1900,New Brunswick,Medical Officer,CAN_DIA_ByOcc_1900,by_occupation
1,Wolseley,"WolseleyManitoba, Keewatin and Northwest Territories",50.425,-103.273,1900,"Manitoba, Keewatin and Northwest Territories",Labourer,CAN_DIA_ByOcc_1900,by_occupation
1,Wolseley,"WolseleyManitoba, Keewatin and Northwest Territories",50.425,-103.273,1900,"Manitoba, Keewatin and Northwest Territories",Farmer in charge,CAN_DIA_ByOcc_1900,by_occupation
1,Yarmouth,YarmouthNova Scotia,49.899444,-97.139167,1900,Nova Scotia,Indian Agent,CAN_DIA_ByOcc_1900,by_occupation
1,Whitewood,WhitewoodSaskatchewan,50.333333,-102.25,1900, ,Medical Officer,CAN_DIA_ByOcc_1900,by_occupation
1,Whycocomagh,WhycocomaghNova Scotia,45.976686,-61.117972,1900,Nova Scotia,Medical Officer,CAN_DIA_ByOcc_1900,by_occupation
1,Wiarton,WiartonOntario,44.743611,-81.140833,1900,Ontario,Indian Land Agent,CAN_DIA_ByOcc_1900,by_occupation
1,Shubenacadie,ShubenacadieNova Scotia,45.139883,-63.417547,1900,Nova Scotia,Medical Officer,CAN_DIA_ByOcc_1900,by_occupation
1,Shelburne,ShelburneNova Scotia,43.763333,-65.323611,1900,Nova Scotia,Indian Agent,CAN_DIA_ByOcc_1900,by_occupation
1,Shubenacadie,ShubenacadieNova Scotia,45.139883,-63.417547,1900,Nova Scotia,Indian Agent,CAN_DIA_ByOcc_1900,by_occupation
1,St. Alexis de Metapedia,St. Alexis de MetapediaQuebec,47.966667,-67.05,1900,Quebec,Indian Agent,CAN_DIA_ByOcc_1900,by_occupation
1,St. Francois du Lac,St. Francois du LacQuebec,46.066667,-72.833333,1900,Quebec,Indian Agent,CAN_DIA_ByOcc_1900,by_occupation
1,Savona,SavonaBritish Columbia,50.75,-120.85,1900,British Columbia,Indian Agent,CAN_DIA_ByOcc_1900,by_occupation
1,Sault Ste Marie,Sault Ste MarieOntario,46.533333,-84.35,1900,Ontario,Indian Land Agent,CAN_DIA_ByOcc_1900,by_occupation
1,Saskatoon,SaskatoonSaskatchewan,52.133333,-106.683333,1900,"Manitoba, Keewatin and Northwest Territories",Overseer,CAN_DIA_ByOcc_1900,by_occupation
1,Sheet Harbour,Sheet HarbourNova Scotia,44.916667,-62.533333,1900,Nova Scotia,Indian Agent,CAN_DIA_ByOcc_1900,by_occupation
1,Sydney,SydneyNova Scotia,46.13631,-60.19551,1900,Nova Scotia,Medical Officer,CAN_DIA_ByOcc_1900,by_occupation
1,The Pas,The PasSaskatchewan,53.825,-101.253333,1900,"Manitoba, Keewatin and Northwest Territories",Indian Agent,CAN_DIA_ByOcc_1900,by_occupation
1,Thessalon,ThessalonOntario,46.25,-83.55,1900,Ontario,Indian Agent,CAN_DIA_ByOcc_1900,by_occupation
1,St. Regis,St. RegisQuebec,44.971111,-74.641944,1900,Quebec,Missionary (R.C.),CAN_DIA_ByOcc_1900,by_occupation
1,St. Regis,St. RegisQuebec,44.971111,-74.641944,1900,Quebec,Indian Agent,CAN_DIA_ByOcc_1900,by_occupation
1,St. Peter's,St. PetersNova Scotia,45.663964,-60.894469,1900,Nova Scotia,Medical Officer,CAN_DIA_ByOcc_1900,by_occupation
1,St. Peters,St. PetersNova Scotia,45.663964,-60.894469,1900,Nova Scotia,Indian Agent,CAN_DIA_ByOcc_1900,by_occupation
1,Steam Mills,Steam MillsNova Scotia,45.109972,-64.514139,1900,Nova Scotia,Indian Agent,CAN_DIA_ByOcc_1900,by_occupation
1,Bridgewater,BridgewaterNova Scotia,44.37,-64.52,1900,Nova Scotia,Medical Officer,CAN_DIA_ByOcc_1900,by_occupation
1,Brantford,BrantfordOntario,43.166667,-80.25,1900,Ontario,"Clerk, Indian Office",CAN_DIA_ByOcc_1900,by_occupation
1,Brantford,BrantfordOntario,43.166667,-80.25,1900,Ontario,Indian Supt,CAN_DIA_ByOcc_1900,by_occupation
1,Birtle,BirtleManitoba,50.4225,-101.0475,1900,"Manitoba, Keewatin and Northwest Territories",Interpreter,CAN_DIA_ByOcc_1900,by_occupation
1,Birtle,BirtleManitoba,50.4225,-101.0475,1900,"Manitoba, Keewatin and Northwest Territories",Indian Agent,CAN_DIA_ByOcc_1900,by_occupation
1,Birtle,BirtleManitoba,50.4225,-101.0475,1900,"Manitoba, Keewatin and Northwest Territories",Clerk,CAN_DIA_ByOcc_1900,by_occupation
1,Birtle,BirtleManitoba,50.4225,-101.0475,1900,"Manitoba, Keewatin and Northwest Territories",Farmer,CAN_DIA_ByOcc_1900,by_occupation
1,Calgary,CalgaryAlberta,51.05,-114.066667,1900,"Manitoba, Keewatin and Northwest Territories",Inspector of Indian Agencies and Reserves,CAN_DIA_ByOcc_1900,by_occupation
1,Calgary,CalgaryAlberta,51.05,-114.066667,1900,"Manitoba, Keewatin and Northwest Territories",Scout,CAN_DIA_ByOcc_1900,by_occupation
1,Calgary,CalgaryAlberta,51.05,-114.066667,1900,"Manitoba, Keewatin and Northwest Territories",Indian Agent,CAN_DIA_ByOcc_1900,by_occupation
1,Calgary,CalgaryAlberta,51.05,-114.066667,1900,"Manitoba, Keewatin and Northwest Territories",Interpreter,CAN_DIA_ByOcc_1900,by_occupation
1,Calgary,CalgaryAlberta,51.05,-114.066667,1900,"Manitoba, Keewatin and Northwest Territories",Assistant Issuer,CAN_DIA_ByOcc_1900,by_occupation
1,Canning,CanningNova Scotia,45.157917,-64.424167,1900,Nova Scotia,Medical Officer,CAN_DIA_ByOcc_1900,by_occupation
1,Canni'gton Manor,"Canington ManorNorthwest Territories, Manitoba and Keewatin",49.733333,-102.045833,1900,"Manitoba, Keewatin and Northwest Territories",Labourer,CAN_DIA_ByOcc_1900,by_occupation
1,Canni'gton Manor,"Canington ManorNorthwest Territories, Manitoba and Keewatin",49.733333,-102.045833,1900,"Manitoba, Keewatin and Northwest Territories",Farmer in charge,CAN_DIA_ByOcc_1900,by_occupation
1,Broadview,BroadviewSaskatchewan,50.376,-102.579,1900,"Manitoba, Keewatin and Northwest Territories",Miller and Blacksmith,CAN_DIA_ByOcc_1900,by_occupation
1,Broadview,BroadviewSaskatchewan,50.376,-102.579,1900,"Manitoba, Keewatin and Northwest Territories",Interpreter,CAN_DIA_ByOcc_1900,by_occupation
1,Broadview,BroadviewSaskatchewan,50.376,-102.579,1900,"Manitoba, Keewatin and Northwest Territories",Indian Agent,CAN_DIA_ByOcc_1900,by_occupation
1,Broadview,BroadviewSaskatchewan,50.376,-102.579,1900,"Manitoba, Keewatin and Northwest Territories",Clerk,CAN_DIA_ByOcc_1900,by_occupation
1,Cacouna,CacounaQuebec,47.916667,-69.5,1900,Quebec,Indian Agent,CAN_DIA_ByOcc_1900,by_occupation
1,Caledonia,CaledoniaNova Scotia,44.378889,-65.032222,1900,Nova Scotia,Indian Agent,CAN_DIA_ByOcc_1900,by_occupation
1,Baddeck,BaddeckNova Scotia,46.1,-60.754167,1900,Nova Scotia,Indian Agent,CAN_DIA_ByOcc_1900,by_occupation
1,Baddeck,BaddeckNova Scotia,46.1,-60.754167,1900,Nova Scotia,Medical Officer,CAN_DIA_ByOcc_1900,by_occupation
1,Atherley,AtherleyOntario,44.60314,-79.36431,1900,Ontario,Indian Agent,CAN_DIA_ByOcc_1900,by_occupation
1,Alberni,AlberniBritish Columbia,49.233889,-124.805,1900,British Columbia,Indian Agent,CAN_DIA_ByOcc_1900,by_occupation
1,Antigonish,AntigonishNova Scotia,45.626522,-61.998253,1900,Nova Scotia,Medical Officer,CAN_DIA_ByOcc_1900,by_occupation
1,Annapolis,AnnapolisNova Scotia,44.741667,-65.515278,1900,Nova Scotia,Medical Officer,CAN_DIA_ByOcc_1900,by_occupation
1,Annapolis,AnnapolisNova Scotia,44.741667,-65.515278,1900,Nova Scotia,Indian Agent,CAN_DIA_ByOcc_1900,by_occupation
1,Bear River,Bear RiverNova Scotia,44.572222,-65.643889,1900,Nova Scotia,Indian Agent,CAN_DIA_ByOcc_1900,by_occupation
1,Becancour,BecancourQuebec,46.333333,-72.433333,1900,Quebec,Indian Agent,CAN_DIA_ByOcc_1900,by_occupation
1,Big Cove,Big CoveNew Brunswick,46.596667,-64.980556,1900,New Brunswick,Missionary R.C.,CAN_DIA_ByOcc_1900,by_occupation
1,Big Cove,Big CoveNew Brunswick,46.596667,-64.980556,1900,New Brunswick,Medical Officer,CAN_DIA_ByOcc_1900,by_occupation
1,Big Cove,Big CoveNew Brunswick,46.596667,-64.980556,1900,New Brunswick,Constable,CAN_DIA_ByOcc_1900,by_occupation
1,Bersimis,BersimisQuebec,48.95,-68.65,1900,Quebec,Indian Agent,CAN_DIA_ByOcc_1900,by_occupation
1,Berens River,"Berens River Man.Manitoba, Keewatin and North-West Territories",52.364,-97.027,1900,"Manitoba, Keewatin and Northwest Territories",Indian Agent,CAN_DIA_ByOcc_1900,by_occupation
1,Battleford,BattlefordSaskatchewan,52.738333,-108.315278,1900,"Manitoba, Keewatin and Northwest Territories",Indian Agent,CAN_DIA_ByOcc_1900,by_occupation
1,Battleford,BattlefordSaskatchewan,52.738333,-108.315278,1900,"Manitoba, Keewatin and Northwest Territories",Asst. Farmer,CAN_DIA_ByOcc_1900,by_occupation
1,Battleford,BattlefordSaskatchewan,52.738333,-108.315278,1900,"Manitoba, Keewatin and Northwest Territories",T'mster & Interpreter,CAN_DIA_ByOcc_1900,by_occupation
1,Battleford,BattlefordSaskatchewan,52.738333,-108.315278,1900,"Manitoba, Keewatin and Northwest Territories",Clerk,CAN_DIA_ByOcc_1900,by_occupation
1,Fort Frances,Fort FrancesOntario,48.616667,-93.4,1900,"Manitoba, Keewatin and Northwest Territories",Indian Agent,CAN_DIA_ByOcc_1900,by_occupation
1,Edmundston,EdmundstonNew Brunswick,47.3765,-68.325347,1900,New Brunswick,Missionary R.C.,CAN_DIA_ByOcc_1900,by_occupation
1,Edmonton,EdmontonAlberta,53.533333,-113.5,1900,"Manitoba, Keewatin and Northwest Territories",Interpreter,CAN_DIA_ByOcc_1900,by_occupation
1,Edmonton,EdmontonAlberta,53.533333,-113.5,1900,"Manitoba, Keewatin and Northwest Territories",Indian Agent,CAN_DIA_ByOcc_1900,by_occupation
1,Edmonton,EdmontonAlberta,53.533333,-113.5,1900,"Manitoba, Keewatin and Northwest Territories",Clerk,CAN_DIA_ByOcc_1900,by_occupation
1,Eureka,EurekaNova Scotia,45.498056,-62.686111,1900,Nova Scotia,Indian Agent,CAN_DIA_ByOcc_1900,by_occupation
1,Eel Ground,Eel GroundNew Brunswick,46.969222,-65.627278,1900,New Brunswick,Constable,CAN_DIA_ByOcc_1900,by_occupation
1,Glendale,GlendaleNova Scotia,45.815639,-61.313667,1900,Nova Scotia,Indian Agent,CAN_DIA_ByOcc_1900,by_occupation
1,Gleichen,GleichenAlberta,50.866111,-113.054722,1900,"Manitoba, Keewatin and Northwest Territories",Clerk,CAN_DIA_ByOcc_1900,by_occupation
1,Gleichen,GleichenAlberta,50.866111,-113.054722,1900,"Manitoba, Keewatin and Northwest Territories",Issuer,CAN_DIA_ByOcc_1900,by_occupation
1,Gleichen,GleichenAlberta,50.866111,-113.054722,1900,"Manitoba, Keewatin and Northwest Territories",Teamster,CAN_DIA_ByOcc_1900,by_occupation
1,Gleichen,GleichenAlberta,50.866111,-113.054722,1900,"Manitoba, Keewatin and Northwest Territories",Indian Agent,CAN_DIA_ByOcc_1900,by_occupation
1,Gore Bay,Gore BayOntario,45.916667,-82.466667,1900,Ontario,Indian Agent,CAN_DIA_ByOcc_1900,by_occupation
1,Fort Steele,Fort SteeleBritish Columbia,49.616667,-115.633333,1900,British Columbia,Indian Agent,CAN_DIA_ByOcc_1900,by_occupation
1,Gananoque,GananoqueOntario,44.33,-76.17,1900,Ontario,Guardian of Islands,CAN_DIA_ByOcc_1900,by_occupation
1,Fredericton,FrecerictonNew Brunswick,45.95,-66.666667,1900,New Brunswick,Indian Agent,CAN_DIA_ByOcc_1900,by_occupation
1,Chippewa Hill,Chippawa HillOntario,48.34583333,-89.30277778,1900,Ontario,Indian Agent,CAN_DIA_ByOcc_1900,by_occupation
1,Christmas Island,Christmas IslandNova Scotia,45.972311,-60.748333,1900,Nova Scotia,Indian Agent,CAN_DIA_ByOcc_1900,by_occupation
1,Cormac,CormacOntario,45.4633,-77.2942,1900,Ontario,Indian Agent,CAN_DIA_ByOcc_1900,by_occupation
1,Cote,"CoteManitoba, Keewatin and Northwest Territories",51.565,-101.894722,1900,"Manitoba, Keewatin and Northwest Territories",Labourer,CAN_DIA_ByOcc_1900,by_occupation
1,Cote,"CoteManitoba, Keewatin and Northwest Territories",51.565,-101.894722,1900,"Manitoba, Keewatin and Northwest Territories",Indian Agent,CAN_DIA_ByOcc_1900,by_occupation
1,Cote,"CoteManitoba, Keewatin and Northwest Territories",51.565,-101.894722,1900,"Manitoba, Keewatin and Northwest Territories",Interpreter,CAN_DIA_ByOcc_1900,by_occupation
1,Clinton,ClintonBritish Columbia,51.091389,-121.586667,1900,British Columbia,Indian Agent,CAN_DIA_ByOcc_1900,by_occupation
1,Cape Mudge,Cape MudgeBritish Columbia,49.998556,-125.195528,1900,British Columbia,Indian Agent,CAN_DIA_ByOcc_1900,by_occupation
1,Cape Croker,Cape CrokerOntario,44.908279,-81.022634,1900,Ontario,Indian Agent,CAN_DIA_ByOcc_1900,by_occupation
1,Chatham,ChathamNew Brunswick,47.033,-65.433,1900,New Brunswick, ,CAN_DIA_ByOcc_1900,by_occupation
1,Caughnawaga,CaughnawagaQuebec,45.416667,-73.683333,1900,Quebec,Indian Agent,CAN_DIA_ByOcc_1900,by_occupation
1,Duart,DuartOntario,42.502,-81.7519,1900,Ontario,Indian Agent,CAN_DIA_ByOcc_1900,by_occupation
1,Duck Lake,Duck LakeSaskatchewan,52.816667,-106.233333,1900,"Manitoba, Keewatin and Northwest Territories",Interpreter,CAN_DIA_ByOcc_1900,by_occupation
1,Duck Lake,Duck LakeSaskatchewan,52.816667,-106.233333,1900,"Manitoba, Keewatin and Northwest Territories",Indian Agent,CAN_DIA_ByOcc_1900,by_occupation
1,Dalhousie,DalhousieNew Brunswick,48.1,-66.616667,1900,New Brunswick,Medical Officer,CAN_DIA_ByOcc_1900,by_occupation
1,Deseronto,DeserontoOntario,44.2,-77.05,1900,Ontario,Missionary (C.E.),CAN_DIA_ByOcc_1900,by_occupation
1,Mistawasis,MistawasisSaskatchewan,53.162778,-106.802778,1900,"Manitoba, Keewatin and Northwest Territories",Miller,CAN_DIA_ByOcc_1900,by_occupation
1,Mistawasis,MistawasisSaskatchewan,53.162778,-106.802778,1900,"Manitoba, Keewatin and Northwest Territories",Indian Agent,CAN_DIA_ByOcc_1900,by_occupation
1,Macleod,MacleodAlberta,49.725583,-113.397528,1900,"Manitoba, Keewatin and Northwest Territories",Stockman,CAN_DIA_ByOcc_1900,by_occupation
1,Mistawasis,MistawasisSaskatchewan,53.162778,-106.802778,1900,"Manitoba, Keewatin and Northwest Territories",Clerk,CAN_DIA_ByOcc_1900,by_occupation
1,Lorette,LoretteQuebec,46.861472,-71.357111,1900,Quebec,Missionary (R.C.),CAN_DIA_ByOcc_1900,by_occupation
1,Macleod,MacleodAlberta,49.725583,-113.397528,1900,"Manitoba, Keewatin and Northwest Territories",Hospital Matron,CAN_DIA_ByOcc_1900,by_occupation
1,Macleod,MacleodAlberta,49.725583,-113.397528,1900,"Manitoba, Keewatin and Northwest Territories",Clerk and Issuer,CAN_DIA_ByOcc_1900,by_occupation
1,Macleod,MacleodAlberta,49.725583,-113.397528,1900,"Manitoba, Keewatin and Northwest Territories",Clerk,CAN_DIA_ByOcc_1900,by_occupation
1,Macleod,MacleodAlberta,49.725583,-113.397528,1900,"Manitoba, Keewatin and Northwest Territories",Interpreter,CAN_DIA_ByOcc_1900,by_occupation
1,Melfort,MelfortSaskatchewan,52.856389,-104.61,1900,"Manitoba, Keewatin and Northwest Territories",Overseer,CAN_DIA_ByOcc_1900,by_occupation
1,Marysville,MarysvilleOntario,44.3,-77.2,1900,Ontario,Indian Agent,CAN_DIA_ByOcc_1900,by_occupation
1,Maria,MariaQuebec,48.166667,-65.983333,1900,Quebec,Indian Agent,CAN_DIA_ByOcc_1900,by_occupation
1,Manitowaning,ManitowaningOntario,45.733333,-81.8,1900,Ontario,Indian Agent,CAN_DIA_ByOcc_1900,by_occupation
1,Mallorytown,MallorytownOntario,44.533333,-75.866667,1900,Ontario,Guardian of Islands,CAN_DIA_ByOcc_1900,by_occupation
1,Manitowaning,ManitowaningOntario,45.733333,-81.8,1900,Ontario,"Clerk, Indian Office",CAN_DIA_ByOcc_1900,by_occupation
1,Metlakahtla,MetlakatlaBritish Columbia,54.335833,-130.443333,1900,British Columbia,Indian Agent,CAN_DIA_ByOcc_1900,by_occupation
1,Hollbroke,"HollbrokeManitoba, Keewatin and Northwest Territories",52.826667,-113.451667,1900,"Manitoba, Keewatin and Northwest Territories",Miller,CAN_DIA_ByOcc_1900,by_occupation
1,Hollbroke,"HollbrokeManitoba, Keewatin and Northwest Territories",52.826667,-113.451667,1900,"Manitoba, Keewatin and Northwest Territories",Interpreter,CAN_DIA_ByOcc_1900,by_occupation
1,Hollbroke,"HollbrokeManitoba, Keewatin and Northwest Territories",52.826667,-113.451667,1900,"Manitoba, Keewatin and Northwest Territories",Indian Agent,CAN_DIA_ByOcc_1900,by_occupation
1,Hollbroke,"HollbrokeManitoba, Keewatin and Northwest Territories",52.826667,-113.451667,1900,"Manitoba, Keewatin and Northwest Territories",Blacksmith,CAN_DIA_ByOcc_1900,by_occupation
1,Hollbroke,"HollbrokeManitoba, Keewatin and Northwest Territories",52.826667,-113.451667,1900,"Manitoba, Keewatin and Northwest Territories",Clerk,CAN_DIA_ByOcc_1900,by_occupation
1,Jeune Lorette,Jeune LoretteQuebec,46.861472,-71.357111,1900,Quebec,Indian Agent,CAN_DIA_ByOcc_1900,by_occupation
1,Hagersville,HagersvilleOntario,42.95,-80.05,1900,Ontario,Indian Agent,CAN_DIA_ByOcc_1900,by_occupation
1,Heatherton,HeathertonNova Scotia,45.587856,-61.792089,1900,Nova Scotia,Indian Agent,CAN_DIA_ByOcc_1900,by_occupation
1,Higgins Road,Higgins RoadPrince Edward Island,46.51813,-64.077,1900,Prince Edward Island,Indian Supt.,CAN_DIA_ByOcc_1900,by_occupation
1,Hazelton,HazeltonBritish Columbia,55.25,-127.666667,1900,British Columbia,Indian Agent,CAN_DIA_ByOcc_1900,by_occupation
1,Kutawa,KutawaSaskatchewan,51.41666,-104.22305,1900,"Manitoba, Keewatin and Northwest Territories",Indian Agent,CAN_DIA_ByOcc_1900,by_occupation
1,Kutawa,KutawaSaskatchewan,51.41666,-104.22305,1900,"Manitoba, Keewatin and Northwest Territories",Interpreter,CAN_DIA_ByOcc_1900,by_occupation
1,Kutawa,KutawaSaskatchewan,51.41666,-104.22305,1900,"Manitoba, Keewatin and Northwest Territories",Clerk and Farmer,CAN_DIA_ByOcc_1900,by_occupation
1,Lakefield,LakefieldOntario,44.416667,-78.333333,1900,Ontario,Indian Land Agent,CAN_DIA_ByOcc_1900,by_occupation
1,Keene,KeeneOntario,44.233333,-78.233333,1900,Ontario,Indian Agent,CAN_DIA_ByOcc_1900,by_occupation
1,Oka,OkaQuebec,45.466667,-74.083333,1900,Quebec,Indian Agent,CAN_DIA_ByOcc_1900,by_occupation
1,Oak Point,Oak PointNew Brunswick,47.099,-65.348,1900,New Brunswick,Missionary R.C.,CAN_DIA_ByOcc_1900,by_occupation
1,Onion Lake,Onion LakeSaskatchewan,53.7166638,-110.0,1900,"Manitoba, Keewatin and Northwest Territories",Stockman,CAN_DIA_ByOcc_1900,by_occupation
1,Onion Lake,Onion LakeSaskatchewan,53.7166638,-110.0,1900,"Manitoba, Keewatin and Northwest Territories",Interpreter,CAN_DIA_ByOcc_1900,by_occupation
1,Onion Lake,Onion LakeSaskatchewan,53.7166638,-110.0,1900,"Manitoba, Keewatin and Northwest Territories",Indian Agent,CAN_DIA_ByOcc_1900,by_occupation
1,Onion Lake,Onion LakeSaskatchewan,53.7166638,-110.0,1900,"Manitoba, Keewatin and Northwest Territories",Clerk and Farmer,CAN_DIA_ByOcc_1900,by_occupation
1,Nil,ScugogOntario,44.09,-78.936,1900,Ontario,Medical Officer,CAN_DIA_ByOcc_1900,by_occupation
1,Nil,SaugeenOntario,44.433333,-81.366667,1900,Ontario,Medical Officer,CAN_DIA_ByOcc_1900,by_occupation
1,Nil,Snake IslandOntario,44.316667,-79.483333,1900,Ontario,Medical Officer,CAN_DIA_ByOcc_1900,by_occupation
1,Nil,Six Nations Ontario,43.051111,-80.1225,1900,Ontario,Medical Officer,CAN_DIA_ByOcc_1900,by_occupation
1,Nil,Rice LakeOntario,44.183333,-78.166667,1900,Ontario,Medical Officer,CAN_DIA_ByOcc_1900,by_occupation
1,Nil,River DesertQuebec,46.333333,-75.966667,1900,Quebec,Medical Officer,CAN_DIA_ByOcc_1900,by_occupation
1,Nil,Whitefish LakeOntario,48.218,-90.0,1900,Ontario,Medical Officer,CAN_DIA_ByOcc_1900,by_occupation
1,Nil,Walpole IslandOntario,42.55,-82.483333,1900,Ontario,Medical Officer,CAN_DIA_ByOcc_1900,by_occupation
1,Ottawa,OttawaOntario,45.416667,-75.683333,1900,Ontario,Chief Clerk and Law Clerk,CAN_DIA_ByOcc_1900,by_occupation
1,Ottawa,OttawaOntario,45.416667,-75.683333,1900,Ontario,Superintendent General,CAN_DIA_ByOcc_1900,by_occupation
1,Ottawa,OttawaOntario,45.416667,-75.683333,1900,Ontario,Packer,CAN_DIA_ByOcc_1900,by_occupation
1,Ottawa,OttawaOntario,45.416667,-75.683333,1900,Ontario,First Class Clerk.,CAN_DIA_ByOcc_1900,by_occupation
1,Ottawa,OttawaOntario,45.416667,-75.683333,1900,Ontario,"First Class Clerk, in charge of Land and Timber Branch",CAN_DIA_ByOcc_1900,by_occupation
1,Ottawa,OttawaOntario,45.416667,-75.683333,1900,Ontario,Chief Clerk and Secretary,CAN_DIA_ByOcc_1900,by_occupation
1,Ottawa,OttawaOntario,45.416667,-75.683333,1900,Ontario,Chief Clerk and Assistant Secretary,CAN_DIA_ByOcc_1900,by_occupation
1,Ottawa,OttawaOntario,45.416667,-75.683333,1900,Ontario,Chief Clerk and Accountant,CAN_DIA_ByOcc_1900,by_occupation
1,Ottawa,OttawaOntario,45.416667,-75.683333,1900,Ontario,Deputy Superintendent General,CAN_DIA_ByOcc_1900,by_occupation
1,Newcastle,NewcastleNew Brunswick,46.983,-65.567,1900,New Brunswick,Medical Officer,CAN_DIA_ByOcc_1900,by_occupation
1,New Westminster,New WestminsterBritish Columbia,49.206944,-122.911111,1900,British Columbia,Indian Agent,CAN_DIA_ByOcc_1900,by_occupation
1,Nil,BattlefordSaskatchewan,52.738333,-108.315278,1900, ,Medical Officer,CAN_DIA_ByOcc_1900,by_occupation
1,Nil,BrandonManitoba,49.833333,-99.95,1900, ,Medical Officer,CAN_DIA_ByOcc_1900,by_occupation
1,Nil,"Blood AgencyNorth-West Territories, Manitoba and Keewatin",49.5,-113.2,1900, ,Medical Officer,CAN_DIA_ByOcc_1900,by_occupation
1,Nil,BeausoleilOntario,44.87,-79.868333,1900,Ontario,Medical Officer,CAN_DIA_ByOcc_1900,by_occupation
1,Nil,AlnwickOntario,44.083333,-78.033333,1900,Ontario,Medical Officer,CAN_DIA_ByOcc_1900,by_occupation
1,Morley,MorleyAlberta,51.16153,-114.85095,1900,"Manitoba, Keewatin and Northwest Territories",Herder,CAN_DIA_ByOcc_1900,by_occupation
1,Morley,MorleyAlberta,51.16153,-114.85095,1900,"Manitoba, Keewatin and Northwest Territories",Farmer in charge,CAN_DIA_ByOcc_1900,by_occupation
1,Morley,MorleyAlberta,51.16153,-114.85095,1900,"Manitoba, Keewatin and Northwest Territories",Clerk,CAN_DIA_ByOcc_1900,by_occupation
1,Montreal Lake,"Montreal LakeManitoba, Keewatin and North-West Territories",54.333333,-105.666667,1900,"Manitoba, Keewatin and Northwest Territories",Overseer,CAN_DIA_ByOcc_1900,by_occupation
1,N. Temiscaming,N. TemiscamingQuebec,48.233333,-79.016667,1900,Quebec,Indian Agent,CAN_DIA_ByOcc_1900,by_occupation
1,Nil,CalgaryAlberta,51.05,-114.066667,1900, ,Medical Officer,CAN_DIA_ByOcc_1900,by_occupation
1,Nil,Nil,0.0,0.0,1900,"Manitoba, Keewatin and Northwest Territories",Teamster and Interpreter,CAN_DIA_ByOcc_1900,by_occupation
1,Nil,Nil,0.0,0.0,1900, ,Inspector of Timber,CAN_DIA_ByOcc_1900,by_occupation
1,Nil,Nil,0.0,0.0,1900, ,Inspector of Indian Agencies and Reserves,CAN_DIA_ByOcc_1900,by_occupation
1,Nil,Nil,0.0,0.0,1900, ,Attached to Accountant's Branch,CAN_DIA_ByOcc_1900,by_occupation
1,Nil,NawashOntario,44.908279,-81.022634,1900,Ontario,Medical Officer,CAN_DIA_ByOcc_1900,by_occupation
1,Nil,RamaOntario,44.702734,-79.339592,1900,Ontario,Medical Officer,CAN_DIA_ByOcc_1900,by_occupation
1,Nil,ReginaSaskatchewan,50.454722,-104.606667,1900, ,Medical Officer,CAN_DIA_ByOcc_1900,by_occupation
1,Nil,Red DeerAlberta,52.268056,-113.811111,1900, ,Medical Officer,CAN_DIA_ByOcc_1900,by_occupation
1,Nil,"Qu'Appelle Industrial SchoolNorth-West Territories, Manitoba and Keewatin",50.759139,-103.711183,1900, ,Medical Officer,CAN_DIA_ByOcc_1900,by_occupation
1,Nil,Oneidas of the Thames Ontario,42.816667,-81.4,1900,Ontario,Medical Officer,CAN_DIA_ByOcc_1900,by_occupation
1,Nil,Munsees of ThamesOntario,42.8,-81.483333,1900,Ontario,Medical Officer,CAN_DIA_ByOcc_1900,by_occupation
1,Nil,GaspeQuebec,48.833333,-64.483333,1900,Quebec,Medical Officer,CAN_DIA_ByOcc_1900,by_occupation
1,Nil,Garden RiverOntario,46.529722,-84.158889,1900,Ontario,Medical Officer,CAN_DIA_ByOcc_1900,by_occupation
1,Nil,Fort FrancesOntario,48.616667,-93.4,1900, ,Medical Officer,CAN_DIA_ByOcc_1900,by_occupation
1,Nil,"CarltonNorth-West Territories, Manitoba and Keewatin",52.813,-106.489,1900,"Manitoba, Keewatin and Northwest Territories",Interpreter,CAN_DIA_ByOcc_1900,by_occupation
1,Nil,Chapleau and PogamisingOntario,47.833333,-83.4,1900,Ontario,Medical Officer,CAN_DIA_ByOcc_1900,by_occupation
1,Nil,ElkhornManitoba,49.975556,-101.239444,1900, ,Medical Officer,CAN_DIA_ByOcc_1900,by_occupation
1,Nil,Duck LakeSaskatchewan,52.816667,-106.233333,1900,"Manitoba, Keewatin and Northwest Territories",Inspector of Indian Agencies and Reserves,CAN_DIA_ByOcc_1900,by_occupation
1,Nil,Duck LakeSaskatchewan,52.816667,-106.233333,1900, ,Medical Officer,CAN_DIA_ByOcc_1900,by_occupation
1,Nil,"ClandeboyeNorth-West Territories, Manitoba and Keewatin",50.2428,-96.9732,1900, ,Medical Officer,CAN_DIA_ByOcc_1900,by_occupation
1,Nil,Mississaguas of the CreditOntario,43.0,-80.1,1900,Ontario,Medical Officer,CAN_DIA_ByOcc_1900,by_occupation
1,Nil,Moravians of the Thames Ontario,42.566667,-81.883333,1900,Ontario,Medical Officer,CAN_DIA_ByOcc_1900,by_occupation
1,Nil,Malagwatch Reserve Nova Scotia,45.889444,-60.969444,1900,Nova Scotia,Medical Officer,CAN_DIA_ByOcc_1900,by_occupation
1,Nil,"Lunenburg County, EastNova Scotia",44.383333,-64.316667,1900,Nova Scotia,Medical Officer,CAN_DIA_ByOcc_1900,by_occupation
1,Nil,Mississagua River Ontario,46.174722,-83.016111,1900,Ontario,Medical Officer,CAN_DIA_ByOcc_1900,by_occupation
23,Ottawa,OttawaOntario,45.416667,-75.683333,1905,Ontario,Junior Second Class Clerk,CAN_DIA_ByOcc_1905,by_occupation
10,Ottawa,OttawaOntario,45.416667,-75.683333,1905,Ontario,Second Class Clerk,CAN_DIA_ByOcc_1905,by_occupation
5,Battleford,BattlefordSaskatchewan,52.738333,-108.315278,1905,"Manitoba, Keewatin and Northwest Territories",Farmer,CAN_DIA_ByOcc_1905,by_occupation
5,Balcarres,BalcarresSaskatchewan,50.8,-103.55,1905,"Manitoba, Keewatin and Northwest Territories",Farmer,CAN_DIA_ByOcc_1905,by_occupation
5,Ottawa,OttawaOntario,45.416667,-75.683333,1905,Ontario,Writer,CAN_DIA_ByOcc_1905,by_occupation
4,Winnipeg,WinnipegManitoba,49.899444,-97.139167,1905,"Manitoba, Keewatin and Northwest Territories",Clerk,CAN_DIA_ByOcc_1905,by_occupation
4,Brantford,BrantfordOntario,43.166667,-80.25,1905,Ontario,"Clerk, Indian Office",CAN_DIA_ByOcc_1905,by_occupation
4,Macleod,MacleodAlberta,49.725583,-113.397528,1905,"Manitoba, Keewatin and Northwest Territories",Stockman,CAN_DIA_ByOcc_1905,by_occupation
4,Ottawa,OttawaOntario,45.416667,-75.683333,1905,Ontario,First Class Clerk,CAN_DIA_ByOcc_1905,by_occupation
3,Duck Lake,Duck LakeSaskatchewan,52.816667,-106.233333,1905,"Manitoba, Keewatin and Northwest Territories",Farmer,CAN_DIA_ByOcc_1905,by_occupation
3,Kutawa,KutawaSaskatchewan,51.41666,-104.22305,1905,"Manitoba, Keewatin and Northwest Territories",Farmer,CAN_DIA_ByOcc_1905,by_occupation
3,Nil,Manitoulin IslandOntario,45.766667,-82.2,1905,Ontario,Medical Officer,CAN_DIA_ByOcc_1905,by_occupation
2,Prince Albert,Prince AlbertSaskatchewan,53.2,-105.75,1905,"Manitoba, Keewatin and Northwest Territories",Medical Officers,CAN_DIA_ByOcc_1905,by_occupation
2,Victoria,VictoriaBritish Columbia,48.422,-123.365,1905,British Columbia,Clerk,CAN_DIA_ByOcc_1905,by_occupation
2,Saddle Lake,Saddle LakeAlberta,53.968333,-111.691944,1905,"Manitoba, Keewatin and Northwest Territories",Farmer,CAN_DIA_ByOcc_1905,by_occupation
2,Gleichen,GleichenAlberta,50.866111,-113.054722,1905,"Manitoba, Keewatin and Northwest Territories",Farmer,CAN_DIA_ByOcc_1905,by_occupation
2,Fredericton,FrecerictonNew Brunswick,45.95,-66.666667,1905,New Brunswick,Medical Officer,CAN_DIA_ByOcc_1905,by_occupation
2,Cote,"CoteManitoba, Keewatin and Northwest Territories",51.565,-101.894722,1905,"Manitoba, Keewatin and Northwest Territories",Farmer,CAN_DIA_ByOcc_1905,by_occupation
2,Broadview,BroadviewSaskatchewan,50.376,-102.579,1905,"Manitoba, Keewatin and Northwest Territories",Farmer,CAN_DIA_ByOcc_1905,by_occupation
2,Edmonton,EdmontonAlberta,53.533333,-113.5,1905,"Manitoba, Keewatin and Northwest Territories",Farmer,CAN_DIA_ByOcc_1905,by_occupation
2,New Westminster,New WestminsterBritish Columbia,49.206944,-122.911111,1905,British Columbia,Medical Officer,CAN_DIA_ByOcc_1905,by_occupation
2,Nil,Bay of QuinteOntario,44.15,-77.25,1905,Ontario,Medical Officer,CAN_DIA_ByOcc_1905,by_occupation
2,Newcastle,NewcastleNew Brunswick,46.983,-65.567,1905,New Brunswick,Constable,CAN_DIA_ByOcc_1905,by_occupation
2,Hollbroke,"HollbrokeManitoba, Keewatin and Northwest Territories",52.826667,-113.451667,1905,"Manitoba, Keewatin and Northwest Territories",Farmer,CAN_DIA_ByOcc_1905,by_occupation
2,Macleod,MacleodAlberta,49.725583,-113.397528,1905,"Manitoba, Keewatin and Northwest Territories",Interpreter,CAN_DIA_ByOcc_1905,by_occupation
2,Macleod,MacleodAlberta,49.725583,-113.397528,1905,"Manitoba, Keewatin and Northwest Territories",Indian Agent,CAN_DIA_ByOcc_1905,by_occupation
2,Macleod,MacleodAlberta,49.725583,-113.397528,1905,"Manitoba, Keewatin and Northwest Territories",Hospital Nurse,CAN_DIA_ByOcc_1905,by_occupation
2,Ottawa,OttawaOntario,45.416667,-75.683333,1905,Ontario,Messenger,CAN_DIA_ByOcc_1905,by_occupation
2,Mistawasis,MistawasisSaskatchewan,53.162778,-106.802778,1905,"Manitoba, Keewatin and Northwest Territories",Farmer,CAN_DIA_ByOcc_1905,by_occupation
1,Red Deer,Red DeerAlberta,52.268056,-113.811111,1905,"Manitoba, Keewatin and Northwest Territories",Medical Officers,CAN_DIA_ByOcc_1905,by_occupation
1,Qu'Appelle,"Qu'AppelleManitoba, Keewatin and Northwest Territories",50.541,-103.874,1905,"Manitoba, Keewatin and Northwest Territories",Medical Officers,CAN_DIA_ByOcc_1905,by_occupation
1,Qu'Appelle,"Qu'AppelleManitoba, Keewatin and Northwest Territories",50.541,-103.874,1905,"Manitoba, Keewatin and Northwest Territories",Inspector of Indian agencies and reserves.,CAN_DIA_ByOcc_1905,by_occupation
1,Quamichan,QuamichanBritish Columbia,48.79972222,-123.6619444,1905,British Columbia,Indian Agent,CAN_DIA_ByOcc_1905,by_occupation
1,Rat Portage,Rat PortageOntario,49.766667,-94.483333,1905,"Manitoba, Keewatin and Northwest Territories",Medical Officer,CAN_DIA_ByOcc_1905,by_occupation
1,Quebec,QuebecQuebec,46.816667,-71.216667,1905,Quebec,Missionary,CAN_DIA_ByOcc_1905,by_occupation
1,Saddle Lake,Saddle LakeAlberta,53.968333,-111.691944,1905,"Manitoba, Keewatin and Northwest Territories",Clerk,CAN_DIA_ByOcc_1905,by_occupation
1,Roseneath,RoseneathOntario,44.083333,-78.033333,1905,Ontario,Indian Agent,CAN_DIA_ByOcc_1905,by_occupation
1,Saddle Lake,Saddle LakeAlberta,53.968333,-111.691944,1905,"Manitoba, Keewatin and Northwest Territories",Interpreter,CAN_DIA_ByOcc_1905,by_occupation
1,Saddle Lake,Saddle LakeAlberta,53.968333,-111.691944,1905,"Manitoba, Keewatin and Northwest Territories",Indian Agent,CAN_DIA_ByOcc_1905,by_occupation
1,Regina,ReginaSaskatchewan,50.454722,-104.606667,1905,"Manitoba, Keewatin and Northwest Territories",Medical Officers,CAN_DIA_ByOcc_1905,by_occupation
1,Rexton,RextonNew Brunswick,46.633333,-64.866667,1905,New Brunswick,Medical Officer,CAN_DIA_ByOcc_1905,by_occupation
1,Rexton,RextonNew Brunswick,46.633333,-64.866667,1905,New Brunswick,Constable,CAN_DIA_ByOcc_1905,by_occupation
1,River Desert,River DesertQuebec,46.333333,-75.966667,1905,Quebec,Indian Agent,CAN_DIA_ByOcc_1905,by_occupation
1,Richibucto,RichibuctoNew Brunswick,46.659,-64.76,1905,New Brunswick,Missionary (R.C.),CAN_DIA_ByOcc_1905,by_occupation
1,Richibucto,RichibuctoNew Brunswick,46.659,-64.76,1905,New Brunswick,Indian Agent,CAN_DIA_ByOcc_1905,by_occupation
1,Penetanguisheene,PenetanguisheneOntario,44.766667,-79.933333,1905,Ontario,Indian Agent,CAN_DIA_ByOcc_1905,by_occupation
1,Parry Sound,Parry IslandOntario,45.283333,-80.15,1905,Ontario,Indian Supt.,CAN_DIA_ByOcc_1905,by_occupation
1,Pictou,PictonNova Scotia,45.681389,-62.711944,1905,Nova Scotia,Medical Officer,CAN_DIA_ByOcc_1905,by_occupation
1,Perth Centre,Tobique ReserveNew Brunswick,0.0,0.0,1905,New Brunswick,Medical Officer,CAN_DIA_ByOcc_1905,by_occupation
1,Parrsboro,ParrsboroNova Scotia,45.405833,-64.325833,1905,Nova Scotia,Indian Agent,CAN_DIA_ByOcc_1905,by_occupation
1,Parrsboro,ParrsboroNova Scotia,45.405833,-64.325833,1905,Nova Scotia,Medical Officer,CAN_DIA_ByOcc_1905,by_occupation
1,Portage la Prairie,Portage la PrairieManitoba,49.972778,-98.291944,1905,"Manitoba, Keewatin and Northwest Territories",Indian Agent,CAN_DIA_ByOcc_1905,by_occupation
1,Portage la Prairie,Portage la PrairieManitoba,49.972778,-98.291944,1905,"Manitoba, Keewatin and Northwest Territories",Inspector of Indian agencies and reserves,CAN_DIA_ByOcc_1905,by_occupation
1,Portage la Prairie,Portage la PrairieManitoba,49.972778,-98.291944,1905,"Manitoba, Keewatin and Northwest Territories",Caretaker,CAN_DIA_ByOcc_1905,by_occupation
1,Portage la Prairie,Portage la PrairieManitoba,49.972778,-98.291944,1905,"Manitoba, Keewatin and Northwest Territories",Interpreter,CAN_DIA_ByOcc_1905,by_occupation
1,Port Perry,Port PerryOntario,44.1,-78.95,1905,Ontario,Indian Agent,CAN_DIA_ByOcc_1905,by_occupation
1,Port Simpson,Port RenfrewBritish Columbia,48.558611,-124.39916,1905,British Columbia,Medical Officer,CAN_DIA_ByOcc_1905,by_occupation
1,Prince Albert,Prince AlbertSaskatchewan,53.2,-105.75,1905,"Manitoba, Keewatin and Northwest Territories",Teamster and Interpreter,CAN_DIA_ByOcc_1905,by_occupation
1,Prince Albert,Prince AlbertSaskatchewan,53.2,-105.75,1905,"Manitoba, Keewatin and Northwest Territories",Overseer,CAN_DIA_ByOcc_1905,by_occupation
1,Prince Albert,Prince AlbertSaskatchewan,53.2,-105.75,1905,"Manitoba, Keewatin and Northwest Territories",Inspector of Indian agencies and reserves.,CAN_DIA_ByOcc_1905,by_occupation
1,Pointe Bleue,Pointe BleueQuebec,48.566667,-72.233333,1905,Quebec,Medical Officer,CAN_DIA_ByOcc_1905,by_occupation
1,Pointe Bleue,Pointe BleueQuebec,48.566667,-72.233333,1905,Quebec,Indian Agent,CAN_DIA_ByOcc_1905,by_occupation
1,Pointe a la Garde,Pointe a la GardeQuebec,48.116667,-66.483333,1905,Quebec,Indian Agent,CAN_DIA_ByOcc_1905,by_occupation
1,Pierreville,PierrevilleQuebec,46.066667,-72.816667,1905,Quebec,Missionary,CAN_DIA_ByOcc_1905,by_occupation
1,Port Arthur,Port ArthurOntario,48.45,-89.23,1905,Ontario,Acting Indian Agent,CAN_DIA_ByOcc_1905,by_occupation
1,Port Essington,Port EssingtonBritish Columbia,54.15,-129.95,1905,British Columbia,Medical Officer,CAN_DIA_ByOcc_1905,by_occupation
1,Vancouver,VancouverBritish Columbia,49.25,-123.1,1905,British Columbia,Medical Officer,CAN_DIA_ByOcc_1905,by_occupation
1,Vernon,VernonBritish Columbia,50.267,-119.272,1905,British Columbia,Medical Officer,CAN_DIA_ByOcc_1905,by_occupation
1,Victoria,VictoriaBritish Columbia,48.422,-123.365,1905,British Columbia,Senior Clerk,CAN_DIA_ByOcc_1905,by_occupation
1,Victoria,VictoriaBritish Columbia,48.422,-123.365,1905,British Columbia,Messenger,CAN_DIA_ByOcc_1905,by_occupation
1,Victoria,VictoriaBritish Columbia,48.422,-123.365,1905,British Columbia,Medical Officer,CAN_DIA_ByOcc_1905,by_occupation
1,Victoria,VictoriaBritish Columbia,48.422,-123.365,1905,British Columbia,Indian Sup. and Reserve Com. for B.C.,CAN_DIA_ByOcc_1905,by_occupation
1,Tobique,TobiqueNew Brunswick,46.8,-67.6,1905,New Brunswick,Missionary (R.C.),CAN_DIA_ByOcc_1905,by_occupation
1,Tobique,TobiqueNew Brunswick,46.8,-67.6,1905,New Brunswick,Caretaker of church,CAN_DIA_ByOcc_1905,by_occupation
1,Ucluelet,UclueletBritish Columbia,48.935,-125.541944,1905,British Columbia,Medical Officer,CAN_DIA_ByOcc_1905,by_occupation
1,Truro,TruroNova Scotia,45.364722,-63.28,1905,Nova Scotia,Medical Officer,CAN_DIA_ByOcc_1905,by_occupation
1,Truro,TruroNova Scotia,45.364722,-63.28,1905,Nova Scotia,Indian Agent,CAN_DIA_ByOcc_1905,by_occupation
1,Winnipeg,WinnipegManitoba,49.899444,-97.139167,1905,"Manitoba, Keewatin and Northwest Territories",Typewriter,CAN_DIA_ByOcc_1905,by_occupation
1,Winnipeg,WinnipegManitoba,49.899444,-97.139167,1905,"Manitoba, Keewatin and Northwest Territories",Stenographer and Typewriter,CAN_DIA_ByOcc_1905,by_occupation
1,Winnipeg,WinnipegManitoba,49.899444,-97.139167,1905,"Manitoba, Keewatin and Northwest Territories",Secy. to Commiss'r,CAN_DIA_ByOcc_1905,by_occupation
1,Winnipeg,WinnipegManitoba,49.899444,-97.139167,1905,"Manitoba, Keewatin and Northwest Territories",Medical Officer,CAN_DIA_ByOcc_1905,by_occupation
1,Winnipeg,WinnipegManitoba,49.899444,-97.139167,1905,"Manitoba, Keewatin and Northwest Territories",Indian Commissioner,CAN_DIA_ByOcc_1905,by_occupation
1,Winnipeg,WinnipegManitoba,49.899444,-97.139167,1905,"Manitoba, Keewatin and Northwest Territories",Caretaker,CAN_DIA_ByOcc_1905,by_occupation
1,Winnipeg,WinnipegManitoba,49.899444,-97.139167,1905,"Manitoba, Keewatin and Northwest Territories",Asst. Indian Comm'r and Chief Inspect,CAN_DIA_ByOcc_1905,by_occupation
1,Woodstock,WoodstockNew Brunswick,46.152222,-67.598333,1905,New Brunswick,Medical Officer,CAN_DIA_ByOcc_1905,by_occupation
1,Yarmouth,YarmouthNova Scotia,49.899444,-97.139167,1905,Nova Scotia,Indian Agent,CAN_DIA_ByOcc_1905,by_occupation
1,Whitewood,WhitewoodSaskatchewan,50.333333,-102.25,1905,"Manitoba, Keewatin and Northwest Territories",Medical Officers,CAN_DIA_ByOcc_1905,by_occupation
1,Whycocomagh,WhycocomaghNova Scotia,45.976686,-61.117972,1905,Nova Scotia,Medical Officer,CAN_DIA_ByOcc_1905,by_occupation
1,Wallaceburg,WallaceburgOntario,42.594722,-82.384167,1905,Ontario,Indian Agent,CAN_DIA_ByOcc_1905,by_occupation
1,Weymouth,WeymouthNova Scotia,44.40489,-65.99861,1905,Nova Scotia,Medical Officer,CAN_DIA_ByOcc_1905,by_occupation
1,Wiarton,WiartonOntario,44.743611,-81.140833,1905,Ontario,Indian Land Agent,CAN_DIA_ByOcc_1905,by_occupation
1,Shubenacadie,ShubenacadieNova Scotia,45.139883,-63.417547,1905,Nova Scotia,Medical Officer,CAN_DIA_ByOcc_1905,by_occupation
1,Shubenacadie,ShubenacadieNova Scotia,45.139883,-63.417547,1905,Nova Scotia,Indian Agent,CAN_DIA_ByOcc_1905,by_occupation
1,Sintaluta,SintalutaSaskatchewan,50.483333,-103.433333,1905,"Manitoba, Keewatin and Northwest Territories",Teamster,CAN_DIA_ByOcc_1905,by_occupation
1,Sintaluta,SintalutaSaskatchewan,50.483333,-103.433333,1905,"Manitoba, Keewatin and Northwest Territories",Indian Agent,CAN_DIA_ByOcc_1905,by_occupation
1,St. Albert,St. AlbertAlberta,53.630278,-113.625833,1905,"Manitoba, Keewatin and Northwest Territories",Medical Officers,CAN_DIA_ByOcc_1905,by_occupation
1,St. Francois du Lac,St. Francois du LacQuebec,46.066667,-72.833333,1905,Quebec,Indian Agent,CAN_DIA_ByOcc_1905,by_occupation
1,Thessalon,ThessalonOntario,46.25,-83.55,1905,Ontario,Indian Agent,CAN_DIA_ByOcc_1905,by_occupation
1,Spallumcheen,SpallumcheenBritish Columbia,50.433333,-119.21666,1905,British Columbia,Medical Officer,CAN_DIA_ByOcc_1905,by_occupation
1,Sault Ste. Marie,Sault Ste MarieOntario,46.533333,-84.35,1905,Ontario,Indian Agent,CAN_DIA_ByOcc_1905,by_occupation
1,Sarnia,SarniaOntario,42.999444,-82.308889,1905,Ontario,Indian Land Agent,CAN_DIA_ByOcc_1905,by_occupation
1,Sarnia,SarniaOntario,42.999444,-82.308889,1905,Ontario,Indian Agent,CAN_DIA_ByOcc_1905,by_occupation
1,Savona,SavonaBritish Columbia,50.75,-120.85,1905,British Columbia,Indian Agent,CAN_DIA_ByOcc_1905,by_occupation
1,Saskatoon,SaskatoonSaskatchewan,52.133333,-106.683333,1905,"Manitoba, Keewatin and Northwest Territories",Overseer,CAN_DIA_ByOcc_1905,by_occupation
1,Shediac,ShediacNew Brunswick,46.216667,-64.533333,1905,New Brunswick,Medical Officer,CAN_DIA_ByOcc_1905,by_occupation
1,Selkirk,SelkirkManitoba,50.143611,-96.883889,1905,"Manitoba, Keewatin and Northwest Territories",Indian Agent,CAN_DIA_ByOcc_1905,by_occupation
1,Swan Lake,Swan LakesManitoba,52.516667,-100.75,1905,"Manitoba, Keewatin and Northwest Territories",Farmer,CAN_DIA_ByOcc_1905,by_occupation
1,Sydney,SydneyNova Scotia,46.13631,-60.19551,1905,Nova Scotia,Medical Officer,CAN_DIA_ByOcc_1905,by_occupation
1,Sturgeon Falls,Sturgeon FallsOntario,46.3679478,-79.9247299,1905,Ontario,Indian Agent,CAN_DIA_ByOcc_1905,by_occupation
1,Sutton West,Sutton WestOntario,44.305,-79.358056,1905,Ontario,Indian Agent,CAN_DIA_ByOcc_1905,by_occupation
1,Sussex,SussexNew Brunswick,45.716667,-65.516667,1905,New Brunswick,Medical Officer,CAN_DIA_ByOcc_1905,by_occupation
1,The Pas,The PasSaskatchewan,53.825,-101.253333,1905,"Manitoba, Keewatin and Northwest Territories",Medical Officers,CAN_DIA_ByOcc_1905,by_occupation
1,The Pas,The PasSaskatchewan,53.825,-101.253333,1905,"Manitoba, Keewatin and Northwest Territories",Indian Agent,CAN_DIA_ByOcc_1905,by_occupation
1,Telegraph Creek,Telegraph CreekBritish Columbia,57.9,-131.15,1905,British Columbia,Medical Officer,CAN_DIA_ByOcc_1905,by_occupation
1,"Sydney, C.B",SydneyNova Scotia,46.13631,-60.19551,1905,Nova Scotia,Indian Agent,CAN_DIA_ByOcc_1905,by_occupation
1,St. Peter's,St. PetersNova Scotia,45.663964,-60.894469,1905,Nova Scotia,Medical Officer,CAN_DIA_ByOcc_1905,by_occupation
1,St. Peter's,St. PetersNova Scotia,45.663964,-60.894469,1905,Nova Scotia,Indian Agent,CAN_DIA_ByOcc_1905,by_occupation
1,St. Regis,St. RegisQuebec,44.971111,-74.641944,1905,Quebec,Missionary (R.C.),CAN_DIA_ByOcc_1905,by_occupation
1,Steveston,StevestonBritish Columbia,49.1275,-123.181389,1905,British Columbia,Medical Officer,CAN_DIA_ByOcc_1905,by_occupation
1,Stonewall,StonewallManitoba,50.134444,-97.326111,1905,"Manitoba, Keewatin and Northwest Territories",Inspector of Indian agencies and reserves,CAN_DIA_ByOcc_1905,by_occupation
1,St. Urbain,St. UrbainQuebec,47.55,-70.533333,1905,Quebec,Medical Officer,CAN_DIA_ByOcc_1905,by_occupation
1,Steam Mills,Steam MillsNova Scotia,45.109972,-64.514139,1905,Nova Scotia,Indian Agent,CAN_DIA_ByOcc_1905,by_occupation
1,St. Regis,St. RegisQuebec,44.971111,-74.641944,1905,Quebec,Indian Agent,CAN_DIA_ByOcc_1905,by_occupation
1,Brantford,BrantfordOntario,43.166667,-80.25,1905,Ontario,Indian Supt.,CAN_DIA_ByOcc_1905,by_occupation
1,Bridgewater,BridgewaterNova Scotia,44.37,-64.52,1905,Nova Scotia,Medical Officer,CAN_DIA_ByOcc_1905,by_occupation
1,Birtle,BirtleManitoba,50.4225,-101.0475,1905,"Manitoba, Keewatin and Northwest Territories",Teamster,CAN_DIA_ByOcc_1905,by_occupation
1,Birtle,BirtleManitoba,50.4225,-101.0475,1905,"Manitoba, Keewatin and Northwest Territories",Indian Agent,CAN_DIA_ByOcc_1905,by_occupation
1,Birtle,BirtleManitoba,50.4225,-101.0475,1905,"Manitoba, Keewatin and Northwest Territories",Farmer,CAN_DIA_ByOcc_1905,by_occupation
1,Birtle,BirtleManitoba,50.4225,-101.0475,1905,"Manitoba, Keewatin and Northwest Territories",Clerk,CAN_DIA_ByOcc_1905,by_occupation
1,Brandon,BrandonManitoba,49.833333,-99.95,1905,"Manitoba, Keewatin and Northwest Territories",Medical Officers,CAN_DIA_ByOcc_1905,by_occupation
1,Calgary,CalgaryAlberta,51.05,-114.066667,1905,"Manitoba, Keewatin and Northwest Territories",Indian Agent,CAN_DIA_ByOcc_1905,by_occupation
1,Calgary,CalgaryAlberta,51.05,-114.066667,1905,"Manitoba, Keewatin and Northwest Territories",Assistant Issuer,CAN_DIA_ByOcc_1905,by_occupation
1,Calgary,CalgaryAlberta,51.05,-114.066667,1905,"Manitoba, Keewatin and Northwest Territories",Medical Officers,CAN_DIA_ByOcc_1905,by_occupation
1,Calgary,CalgaryAlberta,51.05,-114.066667,1905,"Manitoba, Keewatin and Northwest Territories",Inspector of Indian agencies and reserves.,CAN_DIA_ByOcc_1905,by_occupation
1,Calgary,CalgaryAlberta,51.05,-114.066667,1905,"Manitoba, Keewatin and Northwest Territories",Interpreter,CAN_DIA_ByOcc_1905,by_occupation
1,Calgary,CalgaryAlberta,51.05,-114.066667,1905,"Manitoba, Keewatin and Northwest Territories",Stockman,CAN_DIA_ByOcc_1905,by_occupation
1,Calgary,CalgaryAlberta,51.05,-114.066667,1905,"Manitoba, Keewatin and Northwest Territories",Scout,CAN_DIA_ByOcc_1905,by_occupation
1,Canning,CanningNova Scotia,45.157917,-64.424167,1905,Nova Scotia,Medical Officer,CAN_DIA_ByOcc_1905,by_occupation
1,Broadview,BroadviewSaskatchewan,50.376,-102.579,1905,"Manitoba, Keewatin and Northwest Territories",Miller & Blacksmith,CAN_DIA_ByOcc_1905,by_occupation
1,Broadview,BroadviewSaskatchewan,50.376,-102.579,1905,"Manitoba, Keewatin and Northwest Territories",Interpreter,CAN_DIA_ByOcc_1905,by_occupation
1,Broadview,BroadviewSaskatchewan,50.376,-102.579,1905,"Manitoba, Keewatin and Northwest Territories",Indian Agent,CAN_DIA_ByOcc_1905,by_occupation
1,Broadview,BroadviewSaskatchewan,50.376,-102.579,1905,"Manitoba, Keewatin and Northwest Territories",Clerk,CAN_DIA_ByOcc_1905,by_occupation
1,Cacouna,CacounaQuebec,47.916667,-69.5,1905,Quebec,Indian Agent,CAN_DIA_ByOcc_1905,by_occupation
1,Caledonia,CaledoniaNova Scotia,44.378889,-65.032222,1905,Nova Scotia,Indian Agent,CAN_DIA_ByOcc_1905,by_occupation
1,Buctouche,BuctoucheNew Brunswick,46.4719,-64.7249,1905,New Brunswick,Medical Officer,CAN_DIA_ByOcc_1905,by_occupation
1,Burnt Church,Burnt ChurchNew Brunswick,47.197917,-65.14825,1905,New Brunswick,Constable,CAN_DIA_ByOcc_1905,by_occupation
1,Baddeck,BaddeckNova Scotia,46.1,-60.754167,1905,Nova Scotia,Medical Officer,CAN_DIA_ByOcc_1905,by_occupation
1,Baddeck,BaddeckNova Scotia,46.1,-60.754167,1905,Nova Scotia,Indian Agent,CAN_DIA_ByOcc_1905,by_occupation
1,Balcarres,BalcarresSaskatchewan,50.8,-103.55,1905,"Manitoba, Keewatin and Northwest Territories",Interpreter,CAN_DIA_ByOcc_1905,by_occupation
1,Balcarres,BalcarresSaskatchewan,50.8,-103.55,1905,"Manitoba, Keewatin and Northwest Territories",Indian Agent,CAN_DIA_ByOcc_1905,by_occupation
1,Balcarres,BalcarresSaskatchewan,50.8,-103.55,1905,"Manitoba, Keewatin and Northwest Territories",Herder,CAN_DIA_ByOcc_1905,by_occupation
1,Balcarres,BalcarresSaskatchewan,50.8,-103.55,1905,"Manitoba, Keewatin and Northwest Territories",Clerk,CAN_DIA_ByOcc_1905,by_occupation
1,Bathurst Village,Bathurst VillageNew Brunswick,47.62,-65.65,1905,New Brunswick,Medical Officer,CAN_DIA_ByOcc_1905,by_occupation
1,Bartibog Bridge,Bartibog BridgeNew Brunswick,47.099,-65.348,1905,New Brunswick,Missionary (R.C.),CAN_DIA_ByOcc_1905,by_occupation
1,Balgonie,BalgonieSaskatchewan,50.488,-104.269,1905,"Manitoba, Keewatin and Northwest Territories",Medical Officers,CAN_DIA_ByOcc_1905,by_occupation
1,Alert Bay,Alert BayBritish Columbia,50.5825,-126.925278,1905,British Columbia,Indian Agent,CAN_DIA_ByOcc_1905,by_occupation
1,150 Mile House,"150-Mile House, CaribouBritish Columbia",52.105556,-121.927778,1905,British Columbia,Medical Officer,CAN_DIA_ByOcc_1905,by_occupation
1,Alberni,AlberniBritish Columbia,49.233889,-124.805,1905,British Columbia,Medical Officer,CAN_DIA_ByOcc_1905,by_occupation
1,Alberni,AlberniBritish Columbia,49.233889,-124.805,1905,British Columbia,Indian Agent,CAN_DIA_ByOcc_1905,by_occupation
1,Andover,AndoverNew Brunswick,46.73927,-67.6984,1905,New Brunswick,Constable,CAN_DIA_ByOcc_1905,by_occupation
1,Ashcroft,AshcroftBritish Columbia,50.725556,-121.280556,1905,British Columbia,Medical Officer,CAN_DIA_ByOcc_1905,by_occupation
1,Antigonish,AntigonishNova Scotia,45.626522,-61.998253,1905,Nova Scotia,Medical Officer,CAN_DIA_ByOcc_1905,by_occupation
1,Annapolis,AnnapolisNova Scotia,44.741667,-65.515278,1905,Nova Scotia,Medical Officer,CAN_DIA_ByOcc_1905,by_occupation
1,Annapolis,AnnapolisNova Scotia,44.741667,-65.515278,1905,Nova Scotia,Indian Agent,CAN_DIA_ByOcc_1905,by_occupation
1,Bella Coola,Bella CoolaBritish Columbia,52.366667,-126.75,1905,British Columbia,Medical Officer,CAN_DIA_ByOcc_1905,by_occupation
1,Bella Bella,Bella BellaBritish Columbia,52.161944,-128.145,1905,British Columbia,Medical Officer,CAN_DIA_ByOcc_1905,by_occupation
1,Bear River,Bear RiverNova Scotia,44.572222,-65.643889,1905,Nova Scotia,Medical Officer,CAN_DIA_ByOcc_1905,by_occupation
1,Bear River,Bear RiverNova Scotia,44.572222,-65.643889,1905,Nova Scotia,Indian Agent,CAN_DIA_ByOcc_1905,by_occupation
1,Becancour,BecancourQuebec,46.333333,-72.433333,1905,Quebec,Indian Agent,CAN_DIA_ByOcc_1905,by_occupation
1,Belleville,BellevilleOntario,44.166667,-77.383333,1905,Ontario,Acting Indian Agent,CAN_DIA_ByOcc_1905,by_occupation
1,Bersimis,BersimisQuebec,48.95,-68.65,1905,Quebec,Indian Agent,CAN_DIA_ByOcc_1905,by_occupation
1,Battleford,BattlefordSaskatchewan,52.738333,-108.315278,1905,"Manitoba, Keewatin and Northwest Territories",Medical Officers,CAN_DIA_ByOcc_1905,by_occupation
1,Battleford,BattlefordSaskatchewan,52.738333,-108.315278,1905,"Manitoba, Keewatin and Northwest Territories",Indian Agent,CAN_DIA_ByOcc_1905,by_occupation
1,Battleford,BattlefordSaskatchewan,52.738333,-108.315278,1905,"Manitoba, Keewatin and Northwest Territories",Clerk,CAN_DIA_ByOcc_1905,by_occupation
1,Battleford,BattlefordSaskatchewan,52.738333,-108.315278,1905,"Manitoba, Keewatin and Northwest Territories",Blacksmith,CAN_DIA_ByOcc_1905,by_occupation
1,Battleford,BattlefordSaskatchewan,52.738333,-108.315278,1905,"Manitoba, Keewatin and Northwest Territories",T'mster & Interpreter,CAN_DIA_ByOcc_1905,by_occupation
1,Fort Frances,Fort FrancesOntario,48.616667,-93.4,1905,"Manitoba, Keewatin and Northwest Territories",Medical Officer,CAN_DIA_ByOcc_1905,by_occupation
1,Fort Frances,Fort FrancesOntario,48.616667,-93.4,1905,"Manitoba, Keewatin and Northwest Territories",Indian Agent,CAN_DIA_ByOcc_1905,by_occupation
1,Fairview,FairviewBritish Columbia,49.175,-119.6,1905,British Columbia,Medical Officer,CAN_DIA_ByOcc_1905,by_occupation
1,Fort Qu'Appelle,Fort Qu'AppelleSaskatchewan,50.7667,-103.7833,1905,"Manitoba, Keewatin and Northwest Territories",Medical Officers,CAN_DIA_ByOcc_1905,by_occupation
1,Edmonton,EdmontonAlberta,53.533333,-113.5,1905,"Manitoba, Keewatin and Northwest Territories",Interpreter,CAN_DIA_ByOcc_1905,by_occupation
1,Edmonton,EdmontonAlberta,53.533333,-113.5,1905,"Manitoba, Keewatin and Northwest Territories",Indian Agent,CAN_DIA_ByOcc_1905,by_occupation
1,Edmonton,EdmontonAlberta,53.533333,-113.5,1905,"Manitoba, Keewatin and Northwest Territories",Clerk,CAN_DIA_ByOcc_1905,by_occupation
1,Elkhorn,ElkhornManitoba,49.975556,-101.239444,1905,"Manitoba, Keewatin and Northwest Territories",Medical Officers,CAN_DIA_ByOcc_1905,by_occupation
1,Eureka,EurekaNova Scotia,45.498056,-62.686111,1905,Nova Scotia,Indian Agent,CAN_DIA_ByOcc_1905,by_occupation
1,Edmundston,EdmundstonNew Brunswick,47.3765,-68.325347,1905,New Brunswick,Missionary (R.C.),CAN_DIA_ByOcc_1905,by_occupation
1,Eganville,EganvilleOntario,45.533333,-77.1,1905,Ontario,Medical Officer,CAN_DIA_ByOcc_1905,by_occupation
1,Glendale,GlendaleNova Scotia,45.815639,-61.313667,1905,Nova Scotia,Indian Agent,CAN_DIA_ByOcc_1905,by_occupation
1,Gleichen,GleichenAlberta,50.866111,-113.054722,1905,"Manitoba, Keewatin and Northwest Territories",Clerk and Issuer,CAN_DIA_ByOcc_1905,by_occupation
1,Gleichen,GleichenAlberta,50.866111,-113.054722,1905,"Manitoba, Keewatin and Northwest Territories",Indian Agent,CAN_DIA_ByOcc_1905,by_occupation
1,Gleichen,GleichenAlberta,50.866111,-113.054722,1905,"Manitoba, Keewatin and Northwest Territories",Teamster,CAN_DIA_ByOcc_1905,by_occupation
1,Grand Cascapedia,Grand CascapediaQuebec,48.186944,-65.912222,1905,Quebec,Indian Agent,CAN_DIA_ByOcc_1905,by_occupation
1,Gore Bay,Gore BayOntario,45.916667,-82.466667,1905,Ontario,Indian Agent,CAN_DIA_ByOcc_1905,by_occupation
1,Fort Steele,Fort SteeleBritish Columbia,49.616667,-115.633333,1905,British Columbia,Indian Agent,CAN_DIA_ByOcc_1905,by_occupation
1,Fort Steele,Fort SteeleBritish Columbia,49.616667,-115.633333,1905,British Columbia,Medical Officer,CAN_DIA_ByOcc_1905,by_occupation
1,Gananoque,GananoqueOntario,44.33,-76.17,1905,Ontario,Guardian of Islands,CAN_DIA_ByOcc_1905,by_occupation
1,Fredericton,FrecerictonNew Brunswick,45.95,-66.666667,1905,New Brunswick,Indian Agent,CAN_DIA_ByOcc_1905,by_occupation
1,Chippawa Hill,Chippawa HillOntario,48.34583333,-89.30277778,1905,Ontario,Indian Agent,CAN_DIA_ByOcc_1905,by_occupation
1,Christmas Island,Christmas IslandNova Scotia,45.972311,-60.748333,1905,Nova Scotia,Indian Agent,CAN_DIA_ByOcc_1905,by_occupation
1,Chester,ChesterNova Scotia,44.540278,-64.239722,1905,Nova Scotia,Medical Officer,CAN_DIA_ByOcc_1905,by_occupation
1,Chemainus,ChemainusBritish Columbia,48.916667,-123.7,1905,British Columbia,Medical Officer,CAN_DIA_ByOcc_1905,by_occupation
1,Chicoutimi,ChicoutimiQuebec,48.427778,-71.059167,1905,Quebec,Medical Officer,CAN_DIA_ByOcc_1905,by_occupation
1,Comox,ComoxBritish Columbia,49.673333,-124.902222,1905,British Columbia,Medical Officer,CAN_DIA_ByOcc_1905,by_occupation
1,Church Point,Church PointNew Brunswick,48.00000003,-66.73333301,1905,New Brunswick,Constable,CAN_DIA_ByOcc_1905,by_occupation
1,Chatham,ChathamNew Brunswick,47.033,-65.433,1905,New Brunswick,Medical Officer,CAN_DIA_ByOcc_1905,by_occupation
1,Clinton,ClintonBritish Columbia,51.091389,-121.586667,1905,British Columbia,Indian Agent,CAN_DIA_ByOcc_1905,by_occupation
1,Carlyle,CarlyleSaskatchewan,49.633333,-102.266667,1905,"Manitoba, Keewatin and Northwest Territories",Medical Officers,CAN_DIA_ByOcc_1905,by_occupation
1,Carlyle,CarlyleSaskatchewan,49.633333,-102.266667,1905,"Manitoba, Keewatin and Northwest Territories",Indian Agent,CAN_DIA_ByOcc_1905,by_occupation
1,Carlyle,CarlyleSaskatchewan,49.633333,-102.266667,1905,"Manitoba, Keewatin and Northwest Territories",Farmer,CAN_DIA_ByOcc_1905,by_occupation
1,Cote,"CoteManitoba, Keewatin and Northwest Territories",51.565,-101.894722,1905,"Manitoba, Keewatin and Northwest Territories",Interpreter and Clerk,CAN_DIA_ByOcc_1905,by_occupation
1,Caughnawaga,CaughnawagaQuebec,45.416667,-73.683333,1905,Quebec,Missionary,CAN_DIA_ByOcc_1905,by_occupation
1,Duck Lake,Duck LakeSaskatchewan,52.816667,-106.233333,1905,"Manitoba, Keewatin and Northwest Territories",Medical Officers,CAN_DIA_ByOcc_1905,by_occupation
1,Duck Lake,Duck LakeSaskatchewan,52.816667,-106.233333,1905,"Manitoba, Keewatin and Northwest Territories",Interpreter,CAN_DIA_ByOcc_1905,by_occupation
1,Duck Lake,Duck LakeSaskatchewan,52.816667,-106.233333,1905,"Manitoba, Keewatin and Northwest Territories",Indian Agent,CAN_DIA_ByOcc_1905,by_occupation
1,Duck Lake,Duck LakeSaskatchewan,52.816667,-106.233333,1905,"Manitoba, Keewatin and Northwest Territories",Clerk and Farmer,CAN_DIA_ByOcc_1905,by_occupation
1,Duart,DuartOntario,42.502,-81.7519,1905,Ontario,Indian Agent,CAN_DIA_ByOcc_1905,by_occupation
1,Dalhousie,DalhousieNew Brunswick,48.1,-66.616667,1905,New Brunswick,Medical Officer,CAN_DIA_ByOcc_1905,by_occupation
1,Cowichan,CowichanBritish Columbia,48.75,-123.6,1905,British Columbia,Medical Officer,CAN_DIA_ByOcc_1905,by_occupation
1,Cote,"CoteManitoba, Keewatin and Northwest Territories",51.565,-101.894722,1905,"Manitoba, Keewatin and Northwest Territories",Labourer,CAN_DIA_ByOcc_1905,by_occupation
1,Deseronto,DeserontoOntario,44.2,-77.05,1905,Ontario,Missionary (C.E.),CAN_DIA_ByOcc_1905,by_occupation
1,Dominion City,Dominion CityManitoba,49.141944,-97.155556,1905,"Manitoba, Keewatin and Northwest Territories",Farmer,CAN_DIA_ByOcc_1905,by_occupation
1,Delaware,DelawareOntario,42.908333,-81.416667,1905,Ontario,Indian Agent,CAN_DIA_ByOcc_1905,by_occupation
1,Cote,"CoteManitoba, Keewatin and Northwest Territories",51.565,-101.894722,1905,"Manitoba, Keewatin and Northwest Territories",Indian Agent,CAN_DIA_ByOcc_1905,by_occupation
1,Mingan,MinganQuebec,50.3,-64.033333,1905,Quebec,Indian Agent,CAN_DIA_ByOcc_1905,by_occupation
1,Mission City,Mission CityBritish Columbia,49.133694,-122.311167,1905,British Columbia,Medical Officer,CAN_DIA_ByOcc_1905,by_occupation
1,Macleod,MacleodAlberta,49.725583,-113.397528,1905,"Manitoba, Keewatin and Northwest Territories",Medical Officers,CAN_DIA_ByOcc_1905,by_occupation
1,Macleod,MacleodAlberta,49.725583,-113.397528,1905,"Manitoba, Keewatin and Northwest Territories",Hospital Matron,CAN_DIA_ByOcc_1905,by_occupation
1,Macleod,MacleodAlberta,49.725583,-113.397528,1905,"Manitoba, Keewatin and Northwest Territories",Clerk and Issuer,CAN_DIA_ByOcc_1905,by_occupation
1,Macleod,MacleodAlberta,49.725583,-113.397528,1905,"Manitoba, Keewatin and Northwest Territories",Clerk,CAN_DIA_ByOcc_1905,by_occupation
1,Macleod,MacleodAlberta,49.725583,-113.397528,1905,"Manitoba, Keewatin and Northwest Territories",Issuer,CAN_DIA_ByOcc_1905,by_occupation
1,Mistawasis,MistawasisSaskatchewan,53.162778,-106.802778,1905,"Manitoba, Keewatin and Northwest Territories",Indian Agent,CAN_DIA_ByOcc_1905,by_occupation
1,Lorette,LoretteQuebec,46.861472,-71.357111,1905,Quebec,Missionary,CAN_DIA_ByOcc_1905,by_occupation
1,Mistawasis,MistawasisSaskatchewan,53.162778,-106.802778,1905,"Manitoba, Keewatin and Northwest Territories",Clerk,CAN_DIA_ByOcc_1905,by_occupation
1,Mistawasis,MistawasisSaskatchewan,53.162778,-106.802778,1905,"Manitoba, Keewatin and Northwest Territories",Interpreter,CAN_DIA_ByOcc_1905,by_occupation
1,Mistawasis,MistawasisSaskatchewan,53.162778,-106.802778,1905,"Manitoba, Keewatin and Northwest Territories",Labourer,CAN_DIA_ByOcc_1905,by_occupation
1,Mistawasis,MistawasisSaskatchewan,53.162778,-106.802778,1905,"Manitoba, Keewatin and Northwest Territories",Miller,CAN_DIA_ByOcc_1905,by_occupation
1,McIver,McIverOntario,44.86827,-81.09898,1905,Ontario,Indian Agent,CAN_DIA_ByOcc_1905,by_occupation
1,Manitowaning,ManitowaningOntario,45.733333,-81.8,1905,Ontario,"Clerk, Indian Office",CAN_DIA_ByOcc_1905,by_occupation
1,Manitowaning,ManitowaningOntario,45.733333,-81.8,1905,Ontario,Indian Agent,CAN_DIA_ByOcc_1905,by_occupation
1,Mattawa,MattawaOntario,46.316667,-78.7,1905,Ontario,Medical Officer,CAN_DIA_ByOcc_1905,by_occupation
1,Metlakahtla,MetlakatlaBritish Columbia,54.335833,-130.443333,1905,British Columbia,Indian Agent,CAN_DIA_ByOcc_1905,by_occupation
1,Mallorytown,MallorytownOntario,44.533333,-75.866667,1905,Ontario,Guardian of Islands,CAN_DIA_ByOcc_1905,by_occupation
1,Ladner,LadnerBritish Columbia,49.090278,-123.08,1905,British Columbia,Medical Officer,CAN_DIA_ByOcc_1905,by_occupation
1,Jeune Lorette,Jeune LoretteQuebec,46.861472,-71.357111,1905,Quebec,Indian Agent,CAN_DIA_ByOcc_1905,by_occupation
1,Indian Ford,"Indian FordManitoba, Keewatin and Northwest Territories",49.70938,-98.59707,1905,"Manitoba, Keewatin and Northwest Territories",Issuer,CAN_DIA_ByOcc_1905,by_occupation
1,Hollbroke,"HollbrokeManitoba, Keewatin and Northwest Territories",52.826667,-113.451667,1905,"Manitoba, Keewatin and Northwest Territories",T'mster & Interpreter,CAN_DIA_ByOcc_1905,by_occupation
1,Hollbroke,"HollbrokeManitoba, Keewatin and Northwest Territories",52.826667,-113.451667,1905,"Manitoba, Keewatin and Northwest Territories",Miller,CAN_DIA_ByOcc_1905,by_occupation
1,Hollbroke,"HollbrokeManitoba, Keewatin and Northwest Territories",52.826667,-113.451667,1905,"Manitoba, Keewatin and Northwest Territories",Mail Carrier,CAN_DIA_ByOcc_1905,by_occupation
1,Hollbroke,"HollbrokeManitoba, Keewatin and Northwest Territories",52.826667,-113.451667,1905,"Manitoba, Keewatin and Northwest Territories",Indian Agent,CAN_DIA_ByOcc_1905,by_occupation
1,Hollbroke,"HollbrokeManitoba, Keewatin and Northwest Territories",52.826667,-113.451667,1905,"Manitoba, Keewatin and Northwest Territories",Clerk,CAN_DIA_ByOcc_1905,by_occupation
1,Hollbroke,"HollbrokeManitoba, Keewatin and Northwest Territories",52.826667,-113.451667,1905,"Manitoba, Keewatin and Northwest Territories",Blacksmith,CAN_DIA_ByOcc_1905,by_occupation
1,Hagersville,HagersvilleOntario,42.95,-80.05,1905,Ontario,Indian Agent,CAN_DIA_ByOcc_1905,by_occupation
1,Heatherton,HeathertonNova Scotia,45.587856,-61.792089,1905,Nova Scotia,Indian Agent,CAN_DIA_ByOcc_1905,by_occupation
1,Higgins Road,Higgins RoadPrince Edward Island,46.51813,-64.077,1905,Prince Edward Island,Indian Superintend't,CAN_DIA_ByOcc_1905,by_occupation
1,Hedley City,HedleyBritish Columbia,49.358056,-120.075833,1905,British Columbia,Medical Officer,CAN_DIA_ByOcc_1905,by_occupation
1,Harrison,HarrisonBritish Columbia,49.233333,-121.983333,1905,British Columbia,Medical Officer,CAN_DIA_ByOcc_1905,by_occupation
1,Hazelton,HazeltonBritish Columbia,55.25,-127.666667,1905,British Columbia,Medical Officer,CAN_DIA_ByOcc_1905,by_occupation
1,Hazelton,HazeltonBritish Columbia,55.25,-127.666667,1905,British Columbia,Indian Agent,CAN_DIA_ByOcc_1905,by_occupation
1,Kutawa,KutawaSaskatchewan,51.41666,-104.22305,1905,"Manitoba, Keewatin and Northwest Territories",Indian Agent,CAN_DIA_ByOcc_1905,by_occupation
1,Kutawa,KutawaSaskatchewan,51.41666,-104.22305,1905,"Manitoba, Keewatin and Northwest Territories",Interpreter,CAN_DIA_ByOcc_1905,by_occupation
1,Kutawa,KutawaSaskatchewan,51.41666,-104.22305,1905,"Manitoba, Keewatin and Northwest Territories",Clerk,CAN_DIA_ByOcc_1905,by_occupation
1,Lesser Slave Lake,Lesser Slave LakeAlberta,55.440556,-115.488611,1905,"Manitoba, Keewatin and Northwest Territories",Medical Officers,CAN_DIA_ByOcc_1905,by_occupation
1,Liverpool,LiverpoolNova Scotia,44.0375,-64.713889,1905,Nova Scotia,Medical Officer,CAN_DIA_ByOcc_1905,by_occupation
1,Lillooet,LillooetBritish Columbia,50.686389,-121.936389,1905,British Columbia,Medical Officer,CAN_DIA_ByOcc_1905,by_occupation
1,Kenora,KenoraOntario,49.766667,-94.483333,1905,"Manitoba, Keewatin and Northwest Territories",Indian Agent,CAN_DIA_ByOcc_1905,by_occupation
1,Keene,KeeneOntario,44.233333,-78.233333,1905,Ontario,Indian Agent,CAN_DIA_ByOcc_1905,by_occupation
1,Kamloops,KamloopsBritish Columbia,50.676111,-120.340833,1905,British Columbia,Medical Officer,CAN_DIA_ByOcc_1905,by_occupation
1,Kamsack,KamsackSaskatchewan,51.565,-101.894722,1905,"Manitoba, Keewatin and Northwest Territories",Medical Officers,CAN_DIA_ByOcc_1905,by_occupation
1,Kinistino,KinistinoSaskatchewan,52.95,-105.03,1905,"Manitoba, Keewatin and Northwest Territories",Medical Officers,CAN_DIA_ByOcc_1905,by_occupation
1,Kilowna,KilownaBritish Columbia,49.883611,-119.493333,1905,British Columbia,Medical Officer,CAN_DIA_ByOcc_1905,by_occupation
1,Killaloe,KillaloeOntario,45.5645,-77.4196,1905,Ontario,Indian Agent,CAN_DIA_ByOcc_1905,by_occupation
1,Oka,OkaQuebec,45.466667,-74.083333,1905,Quebec,Indian Agent,CAN_DIA_ByOcc_1905,by_occupation
1,Ohsweken,OhswekenOntario,43.066667,-80.116667,1905,Ontario,Medical Officer,CAN_DIA_ByOcc_1905,by_occupation
1,Onion Lake,Onion LakeSaskatchewan,53.7166638,-110.0,1905,"Manitoba, Keewatin and Northwest Territories",Medical Officers,CAN_DIA_ByOcc_1905,by_occupation
1,Nil,ScugogOntario,44.09,-78.936,1905,Ontario,Medical Officer,CAN_DIA_ByOcc_1905,by_occupation
1,Nil,SaugeenOntario,44.433333,-81.366667,1905,Ontario,Medical Officer,CAN_DIA_ByOcc_1905,by_occupation
1,Nil,Serpent and Spanish RiverOntario,46.183333,-82.55,1905,Ontario,Constable,CAN_DIA_ByOcc_1905,by_occupation
1,Nil,Rice LakeOntario,44.183333,-78.166667,1905,Ontario,Medical Officer,CAN_DIA_ByOcc_1905,by_occupation
1,Nil,River DesertQuebec,46.333333,-75.966667,1905,Quebec,Medical Officer,CAN_DIA_ByOcc_1905,by_occupation
1,Norway House,Norway HouseManitoba,53.990278,-97.815556,1905,"Manitoba, Keewatin and Northwest Territories",Indian Agent,CAN_DIA_ByOcc_1905,by_occupation
1,Nil,Whitefish LakeOntario,48.218,-90.0,1905,Ontario,Medical Officer,CAN_DIA_ByOcc_1905,by_occupation
1,Nil,Snake IslandOntario,44.316667,-79.483333,1905,Ontario,Medical Officer,CAN_DIA_ByOcc_1905,by_occupation
1,Nil,Thessalon RiverOntario,46.307978,-83.64526,1905,Ontario,Medical Officer,CAN_DIA_ByOcc_1905,by_occupation
1,Nil,Walpole IslandOntario,42.55,-82.483333,1905,Ontario,Medical Officer,CAN_DIA_ByOcc_1905,by_occupation
1,Ottawa,OttawaOntario,45.416667,-75.683333,1905,Ontario,Chief Clerk,CAN_DIA_ByOcc_1905,by_occupation
1,Ottawa,OttawaOntario,45.416667,-75.683333,1905,Ontario,Superintendent General,CAN_DIA_ByOcc_1905,by_occupation
1,Ottawa,OttawaOntario,45.416667,-75.683333,1905,Ontario,Private Secretary to Supt. General,CAN_DIA_ByOcc_1905,by_occupation
1,Ottawa,OttawaOntario,45.416667,-75.683333,1905,Ontario,Packer,CAN_DIA_ByOcc_1905,by_occupation
1,Ottawa,OttawaOntario,45.416667,-75.683333,1905,Ontario,"First Class Clerk, in charge of Land and Timber Branch",CAN_DIA_ByOcc_1905,by_occupation
1,Ottawa,OttawaOntario,45.416667,-75.683333,1905,Ontario,Deputy Superintendent General,CAN_DIA_ByOcc_1905,by_occupation
1,Ottawa,OttawaOntario,45.416667,-75.683333,1905,Ontario,Chief Clerk Surveyor,CAN_DIA_ByOcc_1905,by_occupation
1,Ottawa,OttawaOntario,45.416667,-75.683333,1905,Ontario,Chief Clerk and Secretary,CAN_DIA_ByOcc_1905,by_occupation
1,Ottawa,OttawaOntario,45.416667,-75.683333,1905,Ontario,Chief Clerk and Assistant Secretary,CAN_DIA_ByOcc_1905,by_occupation
1,Ottawa,OttawaOntario,45.416667,-75.683333,1905,"Manitoba, Keewatin and Northwest Territories","Surveyor in charge of Indian reserve surveys in N.W.T., Manitoba, Keewatin and part of Ontario",CAN_DIA_ByOcc_1905,by_occupation
1,Ottawa,OttawaOntario,45.416667,-75.683333,1905,Ontario,Chief Clerk and Accountant,CAN_DIA_ByOcc_1905,by_occupation
1,Ottawa,OttawaOntario,45.416667,-75.683333,1905,"Manitoba, Keewatin and Northwest Territories",Inspector,CAN_DIA_ByOcc_1905,by_occupation
1,Ottawa,OttawaOntario,45.416667,-75.683333,1905,"Manitoba, Keewatin and Northwest Territories",Asst. Surveyor,CAN_DIA_ByOcc_1905,by_occupation
1,Oromocto,OromoctoNew Brunswick,45.84878,-66.47879,1905,New Brunswick,Medical Officer,CAN_DIA_ByOcc_1905,by_occupation
1,Orillia,OrilliaOntario,44.6,-79.416667,1905,Ontario,Indian Agent,CAN_DIA_ByOcc_1905,by_occupation
1,Onion Lake Agency,Onion LakeSaskatchewan,53.7166638,-110.0,1905,"Manitoba, Keewatin and Northwest Territories",Interpreter,CAN_DIA_ByOcc_1905,by_occupation
1,Onion Lake Agency,Onion LakeSaskatchewan,53.7166638,-110.0,1905,"Manitoba, Keewatin and Northwest Territories",Indian Agent,CAN_DIA_ByOcc_1905,by_occupation
1,Onion Lake Agency,Onion LakeSaskatchewan,53.7166638,-110.0,1905,"Manitoba, Keewatin and Northwest Territories",Farmer,CAN_DIA_ByOcc_1905,by_occupation
1,Onion Lake Agency,Onion LakeSaskatchewan,53.7166638,-110.0,1905,"Manitoba, Keewatin and Northwest Territories",Engineer,CAN_DIA_ByOcc_1905,by_occupation
1,Onion Lake Agency,Onion LakeSaskatchewan,53.7166638,-110.0,1905,"Manitoba, Keewatin and Northwest Territories",Clerk,CAN_DIA_ByOcc_1905,by_occupation
1,New Westminster,New WestminsterBritish Columbia,49.206944,-122.911111,1905,British Columbia,Indian Agent,CAN_DIA_ByOcc_1905,by_occupation
1,Newcastle,NewcastleNew Brunswick,46.983,-65.567,1905,New Brunswick,Medical Officer,CAN_DIA_ByOcc_1905,by_occupation
1,Nil,BeausoleilOntario,44.87,-79.868333,1905,Ontario,Medical Officer,CAN_DIA_ByOcc_1905,by_occupation
1,Nicola,NicolaBritish Columbia,50.166667,-120.516667,1905,British Columbia,Medical Officer,CAN_DIA_ByOcc_1905,by_occupation
1,Nil,AlnwickOntario,44.083333,-78.033333,1905,Ontario,Medical Officer,CAN_DIA_ByOcc_1905,by_occupation
1,Morley,MorleyAlberta,51.16153,-114.85095,1905,"Manitoba, Keewatin and Northwest Territories",Stockman,CAN_DIA_ByOcc_1905,by_occupation
1,Morley,MorleyAlberta,51.16153,-114.85095,1905,"Manitoba, Keewatin and Northwest Territories",Interpreter,CAN_DIA_ByOcc_1905,by_occupation
1,Morley,MorleyAlberta,51.16153,-114.85095,1905,"Manitoba, Keewatin and Northwest Territories",Indian Agent,CAN_DIA_ByOcc_1905,by_occupation
1,Montreal,MontrealQuebec,45.5,-73.566667,1905,Quebec,Indian Agent,CAN_DIA_ByOcc_1905,by_occupation
1,Moncton,MonctonNew Brunswick,46.132778,-64.771389,1905,New Brunswick,Medical Officer,CAN_DIA_ByOcc_1905,by_occupation
1,Moose Jaw,MoosejawSaskatchewan,50.393333,-105.551944,1905,"Manitoba, Keewatin and Northwest Territories",Medical Officers,CAN_DIA_ByOcc_1905,by_occupation
1,Nanaimo,NanaimoBritish Columbia,49.164167,-123.936389,1905,British Columbia,Medical Officer,CAN_DIA_ByOcc_1905,by_occupation
1,N. Timiskaming,N. TemiscamingQuebec,48.233333,-79.016667,1905,Quebec,Indian Agent,CAN_DIA_ByOcc_1905,by_occupation
1,Nil,Nil,0.0,0.0,1905, ,Medical Inspector,CAN_DIA_ByOcc_1905,by_occupation
1,Nil,Nil,0.0,0.0,1905, ,Inspector of Timber,CAN_DIA_ByOcc_1905,by_occupation
1,Nil,Nil,0.0,0.0,1905, ,Insp. of Indian Agencies and Reserves,CAN_DIA_ByOcc_1905,by_occupation
1,Nil,Nil,0.0,0.0,1905, ,Attached to Accountant's Branch,CAN_DIA_ByOcc_1905,by_occupation
1,Nil,NawashOntario,44.908279,-81.022634,1905,Ontario,Medical Officer,CAN_DIA_ByOcc_1905,by_occupation
1,Nil,Munsees of ThamesOntario,42.8,-81.483333,1905,Ontario,Medical Officer,CAN_DIA_ByOcc_1905,by_occupation
1,Nil,RamaOntario,44.702734,-79.339592,1905,Ontario,Medical Officer,CAN_DIA_ByOcc_1905,by_occupation
1,Nil,Oneidas of the Thames Ontario,42.816667,-81.4,1905,Ontario,Medical Officer,CAN_DIA_ByOcc_1905,by_occupation
1,Nil,Fort WilliamOntario,48.38,-89.28,1905,Ontario,Medical Officer,CAN_DIA_ByOcc_1905,by_occupation
1,Nil,Garden RiverOntario,46.529722,-84.158889,1905,Ontario,Medical Officer,CAN_DIA_ByOcc_1905,by_occupation
1,Nil,Chapleau and PogamisingOntario,47.833333,-83.4,1905,Ontario,Medical Officer,CAN_DIA_ByOcc_1905,by_occupation
1,Nil,GaspeQuebec,48.833333,-64.483333,1905,Quebec,Medical Officer,CAN_DIA_ByOcc_1905,by_occupation
1,Nil,Mississaguas of the CreditOntario,43.0,-80.1,1905,Ontario,Medical Officer,CAN_DIA_ByOcc_1905,by_occupation
1,Nil,Moravians of the Thames Ontario,42.566667,-81.883333,1905,Ontario,Medical Officer,CAN_DIA_ByOcc_1905,by_occupation
1,Nil,Malagwatch Reserve Nova Scotia,45.889444,-60.969444,1905,Nova Scotia,Medical Officer,CAN_DIA_ByOcc_1905,by_occupation
1,Nil,Hants CountyNova Scotia,45.1,-63.9,1905,Nova Scotia,Medical Officer,CAN_DIA_ByOcc_1905,by_occupation
41,Ottawa,OttawaOntario,45.416667,-75.683333,1910,Ontario,Clerk,CAN_DIA_ByOcc_1910,by_occupation
5,Ottawa,OttawaOntario,45.416667,-75.683333,1910,Ontario,Messenger,CAN_DIA_ByOcc_1910,by_occupation
5,Battleford,BattlefordSaskatchewan,52.738333,-108.315278,1910,"Manitoba, Keewatin, Saskatchewan and Alberta",Farmer,CAN_DIA_ByOcc_1910,by_occupation
4,Duck Lake,Duck LakeSaskatchewan,52.816667,-106.233333,1910,"Manitoba, Keewatin, Saskatchewan and Alberta",Farmer,CAN_DIA_ByOcc_1910,by_occupation
4,Kutawa,KutawaSaskatchewan,51.41666,-104.22305,1910,"Manitoba, Keewatin, Saskatchewan and Alberta",Farmer,CAN_DIA_ByOcc_1910,by_occupation
3,Victoria,VictoriaBritish Columbia,48.422,-123.365,1910,British Columbia,Clerk,CAN_DIA_ByOcc_1910,by_occupation
3,Broadview,BroadviewSaskatchewan,50.376,-102.579,1910,"Manitoba, Keewatin, Saskatchewan and Alberta",Farmer,CAN_DIA_ByOcc_1910,by_occupation
3,Mistawasis,MistawasisSaskatchewan,53.162778,-106.802778,1910,"Manitoba, Keewatin, Saskatchewan and Alberta",Farmer,CAN_DIA_ByOcc_1910,by_occupation
2,Ponoka,"PonokaManitoba, Keewatin, Saskatchewan and Alberta",52.683333,-113.566667,1910,"Manitoba, Keewatin, Saskatchewan and Alberta",Labourer,CAN_DIA_ByOcc_1910,by_occupation
2,Saddle Lake,Saddle LakeAlberta,53.968333,-111.691944,1910,"Manitoba, Keewatin, Saskatchewan and Alberta",Farmer,CAN_DIA_ByOcc_1910,by_occupation
2,Ottawa,OttawaOntario,45.416667,-75.683333,1910,Ontario,Surveyor,CAN_DIA_ByOcc_1910,by_occupation
2,Ottawa,OttawaOntario,45.416667,-75.683333,1910,Ontario,Secretary of the Department,CAN_DIA_ByOcc_1910,by_occupation
2,Ottawa,OttawaOntario,45.416667,-75.683333,1910,Ontario,Inspector,CAN_DIA_ByOcc_1910,by_occupation
2,Edmonton,EdmontonAlberta,53.533333,-113.5,1910,"Manitoba, Keewatin, Saskatchewan and Alberta",Farmer,CAN_DIA_ByOcc_1910,by_occupation
2,Fredericton,FrecerictonNew Brunswick,45.95,-66.666667,1910,New Brunswick,Medical Officer,CAN_DIA_ByOcc_1910,by_occupation
2,Balcarres,BalcarresSaskatchewan,50.8,-103.55,1910,"Manitoba, Keewatin, Saskatchewan and Alberta",Farmer,CAN_DIA_ByOcc_1910,by_occupation
2,Brantford,BrantfordOntario,43.166667,-80.25,1910,Ontario,"Clerk, Indian Office",CAN_DIA_ByOcc_1910,by_occupation
2,Duncans,DuncansBritish Columbia,48.778694,-123.707861,1910,British Columbia,Indian Agent,CAN_DIA_ByOcc_1910,by_occupation
2,Calgary,CalgaryAlberta,51.05,-114.066667,1910,"Manitoba, Keewatin, Saskatchewan and Alberta",Herder,CAN_DIA_ByOcc_1910,by_occupation
2,Fort Frances,Fort FrancesOntario,48.616667,-93.4,1910,"Manitoba, Keewatin, Saskatchewan and Alberta",Indian Agent,CAN_DIA_ByOcc_1910,by_occupation
2,Onion Lake,Onion LakeSaskatchewan,53.7166638,-110.0,1910,"Manitoba, Keewatin, Saskatchewan and Alberta",Farmer,CAN_DIA_ByOcc_1910,by_occupation
2,Nil,"Qu'AppelleManitoba, Keewatin and North-West Territories",50.541,-103.874,1910,"Manitoba, Keewatin, Saskatchewan and Alberta",Farmer,CAN_DIA_ByOcc_1910,by_occupation
2,Macleod,MacleodAlberta,49.725583,-113.397528,1910,Alberta,Stockman & Farmer,CAN_DIA_ByOcc_1910,by_occupation
2,Macleod,MacleodAlberta,49.725583,-113.397528,1910,Alberta,Interpreter,CAN_DIA_ByOcc_1910,by_occupation
2,Macleod,MacleodAlberta,49.725583,-113.397528,1910,Alberta,Indian Agent,CAN_DIA_ByOcc_1910,by_occupation
2,Macleod,MacleodAlberta,49.725583,-113.397528,1910,Alberta,Hospital Nurse,CAN_DIA_ByOcc_1910,by_occupation
2,Nanaimo,NanaimoBritish Columbia,49.164167,-123.936389,1910,British Columbia,Constable,CAN_DIA_ByOcc_1910,by_occupation
1,Red Deer,Red DeerAlberta,52.268056,-113.811111,1910,"Manitoba, Keewatin, Saskatchewan and Alberta",Inspector of Indian Agencies and Reserves,CAN_DIA_ByOcc_1910,by_occupation
1,Red Deer,Red DeerAlberta,52.268056,-113.811111,1910,Alberta,Medical Officer,CAN_DIA_ByOcc_1910,by_occupation
1,Quesnel,QuesnelBritish Columbia,52.978444,-122.492667,1910,British Columbia,Medical Officer,CAN_DIA_ByOcc_1910,by_occupation
1,Quebec,QuebecQuebec,46.816667,-71.216667,1910,Quebec,Missionary (R.C.),CAN_DIA_ByOcc_1910,by_occupation
1,Saanich,SaanichBritish Columbia,48.484,-123.381,1910,British Columbia,Medical Officer,CAN_DIA_ByOcc_1910,by_occupation
1,Roseneath,RoseneathOntario,44.083333,-78.033333,1910,Ontario,Medical Officer,CAN_DIA_ByOcc_1910,by_occupation
1,Roseneath,RoseneathOntario,44.083333,-78.033333,1910,Ontario,Indian Agent,CAN_DIA_ByOcc_1910,by_occupation
1,Saddle Lake,Saddle LakeAlberta,53.968333,-111.691944,1910,"Manitoba, Keewatin, Saskatchewan and Alberta",Hospital Asst.,CAN_DIA_ByOcc_1910,by_occupation
1,Saddle Lake,Saddle LakeAlberta,53.968333,-111.691944,1910,"Manitoba, Keewatin, Saskatchewan and Alberta",Asst. Nurse,CAN_DIA_ByOcc_1910,by_occupation
1,Saddle Lake,Saddle LakeAlberta,53.968333,-111.691944,1910,"Manitoba, Keewatin, Saskatchewan and Alberta",Clerk,CAN_DIA_ByOcc_1910,by_occupation
1,Saddle Lake,Saddle LakeAlberta,53.968333,-111.691944,1910,"Manitoba, Keewatin, Saskatchewan and Alberta",Nurse,CAN_DIA_ByOcc_1910,by_occupation
1,Saddle Lake,Saddle LakeAlberta,53.968333,-111.691944,1910,"Manitoba, Keewatin, Saskatchewan and Alberta",Interpreter,CAN_DIA_ByOcc_1910,by_occupation
1,Saddle Lake,Saddle LakeAlberta,53.968333,-111.691944,1910,"Manitoba, Keewatin, Saskatchewan and Alberta",Indian Agent,CAN_DIA_ByOcc_1910,by_occupation
1,Rexton,RextonNew Brunswick,46.633333,-64.866667,1910,New Brunswick,Medical Officer,CAN_DIA_ByOcc_1910,by_occupation
1,Restigouche,RestigoucheQuebec,48.658056,-65.752778,1910,Quebec,Medical Officer,CAN_DIA_ByOcc_1910,by_occupation
1,River Desert,River DesertQuebec,46.333333,-75.966667,1910,Quebec,Medical Officer,CAN_DIA_ByOcc_1910,by_occupation
1,River Desert,River DesertQuebec,46.333333,-75.966667,1910,Quebec,Indian Agent,CAN_DIA_ByOcc_1910,by_occupation
1,Rexton,RextonNew Brunswick,46.633333,-64.866667,1910,New Brunswick,Constable,CAN_DIA_ByOcc_1910,by_occupation
1,River Bourgeois,River BourgeoisNova Scotia,45.632767,-60.931206,1910,Nova Scotia,Inspector,CAN_DIA_ByOcc_1910,by_occupation
1,Richibucto,RichibuctoNew Brunswick,46.659,-64.76,1910,New Brunswick,Missionary (R.C.),CAN_DIA_ByOcc_1910,by_occupation
1,Parry Sound,Parry IslandOntario,45.283333,-80.15,1910,Ontario,Indian Supt.,CAN_DIA_ByOcc_1910,by_occupation
1,Pictou,PictonNova Scotia,45.681389,-62.711944,1910,Nova Scotia,Medical Officer,CAN_DIA_ByOcc_1910,by_occupation
1,Penetanguishene,PenetanguisheneOntario,44.766667,-79.933333,1910,Ontario,Indian Agent,CAN_DIA_ByOcc_1910,by_occupation
1,Perth Centre,Tobique ReserveNew Brunswick,0.0,0.0,1910,New Brunswick,Medical Officer,CAN_DIA_ByOcc_1910,by_occupation
1,Ottawa,OttawaOntario,45.416667,-75.683333,1910,Ontario,Clerk of Schools,CAN_DIA_ByOcc_1910,by_occupation
1,Ottawa,OttawaOntario,45.416667,-75.683333,1910,Ontario,Clerk of Printing and Translation,CAN_DIA_ByOcc_1910,by_occupation
1,Ottawa,OttawaOntario,45.416667,-75.683333,1910,Ontario,Clerk of Lands and Timber and Registrar of Land Patents.,CAN_DIA_ByOcc_1910,by_occupation
1,Ottawa,OttawaOntario,45.416667,-75.683333,1910,Ontario,Clerk of Indian Sociology,CAN_DIA_ByOcc_1910,by_occupation
1,Ottawa,OttawaOntario,45.416667,-75.683333,1910,Ontario,Chief Surveyor,CAN_DIA_ByOcc_1910,by_occupation
1,Ottawa,OttawaOntario,45.416667,-75.683333,1910,Ontario,Chief Draughtsman,CAN_DIA_ByOcc_1910,by_occupation
1,Ottawa,OttawaOntario,45.416667,-75.683333,1910,Ontario,Chief Accountant,CAN_DIA_ByOcc_1910,by_occupation
1,Ottawa,OttawaOntario,45.416667,-75.683333,1910,Ontario,Asst. Secretary,CAN_DIA_ByOcc_1910,by_occupation
1,Ottawa,OttawaOntario,45.416667,-75.683333,1910,Ontario,Asst. Clerk of Lands and Timber,CAN_DIA_ByOcc_1910,by_occupation
1,Ottawa,OttawaOntario,45.416667,-75.683333,1910,Ontario,Asst. Accountant,CAN_DIA_ByOcc_1910,by_occupation
1,Ottawa,OttawaOntario,45.416667,-75.683333,1910,Ontario,Clerk to Inspector Conroy,CAN_DIA_ByOcc_1910,by_occupation
1,Ottawa,OttawaOntario,45.416667,-75.683333,1910,Ontario,Accountant,CAN_DIA_ByOcc_1910,by_occupation
1,Ottawa,OttawaOntario,45.416667,-75.683333,1910,Ontario,Deputy Supt. General,CAN_DIA_ByOcc_1910,by_occupation
1,Ottawa,OttawaOntario,45.416667,-75.683333,1910,Ontario,Architect,CAN_DIA_ByOcc_1910,by_occupation
1,Ottawa,OttawaOntario,45.416667,-75.683333,1910,Ontario,Clerk of Supply,CAN_DIA_ByOcc_1910,by_occupation
1,Ottawa,OttawaOntario,45.416667,-75.683333,1910,Ontario,Timber Inspector,CAN_DIA_ByOcc_1910,by_occupation
1,Ottawa,OttawaOntario,45.416667,-75.683333,1910,Ontario,Supervisor of Statistics,CAN_DIA_ByOcc_1910,by_occupation
1,Ottawa,OttawaOntario,45.416667,-75.683333,1910,Ontario,Superintendent of Indian Education,CAN_DIA_ByOcc_1910,by_occupation
1,Ottawa,OttawaOntario,45.416667,-75.683333,1910,Ontario,Superintendent General,CAN_DIA_ByOcc_1910,by_occupation
1,Ottawa,OttawaOntario,45.416667,-75.683333,1910,Ontario,Secretary to Deputy Supt. General,CAN_DIA_ByOcc_1910,by_occupation
1,Ottawa,OttawaOntario,45.416667,-75.683333,1910,Ontario,Registrar,CAN_DIA_ByOcc_1910,by_occupation
1,Ottawa,OttawaOntario,45.416667,-75.683333,1910,Ontario,Privy Council Clerk,CAN_DIA_ByOcc_1910,by_occupation
1,Ottawa,OttawaOntario,45.416667,-75.683333,1910,Ontario,Packer,CAN_DIA_ByOcc_1910,by_occupation
1,Ottawa,OttawaOntario,45.416667,-75.683333,1910,Ontario,Law Clerk,CAN_DIA_ByOcc_1910,by_occupation
1,Ottawa,OttawaOntario,45.416667,-75.683333,1910,Ontario,Indian Commissioner,CAN_DIA_ByOcc_1910,by_occupation
1,Ottawa,OttawaOntario,45.416667,-75.683333,1910,Ontario,Draughtsman,CAN_DIA_ByOcc_1910,by_occupation
1,Parrsboro,ParrsboroNova Scotia,45.405833,-64.325833,1910,Nova Scotia,Medical Officer,CAN_DIA_ByOcc_1910,by_occupation
1,Parrsboro,ParrsboroNova Scotia,45.405833,-64.325833,1910,Nova Scotia,Indian Agent,CAN_DIA_ByOcc_1910,by_occupation
1,Port Perry,Port PerryOntario,44.1,-78.95,1910,Ontario,Medical Officer,CAN_DIA_ByOcc_1910,by_occupation
1,Port Perry,Port PerryOntario,44.1,-78.95,1910,Ontario,Indian Agent,CAN_DIA_ByOcc_1910,by_occupation
1,Portage la Prairie,Portage la PrairieManitoba,49.972778,-98.291944,1910,"Manitoba, Keewatin, Saskatchewan and Alberta",Indian Agent,CAN_DIA_ByOcc_1910,by_occupation
1,Port Simpson,Port RenfrewBritish Columbia,48.558611,-124.39916,1910,British Columbia,Medical Officer,CAN_DIA_ByOcc_1910,by_occupation
1,Prince Albert,Prince AlbertSaskatchewan,53.2,-105.75,1910,"Manitoba, Keewatin, Saskatchewan and Alberta",Interpreter and Teamster,CAN_DIA_ByOcc_1910,by_occupation
1,Prince Albert,Prince AlbertSaskatchewan,53.2,-105.75,1910,"Manitoba, Keewatin, Saskatchewan and Alberta",Overseer,CAN_DIA_ByOcc_1910,by_occupation
1,Prince Albert,Prince AlbertSaskatchewan,53.2,-105.75,1910,"Manitoba, Keewatin, Saskatchewan and Alberta",Inspector of Indian Agencies and Reserves,CAN_DIA_ByOcc_1910,by_occupation
1,Prince Albert,Prince AlbertSaskatchewan,53.2,-105.75,1910,"Manitoba, Keewatin, Saskatchewan and Alberta",Farmer,CAN_DIA_ByOcc_1910,by_occupation
1,Portage la Prairie,Portage la PrairieManitoba,49.972778,-98.291944,1910,"Manitoba, Keewatin, Saskatchewan and Alberta",Caretaker,CAN_DIA_ByOcc_1910,by_occupation
1,Prince Albert,Prince AlbertSaskatchewan,53.2,-105.75,1910,Saskatchewan,Medical Officer,CAN_DIA_ByOcc_1910,by_occupation
1,Portage la Prairie,Portage la PrairieManitoba,49.972778,-98.291944,1910,"Manitoba, Keewatin, Saskatchewan and Alberta",Clerk,CAN_DIA_ByOcc_1910,by_occupation
1,Pierreville,PierrevilleQuebec,46.066667,-72.816667,1910,Quebec,Missionary (R.C.),CAN_DIA_ByOcc_1910,by_occupation
1,Port Essington,Port EssingtonBritish Columbia,54.15,-129.95,1910,British Columbia,Medical Officer,CAN_DIA_ByOcc_1910,by_occupation
1,Port Essington,Port EssingtonBritish Columbia,54.15,-129.95,1910,British Columbia,Constable,CAN_DIA_ByOcc_1910,by_occupation
1,Pointe la Garde,Pointe a la GardeQuebec,48.116667,-66.483333,1910,Quebec,Indian Agent,CAN_DIA_ByOcc_1910,by_occupation
1,Pointe Bleue,Pointe BleueQuebec,48.566667,-72.233333,1910,Quebec,Medical Officer,CAN_DIA_ByOcc_1910,by_occupation
1,Pointe Bleue,Pointe BleueQuebec,48.566667,-72.233333,1910,Quebec,Indian Agent,CAN_DIA_ByOcc_1910,by_occupation
1,Ponoka,"PonokaManitoba, Keewatin, Saskatchewan and Alberta",52.683333,-113.566667,1910,"Manitoba, Keewatin, Saskatchewan and Alberta",Teamstet & Int'rpr't'r,CAN_DIA_ByOcc_1910,by_occupation
1,Ponoka,"PonokaManitoba, Keewatin, Saskatchewan and Alberta",52.683333,-113.566667,1910,"Manitoba, Keewatin, Saskatchewan and Alberta",Indian Agent,CAN_DIA_ByOcc_1910,by_occupation
1,Ponoka,"PonokaManitoba, Keewatin, Saskatchewan and Alberta",52.683333,-113.566667,1910,"Manitoba, Keewatin, Saskatchewan and Alberta",Farmer,CAN_DIA_ByOcc_1910,by_occupation
1,Ponoka,"PonokaManitoba, Keewatin, Saskatchewan and Alberta",52.683333,-113.566667,1910,"Manitoba, Keewatin, Saskatchewan and Alberta",Clerk,CAN_DIA_ByOcc_1910,by_occupation
1,Ponoka,"PonokaManitoba, Keewatin, Saskatchewan and Alberta",52.683333,-113.566667,1910,"Manitoba, Keewatin, Saskatchewan and Alberta",Blacksmith,CAN_DIA_ByOcc_1910,by_occupation
1,Vancouver,VancouverBritish Columbia,49.25,-123.1,1910,British Columbia,Inspector of Indian Schools,CAN_DIA_ByOcc_1910,by_occupation
1,Victoria,VictoriaBritish Columbia,48.422,-123.365,1910,British Columbia,Messenger,CAN_DIA_ByOcc_1910,by_occupation
1,Victoria,VictoriaBritish Columbia,48.422,-123.365,1910,British Columbia,Medical Officer,CAN_DIA_ByOcc_1910,by_occupation
1,Victoria,VictoriaBritish Columbia,48.422,-123.365,1910,British Columbia,Indian Supt. and Reserve Com. for B.C.,CAN_DIA_ByOcc_1910,by_occupation
1,Victoria,VictoriaBritish Columbia,48.422,-123.365,1910,British Columbia,Chief Clerk,CAN_DIA_ByOcc_1910,by_occupation
1,Tobique,TobiqueNew Brunswick,46.8,-67.6,1910,New Brunswick,Missionary (R.C.),CAN_DIA_ByOcc_1910,by_occupation
1,Tobique,TobiqueNew Brunswick,46.8,-67.6,1910,New Brunswick,Caretaker of Church,CAN_DIA_ByOcc_1910,by_occupation
1,Thessalon,ThessalonOntario,46.25,-83.55,1910,Ontario,Medical Officer,CAN_DIA_ByOcc_1910,by_occupation
1,Thessalon,ThessalonOntario,46.25,-83.55,1910,Ontario,Indian Agent,CAN_DIA_ByOcc_1910,by_occupation
1,Truro,TruroNova Scotia,45.364722,-63.28,1910,Nova Scotia,Medical Officer,CAN_DIA_ByOcc_1910,by_occupation
1,Tyne Valley,Tyne ValleyPrince Edward Island,46.566667,-63.933333,1910,Prince Edward Island,Medical Officer,CAN_DIA_ByOcc_1910,by_occupation
1,Truro,TruroNova Scotia,45.364722,-63.28,1910,Nova Scotia,Indian Agent,CAN_DIA_ByOcc_1910,by_occupation
1,Ucluelet,UclueletBritish Columbia,48.935,-125.541944,1910,British Columbia,Medical Officer,CAN_DIA_ByOcc_1910,by_occupation
1,Valley River,"Valley RiverManitoba, Keewatin, Saskatchewan and Alberta",51.2481,-100.1431,1910,"Manitoba, Keewatin, Saskatchewan and Alberta",Overseer,CAN_DIA_ByOcc_1910,by_occupation
1,Winnipeg,WinnipegManitoba,49.899444,-97.139167,1910,"Manitoba, Keewatin, Saskatchewan and Alberta",Clerk in charge of Stores,CAN_DIA_ByOcc_1910,by_occupation
1,Winnipeg,WinnipegManitoba,49.899444,-97.139167,1910,"Manitoba, Keewatin, Saskatchewan and Alberta",Clerk,CAN_DIA_ByOcc_1910,by_occupation
1,Winnipeg,WinnipegManitoba,49.899444,-97.139167,1910,"Manitoba, Keewatin, Saskatchewan and Alberta",Caretaker,CAN_DIA_ByOcc_1910,by_occupation
1,Winnipeg,WinnipegManitoba,49.899444,-97.139167,1910,Manitoba,Medical Officer,CAN_DIA_ByOcc_1910,by_occupation
1,Winnipeg,WinnipegManitoba,49.899444,-97.139167,1910,"Manitoba, Keewatin, Saskatchewan and Alberta",Inspector R.C. Schools,CAN_DIA_ByOcc_1910,by_occupation
1,Woodstock,WoodstockNew Brunswick,46.152222,-67.598333,1910,New Brunswick,Medical Officer,CAN_DIA_ByOcc_1910,by_occupation
1,Winnipeg,WinnipegManitoba,49.899444,-97.139167,1910,"Manitoba, Keewatin, Saskatchewan and Alberta",Inspector of Indian Agencies and Reserves,CAN_DIA_ByOcc_1910,by_occupation
1,Yarmouth,YarmouthNova Scotia,49.899444,-97.139167,1910,Nova Scotia,Indian Agent,CAN_DIA_ByOcc_1910,by_occupation
1,Winnipegosis,WinnipegosisManitoba,51.616667,-99.933333,1910,Manitoba,Medical Officer,CAN_DIA_ByOcc_1910,by_occupation
1,Winnipeg,WinnipegManitoba,49.899444,-97.139167,1910,"Manitoba, Keewatin, Saskatchewan and Alberta",Inspector of Indian Agency Accounts.,CAN_DIA_ByOcc_1910,by_occupation
1,Weymouth,WeymouthNova Scotia,44.40489,-65.99861,1910,Nova Scotia,Medical Officer,CAN_DIA_ByOcc_1910,by_occupation
1,Whycocomagh,WhycocomaghNova Scotia,45.976686,-61.117972,1910,Nova Scotia,Medical Officer,CAN_DIA_ByOcc_1910,by_occupation
1,Whitewood,WhitewoodSaskatchewan,50.333333,-102.25,1910,Saskatchewan,Medical Officer,CAN_DIA_ByOcc_1910,by_occupation
1,Walpole Island,Walpole IslandOntario,42.55,-82.483333,1910,Ontario,Indian Agent,CAN_DIA_ByOcc_1910,by_occupation
1,Wallaceburg,WallaceburgOntario,42.594722,-82.384167,1910,Ontario,Medical Officer,CAN_DIA_ByOcc_1910,by_occupation
1,Windermere,WindermereBritish Columbia,50.463611,-115.988889,1910,British Columbia,Medical Officer,CAN_DIA_ByOcc_1910,by_occupation
1,Windsor,WindsorNova Scotia,44.980278,-64.129167,1910,Nova Scotia,Medical Officer,CAN_DIA_ByOcc_1910,by_occupation
1,Wiarton,WiartonOntario,44.743611,-81.140833,1910,Ontario,Indian Agent,CAN_DIA_ByOcc_1910,by_occupation
1,Wiarton,WiartonOntario,44.743611,-81.140833,1910,Ontario,Medical Officer,CAN_DIA_ByOcc_1910,by_occupation
1,Wiarton,WiartonOntario,44.743611,-81.140833,1910,Ontario,Indian Land Agent.,CAN_DIA_ByOcc_1910,by_occupation
1,Shubenacadie,ShubenacadieNova Scotia,45.139883,-63.417547,1910,Nova Scotia,Indian Agent,CAN_DIA_ByOcc_1910,by_occupation
1,Shelburne,ShelburneNova Scotia,43.763333,-65.323611,1910,Nova Scotia,Indian Agent,CAN_DIA_ByOcc_1910,by_occupation
1,Sintaluta,SintalutaSaskatchewan,50.483333,-103.433333,1910,"Manitoba, Keewatin, Saskatchewan and Alberta",Indian Agent,CAN_DIA_ByOcc_1910,by_occupation
1,St. Albert,St. AlbertAlberta,53.630278,-113.625833,1910,Alberta,Medical Officer,CAN_DIA_ByOcc_1910,by_occupation
1,Sintaluta,SintalutaSaskatchewan,50.483333,-103.433333,1910,"Manitoba, Keewatin, Saskatchewan and Alberta",Clerk,CAN_DIA_ByOcc_1910,by_occupation
1,St. Francois du Lac,St. Francois du LacQuebec,46.066667,-72.833333,1910,Quebec,Indian Agent,CAN_DIA_ByOcc_1910,by_occupation
1,Skidegate,SkidegateBritish Columbia,53.267222,-131.990556,1910,British Columbia,Medical Officer,CAN_DIA_ByOcc_1910,by_occupation
1,Sintaluta,SintalutaSaskatchewan,50.483333,-103.433333,1910,"Manitoba, Keewatin, Saskatchewan and Alberta",Farmer,CAN_DIA_ByOcc_1910,by_occupation
1,Sault Ste. Marie,Sault Ste MarieOntario,46.533333,-84.35,1910,Ontario,Indian Agent,CAN_DIA_ByOcc_1910,by_occupation
1,Sault Ste. Marie,Sault Ste MarieOntario,46.533333,-84.35,1910,Ontario,Medical Officer,CAN_DIA_ByOcc_1910,by_occupation
1,Sarnia,SarniaOntario,42.999444,-82.308889,1910,Ontario,Medical Officer,CAN_DIA_ByOcc_1910,by_occupation
1,Sarnia,SarniaOntario,42.999444,-82.308889,1910,Ontario,Indian Agent,CAN_DIA_ByOcc_1910,by_occupation
1,Shebenacadie,ShebenacadieNova Scotia,45.139883,-63.417547,1910,Nova Scotia,Medical Officer,CAN_DIA_ByOcc_1910,by_occupation
1,Shediac,ShediacNew Brunswick,46.216667,-64.533333,1910,New Brunswick,Medical Officer,CAN_DIA_ByOcc_1910,by_occupation
1,Shannonville,ShannonvilleOntario,44.2637,-77.2304,1910,Ontario,Medical Officer,CAN_DIA_ByOcc_1910,by_occupation
1,Sheet Harbour,Sheet HarbourNova Scotia,44.916667,-62.533333,1910,Nova Scotia,Indian Agent,CAN_DIA_ByOcc_1910,by_occupation
1,Selkirk,SelkirkManitoba,50.143611,-96.883889,1910,"Manitoba, Keewatin, Saskatchewan and Alberta",Indian Agent,CAN_DIA_ByOcc_1910,by_occupation
1,Selkirk,SelkirkManitoba,50.143611,-96.883889,1910,"Manitoba, Keewatin, Saskatchewan and Alberta",Clerk,CAN_DIA_ByOcc_1910,by_occupation
1,Swan Lake,Swan LakesManitoba,52.516667,-100.75,1910,"Manitoba, Keewatin, Saskatchewan and Alberta",Farmer,CAN_DIA_ByOcc_1910,by_occupation
1,Sydney,SydneyNova Scotia,46.13631,-60.19551,1910,Nova Scotia,Medical Officer,CAN_DIA_ByOcc_1910,by_occupation
1,Sutton West,Sutton WestOntario,44.305,-79.358056,1910,Ontario,Medical Officer,CAN_DIA_ByOcc_1910,by_occupation
1,Sturgeon Falls,Sturgeon FallsOntario,46.3679478,-79.9247299,1910,Ontario,Indian Agent,CAN_DIA_ByOcc_1910,by_occupation
1,Sutton West,Sutton WestOntario,44.305,-79.358056,1910,Ontario,Indian Agent,CAN_DIA_ByOcc_1910,by_occupation
1,Sudbury,SudburyOntario,46.49,-81.01,1910,Ontario,Medical Officer,CAN_DIA_ByOcc_1910,by_occupation
1,The Pas,The PasSaskatchewan,53.825,-101.253333,1910,"Manitoba, Keewatin, Saskatchewan and Alberta",Indian Agent,CAN_DIA_ByOcc_1910,by_occupation
1,The Pas,The PasSaskatchewan,53.825,-101.253333,1910,"Manitoba, Keewatin, Saskatchewan and Alberta",Interpreter,CAN_DIA_ByOcc_1910,by_occupation
1,The Pas,The PasSaskatchewan,53.825,-101.253333,1910,Saskatchewan,Medical Officer,CAN_DIA_ByOcc_1910,by_occupation
1,"Sydney, C.B",SydneyNova Scotia,46.13631,-60.19551,1910,Nova Scotia,Indian Agent,CAN_DIA_ByOcc_1910,by_occupation
1,Telegraph Creek,Telegraph CreekBritish Columbia,57.9,-131.15,1910,British Columbia,Medical Officer,CAN_DIA_ByOcc_1910,by_occupation
1,Telegraph Creek,Telegraph CreekBritish Columbia,57.9,-131.15,1910,British Columbia,Indian Agent,CAN_DIA_ByOcc_1910,by_occupation
1,St. Mary's,St. MarysNew Brunswick,46.205,-66.505,1910,New Brunswick,Superintendent of Indian Schools,CAN_DIA_ByOcc_1910,by_occupation
1,St. Peters,St. PetersNova Scotia,45.663964,-60.894469,1910,Nova Scotia,Medical Officer,CAN_DIA_ByOcc_1910,by_occupation
1,Steam Mills,Steam MillsNova Scotia,45.109972,-64.514139,1910,Nova Scotia,Indian Agent,CAN_DIA_ByOcc_1910,by_occupation
1,Stevenston,StevestonBritish Columbia,49.1275,-123.181389,1910,British Columbia,Medical Officer,CAN_DIA_ByOcc_1910,by_occupation
1,Steele,SteeleBritish Columbia,49.616667,-115.633333,1910,British Columbia,Medical Officer,CAN_DIA_ByOcc_1910,by_occupation
1,Steele,SteeleBritish Columbia,49.616667,-115.633333,1910,British Columbia,Indian Agent,CAN_DIA_ByOcc_1910,by_occupation
1,Stonewall,StonewallManitoba,50.134444,-97.326111,1910,"Manitoba, Keewatin, Saskatchewan and Alberta",Inspector of Indian Agencies and Reserves.,CAN_DIA_ByOcc_1910,by_occupation
1,St. Regis,St. RegisQuebec,44.971111,-74.641944,1910,Quebec,Missionary (R.C.),CAN_DIA_ByOcc_1910,by_occupation
1,St. Regis,St. RegisQuebec,44.971111,-74.641944,1910,Quebec,Indian Agent,CAN_DIA_ByOcc_1910,by_occupation
1,St. Urbain,St. UrbainQuebec,47.55,-70.533333,1910,Quebec,Medical Officer,CAN_DIA_ByOcc_1910,by_occupation
1,Bridgewater,BridgewaterNova Scotia,44.37,-64.52,1910,Nova Scotia,Medical Officer,CAN_DIA_ByOcc_1910,by_occupation
1,Brantford,BrantfordOntario,43.166667,-80.25,1910,Ontario,Clerk,CAN_DIA_ByOcc_1910,by_occupation
1,Brantford,BrantfordOntario,43.166667,-80.25,1910,Ontario,Inspector of Works,CAN_DIA_ByOcc_1910,by_occupation
1,Brantford,BrantfordOntario,43.166667,-80.25,1910,Ontario,Indian Supt.,CAN_DIA_ByOcc_1910,by_occupation
1,Birtle,BirtleManitoba,50.4225,-101.0475,1910,"Manitoba, Keewatin, Saskatchewan and Alberta",Indian Agent,CAN_DIA_ByOcc_1910,by_occupation
1,Birtle,BirtleManitoba,50.4225,-101.0475,1910,"Manitoba, Keewatin, Saskatchewan and Alberta",Hospital Nurse,CAN_DIA_ByOcc_1910,by_occupation
1,Birtle,BirtleManitoba,50.4225,-101.0475,1910,"Manitoba, Keewatin, Saskatchewan and Alberta",Groom,CAN_DIA_ByOcc_1910,by_occupation
1,Birtle,BirtleManitoba,50.4225,-101.0475,1910,Manitoba,Medical Officer,CAN_DIA_ByOcc_1910,by_occupation
1,Brandon,BrandonManitoba,49.833333,-99.95,1910,Manitoba,Medical Officer,CAN_DIA_ByOcc_1910,by_occupation
1,Calgary,CalgaryAlberta,51.05,-114.066667,1910,"Manitoba, Keewatin, Saskatchewan and Alberta",Interpreter,CAN_DIA_ByOcc_1910,by_occupation
1,Calgary,CalgaryAlberta,51.05,-114.066667,1910,"Manitoba, Keewatin, Saskatchewan and Alberta",Clerk,CAN_DIA_ByOcc_1910,by_occupation
1,Calgary,CalgaryAlberta,51.05,-114.066667,1910,"Manitoba, Keewatin, Saskatchewan and Alberta",Asst. Stockman,CAN_DIA_ByOcc_1910,by_occupation
1,Calgary,CalgaryAlberta,51.05,-114.066667,1910,Alberta,Medical Officer,CAN_DIA_ByOcc_1910,by_occupation
1,Calgary,CalgaryAlberta,51.05,-114.066667,1910,"Manitoba, Keewatin, Saskatchewan and Alberta",Scout,CAN_DIA_ByOcc_1910,by_occupation
1,Calgary,CalgaryAlberta,51.05,-114.066667,1910,"Manitoba, Keewatin, Saskatchewan and Alberta",Indian Agent,CAN_DIA_ByOcc_1910,by_occupation
1,Canning,CanningNova Scotia,45.157917,-64.424167,1910,Nova Scotia,Medical Officer,CAN_DIA_ByOcc_1910,by_occupation
1,Calgary,CalgaryAlberta,51.05,-114.066667,1910,"Manitoba, Keewatin, Saskatchewan and Alberta",Stockman,CAN_DIA_ByOcc_1910,by_occupation
1,Broadview,BroadviewSaskatchewan,50.376,-102.579,1910,"Manitoba, Keewatin, Saskatchewan and Alberta",Indian Agent,CAN_DIA_ByOcc_1910,by_occupation
1,Broadview,BroadviewSaskatchewan,50.376,-102.579,1910,"Manitoba, Keewatin, Saskatchewan and Alberta",Teamster,CAN_DIA_ByOcc_1910,by_occupation
1,Caledonia,CaledoniaNova Scotia,44.378889,-65.032222,1910,Nova Scotia,Indian Agent,CAN_DIA_ByOcc_1910,by_occupation
1,Broadview,BroadviewSaskatchewan,50.376,-102.579,1910,"Manitoba, Keewatin, Saskatchewan and Alberta",Clerk,CAN_DIA_ByOcc_1910,by_occupation
1,Broadview,BroadviewSaskatchewan,50.376,-102.579,1910,"Manitoba, Keewatin, Saskatchewan and Alberta",Interpreter,CAN_DIA_ByOcc_1910,by_occupation
1,Cacouna,CacounaQuebec,47.916667,-69.5,1910,Quebec,Indian Agent,CAN_DIA_ByOcc_1910,by_occupation
1,Buctouche,BuctoucheNew Brunswick,46.4719,-64.7249,1910,New Brunswick,Medical Officer,CAN_DIA_ByOcc_1910,by_occupation
1,Buctouche,BuctoucheNew Brunswick,46.4719,-64.7249,1910,New Brunswick,Missionary (R.C.),CAN_DIA_ByOcc_1910,by_occupation
1,Burnt Church,Burnt ChurchNew Brunswick,47.197917,-65.14825,1910,New Brunswick,Constable,CAN_DIA_ByOcc_1910,by_occupation
1,Baddeck,BaddeckNova Scotia,46.1,-60.754167,1910,Nova Scotia,Medical Officer,CAN_DIA_ByOcc_1910,by_occupation
1,Baddeck,BaddeckNova Scotia,46.1,-60.754167,1910,Nova Scotia,Indian Agent,CAN_DIA_ByOcc_1910,by_occupation
1,Ashcroft,AshcroftBritish Columbia,50.725556,-121.280556,1910,British Columbia,Medical Officer,CAN_DIA_ByOcc_1910,by_occupation
1,Avonhurst,"AvonhurstManitoba, Keewatin, Saskatchewan and Alberta",50.374,-104.075,1910,"Manitoba, Keewatin, Saskatchewan and Alberta",Interpreter,CAN_DIA_ByOcc_1910,by_occupation
1,Avonhurst,"AvonhurstManitoba, Keewatin, Saskatchewan and Alberta",50.374,-104.075,1910,"Manitoba, Keewatin, Saskatchewan and Alberta",Indian Agent,CAN_DIA_ByOcc_1910,by_occupation
1,Bathurst Village,Bathurst VillageNew Brunswick,47.62,-65.65,1910,New Brunswick,Medical Officer,CAN_DIA_ByOcc_1910,by_occupation
1,Balcarres,BalcarresSaskatchewan,50.8,-103.55,1910,"Manitoba, Keewatin, Saskatchewan and Alberta",Mail Carrier,CAN_DIA_ByOcc_1910,by_occupation
1,Balcarres,BalcarresSaskatchewan,50.8,-103.55,1910,"Manitoba, Keewatin, Saskatchewan and Alberta",Interpreter,CAN_DIA_ByOcc_1910,by_occupation
1,Balcarres,BalcarresSaskatchewan,50.8,-103.55,1910,"Manitoba, Keewatin, Saskatchewan and Alberta",Inspector of Indian Agencies and Reserves,CAN_DIA_ByOcc_1910,by_occupation
1,Balcarres,BalcarresSaskatchewan,50.8,-103.55,1910,"Manitoba, Keewatin, Saskatchewan and Alberta",Clerk,CAN_DIA_ByOcc_1910,by_occupation
1,Balcarres,BalcarresSaskatchewan,50.8,-103.55,1910,"Manitoba, Keewatin, Saskatchewan and Alberta",Assistant Farmer,CAN_DIA_ByOcc_1910,by_occupation
1,Allenford,AllenfordOntario,44.4,-81.2,1910,Ontario,Medical Officer,CAN_DIA_ByOcc_1910,by_occupation
1,Alert Bay,Alert BayBritish Columbia,50.5825,-126.925278,1910,British Columbia,Medical Officer,CAN_DIA_ByOcc_1910,by_occupation
1,Alert Bay,Alert BayBritish Columbia,50.5825,-126.925278,1910,British Columbia,Indian Agent,CAN_DIA_ByOcc_1910,by_occupation
1,150 Mile House,"150-Mile House, CaribouBritish Columbia",52.105556,-121.927778,1910,British Columbia,Medical Officer,CAN_DIA_ByOcc_1910,by_occupation
1,Alberni,AlberniBritish Columbia,49.233889,-124.805,1910,British Columbia,Medical Officer,CAN_DIA_ByOcc_1910,by_occupation
1,Alberni,AlberniBritish Columbia,49.233889,-124.805,1910,British Columbia,Indian Agent,CAN_DIA_ByOcc_1910,by_occupation
1,Annapolis,AnnapolisNova Scotia,44.741667,-65.515278,1910,Nova Scotia,Medical Officer,CAN_DIA_ByOcc_1910,by_occupation
1,Annapolis,AnnapolisNova Scotia,44.741667,-65.515278,1910,Nova Scotia,Indian Agent,CAN_DIA_ByOcc_1910,by_occupation
1,Antigonish,AntigonishNova Scotia,45.626522,-61.998253,1910,Nova Scotia,Medical Officer,CAN_DIA_ByOcc_1910,by_occupation
1,Andover,AndoverNew Brunswick,46.73927,-67.6984,1910,New Brunswick,Missionary (R.C.),CAN_DIA_ByOcc_1910,by_occupation
1,Andover,AndoverNew Brunswick,46.73927,-67.6984,1910,New Brunswick,Constable,CAN_DIA_ByOcc_1910,by_occupation
1,Bella Bella,Bella BellaBritish Columbia,52.161944,-128.145,1910,British Columbia,Medical Officer,CAN_DIA_ByOcc_1910,by_occupation
1,Bella Bella,Bella BellaBritish Columbia,52.161944,-128.145,1910,British Columbia,Indian Agent,CAN_DIA_ByOcc_1910,by_occupation
1,Bear River,Bear RiverNova Scotia,44.572222,-65.643889,1910,Nova Scotia,Medical Officer,CAN_DIA_ByOcc_1910,by_occupation
1,Bear River,Bear RiverNova Scotia,44.572222,-65.643889,1910,Nova Scotia,Indian Agent,CAN_DIA_ByOcc_1910,by_occupation
1,Becancour,BecancourQuebec,46.333333,-72.433333,1910,Quebec,Indian Agent,CAN_DIA_ByOcc_1910,by_occupation
1,Bersimis,BersimisQuebec,48.95,-68.65,1910,Quebec,Indian Agent,CAN_DIA_ByOcc_1910,by_occupation
1,Battleford,BattlefordSaskatchewan,52.738333,-108.315278,1910,"Manitoba, Keewatin, Saskatchewan and Alberta",Teamster and Interpreter,CAN_DIA_ByOcc_1910,by_occupation
1,Battleford,BattlefordSaskatchewan,52.738333,-108.315278,1910,"Manitoba, Keewatin, Saskatchewan and Alberta",Overseer,CAN_DIA_ByOcc_1910,by_occupation
1,Battleford,BattlefordSaskatchewan,52.738333,-108.315278,1910,"Manitoba, Keewatin, Saskatchewan and Alberta",Indian Agent,CAN_DIA_ByOcc_1910,by_occupation
1,Battleford,BattlefordSaskatchewan,52.738333,-108.315278,1910,"Manitoba, Keewatin, Saskatchewan and Alberta",Clerk,CAN_DIA_ByOcc_1910,by_occupation
1,Battleford,BattlefordSaskatchewan,52.738333,-108.315278,1910,"Manitoba, Keewatin, Saskatchewan and Alberta",Blacksmith,CAN_DIA_ByOcc_1910,by_occupation
1,Battleford,BattlefordSaskatchewan,52.738333,-108.315278,1910,Saskatchewan,Medical Officer,CAN_DIA_ByOcc_1910,by_occupation
1,Fort Frances,Fort FrancesOntario,48.616667,-93.4,1910,Ontario,Medical Officer,CAN_DIA_ByOcc_1910,by_occupation
1,Fort Saskatchewan,Fort SaskatchewanAlberta,53.712778,-113.213333,1910, ,Medical Officer,CAN_DIA_ByOcc_1910,by_occupation
1,Fort Frances,Fort FrancesOntario,48.616667,-93.4,1910,"Manitoba, Keewatin, Saskatchewan and Alberta",Constable,CAN_DIA_ByOcc_1910,by_occupation
1,Fort Frances,Fort FrancesOntario,48.616667,-93.4,1910,"Manitoba, Keewatin, Saskatchewan and Alberta",Interpreter,CAN_DIA_ByOcc_1910,by_occupation
1,Forest,ForestOntario,43.1,-82.0,1910,Ontario,Medical Officer,CAN_DIA_ByOcc_1910,by_occupation
1,Fisher River,"Fisher RiverManitoba, Keewatin, Saskatchewan and Alberta",51.438889,-97.366667,1910,"Manitoba, Keewatin, Saskatchewan and Alberta",Foreman Peguis Reserve,CAN_DIA_ByOcc_1910,by_occupation
1,Fort Resolution,Fort ResolutionAlberta,61.171667,-113.671667,1910, ,Medical Officer,CAN_DIA_ByOcc_1910,by_occupation
1,Fairford,FairfordManitoba,51.60858,-98.64986,1910,Manitoba,Medical Officer,CAN_DIA_ByOcc_1910,by_occupation
1,Fort la Corne,"Fort la CorneManitoba, Keewatin, Saskatchewan and Alberta",53.15,-104.8,1910,"Manitoba, Keewatin, Saskatchewan and Alberta",Farmer,CAN_DIA_ByOcc_1910,by_occupation
1,Edmonton,EdmontonAlberta,53.533333,-113.5,1910,"Manitoba, Keewatin, Saskatchewan and Alberta",Interpreter,CAN_DIA_ByOcc_1910,by_occupation
1,Edmonton,EdmontonAlberta,53.533333,-113.5,1910,"Manitoba, Keewatin, Saskatchewan and Alberta",Indian Agent,CAN_DIA_ByOcc_1910,by_occupation
1,Edmonton,EdmontonAlberta,53.533333,-113.5,1910,"Manitoba, Keewatin, Saskatchewan and Alberta",Clerk,CAN_DIA_ByOcc_1910,by_occupation
1,Elkhorn,ElkhornManitoba,49.975556,-101.239444,1910,Manitoba,Medical Officer,CAN_DIA_ByOcc_1910,by_occupation
1,Esquimaux Point,Esquimaux PointQuebec,51.4167,-57.7167,1910,Quebec,Indian Agent and Medical Officer,CAN_DIA_ByOcc_1910,by_occupation
1,Escoumains,EscoumainsQuebec,48.35,-69.4,1910,Quebec,Medical Officer,CAN_DIA_ByOcc_1910,by_occupation
1,Eganville,EganvilleOntario,45.533333,-77.1,1910,Ontario,Medical Officer,CAN_DIA_ByOcc_1910,by_occupation
1,Gleichen,GleichenAlberta,50.866111,-113.054722,1910,"Manitoba, Keewatin, Saskatchewan and Alberta",Indian Agent,CAN_DIA_ByOcc_1910,by_occupation
1,Gleichen,GleichenAlberta,50.866111,-113.054722,1910,"Manitoba, Keewatin, Saskatchewan and Alberta",Farmer,CAN_DIA_ByOcc_1910,by_occupation
1,Gleichen,GleichenAlberta,50.866111,-113.054722,1910,"Manitoba, Keewatin, Saskatchewan and Alberta",Clerk and Issuer,CAN_DIA_ByOcc_1910,by_occupation
1,Gleichen,GleichenAlberta,50.866111,-113.054722,1910,Alberta,Labourer,CAN_DIA_ByOcc_1910,by_occupation
1,Gleichen,GleichenAlberta,50.866111,-113.054722,1910,Alberta,Interpreter,CAN_DIA_ByOcc_1910,by_occupation
1,Gleichen,GleichenAlberta,50.866111,-113.054722,1910,Alberta,Farmer,CAN_DIA_ByOcc_1910,by_occupation
1,Grand Cascapedis,Grand CascapediaQuebec,48.186944,-65.912222,1910,Quebec,Indian Agent,CAN_DIA_ByOcc_1910,by_occupation
1,Glendale,GlendaleNova Scotia,45.815639,-61.313667,1910,Nova Scotia,Indian Agent,CAN_DIA_ByOcc_1910,by_occupation
1,Gore Bay,Gore BayOntario,45.916667,-82.466667,1910,Ontario,Indian Agent,CAN_DIA_ByOcc_1910,by_occupation
1,Gore Bay,Gore BayOntario,45.916667,-82.466667,1910,Ontario,Medical Officer,CAN_DIA_ByOcc_1910,by_occupation
1,Gore Bay,Gore BayOntario,45.916667,-82.466667,1910,Ontario,Timber Inspector,CAN_DIA_ByOcc_1910,by_occupation
1,Gananoque,GananoqueOntario,44.33,-76.17,1910,Ontario,Guardian of Islands,CAN_DIA_ByOcc_1910,by_occupation
1,Gaspe,GaspeQuebec,48.833333,-64.483333,1910,Quebec,Medical Officer,CAN_DIA_ByOcc_1910,by_occupation
1,Gladstone,GladstoneManitoba,50.22528,-98.94833,1910,Manitoba,Medical Officer,CAN_DIA_ByOcc_1910,by_occupation
1,Gamebridge,GamebridgeOntario,44.4975,-79.1517,1910,Ontario,Indian Agent,CAN_DIA_ByOcc_1910,by_occupation
1,Ft. William,Ft. WilliamOntario,48.38,-89.28,1910,Ontario,Medical Officer,CAN_DIA_ByOcc_1910,by_occupation
1,Christmas Island,Christmas IslandNova Scotia,45.972311,-60.748333,1910,Nova Scotia,Indian Agent,CAN_DIA_ByOcc_1910,by_occupation
1,Chippawa Hill,Chippawa HillOntario,48.34583333,-89.30277778,1910,Ontario,Indian Agent,CAN_DIA_ByOcc_1910,by_occupation
1,Chester,ChesterNova Scotia,44.540278,-64.239722,1910,Nova Scotia,Medical Officer,CAN_DIA_ByOcc_1910,by_occupation
1,Chemainus,ChemainusBritish Columbia,48.916667,-123.7,1910,British Columbia,Medical Officer,CAN_DIA_ByOcc_1910,by_occupation
1,Chatham,ChathamNew Brunswick,47.033,-65.433,1910,New Brunswick,Medical Officer,CAN_DIA_ByOcc_1910,by_occupation
1,Chicoutimi,ChicoutimiQuebec,48.427778,-71.059167,1910,Quebec,Medical Officer,CAN_DIA_ByOcc_1910,by_occupation
1,Comox,ComoxBritish Columbia,49.673333,-124.902222,1910,British Columbia,Medical Officer,CAN_DIA_ByOcc_1910,by_occupation
1,Church Point,Church PointNew Brunswick,48.00000003,-66.73333301,1910,New Brunswick,Constable,CAN_DIA_ByOcc_1910,by_occupation
1,Carlyle,CarlyleSaskatchewan,49.633333,-102.266667,1910,"Manitoba, Keewatin, Saskatchewan and Alberta",Farmer,CAN_DIA_ByOcc_1910,by_occupation
1,Carlyle,CarlyleSaskatchewan,49.633333,-102.266667,1910,"Manitoba, Keewatin, Saskatchewan and Alberta",Clerk,CAN_DIA_ByOcc_1910,by_occupation
1,Carlyle,CarlyleSaskatchewan,49.633333,-102.266667,1910,"Manitoba, Keewatin, Saskatchewan and Alberta",Indian Agent,CAN_DIA_ByOcc_1910,by_occupation
1,Carlyle,CarlyleSaskatchewan,49.633333,-102.266667,1910,Saskatchewan,Medical Officer,CAN_DIA_ByOcc_1910,by_occupation
1,Chapleau,ChapleauOntario,47.833333,-83.4,1910,Ontario,Medical Officer,CAN_DIA_ByOcc_1910,by_occupation
1,Chapleau,ChapleauOntario,47.833333,-83.4,1910,Ontario,Indian Agent,CAN_DIA_ByOcc_1910,by_occupation
1,Centreville,CentrevilleNew Brunswick,46.433,-67.717,1910,New Brunswick,Indian Agent,CAN_DIA_ByOcc_1910,by_occupation
1,Caughnawaga,CaughnawagaQuebec,45.416667,-73.683333,1910,Quebec,Missionary (R.C.),CAN_DIA_ByOcc_1910,by_occupation
1,Duck Lake,Duck LakeSaskatchewan,52.816667,-106.233333,1910,Saskatchewan,Medical Officer,CAN_DIA_ByOcc_1910,by_occupation
1,Duck Lake,Duck LakeSaskatchewan,52.816667,-106.233333,1910,"Manitoba, Keewatin, Saskatchewan and Alberta",Labourer,CAN_DIA_ByOcc_1910,by_occupation
1,Duck Lake,Duck LakeSaskatchewan,52.816667,-106.233333,1910,"Manitoba, Keewatin, Saskatchewan and Alberta",Indian Agent,CAN_DIA_ByOcc_1910,by_occupation
1,Duck Lake,Duck LakeSaskatchewan,52.816667,-106.233333,1910,"Manitoba, Keewatin, Saskatchewan and Alberta",Clerk and Farmer,CAN_DIA_ByOcc_1910,by_occupation
1,Duart,DuartOntario,42.502,-81.7519,1910,Ontario,Indian Agent,CAN_DIA_ByOcc_1910,by_occupation
1,Dundurn,DundurnSaskatchewan,51.80959,-106.50763,1910,"Manitoba, Keewatin, Saskatchewan and Alberta",Overseer,CAN_DIA_ByOcc_1910,by_occupation
1,Duncans,DuncansBritish Columbia,48.778694,-123.707861,1910,British Columbia,Constable,CAN_DIA_ByOcc_1910,by_occupation
1,Dalhousie,DalhousieNew Brunswick,48.1,-66.616667,1910,New Brunswick,Medical Officer,CAN_DIA_ByOcc_1910,by_occupation
1,Cowichan,CowichanBritish Columbia,48.75,-123.6,1910,British Columbia,Medical Officer,CAN_DIA_ByOcc_1910,by_occupation
1,Deseronto,DeserontoOntario,44.2,-77.05,1910,Ontario,Missionary (C.E.),CAN_DIA_ByOcc_1910,by_occupation
1,Deseronto,DeserontoOntario,44.2,-77.05,1910,Ontario,Medical Officer,CAN_DIA_ByOcc_1910,by_occupation
1,Deseronto,DeserontoOntario,44.2,-77.05,1910,Ontario,Indian Agent,CAN_DIA_ByOcc_1910,by_occupation
1,Dorchester,DorchesterNew Brunswick,45.901556,-64.516083,1910,New Brunswick,Medical Officer,CAN_DIA_ByOcc_1910,by_occupation
1,Dominion City,Dominion CityManitoba,49.141944,-97.155556,1910,"Manitoba, Keewatin, Saskatchewan and Alberta",Farmer,CAN_DIA_ByOcc_1910,by_occupation
1,Delaware,DelawareOntario,42.908333,-81.416667,1910,Ontario,Medical Officer,CAN_DIA_ByOcc_1910,by_occupation
1,Delaware,DelawareOntario,42.908333,-81.416667,1910,Ontario,Indian Agent,CAN_DIA_ByOcc_1910,by_occupation
1,Mission City,Mission CityBritish Columbia,49.133694,-122.311167,1910,British Columbia,Medical Officer,CAN_DIA_ByOcc_1910,by_occupation
1,Macleod,MacleodAlberta,49.725583,-113.397528,1910,Alberta,Issuer,CAN_DIA_ByOcc_1910,by_occupation
1,Macleod,MacleodAlberta,49.725583,-113.397528,1910,Alberta,Hospital Matron,CAN_DIA_ByOcc_1910,by_occupation
1,Macleod,MacleodAlberta,49.725583,-113.397528,1910,Alberta,Field Matron,CAN_DIA_ByOcc_1910,by_occupation
1,Macleod,MacleodAlberta,49.725583,-113.397528,1910,Alberta,Farmer,CAN_DIA_ByOcc_1910,by_occupation
1,Macleod,MacleodAlberta,49.725583,-113.397528,1910,Alberta,Cook,CAN_DIA_ByOcc_1910,by_occupation
1,Macleod,MacleodAlberta,49.725583,-113.397528,1910,Alberta,Clerk and Issuer,CAN_DIA_ByOcc_1910,by_occupation
1,Macleod,MacleodAlberta,49.725583,-113.397528,1910,Alberta,Clerk,CAN_DIA_ByOcc_1910,by_occupation
1,Macleod,MacleodAlberta,49.725583,-113.397528,1910,Alberta,Asst. Interpretor,CAN_DIA_ByOcc_1910,by_occupation
1,Middleton,MiddletonNova Scotia,44.9418,-65.0686,1910,Nova Scotia,Medical Officer,CAN_DIA_ByOcc_1910,by_occupation
1,Lorette,LoretteQuebec,46.861472,-71.357111,1910,Quebec,Missionary (R.C.),CAN_DIA_ByOcc_1910,by_occupation
1,Lorette,LoretteQuebec,46.861472,-71.357111,1910,Quebec,Medical Officer,CAN_DIA_ByOcc_1910,by_occupation
1,Liverpool,LiverpoolNova Scotia,44.0375,-64.713889,1910,Nova Scotia,Medical Officer,CAN_DIA_ByOcc_1910,by_occupation
1,Macleod,MacleodAlberta,49.725583,-113.397528,1910,Alberta,Mail Carrier,CAN_DIA_ByOcc_1910,by_occupation
1,Mistawasis,MistawasisSaskatchewan,53.162778,-106.802778,1910,"Manitoba, Keewatin, Saskatchewan and Alberta",Indian Agent,CAN_DIA_ByOcc_1910,by_occupation
1,Mistawasis,MistawasisSaskatchewan,53.162778,-106.802778,1910,"Manitoba, Keewatin, Saskatchewan and Alberta",Clerk,CAN_DIA_ByOcc_1910,by_occupation
1,Mistawasis,MistawasisSaskatchewan,53.162778,-106.802778,1910,"Manitoba, Keewatin, Saskatchewan and Alberta",Interpreter,CAN_DIA_ByOcc_1910,by_occupation
1,Mistawasis,MistawasisSaskatchewan,53.162778,-106.802778,1910,"Manitoba, Keewatin, Saskatchewan and Alberta",Labourer,CAN_DIA_ByOcc_1910,by_occupation
1,Mistawasis,MistawasisSaskatchewan,53.162778,-106.802778,1910,"Manitoba, Keewatin, Saskatchewan and Alberta",Miller,CAN_DIA_ByOcc_1910,by_occupation
1,Mistawasis,MistawasisSaskatchewan,53.162778,-106.802778,1910,Saskatchewan,Medical Officer,CAN_DIA_ByOcc_1910,by_occupation
1,Mistawasis,MistawasisSaskatchewan,53.162778,-106.802778,1910,"Manitoba, Keewatin, Saskatchewan and Alberta",Asst. Clerk,CAN_DIA_ByOcc_1910,by_occupation
1,Melford,"MelfortManitoba, Keewatin and Northwest Territories",52.856389,-104.61,1910,"Manitoba, Keewatin, Saskatchewan and Alberta",Farmer,CAN_DIA_ByOcc_1910,by_occupation
1,Manitowaning,ManitowaningOntario,45.733333,-81.8,1910,Ontario,Indian Agent,CAN_DIA_ByOcc_1910,by_occupation
1,Manitowaning,ManitowaningOntario,45.733333,-81.8,1910,Ontario,"Clerk, Indian Office",CAN_DIA_ByOcc_1910,by_occupation
1,Melbourne,MelbourneOntario,42.816667,-81.551944,1910,Ontario,Medical Officer,CAN_DIA_ByOcc_1910,by_occupation
1,Massett,MassettBritish Columbia,54.01,-132.138056,1910,British Columbia,Medical Officer,CAN_DIA_ByOcc_1910,by_occupation
1,Massett,MassettBritish Columbia,54.01,-132.138056,1910,British Columbia,Indian Ag,CAN_DIA_ByOcc_1910,by_occupation
1,Massey,MasseyOntario,46.233333,-82.0,1910,Ontario,Constable,CAN_DIA_ByOcc_1910,by_occupation
1,Massey,MasseyOntario,46.233333,-82.0,1910,Ontario,Medical Officer,CAN_DIA_ByOcc_1910,by_occupation
1,Marble Mountain,Marble MountainNova Scotia,45.821,-61.040644,1910,Nova Scotia,Medical Officer,CAN_DIA_ByOcc_1910,by_occupation
1,Mattawa,MattawaOntario,46.316667,-78.7,1910,Ontario,Medical Officer,CAN_DIA_ByOcc_1910,by_occupation
1,Metlakatla,MetlakatlaBritish Columbia,54.335833,-130.443333,1910,British Columbia,Clerk,CAN_DIA_ByOcc_1910,by_occupation
1,Macleod,MacleodAlberta,49.725583,-113.397528,1910,Alberta,Stockman & Farmer.,CAN_DIA_ByOcc_1910,by_occupation
1,Macleod,MacleodAlberta,49.725583,-113.397528,1910,Alberta,Stockman,CAN_DIA_ByOcc_1910,by_occupation
1,Mallorytown,MallorytownOntario,44.533333,-75.866667,1910,Ontario,Guardian of Islands,CAN_DIA_ByOcc_1910,by_occupation
1,Macleod,MacleodAlberta,49.725583,-113.397528,1910,Alberta,Medical Officer,CAN_DIA_ByOcc_1910,by_occupation
1,Highgate,HighgateOntario,42.5009,-81.8166,1910,Ontario,Medical Officer,CAN_DIA_ByOcc_1910,by_occupation
1,Jeune Lorette,Jeune LoretteQuebec,46.861472,-71.357111,1910,Quebec,Indian Agent,CAN_DIA_ByOcc_1910,by_occupation
1,Johnstown,JohnstownNova Scotia,45.786678,-60.738258,1910,Nova Scotia,Indian Agent,CAN_DIA_ByOcc_1910,by_occupation
1,Indian Ford,"Indian FordManitoba, Keewatin and Northwest Territories",49.70938,-98.59707,1910,"Manitoba, Keewatin, Saskatchewan and Alberta",Issuer,CAN_DIA_ByOcc_1910,by_occupation
1,Hagersville,HagersvilleOntario,42.95,-80.05,1910,Ontario,Medical Officer,CAN_DIA_ByOcc_1910,by_occupation
1,Hagersville,HagersvilleOntario,42.95,-80.05,1910,Ontario,Indian Agent,CAN_DIA_ByOcc_1910,by_occupation
1,Griswold,GriswoldManitoba,49.775,-100.470833,1910,"Manitoba, Keewatin, Saskatchewan and Alberta",Actg. Agent,CAN_DIA_ByOcc_1910,by_occupation
1,Griswold,GriswoldManitoba,49.775,-100.470833,1910,"Manitoba, Keewatin, Saskatchewan and Alberta",Constable,CAN_DIA_ByOcc_1910,by_occupation
1,Grouard,GrouardAlberta,55.520278,-116.161111,1910,Alberta,Medical Officer,CAN_DIA_ByOcc_1910,by_occupation
1,Grouard,GrouardAlberta,55.520278,-116.161111,1910,Alberta,Indian Agent,CAN_DIA_ByOcc_1910,by_occupation
1,Grouard,GrouardAlberta,55.520278,-116.161111,1910,Alberta,Clerk & Asst. Agent,CAN_DIA_ByOcc_1910,by_occupation
1,Griswold,GriswoldManitoba,49.775,-100.470833,1910,"Manitoba, Keewatin, Saskatchewan and Alberta",Interpreter,CAN_DIA_ByOcc_1910,by_occupation
1,Heatherton,HeathertonNova Scotia,45.587856,-61.792089,1910,Nova Scotia,Indian Agent,CAN_DIA_ByOcc_1910,by_occupation
1,Higgins Road,Higgins RoadPrince Edward Island,46.51813,-64.077,1910,Prince Edward Island,Indian Superintend't.,CAN_DIA_ByOcc_1910,by_occupation
1,Hespeler,HespelerOntario,43.4331,-80.3072,1910,Ontario,Medical Officer,CAN_DIA_ByOcc_1910,by_occupation
1,Hedley City,HedleyBritish Columbia,49.358056,-120.075833,1910,British Columbia,Medical Officer,CAN_DIA_ByOcc_1910,by_occupation
1,Hazelton,HazeltonBritish Columbia,55.25,-127.666667,1910,British Columbia,Indian Agent,CAN_DIA_ByOcc_1910,by_occupation
1,Kutawa,KutawaSaskatchewan,51.41666,-104.22305,1910,"Manitoba, Keewatin, Saskatchewan and Alberta",Teamster,CAN_DIA_ByOcc_1910,by_occupation
1,Ladner,LadnerBritish Columbia,49.090278,-123.08,1910,British Columbia,Medical Officer,CAN_DIA_ByOcc_1910,by_occupation
1,Kutawa,KutawaSaskatchewan,51.41666,-104.22305,1910,"Manitoba, Keewatin, Saskatchewan and Alberta",Indian Agent,CAN_DIA_ByOcc_1910,by_occupation
1,Lac la Hache,Lac la HacheBritish Columbia,51.82,-121.47,1910,British Columbia,Indian Agent,CAN_DIA_ByOcc_1910,by_occupation
1,Kutawa,KutawaSaskatchewan,51.41666,-104.22305,1910,"Manitoba, Keewatin, Saskatchewan and Alberta",Clerk,CAN_DIA_ByOcc_1910,by_occupation
1,Little Current,Little CurrentOntario,45.966667,-81.933333,1910,Ontario,Medical Officer,CAN_DIA_ByOcc_1910,by_occupation
1,Lebret,LebretSaskatchewan,50.757128,-103.702833,1910,Saskatchewan,Medical Officer,CAN_DIA_ByOcc_1910,by_occupation
1,Kamsack,KamsackSaskatchewan,51.565,-101.894722,1910,"Manitoba, Keewatin, Saskatchewan and Alberta",Labourer,CAN_DIA_ByOcc_1910,by_occupation
1,Kamsack,KamsackSaskatchewan,51.565,-101.894722,1910,Saskatchewan,Medical Officer,CAN_DIA_ByOcc_1910,by_occupation
1,Kamsack,KamsackSaskatchewan,51.565,-101.894722,1910,"Manitoba, Keewatin, Saskatchewan and Alberta",Indian Agent,CAN_DIA_ByOcc_1910,by_occupation
1,Keene,KeeneOntario,44.233333,-78.233333,1910,Ontario,Indian Agent,CAN_DIA_ByOcc_1910,by_occupation
1,Kamsack,KamsackSaskatchewan,51.565,-101.894722,1910,"Manitoba, Keewatin, Saskatchewan and Alberta",Nurse,CAN_DIA_ByOcc_1910,by_occupation
1,Kamloops,KamloopsBritish Columbia,50.676111,-120.340833,1910,British Columbia,Indian Agent,CAN_DIA_ByOcc_1910,by_occupation
1,Kamsack,KamsackSaskatchewan,51.565,-101.894722,1910,"Manitoba, Keewatin, Saskatchewan and Alberta",Farmer,CAN_DIA_ByOcc_1910,by_occupation
1,Kamsack,KamsackSaskatchewan,51.565,-101.894722,1910,"Manitoba, Keewatin, Saskatchewan and Alberta",Clerk,CAN_DIA_ByOcc_1910,by_occupation
1,Kenora,KenoraOntario,49.766667,-94.483333,1910, ,Medical Officer,CAN_DIA_ByOcc_1910,by_occupation
1,Kincolith,KincolithBritish Columbia,55.0,-129.95,1910,British Columbia,Medical Officer,CAN_DIA_ByOcc_1910,by_occupation
1,Kenora,KenoraOntario,49.766667,-94.483333,1910,"Manitoba, Keewatin, Saskatchewan and Alberta",Interpreter and Engineer,CAN_DIA_ByOcc_1910,by_occupation
1,Kenora,KenoraOntario,49.766667,-94.483333,1910,"Manitoba, Keewatin, Saskatchewan and Alberta",Indian Agent,CAN_DIA_ByOcc_1910,by_occupation
1,Kenora,KenoraOntario,49.766667,-94.483333,1910,"Manitoba, Keewatin, Saskatchewan and Alberta",Constable,CAN_DIA_ByOcc_1910,by_occupation
1,Killaloe,KillaloeOntario,45.5645,-77.4196,1910,Ontario,Indian Agent,CAN_DIA_ByOcc_1910,by_occupation
1,Oka,OkaQuebec,45.466667,-74.083333,1910,Quebec,Medical Officer,CAN_DIA_ByOcc_1910,by_occupation
1,Oka,OkaQuebec,45.466667,-74.083333,1910,Quebec,Indian Agent,CAN_DIA_ByOcc_1910,by_occupation
1,"Norway House, Kee",Norway HouseManitoba,53.990278,-97.815556,1910,"Manitoba, Keewatin, Saskatchewan and Alberta",Interpreter,CAN_DIA_ByOcc_1910,by_occupation
1,"Norway House, Kee",Norway HouseManitoba,53.990278,-97.815556,1910,"Manitoba, Keewatin, Saskatchewan and Alberta",Indian Agent,CAN_DIA_ByOcc_1910,by_occupation
1,"Norway House, Kee",Norway HouseManitoba,53.990278,-97.815556,1910,"Manitoba, Keewatin, Saskatchewan and Alberta",Hospital Nurse,CAN_DIA_ByOcc_1910,by_occupation
1,Ohsweken,OhswekenOntario,43.066667,-80.116667,1910,Ontario,Medical Officer,CAN_DIA_ByOcc_1910,by_occupation
1,Onion Lake,Onion LakeSaskatchewan,53.7166638,-110.0,1910,"Manitoba, Keewatin, Saskatchewan and Alberta",Engineer,CAN_DIA_ByOcc_1910,by_occupation
1,Onion Lake,Onion LakeSaskatchewan,53.7166638,-110.0,1910,"Manitoba, Keewatin, Saskatchewan and Alberta",Asst. Interpreter,CAN_DIA_ByOcc_1910,by_occupation
1,Onion Lake,Onion LakeSaskatchewan,53.7166638,-110.0,1910,"Manitoba, Keewatin, Saskatchewan and Alberta",Clerk,CAN_DIA_ByOcc_1910,by_occupation
1,Onion Lake,Onion LakeSaskatchewan,53.7166638,-110.0,1910,Saskatchewan,Medical Officer,CAN_DIA_ByOcc_1910,by_occupation
1,Onion Lake,Onion LakeSaskatchewan,53.7166638,-110.0,1910,"Manitoba, Keewatin, Saskatchewan and Alberta",Interpreter,CAN_DIA_ByOcc_1910,by_occupation
1,Onion Lake,Onion LakeSaskatchewan,53.7166638,-110.0,1910,"Manitoba, Keewatin, Saskatchewan and Alberta",Indian Agent,CAN_DIA_ByOcc_1910,by_occupation
1,Nil,Rice LakeOntario,44.183333,-78.166667,1910,Ontario,Medical Officer,CAN_DIA_ByOcc_1910,by_occupation
1,North Timiskaming,North TimiskamingQuebec,47.633333,-79.466667,1910,Quebec,Indian Agent,CAN_DIA_ByOcc_1910,by_occupation
1,Norway House,Norway HouseManitoba,53.990278,-97.815556,1910, ,Medical Officer,CAN_DIA_ByOcc_1910,by_occupation
1,Oromocto,OromoctoNew Brunswick,45.84878,-66.47879,1910,New Brunswick,Medical Officer,CAN_DIA_ByOcc_1910,by_occupation
1,Orillia,OrilliaOntario,44.6,-79.416667,1910,Ontario,Medical Officer,CAN_DIA_ByOcc_1910,by_occupation
1,New Westminster,New WestminsterBritish Columbia,49.206944,-122.911111,1910,British Columbia,Indian Agent,CAN_DIA_ByOcc_1910,by_occupation
1,New Westminster,New WestminsterBritish Columbia,49.206944,-122.911111,1910,British Columbia,Clerk,CAN_DIA_ByOcc_1910,by_occupation
1,New Glasgow,New GlasgowNova Scotia,45.59256,-62.645458,1910,Nova Scotia,Indian Agent,CAN_DIA_ByOcc_1910,by_occupation
1,New Germany,New GermanyNova Scotia,44.55,-64.717,1910,Nova Scotia,Medical Officer,CAN_DIA_ByOcc_1910,by_occupation
1,Newcastle,NewcastleNew Brunswick,46.983,-65.567,1910,New Brunswick,Medical Officer,CAN_DIA_ByOcc_1910,by_occupation
1,Newcastle,NewcastleNew Brunswick,46.983,-65.567,1910,New Brunswick,Constable,CAN_DIA_ByOcc_1910,by_occupation
1,Nanaimo,NanaimoBritish Columbia,49.164167,-123.936389,1910,British Columbia,Medical Officer,CAN_DIA_ByOcc_1910,by_occupation
1,Moosejaw,MoosejawSaskatchewan,50.393333,-105.551944,1910,Saskatchewan,Medical Officer,CAN_DIA_ByOcc_1910,by_occupation
1,Moncton,MonctonNew Brunswick,46.132778,-64.771389,1910,New Brunswick,Medical Officer,CAN_DIA_ByOcc_1910,by_occupation
1,Montreal,MontrealQuebec,45.5,-73.566667,1910,Quebec,Indian Agent,CAN_DIA_ByOcc_1910,by_occupation
1,Morley,MorleyAlberta,51.16153,-114.85095,1910,"Manitoba, Keewatin, Saskatchewan and Alberta",Stockman,CAN_DIA_ByOcc_1910,by_occupation
1,Morley,MorleyAlberta,51.16153,-114.85095,1910,"Manitoba, Keewatin, Saskatchewan and Alberta",Nurse,CAN_DIA_ByOcc_1910,by_occupation
1,Morley,MorleyAlberta,51.16153,-114.85095,1910,"Manitoba, Keewatin, Saskatchewan and Alberta","Labourer, Hospital",CAN_DIA_ByOcc_1910,by_occupation
1,Morley,MorleyAlberta,51.16153,-114.85095,1910,"Manitoba, Keewatin, Saskatchewan and Alberta",Indian Agent,CAN_DIA_ByOcc_1910,by_occupation
1,Morley,MorleyAlberta,51.16153,-114.85095,1910,"Manitoba, Keewatin, Saskatchewan and Alberta",Interpreter,CAN_DIA_ByOcc_1910,by_occupation
1,Nil,Duck LakeSaskatchewan,52.816667,-106.233333,1910,"Manitoba, Keewatin, Saskatchewan and Alberta",Interpreter,CAN_DIA_ByOcc_1910,by_occupation
50,Ottawa,OttawaOntario,45.416667,-75.683333,1915,Ontario,Clerk,CAN_DIA_ByOcc_1915,by_occupation
6,Battleford,BattlefordSaskatchewan,52.738333,-108.315278,1915,Saskatchewan,Farmer,CAN_DIA_ByOcc_1915,by_occupation
5,Ottawa,OttawaOntario,45.416667,-75.683333,1915,Ontario,Messenger,CAN_DIA_ByOcc_1915,by_occupation
4,Winnipeg,WinnipegManitoba,49.899444,-97.139167,1915,Manitoba,Clerk,CAN_DIA_ByOcc_1915,by_occupation
4,Macleod,MacleodAlberta,49.725583,-113.397528,1915,Alberta,Farmer,CAN_DIA_ByOcc_1915,by_occupation
3,Ottawa,OttawaOntario,45.416667,-75.683333,1915,Ontario,Inspector,CAN_DIA_ByOcc_1915,by_occupation
3,Parry Sound,Parry IslandOntario,45.283333,-80.15,1915,Ontario,Medical Officer,CAN_DIA_ByOcc_1915,by_occupation
3,Edmonton,EdmontonAlberta,53.533333,-113.5,1915,Alberta,Medical Officer,CAN_DIA_ByOcc_1915,by_occupation
3,Duck Lake,Duck LakeSaskatchewan,52.816667,-106.233333,1915,Saskatchewan,Farmer,CAN_DIA_ByOcc_1915,by_occupation
3,Brocket,BrocketAlberta,49.546944,-113.750556,1915,Alberta,Asst. Stockman,CAN_DIA_ByOcc_1915,by_occupation
2,Wadena,WadenaSaskatchewan,51.945833,-103.80138,1915,Saskatchewan,Medical Officer,CAN_DIA_ByOcc_1915,by_occupation
2,Seven Islands,Seven IslandsQuebec,50.216667,-66.383333,1915,Quebec,Constable,CAN_DIA_ByOcc_1915,by_occupation
2,Ottawa,OttawaOntario,45.416667,-75.683333,1915,Ontario,Surveyor,CAN_DIA_ByOcc_1915,by_occupation
2,Port Simpson,Port RenfrewBritish Columbia,48.558611,-124.39916,1915,British Columbia,Constable,CAN_DIA_ByOcc_1915,by_occupation
2,Punnichy,PunnichySaskatchewan,51.372,-104.293,1915,Saskatchewan,Farmer,CAN_DIA_ByOcc_1915,by_occupation
2,Yarmouth,YarmouthNova Scotia,49.899444,-97.139167,1915,Nova Scotia,Medical Officer,CAN_DIA_ByOcc_1915,by_occupation
2,Chagoness,ChagonessSaskatchewan,52.6383,-104.2368,1915,Saskatchewan,Farmer,CAN_DIA_ByOcc_1915,by_occupation
2,Charlottetown,CharlottetownPrince Edward Island,46.238889,-63.129167,1915,Prince Edward Island,Medical Officer,CAN_DIA_ByOcc_1915,by_occupation
2,Fort William,Fort WilliamOntario,48.38,-89.28,1915,Ontario,Constable,CAN_DIA_ByOcc_1915,by_occupation
2,Cacouna,CacounaQuebec,47.916667,-69.5,1915,Quebec,Medical Officer,CAN_DIA_ByOcc_1915,by_occupation
2,Balcarres,BalcarresSaskatchewan,50.8,-103.55,1915,Saskatchewan,Farmer,CAN_DIA_ByOcc_1915,by_occupation
2,Broadview,BroadviewSaskatchewan,50.376,-102.579,1915,Saskatchewan,Medical Officer,CAN_DIA_ByOcc_1915,by_occupation
2,Broadview,BroadviewSaskatchewan,50.376,-102.579,1915,Saskatchewan,Farmer,CAN_DIA_ByOcc_1915,by_occupation
2,Edgeley,EdgeleySaskatchewan,50.638333,-103.996111,1915,Saskatchewan,Farmer,CAN_DIA_ByOcc_1915,by_occupation
2,Cranbrook,CranbrookBritish Columbia,49.509722,-115.766667,1915,British Columbia,Medical Officer,CAN_DIA_ByOcc_1915,by_occupation
2,Gleichen,GleichenAlberta,50.866111,-113.054722,1915,Alberta,Stockman,CAN_DIA_ByOcc_1915,by_occupation
2,Hobbema,HobbemaAlberta,52.826667,-113.451667,1915,Alberta,Labourer,CAN_DIA_ByOcc_1915,by_occupation
2,Onion Lake,Onion LakeSaskatchewan,53.7166638,-110.0,1915,Saskatchewan,Farmer,CAN_DIA_ByOcc_1915,by_occupation
2,Onion Lake,Onion LakeSaskatchewan,53.7166638,-110.0,1915,Saskatchewan,Medical Officer,CAN_DIA_ByOcc_1915,by_occupation
2,New Westminster,New WestminsterBritish Columbia,49.206944,-122.911111,1915,British Columbia,Medical Officer,CAN_DIA_ByOcc_1915,by_occupation
2,Griswold,GriswoldManitoba,49.775,-100.470833,1915,Manitoba,Constable,CAN_DIA_ByOcc_1915,by_occupation
2,Grouard,GrouardAlberta,55.520278,-116.161111,1915,Alberta,Medical Officer,CAN_DIA_ByOcc_1915,by_occupation
2,Mt. Brydges,Mt. BrydgesOntario,42.90968,-81.49586,1915,Ontario,Medical Officer,CAN_DIA_ByOcc_1915,by_occupation
1,Red Bank,Red BankNew Brunswick,46.933333,-65.816667,1915,New Brunswick,Constable,CAN_DIA_ByOcc_1915,by_occupation
1,Red Deer,Red DeerAlberta,52.268056,-113.811111,1915,Alberta,Medical Officer,CAN_DIA_ByOcc_1915,by_occupation
1,Red Deer,Red DeerAlberta,52.268056,-113.811111,1915,Alberta,Insp. of Indian Agencies.,CAN_DIA_ByOcc_1915,by_occupation
1,Punnichy,PunnichySaskatchewan,51.372,-104.293,1915,Saskatchewan,Teamster,CAN_DIA_ByOcc_1915,by_occupation
1,Punnichy,PunnichySaskatchewan,51.372,-104.293,1915,Saskatchewan,Medical Officer,CAN_DIA_ByOcc_1915,by_occupation
1,Punnichy,PunnichySaskatchewan,51.372,-104.293,1915,Saskatchewan,Indian Agent,CAN_DIA_ByOcc_1915,by_occupation
1,Punnichy,PunnichySaskatchewan,51.372,-104.293,1915,Saskatchewan,Clerk,CAN_DIA_ByOcc_1915,by_occupation
1,Rainy River,Rainy RiverManitoba,48.716667,-94.566667,1915,Manitoba,Medical Officer,CAN_DIA_ByOcc_1915,by_occupation
1,Quesnel,QuesnelBritish Columbia,52.978444,-122.492667,1915,British Columbia,Medical Officer,CAN_DIA_ByOcc_1915,by_occupation
1,Rathwell,RathwellManitoba,49.646944,-98.546389,1915,Manitoba,Medical Officer,CAN_DIA_ByOcc_1915,by_occupation
1,Quatsino,QuatsinoBritish Columbia,50.533611,-127.611111,1915,British Columbia,Medical Officer,CAN_DIA_ByOcc_1915,by_occupation
1,Roblin,RoblinSaskatchewan,51.23,-101.355556,1915,Saskatchewan,Medical Officer,CAN_DIA_ByOcc_1915,by_occupation
1,Rossburn,RossburnManitoba,50.669167,-100.811111,1915,Manitoba,Medical Officer,CAN_DIA_ByOcc_1915,by_occupation
1,Roseneath,RoseneathOntario,44.083333,-78.033333,1915,Ontario,Medical Officer,CAN_DIA_ByOcc_1915,by_occupation
1,Ruby,RubyOntario,45.53127,-77.32749,1915,Ontario,Indian Agent,CAN_DIA_ByOcc_1915,by_occupation
1,Sandy Cove,Sandy CoveNova Scotia,44.490139,-66.086539,1915,Nova Scotia,Medical Officer,CAN_DIA_ByOcc_1915,by_occupation
1,Saddle Lake,Saddle LakeAlberta,53.968333,-111.691944,1915,Alberta,Laborer,CAN_DIA_ByOcc_1915,by_occupation
1,Saddle Lake,Saddle LakeAlberta,53.968333,-111.691944,1915,Alberta,Interpreter,CAN_DIA_ByOcc_1915,by_occupation
1,Saddle Lake,Saddle LakeAlberta,53.968333,-111.691944,1915,Alberta,Indian Agent,CAN_DIA_ByOcc_1915,by_occupation
1,Saddle Lake,Saddle LakeAlberta,53.968333,-111.691944,1915,Alberta,Clerk and Farmer,CAN_DIA_ByOcc_1915,by_occupation
1,Restigouche,RestigoucheQuebec,48.658056,-65.752778,1915,Quebec,Indian Agent,CAN_DIA_ByOcc_1915,by_occupation
1,Riviere-qui- barre,Riviere Qui BarreAlberta,53.7744,-113.843,1915,Alberta,Farmer,CAN_DIA_ByOcc_1915,by_occupation
1,Riverport,RiverportNova Scotia,44.294444,-64.3275,1915,Nova Scotia,For Emergency Work,CAN_DIA_ByOcc_1915,by_occupation
1,Rexton,RextonNew Brunswick,46.633333,-64.866667,1915,New Brunswick,Medical Officer,CAN_DIA_ByOcc_1915,by_occupation
1,Rexton,RextonNew Brunswick,46.633333,-64.866667,1915,New Brunswick,Constable,CAN_DIA_ByOcc_1915,by_occupation
1,River Bourgeois (Cannes),River BourgeoisNova Scotia,45.632767,-60.931206,1915,Nova Scotia,Insp. of Indian Agencies,CAN_DIA_ByOcc_1915,by_occupation
1,Richibucto,RichibuctoNew Brunswick,46.659,-64.76,1915,New Brunswick,Acting Indian Supt.,CAN_DIA_ByOcc_1915,by_occupation
1,Peace River Crossing,Peace River CrossingAlberta,56.233889,-117.289722,1915,Alberta,Medical Officer,CAN_DIA_ByOcc_1915,by_occupation
1,Parry Sound,Parry IslandOntario,45.283333,-80.15,1915,Ontario,Indian Superintendent,CAN_DIA_ByOcc_1915,by_occupation
1,Petite Riviere,Petite RiviereNova Scotia,44.233147,-64.447,1915,Nova Scotia,For Emergency Work,CAN_DIA_ByOcc_1915,by_occupation
1,Penticton,PentictonBritish Columbia,49.491111,-119.588611,1915,British Columbia,Constable,CAN_DIA_ByOcc_1915,by_occupation
1,Penetanguishene,PenetanguisheneOntario,44.766667,-79.933333,1915,Ontario,Medical Officer,CAN_DIA_ByOcc_1915,by_occupation
1,Perigord,PerigordSaskatchewan,52.3184,-103.4412,1915,Saskatchewan,Farmer,CAN_DIA_ByOcc_1915,by_occupation
1,Penetanguishene,PenetanguisheneOntario,44.766667,-79.933333,1915,Ontario,Indian Agent,CAN_DIA_ByOcc_1915,by_occupation
1,Peterborough,PeterboroughOntario,44.3,-78.316667,1915,Ontario,Medical Officer,CAN_DIA_ByOcc_1915,by_occupation
1,Parrsboro,ParrsboroNova Scotia,45.405833,-64.325833,1915,Nova Scotia,Indian Agent,CAN_DIA_ByOcc_1915,by_occupation
1,Ottawa,OttawaOntario,45.416667,-75.683333,1915,Ontario,Clerk of Schools,CAN_DIA_ByOcc_1915,by_occupation
1,Ottawa,OttawaOntario,45.416667,-75.683333,1915,Ontario,Timber Inspector,CAN_DIA_ByOcc_1915,by_occupation
1,Ottawa,OttawaOntario,45.416667,-75.683333,1915,Ontario,Superintendent General,CAN_DIA_ByOcc_1915,by_occupation
1,Ottawa,OttawaOntario,45.416667,-75.683333,1915,Ontario,Secretary to Deputy Supt. Gen'l,CAN_DIA_ByOcc_1915,by_occupation
1,Ottawa,OttawaOntario,45.416667,-75.683333,1915,Ontario,Secretary of the Department,CAN_DIA_ByOcc_1915,by_occupation
1,Ottawa,OttawaOntario,45.416667,-75.683333,1915,Ontario,Registrar,CAN_DIA_ByOcc_1915,by_occupation
1,Ottawa,OttawaOntario,45.416667,-75.683333,1915,Ontario,Private Sec'y to Supt. General,CAN_DIA_ByOcc_1915,by_occupation
1,Ottawa,OttawaOntario,45.416667,-75.683333,1915,Ontario,Packer,CAN_DIA_ByOcc_1915,by_occupation
1,Ottawa,OttawaOntario,45.416667,-75.683333,1915,Ontario,Law Clerk,CAN_DIA_ByOcc_1915,by_occupation
1,Ottawa,OttawaOntario,45.416667,-75.683333,1915,Ontario,Junior Architect,CAN_DIA_ByOcc_1915,by_occupation
1,Ottawa,OttawaOntario,45.416667,-75.683333,1915,Ontario,Deputy Supt. General,CAN_DIA_ByOcc_1915,by_occupation
1,Ottawa,OttawaOntario,45.416667,-75.683333,1915,Ontario,Clerk of Supply,CAN_DIA_ByOcc_1915,by_occupation
1,Ottawa,OttawaOntario,45.416667,-75.683333,1915,Ontario,Clerk of Lands and Timber and Registrar of Land Patents,CAN_DIA_ByOcc_1915,by_occupation
1,Ottawa,OttawaOntario,45.416667,-75.683333,1915,Ontario,Chief Surveyor,CAN_DIA_ByOcc_1915,by_occupation
1,Ottawa,OttawaOntario,45.416667,-75.683333,1915,Ontario,Chief Draughtsman,CAN_DIA_ByOcc_1915,by_occupation
1,Ottawa,OttawaOntario,45.416667,-75.683333,1915,Ontario,Asst. Secretary,CAN_DIA_ByOcc_1915,by_occupation
1,Ottawa,OttawaOntario,45.416667,-75.683333,1915,Ontario,Asst. Deputy Supt. General,CAN_DIA_ByOcc_1915,by_occupation
1,Ottawa,OttawaOntario,45.416667,-75.683333,1915,Ontario,Asst. Clerk of Lands and Timber,CAN_DIA_ByOcc_1915,by_occupation
1,Ottawa,OttawaOntario,45.416667,-75.683333,1915,Ontario,Asst. Accountant,CAN_DIA_ByOcc_1915,by_occupation
1,Ottawa,OttawaOntario,45.416667,-75.683333,1915,Ontario,Architect,CAN_DIA_ByOcc_1915,by_occupation
1,Ottawa,OttawaOntario,45.416667,-75.683333,1915,Ontario,Accountant,CAN_DIA_ByOcc_1915,by_occupation
1,Ottawa,OttawaOntario,45.416667,-75.683333,1915,Ontario,Clerk to Insp. Conroy,CAN_DIA_ByOcc_1915,by_occupation
1,Port Maitland,Port MaitlandNova Scotia,43.984169,-66.150914,1915,Nova Scotia,Medical Officer,CAN_DIA_ByOcc_1915,by_occupation
1,Port Simpson,Port RenfrewBritish Columbia,48.558611,-124.39916,1915,British Columbia,Medical Officer,CAN_DIA_ByOcc_1915,by_occupation
1,Port Renfrew,Port RenfrewBritish Columbia,48.558611,-124.39916,1915,British Columbia,Medical Officer,CAN_DIA_ByOcc_1915,by_occupation
1,Prince Albert,Prince AlbertSaskatchewan,53.2,-105.75,1915,Saskatchewan,Inspector of Indian Agencies.,CAN_DIA_ByOcc_1915,by_occupation
1,Puckahn,PuckahnSaskatchewan,53.035,-105.5344444,1915,Saskatchewan,Overseer,CAN_DIA_ByOcc_1915,by_occupation
1,Prince Rupert,Prince RupertBritish Columbia,54.312194,-130.327083,1915,British Columbia,Medical officer,CAN_DIA_ByOcc_1915,by_occupation
1,Portage la Prairie,Portage la PrairieManitoba,49.972778,-98.291944,1915,Manitoba,Medical Officer,CAN_DIA_ByOcc_1915,by_occupation
1,Portage la Prairie,Portage la PrairieManitoba,49.972778,-98.291944,1915,Manitoba,Indian Agent,CAN_DIA_ByOcc_1915,by_occupation
1,Portage la Prairie,Portage la PrairieManitoba,49.972778,-98.291944,1915,Manitoba,Farmer,CAN_DIA_ByOcc_1915,by_occupation
1,Portage la Prairie,Portage la PrairieManitoba,49.972778,-98.291944,1915,Manitoba,Constable,CAN_DIA_ByOcc_1915,by_occupation
1,Portage la Prairie,Portage la PrairieManitoba,49.972778,-98.291944,1915,Manitoba,Clerk,CAN_DIA_ByOcc_1915,by_occupation
1,Portage la Prairie,Portage la PrairieManitoba,49.972778,-98.291944,1915,Manitoba,Caretaker,CAN_DIA_ByOcc_1915,by_occupation
1,Powell River,Powell RiverBritish Columbia,49.835278,-124.524722,1915,British Columbia,Medical Officer,CAN_DIA_ByOcc_1915,by_occupation
1,Pincher Creek,Pincher CreekAlberta,49.486111,-113.95,1915,Alberta,Medical Officer,CAN_DIA_ByOcc_1915,by_occupation
1,Pierreville,PierrevilleQuebec,46.066667,-72.816667,1915,Quebec,Missionary (R.C.),CAN_DIA_ByOcc_1915,by_occupation
1,Pierreville,PierrevilleQuebec,46.066667,-72.816667,1915,Quebec,Medical Officer,CAN_DIA_ByOcc_1915,by_occupation
1,Pierreville,PierrevilleQuebec,46.066667,-72.816667,1915,Quebec,Indian Agent,CAN_DIA_ByOcc_1915,by_occupation
1,Pierreville,PierrevilleQuebec,46.066667,-72.816667,1915,Quebec,Constable,CAN_DIA_ByOcc_1915,by_occupation
1,Port Clyde,Port ClydeNova Scotia,43.605,-65.46805,1915,Nova Scotia,Medical Officer,CAN_DIA_ByOcc_1915,by_occupation
1,Port Arthur,Port ArthurOntario,48.45,-89.23,1915,Ontario,Indian Agent,CAN_DIA_ByOcc_1915,by_occupation
1,Pointe Bleue,Pointe BleueQuebec,48.566667,-72.233333,1915,Quebec,Medical Officer,CAN_DIA_ByOcc_1915,by_occupation
1,Pointe Bleue,Pointe BleueQuebec,48.566667,-72.233333,1915,Quebec,Indian Agent,CAN_DIA_ByOcc_1915,by_occupation
1,Vernon,VernonBritish Columbia,50.267,-119.272,1915,British Columbia,Medical Officer,CAN_DIA_ByOcc_1915,by_occupation
1,Vancouver,VancouverBritish Columbia,49.25,-123.1,1915,British Columbia,Insp. of Indian Orchards.,CAN_DIA_ByOcc_1915,by_occupation
1,Vancouver,VancouverBritish Columbia,49.25,-123.1,1915,British Columbia,Insp. of Indian Agencies,CAN_DIA_ByOcc_1915,by_occupation
1,Vancouver,VancouverBritish Columbia,49.25,-123.1,1915,British Columbia,Inspector of Indian Agencies.,CAN_DIA_ByOcc_1915,by_occupation
1,Vernon,VernonBritish Columbia,50.267,-119.272,1915,British Columbia,Indian Agent,CAN_DIA_ByOcc_1915,by_occupation
1,Vancouver,VancouverBritish Columbia,49.25,-123.1,1915,British Columbia,Insp. of Indian Schools,CAN_DIA_ByOcc_1915,by_occupation
1,Vegreville,VegrevilleAlberta,53.492778,-112.052222,1915,Alberta,Medical Officer,CAN_DIA_ByOcc_1915,by_occupation
1,Victoria,VictoriaBritish Columbia,48.422,-123.365,1915,British Columbia,Clerk,CAN_DIA_ByOcc_1915,by_occupation
1,Victoria,VictoriaBritish Columbia,48.422,-123.365,1915,British Columbia,Inspector of Indian Agencies.,CAN_DIA_ByOcc_1915,by_occupation
1,Victoria,VictoriaBritish Columbia,48.422,-123.365,1915,British Columbia,Medical Officer,CAN_DIA_ByOcc_1915,by_occupation
1,Virden,VirdenManitoba,49.850833,-100.931667,1915,Manitoba,Medical Officer,CAN_DIA_ByOcc_1915,by_occupation
1,Wabamun,WabamunAlberta,53.557778,-114.468333,1915,Alberta,Farmer,CAN_DIA_ByOcc_1915,by_occupation
1,"Tofino, Vancouver Island","Tofino, Vancouver IslandBritish Columbia",49.143889,-125.891667,1915,British Columbia,Medical Officer,CAN_DIA_ByOcc_1915,by_occupation
1,Tobique,TobiqueNew Brunswick,46.8,-67.6,1915,New Brunswick,Missionary (R.C.),CAN_DIA_ByOcc_1915,by_occupation
1,Thessalon,ThessalonOntario,46.25,-83.55,1915,Ontario,Medical Officer,CAN_DIA_ByOcc_1915,by_occupation
1,Thessalon,ThessalonOntario,46.25,-83.55,1915,Ontario,Indian Agent,CAN_DIA_ByOcc_1915,by_occupation
1,Tyne Valley,Tyne ValleyPrince Edward Island,46.566667,-63.933333,1915,Prince Edward Island,Medical Officer,CAN_DIA_ByOcc_1915,by_occupation
1,Truro,TruroNova Scotia,45.364722,-63.28,1915,Nova Scotia,Medical Officer,CAN_DIA_ByOcc_1915,by_occupation
1,Truro,TruroNova Scotia,45.364722,-63.28,1915,Nova Scotia,Indian Agent,CAN_DIA_ByOcc_1915,by_occupation
1,Upper Gagetown,Upper GagetownNew Brunswick,45.77,-66.16,1915,New Brunswick,Medical Officer,CAN_DIA_ByOcc_1915,by_occupation
1,Ucluelet,UclueletBritish Columbia,48.935,-125.541944,1915,British Columbia,Medical Officer,CAN_DIA_ByOcc_1915,by_occupation
1,Transcona,TransconaManitoba,49.895556,-97.005278,1915,Manitoba,Medical Officer,CAN_DIA_ByOcc_1915,by_occupation
1,Woodstock,WoodstockNew Brunswick,46.152222,-67.598333,1915,New Brunswick,Medical Officer,CAN_DIA_ByOcc_1915,by_occupation
1,Wood Mountain,Wood MountainSaskatchewan,49.221547,-106.225566,1915,Saskatchewan,Overseer,CAN_DIA_ByOcc_1915,by_occupation
1,Yarmouth,YarmouthNova Scotia,49.899444,-97.139167,1915,Nova Scotia,Indian Agent,CAN_DIA_ByOcc_1915,by_occupation
1,Winnipeg,WinnipegManitoba,49.899444,-97.139167,1915,Manitoba,Caretaker,CAN_DIA_ByOcc_1915,by_occupation
1,Winnipegosis,WinnipegosisManitoba,51.616667,-99.933333,1915,Manitoba,Medical Officer,CAN_DIA_ByOcc_1915,by_occupation
1,Winnipeg,WinnipegManitoba,49.899444,-97.139167,1915,Manitoba,Paying Officer,CAN_DIA_ByOcc_1915,by_occupation
1,Winnipeg,WinnipegManitoba,49.899444,-97.139167,1915,Manitoba,Medical Officer,CAN_DIA_ByOcc_1915,by_occupation
1,Winnipeg,WinnipegManitoba,49.899444,-97.139167,1915,Manitoba,"Medical Inspector for Manitoba, Sask. And Alberta",CAN_DIA_ByOcc_1915,by_occupation
1,Winnipeg,WinnipegManitoba,49.899444,-97.139167,1915,Manitoba,Inspector R.C. Schools,CAN_DIA_ByOcc_1915,by_occupation
1,Winnipeg,WinnipegManitoba,49.899444,-97.139167,1915,Manitoba,Inspector of Indian Agencies.,CAN_DIA_ByOcc_1915,by_occupation
1,Winnipeg,WinnipegManitoba,49.899444,-97.139167,1915,Manitoba,Inspector of Indian Agencies,CAN_DIA_ByOcc_1915,by_occupation
1,Winnipeg,WinnipegManitoba,49.899444,-97.139167,1915,Manitoba,Insp. Indian Agency Accounts for Alberta and Saskatchewan,CAN_DIA_ByOcc_1915,by_occupation
1,Winnipeg,WinnipegManitoba,49.899444,-97.139167,1915,Manitoba,Chief Inspector of Indian Agencies,CAN_DIA_ByOcc_1915,by_occupation
1,Weymouth,WeymouthNova Scotia,44.40489,-65.99861,1915,Nova Scotia,Medical Officer,CAN_DIA_ByOcc_1915,by_occupation
1,Whitehorse,WhitehorseYukon,60.716667,-135.05,1915,Yukon,Medical Officer,CAN_DIA_ByOcc_1915,by_occupation
1,Whycocomah,WhycocomaghNova Scotia,45.976686,-61.117972,1915,Nova Scotia,Medical Officer,CAN_DIA_ByOcc_1915,by_occupation
1,Whycocomagh,WhycocomaghNova Scotia,45.976686,-61.117972,1915,Nova Scotia,Medical Officer,CAN_DIA_ByOcc_1915,by_occupation
1,Walpole Island,Walpole IslandOntario,42.55,-82.483333,1915,Ontario,Medical Officer,CAN_DIA_ByOcc_1915,by_occupation
1,Walpole Island,Walpole IslandOntario,42.55,-82.483333,1915,Ontario,Indian Agent,CAN_DIA_ByOcc_1915,by_occupation
1,Wetaskiwin,WetaskiwinAlberta,52.969444,-113.376944,1915,Alberta,Medical Officer,CAN_DIA_ByOcc_1915,by_occupation
1,Westfield,WestfieldNew Brunswick,45.36075,-66.24151,1915,New Brunswick,Medical Officer,CAN_DIA_ByOcc_1915,by_occupation
1,Windsor,WindsorNova Scotia,44.980278,-64.129167,1915,Nova Scotia,Medical Officer,CAN_DIA_ByOcc_1915,by_occupation
1,Windsor,WindsorNova Scotia,44.980278,-64.129167,1915,Nova Scotia,Indian Agent,CAN_DIA_ByOcc_1915,by_occupation
1,Wilmer,WilmerBritish Columbia,50.4934,-116.0392,1915,British Columbia,Medical Officer,CAN_DIA_ByOcc_1915,by_occupation
1,Wiarton,WiartonOntario,44.743611,-81.140833,1915,Ontario,Medical Officer,CAN_DIA_ByOcc_1915,by_occupation
1,Wiarton,WiartonOntario,44.743611,-81.140833,1915,Ontario,Indian Lands Agent,CAN_DIA_ByOcc_1915,by_occupation
1,Sheffield,SheffieldNew Brunswick,45.883,-66.3,1915,New Brunswick,Medical Officer,CAN_DIA_ByOcc_1915,by_occupation
1,Shubenacadie,ShubenacadieNova Scotia,45.139883,-63.417547,1915,Nova Scotia,Medical Officer,CAN_DIA_ByOcc_1915,by_occupation
1,Shubenacadie,ShubenacadieNova Scotia,45.139883,-63.417547,1915,Nova Scotia,Indian Agent,CAN_DIA_ByOcc_1915,by_occupation
1,Shelburne,ShelburneNova Scotia,43.763333,-65.323611,1915,Nova Scotia,Medical Officer,CAN_DIA_ByOcc_1915,by_occupation
1,Shelburne,ShelburneNova Scotia,43.763333,-65.323611,1915,Nova Scotia,Indian Agent,CAN_DIA_ByOcc_1915,by_occupation
1,St. John,St. JohnNew Brunswick,45.280556,-66.076111,1915,New Brunswick,Medical Officer,CAN_DIA_ByOcc_1915,by_occupation
1,Shellbrook,ShellbrookSaskatchewan,53.216667,-106.4,1915,Saskatchewan,Laborer,CAN_DIA_ByOcc_1915,by_occupation
1,St. Constant,St. ConstantQuebec,45.37,-73.57,1915,Quebec,Indian Agent,CAN_DIA_ByOcc_1915,by_occupation
1,St. Benoit,St. BenoitQuebec,45.567222,-74.096944,1915,Quebec,Medical Officer,CAN_DIA_ByOcc_1915,by_occupation
1,"St. Jean, Isle d'Orleans","St. Jean, Isle d'OrleansQuebec",46.916667,-70.9,1915,Quebec,Constable,CAN_DIA_ByOcc_1915,by_occupation
1,Sintaluta,SintalutaSaskatchewan,50.483333,-103.433333,1915,Saskatchewan,Medical Officer,CAN_DIA_ByOcc_1915,by_occupation
1,Sintaluta,SintalutaSaskatchewan,50.483333,-103.433333,1915,Saskatchewan,Indian Agent,CAN_DIA_ByOcc_1915,by_occupation
1,Sintaluta,SintalutaSaskatchewan,50.483333,-103.433333,1915,Saskatchewan,Farmer,CAN_DIA_ByOcc_1915,by_occupation
1,Sintaluta,SintalutaSaskatchewan,50.483333,-103.433333,1915,Saskatchewan,Clerk,CAN_DIA_ByOcc_1915,by_occupation
1,South Fort George,South Fort GeorgeBritish Columbia,53.89553,-122.74135,1915,British Columbia,Medical Officer,CAN_DIA_ByOcc_1915,by_occupation
1,South Fort George,South Fort GeorgeBritish Columbia,53.89553,-122.74135,1915,British Columbia,Constable,CAN_DIA_ByOcc_1915,by_occupation
1,Skidegate,SkidegateBritish Columbia,53.267222,-131.990556,1915,British Columbia,Medical Officer,CAN_DIA_ByOcc_1915,by_occupation
1,Southampton,SouthamptonOntario,44.5,-81.367,1915,Ontario,Medical Officer,CAN_DIA_ByOcc_1915,by_occupation
1,Sault Ste. Marie,Sault Ste MarieOntario,46.533333,-84.35,1915,Ontario,Medical Officer,CAN_DIA_ByOcc_1915,by_occupation
1,Sault Ste. Marie,Sault Ste MarieOntario,46.533333,-84.35,1915,Ontario,Indian Agent,CAN_DIA_ByOcc_1915,by_occupation
1,Sarnia,SarniaOntario,42.999444,-82.308889,1915,Ontario,Clerk,CAN_DIA_ByOcc_1915,by_occupation
1,Sarnia,SarniaOntario,42.999444,-82.308889,1915,Ontario,Medical Officer,CAN_DIA_ByOcc_1915,by_occupation
1,Sarnia,SarniaOntario,42.999444,-82.308889,1915,Ontario,Indian Agent,CAN_DIA_ByOcc_1915,by_occupation
1,Shannonville,ShannonvilleOntario,44.2637,-77.2304,1915,Ontario,Medical Officer,CAN_DIA_ByOcc_1915,by_occupation
1,Sheet Harbour,Sheet HarbourNova Scotia,44.916667,-62.533333,1915,Nova Scotia,Medical Officer,CAN_DIA_ByOcc_1915,by_occupation
1,Shediac,ShediacNew Brunswick,46.216667,-64.533333,1915,New Brunswick,Medical Officer,CAN_DIA_ByOcc_1915,by_occupation
1,Scugog R.R. No. 1,ScugogOntario,44.09,-78.936,1915,Ontario,Medical Officer,CAN_DIA_ByOcc_1915,by_occupation
1,Schreiber,SchreiberOntario,48.816667,-87.266667,1915,Ontario,Constable,CAN_DIA_ByOcc_1915,by_occupation
1,"Scugog, R.R. No. 1",ScugogOntario,44.09,-78.936,1915,Ontario,Indian Agent,CAN_DIA_ByOcc_1915,by_occupation
1,Selkirk,SelkirkManitoba,50.143611,-96.883889,1915,Manitoba,Indian Agent,CAN_DIA_ByOcc_1915,by_occupation
1,Seven Islands,Seven IslandsQuebec,50.216667,-66.383333,1915,Quebec,Indian Agent,CAN_DIA_ByOcc_1915,by_occupation
1,Selkirk,SelkirkManitoba,50.143611,-96.883889,1915,Manitoba,Constable,CAN_DIA_ByOcc_1915,by_occupation
1,Selkirk,SelkirkManitoba,50.143611,-96.883889,1915,Manitoba,Clerk,CAN_DIA_ByOcc_1915,by_occupation
1,Swan Lakes,Swan LakesManitoba,52.516667,-100.75,1915,Manitoba,Medical Officer,CAN_DIA_ByOcc_1915,by_occupation
1,Sydney,SydneyBritish Columbia,48.650556,-123.398611,1915,British Columbia,Medical Officer,CAN_DIA_ByOcc_1915,by_occupation
1,Sutton West,Sutton WestOntario,44.305,-79.358056,1915,Ontario,Medical Officer,CAN_DIA_ByOcc_1915,by_occupation
1,Sutton West,Sutton WestOntario,44.305,-79.358056,1915,Ontario,Indian Agent,CAN_DIA_ByOcc_1915,by_occupation
1,Sturgeon Falls,Sturgeon FallsOntario,46.3679478,-79.9247299,1915,Ontario,Indian Agent,CAN_DIA_ByOcc_1915,by_occupation
1,Sudbury,SudburyOntario,46.49,-81.01,1915,Ontario,Medical Officer,CAN_DIA_ByOcc_1915,by_occupation
1,Sturgeon Falls,Sturgeon FallsOntario,46.3679478,-79.9247299,1915,Ontario,Medical Officer,CAN_DIA_ByOcc_1915,by_occupation
1,"Tewlkla, Bulkley Valley","Tewlkla, Bulkley ValleyBritish Columbia",54.781944,-127.168056,1915,British Columbia,Medical Officer,CAN_DIA_ByOcc_1915,by_occupation
1,The Halfway P.O,The Halfway P.O.Manitoba,51.776944,-96.695,1915,Manitoba,Indian Agent,CAN_DIA_ByOcc_1915,by_occupation
1,The Halfway P.O,The Halfway P.O.Manitoba,51.776944,-96.695,1915,Manitoba,Farmer,CAN_DIA_ByOcc_1915,by_occupation
1,Sydney,SydneyNova Scotia,46.13631,-60.19551,1915,Nova Scotia,Medical Officer,CAN_DIA_ByOcc_1915,by_occupation
1,Sydney,SydneyNova Scotia,46.13631,-60.19551,1915,Nova Scotia,Indian Agent,CAN_DIA_ByOcc_1915,by_occupation
1,Sydney,SydneyNova Scotia,46.13631,-60.19551,1915,Nova Scotia,Constable,CAN_DIA_ByOcc_1915,by_occupation
1,Terrace,TerraceBritish Columbia,54.516389,-128.599722,1915,British Columbia,Medical Officer,CAN_DIA_ByOcc_1915,by_occupation
1,Telegraph Creek,Telegraph CreekBritish Columbia,57.9,-131.15,1915,British Columbia,Medical Officer,CAN_DIA_ByOcc_1915,by_occupation
1,Telegraph Creek,Telegraph CreekBritish Columbia,57.9,-131.15,1915,British Columbia,Indian Agent,CAN_DIA_ByOcc_1915,by_occupation
1,Telegraph Creek,Telegraph CreekBritish Columbia,57.9,-131.15,1915,British Columbia,Constable,CAN_DIA_ByOcc_1915,by_occupation
1,St. Mary's Ferry,St. Mary's FerryNew Brunswick,45.966667,-66.633333,1915,New Brunswick,Medical Officer,CAN_DIA_ByOcc_1915,by_occupation
1,St. Marys,St. MarysNew Brunswick,46.205,-66.505,1915,New Brunswick,Supt. Of Indian Schools,CAN_DIA_ByOcc_1915,by_occupation
1,St. Mary's,St. MarysNew Brunswick,46.205,-66.505,1915,New Brunswick,Constable,CAN_DIA_ByOcc_1915,by_occupation
1,St. Peters,St. PetersNova Scotia,45.663964,-60.894469,1915,Nova Scotia,Medical Officer,CAN_DIA_ByOcc_1915,by_occupation
1,St. Peters,St. PetersNova Scotia,45.663964,-60.894469,1915,Nova Scotia,Indian Agent,CAN_DIA_ByOcc_1915,by_occupation
1,Steveston,StevestonBritish Columbia,49.1275,-123.181389,1915,British Columbia,Medical Officer,CAN_DIA_ByOcc_1915,by_occupation
1,Steam Mills,Steam MillsNova Scotia,45.109972,-64.514139,1915,Nova Scotia,Indian Agent,CAN_DIA_ByOcc_1915,by_occupation
1,Strachclair,StrathclairManitoba,50.466667,-100.333333,1915,Manitoba,Medical Officer,CAN_DIA_ByOcc_1915,by_occupation
1,Stonewall,StonewallManitoba,50.134444,-97.326111,1915,Manitoba,Inspector,CAN_DIA_ByOcc_1915,by_occupation
1,St. Regis,St. RegisQuebec,44.971111,-74.641944,1915,Quebec,Missionary (R.C.),CAN_DIA_ByOcc_1915,by_occupation
1,St. Regis,St. RegisQuebec,44.971111,-74.641944,1915,Quebec,Indian Agent,CAN_DIA_ByOcc_1915,by_occupation
1,Starblanket,StarblanketSaskatchewan,50.8,-103.55,1915,Saskatchewan,Farmer,CAN_DIA_ByOcc_1915,by_occupation
1,Brechin,BrechinOntario,44.545,-79.17564,1915,Ontario,Medical Officer,CAN_DIA_ByOcc_1915,by_occupation
1,Brantford,BrantfordOntario,43.166667,-80.25,1915,Ontario,Stenographer,CAN_DIA_ByOcc_1915,by_occupation
1,Brantford,BrantfordOntario,43.166667,-80.25,1915,Ontario,Indian Superintendent,CAN_DIA_ByOcc_1915,by_occupation
1,Bridgewater,BridgewaterNova Scotia,44.37,-64.52,1915,Nova Scotia,Medical Officer,CAN_DIA_ByOcc_1915,by_occupation
1,Brantford,BrantfordOntario,43.166667,-80.25,1915,Ontario,Clerk,CAN_DIA_ByOcc_1915,by_occupation
1,Bridgewater,BridgewaterNova Scotia,44.37,-64.52,1915,Nova Scotia,Indian Agent,CAN_DIA_ByOcc_1915,by_occupation
1,Birtle,BirtleManitoba,50.4225,-101.0475,1915,Manitoba,Clerk,CAN_DIA_ByOcc_1915,by_occupation
1,Birtle,BirtleManitoba,50.4225,-101.0475,1915,Manitoba,Nurse,CAN_DIA_ByOcc_1915,by_occupation
1,Birtle,BirtleManitoba,50.4225,-101.0475,1915,Manitoba,Medical Officer,CAN_DIA_ByOcc_1915,by_occupation
1,Birtle,BirtleManitoba,50.4225,-101.0475,1915,Manitoba,Constable,CAN_DIA_ByOcc_1915,by_occupation
1,Birtle,BirtleManitoba,50.4225,-101.0475,1915,Manitoba,Caretaker Agency team,CAN_DIA_ByOcc_1915,by_occupation
1,Birtle,BirtleManitoba,50.4225,-101.0475,1915,Manitoba,Indian Agent,CAN_DIA_ByOcc_1915,by_occupation
1,Brandon,BrandonManitoba,49.833333,-99.95,1915,Manitoba,Medical Officer,CAN_DIA_ByOcc_1915,by_occupation
1,Blind River,Blind RiverOntario,46.183333,-82.95,1915,Ontario,Medical Officer,CAN_DIA_ByOcc_1915,by_occupation
1,Caledonia,CaledoniaNova Scotia,44.378889,-65.032222,1915,Nova Scotia,Medical Officer,CAN_DIA_ByOcc_1915,by_occupation
1,Caledonia,CaledoniaNova Scotia,44.378889,-65.032222,1915,Nova Scotia,Indian Agent,CAN_DIA_ByOcc_1915,by_occupation
1,Canso,CansoNova Scotia,45.333889,-60.995278,1915,Nova Scotia,Medical Officer,CAN_DIA_ByOcc_1915,by_occupation
1,Calgary,CalgaryAlberta,51.05,-114.066667,1915,Alberta,Medical Officer,CAN_DIA_ByOcc_1915,by_occupation
1,Calgary,CalgaryAlberta,51.05,-114.066667,1915,Alberta,Indian Agent,CAN_DIA_ByOcc_1915,by_occupation
1,Calgary,CalgaryAlberta,51.05,-114.066667,1915,Alberta,Farmer,CAN_DIA_ByOcc_1915,by_occupation
1,Calgary,CalgaryAlberta,51.05,-114.066667,1915,Alberta,Clerk,CAN_DIA_ByOcc_1915,by_occupation
1,Campbellton,CampbelltonNew Brunswick,48.005,-66.673056,1915,New Brunswick,Medical Officer,CAN_DIA_ByOcc_1915,by_occupation
1,Campbellton,CampbelltonNew Brunswick,48.005,-66.673056,1915,New Brunswick,Constable,CAN_DIA_ByOcc_1915,by_occupation
1,Calgary,CalgaryAlberta,51.05,-114.066667,1915,Alberta,Nurse,CAN_DIA_ByOcc_1915,by_occupation
1,Calgary,CalgaryAlberta,51.05,-114.066667,1915,Alberta,Scout,CAN_DIA_ByOcc_1915,by_occupation
1,Campbell River,Campbell RiverBritish Columbia,50.024444,-125.2475,1915,British Columbia,Medical Officer,CAN_DIA_ByOcc_1915,by_occupation
1,Broadview,BroadviewSaskatchewan,50.376,-102.579,1915,Saskatchewan,Interpreter,CAN_DIA_ByOcc_1915,by_occupation
1,Broadview,BroadviewSaskatchewan,50.376,-102.579,1915,Saskatchewan,Indian Agent,CAN_DIA_ByOcc_1915,by_occupation
1,Broadview,BroadviewSaskatchewan,50.376,-102.579,1915,Saskatchewan,Constable,CAN_DIA_ByOcc_1915,by_occupation
1,Broadview,BroadviewSaskatchewan,50.376,-102.579,1915,Saskatchewan,Clerk,CAN_DIA_ByOcc_1915,by_occupation
1,Brocket,BrocketAlberta,49.546944,-113.750556,1915,Alberta,Stockman,CAN_DIA_ByOcc_1915,by_occupation
1,Brocket,BrocketAlberta,49.546944,-113.750556,1915,Alberta,Interpreter,CAN_DIA_ByOcc_1915,by_occupation
1,Brocket,BrocketAlberta,49.546944,-113.750556,1915,Alberta,Indian Agent,CAN_DIA_ByOcc_1915,by_occupation
1,Brocket,BrocketAlberta,49.546944,-113.750556,1915,Alberta,Farmer,CAN_DIA_ByOcc_1915,by_occupation
1,Brocket,BrocketAlberta,49.546944,-113.750556,1915,Alberta,Blacksmith,CAN_DIA_ByOcc_1915,by_occupation
1,Brocket,BrocketAlberta,49.546944,-113.750556,1915,Alberta,Clerk,CAN_DIA_ByOcc_1915,by_occupation
1,Cacouna,CacounaQuebec,47.916667,-69.5,1915,Quebec,Indian Agent,CAN_DIA_ByOcc_1915,by_occupation
1,Byng Inlet,Byng InletOntario,45.766667,-80.55,1915,Ontario,Medical Officer,CAN_DIA_ByOcc_1915,by_occupation
1,Burnt Church,Burnt ChurchNew Brunswick,47.197917,-65.14825,1915,New Brunswick,Constable,CAN_DIA_ByOcc_1915,by_occupation
1,Buctouche,BuctoucheNew Brunswick,46.4719,-64.7249,1915,New Brunswick,Medical Officer,CAN_DIA_ByOcc_1915,by_occupation
1,Buctouche,BuctoucheNew Brunswick,46.4719,-64.7249,1915,New Brunswick,Constable,CAN_DIA_ByOcc_1915,by_occupation
1,Baie St. Paul,Baie St. PaulQuebec,47.45,-70.5,1915,Quebec,Medical Officer,CAN_DIA_ByOcc_1915,by_occupation
1,Baddeck,BaddeckNova Scotia,46.1,-60.754167,1915,Nova Scotia,Indian Agent,CAN_DIA_ByOcc_1915,by_occupation
1,Ashern,AshernManitoba,51.182222,-98.345556,1915,Manitoba,Medical Officer,CAN_DIA_ByOcc_1915,by_occupation
1,Ashcroft,AshcroftBritish Columbia,50.725556,-121.280556,1915,British Columbia,Medical Officer,CAN_DIA_ByOcc_1915,by_occupation
1,Atlin,AtlinBritish Columbia,59.583333,-133.716667,1915,British Columbia,Medical Officer,CAN_DIA_ByOcc_1915,by_occupation
1,Atherley,AtherleyOntario,44.60314,-79.36431,1915,Ontario,Indian Agent,CAN_DIA_ByOcc_1915,by_occupation
1,Bathurst,Bathurst VillageNew Brunswick,47.62,-65.65,1915,New Brunswick,Medical Officer,CAN_DIA_ByOcc_1915,by_occupation
1,Balcarres,BalcarresSaskatchewan,50.8,-103.55,1915,Saskatchewan,Mail Carrier,CAN_DIA_ByOcc_1915,by_occupation
1,Balcarres,BalcarresSaskatchewan,50.8,-103.55,1915,Saskatchewan,Labourer,CAN_DIA_ByOcc_1915,by_occupation
1,Balcarres,BalcarresSaskatchewan,50.8,-103.55,1915,Saskatchewan,Interpreter,CAN_DIA_ByOcc_1915,by_occupation
1,Balcarres,BalcarresSaskatchewan,50.8,-103.55,1915,Saskatchewan,Inspector of Indian Agencies,CAN_DIA_ByOcc_1915,by_occupation
1,Balcarres,BalcarresSaskatchewan,50.8,-103.55,1915,Saskatchewan,Clerk,CAN_DIA_ByOcc_1915,by_occupation
1,Balcarres,BalcarresSaskatchewan,50.8,-103.55,1915,Saskatchewan,Inspector in charge,CAN_DIA_ByOcc_1915,by_occupation
1,Aldermere,AldermereBritish Columbia,54.697222,-127.05,1915,British Columbia,Constable,CAN_DIA_ByOcc_1915,by_occupation
1,Alert Bay,Alert BayBritish Columbia,50.5825,-126.925278,1915,British Columbia,Constable,CAN_DIA_ByOcc_1915,by_occupation
1,Alingly,AlinglySaskatchewan,53.4054,-105.911983,1915,Saskatchewan,Farmer,CAN_DIA_ByOcc_1915,by_occupation
1,Alexis Creek,Alexis CreekBritish Columbia,52.083333,-123.283333,1915,British Columbia,Medical Officer,CAN_DIA_ByOcc_1915,by_occupation
1,Alert Bay,Alert BayBritish Columbia,50.5825,-126.925278,1915,British Columbia,Indian Agent,CAN_DIA_ByOcc_1915,by_occupation
1,Alert Bay,Alert BayBritish Columbia,50.5825,-126.925278,1915,British Columbia,Medical Officer,CAN_DIA_ByOcc_1915,by_occupation
1,"150-Mile House, Caribou","150-Mile House, CaribouBritish Columbia",52.105556,-121.927778,1915,British Columbia,Medical Officer,CAN_DIA_ByOcc_1915,by_occupation
1,Agassiz,AgassizBritish Columbia,49.233333,-121.766667,1915,British Columbia,Medical Officer,CAN_DIA_ByOcc_1915,by_occupation
1,Alberni,AlberniBritish Columbia,49.233889,-124.805,1915,British Columbia,Medical Officer,CAN_DIA_ByOcc_1915,by_occupation
1,Alberni,AlberniBritish Columbia,49.233889,-124.805,1915,British Columbia,Indian Agent,CAN_DIA_ByOcc_1915,by_occupation
1,Alberni,AlberniBritish Columbia,49.233889,-124.805,1915,British Columbia,Engineer,CAN_DIA_ByOcc_1915,by_occupation
1,Alberni,AlberniBritish Columbia,49.233889,-124.805,1915,British Columbia,Clerk,CAN_DIA_ByOcc_1915,by_occupation
1,Annapolis,AnnapolisNova Scotia,44.741667,-65.515278,1915,Nova Scotia,Medical Officer,CAN_DIA_ByOcc_1915,by_occupation
1,Armstrong,ArmstrongBritish Columbia,50.448333,-119.196111,1915,British Columbia,Medical Officer,CAN_DIA_ByOcc_1915,by_occupation
1,Arborg,ArborgManitoba,50.907222,-97.216944,1915,Manitoba,Medical Officer,CAN_DIA_ByOcc_1915,by_occupation
1,Antigonish,AntigonishNova Scotia,45.626522,-61.998253,1915,Nova Scotia,Medical Officer,CAN_DIA_ByOcc_1915,by_occupation
1,Andover,AndoverNew Brunswick,46.73927,-67.6984,1915,New Brunswick,Medical Officer,CAN_DIA_ByOcc_1915,by_occupation
1,Andover,AndoverNew Brunswick,46.73927,-67.6984,1915,New Brunswick,Indian Agent,CAN_DIA_ByOcc_1915,by_occupation
1,Andover,AndoverNew Brunswick,46.73927,-67.6984,1915,New Brunswick,Constable,CAN_DIA_ByOcc_1915,by_occupation
1,Bedford,BedfordNova Scotia,44.73212,-63.65676,1915,Nova Scotia,Medical Officer,CAN_DIA_ByOcc_1915,by_occupation
1,Becancour,BecancourQuebec,46.333333,-72.433333,1915,Quebec,Indian Agent,CAN_DIA_ByOcc_1915,by_occupation
1,Bella Bella,Bella BellaBritish Columbia,52.161944,-128.145,1915,British Columbia,Medical Officer,CAN_DIA_ByOcc_1915,by_occupation
1,Bear River,Bear RiverNova Scotia,44.572222,-65.643889,1915,Nova Scotia,Medical Officer,CAN_DIA_ByOcc_1915,by_occupation
1,Bear River,Bear RiverNova Scotia,44.572222,-65.643889,1915,Nova Scotia,Indian Agent,CAN_DIA_ByOcc_1915,by_occupation
1,Bella Coola,Bella CoolaBritish Columbia,52.366667,-126.75,1915,British Columbia,Indian Agent,CAN_DIA_ByOcc_1915,by_occupation
1,Bella Coola,Bella CoolaBritish Columbia,52.366667,-126.75,1915,British Columbia,Constable,CAN_DIA_ByOcc_1915,by_occupation
1,Birch Hills,Birch HillsSaskatchewan,52.983333,-105.433333,1915,Saskatchewan,Medical Officer,CAN_DIA_ByOcc_1915,by_occupation
1,Bergeronnes,BergeronnesQuebec,48.25,-69.55,1915,Quebec,Medical Officer,CAN_DIA_ByOcc_1915,by_occupation
1,Bella Coola,Bella CoolaBritish Columbia,52.366667,-126.75,1915,British Columbia,Medical Officer,CAN_DIA_ByOcc_1915,by_occupation
1,Bella Coola,Bella CoolaBritish Columbia,52.366667,-126.75,1915,British Columbia,Engineer,CAN_DIA_ByOcc_1915,by_occupation
1,Berwick,BerwickNova Scotia,45.047549,-64.73595,1915,Nova Scotia,Medical Officer,CAN_DIA_ByOcc_1915,by_occupation
1,Bersimis,BersimisQuebec,48.95,-68.65,1915,Quebec,Medical Officer,CAN_DIA_ByOcc_1915,by_occupation
1,Bersimis,BersimisQuebec,48.95,-68.65,1915,Quebec,Indian Agent,CAN_DIA_ByOcc_1915,by_occupation
1,Bersimis,BersimisQuebec,48.95,-68.65,1915,Quebec,Constable,CAN_DIA_ByOcc_1915,by_occupation
1,Battleford,BattlefordSaskatchewan,52.738333,-108.315278,1915,Saskatchewan,Engineer,CAN_DIA_ByOcc_1915,by_occupation
1,Battleford,BattlefordSaskatchewan,52.738333,-108.315278,1915,Saskatchewan,Clerk,CAN_DIA_ByOcc_1915,by_occupation
1,Battleford,BattlefordSaskatchewan,52.738333,-108.315278,1915,Saskatchewan,Teamster & Interpreter,CAN_DIA_ByOcc_1915,by_occupation
1,Battleford,BattlefordSaskatchewan,52.738333,-108.315278,1915,Saskatchewan,Overseer,CAN_DIA_ByOcc_1915,by_occupation
1,Battleford,BattlefordSaskatchewan,52.738333,-108.315278,1915,Saskatchewan,Medical Officer,CAN_DIA_ByOcc_1915,by_occupation
1,Battleford,BattlefordSaskatchewan,52.738333,-108.315278,1915,Saskatchewan,Indian Agent,CAN_DIA_ByOcc_1915,by_occupation
1,Fort Frances,Fort FrancesOntario,48.616667,-93.4,1915,Manitoba,Medical Officer,CAN_DIA_ByOcc_1915,by_occupation
1,Fort Frances,Fort FrancesOntario,48.616667,-93.4,1915,Manitoba,Interpreter,CAN_DIA_ByOcc_1915,by_occupation
1,Fort Frances,Fort FrancesOntario,48.616667,-93.4,1915,Manitoba,Indian Agent,CAN_DIA_ByOcc_1915,by_occupation
1,Fort Frances,Fort FrancesOntario,48.616667,-93.4,1915,Manitoba,Constable,CAN_DIA_ByOcc_1915,by_occupation
1,Fairview,FairviewBritish Columbia,49.175,-119.6,1915,British Columbia,Medical Officer,CAN_DIA_ByOcc_1915,by_occupation
1,Fort a la Corne,Fort a la CorneSaskatchewan,53.15,-104.8,1915,Saskatchewan,Farmer,CAN_DIA_ByOcc_1915,by_occupation
1,Forest,ForestOntario,43.1,-82.0,1915,Ontario,Medical Officer,CAN_DIA_ByOcc_1915,by_occupation
1,Fort Pelly,Fort PellySaskatchewan,51.776389,-101.9975,1915,Saskatchewan,Farmer,CAN_DIA_ByOcc_1915,by_occupation
1,Fort Qu'Appelle,Fort Qu'AppelleSaskatchewan,50.7667,-103.7833,1915,Saskatchewan,Medical Officer (school),CAN_DIA_ByOcc_1915,by_occupation
1,Fort Qu'Appelle,Fort Qu'AppelleSaskatchewan,50.7667,-103.7833,1915,Saskatchewan,Medical Officer,CAN_DIA_ByOcc_1915,by_occupation
1,Fort Fraser,Fort FraserBritish Columbia,54.06424,-124.54823,1915,British Columbia,Medical Officer,CAN_DIA_ByOcc_1915,by_occupation
1,Edmonton,EdmontonAlberta,53.533333,-113.5,1915,Alberta,Interpreter,CAN_DIA_ByOcc_1915,by_occupation
1,Edmonton,EdmontonAlberta,53.533333,-113.5,1915,Alberta,Indian Agent,CAN_DIA_ByOcc_1915,by_occupation
1,Edmonton,EdmontonAlberta,53.533333,-113.5,1915,Alberta,Clerk,CAN_DIA_ByOcc_1915,by_occupation
1,Elmsdale,ElmsdaleNova Scotia,44.971111,-63.506667,1915,Nova Scotia,Medical Officer,CAN_DIA_ByOcc_1915,by_occupation
1,Elkhorn,ElkhornManitoba,49.975556,-101.239444,1915,Manitoba,Medical Officer,CAN_DIA_ByOcc_1915,by_occupation
1,Emo,EmoManitoba,48.633333,-93.833333,1915,Manitoba,Medical Officer,CAN_DIA_ByOcc_1915,by_occupation
1,Esquimaux Point,Esquimaux PointQuebec,51.4167,-57.7167,1915,Quebec,Indian Agent,CAN_DIA_ByOcc_1915,by_occupation
1,Esquimaux Point,Esquimaux PointQuebec,51.4167,-57.7167,1915,Quebec,Medical Officer,CAN_DIA_ByOcc_1915,by_occupation
1,Eel Ground,Eel GroundNew Brunswick,46.969222,-65.627278,1915,New Brunswick,Constable,CAN_DIA_ByOcc_1915,by_occupation
1,Edmundston,EdmundstonNew Brunswick,47.3765,-68.325347,1915,New Brunswick,Medical Officer,CAN_DIA_ByOcc_1915,by_occupation
1,Eganville,EganvilleOntario,45.533333,-77.1,1915,Ontario,Medical Officer,CAN_DIA_ByOcc_1915,by_occupation
1,Gleichen,GleichenAlberta,50.866111,-113.054722,1915,Alberta,Medical Officer,CAN_DIA_ByOcc_1915,by_occupation
1,Gleichen,GleichenAlberta,50.866111,-113.054722,1915,Alberta,Interpreter,CAN_DIA_ByOcc_1915,by_occupation
1,Gleichen,GleichenAlberta,50.866111,-113.054722,1915,Alberta,Indian Agent,CAN_DIA_ByOcc_1915,by_occupation
1,Gleichen,GleichenAlberta,50.866111,-113.054722,1915,Alberta,Farmer,CAN_DIA_ByOcc_1915,by_occupation
1,Gleichen,GleichenAlberta,50.866111,-113.054722,1915,Alberta,Asst. Indian Agent,CAN_DIA_ByOcc_1915,by_occupation
1,Gleichen,GleichenAlberta,50.866111,-113.054722,1915,Alberta,Accountant,CAN_DIA_ByOcc_1915,by_occupation
1,Grand Cascapedia,Grand CascapediaQuebec,48.186944,-65.912222,1915,Quebec,Indian Agent,CAN_DIA_ByOcc_1915,by_occupation
1,Grand River Lot 14,Grand River Lot 14Prince Edward Island,46.5,-63.983333,1915,Prince Edward Island,Indian Supt.,CAN_DIA_ByOcc_1915,by_occupation
1,Grand Prairie City,Grand Prairie CityAlberta,55.170833,-118.794722,1915,Alberta,Medical Officer,CAN_DIA_ByOcc_1915,by_occupation
1,Glendale,GlendaleNova Scotia,45.815639,-61.313667,1915,Nova Scotia,Indian Agent,CAN_DIA_ByOcc_1915,by_occupation
1,Gore Bay,Gore BayOntario,45.916667,-82.466667,1915,Ontario,Medical Officer,CAN_DIA_ByOcc_1915,by_occupation
1,Gore Bay,Gore BayOntario,45.916667,-82.466667,1915,Ontario,Indian Agent,CAN_DIA_ByOcc_1915,by_occupation
1,Fraser Lake,Fraser LakeBritish Columbia,54.058333,-124.847222,1915,British Columbia,Indian Agent,CAN_DIA_ByOcc_1915,by_occupation
1,Fort William,Fort WilliamOntario,48.38,-89.28,1915,Ontario,Medical Officer,CAN_DIA_ByOcc_1915,by_occupation
1,Fort Smith,Fort SmithAlberta,60.005278,-111.890556,1915,Alberta,Medical Officer,CAN_DIA_ByOcc_1915,by_occupation
1,Fort Smith,Fort SmithAlberta,60.005278,-111.890556,1915,Alberta,Interpreter,CAN_DIA_ByOcc_1915,by_occupation
1,Fort Smith,Fort SmithAlberta,60.005278,-111.890556,1915,Alberta,Indian Agent,CAN_DIA_ByOcc_1915,by_occupation
1,Fort Smith,Fort SmithAlberta,60.005278,-111.890556,1915,Alberta,Farmer,CAN_DIA_ByOcc_1915,by_occupation
1,Fort Simpson,Fort SimpsonAlberta,61.863056,-121.355,1915,Alberta,Interpreter,CAN_DIA_ByOcc_1915,by_occupation
1,Fort Simpson,Fort SimpsonAlberta,61.863056,-121.355,1915,Alberta,Indian Agent,CAN_DIA_ByOcc_1915,by_occupation
1,Fort Simpson,Fort SimpsonAlberta,61.863056,-121.355,1915,Alberta,Engineer,CAN_DIA_ByOcc_1915,by_occupation
1,Fort Steele,Fort SteeleBritish Columbia,49.616667,-115.633333,1915,British Columbia,Indian Agent,CAN_DIA_ByOcc_1915,by_occupation
1,Gibson's Landing,Gibson's LandingBritish Columbia,49.4,-123.5,1915,British Columbia,Medical Officer,CAN_DIA_ByOcc_1915,by_occupation
1,Gaspe,GaspeQuebec,48.833333,-64.483333,1915,Quebec,Medical Officer,CAN_DIA_ByOcc_1915,by_occupation
1,Gaspe,GaspeQuebec,48.833333,-64.483333,1915,Quebec,Acting Indian Agent,CAN_DIA_ByOcc_1915,by_occupation
1,"Ft. McPherson, Peel River, via Edmonton","Ft. McPherson, Peel River, via EdmontonAlberta",67.435278,-134.881944,1915,Alberta,Medical Officer,CAN_DIA_ByOcc_1915,by_occupation
1,Fredericton,FrecerictonNew Brunswick,45.95,-66.666667,1915,New Brunswick,Indian Agent,CAN_DIA_ByOcc_1915,by_occupation
1,Chippewa Hill,Chippawa HillOntario,48.34583333,-89.30277778,1915,Ontario,Indian Agent,CAN_DIA_ByOcc_1915,by_occupation
1,Chilliwack,ChilliwackBritish Columbia,49.157722,-121.950917,1915,British Columbia,Medical Officer,CAN_DIA_ByOcc_1915,by_occupation
1,Chicoutimi,ChicoutimiQuebec,48.427778,-71.059167,1915,Quebec,Medical Officer,CAN_DIA_ByOcc_1915,by_occupation
1,Chester,ChesterNova Scotia,44.540278,-64.239722,1915,Nova Scotia,Medical Officer,CAN_DIA_ByOcc_1915,by_occupation
1,Comox,ComoxBritish Columbia,49.673333,-124.902222,1915,British Columbia,Medical Officer,CAN_DIA_ByOcc_1915,by_occupation
1,Christmas Island,Christmas IslandNova Scotia,45.972311,-60.748333,1915,Nova Scotia,Indian Agent,CAN_DIA_ByOcc_1915,by_occupation
1,Cluny,ClunyAlberta,50.83649,-112.86667,1915,Alberta,Farmer,CAN_DIA_ByOcc_1915,by_occupation
1,Cochrane,CochraneAlberta,51.189,-114.467,1915,Alberta,Medical Officer,CAN_DIA_ByOcc_1915,by_occupation
1,Carlyle,CarlyleSaskatchewan,49.633333,-102.266667,1915,Saskatchewan,Indian Agent,CAN_DIA_ByOcc_1915,by_occupation
1,Carlyle,CarlyleSaskatchewan,49.633333,-102.266667,1915,Saskatchewan,Farmer,CAN_DIA_ByOcc_1915,by_occupation
1,Cape Croker,Cape CrokerOntario,44.908279,-81.022634,1915,Ontario,Indian Agent,CAN_DIA_ByOcc_1915,by_occupation
1,Chapleau,ChapleauOntario,47.833333,-83.4,1915,Ontario,Indian Agent,CAN_DIA_ByOcc_1915,by_occupation
1,Chase,ChaseBritish Columbia,50.818889,-119.684444,1915,British Columbia,Medical Officer,CAN_DIA_ByOcc_1915,by_occupation
1,Chapleau,ChapleauOntario,47.833333,-83.4,1915,Ontario,Medical Officer,CAN_DIA_ByOcc_1915,by_occupation
1,Caughnawaga,CaughnawagaQuebec,45.416667,-73.683333,1915,Quebec,Missionary (R.C.),CAN_DIA_ByOcc_1915,by_occupation
1,Caughnawaga,CaughnawagaQuebec,45.416667,-73.683333,1915,Quebec,Medical Officer,CAN_DIA_ByOcc_1915,by_occupation
1,Caughnawaga,CaughnawagaQuebec,45.416667,-73.683333,1915,Quebec,Constable,CAN_DIA_ByOcc_1915,by_occupation
1,Duck Lake,Duck LakeSaskatchewan,52.816667,-106.233333,1915,Saskatchewan,Stenographer,CAN_DIA_ByOcc_1915,by_occupation
1,Duck Lake,Duck LakeSaskatchewan,52.816667,-106.233333,1915,Saskatchewan,Medical Officer,CAN_DIA_ByOcc_1915,by_occupation
1,Duck Lake,Duck LakeSaskatchewan,52.816667,-106.233333,1915,Saskatchewan,Interpreter,CAN_DIA_ByOcc_1915,by_occupation
1,Duck Lake,Duck LakeSaskatchewan,52.816667,-106.233333,1915,Saskatchewan,Indian Agent,CAN_DIA_ByOcc_1915,by_occupation
1,Duck Lake,Duck LakeSaskatchewan,52.816667,-106.233333,1915,Saskatchewan,Clerk,CAN_DIA_ByOcc_1915,by_occupation
1,Dutch Village,Dutch VillageNova Scotia,44.654722,-63.638056,1915,Nova Scotia,Indian Agent,CAN_DIA_ByOcc_1915,by_occupation
1,Edgeley,EdgeleySaskatchewan,50.638333,-103.996111,1915,Saskatchewan,Teamster,CAN_DIA_ByOcc_1915,by_occupation
1,Edgeley,EdgeleySaskatchewan,50.638333,-103.996111,1915,Saskatchewan,Indian Agent,CAN_DIA_ByOcc_1915,by_occupation
1,Edgeley,EdgeleySaskatchewan,50.638333,-103.996111,1915,Saskatchewan,Clerk,CAN_DIA_ByOcc_1915,by_occupation
1,Duncan,DuncanBritish Columbia,48.778694,-123.707861,1915,British Columbia,Medical Officer,CAN_DIA_ByOcc_1915,by_occupation
1,Duncan,DuncanBritish Columbia,48.778694,-123.707861,1915,British Columbia,Indian Agent,CAN_DIA_ByOcc_1915,by_occupation
1,Duncan,DuncanBritish Columbia,48.778694,-123.707861,1915,British Columbia,Constable,CAN_DIA_ByOcc_1915,by_occupation
1,Duncan,DuncanBritish Columbia,48.778694,-123.707861,1915,British Columbia,Clerk,CAN_DIA_ByOcc_1915,by_occupation
1,Dalhousie,DalhousieNew Brunswick,48.1,-66.616667,1915,New Brunswick,Medical Officer,CAN_DIA_ByOcc_1915,by_occupation
1,Dalhousie,DalhousieNew Brunswick,48.1,-66.616667,1915,New Brunswick,Constable,CAN_DIA_ByOcc_1915,by_occupation
1,Creston,CrestonBritish Columbia,49.09,-116.51,1915,British Columbia,Medical Officer,CAN_DIA_ByOcc_1915,by_occupation
1,Cranbrook,CranbrookBritish Columbia,49.509722,-115.766667,1915,British Columbia,Constable,CAN_DIA_ByOcc_1915,by_occupation
1,Deseronto,DeserontoOntario,44.2,-77.05,1915,Ontario,Missionary (C.E.),CAN_DIA_ByOcc_1915,by_occupation
1,Deseronto,DeserontoOntario,44.2,-77.05,1915,Ontario,Medical Officer,CAN_DIA_ByOcc_1915,by_occupation
1,Deseronto,DeserontoOntario,44.2,-77.05,1915,Ontario,Indian Agent,CAN_DIA_ByOcc_1915,by_occupation
1,Dartmouth,DartmouthNova Scotia,44.666667,-63.566667,1915,Nova Scotia,Medical Officer,CAN_DIA_ByOcc_1915,by_occupation
1,Dorchester,DorchesterNew Brunswick,45.901556,-64.516083,1915,New Brunswick,Medical Officer,CAN_DIA_ByOcc_1915,by_occupation
1,Dominion City,Dominion CityManitoba,49.141944,-97.155556,1915,Manitoba,Medical Officer,CAN_DIA_ByOcc_1915,by_occupation
1,Dominion City,Dominion CityManitoba,49.141944,-97.155556,1915,Manitoba,Farmer,CAN_DIA_ByOcc_1915,by_occupation
1,Delaware,DelawareOntario,42.908333,-81.416667,1915,Ontario,Indian Agent,CAN_DIA_ByOcc_1915,by_occupation
1,Dawson,DawsonYukon,64.06,-139.410833,1915,Yukon,Medical Officer,CAN_DIA_ByOcc_1915,by_occupation
1,Dawson,DawsonYukon,64.06,-139.410833,1915,Yukon,Indian Superintendent,CAN_DIA_ByOcc_1915,by_occupation
1,Mission City,Mission CityBritish Columbia,49.133694,-122.311167,1915,British Columbia,Medical Officer,CAN_DIA_ByOcc_1915,by_occupation
1,Metlakatla,MetlakatlaBritish Columbia,54.335833,-130.443333,1915,British Columbia,Clerk,CAN_DIA_ByOcc_1915,by_occupation
1,Metlakatla,MetlakatlaBritish Columbia,54.335833,-130.443333,1915,British Columbia,Indian Agent,CAN_DIA_ByOcc_1915,by_occupation
1,Mindemoya,MindemoyaOntario,45.732,-82.166,1915,Ontario,Medical Officer,CAN_DIA_ByOcc_1915,by_occupation
1,Minitonas,MinitonasManitoba,52.086111,-101.039167,1915,Manitoba,Medical Officer,CAN_DIA_ByOcc_1915,by_occupation
1,Minnedosa,MinnedosaManitoba,50.245278,-99.842778,1915,Manitoba,Medical Officer,CAN_DIA_ByOcc_1915,by_occupation
1,Mill Village,Mill VillageNova Scotia,44.144708,-64.648619,1915,Nova Scotia,Medical Officer,CAN_DIA_ByOcc_1915,by_occupation
1,Middleton,MiddletonNova Scotia,44.9418,-65.0686,1915,Nova Scotia,Medical Officer,CAN_DIA_ByOcc_1915,by_occupation
1,Lorette,LoretteQuebec,46.861472,-71.357111,1915,Quebec,Medical Officer,CAN_DIA_ByOcc_1915,by_occupation
1,Lorette,LoretteQuebec,46.861472,-71.357111,1915,Quebec,Missionary (R.C.),CAN_DIA_ByOcc_1915,by_occupation
1,Lunenburg,LunenburgNova Scotia,44.383333,-64.316667,1915,Nova Scotia,For Emergency Work,CAN_DIA_ByOcc_1915,by_occupation
1,Mistawasis,MistawasisSaskatchewan,53.162778,-106.802778,1915,Saskatchewan,Indian Agent,CAN_DIA_ByOcc_1915,by_occupation
1,Lorbi,LorbiSaskatchewan,0.0,0.0,1915,Saskatchewan,Nurse,CAN_DIA_ByOcc_1915,by_occupation
1,Loggieville,LoggievilleNew Brunswick,47.066667,-65.383333,1915,New Brunswick,Medical Officer,CAN_DIA_ByOcc_1915,by_occupation
1,Liverpool,LiverpoolNova Scotia,44.0375,-64.713889,1915,Nova Scotia,Medical Officer,CAN_DIA_ByOcc_1915,by_occupation
1,Lorbi,LorbiSaskatchewan,0.0,0.0,1915,Saskatchewan,Asst. Nurse,CAN_DIA_ByOcc_1915,by_occupation
1,Mistawasis,MistawasisSaskatchewan,53.162778,-106.802778,1915,Saskatchewan,Clerk,CAN_DIA_ByOcc_1915,by_occupation
1,Mistawasis,MistawasisSaskatchewan,53.162778,-106.802778,1915,Saskatchewan,Farmer,CAN_DIA_ByOcc_1915,by_occupation
1,Lytton,LyttonBritish Columbia,50.225,-121.576667,1915,British Columbia,Special Constable,CAN_DIA_ByOcc_1915,by_occupation
1,Lytton,LyttonBritish Columbia,50.225,-121.576667,1915,British Columbia,Stenographer,CAN_DIA_ByOcc_1915,by_occupation
1,Lytton,LyttonBritish Columbia,50.225,-121.576667,1915,British Columbia,Medical Officer,CAN_DIA_ByOcc_1915,by_occupation
1,Lytton,LyttonBritish Columbia,50.225,-121.576667,1915,British Columbia,Indian Agent,CAN_DIA_ByOcc_1915,by_occupation
1,Lytton,LyttonBritish Columbia,50.225,-121.576667,1915,British Columbia,Constable,CAN_DIA_ByOcc_1915,by_occupation
1,Manitowaning,ManitowaningOntario,45.733333,-81.8,1915,Ontario,Medical Officer,CAN_DIA_ByOcc_1915,by_occupation
1,Manitowaning,ManitowaningOntario,45.733333,-81.8,1915,Ontario,Indian Agent,CAN_DIA_ByOcc_1915,by_occupation
1,Manitowaning,ManitowaningOntario,45.733333,-81.8,1915,Ontario,Constable,CAN_DIA_ByOcc_1915,by_occupation
1,Manitowaning,ManitowaningOntario,45.733333,-81.8,1915,Ontario,Clerk,CAN_DIA_ByOcc_1915,by_occupation
1,Maniwaki,ManiwakiQuebec,46.375,-75.966667,1915,Quebec,Indian Agent,CAN_DIA_ByOcc_1915,by_occupation
1,Massey,MasseyOntario,46.233333,-82.0,1915,Ontario,Medical Officer,CAN_DIA_ByOcc_1915,by_occupation
1,Massett,MassettBritish Columbia,54.01,-132.138056,1915,British Columbia,Medical Officer,CAN_DIA_ByOcc_1915,by_occupation
1,Massett,MassettBritish Columbia,54.01,-132.138056,1915,British Columbia,Indian Agent,CAN_DIA_ByOcc_1915,by_occupation
1,Massett,MassettBritish Columbia,54.01,-132.138056,1915,British Columbia,Constable,CAN_DIA_ByOcc_1915,by_occupation
1,Mattawa,MattawaOntario,46.316667,-78.7,1915,Ontario,Medical Officer,CAN_DIA_ByOcc_1915,by_occupation
1,Manor,ManorSaskatchewan,49.6062,-102.0856,1915,Saskatchewan,Medical Officer,CAN_DIA_ByOcc_1915,by_occupation
1,Maniwaki,ManiwakiQuebec,46.375,-75.966667,1915,Quebec,Medical Officer,CAN_DIA_ByOcc_1915,by_occupation
1,Maniwaki,ManiwakiQuebec,46.375,-75.966667,1915,Quebec,Constable,CAN_DIA_ByOcc_1915,by_occupation
1,Macleod,MacleodAlberta,49.725583,-113.397528,1915,Alberta,Indian Agent,CAN_DIA_ByOcc_1915,by_occupation
1,Macleod,MacleodAlberta,49.725583,-113.397528,1915,Alberta,Stockman,CAN_DIA_ByOcc_1915,by_occupation
1,Macleod,MacleodAlberta,49.725583,-113.397528,1915,Alberta,Medical Officer,CAN_DIA_ByOcc_1915,by_occupation
1,Macleod,MacleodAlberta,49.725583,-113.397528,1915,Alberta,Mail Carrier,CAN_DIA_ByOcc_1915,by_occupation
1,Macleod,MacleodAlberta,49.725583,-113.397528,1915,Alberta,Interpreter,CAN_DIA_ByOcc_1915,by_occupation
1,Macleod,MacleodAlberta,49.725583,-113.397528,1915,Alberta,Clerk,CAN_DIA_ByOcc_1915,by_occupation
1,Macleod,MacleodAlberta,49.725583,-113.397528,1915,Alberta,Blacksmith,CAN_DIA_ByOcc_1915,by_occupation
1,Macleod,MacleodAlberta,49.725583,-113.397528,1915,Alberta,Asst. Indian Agent,CAN_DIA_ByOcc_1915,by_occupation
1,Macleod,MacleodAlberta,49.725583,-113.397528,1915,Alberta,Asst. Clerk,CAN_DIA_ByOcc_1915,by_occupation
1,Malagawatch,Malagwatch Reserve Nova Scotia,45.889444,-60.969444,1915,Nova Scotia,Medical Officer,CAN_DIA_ByOcc_1915,by_occupation
1,Mahone,MahoneNova Scotia,44.5,-64.216667,1915,Nova Scotia,For Emergency Work,CAN_DIA_ByOcc_1915,by_occupation
1,Melfort,MelfortSaskatchewan,52.856389,-104.61,1915,Saskatchewan,Medical Officer,CAN_DIA_ByOcc_1915,by_occupation
1,Hobbema,HobbemaAlberta,52.826667,-113.451667,1915,Alberta,Interpreter,CAN_DIA_ByOcc_1915,by_occupation
1,Hobbema,HobbemaAlberta,52.826667,-113.451667,1915,Alberta,Indian Agent,CAN_DIA_ByOcc_1915,by_occupation
1,Hobbema,HobbemaAlberta,52.826667,-113.451667,1915,Alberta,Blacksmith,CAN_DIA_ByOcc_1915,by_occupation
1,Hobbema,HobbemaAlberta,52.826667,-113.451667,1915,Alberta,Farmer,CAN_DIA_ByOcc_1915,by_occupation
1,Hobbema,HobbemaAlberta,52.826667,-113.451667,1915,Alberta,Assistant Agent,CAN_DIA_ByOcc_1915,by_occupation
1,Hobbema,HobbemaAlberta,52.826667,-113.451667,1915,Alberta,Clerk,CAN_DIA_ByOcc_1915,by_occupation
1,Highgate,HighgateOntario,42.5009,-81.8166,1915,Ontario,Medical Officer,CAN_DIA_ByOcc_1915,by_occupation
1,Highgate,HighgateOntario,42.5009,-81.8166,1915,Ontario,Indian Agent,CAN_DIA_ByOcc_1915,by_occupation
1,Jeune Lorette,Jeune LoretteQuebec,46.861472,-71.357111,1915,Quebec,Indian Agent,CAN_DIA_ByOcc_1915,by_occupation
1,Indian Springs,Indian SpringsManitoba,49.3892,-98.9089,1915,Manitoba,Farmer,CAN_DIA_ByOcc_1915,by_occupation
1,Indian Lorette,Indian LoretteQuebec,46.861472,-71.357111,1915,Quebec,Medical Officer,CAN_DIA_ByOcc_1915,by_occupation
1,Guysboro,GuysboroughNova Scotia,45.391667,-61.508333,1915,Nova Scotia,Medical Officer,CAN_DIA_ByOcc_1915,by_occupation
1,Grouard,GrouardAlberta,55.520278,-116.161111,1915,Alberta,Interpreter and teamster,CAN_DIA_ByOcc_1915,by_occupation
1,Grouard,GrouardAlberta,55.520278,-116.161111,1915,Alberta,Acting Indian Agent,CAN_DIA_ByOcc_1915,by_occupation
1,Higgins Road,Higgins RoadPrince Edward Island,46.51813,-64.077,1915,Prince Edward Island,Asst. Supt.,CAN_DIA_ByOcc_1915,by_occupation
1,Halifax,HalifaxNova Scotia,44.647778,-63.571389,1915,Nova Scotia,Insp. of Indian Agencies,CAN_DIA_ByOcc_1915,by_occupation
1,Hagersville,HagersvilleOntario,42.95,-80.05,1915,Ontario,Medical Officer,CAN_DIA_ByOcc_1915,by_occupation
1,Hagersville,HagersvilleOntario,42.95,-80.05,1915,Ontario,Indian Agent,CAN_DIA_ByOcc_1915,by_occupation
1,Grenfell,GrenfellSaskatchewan,50.416667,-102.916667,1915,Saskatchewan,Farmer,CAN_DIA_ByOcc_1915,by_occupation
1,Gravenhurst,GravenhurstOntario,44.916667,-79.366667,1915,Ontario,Medical Officer,CAN_DIA_ByOcc_1915,by_occupation
1,Grandview,GrandviewSaskatchewan,52.027,-108.61,1915,Saskatchewan,Overseer,CAN_DIA_ByOcc_1915,by_occupation
1,Griswold,GriswoldManitoba,49.775,-100.470833,1915,Manitoba,Medical Officer,CAN_DIA_ByOcc_1915,by_occupation
1,Griswold,GriswoldManitoba,49.775,-100.470833,1915,Manitoba,Interpreter,CAN_DIA_ByOcc_1915,by_occupation
1,Griswold,GriswoldManitoba,49.775,-100.470833,1915,Manitoba,Clerk,CAN_DIA_ByOcc_1915,by_occupation
1,Hampstead,HampsteadNew Brunswick,45.621061,-66.082506,1915,New Brunswick,Medical Officer,CAN_DIA_ByOcc_1915,by_occupation
1,Griswold,GriswoldManitoba,49.775,-100.470833,1915,Manitoba,Indian Agent,CAN_DIA_ByOcc_1915,by_occupation
1,Heatherton,HeathertonNova Scotia,45.587856,-61.792089,1915,Nova Scotia,Indian Agent,CAN_DIA_ByOcc_1915,by_occupation
1,Heatherton,HeathertonNova Scotia,45.587856,-61.792089,1915,Nova Scotia,Constable,CAN_DIA_ByOcc_1915,by_occupation
1,Hedley,HedleyBritish Columbia,49.358056,-120.075833,1915,British Columbia,Medical Officer,CAN_DIA_ByOcc_1915,by_occupation
1,Heron Band,Heron BandOntario,0.0,0.0,1915,Ontario,Constable,CAN_DIA_ByOcc_1915,by_occupation
1,"Hastings, R.R. No. 1","Hastings, R.R. No. 1Ontario",44.3,-77.95,1915,Ontario,Indian Agent,CAN_DIA_ByOcc_1915,by_occupation
1,Harrington Harbour,Harrington HarbourQuebec,50.5,-59.479722,1915,Quebec,Indian Agent,CAN_DIA_ByOcc_1915,by_occupation
1,Hazelton,HazeltonBritish Columbia,55.25,-127.666667,1915,British Columbia,Medical Officer,CAN_DIA_ByOcc_1915,by_occupation
1,Hazelton,HazeltonBritish Columbia,55.25,-127.666667,1915,British Columbia,Indian Agent,CAN_DIA_ByOcc_1915,by_occupation
1,Kylemore,KylemoreSaskatchewan,51.904444,-103.639167,1915,Saskatchewan,Farmer,CAN_DIA_ByOcc_1915,by_occupation
1,Mistawasis,MistawasisSaskatchewan,53.162778,-106.802778,1915,Saskatchewan,Interpreter,CAN_DIA_ByOcc_1915,by_occupation
1,Lac la Hache,Lac la HacheBritish Columbia,51.82,-121.47,1915,British Columbia,Indian Agent,CAN_DIA_ByOcc_1915,by_occupation
1,Lac la Hache,Lac la HacheBritish Columbia,51.82,-121.47,1915,British Columbia,Constable,CAN_DIA_ByOcc_1915,by_occupation
1,Lequille,LequilleNova Scotia,44.727778,-65.490278,1915,Nova Scotia,Indian Agent,CAN_DIA_ByOcc_1915,by_occupation
1,Little Current,Little CurrentOntario,45.966667,-81.933333,1915,Ontario,Medical Officer,CAN_DIA_ByOcc_1915,by_occupation
1,Lillooet,LillooetBritish Columbia,50.686389,-121.936389,1915,British Columbia,Medical Officer,CAN_DIA_ByOcc_1915,by_occupation
1,Lestock,LestockSaskatchewan,51.311,-103.983,1915,Saskatchewan,Farmer,CAN_DIA_ByOcc_1915,by_occupation
1,Lakefield,LakefieldOntario,44.416667,-78.333333,1915,Ontario,Medical Officer,CAN_DIA_ByOcc_1915,by_occupation
1,Ladysmith,LadysmithBritish Columbia,48.9975,-123.820278,1915,British Columbia,Medical Officer,CAN_DIA_ByOcc_1915,by_occupation
1,Ladner,LadnerBritish Columbia,49.090278,-123.08,1915,British Columbia,Medical Officer,CAN_DIA_ByOcc_1915,by_occupation
1,Lemberg,LembergSaskatchewan,50.732,-103.195,1915,Saskatchewan,Medical Officer,CAN_DIA_ByOcc_1915,by_occupation
1,Le Pas,Le PasManitoba,53.825,-101.253333,1915,Manitoba,Nurse,CAN_DIA_ByOcc_1915,by_occupation
1,Le Pas,Le PasManitoba,53.825,-101.253333,1915,Manitoba,Medical Officer,CAN_DIA_ByOcc_1915,by_occupation
1,Le Pas,Le PasManitoba,53.825,-101.253333,1915,Manitoba,Interpreter,CAN_DIA_ByOcc_1915,by_occupation
1,Le Pas,Le PasManitoba,53.825,-101.253333,1915,Manitoba,Indian Agent,CAN_DIA_ByOcc_1915,by_occupation
1,Le Pas,Le PasManitoba,53.825,-101.253333,1915,Manitoba,Clerk,CAN_DIA_ByOcc_1915,by_occupation
1,Kamsack,KamsackSaskatchewan,51.565,-101.894722,1915,Saskatchewan,Medical Officer,CAN_DIA_ByOcc_1915,by_occupation
1,Kamsack,KamsackSaskatchewan,51.565,-101.894722,1915,Saskatchewan,Laborer,CAN_DIA_ByOcc_1915,by_occupation
1,Kamsack,KamsackSaskatchewan,51.565,-101.894722,1915,Saskatchewan,Indian Agent,CAN_DIA_ByOcc_1915,by_occupation
1,Kamsack,KamsackSaskatchewan,51.565,-101.894722,1915,Saskatchewan,Farmer,CAN_DIA_ByOcc_1915,by_occupation
1,Kamsack,KamsackSaskatchewan,51.565,-101.894722,1915,Saskatchewan,Clerk,CAN_DIA_ByOcc_1915,by_occupation
1,Keene,KeeneOntario,44.233333,-78.233333,1915,Ontario,Indian Agent,CAN_DIA_ByOcc_1915,by_occupation
1,Kelowna,KelownaBritish Columbia,49.883611,-119.493333,1915,British Columbia,Medical Officer,CAN_DIA_ByOcc_1915,by_occupation
1,Kamloops,KamloopsBritish Columbia,50.676111,-120.340833,1915,British Columbia,Medical Officer,CAN_DIA_ByOcc_1915,by_occupation
1,Kamloops,KamloopsBritish Columbia,50.676111,-120.340833,1915,British Columbia,Indian Agent,CAN_DIA_ByOcc_1915,by_occupation
1,Kinistino,KinistinoSaskatchewan,52.95,-105.03,1915,Saskatchewan,Medical Officer,CAN_DIA_ByOcc_1915,by_occupation
1,Kinistino,KinistinoSaskatchewan,52.95,-105.03,1915,Saskatchewan,Constable,CAN_DIA_ByOcc_1915,by_occupation
1,Kitwanga,KitwangaBritish Columbia,55.1,-128.066667,1915,British Columbia,Medical Officer,CAN_DIA_ByOcc_1915,by_occupation
1,Kensington,KensingtonPrince Edward Island,46.433333,-63.65,1915,Prince Edward Island,Medical Officer,CAN_DIA_ByOcc_1915,by_occupation
1,Kenora,KenoraOntario,49.766667,-94.483333,1915,Manitoba,Medical Officer,CAN_DIA_ByOcc_1915,by_occupation
1,Kenora,KenoraOntario,49.766667,-94.483333,1915,Manitoba,Indian Agent,CAN_DIA_ByOcc_1915,by_occupation
1,Kenora,KenoraOntario,49.766667,-94.483333,1915,Manitoba,Constable,CAN_DIA_ByOcc_1915,by_occupation
1,Kibolut,KibolutBritish Columbia,0.0,0.0,1915,British Columbia,Medical Officer,CAN_DIA_ByOcc_1915,by_occupation
1,Keswick Ridge,Keswick RidgeNew Brunswick,45.995888,-66.887169,1915,New Brunswick,Medical Officer,CAN_DIA_ByOcc_1915,by_occupation
1,Kentville,KentvilleNova Scotia,45.0775,-64.495833,1915,Nova Scotia,Medical Officer,CAN_DIA_ByOcc_1915,by_occupation
1,Norway House,Norway HouseManitoba,53.990278,-97.815556,1915,Manitoba,Indian Agent,CAN_DIA_ByOcc_1915,by_occupation
1,Okotoks,OkotoksAlberta,50.725,-113.975,1915,Alberta,Medical Officer,CAN_DIA_ByOcc_1915,by_occupation
1,Oka,OkaQuebec,45.466667,-74.083333,1915,Quebec,Indian Agent,CAN_DIA_ByOcc_1915,by_occupation
1,Ohsweken,OhswekenOntario,43.066667,-80.116667,1915,Ontario,Medical Officer,CAN_DIA_ByOcc_1915,by_occupation
1,Nutana,NutanaSaskatchewan,52.116667,-106.656944,1915,Saskatchewan,Overseer,CAN_DIA_ByOcc_1915,by_occupation
1,Onion Lake,Onion LakeSaskatchewan,53.7166638,-110.0,1915,Saskatchewan,Interpreter,CAN_DIA_ByOcc_1915,by_occupation
1,Onion Lake,Onion LakeSaskatchewan,53.7166638,-110.0,1915,Saskatchewan,Indian Agent,CAN_DIA_ByOcc_1915,by_occupation
1,Onion Lake,Onion LakeSaskatchewan,53.7166638,-110.0,1915,Saskatchewan,Clerk,CAN_DIA_ByOcc_1915,by_occupation
1,Onion Lake,Onion LakeSaskatchewan,53.7166638,-110.0,1915,Saskatchewan,Asst. Interpreter,CAN_DIA_ByOcc_1915,by_occupation
1,Norway House,Norway HouseManitoba,53.990278,-97.815556,1915,Manitoba,Interpreter,CAN_DIA_ByOcc_1915,by_occupation
1,Nil,Seven IslandsQuebec,50.216667,-66.383333,1915,Quebec,Medical Officer,CAN_DIA_ByOcc_1915,by_occupation
1,Nil,Saddle LakeAlberta,53.968333,-111.691944,1915,Alberta,Constable,CAN_DIA_ByOcc_1915,by_occupation
1,"North Vermilon, Peace River","North Vermilion, Peace RiverAlberta",58.39,-116.016667,1915,Alberta,Medical Officer,CAN_DIA_ByOcc_1915,by_occupation
1,North Timiskaming,North TimiskamingQuebec,47.633333,-79.466667,1915,Quebec,Medical Officer,CAN_DIA_ByOcc_1915,by_occupation
1,North Timiskaming,North TimiskamingQuebec,47.633333,-79.466667,1915,Quebec,Indian Agent,CAN_DIA_ByOcc_1915,by_occupation
1,Nipigon station,Nipigon stationOntario,49.0,-88.42,1915,Ontario,Constable,CAN_DIA_ByOcc_1915,by_occupation
1,Nipigon,NipigonOntario,49.0,-88.42,1915,Ontario,Medical Officer,CAN_DIA_ByOcc_1915,by_occupation
1,Norton,NortonNew Brunswick,45.638694,-65.6955,1915,New Brunswick,Medical Officer,CAN_DIA_ByOcc_1915,by_occupation
1,Nil,St. AugustinQuebec,51.232707,-58.651672,1915,Quebec,Medical Officer,CAN_DIA_ByOcc_1915,by_occupation
1,Onion Lake,Onion LakeSaskatchewan,53.7166638,-110.0,1915,Saskatchewan,Miller,CAN_DIA_ByOcc_1915,by_occupation
1,Oromocto,OromoctoNew Brunswick,45.84878,-66.47879,1915,New Brunswick,Constable,CAN_DIA_ByOcc_1915,by_occupation
1,New Westminster,New WestminsterBritish Columbia,49.206944,-122.911111,1915,British Columbia,Indian Agent,CAN_DIA_ByOcc_1915,by_occupation
1,New Westminster,New WestminsterBritish Columbia,49.206944,-122.911111,1915,British Columbia,Constable,CAN_DIA_ByOcc_1915,by_occupation
1,New Westminster,New WestminsterBritish Columbia,49.206944,-122.911111,1915,British Columbia,Clerk,CAN_DIA_ByOcc_1915,by_occupation
1,New Germany,New GermanyNova Scotia,44.55,-64.717,1915,Nova Scotia,Medical Officer,CAN_DIA_ByOcc_1915,by_occupation
1,Natashkwan,NatashkwanQuebec,50.183333,-61.816667,1915,Quebec,Constable,CAN_DIA_ByOcc_1915,by_occupation
1,Nanaimo,NanaimoBritish Columbia,49.164167,-123.936389,1915,British Columbia,Medical Officer,CAN_DIA_ByOcc_1915,by_occupation
1,Nanaimo,NanaimoBritish Columbia,49.164167,-123.936389,1915,British Columbia,Constable,CAN_DIA_ByOcc_1915,by_occupation
1,New Richmond West,New Richmond WestQuebec,48.166667,-65.866667,1915,Quebec,Medical Officer,CAN_DIA_ByOcc_1915,by_occupation
1,New Glasgow,New GlasgowNova Scotia,45.59256,-62.645458,1915,Nova Scotia,Medical Officer,CAN_DIA_ByOcc_1915,by_occupation
1,New Glasgow,New GlasgowNova Scotia,45.59256,-62.645458,1915,Nova Scotia,Indian Agent,CAN_DIA_ByOcc_1915,by_occupation
1,Nicola Lake,Nicola LakeBritish Columbia,50.4275,-121.316111,1915,British Columbia,Medical Officer,CAN_DIA_ByOcc_1915,by_occupation
1,Newcastle,NewcastleNew Brunswick,46.983,-65.567,1915,New Brunswick,Medical Officer,CAN_DIA_ByOcc_1915,by_occupation
1,Morinville,MorinvilleAlberta,53.802222,-113.649722,1915,Alberta,Medical Officer,CAN_DIA_ByOcc_1915,by_occupation
1,Morel,MorellPrince Edward Island,46.416667,-62.7,1915,Prince Edward Island,Medical Officer,CAN_DIA_ByOcc_1915,by_occupation
1,Moosejaw,MoosejawSaskatchewan,50.393333,-105.551944,1915,Saskatchewan,Medical Officer,CAN_DIA_ByOcc_1915,by_occupation
1,Moncton,MonctonNew Brunswick,46.132778,-64.771389,1915,New Brunswick,Medical Officer,CAN_DIA_ByOcc_1915,by_occupation
1,Mistawasis,MistawasisSaskatchewan,53.162778,-106.802778,1915,Saskatchewan,Stenographer,CAN_DIA_ByOcc_1915,by_occupation
1,Montreal Lake via Prince Albert,"Montreal LakeManitoba, Keewatin and North-West Territories",54.333333,-105.666667,1915,Saskatchewan,Overseer,CAN_DIA_ByOcc_1915,by_occupation
1,Mount Stewart,Mount StewartPrince Edward Island,46.366667,-62.866667,1915,Prince Edward Island,Medical Officer,CAN_DIA_ByOcc_1915,by_occupation
1,Morley,MorleyAlberta,51.16153,-114.85095,1915,Alberta,Interpreter,CAN_DIA_ByOcc_1915,by_occupation
1,Morley,MorleyAlberta,51.16153,-114.85095,1915,Alberta,Indian Agent,CAN_DIA_ByOcc_1915,by_occupation
1,Morley,MorleyAlberta,51.16153,-114.85095,1915,Alberta,Farmer,CAN_DIA_ByOcc_1915,by_occupation
1,Morley,MorleyAlberta,51.16153,-114.85095,1915,Alberta,Clerk,CAN_DIA_ByOcc_1915,by_occupation
1,Nil,Fort ResolutionAlberta,61.171667,-113.671667,1915,Alberta,Medical Officer,CAN_DIA_ByOcc_1915,by_occupation
1,Mistawasis,MistawasisSaskatchewan,53.162778,-106.802778,1915,Saskatchewan,Medical Officer,CAN_DIA_ByOcc_1915,by_occupation
1,Nil,Moose WoodsSaskatchewan,51.866667,-106.700556,1915,Saskatchewan,Medical Officer,CAN_DIA_ByOcc_1915,by_occupation
1,Nil,GriswoldManitoba,49.775,-100.470833,1915,Manitoba,Constable,CAN_DIA_ByOcc_1915,by_occupation
10,Ottawa,OttawaOntario,45.416667,-75.683333,1875,Ontario,,CAN_DIA_ByPost_1875,by_post
3,Fort Garry,Fort GarryManitoba,49.887883,-97.13532,1875,Manitoba,,CAN_DIA_ByPost_1875,by_post
3,River Desert,River DesertQuebec,46.333333,-75.966667,1875,Quebec,,CAN_DIA_ByPost_1875,by_post
2,Brantford,BrantfordOntario,43.166667,-80.25,1875,Ontario,,CAN_DIA_ByPost_1875,by_post
2,Toronto,TorontoOntario,43.7,-79.4,1875,Ontario,,CAN_DIA_ByPost_1875,by_post
1,Charlottetown,CharlottetownPrince Edward Island,46.238889,-63.129167,1875,Prince Edward Island,,CAN_DIA_ByPost_1875,by_post
1,Chatham,ChathamNew Brunswick,47.033,-65.433,1875,New Brunswick,,CAN_DIA_ByPost_1875,by_post
1,Cape Breton,Cape BretonNova Scotia,46.166667,-60.75,1875,Nova Scotia,,CAN_DIA_ByPost_1875,by_post
1,Cornwall,CornwallOntario,45.0275,-74.74,1875,Ontario,,CAN_DIA_ByPost_1875,by_post
1,Delaware,DelawareOntario,42.908333,-81.416667,1875,Ontario,,CAN_DIA_ByPost_1875,by_post
1,Bedford,BedfordNova Scotia,44.73212,-63.65676,1875,Nova Scotia,,CAN_DIA_ByPost_1875,by_post
1,Bear River,Bear RiverNova Scotia,44.572222,-65.643889,1875,Nova Scotia,,CAN_DIA_ByPost_1875,by_post
1,Parry Island,Parry IslandOntario,45.283333,-80.15,1875, ,,CAN_DIA_ByPost_1875,by_post
1,Antigonish,AntigonishNova Scotia,45.626522,-61.998253,1875,Nova Scotia,,CAN_DIA_ByPost_1875,by_post
1,Belleville,BellevilleOntario,44.166667,-77.383333,1875,Ontario,,CAN_DIA_ByPost_1875,by_post
1,Kentville,KentvilleNova Scotia,45.0775,-64.495833,1875,Nova Scotia,,CAN_DIA_ByPost_1875,by_post
1,New Westminster,New WestminsterBritish Columbia,49.206944,-122.911111,1875,British Columbia,,CAN_DIA_ByPost_1875,by_post
1,Manitoulin Island,Manitoulin IslandOntario,45.766667,-82.2,1875, ,,CAN_DIA_ByPost_1875,by_post
1,Fredericton,FrecerictonNew Brunswick,45.95,-66.666667,1875,New Brunswick,,CAN_DIA_ByPost_1875,by_post
1,"Fort William, L. Superior",Fort WilliamOntario,48.38,-89.28,1875, ,,CAN_DIA_ByPost_1875,by_post
1,Gananoque,GananoqueOntario,44.33,-76.17,1875,Ontario,,CAN_DIA_ByPost_1875,by_post
1,Fort Francis,Fort FrancesOntario,48.616667,-93.4,1875,Manitoba,,CAN_DIA_ByPost_1875,by_post
1,Sarnia,SarniaOntario,42.999444,-82.308889,1875,Ontario,,CAN_DIA_ByPost_1875,by_post
1,Roberval,RobervalQuebec,48.516667,-72.233333,1875,Quebec,,CAN_DIA_ByPost_1875,by_post
1,Port Hood,Port HoodNova Scotia,46.016667,-61.533333,1875,Nova Scotia,,CAN_DIA_ByPost_1875,by_post
1,Pierreville,PierrevilleQuebec,46.066667,-72.816667,1875,Quebec,,CAN_DIA_ByPost_1875,by_post
1,Red Island,Red IslandNova Scotia,45.762014,-60.744094,1875,Nova Scotia,,CAN_DIA_ByPost_1875,by_post
1,Pictou,PictonNova Scotia,45.681389,-62.711944,1875,Nova Scotia,,CAN_DIA_ByPost_1875,by_post
1,Victoria,VictoriaBritish Columbia,48.422,-123.365,1875,British Columbia,,CAN_DIA_ByPost_1875,by_post
1,Sault Ste. Marie,Sault Ste MarieOntario,46.533333,-84.35,1875, ,,CAN_DIA_ByPost_1875,by_post
1,Shannonville,ShannonvilleOntario,44.2637,-77.2304,1875,Ontario,,CAN_DIA_ByPost_1875,by_post
1,Ste. Epiphanie,Ste. EpiphanieQuebec,45.85,-73.483333,1875,Quebec,,CAN_DIA_ByPost_1875,by_post
16,Ottawa,OttawaOntario,45.416667,-75.683333,1880,Ontario,,CAN_DIA_ByPost_1880,by_post
3,Nil,Nil,0.0,0.0,1880,Manitoba and Keewatin,,CAN_DIA_ByPost_1880,by_post
3,"Manitowaning, Manitoulin Island",ManitowaningOntario,45.733333,-81.8,1880,Ontario,,CAN_DIA_ByPost_1880,by_post
3,Winnipeg,WinnipegManitoba,49.899444,-97.139167,1880,Manitoba and Keewatin,,CAN_DIA_ByPost_1880,by_post
2,Fredericton,FrecerictonNew Brunswick,45.95,-66.666667,1880,New Brunswick,,CAN_DIA_ByPost_1880,by_post
2,Brantford,BrantfordOntario,43.166667,-80.25,1880,Ontario,,CAN_DIA_ByPost_1880,by_post
2,Bird Tail Creek,Bird Tail CreekManitoba and Keewatin,50.269444,-101.167222,1880,Manitoba and Keewatin,,CAN_DIA_ByPost_1880,by_post
2,Fort Francis,Fort FrancesOntario,48.616667,-93.4,1880,Manitoba and Keewatin,,CAN_DIA_ByPost_1880,by_post
2,Duck Lake,Duck LakeSaskatchewan,52.816667,-106.233333,1880,Manitoba and Keewatin,,CAN_DIA_ByPost_1880,by_post
2,Nil,"Near Grenadier Island, Ontario",44.407778,-75.8725,1880,Ontario,,CAN_DIA_ByPost_1880,by_post
2,Toronto,TorontoOntario,43.7,-79.4,1880,Ontario,,CAN_DIA_ByPost_1880,by_post
2,Qu'Apelle,"Qu'AppelleManitoba, Keewatin and North-West Territories",50.541,-103.874,1880,Manitoba and Keewatin,,CAN_DIA_ByPost_1880,by_post
2,St. Francois du Lac,St. Francois du LacQuebec,46.066667,-72.833333,1880,Quebec,,CAN_DIA_ByPost_1880,by_post
1,Chester,ChesterNova Scotia,44.540278,-64.239722,1880,Nova Scotia,,CAN_DIA_ByPost_1880,by_post
1,Christmas Island,Christmas IslandNova Scotia,45.972311,-60.748333,1880,Nova Scotia,,CAN_DIA_ByPost_1880,by_post
1,Canning,CanningNova Scotia,45.157917,-64.424167,1880,Nova Scotia,,CAN_DIA_ByPost_1880,by_post
1,Caughnawaga,CaughnawagaQuebec,45.416667,-73.683333,1880,Quebec,,CAN_DIA_ByPost_1880,by_post
1,Carlton,"CarltonNorth-West Territories, Manitoba and Keewatin",52.813,-106.489,1880,Manitoba and Keewatin,,CAN_DIA_ByPost_1880,by_post
1,Chatham,ChathamNew Brunswick,47.033,-65.433,1880,New Brunswick,,CAN_DIA_ByPost_1880,by_post
1,Dundee,DundeeQuebec,45.02,-74.48,1880,Quebec,,CAN_DIA_ByPost_1880,by_post
1,Eagle Hills,Eagle HillsManitoba and Keewatin,51.826944,-114.38,1880,Manitoba and Keewatin,,CAN_DIA_ByPost_1880,by_post
1,Eganville,EganvilleOntario,45.533333,-77.1,1880,Ontario,,CAN_DIA_ByPost_1880,by_post
1,Edmonton,EdmontonAlberta,53.533333,-113.5,1880,Manitoba and Keewatin,,CAN_DIA_ByPost_1880,by_post
1,Cote's Reserve,"CoteManitoba, Keewatin and Northwest Territories",51.565,-101.894722,1880,Manitoba and Keewatin,,CAN_DIA_ByPost_1880,by_post
1,Crooked Lake,"Crooked LakesNorth-West Territories, Manitoba and Keewatin",50.443889,-101.319722,1880,Manitoba and Keewatin,,CAN_DIA_ByPost_1880,by_post
1,Cockburn Island,Cockburn IslandOntario,45.916667,-83.383333,1880,Ontario,,CAN_DIA_ByPost_1880,by_post
1,Cypress Hills,Cypress HillsNorth-West Territories,49.63,-110.359444,1880,Manitoba and Keewatin,,CAN_DIA_ByPost_1880,by_post
1,Battle River,"Battle RiverNorth-West Territories, Manitoba and Keewatin",52.711667,-108.253611,1880,Manitoba and Keewatin,,CAN_DIA_ByPost_1880,by_post
1,Battleford,BattlefordSaskatchewan,52.738333,-108.315278,1880,Manitoba and Keewatin,,CAN_DIA_ByPost_1880,by_post
1,Parrsboro,ParrsboroNova Scotia,45.405833,-64.325833,1880,Nova Scotia,,CAN_DIA_ByPost_1880,by_post
1,On the Island,On the IslandOntario,44.369247,-75.910864,1880,Ontario,,CAN_DIA_ByPost_1880,by_post
1,Bedford,BedfordNova Scotia,44.73212,-63.65676,1880,Nova Scotia,,CAN_DIA_ByPost_1880,by_post
1,Bear River,Bear RiverNova Scotia,44.572222,-65.643889,1880,Nova Scotia,,CAN_DIA_ByPost_1880,by_post
1,Bear Hill,Bear HillManitoba and Keewatin,52.826667,-113.451667,1880,Manitoba and Keewatin,,CAN_DIA_ByPost_1880,by_post
1,Assabaskasing,AssabaskasingManitoba and Keewatin,0.0,0.0,1880,Manitoba and Keewatin,,CAN_DIA_ByPost_1880,by_post
1,Antigonish,AntigonishNova Scotia,45.626522,-61.998253,1880,Nova Scotia,,CAN_DIA_ByPost_1880,by_post
1,Bruce Mines,Bruce MinesOntario,46.283333,-83.783333,1880,Ontario,,CAN_DIA_ByPost_1880,by_post
1,Caledonia,CaledoniaNova Scotia,44.378889,-65.032222,1880,Nova Scotia,,CAN_DIA_ByPost_1880,by_post
1,Betsiamets,BetsiamitsQuebec,48.95,-68.65,1880,Quebec,,CAN_DIA_ByPost_1880,by_post
1,Blood Reserve,Blood ReserveManitoba and Keewatin,49.48,-112.99,1880,Manitoba and Keewatin,,CAN_DIA_ByPost_1880,by_post
1,Oak Point,Oak PointNew Brunswick,47.099,-65.348,1880,New Brunswick,,CAN_DIA_ByPost_1880,by_post
1,Oak Point,Oak PointManitoba and Keewatin,50.4986,-98.0069,1880,Manitoba and Keewatin,,CAN_DIA_ByPost_1880,by_post
1,Oka,OkaQuebec,45.466667,-74.083333,1880,Quebec,,CAN_DIA_ByPost_1880,by_post
1,Blackfoot Crossing,Blackfoot CrossingManitoba and Keewatin,50.8041,-112.9064,1880,Manitoba and Keewatin,,CAN_DIA_ByPost_1880,by_post
1,Lennox Island,Lennox IslandPrince Edward Island,46.613889,-63.853889,1880,Prince Edward Island,,CAN_DIA_ByPost_1880,by_post
1,Emerson,EmersonManitoba and Keewatin,49.006944,-97.214722,1880,Manitoba and Keewatin,,CAN_DIA_ByPost_1880,by_post
1,Lorette,LoretteQuebec,46.861472,-71.357111,1880,Quebec,,CAN_DIA_ByPost_1880,by_post
1,Lac St. Jean,Lac St. JeanQuebec,48.594444,-72.03,1880,Quebec,,CAN_DIA_ByPost_1880,by_post
1,Lac la Noune,Lac La NonneNorth-West Territories,53.937222,-114.319722,1880,Manitoba and Keewatin,,CAN_DIA_ByPost_1880,by_post
1,Lac des Mille Lacs,Lac des Mille LacsManitoba and Keewatin,48.849167,-90.510556,1880,Manitoba and Keewatin,,CAN_DIA_ByPost_1880,by_post
1,New Westminster,New WestminsterBritish Columbia,49.206944,-122.911111,1880,British Columbia,,CAN_DIA_ByPost_1880,by_post
1,Morleyville,MorleyvilleManitoba and Keewatin,51.16153,-114.85095,1880,Manitoba and Keewatin,,CAN_DIA_ByPost_1880,by_post
1,Newcastle,NewcastleNew Brunswick,46.983,-65.567,1880,New Brunswick,,CAN_DIA_ByPost_1880,by_post
1,Maniwaki,ManiwakiQuebec,46.375,-75.966667,1880,Quebec,,CAN_DIA_ByPost_1880,by_post
1,Mill Point,Mill PointOntario,44.2,-77.05,1880,Ontario,,CAN_DIA_ByPost_1880,by_post
1,Frog Lake,Frog LakeNorth-West Territories,53.831389,-110.401389,1880,Manitoba and Keewatin,,CAN_DIA_ByPost_1880,by_post
1,Fort Walsh,Fort WalshManitoba and Keewatin,49.572747,-109.881456,1880,Manitoba and Keewatin,,CAN_DIA_ByPost_1880,by_post
1,Gananoque,GananoqueOntario,44.33,-76.17,1880,Ontario,,CAN_DIA_ByPost_1880,by_post
1,Fish Creek,"Fish CreekNorth-West Territories, Manitoba and Keewatin",52.55,-106.167222,1880,Manitoba and Keewatin,,CAN_DIA_ByPost_1880,by_post
1,File Hills,"File HillsNorth-West Territories, Manitoba and Keewatin",50.8,-103.55,1880,Manitoba and Keewatin,,CAN_DIA_ByPost_1880,by_post
1,Fort Pitt,Fort PittNorth-West Territories,53.572,-109.792,1880,Manitoba and Keewatin,,CAN_DIA_ByPost_1880,by_post
1,Fort McLeod,Fort MacLeodAlberta,49.725583,-113.397528,1880,Manitoba and Keewatin,,CAN_DIA_ByPost_1880,by_post
1,Highgate,HighgateOntario,42.5009,-81.8166,1880,Ontario,,CAN_DIA_ByPost_1880,by_post
1,Jack Fish Creek,Jack Fish CreekManitoba and Keewatin,50.21704,-97.220694,1880,Manitoba and Keewatin,,CAN_DIA_ByPost_1880,by_post
1,Grand Rapids,"Grand RapidsNorth-West Territories, Manitoba and Keewatin",53.208333,-99.3,1880,Manitoba and Keewatin,,CAN_DIA_ByPost_1880,by_post
1,Grand Narrowas,Grand NarrowsNova Scotia,45.95,-60.783333,1880,Nova Scotia,,CAN_DIA_ByPost_1880,by_post
1,Gore Bay,Gore BayOntario,45.916667,-82.466667,1880,Ontario,,CAN_DIA_ByPost_1880,by_post
1,Renous Bridge,Renous BridgeNew Brunswick,46.813667,-65.793972,1880,New Brunswick,,CAN_DIA_ByPost_1880,by_post
1,Saddle Lake,Saddle LakeAlberta,53.968333,-111.691944,1880,Manitoba and Keewatin,,CAN_DIA_ByPost_1880,by_post
1,River Inhabitants,County InvernessNova Scotia,46.2,-61.1,1880,Nova Scotia,,CAN_DIA_ByPost_1880,by_post
1,Riviere du Loup,Riviere du LoupQuebec,47.833333,-69.533333,1880,Quebec,,CAN_DIA_ByPost_1880,by_post
1,Portage la Prairie,Portage la PrairieManitoba,49.972778,-98.291944,1880,Manitoba and Keewatin,,CAN_DIA_ByPost_1880,by_post
1,Pincher Creek,Pincher CreekAlberta,49.486111,-113.95,1880,Manitoba and Keewatin,,CAN_DIA_ByPost_1880,by_post
1,Piegan Reserve,Peigan ReserveManitoba and Keewatin,49.583333,-113.666667,1880,Manitoba and Keewatin,,CAN_DIA_ByPost_1880,by_post
1,Perth,PerthNew Brunswick,46.73927,-67.6984,1880,New Brunswick,,CAN_DIA_ByPost_1880,by_post
1,Red Island,Red IslandNova Scotia,45.762014,-60.744094,1880,Nova Scotia,,CAN_DIA_ByPost_1880,by_post
1,Prince Arthur's Landing,Prince Arthur's LandingOntario,48.45,-89.23,1880,Ontario,,CAN_DIA_ByPost_1880,by_post
1,Prince Albert,Prince AlbertSaskatchewan,53.2,-105.75,1880,Manitoba and Keewatin,,CAN_DIA_ByPost_1880,by_post
1,Pictou,PictonNova Scotia,45.681389,-62.711944,1880,Nova Scotia,,CAN_DIA_ByPost_1880,by_post
1,Tobique,TobiqueNew Brunswick,46.8,-67.6,1880,New Brunswick,,CAN_DIA_ByPost_1880,by_post
1,Truro,TruroNova Scotia,45.364722,-63.28,1880,Nova Scotia,,CAN_DIA_ByPost_1880,by_post
1,Touchwood Hills,Touchwood HillsManitoba and Keewatin,51.416667,-104.25,1880,Manitoba and Keewatin,,CAN_DIA_ByPost_1880,by_post
1,Victoria,VictoriaBritish Columbia,48.422,-123.365,1880,British Columbia,,CAN_DIA_ByPost_1880,by_post
1,Wiarton,WiartonOntario,44.743611,-81.140833,1880,Ontario,,CAN_DIA_ByPost_1880,by_post
1,Shoal Lake,Shoal LakeNorth-West Territories,50.437778,-100.591111,1880,Manitoba and Keewatin,,CAN_DIA_ByPost_1880,by_post
1,Shubenacadie,ShubenacadieNova Scotia,45.139883,-63.417547,1880,Nova Scotia,,CAN_DIA_ByPost_1880,by_post
1,Sault Ste. Marie,Sault Ste MarieOntario,46.533333,-84.35,1880,Ontario,,CAN_DIA_ByPost_1880,by_post
1,Shannonville,ShannonvilleOntario,44.2637,-77.2304,1880,Ontario,,CAN_DIA_ByPost_1880,by_post
1,Strathroy,StrathroyOntario,42.9575,-81.616667,1880,Ontario,,CAN_DIA_ByPost_1880,by_post
1,St. Peters,St. PetersManitoba and the NorthWest,50.182491,-96.839338,1880,Manitoba and Keewatin,,CAN_DIA_ByPost_1880,by_post
1,St. Regis,St. RegisQuebec,44.971111,-74.641944,1880,Quebec,,CAN_DIA_ByPost_1880,by_post
1,Nil,AlnwickOntario,44.08333,-78.03333,1885,Ontario and Quebec,,CAN_DIA_ByPost_1885,by_post
1,Nil,AnderdonOntario,42.14887,-83.10744,1885,Ontario and Quebec,,CAN_DIA_ByPost_1885,by_post
1,Annapolis,AnnapolisNova Scotia,44.74167,-65.51528,1885,Nova Scotia,,CAN_DIA_ByPost_1885,by_post
1,Antigonish,AntigonishNova Scotia,45.62652,-61.99825,1885,Nova Scotia,,CAN_DIA_ByPost_1885,by_post
1,Assiniboine Reserve,"Assiniboine ReserveNorth-West Territories, Manitoba and Keewatin",50.44547,-103.39221,1885,"North-West Territories, Manitoba and Keewatin",,CAN_DIA_ByPost_1885,by_post
1,Baby's Point,Baby's PointOntario and Quebec,43.6575,-79.4925,1885,Ontario and Quebec,,CAN_DIA_ByPost_1885,by_post
1,Battle River,"Battle RiverNorth-West Territories, Manitoba and Keewatin",52.71167,-108.25361,1885,"North-West Territories, Manitoba and Keewatin",,CAN_DIA_ByPost_1885,by_post
2,Battleford,BattlefordSaskatchewan,52.73833,-108.31528,1885,"North-West Territories, Manitoba and Keewatin",,CAN_DIA_ByPost_1885,by_post
2,Nil,Bay of QuinteOntario,44.15,-77.25,1885,Ontario and Quebec,,CAN_DIA_ByPost_1885,by_post
1,Bear River,Bear RiverNova Scotia,44.57222,-65.64389,1885,Nova Scotia,,CAN_DIA_ByPost_1885,by_post
1,Nil,BeausoleilOntario,44.87,-79.86833,1885,Ontario and Quebec,,CAN_DIA_ByPost_1885,by_post
1,Bedford,BedfordNova Scotia,44.73212,-63.65676,1885,Nova Scotia,,CAN_DIA_ByPost_1885,by_post
1,Betsiamits,BetsiamitsQuebec,48.95,-68.65,1885,Quebec,,CAN_DIA_ByPost_1885,by_post
1,Big Cove,Big CoveNew Brunswick,46.59667,-64.98056,1885,New Brunswick,,CAN_DIA_ByPost_1885,by_post
1,Birtle,BirtleManitoba,50.4225,-101.0475,1885,"North-West Territories, Manitoba and Keewatin",,CAN_DIA_ByPost_1885,by_post
1,Blackfoot Crossing,Blackfoot CrossingManitoba and Keewatin,50.8041,-112.9064,1885,"North-West Territories, Manitoba and Keewatin",,CAN_DIA_ByPost_1885,by_post
1,Blood Reserve,Blood ReserveManitoba and Keewatin,49.48,-112.99,1885,"North-West Territories, Manitoba and Keewatin",,CAN_DIA_ByPost_1885,by_post
2,Brantford,BrantfordOntario,43.16667,-80.25,1885,Ontario,,CAN_DIA_ByPost_1885,by_post
1,Bruce Mines,Bruce MinesOntario,46.28333,-83.78333,1885,Ontario,,CAN_DIA_ByPost_1885,by_post
1,Caledonia,CaledoniaNova Scotia,44.37889,-65.03222,1885,Nova Scotia,,CAN_DIA_ByPost_1885,by_post
1,Canning,CanningNova Scotia,45.15792,-64.42417,1885,Nova Scotia,,CAN_DIA_ByPost_1885,by_post
1,Cape Croker,Cape CrokerOntario,44.90828,-81.02263,1885,Ontario,,CAN_DIA_ByPost_1885,by_post
2,Carlton,"CarltonNorth-West Territories, Manitoba and Keewatin",52.813,-106.489,1885,"North-West Territories, Manitoba and Keewatin",,CAN_DIA_ByPost_1885,by_post
1,Caughnawaga,CaughnawagaQuebec,45.41667,-73.68333,1885,Quebec,,CAN_DIA_ByPost_1885,by_post
1,Chatham,ChathamNew Brunswick,47.033,-65.433,1885,New Brunswick,,CAN_DIA_ByPost_1885,by_post
1,Nil,chippewas of thamesOntario,42.83333,-81.48333,1885,Ontario and Quebec,,CAN_DIA_ByPost_1885,by_post
1,Christmas Island,Christmas IslandNova Scotia,45.97231,-60.74833,1885,Nova Scotia,,CAN_DIA_ByPost_1885,by_post
1,Cockburn Island,Cockburn IslandOntario,45.91667,-83.38333,1885,Ontario,,CAN_DIA_ByPost_1885,by_post
1,River Inhabitants,County InvernessNova Scotia,46.2,-61.1,1885,Nova Scotia,,CAN_DIA_ByPost_1885,by_post
2,Nil,County of KentNew Brunswick,46.58333,-64.8,1885,New Brunswick,,CAN_DIA_ByPost_1885,by_post
2,Nil,County of NorthumberlandNew Brunswick,47.03333,-65.58333,1885,New Brunswick,,CAN_DIA_ByPost_1885,by_post
1,Cowichan,CowichanBritish Columbia,48.75,-123.6,1885,British Columbia,,CAN_DIA_ByPost_1885,by_post
1,Crooked Lakes,"Crooked LakesNorth-West Territories, Manitoba and Keewatin",50.44389,-101.31972,1885,"North-West Territories, Manitoba and Keewatin",,CAN_DIA_ByPost_1885,by_post
1,Crowfoot's Reserve,"Crowfoot's ReserveNorth-West Territories, Manitoba and Keewatin",50.803,-112.906,1885,"North-West Territories, Manitoba and Keewatin",,CAN_DIA_ByPost_1885,by_post
1,Deseronto,DeserontoOntario,44.2,-77.05,1885,Ontario,,CAN_DIA_ByPost_1885,by_post
1,Duck Lake,Duck LakeSaskatchewan,52.81667,-106.23333,1885,"North-West Territories, Manitoba and Keewatin",,CAN_DIA_ByPost_1885,by_post
1,Edmonton,EdmontonAlberta,53.53333,-113.5,1885,"North-West Territories, Manitoba and Keewatin",,CAN_DIA_ByPost_1885,by_post
1,Edmunston,EdmundstonNew Brunswick,47.3765,-68.32535,1885,New Brunswick,,CAN_DIA_ByPost_1885,by_post
1,Eganville,EganvilleOntario,45.53333,-77.1,1885,Ontario,,CAN_DIA_ByPost_1885,by_post
1,File Hills,"File HillsNorth-West Territories, Manitoba and Keewatin",50.8,-103.55,1885,"North-West Territories, Manitoba and Keewatin",,CAN_DIA_ByPost_1885,by_post
3,Fort Francis,Fort FrancesOntario,48.61667,-93.4,1885,"North-West Territories, Manitoba and Keewatin",,CAN_DIA_ByPost_1885,by_post
2,Fort Macleod,Fort MacLeodAlberta,49.72558,-113.39753,1885,"North-West Territories, Manitoba and Keewatin",,CAN_DIA_ByPost_1885,by_post
1,Fort Pitt,Fort PittNorth-West Territories,53.572,-109.792,1885,"North-West Territories, Manitoba and Keewatin",,CAN_DIA_ByPost_1885,by_post
1,Fraser River,Fraser RiverBritish Columbia,49.17778,-123.2125,1885,British Columbia,,CAN_DIA_ByPost_1885,by_post
2,Fredericton,FrecerictonNew Brunswick,45.95,-66.66667,1885,New Brunswick,,CAN_DIA_ByPost_1885,by_post
1,Gananoque,GananoqueOntario,44.33,-76.17,1885,Ontario,,CAN_DIA_ByPost_1885,by_post
1,Nil,Garden RiverOntario,46.52972,-84.15889,1885,Ontario and Quebec,,CAN_DIA_ByPost_1885,by_post
1,Nil,GaspeQuebec,48.83333,-64.48333,1885,Ontario and Quebec,,CAN_DIA_ByPost_1885,by_post
1,Georgina,GeorginaOntario,44.3,-79.43333,1885,Ontario,,CAN_DIA_ByPost_1885,by_post
1,Gore Bay,Gore BayOntario,45.91667,-82.46667,1885,Ontario,,CAN_DIA_ByPost_1885,by_post
1,Gore's Landing,Gore's LandingOntario,44.11907,-78.23333,1885,Ontario,,CAN_DIA_ByPost_1885,by_post
1,Grand Narrows,Grand NarrowsNova Scotia,45.95,-60.78333,1885,Nova Scotia,,CAN_DIA_ByPost_1885,by_post
1,Grand Rapids,"Grand RapidsNorth-West Territories, Manitoba and Keewatin",53.20833,-99.3,1885,"North-West Territories, Manitoba and Keewatin",,CAN_DIA_ByPost_1885,by_post
1,High River,"High RiverNorth-West Territories, Manitoba and Keewatin",50.58075,-113.87444,1885,"North-West Territories, Manitoba and Keewatin",,CAN_DIA_ByPost_1885,by_post
1,Highgate,HighgateOntario,42.5009,-81.8166,1885,Ontario,,CAN_DIA_ByPost_1885,by_post
2,Indian Head,"Indian HeadNorthwest Territories, Manitoba and Keewatin",50.53333,-103.66667,1885,"North-West Territories, Manitoba and Keewatin",,CAN_DIA_ByPost_1885,by_post
1,Jack Fish Creek,Jack Fish CreekManitoba and Keewatin,50.21704,-97.22069,1885,"North-West Territories, Manitoba and Keewatin",,CAN_DIA_ByPost_1885,by_post
1,Kamloops,KamloopsBritish Columbia,50.67611,-120.34083,1885,British Columbia,,CAN_DIA_ByPost_1885,by_post
1,Kwawkewlth,KwawkewithBritish Columbia,0.0,0.0,1885,British Columbia,,CAN_DIA_ByPost_1885,by_post
1,Lac la Nonne,Lac La NonneNorth-West Territories,53.93722,-114.31972,1885,"North-West Territories, Manitoba and Keewatin",,CAN_DIA_ByPost_1885,by_post
1,Lennox Island,Lennox IslandPrince Edward Island,46.61389,-63.85389,1885,Prince Edward Island,,CAN_DIA_ByPost_1885,by_post
1,Lorette,LoretteQuebec,46.86147,-71.35711,1885,Ontario and Quebec,,CAN_DIA_ByPost_1885,by_post
1,Manitoba House,Manitoba HouseNorth-West Territories,50.86667,-98.85889,1885,"North-West Territories, Manitoba and Keewatin",,CAN_DIA_ByPost_1885,by_post
1,Nil,Manitoulin IslandOntario,45.76667,-82.2,1885,Ontario and Quebec,,CAN_DIA_ByPost_1885,by_post
2,Manitowaning,ManitowaningOntario,45.73333,-81.8,1885,Ontario,,CAN_DIA_ByPost_1885,by_post
1,Maniwaki,ManiwakiQuebec,46.375,-75.96667,1885,Quebec,,CAN_DIA_ByPost_1885,by_post
1,Maria,MariaQuebec,48.16667,-65.98333,1885,Quebec,,CAN_DIA_ByPost_1885,by_post
1,Nil,Mississaguas of the CreditOntario,43.0,-80.1,1885,Ontario and Quebec,,CAN_DIA_ByPost_1885,by_post
1,Moose Mountain,"Moose MountainNorth-West Territories, Manitoba and Keewatin",49.82111,-102.37611,1885,"North-West Territories, Manitoba and Keewatin",,CAN_DIA_ByPost_1885,by_post
1,Morleyville,MorleyvilleManitoba and Keewatin,51.16153,-114.85095,1885,"North-West Territories, Manitoba and Keewatin",,CAN_DIA_ByPost_1885,by_post
1,Munceytown,MunceytownOntario,42.8,-81.48333,1885,Ontario and Quebec,,CAN_DIA_ByPost_1885,by_post
1,Nil,NawashOntario,44.90828,-81.02263,1885,Ontario and Quebec,,CAN_DIA_ByPost_1885,by_post
1,Newcastle,NewcastleNew Brunswick,46.983,-65.567,1885,New Brunswick,,CAN_DIA_ByPost_1885,by_post
2,Nil,Nil,0.0,0.0,1885,Prince Edward Island,,CAN_DIA_ByPost_1885,by_post
2,Nil,Nil,0.0,0.0,1885,Ontario,,CAN_DIA_ByPost_1885,by_post
1,Oak Point,Oak PointNew Brunswick,47.099,-65.348,1885,New Brunswick,,CAN_DIA_ByPost_1885,by_post
1,Okanagan (appointed provisionally),OkanaganBritish Columbia,49.74778,-119.71722,1885,British Columbia,,CAN_DIA_ByPost_1885,by_post
1,Old Sun's Reserve,"Old Sun's ReserveNorth-West Territories, Manitoba and Keewatin",50.86611,-113.05472,1885,"North-West Territories, Manitoba and Keewatin",,CAN_DIA_ByPost_1885,by_post
1,On the Islands,On the IslandOntario,44.36925,-75.91086,1885,Ontario,,CAN_DIA_ByPost_1885,by_post
1,Nil,Oneidas of the Thames Ontario,42.81667,-81.4,1885,Ontario and Quebec,,CAN_DIA_ByPost_1885,by_post
39,Ottawa,OttawaOntario,45.41667,-75.68333,1885,Ontario,,CAN_DIA_ByPost_1885,by_post
1,Parrsboro',ParrsboroNova Scotia,45.40583,-64.32583,1885,Nova Scotia,,CAN_DIA_ByPost_1885,by_post
1,Parry Sound,Parry IslandOntario,45.28333,-80.15,1885,Ontario,,CAN_DIA_ByPost_1885,by_post
1,Peace Hills,"Peace HillsNorth-West Territories, Manitoba and Keewatin",52.88009,-113.46331,1885,"North-West Territories, Manitoba and Keewatin",,CAN_DIA_ByPost_1885,by_post
1,Piegan Reserve,Peigan ReserveManitoba and Keewatin,49.58333,-113.66667,1885,"North-West Territories, Manitoba and Keewatin",,CAN_DIA_ByPost_1885,by_post
1,Pentanguishene,PenetanguisheneOntario,44.76667,-79.93333,1885,Ontario,,CAN_DIA_ByPost_1885,by_post
1,Perth,PerthNew Brunswick,46.73927,-67.6984,1885,New Brunswick,,CAN_DIA_ByPost_1885,by_post
2,Pictou,PictonNova Scotia,45.68139,-62.71194,1885,Nova Scotia,,CAN_DIA_ByPost_1885,by_post
2,Pierreville,PierrevilleQuebec,46.06667,-72.81667,1885,Ontario and Quebec,,CAN_DIA_ByPost_1885,by_post
1,Pierreville,PierrevilleQuebec,46.06667,-72.81667,1885,Quebec,,CAN_DIA_ByPost_1885,by_post
1,Point Bleue,Pointe BleueQuebec,48.56667,-72.23333,1885,Quebec,,CAN_DIA_ByPost_1885,by_post
1,Port Simpson,Port RenfrewBritish Columbia,48.55861,-124.39916,1885,British Columbia,,CAN_DIA_ByPost_1885,by_post
1,Portage la Prairie,Portage la PrairieManitoba,49.97278,-98.29194,1885,"North-West Territories, Manitoba and Keewatin",,CAN_DIA_ByPost_1885,by_post
1,Prince Arthur's Landing,Prince Arthur's LandingOntario,48.45,-89.23,1885,"North-West Territories, Manitoba and Keewatin",,CAN_DIA_ByPost_1885,by_post
1,Prince Arthur's Landing,Prince Arthur's LandingOntario,48.45,-89.23,1885,Ontario,,CAN_DIA_ByPost_1885,by_post
1,Qu'Appelle,"Qu'AppelleManitoba, Keewatin and North-West Territories",50.541,-103.874,1885,"North-West Territories, Manitoba and Keewatin",,CAN_DIA_ByPost_1885,by_post
1,Nil,RamaOntario,44.70273,-79.33959,1885,Ontario and Quebec,,CAN_DIA_ByPost_1885,by_post
1,Red Island,Red IslandNova Scotia,45.76201,-60.74409,1885,Nova Scotia,,CAN_DIA_ByPost_1885,by_post
1,Red Pheasant's Reserve,Red Pheasant's ReserveSaskatchewan,53.452,-108.91833,1885,"North-West Territories, Manitoba and Keewatin",,CAN_DIA_ByPost_1885,by_post
3,Regina,ReginaSaskatchewan,50.45472,-104.60667,1885,"North-West Territories, Manitoba and Keewatin",,CAN_DIA_ByPost_1885,by_post
1,Nil,ReginaSaskatchewan,50.45472,-104.60667,1885,"North-West Territories, Manitoba and Keewatin",,CAN_DIA_ByPost_1885,by_post
1,Nil,RestigoucheQuebec,48.65806,-65.75278,1885,Ontario and Quebec,,CAN_DIA_ByPost_1885,by_post
1,Restigouche,RestigoucheQuebec,48.65806,-65.75278,1885,Quebec,,CAN_DIA_ByPost_1885,by_post
1,Nil,River DesertQuebec,46.33333,-75.96667,1885,Ontario and Quebec,,CAN_DIA_ByPost_1885,by_post
1,Riviere du Loup,Riviere du LoupQuebec,47.83333,-69.53333,1885,Quebec,,CAN_DIA_ByPost_1885,by_post
1,Robervale,RobervalQuebec,48.51667,-72.23333,1885,Quebec,,CAN_DIA_ByPost_1885,by_post
1,Roseneath,RoseneathOntario,44.08333,-78.03333,1885,Ontario,,CAN_DIA_ByPost_1885,by_post
1,Saddle Lake,Saddle LakeAlberta,53.96833,-111.69194,1885,"North-West Territories, Manitoba and Keewatin",,CAN_DIA_ByPost_1885,by_post
2,Sarnia,SarniaOntario,42.99944,-82.30889,1885,Ontario,,CAN_DIA_ByPost_1885,by_post
1,Nil,SaugeenOntario,44.43333,-81.36667,1885,Ontario and Quebec,,CAN_DIA_ByPost_1885,by_post
1,Saugeen,SaugeenOntario,44.43333,-81.36667,1885,Ontario,,CAN_DIA_ByPost_1885,by_post
1,Sault Ste. Marie,Sault Ste MarieOntario,46.53333,-84.35,1885,Ontario,,CAN_DIA_ByPost_1885,by_post
1,Scugog,ScugogOntario,44.09,-78.936,1885,Ontario,,CAN_DIA_ByPost_1885,by_post
1,Shannonville,ShannonvilleOntario,44.2637,-77.2304,1885,Ontario,,CAN_DIA_ByPost_1885,by_post
1,Shubenacadie,ShubenacadieNova Scotia,45.13988,-63.41755,1885,Nova Scotia,,CAN_DIA_ByPost_1885,by_post
1,Sidney,SidneyNova Scotia,46.13631,-60.19551,1885,Nova Scotia,,CAN_DIA_ByPost_1885,by_post
2,Nil,Six Nations Ontario,43.05111,-80.1225,1885,Ontario and Quebec,,CAN_DIA_ByPost_1885,by_post
1,St. Peters,St. PetersManitoba and the NorthWest,50.18249,-96.83934,1885,"North-West Territories, Manitoba and Keewatin",,CAN_DIA_ByPost_1885,by_post
1,St. Regis,St. RegisQuebec,44.97111,-74.64194,1885,Ontario and Quebec,,CAN_DIA_ByPost_1885,by_post
1,St. Regis,St. RegisQuebec,44.97111,-74.64194,1885,Quebec,,CAN_DIA_ByPost_1885,by_post
1,Strathroy,StrathroyOntario,42.9575,-81.61667,1885,Ontario,,CAN_DIA_ByPost_1885,by_post
1,Tadousac,TadousacQuebec,48.15,-69.71667,1885,Quebec,,CAN_DIA_ByPost_1885,by_post
1,The Pas,The PasSaskatchewan,53.825,-101.25333,1885,"North-West Territories, Manitoba and Keewatin",,CAN_DIA_ByPost_1885,by_post
1,Thunder Child and Napahase Reserve,"Thunder Child and Napahase ReserveNorth-West Territories, Manitoba and Keewatin",53.47444,-108.87917,1885,"North-West Territories, Manitoba and Keewatin",,CAN_DIA_ByPost_1885,by_post
1,Tobique,TobiqueNew Brunswick,46.8,-67.6,1885,New Brunswick,,CAN_DIA_ByPost_1885,by_post
1,Touchwood Hills,Touchwood HillsManitoba and Keewatin,51.41667,-104.25,1885,"North-West Territories, Manitoba and Keewatin",,CAN_DIA_ByPost_1885,by_post
1,Truro,TruroNova Scotia,45.36472,-63.28,1885,Nova Scotia,,CAN_DIA_ByPost_1885,by_post
1,Tyendinaga,TyendinagaOntario and Quebec,44.19167,-77.13333,1885,Ontario and Quebec,,CAN_DIA_ByPost_1885,by_post
1,Uptergrove,UptergroveOntario,44.59987,-79.32058,1885,Ontario,,CAN_DIA_ByPost_1885,by_post
2,Victoria,VictoriaBritish Columbia,48.422,-123.365,1885,British Columbia,,CAN_DIA_ByPost_1885,by_post
1,Wallaceburgh,WallaceburgOntario,42.59472,-82.38417,1885,Ontario,,CAN_DIA_ByPost_1885,by_post
1,West Coast,West CoastBritish Columbia,0.0,0.0,1885,British Columbia,,CAN_DIA_ByPost_1885,by_post
1,Wiarton,WiartonOntario,44.74361,-81.14083,1885,Ontario,,CAN_DIA_ByPost_1885,by_post
1,Williams Lake,Williams LakeBritish Columbia,52.12944,-122.13833,1885,British Columbia,,CAN_DIA_ByPost_1885,by_post
3,Winnipeg,WinnipegManitoba,49.89944,-97.13917,1885,"North-West Territories, Manitoba and Keewatin",,CAN_DIA_ByPost_1885,by_post
1,Nil,AlnwickOntario,44.08333,-78.03333,1890,Ontario and Quebec,,CAN_DIA_ByPost_1890,by_post
1,Nil,AnderdonOntario,42.14887,-83.10744,1890,Ontario and Quebec,,CAN_DIA_ByPost_1890,by_post
1,Annapolis,AnnapolisNova Scotia,44.74167,-65.51528,1890,Nova Scotia,,CAN_DIA_ByPost_1890,by_post
1,Antigonish,AntigonishNova Scotia,45.62652,-61.99825,1890,Nova Scotia,,CAN_DIA_ByPost_1890,by_post
2,Nil,"Assiniboine ReserveNorth-West Territories, Manitoba and Keewatin",50.44547,-103.39221,1890,"North-West Territories, Manitoba and Keewatin",,CAN_DIA_ByPost_1890,by_post
1,Babine,BabineBritish Columbia,55.31806,-126.62222,1890,British Columbia,,CAN_DIA_ByPost_1890,by_post
1,Baby's Point,Baby's PointOntario and Quebec,43.6575,-79.4925,1890,Ontario and Quebec,,CAN_DIA_ByPost_1890,by_post
1,Barrington Head,Barrington HeadNova Scotia,43.56833,-65.57722,1890,Nova Scotia,,CAN_DIA_ByPost_1890,by_post
20,Battleford,BattlefordSaskatchewan,52.73833,-108.31528,1890,"North-West Territories, Manitoba and Keewatin",,CAN_DIA_ByPost_1890,by_post
2,Nil,Bay of QuinteOntario,44.15,-77.25,1890,Ontario and Quebec,,CAN_DIA_ByPost_1890,by_post
1,Bear River,Bear RiverNova Scotia,44.57222,-65.64389,1890,Nova Scotia,,CAN_DIA_ByPost_1890,by_post
1,Nil,BeausoleilOntario,44.87,-79.86833,1890,Ontario and Quebec,,CAN_DIA_ByPost_1890,by_post
1,Bedford,BedfordNova Scotia,44.73212,-63.65676,1890,Nova Scotia,,CAN_DIA_ByPost_1890,by_post
1,Betsiamits,BetsiamitsQuebec,48.95,-68.65,1890,Quebec,,CAN_DIA_ByPost_1890,by_post
1,Big Cove & Indian Island,Big CoveNew Brunswick,46.59667,-64.98056,1890,New Brunswick,,CAN_DIA_ByPost_1890,by_post
1,Big Cove,Big CoveNew Brunswick,46.59667,-64.98056,1890,New Brunswick,,CAN_DIA_ByPost_1890,by_post
3,Birtle,BirtleManitoba,50.4225,-101.0475,1890,"North-West Territories, Manitoba and Keewatin",,CAN_DIA_ByPost_1890,by_post
7,Blackfoot Reserve,"Blackfoot ReserveNorth-West Territories, Manitoba and Keewatin",50.803,-112.906,1890,"North-West Territories, Manitoba and Keewatin",,CAN_DIA_ByPost_1890,by_post
10,Blood Agency,"Blood AgencyNorth-West Territories, Manitoba and Keewatin",49.5,-113.2,1890,"North-West Territories, Manitoba and Keewatin",,CAN_DIA_ByPost_1890,by_post
1,Bouctouche,BouctoucheNew Brunswick,46.4719,-64.7249,1890,New Brunswick,,CAN_DIA_ByPost_1890,by_post
2,Brantford,BrantfordOntario,43.16667,-80.25,1890,Ontario,,CAN_DIA_ByPost_1890,by_post
1,Bruce Mines,Bruce MinesOntario,46.28333,-83.78333,1890,Ontario,,CAN_DIA_ByPost_1890,by_post
1,Caledonia,CaledoniaNova Scotia,44.37889,-65.03222,1890,Nova Scotia,,CAN_DIA_ByPost_1890,by_post
3,Calgary,CalgaryAlberta,51.05,-114.06667,1890,"North-West Territories, Manitoba and Keewatin",,CAN_DIA_ByPost_1890,by_post
1,Canning,CanningNova Scotia,45.15792,-64.42417,1890,Nova Scotia,,CAN_DIA_ByPost_1890,by_post
1,Cape Croker,Cape CrokerOntario,44.90828,-81.02263,1890,Ontario,,CAN_DIA_ByPost_1890,by_post
4,Carlton,"CarltonNorth-West Territories, Manitoba and Keewatin",52.813,-106.489,1890,"North-West Territories, Manitoba and Keewatin",,CAN_DIA_ByPost_1890,by_post
1,Caughnawaga,CaughnawagaQuebec,45.41667,-73.68333,1890,Quebec,,CAN_DIA_ByPost_1890,by_post
1,Caughnawaga,CaughnawagaQuebec,45.41667,-73.68333,1890,Ontario and Quebec,,CAN_DIA_ByPost_1890,by_post
1,Chatham,ChathamNew Brunswick,47.033,-65.433,1890,New Brunswick,,CAN_DIA_ByPost_1890,by_post
1,Christmas Island,Christmas IslandNova Scotia,45.97231,-60.74833,1890,Nova Scotia,,CAN_DIA_ByPost_1890,by_post
1,Clandeboye,"ClandeboyeNorth-West Territories, Manitoba and Keewatin",50.2428,-96.9732,1890,"North-West Territories, Manitoba and Keewatin",,CAN_DIA_ByPost_1890,by_post
1,Cockburn Island,Cockburn IslandOntario,45.91667,-83.38333,1890,Ontario,,CAN_DIA_ByPost_1890,by_post
1,River Inhabitants,County InvernessNova Scotia,46.2,-61.1,1890,Nova Scotia,,CAN_DIA_ByPost_1890,by_post
1,Cowichan Agency,Cowichan AgencyBritish Columbia,48.75,-123.6,1890,British Columbia,,CAN_DIA_ByPost_1890,by_post
1,Cowichan,CowichanBritish Columbia,48.75,-123.6,1890,British Columbia,,CAN_DIA_ByPost_1890,by_post
9,Crooked Lakes,"Crooked LakesNorth-West Territories, Manitoba and Keewatin",50.44389,-101.31972,1890,"North-West Territories, Manitoba and Keewatin",,CAN_DIA_ByPost_1890,by_post
1,Deseronto,DeserontoOntario,44.2,-77.05,1890,Ontario,,CAN_DIA_ByPost_1890,by_post
7,Duck Lake,Duck LakeSaskatchewan,52.81667,-106.23333,1890,"North-West Territories, Manitoba and Keewatin",,CAN_DIA_ByPost_1890,by_post
10,Dunbow,"DunbowNorth-West Territories, Manitoba and Keewatin",50.58075,-113.87444,1890,"North-West Territories, Manitoba and Keewatin",,CAN_DIA_ByPost_1890,by_post
1,Eastern Division,Eastern DivisionNew Brunswick,47.03333,-65.58333,1890,New Brunswick,,CAN_DIA_ByPost_1890,by_post
5,Edmonton,EdmontonAlberta,53.53333,-113.5,1890,"North-West Territories, Manitoba and Keewatin",,CAN_DIA_ByPost_1890,by_post
1,Edmundston,EdmundstonNew Brunswick,47.3765,-68.32535,1890,New Brunswick,,CAN_DIA_ByPost_1890,by_post
1,Eel Ground,Eel GroundNew Brunswick,46.96922,-65.62728,1890,New Brunswick,,CAN_DIA_ByPost_1890,by_post
1,Eganville,EganvilleOntario,45.53333,-77.1,1890,Ontario,,CAN_DIA_ByPost_1890,by_post
3,File Hills,"File HillsNorth-West Territories, Manitoba and Keewatin",50.8,-103.55,1890,"North-West Territories, Manitoba and Keewatin",,CAN_DIA_ByPost_1890,by_post
2,Fort Francis,Fort FrancesOntario,48.61667,-93.4,1890,"North-West Territories, Manitoba and Keewatin",,CAN_DIA_ByPost_1890,by_post
2,Fort Pelly,Fort PellySaskatchewan,51.77639,-101.9975,1890,"North-West Territories, Manitoba and Keewatin",,CAN_DIA_ByPost_1890,by_post
2,Fort Pitt,Fort PittNorth-West Territories,53.572,-109.792,1890,"North-West Territories, Manitoba and Keewatin",,CAN_DIA_ByPost_1890,by_post
1,Fraser River,Fraser RiverBritish Columbia,49.17778,-123.2125,1890,British Columbia,,CAN_DIA_ByPost_1890,by_post
2,Fredericton,FrecerictonNew Brunswick,45.95,-66.66667,1890,New Brunswick,,CAN_DIA_ByPost_1890,by_post
1,Gananoque,GananoqueOntario,44.33,-76.17,1890,Ontario,,CAN_DIA_ByPost_1890,by_post
1,Nil,Garden RiverOntario,46.52972,-84.15889,1890,Ontario and Quebec,,CAN_DIA_ByPost_1890,by_post
1,Nil,GaspeQuebec,48.83333,-64.48333,1890,Ontario and Quebec,,CAN_DIA_ByPost_1890,by_post
1,Georgina,GeorginaOntario,44.3,-79.43333,1890,Ontario,,CAN_DIA_ByPost_1890,by_post
1,Gore's Landing,Gore's LandingOntario,44.11907,-78.23333,1890,Ontario,,CAN_DIA_ByPost_1890,by_post
1,Grand Narrows,Grand NarrowsNova Scotia,45.95,-60.78333,1890,Nova Scotia,,CAN_DIA_ByPost_1890,by_post
1,Grand Rapids,"Grand RapidsNorth-West Territories, Manitoba and Keewatin",53.20833,-99.3,1890,"North-West Territories, Manitoba and Keewatin",,CAN_DIA_ByPost_1890,by_post
1,Hagersville,HagersvilleOntario,42.95,-80.05,1890,Ontario,,CAN_DIA_ByPost_1890,by_post
1,Highgate,HighgateOntario,42.5009,-81.8166,1890,Ontario,,CAN_DIA_ByPost_1890,by_post
5,Kamloops Industrial School,Kamloops Industrial SchoolBritish Columbia,50.67611,-120.34083,1890,British Columbia,,CAN_DIA_ByPost_1890,by_post
1,Kamloops,KamloopsBritish Columbia,50.67611,-120.34083,1890,British Columbia,,CAN_DIA_ByPost_1890,by_post
1,Kingsclear,KingsclearNew Brunswick,45.88333,-66.9,1890,New Brunswick,,CAN_DIA_ByPost_1890,by_post
1,Kootenay,KootenayBritish Columbia,50.5,-116.5,1890,British Columbia,,CAN_DIA_ByPost_1890,by_post
4,Kuper Island Industrial School,Kuper Island Industrial SchoolBritish Columbia,48.96,-123.645,1890,British Columbia,,CAN_DIA_ByPost_1890,by_post
1,Kwawkewlth,KwawkewithBritish Columbia,0.0,0.0,1890,British Columbia,,CAN_DIA_ByPost_1890,by_post
2,Lennox Island,Lennox IslandPrince Edward Island,46.61389,-63.85389,1890,Prince Edward Island,,CAN_DIA_ByPost_1890,by_post
1,Lorette,LoretteQuebec,46.86147,-71.35711,1890,Quebec,,CAN_DIA_ByPost_1890,by_post
1,Lorette,LoretteQuebec,46.86147,-71.35711,1890,Ontario and Quebec,,CAN_DIA_ByPost_1890,by_post
1,Manitoba House,Manitoba HouseNorth-West Territories,50.86667,-98.85889,1890,"North-West Territories, Manitoba and Keewatin",,CAN_DIA_ByPost_1890,by_post
1,Nil,Manitoulin IslandOntario,45.76667,-82.2,1890,Ontario and Quebec,,CAN_DIA_ByPost_1890,by_post
2,Manitowaning,ManitowaningOntario,45.73333,-81.8,1890,Ontario,,CAN_DIA_ByPost_1890,by_post
1,Maniwaki,ManiwakiQuebec,46.375,-75.96667,1890,Quebec,,CAN_DIA_ByPost_1890,by_post
1,Maria,MariaQuebec,48.16667,-65.98333,1890,Quebec,,CAN_DIA_ByPost_1890,by_post
4,Metlakahtla Industrial School,Metlakahtla Industrial SchoolBritish Columbia,54.33583,-130.44333,1890,British Columbia,,CAN_DIA_ByPost_1890,by_post
1,Nil,Mississaguas of the CreditOntario,43.0,-80.1,1890,Ontario and Quebec,,CAN_DIA_ByPost_1890,by_post
4,Moose Mountain,"Moose MountainNorth-West Territories, Manitoba and Keewatin",49.82111,-102.37611,1890,"North-West Territories, Manitoba and Keewatin",,CAN_DIA_ByPost_1890,by_post
1,Nil,Moravians of the Thames Ontario,42.56667,-81.88333,1890,Ontario and Quebec,,CAN_DIA_ByPost_1890,by_post
1,Munceytown,MunceytownOntario,42.8,-81.48333,1890,Ontario and Quebec,,CAN_DIA_ByPost_1890,by_post
1,Nil,Munsees of ThamesOntario,42.8,-81.48333,1890,Ontario and Quebec,,CAN_DIA_ByPost_1890,by_post
8,Muscowpetung's Reserve,"Muscowpetung's ReserveNorth-West Territories, Manitoba and Keewatin",51.32111,-104.09611,1890,"North-West Territories, Manitoba and Keewatin",,CAN_DIA_ByPost_1890,by_post
1,Nil,NawashOntario,44.90828,-81.02263,1890,Ontario and Quebec,,CAN_DIA_ByPost_1890,by_post
2,Nil,Nil,0.0,0.0,1890,Ontario,,CAN_DIA_ByPost_1890,by_post
3,North-West Coast,North West CoastBritish Columbia,0.0,0.0,1890,British Columbia,,CAN_DIA_ByPost_1890,by_post
1,Oak Point,Oak PointNew Brunswick,47.099,-65.348,1890,New Brunswick,,CAN_DIA_ByPost_1890,by_post
1,Okanagan (appointed provis'nly),OkanaganBritish Columbia,49.74778,-119.71722,1890,British Columbia,,CAN_DIA_ByPost_1890,by_post
1,On the Islands,On the IslandOntario,44.36925,-75.91086,1890,Ontario,,CAN_DIA_ByPost_1890,by_post
47,Ottawa,OttawaOntario,45.41667,-75.68333,1890,Ontario,,CAN_DIA_ByPost_1890,by_post
1,Parrsboro',ParrsboroNova Scotia,45.40583,-64.32583,1890,Nova Scotia,,CAN_DIA_ByPost_1890,by_post
1,Parry Sound,Parry IslandOntario,45.28333,-80.15,1890,Ontario,,CAN_DIA_ByPost_1890,by_post
7,Peace Hills,"Peace HillsNorth-West Territories, Manitoba and Keewatin",52.88009,-113.46331,1890,"North-West Territories, Manitoba and Keewatin",,CAN_DIA_ByPost_1890,by_post
5,Piegan Reserve,Peigan ReserveManitoba and Keewatin,49.58333,-113.66667,1890,"North-West Territories, Manitoba and Keewatin",,CAN_DIA_ByPost_1890,by_post
1,Penetanguishene,PenetanguisheneOntario,44.76667,-79.93333,1890,Ontario,,CAN_DIA_ByPost_1890,by_post
1,Peterborough,PeterboroughOntario,44.3,-78.31667,1890,Ontario,,CAN_DIA_ByPost_1890,by_post
2,Pictou,PictonNova Scotia,45.68139,-62.71194,1890,Nova Scotia,,CAN_DIA_ByPost_1890,by_post
2,Pierreville,PierrevilleQuebec,46.06667,-72.81667,1890,Ontario and Quebec,,CAN_DIA_ByPost_1890,by_post
1,Pierreville,PierrevilleQuebec,46.06667,-72.81667,1890,Quebec,,CAN_DIA_ByPost_1890,by_post
1,Point Bleue,Pointe BleueQuebec,48.56667,-72.23333,1890,Quebec,,CAN_DIA_ByPost_1890,by_post
1,Port Arthur,Port ArthurOntario,48.45,-89.23,1890,Ontario,,CAN_DIA_ByPost_1890,by_post
1,Portage la Prairie,Portage la PrairieManitoba,49.97278,-98.29194,1890,"North-West Territories, Manitoba and Keewatin",,CAN_DIA_ByPost_1890,by_post
17,Qu'Appelle Industrial School,"Qu'Appelle Industrial SchoolNorth-West Territories, Manitoba and Keewatin",50.75914,-103.71118,1890,"North-West Territories, Manitoba and Keewatin",,CAN_DIA_ByPost_1890,by_post
1,Nil,RamaOntario,44.70273,-79.33959,1890,Ontario and Quebec,,CAN_DIA_ByPost_1890,by_post
2,Rat Portage,Rat PortageOntario,49.76667,-94.48333,1890,"North-West Territories, Manitoba and Keewatin",,CAN_DIA_ByPost_1890,by_post
1,Red Bank,Red BankNew Brunswick,46.93333,-65.81667,1890,New Brunswick,,CAN_DIA_ByPost_1890,by_post
1,Red Island,Red IslandNova Scotia,45.76201,-60.74409,1890,Nova Scotia,,CAN_DIA_ByPost_1890,by_post
28,Regina,ReginaSaskatchewan,50.45472,-104.60667,1890,"North-West Territories, Manitoba and Keewatin",,CAN_DIA_ByPost_1890,by_post
1,Restigouche,RestigoucheNew Brunswick,47.72608,-67.0885,1890,New Brunswick,,CAN_DIA_ByPost_1890,by_post
1,Nil,RestigoucheQuebec,48.65806,-65.75278,1890,Ontario and Quebec,,CAN_DIA_ByPost_1890,by_post
1,Restigouche,RestigoucheQuebec,48.65806,-65.75278,1890,Quebec,,CAN_DIA_ByPost_1890,by_post
1,Nil,Rice LakeOntario,44.18333,-78.16667,1890,Ontario and Quebec,,CAN_DIA_ByPost_1890,by_post
1,Richibucto Village,RichibuctoNew Brunswick,46.659,-64.76,1890,New Brunswick,,CAN_DIA_ByPost_1890,by_post
1,Nil,River DesertQuebec,46.33333,-75.96667,1890,Ontario and Quebec,,CAN_DIA_ByPost_1890,by_post
1,Riviere du Loup,Riviere du LoupQuebec,47.83333,-69.53333,1890,Quebec,,CAN_DIA_ByPost_1890,by_post
1,Roberval,RobervalQuebec,48.51667,-72.23333,1890,Quebec,,CAN_DIA_ByPost_1890,by_post
1,Roseneath,RoseneathOntario,44.08333,-78.03333,1890,Ontario,,CAN_DIA_ByPost_1890,by_post
4,Saddle Lake,Saddle LakeAlberta,53.96833,-111.69194,1890,"North-West Territories, Manitoba and Keewatin",,CAN_DIA_ByPost_1890,by_post
2,Sarnia,SarniaOntario,42.99944,-82.30889,1890,Ontario,,CAN_DIA_ByPost_1890,by_post
1,Saskatoon,SaskatoonSaskatchewan,52.13333,-106.68333,1890,"North-West Territories, Manitoba and Keewatin",,CAN_DIA_ByPost_1890,by_post
1,Nil,SaugeenOntario,44.43333,-81.36667,1890,Ontario and Quebec,,CAN_DIA_ByPost_1890,by_post
1,Saugeen,SaugeenOntario,44.43333,-81.36667,1890,Ontario,,CAN_DIA_ByPost_1890,by_post
1,Sault Ste. Marie,Sault Ste MarieOntario,46.53333,-84.35,1890,Ontario,,CAN_DIA_ByPost_1890,by_post
1,Savanne,SavanneOntario,48.95357,-90.24655,1890,"North-West Territories, Manitoba and Keewatin",,CAN_DIA_ByPost_1890,by_post
1,Scugog,ScugogOntario,44.09,-78.936,1890,Ontario,,CAN_DIA_ByPost_1890,by_post
1,Shannonville,ShannonvilleOntario,44.2637,-77.2304,1890,Ontario,,CAN_DIA_ByPost_1890,by_post
1,Shubenacadie,ShubenacadieNova Scotia,45.13988,-63.41755,1890,Nova Scotia,,CAN_DIA_ByPost_1890,by_post
1,Nil,Six Nations Ontario,43.05111,-80.1225,1890,Ontario and Quebec,,CAN_DIA_ByPost_1890,by_post
1,Songhees Reserve,Songhees ReserveBritish Columbia,48.45167,-123.43389,1890,British Columbia,,CAN_DIA_ByPost_1890,by_post
1,St Regis,St RegisQuebec,45.00122,-74.65029,1890,Quebec,,CAN_DIA_ByPost_1890,by_post
1,St. Mary's,St. MarysNew Brunswick,46.205,-66.505,1890,New Brunswick,,CAN_DIA_ByPost_1890,by_post
1,St. Regis,St. RegisQuebec,44.97111,-74.64194,1890,Ontario and Quebec,,CAN_DIA_ByPost_1890,by_post
1,Stony Reserve,"Stony ReserveNorth-West Territories, Manitoba and Keewatin",51.15,-114.93333,1890,"North-West Territories, Manitoba and Keewatin",,CAN_DIA_ByPost_1890,by_post
1,Strathroy,StrathroyOntario,42.9575,-81.61667,1890,Ontario,,CAN_DIA_ByPost_1890,by_post
1,Sydney,SydneyNova Scotia,46.13631,-60.19551,1890,Nova Scotia,,CAN_DIA_ByPost_1890,by_post
1,Tadousac,TadousacQuebec,48.15,-69.71667,1890,Quebec,,CAN_DIA_ByPost_1890,by_post
1,The Pas,The PasSaskatchewan,53.825,-101.25333,1890,"North-West Territories, Manitoba and Keewatin",,CAN_DIA_ByPost_1890,by_post
1,Tobique,TobiqueNew Brunswick,46.8,-67.6,1890,New Brunswick,,CAN_DIA_ByPost_1890,by_post
9,Touchwood Hills,Touchwood HillsManitoba and Keewatin,51.41667,-104.25,1890,"North-West Territories, Manitoba and Keewatin",,CAN_DIA_ByPost_1890,by_post
1,Truro,TruroNova Scotia,45.36472,-63.28,1890,Nova Scotia,,CAN_DIA_ByPost_1890,by_post
1,Tyendinaga,TyendinagaOntario and Quebec,44.19167,-77.13333,1890,Ontario and Quebec,,CAN_DIA_ByPost_1890,by_post
1,Uptergrove,UptergroveOntario,44.59987,-79.32058,1890,Ontario,,CAN_DIA_ByPost_1890,by_post
7,Victoria,VictoriaBritish Columbia,48.422,-123.365,1890,British Columbia,,CAN_DIA_ByPost_1890,by_post
1,Wallaceburg,WallaceburgOntario,42.59472,-82.38417,1890,Ontario,,CAN_DIA_ByPost_1890,by_post
1,West Coast,West CoastBritish Columbia,0.0,0.0,1890,British Columbia,,CAN_DIA_ByPost_1890,by_post
1,Western Division,Western DivisionNew Brunswick,47.03333,-65.58333,1890,New Brunswick,,CAN_DIA_ByPost_1890,by_post
1,Wiarton,WiartonOntario,44.74361,-81.14083,1890,Ontario,,CAN_DIA_ByPost_1890,by_post
1,Williams' Lake,Williams LakeBritish Columbia,52.12944,-122.13833,1890,British Columbia,,CAN_DIA_ByPost_1890,by_post
5,Winnipeg,WinnipegManitoba,49.89944,-97.13917,1890,"North-West Territories, Manitoba and Keewatin",,CAN_DIA_ByPost_1890,by_post
1,Yarmouth,YarmouthNova Scotia,49.89944,-97.13917,1890,Nova Scotia,,CAN_DIA_ByPost_1890,by_post
66,Regina,ReginaSaskatchewan,50.454722,-104.606667,1895,"North-West Territories, Manitoba and Keewatin",,CAN_DIA_ByPost_1895,by_post
47,Ottawa,OttawaOntario,45.416667,-75.683333,1895,Ontario,,CAN_DIA_ByPost_1895,by_post
44,Macleod,MacleodAlberta,49.725583,-113.397528,1895,"North-West Territories, Manitoba and Keewatin",,CAN_DIA_ByPost_1895,by_post
18,Gleichen,GleichenAlberta,50.866111,-113.054722,1895,"North-West Territories, Manitoba and Keewatin",,CAN_DIA_ByPost_1895,by_post
18,Battleford,BattlefordSaskatchewan,52.738333,-108.315278,1895,"North-West Territories, Manitoba and Keewatin",,CAN_DIA_ByPost_1895,by_post
16,Broadview,BroadviewSaskatchewan,50.376,-102.579,1895,"North-West Territories, Manitoba and Keewatin",,CAN_DIA_ByPost_1895,by_post
16,Kutawa,KutawaSaskatchewan,51.41666,-104.22305,1895,"North-West Territories, Manitoba and Keewatin",,CAN_DIA_ByPost_1895,by_post
16,Stobart,"StobartNorthwest Territories, Manitoba and Keewatin",50.89954,-113.14206,1895,"North-West Territories, Manitoba and Keewatin",,CAN_DIA_ByPost_1895,by_post
12,Aldina,"AldinaNorthwest Territories, Manitoba and Keewatin",53.0001,-106.88445,1895,"North-West Territories, Manitoba and Keewatin",,CAN_DIA_ByPost_1895,by_post
12,Victoria,VictoriaBritish Columbia,48.422,-123.365,1895,British Columbia,,CAN_DIA_ByPost_1895,by_post
10,Calgary,CalgaryAlberta,51.05,-114.066667,1895,"North-West Territories, Manitoba and Keewatin",,CAN_DIA_ByPost_1895,by_post
10,Hollbrooke,"HollbrokeManitoba, Keewatin and Northwest Territories",52.826667,-113.451667,1895,"North-West Territories, Manitoba and Keewatin",,CAN_DIA_ByPost_1895,by_post
10,Winnipeg,WinnipegManitoba,49.899444,-97.139167,1895,"North-West Territories, Manitoba and Keewatin",,CAN_DIA_ByPost_1895,by_post
8,Cannington Manor,"Canington ManorNorthwest Territories, Manitoba and Keewatin",49.733333,-102.045833,1895,"North-West Territories, Manitoba and Keewatin",,CAN_DIA_ByPost_1895,by_post
8,Onion Lake,Onion LakeSaskatchewan,53.7166638,-110.0,1895,"North-West Territories, Manitoba and Keewatin",,CAN_DIA_ByPost_1895,by_post
8,Edmonton,EdmontonAlberta,53.533333,-113.5,1895,"North-West Territories, Manitoba and Keewatin",,CAN_DIA_ByPost_1895,by_post
8,Pakan,"PakanNorthwest Territories, Manitoba and Keewatin",54.00384,-112.3981,1895,"North-West Territories, Manitoba and Keewatin",,CAN_DIA_ByPost_1895,by_post
6,Cote,"CoteManitoba, Keewatin and Northwest Territories",51.565,-101.894722,1895,"North-West Territories, Manitoba and Keewatin",,CAN_DIA_ByPost_1895,by_post
6,Indian Head,"Indian HeadNorthwest Territories, Manitoba and Keewatin",50.533333,-103.666667,1895,"North-West Territories, Manitoba and Keewatin",,CAN_DIA_ByPost_1895,by_post
6,Birtle,BirtleManitoba,50.4225,-101.0475,1895,"North-West Territories, Manitoba and Keewatin",,CAN_DIA_ByPost_1895,by_post
6,Tobique,TobiqueNew Brunswick,46.8,-67.6,1895,New Brunswick,,CAN_DIA_ByPost_1895,by_post
4,Nil,Bay of QuinteOntario,44.15,-77.25,1895,Ontario and Quebec,,CAN_DIA_ByPost_1895,by_post
4,Brantford,BrantfordOntario,43.166667,-80.25,1895,Ontario,,CAN_DIA_ByPost_1895,by_post
4,Higgins Road,Higgins RoadPrince Edward Island,46.51813,-64.077,1895,Prince Edward Island,,CAN_DIA_ByPost_1895,by_post
4,Big Cove,Big CoveNew Brunswick,46.596667,-64.980556,1895,New Brunswick,,CAN_DIA_ByPost_1895,by_post
4,Manitowaning,ManitowaningOntario,45.733333,-81.8,1895,Ontario,,CAN_DIA_ByPost_1895,by_post
4,Nil,Six Nations Ontario,43.051111,-80.1225,1895,Ontario and Quebec,,CAN_DIA_ByPost_1895,by_post
4,Eel Ground,Eel GroundNew Brunswick,46.969222,-65.627278,1895,New Brunswick,,CAN_DIA_ByPost_1895,by_post
4,Fort Frances,Fort FrancesOntario,48.616667,-93.4,1895,"North-West Territories, Manitoba and Keewatin",,CAN_DIA_ByPost_1895,by_post
4,Metlakahtla,MetlakatlaBritish Columbia,54.335833,-130.443333,1895,British Columbia,,CAN_DIA_ByPost_1895,by_post
4,Rat Portage,Rat PortageOntario,49.766667,-94.483333,1895,"North-West Territories, Manitoba and Keewatin",,CAN_DIA_ByPost_1895,by_post
4,Sarnia,SarniaOntario,42.999444,-82.308889,1895,Ontario,,CAN_DIA_ByPost_1895,by_post
4,Pierreville,PierrevilleQuebec,46.066667,-72.816667,1895,Ontario and Quebec,,CAN_DIA_ByPost_1895,by_post
4,Qu'Appelle,"Qu'AppelleManitoba, Keewatin and North-West Territories",50.541,-103.874,1895,"North-West Territories, Manitoba and Keewatin",,CAN_DIA_ByPost_1895,by_post
3,Nil,Nil,0.0,0.0,1895, ,,CAN_DIA_ByPost_1895,by_post
2,Atherley,AtherleyOntario,44.60314,-79.36431,1895,Ontario,,CAN_DIA_ByPost_1895,by_post
2,Baby's Point,Baby's PointOntario and Quebec,43.6575,-79.4925,1895,Ontario and Quebec,,CAN_DIA_ByPost_1895,by_post
2,Baddeck,BaddeckNova Scotia,46.1,-60.754167,1895,Nova Scotia,,CAN_DIA_ByPost_1895,by_post
2,Manitoba House,Manitoba HouseNorth-West Territories,50.866667,-98.858889,1895,"North-West Territories, Manitoba and Keewatin",,CAN_DIA_ByPost_1895,by_post
2,Manimaki,ManimakiQuebec,46.375,-75.966667,1895,Quebec,,CAN_DIA_ByPost_1895,by_post
2,Lakefield,LakefieldOntario,44.416667,-78.333333,1895,Ontario,,CAN_DIA_ByPost_1895,by_post
2,Chatham,ChathamNew Brunswick,47.033,-65.433,1895,New Brunswick,,CAN_DIA_ByPost_1895,by_post
2,Chippewa Hill,Chippawa HillOntario,48.34583333,-89.30277778,1895,Ontario,,CAN_DIA_ByPost_1895,by_post
2,Christmas Island,Christmas IslandNova Scotia,45.972311,-60.748333,1895,Nova Scotia,,CAN_DIA_ByPost_1895,by_post
2,Clandeboye,"ClandeboyeNorth-West Territories, Manitoba and Keewatin",50.2428,-96.9732,1895,"North-West Territories, Manitoba and Keewatin",,CAN_DIA_ByPost_1895,by_post
2,Clinton,ClintonBritish Columbia,51.091389,-121.586667,1895,British Columbia,,CAN_DIA_ByPost_1895,by_post
2,Castile,CastileOntario,45.4931,-77.3225,1895,Ontario,,CAN_DIA_ByPost_1895,by_post
2,Lorette,LoretteQuebec,46.861472,-71.357111,1895,Ontario and Quebec,,CAN_DIA_ByPost_1895,by_post
2,Caughnawaga,CaughnawagaQuebec,45.416667,-73.683333,1895,Quebec,,CAN_DIA_ByPost_1895,by_post
2,Morley,MorleyAlberta,51.16153,-114.85095,1895,"North-West Territories, Manitoba and Keewatin",,CAN_DIA_ByPost_1895,by_post
2,Campbellton,CampbelltonNew Brunswick,48.005,-66.673056,1895,New Brunswick,,CAN_DIA_ByPost_1895,by_post
2,Alert Bay,Alert BayBritish Columbia,50.5825,-126.925278,1895,British Columbia,,CAN_DIA_ByPost_1895,by_post
2,Cacouna,CacounaQuebec,47.916667,-69.5,1895,Quebec,,CAN_DIA_ByPost_1895,by_post
2,Caledonia,CaledoniaNova Scotia,44.378889,-65.032222,1895,Nova Scotia,,CAN_DIA_ByPost_1895,by_post
2,Munceytown,MunceytownOntario,42.8,-81.483333,1895,Ontario and Quebec,,CAN_DIA_ByPost_1895,by_post
2,N. Temiscamingue,N. TemiscamingQuebec,48.233333,-79.016667,1895,Quebec,,CAN_DIA_ByPost_1895,by_post
2,Alberni,AlberniBritish Columbia,49.233889,-124.805,1895,British Columbia,,CAN_DIA_ByPost_1895,by_post
2,Maria,MariaQuebec,48.166667,-65.983333,1895,Quebec,,CAN_DIA_ByPost_1895,by_post
2,Kingsclear,KingsclearNew Brunswick,45.883333,-66.9,1895,New Brunswick,,CAN_DIA_ByPost_1895,by_post
2,Annapolis,AnnapolisNova Scotia,44.741667,-65.515278,1895,Nova Scotia,,CAN_DIA_ByPost_1895,by_post
2,Cape Croker,Cape CrokerOntario,44.908279,-81.022634,1895,Ontario,,CAN_DIA_ByPost_1895,by_post
2,Fredericton,FrecerictonNew Brunswick,45.95,-66.666667,1895,New Brunswick,,CAN_DIA_ByPost_1895,by_post
2,Gananoque,GananoqueOntario,44.33,-76.17,1895,Ontario,,CAN_DIA_ByPost_1895,by_post
2,Fort Steele,Fort SteeleBritish Columbia,49.616667,-115.633333,1895,British Columbia,,CAN_DIA_ByPost_1895,by_post
2,Eureka,EurekaNova Scotia,45.498056,-62.686111,1895,Nova Scotia,,CAN_DIA_ByPost_1895,by_post
2,Edmundston,EdmundstonNew Brunswick,47.3765,-68.325347,1895,New Brunswick,,CAN_DIA_ByPost_1895,by_post
2,New Wesminster,New WestminsterBritish Columbia,49.206944,-122.911111,1895,British Columbia,,CAN_DIA_ByPost_1895,by_post
2,Deseronto,DeserontoOntario,44.2,-77.05,1895,Ontario and Quebec,,CAN_DIA_ByPost_1895,by_post
2,Becancourt,BecancourQuebec,46.333333,-72.433333,1895,Quebec,,CAN_DIA_ByPost_1895,by_post
2,Deseronto,DeserontoOntario,44.2,-77.05,1895,Ontario,,CAN_DIA_ByPost_1895,by_post
2,Bear River,Bear RiverNova Scotia,44.572222,-65.643889,1895,Nova Scotia,,CAN_DIA_ByPost_1895,by_post
2,Dalhousie,DalhousieNew Brunswick,48.1,-66.616667,1895,New Brunswick,,CAN_DIA_ByPost_1895,by_post
2,Ivy Lea,Ivy LeaOntario,44.364855,-76.011939,1895,Ontario,,CAN_DIA_ByPost_1895,by_post
2,Jeune Lorette,Jeune LoretteQuebec,46.861472,-71.357111,1895,Quebec,,CAN_DIA_ByPost_1895,by_post
2,Kamloops,KamloopsBritish Columbia,50.676111,-120.340833,1895,British Columbia,,CAN_DIA_ByPost_1895,by_post
2,Griswold,GriswoldManitoba,49.775,-100.470833,1895,"North-West Territories, Manitoba and Keewatin",,CAN_DIA_ByPost_1895,by_post
2,"Glendale, River Inhabitants",GlendaleNova Scotia,45.815639,-61.313667,1895,Nova Scotia,,CAN_DIA_ByPost_1895,by_post
2,Gore Bay,Gore BayOntario,45.916667,-82.466667,1895,Ontario,,CAN_DIA_ByPost_1895,by_post
2,"Grand Rapids, Berens River","Grand Rapids, Berens RiverNorth-West Territories, Manitoba and Keewatin",53.208333,-99.3,1895,"North-West Territories, Manitoba and Keewatin",,CAN_DIA_ByPost_1895,by_post
2,Hagersville,HagersvilleOntario,42.95,-80.05,1895,Ontario,,CAN_DIA_ByPost_1895,by_post
2,Highgate,HighgateOntario,42.5009,-81.8166,1895,Ontario,,CAN_DIA_ByPost_1895,by_post
2,Heatherton,HeathertonNova Scotia,45.587856,-61.792089,1895,Nova Scotia,,CAN_DIA_ByPost_1895,by_post
2,Hazelton,HazeltonBritish Columbia,55.25,-127.666667,1895,British Columbia,,CAN_DIA_ByPost_1895,by_post
2,Nil,Whitefish LakeOntario,48.218,-90.0,1895,Ontario and Quebec,,CAN_DIA_ByPost_1895,by_post
2,Nil,RestigoucheQuebec,48.658056,-65.752778,1895,Ontario and Quebec,,CAN_DIA_ByPost_1895,by_post
2,Nil,WinnipegManitoba,49.899444,-97.139167,1895,"North-West Territories, Manitoba and Keewatin",,CAN_DIA_ByPost_1895,by_post
2,Nil,NawashOntario,44.908279,-81.022634,1895,Ontario and Quebec,,CAN_DIA_ByPost_1895,by_post
2,Nil,SaugeenOntario,44.433333,-81.366667,1895,Ontario and Quebec,,CAN_DIA_ByPost_1895,by_post
2,Parrsboro,ParrsboroNova Scotia,45.405833,-64.325833,1895,Nova Scotia,,CAN_DIA_ByPost_1895,by_post
2,Nil,Rice LakeOntario,44.183333,-78.166667,1895,Ontario and Quebec,,CAN_DIA_ByPost_1895,by_post
2,Nil,Walpole IslandOntario,42.55,-82.483333,1895,Ontario and Quebec,,CAN_DIA_ByPost_1895,by_post
2,Nil,Mississaguas of the CreditOntario,43.0,-80.1,1895,Ontario and Quebec,,CAN_DIA_ByPost_1895,by_post
2,Nil,BeausoleilOntario,44.87,-79.868333,1895,Ontario and Quebec,,CAN_DIA_ByPost_1895,by_post
2,Nil,Munsees of ThamesOntario,42.8,-81.483333,1895,Ontario and Quebec,,CAN_DIA_ByPost_1895,by_post
2,Nil,Manitoulin IslandOntario,45.766667,-82.2,1895,Ontario and Quebec,,CAN_DIA_ByPost_1895,by_post
2,Oak Point,Oak PointNew Brunswick,47.099,-65.348,1895,New Brunswick,,CAN_DIA_ByPost_1895,by_post
2,Nil,Moravians of the Thames Ontario,42.566667,-81.883333,1895,Ontario and Quebec,,CAN_DIA_ByPost_1895,by_post
2,Nil,River DesertQuebec,46.333333,-75.966667,1895,Ontario and Quebec,,CAN_DIA_ByPost_1895,by_post
2,Nil,Garden RiverOntario,46.529722,-84.158889,1895,Ontario and Quebec,,CAN_DIA_ByPost_1895,by_post
2,Nil,GaspeQuebec,48.833333,-64.483333,1895,Ontario and Quebec,,CAN_DIA_ByPost_1895,by_post
2,Nil,Victoria CountyNew Brunswick,47.075194,-67.329389,1895,New Brunswick,,CAN_DIA_ByPost_1895,by_post
2,Nil,Oneidas of the Thames Ontario,42.816667,-81.4,1895,Ontario and Quebec,,CAN_DIA_ByPost_1895,by_post
2,Newcastle,NewcastleNew Brunswick,46.983,-65.567,1895,New Brunswick,,CAN_DIA_ByPost_1895,by_post
2,Parry Sound,Parry IslandOntario,45.283333,-80.15,1895,Ontario,,CAN_DIA_ByPost_1895,by_post
2,Nil,RamaOntario,44.702734,-79.339592,1895,Ontario and Quebec,,CAN_DIA_ByPost_1895,by_post
2,Nil,AlnwickOntario,44.083333,-78.033333,1895,Ontario and Quebec,,CAN_DIA_ByPost_1895,by_post
2,Shubenacadie,ShubenacadieNova Scotia,45.139883,-63.417547,1895,Nova Scotia,,CAN_DIA_ByPost_1895,by_post
2,Wiarton,WiartonOntario,44.743611,-81.140833,1895,Ontario,,CAN_DIA_ByPost_1895,by_post
2,The Pas,The PasSaskatchewan,53.825,-101.253333,1895,"North-West Territories, Manitoba and Keewatin",,CAN_DIA_ByPost_1895,by_post
2,Pictou,PictonNova Scotia,45.681389,-62.711944,1895,Nova Scotia,,CAN_DIA_ByPost_1895,by_post
2,Roseneath,RoseneathOntario,44.083333,-78.033333,1895,Ontario,,CAN_DIA_ByPost_1895,by_post
2,Portage la Prairie,Portage la PrairieManitoba,49.972778,-98.291944,1895,"North-West Territories, Manitoba and Keewatin",,CAN_DIA_ByPost_1895,by_post
2,Shelburne,ShelburneNova Scotia,43.763333,-65.323611,1895,Nova Scotia,,CAN_DIA_ByPost_1895,by_post
2,St. Peters,St. PetersNova Scotia,45.663964,-60.894469,1895,Nova Scotia,,CAN_DIA_ByPost_1895,by_post
2,Steam Mills,Steam MillsNova Scotia,45.109972,-64.514139,1895,Nova Scotia,,CAN_DIA_ByPost_1895,by_post
2,St. Mary's,St. MarysNew Brunswick,46.205,-66.505,1895,New Brunswick,,CAN_DIA_ByPost_1895,by_post
2,St. Regis,St. RegisQuebec,44.971111,-74.641944,1895,Ontario and Quebec,,CAN_DIA_ByPost_1895,by_post
2,St. Regis,St. RegisQuebec,44.971111,-74.641944,1895,Quebec,,CAN_DIA_ByPost_1895,by_post
2,Quamichan,QuamichanBritish Columbia,48.79972222,-123.6619444,1895,British Columbia,,CAN_DIA_ByPost_1895,by_post
2,Sydney,SydneyNova Scotia,46.13631,-60.19551,1895,Nova Scotia,,CAN_DIA_ByPost_1895,by_post
2,Richibucto,RichibuctoNew Brunswick,46.659,-64.76,1895,New Brunswick,,CAN_DIA_ByPost_1895,by_post
2,Savanne,SavanneOntario,48.95357,-90.24655,1895,"North-West Territories, Manitoba and Keewatin",,CAN_DIA_ByPost_1895,by_post
2,Thessalon,ThessalonOntario,46.25,-83.55,1895,Ontario,,CAN_DIA_ByPost_1895,by_post
2,Port Arthur,Port ArthurOntario,48.45,-89.23,1895,Ontario,,CAN_DIA_ByPost_1895,by_post
2,Yarmouth,YarmouthNova Scotia,49.899444,-97.139167,1895,Nova Scotia,,CAN_DIA_ByPost_1895,by_post
2,Sault Ste. Marie,Sault Ste MarieOntario,46.533333,-84.35,1895,Ontario,,CAN_DIA_ByPost_1895,by_post
2,Wallaceburg,WallaceburgOntario,42.594722,-82.384167,1895,Ontario,,CAN_DIA_ByPost_1895,by_post
2,Saskatoon,SaskatoonSaskatchewan,52.133333,-106.683333,1895,"North-West Territories, Manitoba and Keewatin",,CAN_DIA_ByPost_1895,by_post
2,Pierreville,PierrevilleQuebec,46.066667,-72.816667,1895,Quebec,,CAN_DIA_ByPost_1895,by_post
2,Pointe Bleue,Pointe BleueQuebec,48.566667,-72.233333,1895,Quebec,,CAN_DIA_ByPost_1895,by_post
2,Truro,TruroNova Scotia,45.364722,-63.28,1895,Nova Scotia,,CAN_DIA_ByPost_1895,by_post
2,Sheet Harbour,Sheet HarbourNova Scotia,44.916667,-62.533333,1895,Nova Scotia,,CAN_DIA_ByPost_1895,by_post
2,Port Perry,Port PerryOntario,44.1,-78.95,1895,Ontario,,CAN_DIA_ByPost_1895,by_post
53,Ottawa,OttawaOntario,45.416667,-75.683333,1900,Ontario,,CAN_DIA_ByPost_1900,by_post
17,Macleod,MacleodAlberta,49.725583,-113.397528,1900,"Manitoba, Keewatin and Northwest Territories",,CAN_DIA_ByPost_1900,by_post
11,Winnipeg,WinnipegManitoba,49.899444,-97.139167,1900,"Manitoba, Keewatin and Northwest Territories",,CAN_DIA_ByPost_1900,by_post
8,Battleford,BattlefordSaskatchewan,52.738333,-108.315278,1900,"Manitoba, Keewatin and Northwest Territories",,CAN_DIA_ByPost_1900,by_post
7,Hollbroke,"HollbrokeManitoba, Keewatin and Northwest Territories",52.826667,-113.451667,1900,"Manitoba, Keewatin and Northwest Territories",,CAN_DIA_ByPost_1900,by_post
6,Duck Lake,Duck LakeSaskatchewan,52.816667,-106.233333,1900,"Manitoba, Keewatin and Northwest Territories",,CAN_DIA_ByPost_1900,by_post
6,Kutawa,KutawaSaskatchewan,51.41666,-104.22305,1900,"Manitoba, Keewatin and Northwest Territories",,CAN_DIA_ByPost_1900,by_post
6,Broadview,BroadviewSaskatchewan,50.376,-102.579,1900,"Manitoba, Keewatin and Northwest Territories",,CAN_DIA_ByPost_1900,by_post
6,Gleichen,GleichenAlberta,50.866111,-113.054722,1900,"Manitoba, Keewatin and Northwest Territories",,CAN_DIA_ByPost_1900,by_post
6,Regina,ReginaSaskatchewan,50.454722,-104.606667,1900,"Manitoba, Keewatin and Northwest Territories",,CAN_DIA_ByPost_1900,by_post
6,Saddle Lake,Saddle LakeAlberta,53.968333,-111.691944,1900,"Manitoba, Keewatin and Northwest Territories",,CAN_DIA_ByPost_1900,by_post
5,Calgary,CalgaryAlberta,51.05,-114.066667,1900,"Manitoba, Keewatin and Northwest Territories",,CAN_DIA_ByPost_1900,by_post
5,Edmonton,EdmontonAlberta,53.533333,-113.5,1900,"Manitoba, Keewatin and Northwest Territories",,CAN_DIA_ByPost_1900,by_post
5,Mistawasis,MistawasisSaskatchewan,53.162778,-106.802778,1900,"Manitoba, Keewatin and Northwest Territories",,CAN_DIA_ByPost_1900,by_post
5,Qu'Appelle,"Qu'AppelleManitoba, Keewatin and Northwest Territories",50.541,-103.874,1900,"Manitoba, Keewatin and Northwest Territories",,CAN_DIA_ByPost_1900,by_post
5,Victoria,VictoriaBritish Columbia,48.422,-123.365,1900,British Columbia,,CAN_DIA_ByPost_1900,by_post
4,Onion Lake,Onion LakeSaskatchewan,53.7166638,-110.0,1900,"Manitoba, Keewatin and Northwest Territories",,CAN_DIA_ByPost_1900,by_post
4,Birtle,BirtleManitoba,50.4225,-101.0475,1900,"Manitoba, Keewatin and Northwest Territories",,CAN_DIA_ByPost_1900,by_post
3,Big Cove,Big CoveNew Brunswick,46.596667,-64.980556,1900,New Brunswick,,CAN_DIA_ByPost_1900,by_post
3,Nil,Nil,0.0,0.0,1900, ,,CAN_DIA_ByPost_1900,by_post
3,Morley,MorleyAlberta,51.16153,-114.85095,1900,"Manitoba, Keewatin and Northwest Territories",,CAN_DIA_ByPost_1900,by_post
3,Nil,Manitoulin IslandOntario,45.766667,-82.2,1900,Ontario,,CAN_DIA_ByPost_1900,by_post
3,Cote,"CoteManitoba, Keewatin and Northwest Territories",51.565,-101.894722,1900,"Manitoba, Keewatin and Northwest Territories",,CAN_DIA_ByPost_1900,by_post
3,Portage la Prairie,Portage la PrairieManitoba,49.972778,-98.291944,1900,"Manitoba, Keewatin and Northwest Territories",,CAN_DIA_ByPost_1900,by_post
3,Tobique,TobiqueNew Brunswick,46.8,-67.6,1900,New Brunswick,,CAN_DIA_ByPost_1900,by_post
2,Baddeck,BaddeckNova Scotia,46.1,-60.754167,1900,Nova Scotia,,CAN_DIA_ByPost_1900,by_post
2,Manitowaning,ManitowaningOntario,45.733333,-81.8,1900,Ontario,,CAN_DIA_ByPost_1900,by_post
2,Canni'gton Manor,"Canington ManorNorthwest Territories, Manitoba and Keewatin",49.733333,-102.045833,1900,"Manitoba, Keewatin and Northwest Territories",,CAN_DIA_ByPost_1900,by_post
2,Annapolis,AnnapolisNova Scotia,44.741667,-65.515278,1900,Nova Scotia,,CAN_DIA_ByPost_1900,by_post
2,Brantford,BrantfordOntario,43.166667,-80.25,1900,Ontario,,CAN_DIA_ByPost_1900,by_post
2,Nil,Bay of QuinteOntario,44.15,-77.25,1900,Ontario,,CAN_DIA_ByPost_1900,by_post
2,Shubenacadie,ShubenacadieNova Scotia,45.139883,-63.417547,1900,Nova Scotia,,CAN_DIA_ByPost_1900,by_post
2,St. Regis,St. RegisQuebec,44.971111,-74.641944,1900,Quebec,,CAN_DIA_ByPost_1900,by_post
2,Quamichan,QuamichanBritish Columbia,48.79972222,-123.6619444,1900,British Columbia,,CAN_DIA_ByPost_1900,by_post
2,Wolseley,"WolseleyManitoba, Keewatin and Northwest Territories",50.425,-103.273,1900,"Manitoba, Keewatin and Northwest Territories",,CAN_DIA_ByPost_1900,by_post
2,Sarnia,SarniaOntario,42.999444,-82.308889,1900,Ontario,,CAN_DIA_ByPost_1900,by_post
2,Truro,TruroNova Scotia,45.364722,-63.28,1900,Nova Scotia,,CAN_DIA_ByPost_1900,by_post
1,Chippewa Hill,Chippawa HillOntario,48.34583333,-89.30277778,1900,Ontario,,CAN_DIA_ByPost_1900,by_post
1,Christmas Island,Christmas IslandNova Scotia,45.972311,-60.748333,1900,Nova Scotia,,CAN_DIA_ByPost_1900,by_post
1,Canning,CanningNova Scotia,45.157917,-64.424167,1900,Nova Scotia,,CAN_DIA_ByPost_1900,by_post
1,Chatham,ChathamNew Brunswick,47.033,-65.433,1900,New Brunswick,,CAN_DIA_ByPost_1900,by_post
1,Cape Croker,Cape CrokerOntario,44.908279,-81.022634,1900,Ontario,,CAN_DIA_ByPost_1900,by_post
1,Caughnawaga,CaughnawagaQuebec,45.416667,-73.683333,1900,Quebec,,CAN_DIA_ByPost_1900,by_post
1,Cape Mudge,Cape MudgeBritish Columbia,49.998556,-125.195528,1900,British Columbia,,CAN_DIA_ByPost_1900,by_post
1,Nil,ScugogOntario,44.09,-78.936,1900,Ontario,,CAN_DIA_ByPost_1900,by_post
1,Nil,SaugeenOntario,44.433333,-81.366667,1900,Ontario,,CAN_DIA_ByPost_1900,by_post
1,Nil,Red DeerAlberta,52.268056,-113.811111,1900, ,,CAN_DIA_ByPost_1900,by_post
1,Nil,ReginaSaskatchewan,50.454722,-104.606667,1900, ,,CAN_DIA_ByPost_1900,by_post
1,Duart,DuartOntario,42.502,-81.7519,1900,Ontario,,CAN_DIA_ByPost_1900,by_post
1,Edmundston,EdmundstonNew Brunswick,47.3765,-68.325347,1900,New Brunswick,,CAN_DIA_ByPost_1900,by_post
1,Eel Ground,Eel GroundNew Brunswick,46.969222,-65.627278,1900,New Brunswick,,CAN_DIA_ByPost_1900,by_post
1,Nil,RamaOntario,44.702734,-79.339592,1900,Ontario,,CAN_DIA_ByPost_1900,by_post
1,Nil,"Qu'Appelle Industrial SchoolNorth-West Territories, Manitoba and Keewatin",50.759139,-103.711183,1900, ,,CAN_DIA_ByPost_1900,by_post
1,Nil,River DesertQuebec,46.333333,-75.966667,1900,Quebec,,CAN_DIA_ByPost_1900,by_post
1,Cormac,CormacOntario,45.4633,-77.2942,1900,Ontario,,CAN_DIA_ByPost_1900,by_post
1,Deseronto,DeserontoOntario,44.2,-77.05,1900,Ontario,,CAN_DIA_ByPost_1900,by_post
1,Nil,Rice LakeOntario,44.183333,-78.166667,1900,Ontario,,CAN_DIA_ByPost_1900,by_post
1,Dalhousie,DalhousieNew Brunswick,48.1,-66.616667,1900,New Brunswick,,CAN_DIA_ByPost_1900,by_post
1,Clinton,ClintonBritish Columbia,51.091389,-121.586667,1900,British Columbia,,CAN_DIA_ByPost_1900,by_post
1,Parrsboro,ParrsboroNova Scotia,45.405833,-64.325833,1900,Nova Scotia,,CAN_DIA_ByPost_1900,by_post
1,Becancour,BecancourQuebec,46.333333,-72.433333,1900,Quebec,,CAN_DIA_ByPost_1900,by_post
1,Bear River,Bear RiverNova Scotia,44.572222,-65.643889,1900,Nova Scotia,,CAN_DIA_ByPost_1900,by_post
1,Alberni,AlberniBritish Columbia,49.233889,-124.805,1900,British Columbia,,CAN_DIA_ByPost_1900,by_post
1,Parry Sound,Parry IslandOntario,45.283333,-80.15,1900,Ontario,,CAN_DIA_ByPost_1900,by_post
1,Atherley,AtherleyOntario,44.60314,-79.36431,1900,Ontario,,CAN_DIA_ByPost_1900,by_post
1,Antigonish,AntigonishNova Scotia,45.626522,-61.998253,1900,Nova Scotia,,CAN_DIA_ByPost_1900,by_post
1,Nil,Walpole IslandOntario,42.55,-82.483333,1900,Ontario,,CAN_DIA_ByPost_1900,by_post
1,Nil,Whitefish LakeOntario,48.218,-90.0,1900,Ontario,,CAN_DIA_ByPost_1900,by_post
1,Bridgewater,BridgewaterNova Scotia,44.37,-64.52,1900,Nova Scotia,,CAN_DIA_ByPost_1900,by_post
1,Nil,Six Nations Ontario,43.051111,-80.1225,1900,Ontario,,CAN_DIA_ByPost_1900,by_post
1,Nil,Snake IslandOntario,44.316667,-79.483333,1900,Ontario,,CAN_DIA_ByPost_1900,by_post
1,Cacouna,CacounaQuebec,47.916667,-69.5,1900,Quebec,,CAN_DIA_ByPost_1900,by_post
1,Caledonia,CaledoniaNova Scotia,44.378889,-65.032222,1900,Nova Scotia,,CAN_DIA_ByPost_1900,by_post
1,Oka,OkaQuebec,45.466667,-74.083333,1900,Quebec,,CAN_DIA_ByPost_1900,by_post
1,Bersimis,BersimisQuebec,48.95,-68.65,1900,Quebec,,CAN_DIA_ByPost_1900,by_post
1,Berens River,"Berens River Man.Manitoba, Keewatin and North-West Territories",52.364,-97.027,1900,"Manitoba, Keewatin and Northwest Territories",,CAN_DIA_ByPost_1900,by_post
1,Oak Point,Oak PointNew Brunswick,47.099,-65.348,1900,New Brunswick,,CAN_DIA_ByPost_1900,by_post
1,Lakefield,LakefieldOntario,44.416667,-78.333333,1900,Ontario,,CAN_DIA_ByPost_1900,by_post
1,Nil,BeausoleilOntario,44.87,-79.868333,1900,Ontario,,CAN_DIA_ByPost_1900,by_post
1,Nil,"Blood AgencyNorth-West Territories, Manitoba and Keewatin",49.5,-113.2,1900, ,,CAN_DIA_ByPost_1900,by_post
1,Mallorytown,MallorytownOntario,44.533333,-75.866667,1900,Ontario,,CAN_DIA_ByPost_1900,by_post
1,Nil,Chapleau and PogamisingOntario,47.833333,-83.4,1900,Ontario,,CAN_DIA_ByPost_1900,by_post
1,Nil,BrandonManitoba,49.833333,-99.95,1900, ,,CAN_DIA_ByPost_1900,by_post
1,Nil,CalgaryAlberta,51.05,-114.066667,1900, ,,CAN_DIA_ByPost_1900,by_post
1,Nil,"CarltonNorth-West Territories, Manitoba and Keewatin",52.813,-106.489,1900,"Manitoba, Keewatin and Northwest Territories",,CAN_DIA_ByPost_1900,by_post
1,Lorette,LoretteQuebec,46.861472,-71.357111,1900,Quebec,,CAN_DIA_ByPost_1900,by_post
1,Nil,Fort FrancesOntario,48.616667,-93.4,1900, ,,CAN_DIA_ByPost_1900,by_post
1,Keene,KeeneOntario,44.233333,-78.233333,1900,Ontario,,CAN_DIA_ByPost_1900,by_post
1,Nil,"ClandeboyeNorth-West Territories, Manitoba and Keewatin",50.2428,-96.9732,1900, ,,CAN_DIA_ByPost_1900,by_post
1,Nil,Duck LakeSaskatchewan,52.816667,-106.233333,1900, ,,CAN_DIA_ByPost_1900,by_post
1,Nil,Duck LakeSaskatchewan,52.816667,-106.233333,1900,"Manitoba, Keewatin and Northwest Territories",,CAN_DIA_ByPost_1900,by_post
1,Nil,ElkhornManitoba,49.975556,-101.239444,1900, ,,CAN_DIA_ByPost_1900,by_post
1,Montreal Lake,"Montreal LakeManitoba, Keewatin and North-West Territories",54.333333,-105.666667,1900,"Manitoba, Keewatin and Northwest Territories",,CAN_DIA_ByPost_1900,by_post
1,New Westminster,New WestminsterBritish Columbia,49.206944,-122.911111,1900,British Columbia,,CAN_DIA_ByPost_1900,by_post
1,Newcastle,NewcastleNew Brunswick,46.983,-65.567,1900,New Brunswick,,CAN_DIA_ByPost_1900,by_post
1,N. Temiscaming,N. TemiscamingQuebec,48.233333,-79.016667,1900,Quebec,,CAN_DIA_ByPost_1900,by_post
1,Marysville,MarysvilleOntario,44.3,-77.2,1900,Ontario,,CAN_DIA_ByPost_1900,by_post
1,Maria,MariaQuebec,48.166667,-65.983333,1900,Quebec,,CAN_DIA_ByPost_1900,by_post
1,Nil,BattlefordSaskatchewan,52.738333,-108.315278,1900, ,,CAN_DIA_ByPost_1900,by_post
1,Nil,AlnwickOntario,44.083333,-78.033333,1900,Ontario,,CAN_DIA_ByPost_1900,by_post
1,Metlakahtla,MetlakatlaBritish Columbia,54.335833,-130.443333,1900,British Columbia,,CAN_DIA_ByPost_1900,by_post
1,Melfort,MelfortSaskatchewan,52.856389,-104.61,1900,"Manitoba, Keewatin and Northwest Territories",,CAN_DIA_ByPost_1900,by_post
1,Nil,Munsees of ThamesOntario,42.8,-81.483333,1900,Ontario,,CAN_DIA_ByPost_1900,by_post
1,Fredericton,FrecerictonNew Brunswick,45.95,-66.666667,1900,New Brunswick,,CAN_DIA_ByPost_1900,by_post
1,Nil,Moravians of the Thames Ontario,42.566667,-81.883333,1900,Ontario,,CAN_DIA_ByPost_1900,by_post
1,Fort Steele,Fort SteeleBritish Columbia,49.616667,-115.633333,1900,British Columbia,,CAN_DIA_ByPost_1900,by_post
1,Nil,Mississaguas of the CreditOntario,43.0,-80.1,1900,Ontario,,CAN_DIA_ByPost_1900,by_post
1,Glendale,GlendaleNova Scotia,45.815639,-61.313667,1900,Nova Scotia,,CAN_DIA_ByPost_1900,by_post
1,Gananoque,GananoqueOntario,44.33,-76.17,1900,Ontario,,CAN_DIA_ByPost_1900,by_post
1,Eureka,EurekaNova Scotia,45.498056,-62.686111,1900,Nova Scotia,,CAN_DIA_ByPost_1900,by_post
1,Nil,Oneidas of the Thames Ontario,42.816667,-81.4,1900,Ontario,,CAN_DIA_ByPost_1900,by_post
1,Nil,NawashOntario,44.908279,-81.022634,1900,Ontario,,CAN_DIA_ByPost_1900,by_post
1,Fort Frances,Fort FrancesOntario,48.616667,-93.4,1900,"Manitoba, Keewatin and Northwest Territories",,CAN_DIA_ByPost_1900,by_post
1,Nil,Nil,0.0,0.0,1900,"Manitoba, Keewatin and Northwest Territories",,CAN_DIA_ByPost_1900,by_post
1,Nil,"Lunenburg County, EastNova Scotia",44.383333,-64.316667,1900,Nova Scotia,,CAN_DIA_ByPost_1900,by_post
1,Heatherton,HeathertonNova Scotia,45.587856,-61.792089,1900,Nova Scotia,,CAN_DIA_ByPost_1900,by_post
1,Higgins Road,Higgins RoadPrince Edward Island,46.51813,-64.077,1900,Prince Edward Island,,CAN_DIA_ByPost_1900,by_post
1,Jeune Lorette,Jeune LoretteQuebec,46.861472,-71.357111,1900,Quebec,,CAN_DIA_ByPost_1900,by_post
1,Nil,GaspeQuebec,48.833333,-64.483333,1900,Quebec,,CAN_DIA_ByPost_1900,by_post
1,Nil,Garden RiverOntario,46.529722,-84.158889,1900,Ontario,,CAN_DIA_ByPost_1900,by_post
1,Gore Bay,Gore BayOntario,45.916667,-82.466667,1900,Ontario,,CAN_DIA_ByPost_1900,by_post
1,Nil,Malagwatch Reserve Nova Scotia,45.889444,-60.969444,1900,Nova Scotia,,CAN_DIA_ByPost_1900,by_post
1,Hazelton,HazeltonBritish Columbia,55.25,-127.666667,1900,British Columbia,,CAN_DIA_ByPost_1900,by_post
1,Nil,Mississagua River Ontario,46.174722,-83.016111,1900,Ontario,,CAN_DIA_ByPost_1900,by_post
1,Hagersville,HagersvilleOntario,42.95,-80.05,1900,Ontario,,CAN_DIA_ByPost_1900,by_post
1,Richibucto,RichibuctoNew Brunswick,46.659,-64.76,1900,New Brunswick,,CAN_DIA_ByPost_1900,by_post
1,Roseneath,RoseneathOntario,44.083333,-78.033333,1900,Ontario,,CAN_DIA_ByPost_1900,by_post
1,Saskatoon,SaskatoonSaskatchewan,52.133333,-106.683333,1900,"Manitoba, Keewatin and Northwest Territories",,CAN_DIA_ByPost_1900,by_post
1,Penetanguishene,PenetanguisheneOntario,44.766667,-79.933333,1900,Ontario,,CAN_DIA_ByPost_1900,by_post
1,River Desert,River DesertQuebec,46.333333,-75.966667,1900,Quebec,,CAN_DIA_ByPost_1900,by_post
1,Port Perry,Port PerryOntario,44.1,-78.95,1900,Ontario,,CAN_DIA_ByPost_1900,by_post
1,Port Arthur,Port ArthurOntario,48.45,-89.23,1900,Ontario,,CAN_DIA_ByPost_1900,by_post
1,Pictou,PictonNova Scotia,45.681389,-62.711944,1900,Nova Scotia,,CAN_DIA_ByPost_1900,by_post
1,Pierreville,PierrevilleQuebec,46.066667,-72.816667,1900,Quebec,,CAN_DIA_ByPost_1900,by_post
1,Poplar Hill,Poplar HillOntario,52.1,-94.3,1900,Ontario,,CAN_DIA_ByPost_1900,by_post
1,Pointe Blue,Pointe BleueQuebec,48.566667,-72.233333,1900,Quebec,,CAN_DIA_ByPost_1900,by_post
1,Rat Portage,Rat PortageOntario,49.766667,-94.483333,1900,"Manitoba, Keewatin and Northwest Territories",,CAN_DIA_ByPost_1900,by_post
1,Rat Portage,Rat PortageOntario,49.766667,-94.483333,1900,Ontario,,CAN_DIA_ByPost_1900,by_post
1,Qu'Appelle,"Qu'AppelleManitoba, Keewatin and Northwest Territories",50.541,-103.874,1900, ,,CAN_DIA_ByPost_1900,by_post
1,Sydney,SydneyNova Scotia,46.13631,-60.19551,1900,Nova Scotia,,CAN_DIA_ByPost_1900,by_post
1,Thessalon,ThessalonOntario,46.25,-83.55,1900,Ontario,,CAN_DIA_ByPost_1900,by_post
1,Virginia,VirginiaOntario,44.31657,-79.27771,1900,Ontario,,CAN_DIA_ByPost_1900,by_post
1,The Pas,The PasSaskatchewan,53.825,-101.253333,1900,"Manitoba, Keewatin and Northwest Territories",,CAN_DIA_ByPost_1900,by_post
1,Wiarton,WiartonOntario,44.743611,-81.140833,1900,Ontario,,CAN_DIA_ByPost_1900,by_post
1,Yarmouth,YarmouthNova Scotia,49.899444,-97.139167,1900,Nova Scotia,,CAN_DIA_ByPost_1900,by_post
1,Woodstock,WoodstockNew Brunswick,46.152222,-67.598333,1900,New Brunswick,,CAN_DIA_ByPost_1900,by_post
1,Wallaceburg,WallaceburgOntario,42.594722,-82.384167,1900,Ontario,,CAN_DIA_ByPost_1900,by_post
1,Whitewood,WhitewoodSaskatchewan,50.333333,-102.25,1900, ,,CAN_DIA_ByPost_1900,by_post
1,Whycocomagh,WhycocomaghNova Scotia,45.976686,-61.117972,1900,Nova Scotia,,CAN_DIA_ByPost_1900,by_post
1,Shelburne,ShelburneNova Scotia,43.763333,-65.323611,1900,Nova Scotia,,CAN_DIA_ByPost_1900,by_post
1,Sheet Harbour,Sheet HarbourNova Scotia,44.916667,-62.533333,1900,Nova Scotia,,CAN_DIA_ByPost_1900,by_post
1,Savona,SavonaBritish Columbia,50.75,-120.85,1900,British Columbia,,CAN_DIA_ByPost_1900,by_post
1,Sault Ste Marie,Sault Ste MarieOntario,46.533333,-84.35,1900,Ontario,,CAN_DIA_ByPost_1900,by_post
1,St. Alexis de Metapedia,St. Alexis de MetapediaQuebec,47.966667,-67.05,1900,Quebec,,CAN_DIA_ByPost_1900,by_post
1,Steam Mills,Steam MillsNova Scotia,45.109972,-64.514139,1900,Nova Scotia,,CAN_DIA_ByPost_1900,by_post
1,St. Francois du Lac,St. Francois du LacQuebec,46.066667,-72.833333,1900,Quebec,,CAN_DIA_ByPost_1900,by_post
1,St. Peters,St. PetersNova Scotia,45.663964,-60.894469,1900,Nova Scotia,,CAN_DIA_ByPost_1900,by_post
1,St. Peter's,St. PetersNova Scotia,45.663964,-60.894469,1900,Nova Scotia,,CAN_DIA_ByPost_1900,by_post
54,Ottawa,OttawaOntario,45.416667,-75.683333,1905,Ontario,,CAN_DIA_ByPost_1905,by_post
15,Macleod,MacleodAlberta,49.725583,-113.397528,1905,"Manitoba, Keewatin and Northwest Territories",,CAN_DIA_ByPost_1905,by_post
11,Winnipeg,WinnipegManitoba,49.899444,-97.139167,1905,"Manitoba, Keewatin and Northwest Territories",,CAN_DIA_ByPost_1905,by_post
10,Battleford,BattlefordSaskatchewan,52.738333,-108.315278,1905,"Manitoba, Keewatin and Northwest Territories",,CAN_DIA_ByPost_1905,by_post
9,Balcarres,BalcarresSaskatchewan,50.8,-103.55,1905,"Manitoba, Keewatin and Northwest Territories",,CAN_DIA_ByPost_1905,by_post
8,Hollbroke,"HollbrokeManitoba, Keewatin and Northwest Territories",52.826667,-113.451667,1905,"Manitoba, Keewatin and Northwest Territories",,CAN_DIA_ByPost_1905,by_post
7,Mistawasis,MistawasisSaskatchewan,53.162778,-106.802778,1905,"Manitoba, Keewatin and Northwest Territories",,CAN_DIA_ByPost_1905,by_post
7,Calgary,CalgaryAlberta,51.05,-114.066667,1905,"Manitoba, Keewatin and Northwest Territories",,CAN_DIA_ByPost_1905,by_post
7,Duck Lake,Duck LakeSaskatchewan,52.816667,-106.233333,1905,"Manitoba, Keewatin and Northwest Territories",,CAN_DIA_ByPost_1905,by_post
6,Broadview,BroadviewSaskatchewan,50.376,-102.579,1905,"Manitoba, Keewatin and Northwest Territories",,CAN_DIA_ByPost_1905,by_post
6,Kutawa,KutawaSaskatchewan,51.41666,-104.22305,1905,"Manitoba, Keewatin and Northwest Territories",,CAN_DIA_ByPost_1905,by_post
6,Victoria,VictoriaBritish Columbia,48.422,-123.365,1905,British Columbia,,CAN_DIA_ByPost_1905,by_post
5,Gleichen,GleichenAlberta,50.866111,-113.054722,1905,"Manitoba, Keewatin and Northwest Territories",,CAN_DIA_ByPost_1905,by_post
5,Edmonton,EdmontonAlberta,53.533333,-113.5,1905,"Manitoba, Keewatin and Northwest Territories",,CAN_DIA_ByPost_1905,by_post
5,Cote,"CoteManitoba, Keewatin and Northwest Territories",51.565,-101.894722,1905,"Manitoba, Keewatin and Northwest Territories",,CAN_DIA_ByPost_1905,by_post
5,Brantford,BrantfordOntario,43.166667,-80.25,1905,Ontario,,CAN_DIA_ByPost_1905,by_post
5,Onion Lake Agency,Onion LakeSaskatchewan,53.7166638,-110.0,1905,"Manitoba, Keewatin and Northwest Territories",,CAN_DIA_ByPost_1905,by_post
5,Saddle Lake,Saddle LakeAlberta,53.968333,-111.691944,1905,"Manitoba, Keewatin and Northwest Territories",,CAN_DIA_ByPost_1905,by_post
5,Prince Albert,Prince AlbertSaskatchewan,53.2,-105.75,1905,"Manitoba, Keewatin and Northwest Territories",,CAN_DIA_ByPost_1905,by_post
4,Birtle,BirtleManitoba,50.4225,-101.0475,1905,"Manitoba, Keewatin and Northwest Territories",,CAN_DIA_ByPost_1905,by_post
4,Nil,Nil,0.0,0.0,1905, ,,CAN_DIA_ByPost_1905,by_post
4,Portage la Prairie,Portage la PrairieManitoba,49.972778,-98.291944,1905,"Manitoba, Keewatin and Northwest Territories",,CAN_DIA_ByPost_1905,by_post
3,Fredericton,FrecerictonNew Brunswick,45.95,-66.666667,1905,New Brunswick,,CAN_DIA_ByPost_1905,by_post
3,New Westminster,New WestminsterBritish Columbia,49.206944,-122.911111,1905,British Columbia,,CAN_DIA_ByPost_1905,by_post
3,Newcastle,NewcastleNew Brunswick,46.983,-65.567,1905,New Brunswick,,CAN_DIA_ByPost_1905,by_post
3,Morley,MorleyAlberta,51.16153,-114.85095,1905,"Manitoba, Keewatin and Northwest Territories",,CAN_DIA_ByPost_1905,by_post
3,Nil,Manitoulin IslandOntario,45.766667,-82.2,1905,Ontario,,CAN_DIA_ByPost_1905,by_post
3,Ottawa,OttawaOntario,45.416667,-75.683333,1905,"Manitoba, Keewatin and Northwest Territories",,CAN_DIA_ByPost_1905,by_post
3,Carlyle,CarlyleSaskatchewan,49.633333,-102.266667,1905,"Manitoba, Keewatin and Northwest Territories",,CAN_DIA_ByPost_1905,by_post
2,Annapolis,AnnapolisNova Scotia,44.741667,-65.515278,1905,Nova Scotia,,CAN_DIA_ByPost_1905,by_post
2,Baddeck,BaddeckNova Scotia,46.1,-60.754167,1905,Nova Scotia,,CAN_DIA_ByPost_1905,by_post
2,Alberni,AlberniBritish Columbia,49.233889,-124.805,1905,British Columbia,,CAN_DIA_ByPost_1905,by_post
2,Manitowaning,ManitowaningOntario,45.733333,-81.8,1905,Ontario,,CAN_DIA_ByPost_1905,by_post
2,Fort Steele,Fort SteeleBritish Columbia,49.616667,-115.633333,1905,British Columbia,,CAN_DIA_ByPost_1905,by_post
2,Fort Frances,Fort FrancesOntario,48.616667,-93.4,1905,"Manitoba, Keewatin and Northwest Territories",,CAN_DIA_ByPost_1905,by_post
2,Bear River,Bear RiverNova Scotia,44.572222,-65.643889,1905,Nova Scotia,,CAN_DIA_ByPost_1905,by_post
2,Hazelton,HazeltonBritish Columbia,55.25,-127.666667,1905,British Columbia,,CAN_DIA_ByPost_1905,by_post
2,Parrsboro,ParrsboroNova Scotia,45.405833,-64.325833,1905,Nova Scotia,,CAN_DIA_ByPost_1905,by_post
2,Nil,Bay of QuinteOntario,44.15,-77.25,1905,Ontario,,CAN_DIA_ByPost_1905,by_post
2,Shubenacadie,ShubenacadieNova Scotia,45.139883,-63.417547,1905,Nova Scotia,,CAN_DIA_ByPost_1905,by_post
2,Tobique,TobiqueNew Brunswick,46.8,-67.6,1905,New Brunswick,,CAN_DIA_ByPost_1905,by_post
2,St. Peter's,St. PetersNova Scotia,45.663964,-60.894469,1905,Nova Scotia,,CAN_DIA_ByPost_1905,by_post
2,The Pas,The PasSaskatchewan,53.825,-101.253333,1905,"Manitoba, Keewatin and Northwest Territories",,CAN_DIA_ByPost_1905,by_post
2,Sintaluta,SintalutaSaskatchewan,50.483333,-103.433333,1905,"Manitoba, Keewatin and Northwest Territories",,CAN_DIA_ByPost_1905,by_post
2,St. Regis,St. RegisQuebec,44.971111,-74.641944,1905,Quebec,,CAN_DIA_ByPost_1905,by_post
2,Rexton,RextonNew Brunswick,46.633333,-64.866667,1905,New Brunswick,,CAN_DIA_ByPost_1905,by_post
2,Richibucto,RichibuctoNew Brunswick,46.659,-64.76,1905,New Brunswick,,CAN_DIA_ByPost_1905,by_post
2,Qu'Appelle,"Qu'AppelleManitoba, Keewatin and Northwest Territories",50.541,-103.874,1905,"Manitoba, Keewatin and Northwest Territories",,CAN_DIA_ByPost_1905,by_post
2,Sarnia,SarniaOntario,42.999444,-82.308889,1905,Ontario,,CAN_DIA_ByPost_1905,by_post
2,Pointe Bleue,Pointe BleueQuebec,48.566667,-72.233333,1905,Quebec,,CAN_DIA_ByPost_1905,by_post
2,Truro,TruroNova Scotia,45.364722,-63.28,1905,Nova Scotia,,CAN_DIA_ByPost_1905,by_post
1,Chippawa Hill,Chippawa HillOntario,48.34583333,-89.30277778,1905,Ontario,,CAN_DIA_ByPost_1905,by_post
1,Chemainus,ChemainusBritish Columbia,48.916667,-123.7,1905,British Columbia,,CAN_DIA_ByPost_1905,by_post
1,Chicoutimi,ChicoutimiQuebec,48.427778,-71.059167,1905,Quebec,,CAN_DIA_ByPost_1905,by_post
1,Chester,ChesterNova Scotia,44.540278,-64.239722,1905,Nova Scotia,,CAN_DIA_ByPost_1905,by_post
1,Church Point,Church PointNew Brunswick,48.00000003,-66.73333301,1905,New Brunswick,,CAN_DIA_ByPost_1905,by_post
1,Christmas Island,Christmas IslandNova Scotia,45.972311,-60.748333,1905,Nova Scotia,,CAN_DIA_ByPost_1905,by_post
1,Canning,CanningNova Scotia,45.157917,-64.424167,1905,Nova Scotia,,CAN_DIA_ByPost_1905,by_post
1,Nil,Serpent and Spanish RiverOntario,46.183333,-82.55,1905,Ontario,,CAN_DIA_ByPost_1905,by_post
1,Nil,ScugogOntario,44.09,-78.936,1905,Ontario,,CAN_DIA_ByPost_1905,by_post
1,Nil,SaugeenOntario,44.433333,-81.366667,1905,Ontario,,CAN_DIA_ByPost_1905,by_post
1,Chatham,ChathamNew Brunswick,47.033,-65.433,1905,New Brunswick,,CAN_DIA_ByPost_1905,by_post
1,Caughnawaga,CaughnawagaQuebec,45.416667,-73.683333,1905,Quebec,,CAN_DIA_ByPost_1905,by_post
1,Dominion City,Dominion CityManitoba,49.141944,-97.155556,1905,"Manitoba, Keewatin and Northwest Territories",,CAN_DIA_ByPost_1905,by_post
1,Nil,RamaOntario,44.702734,-79.339592,1905,Ontario,,CAN_DIA_ByPost_1905,by_post
1,Duart,DuartOntario,42.502,-81.7519,1905,Ontario,,CAN_DIA_ByPost_1905,by_post
1,Edmundston,EdmundstonNew Brunswick,47.3765,-68.325347,1905,New Brunswick,,CAN_DIA_ByPost_1905,by_post
1,Nil,Oneidas of the Thames Ontario,42.816667,-81.4,1905,Ontario,,CAN_DIA_ByPost_1905,by_post
1,Nil,River DesertQuebec,46.333333,-75.966667,1905,Quebec,,CAN_DIA_ByPost_1905,by_post
1,Cowichan,CowichanBritish Columbia,48.75,-123.6,1905,British Columbia,,CAN_DIA_ByPost_1905,by_post
1,Clinton,ClintonBritish Columbia,51.091389,-121.586667,1905,British Columbia,,CAN_DIA_ByPost_1905,by_post
1,Comox,ComoxBritish Columbia,49.673333,-124.902222,1905,British Columbia,,CAN_DIA_ByPost_1905,by_post
1,Delaware,DelawareOntario,42.908333,-81.416667,1905,Ontario,,CAN_DIA_ByPost_1905,by_post
1,Nil,Rice LakeOntario,44.183333,-78.166667,1905,Ontario,,CAN_DIA_ByPost_1905,by_post
1,Deseronto,DeserontoOntario,44.2,-77.05,1905,Ontario,,CAN_DIA_ByPost_1905,by_post
1,Dalhousie,DalhousieNew Brunswick,48.1,-66.616667,1905,New Brunswick,,CAN_DIA_ByPost_1905,by_post
1,Bathurst Village,Bathurst VillageNew Brunswick,47.62,-65.65,1905,New Brunswick,,CAN_DIA_ByPost_1905,by_post
1,Nil,Thessalon RiverOntario,46.307978,-83.64526,1905,Ontario,,CAN_DIA_ByPost_1905,by_post
1,Bartibog Bridge,Bartibog BridgeNew Brunswick,47.099,-65.348,1905,New Brunswick,,CAN_DIA_ByPost_1905,by_post
1,Orillia,OrilliaOntario,44.6,-79.416667,1905,Ontario,,CAN_DIA_ByPost_1905,by_post
1,Oromocto,OromoctoNew Brunswick,45.84878,-66.47879,1905,New Brunswick,,CAN_DIA_ByPost_1905,by_post
1,Balgonie,BalgonieSaskatchewan,50.488,-104.269,1905,"Manitoba, Keewatin and Northwest Territories",,CAN_DIA_ByPost_1905,by_post
1,Becancour,BecancourQuebec,46.333333,-72.433333,1905,Quebec,,CAN_DIA_ByPost_1905,by_post
1,Onion Lake,Onion LakeSaskatchewan,53.7166638,-110.0,1905,"Manitoba, Keewatin and Northwest Territories",,CAN_DIA_ByPost_1905,by_post
1,Andover,AndoverNew Brunswick,46.73927,-67.6984,1905,New Brunswick,,CAN_DIA_ByPost_1905,by_post
1,Alert Bay,Alert BayBritish Columbia,50.5825,-126.925278,1905,British Columbia,,CAN_DIA_ByPost_1905,by_post
1,150 Mile House,"150-Mile House, CaribouBritish Columbia",52.105556,-121.927778,1905,British Columbia,,CAN_DIA_ByPost_1905,by_post
1,Ashcroft,AshcroftBritish Columbia,50.725556,-121.280556,1905,British Columbia,,CAN_DIA_ByPost_1905,by_post
1,Antigonish,AntigonishNova Scotia,45.626522,-61.998253,1905,Nova Scotia,,CAN_DIA_ByPost_1905,by_post
1,Nil,Walpole IslandOntario,42.55,-82.483333,1905,Ontario,,CAN_DIA_ByPost_1905,by_post
1,Burnt Church,Burnt ChurchNew Brunswick,47.197917,-65.14825,1905,New Brunswick,,CAN_DIA_ByPost_1905,by_post
1,Buctouche,BuctoucheNew Brunswick,46.4719,-64.7249,1905,New Brunswick,,CAN_DIA_ByPost_1905,by_post
1,Bridgewater,BridgewaterNova Scotia,44.37,-64.52,1905,Nova Scotia,,CAN_DIA_ByPost_1905,by_post
1,Nil,Whitefish LakeOntario,48.218,-90.0,1905,Ontario,,CAN_DIA_ByPost_1905,by_post
1,Caledonia,CaledoniaNova Scotia,44.378889,-65.032222,1905,Nova Scotia,,CAN_DIA_ByPost_1905,by_post
1,Nil,Snake IslandOntario,44.316667,-79.483333,1905,Ontario,,CAN_DIA_ByPost_1905,by_post
1,Cacouna,CacounaQuebec,47.916667,-69.5,1905,Quebec,,CAN_DIA_ByPost_1905,by_post
1,Norway House,Norway HouseManitoba,53.990278,-97.815556,1905,"Manitoba, Keewatin and Northwest Territories",,CAN_DIA_ByPost_1905,by_post
1,Oka,OkaQuebec,45.466667,-74.083333,1905,Quebec,,CAN_DIA_ByPost_1905,by_post
1,Bella Bella,Bella BellaBritish Columbia,52.161944,-128.145,1905,British Columbia,,CAN_DIA_ByPost_1905,by_post
1,Bersimis,BersimisQuebec,48.95,-68.65,1905,Quebec,,CAN_DIA_ByPost_1905,by_post
1,Bella Coola,Bella CoolaBritish Columbia,52.366667,-126.75,1905,British Columbia,,CAN_DIA_ByPost_1905,by_post
1,Belleville,BellevilleOntario,44.166667,-77.383333,1905,Ontario,,CAN_DIA_ByPost_1905,by_post
1,Brandon,BrandonManitoba,49.833333,-99.95,1905,"Manitoba, Keewatin and Northwest Territories",,CAN_DIA_ByPost_1905,by_post
1,Ohsweken,OhswekenOntario,43.066667,-80.116667,1905,Ontario,,CAN_DIA_ByPost_1905,by_post
1,Lillooet,LillooetBritish Columbia,50.686389,-121.936389,1905,British Columbia,,CAN_DIA_ByPost_1905,by_post
1,Lesser Slave Lake,Lesser Slave LakeAlberta,55.440556,-115.488611,1905,"Manitoba, Keewatin and Northwest Territories",,CAN_DIA_ByPost_1905,by_post
1,Liverpool,LiverpoolNova Scotia,44.0375,-64.713889,1905,Nova Scotia,,CAN_DIA_ByPost_1905,by_post
1,Nil,Chapleau and PogamisingOntario,47.833333,-83.4,1905,Ontario,,CAN_DIA_ByPost_1905,by_post
1,Nil,BeausoleilOntario,44.87,-79.868333,1905,Ontario,,CAN_DIA_ByPost_1905,by_post
1,Mallorytown,MallorytownOntario,44.533333,-75.866667,1905,Ontario,,CAN_DIA_ByPost_1905,by_post
1,Ladner,LadnerBritish Columbia,49.090278,-123.08,1905,British Columbia,,CAN_DIA_ByPost_1905,by_post
1,Lorette,LoretteQuebec,46.861472,-71.357111,1905,Quebec,,CAN_DIA_ByPost_1905,by_post
1,Kenora,KenoraOntario,49.766667,-94.483333,1905,"Manitoba, Keewatin and Northwest Territories",,CAN_DIA_ByPost_1905,by_post
1,Kilowna,KilownaBritish Columbia,49.883611,-119.493333,1905,British Columbia,,CAN_DIA_ByPost_1905,by_post
1,Killaloe,KillaloeOntario,45.5645,-77.4196,1905,Ontario,,CAN_DIA_ByPost_1905,by_post
1,Kamsack,KamsackSaskatchewan,51.565,-101.894722,1905,"Manitoba, Keewatin and Northwest Territories",,CAN_DIA_ByPost_1905,by_post
1,Kamloops,KamloopsBritish Columbia,50.676111,-120.340833,1905,British Columbia,,CAN_DIA_ByPost_1905,by_post
1,Nil,Fort WilliamOntario,48.38,-89.28,1905,Ontario,,CAN_DIA_ByPost_1905,by_post
1,Keene,KeeneOntario,44.233333,-78.233333,1905,Ontario,,CAN_DIA_ByPost_1905,by_post
1,Kinistino,KinistinoSaskatchewan,52.95,-105.03,1905,"Manitoba, Keewatin and Northwest Territories",,CAN_DIA_ByPost_1905,by_post
1,Moose Jaw,MoosejawSaskatchewan,50.393333,-105.551944,1905,"Manitoba, Keewatin and Northwest Territories",,CAN_DIA_ByPost_1905,by_post
1,Nicola,NicolaBritish Columbia,50.166667,-120.516667,1905,British Columbia,,CAN_DIA_ByPost_1905,by_post
1,Montreal,MontrealQuebec,45.5,-73.566667,1905,Quebec,,CAN_DIA_ByPost_1905,by_post
1,Moncton,MonctonNew Brunswick,46.132778,-64.771389,1905,New Brunswick,,CAN_DIA_ByPost_1905,by_post
1,Nanaimo,NanaimoBritish Columbia,49.164167,-123.936389,1905,British Columbia,,CAN_DIA_ByPost_1905,by_post
1,N. Timiskaming,N. TemiscamingQuebec,48.233333,-79.016667,1905,Quebec,,CAN_DIA_ByPost_1905,by_post
1,Mission City,Mission CityBritish Columbia,49.133694,-122.311167,1905,British Columbia,,CAN_DIA_ByPost_1905,by_post
1,Metlakahtla,MetlakatlaBritish Columbia,54.335833,-130.443333,1905,British Columbia,,CAN_DIA_ByPost_1905,by_post
1,Mingan,MinganQuebec,50.3,-64.033333,1905,Quebec,,CAN_DIA_ByPost_1905,by_post
1,Nil,AlnwickOntario,44.083333,-78.033333,1905,Ontario,,CAN_DIA_ByPost_1905,by_post
1,McIver,McIverOntario,44.86827,-81.09898,1905,Ontario,,CAN_DIA_ByPost_1905,by_post
1,Mattawa,MattawaOntario,46.316667,-78.7,1905,Ontario,,CAN_DIA_ByPost_1905,by_post
1,Nil,Moravians of the Thames Ontario,42.566667,-81.883333,1905,Ontario,,CAN_DIA_ByPost_1905,by_post
1,Nil,Munsees of ThamesOntario,42.8,-81.483333,1905,Ontario,,CAN_DIA_ByPost_1905,by_post
1,Nil,Mississaguas of the CreditOntario,43.0,-80.1,1905,Ontario,,CAN_DIA_ByPost_1905,by_post
1,Glendale,GlendaleNova Scotia,45.815639,-61.313667,1905,Nova Scotia,,CAN_DIA_ByPost_1905,by_post
1,Gananoque,GananoqueOntario,44.33,-76.17,1905,Ontario,,CAN_DIA_ByPost_1905,by_post
1,Fairview,FairviewBritish Columbia,49.175,-119.6,1905,British Columbia,,CAN_DIA_ByPost_1905,by_post
1,Eureka,EurekaNova Scotia,45.498056,-62.686111,1905,Nova Scotia,,CAN_DIA_ByPost_1905,by_post
1,Elkhorn,ElkhornManitoba,49.975556,-101.239444,1905,"Manitoba, Keewatin and Northwest Territories",,CAN_DIA_ByPost_1905,by_post
1,Eganville,EganvilleOntario,45.533333,-77.1,1905,Ontario,,CAN_DIA_ByPost_1905,by_post
1,Nil,NawashOntario,44.908279,-81.022634,1905,Ontario,,CAN_DIA_ByPost_1905,by_post
1,Fort Qu'Appelle,Fort Qu'AppelleSaskatchewan,50.7667,-103.7833,1905,"Manitoba, Keewatin and Northwest Territories",,CAN_DIA_ByPost_1905,by_post
1,Higgins Road,Higgins RoadPrince Edward Island,46.51813,-64.077,1905,Prince Edward Island,,CAN_DIA_ByPost_1905,by_post
1,Nil,GaspeQuebec,48.833333,-64.483333,1905,Quebec,,CAN_DIA_ByPost_1905,by_post
1,Heatherton,HeathertonNova Scotia,45.587856,-61.792089,1905,Nova Scotia,,CAN_DIA_ByPost_1905,by_post
1,Hedley City,HedleyBritish Columbia,49.358056,-120.075833,1905,British Columbia,,CAN_DIA_ByPost_1905,by_post
1,Nil,Hants CountyNova Scotia,45.1,-63.9,1905,Nova Scotia,,CAN_DIA_ByPost_1905,by_post
1,Jeune Lorette,Jeune LoretteQuebec,46.861472,-71.357111,1905,Quebec,,CAN_DIA_ByPost_1905,by_post
1,Indian Ford,"Indian FordManitoba, Keewatin and Northwest Territories",49.70938,-98.59707,1905,"Manitoba, Keewatin and Northwest Territories",,CAN_DIA_ByPost_1905,by_post
1,Nil,Garden RiverOntario,46.529722,-84.158889,1905,Ontario,,CAN_DIA_ByPost_1905,by_post
1,Grand Cascapedia,Grand CascapediaQuebec,48.186944,-65.912222,1905,Quebec,,CAN_DIA_ByPost_1905,by_post
1,Gore Bay,Gore BayOntario,45.916667,-82.466667,1905,Ontario,,CAN_DIA_ByPost_1905,by_post
1,Harrison,HarrisonBritish Columbia,49.233333,-121.983333,1905,British Columbia,,CAN_DIA_ByPost_1905,by_post
1,Parry Sound,Parry IslandOntario,45.283333,-80.15,1905,Ontario,,CAN_DIA_ByPost_1905,by_post
1,Nil,Malagwatch Reserve Nova Scotia,45.889444,-60.969444,1905,Nova Scotia,,CAN_DIA_ByPost_1905,by_post
1,Hagersville,HagersvilleOntario,42.95,-80.05,1905,Ontario,,CAN_DIA_ByPost_1905,by_post
1,Roseneath,RoseneathOntario,44.083333,-78.033333,1905,Ontario,,CAN_DIA_ByPost_1905,by_post
1,Regina,ReginaSaskatchewan,50.454722,-104.606667,1905,"Manitoba, Keewatin and Northwest Territories",,CAN_DIA_ByPost_1905,by_post
1,Penetanguisheene,PenetanguisheneOntario,44.766667,-79.933333,1905,Ontario,,CAN_DIA_ByPost_1905,by_post
1,River Desert,River DesertQuebec,46.333333,-75.966667,1905,Quebec,,CAN_DIA_ByPost_1905,by_post
1,Port Perry,Port PerryOntario,44.1,-78.95,1905,Ontario,,CAN_DIA_ByPost_1905,by_post
1,Port Arthur,Port ArthurOntario,48.45,-89.23,1905,Ontario,,CAN_DIA_ByPost_1905,by_post
1,Port Essington,Port EssingtonBritish Columbia,54.15,-129.95,1905,British Columbia,,CAN_DIA_ByPost_1905,by_post
1,Port Simpson,Port RenfrewBritish Columbia,48.558611,-124.39916,1905,British Columbia,,CAN_DIA_ByPost_1905,by_post
1,Pointe a la Garde,Pointe a la GardeQuebec,48.116667,-66.483333,1905,Quebec,,CAN_DIA_ByPost_1905,by_post
1,Pierreville,PierrevilleQuebec,46.066667,-72.816667,1905,Quebec,,CAN_DIA_ByPost_1905,by_post
1,Pictou,PictonNova Scotia,45.681389,-62.711944,1905,Nova Scotia,,CAN_DIA_ByPost_1905,by_post
1,Quebec,QuebecQuebec,46.816667,-71.216667,1905,Quebec,,CAN_DIA_ByPost_1905,by_post
1,Rat Portage,Rat PortageOntario,49.766667,-94.483333,1905,"Manitoba, Keewatin and Northwest Territories",,CAN_DIA_ByPost_1905,by_post
1,Red Deer,Red DeerAlberta,52.268056,-113.811111,1905,"Manitoba, Keewatin and Northwest Territories",,CAN_DIA_ByPost_1905,by_post
1,Saskatoon,SaskatoonSaskatchewan,52.133333,-106.683333,1905,"Manitoba, Keewatin and Northwest Territories",,CAN_DIA_ByPost_1905,by_post
1,Perth Centre,Tobique ReserveNew Brunswick,0.0,0.0,1905,New Brunswick,,CAN_DIA_ByPost_1905,by_post
1,Quamichan,QuamichanBritish Columbia,48.79972222,-123.6619444,1905,British Columbia,,CAN_DIA_ByPost_1905,by_post
1,Vancouver,VancouverBritish Columbia,49.25,-123.1,1905,British Columbia,,CAN_DIA_ByPost_1905,by_post
1,Vernon,VernonBritish Columbia,50.267,-119.272,1905,British Columbia,,CAN_DIA_ByPost_1905,by_post
1,Swan Lake,Swan LakesManitoba,52.516667,-100.75,1905,"Manitoba, Keewatin and Northwest Territories",,CAN_DIA_ByPost_1905,by_post
1,Ucluelet,UclueletBritish Columbia,48.935,-125.541944,1905,British Columbia,,CAN_DIA_ByPost_1905,by_post
1,Sydney,SydneyNova Scotia,46.13631,-60.19551,1905,Nova Scotia,,CAN_DIA_ByPost_1905,by_post
1,"Sydney, C.B",SydneyNova Scotia,46.13631,-60.19551,1905,Nova Scotia,,CAN_DIA_ByPost_1905,by_post
1,Telegraph Creek,Telegraph CreekBritish Columbia,57.9,-131.15,1905,British Columbia,,CAN_DIA_ByPost_1905,by_post
1,Thessalon,ThessalonOntario,46.25,-83.55,1905,Ontario,,CAN_DIA_ByPost_1905,by_post
1,Wiarton,WiartonOntario,44.743611,-81.140833,1905,Ontario,,CAN_DIA_ByPost_1905,by_post
1,Yarmouth,YarmouthNova Scotia,49.899444,-97.139167,1905,Nova Scotia,,CAN_DIA_ByPost_1905,by_post
1,Woodstock,WoodstockNew Brunswick,46.152222,-67.598333,1905,New Brunswick,,CAN_DIA_ByPost_1905,by_post
1,Wallaceburg,WallaceburgOntario,42.594722,-82.384167,1905,Ontario,,CAN_DIA_ByPost_1905,by_post
1,Whitewood,WhitewoodSaskatchewan,50.333333,-102.25,1905,"Manitoba, Keewatin and Northwest Territories",,CAN_DIA_ByPost_1905,by_post
1,Whycocomagh,WhycocomaghNova Scotia,45.976686,-61.117972,1905,Nova Scotia,,CAN_DIA_ByPost_1905,by_post
1,Weymouth,WeymouthNova Scotia,44.40489,-65.99861,1905,Nova Scotia,,CAN_DIA_ByPost_1905,by_post
1,Spallumcheen,SpallumcheenBritish Columbia,50.433333,-119.21666,1905,British Columbia,,CAN_DIA_ByPost_1905,by_post
1,St. Albert,St. AlbertAlberta,53.630278,-113.625833,1905,"Manitoba, Keewatin and Northwest Territories",,CAN_DIA_ByPost_1905,by_post
1,Sault Ste. Marie,Sault Ste MarieOntario,46.533333,-84.35,1905,Ontario,,CAN_DIA_ByPost_1905,by_post
1,Shediac,ShediacNew Brunswick,46.216667,-64.533333,1905,New Brunswick,,CAN_DIA_ByPost_1905,by_post
1,Savona,SavonaBritish Columbia,50.75,-120.85,1905,British Columbia,,CAN_DIA_ByPost_1905,by_post
1,Selkirk,SelkirkManitoba,50.143611,-96.883889,1905,"Manitoba, Keewatin and Northwest Territories",,CAN_DIA_ByPost_1905,by_post
1,Stonewall,StonewallManitoba,50.134444,-97.326111,1905,"Manitoba, Keewatin and Northwest Territories",,CAN_DIA_ByPost_1905,by_post
1,Steveston,StevestonBritish Columbia,49.1275,-123.181389,1905,British Columbia,,CAN_DIA_ByPost_1905,by_post
1,Steam Mills,Steam MillsNova Scotia,45.109972,-64.514139,1905,Nova Scotia,,CAN_DIA_ByPost_1905,by_post
1,Sussex,SussexNew Brunswick,45.716667,-65.516667,1905,New Brunswick,,CAN_DIA_ByPost_1905,by_post
1,Sutton West,Sutton WestOntario,44.305,-79.358056,1905,Ontario,,CAN_DIA_ByPost_1905,by_post
1,Sturgeon Falls,Sturgeon FallsOntario,46.3679478,-79.9247299,1905,Ontario,,CAN_DIA_ByPost_1905,by_post
1,St. Francois du Lac,St. Francois du LacQuebec,46.066667,-72.833333,1905,Quebec,,CAN_DIA_ByPost_1905,by_post
1,St. Urbain,St. UrbainQuebec,47.55,-70.533333,1905,Quebec,,CAN_DIA_ByPost_1905,by_post
78,Ottawa,OttawaOntario,45.416667,-75.683333,1910,Ontario,,CAN_DIA_ByPost_1910,by_post
20,Macleod,MacleodAlberta,49.725583,-113.397528,1910,Alberta,,CAN_DIA_ByPost_1910,by_post
10,Battleford,BattlefordSaskatchewan,52.738333,-108.315278,1910,"Manitoba, Keewatin, Saskatchewan and Alberta",,CAN_DIA_ByPost_1910,by_post
9,Mistawasis,MistawasisSaskatchewan,53.162778,-106.802778,1910,"Manitoba, Keewatin, Saskatchewan and Alberta",,CAN_DIA_ByPost_1910,by_post
8,Calgary,CalgaryAlberta,51.05,-114.066667,1910,"Manitoba, Keewatin, Saskatchewan and Alberta",,CAN_DIA_ByPost_1910,by_post
8,Saddle Lake,Saddle LakeAlberta,53.968333,-111.691944,1910,"Manitoba, Keewatin, Saskatchewan and Alberta",,CAN_DIA_ByPost_1910,by_post
7,Balcarres,BalcarresSaskatchewan,50.8,-103.55,1910,"Manitoba, Keewatin, Saskatchewan and Alberta",,CAN_DIA_ByPost_1910,by_post
7,Duck Lake,Duck LakeSaskatchewan,52.816667,-106.233333,1910,"Manitoba, Keewatin, Saskatchewan and Alberta",,CAN_DIA_ByPost_1910,by_post
7,Broadview,BroadviewSaskatchewan,50.376,-102.579,1910,"Manitoba, Keewatin, Saskatchewan and Alberta",,CAN_DIA_ByPost_1910,by_post
7,Kutawa,KutawaSaskatchewan,51.41666,-104.22305,1910,"Manitoba, Keewatin, Saskatchewan and Alberta",,CAN_DIA_ByPost_1910,by_post
7,Onion Lake,Onion LakeSaskatchewan,53.7166638,-110.0,1910,"Manitoba, Keewatin, Saskatchewan and Alberta",,CAN_DIA_ByPost_1910,by_post
7,Victoria,VictoriaBritish Columbia,48.422,-123.365,1910,British Columbia,,CAN_DIA_ByPost_1910,by_post
7,Ponoka,"PonokaManitoba, Keewatin, Saskatchewan and Alberta",52.683333,-113.566667,1910,"Manitoba, Keewatin, Saskatchewan and Alberta",,CAN_DIA_ByPost_1910,by_post
6,Winnipeg,WinnipegManitoba,49.899444,-97.139167,1910,"Manitoba, Keewatin, Saskatchewan and Alberta",,CAN_DIA_ByPost_1910,by_post
5,Morley,MorleyAlberta,51.16153,-114.85095,1910,"Manitoba, Keewatin, Saskatchewan and Alberta",,CAN_DIA_ByPost_1910,by_post
5,Edmonton,EdmontonAlberta,53.533333,-113.5,1910,"Manitoba, Keewatin, Saskatchewan and Alberta",,CAN_DIA_ByPost_1910,by_post
5,Kamsack,KamsackSaskatchewan,51.565,-101.894722,1910,"Manitoba, Keewatin, Saskatchewan and Alberta",,CAN_DIA_ByPost_1910,by_post
5,Brantford,BrantfordOntario,43.166667,-80.25,1910,Ontario,,CAN_DIA_ByPost_1910,by_post
4,Fort Frances,Fort FrancesOntario,48.616667,-93.4,1910,"Manitoba, Keewatin, Saskatchewan and Alberta",,CAN_DIA_ByPost_1910,by_post
4,Prince Albert,Prince AlbertSaskatchewan,53.2,-105.75,1910,"Manitoba, Keewatin, Saskatchewan and Alberta",,CAN_DIA_ByPost_1910,by_post
3,Gore Bay,Gore BayOntario,45.916667,-82.466667,1910,Ontario,,CAN_DIA_ByPost_1910,by_post
3,Gleichen,GleichenAlberta,50.866111,-113.054722,1910,"Manitoba, Keewatin, Saskatchewan and Alberta",,CAN_DIA_ByPost_1910,by_post
3,Nanaimo,NanaimoBritish Columbia,49.164167,-123.936389,1910,British Columbia,,CAN_DIA_ByPost_1910,by_post
3,Grouard,GrouardAlberta,55.520278,-116.161111,1910,Alberta,,CAN_DIA_ByPost_1910,by_post
3,Griswold,GriswoldManitoba,49.775,-100.470833,1910,"Manitoba, Keewatin, Saskatchewan and Alberta",,CAN_DIA_ByPost_1910,by_post
3,Kenora,KenoraOntario,49.766667,-94.483333,1910,"Manitoba, Keewatin, Saskatchewan and Alberta",,CAN_DIA_ByPost_1910,by_post
3,Gleichen,GleichenAlberta,50.866111,-113.054722,1910,Alberta,,CAN_DIA_ByPost_1910,by_post
3,Birtle,BirtleManitoba,50.4225,-101.0475,1910,"Manitoba, Keewatin, Saskatchewan and Alberta",,CAN_DIA_ByPost_1910,by_post
3,"Norway House, Kee",Norway HouseManitoba,53.990278,-97.815556,1910,"Manitoba, Keewatin, Saskatchewan and Alberta",,CAN_DIA_ByPost_1910,by_post
3,Duncans,DuncansBritish Columbia,48.778694,-123.707861,1910,British Columbia,,CAN_DIA_ByPost_1910,by_post
3,Carlyle,CarlyleSaskatchewan,49.633333,-102.266667,1910,"Manitoba, Keewatin, Saskatchewan and Alberta",,CAN_DIA_ByPost_1910,by_post
3,Deseronto,DeserontoOntario,44.2,-77.05,1910,Ontario,,CAN_DIA_ByPost_1910,by_post
3,Sintaluta,SintalutaSaskatchewan,50.483333,-103.433333,1910,"Manitoba, Keewatin, Saskatchewan and Alberta",,CAN_DIA_ByPost_1910,by_post
3,Portage la Prairie,Portage la PrairieManitoba,49.972778,-98.291944,1910,"Manitoba, Keewatin, Saskatchewan and Alberta",,CAN_DIA_ByPost_1910,by_post
3,Wiarton,WiartonOntario,44.743611,-81.140833,1910,Ontario,,CAN_DIA_ByPost_1910,by_post
2,Annapolis,AnnapolisNova Scotia,44.741667,-65.515278,1910,Nova Scotia,,CAN_DIA_ByPost_1910,by_post
2,Avonhurst,"AvonhurstManitoba, Keewatin, Saskatchewan and Alberta",50.374,-104.075,1910,"Manitoba, Keewatin, Saskatchewan and Alberta",,CAN_DIA_ByPost_1910,by_post
2,Chapleau,ChapleauOntario,47.833333,-83.4,1910,Ontario,,CAN_DIA_ByPost_1910,by_post
2,Lorette,LoretteQuebec,46.861472,-71.357111,1910,Quebec,,CAN_DIA_ByPost_1910,by_post
2,Baddeck,BaddeckNova Scotia,46.1,-60.754167,1910,Nova Scotia,,CAN_DIA_ByPost_1910,by_post
2,Alberni,AlberniBritish Columbia,49.233889,-124.805,1910,British Columbia,,CAN_DIA_ByPost_1910,by_post
2,Buctouche,BuctoucheNew Brunswick,46.4719,-64.7249,1910,New Brunswick,,CAN_DIA_ByPost_1910,by_post
2,Alert Bay,Alert BayBritish Columbia,50.5825,-126.925278,1910,British Columbia,,CAN_DIA_ByPost_1910,by_post
2,Manitowaning,ManitowaningOntario,45.733333,-81.8,1910,Ontario,,CAN_DIA_ByPost_1910,by_post
2,Andover,AndoverNew Brunswick,46.73927,-67.6984,1910,New Brunswick,,CAN_DIA_ByPost_1910,by_post
2,Massett,MassettBritish Columbia,54.01,-132.138056,1910,British Columbia,,CAN_DIA_ByPost_1910,by_post
2,Massey,MasseyOntario,46.233333,-82.0,1910,Ontario,,CAN_DIA_ByPost_1910,by_post
2,Fredericton,FrecerictonNew Brunswick,45.95,-66.666667,1910,New Brunswick,,CAN_DIA_ByPost_1910,by_post
2,Bella Bella,Bella BellaBritish Columbia,52.161944,-128.145,1910,British Columbia,,CAN_DIA_ByPost_1910,by_post
2,Bear River,Bear RiverNova Scotia,44.572222,-65.643889,1910,Nova Scotia,,CAN_DIA_ByPost_1910,by_post
2,Delaware,DelawareOntario,42.908333,-81.416667,1910,Ontario,,CAN_DIA_ByPost_1910,by_post
2,Hagersville,HagersvilleOntario,42.95,-80.05,1910,Ontario,,CAN_DIA_ByPost_1910,by_post
2,Parrsboro,ParrsboroNova Scotia,45.405833,-64.325833,1910,Nova Scotia,,CAN_DIA_ByPost_1910,by_post
2,Newcastle,NewcastleNew Brunswick,46.983,-65.567,1910,New Brunswick,,CAN_DIA_ByPost_1910,by_post
2,Oka,OkaQuebec,45.466667,-74.083333,1910,Quebec,,CAN_DIA_ByPost_1910,by_post
2,New Westminster,New WestminsterBritish Columbia,49.206944,-122.911111,1910,British Columbia,,CAN_DIA_ByPost_1910,by_post
2,Nil,"Qu'AppelleManitoba, Keewatin and North-West Territories",50.541,-103.874,1910,"Manitoba, Keewatin, Saskatchewan and Alberta",,CAN_DIA_ByPost_1910,by_post
2,Telegraph Creek,Telegraph CreekBritish Columbia,57.9,-131.15,1910,British Columbia,,CAN_DIA_ByPost_1910,by_post
2,Tobique,TobiqueNew Brunswick,46.8,-67.6,1910,New Brunswick,,CAN_DIA_ByPost_1910,by_post
2,Port Perry,Port PerryOntario,44.1,-78.95,1910,Ontario,,CAN_DIA_ByPost_1910,by_post
2,The Pas,The PasSaskatchewan,53.825,-101.253333,1910,"Manitoba, Keewatin, Saskatchewan and Alberta",,CAN_DIA_ByPost_1910,by_post
2,Thessalon,ThessalonOntario,46.25,-83.55,1910,Ontario,,CAN_DIA_ByPost_1910,by_post
2,Steele,SteeleBritish Columbia,49.616667,-115.633333,1910,British Columbia,,CAN_DIA_ByPost_1910,by_post
2,St. Regis,St. RegisQuebec,44.971111,-74.641944,1910,Quebec,,CAN_DIA_ByPost_1910,by_post
2,Sutton West,Sutton WestOntario,44.305,-79.358056,1910,Ontario,,CAN_DIA_ByPost_1910,by_post
2,River Desert,River DesertQuebec,46.333333,-75.966667,1910,Quebec,,CAN_DIA_ByPost_1910,by_post
2,Rexton,RextonNew Brunswick,46.633333,-64.866667,1910,New Brunswick,,CAN_DIA_ByPost_1910,by_post
2,Selkirk,SelkirkManitoba,50.143611,-96.883889,1910,"Manitoba, Keewatin, Saskatchewan and Alberta",,CAN_DIA_ByPost_1910,by_post
2,Pointe Bleue,Pointe BleueQuebec,48.566667,-72.233333,1910,Quebec,,CAN_DIA_ByPost_1910,by_post
2,Sarnia,SarniaOntario,42.999444,-82.308889,1910,Ontario,,CAN_DIA_ByPost_1910,by_post
2,Sault Ste. Marie,Sault Ste MarieOntario,46.533333,-84.35,1910,Ontario,,CAN_DIA_ByPost_1910,by_post
2,Roseneath,RoseneathOntario,44.083333,-78.033333,1910,Ontario,,CAN_DIA_ByPost_1910,by_post
2,Truro,TruroNova Scotia,45.364722,-63.28,1910,Nova Scotia,,CAN_DIA_ByPost_1910,by_post
2,Port Essington,Port EssingtonBritish Columbia,54.15,-129.95,1910,British Columbia,,CAN_DIA_ByPost_1910,by_post
1,Chippawa Hill,Chippawa HillOntario,48.34583333,-89.30277778,1910,Ontario,,CAN_DIA_ByPost_1910,by_post
1,Canning,CanningNova Scotia,45.157917,-64.424167,1910,Nova Scotia,,CAN_DIA_ByPost_1910,by_post
1,Chicoutimi,ChicoutimiQuebec,48.427778,-71.059167,1910,Quebec,,CAN_DIA_ByPost_1910,by_post
1,Chemainus,ChemainusBritish Columbia,48.916667,-123.7,1910,British Columbia,,CAN_DIA_ByPost_1910,by_post
1,Chester,ChesterNova Scotia,44.540278,-64.239722,1910,Nova Scotia,,CAN_DIA_ByPost_1910,by_post
1,Christmas Island,Christmas IslandNova Scotia,45.972311,-60.748333,1910,Nova Scotia,,CAN_DIA_ByPost_1910,by_post
1,Church Point,Church PointNew Brunswick,48.00000003,-66.73333301,1910,New Brunswick,,CAN_DIA_ByPost_1910,by_post
1,Carlyle,CarlyleSaskatchewan,49.633333,-102.266667,1910,Saskatchewan,,CAN_DIA_ByPost_1910,by_post
1,Centreville,CentrevilleNew Brunswick,46.433,-67.717,1910,New Brunswick,,CAN_DIA_ByPost_1910,by_post
1,Caughnawaga,CaughnawagaQuebec,45.416667,-73.683333,1910,Quebec,,CAN_DIA_ByPost_1910,by_post
1,Chatham,ChathamNew Brunswick,47.033,-65.433,1910,New Brunswick,,CAN_DIA_ByPost_1910,by_post
1,Duck Lake,Duck LakeSaskatchewan,52.816667,-106.233333,1910,Saskatchewan,,CAN_DIA_ByPost_1910,by_post
1,Dundurn,DundurnSaskatchewan,51.80959,-106.50763,1910,"Manitoba, Keewatin, Saskatchewan and Alberta",,CAN_DIA_ByPost_1910,by_post
1,Dorchester,DorchesterNew Brunswick,45.901556,-64.516083,1910,New Brunswick,,CAN_DIA_ByPost_1910,by_post
1,Dominion City,Dominion CityManitoba,49.141944,-97.155556,1910,"Manitoba, Keewatin, Saskatchewan and Alberta",,CAN_DIA_ByPost_1910,by_post
1,Duart,DuartOntario,42.502,-81.7519,1910,Ontario,,CAN_DIA_ByPost_1910,by_post
1,Cowichan,CowichanBritish Columbia,48.75,-123.6,1910,British Columbia,,CAN_DIA_ByPost_1910,by_post
1,Comox,ComoxBritish Columbia,49.673333,-124.902222,1910,British Columbia,,CAN_DIA_ByPost_1910,by_post
1,Nil,Rice LakeOntario,44.183333,-78.166667,1910,Ontario,,CAN_DIA_ByPost_1910,by_post
1,Dalhousie,DalhousieNew Brunswick,48.1,-66.616667,1910,New Brunswick,,CAN_DIA_ByPost_1910,by_post
1,Bathurst Village,Bathurst VillageNew Brunswick,47.62,-65.65,1910,New Brunswick,,CAN_DIA_ByPost_1910,by_post
1,Orillia,OrilliaOntario,44.6,-79.416667,1910,Ontario,,CAN_DIA_ByPost_1910,by_post
1,Oromocto,OromoctoNew Brunswick,45.84878,-66.47879,1910,New Brunswick,,CAN_DIA_ByPost_1910,by_post
1,Onion Lake,Onion LakeSaskatchewan,53.7166638,-110.0,1910,Saskatchewan,,CAN_DIA_ByPost_1910,by_post
1,Becancour,BecancourQuebec,46.333333,-72.433333,1910,Quebec,,CAN_DIA_ByPost_1910,by_post
1,Battleford,BattlefordSaskatchewan,52.738333,-108.315278,1910,Saskatchewan,,CAN_DIA_ByPost_1910,by_post
1,Allenford,AllenfordOntario,44.4,-81.2,1910,Ontario,,CAN_DIA_ByPost_1910,by_post
1,150 Mile House,"150-Mile House, CaribouBritish Columbia",52.105556,-121.927778,1910,British Columbia,,CAN_DIA_ByPost_1910,by_post
1,Ashcroft,AshcroftBritish Columbia,50.725556,-121.280556,1910,British Columbia,,CAN_DIA_ByPost_1910,by_post
1,Antigonish,AntigonishNova Scotia,45.626522,-61.998253,1910,Nova Scotia,,CAN_DIA_ByPost_1910,by_post
1,Burnt Church,Burnt ChurchNew Brunswick,47.197917,-65.14825,1910,New Brunswick,,CAN_DIA_ByPost_1910,by_post
1,North Timiskaming,North TimiskamingQuebec,47.633333,-79.466667,1910,Quebec,,CAN_DIA_ByPost_1910,by_post
1,Bridgewater,BridgewaterNova Scotia,44.37,-64.52,1910,Nova Scotia,,CAN_DIA_ByPost_1910,by_post
1,Caledonia,CaledoniaNova Scotia,44.378889,-65.032222,1910,Nova Scotia,,CAN_DIA_ByPost_1910,by_post
1,Calgary,CalgaryAlberta,51.05,-114.066667,1910,Alberta,,CAN_DIA_ByPost_1910,by_post
1,Cacouna,CacounaQuebec,47.916667,-69.5,1910,Quebec,,CAN_DIA_ByPost_1910,by_post
1,Bersimis,BersimisQuebec,48.95,-68.65,1910,Quebec,,CAN_DIA_ByPost_1910,by_post
1,Brandon,BrandonManitoba,49.833333,-99.95,1910,Manitoba,,CAN_DIA_ByPost_1910,by_post
1,Norway House,Norway HouseManitoba,53.990278,-97.815556,1910, ,,CAN_DIA_ByPost_1910,by_post
1,Ohsweken,OhswekenOntario,43.066667,-80.116667,1910,Ontario,,CAN_DIA_ByPost_1910,by_post
1,Birtle,BirtleManitoba,50.4225,-101.0475,1910,Manitoba,,CAN_DIA_ByPost_1910,by_post
1,Liverpool,LiverpoolNova Scotia,44.0375,-64.713889,1910,Nova Scotia,,CAN_DIA_ByPost_1910,by_post
1,Little Current,Little CurrentOntario,45.966667,-81.933333,1910,Ontario,,CAN_DIA_ByPost_1910,by_post
1,Ladner,LadnerBritish Columbia,49.090278,-123.08,1910,British Columbia,,CAN_DIA_ByPost_1910,by_post
1,Lebret,LebretSaskatchewan,50.757128,-103.702833,1910,Saskatchewan,,CAN_DIA_ByPost_1910,by_post
1,Kenora,KenoraOntario,49.766667,-94.483333,1910, ,,CAN_DIA_ByPost_1910,by_post
1,Killaloe,KillaloeOntario,45.5645,-77.4196,1910,Ontario,,CAN_DIA_ByPost_1910,by_post
1,Kamloops,KamloopsBritish Columbia,50.676111,-120.340833,1910,British Columbia,,CAN_DIA_ByPost_1910,by_post
1,Keene,KeeneOntario,44.233333,-78.233333,1910,Ontario,,CAN_DIA_ByPost_1910,by_post
1,Kamsack,KamsackSaskatchewan,51.565,-101.894722,1910,Saskatchewan,,CAN_DIA_ByPost_1910,by_post
1,Lac la Hache,Lac la HacheBritish Columbia,51.82,-121.47,1910,British Columbia,,CAN_DIA_ByPost_1910,by_post
1,Nil,Duck LakeSaskatchewan,52.816667,-106.233333,1910,"Manitoba, Keewatin, Saskatchewan and Alberta",,CAN_DIA_ByPost_1910,by_post
1,Kincolith,KincolithBritish Columbia,55.0,-129.95,1910,British Columbia,,CAN_DIA_ByPost_1910,by_post
1,Montreal,MontrealQuebec,45.5,-73.566667,1910,Quebec,,CAN_DIA_ByPost_1910,by_post
1,Moosejaw,MoosejawSaskatchewan,50.393333,-105.551944,1910,Saskatchewan,,CAN_DIA_ByPost_1910,by_post
1,Mistawasis,MistawasisSaskatchewan,53.162778,-106.802778,1910,Saskatchewan,,CAN_DIA_ByPost_1910,by_post
1,Mission City,Mission CityBritish Columbia,49.133694,-122.311167,1910,British Columbia,,CAN_DIA_ByPost_1910,by_post
1,Moncton,MonctonNew Brunswick,46.132778,-64.771389,1910,New Brunswick,,CAN_DIA_ByPost_1910,by_post
1,New Germany,New GermanyNova Scotia,44.55,-64.717,1910,Nova Scotia,,CAN_DIA_ByPost_1910,by_post
1,New Glasgow,New GlasgowNova Scotia,45.59256,-62.645458,1910,Nova Scotia,,CAN_DIA_ByPost_1910,by_post
1,Marble Mountain,Marble MountainNova Scotia,45.821,-61.040644,1910,Nova Scotia,,CAN_DIA_ByPost_1910,by_post
1,Mallorytown,MallorytownOntario,44.533333,-75.866667,1910,Ontario,,CAN_DIA_ByPost_1910,by_post
1,Middleton,MiddletonNova Scotia,44.9418,-65.0686,1910,Nova Scotia,,CAN_DIA_ByPost_1910,by_post
1,Metlakatla,MetlakatlaBritish Columbia,54.335833,-130.443333,1910,British Columbia,,CAN_DIA_ByPost_1910,by_post
1,Mattawa,MattawaOntario,46.316667,-78.7,1910,Ontario,,CAN_DIA_ByPost_1910,by_post
1,Melford,"MelfortManitoba, Keewatin and Northwest Territories",52.856389,-104.61,1910,"Manitoba, Keewatin, Saskatchewan and Alberta",,CAN_DIA_ByPost_1910,by_post
1,Melbourne,MelbourneOntario,42.816667,-81.551944,1910,Ontario,,CAN_DIA_ByPost_1910,by_post
1,Ft. William,Ft. WilliamOntario,48.38,-89.28,1910,Ontario,,CAN_DIA_ByPost_1910,by_post
1,Gladstone,GladstoneManitoba,50.22528,-98.94833,1910,Manitoba,,CAN_DIA_ByPost_1910,by_post
1,Glendale,GlendaleNova Scotia,45.815639,-61.313667,1910,Nova Scotia,,CAN_DIA_ByPost_1910,by_post
1,Gamebridge,GamebridgeOntario,44.4975,-79.1517,1910,Ontario,,CAN_DIA_ByPost_1910,by_post
1,Gaspe,GaspeQuebec,48.833333,-64.483333,1910,Quebec,,CAN_DIA_ByPost_1910,by_post
1,Gananoque,GananoqueOntario,44.33,-76.17,1910,Ontario,,CAN_DIA_ByPost_1910,by_post
1,Fairford,FairfordManitoba,51.60858,-98.64986,1910,Manitoba,,CAN_DIA_ByPost_1910,by_post
1,Forest,ForestOntario,43.1,-82.0,1910,Ontario,,CAN_DIA_ByPost_1910,by_post
1,Fisher River,"Fisher RiverManitoba, Keewatin, Saskatchewan and Alberta",51.438889,-97.366667,1910,"Manitoba, Keewatin, Saskatchewan and Alberta",,CAN_DIA_ByPost_1910,by_post
1,Eganville,EganvilleOntario,45.533333,-77.1,1910,Ontario,,CAN_DIA_ByPost_1910,by_post
1,Esquimaux Point,Esquimaux PointQuebec,51.4167,-57.7167,1910,Quebec,,CAN_DIA_ByPost_1910,by_post
1,Escoumains,EscoumainsQuebec,48.35,-69.4,1910,Quebec,,CAN_DIA_ByPost_1910,by_post
1,Elkhorn,ElkhornManitoba,49.975556,-101.239444,1910,Manitoba,,CAN_DIA_ByPost_1910,by_post
1,Fort Saskatchewan,Fort SaskatchewanAlberta,53.712778,-113.213333,1910, ,,CAN_DIA_ByPost_1910,by_post
1,Fort la Corne,"Fort la CorneManitoba, Keewatin, Saskatchewan and Alberta",53.15,-104.8,1910,"Manitoba, Keewatin, Saskatchewan and Alberta",,CAN_DIA_ByPost_1910,by_post
1,Fort Resolution,Fort ResolutionAlberta,61.171667,-113.671667,1910, ,,CAN_DIA_ByPost_1910,by_post
1,Fort Frances,Fort FrancesOntario,48.616667,-93.4,1910,Ontario,,CAN_DIA_ByPost_1910,by_post
1,Higgins Road,Higgins RoadPrince Edward Island,46.51813,-64.077,1910,Prince Edward Island,,CAN_DIA_ByPost_1910,by_post
1,Highgate,HighgateOntario,42.5009,-81.8166,1910,Ontario,,CAN_DIA_ByPost_1910,by_post
1,Heatherton,HeathertonNova Scotia,45.587856,-61.792089,1910,Nova Scotia,,CAN_DIA_ByPost_1910,by_post
1,Hespeler,HespelerOntario,43.4331,-80.3072,1910,Ontario,,CAN_DIA_ByPost_1910,by_post
1,Hedley City,HedleyBritish Columbia,49.358056,-120.075833,1910,British Columbia,,CAN_DIA_ByPost_1910,by_post
1,Jeune Lorette,Jeune LoretteQuebec,46.861472,-71.357111,1910,Quebec,,CAN_DIA_ByPost_1910,by_post
1,Johnstown,JohnstownNova Scotia,45.786678,-60.738258,1910,Nova Scotia,,CAN_DIA_ByPost_1910,by_post
1,Indian Ford,"Indian FordManitoba, Keewatin and Northwest Territories",49.70938,-98.59707,1910,"Manitoba, Keewatin, Saskatchewan and Alberta",,CAN_DIA_ByPost_1910,by_post
1,Hazelton,HazeltonBritish Columbia,55.25,-127.666667,1910,British Columbia,,CAN_DIA_ByPost_1910,by_post
1,Grand Cascapedis,Grand CascapediaQuebec,48.186944,-65.912222,1910,Quebec,,CAN_DIA_ByPost_1910,by_post
1,Restigouche,RestigoucheQuebec,48.658056,-65.752778,1910,Quebec,,CAN_DIA_ByPost_1910,by_post
1,Richibucto,RichibuctoNew Brunswick,46.659,-64.76,1910,New Brunswick,,CAN_DIA_ByPost_1910,by_post
1,Parry Sound,Parry IslandOntario,45.283333,-80.15,1910,Ontario,,CAN_DIA_ByPost_1910,by_post
1,Saanich,SaanichBritish Columbia,48.484,-123.381,1910,British Columbia,,CAN_DIA_ByPost_1910,by_post
1,River Bourgeois,River BourgeoisNova Scotia,45.632767,-60.931206,1910,Nova Scotia,,CAN_DIA_ByPost_1910,by_post
1,Penetanguishene,PenetanguisheneOntario,44.766667,-79.933333,1910,Ontario,,CAN_DIA_ByPost_1910,by_post
1,Port Simpson,Port RenfrewBritish Columbia,48.558611,-124.39916,1910,British Columbia,,CAN_DIA_ByPost_1910,by_post
1,Pierreville,PierrevilleQuebec,46.066667,-72.816667,1910,Quebec,,CAN_DIA_ByPost_1910,by_post
1,Pointe la Garde,Pointe a la GardeQuebec,48.116667,-66.483333,1910,Quebec,,CAN_DIA_ByPost_1910,by_post
1,Pictou,PictonNova Scotia,45.681389,-62.711944,1910,Nova Scotia,,CAN_DIA_ByPost_1910,by_post
1,Quesnel,QuesnelBritish Columbia,52.978444,-122.492667,1910,British Columbia,,CAN_DIA_ByPost_1910,by_post
1,Quebec,QuebecQuebec,46.816667,-71.216667,1910,Quebec,,CAN_DIA_ByPost_1910,by_post
1,Red Deer,Red DeerAlberta,52.268056,-113.811111,1910,Alberta,,CAN_DIA_ByPost_1910,by_post
1,Red Deer,Red DeerAlberta,52.268056,-113.811111,1910,"Manitoba, Keewatin, Saskatchewan and Alberta",,CAN_DIA_ByPost_1910,by_post
1,Prince Albert,Prince AlbertSaskatchewan,53.2,-105.75,1910,Saskatchewan,,CAN_DIA_ByPost_1910,by_post
1,Perth Centre,Tobique ReserveNew Brunswick,0.0,0.0,1910,New Brunswick,,CAN_DIA_ByPost_1910,by_post
1,Tyne Valley,Tyne ValleyPrince Edward Island,46.566667,-63.933333,1910,Prince Edward Island,,CAN_DIA_ByPost_1910,by_post
1,Valley River,"Valley RiverManitoba, Keewatin, Saskatchewan and Alberta",51.2481,-100.1431,1910,"Manitoba, Keewatin, Saskatchewan and Alberta",,CAN_DIA_ByPost_1910,by_post
1,Vancouver,VancouverBritish Columbia,49.25,-123.1,1910,British Columbia,,CAN_DIA_ByPost_1910,by_post
1,Ucluelet,UclueletBritish Columbia,48.935,-125.541944,1910,British Columbia,,CAN_DIA_ByPost_1910,by_post
1,Sydney,SydneyNova Scotia,46.13631,-60.19551,1910,Nova Scotia,,CAN_DIA_ByPost_1910,by_post
1,"Sydney, C.B",SydneyNova Scotia,46.13631,-60.19551,1910,Nova Scotia,,CAN_DIA_ByPost_1910,by_post
1,Swan Lake,Swan LakesManitoba,52.516667,-100.75,1910,"Manitoba, Keewatin, Saskatchewan and Alberta",,CAN_DIA_ByPost_1910,by_post
1,The Pas,The PasSaskatchewan,53.825,-101.253333,1910,Saskatchewan,,CAN_DIA_ByPost_1910,by_post
1,Windermere,WindermereBritish Columbia,50.463611,-115.988889,1910,British Columbia,,CAN_DIA_ByPost_1910,by_post
1,Windsor,WindsorNova Scotia,44.980278,-64.129167,1910,Nova Scotia,,CAN_DIA_ByPost_1910,by_post
1,Woodstock,WoodstockNew Brunswick,46.152222,-67.598333,1910,New Brunswick,,CAN_DIA_ByPost_1910,by_post
1,Yarmouth,YarmouthNova Scotia,49.899444,-97.139167,1910,Nova Scotia,,CAN_DIA_ByPost_1910,by_post
1,Winnipeg,WinnipegManitoba,49.899444,-97.139167,1910,Manitoba,,CAN_DIA_ByPost_1910,by_post
1,Winnipegosis,WinnipegosisManitoba,51.616667,-99.933333,1910,Manitoba,,CAN_DIA_ByPost_1910,by_post
1,Wallaceburg,WallaceburgOntario,42.594722,-82.384167,1910,Ontario,,CAN_DIA_ByPost_1910,by_post
1,Walpole Island,Walpole IslandOntario,42.55,-82.483333,1910,Ontario,,CAN_DIA_ByPost_1910,by_post
1,Whycocomagh,WhycocomaghNova Scotia,45.976686,-61.117972,1910,Nova Scotia,,CAN_DIA_ByPost_1910,by_post
1,Whitewood,WhitewoodSaskatchewan,50.333333,-102.25,1910,Saskatchewan,,CAN_DIA_ByPost_1910,by_post
1,Weymouth,WeymouthNova Scotia,44.40489,-65.99861,1910,Nova Scotia,,CAN_DIA_ByPost_1910,by_post
1,Shelburne,ShelburneNova Scotia,43.763333,-65.323611,1910,Nova Scotia,,CAN_DIA_ByPost_1910,by_post
1,Sheet Harbour,Sheet HarbourNova Scotia,44.916667,-62.533333,1910,Nova Scotia,,CAN_DIA_ByPost_1910,by_post
1,St. Albert,St. AlbertAlberta,53.630278,-113.625833,1910,Alberta,,CAN_DIA_ByPost_1910,by_post
1,Shubenacadie,ShubenacadieNova Scotia,45.139883,-63.417547,1910,Nova Scotia,,CAN_DIA_ByPost_1910,by_post
1,Skidegate,SkidegateBritish Columbia,53.267222,-131.990556,1910,British Columbia,,CAN_DIA_ByPost_1910,by_post
1,Shediac,ShediacNew Brunswick,46.216667,-64.533333,1910,New Brunswick,,CAN_DIA_ByPost_1910,by_post
1,Shebenacadie,ShebenacadieNova Scotia,45.139883,-63.417547,1910,Nova Scotia,,CAN_DIA_ByPost_1910,by_post
1,Shannonville,ShannonvilleOntario,44.2637,-77.2304,1910,Ontario,,CAN_DIA_ByPost_1910,by_post
1,Stevenston,StevestonBritish Columbia,49.1275,-123.181389,1910,British Columbia,,CAN_DIA_ByPost_1910,by_post
1,Steam Mills,Steam MillsNova Scotia,45.109972,-64.514139,1910,Nova Scotia,,CAN_DIA_ByPost_1910,by_post
1,Stonewall,StonewallManitoba,50.134444,-97.326111,1910,"Manitoba, Keewatin, Saskatchewan and Alberta",,CAN_DIA_ByPost_1910,by_post
1,St. Urbain,St. UrbainQuebec,47.55,-70.533333,1910,Quebec,,CAN_DIA_ByPost_1910,by_post
1,Sturgeon Falls,Sturgeon FallsOntario,46.3679478,-79.9247299,1910,Ontario,,CAN_DIA_ByPost_1910,by_post
1,Sudbury,SudburyOntario,46.49,-81.01,1910,Ontario,,CAN_DIA_ByPost_1910,by_post
1,St. Mary's,St. MarysNew Brunswick,46.205,-66.505,1910,New Brunswick,,CAN_DIA_ByPost_1910,by_post
1,St. Francois du Lac,St. Francois du LacQuebec,46.066667,-72.833333,1910,Quebec,,CAN_DIA_ByPost_1910,by_post
1,St. Peters,St. PetersNova Scotia,45.663964,-60.894469,1910,Nova Scotia,,CAN_DIA_ByPost_1910,by_post
82,Ottawa,OttawaOntario,45.416667,-75.683333,1915,Ontario,,CAN_DIA_ByPost_1915,by_post
13,Macleod,MacleodAlberta,49.725583,-113.397528,1915,Alberta,,CAN_DIA_ByPost_1915,by_post
13,Winnipeg,WinnipegManitoba,49.899444,-97.139167,1915,Manitoba,,CAN_DIA_ByPost_1915,by_post
12,Battleford,BattlefordSaskatchewan,52.738333,-108.315278,1915,Saskatchewan,,CAN_DIA_ByPost_1915,by_post
9,Onion Lake,Onion LakeSaskatchewan,53.7166638,-110.0,1915,Saskatchewan,,CAN_DIA_ByPost_1915,by_post
9,Brocket,BrocketAlberta,49.546944,-113.750556,1915,Alberta,,CAN_DIA_ByPost_1915,by_post
8,Broadview,BroadviewSaskatchewan,50.376,-102.579,1915,Saskatchewan,,CAN_DIA_ByPost_1915,by_post
8,Duck Lake,Duck LakeSaskatchewan,52.816667,-106.233333,1915,Saskatchewan,,CAN_DIA_ByPost_1915,by_post
8,Gleichen,GleichenAlberta,50.866111,-113.054722,1915,Alberta,,CAN_DIA_ByPost_1915,by_post
8,Hobbema,HobbemaAlberta,52.826667,-113.451667,1915,Alberta,,CAN_DIA_ByPost_1915,by_post
8,Balcarres,BalcarresSaskatchewan,50.8,-103.55,1915,Saskatchewan,,CAN_DIA_ByPost_1915,by_post
6,Calgary,CalgaryAlberta,51.05,-114.066667,1915,Alberta,,CAN_DIA_ByPost_1915,by_post
6,Birtle,BirtleManitoba,50.4225,-101.0475,1915,Manitoba,,CAN_DIA_ByPost_1915,by_post
6,Edmonton,EdmontonAlberta,53.533333,-113.5,1915,Alberta,,CAN_DIA_ByPost_1915,by_post
6,Griswold,GriswoldManitoba,49.775,-100.470833,1915,Manitoba,,CAN_DIA_ByPost_1915,by_post
6,Mistawasis,MistawasisSaskatchewan,53.162778,-106.802778,1915,Saskatchewan,,CAN_DIA_ByPost_1915,by_post
6,Punnichy,PunnichySaskatchewan,51.372,-104.293,1915,Saskatchewan,,CAN_DIA_ByPost_1915,by_post
6,Portage la Prairie,Portage la PrairieManitoba,49.972778,-98.291944,1915,Manitoba,,CAN_DIA_ByPost_1915,by_post
5,Le Pas,Le PasManitoba,53.825,-101.253333,1915,Manitoba,,CAN_DIA_ByPost_1915,by_post
5,Edgeley,EdgeleySaskatchewan,50.638333,-103.996111,1915,Saskatchewan,,CAN_DIA_ByPost_1915,by_post
5,Kamsack,KamsackSaskatchewan,51.565,-101.894722,1915,Saskatchewan,,CAN_DIA_ByPost_1915,by_post
5,Lytton,LyttonBritish Columbia,50.225,-121.576667,1915,British Columbia,,CAN_DIA_ByPost_1915,by_post
5,New Westminster,New WestminsterBritish Columbia,49.206944,-122.911111,1915,British Columbia,,CAN_DIA_ByPost_1915,by_post
4,Fort Smith,Fort SmithAlberta,60.005278,-111.890556,1915,Alberta,,CAN_DIA_ByPost_1915,by_post
4,Grouard,GrouardAlberta,55.520278,-116.161111,1915,Alberta,,CAN_DIA_ByPost_1915,by_post
4,Bella Coola,Bella CoolaBritish Columbia,52.366667,-126.75,1915,British Columbia,,CAN_DIA_ByPost_1915,by_post
4,Duncan,DuncanBritish Columbia,48.778694,-123.707861,1915,British Columbia,,CAN_DIA_ByPost_1915,by_post
4,Alberni,AlberniBritish Columbia,49.233889,-124.805,1915,British Columbia,,CAN_DIA_ByPost_1915,by_post
4,Fort Frances,Fort FrancesOntario,48.616667,-93.4,1915,Manitoba,,CAN_DIA_ByPost_1915,by_post
4,Morley,MorleyAlberta,51.16153,-114.85095,1915,Alberta,,CAN_DIA_ByPost_1915,by_post
4,Manitowaning,ManitowaningOntario,45.733333,-81.8,1915,Ontario,,CAN_DIA_ByPost_1915,by_post
4,Vancouver,VancouverBritish Columbia,49.25,-123.1,1915,British Columbia,,CAN_DIA_ByPost_1915,by_post
4,Pierreville,PierrevilleQuebec,46.066667,-72.816667,1915,Quebec,,CAN_DIA_ByPost_1915,by_post
4,Saddle Lake,Saddle LakeAlberta,53.968333,-111.691944,1915,Alberta,,CAN_DIA_ByPost_1915,by_post
4,Sintaluta,SintalutaSaskatchewan,50.483333,-103.433333,1915,Saskatchewan,,CAN_DIA_ByPost_1915,by_post
4,Parry Sound,Parry IslandOntario,45.283333,-80.15,1915,Ontario,,CAN_DIA_ByPost_1915,by_post
3,Fort William,Fort WilliamOntario,48.38,-89.28,1915,Ontario,,CAN_DIA_ByPost_1915,by_post
3,Fort Simpson,Fort SimpsonAlberta,61.863056,-121.355,1915,Alberta,,CAN_DIA_ByPost_1915,by_post
3,Andover,AndoverNew Brunswick,46.73927,-67.6984,1915,New Brunswick,,CAN_DIA_ByPost_1915,by_post
3,Massett,MassettBritish Columbia,54.01,-132.138056,1915,British Columbia,,CAN_DIA_ByPost_1915,by_post
3,Alert Bay,Alert BayBritish Columbia,50.5825,-126.925278,1915,British Columbia,,CAN_DIA_ByPost_1915,by_post
3,Maniwaki,ManiwakiQuebec,46.375,-75.966667,1915,Quebec,,CAN_DIA_ByPost_1915,by_post
3,Bersimis,BersimisQuebec,48.95,-68.65,1915,Quebec,,CAN_DIA_ByPost_1915,by_post
3,Kenora,KenoraOntario,49.766667,-94.483333,1915,Manitoba,,CAN_DIA_ByPost_1915,by_post
3,Caughnawaga,CaughnawagaQuebec,45.416667,-73.683333,1915,Quebec,,CAN_DIA_ByPost_1915,by_post
3,Deseronto,DeserontoOntario,44.2,-77.05,1915,Ontario,,CAN_DIA_ByPost_1915,by_post
3,Brantford,BrantfordOntario,43.166667,-80.25,1915,Ontario,,CAN_DIA_ByPost_1915,by_post
3,Cacouna,CacounaQuebec,47.916667,-69.5,1915,Quebec,,CAN_DIA_ByPost_1915,by_post
3,Cranbrook,CranbrookBritish Columbia,49.509722,-115.766667,1915,British Columbia,,CAN_DIA_ByPost_1915,by_post
3,Sarnia,SarniaOntario,42.999444,-82.308889,1915,Ontario,,CAN_DIA_ByPost_1915,by_post
3,Selkirk,SelkirkManitoba,50.143611,-96.883889,1915,Manitoba,,CAN_DIA_ByPost_1915,by_post
3,Victoria,VictoriaBritish Columbia,48.422,-123.365,1915,British Columbia,,CAN_DIA_ByPost_1915,by_post
3,Seven Islands,Seven IslandsQuebec,50.216667,-66.383333,1915,Quebec,,CAN_DIA_ByPost_1915,by_post
3,Port Simpson,Port RenfrewBritish Columbia,48.558611,-124.39916,1915,British Columbia,,CAN_DIA_ByPost_1915,by_post
3,Telegraph Creek,Telegraph CreekBritish Columbia,57.9,-131.15,1915,British Columbia,,CAN_DIA_ByPost_1915,by_post
3,Sydney,SydneyNova Scotia,46.13631,-60.19551,1915,Nova Scotia,,CAN_DIA_ByPost_1915,by_post
3,Yarmouth,YarmouthNova Scotia,49.899444,-97.139167,1915,Nova Scotia,,CAN_DIA_ByPost_1915,by_post
2,Carlyle,CarlyleSaskatchewan,49.633333,-102.266667,1915,Saskatchewan,,CAN_DIA_ByPost_1915,by_post
2,Lac la Hache,Lac la HacheBritish Columbia,51.82,-121.47,1915,British Columbia,,CAN_DIA_ByPost_1915,by_post
2,Chagoness,ChagonessSaskatchewan,52.6383,-104.2368,1915,Saskatchewan,,CAN_DIA_ByPost_1915,by_post
2,Chapleau,ChapleauOntario,47.833333,-83.4,1915,Ontario,,CAN_DIA_ByPost_1915,by_post
2,Charlottetown,CharlottetownPrince Edward Island,46.238889,-63.129167,1915,Prince Edward Island,,CAN_DIA_ByPost_1915,by_post
2,Kinistino,KinistinoSaskatchewan,52.95,-105.03,1915,Saskatchewan,,CAN_DIA_ByPost_1915,by_post
2,Lorette,LoretteQuebec,46.861472,-71.357111,1915,Quebec,,CAN_DIA_ByPost_1915,by_post
2,Lorbi,LorbiSaskatchewan,0.0,0.0,1915,Saskatchewan,,CAN_DIA_ByPost_1915,by_post
2,Buctouche,BuctoucheNew Brunswick,46.4719,-64.7249,1915,New Brunswick,,CAN_DIA_ByPost_1915,by_post
2,Bridgewater,BridgewaterNova Scotia,44.37,-64.52,1915,Nova Scotia,,CAN_DIA_ByPost_1915,by_post
2,New Glasgow,New GlasgowNova Scotia,45.59256,-62.645458,1915,Nova Scotia,,CAN_DIA_ByPost_1915,by_post
2,Nanaimo,NanaimoBritish Columbia,49.164167,-123.936389,1915,British Columbia,,CAN_DIA_ByPost_1915,by_post
2,Mt. Brydges,Mt. BrydgesOntario,42.90968,-81.49586,1915,Ontario,,CAN_DIA_ByPost_1915,by_post
2,Caledonia,CaledoniaNova Scotia,44.378889,-65.032222,1915,Nova Scotia,,CAN_DIA_ByPost_1915,by_post
2,Campbellton,CampbelltonNew Brunswick,48.005,-66.673056,1915,New Brunswick,,CAN_DIA_ByPost_1915,by_post
2,Metlakatla,MetlakatlaBritish Columbia,54.335833,-130.443333,1915,British Columbia,,CAN_DIA_ByPost_1915,by_post
2,Gaspe,GaspeQuebec,48.833333,-64.483333,1915,Quebec,,CAN_DIA_ByPost_1915,by_post
2,Esquimaux Point,Esquimaux PointQuebec,51.4167,-57.7167,1915,Quebec,,CAN_DIA_ByPost_1915,by_post
2,Fort Qu'Appelle,Fort Qu'AppelleSaskatchewan,50.7667,-103.7833,1915,Saskatchewan,,CAN_DIA_ByPost_1915,by_post
2,Bear River,Bear RiverNova Scotia,44.572222,-65.643889,1915,Nova Scotia,,CAN_DIA_ByPost_1915,by_post
2,Highgate,HighgateOntario,42.5009,-81.8166,1915,Ontario,,CAN_DIA_ByPost_1915,by_post
2,Dalhousie,DalhousieNew Brunswick,48.1,-66.616667,1915,New Brunswick,,CAN_DIA_ByPost_1915,by_post
2,Kamloops,KamloopsBritish Columbia,50.676111,-120.340833,1915,British Columbia,,CAN_DIA_ByPost_1915,by_post
2,Dawson,DawsonYukon,64.06,-139.410833,1915,Yukon,,CAN_DIA_ByPost_1915,by_post
2,Dominion City,Dominion CityManitoba,49.141944,-97.155556,1915,Manitoba,,CAN_DIA_ByPost_1915,by_post
2,Gore Bay,Gore BayOntario,45.916667,-82.466667,1915,Ontario,,CAN_DIA_ByPost_1915,by_post
2,Hazelton,HazeltonBritish Columbia,55.25,-127.666667,1915,British Columbia,,CAN_DIA_ByPost_1915,by_post
2,Heatherton,HeathertonNova Scotia,45.587856,-61.792089,1915,Nova Scotia,,CAN_DIA_ByPost_1915,by_post
2,Hagersville,HagersvilleOntario,42.95,-80.05,1915,Ontario,,CAN_DIA_ByPost_1915,by_post
2,North Timiskaming,North TimiskamingQuebec,47.633333,-79.466667,1915,Quebec,,CAN_DIA_ByPost_1915,by_post
2,Norway House,Norway HouseManitoba,53.990278,-97.815556,1915,Manitoba,,CAN_DIA_ByPost_1915,by_post
2,The Halfway P.O,The Halfway P.O.Manitoba,51.776944,-96.695,1915,Manitoba,,CAN_DIA_ByPost_1915,by_post
2,Shubenacadie,ShubenacadieNova Scotia,45.139883,-63.417547,1915,Nova Scotia,,CAN_DIA_ByPost_1915,by_post
2,Thessalon,ThessalonOntario,46.25,-83.55,1915,Ontario,,CAN_DIA_ByPost_1915,by_post
2,St. Regis,St. RegisQuebec,44.971111,-74.641944,1915,Quebec,,CAN_DIA_ByPost_1915,by_post
2,Windsor,WindsorNova Scotia,44.980278,-64.129167,1915,Nova Scotia,,CAN_DIA_ByPost_1915,by_post
2,St. Peters,St. PetersNova Scotia,45.663964,-60.894469,1915,Nova Scotia,,CAN_DIA_ByPost_1915,by_post
2,Red Deer,Red DeerAlberta,52.268056,-113.811111,1915,Alberta,,CAN_DIA_ByPost_1915,by_post
2,Penetanguishene,PenetanguisheneOntario,44.766667,-79.933333,1915,Ontario,,CAN_DIA_ByPost_1915,by_post
2,Sutton West,Sutton WestOntario,44.305,-79.358056,1915,Ontario,,CAN_DIA_ByPost_1915,by_post
2,Wiarton,WiartonOntario,44.743611,-81.140833,1915,Ontario,,CAN_DIA_ByPost_1915,by_post
2,Shelburne,ShelburneNova Scotia,43.763333,-65.323611,1915,Nova Scotia,,CAN_DIA_ByPost_1915,by_post
2,Rexton,RextonNew Brunswick,46.633333,-64.866667,1915,New Brunswick,,CAN_DIA_ByPost_1915,by_post
2,South Fort George,South Fort GeorgeBritish Columbia,53.89553,-122.74135,1915,British Columbia,,CAN_DIA_ByPost_1915,by_post
2,Sturgeon Falls,Sturgeon FallsOntario,46.3679478,-79.9247299,1915,Ontario,,CAN_DIA_ByPost_1915,by_post
2,Pointe Bleue,Pointe BleueQuebec,48.566667,-72.233333,1915,Quebec,,CAN_DIA_ByPost_1915,by_post
2,Vernon,VernonBritish Columbia,50.267,-119.272,1915,British Columbia,,CAN_DIA_ByPost_1915,by_post
2,Walpole Island,Walpole IslandOntario,42.55,-82.483333,1915,Ontario,,CAN_DIA_ByPost_1915,by_post
2,Sault Ste. Marie,Sault Ste MarieOntario,46.533333,-84.35,1915,Ontario,,CAN_DIA_ByPost_1915,by_post
2,Wadena,WadenaSaskatchewan,51.945833,-103.80138,1915,Saskatchewan,,CAN_DIA_ByPost_1915,by_post
2,Truro,TruroNova Scotia,45.364722,-63.28,1915,Nova Scotia,,CAN_DIA_ByPost_1915,by_post
1,Chicoutimi,ChicoutimiQuebec,48.427778,-71.059167,1915,Quebec,,CAN_DIA_ByPost_1915,by_post
1,Chilliwack,ChilliwackBritish Columbia,49.157722,-121.950917,1915,British Columbia,,CAN_DIA_ByPost_1915,by_post
1,Chester,ChesterNova Scotia,44.540278,-64.239722,1915,Nova Scotia,,CAN_DIA_ByPost_1915,by_post
1,Christmas Island,Christmas IslandNova Scotia,45.972311,-60.748333,1915,Nova Scotia,,CAN_DIA_ByPost_1915,by_post
1,Chippewa Hill,Chippawa HillOntario,48.34583333,-89.30277778,1915,Ontario,,CAN_DIA_ByPost_1915,by_post
1,Nil,Seven IslandsQuebec,50.216667,-66.383333,1915,Quebec,,CAN_DIA_ByPost_1915,by_post
1,Cape Croker,Cape CrokerOntario,44.908279,-81.022634,1915,Ontario,,CAN_DIA_ByPost_1915,by_post
1,Chase,ChaseBritish Columbia,50.818889,-119.684444,1915,British Columbia,,CAN_DIA_ByPost_1915,by_post
1,Canso,CansoNova Scotia,45.333889,-60.995278,1915,Nova Scotia,,CAN_DIA_ByPost_1915,by_post
1,Dutch Village,Dutch VillageNova Scotia,44.654722,-63.638056,1915,Nova Scotia,,CAN_DIA_ByPost_1915,by_post
1,Dorchester,DorchesterNew Brunswick,45.901556,-64.516083,1915,New Brunswick,,CAN_DIA_ByPost_1915,by_post
1,Edmundston,EdmundstonNew Brunswick,47.3765,-68.325347,1915,New Brunswick,,CAN_DIA_ByPost_1915,by_post
1,Eel Ground,Eel GroundNew Brunswick,46.969222,-65.627278,1915,New Brunswick,,CAN_DIA_ByPost_1915,by_post
1,Nil,Saddle LakeAlberta,53.968333,-111.691944,1915,Alberta,,CAN_DIA_ByPost_1915,by_post
1,Creston,CrestonBritish Columbia,49.09,-116.51,1915,British Columbia,,CAN_DIA_ByPost_1915,by_post
1,Cluny,ClunyAlberta,50.83649,-112.86667,1915,Alberta,,CAN_DIA_ByPost_1915,by_post
1,Cochrane,CochraneAlberta,51.189,-114.467,1915,Alberta,,CAN_DIA_ByPost_1915,by_post
1,Comox,ComoxBritish Columbia,49.673333,-124.902222,1915,British Columbia,,CAN_DIA_ByPost_1915,by_post
1,Delaware,DelawareOntario,42.908333,-81.416667,1915,Ontario,,CAN_DIA_ByPost_1915,by_post
1,Dartmouth,DartmouthNova Scotia,44.666667,-63.566667,1915,Nova Scotia,,CAN_DIA_ByPost_1915,by_post
1,Bathurst,Bathurst VillageNew Brunswick,47.62,-65.65,1915,New Brunswick,,CAN_DIA_ByPost_1915,by_post
1,Oromocto,OromoctoNew Brunswick,45.84878,-66.47879,1915,New Brunswick,,CAN_DIA_ByPost_1915,by_post
1,Baie St. Paul,Baie St. PaulQuebec,47.45,-70.5,1915,Quebec,,CAN_DIA_ByPost_1915,by_post
1,Baddeck,BaddeckNova Scotia,46.1,-60.754167,1915,Nova Scotia,,CAN_DIA_ByPost_1915,by_post
1,Okotoks,OkotoksAlberta,50.725,-113.975,1915,Alberta,,CAN_DIA_ByPost_1915,by_post
1,Becancour,BecancourQuebec,46.333333,-72.433333,1915,Quebec,,CAN_DIA_ByPost_1915,by_post
1,Alingly,AlinglySaskatchewan,53.4054,-105.911983,1915,Saskatchewan,,CAN_DIA_ByPost_1915,by_post
1,Alexis Creek,Alexis CreekBritish Columbia,52.083333,-123.283333,1915,British Columbia,,CAN_DIA_ByPost_1915,by_post
1,Agassiz,AgassizBritish Columbia,49.233333,-121.766667,1915,British Columbia,,CAN_DIA_ByPost_1915,by_post
1,"150-Mile House, Caribou","150-Mile House, CaribouBritish Columbia",52.105556,-121.927778,1915,British Columbia,,CAN_DIA_ByPost_1915,by_post
1,Aldermere,AldermereBritish Columbia,54.697222,-127.05,1915,British Columbia,,CAN_DIA_ByPost_1915,by_post
1,Ashcroft,AshcroftBritish Columbia,50.725556,-121.280556,1915,British Columbia,,CAN_DIA_ByPost_1915,by_post
1,Ashern,AshernManitoba,51.182222,-98.345556,1915,Manitoba,,CAN_DIA_ByPost_1915,by_post
1,Atlin,AtlinBritish Columbia,59.583333,-133.716667,1915,British Columbia,,CAN_DIA_ByPost_1915,by_post
1,Atherley,AtherleyOntario,44.60314,-79.36431,1915,Ontario,,CAN_DIA_ByPost_1915,by_post
1,Armstrong,ArmstrongBritish Columbia,50.448333,-119.196111,1915,British Columbia,,CAN_DIA_ByPost_1915,by_post
1,Annapolis,AnnapolisNova Scotia,44.741667,-65.515278,1915,Nova Scotia,,CAN_DIA_ByPost_1915,by_post
1,Parrsboro,ParrsboroNova Scotia,45.405833,-64.325833,1915,Nova Scotia,,CAN_DIA_ByPost_1915,by_post
1,Arborg,ArborgManitoba,50.907222,-97.216944,1915,Manitoba,,CAN_DIA_ByPost_1915,by_post
1,Antigonish,AntigonishNova Scotia,45.626522,-61.998253,1915,Nova Scotia,,CAN_DIA_ByPost_1915,by_post
1,Brechin,BrechinOntario,44.545,-79.17564,1915,Ontario,,CAN_DIA_ByPost_1915,by_post
1,"North Vermilon, Peace River","North Vermilion, Peace RiverAlberta",58.39,-116.016667,1915,Alberta,,CAN_DIA_ByPost_1915,by_post
1,Norton,NortonNew Brunswick,45.638694,-65.6955,1915,New Brunswick,,CAN_DIA_ByPost_1915,by_post
1,Nipigon,NipigonOntario,49.0,-88.42,1915,Ontario,,CAN_DIA_ByPost_1915,by_post
1,Nipigon station,Nipigon stationOntario,49.0,-88.42,1915,Ontario,,CAN_DIA_ByPost_1915,by_post
1,Nil,St. AugustinQuebec,51.232707,-58.651672,1915,Quebec,,CAN_DIA_ByPost_1915,by_post
1,Byng Inlet,Byng InletOntario,45.766667,-80.55,1915,Ontario,,CAN_DIA_ByPost_1915,by_post
1,Burnt Church,Burnt ChurchNew Brunswick,47.197917,-65.14825,1915,New Brunswick,,CAN_DIA_ByPost_1915,by_post
1,Berwick,BerwickNova Scotia,45.047549,-64.73595,1915,Nova Scotia,,CAN_DIA_ByPost_1915,by_post
1,Oka,OkaQuebec,45.466667,-74.083333,1915,Quebec,,CAN_DIA_ByPost_1915,by_post
1,Birch Hills,Birch HillsSaskatchewan,52.983333,-105.433333,1915,Saskatchewan,,CAN_DIA_ByPost_1915,by_post
1,Bella Bella,Bella BellaBritish Columbia,52.161944,-128.145,1915,British Columbia,,CAN_DIA_ByPost_1915,by_post
1,Bedford,BedfordNova Scotia,44.73212,-63.65676,1915,Nova Scotia,,CAN_DIA_ByPost_1915,by_post
1,Campbell River,Campbell RiverBritish Columbia,50.024444,-125.2475,1915,British Columbia,,CAN_DIA_ByPost_1915,by_post
1,Bergeronnes,BergeronnesQuebec,48.25,-69.55,1915,Quebec,,CAN_DIA_ByPost_1915,by_post
1,Blind River,Blind RiverOntario,46.183333,-82.95,1915,Ontario,,CAN_DIA_ByPost_1915,by_post
1,Nutana,NutanaSaskatchewan,52.116667,-106.656944,1915,Saskatchewan,,CAN_DIA_ByPost_1915,by_post
1,Brandon,BrandonManitoba,49.833333,-99.95,1915,Manitoba,,CAN_DIA_ByPost_1915,by_post
1,Ohsweken,OhswekenOntario,43.066667,-80.116667,1915,Ontario,,CAN_DIA_ByPost_1915,by_post
1,Lestock,LestockSaskatchewan,51.311,-103.983,1915,Saskatchewan,,CAN_DIA_ByPost_1915,by_post
1,Lequille,LequilleNova Scotia,44.727778,-65.490278,1915,Nova Scotia,,CAN_DIA_ByPost_1915,by_post
1,Liverpool,LiverpoolNova Scotia,44.0375,-64.713889,1915,Nova Scotia,,CAN_DIA_ByPost_1915,by_post
1,Lillooet,LillooetBritish Columbia,50.686389,-121.936389,1915,British Columbia,,CAN_DIA_ByPost_1915,by_post
1,Little Current,Little CurrentOntario,45.966667,-81.933333,1915,Ontario,,CAN_DIA_ByPost_1915,by_post
1,Ladysmith,LadysmithBritish Columbia,48.9975,-123.820278,1915,British Columbia,,CAN_DIA_ByPost_1915,by_post
1,Ladner,LadnerBritish Columbia,49.090278,-123.08,1915,British Columbia,,CAN_DIA_ByPost_1915,by_post
1,Lemberg,LembergSaskatchewan,50.732,-103.195,1915,Saskatchewan,,CAN_DIA_ByPost_1915,by_post
1,Lakefield,LakefieldOntario,44.416667,-78.333333,1915,Ontario,,CAN_DIA_ByPost_1915,by_post
1,Mahone,MahoneNova Scotia,44.5,-64.216667,1915,Nova Scotia,,CAN_DIA_ByPost_1915,by_post
1,Malagawatch,Malagwatch Reserve Nova Scotia,45.889444,-60.969444,1915,Nova Scotia,,CAN_DIA_ByPost_1915,by_post
1,Lunenburg,LunenburgNova Scotia,44.383333,-64.316667,1915,Nova Scotia,,CAN_DIA_ByPost_1915,by_post
1,Loggieville,LoggievilleNew Brunswick,47.066667,-65.383333,1915,New Brunswick,,CAN_DIA_ByPost_1915,by_post
1,Nil,Fort ResolutionAlberta,61.171667,-113.671667,1915,Alberta,,CAN_DIA_ByPost_1915,by_post
1,Kelowna,KelownaBritish Columbia,49.883611,-119.493333,1915,British Columbia,,CAN_DIA_ByPost_1915,by_post
1,Kensington,KensingtonPrince Edward Island,46.433333,-63.65,1915,Prince Edward Island,,CAN_DIA_ByPost_1915,by_post
1,Kibolut,KibolutBritish Columbia,0.0,0.0,1915,British Columbia,,CAN_DIA_ByPost_1915,by_post
1,Keswick Ridge,Keswick RidgeNew Brunswick,45.995888,-66.887169,1915,New Brunswick,,CAN_DIA_ByPost_1915,by_post
1,Kentville,KentvilleNova Scotia,45.0775,-64.495833,1915,Nova Scotia,,CAN_DIA_ByPost_1915,by_post
1,Keene,KeeneOntario,44.233333,-78.233333,1915,Ontario,,CAN_DIA_ByPost_1915,by_post
1,Kylemore,KylemoreSaskatchewan,51.904444,-103.639167,1915,Saskatchewan,,CAN_DIA_ByPost_1915,by_post
1,Kitwanga,KitwangaBritish Columbia,55.1,-128.066667,1915,British Columbia,,CAN_DIA_ByPost_1915,by_post
1,Montreal Lake via Prince Albert,"Montreal LakeManitoba, Keewatin and North-West Territories",54.333333,-105.666667,1915,Saskatchewan,,CAN_DIA_ByPost_1915,by_post
1,Morinville,MorinvilleAlberta,53.802222,-113.649722,1915,Alberta,,CAN_DIA_ByPost_1915,by_post
1,Morel,MorellPrince Edward Island,46.416667,-62.7,1915,Prince Edward Island,,CAN_DIA_ByPost_1915,by_post
1,Moosejaw,MoosejawSaskatchewan,50.393333,-105.551944,1915,Saskatchewan,,CAN_DIA_ByPost_1915,by_post
1,Mission City,Mission CityBritish Columbia,49.133694,-122.311167,1915,British Columbia,,CAN_DIA_ByPost_1915,by_post
1,Moncton,MonctonNew Brunswick,46.132778,-64.771389,1915,New Brunswick,,CAN_DIA_ByPost_1915,by_post
1,Nicola Lake,Nicola LakeBritish Columbia,50.4275,-121.316111,1915,British Columbia,,CAN_DIA_ByPost_1915,by_post
1,Natashkwan,NatashkwanQuebec,50.183333,-61.816667,1915,Quebec,,CAN_DIA_ByPost_1915,by_post
1,New Germany,New GermanyNova Scotia,44.55,-64.717,1915,Nova Scotia,,CAN_DIA_ByPost_1915,by_post
1,New Richmond West,New Richmond WestQuebec,48.166667,-65.866667,1915,Quebec,,CAN_DIA_ByPost_1915,by_post
1,Mount Stewart,Mount StewartPrince Edward Island,46.366667,-62.866667,1915,Prince Edward Island,,CAN_DIA_ByPost_1915,by_post
1,Newcastle,NewcastleNew Brunswick,46.983,-65.567,1915,New Brunswick,,CAN_DIA_ByPost_1915,by_post
1,Manor,ManorSaskatchewan,49.6062,-102.0856,1915,Saskatchewan,,CAN_DIA_ByPost_1915,by_post
1,Massey,MasseyOntario,46.233333,-82.0,1915,Ontario,,CAN_DIA_ByPost_1915,by_post
1,Minnedosa,MinnedosaManitoba,50.245278,-99.842778,1915,Manitoba,,CAN_DIA_ByPost_1915,by_post
1,Minitonas,MinitonasManitoba,52.086111,-101.039167,1915,Manitoba,,CAN_DIA_ByPost_1915,by_post
1,Mindemoya,MindemoyaOntario,45.732,-82.166,1915,Ontario,,CAN_DIA_ByPost_1915,by_post
1,Mill Village,Mill VillageNova Scotia,44.144708,-64.648619,1915,Nova Scotia,,CAN_DIA_ByPost_1915,by_post
1,Middleton,MiddletonNova Scotia,44.9418,-65.0686,1915,Nova Scotia,,CAN_DIA_ByPost_1915,by_post
1,Mattawa,MattawaOntario,46.316667,-78.7,1915,Ontario,,CAN_DIA_ByPost_1915,by_post
1,Melfort,MelfortSaskatchewan,52.856389,-104.61,1915,Saskatchewan,,CAN_DIA_ByPost_1915,by_post
1,"Ft. McPherson, Peel River, via Edmonton","Ft. McPherson, Peel River, via EdmontonAlberta",67.435278,-134.881944,1915,Alberta,,CAN_DIA_ByPost_1915,by_post
1,Fredericton,FrecerictonNew Brunswick,45.95,-66.666667,1915,New Brunswick,,CAN_DIA_ByPost_1915,by_post
1,Fort Steele,Fort SteeleBritish Columbia,49.616667,-115.633333,1915,British Columbia,,CAN_DIA_ByPost_1915,by_post
1,Fraser Lake,Fraser LakeBritish Columbia,54.058333,-124.847222,1915,British Columbia,,CAN_DIA_ByPost_1915,by_post
1,Nil,Moose WoodsSaskatchewan,51.866667,-106.700556,1915,Saskatchewan,,CAN_DIA_ByPost_1915,by_post
1,Gibson's Landing,Gibson's LandingBritish Columbia,49.4,-123.5,1915,British Columbia,,CAN_DIA_ByPost_1915,by_post
1,Forest,ForestOntario,43.1,-82.0,1915,Ontario,,CAN_DIA_ByPost_1915,by_post
1,Fairview,FairviewBritish Columbia,49.175,-119.6,1915,British Columbia,,CAN_DIA_ByPost_1915,by_post
1,Eganville,EganvilleOntario,45.533333,-77.1,1915,Ontario,,CAN_DIA_ByPost_1915,by_post
1,Emo,EmoManitoba,48.633333,-93.833333,1915,Manitoba,,CAN_DIA_ByPost_1915,by_post
1,Elmsdale,ElmsdaleNova Scotia,44.971111,-63.506667,1915,Nova Scotia,,CAN_DIA_ByPost_1915,by_post
1,Elkhorn,ElkhornManitoba,49.975556,-101.239444,1915,Manitoba,,CAN_DIA_ByPost_1915,by_post
1,Fort Pelly,Fort PellySaskatchewan,51.776389,-101.9975,1915,Saskatchewan,,CAN_DIA_ByPost_1915,by_post
1,Fort a la Corne,Fort a la CorneSaskatchewan,53.15,-104.8,1915,Saskatchewan,,CAN_DIA_ByPost_1915,by_post
1,Fort Fraser,Fort FraserBritish Columbia,54.06424,-124.54823,1915,British Columbia,,CAN_DIA_ByPost_1915,by_post
1,Higgins Road,Higgins RoadPrince Edward Island,46.51813,-64.077,1915,Prince Edward Island,,CAN_DIA_ByPost_1915,by_post
1,Nil,GriswoldManitoba,49.775,-100.470833,1915,Manitoba,,CAN_DIA_ByPost_1915,by_post
1,Heron Band,Heron BandOntario,0.0,0.0,1915,Ontario,,CAN_DIA_ByPost_1915,by_post
1,Hedley,HedleyBritish Columbia,49.358056,-120.075833,1915,British Columbia,,CAN_DIA_ByPost_1915,by_post
1,Jeune Lorette,Jeune LoretteQuebec,46.861472,-71.357111,1915,Quebec,,CAN_DIA_ByPost_1915,by_post
1,Indian Springs,Indian SpringsManitoba,49.3892,-98.9089,1915,Manitoba,,CAN_DIA_ByPost_1915,by_post
1,Indian Lorette,Indian LoretteQuebec,46.861472,-71.357111,1915,Quebec,,CAN_DIA_ByPost_1915,by_post
1,Grand Prairie City,Grand Prairie CityAlberta,55.170833,-118.794722,1915,Alberta,,CAN_DIA_ByPost_1915,by_post
1,Grand Cascapedia,Grand CascapediaQuebec,48.186944,-65.912222,1915,Quebec,,CAN_DIA_ByPost_1915,by_post
1,Gravenhurst,GravenhurstOntario,44.916667,-79.366667,1915,Ontario,,CAN_DIA_ByPost_1915,by_post
1,Grandview,GrandviewSaskatchewan,52.027,-108.61,1915,Saskatchewan,,CAN_DIA_ByPost_1915,by_post
1,Grand River Lot 14,Grand River Lot 14Prince Edward Island,46.5,-63.983333,1915,Prince Edward Island,,CAN_DIA_ByPost_1915,by_post
1,Glendale,GlendaleNova Scotia,45.815639,-61.313667,1915,Nova Scotia,,CAN_DIA_ByPost_1915,by_post
1,Harrington Harbour,Harrington HarbourQuebec,50.5,-59.479722,1915,Quebec,,CAN_DIA_ByPost_1915,by_post
1,Hampstead,HampsteadNew Brunswick,45.621061,-66.082506,1915,New Brunswick,,CAN_DIA_ByPost_1915,by_post
1,Halifax,HalifaxNova Scotia,44.647778,-63.571389,1915,Nova Scotia,,CAN_DIA_ByPost_1915,by_post
1,"Hastings, R.R. No. 1","Hastings, R.R. No. 1Ontario",44.3,-77.95,1915,Ontario,,CAN_DIA_ByPost_1915,by_post
1,Grenfell,GrenfellSaskatchewan,50.416667,-102.916667,1915,Saskatchewan,,CAN_DIA_ByPost_1915,by_post
1,Guysboro,GuysboroughNova Scotia,45.391667,-61.508333,1915,Nova Scotia,,CAN_DIA_ByPost_1915,by_post
1,Restigouche,RestigoucheQuebec,48.658056,-65.752778,1915,Quebec,,CAN_DIA_ByPost_1915,by_post
1,Rossburn,RossburnManitoba,50.669167,-100.811111,1915,Manitoba,,CAN_DIA_ByPost_1915,by_post
1,Roblin,RoblinSaskatchewan,51.23,-101.355556,1915,Saskatchewan,,CAN_DIA_ByPost_1915,by_post
1,Penticton,PentictonBritish Columbia,49.491111,-119.588611,1915,British Columbia,,CAN_DIA_ByPost_1915,by_post
1,Richibucto,RichibuctoNew Brunswick,46.659,-64.76,1915,New Brunswick,,CAN_DIA_ByPost_1915,by_post
1,Roseneath,RoseneathOntario,44.083333,-78.033333,1915,Ontario,,CAN_DIA_ByPost_1915,by_post
1,Peace River Crossing,Peace River CrossingAlberta,56.233889,-117.289722,1915,Alberta,,CAN_DIA_ByPost_1915,by_post
1,Riverport,RiverportNova Scotia,44.294444,-64.3275,1915,Nova Scotia,,CAN_DIA_ByPost_1915,by_post
1,River Bourgeois (Cannes),River BourgeoisNova Scotia,45.632767,-60.931206,1915,Nova Scotia,,CAN_DIA_ByPost_1915,by_post
1,Riviere-qui- barre,Riviere Qui BarreAlberta,53.7744,-113.843,1915,Alberta,,CAN_DIA_ByPost_1915,by_post
1,Ruby,RubyOntario,45.53127,-77.32749,1915,Ontario,,CAN_DIA_ByPost_1915,by_post
1,Sandy Cove,Sandy CoveNova Scotia,44.490139,-66.086539,1915,Nova Scotia,,CAN_DIA_ByPost_1915,by_post
1,Port Maitland,Port MaitlandNova Scotia,43.984169,-66.150914,1915,Nova Scotia,,CAN_DIA_ByPost_1915,by_post
1,Port Arthur,Port ArthurOntario,48.45,-89.23,1915,Ontario,,CAN_DIA_ByPost_1915,by_post
1,Port Clyde,Port ClydeNova Scotia,43.605,-65.46805,1915,Nova Scotia,,CAN_DIA_ByPost_1915,by_post
1,Port Renfrew,Port RenfrewBritish Columbia,48.558611,-124.39916,1915,British Columbia,,CAN_DIA_ByPost_1915,by_post
1,Pincher Creek,Pincher CreekAlberta,49.486111,-113.95,1915,Alberta,,CAN_DIA_ByPost_1915,by_post
1,Rainy River,Rainy RiverManitoba,48.716667,-94.566667,1915,Manitoba,,CAN_DIA_ByPost_1915,by_post
1,Quesnel,QuesnelBritish Columbia,52.978444,-122.492667,1915,British Columbia,,CAN_DIA_ByPost_1915,by_post
1,Quatsino,QuatsinoBritish Columbia,50.533611,-127.611111,1915,British Columbia,,CAN_DIA_ByPost_1915,by_post
1,Rathwell,RathwellManitoba,49.646944,-98.546389,1915,Manitoba,,CAN_DIA_ByPost_1915,by_post
1,Perigord,PerigordSaskatchewan,52.3184,-103.4412,1915,Saskatchewan,,CAN_DIA_ByPost_1915,by_post
1,Red Bank,Red BankNew Brunswick,46.933333,-65.816667,1915,New Brunswick,,CAN_DIA_ByPost_1915,by_post
1,Sheffield,SheffieldNew Brunswick,45.883,-66.3,1915,New Brunswick,,CAN_DIA_ByPost_1915,by_post
1,Prince Albert,Prince AlbertSaskatchewan,53.2,-105.75,1915,Saskatchewan,,CAN_DIA_ByPost_1915,by_post
1,Powell River,Powell RiverBritish Columbia,49.835278,-124.524722,1915,British Columbia,,CAN_DIA_ByPost_1915,by_post
1,Peterborough,PeterboroughOntario,44.3,-78.316667,1915,Ontario,,CAN_DIA_ByPost_1915,by_post
1,Petite Riviere,Petite RiviereNova Scotia,44.233147,-64.447,1915,Nova Scotia,,CAN_DIA_ByPost_1915,by_post
1,Prince Rupert,Prince RupertBritish Columbia,54.312194,-130.327083,1915,British Columbia,,CAN_DIA_ByPost_1915,by_post
1,Puckahn,PuckahnSaskatchewan,53.035,-105.5344444,1915,Saskatchewan,,CAN_DIA_ByPost_1915,by_post
1,Tobique,TobiqueNew Brunswick,46.8,-67.6,1915,New Brunswick,,CAN_DIA_ByPost_1915,by_post
1,"Tofino, Vancouver Island","Tofino, Vancouver IslandBritish Columbia",49.143889,-125.891667,1915,British Columbia,,CAN_DIA_ByPost_1915,by_post
1,Transcona,TransconaManitoba,49.895556,-97.005278,1915,Manitoba,,CAN_DIA_ByPost_1915,by_post
1,Vegreville,VegrevilleAlberta,53.492778,-112.052222,1915,Alberta,,CAN_DIA_ByPost_1915,by_post
1,Virden,VirdenManitoba,49.850833,-100.931667,1915,Manitoba,,CAN_DIA_ByPost_1915,by_post
1,Tyne Valley,Tyne ValleyPrince Edward Island,46.566667,-63.933333,1915,Prince Edward Island,,CAN_DIA_ByPost_1915,by_post
1,Ucluelet,UclueletBritish Columbia,48.935,-125.541944,1915,British Columbia,,CAN_DIA_ByPost_1915,by_post
1,Upper Gagetown,Upper GagetownNew Brunswick,45.77,-66.16,1915,New Brunswick,,CAN_DIA_ByPost_1915,by_post
1,Sheet Harbour,Sheet HarbourNova Scotia,44.916667,-62.533333,1915,Nova Scotia,,CAN_DIA_ByPost_1915,by_post
1,Swan Lakes,Swan LakesManitoba,52.516667,-100.75,1915,Manitoba,,CAN_DIA_ByPost_1915,by_post
1,Sydney,SydneyBritish Columbia,48.650556,-123.398611,1915,British Columbia,,CAN_DIA_ByPost_1915,by_post
1,Terrace,TerraceBritish Columbia,54.516389,-128.599722,1915,British Columbia,,CAN_DIA_ByPost_1915,by_post
1,"Tewlkla, Bulkley Valley","Tewlkla, Bulkley ValleyBritish Columbia",54.781944,-127.168056,1915,British Columbia,,CAN_DIA_ByPost_1915,by_post
1,Wilmer,WilmerBritish Columbia,50.4934,-116.0392,1915,British Columbia,,CAN_DIA_ByPost_1915,by_post
1,Whycocomagh,WhycocomaghNova Scotia,45.976686,-61.117972,1915,Nova Scotia,,CAN_DIA_ByPost_1915,by_post
1,Woodstock,WoodstockNew Brunswick,46.152222,-67.598333,1915,New Brunswick,,CAN_DIA_ByPost_1915,by_post
1,Wood Mountain,Wood MountainSaskatchewan,49.221547,-106.225566,1915,Saskatchewan,,CAN_DIA_ByPost_1915,by_post
1,Winnipegosis,WinnipegosisManitoba,51.616667,-99.933333,1915,Manitoba,,CAN_DIA_ByPost_1915,by_post
1,Whycocomah,WhycocomaghNova Scotia,45.976686,-61.117972,1915,Nova Scotia,,CAN_DIA_ByPost_1915,by_post
1,Wabamun,WabamunAlberta,53.557778,-114.468333,1915,Alberta,,CAN_DIA_ByPost_1915,by_post
1,Westfield,WestfieldNew Brunswick,45.36075,-66.24151,1915,New Brunswick,,CAN_DIA_ByPost_1915,by_post
1,Wetaskiwin,WetaskiwinAlberta,52.969444,-113.376944,1915,Alberta,,CAN_DIA_ByPost_1915,by_post
1,Whitehorse,WhitehorseYukon,60.716667,-135.05,1915,Yukon,,CAN_DIA_ByPost_1915,by_post
1,Weymouth,WeymouthNova Scotia,44.40489,-65.99861,1915,Nova Scotia,,CAN_DIA_ByPost_1915,by_post
1,Shellbrook,ShellbrookSaskatchewan,53.216667,-106.4,1915,Saskatchewan,,CAN_DIA_ByPost_1915,by_post
1,Shediac,ShediacNew Brunswick,46.216667,-64.533333,1915,New Brunswick,,CAN_DIA_ByPost_1915,by_post
1,Southampton,SouthamptonOntario,44.5,-81.367,1915,Ontario,,CAN_DIA_ByPost_1915,by_post
1,Skidegate,SkidegateBritish Columbia,53.267222,-131.990556,1915,British Columbia,,CAN_DIA_ByPost_1915,by_post
1,Shannonville,ShannonvilleOntario,44.2637,-77.2304,1915,Ontario,,CAN_DIA_ByPost_1915,by_post
1,St. Benoit,St. BenoitQuebec,45.567222,-74.096944,1915,Quebec,,CAN_DIA_ByPost_1915,by_post
1,Schreiber,SchreiberOntario,48.816667,-87.266667,1915,Ontario,,CAN_DIA_ByPost_1915,by_post
1,Scugog R.R. No. 1,ScugogOntario,44.09,-78.936,1915,Ontario,,CAN_DIA_ByPost_1915,by_post
1,"Scugog, R.R. No. 1",ScugogOntario,44.09,-78.936,1915,Ontario,,CAN_DIA_ByPost_1915,by_post
1,Steam Mills,Steam MillsNova Scotia,45.109972,-64.514139,1915,Nova Scotia,,CAN_DIA_ByPost_1915,by_post
1,Steveston,StevestonBritish Columbia,49.1275,-123.181389,1915,British Columbia,,CAN_DIA_ByPost_1915,by_post
1,Starblanket,StarblanketSaskatchewan,50.8,-103.55,1915,Saskatchewan,,CAN_DIA_ByPost_1915,by_post
1,Stonewall,StonewallManitoba,50.134444,-97.326111,1915,Manitoba,,CAN_DIA_ByPost_1915,by_post
1,Sudbury,SudburyOntario,46.49,-81.01,1915,Ontario,,CAN_DIA_ByPost_1915,by_post
1,Strachclair,StrathclairManitoba,50.466667,-100.333333,1915,Manitoba,,CAN_DIA_ByPost_1915,by_post
1,St. John,St. JohnNew Brunswick,45.280556,-66.076111,1915,New Brunswick,,CAN_DIA_ByPost_1915,by_post
1,St. Marys,St. MarysNew Brunswick,46.205,-66.505,1915,New Brunswick,,CAN_DIA_ByPost_1915,by_post
1,St. Mary's,St. MarysNew Brunswick,46.205,-66.505,1915,New Brunswick,,CAN_DIA_ByPost_1915,by_post
1,St. Mary's Ferry,St. Mary's FerryNew Brunswick,45.966667,-66.633333,1915,New Brunswick,,CAN_DIA_ByPost_1915,by_post
1,St. Constant,St. ConstantQuebec,45.37,-73.57,1915,Quebec,,CAN_DIA_ByPost_1915,by_post
1,"St. Jean, Isle d'Orleans","St. Jean, Isle d'OrleansQuebec",46.916667,-70.9,1915,Quebec,,CAN_DIA_ByPost_1915,by_post
