Id,Name,Type,Map_Name,Map_Date,Shape_Length,Shape_Area,_layer,Population,Reserve_No
0, ,Indian Reserve,PCA_Map461,1875,53629.24358891803,115760842.46858674,CAN_Indigenous_Reserves_1875,,
0, ,Indian Reserve,PCA_Map461,1875,67470.97022658751,228754316.13329035,CAN_Indigenous_Reserves_1875,,
0, ,Indian Reserve,PCA_Map461,1875,31879.803088170094,48747893.35424371,CAN_Indigenous_Reserves_1875,,
0, ,Indian Reserve,PCA_Map441,1876,59399.51567795668,122932313.09701373,CAN_Indigenous_Reserves_1876,,
0, ,Indian Reserve,PCA_Map441,1876,27562.394774771798,49391595.14700141,CAN_Indigenous_Reserves_1876,,
0, ,Indian Reserve,PCA_Map441,1876,30951.91524603955,51124374.61517649,CAN_Indigenous_Reserves_1876,,
700,Unknown,Reserve,Map A33_42_S,1878,49291.29959012979,151361189.3136397,CAN_Indigenous_Reserves_1878,,
701,Unknown,Reserve,Map A33_42_S,1878,38737.677477875055,93738986.62702264,CAN_Indigenous_Reserves_1878,,
702,Unknown,Reserve,Map A33_42_S,1878,41385.2425480165,105387755.79343282,CAN_Indigenous_Reserves_1878,,
703,Unknown,Reserve,Map A33_42_S,1878,39551.351754819974,97004002.20386188,CAN_Indigenous_Reserves_1878,,
704,Unknown,Reserve,Map A33_42_S,1878,63962.53070574292,186492308.8122808,CAN_Indigenous_Reserves_1878,,
708,8,Reserve,Map A33_42_S,1878,28460.46997771277,48667212.12858813,CAN_Indigenous_Reserves_1878,,
707,9,Reserve,Map A33_42_S,1878,54340.416764366826,105769981.06826445,CAN_Indigenous_Reserves_1878,,
706,10,Reserve,Map A33_42_S,1878,52347.80411312956,162749541.47696704,CAN_Indigenous_Reserves_1878,,
705,11,Reserve,Map A33_42_S,1878,45653.3338563191,110415487.66286638,CAN_Indigenous_Reserves_1878,,
709,7,Reserve,Map A33_42_S,1878,32110.38490689529,65980842.25296303,CAN_Indigenous_Reserves_1878,,
710,6,Reserve,Map A33_42_S,1878,32412.933611704422,64002606.449968904,CAN_Indigenous_Reserves_1878,,
711,Unknown,Reserve,Map A33_42_S,1878,52631.23113791175,143144134.63027087,CAN_Indigenous_Reserves_1878,,
712,Unknown,Reserve,Map A33_42_S,1878,25813.86180748867,40812693.519780986,CAN_Indigenous_Reserves_1878,,
713,Unknown,Reserve,Map A33_42_S,1878,30085.082989283437,51499598.77245434,CAN_Indigenous_Reserves_1878,,
0, , ,Map A33_42_S,1878,33757.36525298742,49137643.01638256,CAN_Indigenous_Reserves_1878,,
714,Unknown,Reserve,Map A33_42_S,1878,37337.182240573886,83719925.06396079,CAN_Indigenous_Reserves_1878,,
715,Unknown,Reserve,Map A33_42_S,1878,62284.43021190182,246248602.78870678,CAN_Indigenous_Reserves_1878,,
716,Unknown,Reserve,Map A33_42_S,1878,27307.977091981676,47961915.359336786,CAN_Indigenous_Reserves_1878,,
717,Unknown,Reserve,Map A33_42_S,1878,38726.825375726876,91169816.81811245,CAN_Indigenous_Reserves_1878,,
718,512,Reserve,Map A33_42_S,1878,28040.765029665097,48885101.18474187,CAN_Indigenous_Reserves_1878,,
719,Unknown,Reserve,Map A33_42_S,1878,19709.529150756323,24245662.23936033,CAN_Indigenous_Reserves_1878,,
720,Unkown,Reserve,Map A33_42_S,1878,20795.33621064024,28855029.557411693,CAN_Indigenous_Reserves_1878,,
721,Unknown,Reserve,Map A33,1878,33308.302738867926,54289982.93253391,CAN_Indigenous_Reserves_1878,,
0,Little Black Bear,Indian Reserve,PCA_Map362_p1,1885,46242.96616774182,116626043.39808068,CAN_Indigenous_Reserves_1885,,
0,Star Blanket,Indian Reserve,PCA_Map362_p1,1885,38113.943310102855,52848566.94358219,CAN_Indigenous_Reserves_1885,,
0,Okanesse,Indian Reserve,PCA_Map362_p1,1885,36897.92084526061,53499284.608791836,CAN_Indigenous_Reserves_1885,,
0,Pee-Kis-Sis,Indian Reserve,PCA_Map362_p1,1885,44768.784953567105,111921300.97846398,CAN_Indigenous_Reserves_1885,,
0,Muskow - Peetung's Band,Indian Reserve,PCA_Map362_p1,1885,53907.331901017074,128787891.76594508,CAN_Indigenous_Reserves_1885,,
0,Pasquaw's Band,Indian Reserve,PCA_Map362_p1,1885,52776.95987084158,173982691.1742639,CAN_Indigenous_Reserves_1885,,
0,Indian Reserve,Indian Reserve,PCA_Map362_p1,1885,98512.99887644174,576910178.9322128,CAN_Indigenous_Reserves_1885,,
0,Mosquito,Indian Reserve,PCA_Map362_p1,1885,45372.91757977391,91320798.17234224,CAN_Indigenous_Reserves_1885,,
0,O'Soup,Indian Reserve,PCA_Map362_p1,1885,66833.6242533654,180093431.26340306,CAN_Indigenous_Reserves_1885,,
0,Kakeewis-Tahaw,Indian Reserve,PCA_Map362_p1,1885,67403.65609095998,205517445.66277605,CAN_Indigenous_Reserves_1885,,
0,Kakeesheway and Chacachas,Indian Reserve,PCA_Map362_p1,1885,59789.70039821767,206413952.39644063,CAN_Indigenous_Reserves_1885,,
0,Pheasant''s Rump and Ocean Man,Indian Reserve,PCA_Map362_p1,1885,57251.24264689688,195393220.08280563,CAN_Indigenous_Reserves_1885,,
0,White Bear's Band,Indian Reserve,PCA_Map362_p1,1885,44984.45632984835,122778260.23642439,CAN_Indigenous_Reserves_1885,,
0,Gambler's Band,Indian Reserve,PCA_Map362_p1,1885,41382.64923566673,81209219.65182634,CAN_Indigenous_Reserves_1885,,
0,Way-Way-Sa-Cap-Pour's Band,Indian Reserve,PCA_Map362_p1,1885,40025.10649067573,97580424.78587443,CAN_Indigenous_Reserves_1885,,
0,Goote,Indian Reserve,PCA_Map362_p1,1885,57055.117790741504,171372951.0875462,CAN_Indigenous_Reserves_1885,,
0,Gordon's Band,Indian Reserve,PCA_Map362_p1,1885,44694.035506090455,120144204.06959337,CAN_Indigenous_Reserves_1885,,
0,Temporary Res.,Indian Reserve,PCA_Map362_p1,1885,18813.553852974295,16796407.379256174,CAN_Indigenous_Reserves_1885,,
0,Mus-Kow-Equan,Indian Reserve,PCA_Map362_p1,1885,45775.86363104419,77285271.43578778,CAN_Indigenous_Reserves_1885,,
0,Poor Man,Indian Reserve,PCA_Map362_p1,1885,39406.13840054307,96834590.64954412,CAN_Indigenous_Reserves_1885,,
0,Day Star's Band,Indian Reserve,PCA_Map362_p1,1885,45050.200178683524,68279947.83975506,CAN_Indigenous_Reserves_1885,,
0,Yellow Quill,Indian Reserve,PCA_Map362_p1,1885,38988.92668909516,94562153.25051919,CAN_Indigenous_Reserves_1885,,
0,Yellow Quill,Indian Reserve,PCA_Map362_p1,1885,32319.605716844864,58773079.16841737,CAN_Indigenous_Reserves_1885,,
0, ,Indian Reserve,PCA_Map362_p1,1885,32348.464862761317,64190998.67976133,CAN_Indigenous_Reserves_1885,,
0,Swan Lake,Indian Reserve,PCA_Map362_p1,1885,29506.064963296696,51425044.45301138,CAN_Indigenous_Reserves_1885,,
0,Long Plain,Indian Reserve,PCA_Map362_p1,1885,37593.45321668369,40687513.47338747,CAN_Indigenous_Reserves_1885,,
0,Sandy  Bay,Indian Reserve,PCA_Map362_p1,1885,33622.39077326247,60690155.07763352,CAN_Indigenous_Reserves_1885,,
0,Dog Creek,Indian Reserve,PCA_Map362_p1,1885,55635.00531632694,67889895.6567929,CAN_Indigenous_Reserves_1885,,
0, ,Indian Reserve,PCA_Map362_p1,1885,26959.234732586585,42930334.08573835,CAN_Indigenous_Reserves_1885,,
0, ,Indian Reserve,PCA_Map362_p1,1885,20901.72550433136,20196879.792477436,CAN_Indigenous_Reserves_1885,,
0, ,Indian Reserve,PCA_Map362_p1,1885,19715.770233646712,20481670.92882348,CAN_Indigenous_Reserves_1885,,
0, ,Indian Reserve,PCA_Map362_p1,1885,19029.006834337222,20926831.671941575,CAN_Indigenous_Reserves_1885,,
0,Sioux,Indian Reserve,PCA_Map362_p1,1885,29851.638071090827,33624733.58510197,CAN_Indigenous_Reserves_1885,,
0,Mekis,Indian Reserve,PCA_Map362_p1,1885,19487.85599560549,23241884.408687964,CAN_Indigenous_Reserves_1885,,
0, ,Indian Reserve,PCA_Map362_p1,1885,37813.82358387303,51920676.38735483,CAN_Indigenous_Reserves_1885,,
0, ,Indian Reserve,PCA_Map362_p1,1885,67897.97635941475,284302765.10525393,CAN_Indigenous_Reserves_1885,,
0, ,Indian Reserve,PCA_Map362_p1,1885,30828.48593600573,23485500.647924207,CAN_Indigenous_Reserves_1885,,
0, ,Indian Reserve,PCA_Map362_p1,1885,28146.56562718591,21899237.369451296,CAN_Indigenous_Reserves_1885,,
0, ,Indian Reserve,PCA_Map362_p1,1885,17568.229546381666,12035057.32889069,CAN_Indigenous_Reserves_1885,,
0,One Arrow,Indian Reserve,PCA_Map362_p1,1885,16796.063433236144,12585080.547628678,CAN_Indigenous_Reserves_1885,,
0, ,Indian Reserve,PCA_Map362_p1,1885,20861.757196149443,21851942.033720177,CAN_Indigenous_Reserves_1885,,
0, ,Indian Reserve,PCA_Map362_p1,1885,25808.179745958558,21134394.960449092,CAN_Indigenous_Reserves_1885,,
0, ,Indian Reserve,PCA_Map362_p1,1885,18388.581492491154,9745908.26721642,CAN_Indigenous_Reserves_1885,,
0, ,Indian Reserve,PCA_Map362_p1,1885,33074.58106124961,66717651.063960955,CAN_Indigenous_Reserves_1885,,
0,Muskoday,Indian Reserve,PCA_Map362_p1,1885,48094.65964327691,105464605.32955544,CAN_Indigenous_Reserves_1885,,
0,Chakastapasin,Indian Reserve,PCA_Map362_p1,1885,40046.266473883916,58833674.209219866,CAN_Indigenous_Reserves_1885,,
0,Sioux,Indian Reserve,PCA_Map362_p1,1885,23612.841612785996,34441726.68048236,CAN_Indigenous_Reserves_1885,,
0,Sioux,Indian Reserve,PCA_Map362_p1,1885,12635.404361703846,9977758.471373407,CAN_Indigenous_Reserves_1885,,
0, ,Indian Reserve,PCA_Map362_p1,1885,23033.44154898775,15356885.269210719,CAN_Indigenous_Reserves_1885,,
0,Standing Buffalo,Indian Reserve,PCA_Map362_p1,1885,19958.4057646929,20549637.133117966,CAN_Indigenous_Reserves_1885,,
0, ,Indian Reserve,PCA_Map362_p1,1885,28181.156957492818,42272934.99312245,CAN_Indigenous_Reserves_1885,,
0,Nashak[?] Penais,Indian Reserve,PCA_Map362_p2,1885,34336.4797635748,58386587.859893985,CAN_Indigenous_Reserves_1885,,
0,St Peters,Indian Reserve,PCA_Map362_p2,1885,66060.3261067868,228864244.6072305,CAN_Indigenous_Reserves_1885,,
0,H Prince,Indian Reserve,PCA_Map362_p2,1885,29451.355099572407,51520041.35992189,CAN_Indigenous_Reserves_1885,,
0,Kakepenais,Indian Reserve,PCA_Map362_p2,1885,46122.92540362575,114745274.01124471,CAN_Indigenous_Reserves_1885,,
0, ,Indian Reserve,PCA_Map362_p2,1885,24997.96209435675,26663557.548904285,CAN_Indigenous_Reserves_1885,,
0, ,Indian Reserve,PCA_Map362_p2,1885,25008.8233474048,33831830.297475845,CAN_Indigenous_Reserves_1885,,
0, ,Indian Reserve,PCA_Map362_p2,1885,22478.247847693154,16475473.88465594,CAN_Indigenous_Reserves_1885,,
0, ,Indian Reserve,PCA_Map362_p2,1885,21278.710042978448,23468803.845209744,CAN_Indigenous_Reserves_1885,,
0,Pagonakieshick,Indian Reserve,PCA_Map362_p2,1885,35307.212330136725,20764980.78256799,CAN_Indigenous_Reserves_1885,,
0, ,Indian Reserve,PCA_Map362_p2,1885,51748.127406002786,45753126.573251374,CAN_Indigenous_Reserves_1885,,
0, ,Indian Reserve,PCA_Map362_p2,1885,26469.080573070532,29708168.684225764,CAN_Indigenous_Reserves_1885,,
0, ,Indian Reserve,PCA_Map362_p2,1885,23791.297922822647,14894071.633558968,CAN_Indigenous_Reserves_1885,,
0,Shawinabinais,Indian Reserve,PCA_Map362_p2,1885,16395.322160977692,14992873.814911446,CAN_Indigenous_Reserves_1885,,
0,She-She-Gence,Indian Reserve,PCA_Map362_p2,1885,26789.445177226327,13684820.330543756,CAN_Indigenous_Reserves_1885,,
0, ,Indian Reserve,PCA_Map362_p2,1885,15612.11204871445,9771945.521778572,CAN_Indigenous_Reserves_1885,,
0, ,Indian Reserve,PCA_Map362_p2,1885,13867.013707676788,7155522.046305414,CAN_Indigenous_Reserves_1885,,
0,Powawassan,Indian Reserve,PCA_Map362_p2,1885,13287.252461178701,8592017.290796537,CAN_Indigenous_Reserves_1885,,
0,Nootinaquaham,Indian Reserve,PCA_Map362_p2,1885,12380.156608113455,7116319.836233616,CAN_Indigenous_Reserves_1885,,
0, ,Indian Reserve,PCA_Map362_p2,1885,34666.89053898505,33574215.72830341,CAN_Indigenous_Reserves_1885,,
0, ,Indian Reserve,PCA_Map362_p2,1885,20028.062487469047,13907468.177503893,CAN_Indigenous_Reserves_1885,,
0, ,Indian Reserve,PCA_Map362_p2,1885,10490.07232935886,5015995.365053476,CAN_Indigenous_Reserves_1885,,
0, ,Indian Reserve,PCA_Map362_p2,1885,8410.27311706588,4361616.314195081,CAN_Indigenous_Reserves_1885,,
0, ,Indian Reserve,PCA_Map362_p2,1885,7199.954071662501,3105271.966038933,CAN_Indigenous_Reserves_1885,,
0, ,Indian Reserve,PCA_Map362_p2,1885,12395.578115216924,8960927.494320638,CAN_Indigenous_Reserves_1885,,
0, ,Indian Reserve,PCA_Map362_p2,1885,11654.033919476493,6685851.656775637,CAN_Indigenous_Reserves_1885,,
0, ,Indian Reserve,PCA_Map362_p2,1885,12636.957910989919,8534409.13980294,CAN_Indigenous_Reserves_1885,,
0, ,Indian Reserve,PCA_Map362_p2,1885,13044.608235941514,7631563.577417329,CAN_Indigenous_Reserves_1885,,
0,Powawassan,Indian Reserve,PCA_Map362_p2,1885,10547.65445570796,6973175.019706063,CAN_Indigenous_Reserves_1885,,
0,Yashawash,Indian Reserve,PCA_Map362_p2,1885,20997.976201932568,23717032.952327274,CAN_Indigenous_Reserves_1885,,
0,Netamaquam,Indian Reserve,PCA_Map362_p2,1885,26247.254283276958,33358713.338950068,CAN_Indigenous_Reserves_1885,,
0, ,Indian Reserve,PCA_Map362_p2,1885,15620.716606667353,13733631.57419753,CAN_Indigenous_Reserves_1885,,
0, ,Indian Reserve,PCA_Map362_p2,1885,12850.182475251513,8572486.177500317,CAN_Indigenous_Reserves_1885,,
0, ,Indian Reserve,PCA_Map362_p2,1885,13881.702327976933,9141728.480901908,CAN_Indigenous_Reserves_1885,,
0, ,Indian Reserve,PCA_Map362_p2,1885,11825.047574876995,6383327.546619201,CAN_Indigenous_Reserves_1885,,
0, ,Indian Reserve,PCA_Map362_p2,1885,11856.194427428592,5746763.398698173,CAN_Indigenous_Reserves_1885,,
0, ,Indian Reserve,PCA_Map362_p2,1885,22059.07045623283,16867612.72869682,CAN_Indigenous_Reserves_1885,,
0, ,Indian Reserve,PCA_Map362_p2,1885,5575.681157847153,2081237.439633911,CAN_Indigenous_Reserves_1885,,
0,Kawietiash,Indian Reserve,PCA_Map362_p2,1885,30129.433915372763,22647588.22514293,CAN_Indigenous_Reserves_1885,,
0, ,Indian Reserve,PCA_Map362_p2,1885,9622.196036325251,4728456.358176098,CAN_Indigenous_Reserves_1885,,
0, ,Indian Reserve,PCA_Map362_p2,1885,23861.03362694888,15018196.087570861,CAN_Indigenous_Reserves_1885,,
0,Powawasans,Indian Reserve,PCA_Map362_p2,1885,16372.83481850574,15947380.294267967,CAN_Indigenous_Reserves_1885,,
0,Mad[?]-Beness,Indian Reserve,PCA_Map362_p2,1885,20598.44881106882,24869395.92947947,CAN_Indigenous_Reserves_1885,,
0,Nesotai,Indian Reserve,PCA_Map362_p2,1885,19785.982370298145,22034087.443889286,CAN_Indigenous_Reserves_1885,,
0,Kitchekakaik,Indian Reserve,PCA_Map362_p2,1885,20338.212981909477,25298466.481624037,CAN_Indigenous_Reserves_1885,,
0,Kitche-Ko-Kai,Indian Reserve,PCA_Map362_p2,1885,13195.566913926097,9999985.079816885,CAN_Indigenous_Reserves_1885,,
0,N. Chatelaine,Indian Reserve,PCA_Map362_p2,1885,62429.40531826326,58198369.83537844,CAN_Indigenous_Reserves_1885,,
0, ,Indian Reserve,PCA_Map362_p2,1885,38113.93637444197,22114613.13612178,CAN_Indigenous_Reserves_1885,,
0,Wah-Shis-Kince,Indian Reserve,PCA_Map362_p2,1885,23779.947373987343,16625310.142414406,CAN_Indigenous_Reserves_1885,,
0, ,Indian Reserve,PCA_Map362_p2,1885,20269.69639180936,19107602.235444218,CAN_Indigenous_Reserves_1885,,
0,Goche,Indian Reserve,PCA_Map362_p2,1885,28979.976266623096,19767567.293534584,CAN_Indigenous_Reserves_1885,,
0,Goche,Indian Reserve,PCA_Map362_p2,1885,12683.69901140109,9419691.38532605,CAN_Indigenous_Reserves_1885,,
0,Goche,Indian Reserve,PCA_Map362_p2,1885,16409.55912722191,16153132.43132584,CAN_Indigenous_Reserves_1885,,
0,Pabamachas,Indian Reserve,PCA_Map362_p2,1885,23977.74737615745,27464917.499760203,CAN_Indigenous_Reserves_1885,,
0,Blackstone,Indian Reserve,PCA_Map362_p2,1885,50381.9592718813,74195263.93413882,CAN_Indigenous_Reserves_1885,,
0,Pabamachas,Indian Reserve,PCA_Map362_p2,1885,21948.908039409398,21543949.57500993,CAN_Indigenous_Reserves_1885,,
0,Metasoqueneskank,Indian Reserve,PCA_Map362_p2,1885,24102.012511630488,36893666.52537009,CAN_Indigenous_Reserves_1885,,
0,Metasoqueneskank,Indian Reserve,PCA_Map362_p2,1885,21029.650845556098,21915923.128582053,CAN_Indigenous_Reserves_1885,,
0,Kebaguin,Indian Reserve,PCA_Map362_p2,1885,23783.93666860784,23929734.826433364,CAN_Indigenous_Reserves_1885,,
0,Sakatcheway,Indian Reserve,PCA_Map362_p2,1885,27692.27878273264,32072966.37161258,CAN_Indigenous_Reserves_1885,,
0, ,Indian Reserve,PCA_Map362_p2,1885,21535.65644866953,21459244.691359475,CAN_Indigenous_Reserves_1885,,
0,Kay-Kee-In-Gash,Indian Reserve,PCA_Map362_p2,1885,26066.345817062178,20948220.773632832,CAN_Indigenous_Reserves_1885,,
0, ,Indian Reserve,PCA_Map362_p2,1885,30993.72263491558,27822413.736128796,CAN_Indigenous_Reserves_1885,,
0,Rainy River Bands,Indian Reserve,PCA_Map362_p2,1885,46964.22169636135,92267680.63328958,CAN_Indigenous_Reserves_1885,,
0,Hawk Lake Indian Reserve,Indian Reserve,PCA_Map362_p2,1885,51770.19212673489,78725583.80237752,CAN_Indigenous_Reserves_1885,,
0, ,Indian Reserve,PCA_Map362_p2,1885,10035.25369070633,7059973.952186359,CAN_Indigenous_Reserves_1885,,
0, ,Indian Reserve,PCA_Map362_p2,1885,34944.06636641423,40675484.9471285,CAN_Indigenous_Reserves_1885,,
0, ,Indian Reserve,PCA_Map362_p2,1885,8730.405393727702,3768217.679935293,CAN_Indigenous_Reserves_1885,,
0,Blood,Indian Reserve,PCA_Map571,1886,328739.75358102284,1447647703.6119404,CAN_Indigenous_Reserves_1886,,
0,Peigan,Indian Reserve,PCA_Map571,1886,89162.47163013153,492689713.4959069,CAN_Indigenous_Reserves_1886,,
0,Blackfeet,Indian Reserve,PCA_Map571,1886,168073.8206683636,1229169535.7568398,CAN_Indigenous_Reserves_1886,,
0,Sarcee Indian Reserve,Indian Reserve,PCA_Map571,1886,80216.01073376303,294998859.98403376,CAN_Indigenous_Reserves_1886,,
0, ,Indian Reserve,PCA_Map571,1886,42477.927531525675,110723049.91134657,CAN_Indigenous_Reserves_1886,,
0, ,Indian Reserve,PCA_Map571,1886,43824.72783221018,102907749.34475234,CAN_Indigenous_Reserves_1886,,
0, ,Indian Reserve,PCA_Map571,1886,38173.89894260276,89513029.92073402,CAN_Indigenous_Reserves_1886,,
0, ,Indian Reserve,PCA_Map571,1886,33657.7492588842,70744672.95638284,CAN_Indigenous_Reserves_1886,,
0, ,Indian Reserve,PCA_Map571,1886,19820.462840450808,20633704.88923942,CAN_Indigenous_Reserves_1886,,
0, ,Indian Reserve,PCA_Map571,1886,32216.97017396394,64821543.73105416,CAN_Indigenous_Reserves_1886,,
0, ,Indian Reserve,PCA_Map571,1886,46866.594854744,137239135.11027098,CAN_Indigenous_Reserves_1886,,
0, ,Indian Reserve,PCA_Map571,1886,42755.750183458535,69360801.75619303,CAN_Indigenous_Reserves_1886,,
0, ,Indian Reserve,PCA_Map571,1886,46233.801924632906,133201805.09719528,CAN_Indigenous_Reserves_1886,,
0, ,Indian Reserve,PCA_Map571,1886,40638.64764514843,100836186.20393117,CAN_Indigenous_Reserves_1886,,
0, ,Indian Reserve,PCA_Map571,1886,40099.90582207713,100197776.94364703,CAN_Indigenous_Reserves_1886,,
0, ,Indian Reserve,PCA_Map571,1886,63856.13486540985,99740843.04827455,CAN_Indigenous_Reserves_1886,,
0, ,Indian Reserve,PCA_Map571,1886,37052.940751296206,77069070.64327317,CAN_Indigenous_Reserves_1886,,
0, ,Indian Reserve,PCA_Map571,1886,13706.67199256856,10710651.04469774,CAN_Indigenous_Reserves_1886,,
0, ,Indian Reserve,PCA_Map571,1886,31207.141117530442,51871134.977465264,CAN_Indigenous_Reserves_1886,,
0, ,Indian Reserve,PCA_Map571,1886,33154.03598560351,60473482.28265792,CAN_Indigenous_Reserves_1886,,
0, ,Indian Reserve,PCA_Map571,1886,54632.37614122135,158537673.18826675,CAN_Indigenous_Reserves_1886,,
0, ,Indian Reserve,PCA_Map571,1886,60333.8451897371,111612231.25194068,CAN_Indigenous_Reserves_1886,,
0, ,Indian Reserve,PCA_Map571,1886,40094.45131011368,59877836.06872713,CAN_Indigenous_Reserves_1886,,
0, ,Indian Reserve,PCA_Map571,1886,47706.65450953668,104864233.19620454,CAN_Indigenous_Reserves_1886,,
0, ,Indian Reserve,PCA_Map571,1886,55058.06086199734,104477359.22637855,CAN_Indigenous_Reserves_1886,,
0, ,Indian Reserve,PCA_Map571,1886,58995.64674948479,196342703.1547221,CAN_Indigenous_Reserves_1886,,
0, ,Indian Reserve,PCA_Map571,1886,51782.099189957284,161023619.27512062,CAN_Indigenous_Reserves_1886,,
0, ,Indian Reserve,PCA_Map571,1886,14741.376475162882,8310000.226865498,CAN_Indigenous_Reserves_1886,,
0, ,Indian Reserve,PCA_Map571,1886,43750.08039972529,59466405.02854835,CAN_Indigenous_Reserves_1886,,
0, ,Indian Reserve,PCA_Map571,1886,25277.053599018636,17628849.4953483,CAN_Indigenous_Reserves_1886,,
0, ,Indian Reserve,PCA_Map571,1886,32178.306623525452,43347737.33719054,CAN_Indigenous_Reserves_1886,,
0, ,Indian Reserve,PCA_Map571,1886,41081.61719367657,93142005.82188538,CAN_Indigenous_Reserves_1886,,
0, ,Indian Reserve,PCA_Map571,1886,45026.69785734309,68771799.04061723,CAN_Indigenous_Reserves_1886,,
0, ,Indian Reserve,PCA_Map571,1886,39174.45322478443,95823989.339565,CAN_Indigenous_Reserves_1886,,
0, ,Indian Reserve,PCA_Map571,1886,55972.223267303045,95204715.91840072,CAN_Indigenous_Reserves_1886,,
0, ,Indian Reserve,PCA_Map571,1886,45141.493368332944,122766809.97490224,CAN_Indigenous_Reserves_1886,,
0, ,Indian Reserve,PCA_Map571,1886,68132.86115365202,286125294.31393176,CAN_Indigenous_Reserves_1886,,
0, ,Indian Reserve,PCA_Map571,1886,40649.405189175646,73022202.03746133,CAN_Indigenous_Reserves_1886,,
0, ,Indian Reserve,PCA_Map571,1886,37134.020098134235,44645171.81879085,CAN_Indigenous_Reserves_1886,,
0, ,Indian Reserve,PCA_Map571,1886,38385.61005780894,54381148.47991814,CAN_Indigenous_Reserves_1886,,
0, ,Indian Reserve,PCA_Map571,1886,36967.31417717764,52722101.28039301,CAN_Indigenous_Reserves_1886,,
0, ,Indian Reserve,PCA_Map571,1886,44991.972178474905,112746270.10411263,CAN_Indigenous_Reserves_1886,,
0, ,Indian Reserve,PCA_Map571,1886,54960.208102739794,128662459.3858044,CAN_Indigenous_Reserves_1886,,
0, ,Indian Reserve,PCA_Map571,1886,54640.05899461965,158898959.77416676,CAN_Indigenous_Reserves_1886,,
0, ,Indian Reserve,PCA_Map571,1886,98546.74203192326,576912451.5927267,CAN_Indigenous_Reserves_1886,,
0, ,Indian Reserve,PCA_Map571,1886,45361.87980166095,124603517.7725423,CAN_Indigenous_Reserves_1886,,
0, ,Indian Reserve,PCA_Map571,1886,57104.93153789127,194050358.3979703,CAN_Indigenous_Reserves_1886,,
0, ,Indian Reserve,PCA_Map571,1886,44415.38299489909,81694469.9756406,CAN_Indigenous_Reserves_1886,,
0, ,Indian Reserve,PCA_Map571,1886,65541.10343701801,182258270.98260972,CAN_Indigenous_Reserves_1886,,
0, ,Indian Reserve,PCA_Map571,1886,65335.593410001806,207521840.61239487,CAN_Indigenous_Reserves_1886,,
0, ,Indian Reserve,PCA_Map571,1886,57794.124131572666,207036546.63242716,CAN_Indigenous_Reserves_1886,,
0, ,Indian Reserve,PCA_Map571,1886,28329.370210319186,42845698.36215358,CAN_Indigenous_Reserves_1886,,
0, ,Indian Reserve,PCA_Map571,1886,21018.586489852907,23064630.34696395,CAN_Indigenous_Reserves_1886,,
0, ,Indian Reserve,PCA_Map571,1886,25763.641937047803,22864165.288109854,CAN_Indigenous_Reserves_1886,,
0, ,Indian Reserve,PCA_Map571,1886,19149.977605879474,9846412.425318334,CAN_Indigenous_Reserves_1886,,
0, ,Indian Reserve,PCA_Map571,1886,33501.91348019223,68414438.41269466,CAN_Indigenous_Reserves_1886,,
0, ,Indian Reserve,PCA_Map571,1886,47024.92541562744,111919476.94774832,CAN_Indigenous_Reserves_1886,,
0, ,Indian Reserve,PCA_Map571,1886,39732.640397002215,97877435.83256142,CAN_Indigenous_Reserves_1886,,
0, ,Indian Reserve,PCA_Map571,1886,39481.37007253989,83084171.1072867,CAN_Indigenous_Reserves_1886,,
0, ,Indian Reserve,PCA_Map571,1886,23674.23668431203,30571259.352794077,CAN_Indigenous_Reserves_1886,,
0, ,Indian Reserve,PCA_Map571,1886,28511.25410639448,37937171.3272478,CAN_Indigenous_Reserves_1886,,
0, ,Indian Reserve,PCA_Map571,1886,12654.837970411241,10008966.39740512,CAN_Indigenous_Reserves_1886,,
0,Pie-A-Pot,Indian Reserve,PCA_Map467,1888,56665.66790620383,138184346.87338758,CAN_Indigenous_Reserves_1888,582.0,
0,Muskow Peetung's Band,Indian Reserve,PCA_Map467,1888,59091.296111237214,147590388.69386414,CAN_Indigenous_Reserves_1888,128.0,
0,Pheasant's Rump,Indian Reserve,PCA_Map467,1888,44990.90857670926,95964848.93775553,CAN_Indigenous_Reserves_1888,0.0,
0,Ocean Man,Indian Reserve,PCA_Map467,1888,44125.51051624413,89064014.43756767,CAN_Indigenous_Reserves_1888,178.0,
0,Blood,Indian Reserve,PCA_Map570,1888,320779.0471068018,1437371168.750396,CAN_Indigenous_Reserves_1888,2240.0,
0,Blackfeet,Indian Reserve,PCA_Map570,1888,168138.29806069104,1228647242.6237347,CAN_Indigenous_Reserves_1888,2028.0,
0,Peigan,Indian Reserve,PCA_Map570,1888,89052.57646172612,491514343.89974105,CAN_Indigenous_Reserves_1888,929.0,
0,Sarcee,Indian Reserve,PCA_Map570,1888,79921.76416142128,293804932.27164274,CAN_Indigenous_Reserves_1888,341.0,
0,SharpHead AND Muddy Bull,Indian Reserve,PCA_Map570,1888,56026.324799359674,125122702.72800736,CAN_Indigenous_Reserves_1888,252.0,
0,Ermine Skin,Indian Reserve,PCA_Map570,1888,86620.30036559216,293247564.9137664,CAN_Indigenous_Reserves_1888,294.0,
0,Sampson,Indian Reserve,PCA_Map570,1888,49286.595060338776,123416969.71004112,CAN_Indigenous_Reserves_1888,118.0,
0,Paspaschase,Indian Reserve,PCA_Map570,1888,42088.93509283441,108718924.1317119,CAN_Indigenous_Reserves_1888,188.0,
0,Tommy la Potac,Indian Reserve,PCA_Map570,1888,44235.42108779246,118984557.42678562,CAN_Indigenous_Reserves_1888,212.0,
0,Michel,Indian Reserve,PCA_Map570,1888,43884.61957727292,103240611.86046585,CAN_Indigenous_Reserves_1888,37.0,
0,Alexis,Indian Reserve,PCA_Map570,1888,20090.290928402006,21341160.3877323,CAN_Indigenous_Reserves_1888,140.0,
0,Alexander,Indian Reserve,PCA_Map570,1888,33734.353389094176,71066898.47489974,CAN_Indigenous_Reserves_1888,210.0,
0, ,Indian Reserve,PCA_Map570,1888,37898.20224471274,88147801.25252008,CAN_Indigenous_Reserves_1888,0.0,
0,Muskegwatie,Indian Reserve,PCA_Map570,1888,30825.950837264634,42374972.74322432,CAN_Indigenous_Reserves_1888,78.0,
0,Peccan or James Seenum,Indian Reserve,PCA_Map570,1888,51658.30072852686,79372104.09236053,CAN_Indigenous_Reserves_1888,340.0,
0,Little Hunter AND Blue Quill,Indian Reserve,PCA_Map570,1888,85231.99705112181,337736154.3751263,CAN_Indigenous_Reserves_1888,174.0,
0,Little Pine,Indian Reserve,PCA_Map570,1888,33097.97474639953,68459105.18766798,CAN_Indigenous_Reserves_1888,421.0,
0,Puskeahkewenin,Indian Reserve,PCA_Map570,1888,46479.07221341926,134484362.88011384,CAN_Indigenous_Reserves_1888,37.0,
0,Oneepowahayo,Indian Reserve,PCA_Map570,1888,41818.92654208414,68894335.28934944,CAN_Indigenous_Reserves_1888,121.0,
0,Makaoos,Indian Reserve,PCA_Map570,1888,32037.22622795028,64074441.26864908,CAN_Indigenous_Reserves_1888,0.0,
0,Keehewin,Indian Reserve,PCA_Map570,1888,39679.03021292783,82594600.50678506,CAN_Indigenous_Reserves_1888,149.0,
0,Seekaskootch,Indian Reserve,PCA_Map570,1888,46814.66452768729,137048043.96476412,CAN_Indigenous_Reserves_1888,0.0,
0,Red Pheasant,Indian Reserve,PCA_Map570,1888,40637.273494549445,100630577.57742175,CAN_Indigenous_Reserves_1888,113.0,
0,Mosquito,Indian Reserve,PCA_Map570,1888,40032.98741552727,100159357.89909084,CAN_Indigenous_Reserves_1888,0.0,
0,Bear's Head,Indian Reserve,PCA_Map570,1888,63561.15014890453,99499325.66714537,CAN_Indigenous_Reserves_1888,0.0,
0,Sweet Grass,Indian Reserve,PCA_Map570,1888,54346.23536394966,157778951.6724533,CAN_Indigenous_Reserves_1888,191.0,
0,Poundmaker,Indian Reserve,PCA_Map570,1888,36026.58229633419,73836170.21959352,CAN_Indigenous_Reserves_1888,220.0,
0,Strike-him-on-his-back,Indian Reserve,PCA_Map570,1888,13522.071405506782,10386221.547921691,CAN_Indigenous_Reserves_1888,0.0,
0,Thunderchild,Indian Reserve,PCA_Map570,1888,31226.616139872873,51620847.410952516,CAN_Indigenous_Reserves_1888,173.0,
0,Moosomin,Indian Reserve,PCA_Map570,1888,33145.98833821029,60269554.34465771,CAN_Indigenous_Reserves_1888,110.0,
0,Asissippi,Indian Reserve,PCA_Map570,1888,68185.8459899874,150631599.88316837,CAN_Indigenous_Reserves_1888,180.0,
0, ,Indian Reserve,PCA_Map570,1888,14280.524319021282,8139003.084774245,CAN_Indigenous_Reserves_1888,0.0,
0,William Twatt,Indian Reserve,PCA_Map570,1888,43329.246812214355,59434861.66335237,CAN_Indigenous_Reserves_1888,156.0,
0,Snake Plain,Indian Reserve,PCA_Map570,1888,58782.67349297588,195342423.77637404,CAN_Indigenous_Reserves_1888,174.0,
0,Petequakey,Indian Reserve,PCA_Map570,1888,54748.19561947237,104826930.47893056,CAN_Indigenous_Reserves_1888,104.0,
0,Muscoday,Indian Reserve,PCA_Map570,1888,47481.04375334862,103828418.74969645,CAN_Indigenous_Reserves_1888,187.0,
0,Chekastaypaysin,Indian Reserve,PCA_Map570,1888,39881.016162569475,59172832.05967609,CAN_Indigenous_Reserves_1888,52.0,
0,Beardy,Indian Reserve,PCA_Map570,1888,59895.52088407306,111003805.79204483,CAN_Indigenous_Reserves_1888,143.0,
0,One Arrow,Indian Reserve,PCA_Map570,1888,27840.07635180173,45658693.109207526,CAN_Indigenous_Reserves_1888,127.0,
0,White Cap,Indian Reserve,PCA_Map570,1888,13561.801946761865,9167581.074637974,CAN_Indigenous_Reserves_1888,49.0,
0,"The-man-who-took-the-coat, or Jack",Indian Reserve,PCA_Map570,1888,98412.08366556712,575661117.3547714,CAN_Indigenous_Reserves_1888,258.0,
0,Pasquah,Indian Reserve,PCA_Map570,1888,54547.68044661098,157405201.61569685,CAN_Indigenous_Reserves_1888,222.0,
0,Standing Buffalo,Indian Reserve,PCA_Map570,1888,20085.802947215398,21575773.941629637,CAN_Indigenous_Reserves_1888,213.0,
0,Little Black Bear,Indian Reserve,PCA_Map570,1888,46262.131264393756,116876913.40771703,CAN_Indigenous_Reserves_1888,98.0,
0,Star Blanket,Indian Reserve,PCA_Map570,1888,38116.34946120138,53042240.3731145,CAN_Indigenous_Reserves_1888,70.0,
0,Okanees,Indian Reserve,PCA_Map570,1888,37050.35347146276,53839659.58737777,CAN_Indigenous_Reserves_1888,61.0,
0,Peepeekeesis,Indian Reserve,PCA_Map570,1888,44841.18098723027,112106984.43546328,CAN_Indigenous_Reserves_1888,108.0,
0, ,Indian Reserve,PCA_Map570,1888,68026.08360258942,285256051.67008054,CAN_Indigenous_Reserves_1888,0.0,
0,George Gordon,Indian Reserve,PCA_Map570,1888,44965.74950431574,121474971.07442434,CAN_Indigenous_Reserves_1888,159.0,
0,Muscowequahn,Indian Reserve,PCA_Map570,1888,55763.67075718709,94905483.29367115,CAN_Indigenous_Reserves_1888,153.0,
0,Poor Man,Indian Reserve,PCA_Map570,1888,39182.80436025629,95892329.81331986,CAN_Indigenous_Reserves_1888,158.0,
0,Day Star,Indian Reserve,PCA_Map570,1888,44689.9814519839,68883725.98171118,CAN_Indigenous_Reserves_1888,113.0,
0,Yellow Quill,Indian Reserve,PCA_Map570,1888,40902.815538414536,92845840.13207072,CAN_Indigenous_Reserves_1888,311.0,
0,Yellow Quill,Indian Reserve,PCA_Map570,1888,31909.941757129804,43267267.65926267,CAN_Indigenous_Reserves_1888,0.0,
0,Pas Mountain,Indian Reserve,PCA_Map570,1888,14086.694597357238,12150513.830977418,CAN_Indigenous_Reserves_1888,60.0,
0,John Smith,Indian Reserve,PCA_Map570,1888,38925.153825324116,94444451.78352046,CAN_Indigenous_Reserves_1888,194.0,
0,James Smith,Indian Reserve,PCA_Map570,1888,59736.42814882449,138782542.6416317,CAN_Indigenous_Reserves_1888,144.0,
0,Albert Flet.,Indian Reserve,PCA_Map570,1888,21072.130473194844,12940858.492957557,CAN_Indigenous_Reserves_1888,350.0,
0,Birch River,Indian Reserve,PCA_Map570,1888,21007.543733101284,23093029.117244147,CAN_Indigenous_Reserves_1888,165.0,
0, ,Indian Reserve,PCA_Map570,1888,5672.108664720831,1851755.0178351304,CAN_Indigenous_Reserves_1888,0.0,
0, ,Indian Reserve,PCA_Map570,1888,6340.985746183898,2364756.0562490732,CAN_Indigenous_Reserves_1888,0.0,
0, ,Indian Reserve,PCA_Map570,1888,9804.38528702374,5207030.949325072,CAN_Indigenous_Reserves_1888,0.0,
0,Pas,Indian Reserve,PCA_Map570,1888,25871.864084562872,23241003.918704532,CAN_Indigenous_Reserves_1888,592.0,
0, ,Indian Reserve,PCA_Map570,1888,5642.041649877987,1720544.1173944992,CAN_Indigenous_Reserves_1888,0.0,
0, ,Indian Reserve,PCA_Map570,1888,5494.336786277503,1682305.6075600218,CAN_Indigenous_Reserves_1888,0.0,
0, ,Indian Reserve,PCA_Map570,1888,16593.78946656638,10893223.263013145,CAN_Indigenous_Reserves_1888,0.0,
0, ,Indian Reserve,PCA_Map570,1888,7061.184837983827,2991829.166130487,CAN_Indigenous_Reserves_1888,0.0,
0, ,Indian Reserve,PCA_Map570,1888,18422.522038982803,9702775.365937907,CAN_Indigenous_Reserves_1888,0.0,
0,Red Earth,Indian Reserve,PCA_Map570,1888,16380.208985897734,10529679.020225631,CAN_Indigenous_Reserves_1888,60.0,
0,Shoal Lake,Indian Reserve,PCA_Map570,1888,18875.69573174646,11283553.029842254,CAN_Indigenous_Reserves_1888,55.0,
0,The Key,Indian Reserve,PCA_Map570,1888,46419.2158817658,104300320.54117514,CAN_Indigenous_Reserves_1888,216.0,
0,Keeseekoose,Indian Reserve,PCA_Map570,1888,52128.082690919866,93975192.36839224,CAN_Indigenous_Reserves_1888,2166.0,
0,Cote,Indian Reserve,PCA_Map570,1888,46817.68590703803,112266393.34346814,CAN_Indigenous_Reserves_1888,264.0,
0, ,Indian Reserve,PCA_Map570,1888,27943.971689424914,41857600.062101565,CAN_Indigenous_Reserves_1888,32.0,
0,Gambler,Indian Reserve,PCA_Map570,1888,39245.5170313133,82070148.52171944,CAN_Indigenous_Reserves_1888,177.0,
0,Mosquito,Indian Reserve,PCA_Map570,1888,62003.83707787677,127947074.13738517,CAN_Indigenous_Reserves_1888,136.0,
0,O. Soup,Indian Reserve,PCA_Map570,1888,65776.37819427217,182387363.38138685,CAN_Indigenous_Reserves_1888,345.0,
0,Kekewistahaw,Indian Reserve,PCA_Map570,1888,65787.37882014424,209582685.0358791,CAN_Indigenous_Reserves_1888,170.0,
0,Kakeesheway AND Chacachas,Indian Reserve,PCA_Map570,1888,58510.12544733051,208382801.1337545,CAN_Indigenous_Reserves_1888,427.0,
0,Bird Tail,Indian Reserve,PCA_Map570,1888,24198.887744511263,31714985.000367984,CAN_Indigenous_Reserves_1888,138.0,
0,White Bear,Indian Reserve,PCA_Map570,1888,45115.854055491385,123153528.43507205,CAN_Indigenous_Reserves_1888,133.0,
0,Sioux,Indian Reserve,PCA_Map570,1888,12639.809370638017,9979186.529223066,CAN_Indigenous_Reserves_1888,78.0,
0,Oak River,Indian Reserve,PCA_Map570,1888,28579.561410299473,38917713.6012908,CAN_Indigenous_Reserves_1888,268.0,
0,Wawasacapo,Indian Reserve,PCA_Map570,1888,39816.320897325386,98304186.35421056,CAN_Indigenous_Reserves_1888,110.0,
0,Chimawawin,Indian Reserve,PCA_Map570,1888,14681.293510616235,8157179.302028166,CAN_Indigenous_Reserves_1888,97.0,
0, ,Indian Reserve,PCA_Map570,1888,6091.2265786300695,2694963.927140635,CAN_Indigenous_Reserves_1888,0.0,
0, ,Indian Reserve,PCA_Map570,1888,6011.311446210824,2675812.2796451407,CAN_Indigenous_Reserves_1888,0.0,
0,Moose Lake,Indian Reserve,PCA_Map570,1888,33316.616675094214,67771473.05946867,CAN_Indigenous_Reserves_1888,147.0,
0,Pie-A-Pot,Indian Reserve,PCA_Map467,1888,56665.66790620383,138184346.87338758,CAN_Indigenous_Reserves_1888_Map467,,
0,Muskow Peetung's Band,Indian Reserve,PCA_Map467,1888,59091.296111237214,147590388.69386414,CAN_Indigenous_Reserves_1888_Map467,,
0,Pasquaw's Band,Indian Reserve,PCA_Map467,1888,52502.52494315084,151110131.04439414,CAN_Indigenous_Reserves_1888_Map467,,
0,Gordon's Band,Indian Reserve,PCA_Map467,1888,52318.67141834912,141248671.8015338,CAN_Indigenous_Reserves_1888_Map467,,
0,Pour Man,Indian Reserve,PCA_Map467,1888,38658.10357798108,93294541.22185417,CAN_Indigenous_Reserves_1888_Map467,,
0,Mus-Kow-Equan,Indian Reserve,PCA_Map467,1888,44526.91124086558,73898627.17813288,CAN_Indigenous_Reserves_1888_Map467,,
0,Day Stars Band,Indian Reserve,PCA_Map467,1888,44382.48997461006,69986922.14974381,CAN_Indigenous_Reserves_1888_Map467,,
0,Yellow Quill,Indian Reserve,PCA_Map467,1888,40385.899259310485,89252386.78283621,CAN_Indigenous_Reserves_1888_Map467,,
0,Little Black Bear,Indian Reserve,PCA_Map467,1888,45500.662277255964,113624849.06158198,CAN_Indigenous_Reserves_1888_Map467,,
0,Star Blanket,Indian Reserve,PCA_Map467,1888,38128.034165678604,56862825.31420501,CAN_Indigenous_Reserves_1888_Map467,,
0,Okanesse,Indian Reserve,PCA_Map467,1888,36055.775024067705,50350735.11933073,CAN_Indigenous_Reserves_1888_Map467,,
0,Pee-Kis-Sis,Indian Reserve,PCA_Map467,1888,44264.40335557212,110194271.99341139,CAN_Indigenous_Reserves_1888_Map467,,
0, ,Indian Reserve,PCA_Map467,1888,98913.30924249638,367200832.9322717,CAN_Indigenous_Reserves_1888_Map467,,
0,The Man Who Never Took The Coat,Indian Reserve,PCA_Map467,1888,58490.896194801666,210645872.72674376,CAN_Indigenous_Reserves_1888_Map467,,
0,O'Soup,Indian Reserve,PCA_Map467,1888,65222.74723446551,170872808.44386008,CAN_Indigenous_Reserves_1888_Map467,,
0,Mosquito,Indian Reserve,PCA_Map467,1888,49639.07175962355,95107151.94976202,CAN_Indigenous_Reserves_1888_Map467,,
0,Kakeewis-Tahaw,Indian Reserve,PCA_Map467,1888,68528.90719647543,204053008.66813913,CAN_Indigenous_Reserves_1888_Map467,,
0,Kakeesheway and Chacachas,Indian Reserve,PCA_Map467,1888,58059.99669407158,203099261.23189676,CAN_Indigenous_Reserves_1888_Map467,,
0,Pheasant's Rump,Indian Reserve,PCA_Map467,1888,44990.90857670926,95964848.93775553,CAN_Indigenous_Reserves_1888_Map467,,
0,Ocean Man,Indian Reserve,PCA_Map467,1888,44125.51051624413,89064014.43756767,CAN_Indigenous_Reserves_1888_Map467,,
0,White Bear Band,Indian Reserve,PCA_Map467,1888,48805.77480730305,140284358.57690513,CAN_Indigenous_Reserves_1888_Map467,,
0,Gambler's Band,Indian Reserve,PCA_Map467,1888,38707.01487755018,78824443.48098488,CAN_Indigenous_Reserves_1888_Map467,,
0,Keys,Indian Reserve,PCA_Map467,1888,47531.54589614516,104534399.80184226,CAN_Indigenous_Reserves_1888_Map467,,
0,Keeshekonese,Indian Reserve,PCA_Map467,1888,51848.10234396761,85330709.35966086,CAN_Indigenous_Reserves_1888_Map467,,
0,G.oote,Indian Reserve,PCA_Map467,1888,55655.40622767698,170944283.34513828,CAN_Indigenous_Reserves_1888_Map467,,
0,Blood,Indian Reserve,PCA_Map570,1888,320779.0471068018,1437371168.750396,CAN_Indigenous_Reserves_1888_Map570,2240.0,
0,Blackfeet,Indian Reserve,PCA_Map570,1888,168138.29806069104,1228647242.6237347,CAN_Indigenous_Reserves_1888_Map570,2028.0,
0,Peigan,Indian Reserve,PCA_Map570,1888,89052.57646172612,491514343.89974105,CAN_Indigenous_Reserves_1888_Map570,929.0,
0,Sarcee,Indian Reserve,PCA_Map570,1888,79921.76416142128,293804932.27164274,CAN_Indigenous_Reserves_1888_Map570,341.0,
0,SharpHead AND Muddy Bull,Indian Reserve,PCA_Map570,1888,56026.324799359674,125122702.72800736,CAN_Indigenous_Reserves_1888_Map570,252.0,
0,Ermine Skin,Indian Reserve,PCA_Map570,1888,86620.30036559216,293247564.9137664,CAN_Indigenous_Reserves_1888_Map570,294.0,
0,Sampson,Indian Reserve,PCA_Map570,1888,49286.595060338776,123416969.71004112,CAN_Indigenous_Reserves_1888_Map570,118.0,
0,Paspaschase,Indian Reserve,PCA_Map570,1888,42088.93509283441,108718924.1317119,CAN_Indigenous_Reserves_1888_Map570,188.0,
0,Tommy la Potac,Indian Reserve,PCA_Map570,1888,44235.42108779246,118984557.42678562,CAN_Indigenous_Reserves_1888_Map570,212.0,
0,Michel,Indian Reserve,PCA_Map570,1888,43884.61957727292,103240611.86046585,CAN_Indigenous_Reserves_1888_Map570,37.0,
0,Alexis,Indian Reserve,PCA_Map570,1888,20090.290928402006,21341160.3877323,CAN_Indigenous_Reserves_1888_Map570,140.0,
0,Alexander,Indian Reserve,PCA_Map570,1888,33734.353389094176,71066898.47489974,CAN_Indigenous_Reserves_1888_Map570,210.0,
0, ,Indian Reserve,PCA_Map570,1888,37898.20224471274,88147801.25252008,CAN_Indigenous_Reserves_1888_Map570,0.0,
0,Muskegwatie,Indian Reserve,PCA_Map570,1888,30825.950837264634,42374972.74322432,CAN_Indigenous_Reserves_1888_Map570,78.0,
0,Peccan or James Seenum,Indian Reserve,PCA_Map570,1888,51658.30072852686,79372104.09236053,CAN_Indigenous_Reserves_1888_Map570,340.0,
0,Little Hunter AND Blue Quill,Indian Reserve,PCA_Map570,1888,85231.99705112181,337736154.3751263,CAN_Indigenous_Reserves_1888_Map570,174.0,
0,Little Pine,Indian Reserve,PCA_Map570,1888,33097.97474639953,68459105.18766798,CAN_Indigenous_Reserves_1888_Map570,421.0,
0,Puskeahkewenin,Indian Reserve,PCA_Map570,1888,46479.07221341926,134484362.88011384,CAN_Indigenous_Reserves_1888_Map570,37.0,
0,Oneepowahayo,Indian Reserve,PCA_Map570,1888,41818.92654208414,68894335.28934944,CAN_Indigenous_Reserves_1888_Map570,121.0,
0,Makaoos,Indian Reserve,PCA_Map570,1888,32037.22622795028,64074441.26864908,CAN_Indigenous_Reserves_1888_Map570,0.0,
0,Keehewin,Indian Reserve,PCA_Map570,1888,39679.03021292783,82594600.50678506,CAN_Indigenous_Reserves_1888_Map570,149.0,
0,Seekaskootch,Indian Reserve,PCA_Map570,1888,46814.66452768729,137048043.96476412,CAN_Indigenous_Reserves_1888_Map570,0.0,
0,Red Pheasant,Indian Reserve,PCA_Map570,1888,40637.273494549445,100630577.57742175,CAN_Indigenous_Reserves_1888_Map570,113.0,
0,Mosquito,Indian Reserve,PCA_Map570,1888,40032.98741552727,100159357.89909084,CAN_Indigenous_Reserves_1888_Map570,0.0,
0,Bear's Head,Indian Reserve,PCA_Map570,1888,63561.15014890453,99499325.66714537,CAN_Indigenous_Reserves_1888_Map570,0.0,
0,Sweet Grass,Indian Reserve,PCA_Map570,1888,54346.23536394966,157778951.6724533,CAN_Indigenous_Reserves_1888_Map570,191.0,
0,Poundmaker,Indian Reserve,PCA_Map570,1888,36026.58229633419,73836170.21959352,CAN_Indigenous_Reserves_1888_Map570,220.0,
0,Strike-him-on-his-back,Indian Reserve,PCA_Map570,1888,13522.071405506782,10386221.547921691,CAN_Indigenous_Reserves_1888_Map570,0.0,
0,Thunderchild,Indian Reserve,PCA_Map570,1888,31226.616139872873,51620847.410952516,CAN_Indigenous_Reserves_1888_Map570,173.0,
0,Moosomin,Indian Reserve,PCA_Map570,1888,33145.98833821029,60269554.34465771,CAN_Indigenous_Reserves_1888_Map570,110.0,
0,Asissippi,Indian Reserve,PCA_Map570,1888,68185.8459899874,150631599.88316837,CAN_Indigenous_Reserves_1888_Map570,180.0,
0, ,Indian Reserve,PCA_Map570,1888,14280.524319021282,8139003.084774245,CAN_Indigenous_Reserves_1888_Map570,0.0,
0,William Twatt,Indian Reserve,PCA_Map570,1888,43329.246812214355,59434861.66335237,CAN_Indigenous_Reserves_1888_Map570,156.0,
0,Snake Plain,Indian Reserve,PCA_Map570,1888,58782.67349297588,195342423.77637404,CAN_Indigenous_Reserves_1888_Map570,174.0,
0,Petequakey,Indian Reserve,PCA_Map570,1888,54748.19561947237,104826930.47893056,CAN_Indigenous_Reserves_1888_Map570,104.0,
0,Muscoday,Indian Reserve,PCA_Map570,1888,47481.04375334862,103828418.74969645,CAN_Indigenous_Reserves_1888_Map570,187.0,
0,Chekastaypaysin,Indian Reserve,PCA_Map570,1888,39881.016162569475,59172832.05967609,CAN_Indigenous_Reserves_1888_Map570,52.0,
0,Beardy,Indian Reserve,PCA_Map570,1888,59895.52088407306,111003805.79204483,CAN_Indigenous_Reserves_1888_Map570,143.0,
0,One Arrow,Indian Reserve,PCA_Map570,1888,27840.07635180173,45658693.109207526,CAN_Indigenous_Reserves_1888_Map570,127.0,
0,White Cap,Indian Reserve,PCA_Map570,1888,13561.801946761865,9167581.074637974,CAN_Indigenous_Reserves_1888_Map570,49.0,
0,"The-man-who-took-the-coat, or Jack",Indian Reserve,PCA_Map570,1888,98412.08366556712,575661117.3547714,CAN_Indigenous_Reserves_1888_Map570,258.0,
0,Pia Pot,Indian Reserve,PCA_Map570,1888,66291.59845099812,167370700.37270838,CAN_Indigenous_Reserves_1888_Map570,582.0,
0,Muscowpetung,Indian Reserve,PCA_Map570,1888,54580.823848649525,127657955.7651215,CAN_Indigenous_Reserves_1888_Map570,128.0,
0,Pasquah,Indian Reserve,PCA_Map570,1888,54547.68044661098,157405201.61569685,CAN_Indigenous_Reserves_1888_Map570,222.0,
0,Standing Buffalo,Indian Reserve,PCA_Map570,1888,20085.802947215398,21575773.941629637,CAN_Indigenous_Reserves_1888_Map570,213.0,
0,Little Black Bear,Indian Reserve,PCA_Map570,1888,46262.131264393756,116876913.40771703,CAN_Indigenous_Reserves_1888_Map570,98.0,
0,Star Blanket,Indian Reserve,PCA_Map570,1888,38116.34946120138,53042240.3731145,CAN_Indigenous_Reserves_1888_Map570,70.0,
0,Okanees,Indian Reserve,PCA_Map570,1888,37050.35347146276,53839659.58737777,CAN_Indigenous_Reserves_1888_Map570,61.0,
0,Peepeekeesis,Indian Reserve,PCA_Map570,1888,44841.18098723027,112106984.43546328,CAN_Indigenous_Reserves_1888_Map570,108.0,
0, ,Indian Reserve,PCA_Map570,1888,68026.08360258942,285256051.67008054,CAN_Indigenous_Reserves_1888_Map570,0.0,
0,George Gordon,Indian Reserve,PCA_Map570,1888,44965.74950431574,121474971.07442434,CAN_Indigenous_Reserves_1888_Map570,159.0,
0,Muscowequahn,Indian Reserve,PCA_Map570,1888,55763.67075718709,94905483.29367115,CAN_Indigenous_Reserves_1888_Map570,153.0,
0,Poor Man,Indian Reserve,PCA_Map570,1888,39182.80436025629,95892329.81331986,CAN_Indigenous_Reserves_1888_Map570,158.0,
0,Day Star,Indian Reserve,PCA_Map570,1888,44689.9814519839,68883725.98171118,CAN_Indigenous_Reserves_1888_Map570,113.0,
0,Yellow Quill,Indian Reserve,PCA_Map570,1888,40902.815538414536,92845840.13207072,CAN_Indigenous_Reserves_1888_Map570,311.0,
0,Yellow Quill,Indian Reserve,PCA_Map570,1888,31909.941757129804,43267267.65926267,CAN_Indigenous_Reserves_1888_Map570,0.0,
0,Pas Mountain,Indian Reserve,PCA_Map570,1888,14086.694597357238,12150513.830977418,CAN_Indigenous_Reserves_1888_Map570,60.0,
0,John Smith,Indian Reserve,PCA_Map570,1888,38925.153825324116,94444451.78352046,CAN_Indigenous_Reserves_1888_Map570,194.0,
0,James Smith,Indian Reserve,PCA_Map570,1888,59736.42814882449,138782542.6416317,CAN_Indigenous_Reserves_1888_Map570,144.0,
0,Albert Flet.,Indian Reserve,PCA_Map570,1888,21072.130473194844,12940858.492957557,CAN_Indigenous_Reserves_1888_Map570,350.0,
0,Birch River,Indian Reserve,PCA_Map570,1888,21007.543733101284,23093029.117244147,CAN_Indigenous_Reserves_1888_Map570,165.0,
0, ,Indian Reserve,PCA_Map570,1888,5672.108664720831,1851755.0178351304,CAN_Indigenous_Reserves_1888_Map570,0.0,
0, ,Indian Reserve,PCA_Map570,1888,6340.985746183898,2364756.0562490732,CAN_Indigenous_Reserves_1888_Map570,0.0,
0, ,Indian Reserve,PCA_Map570,1888,9804.38528702374,5207030.949325072,CAN_Indigenous_Reserves_1888_Map570,0.0,
0,Pas,Indian Reserve,PCA_Map570,1888,25871.864084562872,23241003.918704532,CAN_Indigenous_Reserves_1888_Map570,592.0,
0, ,Indian Reserve,PCA_Map570,1888,5642.041649877987,1720544.1173944992,CAN_Indigenous_Reserves_1888_Map570,0.0,
0, ,Indian Reserve,PCA_Map570,1888,5494.336786277503,1682305.6075600218,CAN_Indigenous_Reserves_1888_Map570,0.0,
0, ,Indian Reserve,PCA_Map570,1888,16593.78946656638,10893223.263013145,CAN_Indigenous_Reserves_1888_Map570,0.0,
0, ,Indian Reserve,PCA_Map570,1888,7061.184837983827,2991829.166130487,CAN_Indigenous_Reserves_1888_Map570,0.0,
0, ,Indian Reserve,PCA_Map570,1888,18422.522038982803,9702775.365937907,CAN_Indigenous_Reserves_1888_Map570,0.0,
0,Red Earth,Indian Reserve,PCA_Map570,1888,16380.208985897734,10529679.020225631,CAN_Indigenous_Reserves_1888_Map570,60.0,
0,Shoal Lake,Indian Reserve,PCA_Map570,1888,18875.69573174646,11283553.029842254,CAN_Indigenous_Reserves_1888_Map570,55.0,
0,The Key,Indian Reserve,PCA_Map570,1888,46419.2158817658,104300320.54117514,CAN_Indigenous_Reserves_1888_Map570,216.0,
0,Keeseekoose,Indian Reserve,PCA_Map570,1888,52128.082690919866,93975192.36839224,CAN_Indigenous_Reserves_1888_Map570,2166.0,
0,Cote,Indian Reserve,PCA_Map570,1888,46817.68590703803,112266393.34346814,CAN_Indigenous_Reserves_1888_Map570,264.0,
0, ,Indian Reserve,PCA_Map570,1888,27943.971689424914,41857600.062101565,CAN_Indigenous_Reserves_1888_Map570,32.0,
0,Gambler,Indian Reserve,PCA_Map570,1888,39245.5170313133,82070148.52171944,CAN_Indigenous_Reserves_1888_Map570,177.0,
0,Mosquito,Indian Reserve,PCA_Map570,1888,62003.83707787677,127947074.13738517,CAN_Indigenous_Reserves_1888_Map570,136.0,
0,O. Soup,Indian Reserve,PCA_Map570,1888,65776.37819427217,182387363.38138685,CAN_Indigenous_Reserves_1888_Map570,345.0,
0,Kekewistahaw,Indian Reserve,PCA_Map570,1888,65787.37882014424,209582685.0358791,CAN_Indigenous_Reserves_1888_Map570,170.0,
0,Kakeesheway AND Chacachas,Indian Reserve,PCA_Map570,1888,58510.12544733051,208382801.1337545,CAN_Indigenous_Reserves_1888_Map570,427.0,
0,Bird Tail,Indian Reserve,PCA_Map570,1888,24198.887744511263,31714985.000367984,CAN_Indigenous_Reserves_1888_Map570,138.0,
0,Pheasant Rump AND Ocean Man,Indian Reserve,PCA_Map570,1888,58608.56180531466,207208864.46489877,CAN_Indigenous_Reserves_1888_Map570,178.0,
0,White Bear,Indian Reserve,PCA_Map570,1888,45115.854055491385,123153528.43507205,CAN_Indigenous_Reserves_1888_Map570,133.0,
0,Sioux,Indian Reserve,PCA_Map570,1888,12639.809370638017,9979186.529223066,CAN_Indigenous_Reserves_1888_Map570,78.0,
0,Oak River,Indian Reserve,PCA_Map570,1888,28579.561410299473,38917713.6012908,CAN_Indigenous_Reserves_1888_Map570,268.0,
0,Wawasacapo,Indian Reserve,PCA_Map570,1888,39816.320897325386,98304186.35421056,CAN_Indigenous_Reserves_1888_Map570,110.0,
0,Chimawawin,Indian Reserve,PCA_Map570,1888,14681.293510616235,8157179.302028166,CAN_Indigenous_Reserves_1888_Map570,97.0,
0, ,Indian Reserve,PCA_Map570,1888,6091.2265786300695,2694963.927140635,CAN_Indigenous_Reserves_1888_Map570,0.0,
0, ,Indian Reserve,PCA_Map570,1888,6011.311446210824,2675812.2796451407,CAN_Indigenous_Reserves_1888_Map570,0.0,
0,Moose Lake,Indian Reserve,PCA_Map570,1888,33316.616675094214,67771473.05946867,CAN_Indigenous_Reserves_1888_Map570,147.0,
0,Peigan,Indian Reserve,PCA_Map572,1889,89855.54484813736,492590311.718631,CAN_Indigenous_Reserves_1889,929.0,
0,Blackfeet,Indian Reserve,PCA_Map572,1889,168438.24821406763,1304904323.7820923,CAN_Indigenous_Reserves_1889,2028.0,
0,Sarcee,Indian Reserve,PCA_Map572,1889,81946.09289520631,316797510.5449432,CAN_Indigenous_Reserves_1889,0.0,
0,Paspaschase,Indian Reserve,PCA_Map572,1889,36530.75859357697,82885907.96969286,CAN_Indigenous_Reserves_1889,188.0,
0,Michel,Indian Reserve,PCA_Map572,1889,39303.3598944589,91732477.52571568,CAN_Indigenous_Reserves_1889,37.0,
0,Alexis,Indian Reserve,PCA_Map572,1889,24681.214615889767,35299655.42939024,CAN_Indigenous_Reserves_1889,140.0,
0,Alexander,Indian Reserve,PCA_Map572,1889,34294.72680880681,72735938.1518399,CAN_Indigenous_Reserves_1889,210.0,
0, ,Indian Reserve,PCA_Map572,1889,41761.524741771456,105805420.80357204,CAN_Indigenous_Reserves_1889,0.0,
0,Puskeahkewenin,Indian Reserve,PCA_Map572,1889,50134.91465357608,156033296.7205854,CAN_Indigenous_Reserves_1889,37.0,
0,Oneepowahayo,Indian Reserve,PCA_Map572,1889,41378.30323629349,85048921.77389157,CAN_Indigenous_Reserves_1889,121.0,
0,Makaoos,Indian Reserve,PCA_Map572,1889,35174.97643569538,77322291.0275344,CAN_Indigenous_Reserves_1889,0.0,
0,Seekaskootch,Indian Reserve,PCA_Map572,1889,45408.88124822453,128978590.71578373,CAN_Indigenous_Reserves_1889,262.0,
0,Poundmaker,Indian Reserve,PCA_Map572,1889,39183.69427031123,92188429.43907687,CAN_Indigenous_Reserves_1889,220.0,
0,Sweet Grass,Indian Reserve,PCA_Map572,1889,57802.858225590346,179882888.1403111,CAN_Indigenous_Reserves_1889,191.0,
0,Strike-him-on-his-back,Indian Reserve,PCA_Map572,1889,34381.17996227142,57061291.740483165,CAN_Indigenous_Reserves_1889,0.0,
0,Thunderchild,Indian Reserve,PCA_Map572,1889,31055.313228103732,55388932.304807246,CAN_Indigenous_Reserves_1889,173.0,
0,Moosomin,Indian Reserve,PCA_Map572,1889,34469.46735297276,62996276.009759635,CAN_Indigenous_Reserves_1889,110.0,
0,Bear's Head,Indian Reserve,PCA_Map572,1889,61056.9520885741,115887138.53781188,CAN_Indigenous_Reserves_1889,180.0,
0, ,Indian Reserve,PCA_Map572,1889,41355.31644555046,102720067.37681727,CAN_Indigenous_Reserves_1889,0.0,
0,Red Pheasant,Indian Reserve,PCA_Map572,1889,41284.55117489525,107074242.91295663,CAN_Indigenous_Reserves_1889,113.0,
0,Beardy,Indian Reserve,PCA_Map572,1889,57463.97703555629,125262330.27816081,CAN_Indigenous_Reserves_1889,143.0,
0,Petequakey,Indian Reserve,PCA_Map572,1889,53536.21697449481,144666209.99487045,CAN_Indigenous_Reserves_1889,104.0,
0,Snake Plain,Indian Reserve,PCA_Map572,1889,62718.53716134771,231950313.79848316,CAN_Indigenous_Reserves_1889,174.0,
0,Asissippi,Indian Reserve,PCA_Map572,1889,56671.781502582606,193099542.22520274,CAN_Indigenous_Reserves_1889,180.0,
0, ,Indian Reserve,PCA_Map572,1889,19573.709941812227,19290361.473256804,CAN_Indigenous_Reserves_1889,0.0,
0,William Twatt,Indian Reserve,PCA_Map572,1889,52785.16936729086,115136431.68491647,CAN_Indigenous_Reserves_1889,156.0,
0,Muscoday,Indian Reserve,PCA_Map572,1889,47955.42309739062,117201910.03515041,CAN_Indigenous_Reserves_1889,187.0,
0,James Smith,Indian Reserve,PCA_Map572,1889,25081.02416769252,30813583.569396906,CAN_Indigenous_Reserves_1889,144.0,
0,Yellow Quill,Indian Reserve,PCA_Map572,1889,36110.8663713202,63007439.244724974,CAN_Indigenous_Reserves_1889,0.0,
0,Yellow Quill,Indian Reserve,PCA_Map572,1889,40291.526833354714,82842592.72063255,CAN_Indigenous_Reserves_1889,311.0,
0,Day Star,Indian Reserve,PCA_Map572,1889,48421.83058204867,84432975.9440982,CAN_Indigenous_Reserves_1889,113.0,
0,Poor Man,Indian Reserve,PCA_Map572,1889,37460.01592535094,87591426.39565423,CAN_Indigenous_Reserves_1889,158.0,
0,Muscowequahn,Indian Reserve,PCA_Map572,1889,61644.7870868363,151495074.19662976,CAN_Indigenous_Reserves_1889,153.0,
0,George Gordon,Indian Reserve,PCA_Map572,1889,46384.47474510692,120407492.81008404,CAN_Indigenous_Reserves_1889,159.0,
0, ,Indian Reserve,PCA_Map572,1889,70380.25738231666,303565234.5495857,CAN_Indigenous_Reserves_1889,0.0,
0,Little Black Bear,Indian Reserve,PCA_Map572,1889,46504.88651188216,116918918.14442052,CAN_Indigenous_Reserves_1889,98.0,
0,Star Blanket,Indian Reserve,PCA_Map572,1889,38792.0423807276,55569668.44642295,CAN_Indigenous_Reserves_1889,70.0,
0,Okanees,Indian Reserve,PCA_Map572,1889,38793.38163889678,55205646.48729466,CAN_Indigenous_Reserves_1889,63.0,
0,Peepeekeesis,Indian Reserve,PCA_Map572,1889,44367.45149406771,101947728.39402768,CAN_Indigenous_Reserves_1889,108.0,
0,Muscowpetung,Indian Reserve,PCA_Map572,1889,57414.119776222804,150359445.56552798,CAN_Indigenous_Reserves_1889,128.0,
0,Pasquah,Indian Reserve,PCA_Map572,1889,55088.98530848195,184807864.15940127,CAN_Indigenous_Reserves_1889,222.0,
0,"The-Man-who-took-the-coat, or Jack",Indian Reserve,PCA_Map572,1889,98633.51397319103,558193034.8165672,CAN_Indigenous_Reserves_1889,258.0,
0,Pheasant Rump AND Ocean Man,Indian Reserve,PCA_Map572,1889,60309.62591398679,203679838.18736646,CAN_Indigenous_Reserves_1889,178.0,
0,White Bear,Indian Reserve,PCA_Map572,1889,47747.458521354165,132098718.63372104,CAN_Indigenous_Reserves_1889,133.0,
0,Bird Tail,Indian Reserve,PCA_Map572,1889,28990.610745943697,38336280.12561089,CAN_Indigenous_Reserves_1889,0.0,
0,Gambler,Indian Reserve,PCA_Map572,1889,40688.193882703876,79102421.68801886,CAN_Indigenous_Reserves_1889,177.0,
0,Mosquito,Indian Reserve,PCA_Map572,1889,42807.95582518393,78049551.58864401,CAN_Indigenous_Reserves_1889,136.0,
0,O Soup,Indian Reserve,PCA_Map572,1889,62804.72375163637,182281766.12123594,CAN_Indigenous_Reserves_1889,345.0,
0,Kekewistahaw,Indian Reserve,PCA_Map572,1889,56860.01441315937,157230376.71253276,CAN_Indigenous_Reserves_1889,170.0,
0,Kakeesheway AND Chacachas,Indian Reserve,PCA_Map572,1889,60374.07503431471,224241017.3689788,CAN_Indigenous_Reserves_1889,427.0,
0,Leech Lake,Indian Reserve,PCA_Map572,1889,13473.278805139847,9938468.427022869,CAN_Indigenous_Reserves_1889,32.0,
0,Cote,Indian Reserve,PCA_Map572,1889,55075.29042576784,139820555.85326174,CAN_Indigenous_Reserves_1889,264.0,
0,Birch River,Indian Reserve,PCA_Map572,1889,30954.384171791775,44558115.999110684,CAN_Indigenous_Reserves_1889,165.0,
0,Pas,Indian Reserve,PCA_Map572,1889,29389.581468025415,26688560.957507137,CAN_Indigenous_Reserves_1889,597.0,
0,Moose Lake,Indian Reserve,PCA_Map572,1889,35033.028813478195,80218731.20749821,CAN_Indigenous_Reserves_1889,147.0,
0,Wawasacapo,Indian Reserve,PCA_Map572,1889,34524.84733789186,74951147.26727486,CAN_Indigenous_Reserves_1889,110.0,
0,Peigan,Indian Reserve,PCA_Map569,1891,89285.31297425686,495165082.9639888,CAN_Indigenous_Reserves_1891_Map569,,
0,Blood,Indian Reserve,PCA_Map569,1891,236018.50522293782,1413510889.3548844,CAN_Indigenous_Reserves_1891_Map569,,
0, ,Indian Reserve,PCA_Map569,1891,20347.993671580774,22622693.726757146,CAN_Indigenous_Reserves_1891_Map569,,
0,Blackfeet,Indian Reserve,PCA_Map569,1891,163505.1605295396,1163790758.0444615,CAN_Indigenous_Reserves_1891_Map569,,
0,Sarcee,Indian Reserve,PCA_Map569,1891,77947.26546392668,274414613.25881654,CAN_Indigenous_Reserves_1891_Map569,,
0, ,Indian Reserve,PCA_Map569,1891,55528.87508364158,126802978.99507399,CAN_Indigenous_Reserves_1891_Map569,,
0, ,Indian Reserve,PCA_Map569,1891,48730.88457830979,126890373.28698297,CAN_Indigenous_Reserves_1891_Map569,,
0, ,Indian Reserve,PCA_Map569,1891,81711.48437434215,272500332.33259374,CAN_Indigenous_Reserves_1891_Map569,,
0, ,Indian Reserve,PCA_Map569,1891,40462.54466753105,101276821.38192976,CAN_Indigenous_Reserves_1891_Map569,,
0, ,Indian Reserve,PCA_Map569,1891,44792.31212818871,124247351.2124107,CAN_Indigenous_Reserves_1891_Map569,,
0, ,Indian Reserve,PCA_Map569,1891,38356.539702943875,90229939.16702215,CAN_Indigenous_Reserves_1891_Map569,,
0, ,Indian Reserve,PCA_Map569,1891,34103.70526562528,72670395.36895607,CAN_Indigenous_Reserves_1891_Map569,,
0, ,Indian Reserve,PCA_Map569,1891,20254.656467968518,21069290.58003304,CAN_Indigenous_Reserves_1891_Map569,,
0, ,Indian Reserve,PCA_Map569,1891,41677.817616649474,104897198.14631002,CAN_Indigenous_Reserves_1891_Map569,,
0, ,Indian Reserve,PCA_Map569,1891,32165.110393468764,44549737.58790041,CAN_Indigenous_Reserves_1891_Map569,,
0, ,Indian Reserve,PCA_Map569,1891,53392.39127026781,85724245.64415218,CAN_Indigenous_Reserves_1891_Map569,,
0, ,Indian Reserve,PCA_Map569,1891,86218.52341691905,341637859.4074034,CAN_Indigenous_Reserves_1891_Map569,,
0, ,Indian Reserve,PCA_Map569,1891,32688.792052202203,66711165.38546069,CAN_Indigenous_Reserves_1891_Map569,,
0, ,Indian Reserve,PCA_Map569,1891,47505.84317660772,140903029.35998204,CAN_Indigenous_Reserves_1891_Map569,,
0, ,Indian Reserve,PCA_Map569,1891,33661.07465343487,70204788.65659104,CAN_Indigenous_Reserves_1891_Map569,,
0, ,Indian Reserve,PCA_Map569,1891,42790.79117871091,70957000.34761827,CAN_Indigenous_Reserves_1891_Map569,,
0, ,Indian Reserve,PCA_Map569,1891,47249.71753002229,138465699.60290092,CAN_Indigenous_Reserves_1891_Map569,,
0, ,Indian Reserve,PCA_Map569,1891,41673.00967080785,93444617.50656109,CAN_Indigenous_Reserves_1891_Map569,,
0, ,Indian Reserve,PCA_Map569,1891,36929.449337279686,78834410.66932157,CAN_Indigenous_Reserves_1891_Map569,,
0, ,Indian Reserve,PCA_Map569,1891,16165.973614451084,12485849.198829366,CAN_Indigenous_Reserves_1891_Map569,,
0, ,Indian Reserve,PCA_Map569,1891,31141.81153735212,51913063.83405582,CAN_Indigenous_Reserves_1891_Map569,,
0, ,Indian Reserve,PCA_Map569,1891,33720.01236864591,61482608.87374306,CAN_Indigenous_Reserves_1891_Map569,,
0, ,Indian Reserve,PCA_Map569,1891,55087.048952038764,162792462.28617874,CAN_Indigenous_Reserves_1891_Map569,,
0, ,Indian Reserve,PCA_Map569,1891,40932.82625569846,101772978.9296036,CAN_Indigenous_Reserves_1891_Map569,,
0, ,Indian Reserve,PCA_Map569,1891,40714.844253953685,103533749.1965479,CAN_Indigenous_Reserves_1891_Map569,,
0, ,Indian Reserve,PCA_Map569,1891,64179.902348376025,103313505.09856331,CAN_Indigenous_Reserves_1891_Map569,,
0, ,Indian Reserve,PCA_Map569,1891,16159.513458258829,13738844.200458128,CAN_Indigenous_Reserves_1891_Map569,,
0, ,Indian Reserve,PCA_Map569,1891,27864.279797223484,44504636.32948942,CAN_Indigenous_Reserves_1891_Map569,,
0, ,Indian Reserve,PCA_Map569,1891,52526.66373904199,120486702.32538815,CAN_Indigenous_Reserves_1891_Map569,,
0, ,Indian Reserve,PCA_Map569,1891,50945.61996914167,105625771.77628285,CAN_Indigenous_Reserves_1891_Map569,,
0, ,Indian Reserve,PCA_Map569,1891,37716.941257822065,57478343.90889494,CAN_Indigenous_Reserves_1891_Map569,,
0, ,Indian Reserve,PCA_Map569,1891,47082.9655871679,103761198.40393494,CAN_Indigenous_Reserves_1891_Map569,,
0, ,Indian Reserve,PCA_Map569,1891,59672.374990251294,202014097.8679094,CAN_Indigenous_Reserves_1891_Map569,,
0, ,Indian Reserve,PCA_Map569,1891,52312.03766360074,164167398.4240562,CAN_Indigenous_Reserves_1891_Map569,,
0, ,Indian Reserve,PCA_Map569,1891,14808.272648584662,8439384.955270689,CAN_Indigenous_Reserves_1891_Map569,,
0, ,Indian Reserve,PCA_Map569,1891,32960.37298351559,66695807.531433396,CAN_Indigenous_Reserves_1891_Map569,,
0, ,Indian Reserve,PCA_Map569,1891,15378.751477487926,14336721.502234997,CAN_Indigenous_Reserves_1891_Map569,,
0, ,Indian Reserve,PCA_Map569,1891,61429.61335317177,144889326.87265927,CAN_Indigenous_Reserves_1891_Map569,,
0, ,Indian Reserve,PCA_Map569,1891,39781.6069780375,98428151.96452443,CAN_Indigenous_Reserves_1891_Map569,,
0, ,Indian Reserve,PCA_Map569,1891,31708.89566872736,44066859.341529384,CAN_Indigenous_Reserves_1891_Map569,,
0, ,Indian Reserve,PCA_Map569,1891,41257.574474290435,93486746.31115054,CAN_Indigenous_Reserves_1891_Map569,,
0, ,Indian Reserve,PCA_Map569,1891,46861.925515857474,71067990.44126092,CAN_Indigenous_Reserves_1891_Map569,,
0, ,Indian Reserve,PCA_Map569,1891,39921.328672215815,99367008.87872505,CAN_Indigenous_Reserves_1891_Map569,,
0, ,Indian Reserve,PCA_Map569,1891,55763.50573418422,95432158.14565033,CAN_Indigenous_Reserves_1891_Map569,,
0, ,Indian Reserve,PCA_Map569,1891,45899.79992258105,127167055.9936068,CAN_Indigenous_Reserves_1891_Map569,,
0, ,Indian Reserve,PCA_Map569,1891,68664.37959450898,290510425.61381507,CAN_Indigenous_Reserves_1891_Map569,,
0, ,Indian Reserve,PCA_Map569,1891,44733.35253948144,111959788.17013529,CAN_Indigenous_Reserves_1891_Map569,,
0, ,Indian Reserve,PCA_Map569,1891,35723.99028814429,45173982.798901275,CAN_Indigenous_Reserves_1891_Map569,,
0, ,Indian Reserve,PCA_Map569,1891,37154.776866419044,47815955.59151093,CAN_Indigenous_Reserves_1891_Map569,,
0, ,Indian Reserve,PCA_Map569,1891,44782.8326786134,106849450.37397246,CAN_Indigenous_Reserves_1891_Map569,,
0, ,Indian Reserve,PCA_Map569,1891,19536.423570022285,19555899.95172142,CAN_Indigenous_Reserves_1891_Map569,,
0, ,Indian Reserve,PCA_Map569,1891,66728.84913684323,165209307.97086072,CAN_Indigenous_Reserves_1891_Map569,,
0, ,Indian Reserve,PCA_Map569,1891,53493.45337931144,114629762.64839317,CAN_Indigenous_Reserves_1891_Map569,,
0, ,Indian Reserve,PCA_Map569,1891,52632.23275146367,147244216.79496115,CAN_Indigenous_Reserves_1891_Map569,,
0, ,Indian Reserve,PCA_Map569,1891,99208.7621907109,585148754.0182939,CAN_Indigenous_Reserves_1891_Map569,,
0, ,Indian Reserve,PCA_Map569,1891,57298.6462945977,197067382.04007614,CAN_Indigenous_Reserves_1891_Map569,,
0, ,Indian Reserve,PCA_Map569,1891,45772.180029938725,127740928.73266982,CAN_Indigenous_Reserves_1891_Map569,,
0, ,Indian Reserve,PCA_Map569,1891,25333.226199123485,30824434.496581662,CAN_Indigenous_Reserves_1891_Map569,,
0, ,Indian Reserve,PCA_Map569,1891,38288.45151579818,81789989.17948699,CAN_Indigenous_Reserves_1891_Map569,,
0, ,Indian Reserve,PCA_Map569,1891,63217.42590756902,125593276.63247856,CAN_Indigenous_Reserves_1891_Map569,,
0, ,Indian Reserve,PCA_Map569,1891,63223.48439354828,171417775.45724797,CAN_Indigenous_Reserves_1891_Map569,,
0, ,Indian Reserve,PCA_Map569,1891,65270.0977398426,208409879.2872899,CAN_Indigenous_Reserves_1891_Map569,,
0, ,Indian Reserve,PCA_Map569,1891,58167.03483633665,210516165.45777076,CAN_Indigenous_Reserves_1891_Map569,,
0, ,Indian Reserve,PCA_Map569,1891,35631.65370298366,23296136.851213217,CAN_Indigenous_Reserves_1891_Map569,,
0, ,Indian Reserve,PCA_Map569,1891,47073.427786203385,111787489.87671913,CAN_Indigenous_Reserves_1891_Map569,,
0, ,Indian Reserve,PCA_Map569,1891,52001.757642701414,97051826.5291621,CAN_Indigenous_Reserves_1891_Map569,,
0, ,Indian Reserve,PCA_Map569,1891,45290.60832495514,101475285.37334527,CAN_Indigenous_Reserves_1891_Map569,,
0, ,Indian Reserve,PCA_Map569,1891,16912.485593966274,10586557.653915925,CAN_Indigenous_Reserves_1891_Map569,,
0, ,Indian Reserve,PCA_Map569,1891,14994.886257037073,7531447.491435875,CAN_Indigenous_Reserves_1891_Map569,,
0, ,Indian Reserve,PCA_Map569,1891,26383.589462125834,25006700.475643214,CAN_Indigenous_Reserves_1891_Map569,,
0, ,Indian Reserve,PCA_Map569,1891,20660.18621281654,21979434.444034837,CAN_Indigenous_Reserves_1891_Map569,,
0, ,Indian Reserve,PCA_Map569,1891,21698.715883348486,19025078.7489269,CAN_Indigenous_Reserves_1891_Map569,,
0, ,Indian Reserve,PCA_Map569,1891,33287.84784310724,68613628.41494067,CAN_Indigenous_Reserves_1891_Map569,,
0, ,Indian Reserve,PCA_Map569,1891,40002.706075685914,98238105.83139305,CAN_Indigenous_Reserves_1891_Map569,,
0, ,Indian Reserve,PCA_Map569,1891,28988.814160249007,38241948.299020156,CAN_Indigenous_Reserves_1891_Map569,,
0, ,Indian Reserve,PCA_Map569,1891,12716.897733701087,10091690.893024165,CAN_Indigenous_Reserves_1891_Map569,,
400,Blood Indian Reserve,Indian Reserves,Map B17_1_S,1891,297003.8295465771,1440826637.0456548,CAN_Indigenous_Reserves_1891_MapB17,,
401,Peigan Indian Reserve,Indian Reserves,Map B17_1_S,1891,88015.59347668389,481200559.25239086,CAN_Indigenous_Reserves_1891_MapB17,,
402,Unknown,Indian Reserves,Map B17_1_S,1891,23038.86324797702,29135572.749025367,CAN_Indigenous_Reserves_1891_MapB17,,
403,Blackfeet Indian Reserve,Indian Reserves,Map B17_1_S,1891,169085.74594644038,1223116348.7123485,CAN_Indigenous_Reserves_1891_MapB17,,
404,Sarcee Indian Reserve,Indian Reserves,Map B17_1_S,1891,79995.50830996112,294166415.0803138,CAN_Indigenous_Reserves_1891_MapB17,,
405,Stony Indian Reserve,Indian Reserves,Map B17_1_S,1891,78762.18108105728,263196043.55291426,CAN_Indigenous_Reserves_1891_MapB17,,
406,Sharp Head Indian Reserve,Indian Reserves,Map B17_1_S,1891,53024.93950275133,117200334.62131919,CAN_Indigenous_Reserves_1891_MapB17,,
407,Bob Tail Indian Reserve,Indian Reserves,Map B17_1_S,1891,43503.62676760994,81094751.98477903,CAN_Indigenous_Reserves_1891_MapB17,,
408,Sampson and Ermine Skin Indian Reserve,Indian Reserves,Map B17_1_S,1891,102465.24840260147,328134639.79080063,CAN_Indigenous_Reserves_1891_MapB17,,
409,Alexis Indian Reserve,Indian Reserves,Map B17_1_S,1891,32942.99484591665,61726573.87106399,CAN_Indigenous_Reserves_1891_MapB17,,
410,Unknown,Indian Reserves,Map B17_1_S,1891,42982.551213326464,110769185.66478339,CAN_Indigenous_Reserves_1891_MapB17,,
411,Michel Indian Reserve,Indian Reserves,Map B17_1_S,1891,44922.58423296507,105721678.41611615,CAN_Indigenous_Reserves_1891_MapB17,,
412,Tommy Sand L La Potac Indian Reserve,Indian Reserves,Map B17_1_S,1891,45616.47724787708,119950729.48419216,CAN_Indigenous_Reserves_1891_MapB17,,
413,Papas Chase Indian Reserve,Indian Reserves,Map B17_1_S,1891,42700.98721311275,112551569.25473976,CAN_Indigenous_Reserves_1891_MapB17,,
414,Unknown,Indian Reserves,Map B17_1_S,1891,30549.19597774018,41302179.10727955,CAN_Indigenous_Reserves_1891_MapB17,,
415,Unknown,Indian Reserves,Map B17_1_S,1891,57662.580287224715,54913636.66831184,CAN_Indigenous_Reserves_1891_MapB17,,
416,Pokan Little Hunter and Blue Quill Indian Reserve,Indian Reserves,Map B17_1_S,1891,88742.18088355403,340975003.9549878,CAN_Indigenous_Reserves_1891_MapB17,,
417,Ke-Hee-Win Indian Reserve,Indian Reserves,Map B17_1_S,1891,41640.13351480792,88520842.19356301,CAN_Indigenous_Reserves_1891_MapB17,,
418,Oo-Nee-Pow-O-Hay-Oos Indian Reserve,Indian Reserves,Map B17_1_S,1891,48648.21982301672,82951274.85447377,CAN_Indigenous_Reserves_1891_MapB17,,
419,Pus-Kee-Ah-Kee-He-Win Indian Reserve,Indian Reserves,Map B17_1_S,1891,50275.867235121106,141725754.22523978,CAN_Indigenous_Reserves_1891_MapB17,,
421,Little Pine Indian Reserve,Indian Reserves,Map B17_1_S,1891,27762.090190635012,42456402.14905017,CAN_Indigenous_Reserves_1891_MapB17,,
420,See-Kas-Kootch Indian Reserve,Indian Reserves,Map B17_1_S,1891,65150.204326155625,228241314.4157479,CAN_Indigenous_Reserves_1891_MapB17,,
422,Pound Maker Indian Reserve,Indian Reserves,Map B17_1_S,1891,37383.83072706304,76551452.3372859,CAN_Indigenous_Reserves_1891_MapB17,,
423,Unknown,Indian Reserves,Map B17_1_S,1891,9912.888481250508,5254266.7640649,CAN_Indigenous_Reserves_1891_MapB17,,
424,Unknown,Indian Reserves,Map B17_1_S,1891,13621.030954479578,10580890.289763981,CAN_Indigenous_Reserves_1891_MapB17,,
425,Thunder Child Indian Reserve,Indian Reserves,Map B17_1_S,1891,39091.749883048076,73833851.262357,CAN_Indigenous_Reserves_1891_MapB17,,
426,Moosomin Indian Reserve,Indian Reserves,Map B17_1_S,1891,43252.39448440686,85875433.56271236,CAN_Indigenous_Reserves_1891_MapB17,,
426,Sweet Grass Indian Reserve,Indian Reserves,Map B17_1_S,1891,55241.412097936474,160306379.22655433,CAN_Indigenous_Reserves_1891_MapB17,,
427,Unknown,Indian Reserves,Map B17_1_S,1891,12701.789661677889,10080665.32783446,CAN_Indigenous_Reserves_1891_MapB17,,
428,White Bear Indian Reserve,Indian Reserves,Map B17_1_S,1891,45889.21793576834,114015649.92025557,CAN_Indigenous_Reserves_1891_MapB17,,
429,Pheasant's Rump and Ocean Man Indian Reserve,Indian Reserves,Map B17_1_S,1891,56765.98658284884,191417790.15496832,CAN_Indigenous_Reserves_1891_MapB17,,
430,Sioux Indian Reserve,Indian Reserves,Map B17_1_S,1891,28018.378586188675,29077469.326069362,CAN_Indigenous_Reserves_1891_MapB17,,
431,Way-Way-See-Cappo Indian Reserve,Indian Reserves,Map B17_1_S,1891,40359.489298075794,100007550.29579662,CAN_Indigenous_Reserves_1891_MapB17,,
432,Gambler's Band Indian Reserve,Indian Reserves,Map B17_1_S,1891,40735.40035394814,81194159.220429,CAN_Indigenous_Reserves_1891_MapB17,,
433,Kakeesheway and Chacachas Indian Reserve,Indian Reserves,Map B17_1_S,1891,62969.59424569422,234799871.64840627,CAN_Indigenous_Reserves_1891_MapB17,,
434,Kakeewistahaw Indian Reserve,Indian Reserves,Map B17_1_S,1891,64265.59165812911,179839682.20979565,CAN_Indigenous_Reserves_1891_MapB17,,
435,Cowessess Indian Reserve,Indian Reserves,Map B17_1_S,1891,78052.2151804185,215782205.0572225,CAN_Indigenous_Reserves_1891_MapB17,,
436,Sakimay Indian Reserve,Indian Reserves,Map B17_1_S,1891,61699.66754984672,100296866.43433908,CAN_Indigenous_Reserves_1891_MapB17,,
437,The Man Who Took The Coat Indian Reserve,Indian Reserves,Map B17_1_S,1891,55399.211831463894,190258557.77841544,CAN_Indigenous_Reserves_1891_MapB17,,
438,Little Balck Bear Indian Reserve,Indian Reserves,Map B17_1_S,1891,46707.826937305625,119729952.06442013,CAN_Indigenous_Reserves_1891_MapB17,,
439,Star Blanket Indian Reserve,Indian Reserves,Map B17_1_S,1891,38969.97151406229,54350537.20236667,CAN_Indigenous_Reserves_1891_MapB17,,
440,Okanesse Indian Reserve,Indian Reserves,Map B17_1_S,1891,36595.20682264531,50877684.20560154,CAN_Indigenous_Reserves_1891_MapB17,,
441,Peekissis Indian Reserve,Indian Reserves,Map B17_1_S,1891,44591.770263746934,110588049.22331017,CAN_Indigenous_Reserves_1891_MapB17,,
442,Standing Buffalo Indian Reserve,Indian Reserves,Map B17_1_S,1891,17506.049330233112,18008141.45757938,CAN_Indigenous_Reserves_1891_MapB17,,
443,Pasquaw's Band Indian Reserve,Indian Reserves,Map B17_1_S,1891,55416.173152312,159222227.23815057,CAN_Indigenous_Reserves_1891_MapB17,,
444,Muskowpeetund's Band Indian Reserve,Indian Reserves,Map B17_1_S,1891,59867.9110484395,154084973.05304572,CAN_Indigenous_Reserves_1891_MapB17,,
445,Unknown,Indian Reserves,Map B17_1_S,1891,56578.00250722223,140853124.08033484,CAN_Indigenous_Reserves_1891_MapB17,,
446,G. Cote,Indian Reserves,Map B17_1_S,1891,51457.627963784544,125249904.63893968,CAN_Indigenous_Reserves_1891_MapB17,,
447,Kee-See-Koose Indian Reserve,Indian Reserves,Map B17_1_S,1891,48383.23907836684,63437344.67353092,CAN_Indigenous_Reserves_1891_MapB17,,
448,Key Indian Reserve,Indian Reserves,Map B17_1_S,1891,47922.4667101526,108658547.03392312,CAN_Indigenous_Reserves_1891_MapB17,,
456,Unknown,Indian Reserves,Map B17_1_S,1891,55093.82142926149,25873942.05803055,CAN_Indigenous_Reserves_1891_MapB17,,
449,Yellow Quill Indian Reserve,Indian Reserves,Map B17_1_S,1891,41400.20693737033,94997669.91543424,CAN_Indigenous_Reserves_1891_MapB17,,
450,Yellow Quill Indian Reserve,Indian Reserves,Map B17_1_S,1891,32961.10005744254,45791772.00186804,CAN_Indigenous_Reserves_1891_MapB17,,
451,Mus-Kow-Ekwun Indian Reserve,Indian Reserves,Map B17_1_S,1891,56005.95623133367,95300352.01117407,CAN_Indigenous_Reserves_1891_MapB17,,
452,Gordon Indian Reserve,Indian Reserves,Map B17_1_S,1891,44401.51701181057,118771588.97074404,CAN_Indigenous_Reserves_1891_MapB17,,
453,Day Star Indian Reserve,Indian Reserves,Map B17_1_S,1891,45167.04991197583,67545008.02956645,CAN_Indigenous_Reserves_1891_MapB17,,
454,Poor Man Indian Reserve,Indian Reserves,Map B17_1_S,1891,41044.91042007606,105227445.82554033,CAN_Indigenous_Reserves_1891_MapB17,,
455,Unknown,Indian Reserves,Map B17_1_S,1891,100218.98151771155,252209146.07193747,CAN_Indigenous_Reserves_1891_MapB17,,
456,Chakastapasin Indian Reserve,Indian Reserves,Map B17_1_S,1891,47080.07255243784,58102434.232764125,CAN_Indigenous_Reserves_1891_MapB17,,
457,Muskoday Indian Reserve,Indian Reserves,Map B17_1_S,1891,58815.47631375285,94444409.33952259,CAN_Indigenous_Reserves_1891_MapB17,,
458,Unknown,Indian Reserves,Map B17_1_S,1891,47576.613278188364,101807631.84994403,CAN_Indigenous_Reserves_1891_MapB17,,
459,Sandy L Ahtahkahcoop Indian Reserve,Indian Reserves,Map B17_1_S,1891,53236.37561704285,170044022.81255496,CAN_Indigenous_Reserves_1891_MapB17,,
460,Mistowasis Indian Reserve,Indian Reserves,Map B17_1_S,1891,58977.74763213725,197459232.31794673,CAN_Indigenous_Reserves_1891_MapB17,,
461,Pettyquawkys Indian Reserve,Indian Reserves,Map B17_1_S,1891,53165.32589151012,109188277.01869954,CAN_Indigenous_Reserves_1891_MapB17,,
462,Unknown,Indian Reserves,Map B17_1_S,1891,40025.08563813736,80318488.67959675,CAN_Indigenous_Reserves_1891_MapB17,,
463,Okemasis and Beardy Indian Reserve,Indian Reserves,Map B17_1_S,1891,60298.91113969828,115081295.85260847,CAN_Indigenous_Reserves_1891_MapB17,,
464,Unknown,Indian Reserves,Map B17_1_S,1891,28212.386653790665,45566007.05064775,CAN_Indigenous_Reserves_1891_MapB17,,
464,Unknown,Indian Reserves,Map B17_1_S,1891,37389.77361381994,34954707.042423524,CAN_Indigenous_Reserves_1891_MapB17,,
465,Unknown,Indian Reserves,Map B17_1_S,1891,35167.79331542479,15897524.241827972,CAN_Indigenous_Reserves_1891_MapB17,,
466,Unknown,Indian Reserves,Map B17_1_S,1891,33577.02633712033,22135461.06838887,CAN_Indigenous_Reserves_1891_MapB17,,
467,Unknown,Indian Reserves,Map B17_1_S,1891,34461.21482135277,45632074.19270688,CAN_Indigenous_Reserves_1891_MapB17,,
468,Unknown,Indian Reserves,Map B17_1_S,1891,16724.110369738803,9052997.66408703,CAN_Indigenous_Reserves_1891_MapB17,,
469,Unknown,Indian Reserves,Map B17_1_S,1891,24103.300056529733,30484562.008133885,CAN_Indigenous_Reserves_1891_MapB17,,
470,Unknown,Indian Reserves,Map B17_1_S,1891,31732.978383381247,30782344.22582374,CAN_Indigenous_Reserves_1891_MapB17,,
471,Unknown,Indian Reserves,Map B17_1_S,1891,12293.994720099805,6958021.757139244,CAN_Indigenous_Reserves_1891_MapB17,,
472,Unknown,Indian Reserves,Map B17_1_S,1891,17978.317584521086,16229039.681597317,CAN_Indigenous_Reserves_1891_MapB17,,
473,Unknown,Indian Reserves,Map B17_1_S,1891,13740.397141362027,10433423.06667792,CAN_Indigenous_Reserves_1891_MapB17,,
474,Unknown,Indian Reserves,Map B17_1_S,1891,8044.019602231319,3310168.611791514,CAN_Indigenous_Reserves_1891_MapB17,,
475,Unknown,Indian Reserves,Map B17_1_S,1891,12373.113355332756,4224764.873273419,CAN_Indigenous_Reserves_1891_MapB17,,
476,Unknown,Indian Reserves,Map B17_1_S,1891,7160.768050728262,2470812.9744010223,CAN_Indigenous_Reserves_1891_MapB17,,
477,Unknown,Indian Reserves,Map B17_1_S,1891,27524.100105675974,44802956.98906109,CAN_Indigenous_Reserves_1891_MapB17,,
478,Unknown,Indian Reserves,Map B17_1_S,1891,21600.67910093285,18582288.831194542,CAN_Indigenous_Reserves_1891_MapB17,,
479,Unknown,Indian Reserves,Map B17_1_S,1891,25440.706825952566,26675173.0871278,CAN_Indigenous_Reserves_1891_MapB17,,
480,Kakepenais Indian Reserve,Indian Reserves,Map B17_1_S,1891,68861.64632898236,93324559.41300267,CAN_Indigenous_Reserves_1891_MapB17,,
481,H. Rrince Indian Reserve,Indian Reserves,Map B17_1_S,1891,29608.439673455243,51846122.40195401,CAN_Indigenous_Reserves_1891_MapB17,,
482,Unknown,Indian Reserves,Map B17_1_S,1891,29233.67808751844,20781134.13265957,CAN_Indigenous_Reserves_1891_MapB17,,
483,Unknown,Indian Reserves,Map B17_1_S,1891,25640.355860025476,35366110.10732368,CAN_Indigenous_Reserves_1891_MapB17,,
484,Unknown,Indian Reserves,Map B17_1_S,1891,18640.048342412916,16159082.554267805,CAN_Indigenous_Reserves_1891_MapB17,,
485,Unknown,Indian Reserves,Map B17_1_S,1891,67436.81379971014,65236955.51143284,CAN_Indigenous_Reserves_1891_MapB17,,
486,Unknown,Indian Reserves,Map B17_1_S,1891,31565.55715905452,32263379.480681468,CAN_Indigenous_Reserves_1891_MapB17,,
487,Unknown,Indian Reserves,Map B17_1_S,1891,34064.7580670703,47695023.44338795,CAN_Indigenous_Reserves_1891_MapB17,,
488,Sou Sonse Indian Reserve,Indian Reserves,Map B17_1_S,1891,55285.699949806505,65384140.6173667,CAN_Indigenous_Reserves_1891_MapB17,,
489,Sandy Bay Indian Reserve,Indian Reserves,Map B17_1_S,1891,34025.126219136335,63165169.16839155,CAN_Indigenous_Reserves_1891_MapB17,,
490,Powawassan Indian Reserve,Indian Reserves,Map B17_1_S,1891,10635.69185159655,7177748.789022427,CAN_Indigenous_Reserves_1891_MapB17,,
491,Ayashawash Indian Reserve,Indian Reserves,Map B17_1_S,1891,25549.106103501566,27469813.03765444,CAN_Indigenous_Reserves_1891_MapB17,,
492,Nashake Penais Indian Reserve,Indian Reserves,Map B17_1_S,1891,34842.55533596667,58200637.890658155,CAN_Indigenous_Reserves_1891_MapB17,,
493,Unknown,Indian Reserves,Map B17_1_S,1891,8342.236983843362,3263418.267349424,CAN_Indigenous_Reserves_1891_MapB17,,
494,Swan Lake Indian Reserve,Indian Reserves,Map B17_1_S,1891,29606.065886993154,50811869.13660126,CAN_Indigenous_Reserves_1891_MapB17,,
495,Unknown,Indian Reserves,Map B17_1_S,1891,6272.492323627039,2458786.232271729,CAN_Indigenous_Reserves_1891_MapB17,,
496,Short Bear Indian Reserve,Indian Reserves,Map B17_1_S,1891,37624.173213927854,40898565.7133784,CAN_Indigenous_Reserves_1891_MapB17,,
497,Mekis Indian Reserve,Indian Reserves,Map B17_1_S,1891,20852.743999207316,23028019.68643617,CAN_Indigenous_Reserves_1891_MapB17,,
498,Unknown,Indian Reserves,Map B17_1_S,1891,32100.478432046733,53069190.22068052,CAN_Indigenous_Reserves_1891_MapB17,,
499,H. Prince St.Peters Indian Reserve,Indian Reserves,Map B17_1_S,1891,66541.74880443222,233083182.8639879,CAN_Indigenous_Reserves_1891_MapB17,,
500,Unknown,Indian Reserves,Map B17_1_S,1891,28318.20560170966,35613100.47946448,CAN_Indigenous_Reserves_1891_MapB17,,
501,Unknown,Indian Reserves,Map B17_1_S,1891,48558.30474763119,38339906.477485925,CAN_Indigenous_Reserves_1891_MapB17,,
502,Pagonakieschick Indian Reserve,Indian Reserves,Map B17_1_S,1891,34844.886600012855,20667603.966126785,CAN_Indigenous_Reserves_1891_MapB17,,
503,Unknown,Indian Reserves,Map B17_1_S,1891,20794.988589716002,22749751.8199936,CAN_Indigenous_Reserves_1891_MapB17,,
505,Shawinabinais Indian Reserve,Indian Reserves,Map B17_1_S,1891,16569.414007953616,14877485.77851902,CAN_Indigenous_Reserves_1891_MapB17,,
504,She-She-Gence,Indian Reserves,Map B17_1_S,1891,26826.93808203609,13078490.578919414,CAN_Indigenous_Reserves_1891_MapB17,,
506,Powawassan Indian Reserve,Indian Reserves,Map B17_1_S,1891,13550.634030314335,9230218.403578086,CAN_Indigenous_Reserves_1891_MapB17,,
507,Nootinaquaham Indian Reserve,Indian Reserves,Map B17_1_S,1891,12399.186540023487,7310560.746532397,CAN_Indigenous_Reserves_1891_MapB17,,
508,Powawassan Indian Reserve,Indian Reserves,Map B17_1_S,1891,37772.203237965216,45364177.74624237,CAN_Indigenous_Reserves_1891_MapB17,,
509,Unknown,Indian Reserves,Map B17_1_S,1891,8334.862734353057,4309820.476119143,CAN_Indigenous_Reserves_1891_MapB17,,
510,Unknown,Indian Reserves,Map B17_1_S,1891,11568.077703693296,6446249.487909622,CAN_Indigenous_Reserves_1891_MapB17,,
511,Unknown,Indian Reserves,Map B17_1_S,1891,12502.318119985195,8536755.479268081,CAN_Indigenous_Reserves_1891_MapB17,,
512,Unknown,Indian Reserves,Map B17_1_S,1891,9649.764922786246,5041228.93872544,CAN_Indigenous_Reserves_1891_MapB17,,
513,Unknown,Indian Reserves,Map B17_1_S,1891,7088.320724589675,3088267.7411407437,CAN_Indigenous_Reserves_1891_MapB17,,
514,Rainy River Bands,Band,Map B17_1_S,1891,51624.28816296814,107025163.14835699,CAN_Indigenous_Reserves_1891_MapB17,,
515,The Bishop Indian Reserve,Indian Reserves,Map B17_1_S,1891,17463.41436123011,19020241.68652651,CAN_Indigenous_Reserves_1891_MapB17,,
516,Paskonkin Indian Reserve,Indian Reserves,Map B17_1_S,1891,12840.770847529482,8853950.579633214,CAN_Indigenous_Reserves_1891_MapB17,,
518,Netamaquam Indian Reserve,Indian Reserves,Map B17_1_S,1891,87892.48132667807,55718045.983307905,CAN_Indigenous_Reserves_1891_MapB17,,
517,Unknown,Indian Reserves,Map B17_1_S,1891,12115.998995430133,8463449.073470369,CAN_Indigenous_Reserves_1891_MapB17,,
519,Unknown,Indian Reserves,Map B17_1_S,1891,11058.772681180817,5776660.170479649,CAN_Indigenous_Reserves_1891_MapB17,,
520,Unknown,Indian Reserves,Map B17_1_S,1891,15939.691130542764,6996611.670880217,CAN_Indigenous_Reserves_1891_MapB17,,
521,Grizzly Bear Indian Reserve,Indian Reserves,Map B17_1_S,1891,47783.445393881135,88530642.55426373,CAN_Indigenous_Reserves_1891_MapB17,,
522,Mosquito Indian Reserve,Indian Reserves,Map B17_1_S,1891,38298.08638997559,91566177.72123715,CAN_Indigenous_Reserves_1891_MapB17,,
522,Red Pheasant Indian Reserve,Indian Reserves,Map B17_1_S,1891,41401.579316899966,103865419.37568338,CAN_Indigenous_Reserves_1891_MapB17,,
523,Unknown,Indian Reserves,Map B17_1_S,1891,13128.114600028566,10572097.716135006,CAN_Indigenous_Reserves_1891_MapB17,,
524,Unknown,Indian Reserves,Map B17_1_S,1891,15787.559994306443,9907841.572245501,CAN_Indigenous_Reserves_1891_MapB17,,
525,Unknown,Indian Reserves,Map B17_1_S,1891,20842.22616055824,12315344.081807362,CAN_Indigenous_Reserves_1891_MapB17,,
526,Unknown,Indian Reserves,Map B17_1_S,1891,24504.817079339642,24568887.092935763,CAN_Indigenous_Reserves_1891_MapB17,,
527,Unknown,Indian Reserves,Map B17_1_S,1891,20726.778139731134,21622354.987866722,CAN_Indigenous_Reserves_1891_MapB17,,
528,Unknown,Indian Reserves,Map B17_1_S,1891,5896.837499841686,1807142.5035134845,CAN_Indigenous_Reserves_1891_MapB17,,
529,Unknown,Indian Reserves,Map B17_1_S,1891,10932.499064081718,6480349.607109999,CAN_Indigenous_Reserves_1891_MapB17,,
530,Unknown,Indian Reserves,Map B17_1_S,1891,30112.670795152324,24078854.945668478,CAN_Indigenous_Reserves_1891_MapB17,,
531,Unknown,Indian Reserves,Map B17_1_S,1891,16851.018541283604,5472665.844231914,CAN_Indigenous_Reserves_1891_MapB17,,
532,Unknown,Indian Reserves,Map B17_1_S,1891,18893.782802391357,10299429.801482828,CAN_Indigenous_Reserves_1891_MapB17,,
533,The Paw Mission,Indian Reserves,Map B17_1_S,1891,5782.518293815459,1896425.1968113312,CAN_Indigenous_Reserves_1891_MapB17,,
534,Unknown,Indian Reserves,Map B17,1891,24396.746003115004,38336279.96685666,CAN_Indigenous_Reserves_1891_MapB17,,
0, , , ,1891,0.0,0.0,CAN_Indigenous_Reserves_1891_MapB17,,
0, ,Indian Reserve,PCA_Map569,1891,38356.539702943875,90229939.16702215,CAN_Indigenous_Reserves_1891_merged,,
0, ,Indian Reserve,PCA_Map569,1891,34103.70526562528,72670395.36895607,CAN_Indigenous_Reserves_1891_merged,,
0, ,Indian Reserve,PCA_Map569,1891,53392.39127026781,85724245.64415218,CAN_Indigenous_Reserves_1891_merged,,
0, ,Indian Reserve,PCA_Map569,1891,32688.792052202203,66711165.38546069,CAN_Indigenous_Reserves_1891_merged,,
0,See-Kas-Kootch Indian Reserve,Indian Reserve,PCA_Map569,1891,47505.84317660772,140903029.35998204,CAN_Indigenous_Reserves_1891_merged,,
0,Little Pine Indian Reserve,Indian Reserve,PCA_Map569,1891,33661.07465343487,70204788.65659104,CAN_Indigenous_Reserves_1891_merged,,
0,Pound Maker Indian Reserve,Indian Reserve,PCA_Map569,1891,36929.449337279686,78834410.66932157,CAN_Indigenous_Reserves_1891_merged,,
0, ,Indian Reserve,PCA_Map569,1891,16165.973614451084,12485849.198829366,CAN_Indigenous_Reserves_1891_merged,,
0,Thunder Child Indian Reserve,Indian Reserve,PCA_Map569,1891,31141.81153735212,51913063.83405582,CAN_Indigenous_Reserves_1891_merged,,
0,Moosomin Indian Reserve,Indian Reserve,PCA_Map569,1891,33720.01236864591,61482608.87374306,CAN_Indigenous_Reserves_1891_merged,,
0, ,Indian Reserve,PCA_Map569,1891,16159.513458258829,13738844.200458128,CAN_Indigenous_Reserves_1891_merged,,
0, ,Indian Reserve,PCA_Map569,1891,14808.272648584662,8439384.955270689,CAN_Indigenous_Reserves_1891_merged,,
0, ,Indian Reserve,PCA_Map569,1891,32960.37298351559,66695807.531433396,CAN_Indigenous_Reserves_1891_merged,,
0, ,Indian Reserve,PCA_Map569,1891,61429.61335317177,144889326.87265927,CAN_Indigenous_Reserves_1891_merged,,
0, ,Indian Reserve,PCA_Map569,1891,39781.6069780375,98428151.96452443,CAN_Indigenous_Reserves_1891_merged,,
0, ,Indian Reserve,PCA_Map569,1891,68664.37959450898,290510425.61381507,CAN_Indigenous_Reserves_1891_merged,,
0, ,Indian Reserve,PCA_Map569,1891,14994.886257037073,7531447.491435875,CAN_Indigenous_Reserves_1891_merged,,
0, ,Indian Reserve,PCA_Map569,1891,26383.589462125834,25006700.475643214,CAN_Indigenous_Reserves_1891_merged,,
0, ,Indian Reserve,PCA_Map569,1891,33287.84784310724,68613628.41494067,CAN_Indigenous_Reserves_1891_merged,,
0, ,Indian Reserve,PCA_Map569,1891,28988.814160249007,38241948.299020156,CAN_Indigenous_Reserves_1891_merged,,
400,Blood Indian Reserve,Indian Reserves,Map B17_1_S,1891,297003.8295465771,1440826637.0456548,CAN_Indigenous_Reserves_1891_merged,,
401,Peigan Indian Reserve,Indian Reserves,Map B17_1_S,1891,88015.59347668389,481200559.25239086,CAN_Indigenous_Reserves_1891_merged,,
402,Unknown,Indian Reserves,Map B17_1_S,1891,23038.86324797702,29135572.749025367,CAN_Indigenous_Reserves_1891_merged,,
403,Blackfeet Indian Reserve,Indian Reserves,Map B17_1_S,1891,169085.74594644038,1223116348.7123485,CAN_Indigenous_Reserves_1891_merged,,
404,Sarcee Indian Reserve,Indian Reserves,Map B17_1_S,1891,79995.50830996112,294166415.0803138,CAN_Indigenous_Reserves_1891_merged,,
405,Stony Indian Reserve,Indian Reserves,Map B17_1_S,1891,78762.18108105728,263196043.55291426,CAN_Indigenous_Reserves_1891_merged,,
406,Sharp Head Indian Reserve,Indian Reserves,Map B17_1_S,1891,53024.93950275133,117200334.62131919,CAN_Indigenous_Reserves_1891_merged,,
407,Bob Tail Indian Reserve,Indian Reserves,Map B17_1_S,1891,43503.62676760994,81094751.98477903,CAN_Indigenous_Reserves_1891_merged,,
408,Sampson and Ermine Skin Indian Reserve,Indian Reserves,Map B17_1_S,1891,102465.24840260147,328134639.79080063,CAN_Indigenous_Reserves_1891_merged,,
409,Alexis Indian Reserve,Indian Reserves,Map B17_1_S,1891,32942.99484591665,61726573.87106399,CAN_Indigenous_Reserves_1891_merged,,
411,Michel Indian Reserve,Indian Reserves,Map B17_1_S,1891,44922.58423296507,105721678.41611615,CAN_Indigenous_Reserves_1891_merged,,
412,Tommy Sand L La Potac Indian Reserve,Indian Reserves,Map B17_1_S,1891,45616.47724787708,119950729.48419216,CAN_Indigenous_Reserves_1891_merged,,
413,Papas Chase Indian Reserve,Indian Reserves,Map B17_1_S,1891,42700.98721311275,112551569.25473976,CAN_Indigenous_Reserves_1891_merged,,
414,Unknown,Indian Reserves,Map B17_1_S,1891,30549.19597774018,41302179.10727955,CAN_Indigenous_Reserves_1891_merged,,
416,Pokan Little Hunter and Blue Quill Indian Reserve,Indian Reserves,Map B17_1_S,1891,88742.18088355403,340975003.9549878,CAN_Indigenous_Reserves_1891_merged,,
417,Ke-Hee-Win Indian Reserve,Indian Reserves,Map B17_1_S,1891,41640.13351480792,88520842.19356301,CAN_Indigenous_Reserves_1891_merged,,
418,Oo-Nee-Pow-O-Hay-Oos Indian Reserve,Indian Reserves,Map B17_1_S,1891,48648.21982301672,82951274.85447377,CAN_Indigenous_Reserves_1891_merged,,
419,Pus-Kee-Ah-Kee-He-Win Indian Reserve,Indian Reserves,Map B17_1_S,1891,50275.867235121106,141725754.22523978,CAN_Indigenous_Reserves_1891_merged,,
423,Unknown,Indian Reserves,Map B17_1_S,1891,9912.888481250508,5254266.7640649,CAN_Indigenous_Reserves_1891_merged,,
426,Sweet Grass Indian Reserve,Indian Reserves,Map B17_1_S,1891,55241.412097936474,160306379.22655433,CAN_Indigenous_Reserves_1891_merged,,
427,Unknown,Indian Reserves,Map B17_1_S,1891,12701.789661677889,10080665.32783446,CAN_Indigenous_Reserves_1891_merged,,
428,White Bear Indian Reserve,Indian Reserves,Map B17_1_S,1891,45889.21793576834,114015649.92025557,CAN_Indigenous_Reserves_1891_merged,,
429,Pheasant's Rump and Ocean Man Indian Reserve,Indian Reserves,Map B17_1_S,1891,56765.98658284884,191417790.15496832,CAN_Indigenous_Reserves_1891_merged,,
430,Sioux Indian Reserve,Indian Reserves,Map B17_1_S,1891,28018.378586188675,29077469.326069362,CAN_Indigenous_Reserves_1891_merged,,
431,Way-Way-See-Cappo Indian Reserve,Indian Reserves,Map B17_1_S,1891,40359.489298075794,100007550.29579662,CAN_Indigenous_Reserves_1891_merged,,
432,Gambler's Band Indian Reserve,Indian Reserves,Map B17_1_S,1891,40735.40035394814,81194159.220429,CAN_Indigenous_Reserves_1891_merged,,
433,Kakeesheway and Chacachas Indian Reserve,Indian Reserves,Map B17_1_S,1891,62969.59424569422,234799871.64840627,CAN_Indigenous_Reserves_1891_merged,,
434,Kakeewistahaw Indian Reserve,Indian Reserves,Map B17_1_S,1891,64265.59165812911,179839682.20979565,CAN_Indigenous_Reserves_1891_merged,,
435,Cowessess Indian Reserve,Indian Reserves,Map B17_1_S,1891,78052.2151804185,215782205.0572225,CAN_Indigenous_Reserves_1891_merged,,
436,Sakimay Indian Reserve,Indian Reserves,Map B17_1_S,1891,61699.66754984672,100296866.43433908,CAN_Indigenous_Reserves_1891_merged,,
437,The Man Who Took The Coat Indian Reserve,Indian Reserves,Map B17_1_S,1891,55399.211831463894,190258557.77841544,CAN_Indigenous_Reserves_1891_merged,,
438,Little Black Bear Indian Reserve,Indian Reserves,Map B17_1_S,1891,46707.826937305625,119729952.06442013,CAN_Indigenous_Reserves_1891_merged,,
439,Star Blanket Indian Reserve,Indian Reserves,Map B17_1_S,1891,38969.97151406229,54350537.20236667,CAN_Indigenous_Reserves_1891_merged,,
440,Okanesse Indian Reserve,Indian Reserves,Map B17_1_S,1891,36595.20682264531,50877684.20560154,CAN_Indigenous_Reserves_1891_merged,,
441,Peekissis Indian Reserve,Indian Reserves,Map B17_1_S,1891,44591.770263746934,110588049.22331017,CAN_Indigenous_Reserves_1891_merged,,
442,Standing Buffalo Indian Reserve,Indian Reserves,Map B17_1_S,1891,17506.049330233112,18008141.45757938,CAN_Indigenous_Reserves_1891_merged,,
443,Pasquaw's Band Indian Reserve,Indian Reserves,Map B17_1_S,1891,55416.173152312,159222227.23815057,CAN_Indigenous_Reserves_1891_merged,,
444,Muskowpeetund's Band Indian Reserve,Indian Reserves,Map B17_1_S,1891,59867.9110484395,154084973.05304572,CAN_Indigenous_Reserves_1891_merged,,
445,Unknown,Indian Reserves,Map B17_1_S,1891,56578.00250722223,140853124.08033484,CAN_Indigenous_Reserves_1891_merged,,
446,G. Cote,Indian Reserves,Map B17_1_S,1891,51457.627963784544,125249904.63893968,CAN_Indigenous_Reserves_1891_merged,,
447,Kee-See-Koose Indian Reserve,Indian Reserves,Map B17_1_S,1891,48383.23907836684,63437344.67353092,CAN_Indigenous_Reserves_1891_merged,,
448,Key Indian Reserve,Indian Reserves,Map B17_1_S,1891,47922.4667101526,108658547.03392312,CAN_Indigenous_Reserves_1891_merged,,
456,Unknown,Indian Reserves,Map B17_1_S,1891,55093.82142926149,25873942.05803055,CAN_Indigenous_Reserves_1891_merged,,
449,Yellow Quill Indian Reserve,Indian Reserves,Map B17_1_S,1891,41400.20693737033,94997669.91543424,CAN_Indigenous_Reserves_1891_merged,,
450,Yellow Quill Indian Reserve,Indian Reserves,Map B17_1_S,1891,32961.10005744254,45791772.00186804,CAN_Indigenous_Reserves_1891_merged,,
451,Mus-Kow-Ekwun Indian Reserve,Indian Reserves,Map B17_1_S,1891,56005.95623133367,95300352.01117407,CAN_Indigenous_Reserves_1891_merged,,
452,Gordon Indian Reserve,Indian Reserves,Map B17_1_S,1891,44401.51701181057,118771588.97074404,CAN_Indigenous_Reserves_1891_merged,,
453,Day Star Indian Reserve,Indian Reserves,Map B17_1_S,1891,45167.04991197583,67545008.02956645,CAN_Indigenous_Reserves_1891_merged,,
454,Poor Man Indian Reserve,Indian Reserves,Map B17_1_S,1891,41044.91042007606,105227445.82554033,CAN_Indigenous_Reserves_1891_merged,,
456,Chakastapasin Indian Reserve,Indian Reserves,Map B17_1_S,1891,47080.07255243784,58102434.232764125,CAN_Indigenous_Reserves_1891_merged,,
457,Muskoday Indian Reserve,Indian Reserves,Map B17_1_S,1891,58815.47631375285,94444409.33952259,CAN_Indigenous_Reserves_1891_merged,,
459,Sandy L Ahtahkahcoop Indian Reserve,Indian Reserves,Map B17_1_S,1891,53236.37561704285,170044022.81255496,CAN_Indigenous_Reserves_1891_merged,,
460,Mistowasis Indian Reserve,Indian Reserves,Map B17_1_S,1891,58977.74763213725,197459232.31794673,CAN_Indigenous_Reserves_1891_merged,,
461,Pettyquawkys Indian Reserve,Indian Reserves,Map B17_1_S,1891,53165.32589151012,109188277.01869954,CAN_Indigenous_Reserves_1891_merged,,
462,Unknown,Indian Reserves,Map B17_1_S,1891,40025.08563813736,80318488.67959675,CAN_Indigenous_Reserves_1891_merged,,
463,Okemasis and Beardy Indian Reserve,Indian Reserves,Map B17_1_S,1891,60298.91113969828,115081295.85260847,CAN_Indigenous_Reserves_1891_merged,,
464,Unknown,Indian Reserves,Map B17_1_S,1891,28212.386653790665,45566007.05064775,CAN_Indigenous_Reserves_1891_merged,,
464,Unknown,Indian Reserves,Map B17_1_S,1891,37389.77361381994,34954707.042423524,CAN_Indigenous_Reserves_1891_merged,,
465,Unknown,Indian Reserves,Map B17_1_S,1891,35167.79331542479,15897524.241827972,CAN_Indigenous_Reserves_1891_merged,,
466,Unknown,Indian Reserves,Map B17_1_S,1891,33577.02633712033,22135461.06838887,CAN_Indigenous_Reserves_1891_merged,,
467,Unknown,Indian Reserves,Map B17_1_S,1891,34461.21482135277,45632074.19270688,CAN_Indigenous_Reserves_1891_merged,,
468,Unknown,Indian Reserves,Map B17_1_S,1891,16724.110369738803,9052997.66408703,CAN_Indigenous_Reserves_1891_merged,,
469,Unknown,Indian Reserves,Map B17_1_S,1891,24103.300056529733,30484562.008133885,CAN_Indigenous_Reserves_1891_merged,,
470,Unknown,Indian Reserves,Map B17_1_S,1891,31732.978383381247,30782344.22582374,CAN_Indigenous_Reserves_1891_merged,,
471,Unknown,Indian Reserves,Map B17_1_S,1891,12293.994720099805,6958021.757139244,CAN_Indigenous_Reserves_1891_merged,,
472,Unknown,Indian Reserves,Map B17_1_S,1891,17978.317584521086,16229039.681597317,CAN_Indigenous_Reserves_1891_merged,,
473,Unknown,Indian Reserves,Map B17_1_S,1891,13740.397141362027,10433423.06667792,CAN_Indigenous_Reserves_1891_merged,,
474,Unknown,Indian Reserves,Map B17_1_S,1891,8044.019602231319,3310168.611791514,CAN_Indigenous_Reserves_1891_merged,,
475,Unknown,Indian Reserves,Map B17_1_S,1891,12373.113355332756,4224764.873273419,CAN_Indigenous_Reserves_1891_merged,,
476,Unknown,Indian Reserves,Map B17_1_S,1891,7160.768050728262,2470812.9744010223,CAN_Indigenous_Reserves_1891_merged,,
477,Unknown,Indian Reserves,Map B17_1_S,1891,27524.100105675974,44802956.98906109,CAN_Indigenous_Reserves_1891_merged,,
478,Unknown,Indian Reserves,Map B17_1_S,1891,21600.67910093285,18582288.831194542,CAN_Indigenous_Reserves_1891_merged,,
479,Unknown,Indian Reserves,Map B17_1_S,1891,25440.706825952566,26675173.0871278,CAN_Indigenous_Reserves_1891_merged,,
480,Kakepenais Indian Reserve,Indian Reserves,Map B17_1_S,1891,68861.64632898236,93324559.41300267,CAN_Indigenous_Reserves_1891_merged,,
481,H. Rrince Indian Reserve,Indian Reserves,Map B17_1_S,1891,29608.439673455243,51846122.40195401,CAN_Indigenous_Reserves_1891_merged,,
482,Unknown,Indian Reserves,Map B17_1_S,1891,29233.67808751844,20781134.13265957,CAN_Indigenous_Reserves_1891_merged,,
483,Unknown,Indian Reserves,Map B17_1_S,1891,25640.355860025476,35366110.10732368,CAN_Indigenous_Reserves_1891_merged,,
484,Unknown,Indian Reserves,Map B17_1_S,1891,18640.048342412916,16159082.554267805,CAN_Indigenous_Reserves_1891_merged,,
485,Unknown,Indian Reserves,Map B17_1_S,1891,67436.81379971014,65236955.51143284,CAN_Indigenous_Reserves_1891_merged,,
486,Unknown,Indian Reserves,Map B17_1_S,1891,31565.55715905452,32263379.480681468,CAN_Indigenous_Reserves_1891_merged,,
487,Unknown,Indian Reserves,Map B17_1_S,1891,34064.7580670703,47695023.44338795,CAN_Indigenous_Reserves_1891_merged,,
488,Sou Sonse Indian Reserve,Indian Reserves,Map B17_1_S,1891,55285.699949806505,65384140.6173667,CAN_Indigenous_Reserves_1891_merged,,
489,Sandy Bay Indian Reserve,Indian Reserves,Map B17_1_S,1891,34025.126219136335,63165169.16839155,CAN_Indigenous_Reserves_1891_merged,,
490,Powawassan Indian Reserve,Indian Reserves,Map B17_1_S,1891,10635.69185159655,7177748.789022427,CAN_Indigenous_Reserves_1891_merged,,
491,Ayashawash Indian Reserve,Indian Reserves,Map B17_1_S,1891,25549.106103501566,27469813.03765444,CAN_Indigenous_Reserves_1891_merged,,
492,Nashake Penais Indian Reserve,Indian Reserves,Map B17_1_S,1891,34842.55533596667,58200637.890658155,CAN_Indigenous_Reserves_1891_merged,,
493,Unknown,Indian Reserves,Map B17_1_S,1891,8342.236983843362,3263418.267349424,CAN_Indigenous_Reserves_1891_merged,,
494,Swan Lake Indian Reserve,Indian Reserves,Map B17_1_S,1891,29606.065886993154,50811869.13660126,CAN_Indigenous_Reserves_1891_merged,,
495,Unknown,Indian Reserves,Map B17_1_S,1891,6272.492323627039,2458786.232271729,CAN_Indigenous_Reserves_1891_merged,,
496,Short Bear Indian Reserve,Indian Reserves,Map B17_1_S,1891,37624.173213927854,40898565.7133784,CAN_Indigenous_Reserves_1891_merged,,
497,Mekis Indian Reserve,Indian Reserves,Map B17_1_S,1891,20852.743999207316,23028019.68643617,CAN_Indigenous_Reserves_1891_merged,,
498,Unknown,Indian Reserves,Map B17_1_S,1891,32100.478432046733,53069190.22068052,CAN_Indigenous_Reserves_1891_merged,,
499,H. Prince St.Peters Indian Reserve,Indian Reserves,Map B17_1_S,1891,66541.74880443222,233083182.8639879,CAN_Indigenous_Reserves_1891_merged,,
500,Unknown,Indian Reserves,Map B17_1_S,1891,28318.20560170966,35613100.47946448,CAN_Indigenous_Reserves_1891_merged,,
501,Unknown,Indian Reserves,Map B17_1_S,1891,48558.30474763119,38339906.477485925,CAN_Indigenous_Reserves_1891_merged,,
502,Pagonakieschick Indian Reserve,Indian Reserves,Map B17_1_S,1891,34844.886600012855,20667603.966126785,CAN_Indigenous_Reserves_1891_merged,,
503,Unknown,Indian Reserves,Map B17_1_S,1891,20794.988589716002,22749751.8199936,CAN_Indigenous_Reserves_1891_merged,,
505,Shawinabinais Indian Reserve,Indian Reserves,Map B17_1_S,1891,16569.414007953616,14877485.77851902,CAN_Indigenous_Reserves_1891_merged,,
504,She-She-Gence,Indian Reserves,Map B17_1_S,1891,26826.93808203609,13078490.578919414,CAN_Indigenous_Reserves_1891_merged,,
506,Powawassan Indian Reserve,Indian Reserves,Map B17_1_S,1891,13550.634030314335,9230218.403578086,CAN_Indigenous_Reserves_1891_merged,,
507,Nootinaquaham Indian Reserve,Indian Reserves,Map B17_1_S,1891,12399.186540023487,7310560.746532397,CAN_Indigenous_Reserves_1891_merged,,
508,Powawassan Indian Reserve,Indian Reserves,Map B17_1_S,1891,37772.203237965216,45364177.74624237,CAN_Indigenous_Reserves_1891_merged,,
509,Unknown,Indian Reserves,Map B17_1_S,1891,8334.862734353057,4309820.476119143,CAN_Indigenous_Reserves_1891_merged,,
510,Unknown,Indian Reserves,Map B17_1_S,1891,11568.077703693296,6446249.487909622,CAN_Indigenous_Reserves_1891_merged,,
511,Unknown,Indian Reserves,Map B17_1_S,1891,12502.318119985195,8536755.479268081,CAN_Indigenous_Reserves_1891_merged,,
512,Unknown,Indian Reserves,Map B17_1_S,1891,9649.764922786246,5041228.93872544,CAN_Indigenous_Reserves_1891_merged,,
513,Unknown,Indian Reserves,Map B17_1_S,1891,7088.320724589675,3088267.7411407437,CAN_Indigenous_Reserves_1891_merged,,
514,Rainy River Bands,Band,Map B17_1_S,1891,51624.28816296814,107025163.14835699,CAN_Indigenous_Reserves_1891_merged,,
515,The Bishop Indian Reserve,Indian Reserves,Map B17_1_S,1891,17463.41436123011,19020241.68652651,CAN_Indigenous_Reserves_1891_merged,,
516,Paskonkin Indian Reserve,Indian Reserves,Map B17_1_S,1891,12840.770847529482,8853950.579633214,CAN_Indigenous_Reserves_1891_merged,,
518,Netamaquam Indian Reserve,Indian Reserves,Map B17_1_S,1891,87892.48132667807,55718045.983307905,CAN_Indigenous_Reserves_1891_merged,,
517,Unknown,Indian Reserves,Map B17_1_S,1891,12115.998995430133,8463449.073470369,CAN_Indigenous_Reserves_1891_merged,,
519,Unknown,Indian Reserves,Map B17_1_S,1891,11058.772681180817,5776660.170479649,CAN_Indigenous_Reserves_1891_merged,,
520,Unknown,Indian Reserves,Map B17_1_S,1891,15939.691130542764,6996611.670880217,CAN_Indigenous_Reserves_1891_merged,,
521,Grizzly Bear Indian Reserve,Indian Reserves,Map B17_1_S,1891,47783.445393881135,88530642.55426373,CAN_Indigenous_Reserves_1891_merged,,
522,Mosquito Indian Reserve,Indian Reserves,Map B17_1_S,1891,38298.08638997559,91566177.72123715,CAN_Indigenous_Reserves_1891_merged,,
522,Red Pheasant Indian Reserve,Indian Reserves,Map B17_1_S,1891,41401.579316899966,103865419.37568338,CAN_Indigenous_Reserves_1891_merged,,
523,Unknown,Indian Reserves,Map B17_1_S,1891,13128.114600028566,10572097.716135006,CAN_Indigenous_Reserves_1891_merged,,
524,Unknown,Indian Reserves,Map B17_1_S,1891,15787.559994306443,9907841.572245501,CAN_Indigenous_Reserves_1891_merged,,
525,Unknown,Indian Reserves,Map B17_1_S,1891,20842.22616055824,12315344.081807362,CAN_Indigenous_Reserves_1891_merged,,
526,Unknown,Indian Reserves,Map B17_1_S,1891,24504.817079339642,24568887.092935763,CAN_Indigenous_Reserves_1891_merged,,
527,Unknown,Indian Reserves,Map B17_1_S,1891,20726.778139731134,21622354.987866722,CAN_Indigenous_Reserves_1891_merged,,
528,Unknown,Indian Reserves,Map B17_1_S,1891,5896.837499841686,1807142.5035134845,CAN_Indigenous_Reserves_1891_merged,,
529,Unknown,Indian Reserves,Map B17_1_S,1891,10932.499064081718,6480349.607109999,CAN_Indigenous_Reserves_1891_merged,,
530,Unknown,Indian Reserves,Map B17_1_S,1891,30112.670795152324,24078854.945668478,CAN_Indigenous_Reserves_1891_merged,,
531,Unknown,Indian Reserves,Map B17_1_S,1891,16851.018541283604,5472665.844231914,CAN_Indigenous_Reserves_1891_merged,,
532,Unknown,Indian Reserves,Map B17_1_S,1891,18893.782802391357,10299429.801482828,CAN_Indigenous_Reserves_1891_merged,,
533,The Paw Mission,Indian Reserves,Map B17_1_S,1891,5782.518293815459,1896425.1968113312,CAN_Indigenous_Reserves_1891_merged,,
534,Unknown,Indian Reserves,Map B17,1891,24396.746003115004,38336279.96685666,CAN_Indigenous_Reserves_1891_merged,,
0, , , ,1891,0.0,0.0,CAN_Indigenous_Reserves_1891_merged,,
0, ,Indian Reserve,PCA_Map464_p1,1894,15892.886055873896,15740508.238135807,CAN_Indigenous_Reserves_1894,,
0,Blood,Indian Reserve,PCA_Map464_p1,1894,301873.4692624418,1438334119.4087415,CAN_Indigenous_Reserves_1894,,
0,Peigan,Indian Reserve,PCA_Map464_p1,1894,87685.47929293576,476394867.8670815,CAN_Indigenous_Reserves_1894,,
0,Peigan,Indian Reserve,PCA_Map464_p1,1894,22825.26383256474,27907335.67274281,CAN_Indigenous_Reserves_1894,,
0,Blackfeet,Indian Reserve,PCA_Map464_p1,1894,166367.4264751085,1191764414.9688578,CAN_Indigenous_Reserves_1894,,
0,Sarcee,Indian Reserve,PCA_Map464_p1,1894,79133.69754620758,288602250.1664821,CAN_Indigenous_Reserves_1894,,
0,Stony,Indian Reserve,PCA_Map464_p1,1894,79110.41454531367,262521137.4449371,CAN_Indigenous_Reserves_1894,,
0,Sharp-Head,Indian Reserve,PCA_Map464_p1,1894,49990.80112226251,105334449.7341943,CAN_Indigenous_Reserves_1894,,
0,Bob-Tail,Indian Reserve,PCA_Map464_p1,1894,43928.37357708464,84565561.96965474,CAN_Indigenous_Reserves_1894,,
0, ,Indian Reserve,PCA_Map464_p1,1894,4255.466899525998,1068269.2071716494,CAN_Indigenous_Reserves_1894,,
0,Samson,Indian Reserve,PCA_Map464_p1,1894,82707.91300168926,165625809.5695587,CAN_Indigenous_Reserves_1894,,
0,Hobbema,Indian Reserve,PCA_Map464_p1,1894,16582.9380616494,13089950.369366888,CAN_Indigenous_Reserves_1894,,
0,Ermine-Skin,Indian Reserve,PCA_Map464_p1,1894,56261.03268066667,149627192.99223447,CAN_Indigenous_Reserves_1894,,
0,Papaschase,Indian Reserve,PCA_Map464_p1,1894,41656.10376170801,106941292.63574478,CAN_Indigenous_Reserves_1894,,
0,Tommy La Potac,Indian Reserve,PCA_Map464_p1,1894,44758.934614920654,115535849.4877519,CAN_Indigenous_Reserves_1894,,
0,Alexis,Indian Reserve,PCA_Map464_p1,1894,50374.40207318258,79315049.54831107,CAN_Indigenous_Reserves_1894,,
0, ,Indian Reserve,PCA_Map464_p1,1894,36632.8134988764,73235585.37449005,CAN_Indigenous_Reserves_1894,,
0,Michel Calahoo,Indian Reserve,PCA_Map464_p1,1894,44146.91811147609,103123525.77411403,CAN_Indigenous_Reserves_1894,,
0,Alexander,Indian Reserve,PCA_Map464_p1,1894,41636.410471887895,106345866.32501233,CAN_Indigenous_Reserves_1894,,
0, ,Indian Reserve,PCA_Map464_p1,1894,30426.92671471325,42051222.936924994,CAN_Indigenous_Reserves_1894,,
0, ,Indian Reserve,PCA_Map464_p1,1894,62977.190511952766,55508937.9722657,CAN_Indigenous_Reserves_1894,,
0,Little Hunter and Blue Quill,Indian Reserve,PCA_Map464_p1,1894,86452.99279080176,331103942.798316,CAN_Indigenous_Reserves_1894,,
0,Mosquito,Indian Reserve,PCA_Map464_p1,1894,38659.532194363856,93405851.1761375,CAN_Indigenous_Reserves_1894,,
0,Grizzly Bear,Indian Reserve,PCA_Map464_p1,1894,46367.53313589846,75801833.73420317,CAN_Indigenous_Reserves_1894,,
0,Red Pheasant,Indian Reserve,PCA_Map464_p2,1894,40710.00786732111,100363060.61314553,CAN_Indigenous_Reserves_1894,,
0,Sweet Grass,Indian Reserve,PCA_Map464_p1,1894,54304.23108781891,155429123.56978574,CAN_Indigenous_Reserves_1894,,
0, ,Indian Reserve,PCA_Map464_p1,1894,13075.283470506836,10287206.981820542,CAN_Indigenous_Reserves_1894,,
0, ,Indian Reserve,PCA_Map464_p1,1894,10042.609227436013,5126130.4446182735,CAN_Indigenous_Reserves_1894,,
0,Poundmaker,Indian Reserve,PCA_Map464_p1,1894,36505.10803222042,74015885.03106815,CAN_Indigenous_Reserves_1894,,
0,Lit. Pine,Indian Reserve,PCA_Map464_p1,1894,33551.55432696892,70376345.64513431,CAN_Indigenous_Reserves_1894,,
0,Thunder Child,Indian Reserve,PCA_Map464_p1,1894,36901.63050794402,64797152.07506124,CAN_Indigenous_Reserves_1894,,
0,Moosomin,Indian Reserve,PCA_Map464_p1,1894,32686.43947581596,59195063.917092934,CAN_Indigenous_Reserves_1894,,
0,Ke-Hee-Win,Indian Reserve,PCA_Map464_p1,1894,40195.85455185331,75057203.2104431,CAN_Indigenous_Reserves_1894,,
0,Pus-Kee-Ah-Kee-He-Win,Indian Reserve,PCA_Map464_p1,1894,49564.16219390675,136286662.36059505,CAN_Indigenous_Reserves_1894,,
0,Oo-Nee-Pow-Ha[?]-Oos,Indian Reserve,PCA_Map464_p1,1894,51109.44979356146,78908695.12630782,CAN_Indigenous_Reserves_1894,,
0,Makaoos,Indian Reserve,PCA_Map464_p1,1894,32793.84963005815,67492415.77558446,CAN_Indigenous_Reserves_1894,,
0,See-Kas-Kootch,Indian Reserve,PCA_Map464_p1,1894,50527.59781103286,158093971.93593365,CAN_Indigenous_Reserves_1894,,
0, ,Indian Reserve,PCA_Map464_p2,1894,22952.07573607647,33907774.088891044,CAN_Indigenous_Reserves_1894,,
0,Ahtahkahcoop,Indian Reserve,PCA_Map464_p2,1894,50284.10507711482,153287267.20098013,CAN_Indigenous_Reserves_1894,,
0,Mistowasis,Indian Reserve,PCA_Map464_p2,1894,59155.657708967134,197858214.47966945,CAN_Indigenous_Reserves_1894,,
0,Pettyquaw-Kys,Indian Reserve,PCA_Map464_p2,1894,49613.17159008637,95499825.60444133,CAN_Indigenous_Reserves_1894,,
0, ,Indian Reserve,PCA_Map464_p2,1894,39514.97617567104,77991797.81873788,CAN_Indigenous_Reserves_1894,,
0,Okemasis and Beardy,Indian Reserve,PCA_Map464_p2,1894,59633.140609701324,114562561.91579516,CAN_Indigenous_Reserves_1894,,
0,Batoche,Indian Reserve,PCA_Map464_p2,1894,28372.036221762864,46439128.33035847,CAN_Indigenous_Reserves_1894,,
0,Muskoday,Indian Reserve,PCA_Map464_p2,1894,46491.342781918895,100416866.66584411,CAN_Indigenous_Reserves_1894,,
0,Chakastapasin,Indian Reserve,PCA_Map464_p2,1894,42899.46873465934,63136327.657648325,CAN_Indigenous_Reserves_1894,,
0,Sturgeon Lake,Indian Reserve,PCA_Map464_p2,1894,48276.66080650342,100076391.33962497,CAN_Indigenous_Reserves_1894,,
0, ,Indian Reserve,PCA_Map464_p2,1894,35508.544682400185,74348393.71662992,CAN_Indigenous_Reserves_1894,,
0, ,Indian Reserve,PCA_Map464_p2,1894,68116.23719371385,176782963.3032472,CAN_Indigenous_Reserves_1894,,
0,Yellow Quill,Indian Reserve,PCA_Map464_p2,1894,32267.842268608994,44274771.97021706,CAN_Indigenous_Reserves_1894,,
0, ,Indian Reserve,PCA_Map464_p2,1894,15498.180286983541,9610907.756108025,CAN_Indigenous_Reserves_1894,,
0, ,Indian Reserve,PCA_Map464_p2,1894,20549.830738242526,11392228.960469965,CAN_Indigenous_Reserves_1894,,
0, ,Indian Reserve,PCA_Map464_p2,1894,12610.283998269857,9843032.542484384,CAN_Indigenous_Reserves_1894,,
0, ,Indian Reserve,PCA_Map464_p2,1894,5909.89777764481,1812629.9853915202,CAN_Indigenous_Reserves_1894,,
0, ,Indian Reserve,PCA_Map464_p2,1894,20724.956740592632,21498898.15841879,CAN_Indigenous_Reserves_1894,,
0, ,Indian Reserve,PCA_Map464_p2,1894,10788.475233537123,6039402.462909854,CAN_Indigenous_Reserves_1894,,
0, ,Indian Reserve,PCA_Map464_p2,1894,28957.4878672742,22508126.776118647,CAN_Indigenous_Reserves_1894,,
0, ,Indian Reserve,PCA_Map464_p2,1894,18291.290133254122,9453740.431800662,CAN_Indigenous_Reserves_1894,,
0, ,Indian Reserve,PCA_Map464_p2,1894,5929.920120163687,1995373.192468908,CAN_Indigenous_Reserves_1894,,
0,Way-Way-See-Cappo,Indian Reserve,PCA_Map464_p2,1894,39767.63455010638,99061787.57918143,CAN_Indigenous_Reserves_1894,,
0,Gambler's Band,Indian Reserve,PCA_Map464_p2,1894,41158.66803712273,82058365.38083506,CAN_Indigenous_Reserves_1894,,
0,Sioux,Indian Reserve,PCA_Map464_p2,1894,19375.883295264273,22753513.930634312,CAN_Indigenous_Reserves_1894,,
0,Poor Man,Indian Reserve,PCA_Map464_p2,1894,41177.8730821355,105893887.99385564,CAN_Indigenous_Reserves_1894,,
0,Sioux,Indian Reserve,PCA_Map464_p2,1894,12635.178627619887,9976386.517713828,CAN_Indigenous_Reserves_1894,,
0,Day Star,Indian Reserve,PCA_Map464_p2,1894,45174.53587095342,67161649.0400329,CAN_Indigenous_Reserves_1894,,
0,Gordon,Indian Reserve,PCA_Map464_p2,1894,43561.81436285765,114653350.4357819,CAN_Indigenous_Reserves_1894,,
0,Mus-Kow-Ekwun,Indian Reserve,PCA_Map464_p2,1894,55456.49546731081,94933337.10826246,CAN_Indigenous_Reserves_1894,,
0,Yellow Quill,Indian Reserve,PCA_Map464_p2,1894,39829.964228367884,88365518.77945799,CAN_Indigenous_Reserves_1894,,
0,Key,Indian Reserve,PCA_Map464_p2,1894,48685.67384221465,96490336.17787836,CAN_Indigenous_Reserves_1894,,
0,Kee-See-Koose,Indian Reserve,PCA_Map464_p2,1894,48676.39080791363,62119051.72491682,CAN_Indigenous_Reserves_1894,,
0,G. Cote,Indian Reserve,PCA_Map464_p2,1894,64023.59622273243,191212197.18738616,CAN_Indigenous_Reserves_1894,,
0, ,Indian Reserve,PCA_Map464_p2,1894,27810.75194743263,41608040.28165603,CAN_Indigenous_Reserves_1894,,
0,Little Black Bear,Indian Reserve,PCA_Map464_p2,1894,46073.9281699143,116926265.82400554,CAN_Indigenous_Reserves_1894,,
0,Star Blanket,Indian Reserve,PCA_Map464_p2,1894,37674.667005715026,52252527.49136869,CAN_Indigenous_Reserves_1894,,
0,Okanesse,Indian Reserve,PCA_Map464_p2,1894,36194.19701366772,51398867.74316014,CAN_Indigenous_Reserves_1894,,
0,Pee-Pe-Ke-Sis,Indian Reserve,PCA_Map464_p2,1894,44275.73934269701,110204268.0428337,CAN_Indigenous_Reserves_1894,,
0,Sakimay,Indian Reserve,PCA_Map464_p2,1894,51623.93092241124,89346996.27676034,CAN_Indigenous_Reserves_1894,,
0, ,Indian Reserve,PCA_Map464_p2,1894,15522.596050018268,10992315.897972431,CAN_Indigenous_Reserves_1894,,
0,Cowessess,Indian Reserve,PCA_Map464_p2,1894,77342.80857238804,216798284.8874788,CAN_Indigenous_Reserves_1894,,
0,Chacachas,Indian Reserve,PCA_Map464_p2,1894,63340.96725224608,230076709.7345759,CAN_Indigenous_Reserves_1894,,
0,Kakeewis-Tahaw,Indian Reserve,PCA_Map464_p2,1894,64279.90819423973,181442753.5673317,CAN_Indigenous_Reserves_1894,,
0,The Man Who Took The Coat,Indian Reserve,PCA_Map464_p2,1894,54968.5420806436,187533079.2859242,CAN_Indigenous_Reserves_1894,,
0,Standing Buffalo,Indian Reserve,PCA_Map464_p2,1894,19687.634524700505,20752306.74011954,CAN_Indigenous_Reserves_1894,,
0,Pasquah,Indian Reserve,PCA_Map464_p2,1894,54784.33415680006,157103818.18708587,CAN_Indigenous_Reserves_1894,,
0,Muscow-Peetung,Indian Reserve,PCA_Map464_p2,1894,60630.861138624314,155141742.09727365,CAN_Indigenous_Reserves_1894,,
0,Pie-A-Pot,Indian Reserve,PCA_Map464_p2,1894,56222.6634789331,143141890.99465215,CAN_Indigenous_Reserves_1894,,
0, ,Indian Reserve,PCA_Map464_p2,1894,17659.23999784984,5625011.105990794,CAN_Indigenous_Reserves_1894,,
0,White Cap,Indian Reserve,PCA_Map464_p2,1894,12504.903604326624,6307079.037152257,CAN_Indigenous_Reserves_1894,,
0,Pheasant's Rump,Indian Reserve,PCA_Map464_p2,1894,46008.504875312596,97397429.09211764,CAN_Indigenous_Reserves_1894,,
0,Ocean's Man,Indian Reserve,PCA_Map464_p2,1894,46266.30445665864,97475524.1505358,CAN_Indigenous_Reserves_1894,,
0,White Bear,Indian Reserve,PCA_Map464_p2,1894,46180.324583091475,113607696.95927995,CAN_Indigenous_Reserves_1894,,
0, ,Indian Reserve,PCA_Map464_p3,1894,23672.00213189223,29004751.62505274,CAN_Indigenous_Reserves_1894,,
0, ,Indian Reserve,PCA_Map464_p3,1894,15221.373167429629,7174404.953187203,CAN_Indigenous_Reserves_1894,,
0,Norway House,Indian Reserve,PCA_Map464_p3,1894,42003.68368975396,98799621.3398641,CAN_Indigenous_Reserves_1894,,
0,Moose Lake,Indian Reserve,PCA_Map464_p3,1894,36452.3896396879,32142089.187508576,CAN_Indigenous_Reserves_1894,,
0, ,Indian Reserve,PCA_Map464_p3,1894,30334.17130816437,50523099.28496438,CAN_Indigenous_Reserves_1894,,
0, ,Indian Reserve,PCA_Map464_p3,1894,25706.435766991635,33870140.02754787,CAN_Indigenous_Reserves_1894,,
0, ,Indian Reserve,PCA_Map464_p3,1894,12961.78441376386,7460270.725276215,CAN_Indigenous_Reserves_1894,,
0, ,Indian Reserve,PCA_Map464_p3,1894,29430.74649057451,20758815.24466588,CAN_Indigenous_Reserves_1894,,
0, ,Indian Reserve,PCA_Map464_p3,1894,34116.7233667022,35861630.95962335,CAN_Indigenous_Reserves_1894,,
0, ,Indian Reserve,PCA_Map464_p3,1894,32017.074276426076,29527599.015577268,CAN_Indigenous_Reserves_1894,,
0, ,Indian Reserve,PCA_Map464_p3,1894,22434.74812376206,22492786.63021341,CAN_Indigenous_Reserves_1894,,
0, ,Indian Reserve,PCA_Map464_p3,1894,15023.819736230473,10607900.147783244,CAN_Indigenous_Reserves_1894,,
0, ,Indian Reserve,PCA_Map464_p3,1894,7025.565909547077,3183222.0443065455,CAN_Indigenous_Reserves_1894,,
0, ,Indian Reserve,PCA_Map464_p3,1894,5568.6498889140275,1767014.617481417,CAN_Indigenous_Reserves_1894,,
0, ,Indian Reserve,PCA_Map464_p3,1894,18900.726676318307,15751609.176207183,CAN_Indigenous_Reserves_1894,,
0, ,Indian Reserve,PCA_Map464_p3,1894,32684.889852070737,44539963.903874524,CAN_Indigenous_Reserves_1894,,
0,Sou-Sonse,Indian Reserve,PCA_Map464_p3,1894,55467.22400714827,53909157.70129262,CAN_Indigenous_Reserves_1894,,
0,Sandy Bay,Indian Reserve,PCA_Map464_p3,1894,33781.86337680552,61446359.10250717,CAN_Indigenous_Reserves_1894,,
0,Mekis,Indian Reserve,PCA_Map464_p3,1894,20691.576839876565,24506062.05876743,CAN_Indigenous_Reserves_1894,,
0, ,Indian Reserve,PCA_Map464_p3,1894,31154.953579164343,46662382.78739325,CAN_Indigenous_Reserves_1894,,
0,Sioux,Indian Reserve,PCA_Map464_p3,1894,30823.810306880998,37317208.53224153,CAN_Indigenous_Reserves_1894,,
0,Short Bear,Indian Reserve,PCA_Map464_p3,1894,37956.099246466656,40967526.33272811,CAN_Indigenous_Reserves_1894,,
0,Swan Lake,Indian Reserve,PCA_Map464_p3,1894,29538.310319717042,51968870.110549085,CAN_Indigenous_Reserves_1894,,
0,Nashake Penais,Indian Reserve,PCA_Map464_p3,1894,35056.52834049962,59154133.06762533,CAN_Indigenous_Reserves_1894,,
0, ,Indian Reserve,PCA_Map464_p3,1894,24786.7574200268,34693306.72608146,CAN_Indigenous_Reserves_1894,,
0, ,Indian Reserve,PCA_Map464_p3,1894,18289.213434558696,15132914.451617807,CAN_Indigenous_Reserves_1894,,
0, ,Indian Reserve,PCA_Map464_p3,1894,22406.877458349336,25977866.95610803,CAN_Indigenous_Reserves_1894,,
0, ,Indian Reserve,PCA_Map464_p3,1894,32073.74710033917,35268663.9682932,CAN_Indigenous_Reserves_1894,,
0, ,Indian Reserve,PCA_Map464_p3,1894,16271.043631135282,13182878.230413608,CAN_Indigenous_Reserves_1894,,
0, ,Indian Reserve,PCA_Map464_p3,1894,22826.849635044608,16386768.78768186,CAN_Indigenous_Reserves_1894,,
0, ,Indian Reserve,PCA_Map464_p3,1894,8157.580720464209,3115485.8540907362,CAN_Indigenous_Reserves_1894,,
0, ,Indian Reserve,PCA_Map464_p3,1894,32591.139919775385,26391741.45366378,CAN_Indigenous_Reserves_1894,,
0,Kakepenais,Indian Reserve,PCA_Map464_p3,1894,49060.93694155967,104818497.38359174,CAN_Indigenous_Reserves_1894,,
0,H. Prince,Indian Reserve,PCA_Map464_p3,1894,29489.96490201619,51694995.57496795,CAN_Indigenous_Reserves_1894,,
0,St Peters,Indian Reserve,PCA_Map464_p3,1894,86132.53592593198,162288212.06812125,CAN_Indigenous_Reserves_1894,,
0,Shawinabinais,Indian Reserve,PCA_Map464_p3,1894,16640.57098821639,14874358.19156032,CAN_Indigenous_Reserves_1894,,
0,She-She-Gence,Indian Reserve,PCA_Map464_p3,1894,27076.692173679425,13581114.540836532,CAN_Indigenous_Reserves_1894,,
0,Powawassan,Indian Reserve,PCA_Map464_p3,1894,10612.871735732448,7081667.4205688285,CAN_Indigenous_Reserves_1894,,
0,Ayashawash,Indian Reserve,PCA_Map464_p3,1894,25880.923960110955,28080252.472153284,CAN_Indigenous_Reserves_1894,,
0, ,Indian Reserve,PCA_Map464_p3,1894,12673.528111454196,8207901.8355489485,CAN_Indigenous_Reserves_1894,,
0, ,Indian Reserve,PCA_Map464_p3,1894,12145.37960622211,6648453.2975579295,CAN_Indigenous_Reserves_1894,,
0,Netamaquam,Indian Reserve,PCA_Map464_p3,1894,31877.927752120413,36424415.82418646,CAN_Indigenous_Reserves_1894,,
0, ,Indian Reserve,PCA_Map464_p3,1894,10442.748264201737,6038602.104754281,CAN_Indigenous_Reserves_1894,,
0,Painted Back,Indian Reserve,PCA_Map464_p3,1894,12407.01615993086,6208261.07221921,CAN_Indigenous_Reserves_1894,,
0, ,Indian Reserve,PCA_Map464_p3,1894,12586.343803267657,8846631.822845653,CAN_Indigenous_Reserves_1894,,
0, ,Indian Reserve,PCA_Map464_p3,1894,7156.160236036258,3086083.6634014323,CAN_Indigenous_Reserves_1894,,
0, ,Indian Reserve,PCA_Map464_p3,1894,8341.83582230813,4296267.582041675,CAN_Indigenous_Reserves_1894,,
0,Powawassan,Indian Reserve,PCA_Map464_p3,1894,37260.94176926134,46217398.572389014,CAN_Indigenous_Reserves_1894,,
0, ,Indian Reserve,PCA_Map464_p3,1894,13085.109490572147,8744976.984871367,CAN_Indigenous_Reserves_1894,,
0, ,Indian Reserve,PCA_Map464_p3,1894,12871.871686654933,7235589.955652882,CAN_Indigenous_Reserves_1894,,
0, ,Indian Reserve,PCA_Map464_p3,1894,28333.409724539903,34756732.72003815,CAN_Indigenous_Reserves_1894,,
0, ,Indian Reserve,PCA_Map464_p3,1894,49371.26198752355,39778509.27635674,CAN_Indigenous_Reserves_1894,,
0,Pagonakieshick,Indian Reserve,PCA_Map464_p3,1894,35153.882085309364,20629278.49714195,CAN_Indigenous_Reserves_1894,,
0, ,Indian Reserve,PCA_Map464_p3,1894,21269.42099768048,23347451.602508213,CAN_Indigenous_Reserves_1894,,
0,D. Laird,Indian Reserve,PCA_Map464_p3,1894,32621.62943749075,33456383.45975826,CAN_Indigenous_Reserves_1894,,
0, ,Indian Reserve,PCA_Map464_p3,1894,32899.150056509614,32888506.265997224,CAN_Indigenous_Reserves_1894,,
0, ,Indian Reserve,PCA_Map464_p3,1894,12403.747729869872,8641272.10420702,CAN_Indigenous_Reserves_1894,,
0, ,Indian Reserve,PCA_Map464_p3,1894,6812.309033898049,2899871.577277839,CAN_Indigenous_Reserves_1894,,
0, ,Indian Reserve,PCA_Map464_p3,1894,27569.723064937683,15765806.037544673,CAN_Indigenous_Reserves_1894,,
0, ,Indian Reserve,PCA_Map464_p3,1894,9737.370775941166,5170541.263348551,CAN_Indigenous_Reserves_1894,,
0, , , ,1894,13753.415448052834,7807155.973998047,CAN_Indigenous_Reserves_1894,,
0, ,Indian Reserve,PCA_Map490_p1,1904,44278.96518881415,119837518.24379742,CAN_Indigenous_Reserves_1904_Map490,,
0, ,Indian Reserve,PCA_Map490_p1,1904,44037.482261784506,114758355.66628176,CAN_Indigenous_Reserves_1904_Map490,,
0, ,Indian Reserve,PCA_Map490_p1,1904,42544.32973602366,112858647.28597532,CAN_Indigenous_Reserves_1904_Map490,,
0, ,Indian Reserve,PCA_Map490_p1,1904,31457.52949167942,46635478.79139924,CAN_Indigenous_Reserves_1904_Map490,,
0, ,Indian Reserve,PCA_Map490_p1,1904,92711.8047870722,279230911.52728987,CAN_Indigenous_Reserves_1904_Map490,,
0, ,Indian Reserve,PCA_Map490_p1,1904,51005.79757306948,145791185.1384483,CAN_Indigenous_Reserves_1904_Map490,,
0, ,Indian Reserve,PCA_Map490_p1,1904,49639.55072746119,88448650.21567255,CAN_Indigenous_Reserves_1904_Map490,,
0, ,Indian Reserve,PCA_Map490_p1,1904,50309.23404399535,157378874.24839664,CAN_Indigenous_Reserves_1904_Map490,,
0, ,Indian Reserve,PCA_Map490_p1,1904,31757.352980352698,62533255.35143769,CAN_Indigenous_Reserves_1904_Map490,,
0, ,Indian Reserve,PCA_Map490_p1,1904,33374.20108684509,69347101.34620325,CAN_Indigenous_Reserves_1904_Map490,,
0, ,Indian Reserve,PCA_Map490_p1,1904,53353.28457757536,99538694.36146967,CAN_Indigenous_Reserves_1904_Map490,,
0, ,Indian Reserve,PCA_Map490_p1,1904,35145.86803356127,69882637.49207123,CAN_Indigenous_Reserves_1904_Map490,,
0, ,Indian Reserve,PCA_Map490_p1,1904,47228.16006075807,101702711.64816007,CAN_Indigenous_Reserves_1904_Map490,,
0, ,Indian Reserve,PCA_Map490_p1,1904,37601.15475261989,68668517.08838989,CAN_Indigenous_Reserves_1904_Map490,,
0, ,Indian Reserve,PCA_Map490_p1,1904,61505.34449047577,131329017.57198684,CAN_Indigenous_Reserves_1904_Map490,,
0, ,Indian Reserve,PCA_Map490_p1,1904,30497.592821373648,49428862.42307495,CAN_Indigenous_Reserves_1904_Map490,,
0, ,Indian Reserve,PCA_Map490_p1,1904,47609.70262914145,96627902.77425563,CAN_Indigenous_Reserves_1904_Map490,,
0, ,Indian Reserve,PCA_Map490_p1,1904,62823.088367328775,210915448.64742774,CAN_Indigenous_Reserves_1904_Map490,,
0, ,Indian Reserve,PCA_Map490_p1,1904,48210.57624775134,107124570.35424301,CAN_Indigenous_Reserves_1904_Map490,,
0, ,Indian Reserve,PCA_Map490_p1,1904,49141.34380537088,146854379.7175756,CAN_Indigenous_Reserves_1904_Map490,,
0, ,Indian Reserve,PCA_Map490_p1,1904,45042.37578515056,94088944.20064484,CAN_Indigenous_Reserves_1904_Map490,,
0, ,Indian Reserve,PCA_Map490_p1,1904,20456.66799176344,23671274.565612625,CAN_Indigenous_Reserves_1904_Map490,,
0, ,Indian Reserve,PCA_Map490_p1,1904,27444.922930036846,38009359.03387605,CAN_Indigenous_Reserves_1904_Map490,,
0, ,Indian Reserve,PCA_Map490_p1,1904,33926.773951619114,35212323.830002554,CAN_Indigenous_Reserves_1904_Map490,,
0, ,Indian Reserve,PCA_Map490_p1,1904,20421.8203471962,22159578.387713104,CAN_Indigenous_Reserves_1904_Map490,,
0,Norway House,Indian Reserve,PCA_Map490_p1,1904,31935.76353597729,45146596.39611869,CAN_Indigenous_Reserves_1904_Map490,,
0,Blood,Indian Reserve,PCA_Map573,1904,304607.1854463561,1437483852.8092191,CAN_Indigenous_Reserves_1904_Map573,1253.0,148
0,Peigan,Indian Reserve,PCA_Map573,1904,90477.56105298465,465071869.9867737,CAN_Indigenous_Reserves_1904_Map573,530.0,147
0, ,Indian Reserve,PCA_Map573,1904,22927.703236661306,29791167.138706878,CAN_Indigenous_Reserves_1904_Map573,0.0, 
0,Blackfoot,Indian Reserve,PCA_Map573,1904,167944.74833319892,1229413003.8964686,CAN_Indigenous_Reserves_1904_Map573,942.0, 
0,Sarcee,Indian Reserve,PCA_Map573,1904,79671.52958663831,289234940.5991185,CAN_Indigenous_Reserves_1904_Map573,203.0,145
0,Stoney,Indian Reserve,PCA_Map573,1904,84412.97525897418,294790907.6388666,CAN_Indigenous_Reserves_1904_Map573,661.0,4067
0,Bobtail,Indian Reserve,PCA_Map573,1904,45961.12314478504,87392996.59569702,CAN_Indigenous_Reserves_1904_Map573,52.0,139
0,Samson,Indian Reserve,PCA_Map573,1904,85015.98402572742,160463403.2594469,CAN_Indigenous_Reserves_1904_Map573,320.0,137
0,Ermine Skin,Indian Reserve,PCA_Map573,1904,62024.44089543794,160912533.1144655,CAN_Indigenous_Reserves_1904_Map573,237.0,136
0, ,Indian Reserve,PCA_Map573,1904,26630.398538548583,20671132.490740776,CAN_Indigenous_Reserves_1904_Map573,0.0, 
0,Tommy La Potac,Indian Reserve,PCA_Map573,1904,45329.889150338575,115577966.4370561,CAN_Indigenous_Reserves_1904_Map573,122.0,135
0, ,Indian Reserve,PCA_Map573,1904,53885.70579890808,82740892.49451292,CAN_Indigenous_Reserves_1904_Map573,147.0,133
0,Michel Calahoo,Indian Reserve,PCA_Map573,1904,42267.27653594002,100999459.82146466,CAN_Indigenous_Reserves_1904_Map573,97.0,132
0,Alexis,Indian Reserve,PCA_Map573,1904,42385.29997768554,60228176.02661758,CAN_Indigenous_Reserves_1904_Map573,133.0,133
0,Alexander,Indian Reserve,PCA_Map573,1904,46514.278228633746,92021657.18497516,CAN_Indigenous_Reserves_1904_Map573,190.0,134
0,Whitefish Lake,Indian Reserve,PCA_Map573,1904,62710.29183390946,54621757.78963873,CAN_Indigenous_Reserves_1904_Map573,331.0,128
0,Saddle Lake,Indian Reserve,PCA_Map573,1904,89109.04894446365,337959189.44236225,CAN_Indigenous_Reserves_1904_Map573,243.0,125
0, ,Indian Reserve,PCA_Map573,1904,37444.47800509967,73494733.49566835,CAN_Indigenous_Reserves_1904_Map573,0.0, 
0, ,Indian Reserve,PCA_Map573,1904,56913.78079970732,68961345.43580411,CAN_Indigenous_Reserves_1904_Map573,121.0,123
0, ,Indian Reserve,PCA_Map573,1904,46165.52716744167,105802532.82681794,CAN_Indigenous_Reserves_1904_Map573,30.0,122
0, ,Indian Reserve,PCA_Map573,1904,58108.31336109367,94522128.54952715,CAN_Indigenous_Reserves_1904_Map573,92.0,121
0,Red Pheasant,Indian Reserve,PCA_Map573,1904,39541.454381987365,95955683.53798884,CAN_Indigenous_Reserves_1904_Map573,143.0,108
0, ,Indian Reserve,PCA_Map573,1904,16421.75166203107,12127128.70610233,CAN_Indigenous_Reserves_1904_Map573,0.0, 
0,Mosquito,Indian Reserve,PCA_Map573,1904,35186.65275375706,77233873.30337921,CAN_Indigenous_Reserves_1904_Map573,0.0,109
0,Sweet Grass,Indian Reserve,PCA_Map573,1904,54248.93930953596,155802324.85474324,CAN_Indigenous_Reserves_1904_Map573,83.0,113
0,Grizzly Bears Head and Lean Man,Indian Reserve,PCA_Map573,1904,46995.644050842915,89588882.8080232,CAN_Indigenous_Reserves_1904_Map573,78.0,110 and 111
0, ,Indian Reserve,PCA_Map573,1904,12439.354298510472,9475601.3753642,CAN_Indigenous_Reserves_1904_Map573,0.0,113A
0, ,Indian Reserve,PCA_Map573,1904,14213.23960226457,6051766.15434375,CAN_Indigenous_Reserves_1904_Map573,0.0,113B
0, ,Indian Reserve,PCA_Map573,1904,20014.095118180452,18913567.757000647,CAN_Indigenous_Reserves_1904_Map573,0.0,115A
0,Moosomin,Indian Reserve,PCA_Map573,1904,32830.579808695904,59356625.58816378,CAN_Indigenous_Reserves_1904_Map573,108.0,112
0,Thunderchild,Indian Reserve,PCA_Map573,1904,37345.38291683966,71616258.48823884,CAN_Indigenous_Reserves_1904_Map573,131.0,115
0,Pound Maker,Indian Reserve,PCA_Map573,1904,45949.63146848207,70093591.89681798,CAN_Indigenous_Reserves_1904_Map573,107.0,114
0, ,Indian Reserve,PCA_Map573,1904,32721.41731455657,67425126.99358995,CAN_Indigenous_Reserves_1904_Map573,105.0,116
0, ,Indian Reserve,PCA_Map573,1904,31624.96520533574,57503220.495851256,CAN_Indigenous_Reserves_1904_Map573,107.0,120
0, ,Indian Reserve,PCA_Map573,1904,49740.69029943792,153992825.24925828,CAN_Indigenous_Reserves_1904_Map573,255.0,119
0,Pia Pot,Indian Reserve,PCA_Map573,1904,55163.01442190015,154704348.91718137,CAN_Indigenous_Reserves_1904_Map573,151.0,75
0,Muscowpetung,Indian Reserve,PCA_Map573,1904,54706.13861517116,163635729.84674436,CAN_Indigenous_Reserves_1904_Map573,97.0,80
0,Pasqua,Indian Reserve,PCA_Map573,1904,55219.97754576768,155589368.71632922,CAN_Indigenous_Reserves_1904_Map573,137.0,79
0, ,Indian Reserve,PCA_Map573,1904,22905.29173501476,21954793.03866662,CAN_Indigenous_Reserves_1904_Map573,215.0,78
0,Little Black Bear,Indian Reserve,PCA_Map573,1904,47261.01948827459,125155939.37956634,CAN_Indigenous_Reserves_1904_Map573,231.0,84
0,Star Blanket,Indian Reserve,PCA_Map573,1904,37910.28236110261,52119048.89778444,CAN_Indigenous_Reserves_1904_Map573,0.0,83
0,Okanesse,Indian Reserve,PCA_Map573,1904,36214.238403627736,51636586.56390278,CAN_Indigenous_Reserves_1904_Map573,0.0,82
0,Peepeekeesis,Indian Reserve,PCA_Map573,1904,44385.66175705795,111518928.42934377,CAN_Indigenous_Reserves_1904_Map573,0.0,81
0,Assiniboine,Indian Reserve,PCA_Map573,1904,54913.97621456247,187102075.45435938,CAN_Indigenous_Reserves_1904_Map573,210.0,76
0, ,Indian Reserve,PCA_Map573,1904,70541.24733259917,124076216.3507262,CAN_Indigenous_Reserves_1904_Map573,159.0,118
0, ,Indian Reserve,PCA_Map573,1904,54347.81633953908,178108204.84205663,CAN_Indigenous_Reserves_1904_Map573,208.0,104
0,Snake Plain,Indian Reserve,PCA_Map573,1904,62147.078130121,208503247.88988137,CAN_Indigenous_Reserves_1904_Map573,127.0,103
0,Muskeg Lake,Indian Reserve,PCA_Map573,1904,50730.161932125855,101031064.72286725,CAN_Indigenous_Reserves_1904_Map573,85.0,102
0,Whitecap,Indian Reserve,PCA_Map573,1904,27136.755406951143,16419124.126734817,CAN_Indigenous_Reserves_1904_Map573,0.0,94
0, ,Indian Reserve,PCA_Map573,1904,54752.732194607815,55754897.02022155,CAN_Indigenous_Reserves_1904_Map573,149.0,106
0, ,Indian Reserve,PCA_Map573,1904,58077.33611853878,150814370.51132214,CAN_Indigenous_Reserves_1904_Map573,16.0,106A
0, ,Indian Reserve,PCA_Map573,1904,48791.79334618684,92237252.43519637,CAN_Indigenous_Reserves_1904_Map573,145.0,101
0, ,Indian Reserve,PCA_Map573,1904,19738.770354343484,12379270.453543173,CAN_Indigenous_Reserves_1904_Map573,100.0,94A
0,Duck Lake,Indian Reserve,PCA_Map573,1904,61524.172716869594,115735540.94959792,CAN_Indigenous_Reserves_1904_Map573,164.0,96 and 97
0,One Arrow,Indian Reserve,PCA_Map573,1904,28266.471930218515,44851574.02248007,CAN_Indigenous_Reserves_1904_Map573,0.0,95
0, ,Indian Reserve,PCA_Map573,1904,15679.13680823574,4944486.525966378,CAN_Indigenous_Reserves_1904_Map573,0.0,80A
0,Gordon,Indian Reserve,PCA_Map573,1904,46942.293941989075,137319719.800415,CAN_Indigenous_Reserves_1904_Map573,162.0,86
0,Muskow-Ekwun,Indian Reserve,PCA_Map573,1904,56852.545955467824,97987772.8193447,CAN_Indigenous_Reserves_1904_Map573,141.0,85
0,Poor Man,Indian Reserve,PCA_Map573,1904,40458.5299797755,102234747.84826326,CAN_Indigenous_Reserves_1904_Map573,95.0,88
0,Day Star,Indian Reserve,PCA_Map573,1904,53314.60523401754,69125261.6709696,CAN_Indigenous_Reserves_1904_Map573,73.0,87
0,Kinistino,Indian Reserve,PCA_Map573,1904,27249.275898757187,41133839.89504919,CAN_Indigenous_Reserves_1904_Map573,0.0,91
0,Muskoday,Indian Reserve,PCA_Map573,1904,45574.90157003289,100733384.22744018,CAN_Indigenous_Reserves_1904_Map573,136.0,99
0,James Smith,Indian Reserve,PCA_Map573,1904,44331.72674323237,72337721.33796611,CAN_Indigenous_Reserves_1904_Map573,107.0,100
0, ,Indian Reserve,PCA_Map573,1904,63529.60872465815,90763958.15529071,CAN_Indigenous_Reserves_1904_Map573,115.0,100A
0, ,Indian Reserve,PCA_Map573,1904,14001.673943164822,7347796.710086116,CAN_Indigenous_Reserves_1904_Map573,0.0,20
0, ,Indian Reserve,PCA_Map573,1904,12258.260509754864,8174640.767175859,CAN_Indigenous_Reserves_1904_Map573,0.0,29A
0, ,Indian Reserve,PCA_Map573,1904,12402.065017172454,9355080.953111382,CAN_Indigenous_Reserves_1904_Map573,0.0,28A
0,Nut Lake,Indian Reserve,PCA_Map573,1904,43897.28803241256,62792682.11401666,CAN_Indigenous_Reserves_1904_Map573,0.0,90
0,Fishing Lake,Indian Reserve,PCA_Map573,1904,40021.663789987884,84022088.90529306,CAN_Indigenous_Reserves_1904_Map573,0.0,89
0,The Key,Indian Reserve,PCA_Map573,1904,51663.92383718218,103909912.29145256,CAN_Indigenous_Reserves_1904_Map573,221.0,65
0,Kee-See-Koose,Indian Reserve,PCA_Map573,1904,55723.46555016355,75726706.06653672,CAN_Indigenous_Reserves_1904_Map573,0.0,66
0, ,Indian Reserve,PCA_Map573,1904,57731.58438028863,150897139.52632758,CAN_Indigenous_Reserves_1904_Map573,259.0,64
0, ,Indian Reserve,PCA_Map573,1904,27874.43537886878,38692166.07714097,CAN_Indigenous_Reserves_1904_Map573,0.0,73A
0, ,Indian Reserve,PCA_Map573,1904,16946.021029000778,12551940.444654098,CAN_Indigenous_Reserves_1904_Map573,0.0,74A
0,Sakimay,Indian Reserve,PCA_Map573,1904,52445.30361172796,87606410.71761501,CAN_Indigenous_Reserves_1904_Map573,185.0,74
0,Cowessess,Indian Reserve,PCA_Map573,1904,77452.97470719481,214711740.1377228,CAN_Indigenous_Reserves_1904_Map573,156.0,73
0,Broadview,Indian Reserve,PCA_Map573,1904,65289.076356946694,182479881.6816333,CAN_Indigenous_Reserves_1904_Map573,107.0,72
0,Ochapowace,Indian Reserve,PCA_Map573,1904,62775.599876506654,228337262.1032653,CAN_Indigenous_Reserves_1904_Map573,110.0,71
0,White Bear,Indian Reserve,PCA_Map573,1904,45719.750585438436,113959057.79631758,CAN_Indigenous_Reserves_1904_Map573,199.0,70
0, ,Indian Reserve,PCA_Map573,1904,21710.553654635245,24318526.61511204,CAN_Indigenous_Reserves_1904_Map573,0.0,27
0, ,Indian Reserve,PCA_Map573,1904,5221.243975769697,1378465.9800504718,CAN_Indigenous_Reserves_1904_Map573,0.0, 
0, ,Indian Reserve,PCA_Map573,1904,34264.60577112539,26147003.564225607,CAN_Indigenous_Reserves_1904_Map573,0.0,21
0, ,Indian Reserve,PCA_Map573,1904,6283.62652984629,2318805.445247105,CAN_Indigenous_Reserves_1904_Map573,0.0, 
0, ,Indian Reserve,PCA_Map573,1904,10225.192581670404,3691540.6306767757,CAN_Indigenous_Reserves_1904_Map573,0.0, 
0, ,Indian Reserve,PCA_Map573,1904,21403.576492376036,13118893.690995798,CAN_Indigenous_Reserves_1904_Map573,0.0, 
0, ,Indian Reserve,PCA_Map573,1904,5407.266170371474,1531350.9804933516,CAN_Indigenous_Reserves_1904_Map573,0.0,63
0, ,Indian Reserve,PCA_Map573,1904,3371.6146741763887,710126.809432517,CAN_Indigenous_Reserves_1904_Map573,0.0, 
0, ,Indian Reserve,PCA_Map573,1904,5404.05263932631,1822360.291089457,CAN_Indigenous_Reserves_1904_Map573,0.0, 
0, ,Indian Reserve,PCA_Map490_p1,1904,31457.52949167942,46635478.79139924,CAN_Indigenous_Reserves_1904_merged,0.0, 
0, ,Indian Reserve,PCA_Map490_p1,1904,37601.15475261989,68668517.08838989,CAN_Indigenous_Reserves_1904_merged,0.0, 
0, ,Indian Reserve,PCA_Map490_p1,1904,20456.66799176344,23671274.565612625,CAN_Indigenous_Reserves_1904_merged,0.0, 
0, ,Indian Reserve,PCA_Map490_p1,1904,27444.922930036846,38009359.03387605,CAN_Indigenous_Reserves_1904_merged,0.0, 
0, ,Indian Reserve,PCA_Map490_p1,1904,33926.773951619114,35212323.830002554,CAN_Indigenous_Reserves_1904_merged,0.0, 
0, ,Indian Reserve,PCA_Map490_p1,1904,20421.8203471962,22159578.387713104,CAN_Indigenous_Reserves_1904_merged,0.0, 
0,Norway House,Indian Reserve,PCA_Map490_p1,1904,31935.76353597729,45146596.39611869,CAN_Indigenous_Reserves_1904_merged,0.0, 
0,Blood,Indian Reserve,PCA_Map573,1904,304607.1854463561,1437483852.8092191,CAN_Indigenous_Reserves_1904_merged,1253.0,148
0,Peigan,Indian Reserve,PCA_Map573,1904,90477.56105298465,465071869.9867737,CAN_Indigenous_Reserves_1904_merged,530.0,147
0, ,Indian Reserve,PCA_Map573,1904,22927.703236661306,29791167.138706878,CAN_Indigenous_Reserves_1904_merged,0.0, 
0,Blackfoot,Indian Reserve,PCA_Map573,1904,167944.74833319892,1229413003.8964686,CAN_Indigenous_Reserves_1904_merged,942.0, 
0,Sarcee,Indian Reserve,PCA_Map573,1904,79671.52958663831,289234940.5991185,CAN_Indigenous_Reserves_1904_merged,203.0,145
0,Stoney,Indian Reserve,PCA_Map573,1904,84412.97525897418,294790907.6388666,CAN_Indigenous_Reserves_1904_merged,661.0,4067
0,Bobtail,Indian Reserve,PCA_Map573,1904,45961.12314478504,87392996.59569702,CAN_Indigenous_Reserves_1904_merged,52.0,139
0,Samson,Indian Reserve,PCA_Map573,1904,85015.98402572742,160463403.2594469,CAN_Indigenous_Reserves_1904_merged,320.0,137
0,Ermine Skin,Indian Reserve,PCA_Map573,1904,62024.44089543794,160912533.1144655,CAN_Indigenous_Reserves_1904_merged,237.0,136
0, ,Indian Reserve,PCA_Map573,1904,26630.398538548583,20671132.490740776,CAN_Indigenous_Reserves_1904_merged,0.0, 
0,Tommy La Potac,Indian Reserve,PCA_Map573,1904,45329.889150338575,115577966.4370561,CAN_Indigenous_Reserves_1904_merged,122.0,135
0, ,Indian Reserve,PCA_Map573,1904,53885.70579890808,82740892.49451292,CAN_Indigenous_Reserves_1904_merged,147.0,133
0,Michel Calahoo,Indian Reserve,PCA_Map573,1904,42267.27653594002,100999459.82146466,CAN_Indigenous_Reserves_1904_merged,97.0,132
0,Alexis,Indian Reserve,PCA_Map573,1904,42385.29997768554,60228176.02661758,CAN_Indigenous_Reserves_1904_merged,133.0,133
0,Alexander,Indian Reserve,PCA_Map573,1904,46514.278228633746,92021657.18497516,CAN_Indigenous_Reserves_1904_merged,190.0,134
0,Whitefish Lake,Indian Reserve,PCA_Map573,1904,62710.29183390946,54621757.78963873,CAN_Indigenous_Reserves_1904_merged,331.0,128
0,Saddle Lake,Indian Reserve,PCA_Map573,1904,89109.04894446365,337959189.44236225,CAN_Indigenous_Reserves_1904_merged,243.0,125
0, ,Indian Reserve,PCA_Map573,1904,37444.47800509967,73494733.49566835,CAN_Indigenous_Reserves_1904_merged,0.0, 
0, ,Indian Reserve,PCA_Map573,1904,56913.78079970732,68961345.43580411,CAN_Indigenous_Reserves_1904_merged,121.0,123
0, ,Indian Reserve,PCA_Map573,1904,46165.52716744167,105802532.82681794,CAN_Indigenous_Reserves_1904_merged,30.0,122
0, ,Indian Reserve,PCA_Map573,1904,58108.31336109367,94522128.54952715,CAN_Indigenous_Reserves_1904_merged,92.0,121
0,Red Pheasant,Indian Reserve,PCA_Map573,1904,39541.454381987365,95955683.53798884,CAN_Indigenous_Reserves_1904_merged,143.0,108
0, ,Indian Reserve,PCA_Map573,1904,16421.75166203107,12127128.70610233,CAN_Indigenous_Reserves_1904_merged,0.0, 
0,Mosquito,Indian Reserve,PCA_Map573,1904,35186.65275375706,77233873.30337921,CAN_Indigenous_Reserves_1904_merged,0.0,109
0,Sweet Grass,Indian Reserve,PCA_Map573,1904,54248.93930953596,155802324.85474324,CAN_Indigenous_Reserves_1904_merged,83.0,113
0,Grizzly Bears Head and Lean Man,Indian Reserve,PCA_Map573,1904,46995.644050842915,89588882.8080232,CAN_Indigenous_Reserves_1904_merged,78.0,110 and 111
0, ,Indian Reserve,PCA_Map573,1904,12439.354298510472,9475601.3753642,CAN_Indigenous_Reserves_1904_merged,0.0,113A
0, ,Indian Reserve,PCA_Map573,1904,14213.23960226457,6051766.15434375,CAN_Indigenous_Reserves_1904_merged,0.0,113B
0, ,Indian Reserve,PCA_Map573,1904,20014.095118180452,18913567.757000647,CAN_Indigenous_Reserves_1904_merged,0.0,115A
0,Moosomin,Indian Reserve,PCA_Map573,1904,32830.579808695904,59356625.58816378,CAN_Indigenous_Reserves_1904_merged,108.0,112
0,Thunderchild,Indian Reserve,PCA_Map573,1904,37345.38291683966,71616258.48823884,CAN_Indigenous_Reserves_1904_merged,131.0,115
0,Pound Maker,Indian Reserve,PCA_Map573,1904,45949.63146848207,70093591.89681798,CAN_Indigenous_Reserves_1904_merged,107.0,114
0, ,Indian Reserve,PCA_Map573,1904,32721.41731455657,67425126.99358995,CAN_Indigenous_Reserves_1904_merged,105.0,116
0, ,Indian Reserve,PCA_Map573,1904,31624.96520533574,57503220.495851256,CAN_Indigenous_Reserves_1904_merged,107.0,120
0, ,Indian Reserve,PCA_Map573,1904,49740.69029943792,153992825.24925828,CAN_Indigenous_Reserves_1904_merged,255.0,119
0,Pia Pot,Indian Reserve,PCA_Map573,1904,55163.01442190015,154704348.91718137,CAN_Indigenous_Reserves_1904_merged,151.0,75
0,Muscowpetung,Indian Reserve,PCA_Map573,1904,54706.13861517116,163635729.84674436,CAN_Indigenous_Reserves_1904_merged,97.0,80
0,Pasqua,Indian Reserve,PCA_Map573,1904,55219.97754576768,155589368.71632922,CAN_Indigenous_Reserves_1904_merged,137.0,79
0, ,Indian Reserve,PCA_Map573,1904,22905.29173501476,21954793.03866662,CAN_Indigenous_Reserves_1904_merged,215.0,78
0,Little Black Bear,Indian Reserve,PCA_Map573,1904,47261.01948827459,125155939.37956634,CAN_Indigenous_Reserves_1904_merged,231.0,84
0,Star Blanket,Indian Reserve,PCA_Map573,1904,37910.28236110261,52119048.89778444,CAN_Indigenous_Reserves_1904_merged,0.0,83
0,Okanesse,Indian Reserve,PCA_Map573,1904,36214.238403627736,51636586.56390278,CAN_Indigenous_Reserves_1904_merged,0.0,82
0,Peepeekeesis,Indian Reserve,PCA_Map573,1904,44385.66175705795,111518928.42934377,CAN_Indigenous_Reserves_1904_merged,0.0,81
0,Assiniboine,Indian Reserve,PCA_Map573,1904,54913.97621456247,187102075.45435938,CAN_Indigenous_Reserves_1904_merged,210.0,76
0, Big River,Indian Reserve,PCA_Map573,1904,70541.24733259917,124076216.35072662,CAN_Indigenous_Reserves_1904_merged,159.0,118
0, ,Indian Reserve,PCA_Map573,1904,54347.81633953908,178108204.84205663,CAN_Indigenous_Reserves_1904_merged,208.0,104
0,Snake Plain,Indian Reserve,PCA_Map573,1904,62147.078130121,208503247.88988137,CAN_Indigenous_Reserves_1904_merged,127.0,103
0,Muskeg Lake,Indian Reserve,PCA_Map573,1904,50730.161932125855,101031064.72286725,CAN_Indigenous_Reserves_1904_merged,85.0,102
0,Whitecap,Indian Reserve,PCA_Map573,1904,27136.755406951143,16419124.126734817,CAN_Indigenous_Reserves_1904_merged,0.0,94
0, ,Indian Reserve,PCA_Map573,1904,54752.732194607815,55754897.02022155,CAN_Indigenous_Reserves_1904_merged,149.0,106
0, ,Indian Reserve,PCA_Map573,1904,58077.33611853878,150814370.51132214,CAN_Indigenous_Reserves_1904_merged,16.0,106A
0, ,Indian Reserve,PCA_Map573,1904,48791.79334618684,92237252.43519637,CAN_Indigenous_Reserves_1904_merged,145.0,101
0, ,Indian Reserve,PCA_Map573,1904,19738.770354343484,12379270.453543173,CAN_Indigenous_Reserves_1904_merged,100.0,94A
0,Duck Lake,Indian Reserve,PCA_Map573,1904,61524.172716869594,115735540.94959792,CAN_Indigenous_Reserves_1904_merged,164.0,96 and 97
0,One Arrow,Indian Reserve,PCA_Map573,1904,28266.471930218515,44851574.02248007,CAN_Indigenous_Reserves_1904_merged,0.0,95
0, ,Indian Reserve,PCA_Map573,1904,15679.13680823574,4944486.525966378,CAN_Indigenous_Reserves_1904_merged,0.0,80A
0,Gordon,Indian Reserve,PCA_Map573,1904,46942.293941989075,137319719.800415,CAN_Indigenous_Reserves_1904_merged,162.0,86
0,Muskow-Ekwun,Indian Reserve,PCA_Map573,1904,56852.545955467824,97987772.8193447,CAN_Indigenous_Reserves_1904_merged,141.0,85
0,Poor Man,Indian Reserve,PCA_Map573,1904,40458.5299797755,102234747.84826326,CAN_Indigenous_Reserves_1904_merged,95.0,88
0,Day Star,Indian Reserve,PCA_Map573,1904,53314.60523401754,69125261.6709696,CAN_Indigenous_Reserves_1904_merged,73.0,87
0,Kinistino,Indian Reserve,PCA_Map573,1904,27249.275898757187,41133839.89504919,CAN_Indigenous_Reserves_1904_merged,0.0,91
0,Muskoday,Indian Reserve,PCA_Map573,1904,45574.90157003289,100733384.22744018,CAN_Indigenous_Reserves_1904_merged,136.0,99
0,James Smith,Indian Reserve,PCA_Map573,1904,44331.72674323237,72337721.33796611,CAN_Indigenous_Reserves_1904_merged,107.0,100
0, ,Indian Reserve,PCA_Map573,1904,63529.60872465815,90763958.15529071,CAN_Indigenous_Reserves_1904_merged,115.0,100A
0, ,Indian Reserve,PCA_Map573,1904,14001.673943164822,7347796.710086116,CAN_Indigenous_Reserves_1904_merged,0.0,20
0, ,Indian Reserve,PCA_Map573,1904,12258.260509754864,8174640.767175859,CAN_Indigenous_Reserves_1904_merged,0.0,29A
0, ,Indian Reserve,PCA_Map573,1904,12402.065017172454,9355080.953111382,CAN_Indigenous_Reserves_1904_merged,0.0,28A
0,Nut Lake,Indian Reserve,PCA_Map573,1904,43897.28803241256,62792682.11401666,CAN_Indigenous_Reserves_1904_merged,0.0,90
0,Fishing Lake,Indian Reserve,PCA_Map573,1904,40021.663789987884,84022088.90529306,CAN_Indigenous_Reserves_1904_merged,0.0,89
0,The Key,Indian Reserve,PCA_Map573,1904,51663.92383718218,103909912.29145256,CAN_Indigenous_Reserves_1904_merged,221.0,65
0,Kee-See-Koose,Indian Reserve,PCA_Map573,1904,55723.46555016355,75726706.06653672,CAN_Indigenous_Reserves_1904_merged,0.0,66
0, ,Indian Reserve,PCA_Map573,1904,57731.58438028863,150897139.52632758,CAN_Indigenous_Reserves_1904_merged,259.0,64
0, ,Indian Reserve,PCA_Map573,1904,27874.43537886878,38692166.07714097,CAN_Indigenous_Reserves_1904_merged,0.0,73A
0, ,Indian Reserve,PCA_Map573,1904,16946.021029000778,12551940.444654098,CAN_Indigenous_Reserves_1904_merged,0.0,74A
0,Sakimay,Indian Reserve,PCA_Map573,1904,52445.30361172796,87606410.71761501,CAN_Indigenous_Reserves_1904_merged,185.0,74
0,Cowessess,Indian Reserve,PCA_Map573,1904,77452.97470719481,214711740.1377228,CAN_Indigenous_Reserves_1904_merged,156.0,73
0,Broadview,Indian Reserve,PCA_Map573,1904,65289.076356946694,182479881.6816333,CAN_Indigenous_Reserves_1904_merged,107.0,72
0,Ochapowace,Indian Reserve,PCA_Map573,1904,62775.599876506654,228337262.1032653,CAN_Indigenous_Reserves_1904_merged,110.0,71
0,White Bear,Indian Reserve,PCA_Map573,1904,45719.750585438436,113959057.79631758,CAN_Indigenous_Reserves_1904_merged,199.0,70
0, ,Indian Reserve,PCA_Map573,1904,21710.553654635245,24318526.61511204,CAN_Indigenous_Reserves_1904_merged,0.0,27
0, ,Indian Reserve,PCA_Map573,1904,5221.243975769697,1378465.9800504718,CAN_Indigenous_Reserves_1904_merged,0.0, 
0, ,Indian Reserve,PCA_Map573,1904,34264.60577112539,26147003.564225607,CAN_Indigenous_Reserves_1904_merged,0.0,21
0, ,Indian Reserve,PCA_Map573,1904,6283.62652984629,2318805.445247105,CAN_Indigenous_Reserves_1904_merged,0.0, 
0, ,Indian Reserve,PCA_Map573,1904,10225.192581670404,3691540.6306767757,CAN_Indigenous_Reserves_1904_merged,0.0, 
0, ,Indian Reserve,PCA_Map573,1904,21403.576492376036,13118893.690995798,CAN_Indigenous_Reserves_1904_merged,0.0, 
0, ,Indian Reserve,PCA_Map573,1904,5407.266170371474,1531350.9804933516,CAN_Indigenous_Reserves_1904_merged,0.0,63
0, ,Indian Reserve,PCA_Map573,1904,3371.6146741763887,710126.809432517,CAN_Indigenous_Reserves_1904_merged,0.0, 
0, ,Indian Reserve,PCA_Map573,1904,5404.05263932631,1822360.291089457,CAN_Indigenous_Reserves_1904_merged,0.0, 
300,Unknown,Indian Reserve,Map A17_2_S,1906,42880.835604824766,113249974.49119192,CAN_Indigenous_Reserves_1906,,
301,Unknown,Indian Reserve,Map A17_2_S,1906,55280.33463165028,189617314.22643995,CAN_Indigenous_Reserves_1906,,
302,Unknown,Indian Reserve,Map A17_2_S,1906,46513.10749125985,117351545.50709814,CAN_Indigenous_Reserves_1906,,
303,Unknown,Indian Reserve,Map A17_2_S,1906,37286.23700020991,43246054.081299484,CAN_Indigenous_Reserves_1906,,
304,Unknown,Indian Reserve,Map A17_2_S,1906,38410.73138845969,55998095.08566146,CAN_Indigenous_Reserves_1906,,
305,Unknown,Indian Reserve,Map A17_2_S,1906,46196.62503653787,118145397.79766935,CAN_Indigenous_Reserves_1906,,
306,Unknown,Indian Reserve,Map A17_2_S,1906,59366.339237952816,199561080.98877937,CAN_Indigenous_Reserves_1906,,
307,Unknown,Indian Reserve,Map A17_2_S,1906,45237.83860277158,122368076.87169585,CAN_Indigenous_Reserves_1906,,
308,Unknown,Indian Reserve,Map A17_2_S,1906,41569.250512440194,107824617.05658993,CAN_Indigenous_Reserves_1906,,
309,Unknown,Indian Reserve,Map A17_2_S,1906,24309.064257930248,34116751.34279317,CAN_Indigenous_Reserves_1906,,
310,Unknown,Indian Reserve,Map A17_2_S,1906,39182.27703195536,95634011.7775903,CAN_Indigenous_Reserves_1906,,
311,Unknown,Indian Reserve,Map A17_2_S,1906,54984.566151,154404240.5059077,CAN_Indigenous_Reserves_1906,,
312,Unknown,Indian Reserve,Map A17_2_S,1906,40193.07391049159,97689259.9458449,CAN_Indigenous_Reserves_1906,,
314,Unknown,Indian Reserve,Map A17_2_S,1906,61994.55818846181,108446307.0033075,CAN_Indigenous_Reserves_1906,,
313,Unknown,Indian Reserve,Map A17_2_S,1906,40147.47122519469,100736682.74753693,CAN_Indigenous_Reserves_1906,,
315,Unknown,Indian Reserve,Map A17_2_S,1906,36562.46221136992,85580823.56656498,CAN_Indigenous_Reserves_1906,,
316,Unknown,"Indian Reserve

Indian Reserve",Map A17_2_S,1906,40318.94948832872,100587889.07553253,CAN_Indigenous_Reserves_1906,,
317,Unknown,Indian Reserve,Map A17_2_S,1906,60305.91306150258,196959672.96166095,CAN_Indigenous_Reserves_1906,,
318,Unknown,Indian Reserve,Map A17_2_S,1906,48066.01539688693,140335746.81484312,CAN_Indigenous_Reserves_1906,,
319,Unknown,Indian Reserve,Map A17_2_S,1906,51889.88941869554,118134984.66637716,CAN_Indigenous_Reserves_1906,,
320,Unknown,Indian Reserve,Map A17_2_S,1906,48125.37365430771,105610720.00461698,CAN_Indigenous_Reserves_1906,,
321,Unknown,Indian Reserve,Map A17_2_S,1906,31962.834080684384,53188162.26964596,CAN_Indigenous_Reserves_1906,,
322,Unknown,Indian Reserve,Map A17_2_S,1906,42818.4328554639,61312846.88983439,CAN_Indigenous_Reserves_1906,,
323,Unknown,Indian Reserve,Map A17_2_S,1906,19819.72878267657,24400810.681417003,CAN_Indigenous_Reserves_1906,,
324,Unknown,Indian Reserve,Map A17_2_S,1906,33292.65373287344,52846925.78987513,CAN_Indigenous_Reserves_1906,,
325,Unknown,Indian Reserve,Map A17_2_S,1906,41704.10445367859,89002824.22875135,CAN_Indigenous_Reserves_1906,,
326,Unknown,Indian Reserve,Map A17_2_S,1906,87820.86686773408,470145430.0365751,CAN_Indigenous_Reserves_1906,,
327,Unknown,Indian Reserve,Map A17_2_S,1906,44108.83474803957,120049523.4141281,CAN_Indigenous_Reserves_1906,,
328,Unknown,Indian Reserve,Map A17_2_S,1906,44535.82354127579,117477189.16560058,CAN_Indigenous_Reserves_1906,,
329,Unknown,Indian Reserve,Map A17_2_S,1906,42443.75881807244,111968015.276001,CAN_Indigenous_Reserves_1906,,
330,Unknown,Indian Reserve,Map A17_2_S,1906,32217.373721590724,46555260.11665378,CAN_Indigenous_Reserves_1906,,
331,Unknown,Indian Reserve,Map A17_2_S,1906,33489.28613904282,65842494.99378179,CAN_Indigenous_Reserves_1906,,
332,Unknown,Indian Reserve,Map A17_2_S,1906,95831.10252435446,398457198.1206901,CAN_Indigenous_Reserves_1906,,
333,Unknown,Indian Reserve,Map A17_2_S,1906,58265.93105194231,205668010.70402867,CAN_Indigenous_Reserves_1906,,
334,Unknown,Indian Reserve,Map A17_2_S,1906,48036.69202689507,87672036.95514713,CAN_Indigenous_Reserves_1906,,
335,Unknown,Indian Reserve,Map A17_2_S,1906,50838.35764405376,139123243.99861977,CAN_Indigenous_Reserves_1906,,
336,Unknown,Indian Reserve,Map A17_2_S,1906,31708.93990948062,62488924.407607675,CAN_Indigenous_Reserves_1906,,
337,Unknown,Indian Reserve,Map A17_2_S,1906,49286.541646861384,151523600.59842172,CAN_Indigenous_Reserves_1906,,
338,Unknown,Indian Reserve,Map A17_2_S,1906,32579.438736558044,66324476.777642146,CAN_Indigenous_Reserves_1906,,
339,Unknown,Indian Reserve,Map A17_2_S,1906,54448.424164332144,169676498.72959667,CAN_Indigenous_Reserves_1906,,
340,Unknown,Indian Reserve,Map A17_2_S,1906,34643.82712724704,70429198.08542852,CAN_Indigenous_Reserves_1906,,
341,Crow Indian Reserve,Indian Reserve,Map A17_2_S,1906,50888.71164722287,92104907.16887856,CAN_Indigenous_Reserves_1906,,
342,Blood Indian Reserve,Indian Reserve,Map A17_2_S,1906,213233.9344373744,1376656608.9153304,CAN_Indigenous_Reserves_1906,,
343,Blackfeet Indian Reserve,Indian Reserve,Map A17_2_S,1906,164448.52690478158,1198044547.9812047,CAN_Indigenous_Reserves_1906,,
345,Unknown,Indian Reserve,Map A17_2_S,1906,42714.33972371359,77069486.67432298,CAN_Indigenous_Reserves_1906,,
344,Kananaskis,Indian Reserve,Map A17_2_S,1906,75925.15431711904,287773680.71951985,CAN_Indigenous_Reserves_1906,,
346,Unknown,Indian Reserve,Map A17_2_S,1906,45230.51554913069,93893696.68515117,CAN_Indigenous_Reserves_1906,,
347,Unknown,Indian Reserve,Map A17_2_S,1906,80486.5759477373,266501289.1573896,CAN_Indigenous_Reserves_1906,,
348,Unknown,Indian Reserve,Map A17_2_S,1906,21265.002616589114,28046808.44550564,CAN_Indigenous_Reserves_1906,,
349,Unknown,Indian Reserve,Map A17_2_S,1906,55872.901967237674,93853993.85576333,CAN_Indigenous_Reserves_1906,,
350,Unknown,Indian Reserve,Map A17_2_S,1906,51914.29888976531,129407740.48425607,CAN_Indigenous_Reserves_1906,,
351,Unknown,Indian Reserve,Map A17_2_S,1906,48278.339538438326,145015971.1052819,CAN_Indigenous_Reserves_1906,,
352,Unknown,Indian Reserve,Map A17_2_S,1906,50672.218328138246,74151104.06273915,CAN_Indigenous_Reserves_1906,,
353,Unknown,Indian Reserve,Map A17_2_S,1906,31054.944873681812,38651301.11538179,CAN_Indigenous_Reserves_1906,,
354,Unknown,Indian Reserve,Map A17_2_S,1906,20962.89092075898,23116575.485559367,CAN_Indigenous_Reserves_1906,,
355,Unknown,Indian Reserve,Map A17_2_S,1906,67373.83205189931,136342749.50823125,CAN_Indigenous_Reserves_1906,,
356,Unknown,Indian Reserve,Map A17_2_S,1906,76338.92636802867,222614692.0631701,CAN_Indigenous_Reserves_1906,,
357,Unknown,Indian Reserve,Map A17_2_S,1906,63068.02602441146,188881215.77325332,CAN_Indigenous_Reserves_1906,,
358,Unknown,Indian Reserve,Map A17_2_S,1906,63673.79410556248,246687531.4799525,CAN_Indigenous_Reserves_1906,,
299,Unknown,Indian Reserve,Map A17_2_S,1906,35205.82038135694,59624246.89786,CAN_Indigenous_Reserves_1906,,
