Entry,Date,Reserve Number,Ag_B_R,Treaty,N_Band,G_Num,Map_Loc,Tribe,Num_Pres,Num_Str,Num_Abs,Num_tot,Wh_Abs,url,Page,Notes
1,1881,,,,Waw-way-se-cappo,,Bird Tail Creek,Saulteaux,30.0,,190.0,220.0,Hunting at Riding Mountain,http://www.bac-lac.gc.ca/eng/discover/aboriginal-heritage/first-nations/indian-affairs-annual-reports/Pages/item.aspx?IdNumber=2149,56,
2,1881,,,,The Gambler,,Assiniboine River,Saulteaux,50.0,,90.0,140.0,Hunting at Riding Mountain,http://www.bac-lac.gc.ca/eng/discover/aboriginal-heritage/first-nations/indian-affairs-annual-reports/Pages/item.aspx?IdNumber=2150,56,
3,1881,,,,Cote,,Assiniboine River,Saulteaux,231.0,,0.0,231.0,,http://www.bac-lac.gc.ca/eng/discover/aboriginal-heritage/first-nations/indian-affairs-annual-reports/Pages/item.aspx?IdNumber=2151,56,
4,1881,,,,Ki-shi-kous,,South of Pelly,Saulteaux,50.0,,109.0,159.0,Hunting in Duck Mountain,http://www.bac-lac.gc.ca/eng/discover/aboriginal-heritage/first-nations/indian-affairs-annual-reports/Pages/item.aspx?IdNumber=2152,56,
5,1881,,,,The Key,,North of Pelly,Bungay,30.0,,168.0,198.0,Hunting in Duck Mountain and Porcupine Mountain,http://www.bac-lac.gc.ca/eng/discover/aboriginal-heritage/first-nations/indian-affairs-annual-reports/Pages/item.aspx?IdNumber=2153,56,
6,1881,,,,Pheasant Rump,,Moose Mountain,Assiniboine,30.0,,100.0,130.0,Hunting Buffalo in Fort Walsh District,http://www.bac-lac.gc.ca/eng/discover/aboriginal-heritage/first-nations/indian-affairs-annual-reports/Pages/item.aspx?IdNumber=2154,56,
7,1881,,,,Ocean Man,,Moose Mountain,Assiniboine,60.0,,88.0,148.0,Hunting Buffalo in Fort Walsh District,http://www.bac-lac.gc.ca/eng/discover/aboriginal-heritage/first-nations/indian-affairs-annual-reports/Pages/item.aspx?IdNumber=2155,56,
8,1881,,,,White Bear,,Moose Mountain,Saulteaux,20.0,,157.0,177.0,Hunting Buffalo in Fort Walsh District,http://www.bac-lac.gc.ca/eng/discover/aboriginal-heritage/first-nations/indian-affairs-annual-reports/Pages/item.aspx?IdNumber=2156,56,
9,1881,,,,Chae-a-chas,,Crooked Lakes,,43.0,,0.0,43.0,,http://www.bac-lac.gc.ca/eng/discover/aboriginal-heritage/first-nations/indian-affairs-annual-reports/Pages/item.aspx?IdNumber=2157,56,
10,1881,,,,O'Soup,,Round Lakes,,34.0,,331.0,365.0,"Hunting, Fort Walsh District",http://www.bac-lac.gc.ca/eng/discover/aboriginal-heritage/first-nations/indian-affairs-annual-reports/Pages/item.aspx?IdNumber=2158,56,
11,1881,,,,Mosquito,,Round Lakes,,75.0,,55.0,130.0,"Hunting, in District",http://www.bac-lac.gc.ca/eng/discover/aboriginal-heritage/first-nations/indian-affairs-annual-reports/Pages/item.aspx?IdNumber=2159,56,
12,1881,,,,Ka-pi wis-ta han,,,,154.0,,32.0,186.0,"Hunting, in District",http://www.bac-lac.gc.ca/eng/discover/aboriginal-heritage/first-nations/indian-affairs-annual-reports/Pages/item.aspx?IdNumber=2160,56,
13,1881,,,,Pasqua,,Qu'Appelle,,160.0,,58.0,218.0,"Hunting, in District",http://www.bac-lac.gc.ca/eng/discover/aboriginal-heritage/first-nations/indian-affairs-annual-reports/Pages/item.aspx?IdNumber=2161,56,
14,1881,,,,Mus-cow-wee-pee-tung,,Qu'Appelle,,40.0,,126.0,166.0,"Hunting, in District",http://www.bac-lac.gc.ca/eng/discover/aboriginal-heritage/first-nations/indian-affairs-annual-reports/Pages/item.aspx?IdNumber=2162,56,
15,1881,,,,Little Black Bear,,File Hills,,32.0,,28.0,60.0,"Hunting, in District",http://www.bac-lac.gc.ca/eng/discover/aboriginal-heritage/first-nations/indian-affairs-annual-reports/Pages/item.aspx?IdNumber=2163,56,
16,1881,,,,Star Blanket,,File Hills,,31.0,,19.0,50.0,"Fishing, in District",http://www.bac-lac.gc.ca/eng/discover/aboriginal-heritage/first-nations/indian-affairs-annual-reports/Pages/item.aspx?IdNumber=2164,56,
17,1881,,,,O'Kanesse,,File Hills,,23.0,,17.0,40.0,"Fishing, in District",http://www.bac-lac.gc.ca/eng/discover/aboriginal-heritage/first-nations/indian-affairs-annual-reports/Pages/item.aspx?IdNumber=2165,56,
18,1881,,,,Pe-pe-ke-sis,,File Hills,,23.0,,29.0,52.0,"Fishing, in District",http://www.bac-lac.gc.ca/eng/discover/aboriginal-heritage/first-nations/indian-affairs-annual-reports/Pages/item.aspx?IdNumber=2166,56,
19,1881,,,,Day Star,,Touchwood Hills,,54.0,,9.0,63.0,"Fishing, in District",http://www.bac-lac.gc.ca/eng/discover/aboriginal-heritage/first-nations/indian-affairs-annual-reports/Pages/item.aspx?IdNumber=2167,56,
20,1881,,,,Poor Man,,Touchwood Hills,,81.0,,70.0,151.0,"Fishing, in District",http://www.bac-lac.gc.ca/eng/discover/aboriginal-heritage/first-nations/indian-affairs-annual-reports/Pages/item.aspx?IdNumber=2168,56,
21,1881,,,,Gordon,,Touchwood Hills,,120.0,,64.0,184.0,"Fishing, in District",http://www.bac-lac.gc.ca/eng/discover/aboriginal-heritage/first-nations/indian-affairs-annual-reports/Pages/item.aspx?IdNumber=2169,56,
22,1881,,,,Hard Quill,,Touchwood Hills,,40.0,,117.0,157.0,"Fishing, in District",http://www.bac-lac.gc.ca/eng/discover/aboriginal-heritage/first-nations/indian-affairs-annual-reports/Pages/item.aspx?IdNumber=2170,56,
23,1881,,,,Yellow Quill,,Nut Lake,,250.0,,7.0,257.0,"Fishing, in District",http://www.bac-lac.gc.ca/eng/discover/aboriginal-heritage/first-nations/indian-affairs-annual-reports/Pages/item.aspx?IdNumber=2171,56,
24,1881,,,,Little Child,,,,,,297.0,297.0,"Hunting, Fort Walsh District",http://www.bac-lac.gc.ca/eng/discover/aboriginal-heritage/first-nations/indian-affairs-annual-reports/Pages/item.aspx?IdNumber=2172,56,
25,1881,,,,O'Kanse,,,,43.0,,,43.0,,http://www.bac-lac.gc.ca/eng/discover/aboriginal-heritage/first-nations/indian-affairs-annual-reports/Pages/item.aspx?IdNumber=2173,56,
26,1881,,,,Pie-pot,,,,,,1407.0,1407.0,"Hunting, Fort Walsh District",http://www.bac-lac.gc.ca/eng/discover/aboriginal-heritage/first-nations/indian-affairs-annual-reports/Pages/item.aspx?IdNumber=2174,56,
27,1881,,,,Foremost Man,,,,,,428.0,428.0,"Hunting, Fort Walsh District",http://www.bac-lac.gc.ca/eng/discover/aboriginal-heritage/first-nations/indian-affairs-annual-reports/Pages/item.aspx?IdNumber=2175,56,
28,1881,,,,Stragglers,,,,,,403.0,403.0,"Hunting, Fort Walsh District",http://www.bac-lac.gc.ca/eng/discover/aboriginal-heritage/first-nations/indian-affairs-annual-reports/Pages/item.aspx?IdNumber=2176,56,
29,1881,,,,Beardy,,Duck Lake,,77.0,,,77.0,,http://www.bac-lac.gc.ca/eng/discover/aboriginal-heritage/first-nations/indian-affairs-annual-reports/Pages/item.aspx?IdNumber=2177,56,
30,1881,,,,Cut Nose,,,,60.0,,38.0,98.0,Trapping,http://www.bac-lac.gc.ca/eng/discover/aboriginal-heritage/first-nations/indian-affairs-annual-reports/Pages/item.aspx?IdNumber=2178,56,
31,1881,,,,One Arrow,,,,50.0,,43.0,93.0,Trapping,http://www.bac-lac.gc.ca/eng/discover/aboriginal-heritage/first-nations/indian-affairs-annual-reports/Pages/item.aspx?IdNumber=2179,56,
32,1881,,,,Wm. Twatt,,North of Prince Albert,,100.0,,39.0,139.0,Trapping,http://www.bac-lac.gc.ca/eng/discover/aboriginal-heritage/first-nations/indian-affairs-annual-reports/Pages/item.aspx?IdNumber=2180,56,
33,1881,,,,John Smith,,South of Prince Albert,,125.0,,57.0,182.0,Trapping,http://www.bac-lac.gc.ca/eng/discover/aboriginal-heritage/first-nations/indian-affairs-annual-reports/Pages/item.aspx?IdNumber=2181,56,
34,1881,,,,Cha-kas-ta-pay-sin,,South of Prince Albert,,50.0,,42.0,92.0,Trapping,http://www.bac-lac.gc.ca/eng/discover/aboriginal-heritage/first-nations/indian-affairs-annual-reports/Pages/item.aspx?IdNumber=2182,56,
35,1881,,,,James Smith,,Fort a la Corne,,100.0,,39.0,139.0,Trapping,http://www.bac-lac.gc.ca/eng/discover/aboriginal-heritage/first-nations/indian-affairs-annual-reports/Pages/item.aspx?IdNumber=2183,56,
36,1881,,,,Mis-to-wa-sis,,Snake Plains,,175.0,,50.0,225.0,Trapping,http://www.bac-lac.gc.ca/eng/discover/aboriginal-heritage/first-nations/indian-affairs-annual-reports/Pages/item.aspx?IdNumber=2150,57,
37,1881,,,,Ah-ta-ca-coop,,North of Carlton,,180.0,,8.0,188.0,Trapping,http://www.bac-lac.gc.ca/eng/discover/aboriginal-heritage/first-nations/indian-affairs-annual-reports/Pages/item.aspx?IdNumber=2151,57,
38,1881,,,,Pe-te-yua-key,,Muskeg Lake,,90.0,,106.0,196.0,Trapping,http://www.bac-lac.gc.ca/eng/discover/aboriginal-heritage/first-nations/indian-affairs-annual-reports/Pages/item.aspx?IdNumber=2152,57,
39,1881,,,,Ke-pah-a-wa-ke-mus,,Green Lake,,15.0,,48.0,63.0,Fishing,http://www.bac-lac.gc.ca/eng/discover/aboriginal-heritage/first-nations/indian-affairs-annual-reports/Pages/item.aspx?IdNumber=2153,57,
40,1881,,,,Ke-ne-mo-tay,,Green Lake,,70.0,,43.0,113.0,Fishing,http://www.bac-lac.gc.ca/eng/discover/aboriginal-heritage/first-nations/indian-affairs-annual-reports/Pages/item.aspx?IdNumber=2154,57,
41,1881,,,,Red Pheasant,,Eagle Hills,,136.0,,,136.0,,http://www.bac-lac.gc.ca/eng/discover/aboriginal-heritage/first-nations/indian-affairs-annual-reports/Pages/item.aspx?IdNumber=2155,57,
42,1881,,,,Mosquito,,Eagle Hills,,230.0,,,230.0,,http://www.bac-lac.gc.ca/eng/discover/aboriginal-heritage/first-nations/indian-affairs-annual-reports/Pages/item.aspx?IdNumber=2156,57,
43,1881,,,,Strike Him,,Battle River,,90.0,,25.0,115.0,Fishing,http://www.bac-lac.gc.ca/eng/discover/aboriginal-heritage/first-nations/indian-affairs-annual-reports/Pages/item.aspx?IdNumber=2157,57,
44,1881,,,,Pondmaker,,Battle River,,96.0,,,96.0,,http://www.bac-lac.gc.ca/eng/discover/aboriginal-heritage/first-nations/indian-affairs-annual-reports/Pages/item.aspx?IdNumber=2158,57,
45,1881,,,,Moo-so-min,,Jack Fish Creek,,70.0,,29.0,99.0,Fishing,http://www.bac-lac.gc.ca/eng/discover/aboriginal-heritage/first-nations/indian-affairs-annual-reports/Pages/item.aspx?IdNumber=2159,57,
46,1881,,,,Thunder Child,,Jack Fish Creek,,30.0,,155.0,185.0,Fishing,http://www.bac-lac.gc.ca/eng/discover/aboriginal-heritage/first-nations/indian-affairs-annual-reports/Pages/item.aspx?IdNumber=2160,57,
47,1881,,,,See-kas-kootch,,Onion Lake,,105.0,,3.0,108.0,Fishing,http://www.bac-lac.gc.ca/eng/discover/aboriginal-heritage/first-nations/indian-affairs-annual-reports/Pages/item.aspx?IdNumber=2161,57,
48,1881,,,,Mak-kayo,,Long Lake,,66.0,,2.0,68.0,Fishing,http://www.bac-lac.gc.ca/eng/discover/aboriginal-heritage/first-nations/indian-affairs-annual-reports/Pages/item.aspx?IdNumber=2162,57,
49,1881,,,,Ne-po-kayo,,Frog Lake,,67.0,,4.0,71.0,Fishing,http://www.bac-lac.gc.ca/eng/discover/aboriginal-heritage/first-nations/indian-affairs-annual-reports/Pages/item.aspx?IdNumber=2163,57,
50,1881,,,,Pus-ke-agh-a-win,,Goose Lake,,15.0,,,15.0,,http://www.bac-lac.gc.ca/eng/discover/aboriginal-heritage/first-nations/indian-affairs-annual-reports/Pages/item.aspx?IdNumber=2164,57,
51,1881,,,,Ke-hee-win,,Moon Lake,,114.0,,49.0,163.0,Fishing,http://www.bac-lac.gc.ca/eng/discover/aboriginal-heritage/first-nations/indian-affairs-annual-reports/Pages/item.aspx?IdNumber=2165,57,
52,1881,,,,Chipewayan,,Angle Lake,,115.0,,,115.0,,http://www.bac-lac.gc.ca/eng/discover/aboriginal-heritage/first-nations/indian-affairs-annual-reports/Pages/item.aspx?IdNumber=2166,57,
53,1881,,,,Sweet Grass,,,,5.0,,,5.0,,http://www.bac-lac.gc.ca/eng/discover/aboriginal-heritage/first-nations/indian-affairs-annual-reports/Pages/item.aspx?IdNumber=2167,57,
54,1881,,,,Pie-a-sees,,Lac la Biche,,40.0,,64.0,104.0,Fishing,http://www.bac-lac.gc.ca/eng/discover/aboriginal-heritage/first-nations/indian-affairs-annual-reports/Pages/item.aspx?IdNumber=2168,57,
55,1881,,,,Little Hunter,,Saddle Lake,Cree,,,205.0,205.0,Fishing,http://www.bac-lac.gc.ca/eng/discover/aboriginal-heritage/first-nations/indian-affairs-annual-reports/Pages/item.aspx?IdNumber=2169,57,
56,1881,,,,Pa-mo-tay-as-so,,,,,,47.0,47.0,Fishing,http://www.bac-lac.gc.ca/eng/discover/aboriginal-heritage/first-nations/indian-affairs-annual-reports/Pages/item.aspx?IdNumber=2170,57,
57,1881,,,,Seenum,,Whitefish Lake,,200.0,,80.0,280.0,Fishing,http://www.bac-lac.gc.ca/eng/discover/aboriginal-heritage/first-nations/indian-affairs-annual-reports/Pages/item.aspx?IdNumber=2171,57,
58,1881,,,,Chipewayan,,Heart's Lake,,,,100.0,100.0,Hunting,http://www.bac-lac.gc.ca/eng/discover/aboriginal-heritage/first-nations/indian-affairs-annual-reports/Pages/item.aspx?IdNumber=2172,57,
59,1881,,,,Beaver Lake,,Lac la Biche,,,,145.0,145.0,Hunting,http://www.bac-lac.gc.ca/eng/discover/aboriginal-heritage/first-nations/indian-affairs-annual-reports/Pages/item.aspx?IdNumber=2173,57,
60,1881,,,,Michel,,Sturgeon River,,90.0,,65.0,155.0,Hunting and fishing,http://www.bac-lac.gc.ca/eng/discover/aboriginal-heritage/first-nations/indian-affairs-annual-reports/Pages/item.aspx?IdNumber=2174,57,
61,1881,,,,Alexis,,Stoney Lake,,50.0,,42.0,92.0,Hunting and fishing,http://www.bac-lac.gc.ca/eng/discover/aboriginal-heritage/first-nations/indian-affairs-annual-reports/Pages/item.aspx?IdNumber=2175,57,
62,1881,,,,Alexander,,Lac la Nonne,,100.0,,76.0,176.0,Hunting and fishing,http://www.bac-lac.gc.ca/eng/discover/aboriginal-heritage/first-nations/indian-affairs-annual-reports/Pages/item.aspx?IdNumber=2176,57,
63,1881,,,,Pass-pass Chase,,Edmonton,,100.0,,88.0,188.0,Hunting and fishing,http://www.bac-lac.gc.ca/eng/discover/aboriginal-heritage/first-nations/indian-affairs-annual-reports/Pages/item.aspx?IdNumber=2177,57,
64,1881,,,,Samson,,Bear's Hill,,50.0,,113.0,163.0,Hunting and fishing,http://www.bac-lac.gc.ca/eng/discover/aboriginal-heritage/first-nations/indian-affairs-annual-reports/Pages/item.aspx?IdNumber=2178,57,
65,1881,,,,Ermineskin,,Bear's Hill,,50.0,,82.0,132.0,Hunting and fishing,http://www.bac-lac.gc.ca/eng/discover/aboriginal-heritage/first-nations/indian-affairs-annual-reports/Pages/item.aspx?IdNumber=2179,57,
66,1881,,,,Bobtail,,Bear's Hill,,40.0,,45.0,85.0,Hunting and fishing,http://www.bac-lac.gc.ca/eng/discover/aboriginal-heritage/first-nations/indian-affairs-annual-reports/Pages/item.aspx?IdNumber=2180,57,
67,1881,,,,Che-pos-ta-quan,,Pigeon Lake,,30.0,,87.0,117.0,Hunting and fishing,http://www.bac-lac.gc.ca/eng/discover/aboriginal-heritage/first-nations/indian-affairs-annual-reports/Pages/item.aspx?IdNumber=2181,57,
68,1881,,,,Muddy Bull,,Pigeon Lake,,25.0,,34.0,59.0,Hunting and fishing,http://www.bac-lac.gc.ca/eng/discover/aboriginal-heritage/first-nations/indian-affairs-annual-reports/Pages/item.aspx?IdNumber=2182,57,
69,1881,,,,"Stragglers, Carlton District",,,,,,49.0,49.0,Trapping in district,http://www.bac-lac.gc.ca/eng/discover/aboriginal-heritage/first-nations/indian-affairs-annual-reports/Pages/item.aspx?IdNumber=2183,57,
70,1881,,,,"Stragglers, Battleford District",,,,,,205.0,205.0,Fishing in district,http://www.bac-lac.gc.ca/eng/discover/aboriginal-heritage/first-nations/indian-affairs-annual-reports/Pages/item.aspx?IdNumber=2184,57,
71,1881,,,,"Stragglers, Victoria District",,,,,,21.0,21.0,Fishing in district,http://www.bac-lac.gc.ca/eng/discover/aboriginal-heritage/first-nations/indian-affairs-annual-reports/Pages/item.aspx?IdNumber=2185,57,
72,1881,,,,"Stragglers, Pigeon Lake",,,,,,89.0,89.0,Fishing in district,http://www.bac-lac.gc.ca/eng/discover/aboriginal-heritage/first-nations/indian-affairs-annual-reports/Pages/item.aspx?IdNumber=2186,57,
73,1881,,,,"Stragglers, Pigeon Lake",,,,,,300.0,300.0,"Hunting, Fort Walsh District",http://www.bac-lac.gc.ca/eng/discover/aboriginal-heritage/first-nations/indian-affairs-annual-reports/Pages/item.aspx?IdNumber=2187,57,
74,1881,,,,"Stragglers, Buffalo Lake",,,,,,32.0,32.0,Fishing in district,http://www.bac-lac.gc.ca/eng/discover/aboriginal-heritage/first-nations/indian-affairs-annual-reports/Pages/item.aspx?IdNumber=2188,57,
75,1881,,,,Little Pine,,,,,,785.0,785.0,"Hunting, Fort Walsh District",http://www.bac-lac.gc.ca/eng/discover/aboriginal-heritage/first-nations/indian-affairs-annual-reports/Pages/item.aspx?IdNumber=2189,57,
76,1881,,,,Lucky Man,,,,,,802.0,802.0,"Hunting, Fort Walsh District",http://www.bac-lac.gc.ca/eng/discover/aboriginal-heritage/first-nations/indian-affairs-annual-reports/Pages/item.aspx?IdNumber=2190,57,
77,1881,,,,Stragglers with Little Pine and Lucky Man,,,,,,891.0,891.0,"Hunting, Fort Walsh District",http://www.bac-lac.gc.ca/eng/discover/aboriginal-heritage/first-nations/indian-affairs-annual-reports/Pages/item.aspx?IdNumber=2191,57,
78,1881,,,,Stoneys,,Morleyville,Stoney,610.0,,,610.0,,http://www.bac-lac.gc.ca/eng/discover/aboriginal-heritage/first-nations/indian-affairs-annual-reports/Pages/item.aspx?IdNumber=2192,57,
79,1881,,,,Blackfeet,,Blackfeet Crossing,Blackfeet,1700.0,,400.0,2100.0,"Hunting, Red Deer River",http://www.bac-lac.gc.ca/eng/discover/aboriginal-heritage/first-nations/indian-affairs-annual-reports/Pages/item.aspx?IdNumber=2193,57,
80,1881,,,,Piegans,,Old Man's River,Blackfeet,960.0,,,960.0,,http://www.bac-lac.gc.ca/eng/discover/aboriginal-heritage/first-nations/indian-affairs-annual-reports/Pages/item.aspx?IdNumber=2194,57,
81,1881,,,,Bloods,,Belly River,Blackfeet,3000.0,,640.0,3640.0,"Hunting, Red Deer River",http://www.bac-lac.gc.ca/eng/discover/aboriginal-heritage/first-nations/indian-affairs-annual-reports/Pages/item.aspx?IdNumber=2195,57,
82,1881,,,,Sarcees,,Fish Creek,Blackfeet,479.0,,,479.0,,http://www.bac-lac.gc.ca/eng/discover/aboriginal-heritage/first-nations/indian-affairs-annual-reports/Pages/item.aspx?IdNumber=2151,58,
83,1881,,,,The-Man-that-took-the-Coat,,Maple Creek,Assiniboine,,,278.0,278.0,"Hunting buffalo, Fort Walsh District",http://www.bac-lac.gc.ca/eng/discover/aboriginal-heritage/first-nations/indian-affairs-annual-reports/Pages/item.aspx?IdNumber=2151,58,
84,1881,,,,Long Lodge,,Maple Creek,Assiniboine,,,123.0,123.0,"Hunting buffalo, Fort Walsh District",http://www.bac-lac.gc.ca/eng/discover/aboriginal-heritage/first-nations/indian-affairs-annual-reports/Pages/item.aspx?IdNumber=2151,58,
85,1881,,,,Poor Man,,Maple Creek,Assiniboine,,,137.0,137.0,"Hunting buffalo, Fort Walsh District",http://www.bac-lac.gc.ca/eng/discover/aboriginal-heritage/first-nations/indian-affairs-annual-reports/Pages/item.aspx?IdNumber=2151,58,
86,1881,,,,Chic-ne-na-buis,,Maple Creek,Assiniboine,,,286.0,286.0,"Hunting buffalo, Fort Walsh District",http://www.bac-lac.gc.ca/eng/discover/aboriginal-heritage/first-nations/indian-affairs-annual-reports/Pages/item.aspx?IdNumber=2151,58,
87,1881,,,,Duck Head Necklace,,Maple Creek,Assiniboine,,,13.0,13.0,"Hunting buffalo, Fort Walsh District",http://www.bac-lac.gc.ca/eng/discover/aboriginal-heritage/first-nations/indian-affairs-annual-reports/Pages/item.aspx?IdNumber=2151,58,
88,1881,,,,Stragglers,,Maple Creek,Assiniboine,,,74.0,74.0,"Hunting buffalo, Fort Walsh District",http://www.bac-lac.gc.ca/eng/discover/aboriginal-heritage/first-nations/indian-affairs-annual-reports/Pages/item.aspx?IdNumber=2151,58,
89,1881,,,,Big Bear,,Non-treaty,Cree,,,624.0,624.0,Across the line,http://www.bac-lac.gc.ca/eng/discover/aboriginal-heritage/first-nations/indian-affairs-annual-reports/Pages/item.aspx?IdNumber=2151,58,
90,1881,,,,Carlton Indians,,Non-treaty,Cree,,,350.0,350.0,In district,http://www.bac-lac.gc.ca/eng/discover/aboriginal-heritage/first-nations/indian-affairs-annual-reports/Pages/item.aspx?IdNumber=2151,58,
91,1881,,,,Sioux,,Bird Tail Creek and Assiniboine River,Sioux,500.0,,500.0,1000.0,Hunting in district,http://www.bac-lac.gc.ca/eng/discover/aboriginal-heritage/first-nations/indian-affairs-annual-reports/Pages/item.aspx?IdNumber=2151,58,
92,1881,,,,Standing Buffalo,,Qu'Appelle,Sioux,200.0,,,200.0,,http://www.bac-lac.gc.ca/eng/discover/aboriginal-heritage/first-nations/indian-affairs-annual-reports/Pages/item.aspx?IdNumber=2151,58,
93,1881,,,,White Cap,,South Branch,Sioux,250.0,,,250.0,,http://www.bac-lac.gc.ca/eng/discover/aboriginal-heritage/first-nations/indian-affairs-annual-reports/Pages/item.aspx?IdNumber=2151,58,
94,1881,,,,Hostile Sioux at Wood Mountain,,,Sioux,,,600.0,600.0,,http://www.bac-lac.gc.ca/eng/discover/aboriginal-heritage/first-nations/indian-affairs-annual-reports/Pages/item.aspx?IdNumber=2151,58,
95,1882,,,,The Gambler,,Assiniboine River,Salteaux,100.0,,56.0,156.0,Hunting at Riding Mountain,http://www.bac-lac.gc.ca/eng/discover/aboriginal-heritage/first-nations/indian-affairs-annual-reports/Pages/item.aspx?IdNumber=2791,201,
96,1882,,,,Way-way-see-cappo,,Bird Tail Creek,Salteaux,75.0,,36.0,111.0,Hunting at Riding Mountain,http://www.bac-lac.gc.ca/eng/discover/aboriginal-heritage/first-nations/indian-affairs-annual-reports/Pages/item.aspx?IdNumber=2792,201,
97,1882,,,,Kee-see-koo-we-nin,,Riding Mountain,Salteaux,100.0,,18.0,118.0,Hunting at Riding Mountain,http://www.bac-lac.gc.ca/eng/discover/aboriginal-heritage/first-nations/indian-affairs-annual-reports/Pages/item.aspx?IdNumber=2793,201,
98,1882,,,,Pheasant Rump,,Moose Mountain,Salteaux,56.0,,30.0,86.0,Freighting and hunting,http://www.bac-lac.gc.ca/eng/discover/aboriginal-heritage/first-nations/indian-affairs-annual-reports/Pages/item.aspx?IdNumber=2794,201,
99,1882,,,,"Red Ear's, late Ocean Man's",,Moose Mountain,Salteaux,68.0,,31.0,99.0,Freighting and hunting,http://www.bac-lac.gc.ca/eng/discover/aboriginal-heritage/first-nations/indian-affairs-annual-reports/Pages/item.aspx?IdNumber=2795,201,
100,1882,,,,White Bear,,Moose Mountain,Salteaux,45.0,,37.0,82.0,Freighting and hunting,http://www.bac-lac.gc.ca/eng/discover/aboriginal-heritage/first-nations/indian-affairs-annual-reports/Pages/item.aspx?IdNumber=2796,201,
101,1882,,,,The Key,,Fort Pelly,Salteaux,50.0,,145.0,195.0,Hunting in Duck Mountain,http://www.bac-lac.gc.ca/eng/discover/aboriginal-heritage/first-nations/indian-affairs-annual-reports/Pages/item.aspx?IdNumber=2797,201,
102,1882,,,,Ki-shi-kous,,Fort Pelly,Salteaux,40.0,,115.0,155.0,Hunting in Duck Mountain,http://www.bac-lac.gc.ca/eng/discover/aboriginal-heritage/first-nations/indian-affairs-annual-reports/Pages/item.aspx?IdNumber=2798,201,
103,1882,,,,Coté,,Fort Pelly,Salteaux,200.0,,30.0,230.0,Hunting in Duck Mountain,http://www.bac-lac.gc.ca/eng/discover/aboriginal-heritage/first-nations/indian-affairs-annual-reports/Pages/item.aspx?IdNumber=2799,201,
104,1882,,,,South Quill,,Rolling River,Cree,118.0,,,118.0,,http://www.bac-lac.gc.ca/eng/discover/aboriginal-heritage/first-nations/indian-affairs-annual-reports/Pages/item.aspx?IdNumber=2800,201,
105,1882,,,,Chic-a-chas,,Crooked Lakes,Salteaux,43.0,,,43.0,,http://www.bac-lac.gc.ca/eng/discover/aboriginal-heritage/first-nations/indian-affairs-annual-reports/Pages/item.aspx?IdNumber=2801,201,
106,1882,,,,O'Soup,,Crooked Lakes,Salteaux,280.0,,85.0,365.0,Freighting and hunting small game,http://www.bac-lac.gc.ca/eng/discover/aboriginal-heritage/first-nations/indian-affairs-annual-reports/Pages/item.aspx?IdNumber=2802,201,
107,1882,,,,Mosquitoe,,Crooked Lakes,Salteaux,75.0,,55.0,130.0,Hunting small game,http://www.bac-lac.gc.ca/eng/discover/aboriginal-heritage/first-nations/indian-affairs-annual-reports/Pages/item.aspx?IdNumber=2803,201,
108,1882,,,,Ka-pi-wis-ta-haw,,Crooked Lakes,Salteaux,154.0,,32.0,186.0,Hunting small game,http://www.bac-lac.gc.ca/eng/discover/aboriginal-heritage/first-nations/indian-affairs-annual-reports/Pages/item.aspx?IdNumber=2804,201,
109,1882,,,,Pas-quah,,Qu'Appelle,Salteaux,143.0,,75.0,218.0,Hunting on File Hills,http://www.bac-lac.gc.ca/eng/discover/aboriginal-heritage/first-nations/indian-affairs-annual-reports/Pages/item.aspx?IdNumber=2805,201,
110,1882,,,,Mus-kow-wee-pee-tung,,Qu'Appelle,Salteaux,104.0,,62.0,166.0,Hunting on File Hills,http://www.bac-lac.gc.ca/eng/discover/aboriginal-heritage/first-nations/indian-affairs-annual-reports/Pages/item.aspx?IdNumber=2806,201,
111,1882,,,,Little Black Bear,,File Hills,Cree,20.0,,40.0,60.0,At Fort Walsh,http://www.bac-lac.gc.ca/eng/discover/aboriginal-heritage/first-nations/indian-affairs-annual-reports/Pages/item.aspx?IdNumber=2807,201,
112,1882,,,,Star Blanket,,File Hills,Cree,30.0,,20.0,50.0,At Fort Walsh,http://www.bac-lac.gc.ca/eng/discover/aboriginal-heritage/first-nations/indian-affairs-annual-reports/Pages/item.aspx?IdNumber=2808,201,
113,1882,,,,O-ka-ne-se,,File Hills,Cree,40.0,,,40.0,,http://www.bac-lac.gc.ca/eng/discover/aboriginal-heritage/first-nations/indian-affairs-annual-reports/Pages/item.aspx?IdNumber=2809,201,
114,1882,,,,Pe-pe-ke-sis,,File Hills,Cree,72.0,,,72.0,,http://www.bac-lac.gc.ca/eng/discover/aboriginal-heritage/first-nations/indian-affairs-annual-reports/Pages/item.aspx?IdNumber=2810,201,
115,1882,,,,Day Star,,Touchwood Hills,Cree,55.0,,8.0,63.0,Hunting in hills,http://www.bac-lac.gc.ca/eng/discover/aboriginal-heritage/first-nations/indian-affairs-annual-reports/Pages/item.aspx?IdNumber=2811,201,
116,1882,,,,Poor Man,,Touchwood Hills,Cree,59.0,,92.0,151.0,Hunting in hills,http://www.bac-lac.gc.ca/eng/discover/aboriginal-heritage/first-nations/indian-affairs-annual-reports/Pages/item.aspx?IdNumber=2812,201,
117,1882,,,,Gordon,,Touchwood Hills,Cree,53.0,,131.0,184.0,Hunting in hills and working out,http://www.bac-lac.gc.ca/eng/discover/aboriginal-heritage/first-nations/indian-affairs-annual-reports/Pages/item.aspx?IdNumber=2813,201,
118,1882,,,,Hard Quill,,Touchwood Hills,Cree,49.0,,108.0,157.0,Hunting in hills and working out,http://www.bac-lac.gc.ca/eng/discover/aboriginal-heritage/first-nations/indian-affairs-annual-reports/Pages/item.aspx?IdNumber=2814,201,
119,1882,,,,Yellow Quill,,Nut Lake,Cree,257.0,,,257.0,,http://www.bac-lac.gc.ca/eng/discover/aboriginal-heritage/first-nations/indian-affairs-annual-reports/Pages/item.aspx?IdNumber=2815,201,
120,1882,,,,O-kan se,,Nut Lake,Cree,43.0,,,43.0,,http://www.bac-lac.gc.ca/eng/discover/aboriginal-heritage/first-nations/indian-affairs-annual-reports/Pages/item.aspx?IdNumber=2816,201,
121,1882,,,,Stragglers,,Qu'Appelle District,,,,403.0,403.0,Mostly living near Qu'Appelle,http://www.bac-lac.gc.ca/eng/discover/aboriginal-heritage/first-nations/indian-affairs-annual-reports/Pages/item.aspx?IdNumber=2817,201,
122,1882,,,,Petre-quo-kee,,Muskeg Lake,Cree,80.0,,84.0,164.0,Hunting north,http://www.bac-lac.gc.ca/eng/discover/aboriginal-heritage/first-nations/indian-affairs-annual-reports/Pages/item.aspx?IdNumber=2818,201,
123,1882,,,,Cha-kas-tay-pay-sin,,South Branch,Cree,44.0,,37.0,81.0,Hunting on river,http://www.bac-lac.gc.ca/eng/discover/aboriginal-heritage/first-nations/indian-affairs-annual-reports/Pages/item.aspx?IdNumber=2819,201,
124,1882,,,,Ah-tah kah-koop,,Snake Plains,Cree,156.0,,29.0,185.0,Hunting north,http://www.bac-lac.gc.ca/eng/discover/aboriginal-heritage/first-nations/indian-affairs-annual-reports/Pages/item.aspx?IdNumber=2820,201,
125,1882,,,,John Smith,,South Branch,Salteaux,164.0,,7.0,171.0,Hunting and working out,http://www.bac-lac.gc.ca/eng/discover/aboriginal-heritage/first-nations/indian-affairs-annual-reports/Pages/item.aspx?IdNumber=2821,201,
126,1882,,,,Mis-ta-wa-sis,,Snake Plains,Cree,140.0,,74.0,214.0,Hunting north and working out,http://www.bac-lac.gc.ca/eng/discover/aboriginal-heritage/first-nations/indian-affairs-annual-reports/Pages/item.aspx?IdNumber=2822,201,
127,1882,,,,Beardy,,Duck Lake,Cree,100.0,,60.0,160.0,Hunting north and working out,http://www.bac-lac.gc.ca/eng/discover/aboriginal-heritage/first-nations/indian-affairs-annual-reports/Pages/item.aspx?IdNumber=2823,201,
128,1882,,,,One Arrow,,South Branch,Cree,70.0,,21.0,91.0,Hunting on river,http://www.bac-lac.gc.ca/eng/discover/aboriginal-heritage/first-nations/indian-affairs-annual-reports/Pages/item.aspx?IdNumber=2824,201,
129,1882,,,,Sus-wa-pew,,Duck Lake,Cree,67.0,,31.0,98.0,Hunting on river,http://www.bac-lac.gc.ca/eng/discover/aboriginal-heritage/first-nations/indian-affairs-annual-reports/Pages/item.aspx?IdNumber=2825,201,
130,1882,,,,William Twatt,,Sturgeon Lake,Cree,122.0,,31.0,153.0,Hunting and fishing on Sturgeon Lake,http://www.bac-lac.gc.ca/eng/discover/aboriginal-heritage/first-nations/indian-affairs-annual-reports/Pages/item.aspx?IdNumber=2826,201,
131,1882,,,,James Smith,,Fort à la Corne,Cree,127.0,,7.0,134.0,Fishing and hunting,http://www.bac-lac.gc.ca/eng/discover/aboriginal-heritage/first-nations/indian-affairs-annual-reports/Pages/item.aspx?IdNumber=2827,201,
132,1882,,,,Kee-nee-mo-tay-os,,Green Lake,Cree,77.0,,,77.0,,http://www.bac-lac.gc.ca/eng/discover/aboriginal-heritage/first-nations/indian-affairs-annual-reports/Pages/item.aspx?IdNumber=2828,201,
133,1882,,,,Ko-pah-a-wa-ke-mus,,Green Lake,Cree,47.0,,,47.0,,http://www.bac-lac.gc.ca/eng/discover/aboriginal-heritage/first-nations/indian-affairs-annual-reports/Pages/item.aspx?IdNumber=2829,201,
134,1882,,,,Stragglers,,Carlton District,Cree,,,52.0,52.0,Working in district,http://www.bac-lac.gc.ca/eng/discover/aboriginal-heritage/first-nations/indian-affairs-annual-reports/Pages/item.aspx?IdNumber=2830,201,
135,1882,,,,Red Pheasant,,Eagle Hills,Cree,130.0,,10.0,140.0,Fishing at Turtle and Jack Fish Lakes,http://www.bac-lac.gc.ca/eng/discover/aboriginal-heritage/first-nations/indian-affairs-annual-reports/Pages/item.aspx?IdNumber=2831,201,
136,1882,,,,Mosquitoe,,Eagle Hills,Cree,139.0,,24.0,163.0,Fishing at Turtle Lake and hunting in Saskatchewan Valley,http://www.bac-lac.gc.ca/eng/discover/aboriginal-heritage/first-nations/indian-affairs-annual-reports/Pages/item.aspx?IdNumber=2832,201,
137,1882,,,,Bears Head,,Eagle Hills,Cree,190.0,,4.0,194.0,Hunting in Eagle Hills,http://www.bac-lac.gc.ca/eng/discover/aboriginal-heritage/first-nations/indian-affairs-annual-reports/Pages/item.aspx?IdNumber=2833,201,
138,1882,,,,Lean Man,,Eagle Hills,Cree,88.0,,,88.0,,http://www.bac-lac.gc.ca/eng/discover/aboriginal-heritage/first-nations/indian-affairs-annual-reports/Pages/item.aspx?IdNumber=2834,201,
139,1882,,,,Poundmaker,,Battle River,Cree,150.0,,14.0,164.0,Fishing at Turtle Lake and hunting on river,http://www.bac-lac.gc.ca/eng/discover/aboriginal-heritage/first-nations/indian-affairs-annual-reports/Pages/item.aspx?IdNumber=2835,201,
140,1882,,,,Strike him on the back,,Battle River,Cree,150.0,,40.0,190.0,Fishing at Turtle Lake and hunting on river,http://www.bac-lac.gc.ca/eng/discover/aboriginal-heritage/first-nations/indian-affairs-annual-reports/Pages/item.aspx?IdNumber=2836,201,
141,1882,,,,Moosomin,,Jack Fish Creek,Cree,50.0,,48.0,98.0,Fishing at Turtle and Jack Fish Lakes,http://www.bac-lac.gc.ca/eng/discover/aboriginal-heritage/first-nations/indian-affairs-annual-reports/Pages/item.aspx?IdNumber=2837,201,
142,1882,,,,Thunder Child,,Jack Fish Creek,Cree,90.0,,11.0,101.0,Fishing at Turtle and Jack Fish Lakes and hunting in valley,http://www.bac-lac.gc.ca/eng/discover/aboriginal-heritage/first-nations/indian-affairs-annual-reports/Pages/item.aspx?IdNumber=2792,202,
143,1882,,,,Young Chippeweyan,,Jack Fish Creek,Cree,15.0,,11.0,26.0,Fishing at Turtle and Jack Fish Lakes,http://www.bac-lac.gc.ca/eng/discover/aboriginal-heritage/first-nations/indian-affairs-annual-reports/Pages/item.aspx?IdNumber=2792,202,
144,1882,,,,See-kas-kootch,,Onion Lake,Cree,100.0,,57.0,157.0,Fishing and hunting north of Pitt,http://www.bac-lac.gc.ca/eng/discover/aboriginal-heritage/first-nations/indian-affairs-annual-reports/Pages/item.aspx?IdNumber=2792,202,
145,1882,,,,Pay-moo-tay-ah-soo,,Onion Lake,Cree,10.0,,,10.0,,http://www.bac-lac.gc.ca/eng/discover/aboriginal-heritage/first-nations/indian-affairs-annual-reports/Pages/item.aspx?IdNumber=2792,202,
146,1882,,,,Young Sweet Grass,,Onion Lake,Cree,10.0,,7.0,17.0,Fishing and hunting north of Pitt,http://www.bac-lac.gc.ca/eng/discover/aboriginal-heritage/first-nations/indian-affairs-annual-reports/Pages/item.aspx?IdNumber=2792,202,
147,1882,,,,Mah-kay-o,,Stoney Lake,Cree,30.0,,34.0,64.0,Fishing and hunting north of Pitt,http://www.bac-lac.gc.ca/eng/discover/aboriginal-heritage/first-nations/indian-affairs-annual-reports/Pages/item.aspx?IdNumber=2792,202,
148,1882,,,,O-nee-pow-hay-o,,Frog Lake,Cree,25.0,,35.0,60.0,Fishing and hunting north of Pitt,http://www.bac-lac.gc.ca/eng/discover/aboriginal-heritage/first-nations/indian-affairs-annual-reports/Pages/item.aspx?IdNumber=2792,202,
149,1882,,,,Pusk-ee-ah-kee-win,,Frog Lake,Cree,10.0,,30.0,40.0,Fishing and hunting north of Pitt,http://www.bac-lac.gc.ca/eng/discover/aboriginal-heritage/first-nations/indian-affairs-annual-reports/Pages/item.aspx?IdNumber=2792,202,
150,1882,,,,Kee-hee-win,,Long Lake,Cree,60.0,,75.0,135.0,Fishing and hunting north of Pitt,http://www.bac-lac.gc.ca/eng/discover/aboriginal-heritage/first-nations/indian-affairs-annual-reports/Pages/item.aspx?IdNumber=2792,202,
151,1882,,,,Kin-oo-say-o,,Cold Lake,Chippeweyans,100.0,,13.0,113.0,"Fishing and hunting, Cold and Goose Lakes",http://www.bac-lac.gc.ca/eng/discover/aboriginal-heritage/first-nations/indian-affairs-annual-reports/Pages/item.aspx?IdNumber=2792,202,
152,1882,,,,"Stragglers, Battleford District",,,,,,202.0,202.0,Fishing and hunting in Saskatchewan Valley and working near Bedford,http://www.bac-lac.gc.ca/eng/discover/aboriginal-heritage/first-nations/indian-affairs-annual-reports/Pages/item.aspx?IdNumber=2792,202,
153,1882,,,,Pee-ay-sees,,Lac la Biche,Cree,60.0,,44.0,104.0,Fishing and hunting in Saskatchewan Valley and working near Bedford,http://www.bac-lac.gc.ca/eng/discover/aboriginal-heritage/first-nations/indian-affairs-annual-reports/Pages/item.aspx?IdNumber=2792,202,
154,1882,,,,Little Hunter,,Saddle Lake,Cree,330.0,,,330.0,,http://www.bac-lac.gc.ca/eng/discover/aboriginal-heritage/first-nations/indian-affairs-annual-reports/Pages/item.aspx?IdNumber=2792,202,
155,1882,,,,See-num,,White Fish Lake,Cree,280.0,,,280.0,,http://www.bac-lac.gc.ca/eng/discover/aboriginal-heritage/first-nations/indian-affairs-annual-reports/Pages/item.aspx?IdNumber=2792,202,
156,1882,,,,Chippeweyan,,Heart's Lake,Cree,60.0,,40.0,100.0,Fishing and hunting in neighborhood,http://www.bac-lac.gc.ca/eng/discover/aboriginal-heritage/first-nations/indian-affairs-annual-reports/Pages/item.aspx?IdNumber=2792,202,
157,1882,,,,Beaver Lake Band,,Lac la Biche,Cree,85.0,,60.0,145.0,Fishing and hunting in neighborhood,http://www.bac-lac.gc.ca/eng/discover/aboriginal-heritage/first-nations/indian-affairs-annual-reports/Pages/item.aspx?IdNumber=2792,202,
158,1882,,,,Michel,,Sturgeon River,Stoney,90.0,,65.0,155.0,Hunting and working for settlers,http://www.bac-lac.gc.ca/eng/discover/aboriginal-heritage/first-nations/indian-affairs-annual-reports/Pages/item.aspx?IdNumber=2792,202,
159,1882,,,,Alexis,,Stoney Lake,Stoney,100.0,,,100.0,,http://www.bac-lac.gc.ca/eng/discover/aboriginal-heritage/first-nations/indian-affairs-annual-reports/Pages/item.aspx?IdNumber=2792,202,
160,1882,,,,Alexander,,Lac la Nonne,Stoney,130.0,,46.0,176.0,Hunting and working for settlers,http://www.bac-lac.gc.ca/eng/discover/aboriginal-heritage/first-nations/indian-affairs-annual-reports/Pages/item.aspx?IdNumber=2792,202,
161,1882,,,,Pas pas-chase,,Edmonton,Cree,100.0,,88.0,188.0,Working for settlers,http://www.bac-lac.gc.ca/eng/discover/aboriginal-heritage/first-nations/indian-affairs-annual-reports/Pages/item.aspx?IdNumber=2792,202,
162,1882,,,,Sampson,,Bear's Hill,Cree,50.0,,113.0,163.0,Hunting deer,http://www.bac-lac.gc.ca/eng/discover/aboriginal-heritage/first-nations/indian-affairs-annual-reports/Pages/item.aspx?IdNumber=2792,202,
163,1882,,,,Ermine Skin,,Bear's Hill,Cree,100.0,,33.0,133.0,Hunting deer,http://www.bac-lac.gc.ca/eng/discover/aboriginal-heritage/first-nations/indian-affairs-annual-reports/Pages/item.aspx?IdNumber=2792,202,
164,1882,,,,Bobtail,,Bear's Hill,Cree,40.0,,45.0,85.0,Hunting deer,http://www.bac-lac.gc.ca/eng/discover/aboriginal-heritage/first-nations/indian-affairs-annual-reports/Pages/item.aspx?IdNumber=2792,202,
165,1882,,,,Chee-poos-ta-quan,,Pigeon Lake,Stoney,100.0,,17.0,117.0,Hunting in mountains,http://www.bac-lac.gc.ca/eng/discover/aboriginal-heritage/first-nations/indian-affairs-annual-reports/Pages/item.aspx?IdNumber=2792,202,
166,1882,,,,Muddy Bull,,Pigeon Lake,Cree,80.0,,,80.0,,http://www.bac-lac.gc.ca/eng/discover/aboriginal-heritage/first-nations/indian-affairs-annual-reports/Pages/item.aspx?IdNumber=2792,202,
167,1882,,,,"Stragglers, Victoria District ",,,,,,21.0,21.0,Working for settlers,http://www.bac-lac.gc.ca/eng/discover/aboriginal-heritage/first-nations/indian-affairs-annual-reports/Pages/item.aspx?IdNumber=2792,202,
168,1882,,,,"Stragglers, Edmonton District",,,,,,421.0,421.0,Working at Big Lake,http://www.bac-lac.gc.ca/eng/discover/aboriginal-heritage/first-nations/indian-affairs-annual-reports/Pages/item.aspx?IdNumber=2792,202,
169,1882,,,7,Sarcee Indians,,"Treaty 7, near Calgary",,423.0,,,423.0,,http://www.bac-lac.gc.ca/eng/discover/aboriginal-heritage/first-nations/indian-affairs-annual-reports/Pages/item.aspx?IdNumber=2792,202,
170,1882,,,7,Stoney Indians,,"Treaty 7, near Morleyville",,629.0,,,629.0,,http://www.bac-lac.gc.ca/eng/discover/aboriginal-heritage/first-nations/indian-affairs-annual-reports/Pages/item.aspx?IdNumber=2792,202,
171,1882,,,7,Blackfeet Indians,,"Treaty 7, Blackfoot Crossing",,2255.0,,,2255.0,,http://www.bac-lac.gc.ca/eng/discover/aboriginal-heritage/first-nations/indian-affairs-annual-reports/Pages/item.aspx?IdNumber=2792,202,
172,1882,,,7,Piegan Indians,,"Treaty 7, south-west of Fort McLeod",,849.0,,,849.0,,http://www.bac-lac.gc.ca/eng/discover/aboriginal-heritage/first-nations/indian-affairs-annual-reports/Pages/item.aspx?IdNumber=2792,202,
173,1882,,,7,Blood Indians,,"Treaty 7, east of Fort McLeod",,3542.0,,,3542.0,,http://www.bac-lac.gc.ca/eng/discover/aboriginal-heritage/first-nations/indian-affairs-annual-reports/Pages/item.aspx?IdNumber=2792,202,
174,1882,,,,Pie-a-pot,,,Cree,,,1200.0,1200.0,In Fort Walsh District,http://www.bac-lac.gc.ca/eng/discover/aboriginal-heritage/first-nations/indian-affairs-annual-reports/Pages/item.aspx?IdNumber=2792,202,"""The bulk of these Indians belong to a chief in the north, but who have temporarily joined these chiefs in order that they may obtain their annulty in the south."""
175,1882,,,,Big Bear,,,Cree,,,400.0,400.0,In Fort Walsh District,http://www.bac-lac.gc.ca/eng/discover/aboriginal-heritage/first-nations/indian-affairs-annual-reports/Pages/item.aspx?IdNumber=2792,202,"""The bulk of these Indians belong to a chief in the north, but who have temporarily joined these chiefs in order that they may obtain their annulty in the south."""
176,1882,,,,Foremost Man,,,Cree,,,600.0,600.0,In Fort Walsh District,http://www.bac-lac.gc.ca/eng/discover/aboriginal-heritage/first-nations/indian-affairs-annual-reports/Pages/item.aspx?IdNumber=2792,202,"""The bulk of these Indians belong to a chief in the north, but who have temporarily joined these chiefs in order that they may obtain their annulty in the south."""
177,1882,,,,Little Pine,,,Cree,,,1000.0,1000.0,In Fort Walsh District,http://www.bac-lac.gc.ca/eng/discover/aboriginal-heritage/first-nations/indian-affairs-annual-reports/Pages/item.aspx?IdNumber=2792,202,"""The bulk of these Indians belong to a chief in the north, but who have temporarily joined these chiefs in order that they may obtain their annulty in the south."""
178,1882,,,,Lucky Man,,,Cree,,,1200.0,1200.0,In Fort Walsh District,http://www.bac-lac.gc.ca/eng/discover/aboriginal-heritage/first-nations/indian-affairs-annual-reports/Pages/item.aspx?IdNumber=2793,203,"""The bulk of these Indians belong to a chief in the north, but who have temporarily joined these chiefs in order that they may obtain their annulty in the south."""
179,1882,,,,The Man that took the coat,,,Stoney,,,278.0,278.0,In Fort Walsh District,http://www.bac-lac.gc.ca/eng/discover/aboriginal-heritage/first-nations/indian-affairs-annual-reports/Pages/item.aspx?IdNumber=2794,203,"""The bulk of these Indians belong to a chief in the north, but who have temporarily joined these chiefs in order that they may obtain their annulty in the south."""
180,1882,,,,Long Lodge,,,Stoney,,,123.0,123.0,In U.S. Territory,http://www.bac-lac.gc.ca/eng/discover/aboriginal-heritage/first-nations/indian-affairs-annual-reports/Pages/item.aspx?IdNumber=2795,203,
181,1882,,,,Duck's Head Nicholas,,,Stoney,,,13.0,13.0,In Fort Walsh District,http://www.bac-lac.gc.ca/eng/discover/aboriginal-heritage/first-nations/indian-affairs-annual-reports/Pages/item.aspx?IdNumber=2796,203,
182,1882,,,Non-Treaty,Bird Tail Creek and Assiniboine River,,,Sioux,500.0,,500.0,1000.0,Absentees hunting in District,http://www.bac-lac.gc.ca/eng/discover/aboriginal-heritage/first-nations/indian-affairs-annual-reports/Pages/item.aspx?IdNumber=2797,203,
183,1882,,,Non-Treaty,Standing Buffalo,,Qu'Appelle,,207.0,,,207.0,,http://www.bac-lac.gc.ca/eng/discover/aboriginal-heritage/first-nations/indian-affairs-annual-reports/Pages/item.aspx?IdNumber=2798,203,
184,1882,,,Non-Treaty,White Cap,,South Branch,,50.0,,200.0,250.0,Absentees working in Prince Albert,http://www.bac-lac.gc.ca/eng/discover/aboriginal-heritage/first-nations/indian-affairs-annual-reports/Pages/item.aspx?IdNumber=2799,203,
185,1882,,,Non-Treaty,Hostile Sioux,,Wood Mountain,,,600.0,,600.0,,http://www.bac-lac.gc.ca/eng/discover/aboriginal-heritage/first-nations/indian-affairs-annual-reports/Pages/item.aspx?IdNumber=2800,203,
186,1883,,,,The Gambler,,Assiniboine River,Salteaux,199.0,,,199.0,,http://www.bac-lac.gc.ca/eng/discover/aboriginal-heritage/first-nations/indian-affairs-annual-reports/Pages/item.aspx?IdNumber=3350,204,
187,1883,,,,Way-way-se-cappo,,Bird Tail Creek,Salteaux,101.0,,,101.0,,http://www.bac-lac.gc.ca/eng/discover/aboriginal-heritage/first-nations/indian-affairs-annual-reports/Pages/item.aspx?IdNumber=3350,204,
188,1883,,,,Kee-see-koo-wenin,,Riding Mountain,Salteaux,112.0,,,112.0,,http://www.bac-lac.gc.ca/eng/discover/aboriginal-heritage/first-nations/indian-affairs-annual-reports/Pages/item.aspx?IdNumber=3350,204,
189,1883,,,,Pheasant Rump,,Moose Mountain,Salteaux,88.0,,15.0,103.0,On plains hunting,http://www.bac-lac.gc.ca/eng/discover/aboriginal-heritage/first-nations/indian-affairs-annual-reports/Pages/item.aspx?IdNumber=3350,204,
190,1883,,,,Red Ears or Ocean Man,,Moose Mountain,Salteaux,118.0,,7.0,125.0,On plains hunting,http://www.bac-lac.gc.ca/eng/discover/aboriginal-heritage/first-nations/indian-affairs-annual-reports/Pages/item.aspx?IdNumber=3350,204,
191,1883,,,,White Bear,,Moose Mountain,Salteaux,139.0,,10.0,149.0,On plains hunting,http://www.bac-lac.gc.ca/eng/discover/aboriginal-heritage/first-nations/indian-affairs-annual-reports/Pages/item.aspx?IdNumber=3350,204,
192,1883,,,,The Key,,Fort Pelly,Salteaux,202.0,,,202.0,,http://www.bac-lac.gc.ca/eng/discover/aboriginal-heritage/first-nations/indian-affairs-annual-reports/Pages/item.aspx?IdNumber=3350,204,
193,1883,,,,Kee-see-koose,,Fort Pelly,Salteaux,163.0,,,163.0,,http://www.bac-lac.gc.ca/eng/discover/aboriginal-heritage/first-nations/indian-affairs-annual-reports/Pages/item.aspx?IdNumber=3350,204,
194,1883,,,,Coté,,Fort Pelly,Salteaux,239.0,,,239.0,,http://www.bac-lac.gc.ca/eng/discover/aboriginal-heritage/first-nations/indian-affairs-annual-reports/Pages/item.aspx?IdNumber=3350,204,
195,1883,,,,South Quill,,Rolling River,Cree,141.0,,4.0,145.0,Away hunting,http://www.bac-lac.gc.ca/eng/discover/aboriginal-heritage/first-nations/indian-affairs-annual-reports/Pages/item.aspx?IdNumber=3350,204,
196,1883,,,,Little Child and Osoup,,Crooked Lakes,Cree,345.0,,2.0,347.0,"1 working on railway, 1 at Turtle Mountain",http://www.bac-lac.gc.ca/eng/discover/aboriginal-heritage/first-nations/indian-affairs-annual-reports/Pages/item.aspx?IdNumber=3350,204,
197,1883,,,,Chac-ka-chas,,Crooked Lakes,Salteaux,107.0,,1.0,108.0,1 on plains,http://www.bac-lac.gc.ca/eng/discover/aboriginal-heritage/first-nations/indian-affairs-annual-reports/Pages/item.aspx?IdNumber=3350,204,
198,1883,,,,Loud Voice (Ka-ke-she-way),,Crooked Lakes,Salteaux,314.0,,,314.0,,http://www.bac-lac.gc.ca/eng/discover/aboriginal-heritage/first-nations/indian-affairs-annual-reports/Pages/item.aspx?IdNumber=3350,204,
199,1883,,,,Mosquito (Sakimay),,Crooked Lakes,Salteaux,136.0,,1.0,137.0,Working on survey party,http://www.bac-lac.gc.ca/eng/discover/aboriginal-heritage/first-nations/indian-affairs-annual-reports/Pages/item.aspx?IdNumber=3350,204,
200,1883,,,,Ka-ke-wis-ta-haw,,Crooked Lakes,Salteaux,274.0,,1.0,275.0,1 on plains,http://www.bac-lac.gc.ca/eng/discover/aboriginal-heritage/first-nations/indian-affairs-annual-reports/Pages/item.aspx?IdNumber=3350,204,
201,1883,,,,Pasquah,,Qu'Appelle,Salteaux,290.0,,,290.0,,http://www.bac-lac.gc.ca/eng/discover/aboriginal-heritage/first-nations/indian-affairs-annual-reports/Pages/item.aspx?IdNumber=3350,204,
202,1883,,,,Mus-kow-pe-tung,,Qu'Appelle,Salteaux,200.0,,,200.0,,http://www.bac-lac.gc.ca/eng/discover/aboriginal-heritage/first-nations/indian-affairs-annual-reports/Pages/item.aspx?IdNumber=3350,204,
203,1883,,,,Little Black Bear,,File Hills,Cree,134.0,,6.0,140.0,On plains,http://www.bac-lac.gc.ca/eng/discover/aboriginal-heritage/first-nations/indian-affairs-annual-reports/Pages/item.aspx?IdNumber=3350,204,
204,1883,,,,Star Blanket,,File Hills,Cree,97.0,,,97.0,,http://www.bac-lac.gc.ca/eng/discover/aboriginal-heritage/first-nations/indian-affairs-annual-reports/Pages/item.aspx?IdNumber=3350,204,
205,1883,,,,O-ka-neese,,File Hills,Cree,80.0,,10.0,90.0,On plains,http://www.bac-lac.gc.ca/eng/discover/aboriginal-heritage/first-nations/indian-affairs-annual-reports/Pages/item.aspx?IdNumber=3350,204,
206,1883,,,,Pee-pee-kee-sis,,File Hills,Cree,131.0,,3.0,134.0,On plains,http://www.bac-lac.gc.ca/eng/discover/aboriginal-heritage/first-nations/indian-affairs-annual-reports/Pages/item.aspx?IdNumber=3350,204,
207,1883,,,,Day Star,,Touchwood Hills,Cree,101.0,,,101.0,,http://www.bac-lac.gc.ca/eng/discover/aboriginal-heritage/first-nations/indian-affairs-annual-reports/Pages/item.aspx?IdNumber=3350,204,
208,1883,,,,Poor Man (Ka-wa-ka-toose),,Touchwood Hills,Cree,150.0,,,150.0,,http://www.bac-lac.gc.ca/eng/discover/aboriginal-heritage/first-nations/indian-affairs-annual-reports/Pages/item.aspx?IdNumber=3350,204,
209,1883,,,,Gordon,,Touchwood Hills,Cree,211.0,,,211.0,,http://www.bac-lac.gc.ca/eng/discover/aboriginal-heritage/first-nations/indian-affairs-annual-reports/Pages/item.aspx?IdNumber=3350,204,
210,1883,,,,Hard Quill (Mus-kow-e-quan),,Touchwood Hills,Cree,233.0,,,233.0,,http://www.bac-lac.gc.ca/eng/discover/aboriginal-heritage/first-nations/indian-affairs-annual-reports/Pages/item.aspx?IdNumber=3350,204,
211,1883,,,,Yellow Quill,,Nut Lake,Cree,296.0,,2.0,298.0,Hunting at Duck Lake,http://www.bac-lac.gc.ca/eng/discover/aboriginal-heritage/first-nations/indian-affairs-annual-reports/Pages/item.aspx?IdNumber=3350,204,
212,1883,,,,Ouchaness (Little Bone),,Leech Lake,Cree,73.0,,,73.0,,http://www.bac-lac.gc.ca/eng/discover/aboriginal-heritage/first-nations/indian-affairs-annual-reports/Pages/item.aspx?IdNumber=3350,204,
213,1883,,,,Pia-pot,,Indian Head,Cree,582.0,,,582.0,,http://www.bac-lac.gc.ca/eng/discover/aboriginal-heritage/first-nations/indian-affairs-annual-reports/Pages/item.aspx?IdNumber=3350,204,
214,1883,,,,The-Man-who-took-the-Coat,,Indian Head,Assiniboine,277.0,,13.0,290.0,"8 at Milk River, 4 south of line, 1 on plains",http://www.bac-lac.gc.ca/eng/discover/aboriginal-heritage/first-nations/indian-affairs-annual-reports/Pages/item.aspx?IdNumber=3350,204,
215,1883,,,,Long Lodge,,Indian Head,Assiniboine,86.0,,7.0,93.0,At Milk River,http://www.bac-lac.gc.ca/eng/discover/aboriginal-heritage/first-nations/indian-affairs-annual-reports/Pages/item.aspx?IdNumber=3350,204,
216,1883,,,,Foremost Man,,,Cree,,,350.0,350.0,On the plains,http://www.bac-lac.gc.ca/eng/discover/aboriginal-heritage/first-nations/indian-affairs-annual-reports/Pages/item.aspx?IdNumber=3350,204,
217,1883,,,,Petequakey,,Muskeg Lake,Cree,165.0,,,165.0,,http://www.bac-lac.gc.ca/eng/discover/aboriginal-heritage/first-nations/indian-affairs-annual-reports/Pages/item.aspx?IdNumber=3350,204,
218,1883,,,,Cha-kas-ta-pay-sin,,South Branch,Cree,79.0,,,79.0,,http://www.bac-lac.gc.ca/eng/discover/aboriginal-heritage/first-nations/indian-affairs-annual-reports/Pages/item.aspx?IdNumber=3350,204,
219,1883,,,,Ah-tah-kah-koop,,Snake Plains,Cree,192.0,,,192.0,,http://www.bac-lac.gc.ca/eng/discover/aboriginal-heritage/first-nations/indian-affairs-annual-reports/Pages/item.aspx?IdNumber=3350,204,
220,1883,,,,John Smith,,South Branch,Salteaux,194.0,,,194.0,,http://www.bac-lac.gc.ca/eng/discover/aboriginal-heritage/first-nations/indian-affairs-annual-reports/Pages/item.aspx?IdNumber=3350,204,
221,1883,,,,Mis-ta-wa-sis,,Snake Plains,Cree,226.0,,,226.0,,http://www.bac-lac.gc.ca/eng/discover/aboriginal-heritage/first-nations/indian-affairs-annual-reports/Pages/item.aspx?IdNumber=3350,204,
222,1883,,,,Beardy,,Duck Lake,Cree,153.0,,12.0,165.0,On the plains,http://www.bac-lac.gc.ca/eng/discover/aboriginal-heritage/first-nations/indian-affairs-annual-reports/Pages/item.aspx?IdNumber=3350,204,
223,1883,,,,One Arrow,,South Branch,Cree,127.0,,,127.0,,http://www.bac-lac.gc.ca/eng/discover/aboriginal-heritage/first-nations/indian-affairs-annual-reports/Pages/item.aspx?IdNumber=3350,204,
224,1883,,,,Saswaypew (Okemases),,Duck Lake,Cree,113.0,,,113.0,,http://www.bac-lac.gc.ca/eng/discover/aboriginal-heritage/first-nations/indian-affairs-annual-reports/Pages/item.aspx?IdNumber=3350,204,
225,1883,,,,William Twatt,,Sturgeon Lake,Cree,141.0,,5.0,146.0,On the plains,http://www.bac-lac.gc.ca/eng/discover/aboriginal-heritage/first-nations/indian-affairs-annual-reports/Pages/item.aspx?IdNumber=3350,204,
226,1883,,,,James Smith,,Fort à la Corne,Cree,141.0,,,141.0,,http://www.bac-lac.gc.ca/eng/discover/aboriginal-heritage/first-nations/indian-affairs-annual-reports/Pages/item.aspx?IdNumber=3350,204,
227,1883,,,,Kenne-mo-tays,,Green Lake,Cree,99.0,,,99.0,,http://www.bac-lac.gc.ca/eng/discover/aboriginal-heritage/first-nations/indian-affairs-annual-reports/Pages/item.aspx?IdNumber=3350,204,
228,1883,,,,Ko-pah-a-wek-ee-muss,,Green Lake,Cree,52.0,,,52.0,,http://www.bac-lac.gc.ca/eng/discover/aboriginal-heritage/first-nations/indian-affairs-annual-reports/Pages/item.aspx?IdNumber=3350,204,
229,1883,,,,"Stragglers, Carlton District",,,,,,109.0,109.0,Most of these Stragglers are being attached to bands on Reserves,http://www.bac-lac.gc.ca/eng/discover/aboriginal-heritage/first-nations/indian-affairs-annual-reports/Pages/item.aspx?IdNumber=3350,204,
230,1883,,,,Red Pheasant,,Eagle Hills,Cree,145.0,,,145.0,,http://www.bac-lac.gc.ca/eng/discover/aboriginal-heritage/first-nations/indian-affairs-annual-reports/Pages/item.aspx?IdNumber=3350,204,
231,1883,,,,Mosquito,,Eagle Hills,Assiniboine,126.0,,3.0,129.0,Near Forks of Red Deer River,http://www.bac-lac.gc.ca/eng/discover/aboriginal-heritage/first-nations/indian-affairs-annual-reports/Pages/item.aspx?IdNumber=3350,204,
232,1883,,,,Bear's Head,,Eagle Hills,Assiniboine,127.0,,7.0,134.0,Near Forks of Red Deer River,http://www.bac-lac.gc.ca/eng/discover/aboriginal-heritage/first-nations/indian-affairs-annual-reports/Pages/item.aspx?IdNumber=3350,204,
233,1883,,,,Lean Man,,Eagle Hills,Assiniboine,47.0,,,47.0,,http://www.bac-lac.gc.ca/eng/discover/aboriginal-heritage/first-nations/indian-affairs-annual-reports/Pages/item.aspx?IdNumber=3350,204,
234,1883,,,,Poundmaker,,Battle River,Cree,156.0,,8.0,164.0,On the plains,http://www.bac-lac.gc.ca/eng/discover/aboriginal-heritage/first-nations/indian-affairs-annual-reports/Pages/item.aspx?IdNumber=3350,204,
235,1883,,,,Strike-him-on-the-back,,Battle River,Cree,225.0,,10.0,235.0,On the plains,http://www.bac-lac.gc.ca/eng/discover/aboriginal-heritage/first-nations/indian-affairs-annual-reports/Pages/item.aspx?IdNumber=3350,205,
236,1883,,,,Moosoomin (Yellow Sky),,Jack Fish Creek,Cree,101.0,,,101.0,,http://www.bac-lac.gc.ca/eng/discover/aboriginal-heritage/first-nations/indian-affairs-annual-reports/Pages/item.aspx?IdNumber=3350,205,
237,1883,,,,Na-pa-has,,Jack Fish Creek,Cree,82.0,,2.0,84.0,On the plains,http://www.bac-lac.gc.ca/eng/discover/aboriginal-heritage/first-nations/indian-affairs-annual-reports/Pages/item.aspx?IdNumber=3350,205,
238,1883,,,,Thunder Companion,,Onion Lake,Cree,6.0,,,6.0,,http://www.bac-lac.gc.ca/eng/discover/aboriginal-heritage/first-nations/indian-affairs-annual-reports/Pages/item.aspx?IdNumber=3350,205,
239,1883,,,,Thunder Child,,Jack Fish Creek,Cree,78.0,,,78.0,,http://www.bac-lac.gc.ca/eng/discover/aboriginal-heritage/first-nations/indian-affairs-annual-reports/Pages/item.aspx?IdNumber=3350,205,
240,1883,,,,Young Chippeweyan,,Jack Fish Creek,Cree,17.0,,,17.0,,http://www.bac-lac.gc.ca/eng/discover/aboriginal-heritage/first-nations/indian-affairs-annual-reports/Pages/item.aspx?IdNumber=3350,205,
241,1883,,,,See-kas-kootch,,Onion Lake,Cree,168.0,,,168.0,,http://www.bac-lac.gc.ca/eng/discover/aboriginal-heritage/first-nations/indian-affairs-annual-reports/Pages/item.aspx?IdNumber=3350,205,
242,1883,,,,Pay-moo-tay-ah-soo,,Onion Lake,Cree,16.0,,,16.0,,http://www.bac-lac.gc.ca/eng/discover/aboriginal-heritage/first-nations/indian-affairs-annual-reports/Pages/item.aspx?IdNumber=3350,205,
243,1883,,,,Young Sweet Grass,,Onion Lake,Cree,17.0,,,17.0,,http://www.bac-lac.gc.ca/eng/discover/aboriginal-heritage/first-nations/indian-affairs-annual-reports/Pages/item.aspx?IdNumber=3350,205,
244,1883,,,,Weemisticooseawasis,,Stony Lake,Cree,75.0,,1.0,76.0,On the plains,http://www.bac-lac.gc.ca/eng/discover/aboriginal-heritage/first-nations/indian-affairs-annual-reports/Pages/item.aspx?IdNumber=3350,205,
245,1883,,,,O-nee-pow-hay-o,,Frog Lake,Cree,73.0,,,73.0,,http://www.bac-lac.gc.ca/eng/discover/aboriginal-heritage/first-nations/indian-affairs-annual-reports/Pages/item.aspx?IdNumber=3350,205,
246,1883,,,,Pus-keah-ke-win,,Frog Lake,Cree,37.0,,4.0,41.0,On the plains,http://www.bac-lac.gc.ca/eng/discover/aboriginal-heritage/first-nations/indian-affairs-annual-reports/Pages/item.aspx?IdNumber=3350,205,
247,1883,,,,Kee-hee-win,,Long Lake,Cree,149.0,,18.0,167.0,On the plains,http://www.bac-lac.gc.ca/eng/discover/aboriginal-heritage/first-nations/indian-affairs-annual-reports/Pages/item.aspx?IdNumber=3350,205,
248,1883,,,,Big Bear,,,Cree,358.0,,,358.0,"Actual selection of Reserve not yet made, but will settle near Ft. Pitt",http://www.bac-lac.gc.ca/eng/discover/aboriginal-heritage/first-nations/indian-affairs-annual-reports/Pages/item.aspx?IdNumber=3350,205,
249,1883,,,,Kin-oo-sayo,,Cold Lake,Chippeweyan,113.0,,2.0,115.0,at Hart Lake,http://www.bac-lac.gc.ca/eng/discover/aboriginal-heritage/first-nations/indian-affairs-annual-reports/Pages/item.aspx?IdNumber=3352,206,
250,1883,,,,Little Pine,,,Cree,421.0,,,421.0,"These Indians are at Battleford and not actually on the land selected by them, but are to move on to it so soon as the warm weather of spring will permit",http://www.bac-lac.gc.ca/eng/discover/aboriginal-heritage/first-nations/indian-affairs-annual-reports/Pages/item.aspx?IdNumber=3352,206,
251,1883,,,,Lucky Man,,,Cree,366.0,,,366.0,"These Indians may be considered as virtually settled, as they are being kept working in neighbourhood of Battleford prior to moving to Reserve, being adjacent",http://www.bac-lac.gc.ca/eng/discover/aboriginal-heritage/first-nations/indian-affairs-annual-reports/Pages/item.aspx?IdNumber=3352,206,
252,1883,,,,"Stragglers, Battleford District",,,,,,543.0,543.0,"Although placed as Stragglers, most of these Indians are being allotted to bands in the district and can hardly be considered as such.",http://www.bac-lac.gc.ca/eng/discover/aboriginal-heritage/first-nations/indian-affairs-annual-reports/Pages/item.aspx?IdNumber=3352,206,
253,1883,,,,Tommy le Potac,,Stony Plain,,212.0,,2.0,214.0,At Victoria,http://www.bac-lac.gc.ca/eng/discover/aboriginal-heritage/first-nations/indian-affairs-annual-reports/Pages/item.aspx?IdNumber=3352,206,
254,1883,,,,Pas-pas-chase,,Edmonton,,188.0,,,188.0,,http://www.bac-lac.gc.ca/eng/discover/aboriginal-heritage/first-nations/indian-affairs-annual-reports/Pages/item.aspx?IdNumber=3352,206,
255,1883,,,,Beaver Hill Indians,,Two Hills,,8.0,,,8.0,,http://www.bac-lac.gc.ca/eng/discover/aboriginal-heritage/first-nations/indian-affairs-annual-reports/Pages/item.aspx?IdNumber=3352,206,
256,1883,,,,Chepoostaquahn,,Pigeon Lake,Assiniboine,164.0,,,164.0,,http://www.bac-lac.gc.ca/eng/discover/aboriginal-heritage/first-nations/indian-affairs-annual-reports/Pages/item.aspx?IdNumber=3352,206,
257,1883,,,,Muddy Bull,,Pigeon Lake,Cree,88.0,,,88.0,,http://www.bac-lac.gc.ca/eng/discover/aboriginal-heritage/first-nations/indian-affairs-annual-reports/Pages/item.aspx?IdNumber=3352,206,
258,1883,,,,Bobtail,,Bear's Hill,Cree,114.0,,,114.0,,http://www.bac-lac.gc.ca/eng/discover/aboriginal-heritage/first-nations/indian-affairs-annual-reports/Pages/item.aspx?IdNumber=3352,206,
259,1883,,,,Ermine Skin,,Bear's Hill,Cree,118.0,,,118.0,,http://www.bac-lac.gc.ca/eng/discover/aboriginal-heritage/first-nations/indian-affairs-annual-reports/Pages/item.aspx?IdNumber=3352,206,
260,1883,,,,Sampson,,Bear's Hill,Cree,294.0,,,294.0,,http://www.bac-lac.gc.ca/eng/discover/aboriginal-heritage/first-nations/indian-affairs-annual-reports/Pages/item.aspx?IdNumber=3352,206,
261,1883,,,,Alexander,,Lac la Nonne,Assiniboine,189.0,,,189.0,,http://www.bac-lac.gc.ca/eng/discover/aboriginal-heritage/first-nations/indian-affairs-annual-reports/Pages/item.aspx?IdNumber=3352,206,
262,1883,,,,Alexis,,Stony Lake,Assiniboine,205.0,,,205.0,,http://www.bac-lac.gc.ca/eng/discover/aboriginal-heritage/first-nations/indian-affairs-annual-reports/Pages/item.aspx?IdNumber=3352,206,
263,1883,,,,Michel,,Sturgeon River,Assiniboine,164.0,,,164.0,,http://www.bac-lac.gc.ca/eng/discover/aboriginal-heritage/first-nations/indian-affairs-annual-reports/Pages/item.aspx?IdNumber=3352,206,
264,1883,,,,Orphans of St. Albert's,,,,155.0,,,155.0,,http://www.bac-lac.gc.ca/eng/discover/aboriginal-heritage/first-nations/indian-affairs-annual-reports/Pages/item.aspx?IdNumber=3352,206,
265,1883,,,,Muskegawatie,,Victoria,,78.0,,,78.0,,http://www.bac-lac.gc.ca/eng/discover/aboriginal-heritage/first-nations/indian-affairs-annual-reports/Pages/item.aspx?IdNumber=3352,206,
266,1883,,,,Blue Quill,,Victoria,,65.0,,,65.0,,http://www.bac-lac.gc.ca/eng/discover/aboriginal-heritage/first-nations/indian-affairs-annual-reports/Pages/item.aspx?IdNumber=3352,206,
267,1883,,,,Ka-kee-kee (Little Hunter),,Saddle Lake,,99.0,,,99.0,,http://www.bac-lac.gc.ca/eng/discover/aboriginal-heritage/first-nations/indian-affairs-annual-reports/Pages/item.aspx?IdNumber=3352,206,
268,1883,,,,James Seenum,,Whitefish Lake,Cree,340.0,,,340.0,,http://www.bac-lac.gc.ca/eng/discover/aboriginal-heritage/first-nations/indian-affairs-annual-reports/Pages/item.aspx?IdNumber=3352,206,
269,1883,,,,Peeyasees,,Lac la Biche,Cree,176.0,,,176.0,,http://www.bac-lac.gc.ca/eng/discover/aboriginal-heritage/first-nations/indian-affairs-annual-reports/Pages/item.aspx?IdNumber=3352,206,
270,1883,,,,Ka-qua-num,,Lac la Biche,,160.0,,,160.0,,http://www.bac-lac.gc.ca/eng/discover/aboriginal-heritage/first-nations/indian-affairs-annual-reports/Pages/item.aspx?IdNumber=3352,206,
271,1883,,,,Chippeweyans,,Hart's Lake,Cree,79.0,,,79.0,,http://www.bac-lac.gc.ca/eng/discover/aboriginal-heritage/first-nations/indian-affairs-annual-reports/Pages/item.aspx?IdNumber=3352,206,
272,1883,,,,"Stragglers, Edmonton District",,,,,,149.0,149.0,,http://www.bac-lac.gc.ca/eng/discover/aboriginal-heritage/first-nations/indian-affairs-annual-reports/Pages/item.aspx?IdNumber=3352,206,
273,1883,,,,Sarcee Indians,,Near Calgary,,436.0,,,436.0,,http://www.bac-lac.gc.ca/eng/discover/aboriginal-heritage/first-nations/indian-affairs-annual-reports/Pages/item.aspx?IdNumber=3352,206,
274,1883,,,,Stoney Indians,,Near Morleyville,,597.0,,,597.0,,http://www.bac-lac.gc.ca/eng/discover/aboriginal-heritage/first-nations/indian-affairs-annual-reports/Pages/item.aspx?IdNumber=3352,206,
275,1883,,,,Blackfeet Indians,,Blackfoot Crossing,,2158.0,,,2158.0,,http://www.bac-lac.gc.ca/eng/discover/aboriginal-heritage/first-nations/indian-affairs-annual-reports/Pages/item.aspx?IdNumber=3352,206,
276,1883,,,,Piegan Indians,,Near Ft. Macleod,,893.0,,,893.0,,http://www.bac-lac.gc.ca/eng/discover/aboriginal-heritage/first-nations/indian-affairs-annual-reports/Pages/item.aspx?IdNumber=3352,206,
277,1883,,,,Blood Indians,,Near Ft. Macleod,,2589.0,,,2589.0,,http://www.bac-lac.gc.ca/eng/discover/aboriginal-heritage/first-nations/indian-affairs-annual-reports/Pages/item.aspx?IdNumber=3352,206,
278,1883,,,Non-Treaty,Bird Tail Creek and Assiniboine Indians,,,Sioux,780.0,,,780.0,Many of these Indians constantly work with settlers in neighbourhood,http://www.bac-lac.gc.ca/eng/discover/aboriginal-heritage/first-nations/indian-affairs-annual-reports/Pages/item.aspx?IdNumber=3352,206,
279,1883,,,Non-Treaty,Standing Buffalo,,,Sioux,247.0,,,247.0,Many of these Indians constantly work with settlers in neighbourhood,http://www.bac-lac.gc.ca/eng/discover/aboriginal-heritage/first-nations/indian-affairs-annual-reports/Pages/item.aspx?IdNumber=3352,206,
280,1883,,,Non-Treaty,White Cap,,,Sioux,250.0,,,250.0,When absent from Reserve are generally working at Prince Albert,http://www.bac-lac.gc.ca/eng/discover/aboriginal-heritage/first-nations/indian-affairs-annual-reports/Pages/item.aspx?IdNumber=3352,206,
281,1884,,Indian Head,4,Day Star,,Touchwood Hills,Cree,97.0,,,97.0,,http://www.bac-lac.gc.ca/eng/discover/aboriginal-heritage/first-nations/indian-affairs-annual-reports/Pages/item.aspx?IdNumber=3830,205,
282,1884,,Indian Head,4,Museowequahn,,Touchwood Hills,Cree,269.0,,,269.0,,http://www.bac-lac.gc.ca/eng/discover/aboriginal-heritage/first-nations/indian-affairs-annual-reports/Pages/item.aspx?IdNumber=3831,205,
283,1884,,Indian Head,4,Kawakatoose,,Touchwood Hills,Cree,160.0,,,160.0,,http://www.bac-lac.gc.ca/eng/discover/aboriginal-heritage/first-nations/indian-affairs-annual-reports/Pages/item.aspx?IdNumber=3832,205,
284,1884,,Indian Head,4,Gordon George,,Touchwood Hills,Cree,229.0,,,229.0,,http://www.bac-lac.gc.ca/eng/discover/aboriginal-heritage/first-nations/indian-affairs-annual-reports/Pages/item.aspx?IdNumber=3833,205,
285,1884,,Indian Head,4,Yellow Quill,,Touchwood Hills,Cree,283.0,,1.0,284.0,1 gone to Saulteux,http://www.bac-lac.gc.ca/eng/discover/aboriginal-heritage/first-nations/indian-affairs-annual-reports/Pages/item.aspx?IdNumber=3834,205,
286,1884,,Indian Head,4,Little Black Bear,,File Hills,Cree,141.0,,1.0,142.0,1 absent (not stated where),http://www.bac-lac.gc.ca/eng/discover/aboriginal-heritage/first-nations/indian-affairs-annual-reports/Pages/item.aspx?IdNumber=3835,205,
287,1884,,Indian Head,4,O-ka-neese,,File Hills,Cree,82.0,,,82.0,,http://www.bac-lac.gc.ca/eng/discover/aboriginal-heritage/first-nations/indian-affairs-annual-reports/Pages/item.aspx?IdNumber=3836,205,
288,1884,,Indian Head,4,Star Blanket,,File Hills,Cree,111.0,,,111.0,,http://www.bac-lac.gc.ca/eng/discover/aboriginal-heritage/first-nations/indian-affairs-annual-reports/Pages/item.aspx?IdNumber=3837,205,
289,1884,,Indian Head,4,Pee-pee-kee-sis,,File Hills,Cree,142.0,,,142.0,,http://www.bac-lac.gc.ca/eng/discover/aboriginal-heritage/first-nations/indian-affairs-annual-reports/Pages/item.aspx?IdNumber=3838,205,
290,1884,,Indian Head,4,Co-we-sess,,Crooked Lakes,Cree,285.0,,5.0,290.0,"2 gone west, 1 on plains, 1 prisoner, 1 away (not stated where)",http://www.bac-lac.gc.ca/eng/discover/aboriginal-heritage/first-nations/indian-affairs-annual-reports/Pages/item.aspx?IdNumber=3839,205,
291,1884,,Indian Head,4,Sakimay,,Crooked Lakes,Saulteux,138.0,,4.0,142.0,"3 west, 1 on plains",http://www.bac-lac.gc.ca/eng/discover/aboriginal-heritage/first-nations/indian-affairs-annual-reports/Pages/item.aspx?IdNumber=3840,205,
292,1884,,Indian Head,4,Kah-kee-wis-ta-haw,,Crooked Lakes,Saulteux,245.0,,3.0,248.0,"1 west, 1 away (not stated where), 1 Moose Mountain",http://www.bac-lac.gc.ca/eng/discover/aboriginal-heritage/first-nations/indian-affairs-annual-reports/Pages/item.aspx?IdNumber=3841,205,
293,1884,,Indian Head,4,Kah-ke-she-way and Loud Voice,,Crooked Lakes,Saulteux,363.0,,6.0,369.0,"4 away (not stated where), 1 in service, 1 at Regina",http://www.bac-lac.gc.ca/eng/discover/aboriginal-heritage/first-nations/indian-affairs-annual-reports/Pages/item.aspx?IdNumber=3842,205,
294,1884,,Indian Head,4,Pi-a-pot,,Indian Head,Cree,550.0,,15.0,565.0,"6 gone west, 1 Carleton, 3 Crooked Lakes, 3 Regina, 2 away (not stated where)",http://www.bac-lac.gc.ca/eng/discover/aboriginal-heritage/first-nations/indian-affairs-annual-reports/Pages/item.aspx?IdNumber=3843,205,
295,1884,,Indian Head,4,Mus-cow-pe-tung,,Qu'Appelle,Saulteux,182.0,,10.0,192.0,"2 gone north, 1 Crooked Lakes, 7 Turtle Mountain",http://www.bac-lac.gc.ca/eng/discover/aboriginal-heritage/first-nations/indian-affairs-annual-reports/Pages/item.aspx?IdNumber=3844,205,
296,1884,,Indian Head,4,Pasquah,,Qu'Appelle,Saulteux,273.0,,,273.0,,http://www.bac-lac.gc.ca/eng/discover/aboriginal-heritage/first-nations/indian-affairs-annual-reports/Pages/item.aspx?IdNumber=3845,205,
297,1884,,Indian Head,4,Man-who-took-the-coat,,Indian Head,Assiniboine,251.0,,,251.0,,http://www.bac-lac.gc.ca/eng/discover/aboriginal-heritage/first-nations/indian-affairs-annual-reports/Pages/item.aspx?IdNumber=3846,205,
298,1884,,Indian Head,4,Long Lodge,,Indian Head,Assiniboine,88.0,,,88.0,,http://www.bac-lac.gc.ca/eng/discover/aboriginal-heritage/first-nations/indian-affairs-annual-reports/Pages/item.aspx?IdNumber=3847,205,
299,1884,,Indian Head,4,Ouchaness,,Crescent Lake,Cree,67.0,,,67.0,,http://www.bac-lac.gc.ca/eng/discover/aboriginal-heritage/first-nations/indian-affairs-annual-reports/Pages/item.aspx?IdNumber=3848,205,
300,1884,,Indian Head,4,Stragglers,,Indian Head,Cree & Saulteux,59.0,,,59.0,,http://www.bac-lac.gc.ca/eng/discover/aboriginal-heritage/first-nations/indian-affairs-annual-reports/Pages/item.aspx?IdNumber=3849,205,
301,1884,,Indian Head,4,Foremost Man,,,Cree,,,250.0,250.0,At Cypress Hills,http://www.bac-lac.gc.ca/eng/discover/aboriginal-heritage/first-nations/indian-affairs-annual-reports/Pages/item.aspx?IdNumber=3850,205,
302,1884,,Indian Head,4,Stragglers,,,Cree & Saulteux,,,200.0,200.0,Along line of C.P.R.,http://www.bac-lac.gc.ca/eng/discover/aboriginal-heritage/first-nations/indian-affairs-annual-reports/Pages/item.aspx?IdNumber=3851,205,
303,1884,,Indian Head,4,Stragglers,,,Saulteux,,,30.0,30.0,In Edmonton District,http://www.bac-lac.gc.ca/eng/discover/aboriginal-heritage/first-nations/indian-affairs-annual-reports/Pages/item.aspx?IdNumber=3852,205,
304,1884,,Fort Ellice,4,Coté,,Fort Pelly,Saulteux,260.0,,,260.0,,http://www.bac-lac.gc.ca/eng/discover/aboriginal-heritage/first-nations/indian-affairs-annual-reports/Pages/item.aspx?IdNumber=3853,205,
305,1884,,Fort Ellice,4,Kee-see-koose,,Fort Pelly,Saulteux,177.0,,1.0,178.0,1 away (not stated where),http://www.bac-lac.gc.ca/eng/discover/aboriginal-heritage/first-nations/indian-affairs-annual-reports/Pages/item.aspx?IdNumber=3854,205,
306,1884,,Fort Ellice,4,The Key,,Fort Pelly,Saulteux,77.0,,,77.0,,http://www.bac-lac.gc.ca/eng/discover/aboriginal-heritage/first-nations/indian-affairs-annual-reports/Pages/item.aspx?IdNumber=3855,205,
307,1884,,Fort Ellice,4,The Gambler,,Assiniboine River,Saulteux,206.0,,2.0,208.0,"1 away (not stated where), 1 in penitentiary",http://www.bac-lac.gc.ca/eng/discover/aboriginal-heritage/first-nations/indian-affairs-annual-reports/Pages/item.aspx?IdNumber=3856,205,
308,1884,,Fort Ellice,4,Way-way-se-cappo,,Bird Tail Creek,Saulteux,119.0,,,119.0,,http://www.bac-lac.gc.ca/eng/discover/aboriginal-heritage/first-nations/indian-affairs-annual-reports/Pages/item.aspx?IdNumber=3857,205,
309,1884,,Fort Ellice,4,Pheasant Rump,,Moose Mountain,Saulteux,93.0,,2.0,95.0,"1 away (not stated where), 1 in Missouri",http://www.bac-lac.gc.ca/eng/discover/aboriginal-heritage/first-nations/indian-affairs-annual-reports/Pages/item.aspx?IdNumber=3858,205,
310,1884,,Fort Ellice,4,Ocean Man,,Moose Mountain,Saulteux,112.0,,3.0,115.0,"1 on plains, 2 at Qu'Appelle",http://www.bac-lac.gc.ca/eng/discover/aboriginal-heritage/first-nations/indian-affairs-annual-reports/Pages/item.aspx?IdNumber=3859,205,
311,1884,,Fort Ellice,4,White Bear,,Moose Mountain,Saulteux,143.0,,,143.0,,http://www.bac-lac.gc.ca/eng/discover/aboriginal-heritage/first-nations/indian-affairs-annual-reports/Pages/item.aspx?IdNumber=3860,205,
312,1884,,Fort Pitt,6,Big Bear,,Long Lake,Cree,494.0,,26.0,520.0,"15 at Battleford, 8 at Peace Hills, 1 at Turtle Lake, 1 at White Lake, 1 in prison. Reserve not definitely located",http://www.bac-lac.gc.ca/eng/discover/aboriginal-heritage/first-nations/indian-affairs-annual-reports/Pages/item.aspx?IdNumber=3832,206,
313,1884,,Fort Pitt,6,See-kas-kootch,,Onion Lake,Cree,170.0,,6.0,176.0,"3 away (not stated where), 1 at Battleford",http://www.bac-lac.gc.ca/eng/discover/aboriginal-heritage/first-nations/indian-affairs-annual-reports/Pages/item.aspx?IdNumber=3833,206,
314,1884,,Fort Pitt,6,Pay-moo-tay-ah-soo,,Onion Lake,Cree,28.0,,,28.0,,http://www.bac-lac.gc.ca/eng/discover/aboriginal-heritage/first-nations/indian-affairs-annual-reports/Pages/item.aspx?IdNumber=3834,206,
315,1884,,Fort Pitt,6,Sweet Grass,,Onion Lake,Cree,18.0,,,18.0,,http://www.bac-lac.gc.ca/eng/discover/aboriginal-heritage/first-nations/indian-affairs-annual-reports/Pages/item.aspx?IdNumber=3835,206,
316,1884,,Fort Pitt,6,Thunder Companion,,Onion Lake,Cree,5.0,,,5.0,,http://www.bac-lac.gc.ca/eng/discover/aboriginal-heritage/first-nations/indian-affairs-annual-reports/Pages/item.aspx?IdNumber=3836,206,
317,1884,,Fort Pitt,6,Weemisticooseahwasis,,Frog Lake,Cree,113.0,,,113.0,,http://www.bac-lac.gc.ca/eng/discover/aboriginal-heritage/first-nations/indian-affairs-annual-reports/Pages/item.aspx?IdNumber=3837,206,
318,1884,,Fort Pitt,6,O-ne-pow-hay,,Frog Lake,Cree,66.0,,7.0,73.0,"3 at Battleford, 3 at Island Lake",http://www.bac-lac.gc.ca/eng/discover/aboriginal-heritage/first-nations/indian-affairs-annual-reports/Pages/item.aspx?IdNumber=3838,206,
319,1884,,Fort Pitt,6,Pus-keah-ke-win,,Frog Lake,Cree,31.0,,,31.0,,http://www.bac-lac.gc.ca/eng/discover/aboriginal-heritage/first-nations/indian-affairs-annual-reports/Pages/item.aspx?IdNumber=3839,206,
320,1884,,Fort Pitt,6,Kee-hee-win,,Long Lake,Cree,145.0,,1.0,146.0,1 at Battleford,http://www.bac-lac.gc.ca/eng/discover/aboriginal-heritage/first-nations/indian-affairs-annual-reports/Pages/item.aspx?IdNumber=3840,206,
321,1884,,Fort Pitt,6,Chipewayan,,Cold Lake,Chippewa,120.0,,,120.0,,http://www.bac-lac.gc.ca/eng/discover/aboriginal-heritage/first-nations/indian-affairs-annual-reports/Pages/item.aspx?IdNumber=3841,206,
322,1884,,Edmonton,6,Muskegawatie,,Victoria,Cree,78.0,,,78.0,,http://www.bac-lac.gc.ca/eng/discover/aboriginal-heritage/first-nations/indian-affairs-annual-reports/Pages/item.aspx?IdNumber=3842,206,
323,1884,,Edmonton,6,Blue Quill,,Victoria,Cree,65.0,,,65.0,,http://www.bac-lac.gc.ca/eng/discover/aboriginal-heritage/first-nations/indian-affairs-annual-reports/Pages/item.aspx?IdNumber=3843,206,
324,1884,,Edmonton,6,Little Hunter,,Saddle Lake,Cree,99.0,,,99.0,,http://www.bac-lac.gc.ca/eng/discover/aboriginal-heritage/first-nations/indian-affairs-annual-reports/Pages/item.aspx?IdNumber=3844,206,
325,1884,,Edmonton,6,Jas. Seenum,,Whitefish,Cree,340.0,,,340.0,,http://www.bac-lac.gc.ca/eng/discover/aboriginal-heritage/first-nations/indian-affairs-annual-reports/Pages/item.aspx?IdNumber=3845,206,
326,1884,,Edmonton,6,Peegasees,,Lac la Biche,Cree,176.0,,,176.0,,http://www.bac-lac.gc.ca/eng/discover/aboriginal-heritage/first-nations/indian-affairs-annual-reports/Pages/item.aspx?IdNumber=3846,206,
327,1884,,Edmonton,6,Ka-qua-num,,Beaver Lake,Assiniboine,160.0,,,160.0,,http://www.bac-lac.gc.ca/eng/discover/aboriginal-heritage/first-nations/indian-affairs-annual-reports/Pages/item.aspx?IdNumber=3847,206,
328,1884,,Edmonton,6,Antoine (Chipewayan),,Harts' Lake,Cree,79.0,,,79.0,,http://www.bac-lac.gc.ca/eng/discover/aboriginal-heritage/first-nations/indian-affairs-annual-reports/Pages/item.aspx?IdNumber=3848,206,
329,1884,,Edmonton,6,Tommy La Potae,,Stoney Plain,Cree,212.0,,2.0,214.0,2 at Victoria,http://www.bac-lac.gc.ca/eng/discover/aboriginal-heritage/first-nations/indian-affairs-annual-reports/Pages/item.aspx?IdNumber=3849,206,
330,1884,,Edmonton,6,Alexander,,Lac la Nonne,Assiniboine,189.0,,,189.0,,http://www.bac-lac.gc.ca/eng/discover/aboriginal-heritage/first-nations/indian-affairs-annual-reports/Pages/item.aspx?IdNumber=3850,206,
331,1884,,Edmonton,6,Michel,,Sturgeon River,Assiniboine,164.0,,,164.0,,http://www.bac-lac.gc.ca/eng/discover/aboriginal-heritage/first-nations/indian-affairs-annual-reports/Pages/item.aspx?IdNumber=3851,206,
332,1884,,Edmonton,6,Alexis,,Stoney Lake,Assiniboine,205.0,,,205.0,,http://www.bac-lac.gc.ca/eng/discover/aboriginal-heritage/first-nations/indian-affairs-annual-reports/Pages/item.aspx?IdNumber=3852,206,
333,1884,,Edmonton,6,Stragglers,,,,149.0,,,149.0,,http://www.bac-lac.gc.ca/eng/discover/aboriginal-heritage/first-nations/indian-affairs-annual-reports/Pages/item.aspx?IdNumber=3853,206,
334,1884,,Edmonton,6,Orphans (St. Albert),,,,31.0,,,31.0,,http://www.bac-lac.gc.ca/eng/discover/aboriginal-heritage/first-nations/indian-affairs-annual-reports/Pages/item.aspx?IdNumber=3854,206,
335,1884,,Edmonton,6,Passpasschase,,Edmonton,Cree,188.0,,,188.0,,http://www.bac-lac.gc.ca/eng/discover/aboriginal-heritage/first-nations/indian-affairs-annual-reports/Pages/item.aspx?IdNumber=3855,206,
336,1884,,Edmonton,6,Noah Muddy Bull,,Pigeon Lake,Cree,38.0,,,38.0,,http://www.bac-lac.gc.ca/eng/discover/aboriginal-heritage/first-nations/indian-affairs-annual-reports/Pages/item.aspx?IdNumber=3856,206,
337,1884,,Edmonton,6,Sharphead,,Battle River and Wolf Creek,Assiniboine,164.0,,,164.0,,http://www.bac-lac.gc.ca/eng/discover/aboriginal-heritage/first-nations/indian-affairs-annual-reports/Pages/item.aspx?IdNumber=3857,206,
338,1884,,Edmonton,6,Sampson,,Bears Hill,Cree,294.0,,,294.0,,http://www.bac-lac.gc.ca/eng/discover/aboriginal-heritage/first-nations/indian-affairs-annual-reports/Pages/item.aspx?IdNumber=3858,206,
339,1884,,Edmonton,6,Erminskin,,Bears Hill,Cree,118.0,,,118.0,,http://www.bac-lac.gc.ca/eng/discover/aboriginal-heritage/first-nations/indian-affairs-annual-reports/Pages/item.aspx?IdNumber=3859,206,
340,1884,,Edmonton,6,Bobtail,,Bears Hill,Cree,114.0,,,114.0,,http://www.bac-lac.gc.ca/eng/discover/aboriginal-heritage/first-nations/indian-affairs-annual-reports/Pages/item.aspx?IdNumber=3860,206,
341,1884,,Edmonton,6,Beaver Hills Indians,,Two Hills,Cree,8.0,,,8.0,,http://www.bac-lac.gc.ca/eng/discover/aboriginal-heritage/first-nations/indian-affairs-annual-reports/Pages/item.aspx?IdNumber=3861,206,
342,1884,,Carlton,6,Mistawasis,,Snake Plains,Cree,226.0,,,226.0,,http://www.bac-lac.gc.ca/eng/discover/aboriginal-heritage/first-nations/indian-affairs-annual-reports/Pages/item.aspx?IdNumber=3832,207,
343,1884,,Carlton,6,Ah-tah-kah-koop,,Snake Plains,Cree,192.0,,,192.0,,http://www.bac-lac.gc.ca/eng/discover/aboriginal-heritage/first-nations/indian-affairs-annual-reports/Pages/item.aspx?IdNumber=3833,207,
344,1884,,Carlton,6,Stragglers,,,Cree,109.0,,,109.0,,http://www.bac-lac.gc.ca/eng/discover/aboriginal-heritage/first-nations/indian-affairs-annual-reports/Pages/item.aspx?IdNumber=3834,207,
345,1884,,Carlton,6,Kenne-mo-tays,,Green Lake,Cree,99.0,,,99.0,,http://www.bac-lac.gc.ca/eng/discover/aboriginal-heritage/first-nations/indian-affairs-annual-reports/Pages/item.aspx?IdNumber=3835,207,
346,1884,,Carlton,6,Ko-pah-a-we-kee-muss,,Green Lake,Cree,52.0,,,52.0,,http://www.bac-lac.gc.ca/eng/discover/aboriginal-heritage/first-nations/indian-affairs-annual-reports/Pages/item.aspx?IdNumber=3836,207,
347,1884,,Carlton,6,Beardy,,Duck Lake,Cree,153.0,,12.0,165.0,On the plains,http://www.bac-lac.gc.ca/eng/discover/aboriginal-heritage/first-nations/indian-affairs-annual-reports/Pages/item.aspx?IdNumber=3837,207,
348,1884,,Carlton,6,Sas-way-pew,,Duck Lake,Cree,113.0,,,113.0,,http://www.bac-lac.gc.ca/eng/discover/aboriginal-heritage/first-nations/indian-affairs-annual-reports/Pages/item.aspx?IdNumber=3838,207,
349,1884,,Carlton,6,One Arrow,,South Branch,Cree,127.0,,,127.0,,http://www.bac-lac.gc.ca/eng/discover/aboriginal-heritage/first-nations/indian-affairs-annual-reports/Pages/item.aspx?IdNumber=3839,207,
350,1884,,Carlton,6,Cha-kas-ta-pay-sin,,South Branch,Cree,79.0,,,79.0,,http://www.bac-lac.gc.ca/eng/discover/aboriginal-heritage/first-nations/indian-affairs-annual-reports/Pages/item.aspx?IdNumber=3840,207,
351,1884,,Carlton,6,John Smith,,South Branch,Sautaux,194.0,,,194.0,,http://www.bac-lac.gc.ca/eng/discover/aboriginal-heritage/first-nations/indian-affairs-annual-reports/Pages/item.aspx?IdNumber=3841,207,
352,1884,,Carlton,6,W. Twatt,,Sturgeon Lake,Cree,141.0,,5.0,146.0,On the plains,http://www.bac-lac.gc.ca/eng/discover/aboriginal-heritage/first-nations/indian-affairs-annual-reports/Pages/item.aspx?IdNumber=3842,207,
353,1884,,Carlton,6,Pe-te-qua-key,,Muskeg,Cree,165.0,,,165.0,,http://www.bac-lac.gc.ca/eng/discover/aboriginal-heritage/first-nations/indian-affairs-annual-reports/Pages/item.aspx?IdNumber=3843,207,
354,1884,,Carlton,6,James Smith,,Fort à la Corne,Cree,141.0,,,141.0,,http://www.bac-lac.gc.ca/eng/discover/aboriginal-heritage/first-nations/indian-affairs-annual-reports/Pages/item.aspx?IdNumber=3844,207,
355,1884,,Battleford,6,Red Pheasant,,Eagle Hills,Cree,145.0,,,145.0,,http://www.bac-lac.gc.ca/eng/discover/aboriginal-heritage/first-nations/indian-affairs-annual-reports/Pages/item.aspx?IdNumber=3845,207,
356,1884,,Battleford,6,Mosquito,,Eagle Hills,Assiniboine,126.0,,3.0,129.0,Near Forks of Red Deer River,http://www.bac-lac.gc.ca/eng/discover/aboriginal-heritage/first-nations/indian-affairs-annual-reports/Pages/item.aspx?IdNumber=3846,207,
357,1884,,Battleford,6,Bear's Head,,Eagle Hills,Assiniboine,127.0,,7.0,134.0,Near Forks of Red Deer River,http://www.bac-lac.gc.ca/eng/discover/aboriginal-heritage/first-nations/indian-affairs-annual-reports/Pages/item.aspx?IdNumber=3847,207,
358,1884,,Battleford,6,Lean Man,,Eagle Hills,Assiniboine,47.0,,,47.0,,http://www.bac-lac.gc.ca/eng/discover/aboriginal-heritage/first-nations/indian-affairs-annual-reports/Pages/item.aspx?IdNumber=3848,207,
359,1884,,Battleford,6,Moosoomin,,Jack Fish Creek,Cree,101.0,,,101.0,,http://www.bac-lac.gc.ca/eng/discover/aboriginal-heritage/first-nations/indian-affairs-annual-reports/Pages/item.aspx?IdNumber=3849,207,
360,1884,,Battleford,6,Poundmaker,,Battle River,Cree,156.0,,8.0,164.0,On the plains,http://www.bac-lac.gc.ca/eng/discover/aboriginal-heritage/first-nations/indian-affairs-annual-reports/Pages/item.aspx?IdNumber=3850,207,
361,1884,,Battleford,6,Sweet Grass,,Battle River,Cree,225.0,,10.0,235.0,On the plains,http://www.bac-lac.gc.ca/eng/discover/aboriginal-heritage/first-nations/indian-affairs-annual-reports/Pages/item.aspx?IdNumber=3851,207,
362,1884,,Battleford,6,Young Chippewayan,,Jack Fish Creek,Cree,17.0,,,17.0,,http://www.bac-lac.gc.ca/eng/discover/aboriginal-heritage/first-nations/indian-affairs-annual-reports/Pages/item.aspx?IdNumber=3852,207,
363,1884,,Battleford,6,Thunder Child,,Jack Fish Creek,Cree,78.0,,,78.0,,http://www.bac-lac.gc.ca/eng/discover/aboriginal-heritage/first-nations/indian-affairs-annual-reports/Pages/item.aspx?IdNumber=3853,207,
364,1884,,Battleford,6,Stragglers,,,,532.0,,,532.0,,http://www.bac-lac.gc.ca/eng/discover/aboriginal-heritage/first-nations/indian-affairs-annual-reports/Pages/item.aspx?IdNumber=3854,207,
365,1884,,Battleford,6,Na-pa-hase,,Jack Fish Creek,Cree,82.0,,2.0,84.0,On the plains,http://www.bac-lac.gc.ca/eng/discover/aboriginal-heritage/first-nations/indian-affairs-annual-reports/Pages/item.aspx?IdNumber=3855,207,
366,1884,,Battleford,6,Little Pine,,,Cree,421.0,,,421.0,,http://www.bac-lac.gc.ca/eng/discover/aboriginal-heritage/first-nations/indian-affairs-annual-reports/Pages/item.aspx?IdNumber=3856,207,
367,1884,,Battleford,6,Lucky Man,,,Cree,366.0,,,366.0,,http://www.bac-lac.gc.ca/eng/discover/aboriginal-heritage/first-nations/indian-affairs-annual-reports/Pages/item.aspx?IdNumber=3857,207,
368,1884,,Battleford,7,Bloods,,Near Ft. Macleod,,2270.0,,8.0,2278.0,6 unaccounted for; 1 away (but not stated where); 1 escaped convict.,http://www.bac-lac.gc.ca/eng/discover/aboriginal-heritage/first-nations/indian-affairs-annual-reports/Pages/item.aspx?IdNumber=3858,207,
369,1884,,Battleford,7,Piegans,,Near Ft. Macleod,,922.0,,7.0,929.0,7 unaccounted for,http://www.bac-lac.gc.ca/eng/discover/aboriginal-heritage/first-nations/indian-affairs-annual-reports/Pages/item.aspx?IdNumber=3859,207,
370,1884,,Battleford,7,Blackfeet,,Near Calgary,,2173.0,,,2173.0,,http://www.bac-lac.gc.ca/eng/discover/aboriginal-heritage/first-nations/indian-affairs-annual-reports/Pages/item.aspx?IdNumber=3860,207,
371,1884,,Battleford,7,Sarcees,,Near Calgary,,429.0,,,429.0,,http://www.bac-lac.gc.ca/eng/discover/aboriginal-heritage/first-nations/indian-affairs-annual-reports/Pages/item.aspx?IdNumber=3861,207,
372,1884,,Battleford,7,Stoneys,,Near Morleyville,,621.0,,,621.0,,http://www.bac-lac.gc.ca/eng/discover/aboriginal-heritage/first-nations/indian-affairs-annual-reports/Pages/item.aspx?IdNumber=3862,207,
373,1884,,Non-Treaty Indians,Non-Treaty,,,Bird Tail Creek,Sioux,143.0,,,143.0,,http://www.bac-lac.gc.ca/eng/discover/aboriginal-heritage/first-nations/indian-affairs-annual-reports/Pages/item.aspx?IdNumber=3863,207,
374,1884,,Non-Treaty Indians,Non-Treaty,,,Oak River,Sioux,348.0,,,348.0,,http://www.bac-lac.gc.ca/eng/discover/aboriginal-heritage/first-nations/indian-affairs-annual-reports/Pages/item.aspx?IdNumber=3864,207,
375,1884,,Non-Treaty Indians,Non-Treaty,,,Oak Lake,Sioux,78.0,,,78.0,,http://www.bac-lac.gc.ca/eng/discover/aboriginal-heritage/first-nations/indian-affairs-annual-reports/Pages/item.aspx?IdNumber=3865,207,
376,1884,,Non-Treaty Indians,Non-Treaty,,,Turtle Mountain,Sioux,43.0,,,43.0,,http://www.bac-lac.gc.ca/eng/discover/aboriginal-heritage/first-nations/indian-affairs-annual-reports/Pages/item.aspx?IdNumber=3866,207,
377,1884,,Non-Treaty Indians,Non-Treaty,Standing Buffalo,,Qu'Appelle Lk's,Sioux,247.0,,,247.0,,http://www.bac-lac.gc.ca/eng/discover/aboriginal-heritage/first-nations/indian-affairs-annual-reports/Pages/item.aspx?IdNumber=3867,207,
378,1884,,Non-Treaty Indians,Non-Treaty,White Cap,,Moose Woods,Sioux,250.0,,,250.0,,http://www.bac-lac.gc.ca/eng/discover/aboriginal-heritage/first-nations/indian-affairs-annual-reports/Pages/item.aspx?IdNumber=3868,207,
379,1885,61,Birtle,4,Kee-see-koo-weenin,,Riding Mountain,Salteaux,120.0,,1.0,121.0,1 absent at Ebb and Flow Lake,http://www.bac-lac.gc.ca/eng/discover/aboriginal-heritage/first-nations/indian-affairs-annual-reports/Pages/item.aspx?IdNumber=4329,218,
380,1885,62,Birtle,4,"Shapwaynatung, formerly Way-way-sacappo",,Bird Tail Creek,Salteaux,110.0,,1.0,111.0,1 in gaol,http://www.bac-lac.gc.ca/eng/discover/aboriginal-heritage/first-nations/indian-affairs-annual-reports/Pages/item.aspx?IdNumber=4329,218,
381,1885,63,Birtle,4,The Gambler,,Assiniboine River,Salteaux,177.0,,2.0,179.0,1 in gaol and 1 at Moose Mountains,http://www.bac-lac.gc.ca/eng/discover/aboriginal-heritage/first-nations/indian-affairs-annual-reports/Pages/item.aspx?IdNumber=4329,218,
382,1885,64,Birtle,4,Coté,,Fort Pelly,Salteaux,264.0,,,264.0,,http://www.bac-lac.gc.ca/eng/discover/aboriginal-heritage/first-nations/indian-affairs-annual-reports/Pages/item.aspx?IdNumber=4329,218,
383,1885,65,Birtle,4,The Key,,Fort Pelly,Salteaux,219.0,,,219.0,,http://www.bac-lac.gc.ca/eng/discover/aboriginal-heritage/first-nations/indian-affairs-annual-reports/Pages/item.aspx?IdNumber=4329,218,
384,1885,66,Birtle,4,Kee-see-konse,,Fort Pelly,Salteaux,175.0,,1.0,176.0,,http://www.bac-lac.gc.ca/eng/discover/aboriginal-heritage/first-nations/indian-affairs-annual-reports/Pages/item.aspx?IdNumber=4329,218,
385,1885,67,Birtle,4,South Quill,,Rolling River,Salteaux,121.0,,,121.0,,http://www.bac-lac.gc.ca/eng/discover/aboriginal-heritage/first-nations/indian-affairs-annual-reports/Pages/item.aspx?IdNumber=4329,218,
386,1885,68,Birtle,4,Pheasant Rump,,Moose Mountains,Assiniboine and Cree,86.0,,2.0,88.0,,http://www.bac-lac.gc.ca/eng/discover/aboriginal-heritage/first-nations/indian-affairs-annual-reports/Pages/item.aspx?IdNumber=4329,218,
387,1885,69,Birtle,4,Ocean Man,,Moose Mountains,Assiniboine and Cree,92.0,,3.0,95.0,,http://www.bac-lac.gc.ca/eng/discover/aboriginal-heritage/first-nations/indian-affairs-annual-reports/Pages/item.aspx?IdNumber=4329,218,
388,1885,70,Birtle,4,White Bear,,Moose Mountains,Assiniboine and Cree,133.0,,6.0,139.0,,http://www.bac-lac.gc.ca/eng/discover/aboriginal-heritage/first-nations/indian-affairs-annual-reports/Pages/item.aspx?IdNumber=4329,218,
389,1885,71,Crooked Lake,4,"Ochapowace, formerly Kakesheway",,Crooked Lakes,Cree,220.0,,20.0,240.0,20 absent hunting,http://www.bac-lac.gc.ca/eng/discover/aboriginal-heritage/first-nations/indian-affairs-annual-reports/Pages/item.aspx?IdNumber=4329,218,
390,1885,72,Crooked Lake,4,Kakewistshaw,,Crooked Lakes,Cree,246.0,,,246.0,,http://www.bac-lac.gc.ca/eng/discover/aboriginal-heritage/first-nations/indian-affairs-annual-reports/Pages/item.aspx?IdNumber=4329,218,
391,1885,73,Crooked Lake,4,Cowesess,,Crooked Lakes,Salteaux,200.0,,32.0,232.0,32 absent working and hunting,http://www.bac-lac.gc.ca/eng/discover/aboriginal-heritage/first-nations/indian-affairs-annual-reports/Pages/item.aspx?IdNumber=4329,218,
392,1885,73a,Crooked Lake,4,Ouchaness,,Leech Lake,Salteaux,32.0,,,32.0,,http://www.bac-lac.gc.ca/eng/discover/aboriginal-heritage/first-nations/indian-affairs-annual-reports/Pages/item.aspx?IdNumber=4329,218,
393,1885,74,Crooked Lake,4,Sakimay,,Crooked Lakes,Salteaux,140.0,,5.0,145.0,5 absent hunting,http://www.bac-lac.gc.ca/eng/discover/aboriginal-heritage/first-nations/indian-affairs-annual-reports/Pages/item.aspx?IdNumber=4329,218,
394,1885,76,Assiniboine Reserve,4,"The-man-who-took-the-coat or ""Jack""",,Indian Head,Assiniboine,273.0,,1.0,274.0,1 in gaol. Long Lodge's band amalgamated with this one,http://www.bac-lac.gc.ca/eng/discover/aboriginal-heritage/first-nations/indian-affairs-annual-reports/Pages/item.aspx?IdNumber=4329,218,
395,1885,75,Muscowpetung's,4,Pia-pot,,Qu'Appelle Valley,Cree,359.0,,35.0,394.0,At Maple Creek and Sandy Hills,http://www.bac-lac.gc.ca/eng/discover/aboriginal-heritage/first-nations/indian-affairs-annual-reports/Pages/item.aspx?IdNumber=4329,218,
396,1885,79,Muscowpetung's,4,Pasquah,,Qu'Appelle Lakes,Cree,257.0,,,257.0,,http://www.bac-lac.gc.ca/eng/discover/aboriginal-heritage/first-nations/indian-affairs-annual-reports/Pages/item.aspx?IdNumber=4329,219,
397,1885,80,Muscowpetung's,4,Muscowpetung,,Qu'Appelle Valley,Cree,182.0,,30.0,212.0,At Medicine Hat. Itinerants along C.P.R.,http://www.bac-lac.gc.ca/eng/discover/aboriginal-heritage/first-nations/indian-affairs-annual-reports/Pages/item.aspx?IdNumber=4329,219,
398,1885,81,File Hills,4,Peepeekeesis,,File Hills,Cree,119.0,,5.0,124.0,"2 in gaol; 3, wife and children of half-breed, not resident on reserve",http://www.bac-lac.gc.ca/eng/discover/aboriginal-heritage/first-nations/indian-affairs-annual-reports/Pages/item.aspx?IdNumber=4329,219,
399,1885,82,File Hills,4,Okanese,,File Hills,Cree,77.0,,6.0,83.0,6 in gaol,http://www.bac-lac.gc.ca/eng/discover/aboriginal-heritage/first-nations/indian-affairs-annual-reports/Pages/item.aspx?IdNumber=4329,219,
400,1885,83,File Hills,4,Star Blanket,,File Hills,Cree,86.0,,3.0,89.0,3 in gaol,http://www.bac-lac.gc.ca/eng/discover/aboriginal-heritage/first-nations/indian-affairs-annual-reports/Pages/item.aspx?IdNumber=4329,219,
401,1885,84,File Hills,4,Little Black Bear,,File Hills,Cree,116.0,,1.0,117.0,1 in gaol,http://www.bac-lac.gc.ca/eng/discover/aboriginal-heritage/first-nations/indian-affairs-annual-reports/Pages/item.aspx?IdNumber=4329,219,
402,1885,85,Touchwood Hills,4,Muscowequahn,,Touchwood Hills,Cree,282.0,,,282.0,,http://www.bac-lac.gc.ca/eng/discover/aboriginal-heritage/first-nations/indian-affairs-annual-reports/Pages/item.aspx?IdNumber=4329,219,
403,1885,86,Touchwood Hills,4,George Gordon,,Touchwood Hills,Cree,202.0,,,202.0,,http://www.bac-lac.gc.ca/eng/discover/aboriginal-heritage/first-nations/indian-affairs-annual-reports/Pages/item.aspx?IdNumber=4329,219,
404,1885,87,Touchwood Hills,4,Day Star,,Touchwood Hills,Cree,113.0,,,113.0,,http://www.bac-lac.gc.ca/eng/discover/aboriginal-heritage/first-nations/indian-affairs-annual-reports/Pages/item.aspx?IdNumber=4329,219,
405,1885,88,Touchwood Hills,4,"Tah-we-kesiquape, formerly Kahwahkahtoose",,Touchwood Hills,Cree,166.0,,4.0,170.0,"4 absent, reported to be in Treaty 6",http://www.bac-lac.gc.ca/eng/discover/aboriginal-heritage/first-nations/indian-affairs-annual-reports/Pages/item.aspx?IdNumber=4329,219,
406,1885,89,Touchwood Hills,4,Yellow Quill,G1,Fishing Lake,Cree,311.0,,,311.0,,http://www.bac-lac.gc.ca/eng/discover/aboriginal-heritage/first-nations/indian-affairs-annual-reports/Pages/item.aspx?IdNumber=4329,219,
407,1885,90,Touchwood Hills,4,Yellow Quill,G1,Nut Lake,Cree,,,,,,http://www.bac-lac.gc.ca/eng/discover/aboriginal-heritage/first-nations/indian-affairs-annual-reports/Pages/item.aspx?IdNumber=4329,219,
408,1885,95,Prince Albert,6,One Arrow,,Opposite Batoche,Cree,92.0,,,92.0,This band has been joined to that of Beardy,http://www.bac-lac.gc.ca/eng/discover/aboriginal-heritage/first-nations/indian-affairs-annual-reports/Pages/item.aspx?IdNumber=4329,219,
409,1885,96,Prince Albert,6,Okemasis,,Duck Lake,Cree,70.0,,30.0,100.0,This band took part in rebellion; some in States; others unsettled,http://www.bac-lac.gc.ca/eng/discover/aboriginal-heritage/first-nations/indian-affairs-annual-reports/Pages/item.aspx?IdNumber=4329,219,
410,1885,97,Prince Albert,6,Beardy,,Duck Lake,Cree,100.0,,40.0,140.0,This band took part in rebellion; some in States; others unsettled,http://www.bac-lac.gc.ca/eng/discover/aboriginal-heritage/first-nations/indian-affairs-annual-reports/Pages/item.aspx?IdNumber=4329,219,
411,1885,98,Prince Albert,6,Chekastaypaysin,,South Saskatchewan,Cree,40.0,,12.0,52.0,With Red Lake Salteaux,http://www.bac-lac.gc.ca/eng/discover/aboriginal-heritage/first-nations/indian-affairs-annual-reports/Pages/item.aspx?IdNumber=4329,219,
412,1885,99,Prince Albert,6,John Smith,,South Saskatchewan,Cree,186.0,,,186.0,,http://www.bac-lac.gc.ca/eng/discover/aboriginal-heritage/first-nations/indian-affairs-annual-reports/Pages/item.aspx?IdNumber=4329,219,
413,1885,100,Prince Albert,6,James Smith,,Fort à la Corne,Cree,142.0,,,142.0,"A number of these are always absent, hunting and making their own living in the vicinity of reserve",http://www.bac-lac.gc.ca/eng/discover/aboriginal-heritage/first-nations/indian-affairs-annual-reports/Pages/item.aspx?IdNumber=4329,219,
414,1885,101,Prince Albert,6,Wm. Twatt,,Sturgeon Lake,Cree,148.0,,,148.0,"A number of these are always absent, hunting and making their own living in the vicinity of reserve. Connected with James Smith",http://www.bac-lac.gc.ca/eng/discover/aboriginal-heritage/first-nations/indian-affairs-annual-reports/Pages/item.aspx?IdNumber=4329,219,
415,1885,102,Prince Albert,6,Petequakey,,Muskeg Lake,Cree,129.0,,,129.0,This band has been incorporated with Attackakoop and Mistowasis,http://www.bac-lac.gc.ca/eng/discover/aboriginal-heritage/first-nations/indian-affairs-annual-reports/Pages/item.aspx?IdNumber=4329,219,
416,1885,103,Prince Albert,6,Mistowasis,,Snake Lake,Cree,190.0,,,190.0,,http://www.bac-lac.gc.ca/eng/discover/aboriginal-heritage/first-nations/indian-affairs-annual-reports/Pages/item.aspx?IdNumber=4329,219,
417,1885,104,Prince Albert,6,Attackakoop or Star Blanket,,Sandy Lake,Cree,180.0,,,180.0,,http://www.bac-lac.gc.ca/eng/discover/aboriginal-heritage/first-nations/indian-affairs-annual-reports/Pages/item.aspx?IdNumber=4329,219,
418,1885,105,Prince Albert,6,Kopahawakenum,,Meadow Lake,Cree,58.0,,,58.0,,http://www.bac-lac.gc.ca/eng/discover/aboriginal-heritage/first-nations/indian-affairs-annual-reports/Pages/item.aspx?IdNumber=4329,219,
419,1885,106,Prince Albert,6,Kennemotayo,,Assiniboine Lake,Cree,106.0,,,106.0,"Reserve not surveyed, but live on intended location",http://www.bac-lac.gc.ca/eng/discover/aboriginal-heritage/first-nations/indian-affairs-annual-reports/Pages/item.aspx?IdNumber=4329,219,
420,1885,108,Battleford,6,Red Pheasant,,Eagle Hills,Cree,142.0,,,142.0,,http://www.bac-lac.gc.ca/eng/discover/aboriginal-heritage/first-nations/indian-affairs-annual-reports/Pages/item.aspx?IdNumber=4329,220,
421,1885,109,Battleford,6,Mosquito,G2,Eagle Hills,Stony,259.0,,,259.0,These three bands have been amalgamated,http://www.bac-lac.gc.ca/eng/discover/aboriginal-heritage/first-nations/indian-affairs-annual-reports/Pages/item.aspx?IdNumber=4329,220,
422,1885,110,Battleford,6,Bear's Head,G2,Eagle Hills,Stony,,,,,These three bands have been amalgamated,http://www.bac-lac.gc.ca/eng/discover/aboriginal-heritage/first-nations/indian-affairs-annual-reports/Pages/item.aspx?IdNumber=4329,220,
423,1885,111,Battleford,6,Lean Man,G2,Eagle Hills,Stony,,,,,These three bands have been amalgamated,http://www.bac-lac.gc.ca/eng/discover/aboriginal-heritage/first-nations/indian-affairs-annual-reports/Pages/item.aspx?IdNumber=4329,220,
424,1885,112,Battleford,6,Moosomin,,Jack Fish Creek,Cree,82.0,,63.0,145.0,"59 went south after rebellion, and still keeping out of the way; 3 at Jack Fish Lake; 1 at Duck Lake",http://www.bac-lac.gc.ca/eng/discover/aboriginal-heritage/first-nations/indian-affairs-annual-reports/Pages/item.aspx?IdNumber=4329,220,
425,1885,113,Battleford,6,Sweet Grass,,Battle River,Cree,200.0,,47.0,247.0,24 whereabouts unknown; 3 in prison; 6 at Thunder Child's reserve; 3 in Victoria district; 5 in Peace Hills district; 1 at Pitt; 1 at Poundmaker's; 1 at Little Pine's; 3 at Turtle Lake,http://www.bac-lac.gc.ca/eng/discover/aboriginal-heritage/first-nations/indian-affairs-annual-reports/Pages/item.aspx?IdNumber=4329,220,
426,1885,114,Battleford,6,Poundmaker,,Battle River,Cree,168.0,,34.0,202.0,Chief and 3 men in gaol; 20 at the Nose or Sounding Lake; 1 at Sarcee Camp; 4 gone to the States; 1 at Qu'Appelle; 1 at Edmonton; 1 at Shell River; 2 unknown,http://www.bac-lac.gc.ca/eng/discover/aboriginal-heritage/first-nations/indian-affairs-annual-reports/Pages/item.aspx?IdNumber=4329,220,
427,1885,115,Battleford,6,Thunder Child and Napahase,,Battle River,Cree,203.0,,55.0,258.0,44 absentees; some at Swift Current; some in States; 4 in prison; 4 at Sweet Grass; 1 at Little Pine's reserve; 1 at Frog Lake; 1 at Eagle Hills,http://www.bac-lac.gc.ca/eng/discover/aboriginal-heritage/first-nations/indian-affairs-annual-reports/Pages/item.aspx?IdNumber=4329,220,
428,1885,116,Battleford,6,Little Pine,,Battleford,Cree,172.0,,139.0,311.0,"2 at Duck Lake; 3 at Buffalo Lake; 134 supposed to have gone to States, and to be on plains, as fugitives from justice",http://www.bac-lac.gc.ca/eng/discover/aboriginal-heritage/first-nations/indian-affairs-annual-reports/Pages/item.aspx?IdNumber=4329,220,
429,1885,117,Battleford,6,Lucky Man,,Battleford,Cree,,,,,"The Indians of this band have been incorporated with the other bands of Battleford district, some few having joined the Peace Hills reserves",http://www.bac-lac.gc.ca/eng/discover/aboriginal-heritage/first-nations/indian-affairs-annual-reports/Pages/item.aspx?IdNumber=4329,220,
430,1885,118,Fort Pitt,6,Big Bear,,Fort Pitt,Cree,,,,,"Vide ""Stragglers""",http://www.bac-lac.gc.ca/eng/discover/aboriginal-heritage/first-nations/indian-affairs-annual-reports/Pages/item.aspx?IdNumber=4329,220,
431,1885,119,Fort Pitt,6,Seekaskootch,G3,Onion Lake,Cree,163.0,58.0,,221.0,20 at Battleford - wives of non-treaty men; 38 in the woods to the north hunting,http://www.bac-lac.gc.ca/eng/discover/aboriginal-heritage/first-nations/indian-affairs-annual-reports/Pages/item.aspx?IdNumber=4329,220,
432,1885,119,Fort Pitt,6,Paymootayahsoo,G3,Onion Lake,Cree,,,,,"Combined with Seekaskootch, Sweet Grass, Thunder Companion.",http://www.bac-lac.gc.ca/eng/discover/aboriginal-heritage/first-nations/indian-affairs-annual-reports/Pages/item.aspx?IdNumber=4329,220,
433,1885,119,Fort Pitt,6,Sweet Grass,G3,Onion Lake,Cree,,,,,"Combined with Seekaskootch, Paymootayahsoo, and Thunder Companion",http://www.bac-lac.gc.ca/eng/discover/aboriginal-heritage/first-nations/indian-affairs-annual-reports/Pages/item.aspx?IdNumber=4329,220,
434,1885,119,Fort Pitt,6,Thunder Companion,G3,Onion Lake,Cree,,,,,"Combined with Seekaskootch, Paymootayahsoo, and Sweet Grass",http://www.bac-lac.gc.ca/eng/discover/aboriginal-heritage/first-nations/indian-affairs-annual-reports/Pages/item.aspx?IdNumber=4329,220,
435,1885,120,Fort Pitt,6,Weemisticooseawasis,G4,Stony Lake,Cree,,,210.0,210.0,"These three bands have all been joined and are at and about Moose Lake hunting; 83 left neighborhood of Pitt after surrender, and are scattered on plains and in woods hunting; some have gone south.",http://www.bac-lac.gc.ca/eng/discover/aboriginal-heritage/first-nations/indian-affairs-annual-reports/Pages/item.aspx?IdNumber=4329,221,
436,1885,121,Fort Pitt,6,Oneepowohayo,G4,Frog Lake,Cree,,,,,,http://www.bac-lac.gc.ca/eng/discover/aboriginal-heritage/first-nations/indian-affairs-annual-reports/Pages/item.aspx?IdNumber=4329,221,
437,1885,122,Fort Pitt,6,Puskeahkewenin,G4,Frog Lake,Cree,,,,,,http://www.bac-lac.gc.ca/eng/discover/aboriginal-heritage/first-nations/indian-affairs-annual-reports/Pages/item.aspx?IdNumber=4329,221,
438,1885,123,Fort Pitt,6,Keeheewin,,Moose Lake,Cree,,,145.0,145.0,"71 of this band are at Moose Lake sustaining themselves; 74 are absent on plains and in woods, keeping out of the way - fugitives from justice",http://www.bac-lac.gc.ca/eng/discover/aboriginal-heritage/first-nations/indian-affairs-annual-reports/Pages/item.aspx?IdNumber=4329,221,
439,1885,124,Fort Pitt,6,Kinoosayo,,Cold Lake,Chippeweyan,100.0,,23.0,123.0,23 away in woods to north hunting for living,http://www.bac-lac.gc.ca/eng/discover/aboriginal-heritage/first-nations/indian-affairs-annual-reports/Pages/item.aspx?IdNumber=4329,221,
440,1885,125,Victoria,6,Little Hunter,,Saddle Lake,Cree,89.0,,8.0,97.0,2 in gaol; 6 in States,http://www.bac-lac.gc.ca/eng/discover/aboriginal-heritage/first-nations/indian-affairs-annual-reports/Pages/item.aspx?IdNumber=4329,221,
441,1885,126,Victoria,6,Muskegwatie,,Victoria,Cree,81.0,,,81.0,,http://www.bac-lac.gc.ca/eng/discover/aboriginal-heritage/first-nations/indian-affairs-annual-reports/Pages/item.aspx?IdNumber=4329,221,
442,1885,127,Victoria,6,Blue Quill,,Victoria,Cree,54.0,,5.0,59.0,5 on plains,http://www.bac-lac.gc.ca/eng/discover/aboriginal-heritage/first-nations/indian-affairs-annual-reports/Pages/item.aspx?IdNumber=4329,221,
443,1885,128,Victoria,6,Seenum,,Whitefish Lake,Cree,317.0,,23.0,340.0,"20 rebels at Moose Lake, keeping out of the way",http://www.bac-lac.gc.ca/eng/discover/aboriginal-heritage/first-nations/indian-affairs-annual-reports/Pages/item.aspx?IdNumber=4329,221,
444,1885,129,Victoria,6,Peeaysees,,Lac la Biche,Cree,166.0,,10.0,176.0,"10 absent. Chief in hiding, fearing justice",http://www.bac-lac.gc.ca/eng/discover/aboriginal-heritage/first-nations/indian-affairs-annual-reports/Pages/item.aspx?IdNumber=4329,221,Total absent doesn't add up if Chief if also absent.
445,1885,130,Victoria,6,Antoine,,Hearts Lake,Chippeweyan,79.0,,,79.0,,http://www.bac-lac.gc.ca/eng/discover/aboriginal-heritage/first-nations/indian-affairs-annual-reports/Pages/item.aspx?IdNumber=4329,221,
446,1885,131,Victoria,6,Kaquanum,,Beaver Lake,Cree,153.0,,7.0,160.0,7 at Edmonton awaiting trial,http://www.bac-lac.gc.ca/eng/discover/aboriginal-heritage/first-nations/indian-affairs-annual-reports/Pages/item.aspx?IdNumber=4329,221,
447,1885,132,Edmonton,6,Michel,,Sturgeon River,Stony,49.0,,15.0,64.0,15 living at Lac Ste. Anne's and Devil's Lake by fishing,http://www.bac-lac.gc.ca/eng/discover/aboriginal-heritage/first-nations/indian-affairs-annual-reports/Pages/item.aspx?IdNumber=4329,221,
448,1885,133,Edmonton,6,Alexis,,Stony Lake,Stony,141.0,,,141.0,,http://www.bac-lac.gc.ca/eng/discover/aboriginal-heritage/first-nations/indian-affairs-annual-reports/Pages/item.aspx?IdNumber=4329,221,
449,1885,134,Edmonton,6,Alexander,,Lac la Nonne,Stony,217.0,,,217.0,,http://www.bac-lac.gc.ca/eng/discover/aboriginal-heritage/first-nations/indian-affairs-annual-reports/Pages/item.aspx?IdNumber=4329,221,
450,1885,135,Edmonton,6,Enoch le Potac,,Stony Plains,Cree,100.0,,71.0,171.0,"71 wives of non-treaty men, and Indians non-resident on reserve",http://www.bac-lac.gc.ca/eng/discover/aboriginal-heritage/first-nations/indian-affairs-annual-reports/Pages/item.aspx?IdNumber=4329,221,
451,1885,136,Edmonton,6,Paspaschase,,Edmonton,Cree,225.0,,,225.0,,http://www.bac-lac.gc.ca/eng/discover/aboriginal-heritage/first-nations/indian-affairs-annual-reports/Pages/item.aspx?IdNumber=4329,221,
452,1885,,Edmonton,6,Iron-head,,White Lake,Stony,60.0,,,60.0,Branch of Alexis' band,http://www.bac-lac.gc.ca/eng/discover/aboriginal-heritage/first-nations/indian-affairs-annual-reports/Pages/item.aspx?IdNumber=4329,221,
453,1885,137,Peace Hills,6,Ermineskin,,Bear's Hill,Cree,123.0,,2.0,125.0,2 gone south,http://www.bac-lac.gc.ca/eng/discover/aboriginal-heritage/first-nations/indian-affairs-annual-reports/Pages/item.aspx?IdNumber=4329,221,
454,1885,138,Peace Hills,6,Sampson,,Bear's Hill,Cree,300.0,,11.0,311.0,4 at Edmonton; 3 at Frog Lake; 1 at Whitefish Lake; 3 on the plains,http://www.bac-lac.gc.ca/eng/discover/aboriginal-heritage/first-nations/indian-affairs-annual-reports/Pages/item.aspx?IdNumber=4329,221,
455,1885,139,Peace Hills,6,Bobtail,,Bear's Hill,Cree,108.0,,14.0,122.0,13 at Calgary; 1 on the plains,http://www.bac-lac.gc.ca/eng/discover/aboriginal-heritage/first-nations/indian-affairs-annual-reports/Pages/item.aspx?IdNumber=4329,221,
456,1885,140,Peace Hills,6,Muddy Bull,,Pigeon Lake,Cree,89.0,,3.0,92.0,3 at Wolf Creek,http://www.bac-lac.gc.ca/eng/discover/aboriginal-heritage/first-nations/indian-affairs-annual-reports/Pages/item.aspx?IdNumber=4329,221,
457,1885,141,Peace Hills,6,Chepoostequahn,,Wolf Creek,Stony,180.0,,3.0,183.0,2 at Lac la Nonne; 1 on the plains,http://www.bac-lac.gc.ca/eng/discover/aboriginal-heritage/first-nations/indian-affairs-annual-reports/Pages/item.aspx?IdNumber=4329,221,
458,1885,142,Sarcee Reserve,7,Bear's Paw,,Morleyville,Stony,267.0,,2.0,269.0,Absent hunting,http://www.bac-lac.gc.ca/eng/discover/aboriginal-heritage/first-nations/indian-affairs-annual-reports/Pages/item.aspx?IdNumber=4329,222,
459,1885,142,Sarcee Reserve,7,Chinniquy,,Morleyville,Stony,130.0,,2.0,132.0,Absent hunting,http://www.bac-lac.gc.ca/eng/discover/aboriginal-heritage/first-nations/indian-affairs-annual-reports/Pages/item.aspx?IdNumber=4329,222,
460,1885,143,Sarcee Reserve,7,Jacob,,Morleyville,Stony,245.0,,1.0,246.0,Absent hunting,http://www.bac-lac.gc.ca/eng/discover/aboriginal-heritage/first-nations/indian-affairs-annual-reports/Pages/item.aspx?IdNumber=4329,222,
461,1885,145,Sarcee Reserve,7,Bull's Head,,Calgary,Sarcee,264.0,,,264.0,,http://www.bac-lac.gc.ca/eng/discover/aboriginal-heritage/first-nations/indian-affairs-annual-reports/Pages/item.aspx?IdNumber=4329,222,
462,1885,146,Blackfoot Crossing,7,Crowfoot,,Nor' and Sou' Bow River,Blackfoot,1289.0,,,1289.0,,http://www.bac-lac.gc.ca/eng/discover/aboriginal-heritage/first-nations/indian-affairs-annual-reports/Pages/item.aspx?IdNumber=4329,222,
463,1885,146,Blackfoot Crossing,7,Old Sun,,Nor' and Sou' Bow River,Blackfoot,862.0,,,862.0,,http://www.bac-lac.gc.ca/eng/discover/aboriginal-heritage/first-nations/indian-affairs-annual-reports/Pages/item.aspx?IdNumber=4329,222,
464,1885,147,Blood Reserve,7,Eagle Tail,,Old Man's River,Piegans,942.0,,,942.0,,http://www.bac-lac.gc.ca/eng/discover/aboriginal-heritage/first-nations/indian-affairs-annual-reports/Pages/item.aspx?IdNumber=4329,222,
465,1885,148,Blood Reserve,7,Red Crow,,Belly River,Bloods,2209.0,100.0,1.0,2310.0,"1 in penitentiary (Stragglers defined as ""Indians having no Location or having no recognized Chief; and Indian Women married to Non-Treaty Men who do not hold land on the Reserves""",http://www.bac-lac.gc.ca/eng/discover/aboriginal-heritage/first-nations/indian-affairs-annual-reports/Pages/item.aspx?IdNumber=4329,222,
466,1885,,Stragglers,,In Carlton District,,,Crees,,50.0,,50.0,,http://www.bac-lac.gc.ca/eng/discover/aboriginal-heritage/first-nations/indian-affairs-annual-reports/Pages/item.aspx?IdNumber=4329,222,
467,1885,,Stragglers,,Battleford District,,,Crees,,250.0,,250.0,87 gone to United States with Little Poplar,http://www.bac-lac.gc.ca/eng/discover/aboriginal-heritage/first-nations/indian-affairs-annual-reports/Pages/item.aspx?IdNumber=4329,222,
468,1885,,Stragglers,,Edmonton District,,,Crees,,60.0,,60.0,,http://www.bac-lac.gc.ca/eng/discover/aboriginal-heritage/first-nations/indian-affairs-annual-reports/Pages/item.aspx?IdNumber=4329,222,
469,1885,,Stragglers,,Treaties 4 and 7,,,Crees & Salteaux,,100.0,,100.0,Itinerants along and in vicinity of C.P.R.,http://www.bac-lac.gc.ca/eng/discover/aboriginal-heritage/first-nations/indian-affairs-annual-reports/Pages/item.aspx?IdNumber=4329,222,
470,1885,,Stragglers,,Foremost Man,,,Crees & Salteaux,,200.0,,200.0,In vincinity of Medicine Hat and Maple Creek,http://www.bac-lac.gc.ca/eng/discover/aboriginal-heritage/first-nations/indian-affairs-annual-reports/Pages/item.aspx?IdNumber=4329,223,
471,1885,,Stragglers,,Big Bear's band,,,Crees,,494.0,,494.0,"10 on Thunder Child's reserve, in Battleford district; some distributed among other bands; the rest on plains and in U.S.- fugitives from justice",http://www.bac-lac.gc.ca/eng/discover/aboriginal-heritage/first-nations/indian-affairs-annual-reports/Pages/item.aspx?IdNumber=4329,223,
472,1885,,Stragglers,,Beaver Hills Lake Indians,,,Salteaux,,8.0,,8.0,,http://www.bac-lac.gc.ca/eng/discover/aboriginal-heritage/first-nations/indian-affairs-annual-reports/Pages/item.aspx?IdNumber=4329,223,
473,1885,,Stragglers,,Orphans of St. Albert,,,,,30.0,,30.0,,http://www.bac-lac.gc.ca/eng/discover/aboriginal-heritage/first-nations/indian-affairs-annual-reports/Pages/item.aspx?IdNumber=4329,223,
474,1885,,Non-Treaty Indians,Non-Treaty,,,Salteaux Indians,Salteaux,58.0,,,58.0,,http://www.bac-lac.gc.ca/eng/discover/aboriginal-heritage/first-nations/indian-affairs-annual-reports/Pages/item.aspx?IdNumber=4329,223,
475,1885,,Non-Treaty Indians,Non-Treaty,,,Yellow Sky,Salteaux,90.0,,,90.0,,http://www.bac-lac.gc.ca/eng/discover/aboriginal-heritage/first-nations/indian-affairs-annual-reports/Pages/item.aspx?IdNumber=4329,223,
476,1885,57,Non-Treaty Indians,Non-Treaty,Enoch,,Bird Tail Creek,Sioux,141.0,,,141.0,,http://www.bac-lac.gc.ca/eng/discover/aboriginal-heritage/first-nations/indian-affairs-annual-reports/Pages/item.aspx?IdNumber=4329,223,
477,1885,58,Non-Treaty Indians,Non-Treaty,Wadbudiska,,Oak River,Sioux,348.0,,,348.0,,http://www.bac-lac.gc.ca/eng/discover/aboriginal-heritage/first-nations/indian-affairs-annual-reports/Pages/item.aspx?IdNumber=4329,223,
478,1885,59,Non-Treaty Indians,Non-Treaty,No Chief,,Oak Lake,Sioux,79.0,,,79.0,,http://www.bac-lac.gc.ca/eng/discover/aboriginal-heritage/first-nations/indian-affairs-annual-reports/Pages/item.aspx?IdNumber=4329,223,
479,1885,60,Non-Treaty Indians,Non-Treaty,Ka-dominie,,Turtle Mountains,Sioux,43.0,,,43.0,,http://www.bac-lac.gc.ca/eng/discover/aboriginal-heritage/first-nations/indian-affairs-annual-reports/Pages/item.aspx?IdNumber=4329,223,
480,1885,78,Non-Treaty Indians,Non-Treaty,Standing Buffalo,,Qu'Appelle Lakes,Sioux,240.0,,,240.0,,http://www.bac-lac.gc.ca/eng/discover/aboriginal-heritage/first-nations/indian-affairs-annual-reports/Pages/item.aspx?IdNumber=4329,223,
481,1885,94,Non-Treaty Indians,Non-Treaty,White Cap,,Moose Woods,Sioux,100.0,,100.0,200.0,"In Treaty No. 4, and hunting on plains; scattered since rebellion",http://www.bac-lac.gc.ca/eng/discover/aboriginal-heritage/first-nations/indian-affairs-annual-reports/Pages/item.aspx?IdNumber=4329,223,
482,1886,61,Birtle,4,Kee-see-koo-weenin,,Riding Mountain,Salteaux,130.0,,,130.0,,http://www.bac-lac.gc.ca/eng/discover/aboriginal-heritage/first-nations/indian-affairs-annual-reports/Pages/item.aspx?IdNumber=4899,252,
483,1886,62,Birtle,4,"Shopwaynatung, formerly Way-way-see-cappo",,Bird Tail Creek,Salteaux,110.0,,,110.0,,http://www.bac-lac.gc.ca/eng/discover/aboriginal-heritage/first-nations/indian-affairs-annual-reports/Pages/item.aspx?IdNumber=4899,252,
484,1886,63,Birtle,4,The Gambler,,Silver Creek,Salteaux,177.0,,,177.0,,http://www.bac-lac.gc.ca/eng/discover/aboriginal-heritage/first-nations/indian-affairs-annual-reports/Pages/item.aspx?IdNumber=4899,252,
485,1886,64,Birtle,4,Coté,,Fort Pelly,Salteaux,260.0,,5.0,265.0,Absent hunting,http://www.bac-lac.gc.ca/eng/discover/aboriginal-heritage/first-nations/indian-affairs-annual-reports/Pages/item.aspx?IdNumber=4899,252,
486,1886,65,Birtle,4,The Key,,Fort Pelly,Salteaux,184.0,,1.0,185.0,Absent hunting,http://www.bac-lac.gc.ca/eng/discover/aboriginal-heritage/first-nations/indian-affairs-annual-reports/Pages/item.aspx?IdNumber=4899,252,
487,1886,66,Birtle,4,Kee-see-konse,,Fort Pelly,Salteaux,172.0,,,172.0,,http://www.bac-lac.gc.ca/eng/discover/aboriginal-heritage/first-nations/indian-affairs-annual-reports/Pages/item.aspx?IdNumber=4899,252,
488,1886,67,Birtle,4,South Quill,,Rolling River,Salteaux,103.0,,,103.0,,http://www.bac-lac.gc.ca/eng/discover/aboriginal-heritage/first-nations/indian-affairs-annual-reports/Pages/item.aspx?IdNumber=4899,252,
489,1886,68,Birtle,4,Pheasant Rump,,Moose Mountains,Assiniboine and Cree,85.0,,1.0,86.0,Absent hunting,http://www.bac-lac.gc.ca/eng/discover/aboriginal-heritage/first-nations/indian-affairs-annual-reports/Pages/item.aspx?IdNumber=4899,252,
490,1886,69,Birtle,4,Ocean Man,,Moose Mountains,Assiniboine and Cree,78.0,,,78.0,,http://www.bac-lac.gc.ca/eng/discover/aboriginal-heritage/first-nations/indian-affairs-annual-reports/Pages/item.aspx?IdNumber=4899,252,
491,1886,70,Birtle,4,White Bear,,Moose Mountains,Assiniboine and Cree,85.0,,1.0,86.0,At Crooked Lakes,http://www.bac-lac.gc.ca/eng/discover/aboriginal-heritage/first-nations/indian-affairs-annual-reports/Pages/item.aspx?IdNumber=4899,252,
492,1886,71,Crooked Lake,4,Ochapowace,,Crooked Lakes,Cree,269.0,,13.0,282.0,3 at Fort Qu'Appelle; 1 at Piapots; 3 at File Hill; 3 at Cypress Hills,http://www.bac-lac.gc.ca/eng/discover/aboriginal-heritage/first-nations/indian-affairs-annual-reports/Pages/item.aspx?IdNumber=4899,252,
493,1886,72,Crooked Lake,4,Kakewistahaw,,Crooked Lakes,Cree,183.0,,3.0,186.0,1 at File Hills; 2 at Cypress Hills,http://www.bac-lac.gc.ca/eng/discover/aboriginal-heritage/first-nations/indian-affairs-annual-reports/Pages/item.aspx?IdNumber=4899,252,
494,1886,73,Crooked Lake,4,Cowesess,,Crooked Lakes,Salteaux,225.0,,4.0,229.0,1 at Pasquahs; 3 at Turtle Mountain,http://www.bac-lac.gc.ca/eng/discover/aboriginal-heritage/first-nations/indian-affairs-annual-reports/Pages/item.aspx?IdNumber=4899,252,
495,1886,73a,Crooked Lake,4,Ouchaness,,Leech Lake,Salteaux,63.0,,,63.0,,http://www.bac-lac.gc.ca/eng/discover/aboriginal-heritage/first-nations/indian-affairs-annual-reports/Pages/item.aspx?IdNumber=4899,252,
496,1886,74,Crooked Lake,4,Sakimay,,Crooked Lakes,Salteaux,126.0,,1.0,127.0,1 at Ellice,http://www.bac-lac.gc.ca/eng/discover/aboriginal-heritage/first-nations/indian-affairs-annual-reports/Pages/item.aspx?IdNumber=4899,252,
497,1886,76,Assiniboine Reserve,4,"The-man-who-took-the-coat, or Jack",,Indian Head,Assiniboine,258.0,,,258.0,,http://www.bac-lac.gc.ca/eng/discover/aboriginal-heritage/first-nations/indian-affairs-annual-reports/Pages/item.aspx?IdNumber=4899,252,
498,1886,81,File Hills,4,Peepeekeesis,,File Hills,Cree,108.0,,13.0,121.0,1 in States; 1 at Touchwood Hills; 11 on Plains hunting,http://www.bac-lac.gc.ca/eng/discover/aboriginal-heritage/first-nations/indian-affairs-annual-reports/Pages/item.aspx?IdNumber=4899,252,
499,1886,82,File Hills,4,Okanees,,File Hills,Cree,61.0,,8.0,69.0,1 at Pasquah's; 7 hunting,http://www.bac-lac.gc.ca/eng/discover/aboriginal-heritage/first-nations/indian-affairs-annual-reports/Pages/item.aspx?IdNumber=4900,253,
500,1886,83,File Hills,4,Star Blanket,,File Hills,Cree,70.0,,4.0,74.0,4 hunting,http://www.bac-lac.gc.ca/eng/discover/aboriginal-heritage/first-nations/indian-affairs-annual-reports/Pages/item.aspx?IdNumber=4900,253,
501,1886,84,File Hills,4,Little Black Bear,,File Hills,Cree,98.0,,24.0,122.0,3 at Turtle Mountain; 1 at Fort Qu'Appelle; rest hunting,http://www.bac-lac.gc.ca/eng/discover/aboriginal-heritage/first-nations/indian-affairs-annual-reports/Pages/item.aspx?IdNumber=4900,253,
502,1886,75,Muscowpetung's,4,Piapot,,Qu'Appelle Valley,Cree,339.0,,47.0,386.0,1 at Swift Current,http://www.bac-lac.gc.ca/eng/discover/aboriginal-heritage/first-nations/indian-affairs-annual-reports/Pages/item.aspx?IdNumber=4900,253,
503,1886,79,Muscowpetung's,4,Pasquah,,Qu'Appelle Lakes,Cree,222.0,,24.0,246.0,5 at Crooked Lakes; 2 at Moose Mountains; 13 at Touchwood Hills; 1 at File Hills; 3 at Fort Ellice,http://www.bac-lac.gc.ca/eng/discover/aboriginal-heritage/first-nations/indian-affairs-annual-reports/Pages/item.aspx?IdNumber=4900,253,
504,1886,80,Muscowpetung's,4,Muscowpetung,,Qu'Appelle Valley,Cree,128.0,,21.0,149.0,2 at Turtle Mountain; 11 at Touchwood Hills; balance hunting,http://www.bac-lac.gc.ca/eng/discover/aboriginal-heritage/first-nations/indian-affairs-annual-reports/Pages/item.aspx?IdNumber=4900,253,
505,1886,85,Touchwood Hills,4,Muscowequahn,,Touchwood Hills,Cree,159.0,,,159.0,,http://www.bac-lac.gc.ca/eng/discover/aboriginal-heritage/first-nations/indian-affairs-annual-reports/Pages/item.aspx?IdNumber=4900,253,
506,1886,86,Touchwood Hills,4,George Gordon,,Touchwood Hills,Cree,171.0,,,171.0,,http://www.bac-lac.gc.ca/eng/discover/aboriginal-heritage/first-nations/indian-affairs-annual-reports/Pages/item.aspx?IdNumber=4900,253,
507,1886,87,Touchwood Hills,4,Day Star,,Touchwood Hills,Cree,113.0,,,113.0,,http://www.bac-lac.gc.ca/eng/discover/aboriginal-heritage/first-nations/indian-affairs-annual-reports/Pages/item.aspx?IdNumber=4900,253,
508,1886,88,Touchwood Hills,4,"Tah-we-kesiquape, formerly Kah-wah-ka-toose",,Touchwood Hills,Cree,168.0,,1.0,169.0,1 at Fort Ellice,http://www.bac-lac.gc.ca/eng/discover/aboriginal-heritage/first-nations/indian-affairs-annual-reports/Pages/item.aspx?IdNumber=4900,253,
509,1886,89,Touchwood Hills,4,Yellow Quill,G5,Nut Lake,Cree,327.0,,,327.0,,http://www.bac-lac.gc.ca/eng/discover/aboriginal-heritage/first-nations/indian-affairs-annual-reports/Pages/item.aspx?IdNumber=4900,253,
510,1886,90,Touchwood Hills,4,Yellow Quill,G5,Fishing Lake,Cree,,,,,,http://www.bac-lac.gc.ca/eng/discover/aboriginal-heritage/first-nations/indian-affairs-annual-reports/Pages/item.aspx?IdNumber=4900,253,
511,1886,95,Prince Albert,6,One Arrow,,Opposite Batoche,Cree,92.0,,,92.0,,http://www.bac-lac.gc.ca/eng/discover/aboriginal-heritage/first-nations/indian-affairs-annual-reports/Pages/item.aspx?IdNumber=4900,253,
512,1886,96,Prince Albert,6,Okemasis,,Duck Lake,Cree,105.0,,,105.0,,http://www.bac-lac.gc.ca/eng/discover/aboriginal-heritage/first-nations/indian-affairs-annual-reports/Pages/item.aspx?IdNumber=4900,253,
513,1886,97,Prince Albert,6,Beardy,,Duck Lake,Cree,143.0,,,143.0,,http://www.bac-lac.gc.ca/eng/discover/aboriginal-heritage/first-nations/indian-affairs-annual-reports/Pages/item.aspx?IdNumber=4900,253,
514,1886,98,Prince Albert,6,Chekastaypaysin,,South Saskatchewan,Cree,52.0,,,52.0,,http://www.bac-lac.gc.ca/eng/discover/aboriginal-heritage/first-nations/indian-affairs-annual-reports/Pages/item.aspx?IdNumber=4900,253,
515,1886,99,Prince Albert,6,John Smith,,South Saskatchewan,Cree,199.0,,,199.0,,http://www.bac-lac.gc.ca/eng/discover/aboriginal-heritage/first-nations/indian-affairs-annual-reports/Pages/item.aspx?IdNumber=4900,253,
516,1886,100,Prince Albert,6,Jas. Smith,,Fort à la Corne,Cree,305.0,,,305.0,,http://www.bac-lac.gc.ca/eng/discover/aboriginal-heritage/first-nations/indian-affairs-annual-reports/Pages/item.aspx?IdNumber=4900,253,
517,1886,101,Prince Albert,6,Wm. Twatt,,Sturgeon Lake,Cree,156.0,,,156.0,,http://www.bac-lac.gc.ca/eng/discover/aboriginal-heritage/first-nations/indian-affairs-annual-reports/Pages/item.aspx?IdNumber=4900,253,
518,1886,103,Prince Albert,6,Petequakey,,Muskeg Lake,Cree,104.0,,,104.0,,http://www.bac-lac.gc.ca/eng/discover/aboriginal-heritage/first-nations/indian-affairs-annual-reports/Pages/item.aspx?IdNumber=4900,253,
519,1886,103,Prince Albert,6,Mistowasis,,Snake Lake,Cree,186.0,,,186.0,,http://www.bac-lac.gc.ca/eng/discover/aboriginal-heritage/first-nations/indian-affairs-annual-reports/Pages/item.aspx?IdNumber=4900,253,
520,1886,104,Prince Albert,6,Attackakoop,,Sandy Lake,Cree,180.0,,,180.0,,http://www.bac-lac.gc.ca/eng/discover/aboriginal-heritage/first-nations/indian-affairs-annual-reports/Pages/item.aspx?IdNumber=4900,253,
521,1886,105,Prince Albert,6,Kopahawakenum,,Meadow Lake,Cree,58.0,,,58.0,,http://www.bac-lac.gc.ca/eng/discover/aboriginal-heritage/first-nations/indian-affairs-annual-reports/Pages/item.aspx?IdNumber=4900,253,
522,1886,106,Prince Albert,6,Kennemotayo,,Assiniboine Lake,Cree,107.0,,,107.0,,http://www.bac-lac.gc.ca/eng/discover/aboriginal-heritage/first-nations/indian-affairs-annual-reports/Pages/item.aspx?IdNumber=4900,253,
523,1886,108,Battleford,6,Red Pheasant,,Eagle Hills,Cree,118.0,,,118.0,,http://www.bac-lac.gc.ca/eng/discover/aboriginal-heritage/first-nations/indian-affairs-annual-reports/Pages/item.aspx?IdNumber=4901,254,
524,1886,109,Battleford,6,Mosquito,G6,Eagle Hills,Stoney,180.0,,,180.0,These Bands have been amalgamated,http://www.bac-lac.gc.ca/eng/discover/aboriginal-heritage/first-nations/indian-affairs-annual-reports/Pages/item.aspx?IdNumber=4901,254,
525,1886,110,Battleford,6,Bear's Head,G6,Eagle Hills,Stoney,,,,,These Bands have been amalgamated,http://www.bac-lac.gc.ca/eng/discover/aboriginal-heritage/first-nations/indian-affairs-annual-reports/Pages/item.aspx?IdNumber=4901,254,
526,1886,111,Battleford,6,Lean Man,G6,Eagle Hills,Stoney,,,,,These Bands have been amalgamated,http://www.bac-lac.gc.ca/eng/discover/aboriginal-heritage/first-nations/indian-affairs-annual-reports/Pages/item.aspx?IdNumber=4901,254,
527,1886,112,Battleford,6,Moosomin,,Jack Fish Creek,Cree,110.0,,,110.0,,http://www.bac-lac.gc.ca/eng/discover/aboriginal-heritage/first-nations/indian-affairs-annual-reports/Pages/item.aspx?IdNumber=4901,254,
528,1886,113,Battleford,6,Sweet Grass,,Battle River,Cree,191.0,,1.0,192.0,Away hunting,http://www.bac-lac.gc.ca/eng/discover/aboriginal-heritage/first-nations/indian-affairs-annual-reports/Pages/item.aspx?IdNumber=4901,254,
529,1886,114,Battleford,6,Poundmaker,,Battle River,Cree,237.0,,,237.0,,http://www.bac-lac.gc.ca/eng/discover/aboriginal-heritage/first-nations/indian-affairs-annual-reports/Pages/item.aspx?IdNumber=4901,254,
530,1886,115,Battleford,6,Thunderchild,,Battle River,Cree,173.0,,,173.0,,http://www.bac-lac.gc.ca/eng/discover/aboriginal-heritage/first-nations/indian-affairs-annual-reports/Pages/item.aspx?IdNumber=4901,254,
531,1886,116,Battleford,6,Little Pine,,Battleford,Cree,130.0,,3.0,133.0,Away hunting,http://www.bac-lac.gc.ca/eng/discover/aboriginal-heritage/first-nations/indian-affairs-annual-reports/Pages/item.aspx?IdNumber=4901,254,
532,1886,117,Battleford,6,Lucky Man,,Battleford,Cree,,,,,"Indians of this Band have been incorporated with the other Bands of Battleford District, some few having joined the Peace Hills Reserves",http://www.bac-lac.gc.ca/eng/discover/aboriginal-heritage/first-nations/indian-affairs-annual-reports/Pages/item.aspx?IdNumber=4901,254,
533,1886,119,Onion Lake,6,Seekaskootch,,Onion Lake,Cree,262.0,,,262.0,,http://www.bac-lac.gc.ca/eng/discover/aboriginal-heritage/first-nations/indian-affairs-annual-reports/Pages/item.aspx?IdNumber=4901,254,
534,1886,124,Onion Lake,6,Kinoosayo,,Beaver Lake,Chippeweyan,123.0,,,123.0,,http://www.bac-lac.gc.ca/eng/discover/aboriginal-heritage/first-nations/indian-affairs-annual-reports/Pages/item.aspx?IdNumber=4901,254,
535,1886,118,Onion Lake,6,Big Bear,G7,Fort Pitt,Cree,,,738.0,738.0,"The Indians of these Bands have been absent since the rebellion, in the woods fishing and hunting, and supporting themselves; occasionally those unable to do so return to the Agency",http://www.bac-lac.gc.ca/eng/discover/aboriginal-heritage/first-nations/indian-affairs-annual-reports/Pages/item.aspx?IdNumber=4901,254,
536,1886,120,Onion Lake,6,Weemisticooseawasis,G7,Stoney Lake,Cree,,,,,"The Indians of these Bands have been absent since the rebellion, in the woods fishing and hunting, and supporting themselves; occasionally those unable to do so return to the Agency",http://www.bac-lac.gc.ca/eng/discover/aboriginal-heritage/first-nations/indian-affairs-annual-reports/Pages/item.aspx?IdNumber=4901,254,
537,1886,121,Onion Lake,6,Oneepowahayo,G7,Frog Lake,Cree,,,,,"The Indians of these Bands have been absent since the rebellion, in the woods fishing and hunting, and supporting themselves; occasionally those unable to do so return to the Agency",http://www.bac-lac.gc.ca/eng/discover/aboriginal-heritage/first-nations/indian-affairs-annual-reports/Pages/item.aspx?IdNumber=4901,254,
538,1886,122,Onion Lake,6,Puskeahkewenin,G7,Frog Lake,Cree,,,,,"The Indians of these Bands have been absent since the rebellion, in the woods fishing and hunting, and supporting themselves; occasionally those unable to do so return to the Agency",http://www.bac-lac.gc.ca/eng/discover/aboriginal-heritage/first-nations/indian-affairs-annual-reports/Pages/item.aspx?IdNumber=4901,254,
539,1886,123,Onion Lake,6,Keeheewin,G7,Moose Lake,Cree,,,,,"The Indians of these Bands have been absent since the rebellion, in the woods fishing and hunting, and supporting themselves; occasionally those unable to do so return to the Agency",http://www.bac-lac.gc.ca/eng/discover/aboriginal-heritage/first-nations/indian-affairs-annual-reports/Pages/item.aspx?IdNumber=4901,254,
540,1886,125,Victoria,6,Little Hunter,,Saddle Lake,Cree,78.0,,,78.0,,http://www.bac-lac.gc.ca/eng/discover/aboriginal-heritage/first-nations/indian-affairs-annual-reports/Pages/item.aspx?IdNumber=4901,254,
541,1886,126,Victoria,6,Muskegwatie,,Victoria,Cree,48.0,,,48.0,,http://www.bac-lac.gc.ca/eng/discover/aboriginal-heritage/first-nations/indian-affairs-annual-reports/Pages/item.aspx?IdNumber=4901,254,
542,1886,127,Victoria,6,Blue Quill,,Victoria,Cree,47.0,,,47.0,,http://www.bac-lac.gc.ca/eng/discover/aboriginal-heritage/first-nations/indian-affairs-annual-reports/Pages/item.aspx?IdNumber=4901,254,
543,1886,128,Victoria,6,Seenum,,Whitefish Lake,Cree,279.0,,,279.0,,http://www.bac-lac.gc.ca/eng/discover/aboriginal-heritage/first-nations/indian-affairs-annual-reports/Pages/item.aspx?IdNumber=4901,254,
544,1886,129,Victoria,6,Peeaysees,,Lac la Biche,Cree,16.0,,,16.0,This Band has almost entirely withdrawn from Treaty,http://www.bac-lac.gc.ca/eng/discover/aboriginal-heritage/first-nations/indian-affairs-annual-reports/Pages/item.aspx?IdNumber=4901,254,
545,1886,130,Victoria,6,Antoine,,Heart's Lake,Chippeweyan,82.0,,,82.0,,http://www.bac-lac.gc.ca/eng/discover/aboriginal-heritage/first-nations/indian-affairs-annual-reports/Pages/item.aspx?IdNumber=4901,254,
546,1886,131,Victoria,6,Kaquanum,,Beaver Lake,Cree,130.0,,,130.0,,http://www.bac-lac.gc.ca/eng/discover/aboriginal-heritage/first-nations/indian-affairs-annual-reports/Pages/item.aspx?IdNumber=4901,254,
547,1886,132,Edmonton,6,Michel,,Sturgeon River,Stony,88.0,,,88.0,,http://www.bac-lac.gc.ca/eng/discover/aboriginal-heritage/first-nations/indian-affairs-annual-reports/Pages/item.aspx?IdNumber=4902,255,
548,1886,133,Edmonton,6,Alexis,,Stoney Lake,Stony,211.0,,,211.0,,http://www.bac-lac.gc.ca/eng/discover/aboriginal-heritage/first-nations/indian-affairs-annual-reports/Pages/item.aspx?IdNumber=4902,255,
549,1886,134,Edmonton,6,Alexander,,Lac la Nonne,Stony,220.0,,,220.0,,http://www.bac-lac.gc.ca/eng/discover/aboriginal-heritage/first-nations/indian-affairs-annual-reports/Pages/item.aspx?IdNumber=4902,255,
550,1886,135,Edmonton,6,Enoch le Potac,,Stony Plains,Cree,140.0,,,140.0,,http://www.bac-lac.gc.ca/eng/discover/aboriginal-heritage/first-nations/indian-affairs-annual-reports/Pages/item.aspx?IdNumber=4902,255,
551,1886,136,Edmonton,6,Paspaschase,,Edmonton,Cree,194.0,,,194.0,,http://www.bac-lac.gc.ca/eng/discover/aboriginal-heritage/first-nations/indian-affairs-annual-reports/Pages/item.aspx?IdNumber=4902,255,
552,1886,,Edmonton,6,Iron Head,,White Lake,Stony,,,,,Branch of Alexis' band,http://www.bac-lac.gc.ca/eng/discover/aboriginal-heritage/first-nations/indian-affairs-annual-reports/Pages/item.aspx?IdNumber=4902,255,
553,1886,137,Peace Hills,6,Ermine Skin,,Bear's Hills,Cree,172.0,,,172.0,,http://www.bac-lac.gc.ca/eng/discover/aboriginal-heritage/first-nations/indian-affairs-annual-reports/Pages/item.aspx?IdNumber=4902,255,
554,1886,138,Peace Hills,6,Sampson,,Bear's Hills,Cree,275.0,,,275.0,,http://www.bac-lac.gc.ca/eng/discover/aboriginal-heritage/first-nations/indian-affairs-annual-reports/Pages/item.aspx?IdNumber=4902,255,
555,1886,139,Peace Hills,6,Bobtail,,Bear's Hills,Cree,101.0,,,101.0,,http://www.bac-lac.gc.ca/eng/discover/aboriginal-heritage/first-nations/indian-affairs-annual-reports/Pages/item.aspx?IdNumber=4902,255,
556,1886,140,Peace Hills,6,Muddy Bull,,Pigeon Lake,Cree,95.0,,,95.0,,http://www.bac-lac.gc.ca/eng/discover/aboriginal-heritage/first-nations/indian-affairs-annual-reports/Pages/item.aspx?IdNumber=4902,255,
557,1886,141,Peace Hills,6,Oheepoostequahn,,Wolf Creek,Stony,200.0,,,200.0,,http://www.bac-lac.gc.ca/eng/discover/aboriginal-heritage/first-nations/indian-affairs-annual-reports/Pages/item.aspx?IdNumber=4902,255,
558,1886,142,Sarcee,7,Bear's Paw,,Morleyville,Stony,263.0,,,263.0,,http://www.bac-lac.gc.ca/eng/discover/aboriginal-heritage/first-nations/indian-affairs-annual-reports/Pages/item.aspx?IdNumber=4902,255,
559,1886,142,Sarcee,7,Ohinniquy,,Morleyville,Stony,136.0,,,136.0,,http://www.bac-lac.gc.ca/eng/discover/aboriginal-heritage/first-nations/indian-affairs-annual-reports/Pages/item.aspx?IdNumber=4902,255,
560,1886,143,Sarcee,7,Jacob,,Morleyville,Stony,234.0,,,234.0,,http://www.bac-lac.gc.ca/eng/discover/aboriginal-heritage/first-nations/indian-affairs-annual-reports/Pages/item.aspx?IdNumber=4902,255,
561,1886,145,Sarcee,7,Bull's Head,,Calgary,Sarcee,339.0,,2.0,341.0,,http://www.bac-lac.gc.ca/eng/discover/aboriginal-heritage/first-nations/indian-affairs-annual-reports/Pages/item.aspx?IdNumber=4902,255,
562,1886,146,Blackfoot Crossing,7,Crowfoot,G8,North and South of Bow River,Blackfeet,2147.0,,,2147.0,,http://www.bac-lac.gc.ca/eng/discover/aboriginal-heritage/first-nations/indian-affairs-annual-reports/Pages/item.aspx?IdNumber=4902,255,
563,1886,146,Blackfoot Crossing,7,Old Sun,G8,North and South of Bow River,Blackfeet,,,,,,http://www.bac-lac.gc.ca/eng/discover/aboriginal-heritage/first-nations/indian-affairs-annual-reports/Pages/item.aspx?IdNumber=4902,255,
564,1886,147,Blood,7,Eagle Tail,,Old Man's River,Piegans,929.0,,3.0,932.0,,http://www.bac-lac.gc.ca/eng/discover/aboriginal-heritage/first-nations/indian-affairs-annual-reports/Pages/item.aspx?IdNumber=4902,255,
565,1886,148,Blood,7,Red Crow,,Belly River,Bloods,2235.0,,6.0,2241.0,,http://www.bac-lac.gc.ca/eng/discover/aboriginal-heritage/first-nations/indian-affairs-annual-reports/Pages/item.aspx?IdNumber=4902,255,
566,1886,,Stragglers,,Birtle District,,,,,150.0,,150.0,From the Portage,http://www.bac-lac.gc.ca/eng/discover/aboriginal-heritage/first-nations/indian-affairs-annual-reports/Pages/item.aspx?IdNumber=4903,256,
567,1886,,Stragglers,,Battleford District,,,,,13.0,,13.0,From Wemisticooseawasis Band,http://www.bac-lac.gc.ca/eng/discover/aboriginal-heritage/first-nations/indian-affairs-annual-reports/Pages/item.aspx?IdNumber=4903,256,
568,1886,,Stragglers,,Edmonton District,,,,,13.0,,13.0,,http://www.bac-lac.gc.ca/eng/discover/aboriginal-heritage/first-nations/indian-affairs-annual-reports/Pages/item.aspx?IdNumber=4903,256,
569,1886,,Stragglers,,Foremost Man,,,,,200.0,,200.0,In vicinity of Medicine Hat and Maple Creek,http://www.bac-lac.gc.ca/eng/discover/aboriginal-heritage/first-nations/indian-affairs-annual-reports/Pages/item.aspx?IdNumber=4903,256,
570,1886,,Stragglers,,Beaver Hills Lake Indians,,,Salteaux,,7.0,,7.0,,http://www.bac-lac.gc.ca/eng/discover/aboriginal-heritage/first-nations/indian-affairs-annual-reports/Pages/item.aspx?IdNumber=4903,256,
571,1886,,Stragglers,,Orphans of St. Albert,,,,,14.0,,14.0,,http://www.bac-lac.gc.ca/eng/discover/aboriginal-heritage/first-nations/indian-affairs-annual-reports/Pages/item.aspx?IdNumber=4903,256,
572,1886,,Non-Treaty Indians,Non-Treaty,Salteaux,,,Salteaux,58.0,,,58.0,,http://www.bac-lac.gc.ca/eng/discover/aboriginal-heritage/first-nations/indian-affairs-annual-reports/Pages/item.aspx?IdNumber=4903,256,
573,1886,,Non-Treaty Indians,Non-Treaty,Yellow Sky,,,Salteaux,90.0,,,90.0,,http://www.bac-lac.gc.ca/eng/discover/aboriginal-heritage/first-nations/indian-affairs-annual-reports/Pages/item.aspx?IdNumber=4903,256,
574,1886,,Non-Treaty Indians,Non-Treaty,,,Bird Tail Creek,Sioux,138.0,,,138.0,,http://www.bac-lac.gc.ca/eng/discover/aboriginal-heritage/first-nations/indian-affairs-annual-reports/Pages/item.aspx?IdNumber=4903,256,
575,1886,,Non-Treaty Indians,Non-Treaty,,,Oak River,Sioux,268.0,,,268.0,,http://www.bac-lac.gc.ca/eng/discover/aboriginal-heritage/first-nations/indian-affairs-annual-reports/Pages/item.aspx?IdNumber=4903,256,
576,1886,,Non-Treaty Indians,Non-Treaty,,,Oak Lake,Sioux,73.0,,,73.0,,http://www.bac-lac.gc.ca/eng/discover/aboriginal-heritage/first-nations/indian-affairs-annual-reports/Pages/item.aspx?IdNumber=4903,256,
577,1886,,Non-Treaty Indians,Non-Treaty,,,Turtle Mountain,Sioux,32.0,,,32.0,,http://www.bac-lac.gc.ca/eng/discover/aboriginal-heritage/first-nations/indian-affairs-annual-reports/Pages/item.aspx?IdNumber=4903,256,
578,1886,,Non-Treaty Indians,Non-Treaty,Standing Buffalo,,Qu'Appelle Lakes,Sioux,150.0,,,150.0,A number of these Sioux went north to join White Cap,http://www.bac-lac.gc.ca/eng/discover/aboriginal-heritage/first-nations/indian-affairs-annual-reports/Pages/item.aspx?IdNumber=4903,256,
579,1886,,Non-Treaty Indians,Non-Treaty,White Cap,,Moose Woods,Sioux,250.0,,,250.0,,http://www.bac-lac.gc.ca/eng/discover/aboriginal-heritage/first-nations/indian-affairs-annual-reports/Pages/item.aspx?IdNumber=4903,256,
580,1887,61,Birtle,4,Kee-ses-koo-wenin,,Riding Mountain,Salteaux,135.0,,1.0,136.0,Absent hunting,http://www.bac-lac.gc.ca/eng/discover/aboriginal-heritage/first-nations/indian-affairs-annual-reports/Pages/item.aspx?IdNumber=5579,266,
581,1887,62,Birtle,4,Shop-way-na-tung,,Bird Tail Creek,Salteaux,148.0,,,148.0,,http://www.bac-lac.gc.ca/eng/discover/aboriginal-heritage/first-nations/indian-affairs-annual-reports/Pages/item.aspx?IdNumber=5579,266,
582,1887,63,Birtle,4,The Gambler,,Silver Creek,Salteaux,127.0,,,127.0,,http://www.bac-lac.gc.ca/eng/discover/aboriginal-heritage/first-nations/indian-affairs-annual-reports/Pages/item.aspx?IdNumber=5579,266,
583,1887,64,Birtle,4,Côte,,Fort Pelly,Salteaux,267.0,,1.0,268.0,,http://www.bac-lac.gc.ca/eng/discover/aboriginal-heritage/first-nations/indian-affairs-annual-reports/Pages/item.aspx?IdNumber=5579,266,
584,1887,65,Birtle,4,The Key,,Fort Pelly,Salteaux,220.0,,10.0,230.0,Absent hunting at Shoal River,http://www.bac-lac.gc.ca/eng/discover/aboriginal-heritage/first-nations/indian-affairs-annual-reports/Pages/item.aspx?IdNumber=5579,266,
585,1887,66,Birtle,4,Kee-see-kouse,,Fort Pelly,Salteaux,169.0,,3.0,172.0,Absent hunting,http://www.bac-lac.gc.ca/eng/discover/aboriginal-heritage/first-nations/indian-affairs-annual-reports/Pages/item.aspx?IdNumber=5579,266,
586,1887,67,Birtle,4,South Quill,,Rolling River,Salteaux,109.0,,,109.0,,http://www.bac-lac.gc.ca/eng/discover/aboriginal-heritage/first-nations/indian-affairs-annual-reports/Pages/item.aspx?IdNumber=5579,266,
587,1887,68,Moose Mountain,4,Pheasant Rump,,Moose Mountain,Assiniboine,75.0,,7.0,82.0,"1, at Indian Head; 6, in Missouri",http://www.bac-lac.gc.ca/eng/discover/aboriginal-heritage/first-nations/indian-affairs-annual-reports/Pages/item.aspx?IdNumber=5579,266,
588,1887,69,Moose Mountain,4,Ocean Man,,Moose Mountain,Assiniboine,41.0,,32.0,73.0,"3, Turtle Mountain; 29, Missouri",http://www.bac-lac.gc.ca/eng/discover/aboriginal-heritage/first-nations/indian-affairs-annual-reports/Pages/item.aspx?IdNumber=5579,266,
589,1887,70,Moose Mountain,4,White Bear,,Moose Mountain,Cree,2.0,,83.0,85.0,Turtle Mountain,http://www.bac-lac.gc.ca/eng/discover/aboriginal-heritage/first-nations/indian-affairs-annual-reports/Pages/item.aspx?IdNumber=5579,266,
590,1887,71,Crooked Lake,4,Ochopowace,,Crooked Lakes,Crees,167.0,,109.0,276.0,"25, Piapots; 33 gone south with Chac-a-chas; 10, File Hills; 4, Long Lake; 7, transferred to Pee-pee-ke-sis",http://www.bac-lac.gc.ca/eng/discover/aboriginal-heritage/first-nations/indian-affairs-annual-reports/Pages/item.aspx?IdNumber=5579,266,
591,1887,72,Crooked Lake,4,Ka-ke-wista-bow,,Crooked Lakes,Crees,132.0,,53.0,185.0,"21, Turtle Mountain; 6 gone west; 1, Fort Walsh; 1, Moose Mountain; 1, Industrial School",http://www.bac-lac.gc.ca/eng/discover/aboriginal-heritage/first-nations/indian-affairs-annual-reports/Pages/item.aspx?IdNumber=5579,266,
592,1887,73,Crooked Lake,4,Cowesess,,Crooked Lakes,Crees,147.0,,53.0,200.0,"20, Turtle Mountain; 14 gone across the line; 6, Moose Mountain; 7 gone west; 2, Industrial School; 4, whereabouts unknown",http://www.bac-lac.gc.ca/eng/discover/aboriginal-heritage/first-nations/indian-affairs-annual-reports/Pages/item.aspx?IdNumber=5579,266,"The number absent in Whereabouts is greater than the Total No. absent. In original, both absent and present were adjusted based on texutal description of absences"
593,1887,73a,Crooked Lake,4,Onehanew,,Leech Lake,Crees,,16.0,,,"1, Moose Mountain; 1 Turtle Mountain; 4 gone across the line; 2, Piapots; 2, Fort Ellice; 6, unknown",http://www.bac-lac.gc.ca/eng/discover/aboriginal-heritage/first-nations/indian-affairs-annual-reports/Pages/item.aspx?IdNumber=5579,266,
594,1887,74,Crooked Lake,4,Sakimay,,Crooked Lakes,Crees,182.0,,12.0,194.0,"3, Rolling River; 5, Turtle Mountain; 4, Maple Creek",http://www.bac-lac.gc.ca/eng/discover/aboriginal-heritage/first-nations/indian-affairs-annual-reports/Pages/item.aspx?IdNumber=5580,267,
595,1887,76,Assiniboine,4,The-man-who-took-the-coat,,Indian Head,Assiniboine,250.0,,3.0,253.0,3 in United States,http://www.bac-lac.gc.ca/eng/discover/aboriginal-heritage/first-nations/indian-affairs-annual-reports/Pages/item.aspx?IdNumber=5580,267,
596,1887,81,File Hills,4,Pee-pee-kee-sis,,File Hills,Cree,86.0,,13.0,99.0,Absent at Turtle Mountain,http://www.bac-lac.gc.ca/eng/discover/aboriginal-heritage/first-nations/indian-affairs-annual-reports/Pages/item.aspx?IdNumber=5580,267,
597,1887,82,File Hills,4,Okanese,,File Hills,Cree,50.0,,7.0,57.0,Absent at Turtle Mountain,http://www.bac-lac.gc.ca/eng/discover/aboriginal-heritage/first-nations/indian-affairs-annual-reports/Pages/item.aspx?IdNumber=5580,267,
598,1887,83,File Hills,4,Star Blanket,,File Hills,Cree,65.0,,5.0,70.0,Absent at Turtle Mountain,http://www.bac-lac.gc.ca/eng/discover/aboriginal-heritage/first-nations/indian-affairs-annual-reports/Pages/item.aspx?IdNumber=5580,267,
599,1887,84,File Hills,4,Little Black Bear,,File Hills,Cree,86.0,,12.0,98.0,Absent at Turtle Mountain,http://www.bac-lac.gc.ca/eng/discover/aboriginal-heritage/first-nations/indian-affairs-annual-reports/Pages/item.aspx?IdNumber=5580,267,
600,1887,85,Touchwood Hills,4,Mus-cow-equahn,,Touchwood Hills,Cree,157.0,,,157.0,,http://www.bac-lac.gc.ca/eng/discover/aboriginal-heritage/first-nations/indian-affairs-annual-reports/Pages/item.aspx?IdNumber=5580,267,
601,1887,86,Touchwood Hills,4,Geo. Gordon,,Touchwood Hills,Cree,165.0,,,165.0,,http://www.bac-lac.gc.ca/eng/discover/aboriginal-heritage/first-nations/indian-affairs-annual-reports/Pages/item.aspx?IdNumber=5580,267,
602,1887,87,Touchwood Hills,4,Day Star,,Touchwood Hills,Cree,106.0,,,106.0,,http://www.bac-lac.gc.ca/eng/discover/aboriginal-heritage/first-nations/indian-affairs-annual-reports/Pages/item.aspx?IdNumber=5580,267,
603,1887,88,Touchwood Hills,4,Kah wah-kah-toose,,Touchwood Hills,Cree,143.0,4.0,,147.0,"2, Mus-cow-pe-tungs; 2 in the north",http://www.bac-lac.gc.ca/eng/discover/aboriginal-heritage/first-nations/indian-affairs-annual-reports/Pages/item.aspx?IdNumber=5580,267,
604,1887,89,Touchwood Hills,4,Yellow Quill,G9,Fishing Lake,Cree,282.0,,57.0,339.0,Absent hunting,http://www.bac-lac.gc.ca/eng/discover/aboriginal-heritage/first-nations/indian-affairs-annual-reports/Pages/item.aspx?IdNumber=5580,267,
605,1887,90,Touchwood Hills,4,Yellow Quill,G9,Nut Lake,Cree,,,,,,http://www.bac-lac.gc.ca/eng/discover/aboriginal-heritage/first-nations/indian-affairs-annual-reports/Pages/item.aspx?IdNumber=5580,267,Numbers combined with Yellow Quill at Fishing Lake
606,1887,75,Mus-cow-pe-tungs,4,Pia-pot,,Qu'Appelle Valley,Cree,296.0,,15.0,311.0,"11, Turtle Mountain; 1, Touchwood Hills; 1, File Hills; 2, Crooked Lakes",http://www.bac-lac.gc.ca/eng/discover/aboriginal-heritage/first-nations/indian-affairs-annual-reports/Pages/item.aspx?IdNumber=5580,267,
607,1887,79,Mus-cow-pe-tungs,4,Pas-quah,,Qu'Appelle Lake,Cree,188.0,,4.0,192.0,"1, Turtle Mountain; 1, Regina; 1, absent",http://www.bac-lac.gc.ca/eng/discover/aboriginal-heritage/first-nations/indian-affairs-annual-reports/Pages/item.aspx?IdNumber=5580,267,
608,1887,80,Mus-cow-pe-tungs,4,Mus-cow-pe-tungs,,Qu'Appelle Valley,Cree,112.0,,15.0,127.0,"3, Turtle Mountain; 3, touchwood; 4, File Hills; 2, Crooked Lakes; 3, Regina",http://www.bac-lac.gc.ca/eng/discover/aboriginal-heritage/first-nations/indian-affairs-annual-reports/Pages/item.aspx?IdNumber=5580,267,
609,1887,95,Prince Albert,6,One Arrow,,Opposite Batoche,Cree,91.0,,,91.0,,http://www.bac-lac.gc.ca/eng/discover/aboriginal-heritage/first-nations/indian-affairs-annual-reports/Pages/item.aspx?IdNumber=5580,267,
610,1887,96,Prince Albert,6,Okemasis,,Duck Lake,Cree,105.0,,,105.0,,http://www.bac-lac.gc.ca/eng/discover/aboriginal-heritage/first-nations/indian-affairs-annual-reports/Pages/item.aspx?IdNumber=5580,267,
611,1887,97,Prince Albert,6,Beardy,,Duck Lake,Cree,142.0,,,142.0,,http://www.bac-lac.gc.ca/eng/discover/aboriginal-heritage/first-nations/indian-affairs-annual-reports/Pages/item.aspx?IdNumber=5580,267,
612,1887,98,Prince Albert,6,Chekastaypasin,,South Saskatchewan,Cree,58.0,,,58.0,,http://www.bac-lac.gc.ca/eng/discover/aboriginal-heritage/first-nations/indian-affairs-annual-reports/Pages/item.aspx?IdNumber=5580,267,
613,1887,99,Prince Albert,6,John Smith,,South Saskatchewan,Cree,130.0,,8.0,138.0,Away hunting,http://www.bac-lac.gc.ca/eng/discover/aboriginal-heritage/first-nations/indian-affairs-annual-reports/Pages/item.aspx?IdNumber=5580,267,
614,1887,100,Prince Albert,6,James Smith,,Fort à la Corne,Cree,141.0,,,141.0,,http://www.bac-lac.gc.ca/eng/discover/aboriginal-heritage/first-nations/indian-affairs-annual-reports/Pages/item.aspx?IdNumber=5581,268,
615,1887,101,Prince Albert,6,W. Twatt,,Sturgeon Lake,Cree,146.0,,,146.0,,http://www.bac-lac.gc.ca/eng/discover/aboriginal-heritage/first-nations/indian-affairs-annual-reports/Pages/item.aspx?IdNumber=5581,268,
616,1887,102,Prince Albert,6,Petequakey,,Muskeg Lake,Cree,97.0,,,97.0,,http://www.bac-lac.gc.ca/eng/discover/aboriginal-heritage/first-nations/indian-affairs-annual-reports/Pages/item.aspx?IdNumber=5581,268,
617,1887,103,Prince Albert,6,Mistawasis,,Snake Lake,Cree,165.0,,,165.0,,http://www.bac-lac.gc.ca/eng/discover/aboriginal-heritage/first-nations/indian-affairs-annual-reports/Pages/item.aspx?IdNumber=5581,268,
618,1887,104,Prince Albert,6,Attakakoop,,Sandy Lake,Cree,188.0,,,188.0,,http://www.bac-lac.gc.ca/eng/discover/aboriginal-heritage/first-nations/indian-affairs-annual-reports/Pages/item.aspx?IdNumber=5581,268,
619,1887,105,Prince Albert,6,Kopahawakenum,,Meadow Lake,Cree,58.0,,,58.0,,http://www.bac-lac.gc.ca/eng/discover/aboriginal-heritage/first-nations/indian-affairs-annual-reports/Pages/item.aspx?IdNumber=5581,268,
620,1887,106,Prince Albert,6,Kenemotayo,,Assiniboia Lake,Cree,106.0,,,106.0,,http://www.bac-lac.gc.ca/eng/discover/aboriginal-heritage/first-nations/indian-affairs-annual-reports/Pages/item.aspx?IdNumber=5581,268,
621,1887,,Prince Albert,6,Cumberland Indians,,,Cree,75.0,,,75.0,,http://www.bac-lac.gc.ca/eng/discover/aboriginal-heritage/first-nations/indian-affairs-annual-reports/Pages/item.aspx?IdNumber=5581,268,
622,1887,108,Battleford,6,Red Pheasant,,Eagle Hills,Cree,121.0,,,121.0,,http://www.bac-lac.gc.ca/eng/discover/aboriginal-heritage/first-nations/indian-affairs-annual-reports/Pages/item.aspx?IdNumber=5581,268,
623,1887,109,Battleford,6,Mosquito,G10,Eagle Hills,Stony,169.0,,,169.0,,http://www.bac-lac.gc.ca/eng/discover/aboriginal-heritage/first-nations/indian-affairs-annual-reports/Pages/item.aspx?IdNumber=5581,268,
624,1887,110,Battleford,6,Bear's Head,G10,Eagle Hills,Stony,,,,,,http://www.bac-lac.gc.ca/eng/discover/aboriginal-heritage/first-nations/indian-affairs-annual-reports/Pages/item.aspx?IdNumber=5581,268,
625,1887,111,Battleford,6,Lean Man,G10,Eagle Hills,Stony,,,,,,http://www.bac-lac.gc.ca/eng/discover/aboriginal-heritage/first-nations/indian-affairs-annual-reports/Pages/item.aspx?IdNumber=5581,268,
626,1887,112,Battleford,6,Moosomin,,Jack Fish Creek,Cree,113.0,,,113.0,,http://www.bac-lac.gc.ca/eng/discover/aboriginal-heritage/first-nations/indian-affairs-annual-reports/Pages/item.aspx?IdNumber=5581,268,
627,1887,113,Battleford,6,Sweet Grass,,Battle River,Cree,179.0,,,179.0,,http://www.bac-lac.gc.ca/eng/discover/aboriginal-heritage/first-nations/indian-affairs-annual-reports/Pages/item.aspx?IdNumber=5581,268,
628,1887,114,Battleford,6,Poundmaker,,Battle River,Cree,232.0,,,232.0,,http://www.bac-lac.gc.ca/eng/discover/aboriginal-heritage/first-nations/indian-affairs-annual-reports/Pages/item.aspx?IdNumber=5581,268,
629,1887,115,Battleford,6,Thunder Child,,Battle River,Cree,177.0,,,177.0,,http://www.bac-lac.gc.ca/eng/discover/aboriginal-heritage/first-nations/indian-affairs-annual-reports/Pages/item.aspx?IdNumber=5581,268,
630,1887,116,Battleford,6,Little Pine,,Battleford,Cree,110.0,,,110.0,,http://www.bac-lac.gc.ca/eng/discover/aboriginal-heritage/first-nations/indian-affairs-annual-reports/Pages/item.aspx?IdNumber=5581,268,
631,1887,117,Battleford,6,Lucky Man,,Battleford,Cree,,,,,The Indians of this Band have been incorporated with other Bands,http://www.bac-lac.gc.ca/eng/discover/aboriginal-heritage/first-nations/indian-affairs-annual-reports/Pages/item.aspx?IdNumber=5581,268,
632,1887,119,Onion Lake,6,Seekaskootch,,Onion Lake,Cree,191.0,,7.0,198.0,In Battleford district,http://www.bac-lac.gc.ca/eng/discover/aboriginal-heritage/first-nations/indian-affairs-annual-reports/Pages/item.aspx?IdNumber=5581,268,
633,1887,118,Onion Lake,6,Big Bear,,Fort Pitt,Cree,,,450.0,450.0,"Some across the line, the balance scattered through the territories",http://www.bac-lac.gc.ca/eng/discover/aboriginal-heritage/first-nations/indian-affairs-annual-reports/Pages/item.aspx?IdNumber=5581,268,
634,1887,120,Onion Lake,6,Weemisticoosewasis,,Stony Lake,Cree,86.0,,16.0,102.0,In Edmonton,http://www.bac-lac.gc.ca/eng/discover/aboriginal-heritage/first-nations/indian-affairs-annual-reports/Pages/item.aspx?IdNumber=5582,269,
635,1887,121,Onion Lake,6,Owepowotayo,,Frog Lake,Cree,61.0,,,61.0,,http://www.bac-lac.gc.ca/eng/discover/aboriginal-heritage/first-nations/indian-affairs-annual-reports/Pages/item.aspx?IdNumber=5582,269,
636,1887,124,Onion Lake,6,Kinoosayo,,Cold Lake,Chippeweyan,132.0,,,132.0,,http://www.bac-lac.gc.ca/eng/discover/aboriginal-heritage/first-nations/indian-affairs-annual-reports/Pages/item.aspx?IdNumber=5582,269,
637,1887,122,Onion Lake,6,Puskestkeewin,,Frog Lake,Cree,25.0,,,25.0,,http://www.bac-lac.gc.ca/eng/discover/aboriginal-heritage/first-nations/indian-affairs-annual-reports/Pages/item.aspx?IdNumber=5582,269,
638,1887,123,Onion Lake,6,Keekeewin,,Moose Lake,Cree,114.0,,1.0,115.0,1 in prison,http://www.bac-lac.gc.ca/eng/discover/aboriginal-heritage/first-nations/indian-affairs-annual-reports/Pages/item.aspx?IdNumber=5582,269,
639,1887,125,Victoria,6,Little Hunter,,Saddle Lake,Cree,81.0,,,81.0,,http://www.bac-lac.gc.ca/eng/discover/aboriginal-heritage/first-nations/indian-affairs-annual-reports/Pages/item.aspx?IdNumber=5582,269,
640,1887,126,Victoria,6,Muskegwatie,,Victoria,Cree,41.0,,3.0,44.0,In the woods hunting,http://www.bac-lac.gc.ca/eng/discover/aboriginal-heritage/first-nations/indian-affairs-annual-reports/Pages/item.aspx?IdNumber=5582,269,
641,1887,127,Victoria,6,Blue Quill,,Victoria,Cree,29.0,,,29.0,,http://www.bac-lac.gc.ca/eng/discover/aboriginal-heritage/first-nations/indian-affairs-annual-reports/Pages/item.aspx?IdNumber=5582,269,
642,1887,128,Victoria,6,Seenum,,Whitefish Lake,Cree,292.0,,6.0,298.0,In the woods hunting,http://www.bac-lac.gc.ca/eng/discover/aboriginal-heritage/first-nations/indian-affairs-annual-reports/Pages/item.aspx?IdNumber=5582,269,
643,1887,129,Victoria,6,Peeagsees,,Lac la Biche,Cree,7.0,,1.0,8.0,In the woods hunting,http://www.bac-lac.gc.ca/eng/discover/aboriginal-heritage/first-nations/indian-affairs-annual-reports/Pages/item.aspx?IdNumber=5582,269,
644,1887,130,Victoria,6,Antonie,,Heart's Lake,Chippeweyan,80.0,,,80.0,,http://www.bac-lac.gc.ca/eng/discover/aboriginal-heritage/first-nations/indian-affairs-annual-reports/Pages/item.aspx?IdNumber=5582,269,
645,1887,131,Victoria,6,Kaquanum,,Beaver Lake,Cree,128.0,,,128.0,,http://www.bac-lac.gc.ca/eng/discover/aboriginal-heritage/first-nations/indian-affairs-annual-reports/Pages/item.aspx?IdNumber=5582,269,
646,1887,132,Edmonton,6,Michel,,Sturgeon River,Cree,58.0,,,58.0,,http://www.bac-lac.gc.ca/eng/discover/aboriginal-heritage/first-nations/indian-affairs-annual-reports/Pages/item.aspx?IdNumber=5582,269,
647,1887,133,Edmonton,6,Alexis,,Stony Lake,Cree,153.0,,,153.0,,http://www.bac-lac.gc.ca/eng/discover/aboriginal-heritage/first-nations/indian-affairs-annual-reports/Pages/item.aspx?IdNumber=5582,269,
648,1887,134,Edmonton,6,Alexander,,Lac la Nonne,Cree,186.0,,,186.0,,http://www.bac-lac.gc.ca/eng/discover/aboriginal-heritage/first-nations/indian-affairs-annual-reports/Pages/item.aspx?IdNumber=5582,269,
649,1887,135,Edmonton,6,Enoch le Potac,,Stony Plain,Cree,216.0,,1.0,217.0,"1, Bear's Hill",http://www.bac-lac.gc.ca/eng/discover/aboriginal-heritage/first-nations/indian-affairs-annual-reports/Pages/item.aspx?IdNumber=5582,269,
650,1887,136,Edmonton,6,Pass-pass-chase,,Edmonton,Cree,,,,,All Withdrawn from Treaty,http://www.bac-lac.gc.ca/eng/discover/aboriginal-heritage/first-nations/indian-affairs-annual-reports/Pages/item.aspx?IdNumber=5582,269,
651,1887,,Edmonton,6,Iron Head,,White Lake,Cree,59.0,,,59.0,,http://www.bac-lac.gc.ca/eng/discover/aboriginal-heritage/first-nations/indian-affairs-annual-reports/Pages/item.aspx?IdNumber=5582,269,
652,1887,,Edmonton,6,Orphans of St. Albert,,,Cree,11.0,,,11.0,,http://www.bac-lac.gc.ca/eng/discover/aboriginal-heritage/first-nations/indian-affairs-annual-reports/Pages/item.aspx?IdNumber=5582,269,
653,1887,137,Peace Hills,6,Ermine Skin,,Bear's Hill,Cree,174.0,,,174.0,,http://www.bac-lac.gc.ca/eng/discover/aboriginal-heritage/first-nations/indian-affairs-annual-reports/Pages/item.aspx?IdNumber=5582,269,
654,1887,138,Peace Hills,6,Sampson,,Bear's Hill,Cree,273.0,,,273.0,,http://www.bac-lac.gc.ca/eng/discover/aboriginal-heritage/first-nations/indian-affairs-annual-reports/Pages/item.aspx?IdNumber=5582,269,
655,1887,139,Peace Hills,6,Bobtail,,Bear's Hill,Cree,99.0,,,99.0,,http://www.bac-lac.gc.ca/eng/discover/aboriginal-heritage/first-nations/indian-affairs-annual-reports/Pages/item.aspx?IdNumber=5582,269,
656,1887,140,Peace Hills,6,Muddy Bull,,Pigeon Lake,Cree,95.0,,,95.0,,http://www.bac-lac.gc.ca/eng/discover/aboriginal-heritage/first-nations/indian-affairs-annual-reports/Pages/item.aspx?IdNumber=5582,269,
657,1887,141,Peace Hills,6,Cheepoostequahn,,Wolf Creek,Stony,155.0,,,155.0,,http://www.bac-lac.gc.ca/eng/discover/aboriginal-heritage/first-nations/indian-affairs-annual-reports/Pages/item.aspx?IdNumber=5582,269,
658,1887,142,Sarcee Reserve,7,Bear's Paw,,Morleyville,Stony,236.0,,6.0,242.0,Hunting in Rockies,http://www.bac-lac.gc.ca/eng/discover/aboriginal-heritage/first-nations/indian-affairs-annual-reports/Pages/item.aspx?IdNumber=5582,269,
659,1887,142,Sarcee Reserve,7,Ohinniquy,,Morleyville,Stony,134.0,,,134.0,,http://www.bac-lac.gc.ca/eng/discover/aboriginal-heritage/first-nations/indian-affairs-annual-reports/Pages/item.aspx?IdNumber=5582,269,
660,1887,143,Sarcee Reserve,7,Jacob,,Morleyville,Stony,223.0,,4.0,227.0,Hunting in Rockies,http://www.bac-lac.gc.ca/eng/discover/aboriginal-heritage/first-nations/indian-affairs-annual-reports/Pages/item.aspx?IdNumber=5583,270,
661,1887,145,Sarcee Reserve,7,Bull's Head,,Calgary,Sarcee,339.0,,,339.0,,http://www.bac-lac.gc.ca/eng/discover/aboriginal-heritage/first-nations/indian-affairs-annual-reports/Pages/item.aspx?IdNumber=5583,270,
662,1887,146,Blackfoot Crossing,7,Crowfoot,,North and South Bow River,Blackfoot,1146.0,,1.0,1147.0,,http://www.bac-lac.gc.ca/eng/discover/aboriginal-heritage/first-nations/indian-affairs-annual-reports/Pages/item.aspx?IdNumber=5583,270,
663,1887,146,Blackfoot Crossing,7,Old Sun,,North and South Bow River,Blackfoot,806.0,,2.0,808.0,,http://www.bac-lac.gc.ca/eng/discover/aboriginal-heritage/first-nations/indian-affairs-annual-reports/Pages/item.aspx?IdNumber=5583,270,
664,1887,147,Piegan Reserve,7,Eagle Tail,,Old Man's River,Piegans,931.0,,1.0,932.0,1 in penitentiary,http://www.bac-lac.gc.ca/eng/discover/aboriginal-heritage/first-nations/indian-affairs-annual-reports/Pages/item.aspx?IdNumber=5583,270,
665,1887,148,Blood Reserve,7,Red Crow,,Belly River,Bloods,2202.0,,2.0,2204.0,2 fugitives from justice,http://www.bac-lac.gc.ca/eng/discover/aboriginal-heritage/first-nations/indian-affairs-annual-reports/Pages/item.aspx?IdNumber=5583,270,
666,1887,,Stragglers,7,Foremost Man,,,Cree,200.0,,,200.0,In vicinity of Medicine Hat and Maple Creek,http://www.bac-lac.gc.ca/eng/discover/aboriginal-heritage/first-nations/indian-affairs-annual-reports/Pages/item.aspx?IdNumber=5583,270,
667,1887,,Non-Treaty Indians,Non-Treaty,Yellow Sky,,Turtle Lake,Salteaux,90.0,,,90.0,,http://www.bac-lac.gc.ca/eng/discover/aboriginal-heritage/first-nations/indian-affairs-annual-reports/Pages/item.aspx?IdNumber=5583,270,
668,1887,,Non-Treaty Indians,Non-Treaty,Yellow Sky,,"Long Lake, Regina",Salteaux,15.0,,,15.0,,http://www.bac-lac.gc.ca/eng/discover/aboriginal-heritage/first-nations/indian-affairs-annual-reports/Pages/item.aspx?IdNumber=5583,270,
669,1887,,,,,,Bird Tail Creek,Sioux,135.0,,,135.0,,http://www.bac-lac.gc.ca/eng/discover/aboriginal-heritage/first-nations/indian-affairs-annual-reports/Pages/item.aspx?IdNumber=5584,271,
670,1887,,,,,,Oak River,Sioux,268.0,,,268.0,,http://www.bac-lac.gc.ca/eng/discover/aboriginal-heritage/first-nations/indian-affairs-annual-reports/Pages/item.aspx?IdNumber=5584,271,
671,1887,,,,,,Oak Lake,Sioux,73.0,,,73.0,,http://www.bac-lac.gc.ca/eng/discover/aboriginal-heritage/first-nations/indian-affairs-annual-reports/Pages/item.aspx?IdNumber=5584,271,
672,1887,,,,,,Turtle Mountain,Sioux,34.0,,,34.0,,http://www.bac-lac.gc.ca/eng/discover/aboriginal-heritage/first-nations/indian-affairs-annual-reports/Pages/item.aspx?IdNumber=5584,271,
673,1887,,,,,,Qu'Appelle Lakes,Sioux,150.0,,,150.0,,http://www.bac-lac.gc.ca/eng/discover/aboriginal-heritage/first-nations/indian-affairs-annual-reports/Pages/item.aspx?IdNumber=5584,271,
674,1887,,,,,,Moose Woods,Sioux,150.0,,,150.0,,http://www.bac-lac.gc.ca/eng/discover/aboriginal-heritage/first-nations/indian-affairs-annual-reports/Pages/item.aspx?IdNumber=5584,271,
675,1887,,,,American Sioux,,Moose Jaw,,95.0,,,95.0,,http://www.bac-lac.gc.ca/eng/discover/aboriginal-heritage/first-nations/indian-affairs-annual-reports/Pages/item.aspx?IdNumber=5584,271,
676,1888,61,Birtle,4,Kee-see-koo-wenin,,Riding Mountain,Salteaux,136.0,,,136.0,,http://www.bac-lac.gc.ca/eng/discover/aboriginal-heritage/first-nations/indian-affairs-annual-reports/Pages/item.aspx?IdNumber=6259,280,
677,1888,62,Birtle,4,Way-way-see-cappo,,Bird Tail Creek,Salteaux,154.0,,,154.0,,http://www.bac-lac.gc.ca/eng/discover/aboriginal-heritage/first-nations/indian-affairs-annual-reports/Pages/item.aspx?IdNumber=6259,280,
678,1888,63,Birtle,4,The Gambler,,Silver Creek,Salteaux,126.0,,1.0,127.0,1 at Rolling River,http://www.bac-lac.gc.ca/eng/discover/aboriginal-heritage/first-nations/indian-affairs-annual-reports/Pages/item.aspx?IdNumber=6259,280,
679,1888,64,Birtle,4,Coté,,Fort Pelly,Salteaux,257.0,,1.0,258.0,,http://www.bac-lac.gc.ca/eng/discover/aboriginal-heritage/first-nations/indian-affairs-annual-reports/Pages/item.aspx?IdNumber=6259,280,
680,1888,65,Birtle,4,The Key,,Fort Pelly,Salteaux,223.0,,7.0,230.0,5 at Grand Rapids; 2 at Touchwood,http://www.bac-lac.gc.ca/eng/discover/aboriginal-heritage/first-nations/indian-affairs-annual-reports/Pages/item.aspx?IdNumber=6259,280,
681,1888,66,Birtle,4,Kee-see-kouse,,Fort Pelly,Salteaux,170.0,,20.0,190.0,20 now withdrawn from Treaty,http://www.bac-lac.gc.ca/eng/discover/aboriginal-heritage/first-nations/indian-affairs-annual-reports/Pages/item.aspx?IdNumber=6259,280,
682,1888,67,Birtle,4,South Quill,,Rolling River,Salteaux,114.0,,,114.0,,http://www.bac-lac.gc.ca/eng/discover/aboriginal-heritage/first-nations/indian-affairs-annual-reports/Pages/item.aspx?IdNumber=6259,280,
683,1888,68,Moose Mountain,4,Pheasant Rump,,Moose Mountain,Stoney,59.0,,10.0,69.0,"6 at Missouri; 4, Turtle Mountain",http://www.bac-lac.gc.ca/eng/discover/aboriginal-heritage/first-nations/indian-affairs-annual-reports/Pages/item.aspx?IdNumber=6259,280,
684,1888,69,Moose Mountain,4,Ocean Man,,Moose Mountain,Stoney,64.0,,4.0,68.0,4 at Missouri,http://www.bac-lac.gc.ca/eng/discover/aboriginal-heritage/first-nations/indian-affairs-annual-reports/Pages/item.aspx?IdNumber=6259,280,
685,1888,70,Moose Mountain,4,White Bear,,Moose Mountain,Crees,87.0,,,87.0,,http://www.bac-lac.gc.ca/eng/discover/aboriginal-heritage/first-nations/indian-affairs-annual-reports/Pages/item.aspx?IdNumber=6259,280,"There is a note inbetween line 685 and 686 which reads, ""Many of the Indians shown as being south of the line have been absent for some years, it is more than doubtful whether many of them may ever return, this applies to other absentees across the line."""
686,1888,71,Crooked Lake,4,Ochapowace,,Crooked Lakes,Crees,139.0,100.0,235.0,474.0,"15 at File Hills; 6, Piapots; 83, south of boundary; 16, Turtle Mountain; 4 in the west; 111 supposed to be south of boundary",http://www.bac-lac.gc.ca/eng/discover/aboriginal-heritage/first-nations/indian-affairs-annual-reports/Pages/item.aspx?IdNumber=6259,280,"There is a note inbetween line 685 and 686 which reads, ""Many of the Indians shown as being south of the line have been absent for some years, it is more than doubtful whether many of them may ever return, this applies to other absentees across the line."""
687,1888,72,Crooked Lake,4,Ka-ke-wis-ta-haw,,Crooked Lakes,Crees,142.0,,91.0,233.0,"45 gone south; 15, File Hills; 16, Piapots; 3, Turtle Mountain; 9, Cypress hills; 3, Pheasant Rump",http://www.bac-lac.gc.ca/eng/discover/aboriginal-heritage/first-nations/indian-affairs-annual-reports/Pages/item.aspx?IdNumber=6259,280,
688,1888,73,Crooked Lake,4,Cowesess,,Crooked Lakes,Crees,140.0,,121.0,261.0,"5, Yellow Quill; 63, Turtle Mountain; 45 whereabouts unknown; 5, with Cha-cac-has; 1, File Hills; 2, Qu'Appelle",http://www.bac-lac.gc.ca/eng/discover/aboriginal-heritage/first-nations/indian-affairs-annual-reports/Pages/item.aspx?IdNumber=6259,280,
689,1888,73a ,Crooked Lake,4,Ouchaness,,Leech Lake,Crees,,,,,Now amalgamated with Sakimay and other bands,http://www.bac-lac.gc.ca/eng/discover/aboriginal-heritage/first-nations/indian-affairs-annual-reports/Pages/item.aspx?IdNumber=6260,281,
690,1888,74,Crooked Lake,4,Sakimay,,Crooked Lakes,Crees,207.0,,19.0,226.0,"19, Hunting",http://www.bac-lac.gc.ca/eng/discover/aboriginal-heritage/first-nations/indian-affairs-annual-reports/Pages/item.aspx?IdNumber=6260,281,
691,1888,76,Assiniboine Reserve,4,The-man-who-took-the-coat,,Indian Head,Stoney,243.0,,5.0,248.0,5 at Milk River,http://www.bac-lac.gc.ca/eng/discover/aboriginal-heritage/first-nations/indian-affairs-annual-reports/Pages/item.aspx?IdNumber=6260,281,
692,1888,81,File Hills,4,Pee-pee-kee-sis,,File Hills,Cree,99.0,,12.0,111.0,"2, Touchwood; 4, Turtle Mountain; 6, Leech Lake",http://www.bac-lac.gc.ca/eng/discover/aboriginal-heritage/first-nations/indian-affairs-annual-reports/Pages/item.aspx?IdNumber=6260,281,
693,1888,82,File Hills,4,O-kanese,,File Hills,Cree,54.0,,3.0,57.0,3 at Turtle Mountain,http://www.bac-lac.gc.ca/eng/discover/aboriginal-heritage/first-nations/indian-affairs-annual-reports/Pages/item.aspx?IdNumber=6260,281,
694,1888,83,File Hills,4,Star Blanket,,File Hills,Cree,60.0,,,60.0,,http://www.bac-lac.gc.ca/eng/discover/aboriginal-heritage/first-nations/indian-affairs-annual-reports/Pages/item.aspx?IdNumber=6260,281,
695,1888,84,File Hills,4,Little Black Bear,,File Hills,Cree,90.0,,13.0,103.0,"1 at Pasquah's; 1 at Piapot's; 11, Turtle Mountain",http://www.bac-lac.gc.ca/eng/discover/aboriginal-heritage/first-nations/indian-affairs-annual-reports/Pages/item.aspx?IdNumber=6260,281,The number absent in Whereabouts is greater than the Total No. absent. It has been adjusted by one in this database to eliminate discrepancy
696,1888,85,Touchwood Hills,4,Mus-cow-equahn,,Touchwood Hills,Cree,158.0,,,158.0,,http://www.bac-lac.gc.ca/eng/discover/aboriginal-heritage/first-nations/indian-affairs-annual-reports/Pages/item.aspx?IdNumber=6260,281,
697,1888,86,Touchwood Hills,4,George Gordon,,Touchwood Hills,Cree,158.0,,7.0,165.0,6 at Swift Current; 1 in lunatic asylum,http://www.bac-lac.gc.ca/eng/discover/aboriginal-heritage/first-nations/indian-affairs-annual-reports/Pages/item.aspx?IdNumber=6260,281,
698,1888,87,Touchwood Hills,4,Day Star,,Touchwood Hills,Cree,88.0,,9.0,97.0,"5 at File Hills; 1 in asylum; 3, south",http://www.bac-lac.gc.ca/eng/discover/aboriginal-heritage/first-nations/indian-affairs-annual-reports/Pages/item.aspx?IdNumber=6260,281,
699,1888,88,Touchwood Hills,4,Kah-wah-kah-toose,,Touchwood Hills,Cree,117.0,,12.0,129.0,"3 gone south; 5, Swift Current",http://www.bac-lac.gc.ca/eng/discover/aboriginal-heritage/first-nations/indian-affairs-annual-reports/Pages/item.aspx?IdNumber=6260,281,
700,1888,89,Touchwood Hills,4,Yellow Quill,G11,Fishing Lake,Cree,274.0,,55.0,329.0,53 away hunting; 2 at Pasquah's,http://www.bac-lac.gc.ca/eng/discover/aboriginal-heritage/first-nations/indian-affairs-annual-reports/Pages/item.aspx?IdNumber=6260,281,
701,1888,90,Touchwood Hills,4,Yellow Quill,G11,Nut Lake,Cree,,,,,,http://www.bac-lac.gc.ca/eng/discover/aboriginal-heritage/first-nations/indian-affairs-annual-reports/Pages/item.aspx?IdNumber=6260,281,
702,1888,75,Mus-cow-pe-tungs,4,Pia-pot,,Qu'Appelle Valley,Cree,283.0,,13.0,296.0,"4 at Cypress Hills; 2 at Touchwood; 7, whereabouts unknown",http://www.bac-lac.gc.ca/eng/discover/aboriginal-heritage/first-nations/indian-affairs-annual-reports/Pages/item.aspx?IdNumber=6260,281,
703,1888,79,Mus-cow-pe-tungs,4,Pas-quah,,Qu'Appelle Lake,Cree,206.0,,2.0,208.0,"1, Moose Mountain; 1, Touchwood",http://www.bac-lac.gc.ca/eng/discover/aboriginal-heritage/first-nations/indian-affairs-annual-reports/Pages/item.aspx?IdNumber=6260,281,
704,1888,80,Mus-cow-pe-tungs,4,Mus-cow-pee-tungs,,Qu'Appelle Valley,Cree,125.0,,1.0,126.0,1 at Touchwood,http://www.bac-lac.gc.ca/eng/discover/aboriginal-heritage/first-nations/indian-affairs-annual-reports/Pages/item.aspx?IdNumber=6260,281,
705,1888,,Duck Lake,6,Cumberland Indians,,,Cree,75.0,,,75.0,,http://www.bac-lac.gc.ca/eng/discover/aboriginal-heritage/first-nations/indian-affairs-annual-reports/Pages/item.aspx?IdNumber=6260,281,
706,1888,95,Duck Lake,6,One Arrow,,(Near) Batoche,Cree,91.0,,,91.0,,http://www.bac-lac.gc.ca/eng/discover/aboriginal-heritage/first-nations/indian-affairs-annual-reports/Pages/item.aspx?IdNumber=6260,281,
707,1888,96,Duck Lake,6,O-kee-ma-sis,,Duck Lake,Cree,34.0,,71.0,105.0,Across the line and at Cypress Hills,http://www.bac-lac.gc.ca/eng/discover/aboriginal-heritage/first-nations/indian-affairs-annual-reports/Pages/item.aspx?IdNumber=6261,282,
708,1888,97,Duck Lake,6,Beardy,,Duck Lake,Cree,112.0,,30.0,142.0,Across the line and at Cypress Hills,http://www.bac-lac.gc.ca/eng/discover/aboriginal-heritage/first-nations/indian-affairs-annual-reports/Pages/item.aspx?IdNumber=6261,282,
709,1888,98,Duck Lake,6,Che-kas-tay-pay-sin,,South Saskatchewan,Cree,58.0,,,58.0,,http://www.bac-lac.gc.ca/eng/discover/aboriginal-heritage/first-nations/indian-affairs-annual-reports/Pages/item.aspx?IdNumber=6261,282,
710,1888,99,Duck Lake,6,John Smith,,South Saskatchewan,Cree,130.0,,,130.0,,http://www.bac-lac.gc.ca/eng/discover/aboriginal-heritage/first-nations/indian-affairs-annual-reports/Pages/item.aspx?IdNumber=6261,282,
711,1888,100,Duck Lake,6,James Smith,,Fort à la Corne,Cree,141.0,,,141.0,,http://www.bac-lac.gc.ca/eng/discover/aboriginal-heritage/first-nations/indian-affairs-annual-reports/Pages/item.aspx?IdNumber=6261,282,
712,1888,101,Carlton,6,W. Twatt,,Sturgeon Lake,Cree,149.0,,,149.0,,http://www.bac-lac.gc.ca/eng/discover/aboriginal-heritage/first-nations/indian-affairs-annual-reports/Pages/item.aspx?IdNumber=6261,282,
713,1888,102,Carlton,6,Pe-te-qua-key,,Muskeg Lake,Cree,45.0,,52.0,97.0,Few whereabouts unknown; others hunting and working for settlers,http://www.bac-lac.gc.ca/eng/discover/aboriginal-heritage/first-nations/indian-affairs-annual-reports/Pages/item.aspx?IdNumber=6261,282,
714,1888,103,Carlton,6,Mis-tah-was-sis,,Snake Lake,Cree,158.0,,8.0,166.0,,http://www.bac-lac.gc.ca/eng/discover/aboriginal-heritage/first-nations/indian-affairs-annual-reports/Pages/item.aspx?IdNumber=6261,282,
715,1888,104,Carlton,6,Ah-tah-kat-koop,,Sandy Lake,Cree,154.0,,34.0,188.0,,http://www.bac-lac.gc.ca/eng/discover/aboriginal-heritage/first-nations/indian-affairs-annual-reports/Pages/item.aspx?IdNumber=6261,282,
716,1888,105,Carlton,6,Ko-pah-ha-wa-ke-mum,,Meadow Lake,Cree,58.0,,,58.0,,http://www.bac-lac.gc.ca/eng/discover/aboriginal-heritage/first-nations/indian-affairs-annual-reports/Pages/item.aspx?IdNumber=6261,282,
717,1888,106,Carlton,6,Kee-nee-mo-ta-yo,,Assiniboine Lake,Cree,106.0,,,106.0,,http://www.bac-lac.gc.ca/eng/discover/aboriginal-heritage/first-nations/indian-affairs-annual-reports/Pages/item.aspx?IdNumber=6261,282,
718,1888,108,Battleford,6,Red Pheasant,,Eagle Hills,Cree,115.0,,12.0,127.0,South of boundary line and in southern part of territories; also some at Red Deer,http://www.bac-lac.gc.ca/eng/discover/aboriginal-heritage/first-nations/indian-affairs-annual-reports/Pages/item.aspx?IdNumber=6261,282,
719,1888,109,Battleford,6,Mosquito,G12,Eagle Hills,Stonies,164.0,,63.0,227.0,South of boundary line and in southern part of territories; also some at Red Deer,http://www.bac-lac.gc.ca/eng/discover/aboriginal-heritage/first-nations/indian-affairs-annual-reports/Pages/item.aspx?IdNumber=6261,282,
720,1888,110,Battleford,6,Bear's Head,G12,Eagle Hills,Stonies,,,,,South of boundary line and in southern part of territories; also some at Red Deer,http://www.bac-lac.gc.ca/eng/discover/aboriginal-heritage/first-nations/indian-affairs-annual-reports/Pages/item.aspx?IdNumber=6261,282,
721,1888,111,Battleford,6,Lean Man,G12,Eagle Hills,Stonies,,,,,South of boundary line and in southern part of territories; also some at Red Deer,http://www.bac-lac.gc.ca/eng/discover/aboriginal-heritage/first-nations/indian-affairs-annual-reports/Pages/item.aspx?IdNumber=6261,282,
722,1888,112,Battleford,6,Moosomin,,Jack Fish Creek,Cree,104.0,,21.0,125.0,South of boundary line and in southern part of territories; also some at Red Deer,http://www.bac-lac.gc.ca/eng/discover/aboriginal-heritage/first-nations/indian-affairs-annual-reports/Pages/item.aspx?IdNumber=6261,282,
723,1888,113,Battleford,6,Sweet Grass,,Battle River,Cree,170.0,,116.0,286.0,South of boundary line and in southern part of territories; also some at Red Deer,http://www.bac-lac.gc.ca/eng/discover/aboriginal-heritage/first-nations/indian-affairs-annual-reports/Pages/item.aspx?IdNumber=6261,282,
724,1888,115,Battleford,6,Thunder Child,,Battle River,Cree,174.0,,,174.0,,http://www.bac-lac.gc.ca/eng/discover/aboriginal-heritage/first-nations/indian-affairs-annual-reports/Pages/item.aspx?IdNumber=6261,282,
725,1888,116,Battleford,6,Little Pine,,Battleford,Cree,155.0,,142.0,297.0,South of boundary line and in southern part of territories; also some at Red Deer,http://www.bac-lac.gc.ca/eng/discover/aboriginal-heritage/first-nations/indian-affairs-annual-reports/Pages/item.aspx?IdNumber=6261,282,
726,1888,114,Battleford,6,Poundmaker,,Battle River,Cree,115.0,,85.0,200.0,South of boundary line and in southern part of territories; also some at Red Deer,http://www.bac-lac.gc.ca/eng/discover/aboriginal-heritage/first-nations/indian-affairs-annual-reports/Pages/item.aspx?IdNumber=6262,283,
727,1888,119,Onion Lake,6,See-kas-kootch,,Onion Lake,Cree,197.0,,,197.0,,http://www.bac-lac.gc.ca/eng/discover/aboriginal-heritage/first-nations/indian-affairs-annual-reports/Pages/item.aspx?IdNumber=6262,283,
728,1888,118,Onion Lake,6,Big Bear,,Fort Pitt,Cree,,,150.0,150.0,In American territory and in southern part of Territories,http://www.bac-lac.gc.ca/eng/discover/aboriginal-heritage/first-nations/indian-affairs-annual-reports/Pages/item.aspx?IdNumber=6262,283,
729,1888,120,Onion Lake,6,Wee-mis-ti-koo-see-was-is,,Stony Lake,Cree,91.0,,,91.0,,http://www.bac-lac.gc.ca/eng/discover/aboriginal-heritage/first-nations/indian-affairs-annual-reports/Pages/item.aspx?IdNumber=6262,283,
730,1888,121,Onion Lake,6,O-nee-po-hay-o,,Frog Lake,Cree,68.0,,,68.0,,http://www.bac-lac.gc.ca/eng/discover/aboriginal-heritage/first-nations/indian-affairs-annual-reports/Pages/item.aspx?IdNumber=6262,283,
731,1888,124,Onion Lake,6,Kin-o-say-o,,Cold Lake,Chippewayans,132.0,,,132.0,,http://www.bac-lac.gc.ca/eng/discover/aboriginal-heritage/first-nations/indian-affairs-annual-reports/Pages/item.aspx?IdNumber=6262,283,
732,1888,122,Onion Lake,6,Pusk-ee-ah-kee-win,,Frog Lake,Cree,30.0,,,30.0,,http://www.bac-lac.gc.ca/eng/discover/aboriginal-heritage/first-nations/indian-affairs-annual-reports/Pages/item.aspx?IdNumber=6262,283,
733,1888,123,Onion Lake,6,Kee-kee-win,,Moose Lake,Cree,130.0,,,130.0,,http://www.bac-lac.gc.ca/eng/discover/aboriginal-heritage/first-nations/indian-affairs-annual-reports/Pages/item.aspx?IdNumber=6262,283,
734,1888,125,Saddle Lake,6,Little Hunter,,Saddle Lake,Cree,86.0,,,86.0,,http://www.bac-lac.gc.ca/eng/discover/aboriginal-heritage/first-nations/indian-affairs-annual-reports/Pages/item.aspx?IdNumber=6262,283,
735,1888,126,Saddle Lake,6,Mus-keg-watie,,Victoria,Cree,46.0,,,46.0,,http://www.bac-lac.gc.ca/eng/discover/aboriginal-heritage/first-nations/indian-affairs-annual-reports/Pages/item.aspx?IdNumber=6262,283,
736,1888,127,Saddle Lake,6,Blue Quill,,Victoria,Cree,29.0,,,29.0,,http://www.bac-lac.gc.ca/eng/discover/aboriginal-heritage/first-nations/indian-affairs-annual-reports/Pages/item.aspx?IdNumber=6262,283,
737,1888,128,Saddle Lake,6,See-num,,Whitefish Lake,Cree,298.0,,,298.0,,http://www.bac-lac.gc.ca/eng/discover/aboriginal-heritage/first-nations/indian-affairs-annual-reports/Pages/item.aspx?IdNumber=6262,283,
738,1888,129,Saddle Lake,6,Pee-ag-sees,,Lac la Biche,Cree,8.0,,,8.0,,http://www.bac-lac.gc.ca/eng/discover/aboriginal-heritage/first-nations/indian-affairs-annual-reports/Pages/item.aspx?IdNumber=6262,283,
739,1888,130,Saddle Lake,6,Antoine,,Heart's Lake,Chippewayans,83.0,,,83.0,,http://www.bac-lac.gc.ca/eng/discover/aboriginal-heritage/first-nations/indian-affairs-annual-reports/Pages/item.aspx?IdNumber=6262,283,
740,1888,131,Saddle Lake,6,Kat-qua-num,,Beaver Lake,Cree,135.0,,32.0,167.0,In north country hunting,http://www.bac-lac.gc.ca/eng/discover/aboriginal-heritage/first-nations/indian-affairs-annual-reports/Pages/item.aspx?IdNumber=6262,283,
741,1888,132,Edmonton,6,Michel,,Sturgeon River,Cree,37.0,,,37.0,,http://www.bac-lac.gc.ca/eng/discover/aboriginal-heritage/first-nations/indian-affairs-annual-reports/Pages/item.aspx?IdNumber=6262,283,
742,1888,133,Edmonton,6,Alexis,,Stony Lake,Cree,198.0,,,198.0,,http://www.bac-lac.gc.ca/eng/discover/aboriginal-heritage/first-nations/indian-affairs-annual-reports/Pages/item.aspx?IdNumber=6262,283,
743,1888,134,Edmonton,6,Alexander,,Rivière que Barre,Cree,200.0,,,200.0,,http://www.bac-lac.gc.ca/eng/discover/aboriginal-heritage/first-nations/indian-affairs-annual-reports/Pages/item.aspx?IdNumber=6262,283,
744,1888,135,Edmonton,6,Enoch la Potac,,Stony Plain,Cree,217.0,,,217.0,,http://www.bac-lac.gc.ca/eng/discover/aboriginal-heritage/first-nations/indian-affairs-annual-reports/Pages/item.aspx?IdNumber=6262,283,
745,1888,133a ,Edmonton,6,Iron Head,,White Lake,Cree,59.0,,,59.0,,http://www.bac-lac.gc.ca/eng/discover/aboriginal-heritage/first-nations/indian-affairs-annual-reports/Pages/item.aspx?IdNumber=6262,283,
746,1888,,Edmonton,6,Orphans of St. Albert,,,,11.0,,,11.0,,http://www.bac-lac.gc.ca/eng/discover/aboriginal-heritage/first-nations/indian-affairs-annual-reports/Pages/item.aspx?IdNumber=6262,283,
747,1888,137,Peace Hills,6,Ermine Skin,,Bear's Hill,Cree,136.0,,,136.0,,http://www.bac-lac.gc.ca/eng/discover/aboriginal-heritage/first-nations/indian-affairs-annual-reports/Pages/item.aspx?IdNumber=6262,283,
748,1888,138,Peace Hills,6,Sampson,,Bear's Hill,Cree,237.0,,56.0,293.0,"Hunting, freighting and working with whites",http://www.bac-lac.gc.ca/eng/discover/aboriginal-heritage/first-nations/indian-affairs-annual-reports/Pages/item.aspx?IdNumber=6262,283,
749,1888,140,Peace Hills,6,Muddy Bull,,Pigeon Lake,Cree,72.0,,,72.0,Bob Tail's band has amalgamated with band No. 138,http://www.bac-lac.gc.ca/eng/discover/aboriginal-heritage/first-nations/indian-affairs-annual-reports/Pages/item.aspx?IdNumber=6262,283,
750,1888,141,Peace Hills,6,Chee-pooste-quahn,,Wolf Creek,Stoney,123.0,,5.0,128.0,Hunting,http://www.bac-lac.gc.ca/eng/discover/aboriginal-heritage/first-nations/indian-affairs-annual-reports/Pages/item.aspx?IdNumber=6262,283,
751,1888,142,Sarcee,7,Bear's Paw,,Morleyville,Stonies,236.0,,,236.0,"All the hunters of these Indians are backwards and forwards in the mountains hunting, when their presence is not necessary on the reserve",http://www.bac-lac.gc.ca/eng/discover/aboriginal-heritage/first-nations/indian-affairs-annual-reports/Pages/item.aspx?IdNumber=6263,284,
752,1888,142,Sarcee,7,Chinniquy,,Morleyville,Stonies,134.0,,,134.0,,http://www.bac-lac.gc.ca/eng/discover/aboriginal-heritage/first-nations/indian-affairs-annual-reports/Pages/item.aspx?IdNumber=6263,284,
753,1888,143,Sarcee,7,Jacob,,Morleyville,Stonies,227.0,,,227.0,,http://www.bac-lac.gc.ca/eng/discover/aboriginal-heritage/first-nations/indian-affairs-annual-reports/Pages/item.aspx?IdNumber=6263,284,
754,1888,145,Sarcee,7,Bull's Head,,Calgary,Sarcees,339.0,,,339.0,,http://www.bac-lac.gc.ca/eng/discover/aboriginal-heritage/first-nations/indian-affairs-annual-reports/Pages/item.aspx?IdNumber=6263,284,
755,1888,146,Blackfoot Crossing,7,Crowfoot,,North and South of Bow River,Blackfeet,1105.0,,1.0,1106.0,1 in prison,http://www.bac-lac.gc.ca/eng/discover/aboriginal-heritage/first-nations/indian-affairs-annual-reports/Pages/item.aspx?IdNumber=6263,284,
756,1888,146,Blackfoot Crossing,7,Old Sun,,North and South of Bow River,Blackfeet,711.0,,,711.0,,http://www.bac-lac.gc.ca/eng/discover/aboriginal-heritage/first-nations/indian-affairs-annual-reports/Pages/item.aspx?IdNumber=6263,284,
757,1888,147,Piegan Reserve,7,Eagle Tail,,Old Man's River,Piegans,934.0,,3.0,937.0,3 whereabouts unknown,http://www.bac-lac.gc.ca/eng/discover/aboriginal-heritage/first-nations/indian-affairs-annual-reports/Pages/item.aspx?IdNumber=6263,284,
758,1888,148,Blood Reserve,7,Red Crow,,Belly River,Blood,2162.0,,16.0,2178.0,1 in prison; 15 whereabouts unknown,http://www.bac-lac.gc.ca/eng/discover/aboriginal-heritage/first-nations/indian-affairs-annual-reports/Pages/item.aspx?IdNumber=6263,284,
759,1888,,Stragglers,,Foremost Man,,,Cree,190.0,,,190.0,In vicinity of Maple Creek and Medicine Hat,http://www.bac-lac.gc.ca/eng/discover/aboriginal-heritage/first-nations/indian-affairs-annual-reports/Pages/item.aspx?IdNumber=6263,284,
760,1888,,Non-Treaty Indians,Non-Treaty,Yellow Sky,,Turtle Lake,Salteaux,90.0,,,90.0,,http://www.bac-lac.gc.ca/eng/discover/aboriginal-heritage/first-nations/indian-affairs-annual-reports/Pages/item.aspx?IdNumber=6263,284,
761,1888,,Non-Treaty Indians,Non-Treaty,Enochs,,Bird Tail Creek,Sioux,108.0,,,108.0,,http://www.bac-lac.gc.ca/eng/discover/aboriginal-heritage/first-nations/indian-affairs-annual-reports/Pages/item.aspx?IdNumber=6264,285,
762,1888,,Non-Treaty Indians,Non-Treaty,Little Chiefs,,Oak River,Sioux,276.0,,,276.0,,http://www.bac-lac.gc.ca/eng/discover/aboriginal-heritage/first-nations/indian-affairs-annual-reports/Pages/item.aspx?IdNumber=6264,285,
763,1888,,Non-Treaty Indians,Non-Treaty,Ha-we-da,,Oak Lake,Sioux,55.0,,,55.0,,http://www.bac-lac.gc.ca/eng/discover/aboriginal-heritage/first-nations/indian-affairs-annual-reports/Pages/item.aspx?IdNumber=6264,285,
764,1888,,Non-Treaty Indians,Non-Treaty,Pa-da-mo-ne,,Turtle Mountain,Sioux,34.0,,,34.0,,http://www.bac-lac.gc.ca/eng/discover/aboriginal-heritage/first-nations/indian-affairs-annual-reports/Pages/item.aspx?IdNumber=6264,285,
765,1888,,Non-Treaty Indians,Non-Treaty,Standing Buffalo,,Qu'Appelle Lakes,Sioux,184.0,,,184.0,,http://www.bac-lac.gc.ca/eng/discover/aboriginal-heritage/first-nations/indian-affairs-annual-reports/Pages/item.aspx?IdNumber=6264,285,
766,1888,,Non-Treaty Indians,Non-Treaty,White Cap,,Moose Woods,Sioux,105.0,,,105.0,,http://www.bac-lac.gc.ca/eng/discover/aboriginal-heritage/first-nations/indian-affairs-annual-reports/Pages/item.aspx?IdNumber=6264,285,
767,1888,,Non-Treaty Indians,Non-Treaty,American Sioux,,(No Reserve),Sioux,95.0,,,95.0,,http://www.bac-lac.gc.ca/eng/discover/aboriginal-heritage/first-nations/indian-affairs-annual-reports/Pages/item.aspx?IdNumber=6264,285,
768,1889,61,Birtle,4,Kee-see-koo-wenin,,Riding Mountain,Salteaux,134.0,,,134.0,,http://www.bac-lac.gc.ca/eng/discover/aboriginal-heritage/first-nations/indian-affairs-annual-reports/Pages/item.aspx?IdNumber=6834,234,
769,1889,62,Birtle,4,Way-way-see-cappo,,Bird Tail Creek,Salteaux,161.0,,,161.0,,http://www.bac-lac.gc.ca/eng/discover/aboriginal-heritage/first-nations/indian-affairs-annual-reports/Pages/item.aspx?IdNumber=6835,234,
770,1889,63,Birtle,4,The Gambler,,Silver Creek,Salteaux,128.0,,,128.0,,http://www.bac-lac.gc.ca/eng/discover/aboriginal-heritage/first-nations/indian-affairs-annual-reports/Pages/item.aspx?IdNumber=6836,234,
771,1889,67,Birtle,4,South Quill,,Rolling River,Salteaux,123.0,,,123.0,,http://www.bac-lac.gc.ca/eng/discover/aboriginal-heritage/first-nations/indian-affairs-annual-reports/Pages/item.aspx?IdNumber=6835,234,
772,1889,64,Fort Pelly,4,Coté,,Fort Pelly,Salteaux,257.0,,,257.0,,http://www.bac-lac.gc.ca/eng/discover/aboriginal-heritage/first-nations/indian-affairs-annual-reports/Pages/item.aspx?IdNumber=6835,234,
773,1889,65,Fort Pelly,4,The Key,,Fort Pelly,Salteaux,224.0,,,224.0,,http://www.bac-lac.gc.ca/eng/discover/aboriginal-heritage/first-nations/indian-affairs-annual-reports/Pages/item.aspx?IdNumber=6836,234,
774,1889,66,Fort Pelly,4,Kee-see-kouse,,Fort Pelly,Salteaux,170.0,,,170.0,,http://www.bac-lac.gc.ca/eng/discover/aboriginal-heritage/first-nations/indian-affairs-annual-reports/Pages/item.aspx?IdNumber=6835,234,
775,1889,68,Moose Mountain,4,Pheasant Rump,,Moose Mountain,Assiniboine,63.0,,2.0,65.0,2 in Missouri,http://www.bac-lac.gc.ca/eng/discover/aboriginal-heritage/first-nations/indian-affairs-annual-reports/Pages/item.aspx?IdNumber=6835,234,
776,1889,69,Moose Mountain,4,Ocean Man,,Moose Mountain,Assiniboine,83.0,,,83.0,,http://www.bac-lac.gc.ca/eng/discover/aboriginal-heritage/first-nations/indian-affairs-annual-reports/Pages/item.aspx?IdNumber=6836,234,
777,1889,70,Moose Mountain,4,White Bear,,Moose Mountain,Cree,99.0,,11.0,110.0,5 at Crooked Lake; 6 south of the line,http://www.bac-lac.gc.ca/eng/discover/aboriginal-heritage/first-nations/indian-affairs-annual-reports/Pages/item.aspx?IdNumber=6835,234,
778,1889,71,Crooked Lake,4,Ochapowace,,Crooked Lake,Cree,141.0,,242.0,383.0,"210, west and south of boundary; 19 at File Hills; 13, Turtle Mountain",http://www.bac-lac.gc.ca/eng/discover/aboriginal-heritage/first-nations/indian-affairs-annual-reports/Pages/item.aspx?IdNumber=6835,234,
779,1889,72,Crooked Lake,4,Ka-ke-wis-ta-haw,,Crooked Lake,Cree,141.0,,96.0,237.0,"45, west and south of boundary; 28, Turtle Mountain; 16, Piapots; 7, whereabouts unknown",http://www.bac-lac.gc.ca/eng/discover/aboriginal-heritage/first-nations/indian-affairs-annual-reports/Pages/item.aspx?IdNumber=6836,234,
780,1889,73,Crooked Lake,4,Cowesess,,Crooked Lake,Cree,174.0,,81.0,255.0,"36, Turtle Mountain; 10, Birtle; 7, Piapots; 28, south of the boundary",http://www.bac-lac.gc.ca/eng/discover/aboriginal-heritage/first-nations/indian-affairs-annual-reports/Pages/item.aspx?IdNumber=6835,234,
781,1889,74,Crooked Lake,4,Sakimay,,Crooked Lake,Cree,213.0,,16.0,229.0,"6 at File Hills; 10, likely south of the line",http://www.bac-lac.gc.ca/eng/discover/aboriginal-heritage/first-nations/indian-affairs-annual-reports/Pages/item.aspx?IdNumber=6835,234,"""The Indians south of the line will be dropped off the pay-sheets next year if they have not returned."""
782,1889,76,Assiniboine Reserve,4,The-man-who-took-the-coat,,Indian Head,Assiniboine,237.0,,11.0,248.0,11 at Milk River,http://www.bac-lac.gc.ca/eng/discover/aboriginal-heritage/first-nations/indian-affairs-annual-reports/Pages/item.aspx?IdNumber=6836,235,The Reserve # is slightly skewed but I looked up the reserve in previous years to line it up.
783,1889,81,File Hills,4,Pee-pee-kee-sis,,File Hills,Cree,97.0,,15.0,112.0,"4 at Qu'Appelle; 3, Missouri; 6, Muscowpetungs; 2, whereabouts unknown",http://www.bac-lac.gc.ca/eng/discover/aboriginal-heritage/first-nations/indian-affairs-annual-reports/Pages/item.aspx?IdNumber=6836,235,The Reserve # is slightly skewed but I looked up the reserve in previous years to line it up.
784,1889,82,File Hills,4,Okanese,,File Hills,Cree,64.0,,,64.0,,http://www.bac-lac.gc.ca/eng/discover/aboriginal-heritage/first-nations/indian-affairs-annual-reports/Pages/item.aspx?IdNumber=6836,235,The Reserve # is slightly skewed but I looked up the reserve in previous years to line it up.
785,1889,83,File Hills,4,Star Blanket,,File Hills,Cree,51.0,,7.0,58.0,"1, Turtle Mountain; 2, Qu'Appelle; 2, Missouri; 2, Crooked Lake",http://www.bac-lac.gc.ca/eng/discover/aboriginal-heritage/first-nations/indian-affairs-annual-reports/Pages/item.aspx?IdNumber=6836,235,The Reserve # is slightly skewed but I looked up the reserve in previous years to line it up.
786,1889,84,File Hills,4,Little Black Bear,,File Hills,Cree,93.0,,10.0,103.0,"4 at Turtle Mountain; 2, Calgary; 2, Qu'Appelle; 2, Moose Mountain",http://www.bac-lac.gc.ca/eng/discover/aboriginal-heritage/first-nations/indian-affairs-annual-reports/Pages/item.aspx?IdNumber=6836,235,The Reserve # is slightly skewed but I looked up the reserve in previous years to line it up.
787,1889,85,Touchwood Hills,4,Mus-cowe-quan,,Touchwood Hills,Cree,160.0,,,160.0,,http://www.bac-lac.gc.ca/eng/discover/aboriginal-heritage/first-nations/indian-affairs-annual-reports/Pages/item.aspx?IdNumber=6836,235,The Reserve # is slightly skewed but I looked up the reserve in previous years to line it up.
788,1889,86,Touchwood Hills,4,George Gordon,,Touchwood Hills,Cree,156.0,,9.0,165.0,"6 at Swift Current; 1, Asylum; 2, Prince Albert",http://www.bac-lac.gc.ca/eng/discover/aboriginal-heritage/first-nations/indian-affairs-annual-reports/Pages/item.aspx?IdNumber=6836,235,The Reserve # is slightly skewed but I looked up the reserve in previous years to line it up.
789,1889,87,Touchwood Hills,4,Day Star,,Touchwood Hills,Cree,78.0,,4.0,82.0,"3, Missouri; 1, Asylum",http://www.bac-lac.gc.ca/eng/discover/aboriginal-heritage/first-nations/indian-affairs-annual-reports/Pages/item.aspx?IdNumber=6836,235,The Reserve # is slightly skewed but I looked up the reserve in previous years to line it up.
790,1889,88,Touchwood Hills,4,Poor Man,,Touchwood Hills,Cree,105.0,,14.0,119.0,"7, Muscowpetungs: 5 at Swift Current; 2, whereabouts unknown",http://www.bac-lac.gc.ca/eng/discover/aboriginal-heritage/first-nations/indian-affairs-annual-reports/Pages/item.aspx?IdNumber=6836,235,The Reserve # is slightly skewed but I looked up the reserve in previous years to line it up.
791,1889,89,Touchwood Hills,4,Yellow Quill,G13,Fishing Lake,Cree,273.0,,57.0,330.0,"51, away hunting; 6 at Swift Current",http://www.bac-lac.gc.ca/eng/discover/aboriginal-heritage/first-nations/indian-affairs-annual-reports/Pages/item.aspx?IdNumber=6836,235,The Reserve # is slightly skewed but I looked up the reserve in previous years to line it up.
792,1889,90,Touchwood Hills,4,Yellow Quill,G13,Nut Lake,Cree,,,,,,http://www.bac-lac.gc.ca/eng/discover/aboriginal-heritage/first-nations/indian-affairs-annual-reports/Pages/item.aspx?IdNumber=6836,235,The Reserve # is slightly skewed but I looked up the reserve in previous years to line it up.
793,1889,75,Mus-cow-pe-tung's,4,Piapot,,Qu'Appelle Valley,Cree,263.0,,12.0,275.0,"3, Crooked Lake; 4, File Hills; 5, West",http://www.bac-lac.gc.ca/eng/discover/aboriginal-heritage/first-nations/indian-affairs-annual-reports/Pages/item.aspx?IdNumber=6836,235,The Reserve # is slightly skewed but I looked up the reserve in previous years to line it up.
794,1889,79,Mus-cow-pe-tung's,4,Pasquah,,Qu'Appelle Lake,Cree,195.0,,12.0,207.0,"4, Maple Creek; 5, Touchwood Hills; 3, Turtle Mountain",http://www.bac-lac.gc.ca/eng/discover/aboriginal-heritage/first-nations/indian-affairs-annual-reports/Pages/item.aspx?IdNumber=6836,235,The Reserve # is slightly skewed but I looked up the reserve in previous years to line it up.
795,1889,80,Mus-cow-pe-tung's,4,Muscowpetung,,Qu'Appelle Valley,Cree,129.0,,2.0,131.0,"1, File Hills; 1, Touchwood",http://www.bac-lac.gc.ca/eng/discover/aboriginal-heritage/first-nations/indian-affairs-annual-reports/Pages/item.aspx?IdNumber=6836,235,The Reserve # is slightly skewed but I looked up the reserve in previous years to line it up.
796,1889,95,Duck Lake,6,Cumberland Indians,,(Near) La Corne,Cree,93.0,,,93.0,,http://www.bac-lac.gc.ca/eng/discover/aboriginal-heritage/first-nations/indian-affairs-annual-reports/Pages/item.aspx?IdNumber=6836,235,The Reserve # is slightly skewed but I looked up the reserve in previous years to line it up.
797,1889,96,Duck Lake,6,One Arrow,,(Opposite) Batoche,Cree,88.0,,15.0,103.0,"3, at Battleford; 12, south of the line",http://www.bac-lac.gc.ca/eng/discover/aboriginal-heritage/first-nations/indian-affairs-annual-reports/Pages/item.aspx?IdNumber=6836,235,The Reserve # is slightly skewed but I looked up the reserve in previous years to line it up.
798,1889,97,Duck Lake,6,Okeemasis,,Duck Lake,Cree,35.0,,29.0,64.0,"21, south of the line; 8, Battleford",http://www.bac-lac.gc.ca/eng/discover/aboriginal-heritage/first-nations/indian-affairs-annual-reports/Pages/item.aspx?IdNumber=6836,235,The Reserve # is slightly skewed but I looked up the reserve in previous years to line it up.
799,1889,98,Duck Lake,6,Beardy,,Duck Lake,Cree,107.0,,14.0,121.0,"13, north, hunting; 1, West",http://www.bac-lac.gc.ca/eng/discover/aboriginal-heritage/first-nations/indian-affairs-annual-reports/Pages/item.aspx?IdNumber=6836,235,The Reserve # is slightly skewed but I looked up the reserve in previous years to line it up.
800,1889,99,Duck Lake,6,Che-kas-tay-pay-sin,,South Saskatchewan,Cree,19.0,,,19.0,,http://www.bac-lac.gc.ca/eng/discover/aboriginal-heritage/first-nations/indian-affairs-annual-reports/Pages/item.aspx?IdNumber=6836,235,The Reserve # is slightly skewed but I looked up the reserve in previous years to line it up.
801,1889,100,Duck Lake,6,John Smith,,South Saskatchewan,Cree,116.0,,18.0,134.0,"9, at Prince Albert; 9, Fort McLeod",http://www.bac-lac.gc.ca/eng/discover/aboriginal-heritage/first-nations/indian-affairs-annual-reports/Pages/item.aspx?IdNumber=6836,235,The Reserve # is slightly skewed but I looked up the reserve in previous years to line it up.
802,1889,,Duck Lake,6,James Smith,,Fort à la Corne,Cree,129.0,,19.0,148.0,"19, away north hunting",http://www.bac-lac.gc.ca/eng/discover/aboriginal-heritage/first-nations/indian-affairs-annual-reports/Pages/item.aspx?IdNumber=6836,235,The Reserve # is slightly skewed but I looked up the reserve in previous years to line it up.
803,1889,101,Carlton,6,Wm. Twatt,,Sturgeon Lake,Cree,146.0,,,146.0,"All these Indians are on the reserves, or absent temporarily hunting",http://www.bac-lac.gc.ca/eng/discover/aboriginal-heritage/first-nations/indian-affairs-annual-reports/Pages/item.aspx?IdNumber=6837,236,
804,1889,102,Carlton,6,Petequakey,,Muskeg Lake,Cree,59.0,,,59.0,,http://www.bac-lac.gc.ca/eng/discover/aboriginal-heritage/first-nations/indian-affairs-annual-reports/Pages/item.aspx?IdNumber=6837,236,
805,1889,103,Carlton,6,Mistawasis,,Snake Lake,Cree,161.0,,,161.0,,http://www.bac-lac.gc.ca/eng/discover/aboriginal-heritage/first-nations/indian-affairs-annual-reports/Pages/item.aspx?IdNumber=6837,236,
806,1889,104,Carlton,6,Attackakoop,,Sandy Lake,Cree,166.0,,,166.0,,http://www.bac-lac.gc.ca/eng/discover/aboriginal-heritage/first-nations/indian-affairs-annual-reports/Pages/item.aspx?IdNumber=6837,236,
807,1889,105,Carlton,6,Ko-pa-ha-wa-ke-num,,Meadow Lake,Cree,66.0,,,66.0,,http://www.bac-lac.gc.ca/eng/discover/aboriginal-heritage/first-nations/indian-affairs-annual-reports/Pages/item.aspx?IdNumber=6837,236,
808,1889,106,Carlton,6,Ke-ne-mo-ta-yo,,Assiniboine Lake,Cree,125.0,,,125.0,,http://www.bac-lac.gc.ca/eng/discover/aboriginal-heritage/first-nations/indian-affairs-annual-reports/Pages/item.aspx?IdNumber=6837,236,
809,1889,,Montreal Lake,6,James Roberts,,Lac la Rouge,Cree,334.0,,,334.0,"New Treaty Indians, who are hunting adjacent to their proposed Reserves",http://www.bac-lac.gc.ca/eng/discover/aboriginal-heritage/first-nations/indian-affairs-annual-reports/Pages/item.aspx?IdNumber=6837,236,
810,1889,,Montreal Lake,6,Wm. Charles,,Montreal,Cree,101.0,,,101.0,,http://www.bac-lac.gc.ca/eng/discover/aboriginal-heritage/first-nations/indian-affairs-annual-reports/Pages/item.aspx?IdNumber=6837,236,
811,1889,108,Battleford,6,Red Pheasant,,Eagle Hills,Cree,124.0,,8.0,132.0,"2, south; 2, Fort à la Corne; 4, Saddle Lake",http://www.bac-lac.gc.ca/eng/discover/aboriginal-heritage/first-nations/indian-affairs-annual-reports/Pages/item.aspx?IdNumber=6837,236,
812,1889,109,Battleford,6,Mosquito,G14,Eagle Hills,Stony,155.0,,73.0,228.0,"73, south and west",http://www.bac-lac.gc.ca/eng/discover/aboriginal-heritage/first-nations/indian-affairs-annual-reports/Pages/item.aspx?IdNumber=6837,236,
813,1889,110,Battleford,6,Bear's Head,G14,Eagle Hills,Stony,,,,,,http://www.bac-lac.gc.ca/eng/discover/aboriginal-heritage/first-nations/indian-affairs-annual-reports/Pages/item.aspx?IdNumber=6837,236,
814,1889,111,Battleford,6,Lean Man,G14,Eagle Hills,Stony,,,,,,http://www.bac-lac.gc.ca/eng/discover/aboriginal-heritage/first-nations/indian-affairs-annual-reports/Pages/item.aspx?IdNumber=6837,236,
815,1889,112,Battleford,6,Mossomin,,Jack Fish Lake,Cree,90.0,,27.0,117.0,"17, south and west",http://www.bac-lac.gc.ca/eng/discover/aboriginal-heritage/first-nations/indian-affairs-annual-reports/Pages/item.aspx?IdNumber=6837,236,
816,1889,113,Battleford,6,Sweet Grass,,Battle River,Cree,189.0,,95.0,284.0,"80, south & west; 9, Peace Hills; 1, in jail; 5, at Calgary",http://www.bac-lac.gc.ca/eng/discover/aboriginal-heritage/first-nations/indian-affairs-annual-reports/Pages/item.aspx?IdNumber=6837,236,
817,1889,114,Battleford,6,Poundmaker,,Battle River,Cree,134.0,,64.0,198.0,"62, South; 2, Blackfoot Crossing",http://www.bac-lac.gc.ca/eng/discover/aboriginal-heritage/first-nations/indian-affairs-annual-reports/Pages/item.aspx?IdNumber=6837,236,
818,1889,115,Battleford,6,Thunder Child,,Battle River,Cree,138.0,,13.0,151.0,"11, South; 2, in jail",http://www.bac-lac.gc.ca/eng/discover/aboriginal-heritage/first-nations/indian-affairs-annual-reports/Pages/item.aspx?IdNumber=6837,236,
819,1889,116,Battleford,6,Little Pine,,Battleford,Cree,156.0,,171.0,327.0,"109, South; 43, Blackfoot Crossing; 12, Sarcee; 1 in prison; 6, Qu'Appelle",http://www.bac-lac.gc.ca/eng/discover/aboriginal-heritage/first-nations/indian-affairs-annual-reports/Pages/item.aspx?IdNumber=6837,236,
820,1889,119,Onion Lake,6,See-kas-kootch,,Onion Lake,Cree,159.0,,57.0,216.0,"36, around Battleford; 4, south; 17, hunting",http://www.bac-lac.gc.ca/eng/discover/aboriginal-heritage/first-nations/indian-affairs-annual-reports/Pages/item.aspx?IdNumber=6837,236,
821,1889,118,Onion Lake,6,Big Bear,,Fort Pitt,Cree,,,150.0,150.0,"Absent since Rebellion, across line, balance of Band amalgamated with other Bands",http://www.bac-lac.gc.ca/eng/discover/aboriginal-heritage/first-nations/indian-affairs-annual-reports/Pages/item.aspx?IdNumber=6837,236,
822,1889,120,Onion Lake,6,We-mis-ti-coo-se-was-is,,Stony Lake,Cree,89.0,,6.0,95.0,"1, at Battleford; 4, hunting; 1, in prison",http://www.bac-lac.gc.ca/eng/discover/aboriginal-heritage/first-nations/indian-affairs-annual-reports/Pages/item.aspx?IdNumber=6837,236,
823,1889,121,Onion Lake,6,Onipo-hayo,,Frog Lake,Cree,42.0,,38.0,80.0,"2, Battleford; 7, south; 22, hunting; 7, Blackfoot Crossing",http://www.bac-lac.gc.ca/eng/discover/aboriginal-heritage/first-nations/indian-affairs-annual-reports/Pages/item.aspx?IdNumber=6838,237,
824,1889,124,Onion Lake,6,Kin-oo-say-o,,Cold Lake,Chippewayans,119.0,,9.0,128.0,"5, Isle à la Crosse; 4, hunting",http://www.bac-lac.gc.ca/eng/discover/aboriginal-heritage/first-nations/indian-affairs-annual-reports/Pages/item.aspx?IdNumber=6838,237,
825,1889,122,Onion Lake,6,Pusk-ea-ch-kee-win,,Frog Lake,Cree,30.0,,2.0,32.0,2 at Battleford,http://www.bac-lac.gc.ca/eng/discover/aboriginal-heritage/first-nations/indian-affairs-annual-reports/Pages/item.aspx?IdNumber=6838,237,
826,1889,123,Onion Lake,6,Kee-hee-win,,Moose Lake,Cree,90.0,,30.0,120.0,"10, around Battleford; 10, south; 10, away hunting",http://www.bac-lac.gc.ca/eng/discover/aboriginal-heritage/first-nations/indian-affairs-annual-reports/Pages/item.aspx?IdNumber=6838,237,
827,1889,125,Saddle Lake,6,Little Hunter,,Saddle Lake,Cree,95.0,,,95.0,,http://www.bac-lac.gc.ca/eng/discover/aboriginal-heritage/first-nations/indian-affairs-annual-reports/Pages/item.aspx?IdNumber=6838,237,
828,1889,126,Saddle Lake,6,Mus-keg-watie,,Victoria,Cree,39.0,,1.0,40.0,"1, at Victoria",http://www.bac-lac.gc.ca/eng/discover/aboriginal-heritage/first-nations/indian-affairs-annual-reports/Pages/item.aspx?IdNumber=6838,237,
829,1889,127,Saddle Lake,6,Blue Quill,,Victoria,Cree,30.0,,,30.0,,http://www.bac-lac.gc.ca/eng/discover/aboriginal-heritage/first-nations/indian-affairs-annual-reports/Pages/item.aspx?IdNumber=6838,237,
830,1889,128,Saddle Lake,6,Seenums,,Whitefish Lake,Cree,285.0,,11.0,296.0,"7, at Saddle Lake; 4, at Fort Saskatchewan",http://www.bac-lac.gc.ca/eng/discover/aboriginal-heritage/first-nations/indian-affairs-annual-reports/Pages/item.aspx?IdNumber=6838,237,
831,1889,129,Saddle Lake,6,Pee-ay-sis,,Lac la Riche,Cree,17.0,,,17.0,,http://www.bac-lac.gc.ca/eng/discover/aboriginal-heritage/first-nations/indian-affairs-annual-reports/Pages/item.aspx?IdNumber=6838,237,
832,1889,130,Saddle Lake,6,Antonie,,Heart's Lake,Chippewayans,84.0,,,84.0,,http://www.bac-lac.gc.ca/eng/discover/aboriginal-heritage/first-nations/indian-affairs-annual-reports/Pages/item.aspx?IdNumber=6838,237,
833,1889,131,Saddle Lake,6,Ka-qua-num,,Beaver Lake,Cree,139.0,,,139.0,,http://www.bac-lac.gc.ca/eng/discover/aboriginal-heritage/first-nations/indian-affairs-annual-reports/Pages/item.aspx?IdNumber=6838,237,
834,1889,132,Edmonton,6,Michael,,Sturgeon River,Cree,39.0,,32.0,71.0,"8 at Industrial School, High River; 24, south of Line",http://www.bac-lac.gc.ca/eng/discover/aboriginal-heritage/first-nations/indian-affairs-annual-reports/Pages/item.aspx?IdNumber=6838,237,
835,1889,133,Edmonton,6,Alexis,,Stoney Lake,Cree,156.0,,,156.0,,http://www.bac-lac.gc.ca/eng/discover/aboriginal-heritage/first-nations/indian-affairs-annual-reports/Pages/item.aspx?IdNumber=6838,237,
836,1889,134,Edmonton,6,Alexander,,Rivière qui Barre,Cree,190.0,,,190.0,,http://www.bac-lac.gc.ca/eng/discover/aboriginal-heritage/first-nations/indian-affairs-annual-reports/Pages/item.aspx?IdNumber=6838,237,
837,1889,135,Edmonton,6,Enoch le Potac,,Stoney Plain,Cree,156.0,,22.0,178.0,"4 at Morleyville; 2, St. Albert; 16, South",http://www.bac-lac.gc.ca/eng/discover/aboriginal-heritage/first-nations/indian-affairs-annual-reports/Pages/item.aspx?IdNumber=6838,237,
838,1889,133a,Edmonton,6,Iron Head,,White Lake,Cree,53.0,,,53.0,,http://www.bac-lac.gc.ca/eng/discover/aboriginal-heritage/first-nations/indian-affairs-annual-reports/Pages/item.aspx?IdNumber=6838,237,
839,1889,,Edmonton,6,Orphans of St. Albert,,,,10.0,,,10.0,,http://www.bac-lac.gc.ca/eng/discover/aboriginal-heritage/first-nations/indian-affairs-annual-reports/Pages/item.aspx?IdNumber=6838,237,
840,1889,137,Peace Hills,6,Ermineskin,,Bear's Hill,Cree,131.0,,,131.0,,http://www.bac-lac.gc.ca/eng/discover/aboriginal-heritage/first-nations/indian-affairs-annual-reports/Pages/item.aspx?IdNumber=6838,237,
841,1889,138,Peace Hills,6,Sampson,,Bear's Hill,Cree,239.0,,50.0,289.0,"Away hunting, freighting and working with whites",http://www.bac-lac.gc.ca/eng/discover/aboriginal-heritage/first-nations/indian-affairs-annual-reports/Pages/item.aspx?IdNumber=6838,237,
842,1889,140,Peace Hills,6,Muddy Bull,,Pigeon Lake,Cree,70.0,,,70.0,,http://www.bac-lac.gc.ca/eng/discover/aboriginal-heritage/first-nations/indian-affairs-annual-reports/Pages/item.aspx?IdNumber=6838,237,
843,1889,141,Peace Hills,6,Chee-pooste-quahn,,Wolf Creek,Stony,121.0,,,121.0,A few of these away hunting in the district,http://www.bac-lac.gc.ca/eng/discover/aboriginal-heritage/first-nations/indian-affairs-annual-reports/Pages/item.aspx?IdNumber=6838,237,
844,1889,142,Sarcee,7,Bear's Paw,,Morleyville,Stonys,212.0,,16.0,228.0,"16, south at Piegans and Bloods. All of the hunters of these three bands are backward and forward in the mountains hunting, when their presence is not necessary on the reserves.",http://www.bac-lac.gc.ca/eng/discover/aboriginal-heritage/first-nations/indian-affairs-annual-reports/Pages/item.aspx?IdNumber=6838,237,
845,1889,142,Sarcee,7,Chinniquy,,Morleyville,Stonys,127.0,,1.0,128.0,"1 at Piegans. All of the hunters of these three bands are backward and forward in the mountains hunting, when their presence is not necessary on the reserves",http://www.bac-lac.gc.ca/eng/discover/aboriginal-heritage/first-nations/indian-affairs-annual-reports/Pages/item.aspx?IdNumber=6838,237,
846,1889,143,Sarcee,7,Jacob,,Morleyville,Stonys,232.0,,,232.0,"All of the hunters of these three bands are backward and forward in the mountains hunting, when their presence is not necessary on the reserves",http://www.bac-lac.gc.ca/eng/discover/aboriginal-heritage/first-nations/indian-affairs-annual-reports/Pages/item.aspx?IdNumber=6838,237,
847,1889,145,Sarcee,7,Bull's Head,,Calgary,Sarcees,336.0,,,336.0,,http://www.bac-lac.gc.ca/eng/discover/aboriginal-heritage/first-nations/indian-affairs-annual-reports/Pages/item.aspx?IdNumber=6838,237,
848,1889,146,Blackfoot Crossing,7,Crowfoot,,North and South of Bow River,Blackfeet,1094.0,,,1094.0,,http://www.bac-lac.gc.ca/eng/discover/aboriginal-heritage/first-nations/indian-affairs-annual-reports/Pages/item.aspx?IdNumber=6839,238,
849,1889,146,Blackfoot Crossing,7,Old Sun,,North and South of Bow River,Blackfeet,710.0,,1.0,711.0,Man in jail,http://www.bac-lac.gc.ca/eng/discover/aboriginal-heritage/first-nations/indian-affairs-annual-reports/Pages/item.aspx?IdNumber=6839,238,
850,1889,147,Piegan Reserve,7,North Axe,,Old Man's River,Piegans,907.0,,6.0,913.0,5 with South Piegans; 1 at Pincher Creek,http://www.bac-lac.gc.ca/eng/discover/aboriginal-heritage/first-nations/indian-affairs-annual-reports/Pages/item.aspx?IdNumber=6839,238,
851,1889,148,Blood Reserve,7,Red Crow,,Belly River,Bloods,2097.0,,32.0,2129.0,17 across the line; 13 at Blackfoot Crossing; 1 in jail; 1 a fugitive from justice,http://www.bac-lac.gc.ca/eng/discover/aboriginal-heritage/first-nations/indian-affairs-annual-reports/Pages/item.aspx?IdNumber=6839,238,
852,1889,,Stragglers,,Cree and Salteaux,,,,220.0,,,220.0,In vicinity of Maple Creek and Medicine Hat.,http://www.bac-lac.gc.ca/eng/discover/aboriginal-heritage/first-nations/indian-affairs-annual-reports/Pages/item.aspx?IdNumber=6839,238,
853,1889,,Non-Treaty Indians,Non-Treaty,Yellow Sky,,Turtle Lake,Salteaux,90.0,,,90.0,,http://www.bac-lac.gc.ca/eng/discover/aboriginal-heritage/first-nations/indian-affairs-annual-reports/Pages/item.aspx?IdNumber=6839,238,
854,1889,,Non-Treaty Indians,Non-Treaty,Enochs,,Bird Tail Creek,Sioux,108.0,,,108.0,,http://www.bac-lac.gc.ca/eng/discover/aboriginal-heritage/first-nations/indian-affairs-annual-reports/Pages/item.aspx?IdNumber=6839,238,
855,1889,,Non-Treaty Indians,Non-Treaty,Little Chief,,Oak River,Sioux,276.0,,,276.0,,http://www.bac-lac.gc.ca/eng/discover/aboriginal-heritage/first-nations/indian-affairs-annual-reports/Pages/item.aspx?IdNumber=6839,238,
856,1889,,Non-Treaty Indians,Non-Treaty,Ha-we-da,,Oak Lake,Sioux,55.0,,,55.0,,http://www.bac-lac.gc.ca/eng/discover/aboriginal-heritage/first-nations/indian-affairs-annual-reports/Pages/item.aspx?IdNumber=6839,238,
857,1889,,Non-Treaty Indians,Non-Treaty,Pa-da-mo-ne,,Turtle Mountain,Sioux,34.0,,,34.0,,http://www.bac-lac.gc.ca/eng/discover/aboriginal-heritage/first-nations/indian-affairs-annual-reports/Pages/item.aspx?IdNumber=6839,238,
858,1889,,Non-Treaty Indians,Non-Treaty,Standing Buffalo,,Qu'Appelle Lakes,Sioux,184.0,,,184.0,,http://www.bac-lac.gc.ca/eng/discover/aboriginal-heritage/first-nations/indian-affairs-annual-reports/Pages/item.aspx?IdNumber=6839,238,
859,1889,,Non-Treaty Indians,Non-Treaty,White Cap,,Moose Woods,Sioux,105.0,,,105.0,,http://www.bac-lac.gc.ca/eng/discover/aboriginal-heritage/first-nations/indian-affairs-annual-reports/Pages/item.aspx?IdNumber=6839,238,
860,1889,,Non-Treaty Indians,Non-Treaty,American Sioux,,(No Reserve),Sioux,,50.0,,50.0,These reside around Moose Jaw,http://www.bac-lac.gc.ca/eng/discover/aboriginal-heritage/first-nations/indian-affairs-annual-reports/Pages/item.aspx?IdNumber=6839,238,
861,1890,61,Birtle,4,Kee-see-koo-wenin,,Riding Mountain,Saulteaux,137.0,,,137.0,,http://www.bac-lac.gc.ca/eng/discover/aboriginal-heritage/first-nations/indian-affairs-annual-reports/Pages/item.aspx?IdNumber=7450,205,
862,1890,62,Birtle,4,Way-way-see-cappo,,Bird Tail Creek,Saulteaux,146.0,,16.0,162.0,"13 absent hunting; 1 whereabouts unknown; 2, Qu'Appelle",http://www.bac-lac.gc.ca/eng/discover/aboriginal-heritage/first-nations/indian-affairs-annual-reports/Pages/item.aspx?IdNumber=7450,205,
863,1890,63,Birtle,4,The Gambler,,Silver Creek,Saulteaux,103.0,,6.0,109.0,"5, Portage la Prairie; 1 away hunting",http://www.bac-lac.gc.ca/eng/discover/aboriginal-heritage/first-nations/indian-affairs-annual-reports/Pages/item.aspx?IdNumber=7450,205,
864,1890,67,Birtle,4,South Quill,,Rolling River,Saulteaux,116.0,,4.0,120.0,4 away hunting,http://www.bac-lac.gc.ca/eng/discover/aboriginal-heritage/first-nations/indian-affairs-annual-reports/Pages/item.aspx?IdNumber=7450,205,
865,1890,64,Fort Pelly,4,Cote,,Fort Pelly,Saulteaux,269.0,,,269.0,,http://www.bac-lac.gc.ca/eng/discover/aboriginal-heritage/first-nations/indian-affairs-annual-reports/Pages/item.aspx?IdNumber=7450,205,
866,1890,65,Fort Pelly,4,The Key,,Fort Pelly,Saulteaux,223.0,,,223.0,,http://www.bac-lac.gc.ca/eng/discover/aboriginal-heritage/first-nations/indian-affairs-annual-reports/Pages/item.aspx?IdNumber=7450,205,
867,1890,66,Fort Pelly,4,Kee-see-kouse,,Fort Pelly,Saulteaux,167.0,,,167.0,,http://www.bac-lac.gc.ca/eng/discover/aboriginal-heritage/first-nations/indian-affairs-annual-reports/Pages/item.aspx?IdNumber=7450,205,
868,1890,68,Moose Mountain,4,Pheasant Rump,,Moose Mountain,Assiniboine,54.0,,12.0,66.0,11 absent at Missouri; 1 at Indian Head,http://www.bac-lac.gc.ca/eng/discover/aboriginal-heritage/first-nations/indian-affairs-annual-reports/Pages/item.aspx?IdNumber=7450,205,
869,1890,69,Moose Mountain,4,Striped Blanket,,Moose Mountain,Assiniboine,73.0,,7.0,80.0,"6, Missouri; 1, Turtle Mountain, U.S.",http://www.bac-lac.gc.ca/eng/discover/aboriginal-heritage/first-nations/indian-affairs-annual-reports/Pages/item.aspx?IdNumber=7450,205,
870,1890,70,Moose Mountain,4,White Bear,,Moose Mountain,Cree,91.0,,16.0,107.0,"2, Turtle Mountain, U.S.; 6, Crooked Lake, 8 south of line",http://www.bac-lac.gc.ca/eng/discover/aboriginal-heritage/first-nations/indian-affairs-annual-reports/Pages/item.aspx?IdNumber=7450,205,
871,1890,71,Crooked Lake,4,Ochapowace,,Crooked Lake,Cree,146.0,,24.0,170.0,"2 at Piapot's; 12, Qu'Appelle; 8 gone south, and 2, Swift Current",http://www.bac-lac.gc.ca/eng/discover/aboriginal-heritage/first-nations/indian-affairs-annual-reports/Pages/item.aspx?IdNumber=7450,205,
872,1890,72,Crooked Lake,4,Kake-wista-haw,,Crooked Lake,Cree,124.0,,47.0,171.0,"2, Fort Ellice; 30, Turtle Mountain, U.S.; 13, Piapot's, and 2, whereabouts unknown",http://www.bac-lac.gc.ca/eng/discover/aboriginal-heritage/first-nations/indian-affairs-annual-reports/Pages/item.aspx?IdNumber=7450,205,
873,1890,73,Crooked Lake,4,O'Soup or Cowesis,,Crooked Lake,Cree,150.0,,68.0,218.0,"14 away hunting; 37, Turtle Mountain, U.S.; 4, whereabouts unknown; 13, Touchwood",http://www.bac-lac.gc.ca/eng/discover/aboriginal-heritage/first-nations/indian-affairs-annual-reports/Pages/item.aspx?IdNumber=7450,205,
874,1890,74,Crooked Lake,4,Sakimay,,Crooked Lake,Cree,192.0,,19.0,211.0,"13 absent hunting; 6, File Hills",http://www.bac-lac.gc.ca/eng/discover/aboriginal-heritage/first-nations/indian-affairs-annual-reports/Pages/item.aspx?IdNumber=7450,205,The Indians south of the line since 1885 have been struck off the pay-sheet.
875,1890,76,Assiniboine,4,The-man-who-took-the-coat,,Indian Head,Assiniboine,213.0,,20.0,233.0,20 absent at Milk River,http://www.bac-lac.gc.ca/eng/discover/aboriginal-heritage/first-nations/indian-affairs-annual-reports/Pages/item.aspx?IdNumber=7450,205,
876,1890,81,File Hills,4,Pee-pee-kee-sis,,File Hills,Cree,87.0,,13.0,100.0,"3 absent hunting; 4, Qu'Appelle; 6, Muscowpetung",http://www.bac-lac.gc.ca/eng/discover/aboriginal-heritage/first-nations/indian-affairs-annual-reports/Pages/item.aspx?IdNumber=7451,206,
877,1890,82,File Hills,4,Okanase,,File Hills,Cree,59.0,,,59.0,,http://www.bac-lac.gc.ca/eng/discover/aboriginal-heritage/first-nations/indian-affairs-annual-reports/Pages/item.aspx?IdNumber=7451,206,
878,1890,83,File Hills,4,Star Blanket,,File Hills,Cree,47.0,,6.0,53.0,"2 at Qu'Appelle; 2, Missouri; 2, Crooked Lake",http://www.bac-lac.gc.ca/eng/discover/aboriginal-heritage/first-nations/indian-affairs-annual-reports/Pages/item.aspx?IdNumber=7451,206,
879,1890,84,File Hills,4,Little Black Bear,,File Hills,Cree,80.0,,14.0,94.0,"4 away hunting; 4, Turtle Mountain, U.S.; 2, Calgary; 2, Qu'Appelle; 2, Moose Mountain.",http://www.bac-lac.gc.ca/eng/discover/aboriginal-heritage/first-nations/indian-affairs-annual-reports/Pages/item.aspx?IdNumber=7451,206,
880,1890,85,Touchwood Hills,4,Muscowequan,,Touchwood Hills,Cree,154.0,,1.0,155.0,1 at Qu'Appelle,http://www.bac-lac.gc.ca/eng/discover/aboriginal-heritage/first-nations/indian-affairs-annual-reports/Pages/item.aspx?IdNumber=7451,206,
881,1890,86,Touchwood Hills,4,George Gordon,,Touchwood Hills,Cree,151.0,,9.0,160.0,"6 at Swift Current; 1, Asylum; 2, Prince Albert",http://www.bac-lac.gc.ca/eng/discover/aboriginal-heritage/first-nations/indian-affairs-annual-reports/Pages/item.aspx?IdNumber=7451,206,
882,1890,87,Touchwood Hills,4,Day Star,,Touchwood Hills,Cree,85.0,,2.0,87.0,"1 absent hunting; 1, Manitoba Asylum",http://www.bac-lac.gc.ca/eng/discover/aboriginal-heritage/first-nations/indian-affairs-annual-reports/Pages/item.aspx?IdNumber=7451,206,
883,1890,88,Touchwood Hills,4,Poor Man,,Touchwood Hills,Cree,103.0,,16.0,119.0,"3 hunting; 1, Industrial School; 7, Muscowpetung; 5, Swift Current",http://www.bac-lac.gc.ca/eng/discover/aboriginal-heritage/first-nations/indian-affairs-annual-reports/Pages/item.aspx?IdNumber=7451,206,
884,1890,89,Touchwood Hills,4,Yellow Quill,G15,Fishing Lake,Cree,284.0,,50.0,334.0,"44 absent hunting; 6, Swift Current",http://www.bac-lac.gc.ca/eng/discover/aboriginal-heritage/first-nations/indian-affairs-annual-reports/Pages/item.aspx?IdNumber=7451,206,
885,1890,90,Touchwood Hills,4,Yellow Quill,G15,Nut Lake,Cree,,,,,,http://www.bac-lac.gc.ca/eng/discover/aboriginal-heritage/first-nations/indian-affairs-annual-reports/Pages/item.aspx?IdNumber=7451,206,
886,1890,75,Mus-cow-pe-tung's,4,Piapots,,Qu'Appelle Valley,Cree,235.0,,23.0,258.0,"13, Cypress; 2, Duck Lake; 1, Turtle Mountain, U.S.; 3, Crooked Lake; 4, File Hills",http://www.bac-lac.gc.ca/eng/discover/aboriginal-heritage/first-nations/indian-affairs-annual-reports/Pages/item.aspx?IdNumber=7451,206,
887,1890,79,Mus-cow-pe-tung's,4,Pasquah's,,Qu'Appelle Lake,Cree,176.0,,16.0,192.0,"6, Touchwood Hills; 3, Crooked Lake; 2, Moose Mountain; 5, Maple Creek",http://www.bac-lac.gc.ca/eng/discover/aboriginal-heritage/first-nations/indian-affairs-annual-reports/Pages/item.aspx?IdNumber=7451,206,
888,1890,80,Mus-cow-pe-tung's,4,Muscowpetung's,,Qu'Appelle Valley,Cree,125.0,,2.0,127.0,"1 at Turtle Mountain, U.S.; 1, Touchwood Hills",http://www.bac-lac.gc.ca/eng/discover/aboriginal-heritage/first-nations/indian-affairs-annual-reports/Pages/item.aspx?IdNumber=7451,206,
889,1890,,Duck Lake,6,Cumberland Indians,,,Cree,95.0,,4.0,99.0,4 away hunting,http://www.bac-lac.gc.ca/eng/discover/aboriginal-heritage/first-nations/indian-affairs-annual-reports/Pages/item.aspx?IdNumber=7451,206,
890,1890,95,Duck Lake,6,One Arrow,,Opposite Batoche,Cree,88.0,,3.0,91.0,3 at Battleford,http://www.bac-lac.gc.ca/eng/discover/aboriginal-heritage/first-nations/indian-affairs-annual-reports/Pages/item.aspx?IdNumber=7451,206,
891,1890,96,Duck Lake,6,Okemasis,,Duck Lake,Cree,29.0,,8.0,37.0,8 in Battleford District,http://www.bac-lac.gc.ca/eng/discover/aboriginal-heritage/first-nations/indian-affairs-annual-reports/Pages/item.aspx?IdNumber=7452,207,
892,1890,97,Duck Lake,6,Beardy,,Duck Lake,Cree,126.0,,,126.0,,http://www.bac-lac.gc.ca/eng/discover/aboriginal-heritage/first-nations/indian-affairs-annual-reports/Pages/item.aspx?IdNumber=7452,207,
893,1890,98,Duck Lake,6,Che-kas-tay-pa-sin,,South Saskatchewan,Cree,,,,,Chief dead; Indians joined John Smith's and other bands,http://www.bac-lac.gc.ca/eng/discover/aboriginal-heritage/first-nations/indian-affairs-annual-reports/Pages/item.aspx?IdNumber=7452,207,
894,1890,99,Duck Lake,6,John Smith,,South Saskatchewan,Cree,123.0,,9.0,132.0,"7 at Fort McLeod; 2, whereabouts unknown",http://www.bac-lac.gc.ca/eng/discover/aboriginal-heritage/first-nations/indian-affairs-annual-reports/Pages/item.aspx?IdNumber=7452,207,
895,1890,100,Duck Lake,6,James Smith,,Fort a la Corne,Cree,137.0,,,137.0,,http://www.bac-lac.gc.ca/eng/discover/aboriginal-heritage/first-nations/indian-affairs-annual-reports/Pages/item.aspx?IdNumber=7452,207,
896,1890,,Carlton,6,Pelican Lake Indians,,Pelican Lake,Cree,34.0,,,34.0,,http://www.bac-lac.gc.ca/eng/discover/aboriginal-heritage/first-nations/indian-affairs-annual-reports/Pages/item.aspx?IdNumber=7452,207,
897,1890,101,Carlton,6,W. Twatt,,Sturgeon Lake,Cree,140.0,,9.0,149.0,"9, absent hunting",http://www.bac-lac.gc.ca/eng/discover/aboriginal-heritage/first-nations/indian-affairs-annual-reports/Pages/item.aspx?IdNumber=7452,207,
898,1890,102,Carlton,6,Petequakey,,Muskeg Lake,Cree,64.0,,3.0,67.0,3 at St. Joseph's Indian School,http://www.bac-lac.gc.ca/eng/discover/aboriginal-heritage/first-nations/indian-affairs-annual-reports/Pages/item.aspx?IdNumber=7452,207,
899,1890,103,Carlton,6,Mistewasis,,Snake Lake,Cree,155.0,,2.0,157.0,"2, whereabouts unknown",http://www.bac-lac.gc.ca/eng/discover/aboriginal-heritage/first-nations/indian-affairs-annual-reports/Pages/item.aspx?IdNumber=7452,207,
900,1890,104,Carlton,6,Attackakoop,,Sandy Lake,Cree,182.0,,4.0,186.0,"4 away at Turtle Mountain, U.S.",http://www.bac-lac.gc.ca/eng/discover/aboriginal-heritage/first-nations/indian-affairs-annual-reports/Pages/item.aspx?IdNumber=7452,207,
901,1890,105,Carlton,6,Ko-pa-ha-wa-ke-num,,Meadow Lake,Cree,55.0,,3.0,58.0,"3 away at Turtle Mountain, U.S.",http://www.bac-lac.gc.ca/eng/discover/aboriginal-heritage/first-nations/indian-affairs-annual-reports/Pages/item.aspx?IdNumber=7452,207,
902,1890,106,Carlton,6,Kenemotayo,,Assiniboine Lake,Cree,95.0,,5.0,100.0,"5, whereabouts unknown",http://www.bac-lac.gc.ca/eng/discover/aboriginal-heritage/first-nations/indian-affairs-annual-reports/Pages/item.aspx?IdNumber=7452,207,
903,1890,,Carlton,6,James Roberts,,Lac la Ronge,Cree,320.0,,34.0,354.0,34 hunting in neighbourhood,http://www.bac-lac.gc.ca/eng/discover/aboriginal-heritage/first-nations/indian-affairs-annual-reports/Pages/item.aspx?IdNumber=7452,207,
904,1890,,Carlton,6,William Charles,,Montreal Lake,Cree,97.0,,,97.0,,http://www.bac-lac.gc.ca/eng/discover/aboriginal-heritage/first-nations/indian-affairs-annual-reports/Pages/item.aspx?IdNumber=7452,207,
905,1890,108,Battleford,6,Red Pheasant,,Eagle Hills,Cree,115.0,,6.0,121.0,"2, La Corne; 4 supposed to be at Saddle Lake",http://www.bac-lac.gc.ca/eng/discover/aboriginal-heritage/first-nations/indian-affairs-annual-reports/Pages/item.aspx?IdNumber=7452,207,
906,1890,109,Battleford,6,Mosquito,,Eagle Hills,Stony,71.0,,15.0,86.0,"10 gone south since last payments; 5, south since rebellion",http://www.bac-lac.gc.ca/eng/discover/aboriginal-heritage/first-nations/indian-affairs-annual-reports/Pages/item.aspx?IdNumber=7452,207,
907,1890,110,Battleford,6,Bear's Head,,Eagle Hills,Stony,26.0,,60.0,86.0,"29 gone south since last payments; 31, south since rebellion",http://www.bac-lac.gc.ca/eng/discover/aboriginal-heritage/first-nations/indian-affairs-annual-reports/Pages/item.aspx?IdNumber=7452,207,
908,1890,111,Battleford,6,Lean Man,,Eagle Hills,Stony,9.0,,15.0,24.0,"7 away hunting; 8, south",http://www.bac-lac.gc.ca/eng/discover/aboriginal-heritage/first-nations/indian-affairs-annual-reports/Pages/item.aspx?IdNumber=7452,207,
909,1890,112,Battleford,6,Moosomin,,Jack Fish Lake,Cree,110.0,,20.0,130.0,20 south since rebellion,http://www.bac-lac.gc.ca/eng/discover/aboriginal-heritage/first-nations/indian-affairs-annual-reports/Pages/item.aspx?IdNumber=7452,207,
910,1890,113,Battleford,6,Sweet Grass,,Battle River,Cree,151.0,,86.0,237.0,"10, Peace Hills; 1, Swift Current; 5, Calgary; 70, south",http://www.bac-lac.gc.ca/eng/discover/aboriginal-heritage/first-nations/indian-affairs-annual-reports/Pages/item.aspx?IdNumber=7452,207,
911,1890,114,Battleford,6,Poundmaker,,Battle River,Cree,129.0,,60.0,189.0,"53, south since rebellion; 3, Prince Albert; 2 away hunting; 2, Blackfoot",http://www.bac-lac.gc.ca/eng/discover/aboriginal-heritage/first-nations/indian-affairs-annual-reports/Pages/item.aspx?IdNumber=7452,207,
912,1890,115,Battleford,6,Thunderchild,,Battle River,Cree,176.0,,9.0,185.0,"2, still in gaol; 7, south since rebellion",http://www.bac-lac.gc.ca/eng/discover/aboriginal-heritage/first-nations/indian-affairs-annual-reports/Pages/item.aspx?IdNumber=7452,207,
913,1890,116,Battleford,6,Little Pine,,Battleford River,Cree,127.0,,156.0,283.0,"90, south since rebellion; 1, Fort Pitt; 1, Swift Current; 56, Calgary; 2, hunting; 6, Qu'Appelle",http://www.bac-lac.gc.ca/eng/discover/aboriginal-heritage/first-nations/indian-affairs-annual-reports/Pages/item.aspx?IdNumber=7452,207,Some Indians south of the line since 1885 have been struck off the pay-sheet
914,1890,119,Onion Lake,6,See-kas-kootch,,Onion Lake,Cree,159.0,,53.0,212.0,"36 round Battleford; 17, north hunting",http://www.bac-lac.gc.ca/eng/discover/aboriginal-heritage/first-nations/indian-affairs-annual-reports/Pages/item.aspx?IdNumber=7452,207,
915,1890,120,Onion Lake,6,We-mis-ti-coo-se-was-is,,Stony Lake,Cree,89.0,,6.0,95.0,"4, hunting; 2, Battleford",http://www.bac-lac.gc.ca/eng/discover/aboriginal-heritage/first-nations/indian-affairs-annual-reports/Pages/item.aspx?IdNumber=7452,207,
916,1890,121,Onion Lake,6,O-nipo-hayo,,Frog Lake,Cree,42.0,,24.0,66.0,"22, north hunting; 2 round Battleford",http://www.bac-lac.gc.ca/eng/discover/aboriginal-heritage/first-nations/indian-affairs-annual-reports/Pages/item.aspx?IdNumber=7452,207,
917,1890,122,Onion Lake,6,Pus-ke-ah-kee-win,,Frog Lake,Cree,30.0,,2.0,32.0,2 round Battleford,http://www.bac-lac.gc.ca/eng/discover/aboriginal-heritage/first-nations/indian-affairs-annual-reports/Pages/item.aspx?IdNumber=7452,207,
918,1890,123,Onion Lake,6,Kee-hee-win,,Moose Lake,Cree,90.0,,20.0,110.0,"10 working in Battleford; 10, away hunting",http://www.bac-lac.gc.ca/eng/discover/aboriginal-heritage/first-nations/indian-affairs-annual-reports/Pages/item.aspx?IdNumber=7452,207,
919,1890,124,Onion Lake,6,Kin-oo-say-o,,Cold Lake,Chipwayans,119.0,,9.0,128.0,"4 absent hunting; 5, John Smith's Reserve",http://www.bac-lac.gc.ca/eng/discover/aboriginal-heritage/first-nations/indian-affairs-annual-reports/Pages/item.aspx?IdNumber=7452,207,
920,1890,125,Saddle Lake,6,Little Hunter,,Saddle Lake,Cree,112.0,,,112.0,The Indians are from time to time absent hunting around the reserves,http://www.bac-lac.gc.ca/eng/discover/aboriginal-heritage/first-nations/indian-affairs-annual-reports/Pages/item.aspx?IdNumber=7453,208,
921,1890,126,Saddle Lake,6,Mus-keg-watie,,Victoria,Cree,41.0,,,41.0,,http://www.bac-lac.gc.ca/eng/discover/aboriginal-heritage/first-nations/indian-affairs-annual-reports/Pages/item.aspx?IdNumber=7453,208,
922,1890,127,Saddle Lake,6,Blue Quill,,Victoria,Cree,27.0,,,27.0,,http://www.bac-lac.gc.ca/eng/discover/aboriginal-heritage/first-nations/indian-affairs-annual-reports/Pages/item.aspx?IdNumber=7453,208,
923,1890,128,Saddle Lake,6,Seenum,,White Fish Lake,Cree,307.0,,,307.0,,http://www.bac-lac.gc.ca/eng/discover/aboriginal-heritage/first-nations/indian-affairs-annual-reports/Pages/item.aspx?IdNumber=7453,208,
924,1890,129,Saddle Lake,6,Pee-ay-sis,,Lac la Biche,Cree,14.0,,3.0,17.0,"1, Cold Lake; 2, away hunting north",http://www.bac-lac.gc.ca/eng/discover/aboriginal-heritage/first-nations/indian-affairs-annual-reports/Pages/item.aspx?IdNumber=7453,208,
925,1890,130,Saddle Lake,6,Antoine,,Hearts' Lake,Chipwayans,88.0,,,88.0,,http://www.bac-lac.gc.ca/eng/discover/aboriginal-heritage/first-nations/indian-affairs-annual-reports/Pages/item.aspx?IdNumber=7453,208,
926,1890,131,Saddle Lake,6,Ka-qua-num,,Beaver Lake,Cree,108.0,,,108.0,,http://www.bac-lac.gc.ca/eng/discover/aboriginal-heritage/first-nations/indian-affairs-annual-reports/Pages/item.aspx?IdNumber=7453,208,
927,1890,132,Edmonton,6,Michel,,Sturgeon River,Cree,75.0,,,75.0,,http://www.bac-lac.gc.ca/eng/discover/aboriginal-heritage/first-nations/indian-affairs-annual-reports/Pages/item.aspx?IdNumber=7453,208,
928,1890,133,Edmonton,6,Alexis,,Lac St. Anne,Cree,158.0,,,158.0,,http://www.bac-lac.gc.ca/eng/discover/aboriginal-heritage/first-nations/indian-affairs-annual-reports/Pages/item.aspx?IdNumber=7453,208,
929,1890,134,Edmonton,6,Alexander,,Rivière qui Barre,Cree,203.0,,2.0,205.0,2 visiting in neighbourhood,http://www.bac-lac.gc.ca/eng/discover/aboriginal-heritage/first-nations/indian-affairs-annual-reports/Pages/item.aspx?IdNumber=7453,208,
930,1890,135,Edmonton,6,Enoch La Potac,,Stony Plain,Cree,174.0,,7.0,181.0,7 at Bear's Hill,http://www.bac-lac.gc.ca/eng/discover/aboriginal-heritage/first-nations/indian-affairs-annual-reports/Pages/item.aspx?IdNumber=7453,208,
931,1890,133a,Edmonton,6,Iron Head,,White Lake,Cree,55.0,,,55.0,,http://www.bac-lac.gc.ca/eng/discover/aboriginal-heritage/first-nations/indian-affairs-annual-reports/Pages/item.aspx?IdNumber=7453,208,
932,1890,,Edmonton,6,Orphans of St. Albert,,,Cree,11.0,,,11.0,,http://www.bac-lac.gc.ca/eng/discover/aboriginal-heritage/first-nations/indian-affairs-annual-reports/Pages/item.aspx?IdNumber=7453,208,
933,1890,137,Peace Hills,6,Ermineskin,,Bear's Hills,Cree,127.0,,6.0,133.0,"3 away hunting; 2, Edmonton; 1, whereabouts unknown",http://www.bac-lac.gc.ca/eng/discover/aboriginal-heritage/first-nations/indian-affairs-annual-reports/Pages/item.aspx?IdNumber=7453,208,
934,1890,138,Peace Hills,6,Sampson,,Bear's Hill,Cree,293.0,,12.0,305.0,"8 at Calgary; 4, whereabouts unknown",http://www.bac-lac.gc.ca/eng/discover/aboriginal-heritage/first-nations/indian-affairs-annual-reports/Pages/item.aspx?IdNumber=7453,208,
935,1890,140,Peace Hills,6,Muddy Bull,,Pigeon Lake,Cree,71.0,,,71.0,,http://www.bac-lac.gc.ca/eng/discover/aboriginal-heritage/first-nations/indian-affairs-annual-reports/Pages/item.aspx?IdNumber=7453,208,
936,1890,141,Peace Hills,6,Chee-pooste-quahn,,Wolf Creek,Stony,90.0,,1.0,91.0,"1, Saddle Lake",http://www.bac-lac.gc.ca/eng/discover/aboriginal-heritage/first-nations/indian-affairs-annual-reports/Pages/item.aspx?IdNumber=7453,208,
937,1890,142,Sarcee,7,Bear's Paw,,Morleyville,Stonys,226.0,,2.0,228.0,2 absent hunting,http://www.bac-lac.gc.ca/eng/discover/aboriginal-heritage/first-nations/indian-affairs-annual-reports/Pages/item.aspx?IdNumber=7454,209,
938,1890,142,Sarcee,7,Chiniquay,,Morleyville,Stonys,118.0,,,118.0,,http://www.bac-lac.gc.ca/eng/discover/aboriginal-heritage/first-nations/indian-affairs-annual-reports/Pages/item.aspx?IdNumber=7454,209,
939,1890,143,Sarcee,7,Jacob,,Morleyville,Stonys,226.0,,2.0,228.0,2 absent hunting,http://www.bac-lac.gc.ca/eng/discover/aboriginal-heritage/first-nations/indian-affairs-annual-reports/Pages/item.aspx?IdNumber=7454,209,
940,1890,145,Sarcee,7,Bull's Head,,Calgary,Sarcee,280.0,,31.0,311.0,31 absent,http://www.bac-lac.gc.ca/eng/discover/aboriginal-heritage/first-nations/indian-affairs-annual-reports/Pages/item.aspx?IdNumber=7454,209,
941,1890,146,Blackfoot,7,Three bulls,,North and South of Bow River,Blackfeet,1030.0,,3.0,1033.0,2 at North Peigan; 1 across the line,http://www.bac-lac.gc.ca/eng/discover/aboriginal-heritage/first-nations/indian-affairs-annual-reports/Pages/item.aspx?IdNumber=7454,209,
942,1890,146,Blackfoot,7,Old Sun,,North and South of Bow River,Blackfeet,716.0,,3.0,719.0,"2 at Blood Reserve; 1, whereabouts unknown",http://www.bac-lac.gc.ca/eng/discover/aboriginal-heritage/first-nations/indian-affairs-annual-reports/Pages/item.aspx?IdNumber=7454,209,
943,1890,147,Peigan,7,North Axe,,Old Man's River,Peigans,914.0,,21.0,935.0,"20 across the line; 1, Pincher Creek",http://www.bac-lac.gc.ca/eng/discover/aboriginal-heritage/first-nations/indian-affairs-annual-reports/Pages/item.aspx?IdNumber=7454,209,
944,1890,148,Blood,7,Red Crow,,Belly River,Blood,1703.0,,10.0,1713.0,"6 fugitives from justice; 3 in jail; 1, Blackfoot Crossing",http://www.bac-lac.gc.ca/eng/discover/aboriginal-heritage/first-nations/indian-affairs-annual-reports/Pages/item.aspx?IdNumber=7454,209,
945,1890,,Stragglers,,Foremost Man,,,Cree,215.0,,,215.0,In vicinity of Maple Creek and Medicine Hat,http://www.bac-lac.gc.ca/eng/discover/aboriginal-heritage/first-nations/indian-affairs-annual-reports/Pages/item.aspx?IdNumber=7454,209,
946,1890,,Non-Treaty Indians,Non-Treaty,Yellow Sky,,Turtle Lake,Saulteaux,90.0,,,90.0,,http://www.bac-lac.gc.ca/eng/discover/aboriginal-heritage/first-nations/indian-affairs-annual-reports/Pages/item.aspx?IdNumber=7454,209,
947,1890,,Non-Treaty Indians,Non-Treaty,Enochs,,Bird Tail Creek,Sioux,96.0,,,96.0,,http://www.bac-lac.gc.ca/eng/discover/aboriginal-heritage/first-nations/indian-affairs-annual-reports/Pages/item.aspx?IdNumber=7454,209,
948,1890,,Non-Treaty Indians,Non-Treaty,Little Chief,,Oak River,Sioux,258.0,,,258.0,,http://www.bac-lac.gc.ca/eng/discover/aboriginal-heritage/first-nations/indian-affairs-annual-reports/Pages/item.aspx?IdNumber=7454,209,
949,1890,,Non-Treaty Indians,Non-Treaty,Ha-we-da,,Oak Lake,Sioux,60.0,,,60.0,,http://www.bac-lac.gc.ca/eng/discover/aboriginal-heritage/first-nations/indian-affairs-annual-reports/Pages/item.aspx?IdNumber=7454,209,
950,1890,,Non-Treaty Indians,Non-Treaty,Pa-da-mo-ne,,Turtle Mountain,Sioux,32.0,,,32.0,,http://www.bac-lac.gc.ca/eng/discover/aboriginal-heritage/first-nations/indian-affairs-annual-reports/Pages/item.aspx?IdNumber=7454,209,
951,1890,,Non-Treaty Indians,Non-Treaty,Standing Buffalo,,Qu'Appelle Lakes,Sioux,179.0,,,179.0,,http://www.bac-lac.gc.ca/eng/discover/aboriginal-heritage/first-nations/indian-affairs-annual-reports/Pages/item.aspx?IdNumber=7454,209,
952,1890,,Non-Treaty Indians,Non-Treaty,White Cap,,Moose Woods,Sioux,105.0,,,105.0,,http://www.bac-lac.gc.ca/eng/discover/aboriginal-heritage/first-nations/indian-affairs-annual-reports/Pages/item.aspx?IdNumber=7454,209,
953,1890,,Non-Treaty Indians,Non-Treaty,American Sioux,,(No Reserve),Sioux,,100.0,,100.0,These reside around Moose Jaw and Regina,http://www.bac-lac.gc.ca/eng/discover/aboriginal-heritage/first-nations/indian-affairs-annual-reports/Pages/item.aspx?IdNumber=7454,209,
954,1891,61,Birtle,4,Keesickooweenin,,Riding Mountain,Salteaux,143.0,,,143.0,,http://www.bac-lac.gc.ca/eng/discover/aboriginal-heritage/first-nations/indian-affairs-annual-reports/Pages/item.aspx?IdNumber=7999,208,
955,1891,62,Birtle,4,Way-way-see-cappo,,Bird Tail Creek,Salteaux,159.0,,4.0,163.0,2 across the line; 2 at Qu'Appelle,http://www.bac-lac.gc.ca/eng/discover/aboriginal-heritage/first-nations/indian-affairs-annual-reports/Pages/item.aspx?IdNumber=7999,208,
956,1891,63,Birtle,4,The Gambler,,Silver Creek,Salteaux,102.0,,1.0,103.0,1 across the line,http://www.bac-lac.gc.ca/eng/discover/aboriginal-heritage/first-nations/indian-affairs-annual-reports/Pages/item.aspx?IdNumber=7999,208,
957,1891,67,Birtle,4,South Quill,,Rolling River,Salteaux,114.0,,1.0,115.0,1 in asylum,http://www.bac-lac.gc.ca/eng/discover/aboriginal-heritage/first-nations/indian-affairs-annual-reports/Pages/item.aspx?IdNumber=7999,208,
958,1891,64,Fort Pelly,4,Coté,,Port Pelly,Salteaux,272.0,,,272.0,,http://www.bac-lac.gc.ca/eng/discover/aboriginal-heritage/first-nations/indian-affairs-annual-reports/Pages/item.aspx?IdNumber=7999,208,
959,1891,65,Fort Pelly,4,The Key,,Port Pelly,Salteaux,226.0,,,226.0,,http://www.bac-lac.gc.ca/eng/discover/aboriginal-heritage/first-nations/indian-affairs-annual-reports/Pages/item.aspx?IdNumber=7999,208,
960,1891,66,Fort Pelly,4,Kee-sick-ouse,,Port Pelly,Salteaux,152.0,,,152.0,,http://www.bac-lac.gc.ca/eng/discover/aboriginal-heritage/first-nations/indian-affairs-annual-reports/Pages/item.aspx?IdNumber=7999,208,
961,1891,68,Moose Mountain,4,Pheasant Rump,,Moose Mountain,Assiniboine,49.0,,29.0,78.0,"18 across the line; 5, Turtle Mountain, U.S.; 6 at Qu'Appelle Industrial School",http://www.bac-lac.gc.ca/eng/discover/aboriginal-heritage/first-nations/indian-affairs-annual-reports/Pages/item.aspx?IdNumber=7999,208,
962,1891,69,Moose Mountain,4,Striped Blanket,,Moose Mountain,Assiniboine,47.0,,22.0,69.0,20 across the line; 1 at Q'Appelle Industrial School; 1 at Elkhorn Industrial School,http://www.bac-lac.gc.ca/eng/discover/aboriginal-heritage/first-nations/indian-affairs-annual-reports/Pages/item.aspx?IdNumber=7999,208,
963,1891,70,Moose Mountain,4,White Bear,,Moose Mountain,Cree,83.0,,20.0,103.0,"2 at File Hills, 2 at Q'Appelle Industrial School; 5 at Crooked Lake; 1 at Turtle Mountain, U.S.; 10 across the line",http://www.bac-lac.gc.ca/eng/discover/aboriginal-heritage/first-nations/indian-affairs-annual-reports/Pages/item.aspx?IdNumber=7999,208,
964,1891,71,Crooked Lake,4,Cchapowace,,Crooked Lake,Cree,51.0,,110.0,161.0,2 at Piapots'; 10 across line; 98 at Qu'Appelle,http://www.bac-lac.gc.ca/eng/discover/aboriginal-heritage/first-nations/indian-affairs-annual-reports/Pages/item.aspx?IdNumber=7999,208,"The number absent in Whereabouts is greater than the Total No. absent. Originally listed as 21 absent, updated to reflect textual description of actual number absent"
965,1891,72,Crooked Lake,4,Kake-wis-ta-haw,,Crooked Lake,Cree,123.0,,50.0,173.0,30 across the line; 6 at Moose Mountain; 14 at Qu'Appelle,http://www.bac-lac.gc.ca/eng/discover/aboriginal-heritage/first-nations/indian-affairs-annual-reports/Pages/item.aspx?IdNumber=7999,208,
966,1891,73,Crooked Lake,4,O'Soup and Cowesses,,Crooked Lake,Cree,150.0,,51.0,201.0,"31 across the line; 10 absent hunting; 10 north, towards Touchwood.",http://www.bac-lac.gc.ca/eng/discover/aboriginal-heritage/first-nations/indian-affairs-annual-reports/Pages/item.aspx?IdNumber=7999,208,
967,1891,74,Crooked Lake,4,Sakimay,,Crooked Lake,Cree,197.0,,20.0,217.0,5 at File Hills; 15 away hunting,http://www.bac-lac.gc.ca/eng/discover/aboriginal-heritage/first-nations/indian-affairs-annual-reports/Pages/item.aspx?IdNumber=7999,208,
968,1891,76,Assiniboine,4,The-man-who-took-the-coat,,Indian Head,Assiniboine,190.0,,21.0,211.0,"21 absent at Milk River, U.S.",http://www.bac-lac.gc.ca/eng/discover/aboriginal-heritage/first-nations/indian-affairs-annual-reports/Pages/item.aspx?IdNumber=7999,208,
969,1891,81,File Hills,4,Pee-pee-kee-sis,,File Hills,Cree,87.0,,2.0,89.0,2 absent in north,http://www.bac-lac.gc.ca/eng/discover/aboriginal-heritage/first-nations/indian-affairs-annual-reports/Pages/item.aspx?IdNumber=8000,209,
970,1891,82,File Hills,4,Okanase,,File Hills,Cree,62.0,,,62.0,,http://www.bac-lac.gc.ca/eng/discover/aboriginal-heritage/first-nations/indian-affairs-annual-reports/Pages/item.aspx?IdNumber=8000,209,
971,1891,83,File Hills,4,Star Blanket,,File Hills,Cree,46.0,,,46.0,,http://www.bac-lac.gc.ca/eng/discover/aboriginal-heritage/first-nations/indian-affairs-annual-reports/Pages/item.aspx?IdNumber=8000,209,
972,1891,84,File Hills,4,Little Black Bear,,File Hills,Cree,78.0,,1.0,79.0,1 absent at Cypress,http://www.bac-lac.gc.ca/eng/discover/aboriginal-heritage/first-nations/indian-affairs-annual-reports/Pages/item.aspx?IdNumber=8000,209,
973,1891,85,Touchwood Hills,4,Muscowequan,,Touchwood Hills,Cree,150.0,,10.0,160.0,"7 absent hunting; 1 at Qu'Appelle; 2, whereabouts unknown",http://www.bac-lac.gc.ca/eng/discover/aboriginal-heritage/first-nations/indian-affairs-annual-reports/Pages/item.aspx?IdNumber=8000,209,
974,1891,86,Touchwood Hills,4,George Gordon,,Touchwood Hills,Cree,157.0,,,157.0,,http://www.bac-lac.gc.ca/eng/discover/aboriginal-heritage/first-nations/indian-affairs-annual-reports/Pages/item.aspx?IdNumber=8000,209,
975,1891,37,Touchwood Hills,4,Day Star,,Touchwood Hills,Cree,85.0,,3.0,88.0,3 hunting,http://www.bac-lac.gc.ca/eng/discover/aboriginal-heritage/first-nations/indian-affairs-annual-reports/Pages/item.aspx?IdNumber=8000,209,
976,1891,88,Touchwood Hills,4,Poor Man,,Touchwood Hills,Cree,98.0,,8.0,106.0,"1 at Qu'Appelle Industrial School; 5 at Swift Current; 1, hunting; 1, whereabouts unknown",http://www.bac-lac.gc.ca/eng/discover/aboriginal-heritage/first-nations/indian-affairs-annual-reports/Pages/item.aspx?IdNumber=8000,209,
977,1891,89,Touchwood Hills,4,Yellow Quill,G16,Fishing Lake,Cree,304.0,,13.0,317.0,"13, absent hunting",http://www.bac-lac.gc.ca/eng/discover/aboriginal-heritage/first-nations/indian-affairs-annual-reports/Pages/item.aspx?IdNumber=8000,209,
978,1891,90,Touchwood Hills,4,Yellow Quill,G16,Nut Lake,Cree,,,,,,http://www.bac-lac.gc.ca/eng/discover/aboriginal-heritage/first-nations/indian-affairs-annual-reports/Pages/item.aspx?IdNumber=8000,209,
979,1891,75,Muscowpetung's,4,Piapot,,Qu'Appelle Valley,Cree,231.0,,7.0,238.0,7 at Cypress,http://www.bac-lac.gc.ca/eng/discover/aboriginal-heritage/first-nations/indian-affairs-annual-reports/Pages/item.aspx?IdNumber=8000,209,
980,1891,79,Muscowpetung's,4,Pasquah,,Qu'Appelle Lake,Cree,178.0,,2.0,180.0,"1 at Cypress, 1 at Moose Mountain",http://www.bac-lac.gc.ca/eng/discover/aboriginal-heritage/first-nations/indian-affairs-annual-reports/Pages/item.aspx?IdNumber=8000,209,
981,1891,80,Muscowpetung's,4,Muscowpetung,,Qu'Appelle Valley,Cree,130.0,,4.0,134.0,1 at Touchwood; 2 at Crooked Lake; 1 at Cypress,http://www.bac-lac.gc.ca/eng/discover/aboriginal-heritage/first-nations/indian-affairs-annual-reports/Pages/item.aspx?IdNumber=8000,209,"""NOTE-- there are about 175 children belonging to Treaty No. 4 attending Qu'Appelle Industrial School who are included in the ""No. on Reserve"" Column."""
982,1891,95,Duck Lake,6,One Arrow,,Near Batoche,Cree,101.0,,4.0,105.0,4 away hunting,http://www.bac-lac.gc.ca/eng/discover/aboriginal-heritage/first-nations/indian-affairs-annual-reports/Pages/item.aspx?IdNumber=8000,209,
983,1891,96,Duck Lake,6,Okemasis,,Duck Lake,Cree,26.0,,,26.0,,http://www.bac-lac.gc.ca/eng/discover/aboriginal-heritage/first-nations/indian-affairs-annual-reports/Pages/item.aspx?IdNumber=8000,209,
984,1891,97,Duck Lake,6,Beardy,,Duck Lake,Cree,134.0,,4.0,138.0,4 away hunting,http://www.bac-lac.gc.ca/eng/discover/aboriginal-heritage/first-nations/indian-affairs-annual-reports/Pages/item.aspx?IdNumber=8000,209,
985,1891,99,Duck Lake,6,John Smith,,South Saskatchewan,Cree,140.0,,9.0,149.0,3 away hunting 6 at Macleod,http://www.bac-lac.gc.ca/eng/discover/aboriginal-heritage/first-nations/indian-affairs-annual-reports/Pages/item.aspx?IdNumber=8000,209,
986,1891,100,Duck Lake,6,James Smith,,South Saskatchewan,Cree,138.0,,12.0,150.0,12 hunting,http://www.bac-lac.gc.ca/eng/discover/aboriginal-heritage/first-nations/indian-affairs-annual-reports/Pages/item.aspx?IdNumber=8000,209,
987,1891,100a,Duck Lake,6,Cumberland,,Fort a la Corne,Cree,83.0,,12.0,95.0,9 at Cumberland; 3 at Beren's River,http://www.bac-lac.gc.ca/eng/discover/aboriginal-heritage/first-nations/indian-affairs-annual-reports/Pages/item.aspx?IdNumber=8000,209,
988,1891,,Carleton,6,Pelican Lake Indians,,Pelican Lake,Cree,35.0,,,35.0,,http://www.bac-lac.gc.ca/eng/discover/aboriginal-heritage/first-nations/indian-affairs-annual-reports/Pages/item.aspx?IdNumber=8000,209,
989,1891,101,Carleton,6,Wm. Twatt,,Sturgeon Lake,Cree,139.0,,6.0,145.0,6 hunting,http://www.bac-lac.gc.ca/eng/discover/aboriginal-heritage/first-nations/indian-affairs-annual-reports/Pages/item.aspx?IdNumber=8000,209,
990,1891,102,Carleton,6,Petequakey,,Muskeg Lake,Cree,66.0,,3.0,69.0,3 at High River Industrial School,http://www.bac-lac.gc.ca/eng/discover/aboriginal-heritage/first-nations/indian-affairs-annual-reports/Pages/item.aspx?IdNumber=8000,209,
991,1891,103,Carleton,6,Mistewasis,,Snake Plain,Cree,154.0,,1.0,155.0,1 whereabouts unknown,http://www.bac-lac.gc.ca/eng/discover/aboriginal-heritage/first-nations/indian-affairs-annual-reports/Pages/item.aspx?IdNumber=8001,210,
992,1891,104,Carleton,6,Attakakoop,,Sandy Lake,Cree,198.0,,,198.0,,http://www.bac-lac.gc.ca/eng/discover/aboriginal-heritage/first-nations/indian-affairs-annual-reports/Pages/item.aspx?IdNumber=8001,210,
993,1891,105,Carleton,6,Kapahawekeum,,Meadow Lake,Cree,60.0,,1.0,61.0,1 absent hunting,http://www.bac-lac.gc.ca/eng/discover/aboriginal-heritage/first-nations/indian-affairs-annual-reports/Pages/item.aspx?IdNumber=8001,210,
994,1891,106,Carleton,6,Kenemotayo,,Assiniboia Lake,Cree,97.0,,,97.0,,http://www.bac-lac.gc.ca/eng/discover/aboriginal-heritage/first-nations/indian-affairs-annual-reports/Pages/item.aspx?IdNumber=8001,210,
995,1891,,Carleton,6,James Roberts,,Lac la Ronge,Cree,367.0,,12.0,379.0,12 absent hunting,http://www.bac-lac.gc.ca/eng/discover/aboriginal-heritage/first-nations/indian-affairs-annual-reports/Pages/item.aspx?IdNumber=8001,210,
996,1891,,Carleton,6,Wm. Charles,,Montreal Lake,Cree,98.0,,2.0,100.0,2 absent hunting,http://www.bac-lac.gc.ca/eng/discover/aboriginal-heritage/first-nations/indian-affairs-annual-reports/Pages/item.aspx?IdNumber=8001,210,
997,1891,108,Battleford,6,Red Pheasant,,Eagle Hills,Cree,118.0,,1.0,119.0,1 at Fort Pitt,http://www.bac-lac.gc.ca/eng/discover/aboriginal-heritage/first-nations/indian-affairs-annual-reports/Pages/item.aspx?IdNumber=8001,210,
998,1891,109,Battleford,6,Mosquito,,Eagle Hills,Stony,60.0,,10.0,70.0,10 across the line,http://www.bac-lac.gc.ca/eng/discover/aboriginal-heritage/first-nations/indian-affairs-annual-reports/Pages/item.aspx?IdNumber=8001,210,
999,1891,110,Battleford,6,Bear's Head,,Eagle Hills,Stony,23.0,,30.0,53.0,30 across the line,http://www.bac-lac.gc.ca/eng/discover/aboriginal-heritage/first-nations/indian-affairs-annual-reports/Pages/item.aspx?IdNumber=8001,210,
1000,1891,111,Battleford,6,Lean Man,,Eagle Hills,Stony,5.0,,5.0,10.0,5 across the line,http://www.bac-lac.gc.ca/eng/discover/aboriginal-heritage/first-nations/indian-affairs-annual-reports/Pages/item.aspx?IdNumber=8001,210,
1001,1891,112,Battleford,6,Moosomin,,Jack Fish Creek,Cree,112.0,,10.0,122.0,"8 across the line, 2 hunting",http://www.bac-lac.gc.ca/eng/discover/aboriginal-heritage/first-nations/indian-affairs-annual-reports/Pages/item.aspx?IdNumber=8001,210,
1002,1891,113,Battleford,6,Sweet Grass,,Battle River,Cree,146.0,,11.0,157.0,8 at Peace Hills; 3 at Maple Creek,http://www.bac-lac.gc.ca/eng/discover/aboriginal-heritage/first-nations/indian-affairs-annual-reports/Pages/item.aspx?IdNumber=8001,210,
1003,1891,114,Battleford,6,Poundmaker,,Battle River,Cree,121.0,,12.0,133.0,1 at Swift Current; 1 at Fort Pitt; 2 away hunting; 2 at Blackfoot; 6 at Macleod,http://www.bac-lac.gc.ca/eng/discover/aboriginal-heritage/first-nations/indian-affairs-annual-reports/Pages/item.aspx?IdNumber=8001,210,
1004,1891,115,Battleford,6,Thunderchild,,Saskatchewan,Cree,177.0,,,177.0,,http://www.bac-lac.gc.ca/eng/discover/aboriginal-heritage/first-nations/indian-affairs-annual-reports/Pages/item.aspx?IdNumber=8001,210,
1005,1891,116,Battleford,6,Little Pine,,Battle River,Cree,120.0,,57.0,177.0,7 at Blackfoot Crossing; 20 at Calgary; 30 whereabouts unknown,http://www.bac-lac.gc.ca/eng/discover/aboriginal-heritage/first-nations/indian-affairs-annual-reports/Pages/item.aspx?IdNumber=8001,210,
1006,1891,119,Onion Lake,6,Seekaskootch,,Onion Lake,Cree,177.0,,23.0,200.0,16 away hunting; 7 at Battleford,http://www.bac-lac.gc.ca/eng/discover/aboriginal-heritage/first-nations/indian-affairs-annual-reports/Pages/item.aspx?IdNumber=8001,210,
1007,1891,120,Onion Lake,6,Weemisticoosee-awasis,,Stony Lake,Cree,90.0,,5.0,95.0,5 away hunting,http://www.bac-lac.gc.ca/eng/discover/aboriginal-heritage/first-nations/indian-affairs-annual-reports/Pages/item.aspx?IdNumber=8001,210,
1008,1891,121,Onion Lake,6,Oo-nee-pow-hayo,,Frog Lake,Cree,61.0,,5.0,66.0,"4 away hunting, 1 at Battleford",http://www.bac-lac.gc.ca/eng/discover/aboriginal-heritage/first-nations/indian-affairs-annual-reports/Pages/item.aspx?IdNumber=8001,210,
1009,1891,122,Onion Lake,6,Puskeeahkeeweein,,Frog Lake,Cree,28.0,,2.0,30.0,2 at Battleford,http://www.bac-lac.gc.ca/eng/discover/aboriginal-heritage/first-nations/indian-affairs-annual-reports/Pages/item.aspx?IdNumber=8001,210,
1010,1891,123,Onion Lake,6,Kee-hee-win,,Long Lake,Cree,105.0,,13.0,118.0,4 at Calgary; 9 away hunting,http://www.bac-lac.gc.ca/eng/discover/aboriginal-heritage/first-nations/indian-affairs-annual-reports/Pages/item.aspx?IdNumber=8001,210,
1011,1891,124,Onion Lake,6,Kinoosayo,,Cold Lake,Chippewayan,151.0,,,151.0,"NOTE. - There are 120 children, nearly all included in the 'Number on Reserve' column (being paid annuity with the bands to which they belong) attending Battleford Industrial School from Carleton, Duck Lake, Battleford and Onion Lake Agencies.",http://www.bac-lac.gc.ca/eng/discover/aboriginal-heritage/first-nations/indian-affairs-annual-reports/Pages/item.aspx?IdNumber=8001,210,"""Note- There are 120 children, nearly all included in the ""Number on Reserve"" column (being paid annuity with the bands to which they belong) attending Battleford Industrial School from Carlton, Duck Lake, Battleford and Onion Lake Agencies."""
1012,1891,125,Saddle Lake,6,Little Hunter,,Saddle Lake,Cree,97.0,,,97.0,,http://www.bac-lac.gc.ca/eng/discover/aboriginal-heritage/first-nations/indian-affairs-annual-reports/Pages/item.aspx?IdNumber=8002,211,
1013,1891,126,Saddle Lake,6,Muskegwatie,,Victoria,Cree,27.0,,,27.0,,http://www.bac-lac.gc.ca/eng/discover/aboriginal-heritage/first-nations/indian-affairs-annual-reports/Pages/item.aspx?IdNumber=8002,211,
1014,1891,127,Saddle Lake,6,Blue Quill,,Victoria,Cree,63.0,,,63.0,,http://www.bac-lac.gc.ca/eng/discover/aboriginal-heritage/first-nations/indian-affairs-annual-reports/Pages/item.aspx?IdNumber=8002,211,
1015,1891,128,Saddle Lake,6,Seenum,,Whitefish Lake,Cree,317.0,,2.0,319.0,2 away hunting,http://www.bac-lac.gc.ca/eng/discover/aboriginal-heritage/first-nations/indian-affairs-annual-reports/Pages/item.aspx?IdNumber=8002,211,
1016,1891,129,Saddle Lake,6,Pee-aysis,,Lac la Biche,Cree,15.0,,,15.0,,http://www.bac-lac.gc.ca/eng/discover/aboriginal-heritage/first-nations/indian-affairs-annual-reports/Pages/item.aspx?IdNumber=8002,211,
1017,1891,130,Saddle Lake,6,Antoine,,Heart Lake,Chippewayan,72.0,,,72.0,,http://www.bac-lac.gc.ca/eng/discover/aboriginal-heritage/first-nations/indian-affairs-annual-reports/Pages/item.aspx?IdNumber=8002,211,
1018,1891,131,Saddle Lake,6,Kaquanum,,Beaver Lake,Cree,118.0,,,118.0,,http://www.bac-lac.gc.ca/eng/discover/aboriginal-heritage/first-nations/indian-affairs-annual-reports/Pages/item.aspx?IdNumber=8002,211,
1019,1891,132,Edmonton,6,Michel,,Sturgeon River,Cree,76.0,,,76.0,,http://www.bac-lac.gc.ca/eng/discover/aboriginal-heritage/first-nations/indian-affairs-annual-reports/Pages/item.aspx?IdNumber=8002,211,
1020,1891,133,Edmonton,6,Alexis,,Lac Ste. Anne,Assiniboine,161.0,,3.0,164.0,3 away hunting,http://www.bac-lac.gc.ca/eng/discover/aboriginal-heritage/first-nations/indian-affairs-annual-reports/Pages/item.aspx?IdNumber=8002,211,
1021,1891,134,Edmonton,6,Alexander,,Rivière qui Barre,Cree,201.0,,,201.0,,http://www.bac-lac.gc.ca/eng/discover/aboriginal-heritage/first-nations/indian-affairs-annual-reports/Pages/item.aspx?IdNumber=8002,211,
1022,1891,135,Edmonton,6,Enoch la Potac,,Stony Plain,Cree,169.0,,5.0,174.0,5 at Wolf Creek,http://www.bac-lac.gc.ca/eng/discover/aboriginal-heritage/first-nations/indian-affairs-annual-reports/Pages/item.aspx?IdNumber=8002,211,
1023,1891,133a,Edmonton,6,Iron Head,,White Whale Lake,Assiniboine,90.0,,,90.0,,http://www.bac-lac.gc.ca/eng/discover/aboriginal-heritage/first-nations/indian-affairs-annual-reports/Pages/item.aspx?IdNumber=8002,211,
1024,1891,,Edmonton,6,Orphans of St. Albert,,,Cree,11.0,,,11.0,,http://www.bac-lac.gc.ca/eng/discover/aboriginal-heritage/first-nations/indian-affairs-annual-reports/Pages/item.aspx?IdNumber=8002,211,
1025,1891,137,Peace Hills,6,Ermineskin,,Bear's Hills,Cree,138.0,,7.0,145.0,1 at Saddle Lake; 5 at Fort Macleod; 1 across Rocky Mountains,http://www.bac-lac.gc.ca/eng/discover/aboriginal-heritage/first-nations/indian-affairs-annual-reports/Pages/item.aspx?IdNumber=8002,211,
1026,1891,138,Peace Hills,6,Sampson,,Bear's Hills,Cree,276.0,,15.0,291.0,1 at White Whale Lake; 5 away hunting; 9 at Bow River,http://www.bac-lac.gc.ca/eng/discover/aboriginal-heritage/first-nations/indian-affairs-annual-reports/Pages/item.aspx?IdNumber=8002,211,
1027,1891,140,Peace Hills,6,Muddy Bull,,Pigeon Lake,Cree,66.0,,1.0,67.0,1 at Stony Plain,http://www.bac-lac.gc.ca/eng/discover/aboriginal-heritage/first-nations/indian-affairs-annual-reports/Pages/item.aspx?IdNumber=8002,211,
1028,1891,141,Peace Hills,6,Chee-poostequan,,Wolf Creek,Stony,51.0,,,51.0,,http://www.bac-lac.gc.ca/eng/discover/aboriginal-heritage/first-nations/indian-affairs-annual-reports/Pages/item.aspx?IdNumber=8002,211,
1029,1891,142,Sarcee,7,Boar's Paw,,Morleyville,Stonys,220.0,,4.0,224.0,4 away hunting,http://www.bac-lac.gc.ca/eng/discover/aboriginal-heritage/first-nations/indian-affairs-annual-reports/Pages/item.aspx?IdNumber=8002,211,
1030,1891,142,Sarcee,7,Chiniquy,,Morleyville,Stonys,115.0,,3.0,118.0,3 away hunting,http://www.bac-lac.gc.ca/eng/discover/aboriginal-heritage/first-nations/indian-affairs-annual-reports/Pages/item.aspx?IdNumber=8002,211,
1031,1891,143,Sarcee,7,Jacob,,Morleyville,Stonys,218.0,,6.0,224.0,6 away hunting,http://www.bac-lac.gc.ca/eng/discover/aboriginal-heritage/first-nations/indian-affairs-annual-reports/Pages/item.aspx?IdNumber=8002,211,
1032,1891,145,Sarcee,7,Bull's Head,,Calgary,Sarcee,261.0,,19.0,280.0,19 whereabouts unknown,http://www.bac-lac.gc.ca/eng/discover/aboriginal-heritage/first-nations/indian-affairs-annual-reports/Pages/item.aspx?IdNumber=8002,211,
1033,1891,146,Blackfoot,7,Three Bulls,,North and South of Bow River,Blackfeet,856.0,,7.0,863.0,7 whereabouts unknown,http://www.bac-lac.gc.ca/eng/discover/aboriginal-heritage/first-nations/indian-affairs-annual-reports/Pages/item.aspx?IdNumber=8002,211,
1034,1891,146,Blackfoot,7,Old Sun,,North and South of Bow River,Blackfeet,602.0,,14.0,616.0,"5 at Calgary; 9, whereabouts unknown",http://www.bac-lac.gc.ca/eng/discover/aboriginal-heritage/first-nations/indian-affairs-annual-reports/Pages/item.aspx?IdNumber=8002,211,
1035,1891,148,Blood,7,Red Crow,G17,Belly River,Blood,1701.0,,35.0,1736.0,4 in gaol; 31 across the line,http://www.bac-lac.gc.ca/eng/discover/aboriginal-heritage/first-nations/indian-affairs-annual-reports/Pages/item.aspx?IdNumber=8003,212,
1036,1891,148,Blood,7,Day Chief,G17,Belly River,Blood,,,,,,http://www.bac-lac.gc.ca/eng/discover/aboriginal-heritage/first-nations/indian-affairs-annual-reports/Pages/item.aspx?IdNumber=8003,212,
1037,1891,147,Peigan,7,Crow Eagle,,Old Man's River,Peigan,881.0,,32.0,913.0,30 across line; 2 at Macleod,http://www.bac-lac.gc.ca/eng/discover/aboriginal-heritage/first-nations/indian-affairs-annual-reports/Pages/item.aspx?IdNumber=8003,212,"""NOTE-- there are 70 children (included in ""No. on Reserve"" column) attending St. Joseph's Industrial School who belong to Treaties Nos. 6 and 7."""
1038,1891,,Stragglers,,Foremost Man,,,Cree and Salteaux,230.0,,,230.0,"In vicinity of Medicine Hat, Maple Creek and Swift Current",http://www.bac-lac.gc.ca/eng/discover/aboriginal-heritage/first-nations/indian-affairs-annual-reports/Pages/item.aspx?IdNumber=8003,212,
1039,1891,,Non-Treaty Indians,Non-Treaty,Yellow Sky,,Turtle Lake,Salteaux,80.0,,,80.0,,http://www.bac-lac.gc.ca/eng/discover/aboriginal-heritage/first-nations/indian-affairs-annual-reports/Pages/item.aspx?IdNumber=8003,212,
1040,1891,,Non-Treaty Indians,Non-Treaty,Enoch's,,Bird Tail Creek,Sioux,110.0,,,110.0,,http://www.bac-lac.gc.ca/eng/discover/aboriginal-heritage/first-nations/indian-affairs-annual-reports/Pages/item.aspx?IdNumber=8003,212,
1041,1891,,Non-Treaty Indians,Non-Treaty,Little Chief,,Oak River,Sioux,250.0,,,250.0,,http://www.bac-lac.gc.ca/eng/discover/aboriginal-heritage/first-nations/indian-affairs-annual-reports/Pages/item.aspx?IdNumber=8003,212,
1042,1891,,Non-Treaty Indians,Non-Treaty,Ha-we-da,,Oak Lake,Sioux,79.0,,,79.0,,http://www.bac-lac.gc.ca/eng/discover/aboriginal-heritage/first-nations/indian-affairs-annual-reports/Pages/item.aspx?IdNumber=8003,212,
1043,1891,,Non-Treaty Indians,Non-Treaty,Pa-da-mo-nee,,Turtle Mountain,Sioux,41.0,,,41.0,,http://www.bac-lac.gc.ca/eng/discover/aboriginal-heritage/first-nations/indian-affairs-annual-reports/Pages/item.aspx?IdNumber=8003,212,
1044,1891,,Non-Treaty Indians,Non-Treaty,Standing Buffalo,,Qu'Appelle Lakes,Sioux,175.0,,,175.0,,http://www.bac-lac.gc.ca/eng/discover/aboriginal-heritage/first-nations/indian-affairs-annual-reports/Pages/item.aspx?IdNumber=8003,212,
1045,1891,,Non-Treaty Indians,Non-Treaty,White Cap,,Moose Woods,Sioux,100.0,,,100.0,,http://www.bac-lac.gc.ca/eng/discover/aboriginal-heritage/first-nations/indian-affairs-annual-reports/Pages/item.aspx?IdNumber=8003,212,
1046,1891,,Non-Treaty Indians,Non-Treaty,American Sioux,,(No Reserve),Sioux,198.0,,,198.0,,http://www.bac-lac.gc.ca/eng/discover/aboriginal-heritage/first-nations/indian-affairs-annual-reports/Pages/item.aspx?IdNumber=8003,212,
1047,1892,61,Birtle ,4,Kee-see-koo-wenin,,Riding Mountain,Saulteux,143.0,,0.0,143.0,,http://www.bac-lac.gc.ca/eng/discover/aboriginal-heritage/first-nations/indian-affairs-annual-reports/Pages/item.aspx?IdNumber=8641,272,
1048,1892,62,Birtle ,4,Way-way-see-cappo,,Bird Tail Creek,Saulteux,168.0,,3.0,171.0,8 births over deaths; 1 returned,http://www.bac-lac.gc.ca/eng/discover/aboriginal-heritage/first-nations/indian-affairs-annual-reports/Pages/item.aspx?IdNumber=8641,272,
1049,1892,63,Birtle ,4,The Gambler,,Silver Creek,Saulteux,89.0,,18.0,107.0,"11, Southern Manitoba; 1, Rocky Mountains; 1, Neepawa",http://www.bac-lac.gc.ca/eng/discover/aboriginal-heritage/first-nations/indian-affairs-annual-reports/Pages/item.aspx?IdNumber=8641,272,
1050,1892,67,Birtle ,4,Rolling River,,Rolling River,Saulteux,107.0,,7.0,114.0,7 at Crooked Lake,http://www.bac-lac.gc.ca/eng/discover/aboriginal-heritage/first-nations/indian-affairs-annual-reports/Pages/item.aspx?IdNumber=8641,272,
1051,1892,64,Pelly,4,Coté,,Fort Pelly,Saulteux,268.0,,1.0,269.0,3 deaths over births; 1 at Kee-see-kouse Reserve,http://www.bac-lac.gc.ca/eng/discover/aboriginal-heritage/first-nations/indian-affairs-annual-reports/Pages/item.aspx?IdNumber=8641,272,
1052,1892,65,Pelly,4,Key,,Fort Pelly,Saulteux,214.0,,5.0,219.0,2 women married and left treaty; 2 at Duck Bay; 2 at Kee-see-kouse Reserve; 2 deaths over births; 1 commuted,http://www.bac-lac.gc.ca/eng/discover/aboriginal-heritage/first-nations/indian-affairs-annual-reports/Pages/item.aspx?IdNumber=8641,272,"The number absent in Whereabouts is greater than the Total No. absent., the original source notes 5 absent. Absent and present numbers adjusted to reflect texutal description"
1053,1892,66,Pelly,4,Kee-see-kouse,,Fort Pelly,Saulteux,153.0,,1.0,154.0,1 absentee returned,http://www.bac-lac.gc.ca/eng/discover/aboriginal-heritage/first-nations/indian-affairs-annual-reports/Pages/item.aspx?IdNumber=8641,272,
1054,1892,68,Moose Mountain,4,Pheasant Rump,,Moose Mountain,Assiniboine,52.0,,23.0,75.0,3 absentees returned,http://www.bac-lac.gc.ca/eng/discover/aboriginal-heritage/first-nations/indian-affairs-annual-reports/Pages/item.aspx?IdNumber=8641,272,
1055,1892,69,Moose Mountain,4,Striped Blanket,,Moose Mountain,Assiniboine,37.0,,32.0,69.0,1 at Rolling River; 10 in United States,http://www.bac-lac.gc.ca/eng/discover/aboriginal-heritage/first-nations/indian-affairs-annual-reports/Pages/item.aspx?IdNumber=8641,272,
1056,1892,70,Moose Mountain,4,White Bear,,Moose Mountain,Cree,100.0,,8.0,108.0,4 absentees returned; 4 births over deaths,http://www.bac-lac.gc.ca/eng/discover/aboriginal-heritage/first-nations/indian-affairs-annual-reports/Pages/item.aspx?IdNumber=8641,272,
1057,1892,71,Crooked Lake,4,Achapowace,,Crooked Lakes,Cree,124.0,,160.0,284.0,11 gone west; 4 at Touchwood,http://www.bac-lac.gc.ca/eng/discover/aboriginal-heritage/first-nations/indian-affairs-annual-reports/Pages/item.aspx?IdNumber=8641,272,
1058,1892,72,Crooked Lake,4,Ka-kee-wis-ta-haw,,Crooked Lakes,Cree,147.0,,96.0,243.0,"Absentees returned, and births increase over deaths",http://www.bac-lac.gc.ca/eng/discover/aboriginal-heritage/first-nations/indian-affairs-annual-reports/Pages/item.aspx?IdNumber=8641,272,
1059,1892,73,Crooked Lake,4,Cowessess,,Crooked Lakes,Cree and Saulteux,147.0,,90.0,237.0,3 at Swift Current,http://www.bac-lac.gc.ca/eng/discover/aboriginal-heritage/first-nations/indian-affairs-annual-reports/Pages/item.aspx?IdNumber=8641,272,
1060,1892,74,Crooked Lake,4,Sakimay,,Crooked Lakes,Saulteux,173.0,,47.0,220.0,"5 at Minot, Dakota; 6 at Turtle Mountain; 8 Pelly; 5 at Qu'Appelle",http://www.bac-lac.gc.ca/eng/discover/aboriginal-heritage/first-nations/indian-affairs-annual-reports/Pages/item.aspx?IdNumber=8641,272,
1061,1892,76,Assiniboine ,4,Carry-the-Kettle,,Indian Head,Assiniboine,180.0,,32.0,212.0,"10 absent at Milk River, Montana.",http://www.bac-lac.gc.ca/eng/discover/aboriginal-heritage/first-nations/indian-affairs-annual-reports/Pages/item.aspx?IdNumber=8641,272,
1062,1892,81,File Hills,4,Pee-pee-kee-sis,,File Hills,Cree,90.0,,0.0,90.0,3 absentees returned,http://www.bac-lac.gc.ca/eng/discover/aboriginal-heritage/first-nations/indian-affairs-annual-reports/Pages/item.aspx?IdNumber=8642,273,
1063,1892,82,File Hills,4,Okanees,,File Hills,Cree,62.0,,8.0,70.0,,http://www.bac-lac.gc.ca/eng/discover/aboriginal-heritage/first-nations/indian-affairs-annual-reports/Pages/item.aspx?IdNumber=8642,273,
1064,1892,83,File Hills,4,Star Blanket,,File Hills,Cree,48.0,,0.0,48.0,2 births increase over deaths,http://www.bac-lac.gc.ca/eng/discover/aboriginal-heritage/first-nations/indian-affairs-annual-reports/Pages/item.aspx?IdNumber=8642,273,
1065,1892,84,File Hills,4,Little Black Bear,,File Hills,Cree,76.0,,2.0,78.0,2 at Nut Lake,http://www.bac-lac.gc.ca/eng/discover/aboriginal-heritage/first-nations/indian-affairs-annual-reports/Pages/item.aspx?IdNumber=8642,273,
1066,1892,85,Touchwood Hills,4,Muscowequan,,Touchwood Hills,Cree,140.0,,20.0,160.0,10 more deaths than births,http://www.bac-lac.gc.ca/eng/discover/aboriginal-heritage/first-nations/indian-affairs-annual-reports/Pages/item.aspx?IdNumber=8642,273,
1067,1892,86,Touchwood Hills,4,George Gordon,,Touchwood Hills,Cree,147.0,,10.0,157.0,"8 deaths more than births; 2, whereabouts",http://www.bac-lac.gc.ca/eng/discover/aboriginal-heritage/first-nations/indian-affairs-annual-reports/Pages/item.aspx?IdNumber=8642,273,
1068,1892,87,Touchwood Hills,4,Day Star,,Touchwood Hills,Cree,78.0,,10.0,88.0,3 death more than births; 4 at File Hills,http://www.bac-lac.gc.ca/eng/discover/aboriginal-heritage/first-nations/indian-affairs-annual-reports/Pages/item.aspx?IdNumber=8642,273,
1069,1892,88,Touchwood Hills,4,Poor Man,,Touchwood Hills,Cree,88.0,,18.0,106.0,7 at File Hills; 3 deaths over births,http://www.bac-lac.gc.ca/eng/discover/aboriginal-heritage/first-nations/indian-affairs-annual-reports/Pages/item.aspx?IdNumber=8642,273,
1070,1892,89,Touchwood Hills,4,Yellow Quill,G18,Fishing Lake,Cree,322.0,,26.0,348.0,1 birth over deaths; 17 absentees returned,http://www.bac-lac.gc.ca/eng/discover/aboriginal-heritage/first-nations/indian-affairs-annual-reports/Pages/item.aspx?IdNumber=8642,273,
1071,1892,90,Touchwood Hills,4,Yellow Quill,G18,Nut Lake,Cree,,,,,,http://www.bac-lac.gc.ca/eng/discover/aboriginal-heritage/first-nations/indian-affairs-annual-reports/Pages/item.aspx?IdNumber=8642,273,
1072,1892,75,Muscowpetung,4,Piapot,,Qu'Appelle Valley,Cree,205.0,,15.0,220.0,"13, Maple Creek; 1, Crooked Lake; 1, Turtle Mountain; 11 deaths over births",http://www.bac-lac.gc.ca/eng/discover/aboriginal-heritage/first-nations/indian-affairs-annual-reports/Pages/item.aspx?IdNumber=8642,273,
1073,1892,79,Muscowpetung,4,Pasquah,,Qu'Appelle Lake,Saulteux,174.0,,10.0,184.0,4 at Turtle Mountain,http://www.bac-lac.gc.ca/eng/discover/aboriginal-heritage/first-nations/indian-affairs-annual-reports/Pages/item.aspx?IdNumber=8642,273,
1074,1892,80,Muscowpetung,4,Muscowpetung,,Qu'Appelle Valley,Saulteux,119.0,,7.0,126.0,"1 at Swift Current; 1, at Touchwood; 5, Turtle Mountain; 4 deaths over births",http://www.bac-lac.gc.ca/eng/discover/aboriginal-heritage/first-nations/indian-affairs-annual-reports/Pages/item.aspx?IdNumber=8642,273,
1075,1892,95,Duck Lake,6,One Arrow,,Near Batoche,Cree,99.0,,4.0,103.0,Absent at Qu'Appelle,http://www.bac-lac.gc.ca/eng/discover/aboriginal-heritage/first-nations/indian-affairs-annual-reports/Pages/item.aspx?IdNumber=8642,273,
1076,1892,96,Duck Lake,6,Okemasis,,Duck Lake,Cree,23.0,,0.0,23.0,Deaths over births,http://www.bac-lac.gc.ca/eng/discover/aboriginal-heritage/first-nations/indian-affairs-annual-reports/Pages/item.aspx?IdNumber=8642,273,
1077,1892,97,Duck Lake,6,Beardy,,Duck Lake,Cree,125.0,,6.0,131.0,2 deaths over births; 5 working at Battleford; 1 at Okemasis' Reserve,http://www.bac-lac.gc.ca/eng/discover/aboriginal-heritage/first-nations/indian-affairs-annual-reports/Pages/item.aspx?IdNumber=8642,273,The number absent in Whereabouts is greater than the Total No. absent. Original records 5 absent but has been adjusted to reflect textual descriptions
1078,1892,99,Duck Lake,6,John Smith,,South Branch,Cree,134.0,,17.0,151.0,"3 at Montreal Lake; 3, Montana",http://www.bac-lac.gc.ca/eng/discover/aboriginal-heritage/first-nations/indian-affairs-annual-reports/Pages/item.aspx?IdNumber=8642,273,
1079,1892,100,Duck Lake,6,James Smith,,Fort à la Corne,Cree,135.0,,11.0,146.0,1 death over births; 2 hunting at Stony Creek,http://www.bac-lac.gc.ca/eng/discover/aboriginal-heritage/first-nations/indian-affairs-annual-reports/Pages/item.aspx?IdNumber=8642,273,
1080,1892,100a,Duck Lake,6,Big Head,,Fort à la Corne,Cree,39.0,,2.0,41.0,1 birth over deaths; 7 absentees returned,http://www.bac-lac.gc.ca/eng/discover/aboriginal-heritage/first-nations/indian-affairs-annual-reports/Pages/item.aspx?IdNumber=8642,273,
1081,1892,100a,Duck Lake,6,Cumberland,,Fort à la Corne,Cree,52.0,,4.0,56.0,*,http://www.bac-lac.gc.ca/eng/discover/aboriginal-heritage/first-nations/indian-affairs-annual-reports/Pages/item.aspx?IdNumber=8642,273,"NOTE-- The difference in population has reference to numbers paid in 1891-92. There are 275 children belonging to Treaty No. 4, who are attending the Industrial Schools at Qu'Appelle and Regina, included in the foregoing numbers"
1082,1892,101,Carlton,6,William Twatt,,Sturgeon Lake,Cree,138.0,,3.0,141.0,1 in Prince Albert,http://www.bac-lac.gc.ca/eng/discover/aboriginal-heritage/first-nations/indian-affairs-annual-reports/Pages/item.aspx?IdNumber=8643,274,
1083,1892,102,Carlton,6,Petaquakey,,Muskeg Lake,Cree,73.0,,0.0,73.0,2 births over deaths; 5 absentees returned,http://www.bac-lac.gc.ca/eng/discover/aboriginal-heritage/first-nations/indian-affairs-annual-reports/Pages/item.aspx?IdNumber=8643,274,
1084,1892,103,Carlton,6,Mistawasis,,Snake Plain,Cree,156.0,,2.0,158.0,2 absentees returned,http://www.bac-lac.gc.ca/eng/discover/aboriginal-heritage/first-nations/indian-affairs-annual-reports/Pages/item.aspx?IdNumber=8643,274,
1085,1892,104,Carlton,6,Attahkekoop,,Sandy Lake,Cree,208.0,,5.0,213.0,8 births more than deaths; 2 absentees returned,http://www.bac-lac.gc.ca/eng/discover/aboriginal-heritage/first-nations/indian-affairs-annual-reports/Pages/item.aspx?IdNumber=8643,274,
1086,1892,105,Carlton,6,Kapahawakenum,,Meadow Lake,Cree,58.0,,0.0,58.0,3 deaths more than births,http://www.bac-lac.gc.ca/eng/discover/aboriginal-heritage/first-nations/indian-affairs-annual-reports/Pages/item.aspx?IdNumber=8643,274,
1087,1892,106,Carlton,6,Kenumotayee,,Assiniboine Lake,Cree,100.0,,0.0,100.0,2 births over deaths; 1 absentee returned,http://www.bac-lac.gc.ca/eng/discover/aboriginal-heritage/first-nations/indian-affairs-annual-reports/Pages/item.aspx?IdNumber=8643,274,
1088,1892,107,Carlton,6,Pelican Lake,,Pelican Lake,Cree,34.0,,64.0,98.0,1 death more than births,http://www.bac-lac.gc.ca/eng/discover/aboriginal-heritage/first-nations/indian-affairs-annual-reports/Pages/item.aspx?IdNumber=8643,274,
1089,1892,,Carlton,6,James Roberts,,Lac la Ronge,Cree,385.0,,3.0,388.0,8 births over deaths; 9 absentees returned; 1 woman joined,http://www.bac-lac.gc.ca/eng/discover/aboriginal-heritage/first-nations/indian-affairs-annual-reports/Pages/item.aspx?IdNumber=8643,274,
1090,1892,,Carlton,6,William Charles,,Montreal Lake,Cree,100.0,,2.0,102.0,,http://www.bac-lac.gc.ca/eng/discover/aboriginal-heritage/first-nations/indian-affairs-annual-reports/Pages/item.aspx?IdNumber=8643,274,
1091,1892,108,Battleford,6,Red Pheasant,,Eagle Hills,Cree,119.0,,0.0,119.0,1 birth over deaths,http://www.bac-lac.gc.ca/eng/discover/aboriginal-heritage/first-nations/indian-affairs-annual-reports/Pages/item.aspx?IdNumber=8643,274,
1092,1892,109,Battleford,6,Mosquito,G19,Eagle Hills,Stony,77.0,,6.0,83.0,6 deaths over births; 5 absent,http://www.bac-lac.gc.ca/eng/discover/aboriginal-heritage/first-nations/indian-affairs-annual-reports/Pages/item.aspx?IdNumber=8643,274,
1093,1892,110,Battleford,6,Bear's Head,G19,Eagle Hills,Stony,,,,,,http://www.bac-lac.gc.ca/eng/discover/aboriginal-heritage/first-nations/indian-affairs-annual-reports/Pages/item.aspx?IdNumber=8643,274,
1094,1892,111,Battleford,6,Lean Man,G19,Eagle Hills,Stony,,,,,,http://www.bac-lac.gc.ca/eng/discover/aboriginal-heritage/first-nations/indian-affairs-annual-reports/Pages/item.aspx?IdNumber=8643,274,
1095,1892,112,Battleford,6,Moosomin,,Jack Fish Creek,Cree,112.0,,1.0,113.0,,http://www.bac-lac.gc.ca/eng/discover/aboriginal-heritage/first-nations/indian-affairs-annual-reports/Pages/item.aspx?IdNumber=8643,274,
1096,1892,113,Battleford,6,Sweet Grass,,Battle River,Cree,144.0,,0.0,144.0,2 absent,http://www.bac-lac.gc.ca/eng/discover/aboriginal-heritage/first-nations/indian-affairs-annual-reports/Pages/item.aspx?IdNumber=8643,274,
1097,1892,114,Battleford,6,Poundmaker,,Battle River,Cree,117.0,,0.0,117.0,4 absent hunting,http://www.bac-lac.gc.ca/eng/discover/aboriginal-heritage/first-nations/indian-affairs-annual-reports/Pages/item.aspx?IdNumber=8643,274,
1098,1892,115,Battleford,6,Thunderchild,,Saskatchewan,Cree,170.0,,0.0,170.0,1 death over births; 6 absent hunting,http://www.bac-lac.gc.ca/eng/discover/aboriginal-heritage/first-nations/indian-affairs-annual-reports/Pages/item.aspx?IdNumber=8643,274,
1099,1892,116,Battleford,6,Little Pine,,Battle River,Cree,118.0,,0.0,118.0,1 death over births,http://www.bac-lac.gc.ca/eng/discover/aboriginal-heritage/first-nations/indian-affairs-annual-reports/Pages/item.aspx?IdNumber=8643,274,
1100,1892,119,Onion Lake,6,See-kas-kootch,G20,Onion Lake,Cree,395.0,,14.0,409.0,14 absentees accounted for; 52 absentees unaccounted for,http://www.bac-lac.gc.ca/eng/discover/aboriginal-heritage/first-nations/indian-affairs-annual-reports/Pages/item.aspx?IdNumber=8643,274,
1101,1892,120,Onion Lake,6,Weemisticooseawasis,G20,Stony Lake,Cree,,,,,,http://www.bac-lac.gc.ca/eng/discover/aboriginal-heritage/first-nations/indian-affairs-annual-reports/Pages/item.aspx?IdNumber=8643,274,
1102,1892,121,Onion Lake,6,Oo-nee-pow-hayo,G20,Frog Lake,Cree,,,,,,http://www.bac-lac.gc.ca/eng/discover/aboriginal-heritage/first-nations/indian-affairs-annual-reports/Pages/item.aspx?IdNumber=8643,274,
1103,1892,122,Onion Lake,6,Pus-keeah-kee-weenin,G20,Frog Lake,Cree,,,,,,http://www.bac-lac.gc.ca/eng/discover/aboriginal-heritage/first-nations/indian-affairs-annual-reports/Pages/item.aspx?IdNumber=8643,274,
1104,1892,123,Onion Lake,6,Kee-hee-wim,G20,Long Lake,Cree,,,,,,http://www.bac-lac.gc.ca/eng/discover/aboriginal-heritage/first-nations/indian-affairs-annual-reports/Pages/item.aspx?IdNumber=8643,274,
1105,1892,124,Onion Lake,6,Kinoosayo,,Cold Lake,Chippewayan,152.0,,0.0,152.0,1 birth over deaths,http://www.bac-lac.gc.ca/eng/discover/aboriginal-heritage/first-nations/indian-affairs-annual-reports/Pages/item.aspx?IdNumber=8644,275,
1106,1892,125,Saddle Lake,6,Little Hunter,,Saddle Lake,Cree,95.0,,2.0,97.0,deaths over births,http://www.bac-lac.gc.ca/eng/discover/aboriginal-heritage/first-nations/indian-affairs-annual-reports/Pages/item.aspx?IdNumber=8644,275,
1107,1892,126,Saddle Lake,6,Muskegwatic,,Victoria,Cree,27.0,,0.0,27.0,,http://www.bac-lac.gc.ca/eng/discover/aboriginal-heritage/first-nations/indian-affairs-annual-reports/Pages/item.aspx?IdNumber=8644,275,
1108,1892,127,Saddle Lake,6,Blue Quill,,Victoria,Cree,80.0,,0.0,80.0,9 transferred from Little Hunter and Jas. Seenum's Bands; 8 births over deaths,http://www.bac-lac.gc.ca/eng/discover/aboriginal-heritage/first-nations/indian-affairs-annual-reports/Pages/item.aspx?IdNumber=8644,275,
1109,1892,128,Saddle Lake,6,James Seenum,,Whitefish Lake,Cree,311.0,,8.0,319.0,6 transferred to Blue Quill's; 2 deaths over births,http://www.bac-lac.gc.ca/eng/discover/aboriginal-heritage/first-nations/indian-affairs-annual-reports/Pages/item.aspx?IdNumber=8644,275,
1110,1892,129,Saddle Lake,6,Peeaysis,,Lac la Biche,Cree,6.0,,9.0,15.0,8 absent at Slave Lake; 1 death,http://www.bac-lac.gc.ca/eng/discover/aboriginal-heritage/first-nations/indian-affairs-annual-reports/Pages/item.aspx?IdNumber=8644,275,
1111,1892,130,Saddle Lake,6,Antoine,,Heart Lake,Chippewayan,75.0,,0.0,75.0,2 births over deaths; 1 absentee returned,http://www.bac-lac.gc.ca/eng/discover/aboriginal-heritage/first-nations/indian-affairs-annual-reports/Pages/item.aspx?IdNumber=8644,275,
1112,1892,131,Saddle Lake,6,Kaquanum,,Beaver Lake,Cree,126.0,,0.0,126.0,8 births over deaths,http://www.bac-lac.gc.ca/eng/discover/aboriginal-heritage/first-nations/indian-affairs-annual-reports/Pages/item.aspx?IdNumber=8644,275,
1113,1892,132,Edmonton ,6,Michel,,Sturgeon River,Cree,69.0,,13.0,82.0,6 hunting at Athabasca Landing,http://www.bac-lac.gc.ca/eng/discover/aboriginal-heritage/first-nations/indian-affairs-annual-reports/Pages/item.aspx?IdNumber=8644,275,
1114,1892,133,Edmonton ,6,Alexis or Joseph,,Lac Ste. Anne,Stony,137.0,,8.0,145.0,3 deaths over births,http://www.bac-lac.gc.ca/eng/discover/aboriginal-heritage/first-nations/indian-affairs-annual-reports/Pages/item.aspx?IdNumber=8644,275,
1115,1892,134,Edmonton ,6,Alexander,,Rivière qui Barre,Cree,215.0,,4.0,219.0,4 deaths over births,http://www.bac-lac.gc.ca/eng/discover/aboriginal-heritage/first-nations/indian-affairs-annual-reports/Pages/item.aspx?IdNumber=8644,275,
1116,1892,135,Edmonton ,6,Enoch la Potac,,Stony Plain,Blood,149.0,,7.0,156.0,"15 deaths over births; 3 working at South Saskatchewan; 2 hunting, Beaver Hills",http://www.bac-lac.gc.ca/eng/discover/aboriginal-heritage/first-nations/indian-affairs-annual-reports/Pages/item.aspx?IdNumber=8644,275,
1117,1892,133a,Edmonton ,6,Iron Head (Paul),,White Whale Lake,Assiniboine,110.0,,0.0,110.0,"Included in the 110, are 43 members of the late Sharphead's Band, Peace Hills Agency; 2 deaths over births",http://www.bac-lac.gc.ca/eng/discover/aboriginal-heritage/first-nations/indian-affairs-annual-reports/Pages/item.aspx?IdNumber=8644,275,
1118,1892,,Edmonton ,6,Orphans,,St. Albert,Cree,8.0,,0.0,8.0,2 deaths; 1 where abouts unknown; 1 at Enoch's Reserve,http://www.bac-lac.gc.ca/eng/discover/aboriginal-heritage/first-nations/indian-affairs-annual-reports/Pages/item.aspx?IdNumber=8644,275,
1119,1892,137,Peace Hills,6,Ermineskin,,Bear's Hills,Cree,151.0,,4.0,155.0,12 absentees returned; 1 birth over deaths,http://www.bac-lac.gc.ca/eng/discover/aboriginal-heritage/first-nations/indian-affairs-annual-reports/Pages/item.aspx?IdNumber=8644,275,
1120,1892,138,Peace Hills,6,Sampson,,Battle River,Cree,275.0,,10.0,285.0,Absent hunting,http://www.bac-lac.gc.ca/eng/discover/aboriginal-heritage/first-nations/indian-affairs-annual-reports/Pages/item.aspx?IdNumber=8644,275,
1121,1892,140,Peace Hills,6,Louis Bull,,Bear's Hills,Cree,61.0,,2.0,63.0,5 deaths over births,http://www.bac-lac.gc.ca/eng/discover/aboriginal-heritage/first-nations/indian-affairs-annual-reports/Pages/item.aspx?IdNumber=8644,275,
1122,1892,141,Peace Hills,6,Sharphead,,Wolf Creek,Stonies,23.0,,63.0,86.0,These are some of the 43 who have joined Ironhead's Band,http://www.bac-lac.gc.ca/eng/discover/aboriginal-heritage/first-nations/indian-affairs-annual-reports/Pages/item.aspx?IdNumber=8644,275,
1123,1892,142,Sarcee,7,Bear's Paw,G21,Morley,Stony,449.0,,121.0,226.0,Returned to reserve,http://www.bac-lac.gc.ca/eng/discover/aboriginal-heritage/first-nations/indian-affairs-annual-reports/Pages/item.aspx?IdNumber=8644,275,
1124,1892,142,Sarcee,7,Chiniquay,G21,Morley,Stony,,,,118.0,*,http://www.bac-lac.gc.ca/eng/discover/aboriginal-heritage/first-nations/indian-affairs-annual-reports/Pages/item.aspx?IdNumber=8644,275,
1125,1892,143,Sarcee,7,Jacob,G21,Morley,Stony,,,,226.0,*,http://www.bac-lac.gc.ca/eng/discover/aboriginal-heritage/first-nations/indian-affairs-annual-reports/Pages/item.aspx?IdNumber=8644,275,
1126,1892,145,Sarcee,7,Bull Head,,Calgary,Sarcee,214.0,,67.0,281.0,Hunting and unaccounted for,http://www.bac-lac.gc.ca/eng/discover/aboriginal-heritage/first-nations/indian-affairs-annual-reports/Pages/item.aspx?IdNumber=8644,275,
1127,1892,146,Blackfoot ,7,Three Bulls,,Bow River,Blackfeet,670.0,,15.0,685.0,38 paid with Old Sun's band; 31 deaths over births; 100 unaccounted for at payments; 15 at Bloods.,http://www.bac-lac.gc.ca/eng/discover/aboriginal-heritage/first-nations/indian-affairs-annual-reports/Pages/item.aspx?IdNumber=8645,276,
1128,1892,146,Blackfoot,7,Old Sun,,Bow River,Blackfeet,650.0,,0.0,650.0,38 of three Bull's band paid; 10 births over deaths,http://www.bac-lac.gc.ca/eng/discover/aboriginal-heritage/first-nations/indian-affairs-annual-reports/Pages/item.aspx?IdNumber=8645,276,
1129,1892,148,Blood,7,Red Crow,G22,Belly River,Blood,1665.0,,30.0,1695.0,"8 in jail, 6 across the mountains, 16 south of boundary; 6 deaths over births",http://www.bac-lac.gc.ca/eng/discover/aboriginal-heritage/first-nations/indian-affairs-annual-reports/Pages/item.aspx?IdNumber=8645,276,
1130,1892,148,Blood,7,Day Chief,G22,Belly River,Blood,,,,,,http://www.bac-lac.gc.ca/eng/discover/aboriginal-heritage/first-nations/indian-affairs-annual-reports/Pages/item.aspx?IdNumber=8645,276,
1131,1892,147,Peigan,7,Crow Eagle,,Old Man's River,Peigans,830.0,,42.0,872.0,"2 at Mohawk Institute, 40 Montana; 8 deaths over births",http://www.bac-lac.gc.ca/eng/discover/aboriginal-heritage/first-nations/indian-affairs-annual-reports/Pages/item.aspx?IdNumber=8645,276,The number absent in Whereabouts is greater than the Total No. absent. Original records 41 absent which has been adjusted based on the textaul description
1132,1892,,Non-Treaty Indians,Non-Treaty,Cree and Saulteaux,,"Turtle Lake, Pelican Lake and Doré Lake",,197.0,,0.0,197.0,117 straggling Indians now hunting,http://www.bac-lac.gc.ca/eng/discover/aboriginal-heritage/first-nations/indian-affairs-annual-reports/Pages/item.aspx?IdNumber=8645,276,
1133,1892,,Non-Treaty Indians,Non-Treaty,Enoch,,Bird Tail Creek,Sioux,97.0,,13.0,110.0,Gone to United States,http://www.bac-lac.gc.ca/eng/discover/aboriginal-heritage/first-nations/indian-affairs-annual-reports/Pages/item.aspx?IdNumber=8645,276,
1134,1892,,Non-Treaty Indians,Non-Treaty,Little Chief,,Oak River,,191.0,,50.0,241.0,14 gone to United States and unaccounted for; 36 somewhere in province and working,http://www.bac-lac.gc.ca/eng/discover/aboriginal-heritage/first-nations/indian-affairs-annual-reports/Pages/item.aspx?IdNumber=8645,276,The number absent in Whereabouts is greater than the Total No. absent. Original records 41 absent which has been adjusted based on the textaul description
1135,1892,,Non-Treaty Indians,Non-Treaty,Ha-we-eda,,Oak Lake,Sioux,40.0,,39.0,79.0,32 gone to United States; 7 working in Province,http://www.bac-lac.gc.ca/eng/discover/aboriginal-heritage/first-nations/indian-affairs-annual-reports/Pages/item.aspx?IdNumber=8645,276,
1136,1892,,Non-Treaty Indians,Non-Treaty,Pa-da-mo-nee,,Turtle Mountain,Sioux,17.0,,24.0,41.0,18 gone to United States; 6 working in Province,http://www.bac-lac.gc.ca/eng/discover/aboriginal-heritage/first-nations/indian-affairs-annual-reports/Pages/item.aspx?IdNumber=8645,276,
1137,1892,,Non-Treaty Indians,Non-Treaty,Standing Buffalo,,Qu'Appelle Lakes,Sioux,184.0,,0.0,184.0,9 births over deaths,http://www.bac-lac.gc.ca/eng/discover/aboriginal-heritage/first-nations/indian-affairs-annual-reports/Pages/item.aspx?IdNumber=8645,276,
1138,1892,,Non-Treaty Indians,Non-Treaty,White Cap,,Moose Woods,Sioux,102.0,,0.0,102.0,2 births over deaths,http://www.bac-lac.gc.ca/eng/discover/aboriginal-heritage/first-nations/indian-affairs-annual-reports/Pages/item.aspx?IdNumber=8645,276,
1139,1892,,Non-Treaty Indians,Non-Treaty,United States Sioux,,"Birtle, Regina and Moose Jaw",Sioux,225.0,,0.0,225.0,,http://www.bac-lac.gc.ca/eng/discover/aboriginal-heritage/first-nations/indian-affairs-annual-reports/Pages/item.aspx?IdNumber=8645,276,
1140,1892,,Non-Treaty Indians,Non-Treaty,Stragglers,,Medicine Hat and Maple Creek,,,,200.0,200.0,About,http://www.bac-lac.gc.ca/eng/discover/aboriginal-heritage/first-nations/indian-affairs-annual-reports/Pages/item.aspx?IdNumber=8645,276,
1141,1893,61,Birtle Agency,,Kee-see-koo-wenin,,Riding Mountain,Saulteux,131.0,,,131.0,,http://www.bac-lac.gc.ca/eng/discover/aboriginal-heritage/first-nations/indian-affairs-annual-reports/Pages/item.aspx?IdNumber=9211,398,
1142,1893,62,Birtle Agency,4,Way-way-see-cappo,,Bird Tail Creek,Saulteux,171.0,,2.0,173.0,"2, Portage la Prairie",http://www.bac-lac.gc.ca/eng/discover/aboriginal-heritage/first-nations/indian-affairs-annual-reports/Pages/item.aspx?IdNumber=9211,398,
1143,1893,63,Birtle Agency,4,The Gambler,,Silver Creek,Saulteux,116.0,,7.0,123.0,"6, Portage la Prairie; 1, Pelly",http://www.bac-lac.gc.ca/eng/discover/aboriginal-heritage/first-nations/indian-affairs-annual-reports/Pages/item.aspx?IdNumber=9211,398,
1144,1893,67,Birtle Agency,4,Rolling river,,Rolling River,Saulteux,111.0,,13.0,124.0,"8, Crooked Lake; 1, jail; 2, Portage la Prairie; 2, Moose Mountain",http://www.bac-lac.gc.ca/eng/discover/aboriginal-heritage/first-nations/indian-affairs-annual-reports/Pages/item.aspx?IdNumber=9211,398,
1145,1893,64,Pelly Agency,4,Coté,,Duck Mountain and Assiniboine River,Saulteux,272.0,,,272.0,,http://www.bac-lac.gc.ca/eng/discover/aboriginal-heritage/first-nations/indian-affairs-annual-reports/Pages/item.aspx?IdNumber=9211,398,
1146,1893,65,Pelly Agency,4,Key,,Assiniboine and Shoal Rivers,Saulteux,225.0,,1.0,226.0,1 left. Treaty Annuity commuted,http://www.bac-lac.gc.ca/eng/discover/aboriginal-heritage/first-nations/indian-affairs-annual-reports/Pages/item.aspx?IdNumber=9211,398,
1147,1893,66,Pelly Agency,4,Kee-see-kouse,,Duck Mountain and Assiniboine River,Saulteux,149.0,,,149.0,,http://www.bac-lac.gc.ca/eng/discover/aboriginal-heritage/first-nations/indian-affairs-annual-reports/Pages/item.aspx?IdNumber=9211,398,
1148,1893,68,Moose Mountain Agency,4,Pheasant Rump,G23,Moose Mountain,Assiniboine,64.0,,11.0,75.0,"Combined description for Group G23: 4 absent, hunting&c.; 25 across the line",http://www.bac-lac.gc.ca/eng/discover/aboriginal-heritage/first-nations/indian-affairs-annual-reports/Pages/item.aspx?IdNumber=9211,398,
1149,1893,69,Moose Mountain Agency,4,Striped Blanket,G23,Moose Mountain,Assiniboine,55.0,,14.0,69.0,"Combined description for Group G23: 4 absent, hunting&c.; 25 across the line",http://www.bac-lac.gc.ca/eng/discover/aboriginal-heritage/first-nations/indian-affairs-annual-reports/Pages/item.aspx?IdNumber=9211,398,
1150,1893,70,Moose Mountain Agency,4,White Bear,G23,Moose Mountain,Cree,104.0,,4.0,108.0,"Combined description for Group G23: 4 absent, hunting&c.; 25 across the line",http://www.bac-lac.gc.ca/eng/discover/aboriginal-heritage/first-nations/indian-affairs-annual-reports/Pages/item.aspx?IdNumber=9211,398,
1151,1893,71,Crooked Lake Agency,4,Ochapowace,,Crooked Lakes,Cree,125.0,,169.0,294.0,"2, Qu'Appelle; 7, Maple Creek; 5, Piapot's; 70, Turtle Mountain; 85, whereabouts unknown",http://www.bac-lac.gc.ca/eng/discover/aboriginal-heritage/first-nations/indian-affairs-annual-reports/Pages/item.aspx?IdNumber=9211,398,
1152,1893,72,Crooked Lake Agency,4,Kah-kee-wis-ta-haw,,Crooked Lakes,Cree,127.0,,98.0,225.0,"10, File Hills; 22, Piapot's; 2, Rolling River; 9, Cypress Hills; 9, Turtle Turtle Mountain; 46, whereabouts unknown",http://www.bac-lac.gc.ca/eng/discover/aboriginal-heritage/first-nations/indian-affairs-annual-reports/Pages/item.aspx?IdNumber=9211,398,
1153,1893,73,Crooked Lake Agency,4,Cowesess,,Crooked Lakes,Cree & Saulteux,142.0,,87.0,229.0,"2, Fort Ellice; 2, Medicine Hat; 3, out West; 1 Rosseau River; 18, Turtle Mountain; 59, unknown; 2, Portage la Prairie",http://www.bac-lac.gc.ca/eng/discover/aboriginal-heritage/first-nations/indian-affairs-annual-reports/Pages/item.aspx?IdNumber=9211,398,
1154,1893,74,Crooked Lake Agency,4,Sakimay,,Crooked Lakes,Saulteux,180.0,,40.0,220.0,"11, Turtle Mountain; 29, whereabouts unknown",http://www.bac-lac.gc.ca/eng/discover/aboriginal-heritage/first-nations/indian-affairs-annual-reports/Pages/item.aspx?IdNumber=9211,398,
1155,1893,76,Assiniboine Agency,4,Carry-the-Kettle,,Indian Head,Assiniboine,177.0,,33.0,210.0,"33, Montana",http://www.bac-lac.gc.ca/eng/discover/aboriginal-heritage/first-nations/indian-affairs-annual-reports/Pages/item.aspx?IdNumber=9212,399,
1156,1893,81,File Hills Agency,4,Pee-pee-kee-sis,,File Hills,Cree,86.0,,4.0,90.0,"4, Touchwood Hills",http://www.bac-lac.gc.ca/eng/discover/aboriginal-heritage/first-nations/indian-affairs-annual-reports/Pages/item.aspx?IdNumber=9212,399,
1157,1893,82,File Hills Agency,4,Okanees,,File Hills,Cree,67.0,,,67.0,,http://www.bac-lac.gc.ca/eng/discover/aboriginal-heritage/first-nations/indian-affairs-annual-reports/Pages/item.aspx?IdNumber=9212,399,
1158,1893,83,File Hills Agency,4,Star Blanket,,File Hills,Cree,51.0,,,51.0,,http://www.bac-lac.gc.ca/eng/discover/aboriginal-heritage/first-nations/indian-affairs-annual-reports/Pages/item.aspx?IdNumber=9212,399,
1159,1893,84,File Hills Agency,4,Little Black Bear,,File Hills,Cree,72.0,,5.0,77.0,"2, Nut Lake; 3, Muscowpetung's Agency",http://www.bac-lac.gc.ca/eng/discover/aboriginal-heritage/first-nations/indian-affairs-annual-reports/Pages/item.aspx?IdNumber=9212,399,
1160,1893,75,Muscowpetung's Agency,4,Piapot,,Qu'Appelle Valley,Cree,213.0,,12.0,225.0,"9, Maple Creek; 2, Turtle Mountain; 1, Crooked Lake",http://www.bac-lac.gc.ca/eng/discover/aboriginal-heritage/first-nations/indian-affairs-annual-reports/Pages/item.aspx?IdNumber=9212,399,
1161,1893,80,Muscowpetung's Agency,4,Muscowpetung,,Qu'Appelle Valley,Saulteux,115.0,,9.0,124.0,"1, Crooked Lake; 1, File Hills; 5, Turtle Mountain; 1 Swift Current; 1, Touchwood Hills",http://www.bac-lac.gc.ca/eng/discover/aboriginal-heritage/first-nations/indian-affairs-annual-reports/Pages/item.aspx?IdNumber=9212,399,
1162,1893,79,Muscowpetung's Agency,4,Pasquah,,Qu'Appelle Lakes,Saulteux,180.0,,5.0,185.0,"1, Swift Current; 1, Fort Qu'Appelle; 3, Turtle Mountain",http://www.bac-lac.gc.ca/eng/discover/aboriginal-heritage/first-nations/indian-affairs-annual-reports/Pages/item.aspx?IdNumber=9212,399,
1163,1893,85,Touchwood Hills Agency,4,Muscowequan,,Little Touchwood Hills,Saulteux,148.0,,,148.0,,http://www.bac-lac.gc.ca/eng/discover/aboriginal-heritage/first-nations/indian-affairs-annual-reports/Pages/item.aspx?IdNumber=9212,399,
1164,1893,86,Touchwood Hills Agency,4,George Gordon,,Little Touchwood Hills,Cree,145.0,,7.0,152.0,"6 across the line; 1, Battleford",http://www.bac-lac.gc.ca/eng/discover/aboriginal-heritage/first-nations/indian-affairs-annual-reports/Pages/item.aspx?IdNumber=9212,399,
1165,1893,87,Touchwood Hills Agency,4,Day Star,,Big Touchwood Hills,Cree,80.0,,5.0,85.0,"1, Duck Lake; 3, across the line; 1, whereabouts unknown",http://www.bac-lac.gc.ca/eng/discover/aboriginal-heritage/first-nations/indian-affairs-annual-reports/Pages/item.aspx?IdNumber=9212,399,
1166,1893,88,Touchwood Hills Agency,4,Poor Man,,Big Touchwood Hills,Cree,83.0,,12.0,95.0,"5, Swift Current; 1, Duck Lake; 2, Nut Lake; 4, whereabouts unkown",http://www.bac-lac.gc.ca/eng/discover/aboriginal-heritage/first-nations/indian-affairs-annual-reports/Pages/item.aspx?IdNumber=9212,399,
1167,1893,89,Touchwood Hills Agency,4,Yellow Quill,,Nut and Fishing Lakes,Cree,345.0,,11.0,356.0,"10 absent, north, hunting; 1, whereabouts unknown",http://www.bac-lac.gc.ca/eng/discover/aboriginal-heritage/first-nations/indian-affairs-annual-reports/Pages/item.aspx?IdNumber=9212,399,
1168,1893,95,Duck Lake Agency,6,One Arrow,,Near Batoche,Cree,108.0,,1.0,109.0,"1, Swift Current",http://www.bac-lac.gc.ca/eng/discover/aboriginal-heritage/first-nations/indian-affairs-annual-reports/Pages/item.aspx?IdNumber=9212,399,
1169,1893,96,Duck Lake Agency,6,Okemasis,,Duck Lake,Cree,20.0,,1.0,21.0,1 supposed to be across the line,http://www.bac-lac.gc.ca/eng/discover/aboriginal-heritage/first-nations/indian-affairs-annual-reports/Pages/item.aspx?IdNumber=9212,399,
1170,1893,97,Duck Lake Agency,6,Beardy,,Duck Lake,Cree,134.0,,,134.0,,http://www.bac-lac.gc.ca/eng/discover/aboriginal-heritage/first-nations/indian-affairs-annual-reports/Pages/item.aspx?IdNumber=9212,399,
1171,1893,99,Duck Lake Agency,6,John Smith,,South Branch,Cree,142.0,,14.0,156.0,"14, Fort Macleod",http://www.bac-lac.gc.ca/eng/discover/aboriginal-heritage/first-nations/indian-affairs-annual-reports/Pages/item.aspx?IdNumber=9212,399,
1172,1893,100,Duck Lake Agency,6,James Smith,,Fort à la Corne,Cree,122.0,,13.0,135.0,"8, Montreal Lake; 1, Cumberland; 2, Birch Hills; 2, whereabouts unknown",http://www.bac-lac.gc.ca/eng/discover/aboriginal-heritage/first-nations/indian-affairs-annual-reports/Pages/item.aspx?IdNumber=9212,399,
1173,1893,100?,Duck Lake Agency,6,Big Head,,Fort à la Corne,Cree,38.0,,3.0,41.0,"3, Stony Creek",http://www.bac-lac.gc.ca/eng/discover/aboriginal-heritage/first-nations/indian-affairs-annual-reports/Pages/item.aspx?IdNumber=9212,399,
1174,1893,100,Duck Lake Agency,6,Cumberland,,Fort à la Corne,Cree,53.0,,4.0,57.0,"4, Cumberland",http://www.bac-lac.gc.ca/eng/discover/aboriginal-heritage/first-nations/indian-affairs-annual-reports/Pages/item.aspx?IdNumber=9212,399,
1175,1893,101,Carlton Agency,6,William Twatt,,Sturgeon Lake,Cree,143.0,,3.0,146.0,3 working in Prince Albert,http://www.bac-lac.gc.ca/eng/discover/aboriginal-heritage/first-nations/indian-affairs-annual-reports/Pages/item.aspx?IdNumber=9213,400,
1176,1893,102,Carlton Agency,6,Petaquakey,,Muskeg Lake,Cree,73.0,,,73.0,,http://www.bac-lac.gc.ca/eng/discover/aboriginal-heritage/first-nations/indian-affairs-annual-reports/Pages/item.aspx?IdNumber=9213,400,
1177,1893,103,Carlton Agency,6,Mistawasis,,Snake Plain,Cree,142.0,,2.0,144.0,"1, Beaver Lake; 1, Egg Lake",http://www.bac-lac.gc.ca/eng/discover/aboriginal-heritage/first-nations/indian-affairs-annual-reports/Pages/item.aspx?IdNumber=9213,400,
1178,1893,104,Carlton Agency,6,Ahtahkakoop,,Sandy Lake,Cree,213.0,,5.0,218.0,"5, Turtle Mountain",http://www.bac-lac.gc.ca/eng/discover/aboriginal-heritage/first-nations/indian-affairs-annual-reports/Pages/item.aspx?IdNumber=9213,400,
1179,1893,105,Carlton Agency,6,Kapahawekenum,,Meadow Lake,Cree,63.0,,3.0,66.0,"3, Turtle Lake",http://www.bac-lac.gc.ca/eng/discover/aboriginal-heritage/first-nations/indian-affairs-annual-reports/Pages/item.aspx?IdNumber=9213,400,
1180,1893,107,Carlton Agency,6,Pelican Lake,,Pelican Lake,Cree,41.0,,50.0,91.0,"50 hunting in the district, have not yet taken treaty",http://www.bac-lac.gc.ca/eng/discover/aboriginal-heritage/first-nations/indian-affairs-annual-reports/Pages/item.aspx?IdNumber=9213,400,
1181,1893,106,Carlton Agency,6,Keneemotayee,,Assiniboine Lake,Cree,100.0,,,100.0,,http://www.bac-lac.gc.ca/eng/discover/aboriginal-heritage/first-nations/indian-affairs-annual-reports/Pages/item.aspx?IdNumber=9213,400,
1182,1893,,Carlton Agency,6,James Roberts,,Lac la Ronge,Cree,369.0,,23.0,392.0,23 absent hunting,http://www.bac-lac.gc.ca/eng/discover/aboriginal-heritage/first-nations/indian-affairs-annual-reports/Pages/item.aspx?IdNumber=9213,400,
1183,1893,,Carlton Agency,6,William Charles,,Montreal Lake,Cree,100.0,,1.0,101.0,"1, whereabouts unknown",http://www.bac-lac.gc.ca/eng/discover/aboriginal-heritage/first-nations/indian-affairs-annual-reports/Pages/item.aspx?IdNumber=9213,400,
1184,1893,108,Battleford Agency,6,Red Pheasant,,Eagle Hills,Cree,128.0,,7.0,135.0,"7, Montana",http://www.bac-lac.gc.ca/eng/discover/aboriginal-heritage/first-nations/indian-affairs-annual-reports/Pages/item.aspx?IdNumber=9213,400,
1185,1893,109,Battleford Agency,6,Mosquito,G24,Eagle Hills,Stony,99.0,,33.0,132.0,"11, Montana; 12, Milk River; 10, Belknap; 22 absentees returned to reserve, 1893, but annuities not paid",http://www.bac-lac.gc.ca/eng/discover/aboriginal-heritage/first-nations/indian-affairs-annual-reports/Pages/item.aspx?IdNumber=9213,400,
1186,1893,110,Battleford Agency,6,Bear's Head,G24,Eagle Hills,Stony,,,,,,http://www.bac-lac.gc.ca/eng/discover/aboriginal-heritage/first-nations/indian-affairs-annual-reports/Pages/item.aspx?IdNumber=9213,400,
1187,1893,111,Battleford Agency,6,Lean Man,G24,Eagle Hills,Stony,,,,,,http://www.bac-lac.gc.ca/eng/discover/aboriginal-heritage/first-nations/indian-affairs-annual-reports/Pages/item.aspx?IdNumber=9213,400,
1188,1893,112,Battleford Agency,6,Moosomin,,Jackfish Creek,Cree,111.0,,8.0,119.0,"1, Bear's Hills; 3, south; 4, Red Deer",http://www.bac-lac.gc.ca/eng/discover/aboriginal-heritage/first-nations/indian-affairs-annual-reports/Pages/item.aspx?IdNumber=9213,400,
1189,1893,113,Battleford Agency,6,Sweet Grass,,Battle River,Cree,132.0,,7.0,139.0,"2, Battleford; 5, Montana",http://www.bac-lac.gc.ca/eng/discover/aboriginal-heritage/first-nations/indian-affairs-annual-reports/Pages/item.aspx?IdNumber=9213,400,
1190,1893,114,Battleford Agency,6,Poundmaker,,Battle River,Cree,113.0,,14.0,127.0,"12, Montana; 2, north",http://www.bac-lac.gc.ca/eng/discover/aboriginal-heritage/first-nations/indian-affairs-annual-reports/Pages/item.aspx?IdNumber=9213,400,
1191,1893,115,Battleford Agency,6,Thunderchild,,Saskatchewan River,Cree,165.0,,10.0,175.0,"3, south; 2, Calgary; 3, Fort Pitt; 2, Fort Macleod",http://www.bac-lac.gc.ca/eng/discover/aboriginal-heritage/first-nations/indian-affairs-annual-reports/Pages/item.aspx?IdNumber=9213,400,"The number absent in Whereabouts is greater than the Total No. absent. Original listed 9 absent, this was adjusted to reflect textual description"
1192,1893,116,Battleford Agency,6,Little Pine and Lucky Man,,Battle River,Cree,117.0,,22.0,139.0,"15, south; 2, Calgary; 3, Fort Pitt; 2, Fort Macleod",http://www.bac-lac.gc.ca/eng/discover/aboriginal-heritage/first-nations/indian-affairs-annual-reports/Pages/item.aspx?IdNumber=9213,400,
1193,1893,119,Onion Lake Agency,6,See-kas-kootch,,Onion Lake,Cree,186.0,,13.0,199.0,"2, Battleford; 9 hunting in district; 2 Edmonton",http://www.bac-lac.gc.ca/eng/discover/aboriginal-heritage/first-nations/indian-affairs-annual-reports/Pages/item.aspx?IdNumber=9213,400,
1194,1893,120,Onion Lake Agency,6,Weemistacoosmeawasis,,Stony Lake,Cree,106.0,,,106.0,,http://www.bac-lac.gc.ca/eng/discover/aboriginal-heritage/first-nations/indian-affairs-annual-reports/Pages/item.aspx?IdNumber=9213,400,
1195,1893,121,Onion Lake Agency,6,Ooneepowhayo,,Frog Lake,Cree,60.0,,7.0,67.0,7 hunting at Island Lake,http://www.bac-lac.gc.ca/eng/discover/aboriginal-heritage/first-nations/indian-affairs-annual-reports/Pages/item.aspx?IdNumber=9213,400,
1196,1893,122,Onion Lake Agency,6,Pus-keeah-kee-wenin,,Frog Lake,Cree,29.0,,,29.0,,http://www.bac-lac.gc.ca/eng/discover/aboriginal-heritage/first-nations/indian-affairs-annual-reports/Pages/item.aspx?IdNumber=9213,400,
1197,1893,123,Onion Lake Agency,6,Kee-hee-win,,Long Lake,Cree,108.0,,,108.0,,http://www.bac-lac.gc.ca/eng/discover/aboriginal-heritage/first-nations/indian-affairs-annual-reports/Pages/item.aspx?IdNumber=9213,400,
1198,1893,124,Onion Lake Agency,6,Kinoosayo,,Cold Lake,Chippewyan,169.0,,1.0,170.0,"1, Heart Lake",http://www.bac-lac.gc.ca/eng/discover/aboriginal-heritage/first-nations/indian-affairs-annual-reports/Pages/item.aspx?IdNumber=9213,400,
1199,1893,125,Saddle Lake Agency,6,Thomas Hunter,,Saddle Lake,Cree,94.0,,,94.0,,http://www.bac-lac.gc.ca/eng/discover/aboriginal-heritage/first-nations/indian-affairs-annual-reports/Pages/item.aspx?IdNumber=9214,401,
1200,1893,126,Saddle Lake Agency,6,Wahsatanow,,Saddle Lake,Cree,27.0,,,27.0,,http://www.bac-lac.gc.ca/eng/discover/aboriginal-heritage/first-nations/indian-affairs-annual-reports/Pages/item.aspx?IdNumber=9214,401,
1201,1893,127,Saddle Lake Agency,6,Blue Quill,,Saddle Lake,Cree,78.0,,,78.0,,http://www.bac-lac.gc.ca/eng/discover/aboriginal-heritage/first-nations/indian-affairs-annual-reports/Pages/item.aspx?IdNumber=9214,401,
1202,1893,128,Saddle Lake Agency,6,James Seenum,,Whitefish Lake,Cree,306.0,,4.0,310.0,"2, Great Slave Lake; 1, Edmonton; 1, whereabouts unknown",http://www.bac-lac.gc.ca/eng/discover/aboriginal-heritage/first-nations/indian-affairs-annual-reports/Pages/item.aspx?IdNumber=9214,401,
1203,1893,129,Saddle Lake Agency,6,Peeaysis,,Lac la Biche,Cree,5.0,,9.0,14.0,"9, Great Slave Lake",http://www.bac-lac.gc.ca/eng/discover/aboriginal-heritage/first-nations/indian-affairs-annual-reports/Pages/item.aspx?IdNumber=9214,401,
1204,1893,130,Saddle Lake Agency,6,Antoine,,Heart Lake,Chippewyan,66.0,,,66.0,,http://www.bac-lac.gc.ca/eng/discover/aboriginal-heritage/first-nations/indian-affairs-annual-reports/Pages/item.aspx?IdNumber=9214,401,
1205,1893,131,Saddle Lake Agency,6,Kaquanum,,Beaver Lake,Cree,103.0,,5.0,108.0,"4, Athabasca Landing; 1, Great Slave Lake",http://www.bac-lac.gc.ca/eng/discover/aboriginal-heritage/first-nations/indian-affairs-annual-reports/Pages/item.aspx?IdNumber=9214,401,
1206,1893,132,Edmonton Agency,6,Michel,,Sturgeon River,Iroquois,79.0,,,79.0,,http://www.bac-lac.gc.ca/eng/discover/aboriginal-heritage/first-nations/indian-affairs-annual-reports/Pages/item.aspx?IdNumber=9214,401,
1207,1893,133,Edmonton Agency,6,Joseph,,Lac Ste. Anne,Stony,129.0,,7.0,136.0,"7, hunting in woods",http://www.bac-lac.gc.ca/eng/discover/aboriginal-heritage/first-nations/indian-affairs-annual-reports/Pages/item.aspx?IdNumber=9214,401,
1208,1893,133a,Edmonton Agency,6,Paul,,White Whale Lake,Stony,127.0,,,127.0,,http://www.bac-lac.gc.ca/eng/discover/aboriginal-heritage/first-nations/indian-affairs-annual-reports/Pages/item.aspx?IdNumber=9214,401,
1209,1893,134,Edmonton Agency,6,Alexander,,Rivière qui Barre,Cree,221.0,,,221.0,,http://www.bac-lac.gc.ca/eng/discover/aboriginal-heritage/first-nations/indian-affairs-annual-reports/Pages/item.aspx?IdNumber=9214,401,
1210,1893,135,Edmonton Agency,6,Enoch,,Stony Plain,Cree,140.0,,12.0,152.0,"2, Saddle Lake; 2, South Saskatchewan; 3, hunting at Bear's Hills; 5, working at Calgary",http://www.bac-lac.gc.ca/eng/discover/aboriginal-heritage/first-nations/indian-affairs-annual-reports/Pages/item.aspx?IdNumber=9214,401,
1211,1893,,Edmonton Agency,6,Orphans,,St. Albert Indus. School,Cree,8.0,,,8.0,,http://www.bac-lac.gc.ca/eng/discover/aboriginal-heritage/first-nations/indian-affairs-annual-reports/Pages/item.aspx?IdNumber=9214,401,
1212,1893,137,Hobbemen Agency,6,Erminskin,,Bear' Hills,Cree,152.0,,4.0,156.0,"4, Lac Ste. Anne",http://www.bac-lac.gc.ca/eng/discover/aboriginal-heritage/first-nations/indian-affairs-annual-reports/Pages/item.aspx?IdNumber=9214,401,
1213,1893,138,Hobbemen Agency,6,Sampson,,Battle River,Cree,274.0,,15.0,289.0,"7, Morley; 8, whereabouts unknown",http://www.bac-lac.gc.ca/eng/discover/aboriginal-heritage/first-nations/indian-affairs-annual-reports/Pages/item.aspx?IdNumber=9214,401,
1214,1893,140,Hobbemen Agency,6,Sharphead,,Formerly of Wolf Creek,Stony,2.0,,84.0,86.0,"84, at White Whale Lake",http://www.bac-lac.gc.ca/eng/discover/aboriginal-heritage/first-nations/indian-affairs-annual-reports/Pages/item.aspx?IdNumber=9214,401,
1215,1893,141,Hobbemen Agency,6,Louis Bull,,Bear's Hills,Cree,60.0,,2.0,62.0,"2, whereabouts unknown",http://www.bac-lac.gc.ca/eng/discover/aboriginal-heritage/first-nations/indian-affairs-annual-reports/Pages/item.aspx?IdNumber=9214,401,
1216,1893,145,Sarcee Agency,7,Bull Head,,Fish Creek,Sarcee,232.0,,3.0,235.0,"2, Blackfoot Reserve; 1, Calgary",http://www.bac-lac.gc.ca/eng/discover/aboriginal-heritage/first-nations/indian-affairs-annual-reports/Pages/item.aspx?IdNumber=9214,401,
1217,1893,142,Sarcee Agency,7,Bear's Paw,G25,Morley,Stony,550.0,,97.0,647.0,"97, Hunting and trapping in the Rocky Mountains and British Columbia",http://www.bac-lac.gc.ca/eng/discover/aboriginal-heritage/first-nations/indian-affairs-annual-reports/Pages/item.aspx?IdNumber=9214,401,
1218,1893,142,Sarcee Agency,7,Chiniquy,G25,Morley,Stony,,,,,,http://www.bac-lac.gc.ca/eng/discover/aboriginal-heritage/first-nations/indian-affairs-annual-reports/Pages/item.aspx?IdNumber=9214,401,
1219,1893,143,Sarcee Agency,7,Jacob,G25,Morley,Stony,,,,,,http://www.bac-lac.gc.ca/eng/discover/aboriginal-heritage/first-nations/indian-affairs-annual-reports/Pages/item.aspx?IdNumber=9214,401,
1220,1893,146,Blackfoot Agency,7,Running Rabbit,,Bow River,Blackfoot,662.0,,16.0,678.0,"15, whereabouts unknown; 1, Blood Reserve",http://www.bac-lac.gc.ca/eng/discover/aboriginal-heritage/first-nations/indian-affairs-annual-reports/Pages/item.aspx?IdNumber=9214,401,
1221,1893,146,Blackfoot Agency,7,Old Sun,,Bow River,Blackfoot,647.0,,6.0,653.0,"5, whereabouts unknown, 1, Sarcee Reserve",http://www.bac-lac.gc.ca/eng/discover/aboriginal-heritage/first-nations/indian-affairs-annual-reports/Pages/item.aspx?IdNumber=9214,401,
1222,1893,148,Blood Agency,7,Red Crow and Day Chief,,Belly River,Blackfoot,1494.0,,117.0,1611.0,"45, in Montana; 25, hunting in Rocky Mountains; 47; whereabouts unknown",http://www.bac-lac.gc.ca/eng/discover/aboriginal-heritage/first-nations/indian-affairs-annual-reports/Pages/item.aspx?IdNumber=9215,402,
1223,1893,147,Peigan Agency,7,Crow Eagle,,Old Man's River,Blackfoot,780.0,,50.0,830.0,"5, in jail; 4, Blackfoot Crossing; 40, Montana; 1, whereabouts unknown",http://www.bac-lac.gc.ca/eng/discover/aboriginal-heritage/first-nations/indian-affairs-annual-reports/Pages/item.aspx?IdNumber=9215,402,
1224,1893,,Non-Treaty Indians,Non-Treaty,Stragglers,,Lac Doré and Turtle Lake,Cree and Saulteux,,103.0,,103.0,No Reserve: hunting Indians,http://www.bac-lac.gc.ca/eng/discover/aboriginal-heritage/first-nations/indian-affairs-annual-reports/Pages/item.aspx?IdNumber=9215,402,
1225,1893,,Non-Treaty Indians,Non-Treaty,Enoch,,Bird Tail Creek,Sioux,100.0,,10.0,110.0,"100, on reserve; 10, United States",http://www.bac-lac.gc.ca/eng/discover/aboriginal-heritage/first-nations/indian-affairs-annual-reports/Pages/item.aspx?IdNumber=9215,402,"In the original, no entries are filled out in absent or present. This was altered to reflect the textual description which outlines both presence and absence"
1226,1893,,Non-Treaty Indians,Non-Treaty,Little Chief,,Oak River,Sioux,,230.0,20.0,250.0,20 employed among settlers; 20 U.S.,http://www.bac-lac.gc.ca/eng/discover/aboriginal-heritage/first-nations/indian-affairs-annual-reports/Pages/item.aspx?IdNumber=9215,402,"In the original, no entries are filled out in absent or present. This was altered to reflect the textual description which outlines both presence and absence"
1227,1893,,Non-Treaty Indians,Non-Treaty,Ha-we-eda,,Oak Lake,Sioux,40.0,,10.0,50.0,"40, on reserve; 10; United States",http://www.bac-lac.gc.ca/eng/discover/aboriginal-heritage/first-nations/indian-affairs-annual-reports/Pages/item.aspx?IdNumber=9215,402,"In the original, no entries are filled out in absent or present. This was altered to reflect the textual description which outlines both presence and absence"
1228,1893,,Non-Treaty Indians,Non-Treaty,Padamonee,,Turtle Mountain,Sioux,25.0,,16.0,41.0,"25, one reserve; 16, United States",http://www.bac-lac.gc.ca/eng/discover/aboriginal-heritage/first-nations/indian-affairs-annual-reports/Pages/item.aspx?IdNumber=9215,402,"In the original, no entries are filled out in absent or present. This was altered to reflect the textual description which outlines both presence and absence"
1229,1893,,Non-Treaty Indians,Non-Treaty,Standing Buffalo,,Qu'Appelle Lakes,Sioux,185.0,,,185.0,185 on reserve,http://www.bac-lac.gc.ca/eng/discover/aboriginal-heritage/first-nations/indian-affairs-annual-reports/Pages/item.aspx?IdNumber=9215,402,"In the original, no entries are filled out in absent or present. This was altered to reflect the textual description which outlines both presence and absence"
1230,1893,,Non-Treaty Indians,Non-Treaty,White Cap,,Moose Woods,Sioux,103.0,,,103.0,103 on reserve,http://www.bac-lac.gc.ca/eng/discover/aboriginal-heritage/first-nations/indian-affairs-annual-reports/Pages/item.aspx?IdNumber=9215,402,"In the original, no entries are filled out in absent or present. This was altered to reflect the textual description which outlines both presence and absence"
1231,1893,,Non-Treaty Indians,Non-Treaty,U.S. Sioux,,"Birtle, Regina and Moose Jaw",Sioux,,205.0,10.0,215.0,10 returned to United States,http://www.bac-lac.gc.ca/eng/discover/aboriginal-heritage/first-nations/indian-affairs-annual-reports/Pages/item.aspx?IdNumber=9215,402,"In the original, no entries are filled out in absent or present. This was altered to reflect the textual description which outlines both presence and absence"
1232,1893,,Non-Treaty Indians,Non-Treaty,Cree Stragglers,,"Swift Current, Maple Creek and Medicine Hat",Sioux,20.0,160.0,,180.0,20 entered treaty and joined various reserves,http://www.bac-lac.gc.ca/eng/discover/aboriginal-heritage/first-nations/indian-affairs-annual-reports/Pages/item.aspx?IdNumber=9215,402,"Note that this entry read ""Cree Stragglers"" but also noted that their tribe was ""Sioux.""  In the original, no entries are filled out in absent or present. This was altered to reflect the textual description which outlines both presence and absence"
