1	technical data sheet	https://image-tor.canadiana.ca/iiif/2/69429%2Fc0ws8hd7xn53
2	title page	https://image-tor.canadiana.ca/iiif/2/69429%2Fc0s17sn08w34
3	unnumbered	https://image-tor.canadiana.ca/iiif/2/69429%2Fc0n872v2n402
4	index (p. 1)	https://image-tor.canadiana.ca/iiif/2/69429%2Fc0hm52f7th1s
5	p. 2	https://image-tor.canadiana.ca/iiif/2/69429%2Fc0cv4bp05q9t
6	p. 3	https://image-tor.canadiana.ca/iiif/2/69429%2Fc0833mw2hz8b
7	table of contents (p. 4)	https://image-tor.canadiana.ca/iiif/2/69429%2Fc04b2x34w67g
8	p. 5	https://image-tor.canadiana.ca/iiif/2/69429%2Fc00k26977f5z
9	p. 6	https://image-tor.canadiana.ca/iiif/2/69429%2Fc0vt1gh9m45f
10	p. 7	https://image-tor.canadiana.ca/iiif/2/69429%2Fc0r20rr1zc30
11	p. 8	https://image-tor.canadiana.ca/iiif/2/69429%2Fc0mc8rb74r4n
12	p. 9	https://image-tor.canadiana.ca/iiif/2/69429%2Fc0gm81j9h01k
13	p. 10	https://image-tor.canadiana.ca/iiif/2/69429%2Fc0bv79s1v710
14	p. 11	https://image-tor.canadiana.ca/iiif/2/69429%2Fc0736m046g0d
15	p. 12	https://image-tor.canadiana.ca/iiif/2/69429%2Fc03b5w66jp7r
16	p. 13	https://image-tor.canadiana.ca/iiif/2/69429%2Fc0zk55d8xc7m
17	p. 14	https://image-tor.canadiana.ca/iiif/2/69429%2Fc0tt4fn18m4r
18	p. 15	https://image-tor.canadiana.ca/iiif/2/69429%2Fc0q52f76g06w
19	p. 16	https://image-tor.canadiana.ca/iiif/2/69429%2Fc0kd1qf8t74h
20	p. 17	https://image-tor.canadiana.ca/iiif/2/69429%2Fc0fn10p15g2m
21	unnumbered	https://image-tor.canadiana.ca/iiif/2/69429%2Fc09w08w3hq2d
22	blank page	https://image-tor.canadiana.ca/iiif/2/69429%2Fc0639k35vx8b
23	table of contents	https://image-tor.canadiana.ca/iiif/2/69429%2Fc02b8v98757j
24	blank page	https://image-tor.canadiana.ca/iiif/2/69429%2Fc0xk84j0kv6x
25	p. 1-v	https://image-tor.canadiana.ca/iiif/2/69429%2Fc0sx6445s78r
26	p. 1-vi	https://image-tor.canadiana.ca/iiif/2/69429%2Fc0p55db84g65
27	p. 1-vii	https://image-tor.canadiana.ca/iiif/2/69429%2Fc0jd4pk0gq4d
28	blank page	https://image-tor.canadiana.ca/iiif/2/69429%2Fc0dn3zs2tz21
29	p. 1-ix	https://image-tor.canadiana.ca/iiif/2/69429%2Fc08w3805660f
30	p. 1-x	https://image-tor.canadiana.ca/iiif/2/69429%2Fc0542j67jd73
31	p. 1-xi	https://image-tor.canadiana.ca/iiif/2/69429%2Fc01c1td9wn5q
32	p. 1-xii	https://image-tor.canadiana.ca/iiif/2/69429%2Fc0wp9t153h0q
33	p. 1-xiii	https://image-tor.canadiana.ca/iiif/2/69429%2Fc0rx9377fq7f
34	p. 1-xiv	https://image-tor.canadiana.ca/iiif/2/69429%2Fc0n58cf9sz7j
35	p. 1-xv	https://image-tor.canadiana.ca/iiif/2/69429%2Fc0hd7np2566c
36	p. 1-xvi	https://image-tor.canadiana.ca/iiif/2/69429%2Fc0cn6xw4hf3d
37	p. 1-xvii	https://image-tor.canadiana.ca/iiif/2/69429%2Fc07w6736vp07
38	p. 1-xviii	https://image-tor.canadiana.ca/iiif/2/69429%2Fc0445h996w8z
39	p. 1-xix	https://image-tor.canadiana.ca/iiif/2/69429%2Fc00g3gx4d90p
40	p. 1-xx	https://image-tor.canadiana.ca/iiif/2/69429%2Fc0vq2s46rz9s
41	p. 1-xxi	https://image-tor.canadiana.ca/iiif/2/69429%2Fc0qz22b9468c
42	p. 1-xxii	https://image-tor.canadiana.ca/iiif/2/69429%2Fc0m61bk1gf83
43	p. 1-xxiii	https://image-tor.canadiana.ca/iiif/2/69429%2Fc0gf0ms3tp4j
44	p. 1-xxiv	https://image-tor.canadiana.ca/iiif/2/69429%2Fc0bn9x065x33
45	p. 1-xxv	https://image-tor.canadiana.ca/iiif/2/69429%2Fc06w9668j501
46	p. 1-xxvi	https://image-tor.canadiana.ca/iiif/2/69429%2Fc03775t3qj0p
47	p. 1-xxvii	https://image-tor.canadiana.ca/iiif/2/69429%2Fc0zg6g163702
48	p. 1-xxviii	https://image-tor.canadiana.ca/iiif/2/69429%2Fc0tq5r78fg0v
49	p. 1-xxix	https://image-tor.canadiana.ca/iiif/2/69429%2Fc0pz51g0sp8s
50	p. 1-xxx	https://image-tor.canadiana.ca/iiif/2/69429%2Fc0k649p34x66
51	p. 1-xxxi	https://image-tor.canadiana.ca/iiif/2/69429%2Fc0ff3kw5h54b
52	p. 1-xxxii	https://image-tor.canadiana.ca/iiif/2/69429%2Fc09p2w37vd2c
53	p. 1-xxxiii	https://image-tor.canadiana.ca/iiif/2/69429%2Fc0610vq31s4p
54	p. 1-xxxiv	https://image-tor.canadiana.ca/iiif/2/69429%2Fc02804x5d11m
55	p. 1-xxxv	https://image-tor.canadiana.ca/iiif/2/69429%2Fc0xg9f47rq3m
56	p. 1-xxxvi	https://image-tor.canadiana.ca/iiif/2/69429%2Fc0sq8qc03z1b
57	p. 1-xxxvii	https://image-tor.canadiana.ca/iiif/2/69429%2Fc0nz80k2g58k
58	p. 1-xxxviii	https://image-tor.canadiana.ca/iiif/2/69429%2Fc0j678s4td5x
59	p. 1-xxxix	https://image-tor.canadiana.ca/iiif/2/69429%2Fc0dj58d00s9h
60	p. 1-xl	https://image-tor.canadiana.ca/iiif/2/69429%2Fc08s4jm2c162
61	p. 1-xli	https://image-tor.canadiana.ca/iiif/2/69429%2Fc0513tt4q85k
62	p. 1-xlii	https://image-tor.canadiana.ca/iiif/2/69429%2Fc01834172h42
63	p. 1-xliii	https://image-tor.canadiana.ca/iiif/2/69429%2Fc0wh2d79f64j
64	p. 1-xliv	https://image-tor.canadiana.ca/iiif/2/69429%2Fc0rr1pg1sf0m
65	p. 1-xlv	https://image-tor.canadiana.ca/iiif/2/69429%2Fc0n00zp44n9x
66	p. 1-xlvi	https://image-tor.canadiana.ca/iiif/2/69429%2Fc0h98z89b209
67	p. 1-xlvii	https://image-tor.canadiana.ca/iiif/2/69429%2Fc0cj87h1p87n
68	p. 1-xlviii	https://image-tor.canadiana.ca/iiif/2/69429%2Fc07s7hq41h5r
69	p. 1-xlix	https://image-tor.canadiana.ca/iiif/2/69429%2Fc0416sx6cr5v
70	p. 1-l	https://image-tor.canadiana.ca/iiif/2/69429%2Fc0086348r026
71	p. 1-li	https://image-tor.canadiana.ca/iiif/2/69429%2Fc0vh5cc13p3v
72	p. 1-lii	https://image-tor.canadiana.ca/iiif/2/69429%2Fc0qr4nk3fx0w
73	p. 1-liii	https://image-tor.canadiana.ca/iiif/2/69429%2Fc0m32n58n91f
74	p. 1-liv	https://image-tor.canadiana.ca/iiif/2/69429%2Fc0gb1xd10h9g
75	p. 1-lv	https://image-tor.canadiana.ca/iiif/2/69429%2Fc0bk16m3br7g
76	p. 1-lvi	https://image-tor.canadiana.ca/iiif/2/69429%2Fc06t0gt5q07s
77	p. 1-lvii	https://image-tor.canadiana.ca/iiif/2/69429%2Fc0319s18274g
78	blank page	https://image-tor.canadiana.ca/iiif/2/69429%2Fc0z89280dx4f
79	unnumbered	https://image-tor.canadiana.ca/iiif/2/69429%2Fc0th8bg2s510
80	p. 1-lx	https://image-tor.canadiana.ca/iiif/2/69429%2Fc0pv6b27zj5g
81	p. 1-lxi	https://image-tor.canadiana.ca/iiif/2/69429%2Fc0k35m909s2x
82	p. 1-lxii	https://image-tor.canadiana.ca/iiif/2/69429%2Fc0fb4wh2p102
83	p. 1-lxiii	https://image-tor.canadiana.ca/iiif/2/69429%2Fc09k45q5179f
84	p. 1-lxiv	https://image-tor.canadiana.ca/iiif/2/69429%2Fc05t3fx7cg72
85	p. 1-lxv	https://image-tor.canadiana.ca/iiif/2/69429%2Fc0222r49qq4t
86	p. 1-lxvi	https://image-tor.canadiana.ca/iiif/2/69429%2Fc0x921c23d4s
87	p. 1-lxvii	https://image-tor.canadiana.ca/iiif/2/69429%2Fc0sn00z78s6p
88	p. 1-lxviii	https://image-tor.canadiana.ca/iiif/2/69429%2Fc0nv9959n133
89	p. 1-lxix	https://image-tor.canadiana.ca/iiif/2/69429%2Fc0j38kd2082q
90	p. 1-lxx	https://image-tor.canadiana.ca/iiif/2/69429%2Fc0db7vm4bh2h
91	p. 1-lxxi	https://image-tor.canadiana.ca/iiif/2/69429%2Fc08k74t6pq8n
92	p. 1-lxxii	https://image-tor.canadiana.ca/iiif/2/69429%2Fc04t6f191z7r
93	p. 1-lxxiii	https://image-tor.canadiana.ca/iiif/2/69429%2Fc0125q81d647
94	p. 1-lxxiv	https://image-tor.canadiana.ca/iiif/2/69429%2Fc0wd3pv6m180
95	p. 1-lxxv	https://image-tor.canadiana.ca/iiif/2/69429%2Fc0rn3028z86d
96	p. 1-lxxvi	https://image-tor.canadiana.ca/iiif/2/69429%2Fc0mw28919h44
97	p. 1-lxxvii	https://image-tor.canadiana.ca/iiif/2/69429%2Fc0h41jh3nr47
98	p. 1-lxxviii	https://image-tor.canadiana.ca/iiif/2/69429%2Fc0cc0tq61018
99	p. 1-lxxix	https://image-tor.canadiana.ca/iiif/2/69429%2Fc07m03x8c680
100	p. 1-lxxx	https://image-tor.canadiana.ca/iiif/2/69429%2Fc03t9d50qf5h
101	p. 1-lxxxi	https://image-tor.canadiana.ca/iiif/2/69429%2Fc0057cr5wt9w
102	p. 1-lxxxii	https://image-tor.canadiana.ca/iiif/2/69429%2Fc0vd6nz88h88
103	p. 1-lxxxiii	https://image-tor.canadiana.ca/iiif/2/69429%2Fc0qn5z60mr83
104	p. 1-lxxxiv	https://image-tor.canadiana.ca/iiif/2/69429%2Fc0kw57d30063
105	p. 1-lxxxv	https://image-tor.canadiana.ca/iiif/2/69429%2Fc0g44hm5b741
106	p. 1-lxxxvi	https://image-tor.canadiana.ca/iiif/2/69429%2Fc0bc3st7pg12
107	p. 1-lxxxvii	https://image-tor.canadiana.ca/iiif/2/69429%2Fc06m33201p9w
108	p. 1-lxxxviii	https://image-tor.canadiana.ca/iiif/2/69429%2Fc02z12n57310
109	p. 1-lxxxix	https://image-tor.canadiana.ca/iiif/2/69429%2Fc0z60bv7ks0p
110	p. 1-xc	https://image-tor.canadiana.ca/iiif/2/69429%2Fc0td9n29z09k
111	p. 1-xci	https://image-tor.canadiana.ca/iiif/2/69429%2Fc0pn8x92979g
112	p. 1-xcii	https://image-tor.canadiana.ca/iiif/2/69429%2Fc0jw86h4ng6w
113	p. 1-xciii	https://image-tor.canadiana.ca/iiif/2/69429%2Fc0f47gq70q49
114	p. 1-xciv	https://image-tor.canadiana.ca/iiif/2/69429%2Fc09c6rx9bz1b
115	p. 1-xcv	https://image-tor.canadiana.ca/iiif/2/69429%2Fc05q4rj4jb26
116	p. 1-xcvi	https://image-tor.canadiana.ca/iiif/2/69429%2Fc01z41r6wk1s
117	p. 1-xcvii	https://image-tor.canadiana.ca/iiif/2/69429%2Fc0x639z9882n
118	p. 1-xcviii	https://image-tor.canadiana.ca/iiif/2/69429%2Fc0sf2m61mh09
119	p. 1-xcix	https://image-tor.canadiana.ca/iiif/2/69429%2Fc0np1wd3zq62
120	p. 1-c	https://image-tor.canadiana.ca/iiif/2/69429%2Fc0hx15m69z4j
121	p. 1-ci	https://image-tor.canadiana.ca/iiif/2/69429%2Fc0d79571hb8x
122	p. 1-cii	https://image-tor.canadiana.ca/iiif/2/69429%2Fc08g8ff3vk6j
123	p. 1-ciii	https://image-tor.canadiana.ca/iiif/2/69429%2Fc04q7qn66t32
124	p. 1-civ	https://image-tor.canadiana.ca/iiif/2/69429%2Fc00z70v8k23r
125	p. 1-cv	https://image-tor.canadiana.ca/iiif/2/69429%2Fc0w66930xr2g
126	p. 1-cvi	https://image-tor.canadiana.ca/iiif/2/69429%2Fc0rf5k939003
127	p. 1-cvii	https://image-tor.canadiana.ca/iiif/2/69429%2Fc0mp4vh5n67f
128	p. 1-cviii	https://image-tor.canadiana.ca/iiif/2/69429%2Fc0h12v40tk9p
129	p. 1-cix	https://image-tor.canadiana.ca/iiif/2/69429%2Fc0c824b35t8r
130	p. 1-cx	https://image-tor.canadiana.ca/iiif/2/69429%2Fc07h1dj5j259
131	p. 1-cxi	https://image-tor.canadiana.ca/iiif/2/69429%2Fc03r0pr7w94h
132	p. 1-cxii	https://image-tor.canadiana.ca/iiif/2/69429%2Fc00000007j2b
133	p. 1-cxiii	https://image-tor.canadiana.ca/iiif/2/69429%2Fc0v69862m71p
134	p. 1-cxiv	https://image-tor.canadiana.ca/iiif/2/69429%2Fc0qf8jd4zf9m
135	p. 1-cxv	https://image-tor.canadiana.ca/iiif/2/69429%2Fc0ks6j104v1q
136	p. 1-cxvi	https://image-tor.canadiana.ca/iiif/2/69429%2Fc0g15t72h28w
137	p. 1-cxvii	https://image-tor.canadiana.ca/iiif/2/69429%2Fc0b853f4v96w
138	unnumbered	https://image-tor.canadiana.ca/iiif/2/69429%2Fc06h4cn76j5k
139	p. 1-2	https://image-tor.canadiana.ca/iiif/2/69429%2Fc02r3nv9js36
140	p. 1-3	https://image-tor.canadiana.ca/iiif/2/69429%2Fc0z02z31xg1v
141	p. 1-4	https://image-tor.canadiana.ca/iiif/2/69429%2Fc0t727948q0x
142	p. 1-5	https://image-tor.canadiana.ca/iiif/2/69429%2Fc0pk06w9g34h
143	p. 1-6	https://image-tor.canadiana.ca/iiif/2/69429%2Fc0js9h41tb11
144	p. 1-7	https://image-tor.canadiana.ca/iiif/2/69429%2Fc0f18sb45j85
145	p. 1-8	https://image-tor.canadiana.ca/iiif/2/69429%2Fc09882j6hs8b
146	p. 1-9	https://image-tor.canadiana.ca/iiif/2/69429%2Fc05h7br8w15w
147	p. 1-10	https://image-tor.canadiana.ca/iiif/2/69429%2Fc01r6n017831
148	p. 1-11	https://image-tor.canadiana.ca/iiif/2/69429%2Fc0x05x63kz2q
149	p. 1-12	https://image-tor.canadiana.ca/iiif/2/69429%2Fc0sb3ws8sb5q
150	p. 1-13	https://image-tor.canadiana.ca/iiif/2/69429%2Fc0nk36114k37
151	p. 1-14	https://image-tor.canadiana.ca/iiif/2/69429%2Fc0ht2g73gt1v
152	p. 1-15	https://image-tor.canadiana.ca/iiif/2/69429%2Fc0d21rf5v20w
153	p. 1-16	https://image-tor.canadiana.ca/iiif/2/69429%2Fc08911n8688p
154	p. 1-17	https://image-tor.canadiana.ca/iiif/2/69429%2Fc04j09w0jh5b
155	p. 1-18	https://image-tor.canadiana.ca/iiif/2/69429%2Fc00r9m32wr3t
156	p. 1-19	https://image-tor.canadiana.ca/iiif/2/69429%2Fc0w37kp83k7c
157	p. 1-20	https://image-tor.canadiana.ca/iiif/2/69429%2Fc0rb6vx0ft41
158	p. 1-21	https://image-tor.canadiana.ca/iiif/2/69429%2Fc0mk6542t22z
159	p. 1-23 [22]	https://image-tor.canadiana.ca/iiif/2/69429%2Fc0gt5fb5591n
160	p. 1-22 [23]	https://image-tor.canadiana.ca/iiif/2/69429%2Fc0c24qj7hh9w
161	p. 1-24	https://image-tor.canadiana.ca/iiif/2/69429%2Fc07940r9vr5q
162	p. 1-25	https://image-tor.canadiana.ca/iiif/2/69429%2Fc03j3902703c
163	p. 1-27 [26]	https://image-tor.canadiana.ca/iiif/2/69429%2Fc0zw18k7dt9s
164	p. 1-26 [27]	https://image-tor.canadiana.ca/iiif/2/69429%2Fc0v40js9s26n
165	p. 1-28	https://image-tor.canadiana.ca/iiif/2/69429%2Fc0qb9v12495t
166	p. 1-29	https://image-tor.canadiana.ca/iiif/2/69429%2Fc0kk9474gj50
167	p. 1-30	https://image-tor.canadiana.ca/iiif/2/69429%2Fc0ft8df6ts1f
168	p. 1-31	https://image-tor.canadiana.ca/iiif/2/69429%2Fc0b27pn9609p
169	p. 1-32	https://image-tor.canadiana.ca/iiif/2/69429%2Fc0696zw1j76b
170	p. 1-33	https://image-tor.canadiana.ca/iiif/2/69429%2Fc02n4zg6qm97
171	p. 1-34	https://image-tor.canadiana.ca/iiif/2/69429%2Fc0xw47p9399k
172	p. 1-35	https://image-tor.canadiana.ca/iiif/2/69429%2Fc0t43hx1fj74
173	p. 1-36	https://image-tor.canadiana.ca/iiif/2/69429%2Fc0pc2t43ss6r
174	p. 1-37	https://image-tor.canadiana.ca/iiif/2/69429%2Fc0jm23b6514r
175	p. 1-38	https://image-tor.canadiana.ca/iiif/2/69429%2Fc0dv1cj8h81s
176	p. 1-39	https://image-tor.canadiana.ca/iiif/2/69429%2Fc0930ns0vg9n
177	p. 1-40	https://image-tor.canadiana.ca/iiif/2/69429%2Fc05d8nc61w00
178	p. 1-41	https://image-tor.canadiana.ca/iiif/2/69429%2Fc01n7xk8d37v
179	p. 1-42	https://image-tor.canadiana.ca/iiif/2/69429%2Fc0ww76t0rs90
180	p. 1-43	https://image-tor.canadiana.ca/iiif/2/69429%2Fc0s46h13418x
181	p. 1-44	https://image-tor.canadiana.ca/iiif/2/69429%2Fc0nc5s75g85z
182	p. 1-45	https://image-tor.canadiana.ca/iiif/2/69429%2Fc0hm52f7th2c
183	p. 1-46	https://image-tor.canadiana.ca/iiif/2/69429%2Fc0cv4bp05r03
184	p. 1-47	https://image-tor.canadiana.ca/iiif/2/69429%2Fc0862b85c43t
185	p. 1-48	https://image-tor.canadiana.ca/iiif/2/69429%2Fc04f1mg7qc0v
186	p. 1-49	https://image-tor.canadiana.ca/iiif/2/69429%2Fc00p0wq02k9g
187	p. 1-50	https://image-tor.canadiana.ca/iiif/2/69429%2Fc0vx05x2f90m
188	p. 1-51	https://image-tor.canadiana.ca/iiif/2/69429%2Fc0r49g44sh6j
189	p. 1-52	https://image-tor.canadiana.ca/iiif/2/69429%2Fc0mc8rb74r57
190	p. 1-53	https://image-tor.canadiana.ca/iiif/2/69429%2Fc0gq6qz2b48v
191	p. 1-54	https://image-tor.canadiana.ca/iiif/2/69429%2Fc0bz6154pc5p
192	p. 1-55	https://image-tor.canadiana.ca/iiif/2/69429%2Fc07659c71m33
193	p. 1-56	https://image-tor.canadiana.ca/iiif/2/69429%2Fc03f4kk9cv3w
194	p. 1-57	https://image-tor.canadiana.ca/iiif/2/69429%2Fc0zp3vt1rj2d
195	p. 1-58	https://image-tor.canadiana.ca/iiif/2/69429%2Fc0tx35143s09
196	unnumbered	https://image-tor.canadiana.ca/iiif/2/69429%2Fc0q52f76g07g
197	p. 1-2	https://image-tor.canadiana.ca/iiif/2/69429%2Fc0kh0dv1nc8d
198	p. 1-3	https://image-tor.canadiana.ca/iiif/2/69429%2Fc0fq9q240m7z
199	p. 1-4	https://image-tor.canadiana.ca/iiif/2/69429%2Fc09z9086bv4c
200	p. 1-5	https://image-tor.canadiana.ca/iiif/2/69429%2Fc06688g8q340
201	p. 1-6	https://image-tor.canadiana.ca/iiif/2/69429%2Fc02f7jq12b2q
202	p. 1-7	https://image-tor.canadiana.ca/iiif/2/69429%2Fc0xp6tx3f11m
203	p. 1-8	https://image-tor.canadiana.ca/iiif/2/69429%2Fc0sx6445s79b
204	p. 1-9	https://image-tor.canadiana.ca/iiif/2/69429%2Fc0p843r0zn1v
205	p. 1-10	https://image-tor.canadiana.ca/iiif/2/69429%2Fc0jh3cz39v98
206	p. 1-11	https://image-tor.canadiana.ca/iiif/2/69429%2Fc0dr2p55p37t
207	p. 1-12	https://image-tor.canadiana.ca/iiif/2/69429%2Fc0901zc81b6t
208	p. 1-13	https://image-tor.canadiana.ca/iiif/2/69429%2Fc05717m0ck4f
209	p. 1-14	https://image-tor.canadiana.ca/iiif/2/69429%2Fc01g0ht2qt0w
210	p. 1-15	https://image-tor.canadiana.ca/iiif/2/69429%2Fc0wp9t153h19
211	p. 1-16	https://image-tor.canadiana.ca/iiif/2/69429%2Fc0s17sn08w4q
212	p. 1-17	https://image-tor.canadiana.ca/iiif/2/69429%2Fc0n872v2n41n
213	p. 1-18	https://image-tor.canadiana.ca/iiif/2/69429%2Fc0hh6c250b8w
214	p. 1-19	https://image-tor.canadiana.ca/iiif/2/69429%2Fc0cr5n87bk8p
215	p. 1-20	https://image-tor.canadiana.ca/iiif/2/69429%2Fc0804xg9pt6m
216	p. 1-21	https://image-tor.canadiana.ca/iiif/2/69429%2Fc04746q2223n
217	p. 1-22	https://image-tor.canadiana.ca/iiif/2/69429%2Fc00g3gx4d918
218	p. 1-23	https://image-tor.canadiana.ca/iiif/2/69429%2Fc0vt1gh9m461
219	p. 1-24	https://image-tor.canadiana.ca/iiif/2/69429%2Fc0r20rr1zc4k
220	p. 1-25	https://image-tor.canadiana.ca/iiif/2/69429%2Fc0m901z49m0w
221	p. 1-26	https://image-tor.canadiana.ca/iiif/2/69429%2Fc0gh9b56nv0j
222	p. 1-27	https://image-tor.canadiana.ca/iiif/2/69429%2Fc0br8mc91269
223	p. 1-28	https://image-tor.canadiana.ca/iiif/2/69429%2Fc0707wm1c94v
224	p. 1-29	https://image-tor.canadiana.ca/iiif/2/69429%2Fc03775t3qj18
225	p. 1-30	https://image-tor.canadiana.ca/iiif/2/69429%2Fc0zk55d8xc86
226	p. 1-31	https://image-tor.canadiana.ca/iiif/2/69429%2Fc0tt4fn18m5b
227	p. 1-32	https://image-tor.canadiana.ca/iiif/2/69429%2Fc0q23qv3mv38
228	p. 1-33	https://image-tor.canadiana.ca/iiif/2/69429%2Fc0k931260328
229	p. 1-34	https://image-tor.canadiana.ca/iiif/2/69429%2Fc0fj2988bb0w
230	p. 1-35	https://image-tor.canadiana.ca/iiif/2/69429%2Fc09s1kh0pj68
231	p. 1-36	https://image-tor.canadiana.ca/iiif/2/69429%2Fc0610vq31s58
232	p. 1-37	https://image-tor.canadiana.ca/iiif/2/69429%2Fc02b8v987584
233	p. 1-38	https://image-tor.canadiana.ca/iiif/2/69429%2Fc0xk84j0kv7h
234	p. 1-39	https://image-tor.canadiana.ca/iiif/2/69429%2Fc0st7dr2z342
235	p. 1-40	https://image-tor.canadiana.ca/iiif/2/69429%2Fc0p26pz59b4n
236	p. 1-41	https://image-tor.canadiana.ca/iiif/2/69429%2Fc0j96057nk22
237	p. 1-42	https://image-tor.canadiana.ca/iiif/2/69429%2Fc0dj58d00t0s
238	p. 1-43	https://image-tor.canadiana.ca/iiif/2/69429%2Fc08s4jm2c17n
239	p. 1-44	https://image-tor.canadiana.ca/iiif/2/69429%2Fc0542j67jd8p
240	unnumbered	https://image-tor.canadiana.ca/iiif/2/69429%2Fc01c1td9wn69
241	p. 1-2	https://image-tor.canadiana.ca/iiif/2/69429%2Fc0wm13n28b68
242	p. 1-3	https://image-tor.canadiana.ca/iiif/2/69429%2Fc0rv0cv4mk62
243	p. 1-4	https://image-tor.canadiana.ca/iiif/2/69429%2Fc0n29p26zt2p
244	p. 1-5	https://image-tor.canadiana.ca/iiif/2/69429%2Fc0h98z89b21w
245	p. 1-6	https://image-tor.canadiana.ca/iiif/2/69429%2Fc0cj87h1p887
246	p. 1-7	https://image-tor.canadiana.ca/iiif/2/69429%2Fc07w6736vp1t
247	p. 1-8	https://image-tor.canadiana.ca/iiif/2/69429%2Fc0445h996w9j
248	p. 1-9	https://image-tor.canadiana.ca/iiif/2/69429%2Fc00c4sj1k479
249	p. 1-10	https://image-tor.canadiana.ca/iiif/2/69429%2Fc0vm42r3xt7n
250	p. 1-11	https://image-tor.canadiana.ca/iiif/2/69429%2Fc0qv3bz69258
251	p. 1-12	https://image-tor.canadiana.ca/iiif/2/69429%2Fc0m32n58n921
252	p. 1-13	https://image-tor.canadiana.ca/iiif/2/69429%2Fc0gf0ms3tp54
253	p. 1-14	https://image-tor.canadiana.ca/iiif/2/69429%2Fc0bn9x065x4p
254	unnumbered	https://image-tor.canadiana.ca/iiif/2/69429%2Fc06w9668j51m
255	p. 1-2	https://image-tor.canadiana.ca/iiif/2/69429%2Fc0348gf0wd0r
256	p. 1-3	https://image-tor.canadiana.ca/iiif/2/69429%2Fc0zc7rn38319
257	unnumbered	https://image-tor.canadiana.ca/iiif/2/69429%2Fc0tm71v5m981
258	p. 1-2	https://image-tor.canadiana.ca/iiif/2/69429%2Fc0pv6b27zj62
259	p. 1-3	https://image-tor.canadiana.ca/iiif/2/69429%2Fc0k649p34x7s
260	p. 1-4	https://image-tor.canadiana.ca/iiif/2/69429%2Fc0ff3kw5h55x
261	p. 1-5	https://image-tor.canadiana.ca/iiif/2/69429%2Fc09p2w37vd3z
262	p. 1-6	https://image-tor.canadiana.ca/iiif/2/69429%2Fc05x25b06n12
263	p. 1-7	https://image-tor.canadiana.ca/iiif/2/69429%2Fc0251fj2jw0k
264	p. 1-8	https://image-tor.canadiana.ca/iiif/2/69429%2Fc0xd0qr4xj86
265	p. 1-9	https://image-tor.canadiana.ca/iiif/2/69429%2Fc0sn00z78s78
266	p. 1-10	https://image-tor.canadiana.ca/iiif/2/69429%2Fc0nz80k2g595
267	p. 1-11	https://image-tor.canadiana.ca/iiif/2/69429%2Fc0j678s4td6h
268	p. 1-12	https://image-tor.canadiana.ca/iiif/2/69429%2Fc0df6k075n3f
269	p. 1-13	https://image-tor.canadiana.ca/iiif/2/69429%2Fc08p5v69hw37
270	p. 1-14	https://image-tor.canadiana.ca/iiif/2/69429%2Fc04x54f1w41c
271	p. 1-15	https://image-tor.canadiana.ca/iiif/2/69429%2Fc0154dn47b93
272	p. 1-16	https://image-tor.canadiana.ca/iiif/2/69429%2Fc0wd3pv6m19k
273	p. 1-17	https://image-tor.canadiana.ca/iiif/2/69429%2Fc0rr1pg1sf16
274	p. 1-18	https://image-tor.canadiana.ca/iiif/2/69429%2Fc0n00zp44p06
275	p. 1-19	https://image-tor.canadiana.ca/iiif/2/69429%2Fc0h707w6gw6b
276	p. 1-20	https://image-tor.canadiana.ca/iiif/2/69429%2Fc0cf9j38v45x
277	p. 1-21	https://image-tor.canadiana.ca/iiif/2/69429%2Fc07p8tb16c5t
278	p. 1-22	https://image-tor.canadiana.ca/iiif/2/69429%2Fc03x83j3jm27
279	p. 1-23	https://image-tor.canadiana.ca/iiif/2/69429%2Fc0057cr5wv05
280	p. 1-24	https://image-tor.canadiana.ca/iiif/2/69429%2Fc0vh5cc13p4f
281	p. 1-25	https://image-tor.canadiana.ca/iiif/2/69429%2Fc0qr4nk3fx1g
282	p. 1-26	https://image-tor.canadiana.ca/iiif/2/69429%2Fc0m03xs5t497
283	p. 1-27	https://image-tor.canadiana.ca/iiif/2/69429%2Fc0g737085c8q
284	p. 1-28	https://image-tor.canadiana.ca/iiif/2/69429%2Fc0bg2h70hm7j
285	p. 1-29	https://image-tor.canadiana.ca/iiif/2/69429%2Fc06q1sf2vv30
286	p. 1-30	https://image-tor.canadiana.ca/iiif/2/69429%2Fc02z12n5732k
287	p. 1-31	https://image-tor.canadiana.ca/iiif/2/69429%2Fc0z89280dx51
288	p. 1-32	https://image-tor.canadiana.ca/iiif/2/69429%2Fc0th8bg2s52k
289	p. 1-33	https://image-tor.canadiana.ca/iiif/2/69429%2Fc0pr7mp54c9d
290	p. 1-34	https://image-tor.canadiana.ca/iiif/2/69429%2Fc0k06ww7gm9h
291	p. 1-35	https://image-tor.canadiana.ca/iiif/2/69429%2Fc0f76639tv7x
292	p. 1-36	https://image-tor.canadiana.ca/iiif/2/69429%2Fc09g5gb26355
293	p. 1-37	https://image-tor.canadiana.ca/iiif/2/69429%2Fc05q4rj4jb3s
294	p. 1-38	https://image-tor.canadiana.ca/iiif/2/69429%2Fc0222r49qq5d
295	p. 1-39	https://image-tor.canadiana.ca/iiif/2/69429%2Fc0x921c23d5c
296	p. 1-40	https://image-tor.canadiana.ca/iiif/2/69429%2Fc0sj19k4fn30
297	p. 1-41	https://image-tor.canadiana.ca/iiif/2/69429%2Fc0ns0ks6sw3s
298	p. 1-42	https://image-tor.canadiana.ca/iiif/2/69429%2Fc0j09w09541k
299	p. 1-43	https://image-tor.canadiana.ca/iiif/2/69429%2Fc0d79571hb9h
300	p. 1-44	https://image-tor.canadiana.ca/iiif/2/69429%2Fc08g8ff3vk74
301	p. 1-45	https://image-tor.canadiana.ca/iiif/2/69429%2Fc04t6f191z8b
302	p. 1-46	https://image-tor.canadiana.ca/iiif/2/69429%2Fc0125q81d65t
303	p. 1-47	https://image-tor.canadiana.ca/iiif/2/69429%2Fc0w950g3rw55
304	p. 1-48	https://image-tor.canadiana.ca/iiif/2/69429%2Fc0rj48p6444c
305	p. 1-49	https://image-tor.canadiana.ca/iiif/2/69429%2Fc0ms3jw8gc3k
306	p. 1-50	https://image-tor.canadiana.ca/iiif/2/69429%2Fc0h12v40tm0z
307	p. 1-51	https://image-tor.canadiana.ca/iiif/2/69429%2Fc0c824b35t9b
308	p. 1-52	https://image-tor.canadiana.ca/iiif/2/69429%2Fc07m03x8c69k
309	p. 1-53	https://image-tor.canadiana.ca/iiif/2/69429%2Fc03t9d50qf63
310	p. 1-54	https://image-tor.canadiana.ca/iiif/2/69429%2Fc0028pc32p53
311	p. 1-55	https://image-tor.canadiana.ca/iiif/2/69429%2Fc0v97zk5fc7r
312	p. 1-56	https://image-tor.canadiana.ca/iiif/2/69429%2Fc0qj77s7sm3k
313	p. 1-57	https://image-tor.canadiana.ca/iiif/2/69429%2Fc0ks6j104v29
314	p. 1-58	https://image-tor.canadiana.ca/iiif/2/69429%2Fc0g44hm5b75m
315	p. 1-59	https://image-tor.canadiana.ca/iiif/2/69429%2Fc0bc3st7pg2n
316	p. 1-60	https://image-tor.canadiana.ca/iiif/2/69429%2Fc06m33201q05
317	p. 1-61	https://image-tor.canadiana.ca/iiif/2/69429%2Fc02v2c82cx83
318	p. 1-62	https://image-tor.canadiana.ca/iiif/2/69429%2Fc0z31ng4rn0r
319	p. 1-63	https://image-tor.canadiana.ca/iiif/2/69429%2Fc0tb0xp73v7k
320	p. 1-64	https://image-tor.canadiana.ca/iiif/2/69429%2Fc0pk06w9g353
321	p. 1-65	https://image-tor.canadiana.ca/iiif/2/69429%2Fc0jw86h4ng7g
322	p. 1-66	https://image-tor.canadiana.ca/iiif/2/69429%2Fc0f47gq70q5w
323	p. 1-67	https://image-tor.canadiana.ca/iiif/2/69429%2Fc09c6rx9bz2x
324	p. 1-68	https://image-tor.canadiana.ca/iiif/2/69429%2Fc05m6251q60g
325	p. 1-69	https://image-tor.canadiana.ca/iiif/2/69429%2Fc01v5bc42d8w
326	p. 1-70	https://image-tor.canadiana.ca/iiif/2/69429%2Fc0x34mk6f38p
327	p. 1-71	https://image-tor.canadiana.ca/iiif/2/69429%2Fc0sb3ws8sb69
328	p. 1-72	https://image-tor.canadiana.ca/iiif/2/69429%2Fc0np1wd3zq7n
329	p. 1-73	https://image-tor.canadiana.ca/iiif/2/69429%2Fc0hx15m69z54
330	p. 1-74	https://image-tor.canadiana.ca/iiif/2/69429%2Fc0d50ft8p61d
331	p. 1-75	https://image-tor.canadiana.ca/iiif/2/69429%2Fc08c9r211f0k
332	p. 1-76	https://image-tor.canadiana.ca/iiif/2/69429%2Fc04m9183cp0r
333	p. 1-77	https://image-tor.canadiana.ca/iiif/2/69429%2Fc00v89g5qw6h
334	p. 1-78	https://image-tor.canadiana.ca/iiif/2/69429%2Fc0w37kp83k8z
335	p. 1-79	https://image-tor.canadiana.ca/iiif/2/69429%2Fc0rf5k93901p
336	p. 1-80	https://image-tor.canadiana.ca/iiif/2/69429%2Fc0mp4vh5n681
337	p. 1-81	https://image-tor.canadiana.ca/iiif/2/69429%2Fc0gx44q80f5x
338	p. 1-82	https://image-tor.canadiana.ca/iiif/2/69429%2Fc0c53dz0bp3g
339	p. 1-83	https://image-tor.canadiana.ca/iiif/2/69429%2Fc07d2q52px3p
340	p. 1-84	https://image-tor.canadiana.ca/iiif/2/69429%2Fc03n20c52503
341	p. 1-85	https://image-tor.canadiana.ca/iiif/2/69429%2Fc0zw18k7dv02
342	p. 1-86	https://image-tor.canadiana.ca/iiif/2/69429%2Fc0v69862m728
343	p. 1-87	https://image-tor.canadiana.ca/iiif/2/69429%2Fc0qf8jd4zg0w
344	p. 1-88	https://image-tor.canadiana.ca/iiif/2/69429%2Fc0kp7tm79p64
345	p. 1-89	https://image-tor.canadiana.ca/iiif/2/69429%2Fc0fx73t9nx69
346	p. 1-90	https://image-tor.canadiana.ca/iiif/2/69429%2Fc0b56d221548
347	p. 1-91	https://image-tor.canadiana.ca/iiif/2/69429%2Fc06d5p84cd2w
348	p. 1-92	https://image-tor.canadiana.ca/iiif/2/69429%2Fc02n4zg6qn0h
349	p. 1-93	https://image-tor.canadiana.ca/iiif/2/69429%2Fc0z02z31xg2f
350	p. 1-94	https://image-tor.canadiana.ca/iiif/2/69429%2Fc0t727948q1h
351	p. 1-95	https://image-tor.canadiana.ca/iiif/2/69429%2Fc0pg1hh6mx78
352	p. 1-96	https://image-tor.canadiana.ca/iiif/2/69429%2Fc0jq0sq9056g
353	p. 1-97	https://image-tor.canadiana.ca/iiif/2/69429%2Fc0dz02z1bd68
354	p. 1-98	https://image-tor.canadiana.ca/iiif/2/69429%2Fc0959c53pn2w
355	p. 1-99	https://image-tor.canadiana.ca/iiif/2/69429%2Fc05d8nc61w1k
356	p. 1-100	https://image-tor.canadiana.ca/iiif/2/69429%2Fc01r6n01784m
357	p. 1-101	https://image-tor.canadiana.ca/iiif/2/69429%2Fc0x05x63kz39
358	p. 1-102	https://image-tor.canadiana.ca/iiif/2/69429%2Fc0s756d5z607
359	p. 1-103	https://image-tor.canadiana.ca/iiif/2/69429%2Fc0ng4gm89f0h
360	p. 1-104	https://image-tor.canadiana.ca/iiif/2/69429%2Fc0hq3rv0nn9n
361	p. 1-105	https://image-tor.canadiana.ca/iiif/2/69429%2Fc0cz32230w6z
362	p. 1-106	https://image-tor.canadiana.ca/iiif/2/69429%2Fc0862b85c44d
363	p. 1-107	https://image-tor.canadiana.ca/iiif/2/69429%2Fc04j09w0jh6x
364	p. 1-108	https://image-tor.canadiana.ca/iiif/2/69429%2Fc00r9m32wr4d
365	p. 1-109	https://image-tor.canadiana.ca/iiif/2/69429%2Fc0w08w958f2h
366	p. 1-110	https://image-tor.canadiana.ca/iiif/2/69429%2Fc0r785h7mp2p
367	p. 1-111	https://image-tor.canadiana.ca/iiif/2/69429%2Fc0mg7fq9zx09
368	p. 1-112	https://image-tor.canadiana.ca/iiif/2/69429%2Fc0gq6qz2b49f
369	p. 1-113	https://image-tor.canadiana.ca/iiif/2/69429%2Fc0bz6154pc68
370	p. 1-114	https://image-tor.canadiana.ca/iiif/2/69429%2Fc07940r9vr69
371	p. 1-115	https://image-tor.canadiana.ca/iiif/2/69429%2Fc03j3902704z
372	p. 1-116	https://image-tor.canadiana.ca/iiif/2/69429%2Fc0zs2k64kp4x
373	p. 1-117	https://image-tor.canadiana.ca/iiif/2/69429%2Fc0v11vd6xx3f
374	p. 1-118	https://image-tor.canadiana.ca/iiif/2/69429%2Fc0q814m99521
375	p. 1-119	https://image-tor.canadiana.ca/iiif/2/69429%2Fc0kh0dv1nc90
376	p. 1-120	https://image-tor.canadiana.ca/iiif/2/69429%2Fc0fq9q240m8j
377	p. 1-121	https://image-tor.canadiana.ca/iiif/2/69429%2Fc0b27pn9610z
378	p. 1-122	https://image-tor.canadiana.ca/iiif/2/69429%2Fc0696zw1j77x
379	p. 1-123	https://image-tor.canadiana.ca/iiif/2/69429%2Fc02j6833wg4r
380	p. 1-124	https://image-tor.canadiana.ca/iiif/2/69429%2Fc0xs5j96856w
381	p. 1-125	https://image-tor.canadiana.ca/iiif/2/69429%2Fc0t14th8md4t
382	p. 1-126	https://image-tor.canadiana.ca/iiif/2/69429%2Fc0p843r0zn2f
383	p. 1-127	https://image-tor.canadiana.ca/iiif/2/69429%2Fc0jm23b6515b
384	p. 1-128	https://image-tor.canadiana.ca/iiif/2/69429%2Fc0dv1cj8h82c
385	unnumbered	https://image-tor.canadiana.ca/iiif/2/69429%2Fc0930ns0vh0x
386	p. 1-2	https://image-tor.canadiana.ca/iiif/2/69429%2Fc0599z036q86
387	p. 1-3	https://image-tor.canadiana.ca/iiif/2/69429%2Fc01j9765jz8c
388	p. 1-4	https://image-tor.canadiana.ca/iiif/2/69429%2Fc0ws8hd7xn6p
389	p. 1-5	https://image-tor.canadiana.ca/iiif/2/69429%2Fc0s17sn08w59
390	p. 1-6	https://image-tor.canadiana.ca/iiif/2/69429%2Fc0nc5s75g86j
391	p. 1-7	https://image-tor.canadiana.ca/iiif/2/69429%2Fc0hm52f7th3z
392	p. 1-8	https://image-tor.canadiana.ca/iiif/2/69429%2Fc0cv4bp05r1p
393	p. 1-9	https://image-tor.canadiana.ca/iiif/2/69429%2Fc0833mw2hz9x
394	p. 1-10	https://image-tor.canadiana.ca/iiif/2/69429%2Fc04b2x34w682
395	p. 1-11	https://image-tor.canadiana.ca/iiif/2/69429%2Fc00k26977f6j
396	p. 1-12	https://image-tor.canadiana.ca/iiif/2/69429%2Fc0vt1gh9m47m
397	p. 1-13	https://image-tor.canadiana.ca/iiif/2/69429%2Fc0r49g44sh74
398	p. 1-14	https://image-tor.canadiana.ca/iiif/2/69429%2Fc0mc8rb74r6t
399	p. 1-15	https://image-tor.canadiana.ca/iiif/2/69429%2Fc0gm81j9h025
400	p. 1-16	https://image-tor.canadiana.ca/iiif/2/69429%2Fc0bv79s1v72k
401	p. 1-17	https://image-tor.canadiana.ca/iiif/2/69429%2Fc0736m046g10
402	p. 1-18	https://image-tor.canadiana.ca/iiif/2/69429%2Fc03b5w66jp8b
403	p. 1-19	https://image-tor.canadiana.ca/iiif/2/69429%2Fc0zk55d8xc9s
404	p. 1-20	https://image-tor.canadiana.ca/iiif/2/69429%2Fc0tx35143s1w
405	p. 1-21	https://image-tor.canadiana.ca/iiif/2/69429%2Fc0q52f76g082
406	p. 1-22	https://image-tor.canadiana.ca/iiif/2/69429%2Fc0kd1qf8t753
407	p. 1-23	https://image-tor.canadiana.ca/iiif/2/69429%2Fc0fn10p15g36
408	p. 1-24	https://image-tor.canadiana.ca/iiif/2/69429%2Fc09w08w3hq30
409	p. 1-25	https://image-tor.canadiana.ca/iiif/2/69429%2Fc0639k35vx9x
410	p. 1-26	https://image-tor.canadiana.ca/iiif/2/69429%2Fc02b8v98759q
411	p. 1-27	https://image-tor.canadiana.ca/iiif/2/69429%2Fc0xp6tx3f126
412	p. 1-28	https://image-tor.canadiana.ca/iiif/2/69429%2Fc0sx6445s80m
413	p. 1-29	https://image-tor.canadiana.ca/iiif/2/69429%2Fc0p55db84g7r
414	p. 1-30	https://image-tor.canadiana.ca/iiif/2/69429%2Fc0jd4pk0gq50
415	p. 1-31	https://image-tor.canadiana.ca/iiif/2/69429%2Fc0dn3zs2tz3m
416	p. 1-32	https://image-tor.canadiana.ca/iiif/2/69429%2Fc08w38056611
417	p. 1-33	https://image-tor.canadiana.ca/iiif/2/69429%2Fc0542j67jd98
418	p. 1-34	https://image-tor.canadiana.ca/iiif/2/69429%2Fc01g0ht2qt1g
419	p. 1-35	https://image-tor.canadiana.ca/iiif/2/69429%2Fc0wp9t153h2w
420	p. 1-36	https://image-tor.canadiana.ca/iiif/2/69429%2Fc0rx9377fq81
421	p. 1-37	https://image-tor.canadiana.ca/iiif/2/69429%2Fc0n58cf9sz84
422	p. 1-38	https://image-tor.canadiana.ca/iiif/2/69429%2Fc0hd7np2567z
423	p. 1-39	https://image-tor.canadiana.ca/iiif/2/69429%2Fc0cn6xw4hf40
424	p. 1-40	https://image-tor.canadiana.ca/iiif/2/69429%2Fc07w6736vp2d
425	p. 1-41	https://image-tor.canadiana.ca/iiif/2/69429%2Fc04746q22247
426	p. 1-42	https://image-tor.canadiana.ca/iiif/2/69429%2Fc00g3gx4d92v
427	p. 1-43	https://image-tor.canadiana.ca/iiif/2/69429%2Fc0vq2s46s00k
428	p. 1-44	https://image-tor.canadiana.ca/iiif/2/69429%2Fc0qz22b9469z
429	p. 1-45	https://image-tor.canadiana.ca/iiif/2/69429%2Fc0m61bk1gf9p
430	p. 1-46	https://image-tor.canadiana.ca/iiif/2/69429%2Fc0gf0ms3tp6q
431	p. 1-47	https://image-tor.canadiana.ca/iiif/2/69429%2Fc0bn9x065x58
432	p. 1-48	https://image-tor.canadiana.ca/iiif/2/69429%2Fc0707wm1c95f
433	p. 1-49	https://image-tor.canadiana.ca/iiif/2/69429%2Fc03775t3qj2v
434	p. 1-50	https://image-tor.canadiana.ca/iiif/2/69429%2Fc0zg6g16371n
435	p. 1-51	https://image-tor.canadiana.ca/iiif/2/69429%2Fc0tq5r78fg1f
436	p. 1-52	https://image-tor.canadiana.ca/iiif/2/69429%2Fc0pz51g0sp9c
437	p. 1-53	https://image-tor.canadiana.ca/iiif/2/69429%2Fc0k649p34x8c
438	p. 1-54	https://image-tor.canadiana.ca/iiif/2/69429%2Fc0ff3kw5h56h
439	p. 1-55	https://image-tor.canadiana.ca/iiif/2/69429%2Fc09s1kh0pj7v
440	p. 1-56	https://image-tor.canadiana.ca/iiif/2/69429%2Fc0610vq31s6v
441	p. 1-57	https://image-tor.canadiana.ca/iiif/2/69429%2Fc02804x5d126
442	p. 1-58	https://image-tor.canadiana.ca/iiif/2/69429%2Fc0xg9f47rq46
443	p. 1-59	https://image-tor.canadiana.ca/iiif/2/69429%2Fc0sq8qc03z2x
444	p. 1-60	https://image-tor.canadiana.ca/iiif/2/69429%2Fc0nz80k2g60f
445	p. 1-61	https://image-tor.canadiana.ca/iiif/2/69429%2Fc0j96057nk3n
446	p. 1-62	https://image-tor.canadiana.ca/iiif/2/69429%2Fc0dj58d00t1c
447	p. 1-63	https://image-tor.canadiana.ca/iiif/2/69429%2Fc08s4jm2c187
448	p. 1-64	https://image-tor.canadiana.ca/iiif/2/69429%2Fc0513tt4q865
449	p. 1-65	https://image-tor.canadiana.ca/iiif/2/69429%2Fc01834172h5n
450	p. 1-66	https://image-tor.canadiana.ca/iiif/2/69429%2Fc0wh2d79f654
451	p. 1-67	https://image-tor.canadiana.ca/iiif/2/69429%2Fc0rr1pg1sf2s
452	p. 1-68	https://image-tor.canadiana.ca/iiif/2/69429%2Fc0n29p26zt38
453	p. 1-69	https://image-tor.canadiana.ca/iiif/2/69429%2Fc0h98z89b22g
454	p. 1-70	https://image-tor.canadiana.ca/iiif/2/69429%2Fc0cj87h1p89t
455	p. 1-71	https://image-tor.canadiana.ca/iiif/2/69429%2Fc07s7hq41h6b
456	p. 1-72	https://image-tor.canadiana.ca/iiif/2/69429%2Fc0416sx6cr6f
457	p. 1-73	https://image-tor.canadiana.ca/iiif/2/69429%2Fc0086348r03s
458	p. 1-74	https://image-tor.canadiana.ca/iiif/2/69429%2Fc0vh5cc13p51
459	p. 1-75	https://image-tor.canadiana.ca/iiif/2/69429%2Fc0qv3bz6926v
460	p. 1-76	https://image-tor.canadiana.ca/iiif/2/69429%2Fc0m32n58n93m
461	p. 1-77	https://image-tor.canadiana.ca/iiif/2/69429%2Fc0gb1xd10j0r
462	p. 1-78	https://image-tor.canadiana.ca/iiif/2/69429%2Fc0bk16m3br82
463	p. 1-79	https://image-tor.canadiana.ca/iiif/2/69429%2Fc06t0gt5q08c
464	p. 1-80	https://image-tor.canadiana.ca/iiif/2/69429%2Fc0319s182752
465	p. 1-81	https://image-tor.canadiana.ca/iiif/2/69429%2Fc0z89280dx6m
466	p. 1-82	https://image-tor.canadiana.ca/iiif/2/69429%2Fc0tm71v5m99m
467	p. 1-83	https://image-tor.canadiana.ca/iiif/2/69429%2Fc0pv6b27zj7n
468	p. 1-84	https://image-tor.canadiana.ca/iiif/2/69429%2Fc0k35m909s3h
469	p. 1-85	https://image-tor.canadiana.ca/iiif/2/69429%2Fc0fb4wh2p11n
470	p. 1-86	https://image-tor.canadiana.ca/iiif/2/69429%2Fc09k45q5180q
471	p. 1-87	https://image-tor.canadiana.ca/iiif/2/69429%2Fc05t3fx7cg8n
472	p. 1-88	https://image-tor.canadiana.ca/iiif/2/69429%2Fc0222r49qq60
473	p. 1-89	https://image-tor.canadiana.ca/iiif/2/69429%2Fc0xd0qr4xj9s
474	p. 1-90	https://image-tor.canadiana.ca/iiif/2/69429%2Fc0sn00z78s8v
475	p. 1-91	https://image-tor.canadiana.ca/iiif/2/69429%2Fc0nv9959n14p
476	p. 1-92	https://image-tor.canadiana.ca/iiif/2/69429%2Fc0j38kd20839
477	p. 1-93	https://image-tor.canadiana.ca/iiif/2/69429%2Fc0db7vm4bh33
478	p. 1-94	https://image-tor.canadiana.ca/iiif/2/69429%2Fc08k74t6pq97
479	p. 1-95	https://image-tor.canadiana.ca/iiif/2/69429%2Fc04t6f191z9x
480	p. 1-96	https://image-tor.canadiana.ca/iiif/2/69429%2Fc0154dn47c0c
481	p. 1-97	https://image-tor.canadiana.ca/iiif/2/69429%2Fc0wd3pv6m20v
482	p. 1-98	https://image-tor.canadiana.ca/iiif/2/69429%2Fc0rn3028z870
483	p. 1-99	https://image-tor.canadiana.ca/iiif/2/69429%2Fc0mw28919h5q
484	p. 1-100	https://image-tor.canadiana.ca/iiif/2/69429%2Fc0h41jh3nr5t
485	p. 1-101	https://image-tor.canadiana.ca/iiif/2/69429%2Fc0cc0tq6102v
486	p. 1-102	https://image-tor.canadiana.ca/iiif/2/69429%2Fc07m03x8c70v
487	p. 1-103	https://image-tor.canadiana.ca/iiif/2/69429%2Fc03x83j3jm3t
488	p. 1-104	https://image-tor.canadiana.ca/iiif/2/69429%2Fc0057cr5wv1r
489	p. 1-105	https://image-tor.canadiana.ca/iiif/2/69429%2Fc0vd6nz88h9v
490	p. 1-106	https://image-tor.canadiana.ca/iiif/2/69429%2Fc0qn5z60mr9p
491	p. 1-107	https://image-tor.canadiana.ca/iiif/2/69429%2Fc0kw57d3007p
492	p. 1-108	https://image-tor.canadiana.ca/iiif/2/69429%2Fc0g44hm5b766
493	p. 1-109	https://image-tor.canadiana.ca/iiif/2/69429%2Fc0bc3st7pg37
494	p. 1-101 [110]	https://image-tor.canadiana.ca/iiif/2/69429%2Fc06q1sf2vv4k
495	p. 1-111	https://image-tor.canadiana.ca/iiif/2/69429%2Fc02z12n57335
496	p. 1-112	https://image-tor.canadiana.ca/iiif/2/69429%2Fc0z60bv7ks18
497	p. 1-113	https://image-tor.canadiana.ca/iiif/2/69429%2Fc0td9n29z10v
498	p. 1-114	https://image-tor.canadiana.ca/iiif/2/69429%2Fc0pn8x92980r
499	p. 1-115	https://image-tor.canadiana.ca/iiif/2/69429%2Fc0jw86h4ng82
500	p. 1-116	https://image-tor.canadiana.ca/iiif/2/69429%2Fc0f47gq70q6g
501	p. 1-117	https://image-tor.canadiana.ca/iiif/2/69429%2Fc09g5gb2636r
502	p. 1-118	https://image-tor.canadiana.ca/iiif/2/69429%2Fc05q4rj4jb4c
503	p. 1-119	https://image-tor.canadiana.ca/iiif/2/69429%2Fc01z41r6wk2c
504	unnumbered	https://image-tor.canadiana.ca/iiif/2/69429%2Fc0x639z98837
505	p. 1-2	https://image-tor.canadiana.ca/iiif/2/69429%2Fc0sf2m61mh1w
506	p. 1-3	https://image-tor.canadiana.ca/iiif/2/69429%2Fc0np1wd3zq87
507	p. 1-4	https://image-tor.canadiana.ca/iiif/2/69429%2Fc0j09w095425
508	p. 1-5	https://image-tor.canadiana.ca/iiif/2/69429%2Fc0d79571hc0s
509	p. 1-6	https://image-tor.canadiana.ca/iiif/2/69429%2Fc08g8ff3vk8q
510	p. 1-7	https://image-tor.canadiana.ca/iiif/2/69429%2Fc04q7qn66t4n
511	p. 1-8	https://image-tor.canadiana.ca/iiif/2/69429%2Fc00z70v8k24b
512	p. 1-9	https://image-tor.canadiana.ca/iiif/2/69429%2Fc0w66930xr32
513	p. 1-10	https://image-tor.canadiana.ca/iiif/2/69429%2Fc0rf5k939028
514	p. 1-11	https://image-tor.canadiana.ca/iiif/2/69429%2Fc0ms3jw8gc45
515	p. 1-12	https://image-tor.canadiana.ca/iiif/2/69429%2Fc0h12v40tm1j
516	p. 1-13	https://image-tor.canadiana.ca/iiif/2/69429%2Fc0c824b35v0m
517	p. 1-14	https://image-tor.canadiana.ca/iiif/2/69429%2Fc07h1dj5j26w
518	p. 1-15	https://image-tor.canadiana.ca/iiif/2/69429%2Fc03r0pr7w953
519	p. 1-16	https://image-tor.canadiana.ca/iiif/2/69429%2Fc00000007j3x
520	p. 1-17	https://image-tor.canadiana.ca/iiif/2/69429%2Fc0v69862m73v
521	p. 1-18	https://image-tor.canadiana.ca/iiif/2/69429%2Fc0qj77s7sm45
522	p. 1-19	https://image-tor.canadiana.ca/iiif/2/69429%2Fc0ks6j104v3w
523	p. 1-20	https://image-tor.canadiana.ca/iiif/2/69429%2Fc0g15t72h29g
524	p. 1-21	https://image-tor.canadiana.ca/iiif/2/69429%2Fc0b853f4v97g
525	p. 1-22	https://image-tor.canadiana.ca/iiif/2/69429%2Fc06h4cn76j65
526	p. 1-23	https://image-tor.canadiana.ca/iiif/2/69429%2Fc02r3nv9js4s
527	p. 1-24	https://image-tor.canadiana.ca/iiif/2/69429%2Fc0z02z31xg31
528	p. 1-25	https://image-tor.canadiana.ca/iiif/2/69429%2Fc0tb0xp73v85
529	p. 1-26	https://image-tor.canadiana.ca/iiif/2/69429%2Fc0pk06w9g36p
530	p. 1-27	https://image-tor.canadiana.ca/iiif/2/69429%2Fc0js9h41tb2m
531	p. 1-28	https://image-tor.canadiana.ca/iiif/2/69429%2Fc0f18sb45j9r
532	p. 1-29	https://image-tor.canadiana.ca/iiif/2/69429%2Fc09882j6hs9x
533	p. 1-30	https://image-tor.canadiana.ca/iiif/2/69429%2Fc05h7br8w16g
534	p. 1-31	https://image-tor.canadiana.ca/iiif/2/69429%2Fc01r6n017856
535	p. 1-32	https://image-tor.canadiana.ca/iiif/2/69429%2Fc0x34mk6f398
536	p. 1-33	https://image-tor.canadiana.ca/iiif/2/69429%2Fc0sb3ws8sb7w
537	p. 1-34	https://image-tor.canadiana.ca/iiif/2/69429%2Fc0nk36114k4t
538	p. 1-35	https://image-tor.canadiana.ca/iiif/2/69429%2Fc0ht2g73gt2f
539	p. 1-36	https://image-tor.canadiana.ca/iiif/2/69429%2Fc0d21rf5v21g
540	p. 1-37	https://image-tor.canadiana.ca/iiif/2/69429%2Fc08911n86898
541	p. 1-38	https://image-tor.canadiana.ca/iiif/2/69429%2Fc04j09w0jh7h
542	p. 1-39	https://image-tor.canadiana.ca/iiif/2/69429%2Fc00v89g5qw73
543	p. 1-40	https://image-tor.canadiana.ca/iiif/2/69429%2Fc0w37kp83k9j
544	p. 1-41	https://image-tor.canadiana.ca/iiif/2/69429%2Fc0rb6vx0ft5m
545	p. 1-42	https://image-tor.canadiana.ca/iiif/2/69429%2Fc0mk6542t23j
546	p. 1-43	https://image-tor.canadiana.ca/iiif/2/69429%2Fc0gt5fb55927
547	p. 1-44	https://image-tor.canadiana.ca/iiif/2/69429%2Fc0c24qj7hj05
548	p. 1-45	https://image-tor.canadiana.ca/iiif/2/69429%2Fc07940r9vr7w
549	unnumbered	https://image-tor.canadiana.ca/iiif/2/69429%2Fc03n20c5251p
550	p. 1-2	https://image-tor.canadiana.ca/iiif/2/69429%2Fc0zw18k7dv1n
551	p. 1-3	https://image-tor.canadiana.ca/iiif/2/69429%2Fc0v40js9s277
552	p. 1-4	https://image-tor.canadiana.ca/iiif/2/69429%2Fc0qb9v12496d
553	p. 1-5	https://image-tor.canadiana.ca/iiif/2/69429%2Fc0kk9474gj6k
554	p. 1-6	https://image-tor.canadiana.ca/iiif/2/69429%2Fc0ft8df6ts21
555	p. 1-7	https://image-tor.canadiana.ca/iiif/2/69429%2Fc0b27pn9611j
556	p. 1-8	https://image-tor.canadiana.ca/iiif/2/69429%2Fc06d5p84cd3g
557	p. 1-9	https://image-tor.canadiana.ca/iiif/2/69429%2Fc02n4zg6qn13
558	p. 1-10	https://image-tor.canadiana.ca/iiif/2/69429%2Fc0xw47p93b0v
559	p. 1-11	https://image-tor.canadiana.ca/iiif/2/69429%2Fc0t43hx1fj8q
560	p. 1-12	https://image-tor.canadiana.ca/iiif/2/69429%2Fc0pc2t43ss7b
561	p. 1-13	https://image-tor.canadiana.ca/iiif/2/69429%2Fc0jm23b6516x
562	p. 1-14	https://image-tor.canadiana.ca/iiif/2/69429%2Fc0dv1cj8h83z
563	p. 1-15	https://image-tor.canadiana.ca/iiif/2/69429%2Fc0959c53pn3g
564	p. 1-16	https://image-tor.canadiana.ca/iiif/2/69429%2Fc05d8nc61w25
565	p. 1-17	https://image-tor.canadiana.ca/iiif/2/69429%2Fc01n7xk8d38f
566	p. 1-18	https://image-tor.canadiana.ca/iiif/2/69429%2Fc0ww76t0rt08
567	p. 1-19	https://image-tor.canadiana.ca/iiif/2/69429%2Fc0s46h13419h
568	p. 1-20	https://image-tor.canadiana.ca/iiif/2/69429%2Fc0nc5s75g874
569	p. 1-21	https://image-tor.canadiana.ca/iiif/2/69429%2Fc0hm52f7th4j
570	p. 1-22	https://image-tor.canadiana.ca/iiif/2/69429%2Fc0cz32230w7j
571	p. 1-23	https://image-tor.canadiana.ca/iiif/2/69429%2Fc0862b85c450
572	p. 1-24	https://image-tor.canadiana.ca/iiif/2/69429%2Fc04f1mg7qc1f
573	p. 1-25	https://image-tor.canadiana.ca/iiif/2/69429%2Fc00p0wq02m0r
574	p. 1-26	https://image-tor.canadiana.ca/iiif/2/69429%2Fc0vx05x2f916
575	p. 1-27	https://image-tor.canadiana.ca/iiif/2/69429%2Fc0r49g44sh8q
576	p. 1-28	https://image-tor.canadiana.ca/iiif/2/69429%2Fc0mg7fq9zx1w
577	p. 1-29	https://image-tor.canadiana.ca/iiif/2/69429%2Fc0gq6qz2b50q
578	p. 1-30	https://image-tor.canadiana.ca/iiif/2/69429%2Fc0bz6154pc7v
579	p. 1-31	https://image-tor.canadiana.ca/iiif/2/69429%2Fc07659c71m4p
580	p. 1-32	https://image-tor.canadiana.ca/iiif/2/69429%2Fc03f4kk9cv4g
581	p. 1-33	https://image-tor.canadiana.ca/iiif/2/69429%2Fc0zp3vt1rj30
582	p. 1-34	https://image-tor.canadiana.ca/iiif/2/69429%2Fc0tx35143s2g
583	unnumbered	https://image-tor.canadiana.ca/iiif/2/69429%2Fc0q814m9953m
584	p. 1-2	https://image-tor.canadiana.ca/iiif/2/69429%2Fc0kh0dv1nd08
585	p. 1-3	https://image-tor.canadiana.ca/iiif/2/69429%2Fc0fq9q240m94
586	p. 1-4	https://image-tor.canadiana.ca/iiif/2/69429%2Fc09z9086bv5z
587	p. 1-5	https://image-tor.canadiana.ca/iiif/2/69429%2Fc06688g8q35k
588	p. 1-6	https://image-tor.canadiana.ca/iiif/2/69429%2Fc02f7jq12b39
589	p. 1-7	https://image-tor.canadiana.ca/iiif/2/69429%2Fc0xp6tx3f13s
590	p. 1-8	https://image-tor.canadiana.ca/iiif/2/69429%2Fc0t14th8md5d
591	p. 1-9	https://image-tor.canadiana.ca/iiif/2/69429%2Fc0p843r0zn31
592	p. 1-10	https://image-tor.canadiana.ca/iiif/2/69429%2Fc0jh3cz39w0j
593	p. 1-11	https://image-tor.canadiana.ca/iiif/2/69429%2Fc0dr2p55p38d
594	p. 1-12	https://image-tor.canadiana.ca/iiif/2/69429%2Fc0901zc81b7d
595	p. 1-13	https://image-tor.canadiana.ca/iiif/2/69429%2Fc05717m0ck51
596	p. 1-14	https://image-tor.canadiana.ca/iiif/2/69429%2Fc01g0ht2qt22
597	p. 1-15	https://image-tor.canadiana.ca/iiif/2/69429%2Fc0ws8hd7xn78
598	p. 1-16	https://image-tor.canadiana.ca/iiif/2/69429%2Fc0s17sn08w6w
599	p. 1-17	https://image-tor.canadiana.ca/iiif/2/69429%2Fc0n872v2n427
600	p. 1-18	https://image-tor.canadiana.ca/iiif/2/69429%2Fc0hh6c250b9g
601	p. 1-19	https://image-tor.canadiana.ca/iiif/2/69429%2Fc0cr5n87bk98
602	p. 1-20	https://image-tor.canadiana.ca/iiif/2/69429%2Fc0804xg9pt76
603	p. 1-21	https://image-tor.canadiana.ca/iiif/2/69429%2Fc04746q2225t
604	p. 1-22	https://image-tor.canadiana.ca/iiif/2/69429%2Fc00k26977f74
605	p. 1-23	https://image-tor.canadiana.ca/iiif/2/69429%2Fc0vt1gh9m486
606	p. 1-24	https://image-tor.canadiana.ca/iiif/2/69429%2Fc0r20rr1zc55
607	p. 1-25	https://image-tor.canadiana.ca/iiif/2/69429%2Fc0m901z49m1g
608	p. 1-26	https://image-tor.canadiana.ca/iiif/2/69429%2Fc0gh9b56nv14
609	p. 1-27	https://image-tor.canadiana.ca/iiif/2/69429%2Fc0br8mc9127w
610	p. 1-28	https://image-tor.canadiana.ca/iiif/2/69429%2Fc0707wm1c961
611	p. 1-29	https://image-tor.canadiana.ca/iiif/2/69429%2Fc03b5w66jp9x
612	p. 1-30	https://image-tor.canadiana.ca/iiif/2/69429%2Fc0zk55d8xd02
613	p. 1-31	https://image-tor.canadiana.ca/iiif/2/69429%2Fc0tt4fn18m6x
614	p. 1-32	https://image-tor.canadiana.ca/iiif/2/69429%2Fc0q23qv3mv4v
615	p. 1-33	https://image-tor.canadiana.ca/iiif/2/69429%2Fc0k93126033v
616	p. 1-34	https://image-tor.canadiana.ca/iiif/2/69429%2Fc0fj2988bb1g
617	p. 1-35	https://image-tor.canadiana.ca/iiif/2/69429%2Fc09s1kh0pj8f
618	p. 1-36	https://image-tor.canadiana.ca/iiif/2/69429%2Fc0639k35vz06
619	p. 1-37	https://image-tor.canadiana.ca/iiif/2/69429%2Fc02b8v987600
620	p. 1-38	https://image-tor.canadiana.ca/iiif/2/69429%2Fc0xk84j0kv83
621	p. 1-39	https://image-tor.canadiana.ca/iiif/2/69429%2Fc0st7dr2z35n
622	p. 1-40	https://image-tor.canadiana.ca/iiif/2/69429%2Fc0p26pz59b57
623	p. 1-41	https://image-tor.canadiana.ca/iiif/2/69429%2Fc0j96057nk47
624	p. 1-42	https://image-tor.canadiana.ca/iiif/2/69429%2Fc0dj58d00t2z
625	p. 1-43	https://image-tor.canadiana.ca/iiif/2/69429%2Fc08w3805662m
626	p. 1-44	https://image-tor.canadiana.ca/iiif/2/69429%2Fc0542j67jf0j
627	p. 1-45	https://image-tor.canadiana.ca/iiif/2/69429%2Fc01c1td9wn7w
628	p. 1-46	https://image-tor.canadiana.ca/iiif/2/69429%2Fc0wm13n28b7v
629	p. 1-47	https://image-tor.canadiana.ca/iiif/2/69429%2Fc0rv0cv4mk7n
630	p. 1-48	https://image-tor.canadiana.ca/iiif/2/69429%2Fc0n29p26zt4v
631	p. 1-49	https://image-tor.canadiana.ca/iiif/2/69429%2Fc0h98z89b232
632	p. 1-50	https://image-tor.canadiana.ca/iiif/2/69429%2Fc0cn6xw4hf5k
633	p. 1-51	https://image-tor.canadiana.ca/iiif/2/69429%2Fc07w6736vp30
634	p. 1-52	https://image-tor.canadiana.ca/iiif/2/69429%2Fc0445h996x0t
635	p. 1-53	https://image-tor.canadiana.ca/iiif/2/69429%2Fc00c4sj1k48w
636	p. 1-54	https://image-tor.canadiana.ca/iiif/2/69429%2Fc0vm42r3xt87
637	p. 1-55	https://image-tor.canadiana.ca/iiif/2/69429%2Fc0qv3bz6927f
638	p. 1-56	https://image-tor.canadiana.ca/iiif/2/69429%2Fc0m61bk1gg0z
639	p. 1-57	https://image-tor.canadiana.ca/iiif/2/69429%2Fc0gf0ms3tp79
640	p. 1-58	https://image-tor.canadiana.ca/iiif/2/69429%2Fc0bn9x065x6v
641	p. 1-59	https://image-tor.canadiana.ca/iiif/2/69429%2Fc06w9668j526
642	p. 1-60	https://image-tor.canadiana.ca/iiif/2/69429%2Fc0348gf0wd1b
643	p. 1-61	https://image-tor.canadiana.ca/iiif/2/69429%2Fc0zc7rn3832w
644	p. 1-62	https://image-tor.canadiana.ca/iiif/2/69429%2Fc0tm71v5mb0w
645	p. 1-63	https://image-tor.canadiana.ca/iiif/2/69429%2Fc0pz51g0sq0n
646	p. 1-64	https://image-tor.canadiana.ca/iiif/2/69429%2Fc0k649p34x9z
647	p. 1-65	https://image-tor.canadiana.ca/iiif/2/69429%2Fc0ff3kw5h573
648	p. 1-66	https://image-tor.canadiana.ca/iiif/2/69429%2Fc09p2w37vd4j
649	p. 1-67	https://image-tor.canadiana.ca/iiif/2/69429%2Fc05x25b06n2n
650	p. 1-68	https://image-tor.canadiana.ca/iiif/2/69429%2Fc0251fj2jw15
651	p. 1-69	https://image-tor.canadiana.ca/iiif/2/69429%2Fc0xd0qr4xk02
652	p. 1-70	https://image-tor.canadiana.ca/iiif/2/69429%2Fc0sq8qc03z3h
653	p. 1-71	https://image-tor.canadiana.ca/iiif/2/69429%2Fc0nz80k2g611
654	p. 1-72	https://image-tor.canadiana.ca/iiif/2/69429%2Fc0j678s4td73
655	p. 1-73	https://image-tor.canadiana.ca/iiif/2/69429%2Fc0df6k075n41
656	p. 1-74	https://image-tor.canadiana.ca/iiif/2/69429%2Fc08p5v69hw4t
657	p. 1-75	https://image-tor.canadiana.ca/iiif/2/69429%2Fc04x54f1w42z
658	p. 1-76	https://image-tor.canadiana.ca/iiif/2/69429%2Fc0154dn47c1z
659	p. 1-77	https://image-tor.canadiana.ca/iiif/2/69429%2Fc0wh2d79f66q
660	p. 1-78	https://image-tor.canadiana.ca/iiif/2/69429%2Fc0rr1pg1sf3c
661	p. 1-79	https://image-tor.canadiana.ca/iiif/2/69429%2Fc0n00zp44p1s
662	p. 1-80	https://image-tor.canadiana.ca/iiif/2/69429%2Fc0h707w6gw7x
663	p. 1-81	https://image-tor.canadiana.ca/iiif/2/69429%2Fc0cf9j38v46h
664	p. 1-82	https://image-tor.canadiana.ca/iiif/2/69429%2Fc07p8tb16c6d
665	p. 1-83	https://image-tor.canadiana.ca/iiif/2/69429%2Fc03x83j3jm4d
666	p. 1-84	https://image-tor.canadiana.ca/iiif/2/69429%2Fc0086348r04c
667	p. 1-85	https://image-tor.canadiana.ca/iiif/2/69429%2Fc0vh5cc13p6m
668	p. 1-86	https://image-tor.canadiana.ca/iiif/2/69429%2Fc0qr4nk3fx22
669	p. 1-87	https://image-tor.canadiana.ca/iiif/2/69429%2Fc0m03xs5t50h
670	p. 1-88	https://image-tor.canadiana.ca/iiif/2/69429%2Fc0g737085c99
671	p. 1-89	https://image-tor.canadiana.ca/iiif/2/69429%2Fc0bg2h70hm84
672	p. 1-90	https://image-tor.canadiana.ca/iiif/2/69429%2Fc06q1sf2vv55
673	p. 1-91	https://image-tor.canadiana.ca/iiif/2/69429%2Fc0319s18276n
674	p. 1-92	https://image-tor.canadiana.ca/iiif/2/69429%2Fc0z89280dx76
675	p. 1-93	https://image-tor.canadiana.ca/iiif/2/69429%2Fc0th8bg2s535
676	p. 1-94	https://image-tor.canadiana.ca/iiif/2/69429%2Fc0pr7mp54d0p
677	p. 1-95	https://image-tor.canadiana.ca/iiif/2/69429%2Fc0k06ww7gn0s
678	p. 1-96	https://image-tor.canadiana.ca/iiif/2/69429%2Fc0f76639tv8h
679	p. 1-97	https://image-tor.canadiana.ca/iiif/2/69429%2Fc09g5gb2637b
680	p. 1-98	https://image-tor.canadiana.ca/iiif/2/69429%2Fc05t3fx7cg97
681	p. 1-99	https://image-tor.canadiana.ca/iiif/2/69429%2Fc0222r49qq7k
682	p. 1-100	https://image-tor.canadiana.ca/iiif/2/69429%2Fc0x921c23d6z
683	p. 1-101	https://image-tor.canadiana.ca/iiif/2/69429%2Fc0sj19k4fn4k
684	p. 1-102	https://image-tor.canadiana.ca/iiif/2/69429%2Fc0ns0ks6sw4c
685	p. 1-103	https://image-tor.canadiana.ca/iiif/2/69429%2Fc0j09w09543r
686	p. 1-104	https://image-tor.canadiana.ca/iiif/2/69429%2Fc0d79571hc1c
687	p. 1-105	https://image-tor.canadiana.ca/iiif/2/69429%2Fc08k74t6pr0h
688	p. 1-106	https://image-tor.canadiana.ca/iiif/2/69429%2Fc04t6f19200q
689	p. 1-107	https://image-tor.canadiana.ca/iiif/2/69429%2Fc0125q81d66d
690	unnumbered	https://image-tor.canadiana.ca/iiif/2/69429%2Fc0w950g3rw6r
691	p. 1-2	https://image-tor.canadiana.ca/iiif/2/69429%2Fc0rj48p6445z
692	p. 1-3	https://image-tor.canadiana.ca/iiif/2/69429%2Fc0ms3jw8gc5r
693	p. 1-4	https://image-tor.canadiana.ca/iiif/2/69429%2Fc0h12v40tm24
694	p. 1-5	https://image-tor.canadiana.ca/iiif/2/69429%2Fc0cc0tq6103f
695	p. 1-6	https://image-tor.canadiana.ca/iiif/2/69429%2Fc07m03x8c71f
696	p. 1-7	https://image-tor.canadiana.ca/iiif/2/69429%2Fc03t9d50qf7p
697	p. 1-8	https://image-tor.canadiana.ca/iiif/2/69429%2Fc0028pc32p6p
698	p. 1-9	https://image-tor.canadiana.ca/iiif/2/69429%2Fc0v97zk5fc8b
699	p. 1-10	https://image-tor.canadiana.ca/iiif/2/69429%2Fc0qj77s7sm5r
700	p. 1-11	https://image-tor.canadiana.ca/iiif/2/69429%2Fc0kw57d30088
701	p. 1-12	https://image-tor.canadiana.ca/iiif/2/69429%2Fc0g44hm5b77s
702	p. 1-13	https://image-tor.canadiana.ca/iiif/2/69429%2Fc0bc3st7pg4t
703	p. 1-14	https://image-tor.canadiana.ca/iiif/2/69429%2Fc06m33201q1r
704	p. 1-15	https://image-tor.canadiana.ca/iiif/2/69429%2Fc02v2c82cx9p
705	p. 1-16	https://image-tor.canadiana.ca/iiif/2/69429%2Fc0z31ng4rn1b
706	p. 1-17	https://image-tor.canadiana.ca/iiif/2/69429%2Fc0tb0xp73v9r
707	p. 1-18	https://image-tor.canadiana.ca/iiif/2/69429%2Fc0pn8x92981b
708	p. 1-19	https://image-tor.canadiana.ca/iiif/2/69429%2Fc0jw86h4ng9n
709	p. 1-20	https://image-tor.canadiana.ca/iiif/2/69429%2Fc0f47gq70q72
710	p. 1-21	https://image-tor.canadiana.ca/iiif/2/69429%2Fc09c6rx9bz3h
711	p. 1-22	https://image-tor.canadiana.ca/iiif/2/69429%2Fc05m6251q612
712	p. 1-23	https://image-tor.canadiana.ca/iiif/2/69429%2Fc01v5bc42d9g
713	p. 1-24	https://image-tor.canadiana.ca/iiif/2/69429%2Fc0x34mk6f40j
714	p. 1-25	https://image-tor.canadiana.ca/iiif/2/69429%2Fc0sf2m61mh2g
715	p. 1-26	https://image-tor.canadiana.ca/iiif/2/69429%2Fc0np1wd3zq9t
716	p. 1-27	https://image-tor.canadiana.ca/iiif/2/69429%2Fc0hx15m69z6q
717	p. 1-28	https://image-tor.canadiana.ca/iiif/2/69429%2Fc0d50ft8p620
718	p. 1-29	https://image-tor.canadiana.ca/iiif/2/69429%2Fc08c9r211f15
719	p. 1-30	https://image-tor.canadiana.ca/iiif/2/69429%2Fc04m9183cp1b
720	p. 1-31	https://image-tor.canadiana.ca/iiif/2/69429%2Fc00v89g5qw8p
721	p. 1-32	https://image-tor.canadiana.ca/iiif/2/69429%2Fc0w66930xr4n
722	p. 1-33	https://image-tor.canadiana.ca/iiif/2/69429%2Fc0rf5k93903v
723	p. 1-34	https://image-tor.canadiana.ca/iiif/2/69429%2Fc0mp4vh5n69m
724	p. 1-35	https://image-tor.canadiana.ca/iiif/2/69429%2Fc0gx44q80f6h
725	p. 1-36	https://image-tor.canadiana.ca/iiif/2/69429%2Fc0c53dz0bp42
726	p. 1-37	https://image-tor.canadiana.ca/iiif/2/69429%2Fc07d2q52px48
727	p. 1-38	https://image-tor.canadiana.ca/iiif/2/69429%2Fc03n20c52528
728	p. 1-39	https://image-tor.canadiana.ca/iiif/2/69429%2Fc00000007j4h
729	p. 1-40	https://image-tor.canadiana.ca/iiif/2/69429%2Fc0v69862m74f
730	p. 1-41	https://image-tor.canadiana.ca/iiif/2/69429%2Fc0qf8jd4zg1g
731	p. 1-42	https://image-tor.canadiana.ca/iiif/2/69429%2Fc0kp7tm79p7q
732	p. 1-43	https://image-tor.canadiana.ca/iiif/2/69429%2Fc0fx73t9nx7w
733	p. 1-44	https://image-tor.canadiana.ca/iiif/2/69429%2Fc0b56d22155v
734	p. 1-45	https://image-tor.canadiana.ca/iiif/2/69429%2Fc06d5p84cd42
735	p. 1-46	https://image-tor.canadiana.ca/iiif/2/69429%2Fc02r3nv9js5c
736	p. 1-47	https://image-tor.canadiana.ca/iiif/2/69429%2Fc0z02z31xg4m
737	p. 1-48	https://image-tor.canadiana.ca/iiif/2/69429%2Fc0t727948q23
738	p. 1-49	https://image-tor.canadiana.ca/iiif/2/69429%2Fc0pg1hh6mx8v
739	p. 1-50	https://image-tor.canadiana.ca/iiif/2/69429%2Fc0jq0sq90572
740	p. 1-51	https://image-tor.canadiana.ca/iiif/2/69429%2Fc0dz02z1bd7v
741	p. 1-52	https://image-tor.canadiana.ca/iiif/2/69429%2Fc0959c53pn42
742	p. 1-53	https://image-tor.canadiana.ca/iiif/2/69429%2Fc05h7br8w172
743	p. 1-54	https://image-tor.canadiana.ca/iiif/2/69429%2Fc01r6n01786s
744	p. 1-55	https://image-tor.canadiana.ca/iiif/2/69429%2Fc0x05x63kz4w
745	p. 1-56	https://image-tor.canadiana.ca/iiif/2/69429%2Fc0s756d5z61t
746	p. 1-57	https://image-tor.canadiana.ca/iiif/2/69429%2Fc0ng4gm89f13
747	p. 1-58	https://image-tor.canadiana.ca/iiif/2/69429%2Fc0hq3rv0np0x
748	p. 1-59	https://image-tor.canadiana.ca/iiif/2/69429%2Fc0cz32230w84
749	p. 1-60	https://image-tor.canadiana.ca/iiif/2/69429%2Fc08911n8690j
750	p. 1-61	https://image-tor.canadiana.ca/iiif/2/69429%2Fc04j09w0jh83
751	p. 1-62	https://image-tor.canadiana.ca/iiif/2/69429%2Fc00r9m32wr50
752	p. 1-63	https://image-tor.canadiana.ca/iiif/2/69429%2Fc0w08w958f33
753	p. 1-64	https://image-tor.canadiana.ca/iiif/2/69429%2Fc0r785h7mp38
754	p. 1-65	https://image-tor.canadiana.ca/iiif/2/69429%2Fc0mg7fq9zx2g
755	p. 1-66	https://image-tor.canadiana.ca/iiif/2/69429%2Fc0gq6qz2b519
756	p. 1-67	https://image-tor.canadiana.ca/iiif/2/69429%2Fc0c24qj7hj1r
757	p. 1-68	https://image-tor.canadiana.ca/iiif/2/69429%2Fc07940r9vr8g
758	p. 1-69	https://image-tor.canadiana.ca/iiif/2/69429%2Fc03j3902705j
759	p. 1-70	https://image-tor.canadiana.ca/iiif/2/69429%2Fc0zs2k64kp5h
760	p. 1-71	https://image-tor.canadiana.ca/iiif/2/69429%2Fc0v11vd6xx41
761	p. 1-72	https://image-tor.canadiana.ca/iiif/2/69429%2Fc0q814m99546
762	p. 1-73	https://image-tor.canadiana.ca/iiif/2/69429%2Fc0kh0dv1nd1v
763	p. 1-74	https://image-tor.canadiana.ca/iiif/2/69429%2Fc0ft8df6ts3m
764	p. 1-75	https://image-tor.canadiana.ca/iiif/2/69429%2Fc0b27pn96124
765	p. 1-76	https://image-tor.canadiana.ca/iiif/2/69429%2Fc0696zw1j78h
766	p. 1-77	https://image-tor.canadiana.ca/iiif/2/69429%2Fc02j6833wg5b
767	p. 1-78	https://image-tor.canadiana.ca/iiif/2/69429%2Fc0xs5j96857g
768	p. 1-79	https://image-tor.canadiana.ca/iiif/2/69429%2Fc0t14th8md60
769	p. 1-80	https://image-tor.canadiana.ca/iiif/2/69429%2Fc0pc2t43ss8x
770	unnumbered	https://image-tor.canadiana.ca/iiif/2/69429%2Fc0jm23b6517h
771	p. 1-2	https://image-tor.canadiana.ca/iiif/2/69429%2Fc0dv1cj8h84j
772	p. 1-3	https://image-tor.canadiana.ca/iiif/2/69429%2Fc0930ns0vh1h
773	p. 1-4	https://image-tor.canadiana.ca/iiif/2/69429%2Fc0599z036q9s
774	p. 1-5	https://image-tor.canadiana.ca/iiif/2/69429%2Fc01j9765jz9z
775	p. 1-6	https://image-tor.canadiana.ca/iiif/2/69429%2Fc0ws8hd7xn8v
776	p. 1-7	https://image-tor.canadiana.ca/iiif/2/69429%2Fc0s46h13420s
777	p. 1-8	https://image-tor.canadiana.ca/iiif/2/69429%2Fc0nc5s75g88q
778	p. 1-9	https://image-tor.canadiana.ca/iiif/2/69429%2Fc0hm52f7th54
779	p. 1-10	https://image-tor.canadiana.ca/iiif/2/69429%2Fc0cv4bp05r28
780	p. 1-11	https://image-tor.canadiana.ca/iiif/2/69429%2Fc0833mw2j00q
781	p. 1-12	https://image-tor.canadiana.ca/iiif/2/69429%2Fc04b2x34w69n
782	p. 1-13	https://image-tor.canadiana.ca/iiif/2/69429%2Fc00k26977f8q
783	p. 1-14	https://image-tor.canadiana.ca/iiif/2/69429%2Fc0vx05x2f92s
784	p. 1-15	https://image-tor.canadiana.ca/iiif/2/69429%2Fc0r49g44sh99
785	p. 1-16	https://image-tor.canadiana.ca/iiif/2/69429%2Fc0mc8rb74r7d
786	p. 1-17	https://image-tor.canadiana.ca/iiif/2/69429%2Fc0gm81j9h03r
787	p. 1-18	https://image-tor.canadiana.ca/iiif/2/69429%2Fc0bv79s1v735
788	p. 1-19	https://image-tor.canadiana.ca/iiif/2/69429%2Fc0736m046g2k
789	p. 1-20	https://image-tor.canadiana.ca/iiif/2/69429%2Fc03b5w66jq06
790	p. 1-21	https://image-tor.canadiana.ca/iiif/2/69429%2Fc0zp3vt1rj4k
791	p. 1-22	https://image-tor.canadiana.ca/iiif/2/69429%2Fc0tx35143s32
792	p. 1-23	https://image-tor.canadiana.ca/iiif/2/69429%2Fc0q52f76g09n
793	p. 1-24	https://image-tor.canadiana.ca/iiif/2/69429%2Fc0kd1qf8t76p
794	p. 1-25	https://image-tor.canadiana.ca/iiif/2/69429%2Fc0fn10p15g4s
795	p. 1-26	https://image-tor.canadiana.ca/iiif/2/69429%2Fc09w08w3hq4k
796	p. 1-27	https://image-tor.canadiana.ca/iiif/2/69429%2Fc0639k35vz1s
797	p. 1-28	https://image-tor.canadiana.ca/iiif/2/69429%2Fc02f7jq12b4w
798	p. 1-29	https://image-tor.canadiana.ca/iiif/2/69429%2Fc0xp6tx3f14c
799	p. 1-30	https://image-tor.canadiana.ca/iiif/2/69429%2Fc0sx6445s816
800	p. 1-31	https://image-tor.canadiana.ca/iiif/2/69429%2Fc0p55db84g8b
801	p. 1-32	https://image-tor.canadiana.ca/iiif/2/69429%2Fc0jd4pk0gq6k
802	unnumbered	https://image-tor.canadiana.ca/iiif/2/69429%2Fc0dn3zs2tz46
803	p. 1-2	https://image-tor.canadiana.ca/iiif/2/69429%2Fc08w38056636
804	p. 1-3	https://image-tor.canadiana.ca/iiif/2/69429%2Fc05717m0ck6m
805	p. 1-4	https://image-tor.canadiana.ca/iiif/2/69429%2Fc01g0ht2qt3n
806	p. 1-5	https://image-tor.canadiana.ca/iiif/2/69429%2Fc0wp9t153h3g
807	p. 1-6	https://image-tor.canadiana.ca/iiif/2/69429%2Fc0rx9377fq9m
808	p. 1-7	https://image-tor.canadiana.ca/iiif/2/69429%2Fc0n58cf9sz9q
809	p. 1-8	https://image-tor.canadiana.ca/iiif/2/69429%2Fc0hd7np2568j
810	p. 1-9	https://image-tor.canadiana.ca/iiif/2/69429%2Fc0cn6xw4hf65
811	p. 1-10	https://image-tor.canadiana.ca/iiif/2/69429%2Fc0804xg9pt8s
812	p. 1-11	https://image-tor.canadiana.ca/iiif/2/69429%2Fc04746q2226d
813	p. 1-12	https://image-tor.canadiana.ca/iiif/2/69429%2Fc00g3gx4d93f
814	p. 1-13	https://image-tor.canadiana.ca/iiif/2/69429%2Fc0vq2s46s015
815	p. 1-14	https://image-tor.canadiana.ca/iiif/2/69429%2Fc0qz22b94707
816	p. 1-15	https://image-tor.canadiana.ca/iiif/2/69429%2Fc0m61bk1gg1j
817	p. 1-16	https://image-tor.canadiana.ca/iiif/2/69429%2Fc0gf0ms3tp8w
818	p. 1-17	https://image-tor.canadiana.ca/iiif/2/69429%2Fc0br8mc9128g
819	p. 1-18	https://image-tor.canadiana.ca/iiif/2/69429%2Fc0707wm1c97m
820	p. 1-19	https://image-tor.canadiana.ca/iiif/2/69429%2Fc03775t3qj3f
821	p. 1-20	https://image-tor.canadiana.ca/iiif/2/69429%2Fc0zg6g163727
822	p. 1-21	https://image-tor.canadiana.ca/iiif/2/69429%2Fc0tq5r78fg21
823	p. 1-22	https://image-tor.canadiana.ca/iiif/2/69429%2Fc0pz51g0sq17
824	p. 1-23	https://image-tor.canadiana.ca/iiif/2/69429%2Fc0k649p34z07
825	p. 1-24	https://image-tor.canadiana.ca/iiif/2/69429%2Fc0fj2988bb22
826	p. 1-25	https://image-tor.canadiana.ca/iiif/2/69429%2Fc09s1kh0pj91
827	p. 1-26	https://image-tor.canadiana.ca/iiif/2/69429%2Fc0610vq31s7f
828	p. 1-27	https://image-tor.canadiana.ca/iiif/2/69429%2Fc02804x5d13s
829	p. 1-28	https://image-tor.canadiana.ca/iiif/2/69429%2Fc0xg9f47rq5s
830	p. 1-29	https://image-tor.canadiana.ca/iiif/2/69429%2Fc0sq8qc03z43
831	p. 1-30	https://image-tor.canadiana.ca/iiif/2/69429%2Fc0p26pz59b6t
832	p. 1-31	https://image-tor.canadiana.ca/iiif/2/69429%2Fc0j96057nk5t
833	p. 1-32	https://image-tor.canadiana.ca/iiif/2/69429%2Fc0dj58d00t3j
834	p. 1-33	https://image-tor.canadiana.ca/iiif/2/69429%2Fc08s4jm2c19t
835	p. 1-34	https://image-tor.canadiana.ca/iiif/2/69429%2Fc0513tt4q87r
836	p. 1-35	https://image-tor.canadiana.ca/iiif/2/69429%2Fc01834172h67
837	p. 1-36	https://image-tor.canadiana.ca/iiif/2/69429%2Fc0wh2d79f679
838	p. 1-37	https://image-tor.canadiana.ca/iiif/2/69429%2Fc0rv0cv4mk87
839	p. 1-38	https://image-tor.canadiana.ca/iiif/2/69429%2Fc0n29p26zt5f
840	p. 1-39	https://image-tor.canadiana.ca/iiif/2/69429%2Fc0h98z89b24n
841	p. 1-40	https://image-tor.canadiana.ca/iiif/2/69429%2Fc0cj87h1p903
842	p. 1-41	https://image-tor.canadiana.ca/iiif/2/69429%2Fc07s7hq41h7x
843	p. 1-42	https://image-tor.canadiana.ca/iiif/2/69429%2Fc0416sx6cr71
844	p. 1-43	https://image-tor.canadiana.ca/iiif/2/69429%2Fc0086348r05z
845	p. 1-44	https://image-tor.canadiana.ca/iiif/2/69429%2Fc0vm42r3xt9t
846	p. 1-45	https://image-tor.canadiana.ca/iiif/2/69429%2Fc0qv3bz69281
847	p. 1-46	https://image-tor.canadiana.ca/iiif/2/69429%2Fc0m32n58n946
848	p. 1-47	https://image-tor.canadiana.ca/iiif/2/69429%2Fc0gb1xd10j1b
849	p. 1-48	https://image-tor.canadiana.ca/iiif/2/69429%2Fc0bk16m3br9n
850	p. 1-49	https://image-tor.canadiana.ca/iiif/2/69429%2Fc06t0gt5q09z
851	p. 1-50	https://image-tor.canadiana.ca/iiif/2/69429%2Fc0319s182777
852	p. 1-51	https://image-tor.canadiana.ca/iiif/2/69429%2Fc0zc7rn3833g
853	p. 1-52	https://image-tor.canadiana.ca/iiif/2/69429%2Fc0tm71v5mb1g
854	p. 1-53	https://image-tor.canadiana.ca/iiif/2/69429%2Fc0pv6b27zj87
855	p. 1-54	https://image-tor.canadiana.ca/iiif/2/69429%2Fc0k35m909s43
856	p. 1-55	https://image-tor.canadiana.ca/iiif/2/69429%2Fc0fb4wh2p127
857	p. 1-56	https://image-tor.canadiana.ca/iiif/2/69429%2Fc09k45q51819
858	p. 1-57	https://image-tor.canadiana.ca/iiif/2/69429%2Fc05t3fx7ch0h
859	p. 1-58	https://image-tor.canadiana.ca/iiif/2/69429%2Fc0251fj2jw2r
860	p. 1-59	https://image-tor.canadiana.ca/iiif/2/69429%2Fc0xd0qr4xk1n
861	p. 1-60	https://image-tor.canadiana.ca/iiif/2/69429%2Fc0sn00z78s9f
862	p. 1-61	https://image-tor.canadiana.ca/iiif/2/69429%2Fc0nv9959n158
863	p. 1-62	https://image-tor.canadiana.ca/iiif/2/69429%2Fc0j38kd2084w
864	p. 1-63	https://image-tor.canadiana.ca/iiif/2/69429%2Fc0db7vm4bh4p
865	p. 1-64	https://image-tor.canadiana.ca/iiif/2/69429%2Fc08k74t6pr13
866	p. 1-65	https://image-tor.canadiana.ca/iiif/2/69429%2Fc04x54f1w43j
867	p. 1-66	https://image-tor.canadiana.ca/iiif/2/69429%2Fc0154dn47c2j
868	p. 1-67	https://image-tor.canadiana.ca/iiif/2/69429%2Fc0wd3pv6m21f
869	p. 1-68	https://image-tor.canadiana.ca/iiif/2/69429%2Fc0rn3028z88k
870	p. 1-69	https://image-tor.canadiana.ca/iiif/2/69429%2Fc0mw28919h69
871	p. 1-70	https://image-tor.canadiana.ca/iiif/2/69429%2Fc0h41jh3nr6d
872	p. 1-71	https://image-tor.canadiana.ca/iiif/2/69429%2Fc0cc0tq61041
873	p. 1-72	https://image-tor.canadiana.ca/iiif/2/69429%2Fc07p8tb16c70
874	p. 1-73	https://image-tor.canadiana.ca/iiif/2/69429%2Fc03x83j3jm50
875	p. 1-74	https://image-tor.canadiana.ca/iiif/2/69429%2Fc0057cr5wv2b
876	p. 1-75	https://image-tor.canadiana.ca/iiif/2/69429%2Fc0vd6nz88j04
877	p. 1-76	https://image-tor.canadiana.ca/iiif/2/69429%2Fc0qn5z60ms0z
878	p. 1-77	https://image-tor.canadiana.ca/iiif/2/69429%2Fc0kw57d3009v
879	p. 1-78	https://image-tor.canadiana.ca/iiif/2/69429%2Fc0g44hm5b78c
880	p. 1-79	https://image-tor.canadiana.ca/iiif/2/69429%2Fc0bg2h70hm9q
881	p. 1-80	https://image-tor.canadiana.ca/iiif/2/69429%2Fc06q1sf2vv6r
882	p. 1-81	https://image-tor.canadiana.ca/iiif/2/69429%2Fc02z12n5734r
883	p. 1-82	https://image-tor.canadiana.ca/iiif/2/69429%2Fc0z60bv7ks2v
884	p. 1-83	https://image-tor.canadiana.ca/iiif/2/69429%2Fc0td9n29z11f
885	p. 1-84	https://image-tor.canadiana.ca/iiif/2/69429%2Fc0pn8x92982x
886	p. 1-85	https://image-tor.canadiana.ca/iiif/2/69429%2Fc0jw86h4nh0x
887	unnumbered	https://image-tor.canadiana.ca/iiif/2/69429%2Fc0f76639tv93
888	p. 1-2	https://image-tor.canadiana.ca/iiif/2/69429%2Fc09g5gb2638x
889	p. 1-3	https://image-tor.canadiana.ca/iiif/2/69429%2Fc05q4rj4jb5z
890	p. 1-4	https://image-tor.canadiana.ca/iiif/2/69429%2Fc01z41r6wk3z
891	p. 1-5	https://image-tor.canadiana.ca/iiif/2/69429%2Fc0x639z9884t
892	p. 1-6	https://image-tor.canadiana.ca/iiif/2/69429%2Fc0sf2m61mh32
893	p. 1-7	https://image-tor.canadiana.ca/iiif/2/69429%2Fc0ns0ks6sw5z
894	p. 1-8	https://image-tor.canadiana.ca/iiif/2/69429%2Fc0j09w09544b
895	p. 1-9	https://image-tor.canadiana.ca/iiif/2/69429%2Fc0d79571hc2z
896	p. 1-10	https://image-tor.canadiana.ca/iiif/2/69429%2Fc08g8ff3vk99
897	p. 1-11	https://image-tor.canadiana.ca/iiif/2/69429%2Fc04q7qn66t57
898	p. 1-12	https://image-tor.canadiana.ca/iiif/2/69429%2Fc00z70v8k25x
899	p. 1-13	https://image-tor.canadiana.ca/iiif/2/69429%2Fc0w66930xr57
900	p. 1-14	https://image-tor.canadiana.ca/iiif/2/69429%2Fc0rj48p6446j
901	p. 1-15	https://image-tor.canadiana.ca/iiif/2/69429%2Fc0ms3jw8gc6b
902	p. 1-16	https://image-tor.canadiana.ca/iiif/2/69429%2Fc0h12v40tm3q
903	p. 1-17	https://image-tor.canadiana.ca/iiif/2/69429%2Fc0c824b35v16
904	p. 1-18	https://image-tor.canadiana.ca/iiif/2/69429%2Fc07h1dj5j27g
905	p. 1-19	https://image-tor.canadiana.ca/iiif/2/69429%2Fc03r0pr7w96p
906	p. 1-20	https://image-tor.canadiana.ca/iiif/2/69429%2Fc00000007j53
907	p. 1-21	https://image-tor.canadiana.ca/iiif/2/69429%2Fc0v97zk5fc9x
908	p. 1-22	https://image-tor.canadiana.ca/iiif/2/69429%2Fc0qj77s7sm6b
909	p. 1-23	https://image-tor.canadiana.ca/iiif/2/69429%2Fc0ks6j104v4g
910	p. 1-24	https://image-tor.canadiana.ca/iiif/2/69429%2Fc0g15t72h30r
911	p. 1-25	https://image-tor.canadiana.ca/iiif/2/69429%2Fc0b853f4v982
912	p. 1-26	https://image-tor.canadiana.ca/iiif/2/69429%2Fc06h4cn76j7r
913	p. 1-27	https://image-tor.canadiana.ca/iiif/2/69429%2Fc02r3nv9js6z
914	unnumbered	https://image-tor.canadiana.ca/iiif/2/69429%2Fc0z31ng4rn2x
915	p. 1-2	https://image-tor.canadiana.ca/iiif/2/69429%2Fc0tb0xp73w01
916	p. 1-3	https://image-tor.canadiana.ca/iiif/2/69429%2Fc0pk06w9g378
917	p. 1-4	https://image-tor.canadiana.ca/iiif/2/69429%2Fc0js9h41tb36
918	unnumbered	https://image-tor.canadiana.ca/iiif/2/69429%2Fc0f18sb45k01
919	p. 1-2	https://image-tor.canadiana.ca/iiif/2/69429%2Fc09882j6ht06
920	p. 1-3	https://image-tor.canadiana.ca/iiif/2/69429%2Fc05h7br8w18n
921	p. 1-4	https://image-tor.canadiana.ca/iiif/2/69429%2Fc01v5bc42f0r
922	p. 1-5	https://image-tor.canadiana.ca/iiif/2/69429%2Fc0x34mk6f414
923	p. 1-6	https://image-tor.canadiana.ca/iiif/2/69429%2Fc0sb3ws8sb8g
924	p. 1-7	https://image-tor.canadiana.ca/iiif/2/69429%2Fc0nk36114k5d
925	p. 1-8	https://image-tor.canadiana.ca/iiif/2/69429%2Fc0ht2g73gt31
926	p. 1-9	https://image-tor.canadiana.ca/iiif/2/69429%2Fc0d21rf5v222
927	p. 1-10	https://image-tor.canadiana.ca/iiif/2/69429%2Fc08911n86914
928	p. 1-11	https://image-tor.canadiana.ca/iiif/2/69429%2Fc04m9183cp2x
929	p. 1-12	https://image-tor.canadiana.ca/iiif/2/69429%2Fc00v89g5qw98
930	p. 1-13	https://image-tor.canadiana.ca/iiif/2/69429%2Fc0w37kp83m0t
931	p. 1-14	https://image-tor.canadiana.ca/iiif/2/69429%2Fc0rb6vx0ft66
932	p. 1-15	https://image-tor.canadiana.ca/iiif/2/69429%2Fc0mk6542t244
933	p. 1-16	https://image-tor.canadiana.ca/iiif/2/69429%2Fc0gt5fb5593t
934	p. 1-17	https://image-tor.canadiana.ca/iiif/2/69429%2Fc0c24qj7hj2b
935	p. 1-18	https://image-tor.canadiana.ca/iiif/2/69429%2Fc07d2q52px5v
936	p. 1-19	https://image-tor.canadiana.ca/iiif/2/69429%2Fc03n20c5253v
937	p. 1-20	https://image-tor.canadiana.ca/iiif/2/69429%2Fc0zw18k7dv27
938	p. 1-21	https://image-tor.canadiana.ca/iiif/2/69429%2Fc0v40js9s28t
939	p. 1-22	https://image-tor.canadiana.ca/iiif/2/69429%2Fc0qb9v124970
940	p. 1-23	https://image-tor.canadiana.ca/iiif/2/69429%2Fc0kk9474gj75
941	p. 1-24	https://image-tor.canadiana.ca/iiif/2/69429%2Fc0ft8df6ts46
942	p. 1-25	https://image-tor.canadiana.ca/iiif/2/69429%2Fc0b56d22156f
943	p. 1-26	https://image-tor.canadiana.ca/iiif/2/69429%2Fc06d5p84cd5n
944	p. 1-27	https://image-tor.canadiana.ca/iiif/2/69429%2Fc02n4zg6qn2p
945	p. 1-28	https://image-tor.canadiana.ca/iiif/2/69429%2Fc0xw47p93b1f
946	p. 1-29	https://image-tor.canadiana.ca/iiif/2/69429%2Fc0t43hx1fj99
947	p. 1-30	https://image-tor.canadiana.ca/iiif/2/69429%2Fc0pc2t43ss9h
948	p. 1-31	https://image-tor.canadiana.ca/iiif/2/69429%2Fc0jm23b65183
949	p. 1-32	https://image-tor.canadiana.ca/iiif/2/69429%2Fc0dz02z1bd8f
950	p. 1-33	https://image-tor.canadiana.ca/iiif/2/69429%2Fc0959c53pn5n
951	p. 1-34	https://image-tor.canadiana.ca/iiif/2/69429%2Fc05d8nc61w3r
952	p. 1-35	https://image-tor.canadiana.ca/iiif/2/69429%2Fc01n7xk8d391
953	p. 1-36	https://image-tor.canadiana.ca/iiif/2/69429%2Fc0ww76t0rt1v
954	p. 1-37	https://image-tor.canadiana.ca/iiif/2/69429%2Fc0s46h13421c
955	p. 1-38	https://image-tor.canadiana.ca/iiif/2/69429%2Fc0nc5s75g899
956	p. 1-39	https://image-tor.canadiana.ca/iiif/2/69429%2Fc0hq3rv0np1h
957	p. 1-40	https://image-tor.canadiana.ca/iiif/2/69429%2Fc0cz32230w9q
958	p. 1-41	https://image-tor.canadiana.ca/iiif/2/69429%2Fc0862b85c46k
959	p. 1-42	https://image-tor.canadiana.ca/iiif/2/69429%2Fc04f1mg7qc21
960	p. 1-43	https://image-tor.canadiana.ca/iiif/2/69429%2Fc00p0wq02m1b
961	p. 1-44	https://image-tor.canadiana.ca/iiif/2/69429%2Fc0vx05x2f93c
962	p. 1-45	https://image-tor.canadiana.ca/iiif/2/69429%2Fc0r785h7mp4v
963	p. 1-46	https://image-tor.canadiana.ca/iiif/2/69429%2Fc0mg7fq9zx32
964	p. 1-47	https://image-tor.canadiana.ca/iiif/2/69429%2Fc0gq6qz2b52w
965	p. 1-48	https://image-tor.canadiana.ca/iiif/2/69429%2Fc0bz6154pc8f
966	p. 1-49	https://image-tor.canadiana.ca/iiif/2/69429%2Fc07659c71m58
967	p. 1-50	https://image-tor.canadiana.ca/iiif/2/69429%2Fc03f4kk9cv52
968	p. 1-51	https://image-tor.canadiana.ca/iiif/2/69429%2Fc0zp3vt1rj55
969	p. 1-52	https://image-tor.canadiana.ca/iiif/2/69429%2Fc0v11vd6xx5m
970	p. 1-53	https://image-tor.canadiana.ca/iiif/2/69429%2Fc0q814m9955s
971	p. 1-54	https://image-tor.canadiana.ca/iiif/2/69429%2Fc0kh0dv1nd2f
972	p. 1-55	https://image-tor.canadiana.ca/iiif/2/69429%2Fc0fq9q240n0d
973	p. 1-56	https://image-tor.canadiana.ca/iiif/2/69429%2Fc09z9086bv6j
974	p. 1-57	https://image-tor.canadiana.ca/iiif/2/69429%2Fc06688g8q365
975	p. 1-58	https://image-tor.canadiana.ca/iiif/2/69429%2Fc02f7jq12b5g
976	p. 1-59	https://image-tor.canadiana.ca/iiif/2/69429%2Fc0xs5j968582
977	p. 1-60	https://image-tor.canadiana.ca/iiif/2/69429%2Fc0t14th8md7k
978	p. 1-61	https://image-tor.canadiana.ca/iiif/2/69429%2Fc0p843r0zn4m
979	p. 1-62	https://image-tor.canadiana.ca/iiif/2/69429%2Fc0jh3cz39w14
980	p. 1-63	https://image-tor.canadiana.ca/iiif/2/69429%2Fc0dr2p55p390
981	p. 1-64	https://image-tor.canadiana.ca/iiif/2/69429%2Fc0901zc81b80
982	p. 1-65	https://image-tor.canadiana.ca/iiif/2/69429%2Fc05717m0ck76
983	p. 1-66	https://image-tor.canadiana.ca/iiif/2/69429%2Fc01j9765k00r
984	p. 1-67	https://image-tor.canadiana.ca/iiif/2/69429%2Fc0ws8hd7xn9f
985	p. 1-68	https://image-tor.canadiana.ca/iiif/2/69429%2Fc0s17sn08w7g
986	p. 1-69	https://image-tor.canadiana.ca/iiif/2/69429%2Fc0n872v2n43t
987	p. 1-70	https://image-tor.canadiana.ca/iiif/2/69429%2Fc0hh6c250c0r
988	p. 1-71	https://image-tor.canadiana.ca/iiif/2/69429%2Fc0cr5n87bm0j
989	p. 1-72	https://image-tor.canadiana.ca/iiif/2/69429%2Fc0804xg9pt9c
990	p. 1-73	https://image-tor.canadiana.ca/iiif/2/69429%2Fc04b2x34w70x
991	p. 1-74	https://image-tor.canadiana.ca/iiif/2/69429%2Fc00k26977f99
992	p. 1-75	https://image-tor.canadiana.ca/iiif/2/69429%2Fc0vt1gh9m49s
993	p. 1-76	https://image-tor.canadiana.ca/iiif/2/69429%2Fc0r20rr1zc6r
994	p. 1-77	https://image-tor.canadiana.ca/iiif/2/69429%2Fc0m901z49m22
995	p. 1-78	https://image-tor.canadiana.ca/iiif/2/69429%2Fc0gh9b56nv2q
996	p. 1-79	https://image-tor.canadiana.ca/iiif/2/69429%2Fc0br8mc91292
997	p. 1-80	https://image-tor.canadiana.ca/iiif/2/69429%2Fc0736m046g35
998	p. 1-81	https://image-tor.canadiana.ca/iiif/2/69429%2Fc03b5w66jq1s
999	p. 1-82	https://image-tor.canadiana.ca/iiif/2/69429%2Fc0zk55d8xd1n
1000	p. 1-83	https://image-tor.canadiana.ca/iiif/2/69429%2Fc0tt4fn18m7h
1001	p. 1-84	https://image-tor.canadiana.ca/iiif/2/69429%2Fc0q23qv3mv5f
1002	p. 1-85	https://image-tor.canadiana.ca/iiif/2/69429%2Fc0k93126034f
1003	p. 1-86	https://image-tor.canadiana.ca/iiif/2/69429%2Fc0fj2988bb3n
1004	p. 1-87	https://image-tor.canadiana.ca/iiif/2/69429%2Fc09w08w3hq55
1005	p. 1-88	https://image-tor.canadiana.ca/iiif/2/69429%2Fc0639k35vz2c
1006	p. 1-89	https://image-tor.canadiana.ca/iiif/2/69429%2Fc02b8v98761k
1007	p. 1-90	https://image-tor.canadiana.ca/iiif/2/69429%2Fc0xk84j0kv9p
1008	p. 1-91	https://image-tor.canadiana.ca/iiif/2/69429%2Fc0st7dr2z367
1009	p. 1-92	https://image-tor.canadiana.ca/iiif/2/69429%2Fc0p26pz59b7d
1010	p. 1-93	https://image-tor.canadiana.ca/iiif/2/69429%2Fc0j96057nk6d
1011	p. 1-94	https://image-tor.canadiana.ca/iiif/2/69429%2Fc0dn3zs2tz5s
1012	p. 1-95	https://image-tor.canadiana.ca/iiif/2/69429%2Fc08w3805664s
1013	p. 1-96	https://image-tor.canadiana.ca/iiif/2/69429%2Fc0542j67jf14
1014	p. 1-97	https://image-tor.canadiana.ca/iiif/2/69429%2Fc01c1td9wn8g
1015	p. 1-98	https://image-tor.canadiana.ca/iiif/2/69429%2Fc0wm13n28b8f
1016	p. 1-99	https://image-tor.canadiana.ca/iiif/2/69429%2Fc0rv0cv4mk9t
1017	p. 1-100	https://image-tor.canadiana.ca/iiif/2/69429%2Fc0n29p26zt61
1018	p. 1-101	https://image-tor.canadiana.ca/iiif/2/69429%2Fc0hd7np25694
1019	p. 1-102	https://image-tor.canadiana.ca/iiif/2/69429%2Fc0cn6xw4hf7r
1020	p. 1-103	https://image-tor.canadiana.ca/iiif/2/69429%2Fc07w6736vp4k
1021	p. 1-104	https://image-tor.canadiana.ca/iiif/2/69429%2Fc0445h996x1d
1022	p. 1-105	https://image-tor.canadiana.ca/iiif/2/69429%2Fc00c4sj1k49g
1023	p. 1-106	https://image-tor.canadiana.ca/iiif/2/69429%2Fc0vm42r3xv03
1024	p. 1-107	https://image-tor.canadiana.ca/iiif/2/69429%2Fc0qz22b9471t
1025	p. 1-108	https://image-tor.canadiana.ca/iiif/2/69429%2Fc0m61bk1gg24
1026	p. 1-109	https://image-tor.canadiana.ca/iiif/2/69429%2Fc0gf0ms3tp9g
1027	p. 1-110	https://image-tor.canadiana.ca/iiif/2/69429%2Fc0bn9x065x7f
1028	p. 1-111	https://image-tor.canadiana.ca/iiif/2/69429%2Fc06w9668j53s
1029	p. 1-112	https://image-tor.canadiana.ca/iiif/2/69429%2Fc0348gf0wd2x
1030	p. 1-113	https://image-tor.canadiana.ca/iiif/2/69429%2Fc0zc7rn38342
1031	p. 1-114	https://image-tor.canadiana.ca/iiif/2/69429%2Fc0tq5r78fg3m
1032	p. 1-115	https://image-tor.canadiana.ca/iiif/2/69429%2Fc0pz51g0sq2t
1033	p. 1-116	https://image-tor.canadiana.ca/iiif/2/69429%2Fc0k649p34z1t
1034	p. 1-117	https://image-tor.canadiana.ca/iiif/2/69429%2Fc0ff3kw5h58p
1035	p. 1-118	https://image-tor.canadiana.ca/iiif/2/69429%2Fc09p2w37vd54
1036	p. 1-119	https://image-tor.canadiana.ca/iiif/2/69429%2Fc05x25b06n37
1037	p. 1-120	https://image-tor.canadiana.ca/iiif/2/69429%2Fc0251fj2jw3b
1038	p. 1-121	https://image-tor.canadiana.ca/iiif/2/69429%2Fc0xg9f47rq6c
1039	p. 1-122	https://image-tor.canadiana.ca/iiif/2/69429%2Fc0sq8qc03z5p
1040	p. 1-123	https://image-tor.canadiana.ca/iiif/2/69429%2Fc0nz80k2g62m
1041	p. 1-124	https://image-tor.canadiana.ca/iiif/2/69429%2Fc0j678s4td8p
1042	p. 1-125	https://image-tor.canadiana.ca/iiif/2/69429%2Fc0df6k075n5m
1043	p. 1-126	https://image-tor.canadiana.ca/iiif/2/69429%2Fc08p5v69hw5d
1044	p. 1-127	https://image-tor.canadiana.ca/iiif/2/69429%2Fc04x54f1w444
1045	p. 1-128	https://image-tor.canadiana.ca/iiif/2/69429%2Fc01834172h7t
1046	p. 1-129	https://image-tor.canadiana.ca/iiif/2/69429%2Fc0wh2d79f68w
1047	p. 1-130	https://image-tor.canadiana.ca/iiif/2/69429%2Fc0rr1pg1sf4z
1048	p. 1-131	https://image-tor.canadiana.ca/iiif/2/69429%2Fc0n00zp44p2c
1049	p. 1-132	https://image-tor.canadiana.ca/iiif/2/69429%2Fc0h707w6gw8h
1050	p. 1-133	https://image-tor.canadiana.ca/iiif/2/69429%2Fc0cf9j38v473
1051	p. 1-134	https://image-tor.canadiana.ca/iiif/2/69429%2Fc07p8tb16c8k
1052	p. 1-135	https://image-tor.canadiana.ca/iiif/2/69429%2Fc0416sx6cr8m
1053	p. 1-136	https://image-tor.canadiana.ca/iiif/2/69429%2Fc0086348r06j
1054	p. 1-137	https://image-tor.canadiana.ca/iiif/2/69429%2Fc0vh5cc13p76
1055	p. 1-138	https://image-tor.canadiana.ca/iiif/2/69429%2Fc0qr4nk3fx3n
1056	p. 1-139	https://image-tor.canadiana.ca/iiif/2/69429%2Fc0m03xs5t513
1057	p. 1-140	https://image-tor.canadiana.ca/iiif/2/69429%2Fc0g737085d0k
1058	p. 1-141	https://image-tor.canadiana.ca/iiif/2/69429%2Fc0bg2h70hn00
1059	p. 1-142	https://image-tor.canadiana.ca/iiif/2/69429%2Fc06t0gt5q107
1060	p. 1-143	https://image-tor.canadiana.ca/iiif/2/69429%2Fc0319s18278t
1061	p. 1-144	https://image-tor.canadiana.ca/iiif/2/69429%2Fc0z89280dx8s
1062	p. 1-145	https://image-tor.canadiana.ca/iiif/2/69429%2Fc0th8bg2s54r
1063	p. 1-146	https://image-tor.canadiana.ca/iiif/2/69429%2Fc0pr7mp54d18
1064	p. 1-147	https://image-tor.canadiana.ca/iiif/2/69429%2Fc0k06ww7gn1c
1065	p. 1-148	https://image-tor.canadiana.ca/iiif/2/69429%2Fc0f76639tw0c
1066	p. 1-149	https://image-tor.canadiana.ca/iiif/2/69429%2Fc09k45q5182w
1067	p. 1-150	https://image-tor.canadiana.ca/iiif/2/69429%2Fc05t3fx7ch13
1068	p. 1-151	https://image-tor.canadiana.ca/iiif/2/69429%2Fc0222r49qq85
1069	p. 1-152	https://image-tor.canadiana.ca/iiif/2/69429%2Fc0x921c23d7j
1070	p. 1-153	https://image-tor.canadiana.ca/iiif/2/69429%2Fc0sj19k4fn55
1071	p. 1-154	https://image-tor.canadiana.ca/iiif/2/69429%2Fc0ns0ks6sw6j
1072	p. 1-155	https://image-tor.canadiana.ca/iiif/2/69429%2Fc0j09w09545x
1073	p. 1-156	https://image-tor.canadiana.ca/iiif/2/69429%2Fc0db7vm4bh58
1074	p. 1-157	https://image-tor.canadiana.ca/iiif/2/69429%2Fc08k74t6pr2p
1075	p. 1-158	https://image-tor.canadiana.ca/iiif/2/69429%2Fc04t6f192019
1076	p. 1-159	https://image-tor.canadiana.ca/iiif/2/69429%2Fc0125q81d670
1077	p. 1-160	https://image-tor.canadiana.ca/iiif/2/69429%2Fc0w950g3rw7b
1078	p. 1-161	https://image-tor.canadiana.ca/iiif/2/69429%2Fc0rj48p64474
1079	p. 1-162	https://image-tor.canadiana.ca/iiif/2/69429%2Fc0ms3jw8gc7x
1080	p. 1-163	https://image-tor.canadiana.ca/iiif/2/69429%2Fc0h41jh3nr70
1081	p. 1-164	https://image-tor.canadiana.ca/iiif/2/69429%2Fc0cc0tq6105m
1082	p. 1-165	https://image-tor.canadiana.ca/iiif/2/69429%2Fc07m03x8c721
1083	p. 1-166	https://image-tor.canadiana.ca/iiif/2/69429%2Fc03t9d50qf88
1084	p. 1-167	https://image-tor.canadiana.ca/iiif/2/69429%2Fc0028pc32p78
1085	p. 1-168	https://image-tor.canadiana.ca/iiif/2/69429%2Fc0v97zk5fd06
1086	p. 1-169	https://image-tor.canadiana.ca/iiif/2/69429%2Fc0qn5z60ms1j
1087	p. 1-170	https://image-tor.canadiana.ca/iiif/2/69429%2Fc0kw57d30104
1088	p. 1-171	https://image-tor.canadiana.ca/iiif/2/69429%2Fc0g44hm5b79z
1089	p. 1-172	https://image-tor.canadiana.ca/iiif/2/69429%2Fc0bc3st7pg5d
1090	p. 1-173	https://image-tor.canadiana.ca/iiif/2/69429%2Fc06m33201q2b
1091	p. 1-174	https://image-tor.canadiana.ca/iiif/2/69429%2Fc02v2c82cz0z
1092	p. 1-175	https://image-tor.canadiana.ca/iiif/2/69429%2Fc0z31ng4rn3h
1093	p. 1-176	https://image-tor.canadiana.ca/iiif/2/69429%2Fc0td9n29z121
1094	p. 1-177	https://image-tor.canadiana.ca/iiif/2/69429%2Fc0pn8x92983h
1095	p. 1-178	https://image-tor.canadiana.ca/iiif/2/69429%2Fc0jw86h4nh1h
1096	p. 1-179	https://image-tor.canadiana.ca/iiif/2/69429%2Fc0f47gq70q8n
1097	p. 1-180	https://image-tor.canadiana.ca/iiif/2/69429%2Fc09c6rx9bz43
1098	p. 1-181	https://image-tor.canadiana.ca/iiif/2/69429%2Fc05m6251q62n
1099	p. 1-182	https://image-tor.canadiana.ca/iiif/2/69429%2Fc01v5bc42f1b
1100	p. 1-183	https://image-tor.canadiana.ca/iiif/2/69429%2Fc0x639z9885d
1101	p. 1-184	https://image-tor.canadiana.ca/iiif/2/69429%2Fc0sf2m61mh4n
1102	p. 1-185	https://image-tor.canadiana.ca/iiif/2/69429%2Fc0np1wd3zr03
1103	p. 1-186	https://image-tor.canadiana.ca/iiif/2/69429%2Fc0hx15m69z79
1104	p. 1-187	https://image-tor.canadiana.ca/iiif/2/69429%2Fc0d50ft8p63k
1105	p. 1-188	https://image-tor.canadiana.ca/iiif/2/69429%2Fc08c9r211f2r
1106	p. 1-189	https://image-tor.canadiana.ca/iiif/2/69429%2Fc04m9183cp3h
1107	p. 1-190	https://image-tor.canadiana.ca/iiif/2/69429%2Fc00z70v8k26h
1108	p. 1-191	https://image-tor.canadiana.ca/iiif/2/69429%2Fc0w66930xr6t
1109	p. 1-192	https://image-tor.canadiana.ca/iiif/2/69429%2Fc0rf5k93904f
1110	p. 1-193	https://image-tor.canadiana.ca/iiif/2/69429%2Fc0mp4vh5n70w
1111	p. 1-194	https://image-tor.canadiana.ca/iiif/2/69429%2Fc0gx44q80f73
1112	p. 1-195	https://image-tor.canadiana.ca/iiif/2/69429%2Fc0c53dz0bp5n
1113	p. 1-196	https://image-tor.canadiana.ca/iiif/2/69429%2Fc07d2q52px6f
1114	p. 1-197	https://image-tor.canadiana.ca/iiif/2/69429%2Fc03r0pr7w978
1115	p. 1-198	https://image-tor.canadiana.ca/iiif/2/69429%2Fc00000007j6p
1116	p. 1-199	https://image-tor.canadiana.ca/iiif/2/69429%2Fc0v69862m751
1117	p. 1-200	https://image-tor.canadiana.ca/iiif/2/69429%2Fc0qf8jd4zg22
1118	p. 1-201	https://image-tor.canadiana.ca/iiif/2/69429%2Fc0kp7tm79p89
1119	p. 1-202	https://image-tor.canadiana.ca/iiif/2/69429%2Fc0fx73t9nx8g
1120	p. 1-203	https://image-tor.canadiana.ca/iiif/2/69429%2Fc0b56d221571
1121	p. 1-204	https://image-tor.canadiana.ca/iiif/2/69429%2Fc06h4cn76j8b
1122	p. 1-205	https://image-tor.canadiana.ca/iiif/2/69429%2Fc02r3nv9js7j
1123	p. 1-206	https://image-tor.canadiana.ca/iiif/2/69429%2Fc0z02z31xg56
1124	p. 1-207	https://image-tor.canadiana.ca/iiif/2/69429%2Fc0t727948q3p
1125	p. 1-208	https://image-tor.canadiana.ca/iiif/2/69429%2Fc0pg1hh6mx9f
1126	p. 1-209	https://image-tor.canadiana.ca/iiif/2/69429%2Fc0jq0sq9058n
1127	p. 1-210	https://image-tor.canadiana.ca/iiif/2/69429%2Fc0dz02z1bd91
1128	p. 1-211	https://image-tor.canadiana.ca/iiif/2/69429%2Fc09882j6ht1s
1129	p. 1-212	https://image-tor.canadiana.ca/iiif/2/69429%2Fc05h7br8w197
1130	p. 1-213	https://image-tor.canadiana.ca/iiif/2/69429%2Fc01r6n01787c
1131	p. 1-214	https://image-tor.canadiana.ca/iiif/2/69429%2Fc0x05x63kz5g
1132	p. 1-215	https://image-tor.canadiana.ca/iiif/2/69429%2Fc0s756d5z62d
1133	p. 1-216	https://image-tor.canadiana.ca/iiif/2/69429%2Fc0ng4gm89f2p
1134	p. 1-217	https://image-tor.canadiana.ca/iiif/2/69429%2Fc0hq3rv0np23
1135	p. 1-218	https://image-tor.canadiana.ca/iiif/2/69429%2Fc0d21rf5v23n
1136	p. 1-219	https://image-tor.canadiana.ca/iiif/2/69429%2Fc08911n8692q
1137	p. 1-220	https://image-tor.canadiana.ca/iiif/2/69429%2Fc04j09w0jh9p
1138	p. 1-221	https://image-tor.canadiana.ca/iiif/2/69429%2Fc00r9m32wr6k
1139	p. 1-222	https://image-tor.canadiana.ca/iiif/2/69429%2Fc0w08w958f4p
1140	p. 1-223	https://image-tor.canadiana.ca/iiif/2/69429%2Fc0r785h7mp5f
1141	p. 1-224	https://image-tor.canadiana.ca/iiif/2/69429%2Fc0mg7fq9zx4n
1142	p. 1-225	https://image-tor.canadiana.ca/iiif/2/69429%2Fc0gt5fb5594d
1143	p. 1-226	https://image-tor.canadiana.ca/iiif/2/69429%2Fc0c24qj7hj3x
1144	p. 1-227	https://image-tor.canadiana.ca/iiif/2/69429%2Fc07940r9vr92
1145	p. 1-228	https://image-tor.canadiana.ca/iiif/2/69429%2Fc03j39027064
1146	p. 1-229	https://image-tor.canadiana.ca/iiif/2/69429%2Fc0zs2k64kp63
1147	p. 1-230	https://image-tor.canadiana.ca/iiif/2/69429%2Fc0v11vd6xx66
1148	p. 1-231	https://image-tor.canadiana.ca/iiif/2/69429%2Fc0q814m9956c
1149	p. 1-232	https://image-tor.canadiana.ca/iiif/2/69429%2Fc0kk9474gj8r
1150	p. 1-233	https://image-tor.canadiana.ca/iiif/2/69429%2Fc0ft8df6ts5s
1151	p. 1-234	https://image-tor.canadiana.ca/iiif/2/69429%2Fc0b27pn9613q
1152	p. 1-235	https://image-tor.canadiana.ca/iiif/2/69429%2Fc0696zw1j793
1153	p. 1-236	https://image-tor.canadiana.ca/iiif/2/69429%2Fc02j6833wg6x
1154	p. 1-237	https://image-tor.canadiana.ca/iiif/2/69429%2Fc0xs5j96859n
1155	p. 1-238	https://image-tor.canadiana.ca/iiif/2/69429%2Fc0t43hx1fk0k
1156	p. 1-239	https://image-tor.canadiana.ca/iiif/2/69429%2Fc0pc2t43st0s
1157	p. 1-240	https://image-tor.canadiana.ca/iiif/2/69429%2Fc0jm23b6519p
1158	p. 1-241	https://image-tor.canadiana.ca/iiif/2/69429%2Fc0dv1cj8h854
1159	p. 1-242	https://image-tor.canadiana.ca/iiif/2/69429%2Fc0930ns0vh23
1160	p. 1-243	https://image-tor.canadiana.ca/iiif/2/69429%2Fc0599z036r02
1161	p. 1-244	https://image-tor.canadiana.ca/iiif/2/69429%2Fc01j9765k01b
1162	p. 1-245	https://image-tor.canadiana.ca/iiif/2/69429%2Fc0ww76t0rt2f
1163	unnumbered	https://image-tor.canadiana.ca/iiif/2/69429%2Fc0s46h13422z
1164	p. 1-2	https://image-tor.canadiana.ca/iiif/2/69429%2Fc0nc5s75g90k
1165	p. 1-3	https://image-tor.canadiana.ca/iiif/2/69429%2Fc0hm52f7th6q
1166	p. 1-4	https://image-tor.canadiana.ca/iiif/2/69429%2Fc0cv4bp05r3v
1167	p. 1-5	https://image-tor.canadiana.ca/iiif/2/69429%2Fc0833mw2j019
1168	p. 1-6	https://image-tor.canadiana.ca/iiif/2/69429%2Fc04b2x34w71h
1169	p. 1-7	https://image-tor.canadiana.ca/iiif/2/69429%2Fc00p0wq02m2x
1170	p. 1-8	https://image-tor.canadiana.ca/iiif/2/69429%2Fc0vx05x2f94z
1171	p. 1-9	https://image-tor.canadiana.ca/iiif/2/69429%2Fc0r49g44sj0k
1172	p. 1-10	https://image-tor.canadiana.ca/iiif/2/69429%2Fc0mc8rb74r80
1173	p. 1-11	https://image-tor.canadiana.ca/iiif/2/69429%2Fc0gm81j9h04b
1174	p. 1-12	https://image-tor.canadiana.ca/iiif/2/69429%2Fc0bv79s1v74r
1175	p. 1-13	https://image-tor.canadiana.ca/iiif/2/69429%2Fc0736m046g4r
1176	p. 1-14	https://image-tor.canadiana.ca/iiif/2/69429%2Fc03f4kk9cv6n
1177	p. 1-15	https://image-tor.canadiana.ca/iiif/2/69429%2Fc0zp3vt1rj6r
1178	p. 1-16	https://image-tor.canadiana.ca/iiif/2/69429%2Fc0tx35143s4n
1179	p. 1-17	https://image-tor.canadiana.ca/iiif/2/69429%2Fc0q52f76g10x
1180	p. 1-18	https://image-tor.canadiana.ca/iiif/2/69429%2Fc0kd1qf8t778
1181	p. 1-19	https://image-tor.canadiana.ca/iiif/2/69429%2Fc0fn10p15g5c
1182	p. 1-20	https://image-tor.canadiana.ca/iiif/2/69429%2Fc09w08w3hq6r
1183	p. 1-21	https://image-tor.canadiana.ca/iiif/2/69429%2Fc06688g8q37r
1184	p. 1-22	https://image-tor.canadiana.ca/iiif/2/69429%2Fc02f7jq12b62
1185	p. 1-23	https://image-tor.canadiana.ca/iiif/2/69429%2Fc0xp6tx3f15z
1186	p. 1-24	https://image-tor.canadiana.ca/iiif/2/69429%2Fc0sx6445s82s
1187	p. 1-25	https://image-tor.canadiana.ca/iiif/2/69429%2Fc0p55db84g9x
1188	p. 1-26	https://image-tor.canadiana.ca/iiif/2/69429%2Fc0jd4pk0gq75
1189	p. 1-27	https://image-tor.canadiana.ca/iiif/2/69429%2Fc0dn3zs2tz6c
1190	p. 1-28	https://image-tor.canadiana.ca/iiif/2/69429%2Fc0901zc81b9k
1191	p. 1-29	https://image-tor.canadiana.ca/iiif/2/69429%2Fc05717m0ck8s
1192	p. 1-30	https://image-tor.canadiana.ca/iiif/2/69429%2Fc01g0ht2qt47
1193	p. 1-31	https://image-tor.canadiana.ca/iiif/2/69429%2Fc0wp9t153h42
1194	p. 1-32	https://image-tor.canadiana.ca/iiif/2/69429%2Fc0rx9377fr0w
1195	p. 1-33	https://image-tor.canadiana.ca/iiif/2/69429%2Fc0n58cf9t00h
1196	p. 1-34	https://image-tor.canadiana.ca/iiif/2/69429%2Fc0hd7np2570d
1197	p. 1-35	https://image-tor.canadiana.ca/iiif/2/69429%2Fc0cr5n87bm14
1198	p. 1-36	https://image-tor.canadiana.ca/iiif/2/69429%2Fc0804xg9pv0n
1199	p. 1-37	https://image-tor.canadiana.ca/iiif/2/69429%2Fc04746q22270
1200	p. 1-38	https://image-tor.canadiana.ca/iiif/2/69429%2Fc00g3gx4d941
1201	p. 1-39	https://image-tor.canadiana.ca/iiif/2/69429%2Fc0vq2s46s02r
1202	p. 1-40	https://image-tor.canadiana.ca/iiif/2/69429%2Fc0qz22b9472d
1203	p. 1-41	https://image-tor.canadiana.ca/iiif/2/69429%2Fc0m61bk1gg3q
1204	p. 1-42	https://image-tor.canadiana.ca/iiif/2/69429%2Fc0gh9b56nv39
1205	p. 1-43	https://image-tor.canadiana.ca/iiif/2/69429%2Fc0br8mc9130b
1206	p. 1-44	https://image-tor.canadiana.ca/iiif/2/69429%2Fc0707wm1c986
1207	p. 1-45	https://image-tor.canadiana.ca/iiif/2/69429%2Fc03775t3qj41
1208	p. 1-46	https://image-tor.canadiana.ca/iiif/2/69429%2Fc0zg6g16373t
1209	p. 1-47	https://image-tor.canadiana.ca/iiif/2/69429%2Fc0tq5r78fg46
1210	p. 1-48	https://image-tor.canadiana.ca/iiif/2/69429%2Fc0pz51g0sq3d
1211	p. 1-49	https://image-tor.canadiana.ca/iiif/2/69429%2Fc0k931260351
1212	p. 1-50	https://image-tor.canadiana.ca/iiif/2/69429%2Fc0fj2988bb47
1213	p. 1-51	https://image-tor.canadiana.ca/iiif/2/69429%2Fc09s1kh0pk09
1214	p. 1-52	https://image-tor.canadiana.ca/iiif/2/69429%2Fc0610vq31s81
1215	p. 1-53	https://image-tor.canadiana.ca/iiif/2/69429%2Fc02804x5d14c
1216	p. 1-54	https://image-tor.canadiana.ca/iiif/2/69429%2Fc0xg9f47rq7z
1217	p. 1-55	https://image-tor.canadiana.ca/iiif/2/69429%2Fc0st7dr2z37t
1218	p. 1-56	https://image-tor.canadiana.ca/iiif/2/69429%2Fc0p26pz59b80
1219	p. 1-57	https://image-tor.canadiana.ca/iiif/2/69429%2Fc0j96057nk70
1220	p. 1-58	https://image-tor.canadiana.ca/iiif/2/69429%2Fc0dj58d00t44
1221	p. 1-59	https://image-tor.canadiana.ca/iiif/2/69429%2Fc08s4jm2c203
1222	p. 1-60	https://image-tor.canadiana.ca/iiif/2/69429%2Fc0513tt4q88b
1223	p. 1-61	https://image-tor.canadiana.ca/iiif/2/69429%2Fc01834172h8d
1224	p. 1-62	https://image-tor.canadiana.ca/iiif/2/69429%2Fc0wm13n28b91
1225	p. 1-63	https://image-tor.canadiana.ca/iiif/2/69429%2Fc0rv0cv4mm03
1226	p. 1-64	https://image-tor.canadiana.ca/iiif/2/69429%2Fc0n29p26zt7m
1227	p. 1-65	https://image-tor.canadiana.ca/iiif/2/69429%2Fc0h98z89b257
1228	p. 1-66	https://image-tor.canadiana.ca/iiif/2/69429%2Fc0cj87h1p91p
1229	p. 1-67	https://image-tor.canadiana.ca/iiif/2/69429%2Fc07s7hq41h8h
1230	p. 1-68	https://image-tor.canadiana.ca/iiif/2/69429%2Fc0416sx6cr96
1231	p. 1-69	https://image-tor.canadiana.ca/iiif/2/69429%2Fc00c4sj1k50r
1232	p. 1-70	https://image-tor.canadiana.ca/iiif/2/69429%2Fc0vm42r3xv1p
1233	p. 1-71	https://image-tor.canadiana.ca/iiif/2/69429%2Fc0qv3bz6929m
1234	p. 1-72	https://image-tor.canadiana.ca/iiif/2/69429%2Fc0m32n58n95s
1235	p. 1-73	https://image-tor.canadiana.ca/iiif/2/69429%2Fc0gb1xd10j2x
1236	p. 1-74	https://image-tor.canadiana.ca/iiif/2/69429%2Fc0bk16m3bs0x
1237	p. 1-75	https://image-tor.canadiana.ca/iiif/2/69429%2Fc06t0gt5q11t
1238	p. 1-76	https://image-tor.canadiana.ca/iiif/2/69429%2Fc0348gf0wd3h
1239	p. 1-77	https://image-tor.canadiana.ca/iiif/2/69429%2Fc0zc7rn3835n
1240	p. 1-78	https://image-tor.canadiana.ca/iiif/2/69429%2Fc0tm71v5mb22
1241	p. 1-79	https://image-tor.canadiana.ca/iiif/2/69429%2Fc0pv6b27zj9t
1242	p. 1-80	https://image-tor.canadiana.ca/iiif/2/69429%2Fc0k35m909s5p
1243	p. 1-81	https://image-tor.canadiana.ca/iiif/2/69429%2Fc0fb4wh2p13t
1244	p. 1-82	https://image-tor.canadiana.ca/iiif/2/69429%2Fc09k45q5183g
1245	p. 1-83	https://image-tor.canadiana.ca/iiif/2/69429%2Fc05x25b06n4t
1246	p. 1-84	https://image-tor.canadiana.ca/iiif/2/69429%2Fc0251fj2jw4x
1247	p. 1-85	https://image-tor.canadiana.ca/iiif/2/69429%2Fc0xd0qr4xk27
1248	p. 1-86	https://image-tor.canadiana.ca/iiif/2/69429%2Fc0sn00z78t0q
1249	p. 1-87	https://image-tor.canadiana.ca/iiif/2/69429%2Fc0nv9959n16v
1250	p. 1-88	https://image-tor.canadiana.ca/iiif/2/69429%2Fc0j38kd2085g
1251	p. 1-89	https://image-tor.canadiana.ca/iiif/2/69429%2Fc0db7vm4bh6v
1252	p. 1-90	https://image-tor.canadiana.ca/iiif/2/69429%2Fc08p5v69hw60
1253	p. 1-91	https://image-tor.canadiana.ca/iiif/2/69429%2Fc04x54f1w45q
1254	p. 1-92	https://image-tor.canadiana.ca/iiif/2/69429%2Fc0154dn47c34
1255	p. 1-93	https://image-tor.canadiana.ca/iiif/2/69429%2Fc0wd3pv6m221
1256	p. 1-94	https://image-tor.canadiana.ca/iiif/2/69429%2Fc0rn3028z895
1257	p. 1-95	https://image-tor.canadiana.ca/iiif/2/69429%2Fc0mw28919h7w
1258	p. 1-96	https://image-tor.canadiana.ca/iiif/2/69429%2Fc0h41jh3nr8k
1259	p. 1-97	https://image-tor.canadiana.ca/iiif/2/69429%2Fc0cf9j38v48p
1260	p. 1-98	https://image-tor.canadiana.ca/iiif/2/69429%2Fc07p8tb16c95
1261	p. 1-99	https://image-tor.canadiana.ca/iiif/2/69429%2Fc03x83j3jm6k
1262	p. 1-100	https://image-tor.canadiana.ca/iiif/2/69429%2Fc0057cr5wv3x
1263	p. 1-101	https://image-tor.canadiana.ca/iiif/2/69429%2Fc0vd6nz88j1q
1264	p. 1-102	https://image-tor.canadiana.ca/iiif/2/69429%2Fc0qn5z60ms24
1265	p. 1-103	https://image-tor.canadiana.ca/iiif/2/69429%2Fc0kw57d3011q
1266	p. 1-104	https://image-tor.canadiana.ca/iiif/2/69429%2Fc0g737085d15
1267	p. 1-105	https://image-tor.canadiana.ca/iiif/2/69429%2Fc0bg2h70hn1k
1268	p. 1-106	https://image-tor.canadiana.ca/iiif/2/69429%2Fc06q1sf2vv7b
1269	p. 1-107	https://image-tor.canadiana.ca/iiif/2/69429%2Fc02z12n5735b
1270	p. 1-108	https://image-tor.canadiana.ca/iiif/2/69429%2Fc0z60bv7ks3f
1271	p. 1-109	https://image-tor.canadiana.ca/iiif/2/69429%2Fc0td9n29z13m
1272	p. 1-110	https://image-tor.canadiana.ca/iiif/2/69429%2Fc0pn8x929843
1273	p. 1-111	https://image-tor.canadiana.ca/iiif/2/69429%2Fc0k06ww7gn2z
1274	p. 1-112	https://image-tor.canadiana.ca/iiif/2/69429%2Fc0f76639tw1z
1275	p. 1-113	https://image-tor.canadiana.ca/iiif/2/69429%2Fc09g5gb2639h
1276	p. 1-114	https://image-tor.canadiana.ca/iiif/2/69429%2Fc05q4rj4jb6j
1277	p. 1-115	https://image-tor.canadiana.ca/iiif/2/69429%2Fc01z41r6wk4j
1278	p. 1-116	https://image-tor.canadiana.ca/iiif/2/69429%2Fc0x639z98860
1279	p. 1-117	https://image-tor.canadiana.ca/iiif/2/69429%2Fc0sj19k4fn6r
1280	p. 1-118	https://image-tor.canadiana.ca/iiif/2/69429%2Fc0ns0ks6sw74
1281	p. 1-119	https://image-tor.canadiana.ca/iiif/2/69429%2Fc0j09w09546h
1282	p. 1-120	https://image-tor.canadiana.ca/iiif/2/69429%2Fc0d79571hc3j
1283	p. 1-121	https://image-tor.canadiana.ca/iiif/2/69429%2Fc08g8ff3vm0k
1284	p. 1-122	https://image-tor.canadiana.ca/iiif/2/69429%2Fc04q7qn66t6t
1285	p. 1-123	https://image-tor.canadiana.ca/iiif/2/69429%2Fc00z70v8k273
1286	p. 1-124	https://image-tor.canadiana.ca/iiif/2/69429%2Fc0w950g3rw8x
1287	p. 1-125	https://image-tor.canadiana.ca/iiif/2/69429%2Fc0rj48p6448q
1288	p. 1-126	https://image-tor.canadiana.ca/iiif/2/69429%2Fc0ms3jw8gc8h
1289	p. 1-127	https://image-tor.canadiana.ca/iiif/2/69429%2Fc0h12v40tm49
1290	p. 1-128	https://image-tor.canadiana.ca/iiif/2/69429%2Fc0c824b35v2s
1291	p. 1-129	https://image-tor.canadiana.ca/iiif/2/69429%2Fc07h1dj5j282
1292	p. 1-130	https://image-tor.canadiana.ca/iiif/2/69429%2Fc03r0pr7w98v
1293	p. 1-131	https://image-tor.canadiana.ca/iiif/2/69429%2Fc0028pc32p8v
1294	p. 1-132	https://image-tor.canadiana.ca/iiif/2/69429%2Fc0v97zk5fd1s
1295	p. 1-133	https://image-tor.canadiana.ca/iiif/2/69429%2Fc0qj77s7sm7x
1296	p. 1-134	https://image-tor.canadiana.ca/iiif/2/69429%2Fc0ks6j104v52
1297	p. 1-135	https://image-tor.canadiana.ca/iiif/2/69429%2Fc0g15t72h31b
1298	p. 1-136	https://image-tor.canadiana.ca/iiif/2/69429%2Fc0b853f4v99n
1299	p. 1-137	https://image-tor.canadiana.ca/iiif/2/69429%2Fc06h4cn76j9x
1300	p. 1-138	https://image-tor.canadiana.ca/iiif/2/69429%2Fc02v2c82cz1j
1301	p. 1-139	https://image-tor.canadiana.ca/iiif/2/69429%2Fc0z31ng4rn43
1302	p. 1-140	https://image-tor.canadiana.ca/iiif/2/69429%2Fc0tb0xp73w1m
1303	p. 1-141	https://image-tor.canadiana.ca/iiif/2/69429%2Fc0pk06w9g38v
1304	p. 1-142	https://image-tor.canadiana.ca/iiif/2/69429%2Fc0js9h41tb4s
1305	p. 1-143	https://image-tor.canadiana.ca/iiif/2/69429%2Fc0f18sb45k1m
1306	p. 1-144	https://image-tor.canadiana.ca/iiif/2/69429%2Fc09882j6ht2c
1307	p. 1-145	https://image-tor.canadiana.ca/iiif/2/69429%2Fc05m6251q637
1308	p. 1-146	https://image-tor.canadiana.ca/iiif/2/69429%2Fc01v5bc42f2x
1309	p. 1-147	https://image-tor.canadiana.ca/iiif/2/69429%2Fc0x34mk6f42q
1310	p. 1-148	https://image-tor.canadiana.ca/iiif/2/69429%2Fc0sb3ws8sb92
1311	p. 1-149	https://image-tor.canadiana.ca/iiif/2/69429%2Fc0nk36114k60
1312	p. 1-150	https://image-tor.canadiana.ca/iiif/2/69429%2Fc0ht2g73gt4m
1313	p. 1-151	https://image-tor.canadiana.ca/iiif/2/69429%2Fc0d21rf5v247
1314	p. 1-152	https://image-tor.canadiana.ca/iiif/2/69429%2Fc08c9r211f3b
1315	p. 1-153	https://image-tor.canadiana.ca/iiif/2/69429%2Fc04m9183cp43
1316	p. 1-154	https://image-tor.canadiana.ca/iiif/2/69429%2Fc00v89g5qx0j
1317	p. 1-155	https://image-tor.canadiana.ca/iiif/2/69429%2Fc0w37kp83m1d
1318	p. 1-156	https://image-tor.canadiana.ca/iiif/2/69429%2Fc0rb6vx0ft7s
1319	p. 1-157	https://image-tor.canadiana.ca/iiif/2/69429%2Fc0mk6542t25q
1320	p. 1-158	https://image-tor.canadiana.ca/iiif/2/69429%2Fc0gt5fb55950
1321	p. 1-159	https://image-tor.canadiana.ca/iiif/2/69429%2Fc0c53dz0bp67
1322	p. 1-160	https://image-tor.canadiana.ca/iiif/2/69429%2Fc07d2q52px71
1323	p. 1-161	https://image-tor.canadiana.ca/iiif/2/69429%2Fc03n20c5254f
1324	p. 1-162	https://image-tor.canadiana.ca/iiif/2/69429%2Fc0zw18k7dv3t
1325	p. 1-163	https://image-tor.canadiana.ca/iiif/2/69429%2Fc0v40js9s29d
1326	p. 1-164	https://image-tor.canadiana.ca/iiif/2/69429%2Fc0qb9v12498k
1327	p. 1-165	https://image-tor.canadiana.ca/iiif/2/69429%2Fc0kk9474gj9b
1328	p. 1-166	https://image-tor.canadiana.ca/iiif/2/69429%2Fc0fx73t9nx92
1329	p. 1-167	https://image-tor.canadiana.ca/iiif/2/69429%2Fc0b56d22158m
1330	p. 1-168	https://image-tor.canadiana.ca/iiif/2/69429%2Fc06d5p84cd67
1331	p. 1-169	https://image-tor.canadiana.ca/iiif/2/69429%2Fc02n4zg6qn38
1332	p. 1-170	https://image-tor.canadiana.ca/iiif/2/69429%2Fc0xw47p93b21
1333	p. 1-171	https://image-tor.canadiana.ca/iiif/2/69429%2Fc0t43hx1fk15
1334	p. 1-172	https://image-tor.canadiana.ca/iiif/2/69429%2Fc0pc2t43st1c
1335	p. 1-173	https://image-tor.canadiana.ca/iiif/2/69429%2Fc0jq0sq90597
1336	p. 1-174	https://image-tor.canadiana.ca/iiif/2/69429%2Fc0dz02z1bf09
1337	p. 1-175	https://image-tor.canadiana.ca/iiif/2/69429%2Fc0959c53pn67
1338	p. 1-176	https://image-tor.canadiana.ca/iiif/2/69429%2Fc05d8nc61w4b
1339	p. 1-177	https://image-tor.canadiana.ca/iiif/2/69429%2Fc01n7xk8d409
1340	p. 1-178	https://image-tor.canadiana.ca/iiif/2/69429%2Fc0ww76t0rt31
1341	p. 1-179	https://image-tor.canadiana.ca/iiif/2/69429%2Fc0s46h13423j
1342	p. 1-180	https://image-tor.canadiana.ca/iiif/2/69429%2Fc0ng4gm89f38
1343	p. 1-181	https://image-tor.canadiana.ca/iiif/2/69429%2Fc0hq3rv0np3p
1344	p. 1-182	https://image-tor.canadiana.ca/iiif/2/69429%2Fc0cz32230x00
1345	p. 1-183	https://image-tor.canadiana.ca/iiif/2/69429%2Fc0862b85c475
1346	p. 1-184	https://image-tor.canadiana.ca/iiif/2/69429%2Fc04f1mg7qc3m
1347	p. 1-185	https://image-tor.canadiana.ca/iiif/2/69429%2Fc00p0wq02m3h
1348	p. 1-186	https://image-tor.canadiana.ca/iiif/2/69429%2Fc0w08w958f58
1349	p. 1-187	https://image-tor.canadiana.ca/iiif/2/69429%2Fc0r785h7mp61
1350	p. 1-188	https://image-tor.canadiana.ca/iiif/2/69429%2Fc0mg7fq9zx57
1351	unnumbered	https://image-tor.canadiana.ca/iiif/2/69429%2Fc0gq6qz2b53g
1352	p. 1-2	https://image-tor.canadiana.ca/iiif/2/69429%2Fc0bz6154pc91
1353	p. 1-3	https://image-tor.canadiana.ca/iiif/2/69429%2Fc07659c71m6v
1354	p. 1-4	https://image-tor.canadiana.ca/iiif/2/69429%2Fc03f4kk9cv77
1355	p. 1-5	https://image-tor.canadiana.ca/iiif/2/69429%2Fc0zs2k64kp7p
1356	p. 1-6	https://image-tor.canadiana.ca/iiif/2/69429%2Fc0v11vd6xx7s
1357	p. 1-7	https://image-tor.canadiana.ca/iiif/2/69429%2Fc0q814m9957z
1358	p. 1-8	https://image-tor.canadiana.ca/iiif/2/69429%2Fc0kh0dv1nd31
1359	p. 1-9	https://image-tor.canadiana.ca/iiif/2/69429%2Fc0fq9q240n10
1360	p. 1-10	https://image-tor.canadiana.ca/iiif/2/69429%2Fc09z9086bv74
1361	unnumbered	https://image-tor.canadiana.ca/iiif/2/69429%2Fc06688g8q38b
1362	p. 1-2	https://image-tor.canadiana.ca/iiif/2/69429%2Fc02j6833wg7h
1363	p. 1-3	https://image-tor.canadiana.ca/iiif/2/69429%2Fc0xs5j96860x
1364	p. 1-4	https://image-tor.canadiana.ca/iiif/2/69429%2Fc0t14th8md85
1365	p. 1-5	https://image-tor.canadiana.ca/iiif/2/69429%2Fc0p843r0zn56
1366	p. 1-6	https://image-tor.canadiana.ca/iiif/2/69429%2Fc0jh3cz39w2q
1367	p. 1-7	https://image-tor.canadiana.ca/iiif/2/69429%2Fc0dr2p55p408
1368	p. 1-8	https://image-tor.canadiana.ca/iiif/2/69429%2Fc0901zc81c0v
1369	p. 1-9	https://image-tor.canadiana.ca/iiif/2/69429%2Fc0599z036r1n
1370	p. 1-10	https://image-tor.canadiana.ca/iiif/2/69429%2Fc01j9765k02x
1371	p. 1-11	https://image-tor.canadiana.ca/iiif/2/69429%2Fc0ws8hd7xp0q
1372	p. 1-12	https://image-tor.canadiana.ca/iiif/2/69429%2Fc0s17sn08w82
1373	p. 1-13	https://image-tor.canadiana.ca/iiif/2/69429%2Fc0n872v2n44d
1374	p. 1-14	https://image-tor.canadiana.ca/iiif/2/69429%2Fc0hh6c250c1b
1375	p. 1-15	https://image-tor.canadiana.ca/iiif/2/69429%2Fc0cr5n87bm2q
1376	p. 1-16	https://image-tor.canadiana.ca/iiif/2/69429%2Fc0833mw2j02w
1377	p. 1-17	https://image-tor.canadiana.ca/iiif/2/69429%2Fc04b2x34w723
1378	p. 1-18	https://image-tor.canadiana.ca/iiif/2/69429%2Fc00k26977g0k
1379	p. 1-19	https://image-tor.canadiana.ca/iiif/2/69429%2Fc0vt1gh9m502
1380	p. 1-20	https://image-tor.canadiana.ca/iiif/2/69429%2Fc0r20rr1zc7b
1381	p. 1-21	https://image-tor.canadiana.ca/iiif/2/69429%2Fc0m901z49m3n
1382	p. 1-22	https://image-tor.canadiana.ca/iiif/2/69429%2Fc0gh9b56nv4w
1383	p. 1-23	https://image-tor.canadiana.ca/iiif/2/69429%2Fc0bv79s1v75b
1384	p. 1-24	https://image-tor.canadiana.ca/iiif/2/69429%2Fc0736m046g5b
1385	p. 1-25	https://image-tor.canadiana.ca/iiif/2/69429%2Fc03b5w66jq2c
1386	p. 1-26	https://image-tor.canadiana.ca/iiif/2/69429%2Fc0zk55d8xd27
1387	p. 1-27	https://image-tor.canadiana.ca/iiif/2/69429%2Fc0tt4fn18m83
1388	p. 1-28	https://image-tor.canadiana.ca/iiif/2/69429%2Fc0q23qv3mv61
1389	p. 1-29	https://image-tor.canadiana.ca/iiif/2/69429%2Fc0k93126036m
1390	p. 1-30	https://image-tor.canadiana.ca/iiif/2/69429%2Fc0fn10p15g6z
1391	p. 1-31	https://image-tor.canadiana.ca/iiif/2/69429%2Fc09w08w3hq7b
1392	p. 1-32	https://image-tor.canadiana.ca/iiif/2/69429%2Fc0639k35vz3z
1393	p. 1-33	https://image-tor.canadiana.ca/iiif/2/69429%2Fc02b8v987625
1394	p. 1-34	https://image-tor.canadiana.ca/iiif/2/69429%2Fc0xk84j0kw0z
1395	p. 1-35	https://image-tor.canadiana.ca/iiif/2/69429%2Fc0st7dr2z38d
1396	p. 1-36	https://image-tor.canadiana.ca/iiif/2/69429%2Fc0p26pz59b9k
1397	p. 1-37	https://image-tor.canadiana.ca/iiif/2/69429%2Fc0jd4pk0gq8r
1398	p. 1-38	https://image-tor.canadiana.ca/iiif/2/69429%2Fc0dn3zs2tz7z
1399	p. 1-39	https://image-tor.canadiana.ca/iiif/2/69429%2Fc08w3805665c
1400	p. 1-40	https://image-tor.canadiana.ca/iiif/2/69429%2Fc0542j67jf2q
1401	p. 1-41	https://image-tor.canadiana.ca/iiif/2/69429%2Fc01c1td9wn92
1402	p. 1-42	https://image-tor.canadiana.ca/iiif/2/69429%2Fc0wm13n28c09
1403	p. 1-43	https://image-tor.canadiana.ca/iiif/2/69429%2Fc0rv0cv4mm1p
1404	p. 1-44	https://image-tor.canadiana.ca/iiif/2/69429%2Fc0n58cf9t013
1405	p. 1-45	https://image-tor.canadiana.ca/iiif/2/69429%2Fc0hd7np25710
1406	p. 1-46	https://image-tor.canadiana.ca/iiif/2/69429%2Fc0cn6xw4hf8b
1407	p. 1-47	https://image-tor.canadiana.ca/iiif/2/69429%2Fc07w6736vp55
1408	p. 1-48	https://image-tor.canadiana.ca/iiif/2/69429%2Fc0445h996x20
1409	p. 1-49	https://image-tor.canadiana.ca/iiif/2/69429%2Fc00c4sj1k51b
1410	p. 1-50	https://image-tor.canadiana.ca/iiif/2/69429%2Fc0vq2s46s03b
1411	p. 1-51	https://image-tor.canadiana.ca/iiif/2/69429%2Fc0qz22b94730
1412	p. 1-52	https://image-tor.canadiana.ca/iiif/2/69429%2Fc0m61bk1gg49
1413	p. 1-53	https://image-tor.canadiana.ca/iiif/2/69429%2Fc0gf0ms3tq0r
1414	p. 1-54	https://image-tor.canadiana.ca/iiif/2/69429%2Fc0bn9x065x81
1415	p. 1-55	https://image-tor.canadiana.ca/iiif/2/69429%2Fc06w9668j54c
1416	p. 1-56	https://image-tor.canadiana.ca/iiif/2/69429%2Fc0348gf0wd43
1417	p. 1-57	https://image-tor.canadiana.ca/iiif/2/69429%2Fc0zg6g16374d
1418	p. 1-58	https://image-tor.canadiana.ca/iiif/2/69429%2Fc0tq5r78fg5s
1419	p. 1-59	https://image-tor.canadiana.ca/iiif/2/69429%2Fc0pz51g0sq40
1420	p. 1-60	https://image-tor.canadiana.ca/iiif/2/69429%2Fc0k649p34z2d
1421	p. 1-61	https://image-tor.canadiana.ca/iiif/2/69429%2Fc0ff3kw5h598
1422	p. 1-62	https://image-tor.canadiana.ca/iiif/2/69429%2Fc09p2w37vd6q
1423	p. 1-63	https://image-tor.canadiana.ca/iiif/2/69429%2Fc05x25b06n5d
1424	p. 1-64	https://image-tor.canadiana.ca/iiif/2/69429%2Fc02804x5d15z
1425	p. 1-65	https://image-tor.canadiana.ca/iiif/2/69429%2Fc0xg9f47rq8j
1426	p. 1-66	https://image-tor.canadiana.ca/iiif/2/69429%2Fc0sq8qc03z68
1427	p. 1-67	https://image-tor.canadiana.ca/iiif/2/69429%2Fc0nz80k2g636
1428	p. 1-68	https://image-tor.canadiana.ca/iiif/2/69429%2Fc0j678s4td98
1429	p. 1-69	https://image-tor.canadiana.ca/iiif/2/69429%2Fc0df6k075n66
1430	p. 1-70	https://image-tor.canadiana.ca/iiif/2/69429%2Fc08p5v69hw7k
1431	p. 1-71	https://image-tor.canadiana.ca/iiif/2/69429%2Fc0513tt4q89x
1432	p. 1-72	https://image-tor.canadiana.ca/iiif/2/69429%2Fc01834172h90
1433	p. 1-73	https://image-tor.canadiana.ca/iiif/2/69429%2Fc0wh2d79f69g
1434	p. 1-74	https://image-tor.canadiana.ca/iiif/2/69429%2Fc0rr1pg1sf5j
1435	p. 1-75	https://image-tor.canadiana.ca/iiif/2/69429%2Fc0n00zp44p3z
1436	p. 1-76	https://image-tor.canadiana.ca/iiif/2/69429%2Fc0h707w6gw93
1437	p. 1-77	https://image-tor.canadiana.ca/iiif/2/69429%2Fc0cf9j38v498
1438	p. 1-78	https://image-tor.canadiana.ca/iiif/2/69429%2Fc07s7hq41h93
1439	p. 1-79	https://image-tor.canadiana.ca/iiif/2/69429%2Fc0416sx6cs0g
1440	p. 1-80	https://image-tor.canadiana.ca/iiif/2/69429%2Fc0086348r074
1441	p. 1-81	https://image-tor.canadiana.ca/iiif/2/69429%2Fc0vh5cc13p8s
1442	p. 1-82	https://image-tor.canadiana.ca/iiif/2/69429%2Fc0qr4nk3fx47
1443	p. 1-83	https://image-tor.canadiana.ca/iiif/2/69429%2Fc0m03xs5t52p
1444	p. 1-84	https://image-tor.canadiana.ca/iiif/2/69429%2Fc0g737085d2r
1445	p. 1-85	https://image-tor.canadiana.ca/iiif/2/69429%2Fc0bk16m3bs1h
1446	p. 1-86	https://image-tor.canadiana.ca/iiif/2/69429%2Fc06t0gt5q12d
1447	p. 1-87	https://image-tor.canadiana.ca/iiif/2/69429%2Fc0319s18279d
1448	p. 1-88	https://image-tor.canadiana.ca/iiif/2/69429%2Fc0z89280dx9c
1449	p. 1-89	https://image-tor.canadiana.ca/iiif/2/69429%2Fc0th8bg2s55b
1450	p. 1-90	https://image-tor.canadiana.ca/iiif/2/69429%2Fc0pr7mp54d2v
1451	p. 1-91	https://image-tor.canadiana.ca/iiif/2/69429%2Fc0k06ww7gn3j
1452	p. 1-92	https://image-tor.canadiana.ca/iiif/2/69429%2Fc0fb4wh2p14d
1453	p. 1-93	https://image-tor.canadiana.ca/iiif/2/69429%2Fc09k45q51842
1454	p. 1-94	https://image-tor.canadiana.ca/iiif/2/69429%2Fc05t3fx7ch2p
1455	p. 1-95	https://image-tor.canadiana.ca/iiif/2/69429%2Fc0222r49qq9r
1456	p. 1-96	https://image-tor.canadiana.ca/iiif/2/69429%2Fc0x921c23d84
1457	p. 1-97	https://image-tor.canadiana.ca/iiif/2/69429%2Fc0sj19k4fn7b
1458	p. 1-98	https://image-tor.canadiana.ca/iiif/2/69429%2Fc0ns0ks6sw8q
1459	p. 1-99	https://image-tor.canadiana.ca/iiif/2/69429%2Fc0j38kd20862
1460	p. 1-100	https://image-tor.canadiana.ca/iiif/2/69429%2Fc0db7vm4bh7f
1461	p. 1-101	https://image-tor.canadiana.ca/iiif/2/69429%2Fc08k74t6pr38
1462	p. 1-102	https://image-tor.canadiana.ca/iiif/2/69429%2Fc04t6f19202w
1463	p. 1-103	https://image-tor.canadiana.ca/iiif/2/69429%2Fc0125q81d68k
1464	p. 1-104	https://image-tor.canadiana.ca/iiif/2/69429%2Fc0w950g3rw9h
1465	p. 1-105	https://image-tor.canadiana.ca/iiif/2/69429%2Fc0rj48p64499
1466	p. 1-106	https://image-tor.canadiana.ca/iiif/2/69429%2Fc0mw28919h8g
1467	p. 1-107	https://image-tor.canadiana.ca/iiif/2/69429%2Fc0h41jh3nr95
1468	p. 1-108	https://image-tor.canadiana.ca/iiif/2/69429%2Fc0cc0tq61066
1469	p. 1-109	https://image-tor.canadiana.ca/iiif/2/69429%2Fc07m03x8c73m
1470	p. 1-110	https://image-tor.canadiana.ca/iiif/2/69429%2Fc03t9d50qf9v
1471	p. 1-111	https://image-tor.canadiana.ca/iiif/2/69429%2Fc0028pc32p9f
1472	p. 1-112	https://image-tor.canadiana.ca/iiif/2/69429%2Fc0vd6nz88j29
1473	p. 1-113	https://image-tor.canadiana.ca/iiif/2/69429%2Fc0qn5z60ms3q
1474	p. 1-114	https://image-tor.canadiana.ca/iiif/2/69429%2Fc0kw57d30129
1475	p. 1-115	https://image-tor.canadiana.ca/iiif/2/69429%2Fc0g44hm5b807
1476	p. 1-116	https://image-tor.canadiana.ca/iiif/2/69429%2Fc0bc3st7pg60
1477	p. 1-117	https://image-tor.canadiana.ca/iiif/2/69429%2Fc06m33201q3x
1478	p. 1-118	https://image-tor.canadiana.ca/iiif/2/69429%2Fc02v2c82cz24
1479	p. 1-119	https://image-tor.canadiana.ca/iiif/2/69429%2Fc0z60bv7ks41
1480	p. 1-120	https://image-tor.canadiana.ca/iiif/2/69429%2Fc0td9n29z146
1481	p. 1-121	https://image-tor.canadiana.ca/iiif/2/69429%2Fc0pn8x92985p
1482	p. 1-122	https://image-tor.canadiana.ca/iiif/2/69429%2Fc0jw86h4nh23
1483	p. 1-123	https://image-tor.canadiana.ca/iiif/2/69429%2Fc0f47gq70q97
1484	p. 1-124	https://image-tor.canadiana.ca/iiif/2/69429%2Fc09c6rx9bz5p
1485	p. 1-125	https://image-tor.canadiana.ca/iiif/2/69429%2Fc05m6251q64t
1486	p. 1-126	https://image-tor.canadiana.ca/iiif/2/69429%2Fc01z41r6wk54
1487	p. 1-127	https://image-tor.canadiana.ca/iiif/2/69429%2Fc0x639z9887k
1488	unnumbered	https://image-tor.canadiana.ca/iiif/2/69429%2Fc0sf2m61mh57
1489	blank page	https://image-tor.canadiana.ca/iiif/2/69429%2Fc0np1wd3zr1p
1490	index (p. 1-3)	https://image-tor.canadiana.ca/iiif/2/69429%2Fc0hx15m69z8w
1491	p. 1-4	https://image-tor.canadiana.ca/iiif/2/69429%2Fc0d50ft8p645
1492	p. 1-5	https://image-tor.canadiana.ca/iiif/2/69429%2Fc08c9r211f4x
1493	p. 1-6	https://image-tor.canadiana.ca/iiif/2/69429%2Fc04q7qn66t7d
1494	p. 1-7	https://image-tor.canadiana.ca/iiif/2/69429%2Fc00z70v8k28p
1495	p. 1-8	https://image-tor.canadiana.ca/iiif/2/69429%2Fc0w66930xr7d
1496	p. 1-9	https://image-tor.canadiana.ca/iiif/2/69429%2Fc0rf5k939051
1497	p. 1-10	https://image-tor.canadiana.ca/iiif/2/69429%2Fc0mp4vh5n71g
1498	unnumbered	https://image-tor.canadiana.ca/iiif/2/69429%2Fc0gx44q80f8p
1499	blank page	https://image-tor.canadiana.ca/iiif/2/69429%2Fc0c53dz0bp7t
1500	p. 1A-3	https://image-tor.canadiana.ca/iiif/2/69429%2Fc07h1dj5j29n
1501	p. 1A-4	https://image-tor.canadiana.ca/iiif/2/69429%2Fc03r0pr7w99f
1502	p. 1A-5	https://image-tor.canadiana.ca/iiif/2/69429%2Fc00000007j78
1503	p. 1A-6	https://image-tor.canadiana.ca/iiif/2/69429%2Fc0v69862m76m
1504	p. 1A-7	https://image-tor.canadiana.ca/iiif/2/69429%2Fc0qf8jd4zg3n
1505	p. 1A-8	https://image-tor.canadiana.ca/iiif/2/69429%2Fc0kp7tm79p9w
1506	p. 1A-9	https://image-tor.canadiana.ca/iiif/2/69429%2Fc0fx73t9nz0b
1507	p. 1A-10	https://image-tor.canadiana.ca/iiif/2/69429%2Fc0b853f4vb0x
1508	p. 1A-11	https://image-tor.canadiana.ca/iiif/2/69429%2Fc06h4cn76k06
1509	p. 1A-12	https://image-tor.canadiana.ca/iiif/2/69429%2Fc02r3nv9js84
1510	p. 1A-13	https://image-tor.canadiana.ca/iiif/2/69429%2Fc0z02z31xg6s
1511	p. 1A-14	https://image-tor.canadiana.ca/iiif/2/69429%2Fc0t727948q48
1512	p. 1A-15	https://image-tor.canadiana.ca/iiif/2/69429%2Fc0pg1hh6mz0q
1513	p. 1A-16	https://image-tor.canadiana.ca/iiif/2/69429%2Fc0jq0sq9060h
1514	p. 1A-17	https://image-tor.canadiana.ca/iiif/2/69429%2Fc0f18sb45k26
1515	p. 1A-18	https://image-tor.canadiana.ca/iiif/2/69429%2Fc09882j6ht3z
1516	p. 1A-19	https://image-tor.canadiana.ca/iiif/2/69429%2Fc05h7br8w20h
1517	p. 1A-20	https://image-tor.canadiana.ca/iiif/2/69429%2Fc01r6n01788z
1518	p. 1A-21	https://image-tor.canadiana.ca/iiif/2/69429%2Fc0x05x63kz62
1519	p. 1A-22	https://image-tor.canadiana.ca/iiif/2/69429%2Fc0s756d5z630
1520	p. 1A-23	https://image-tor.canadiana.ca/iiif/2/69429%2Fc0ng4gm89f4v
1521	p. 1A-24	https://image-tor.canadiana.ca/iiif/2/69429%2Fc0ht2g73gt56
1522	p. 1A-25	https://image-tor.canadiana.ca/iiif/2/69429%2Fc0d21rf5v25t
1523	p. 1A-26	https://image-tor.canadiana.ca/iiif/2/69429%2Fc08911n86939
1524	p. 1A-27	https://image-tor.canadiana.ca/iiif/2/69429%2Fc04j09w0jj0z
1525	p. 1A-28	https://image-tor.canadiana.ca/iiif/2/69429%2Fc00r9m32wr75
1526	p. 1A-29	https://image-tor.canadiana.ca/iiif/2/69429%2Fc0w08w958f6v
