1	technical data sheet	https://image-tor.canadiana.ca/iiif/2/69429%2Fc0q814m9998r
2	title page	https://image-tor.canadiana.ca/iiif/2/69429%2Fc0kk9474gp9j
3	unnumbered	https://image-tor.canadiana.ca/iiif/2/69429%2Fc0ft8df6tx6k
4	index (p. 1)	https://image-tor.canadiana.ca/iiif/2/69429%2Fc0b27pn9654h
5	p. 2	https://image-tor.canadiana.ca/iiif/2/69429%2Fc0696zw1jd0k
6	p. 3	https://image-tor.canadiana.ca/iiif/2/69429%2Fc02j6833wm7q
7	table of contents (p. 4)	https://image-tor.canadiana.ca/iiif/2/69429%2Fc0xs5j968b04
8	p. 5	https://image-tor.canadiana.ca/iiif/2/69429%2Fc0t14th8mj9z
9	p. 6	https://image-tor.canadiana.ca/iiif/2/69429%2Fc0pc2t43sz00
10	p. 7	https://image-tor.canadiana.ca/iiif/2/69429%2Fc0jm23b6559w
11	p. 8	https://image-tor.canadiana.ca/iiif/2/69429%2Fc0dv1cj8hd6x
12	p. 9	https://image-tor.canadiana.ca/iiif/2/69429%2Fc0930ns0vn3w
13	p. 10	https://image-tor.canadiana.ca/iiif/2/69429%2Fc0599z036w1v
14	p. 11	https://image-tor.canadiana.ca/iiif/2/69429%2Fc01j9765k424
15	p. 12	https://image-tor.canadiana.ca/iiif/2/69429%2Fc0ww76t0rz4t
16	p. 13	https://image-tor.canadiana.ca/iiif/2/69429%2Fc0s46h13464b
17	p. 14	https://image-tor.canadiana.ca/iiif/2/69429%2Fc0nc5s75gf2z
18	p. 15	https://image-tor.canadiana.ca/iiif/2/69429%2Fc0hm52f7tn83
19	p. 16	https://image-tor.canadiana.ca/iiif/2/69429%2Fc0cv4bp05w57
20	p. 17	https://image-tor.canadiana.ca/iiif/2/69429%2Fc0833mw2j43p
21	p. 18	https://image-tor.canadiana.ca/iiif/2/69429%2Fc04b2x34wc3w
22	p. 19	https://image-tor.canadiana.ca/iiif/2/69429%2Fc00p0wq02r3q
23	p. 20	https://image-tor.canadiana.ca/iiif/2/69429%2Fc0vx05x2ff5r
24	unnumbered	https://image-tor.canadiana.ca/iiif/2/69429%2Fc0r49g44sp2z
25	table of contents	https://image-tor.canadiana.ca/iiif/2/69429%2Fc0mc8rb74x02
26	p. 1-iii	https://image-tor.canadiana.ca/iiif/2/69429%2Fc0gm81j9h46q
27	p. 1-iv	https://image-tor.canadiana.ca/iiif/2/69429%2Fc0bv79s1vc5j
28	p. 1-v	https://image-tor.canadiana.ca/iiif/2/69429%2Fc0736m046m5j
29	p. 1-vi	https://image-tor.canadiana.ca/iiif/2/69429%2Fc03f4kk9d07z
30	p. 1-vii	https://image-tor.canadiana.ca/iiif/2/69429%2Fc0zp3vt1rp7j
31	p. 1-viii	https://image-tor.canadiana.ca/iiif/2/69429%2Fc0tx35143x5f
32	p. 1-ix	https://image-tor.canadiana.ca/iiif/2/69429%2Fc0q52f76g51q
33	p. 1-x	https://image-tor.canadiana.ca/iiif/2/69429%2Fc0kd1qf8tc82
34	p. 1-xi	https://image-tor.canadiana.ca/iiif/2/69429%2Fc0fn10p15m65
35	p. 1-xii	https://image-tor.canadiana.ca/iiif/2/69429%2Fc09w08w3hv7j
36	p. 1-xiii	https://image-tor.canadiana.ca/iiif/2/69429%2Fc06688g8q794
37	p. 1-xiv	https://image-tor.canadiana.ca/iiif/2/69429%2Fc02f7jq12g8f
38	p. 1-xv	https://image-tor.canadiana.ca/iiif/2/69429%2Fc0xp6tx3f57b
39	p. 1-xvi	https://image-tor.canadiana.ca/iiif/2/69429%2Fc0sx6445sd45
40	p. 1-xvii	https://image-tor.canadiana.ca/iiif/2/69429%2Fc0p55db84n10
41	p. 1-xviii	https://image-tor.canadiana.ca/iiif/2/69429%2Fc0jd4pk0gv9j
42	p. 1-xix	https://image-tor.canadiana.ca/iiif/2/69429%2Fc0dn3zs2v388
43	p. 1-xx	https://image-tor.canadiana.ca/iiif/2/69429%2Fc0901zc81h02
44	p. 1-xxi	https://image-tor.canadiana.ca/iiif/2/69429%2Fc05717m0cq9k
45	p. 1-xxii	https://image-tor.canadiana.ca/iiif/2/69429%2Fc01g0ht2qz51
46	p. 1-xxiii	https://image-tor.canadiana.ca/iiif/2/69429%2Fc0wp9t153n5v
47	p. 1-xxiv	https://image-tor.canadiana.ca/iiif/2/69429%2Fc0rx9377fw1p
48	p. 1-xxv	https://image-tor.canadiana.ca/iiif/2/69429%2Fc0n58cf9t419
49	p. 1-xxvi	https://image-tor.canadiana.ca/iiif/2/69429%2Fc0hd7np25c16
50	p. 1-xxvii	https://image-tor.canadiana.ca/iiif/2/69429%2Fc0cr5n87br2x
51	p. 1-xxviii	https://image-tor.canadiana.ca/iiif/2/69429%2Fc0804xg9q01z
52	p. 1-xxix	https://image-tor.canadiana.ca/iiif/2/69429%2Fc04746q2268s
53	p. 1-xxx	https://image-tor.canadiana.ca/iiif/2/69429%2Fc00g3gx4df5t
54	p. 1-xxxi	https://image-tor.canadiana.ca/iiif/2/69429%2Fc0vq2s46s43j
55	p. 1-xxxii	https://image-tor.canadiana.ca/iiif/2/69429%2Fc0qz22b94c2m
56	p. 1-xxxiii	https://image-tor.canadiana.ca/iiif/2/69429%2Fc0m61bk1gm3x
57	p. 1-xxxiv	https://image-tor.canadiana.ca/iiif/2/69429%2Fc0gh9b56p056
58	p. 1-xxxv	https://image-tor.canadiana.ca/iiif/2/69429%2Fc0br8mc9172q
59	p. 1-xxxvi	https://image-tor.canadiana.ca/iiif/2/69429%2Fc0707wm1cg08
60	p. 1-xxxvii	https://image-tor.canadiana.ca/iiif/2/69429%2Fc03775t3qp6d
61	p. 1-xxxviii	https://image-tor.canadiana.ca/iiif/2/69429%2Fc0zg6g163c56
62	p. 1-xxxix	https://image-tor.canadiana.ca/iiif/2/69429%2Fc0tq5r78fm50
63	p. 1-xl	https://image-tor.canadiana.ca/iiif/2/69429%2Fc0pz51g0sv46
64	p. 1-xli	https://image-tor.canadiana.ca/iiif/2/69429%2Fc0k93126076t
65	p. 1-xlii	https://image-tor.canadiana.ca/iiif/2/69429%2Fc0fj2988bg51
66	p. 1-xliii	https://image-tor.canadiana.ca/iiif/2/69429%2Fc09s1kh0pq13
67	p. 1-xliv	https://image-tor.canadiana.ca/iiif/2/69429%2Fc0610vq31x9t
68	p. 1-xlv	https://image-tor.canadiana.ca/iiif/2/69429%2Fc02804x5d555
69	p. 1-xlvi	https://image-tor.canadiana.ca/iiif/2/69429%2Fc0xg9f47rv8r
70	p. 1-xlvii	https://image-tor.canadiana.ca/iiif/2/69429%2Fc0sq8qc0437k
71	p. 1-xlviii	https://image-tor.canadiana.ca/iiif/2/69429%2Fc0p26pz59g86
72	p. 1-xlix	https://image-tor.canadiana.ca/iiif/2/69429%2Fc0j96057nq76
73	p. 1-l	https://image-tor.canadiana.ca/iiif/2/69429%2Fc0dj58d00z4b
74	p. 1-li	https://image-tor.canadiana.ca/iiif/2/69429%2Fc08s4jm2c609
75	p. 1-lii	https://image-tor.canadiana.ca/iiif/2/69429%2Fc0513tt4qd8j
76	p. 1-liii	https://image-tor.canadiana.ca/iiif/2/69429%2Fc01834172n8m
77	p. 1-liv	https://image-tor.canadiana.ca/iiif/2/69429%2Fc0wh2d79fb9p
78	p. 1-lv	https://image-tor.canadiana.ca/iiif/2/69429%2Fc0rv0cv4mr1w
79	p. 1-lvi	https://image-tor.canadiana.ca/iiif/2/69429%2Fc0n29p26zz8d
80	p. 1-lvii	https://image-tor.canadiana.ca/iiif/2/69429%2Fc0h98z89b661
81	p. 1-lviii	https://image-tor.canadiana.ca/iiif/2/69429%2Fc0cj87h1pf2g
82	p. 1-lix	https://image-tor.canadiana.ca/iiif/2/69429%2Fc07s7hq41n99
83	p. 1-lx	https://image-tor.canadiana.ca/iiif/2/69429%2Fc0416sx6cx0p
84	p. 1-lxi	https://image-tor.canadiana.ca/iiif/2/69429%2Fc00c4sj1k91j
85	p. 1-lxii	https://image-tor.canadiana.ca/iiif/2/69429%2Fc0vm42r3z020
86	p. 1-lxiii	https://image-tor.canadiana.ca/iiif/2/69429%2Fc0qv3bz6971p
87	p. 1-lxiv	https://image-tor.canadiana.ca/iiif/2/69429%2Fc0m32n58nf75
88	p. 1-lxv	https://image-tor.canadiana.ca/iiif/2/69429%2Fc0gb1xd10p49
89	p. 1-lxvi	https://image-tor.canadiana.ca/iiif/2/69429%2Fc0bk16m3bx29
90	p. 1-lxvii	https://image-tor.canadiana.ca/iiif/2/69429%2Fc06t0gt5q536
91	p. 1-lxviii	https://image-tor.canadiana.ca/iiif/2/69429%2Fc0348gf0wj3q
92	p. 1-lxix	https://image-tor.canadiana.ca/iiif/2/69429%2Fc0zc7rn3875v
93	p. 1-lxx	https://image-tor.canadiana.ca/iiif/2/69429%2Fc0tm71v5mg3v
94	p. 1-lxxi	https://image-tor.canadiana.ca/iiif/2/69429%2Fc0pv6b27zq09
95	p. 1-1	https://image-tor.canadiana.ca/iiif/2/69429%2Fc0k35m909x6g
96	p. 1-2	https://image-tor.canadiana.ca/iiif/2/69429%2Fc0fb4wh2p54m
97	p. 1-3	https://image-tor.canadiana.ca/iiif/2/69429%2Fc09k45q51d48
98	p. 1-4	https://image-tor.canadiana.ca/iiif/2/69429%2Fc05x25b06s5m
99	p. 1-5	https://image-tor.canadiana.ca/iiif/2/69429%2Fc0251fj2k157
100	p. 1-6	https://image-tor.canadiana.ca/iiif/2/69429%2Fc0xd0qr4xq31
101	p. 1-7	https://image-tor.canadiana.ca/iiif/2/69429%2Fc0sn00z78z23
102	p. 1-8	https://image-tor.canadiana.ca/iiif/2/69429%2Fc0nv9959n587
103	p. 1-9	https://image-tor.canadiana.ca/iiif/2/69429%2Fc0j38kd20d7v
104	p. 1-10	https://image-tor.canadiana.ca/iiif/2/69429%2Fc0db7vm4bn87
105	p. 1-11	https://image-tor.canadiana.ca/iiif/2/69429%2Fc08p5v69j18w
106	p. 1-12	https://image-tor.canadiana.ca/iiif/2/69429%2Fc04x54f1w873
107	p. 1-13	https://image-tor.canadiana.ca/iiif/2/69429%2Fc0154dn47h5h
108	p. 1-14	https://image-tor.canadiana.ca/iiif/2/69429%2Fc0wd3pv6m64d
109	p. 1-15	https://image-tor.canadiana.ca/iiif/2/69429%2Fc0rn3028zf17
110	p. 1-16	https://image-tor.canadiana.ca/iiif/2/69429%2Fc0mw28919n98
111	p. 1-17	https://image-tor.canadiana.ca/iiif/2/69429%2Fc0h41jh3nx0n
112	p. 1-18	https://image-tor.canadiana.ca/iiif/2/69429%2Fc0cf9j38v89g
113	p. 1-19	https://image-tor.canadiana.ca/iiif/2/69429%2Fc07p8tb16j0n
114	p. 1-20	https://image-tor.canadiana.ca/iiif/2/69429%2Fc03x83j3jr7c
115	p. 1-21	https://image-tor.canadiana.ca/iiif/2/69429%2Fc0057cr5x05t
116	p. 1-22	https://image-tor.canadiana.ca/iiif/2/69429%2Fc0vd6nz88p33
117	unnumbered	https://image-tor.canadiana.ca/iiif/2/69429%2Fc0qn5z60mx2b
118	p. 1-24	https://image-tor.canadiana.ca/iiif/2/69429%2Fc0kw57d3051x
119	p. 1-25	https://image-tor.canadiana.ca/iiif/2/69429%2Fc0g737085j3j
120	p. 1-26	https://image-tor.canadiana.ca/iiif/2/69429%2Fc0bg2h70hs3z
121	p. 1-27	https://image-tor.canadiana.ca/iiif/2/69429%2Fc06q1sf2w097
122	p. 1-28	https://image-tor.canadiana.ca/iiif/2/69429%2Fc02z12n5777q
123	p. 1-29	https://image-tor.canadiana.ca/iiif/2/69429%2Fc0z60bv7kx5t
124	p. 1-30	https://image-tor.canadiana.ca/iiif/2/69429%2Fc0td9n29z54d
125	p. 1-31	https://image-tor.canadiana.ca/iiif/2/69429%2Fc0pn8x929d5w
126	p. 1-32	https://image-tor.canadiana.ca/iiif/2/69429%2Fc0k06ww7gs4b
127	p. 1-33	https://image-tor.canadiana.ca/iiif/2/69429%2Fc0f76639v13v
128	p. 1-34	https://image-tor.canadiana.ca/iiif/2/69429%2Fc09g5gb2681k
129	p. 1-35	https://image-tor.canadiana.ca/iiif/2/69429%2Fc05q4rj4jg8x
130	p. 1-36	https://image-tor.canadiana.ca/iiif/2/69429%2Fc01z41r6wq6x
131	p. 1-37	https://image-tor.canadiana.ca/iiif/2/69429%2Fc0x639z98d7s
132	p. 1-38	https://image-tor.canadiana.ca/iiif/2/69429%2Fc0sf2m61mn61
133	p. 1-39	https://image-tor.canadiana.ca/iiif/2/69429%2Fc0ns0ks6t17v
134	p. 1-40	https://image-tor.canadiana.ca/iiif/2/69429%2Fc0j09w09586q
135	p. 1-41	https://image-tor.canadiana.ca/iiif/2/69429%2Fc0d79571hh3r
136	p. 1-42	https://image-tor.canadiana.ca/iiif/2/69429%2Fc08g8ff3vr0s
137	p. 1-43	https://image-tor.canadiana.ca/iiif/2/69429%2Fc04q7qn66z61
138	p. 1-44	https://image-tor.canadiana.ca/iiif/2/69429%2Fc00z70v8k679
139	p. 1-45	https://image-tor.canadiana.ca/iiif/2/69429%2Fc0w66930xw7m
140	p. 1-46	https://image-tor.canadiana.ca/iiif/2/69429%2Fc0rj48p6489h
141	p. 1-47	https://image-tor.canadiana.ca/iiif/2/69429%2Fc0ms3jw8gh99
142	p. 1-48	https://image-tor.canadiana.ca/iiif/2/69429%2Fc0h12v40tr53
143	p. 1-49	https://image-tor.canadiana.ca/iiif/2/69429%2Fc0c824b36033
144	p. 1-50	https://image-tor.canadiana.ca/iiif/2/69429%2Fc07h1dj5j69v
145	p. 1-51	https://image-tor.canadiana.ca/iiif/2/69429%2Fc03r0pr7wf9n
146	p. 1-52	https://image-tor.canadiana.ca/iiif/2/69429%2Fc0028pc32t9n
147	p. 1-53	https://image-tor.canadiana.ca/iiif/2/69429%2Fc0v97zk5fj2k
148	p. 1-54	https://image-tor.canadiana.ca/iiif/2/69429%2Fc0qj77s7sr99
149	p. 1-55	https://image-tor.canadiana.ca/iiif/2/69429%2Fc0ks6j10507z
150	p. 1-56	https://image-tor.canadiana.ca/iiif/2/69429%2Fc0g15t72h73q
151	p. 1-57	https://image-tor.canadiana.ca/iiif/2/69429%2Fc0b853f4vg1q
152	p. 1-58	https://image-tor.canadiana.ca/iiif/2/69429%2Fc06h4cn76q10
153	p. 1-59	https://image-tor.canadiana.ca/iiif/2/69429%2Fc02v2c82d318
154	p. 1-60	https://image-tor.canadiana.ca/iiif/2/69429%2Fc0z31ng4rs49
155	p. 1-61	https://image-tor.canadiana.ca/iiif/2/69429%2Fc0tb0xp7412x
156	p. 1-62	https://image-tor.canadiana.ca/iiif/2/69429%2Fc0pk06w9g79n
157	p. 1-63	https://image-tor.canadiana.ca/iiif/2/69429%2Fc0js9h41tg5k
158	p. 1-64	https://image-tor.canadiana.ca/iiif/2/69429%2Fc0f18sb45q2d
159	p. 1-65	https://image-tor.canadiana.ca/iiif/2/69429%2Fc09882j6hz35
160	p. 1-66	https://image-tor.canadiana.ca/iiif/2/69429%2Fc05m6251qb41
161	p. 1-67	https://image-tor.canadiana.ca/iiif/2/69429%2Fc01v5bc42k3q
162	p. 1-68	https://image-tor.canadiana.ca/iiif/2/69429%2Fc0x34mk6f83h
163	p. 1-69	https://image-tor.canadiana.ca/iiif/2/69429%2Fc0sb3ws8sh0j
164	p. 1-70	https://image-tor.canadiana.ca/iiif/2/69429%2Fc0nk36114q7s
165	p. 1-71	https://image-tor.canadiana.ca/iiif/2/69429%2Fc0ht2g73gz5d
166	p. 1-1	https://image-tor.canadiana.ca/iiif/2/69429%2Fc0d21rf5v651
167	p. 1-2	https://image-tor.canadiana.ca/iiif/2/69429%2Fc08c9r211k5q
168	p. 1-3	https://image-tor.canadiana.ca/iiif/2/69429%2Fc04m9183ct6g
169	p. 1-4	https://image-tor.canadiana.ca/iiif/2/69429%2Fc00v89g5r22f
170	p. 1-5	https://image-tor.canadiana.ca/iiif/2/69429%2Fc0w37kp83r3s
171	p. 1-6	https://image-tor.canadiana.ca/iiif/2/69429%2Fc0rb6vx0fz95
172	p. 1-7	https://image-tor.canadiana.ca/iiif/2/69429%2Fc0mk6542t673
173	p. 1-8	https://image-tor.canadiana.ca/iiif/2/69429%2Fc0gt5fb55f7c
174	p. 1-9	https://image-tor.canadiana.ca/iiif/2/69429%2Fc0c53dz0bt71
175	p. 1-10	https://image-tor.canadiana.ca/iiif/2/69429%2Fc07d2q52q28b
176	p. 1-11	https://image-tor.canadiana.ca/iiif/2/69429%2Fc03n20c52957
177	p. 1-12	https://image-tor.canadiana.ca/iiif/2/69429%2Fc0zw18k7f044
178	p. 1-13	https://image-tor.canadiana.ca/iiif/2/69429%2Fc0v40js9s70w
179	p. 1-14	https://image-tor.canadiana.ca/iiif/2/69429%2Fc0qb9v124f9c
180	p. 1-15	https://image-tor.canadiana.ca/iiif/2/69429%2Fc0kk9474gq0t
181	p. 1-16	https://image-tor.canadiana.ca/iiif/2/69429%2Fc0fx73t9p302
182	p. 1-17	https://image-tor.canadiana.ca/iiif/2/69429%2Fc0b56d22199d
183	p. 1-18	https://image-tor.canadiana.ca/iiif/2/69429%2Fc06d5p84cj71
184	p. 1-19	https://image-tor.canadiana.ca/iiif/2/69429%2Fc02n4zg6qs42
185	p. 1-20	https://image-tor.canadiana.ca/iiif/2/69429%2Fc0xw47p93g3t
186	p. 1-21	https://image-tor.canadiana.ca/iiif/2/69429%2Fc0t43hx1fq1c
187	p. 1-22	https://image-tor.canadiana.ca/iiif/2/69429%2Fc0pc2t43sz1k
188	p. 1-23	https://image-tor.canadiana.ca/iiif/2/69429%2Fc0jq0sq90b19
189	p. 1-24	https://image-tor.canadiana.ca/iiif/2/69429%2Fc0dz02z1bk2p
190	p. 1-25	https://image-tor.canadiana.ca/iiif/2/69429%2Fc0959c53ps8m
191	p. 1-26	https://image-tor.canadiana.ca/iiif/2/69429%2Fc05d8nc62167
192	p. 1-27	https://image-tor.canadiana.ca/iiif/2/69429%2Fc01n7xk8d82p
193	p. 1-28	https://image-tor.canadiana.ca/iiif/2/69429%2Fc0ww76t0rz5d
194	p. 1-29	https://image-tor.canadiana.ca/iiif/2/69429%2Fc0s46h13465x
195	p. 1-30	https://image-tor.canadiana.ca/iiif/2/69429%2Fc0ng4gm89k42
196	p. 1-31	https://image-tor.canadiana.ca/iiif/2/69429%2Fc0hq3rv0nt4g
197	p. 1-32	https://image-tor.canadiana.ca/iiif/2/69429%2Fc0cz32231219
198	p. 1-33	https://image-tor.canadiana.ca/iiif/2/69429%2Fc0862b85c88z
199	p. 1-34	https://image-tor.canadiana.ca/iiif/2/69429%2Fc04f1mg7qh4d
200	p. 1-35	https://image-tor.canadiana.ca/iiif/2/69429%2Fc00p0wq02r49
201	p. 1-36	https://image-tor.canadiana.ca/iiif/2/69429%2Fc0vx05x2ff6b
202	p. 1-37	https://image-tor.canadiana.ca/iiif/2/69429%2Fc0r785h7mt67
203	p. 1-38	https://image-tor.canadiana.ca/iiif/2/69429%2Fc0mg7fr00252
204	p. 1-39	https://image-tor.canadiana.ca/iiif/2/69429%2Fc0gq6qz2b93p
205	p. 1-40	https://image-tor.canadiana.ca/iiif/2/69429%2Fc0bz6154pj0h
206	p. 1-41	https://image-tor.canadiana.ca/iiif/2/69429%2Fc07659c71r7n
207	p. 1-42	https://image-tor.canadiana.ca/iiif/2/69429%2Fc03f4kk9d08j
208	p. 1-43	https://image-tor.canadiana.ca/iiif/2/69429%2Fc0zs2k64kt92
209	p. 1-44	https://image-tor.canadiana.ca/iiif/2/69429%2Fc0v11vd6z29p
210	p. 1-45	https://image-tor.canadiana.ca/iiif/2/69429%2Fc0q814m9999b
211	p. 1-46	https://image-tor.canadiana.ca/iiif/2/69429%2Fc0kh0dv1nj5d
212	p. 1-47	https://image-tor.canadiana.ca/iiif/2/69429%2Fc0fq9q240s3c
213	p. 1-48	https://image-tor.canadiana.ca/iiif/2/69429%2Fc09z9086c091
214	p. 1-49	https://image-tor.canadiana.ca/iiif/2/69429%2Fc06688g8q80d
215	p. 1-50	https://image-tor.canadiana.ca/iiif/2/69429%2Fc02j6833wm89
216	p. 1-51	https://image-tor.canadiana.ca/iiif/2/69429%2Fc0xs5j968b1q
217	p. 1-52	https://image-tor.canadiana.ca/iiif/2/69429%2Fc0t14th8mk07
218	p. 1-53	https://image-tor.canadiana.ca/iiif/2/69429%2Fc0p843r0zs7k
219	p. 1-54	https://image-tor.canadiana.ca/iiif/2/69429%2Fc0jh3cz3b14m
220	p. 1-55	https://image-tor.canadiana.ca/iiif/2/69429%2Fc0dr2p55p812
221	p. 1-56	https://image-tor.canadiana.ca/iiif/2/69429%2Fc0901zc81h1n
222	p. 1-57	https://image-tor.canadiana.ca/iiif/2/69429%2Fc0599z036w2f
223	p. 1-58	https://image-tor.canadiana.ca/iiif/2/69429%2Fc01j9765k43q
224	p. 1-59	https://image-tor.canadiana.ca/iiif/2/69429%2Fc0ws8hd7xt1h
225	p. 1-60	https://image-tor.canadiana.ca/iiif/2/69429%2Fc0s17sn0919c
226	p. 1-61	https://image-tor.canadiana.ca/iiif/2/69429%2Fc0n872v2n856
227	p. 1-62	https://image-tor.canadiana.ca/iiif/2/69429%2Fc0hh6c250h24
228	p. 1-63	https://image-tor.canadiana.ca/iiif/2/69429%2Fc0cr5n87br3h
229	p. 1-64	https://image-tor.canadiana.ca/iiif/2/69429%2Fc0833mw2j448
230	p. 1-65	https://image-tor.canadiana.ca/iiif/2/69429%2Fc04b2x34wc4g
231	p. 1-66	https://image-tor.canadiana.ca/iiif/2/69429%2Fc00k26977m2z
232	p. 1-67	https://image-tor.canadiana.ca/iiif/2/69429%2Fc0vt1gh9m92f
233	p. 1-68	https://image-tor.canadiana.ca/iiif/2/69429%2Fc0r20rr1zh9q
234	p. 1-69	https://image-tor.canadiana.ca/iiif/2/69429%2Fc0m901z49r51
235	p. 1-70	https://image-tor.canadiana.ca/iiif/2/69429%2Fc0gh9b56p06s
236	p. 1-71	https://image-tor.canadiana.ca/iiif/2/69429%2Fc0bv79s1vc64
237	p. 1-72	https://image-tor.canadiana.ca/iiif/2/69429%2Fc0736m046m64
238	p. 1-73	https://image-tor.canadiana.ca/iiif/2/69429%2Fc03b5w66jv35
239	p. 1-74	https://image-tor.canadiana.ca/iiif/2/69429%2Fc0zk55d8xj31
240	p. 1-75	https://image-tor.canadiana.ca/iiif/2/69429%2Fc0tt4fn18r9w
241	p. 1-76	https://image-tor.canadiana.ca/iiif/2/69429%2Fc0q23qv3n07b
242	p. 1-77	https://image-tor.canadiana.ca/iiif/2/69429%2Fc0k93126077d
243	p. 1-78	https://image-tor.canadiana.ca/iiif/2/69429%2Fc0fn10p15m7r
244	p. 1-79	https://image-tor.canadiana.ca/iiif/2/69429%2Fc09w08w3hv84
245	p. 1-80	https://image-tor.canadiana.ca/iiif/2/69429%2Fc0639k35w348
246	p. 1-81	https://image-tor.canadiana.ca/iiif/2/69429%2Fc02b8v987b3z
247	p. 1-82	https://image-tor.canadiana.ca/iiif/2/69429%2Fc0xk84j0m118
248	p. 1-83	https://image-tor.canadiana.ca/iiif/2/69429%2Fc0st7dr2z78m
249	p. 1-84	https://image-tor.canadiana.ca/iiif/2/69429%2Fc0p26pz59g9s
250	p. 1-85	https://image-tor.canadiana.ca/iiif/2/69429%2Fc0jd4pk0gw0t
251	p. 1-86	https://image-tor.canadiana.ca/iiif/2/69429%2Fc0dn3zs2v39v
252	p. 1-87	https://image-tor.canadiana.ca/iiif/2/69429%2Fc08w38056b7r
253	p. 1-88	https://image-tor.canadiana.ca/iiif/2/69429%2Fc0542j67jk43
254	p. 1-89	https://image-tor.canadiana.ca/iiif/2/69429%2Fc01c1td9wt14
255	p. 1-90	https://image-tor.canadiana.ca/iiif/2/69429%2Fc0wm13n28h13
256	p. 1-91	https://image-tor.canadiana.ca/iiif/2/69429%2Fc0rv0cv4mr2g
257	p. 1-92	https://image-tor.canadiana.ca/iiif/2/69429%2Fc0n58cf9t42w
258	p. 1-93	https://image-tor.canadiana.ca/iiif/2/69429%2Fc0hd7np25c2s
259	p. 1-94	https://image-tor.canadiana.ca/iiif/2/69429%2Fc0cn6xw4hk94
260	p. 1-95	https://image-tor.canadiana.ca/iiif/2/69429%2Fc07w6736vt6z
261	p. 1-96	https://image-tor.canadiana.ca/iiif/2/69429%2Fc0445h997239
262	p. 1-97	https://image-tor.canadiana.ca/iiif/2/69429%2Fc00c4sj1k924
263	p. 1-98	https://image-tor.canadiana.ca/iiif/2/69429%2Fc0vm42r3z03k
264	p. 1-99	https://image-tor.canadiana.ca/iiif/2/69429%2Fc0qz22b94c36
265	p. 1-100	https://image-tor.canadiana.ca/iiif/2/69429%2Fc0m61bk1gm4h
266	p. 1-101	https://image-tor.canadiana.ca/iiif/2/69429%2Fc0gf0ms3tv0z
267	p. 1-102	https://image-tor.canadiana.ca/iiif/2/69429%2Fc0bn9x06628r
268	p. 1-103	https://image-tor.canadiana.ca/iiif/2/69429%2Fc06w9668j94k
269	p. 1-104	https://image-tor.canadiana.ca/iiif/2/69429%2Fc0348gf0wj49
270	p. 1-105	https://image-tor.canadiana.ca/iiif/2/69429%2Fc0zc7rn3876f
271	p. 1-106	https://image-tor.canadiana.ca/iiif/2/69429%2Fc0tq5r78fm6k
272	p. 1-107	https://image-tor.canadiana.ca/iiif/2/69429%2Fc0pz51g0sv5s
273	p. 1-108	https://image-tor.canadiana.ca/iiif/2/69429%2Fc0k649p3533q
274	p. 1-109	https://image-tor.canadiana.ca/iiif/2/69429%2Fc0ff3kw5hb0r
275	p. 1-110	https://image-tor.canadiana.ca/iiif/2/69429%2Fc09p2w37vj7h
276	p. 1-111	https://image-tor.canadiana.ca/iiif/2/69429%2Fc05x25b06s66
277	p. 1-112	https://image-tor.canadiana.ca/iiif/2/69429%2Fc02804x5d56r
278	p. 1-113	https://image-tor.canadiana.ca/iiif/2/69429%2Fc0xg9f47rv9b
279	p. 1-114	https://image-tor.canadiana.ca/iiif/2/69429%2Fc0sq8qc04385
280	p. 1-115	https://image-tor.canadiana.ca/iiif/2/69429%2Fc0nz80k2gb5k
281	p. 1-116	https://image-tor.canadiana.ca/iiif/2/69429%2Fc0j678s4tk1b
282	p. 1-117	https://image-tor.canadiana.ca/iiif/2/69429%2Fc0df6k075s8k
283	p. 1-118	https://image-tor.canadiana.ca/iiif/2/69429%2Fc08p5v69j19g
284	p. 1-119	https://image-tor.canadiana.ca/iiif/2/69429%2Fc0513tt4qd94
285	p. 1-120	https://image-tor.canadiana.ca/iiif/2/69429%2Fc01834172n96
286	p. 1-121	https://image-tor.canadiana.ca/iiif/2/69429%2Fc0wh2d79fc0z
287	p. 1-122	https://image-tor.canadiana.ca/iiif/2/69429%2Fc0rr1pg1sk6b
288	p. 1-123	https://image-tor.canadiana.ca/iiif/2/69429%2Fc0n00zp44t4r
289	p. 1-124	https://image-tor.canadiana.ca/iiif/2/69429%2Fc0h707w6h203
290	p. 1-125	https://image-tor.canadiana.ca/iiif/2/69429%2Fc0cf9j38v90r
291	p. 1-126	https://image-tor.canadiana.ca/iiif/2/69429%2Fc07s7hq41p0k
292	p. 1-127	https://image-tor.canadiana.ca/iiif/2/69429%2Fc0416sx6cx18
293	p. 1-128	https://image-tor.canadiana.ca/iiif/2/69429%2Fc0086348r48x
294	p. 1-129	https://image-tor.canadiana.ca/iiif/2/69429%2Fc0vh5cc13t9k
295	p. 1-130	https://image-tor.canadiana.ca/iiif/2/69429%2Fc0qr4nk3g264
296	p. 1-131	https://image-tor.canadiana.ca/iiif/2/69429%2Fc0m03xs5t942
297	p. 1-132	https://image-tor.canadiana.ca/iiif/2/69429%2Fc0g737085j44
298	p. 1-133	https://image-tor.canadiana.ca/iiif/2/69429%2Fc0bk16m3bx3w
299	p. 1-134	https://image-tor.canadiana.ca/iiif/2/69429%2Fc06t0gt5q54s
300	p. 1-135	https://image-tor.canadiana.ca/iiif/2/69429%2Fc0319s182d1g
301	p. 1-136	https://image-tor.canadiana.ca/iiif/2/69429%2Fc0z89280f31z
302	p. 1-137	https://image-tor.canadiana.ca/iiif/2/69429%2Fc0th8bg2s97q
303	p. 1-138	https://image-tor.canadiana.ca/iiif/2/69429%2Fc0pr7mp54j47
304	p. 1-139	https://image-tor.canadiana.ca/iiif/2/69429%2Fc0k06ww7gs5x
305	p. 1-140	https://image-tor.canadiana.ca/iiif/2/69429%2Fc0fb4wh2p556
306	p. 1-141	https://image-tor.canadiana.ca/iiif/2/69429%2Fc09k45q51d5v
307	p. 1-142	https://image-tor.canadiana.ca/iiif/2/69429%2Fc05t3fx7cn3g
308	p. 1-143	https://image-tor.canadiana.ca/iiif/2/69429%2Fc0222r49qw07
309	p. 1-144	https://image-tor.canadiana.ca/iiif/2/69429%2Fc0x921c23k06
310	p. 1-145	https://image-tor.canadiana.ca/iiif/2/69429%2Fc0sj19k4fs7j
311	p. 1-146	https://image-tor.canadiana.ca/iiif/2/69429%2Fc0ns0ks6t18f
312	p. 1-147	https://image-tor.canadiana.ca/iiif/2/69429%2Fc0j38kd20d8f
313	p. 1-148	https://image-tor.canadiana.ca/iiif/2/69429%2Fc0db7vm4bn9t
314	p. 1-149	https://image-tor.canadiana.ca/iiif/2/69429%2Fc08k74t6pw5n
315	p. 1-150	https://image-tor.canadiana.ca/iiif/2/69429%2Fc04t6f192448
316	p. 1-151	https://image-tor.canadiana.ca/iiif/2/69429%2Fc0125q81dc0n
317	p. 1-152	https://image-tor.canadiana.ca/iiif/2/69429%2Fc0w950g3s20h
318	p. 1-153	https://image-tor.canadiana.ca/iiif/2/69429%2Fc0rj48p6490s
319	p. 1-154	https://image-tor.canadiana.ca/iiif/2/69429%2Fc0mw28919p0j
320	p. 1-155	https://image-tor.canadiana.ca/iiif/2/69429%2Fc0h41jh3nx17
321	p. 1-156	https://image-tor.canadiana.ca/iiif/2/69429%2Fc0cc0tq6148k
322	p. 1-157	https://image-tor.canadiana.ca/iiif/2/69429%2Fc07m03x8cc50
323	p. 1-158	https://image-tor.canadiana.ca/iiif/2/69429%2Fc03t9d50qm1x
324	p. 1-159	https://image-tor.canadiana.ca/iiif/2/69429%2Fc0028pc32v0x
325	p. 1-160	https://image-tor.canadiana.ca/iiif/2/69429%2Fc0v97zk5fj35
326	p. 1-161	https://image-tor.canadiana.ca/iiif/2/69429%2Fc0qn5z60mx3x
327	p. 1-162	https://image-tor.canadiana.ca/iiif/2/69429%2Fc0kw57d3052h
328	p. 1-163	https://image-tor.canadiana.ca/iiif/2/69429%2Fc0g44hm5bd0f
329	p. 1-164	https://image-tor.canadiana.ca/iiif/2/69429%2Fc0bc3st7pm66
330	p. 1-165	https://image-tor.canadiana.ca/iiif/2/69429%2Fc06m33201v34
331	p. 1-166	https://image-tor.canadiana.ca/iiif/2/69429%2Fc02v2c82d32v
332	p. 1-167	https://image-tor.canadiana.ca/iiif/2/69429%2Fc0z31ng4rs5w
333	p. 1-168	https://image-tor.canadiana.ca/iiif/2/69429%2Fc0td9n29z550
334	p. 1-169	https://image-tor.canadiana.ca/iiif/2/69429%2Fc0pn8x929d6g
335	p. 1-170	https://image-tor.canadiana.ca/iiif/2/69429%2Fc0jw86h4nn3w
336	p. 1-171	https://image-tor.canadiana.ca/iiif/2/69429%2Fc0f47gq70w0q
337	p. 1-172	https://image-tor.canadiana.ca/iiif/2/69429%2Fc09c6rx9c360
338	p. 1-173	https://image-tor.canadiana.ca/iiif/2/69429%2Fc05m6251qb5m
339	p. 1-174	https://image-tor.canadiana.ca/iiif/2/69429%2Fc01z41r6wq7h
340	p. 1-175	https://image-tor.canadiana.ca/iiif/2/69429%2Fc0x639z98d8c
341	p. 1-176	https://image-tor.canadiana.ca/iiif/2/69429%2Fc0sf2m61mn7m
342	p. 1-177	https://image-tor.canadiana.ca/iiif/2/69429%2Fc0np1wd3zw32
343	p. 1-178	https://image-tor.canadiana.ca/iiif/2/69429%2Fc0hx15m6b40g
344	p. 1-179	https://image-tor.canadiana.ca/iiif/2/69429%2Fc0d50ft8pb6j
345	p. 1-180	https://image-tor.canadiana.ca/iiif/2/69429%2Fc08c9r211k69
346	p. 1-181	https://image-tor.canadiana.ca/iiif/2/69429%2Fc04q7qn66z7m
347	p. 1-182	https://image-tor.canadiana.ca/iiif/2/69429%2Fc00z70v8k68w
348	p. 1-183	https://image-tor.canadiana.ca/iiif/2/69429%2Fc0w66930xw86
349	p. 1-184	https://image-tor.canadiana.ca/iiif/2/69429%2Fc0rf5k93946t
350	p. 1-185	https://image-tor.canadiana.ca/iiif/2/69429%2Fc0mp4vh5nc28
351	p. 1-186	https://image-tor.canadiana.ca/iiif/2/69429%2Fc0gx44q80k9g
352	p. 1-187	https://image-tor.canadiana.ca/iiif/2/69429%2Fc0c53dz0bt8m
353	p. 1-188	https://image-tor.canadiana.ca/iiif/2/69429%2Fc07h1dj5j704
354	p. 1-189	https://image-tor.canadiana.ca/iiif/2/69429%2Fc03r0pr7wg0x
355	p. 1-190	https://image-tor.canadiana.ca/iiif/2/69429%2Fc00000007p82
356	p. 1-1	https://image-tor.canadiana.ca/iiif/2/69429%2Fc0v69862mc7d
357	p. 1-2	https://image-tor.canadiana.ca/iiif/2/69429%2Fc0qf8jd4zm4f
358	p. 1-3	https://image-tor.canadiana.ca/iiif/2/69429%2Fc0kp7tm79v0c
359	p. 1-4	https://image-tor.canadiana.ca/iiif/2/69429%2Fc0fx73t9p31n
360	p. 1-5	https://image-tor.canadiana.ca/iiif/2/69429%2Fc0b853f4vg29
361	p. 1-6	https://image-tor.canadiana.ca/iiif/2/69429%2Fc06h4cn76q2k
362	p. 1-7	https://image-tor.canadiana.ca/iiif/2/69429%2Fc02r3nv9jz06
363	p. 1-8	https://image-tor.canadiana.ca/iiif/2/69429%2Fc0z02z31xm85
364	p. 1-9	https://image-tor.canadiana.ca/iiif/2/69429%2Fc0t727948v6n
365	p. 1-10	https://image-tor.canadiana.ca/iiif/2/69429%2Fc0pg1hh6n32m
366	p. 1-11	https://image-tor.canadiana.ca/iiif/2/69429%2Fc0jq0sq90b2w
367	p. 1-12	https://image-tor.canadiana.ca/iiif/2/69429%2Fc0f18sb45q30
368	p. 1-13	https://image-tor.canadiana.ca/iiif/2/69429%2Fc09882j6hz4r
369	p. 1-14	https://image-tor.canadiana.ca/iiif/2/69429%2Fc05h7br8w619
370	p. 1-15	https://image-tor.canadiana.ca/iiif/2/69429%2Fc01r6n017d9r
371	p. 1-16	https://image-tor.canadiana.ca/iiif/2/69429%2Fc0x05x63m37c
372	p. 1-17	https://image-tor.canadiana.ca/iiif/2/69429%2Fc0s756d5zb4s
373	p. 1-18	https://image-tor.canadiana.ca/iiif/2/69429%2Fc0ng4gm89k5n
374	p. 1-19	https://image-tor.canadiana.ca/iiif/2/69429%2Fc0ht2g73gz60
375	p. 1-20	https://image-tor.canadiana.ca/iiif/2/69429%2Fc0d21rf5v66m
376	p. 1-21	https://image-tor.canadiana.ca/iiif/2/69429%2Fc08911n86f43
377	p. 1-22	https://image-tor.canadiana.ca/iiif/2/69429%2Fc04j09w0jp1r
378	p. 1-23	https://image-tor.canadiana.ca/iiif/2/69429%2Fc00r9m32ww8z
379	p. 1-24	https://image-tor.canadiana.ca/iiif/2/69429%2Fc0w08w958k62
380	p. 1-25	https://image-tor.canadiana.ca/iiif/2/69429%2Fc0r785h7mt7t
381	p. 1-26	https://image-tor.canadiana.ca/iiif/2/69429%2Fc0mk6542t68p
382	p. 1-27	https://image-tor.canadiana.ca/iiif/2/69429%2Fc0gt5fb55f8z
383	p. 1-28	https://image-tor.canadiana.ca/iiif/2/69429%2Fc0c24qj7hp6w
384	p. 1-29	https://image-tor.canadiana.ca/iiif/2/69429%2Fc07940r9vx2q
385	p. 1-30	https://image-tor.canadiana.ca/iiif/2/69429%2Fc03j39027493
386	p. 1-31	https://image-tor.canadiana.ca/iiif/2/69429%2Fc0zs2k64kv0b
387	p. 1-32	https://image-tor.canadiana.ca/iiif/2/69429%2Fc0v11vd6z30z
388	p. 1-33	https://image-tor.canadiana.ca/iiif/2/69429%2Fc0qb9v124g0n
389	p. 1-34	https://image-tor.canadiana.ca/iiif/2/69429%2Fc0kk9474gq1d
390	p. 1-35	https://image-tor.canadiana.ca/iiif/2/69429%2Fc0ft8df6tx75
391	p. 1-36	https://image-tor.canadiana.ca/iiif/2/69429%2Fc0b27pn96553
392	p. 1-37	https://image-tor.canadiana.ca/iiif/2/69429%2Fc0696zw1jd15
393	p. 1-38	https://image-tor.canadiana.ca/iiif/2/69429%2Fc02j6833wm9w
394	p. 1-39	https://image-tor.canadiana.ca/iiif/2/69429%2Fc0xs5j968b29
395	p. 1-40	https://image-tor.canadiana.ca/iiif/2/69429%2Fc0t43hx1fq2z
396	p. 1-41	https://image-tor.canadiana.ca/iiif/2/69429%2Fc0pc2t43sz25
397	p. 1-42	https://image-tor.canadiana.ca/iiif/2/69429%2Fc0jm23b65605
398	p. 1-43	https://image-tor.canadiana.ca/iiif/2/69429%2Fc0dv1cj8hd7h
399	p. 1-44	https://image-tor.canadiana.ca/iiif/2/69429%2Fc0930ns0vn4g
400	p. 1-45	https://image-tor.canadiana.ca/iiif/2/69429%2Fc0599z036w31
401	p. 1-46	https://image-tor.canadiana.ca/iiif/2/69429%2Fc01n7xk8d838
402	p. 1-47	https://image-tor.canadiana.ca/iiif/2/69429%2Fc0ww76t0rz60
403	p. 1-48	https://image-tor.canadiana.ca/iiif/2/69429%2Fc0s46h13466h
404	p. 1-49	https://image-tor.canadiana.ca/iiif/2/69429%2Fc0nc5s75gf3j
405	p. 1-50	https://image-tor.canadiana.ca/iiif/2/69429%2Fc0hm52f7tn9p
406	p. 1-51	https://image-tor.canadiana.ca/iiif/2/69429%2Fc0cv4bp05w6t
407	p. 1-52	https://image-tor.canadiana.ca/iiif/2/69429%2Fc0833mw2j45v
408	p. 1-53	https://image-tor.canadiana.ca/iiif/2/69429%2Fc04f1mg7qh50
409	p. 1-54	https://image-tor.canadiana.ca/iiif/2/69429%2Fc00p0wq02r5w
410	p. 1-55	https://image-tor.canadiana.ca/iiif/2/69429%2Fc0vx05x2ff7x
411	p. 1-56	https://image-tor.canadiana.ca/iiif/2/69429%2Fc0r49g44sp3j
412	p. 1-57	https://image-tor.canadiana.ca/iiif/2/69429%2Fc0mc8rb74x1n
413	p. 1-58	https://image-tor.canadiana.ca/iiif/2/69429%2Fc0gm81j9h479
414	p. 1-59	https://image-tor.canadiana.ca/iiif/2/69429%2Fc0bv79s1vc7q
415	p. 1-60	https://image-tor.canadiana.ca/iiif/2/69429%2Fc07659c71r87
416	p. 1-61	https://image-tor.canadiana.ca/iiif/2/69429%2Fc03f4kk9d094
417	p. 1-62	https://image-tor.canadiana.ca/iiif/2/69429%2Fc0zp3vt1rp84
418	p. 1-63	https://image-tor.canadiana.ca/iiif/2/69429%2Fc0tx35143x61
419	p. 1-64	https://image-tor.canadiana.ca/iiif/2/69429%2Fc0q52f76g529
420	p. 1-65	https://image-tor.canadiana.ca/iiif/2/69429%2Fc0kd1qf8tc9n
421	p. 1-66	https://image-tor.canadiana.ca/iiif/2/69429%2Fc0fn10p15m8b
422	p. 1-67	https://image-tor.canadiana.ca/iiif/2/69429%2Fc09z9086c109
423	p. 1-68	https://image-tor.canadiana.ca/iiif/2/69429%2Fc06688g8q810
424	p. 1-69	https://image-tor.canadiana.ca/iiif/2/69429%2Fc02f7jq12g91
425	p. 1-70	https://image-tor.canadiana.ca/iiif/2/69429%2Fc0xp6tx3f58x
426	p. 1-71	https://image-tor.canadiana.ca/iiif/2/69429%2Fc0sx6445sd5r
427	p. 1-72	https://image-tor.canadiana.ca/iiif/2/69429%2Fc0p55db84n2k
428	p. 1-73	https://image-tor.canadiana.ca/iiif/2/69429%2Fc0jd4pk0gw1d
429	p. 1-74	https://image-tor.canadiana.ca/iiif/2/69429%2Fc0dr2p55p82n
430	p. 1-75	https://image-tor.canadiana.ca/iiif/2/69429%2Fc0901zc81h27
431	p. 1-76	https://image-tor.canadiana.ca/iiif/2/69429%2Fc05717m0cr0v
432	p. 1-77	https://image-tor.canadiana.ca/iiif/2/69429%2Fc01g0ht2qz6m
433	p. 1-78	https://image-tor.canadiana.ca/iiif/2/69429%2Fc0wp9t153n6f
434	p. 1-79	https://image-tor.canadiana.ca/iiif/2/69429%2Fc0rx9377fw28
435	p. 1-80	https://image-tor.canadiana.ca/iiif/2/69429%2Fc0n58cf9t43g
436	p. 1-81	https://image-tor.canadiana.ca/iiif/2/69429%2Fc0hh6c250h3q
437	p. 1-82	https://image-tor.canadiana.ca/iiif/2/69429%2Fc0cr5n87br43
438	p. 1-83	https://image-tor.canadiana.ca/iiif/2/69429%2Fc0804xg9q02j
439	p. 1-84	https://image-tor.canadiana.ca/iiif/2/69429%2Fc04746q2269c
440	p. 1-85	https://image-tor.canadiana.ca/iiif/2/69429%2Fc00g3gx4df6d
441	p. 1-86	https://image-tor.canadiana.ca/iiif/2/69429%2Fc0vq2s46s444
442	p. 1-87	https://image-tor.canadiana.ca/iiif/2/69429%2Fc0qz22b94c4s
443	p. 1-88	https://image-tor.canadiana.ca/iiif/2/69429%2Fc0m901z49r6m
444	p. 1-89	https://image-tor.canadiana.ca/iiif/2/69429%2Fc0gh9b56p07c
445	p. 1-90	https://image-tor.canadiana.ca/iiif/2/69429%2Fc0br8mc91739
446	p. 1-91	https://image-tor.canadiana.ca/iiif/2/69429%2Fc0707wm1cg1v
447	p. 1-92	https://image-tor.canadiana.ca/iiif/2/69429%2Fc03775t3qp70
448	p. 1-93	https://image-tor.canadiana.ca/iiif/2/69429%2Fc0zg6g163c6s
449	p. 1-94	https://image-tor.canadiana.ca/iiif/2/69429%2Fc0tq5r78fm75
450	p. 1-95	https://image-tor.canadiana.ca/iiif/2/69429%2Fc0q23qv3n08x
451	p. 1-96	https://image-tor.canadiana.ca/iiif/2/69429%2Fc0k931260780
452	p. 1-97	https://image-tor.canadiana.ca/iiif/2/69429%2Fc0fj2988bg6m
453	p. 1-98	https://image-tor.canadiana.ca/iiif/2/69429%2Fc09s1kh0pq2p
454	p. 1-99	https://image-tor.canadiana.ca/iiif/2/69429%2Fc0610vq31z03
455	p. 1-100	https://image-tor.canadiana.ca/iiif/2/69429%2Fc02804x5d57b
456	p. 1-101	https://image-tor.canadiana.ca/iiif/2/69429%2Fc0xg9f47rw0m
457	p. 1-102	https://image-tor.canadiana.ca/iiif/2/69429%2Fc0st7dr2z796
458	p. 1-103	https://image-tor.canadiana.ca/iiif/2/69429%2Fc0p26pz59h02
459	p. 1-104	https://image-tor.canadiana.ca/iiif/2/69429%2Fc0j96057nq8s
460	p. 1-105	https://image-tor.canadiana.ca/iiif/2/69429%2Fc0dj58d00z5x
461	p. 1-106	https://image-tor.canadiana.ca/iiif/2/69429%2Fc08s4jm2c61w
462	p. 1-107	https://image-tor.canadiana.ca/iiif/2/69429%2Fc0513tt4qf0d
463	p. 1-108	https://image-tor.canadiana.ca/iiif/2/69429%2Fc01834172p0g
464	p. 1-109	https://image-tor.canadiana.ca/iiif/2/69429%2Fc0wm13n28h2p
465	p. 1-110	https://image-tor.canadiana.ca/iiif/2/69429%2Fc0rv0cv4mr32
466	p. 1-111	https://image-tor.canadiana.ca/iiif/2/69429%2Fc0n29p26zz90
467	p. 1-112	https://image-tor.canadiana.ca/iiif/2/69429%2Fc0h98z89b67m
468	p. 1-113	https://image-tor.canadiana.ca/iiif/2/69429%2Fc0cj87h1pf32
469	p. 1-114	https://image-tor.canadiana.ca/iiif/2/69429%2Fc07s7hq41p15
470	p. 1-115	https://image-tor.canadiana.ca/iiif/2/69429%2Fc0445h99724w
471	p. 1-116	https://image-tor.canadiana.ca/iiif/2/69429%2Fc00c4sj1k93q
472	p. 1-117	https://image-tor.canadiana.ca/iiif/2/69429%2Fc0vm42r3z045
473	p. 1-118	https://image-tor.canadiana.ca/iiif/2/69429%2Fc0qv3bz69728
474	p. 1-119	https://image-tor.canadiana.ca/iiif/2/69429%2Fc0m32n58nf8r
475	p. 1-120	https://image-tor.canadiana.ca/iiif/2/69429%2Fc0gb1xd10p5w
476	p. 1-121	https://image-tor.canadiana.ca/iiif/2/69429%2Fc0bk16m3bx4g
477	p. 1-122	https://image-tor.canadiana.ca/iiif/2/69429%2Fc06w9668j955
478	p. 1-123	https://image-tor.canadiana.ca/iiif/2/69429%2Fc0348gf0wj5w
479	p. 1-124	https://image-tor.canadiana.ca/iiif/2/69429%2Fc0zc7rn38771
480	p. 1-125	https://image-tor.canadiana.ca/iiif/2/69429%2Fc0tm71v5mg4f
481	p. 1-126	https://image-tor.canadiana.ca/iiif/2/69429%2Fc0pv6b27zq1w
482	p. 1-127	https://image-tor.canadiana.ca/iiif/2/69429%2Fc0k35m909x72
483	p. 1-128	https://image-tor.canadiana.ca/iiif/2/69429%2Fc0fb4wh2p56s
484	p. 1-129	https://image-tor.canadiana.ca/iiif/2/69429%2Fc09p2w37vj83
485	p. 1-130	https://image-tor.canadiana.ca/iiif/2/69429%2Fc05x25b06s7s
486	p. 1-131	https://image-tor.canadiana.ca/iiif/2/69429%2Fc0251fj2k16t
487	p. 1-132	https://image-tor.canadiana.ca/iiif/2/69429%2Fc0xd0qr4xq4m
488	p. 1-133	https://image-tor.canadiana.ca/iiif/2/69429%2Fc0sn00z78z3p
489	p. 1-134	https://image-tor.canadiana.ca/iiif/2/69429%2Fc0nv9959n59t
490	p. 1-135	https://image-tor.canadiana.ca/iiif/2/69429%2Fc0j38kd20d91
491	p. 1-136	https://image-tor.canadiana.ca/iiif/2/69429%2Fc0df6k075s95
492	p. 1-137	https://image-tor.canadiana.ca/iiif/2/69429%2Fc08p5v69j20r
493	p. 1-138	https://image-tor.canadiana.ca/iiif/2/69429%2Fc04x54f1w88p
494	p. 1-139	https://image-tor.canadiana.ca/iiif/2/69429%2Fc0154dn47h63
495	p. 1-140	https://image-tor.canadiana.ca/iiif/2/69429%2Fc0wd3pv6m650
496	p. 1-141	https://image-tor.canadiana.ca/iiif/2/69429%2Fc0rn3028zf2t
497	p. 1-142	https://image-tor.canadiana.ca/iiif/2/69429%2Fc0mw28919p14
498	p. 1-143	https://image-tor.canadiana.ca/iiif/2/69429%2Fc0h707w6h21p
499	p. 1-144	https://image-tor.canadiana.ca/iiif/2/69429%2Fc0cf9j38v91b
500	p. 1-145	https://image-tor.canadiana.ca/iiif/2/69429%2Fc07p8tb16j17
501	p. 1-146	https://image-tor.canadiana.ca/iiif/2/69429%2Fc03x83j3jr8z
502	p. 1-147	https://image-tor.canadiana.ca/iiif/2/69429%2Fc0057cr5x06d
503	p. 1-148	https://image-tor.canadiana.ca/iiif/2/69429%2Fc0vd6nz88p4p
504	p. 1-149	https://image-tor.canadiana.ca/iiif/2/69429%2Fc0qn5z60mx4h
505	p. 1-150	https://image-tor.canadiana.ca/iiif/2/69429%2Fc0m03xs5t95n
506	p. 1-151	https://image-tor.canadiana.ca/iiif/2/69429%2Fc0g737085j5q
507	p. 1-152	https://image-tor.canadiana.ca/iiif/2/69429%2Fc0bg2h70hs4j
508	p. 1-153	https://image-tor.canadiana.ca/iiif/2/69429%2Fc06q1sf2w10h
509	p. 1-154	https://image-tor.canadiana.ca/iiif/2/69429%2Fc02z12n57789
510	p. 1-155	https://image-tor.canadiana.ca/iiif/2/69429%2Fc0z60bv7kx6d
511	p. 1-156	https://image-tor.canadiana.ca/iiif/2/69429%2Fc0td9n29z56k
512	p. 1-157	https://image-tor.canadiana.ca/iiif/2/69429%2Fc0pr7mp54j5t
513	p. 1-158	https://image-tor.canadiana.ca/iiif/2/69429%2Fc0k06ww7gs6h
514	p. 1-159	https://image-tor.canadiana.ca/iiif/2/69429%2Fc0f76639v14f
515	p. 1-160	https://image-tor.canadiana.ca/iiif/2/69429%2Fc09g5gb26825
516	p. 1-161	https://image-tor.canadiana.ca/iiif/2/69429%2Fc05q4rj4jg9h
517	p. 1-162	https://image-tor.canadiana.ca/iiif/2/69429%2Fc01z41r6wq83
518	p. 1-163	https://image-tor.canadiana.ca/iiif/2/69429%2Fc0x639z98d9z
519	p. 1-164	https://image-tor.canadiana.ca/iiif/2/69429%2Fc0sj19k4fs84
520	p. 1-165	https://image-tor.canadiana.ca/iiif/2/69429%2Fc0ns0ks6t191
521	p. 1-166	https://image-tor.canadiana.ca/iiif/2/69429%2Fc0j09w095879
522	p. 1-167	https://image-tor.canadiana.ca/iiif/2/69429%2Fc0d79571hh4b
523	p. 1-168	https://image-tor.canadiana.ca/iiif/2/69429%2Fc08g8ff3vr1c
524	p. 1-169	https://image-tor.canadiana.ca/iiif/2/69429%2Fc04q7qn66z86
525	p. 1-170	https://image-tor.canadiana.ca/iiif/2/69429%2Fc00z70v8k69g
526	p. 1-171	https://image-tor.canadiana.ca/iiif/2/69429%2Fc0w950g3s213
527	p. 1-172	https://image-tor.canadiana.ca/iiif/2/69429%2Fc0rj48p6491c
528	p. 1-173	https://image-tor.canadiana.ca/iiif/2/69429%2Fc0ms3jw8gj0k
529	p. 1-174	https://image-tor.canadiana.ca/iiif/2/69429%2Fc0h12v40tr6p
530	p. 1-175	https://image-tor.canadiana.ca/iiif/2/69429%2Fc0c824b3604p
531	p. 1-176	https://image-tor.canadiana.ca/iiif/2/69429%2Fc07h1dj5j71q
532	p. 1-177	https://image-tor.canadiana.ca/iiif/2/69429%2Fc03t9d50qm2h
533	p. 1-178	https://image-tor.canadiana.ca/iiif/2/69429%2Fc0028pc32v1h
534	p. 1-179	https://image-tor.canadiana.ca/iiif/2/69429%2Fc0v97zk5fj4r
535	p. 1-180	https://image-tor.canadiana.ca/iiif/2/69429%2Fc0qj77s7ss0k
536	p. 1-181	https://image-tor.canadiana.ca/iiif/2/69429%2Fc0ks6j10508j
537	p. 1-182	https://image-tor.canadiana.ca/iiif/2/69429%2Fc0g15t72h749
538	p. 1-183	https://image-tor.canadiana.ca/iiif/2/69429%2Fc0b853f4vg3w
539	p. 1-184	https://image-tor.canadiana.ca/iiif/2/69429%2Fc06m33201v4q
540	p. 1-185	https://image-tor.canadiana.ca/iiif/2/69429%2Fc02v2c82d33f
541	p. 1-186	https://image-tor.canadiana.ca/iiif/2/69429%2Fc0z31ng4rs6g
542	p. 1-187	https://image-tor.canadiana.ca/iiif/2/69429%2Fc0tb0xp7413h
543	p. 1-188	https://image-tor.canadiana.ca/iiif/2/69429%2Fc0pk06w9g80x
544	p. 1-189	https://image-tor.canadiana.ca/iiif/2/69429%2Fc0js9h41tg65
545	p. 1-190	https://image-tor.canadiana.ca/iiif/2/69429%2Fc0f18sb45q4k
546	p. 1-191	https://image-tor.canadiana.ca/iiif/2/69429%2Fc09c6rx9c37k
547	p. 1-192	https://image-tor.canadiana.ca/iiif/2/69429%2Fc05m6251qb66
548	p. 1-193	https://image-tor.canadiana.ca/iiif/2/69429%2Fc01v5bc42k49
549	p. 1-194	https://image-tor.canadiana.ca/iiif/2/69429%2Fc0x34mk6f843
550	p. 1-195	https://image-tor.canadiana.ca/iiif/2/69429%2Fc0sb3ws8sh14
551	p. 1-196	https://image-tor.canadiana.ca/iiif/2/69429%2Fc0nk36114q8c
552	p. 1-197	https://image-tor.canadiana.ca/iiif/2/69429%2Fc0ht2g73gz7k
553	p. 1-198	https://image-tor.canadiana.ca/iiif/2/69429%2Fc0d50ft8pb74
554	p. 1-199	https://image-tor.canadiana.ca/iiif/2/69429%2Fc08c9r211k7w
555	p. 1-200	https://image-tor.canadiana.ca/iiif/2/69429%2Fc04m9183ct72
556	p. 1-201	https://image-tor.canadiana.ca/iiif/2/69429%2Fc00v89g5r231
557	p. 1-202	https://image-tor.canadiana.ca/iiif/2/69429%2Fc0w37kp83r4c
558	p. 1-203	https://image-tor.canadiana.ca/iiif/2/69429%2Fc0rb6vx0g00z
559	p. 1-204	https://image-tor.canadiana.ca/iiif/2/69429%2Fc0mk6542t698
560	p. 1-205	https://image-tor.canadiana.ca/iiif/2/69429%2Fc0gx44q80m0r
561	p. 1-206	https://image-tor.canadiana.ca/iiif/2/69429%2Fc0c53dz0bt96
562	p. 1-207	https://image-tor.canadiana.ca/iiif/2/69429%2Fc07d2q52q29x
563	p. 1-208	https://image-tor.canadiana.ca/iiif/2/69429%2Fc03n20c5296t
564	p. 1-209	https://image-tor.canadiana.ca/iiif/2/69429%2Fc0zw18k7f05q
565	p. 1-210	https://image-tor.canadiana.ca/iiif/2/69429%2Fc0v40js9s71g
566	p. 1-211	https://image-tor.canadiana.ca/iiif/2/69429%2Fc0qb9v124g17
567	p. 1-212	https://image-tor.canadiana.ca/iiif/2/69429%2Fc0kp7tm79v1z
568	p. 1-213	https://image-tor.canadiana.ca/iiif/2/69429%2Fc0fx73t9p327
569	p. 1-214	https://image-tor.canadiana.ca/iiif/2/69429%2Fc0b56d221b0p
570	p. 1-215	https://image-tor.canadiana.ca/iiif/2/69429%2Fc06d5p84cj8m
571	p. 1-216	https://image-tor.canadiana.ca/iiif/2/69429%2Fc02n4zg6qs5n
572	p. 1-217	https://image-tor.canadiana.ca/iiif/2/69429%2Fc0xw47p93g4d
573	p. 1-218	https://image-tor.canadiana.ca/iiif/2/69429%2Fc0t43hx1fq3j
574	p. 1-219	https://image-tor.canadiana.ca/iiif/2/69429%2Fc0pg1hh6n336
575	p. 1-220	https://image-tor.canadiana.ca/iiif/2/69429%2Fc0jq0sq90b3g
576	p. 1-221	https://image-tor.canadiana.ca/iiif/2/69429%2Fc0dz02z1bk38
577	p. 1-222	https://image-tor.canadiana.ca/iiif/2/69429%2Fc0959c53ps96
578	p. 1-223	https://image-tor.canadiana.ca/iiif/2/69429%2Fc05d8nc6217t
579	p. 1-224	https://image-tor.canadiana.ca/iiif/2/69429%2Fc01n7xk8d84v
580	p. 1-225	https://image-tor.canadiana.ca/iiif/2/69429%2Fc0ww76t0rz7k
581	p. 1-226	https://image-tor.canadiana.ca/iiif/2/69429%2Fc0s756d5zb5c
582	p. 1-227	https://image-tor.canadiana.ca/iiif/2/69429%2Fc0ng4gm89k67
583	p. 1-228	https://image-tor.canadiana.ca/iiif/2/69429%2Fc0hq3rv0nt52
584	p. 1-229	https://image-tor.canadiana.ca/iiif/2/69429%2Fc0cz3223122w
585	p. 1-230	https://image-tor.canadiana.ca/iiif/2/69429%2Fc0862b85c89j
586	p. 1-231	https://image-tor.canadiana.ca/iiif/2/69429%2Fc04f1mg7qh6k
587	p. 1-232	https://image-tor.canadiana.ca/iiif/2/69429%2Fc00p0wq02r6g
588	p. 1-233	https://image-tor.canadiana.ca/iiif/2/69429%2Fc0w08w958k7n
589	p. 1-234	https://image-tor.canadiana.ca/iiif/2/69429%2Fc0r785h7mt8d
590	p. 1-235	https://image-tor.canadiana.ca/iiif/2/69429%2Fc0mg7fr0026n
591	p. 1-236	https://image-tor.canadiana.ca/iiif/2/69429%2Fc0gq6qz2b948
592	p. 1-237	https://image-tor.canadiana.ca/iiif/2/69429%2Fc0bz6154pj13
593	p. 1-238	https://image-tor.canadiana.ca/iiif/2/69429%2Fc07659c71r9t
594	p. 1-239	https://image-tor.canadiana.ca/iiif/2/69429%2Fc03j3902750c
595	p. 1-240	https://image-tor.canadiana.ca/iiif/2/69429%2Fc0zs2k64kv1x
596	p. 1-241	https://image-tor.canadiana.ca/iiif/2/69429%2Fc0v11vd6z31j
597	p. 1-242	https://image-tor.canadiana.ca/iiif/2/69429%2Fc0q814m99b0m
598	p. 1-243	https://image-tor.canadiana.ca/iiif/2/69429%2Fc0kh0dv1nj60
599	p. 1-244	https://image-tor.canadiana.ca/iiif/2/69429%2Fc0fq9q240s4z
600	p. 1-245	https://image-tor.canadiana.ca/iiif/2/69429%2Fc09z9086c11w
601	p. 1-246	https://image-tor.canadiana.ca/iiif/2/69429%2Fc0696zw1jd2r
602	p. 1-247	https://image-tor.canadiana.ca/iiif/2/69429%2Fc02j6833wn05
603	p. 1-248	https://image-tor.canadiana.ca/iiif/2/69429%2Fc0xs5j968b3w
604	p. 1-249	https://image-tor.canadiana.ca/iiif/2/69429%2Fc0t14th8mk1t
605	p. 1-250	https://image-tor.canadiana.ca/iiif/2/69429%2Fc0p843r0zs85
606	p. 1-251	https://image-tor.canadiana.ca/iiif/2/69429%2Fc0jh3cz3b156
607	p. 1-252	https://image-tor.canadiana.ca/iiif/2/69429%2Fc0dr2p55p837
608	p. 1-253	https://image-tor.canadiana.ca/iiif/2/69429%2Fc0930ns0vn52
609	p. 1-254	https://image-tor.canadiana.ca/iiif/2/69429%2Fc0599z036w4m
610	p. 1-255	https://image-tor.canadiana.ca/iiif/2/69429%2Fc01j9765k449
611	p. 1-256	https://image-tor.canadiana.ca/iiif/2/69429%2Fc0ws8hd7xt23
612	p. 1-257	https://image-tor.canadiana.ca/iiif/2/69429%2Fc0s17sn0920n
613	p. 1-258	https://image-tor.canadiana.ca/iiif/2/69429%2Fc0n872v2n86s
614	p. 1-259	https://image-tor.canadiana.ca/iiif/2/69429%2Fc0hh6c250h49
615	p. 1-260	https://image-tor.canadiana.ca/iiif/2/69429%2Fc0cv4bp05w7d
616	p. 1-261	https://image-tor.canadiana.ca/iiif/2/69429%2Fc0833mw2j46f
617	p. 1-262	https://image-tor.canadiana.ca/iiif/2/69429%2Fc04b2x34wc52
618	p. 1-263	https://image-tor.canadiana.ca/iiif/2/69429%2Fc00k26977m3j
619	p. 1-264	https://image-tor.canadiana.ca/iiif/2/69429%2Fc0vt1gh9m931
620	p. 1-265	https://image-tor.canadiana.ca/iiif/2/69429%2Fc0r20rr1zj00
621	p. 1-266	https://image-tor.canadiana.ca/iiif/2/69429%2Fc0m901z49r76
622	p. 1-267	https://image-tor.canadiana.ca/iiif/2/69429%2Fc0gm81j9h48w
623	p. 1-268	https://image-tor.canadiana.ca/iiif/2/69429%2Fc0bv79s1vc89
624	p. 1-269	https://image-tor.canadiana.ca/iiif/2/69429%2Fc0736m046m7q
625	p. 1-270	https://image-tor.canadiana.ca/iiif/2/69429%2Fc03b5w66jv4r
626	p. 1-271	https://image-tor.canadiana.ca/iiif/2/69429%2Fc0zk55d8xj4m
627	p. 1-272	https://image-tor.canadiana.ca/iiif/2/69429%2Fc0tt4fn18s05
628	p. 1-273	https://image-tor.canadiana.ca/iiif/2/69429%2Fc0q23qv3n09h
629	p. 1-274	https://image-tor.canadiana.ca/iiif/2/69429%2Fc0kd1qf8td0x
630	p. 1-275	https://image-tor.canadiana.ca/iiif/2/69429%2Fc0fn10p15m9x
631	p. 1-276	https://image-tor.canadiana.ca/iiif/2/69429%2Fc09w08w3hv9q
632	p. 1-277	https://image-tor.canadiana.ca/iiif/2/69429%2Fc0639k35w35v
633	p. 1-278	https://image-tor.canadiana.ca/iiif/2/69429%2Fc02b8v987b4j
634	p. 1-279	https://image-tor.canadiana.ca/iiif/2/69429%2Fc0xk84j0m12v
635	p. 1-280	https://image-tor.canadiana.ca/iiif/2/69429%2Fc0st7dr2z80g
636	p. 1-281	https://image-tor.canadiana.ca/iiif/2/69429%2Fc0p55db84n35
637	p. 1-282	https://image-tor.canadiana.ca/iiif/2/69429%2Fc0jd4pk0gw20
638	p. 1-283	https://image-tor.canadiana.ca/iiif/2/69429%2Fc0dn3zs2v404
639	p. 1-284	https://image-tor.canadiana.ca/iiif/2/69429%2Fc08w38056b8b
640	p. 1-285	https://image-tor.canadiana.ca/iiif/2/69429%2Fc0542j67jk5p
641	p. 1-286	https://image-tor.canadiana.ca/iiif/2/69429%2Fc01c1td9wt2q
642	p. 1-287	https://image-tor.canadiana.ca/iiif/2/69429%2Fc0wm13n28h38
643	p. 1-288	https://image-tor.canadiana.ca/iiif/2/69429%2Fc0rx9377fw3v
644	p. 1-289	https://image-tor.canadiana.ca/iiif/2/69429%2Fc0n58cf9t442
645	p. 1-290	https://image-tor.canadiana.ca/iiif/2/69429%2Fc0hd7np25c3c
646	p. 1-291	https://image-tor.canadiana.ca/iiif/2/69429%2Fc0cn6xw4hm0d
647	p. 1-292	https://image-tor.canadiana.ca/iiif/2/69429%2Fc07w6736vt7j
648	p. 1-293	https://image-tor.canadiana.ca/iiif/2/69429%2Fc0445h99725g
649	p. 1-294	https://image-tor.canadiana.ca/iiif/2/69429%2Fc00c4sj1k949
650	p. 1-295	https://image-tor.canadiana.ca/iiif/2/69429%2Fc0vq2s46s45q
651	p. 1-296	https://image-tor.canadiana.ca/iiif/2/69429%2Fc0qz22b94c5c
652	p. 1-297	https://image-tor.canadiana.ca/iiif/2/69429%2Fc0m61bk1gm53
653	p. 1-298	https://image-tor.canadiana.ca/iiif/2/69429%2Fc0gf0ms3tv1j
654	p. 1-299	https://image-tor.canadiana.ca/iiif/2/69429%2Fc0bn9x06629b
655	p. 1-300	https://image-tor.canadiana.ca/iiif/2/69429%2Fc06w9668j96r
656	p. 1-301	https://image-tor.canadiana.ca/iiif/2/69429%2Fc0348gf0wj6g
657	p. 1-302	https://image-tor.canadiana.ca/iiif/2/69429%2Fc0zg6g163c7c
658	p. 1-303	https://image-tor.canadiana.ca/iiif/2/69429%2Fc0tq5r78fm8r
659	p. 1-304	https://image-tor.canadiana.ca/iiif/2/69429%2Fc0pz51g0sv6c
660	p. 1-305	https://image-tor.canadiana.ca/iiif/2/69429%2Fc0k649p35349
661	p. 1-306	https://image-tor.canadiana.ca/iiif/2/69429%2Fc0ff3kw5hb1b
662	p. 1-307	https://image-tor.canadiana.ca/iiif/2/69429%2Fc09p2w37vj9p
663	p. 1-308	https://image-tor.canadiana.ca/iiif/2/69429%2Fc0610vq31z1p
664	p. 1-309	https://image-tor.canadiana.ca/iiif/2/69429%2Fc02804x5d58x
665	p. 1-310	https://image-tor.canadiana.ca/iiif/2/69429%2Fc0xg9f47rw16
666	p. 1-311	https://image-tor.canadiana.ca/iiif/2/69429%2Fc0sq8qc0439r
667	p. 1-312	https://image-tor.canadiana.ca/iiif/2/69429%2Fc0nz80k2gb65
668	p. 1-313	https://image-tor.canadiana.ca/iiif/2/69429%2Fc0j678s4tk2x
669	p. 1-314	https://image-tor.canadiana.ca/iiif/2/69429%2Fc0df6k075t0f
670	p. 1-315	https://image-tor.canadiana.ca/iiif/2/69429%2Fc08s4jm2c62g
671	p. 1-316	https://image-tor.canadiana.ca/iiif/2/69429%2Fc0513tt4qf10
672	p. 1-317	https://image-tor.canadiana.ca/iiif/2/69429%2Fc01834172p12
673	p. 1-318	https://image-tor.canadiana.ca/iiif/2/69429%2Fc0wh2d79fc1j
674	p. 1-319	https://image-tor.canadiana.ca/iiif/2/69429%2Fc0rr1pg1sk7x
675	p. 1-320	https://image-tor.canadiana.ca/iiif/2/69429%2Fc0n00zp44t5b
676	p. 1-321	https://image-tor.canadiana.ca/iiif/2/69429%2Fc0h707w6h228
677	p. 1-322	https://image-tor.canadiana.ca/iiif/2/69429%2Fc0cj87h1pf4n
678	p. 1-323	https://image-tor.canadiana.ca/iiif/2/69429%2Fc07s7hq41p2r
679	p. 1-324	https://image-tor.canadiana.ca/iiif/2/69429%2Fc0416sx6cx2v
680	p. 1-325	https://image-tor.canadiana.ca/iiif/2/69429%2Fc0086348r49h
681	p. 1-326	https://image-tor.canadiana.ca/iiif/2/69429%2Fc0vh5cc13v0v
682	p. 1-327	https://image-tor.canadiana.ca/iiif/2/69429%2Fc0qr4nk3g27q
683	p. 1-328	https://image-tor.canadiana.ca/iiif/2/69429%2Fc0m03xs5t967
684	p. 1-329	https://image-tor.canadiana.ca/iiif/2/69429%2Fc0gb1xd10p6g
685	p. 1-330	https://image-tor.canadiana.ca/iiif/2/69429%2Fc0bk16m3bx52
686	p. 1-331	https://image-tor.canadiana.ca/iiif/2/69429%2Fc06t0gt5q55c
687	p. 1-332	https://image-tor.canadiana.ca/iiif/2/69429%2Fc0319s182d22
688	p. 1-333	https://image-tor.canadiana.ca/iiif/2/69429%2Fc0z89280f32j
689	p. 1-334	https://image-tor.canadiana.ca/iiif/2/69429%2Fc0th8bg2s989
690	p. 1-335	https://image-tor.canadiana.ca/iiif/2/69429%2Fc0pr7mp54j6d
691	p. 1-336	https://image-tor.canadiana.ca/iiif/2/69429%2Fc0k35m909x8n
692	p. 1-337	https://image-tor.canadiana.ca/iiif/2/69429%2Fc0fb4wh2p57c
693	p. 1-338	https://image-tor.canadiana.ca/iiif/2/69429%2Fc09k45q51d6f
694	p. 1-339	https://image-tor.canadiana.ca/iiif/2/69429%2Fc05t3fx7cn42
695	p. 1-340	https://image-tor.canadiana.ca/iiif/2/69429%2Fc0222r49qw1t
696	p. 1-341	https://image-tor.canadiana.ca/iiif/2/69429%2Fc0x921c23k1s
697	p. 1-342	https://image-tor.canadiana.ca/iiif/2/69429%2Fc0sj19k4fs9q
698	p. 1-343	https://image-tor.canadiana.ca/iiif/2/69429%2Fc0nv9959n603
699	p. 1-344	https://image-tor.canadiana.ca/iiif/2/69429%2Fc0j38kd20f09
700	p. 1-345	https://image-tor.canadiana.ca/iiif/2/69429%2Fc0db7vm4bp03
701	p. 1-346	https://image-tor.canadiana.ca/iiif/2/69429%2Fc08k74t6pw67
702	p. 1-347	https://image-tor.canadiana.ca/iiif/2/69429%2Fc04t6f19245v
703	p. 1-348	https://image-tor.canadiana.ca/iiif/2/69429%2Fc0125q81dc17
704	p. 1-349	https://image-tor.canadiana.ca/iiif/2/69429%2Fc0w950g3s22p
705	p. 1-350	https://image-tor.canadiana.ca/iiif/2/69429%2Fc0rn3028zf3d
706	p. 1-351	https://image-tor.canadiana.ca/iiif/2/69429%2Fc0mw28919p2q
707	p. 1-352	https://image-tor.canadiana.ca/iiif/2/69429%2Fc0h41jh3nx2t
708	p. 1-353	https://image-tor.canadiana.ca/iiif/2/69429%2Fc0cc0tq61495
709	p. 1-354	https://image-tor.canadiana.ca/iiif/2/69429%2Fc07m03x8cc6k
710	p. 1-355	https://image-tor.canadiana.ca/iiif/2/69429%2Fc03t9d50qm33
711	p. 1-356	https://image-tor.canadiana.ca/iiif/2/69429%2Fc0028pc32v23
712	p. 1-357	https://image-tor.canadiana.ca/iiif/2/69429%2Fc0vd6nz88p58
713	p. 1-358	https://image-tor.canadiana.ca/iiif/2/69429%2Fc0qn5z60mx53
714	p. 1-359	https://image-tor.canadiana.ca/iiif/2/69429%2Fc0kw57d30533
715	p. 1-360	https://image-tor.canadiana.ca/iiif/2/69429%2Fc0g44hm5bd11
716	p. 1-361	https://image-tor.canadiana.ca/iiif/2/69429%2Fc0bc3st7pm7s
717	p. 1-362	https://image-tor.canadiana.ca/iiif/2/69429%2Fc06m33201v59
718	p. 1-363	https://image-tor.canadiana.ca/iiif/2/69429%2Fc02v2c82d341
719	p. 1-364	https://image-tor.canadiana.ca/iiif/2/69429%2Fc0z60bv7kx70
720	p. 1-365	https://image-tor.canadiana.ca/iiif/2/69429%2Fc0td9n29z575
721	p. 1-366	https://image-tor.canadiana.ca/iiif/2/69429%2Fc0pn8x929d72
722	p. 1-367	https://image-tor.canadiana.ca/iiif/2/69429%2Fc0jw86h4nn4g
723	p. 1-368	https://image-tor.canadiana.ca/iiif/2/69429%2Fc0f47gq70w19
724	p. 1-369	https://image-tor.canadiana.ca/iiif/2/69429%2Fc09c6rx9c385
725	p. 1-370	https://image-tor.canadiana.ca/iiif/2/69429%2Fc05q4rj4jh0s
726	p. 1-371	https://image-tor.canadiana.ca/iiif/2/69429%2Fc01z41r6wq9p
727	p. 1-372	https://image-tor.canadiana.ca/iiif/2/69429%2Fc0x639z98f07
728	p. 1-373	https://image-tor.canadiana.ca/iiif/2/69429%2Fc0sf2m61mn86
729	p. 1-374	https://image-tor.canadiana.ca/iiif/2/69429%2Fc0np1wd3zw4n
730	p. 1-375	https://image-tor.canadiana.ca/iiif/2/69429%2Fc0hx15m6b412
731	p. 1-376	https://image-tor.canadiana.ca/iiif/2/69429%2Fc0d50ft8pb8q
732	p. 1-377	https://image-tor.canadiana.ca/iiif/2/69429%2Fc08g8ff3vr2z
733	p. 1-378	https://image-tor.canadiana.ca/iiif/2/69429%2Fc04q7qn66z9s
734	p. 1-379	https://image-tor.canadiana.ca/iiif/2/69429%2Fc00z70v8k70r
735	p. 1-380	https://image-tor.canadiana.ca/iiif/2/69429%2Fc0w66930xw9s
736	p. 1-381	https://image-tor.canadiana.ca/iiif/2/69429%2Fc0rf5k93947d
737	p. 1-382	https://image-tor.canadiana.ca/iiif/2/69429%2Fc0mp4vh5nc3v
738	p. 1-383	https://image-tor.canadiana.ca/iiif/2/69429%2Fc0gx44q80m1b
739	p. 1-384	https://image-tor.canadiana.ca/iiif/2/69429%2Fc0c824b36058
740	p. 1-385	https://image-tor.canadiana.ca/iiif/2/69429%2Fc07h1dj5j729
741	p. 1-386	https://image-tor.canadiana.ca/iiif/2/69429%2Fc03r0pr7wg1h
742	p. 1-387	https://image-tor.canadiana.ca/iiif/2/69429%2Fc00000007p9n
743	p. 1-388	https://image-tor.canadiana.ca/iiif/2/69429%2Fc0v69862mc80
744	p. 1-389	https://image-tor.canadiana.ca/iiif/2/69429%2Fc0qf8jd4zm51
745	p. 1-390	https://image-tor.canadiana.ca/iiif/2/69429%2Fc0kp7tm79v2j
746	p. 1-391	https://image-tor.canadiana.ca/iiif/2/69429%2Fc0g15t72h75w
747	p. 1-392	https://image-tor.canadiana.ca/iiif/2/69429%2Fc0b853f4vg4g
748	p. 1-393	https://image-tor.canadiana.ca/iiif/2/69429%2Fc06h4cn76q35
749	p. 1-394	https://image-tor.canadiana.ca/iiif/2/69429%2Fc02r3nv9jz1s
750	p. 1-395	https://image-tor.canadiana.ca/iiif/2/69429%2Fc0z02z31xm9r
751	p. 1-396	https://image-tor.canadiana.ca/iiif/2/69429%2Fc0t727948v77
752	p. 1-397	https://image-tor.canadiana.ca/iiif/2/69429%2Fc0pg1hh6n34s
753	p. 1-398	https://image-tor.canadiana.ca/iiif/2/69429%2Fc0js9h41tg7r
754	p. 1-399	https://image-tor.canadiana.ca/iiif/2/69429%2Fc0f18sb45q55
755	p. 1-400	https://image-tor.canadiana.ca/iiif/2/69429%2Fc09882j6hz5b
756	p. 1-401	https://image-tor.canadiana.ca/iiif/2/69429%2Fc05h7br8w62w
757	p. 1-402	https://image-tor.canadiana.ca/iiif/2/69429%2Fc01r6n017f01
758	p. 1-403	https://image-tor.canadiana.ca/iiif/2/69429%2Fc0x05x63m38z
759	p. 1-404	https://image-tor.canadiana.ca/iiif/2/69429%2Fc0s756d5zb6z
760	p. 1-405	https://image-tor.canadiana.ca/iiif/2/69429%2Fc0nk36114q9z
761	p. 1-406	https://image-tor.canadiana.ca/iiif/2/69429%2Fc0ht2g73gz85
762	p. 1-407	https://image-tor.canadiana.ca/iiif/2/69429%2Fc0d21rf5v676
763	p. 1-408	https://image-tor.canadiana.ca/iiif/2/69429%2Fc08911n86f5p
764	p. 1-409	https://image-tor.canadiana.ca/iiif/2/69429%2Fc04j09w0jp2b
765	p. 1-410	https://image-tor.canadiana.ca/iiif/2/69429%2Fc00r9m32ww9j
766	p. 1-411	https://image-tor.canadiana.ca/iiif/2/69429%2Fc0w08w958k87
767	p. 1-412	https://image-tor.canadiana.ca/iiif/2/69429%2Fc0rb6vx0g01j
768	p. 1-413	https://image-tor.canadiana.ca/iiif/2/69429%2Fc0mk6542t70j
769	p. 1-414	https://image-tor.canadiana.ca/iiif/2/69429%2Fc0gt5fb55f9j
770	p. 1-415	https://image-tor.canadiana.ca/iiif/2/69429%2Fc0c24qj7hp7g
771	p. 1-416	https://image-tor.canadiana.ca/iiif/2/69429%2Fc07940r9vx39
772	p. 1-417	https://image-tor.canadiana.ca/iiif/2/69429%2Fc03j3902751z
773	p. 1-418	https://image-tor.canadiana.ca/iiif/2/69429%2Fc0zs2k64kv2h
774	p. 1-419	https://image-tor.canadiana.ca/iiif/2/69429%2Fc0v40js9s722
775	p. 1-420	https://image-tor.canadiana.ca/iiif/2/69429%2Fc0qb9v124g2t
776	p. 1-421	https://image-tor.canadiana.ca/iiif/2/69429%2Fc0kk9474gq20
777	p. 1-422	https://image-tor.canadiana.ca/iiif/2/69429%2Fc0ft8df6tx8r
778	p. 1-423	https://image-tor.canadiana.ca/iiif/2/69429%2Fc0b27pn9656p
779	p. 1-424	https://image-tor.canadiana.ca/iiif/2/69429%2Fc0696zw1jd3b
780	p. 1-425	https://image-tor.canadiana.ca/iiif/2/69429%2Fc02j6833wn1r
781	p. 1-426	https://image-tor.canadiana.ca/iiif/2/69429%2Fc0xw47p93g50
782	p. 1-427	https://image-tor.canadiana.ca/iiif/2/69429%2Fc0t43hx1fq44
783	p. 1-428	https://image-tor.canadiana.ca/iiif/2/69429%2Fc0pc2t43sz3r
784	p. 1-429	https://image-tor.canadiana.ca/iiif/2/69429%2Fc0jm23b6561r
785	p. 1-430	https://image-tor.canadiana.ca/iiif/2/69429%2Fc0dv1cj8hd83
786	p. 1-431	https://image-tor.canadiana.ca/iiif/2/69429%2Fc0930ns0vn6n
787	p. 1-432	https://image-tor.canadiana.ca/iiif/2/69429%2Fc05d8nc6218d
788	p. 1-433	https://image-tor.canadiana.ca/iiif/2/69429%2Fc01n7xk8d85f
789	p. 1-434	https://image-tor.canadiana.ca/iiif/2/69429%2Fc0ww76t0rz85
790	p. 1-435	https://image-tor.canadiana.ca/iiif/2/69429%2Fc0s46h134673
791	p. 1-436	https://image-tor.canadiana.ca/iiif/2/69429%2Fc0nc5s75gf44
792	p. 1-437	https://image-tor.canadiana.ca/iiif/2/69429%2Fc0hm52f7tp0z
793	p. 1-438	https://image-tor.canadiana.ca/iiif/2/69429%2Fc0cv4bp05w80
794	p. 1-439	https://image-tor.canadiana.ca/iiif/2/69429%2Fc0862b85c90t
795	p. 1-440	https://image-tor.canadiana.ca/iiif/2/69429%2Fc04f1mg7qh75
796	p. 1-441	https://image-tor.canadiana.ca/iiif/2/69429%2Fc00p0wq02r72
797	p. 1-442	https://image-tor.canadiana.ca/iiif/2/69429%2Fc0vx05x2ff8h
798	p. 1-443	https://image-tor.canadiana.ca/iiif/2/69429%2Fc0r49g44sp44
799	p. 1-444	https://image-tor.canadiana.ca/iiif/2/69429%2Fc0mc8rb74x27
800	p. 1-445	https://image-tor.canadiana.ca/iiif/2/69429%2Fc0gm81j9h49g
801	p. 1-446	https://image-tor.canadiana.ca/iiif/2/69429%2Fc0bz6154pj2p
802	p. 1-447	https://image-tor.canadiana.ca/iiif/2/69429%2Fc07659c71s03
803	p. 1-448	https://image-tor.canadiana.ca/iiif/2/69429%2Fc03f4kk9d10d
804	p. 1-449	https://image-tor.canadiana.ca/iiif/2/69429%2Fc0zp3vt1rp9q
805	p. 1-450	https://image-tor.canadiana.ca/iiif/2/69429%2Fc0tx35143x7m
806	p. 1-451	https://image-tor.canadiana.ca/iiif/2/69429%2Fc0q52f76g53w
807	p. 1-452	https://image-tor.canadiana.ca/iiif/2/69429%2Fc0kd1qf8td1h
808	p. 1-453	https://image-tor.canadiana.ca/iiif/2/69429%2Fc0fq9q240s5j
809	p. 1-454	https://image-tor.canadiana.ca/iiif/2/69429%2Fc09z9086c12g
810	p. 1-455	https://image-tor.canadiana.ca/iiif/2/69429%2Fc06688g8q82k
811	p. 1-456	https://image-tor.canadiana.ca/iiif/2/69429%2Fc02f7jq12h09
812	p. 1-457	https://image-tor.canadiana.ca/iiif/2/69429%2Fc0xp6tx3f59h
813	p. 1-458	https://image-tor.canadiana.ca/iiif/2/69429%2Fc0sx6445sd6b
814	p. 1-459	https://image-tor.canadiana.ca/iiif/2/69429%2Fc0p55db84n4r
815	p. 1-460	https://image-tor.canadiana.ca/iiif/2/69429%2Fc0jh3cz3b16s
816	p. 1-461	https://image-tor.canadiana.ca/iiif/2/69429%2Fc0dr2p55p84t
817	p. 1-462	https://image-tor.canadiana.ca/iiif/2/69429%2Fc0901zc81h3t
818	p. 1-463	https://image-tor.canadiana.ca/iiif/2/69429%2Fc05717m0cr1f
819	p. 1-464	https://image-tor.canadiana.ca/iiif/2/69429%2Fc01g0ht2qz76
820	p. 1-465	https://image-tor.canadiana.ca/iiif/2/69429%2Fc0wp9t153n71
821	p. 1-466	https://image-tor.canadiana.ca/iiif/2/69429%2Fc0rx9377fw4f
822	p. 1-467	https://image-tor.canadiana.ca/iiif/2/69429%2Fc0n872v2n87c
823	p. 1-468	https://image-tor.canadiana.ca/iiif/2/69429%2Fc0hh6c250h5w
824	p. 1-469	https://image-tor.canadiana.ca/iiif/2/69429%2Fc0cr5n87br5p
825	p. 1-470	https://image-tor.canadiana.ca/iiif/2/69429%2Fc0804xg9q034
826	p. 1-471	https://image-tor.canadiana.ca/iiif/2/69429%2Fc04746q2270n
827	p. 1-472	https://image-tor.canadiana.ca/iiif/2/69429%2Fc00g3gx4df70
828	p. 1-473	https://image-tor.canadiana.ca/iiif/2/69429%2Fc0vq2s46s469
829	p. 1-474	https://image-tor.canadiana.ca/iiif/2/69429%2Fc0r20rr1zj1k
830	p. 1-475	https://image-tor.canadiana.ca/iiif/2/69429%2Fc0m901z49r8s
831	p. 1-476	https://image-tor.canadiana.ca/iiif/2/69429%2Fc0gh9b56p08z
832	p. 1-477	https://image-tor.canadiana.ca/iiif/2/69429%2Fc0br8mc9174w
833	p. 1-478	https://image-tor.canadiana.ca/iiif/2/69429%2Fc0707wm1cg2f
834	p. 1-479	https://image-tor.canadiana.ca/iiif/2/69429%2Fc03775t3qp8k
835	p. 1-480	https://image-tor.canadiana.ca/iiif/2/69429%2Fc0zg6g163c8z
836	p. 1-481	https://image-tor.canadiana.ca/iiif/2/69429%2Fc0tt4fn18s1r
837	p. 1-482	https://image-tor.canadiana.ca/iiif/2/69429%2Fc0q23qv3n10s
838	p. 1-483	https://image-tor.canadiana.ca/iiif/2/69429%2Fc0k93126079k
839	p. 1-484	https://image-tor.canadiana.ca/iiif/2/69429%2Fc0fj2988bg76
840	p. 1-485	https://image-tor.canadiana.ca/iiif/2/69429%2Fc09s1kh0pq38
841	p. 1-486	https://image-tor.canadiana.ca/iiif/2/69429%2Fc0610vq31z28
842	p. 1-487	https://image-tor.canadiana.ca/iiif/2/69429%2Fc02804x5d59h
843	p. 1-488	https://image-tor.canadiana.ca/iiif/2/69429%2Fc0xk84j0m13f
844	p. 1-489	https://image-tor.canadiana.ca/iiif/2/69429%2Fc0st7dr2z812
845	p. 1-490	https://image-tor.canadiana.ca/iiif/2/69429%2Fc0p26pz59h1n
846	p. 1-491	https://image-tor.canadiana.ca/iiif/2/69429%2Fc0j96057nq9c
847	p. 1-492	https://image-tor.canadiana.ca/iiif/2/69429%2Fc0dj58d00z6h
848	p. 1-493	https://image-tor.canadiana.ca/iiif/2/69429%2Fc08s4jm2c632
849	p. 1-494	https://image-tor.canadiana.ca/iiif/2/69429%2Fc0513tt4qf2k
850	p. 1-495	https://image-tor.canadiana.ca/iiif/2/69429%2Fc01c1td9wt39
851	p. 1-496	https://image-tor.canadiana.ca/iiif/2/69429%2Fc0wm13n28h4v
852	p. 1-497	https://image-tor.canadiana.ca/iiif/2/69429%2Fc0rv0cv4mr4n
853	p. 1-498	https://image-tor.canadiana.ca/iiif/2/69429%2Fc0n29p270008
854	p. 1-499	https://image-tor.canadiana.ca/iiif/2/69429%2Fc0h98z89b686
855	p. 1-1	https://image-tor.canadiana.ca/iiif/2/69429%2Fc0cj87h1pf57
856	p. 1-2	https://image-tor.canadiana.ca/iiif/2/69429%2Fc07w6736vt84
857	p. 1-3	https://image-tor.canadiana.ca/iiif/2/69429%2Fc0445h997262
858	p. 1-4	https://image-tor.canadiana.ca/iiif/2/69429%2Fc00c4sj1k95w
859	p. 1-5	https://image-tor.canadiana.ca/iiif/2/69429%2Fc0vm42r3z05r
860	p. 1-6	https://image-tor.canadiana.ca/iiif/2/69429%2Fc0qv3bz6973v
861	p. 1-7	https://image-tor.canadiana.ca/iiif/2/69429%2Fc0m32n58nf9b
862	p. 1-8	https://image-tor.canadiana.ca/iiif/2/69429%2Fc0gb1xd10p72
863	p. 1-9	https://image-tor.canadiana.ca/iiif/2/69429%2Fc0bn9x06630m
864	p. 1-10	https://image-tor.canadiana.ca/iiif/2/69429%2Fc06w9668j97b
865	p. 1-11	https://image-tor.canadiana.ca/iiif/2/69429%2Fc0348gf0wj72
866	p. 1-12	https://image-tor.canadiana.ca/iiif/2/69429%2Fc0zc7rn3878m
867	p. 1-13	https://image-tor.canadiana.ca/iiif/2/69429%2Fc0tm71v5mg51
868	p. 1-14	https://image-tor.canadiana.ca/iiif/2/69429%2Fc0pv6b27zq2g
869	p. 1-15	https://image-tor.canadiana.ca/iiif/2/69429%2Fc0k35m909x97
870	p. 1-16	https://image-tor.canadiana.ca/iiif/2/69429%2Fc0ff3kw5hb2x
871	p. 1-17	https://image-tor.canadiana.ca/iiif/2/69429%2Fc09p2w37vk0z
872	p. 1-18	https://image-tor.canadiana.ca/iiif/2/69429%2Fc05x25b06s8c
873	p. 1-19	https://image-tor.canadiana.ca/iiif/2/69429%2Fc0251fj2k17d
874	p. 1-20	https://image-tor.canadiana.ca/iiif/2/69429%2Fc0xd0qr4xq56
875	p. 1-21	https://image-tor.canadiana.ca/iiif/2/69429%2Fc0sn00z78z48
876	p. 1-22	https://image-tor.canadiana.ca/iiif/2/69429%2Fc0nv9959n61p
877	p. 1-23	https://image-tor.canadiana.ca/iiif/2/69429%2Fc0j678s4tk3h
878	p. 1-24	https://image-tor.canadiana.ca/iiif/2/69429%2Fc0df6k075t11
879	p. 1-25	https://image-tor.canadiana.ca/iiif/2/69429%2Fc08p5v69j21b
880	p. 1-26	https://image-tor.canadiana.ca/iiif/2/69429%2Fc04x54f1w898
881	p. 1-27	https://image-tor.canadiana.ca/iiif/2/69429%2Fc0154dn47h7p
882	p. 1-28	https://image-tor.canadiana.ca/iiif/2/69429%2Fc0wd3pv6m66k
883	p. 1-29	https://image-tor.canadiana.ca/iiif/2/69429%2Fc0rn3028zf40
884	p. 1-30	https://image-tor.canadiana.ca/iiif/2/69429%2Fc0n00zp44t6x
885	p. 1-31	https://image-tor.canadiana.ca/iiif/2/69429%2Fc0h707w6h23v
886	p. 1-32	https://image-tor.canadiana.ca/iiif/2/69429%2Fc0cf9j38v92x
887	p. 1-33	https://image-tor.canadiana.ca/iiif/2/69429%2Fc07p8tb16j2t
888	p. 1-34	https://image-tor.canadiana.ca/iiif/2/69429%2Fc03x83j3jr9j
889	p. 1-35	https://image-tor.canadiana.ca/iiif/2/69429%2Fc0057cr5x070
890	p. 1-36	https://image-tor.canadiana.ca/iiif/2/69429%2Fc0vd6nz88p6v
891	p. 1-37	https://image-tor.canadiana.ca/iiif/2/69429%2Fc0qr4nk3g289
892	p. 1-38	https://image-tor.canadiana.ca/iiif/2/69429%2Fc0m03xs5t97t
893	p. 1-39	https://image-tor.canadiana.ca/iiif/2/69429%2Fc0g737085j69
894	p. 1-40	https://image-tor.canadiana.ca/iiif/2/69429%2Fc0bg2h70hs54
895	p. 1-41	https://image-tor.canadiana.ca/iiif/2/69429%2Fc06q1sf2w113
896	p. 1-42	https://image-tor.canadiana.ca/iiif/2/69429%2Fc02z12n5779w
897	p. 1-43	https://image-tor.canadiana.ca/iiif/2/69429%2Fc0z60bv7kx8k
898	p. 1-44	https://image-tor.canadiana.ca/iiif/2/69429%2Fc0th8bg2s99w
899	p. 1-45	https://image-tor.canadiana.ca/iiif/2/69429%2Fc0pr7mp54j70
900	p. 1-46	https://image-tor.canadiana.ca/iiif/2/69429%2Fc0k06ww7gs73
901	p. 1-47	https://image-tor.canadiana.ca/iiif/2/69429%2Fc0f76639v151
902	p. 1-48	https://image-tor.canadiana.ca/iiif/2/69429%2Fc09g5gb2683r
903	p. 1-49	https://image-tor.canadiana.ca/iiif/2/69429%2Fc05q4rj4jh1c
904	p. 1-50	https://image-tor.canadiana.ca/iiif/2/69429%2Fc01z41r6wr0z
905	p. 1-51	https://image-tor.canadiana.ca/iiif/2/69429%2Fc0x921c23k2c
906	p. 1-52	https://image-tor.canadiana.ca/iiif/2/69429%2Fc0sj19k4ft00
907	p. 1-53	https://image-tor.canadiana.ca/iiif/2/69429%2Fc0ns0ks6t209
908	p. 1-54	https://image-tor.canadiana.ca/iiif/2/69429%2Fc0j09w09588w
909	p. 1-55	https://image-tor.canadiana.ca/iiif/2/69429%2Fc0d79571hh5x
910	p. 1-56	https://image-tor.canadiana.ca/iiif/2/69429%2Fc08g8ff3vr3j
911	p. 1-57	https://image-tor.canadiana.ca/iiif/2/69429%2Fc04q7qn6700k
912	p. 1-58	https://image-tor.canadiana.ca/iiif/2/69429%2Fc0125q81dc2t
913	p. 1-59	https://image-tor.canadiana.ca/iiif/2/69429%2Fc0w950g3s238
914	p. 1-60	https://image-tor.canadiana.ca/iiif/2/69429%2Fc0rj48p6492z
915	p. 1-61	https://image-tor.canadiana.ca/iiif/2/69429%2Fc0ms3jw8gj15
916	p. 1-62	https://image-tor.canadiana.ca/iiif/2/69429%2Fc0h12v40tr78
917	p. 1-63	https://image-tor.canadiana.ca/iiif/2/69429%2Fc0c824b3606v
918	p. 1-64	https://image-tor.canadiana.ca/iiif/2/69429%2Fc07m03x8cc75
919	p. 1-65	https://image-tor.canadiana.ca/iiif/2/69429%2Fc03t9d50qm4p
920	p. 1-66	https://image-tor.canadiana.ca/iiif/2/69429%2Fc0028pc32v3p
921	p. 1-67	https://image-tor.canadiana.ca/iiif/2/69429%2Fc0v97zk5fj5b
922	p. 1-68	https://image-tor.canadiana.ca/iiif/2/69429%2Fc0qj77s7ss15
923	p. 1-69	https://image-tor.canadiana.ca/iiif/2/69429%2Fc0ks6j105094
924	p. 1-70	https://image-tor.canadiana.ca/iiif/2/69429%2Fc0g15t72h76g
925	p. 1-71	https://image-tor.canadiana.ca/iiif/2/69429%2Fc0bc3st7pm8c
926	p. 1-72	https://image-tor.canadiana.ca/iiif/2/69429%2Fc06m33201v6w
927	p. 1-73	https://image-tor.canadiana.ca/iiif/2/69429%2Fc02v2c82d35m
928	p. 1-74	https://image-tor.canadiana.ca/iiif/2/69429%2Fc0z31ng4rs72
929	p. 1-75	https://image-tor.canadiana.ca/iiif/2/69429%2Fc0tb0xp74143
930	p. 1-76	https://image-tor.canadiana.ca/iiif/2/69429%2Fc0pk06w9g81h
931	p. 1-77	https://image-tor.canadiana.ca/iiif/2/69429%2Fc0js9h41tg8b
932	p. 1-78	https://image-tor.canadiana.ca/iiif/2/69429%2Fc0f47gq70w2w
933	p. 1-79	https://image-tor.canadiana.ca/iiif/2/69429%2Fc09c6rx9c39r
934	p. 1-80	https://image-tor.canadiana.ca/iiif/2/69429%2Fc05m6251qb7s
935	p. 1-81	https://image-tor.canadiana.ca/iiif/2/69429%2Fc01v5bc42k5w
936	p. 1-82	https://image-tor.canadiana.ca/iiif/2/69429%2Fc0x34mk6f85p
937	p. 1-83	https://image-tor.canadiana.ca/iiif/2/69429%2Fc0sb3ws8sh2q
938	p. 1-84	https://image-tor.canadiana.ca/iiif/2/69429%2Fc0nk36114r07
939	p. 1-85	https://image-tor.canadiana.ca/iiif/2/69429%2Fc0hx15m6b42n
940	p. 1-86	https://image-tor.canadiana.ca/iiif/2/69429%2Fc0d50ft8pb99
941	p. 1-87	https://image-tor.canadiana.ca/iiif/2/69429%2Fc08c9r211k8g
942	p. 1-88	https://image-tor.canadiana.ca/iiif/2/69429%2Fc04m9183ct8n
943	p. 1-89	https://image-tor.canadiana.ca/iiif/2/69429%2Fc00v89g5r24m
944	p. 1-90	https://image-tor.canadiana.ca/iiif/2/69429%2Fc0w37kp83r5z
945	p. 1-91	https://image-tor.canadiana.ca/iiif/2/69429%2Fc0rb6vx0g024
946	p. 1-92	https://image-tor.canadiana.ca/iiif/2/69429%2Fc0mp4vh5nc4f
947	p. 1-93	https://image-tor.canadiana.ca/iiif/2/69429%2Fc0gx44q80m2x
948	p. 1-94	https://image-tor.canadiana.ca/iiif/2/69429%2Fc0c53dz0bv0g
949	p. 1-95	https://image-tor.canadiana.ca/iiif/2/69429%2Fc07d2q52q306
950	p. 1-96	https://image-tor.canadiana.ca/iiif/2/69429%2Fc03n20c5297d
951	p. 1-97	https://image-tor.canadiana.ca/iiif/2/69429%2Fc0zw18k7f069
952	p. 1-98	https://image-tor.canadiana.ca/iiif/2/69429%2Fc0v40js9s73n
953	p. 1-99	https://image-tor.canadiana.ca/iiif/2/69429%2Fc0qf8jd4zm6m
954	p. 1-100	https://image-tor.canadiana.ca/iiif/2/69429%2Fc0kp7tm79v34
955	p. 1-101	https://image-tor.canadiana.ca/iiif/2/69429%2Fc0fx73t9p33t
956	p. 1-102	https://image-tor.canadiana.ca/iiif/2/69429%2Fc0b56d221b18
957	p. 1-103	https://image-tor.canadiana.ca/iiif/2/69429%2Fc06d5p84cj96
958	p. 1-104	https://image-tor.canadiana.ca/iiif/2/69429%2Fc02n4zg6qs67
959	p. 1-105	https://image-tor.canadiana.ca/iiif/2/69429%2Fc0xw47p93g6k
960	p. 1-106	https://image-tor.canadiana.ca/iiif/2/69429%2Fc0t727948v8t
961	p. 1-107	https://image-tor.canadiana.ca/iiif/2/69429%2Fc0pg1hh6n35c
962	p. 1-108	https://image-tor.canadiana.ca/iiif/2/69429%2Fc0jq0sq90b42
963	p. 1-109	https://image-tor.canadiana.ca/iiif/2/69429%2Fc0dz02z1bk4v
964	p. 1-110	https://image-tor.canadiana.ca/iiif/2/69429%2Fc0959c53pt0g
965	p. 1-111	https://image-tor.canadiana.ca/iiif/2/69429%2Fc05d8nc62190
966	p. 1-112	https://image-tor.canadiana.ca/iiif/2/69429%2Fc01n7xk8d861
967	p. 1-113	https://image-tor.canadiana.ca/iiif/2/69429%2Fc0x05x63m39j
968	p. 1-114	https://image-tor.canadiana.ca/iiif/2/69429%2Fc0s756d5zb7j
969	p. 1-115	https://image-tor.canadiana.ca/iiif/2/69429%2Fc0ng4gm89k7t
970	p. 1-116	https://image-tor.canadiana.ca/iiif/2/69429%2Fc0hq3rv0nt6n
971	p. 1-117	https://image-tor.canadiana.ca/iiif/2/69429%2Fc0cz3223123g
972	p. 1-118	https://image-tor.canadiana.ca/iiif/2/69429%2Fc0862b85c91d
973	p. 1-119	https://image-tor.canadiana.ca/iiif/2/69429%2Fc04f1mg7qh8r
974	p. 1-120	https://image-tor.canadiana.ca/iiif/2/69429%2Fc00r9m32wx0t
975	p. 1-121	https://image-tor.canadiana.ca/iiif/2/69429%2Fc0w08w958k9t
976	p. 1-122	https://image-tor.canadiana.ca/iiif/2/69429%2Fc0r785h7mt90
977	p. 1-123	https://image-tor.canadiana.ca/iiif/2/69429%2Fc0mg7fr00277
978	p. 1-124	https://image-tor.canadiana.ca/iiif/2/69429%2Fc0gq6qz2b95v
979	p. 1-125	https://image-tor.canadiana.ca/iiif/2/69429%2Fc0bz6154pj38
980	p. 1-126	https://image-tor.canadiana.ca/iiif/2/69429%2Fc07659c71s1p
981	p. 1-127	https://image-tor.canadiana.ca/iiif/2/69429%2Fc03j3902752j
982	p. 1-128	https://image-tor.canadiana.ca/iiif/2/69429%2Fc0zs2k64kv33
983	p. 1-129	https://image-tor.canadiana.ca/iiif/2/69429%2Fc0v11vd6z324
984	p. 1-130	https://image-tor.canadiana.ca/iiif/2/69429%2Fc0q814m99b16
985	p. 1-131	https://image-tor.canadiana.ca/iiif/2/69429%2Fc0kh0dv1nj7k
986	p. 1-122 [132]	https://image-tor.canadiana.ca/iiif/2/69429%2Fc0fq9q240s64
987	p. 1-133	https://image-tor.canadiana.ca/iiif/2/69429%2Fc0b27pn96578
988	p. 1-134	https://image-tor.canadiana.ca/iiif/2/69429%2Fc0696zw1jd4x
989	p. 1-135	https://image-tor.canadiana.ca/iiif/2/69429%2Fc02j6833wn2b
990	p. 1-136	https://image-tor.canadiana.ca/iiif/2/69429%2Fc0xs5j968b4g
991	p. 1-137	https://image-tor.canadiana.ca/iiif/2/69429%2Fc0t14th8mk2d
992	p. 1-138	https://image-tor.canadiana.ca/iiif/2/69429%2Fc0p843r0zs9r
993	p. 1-139	https://image-tor.canadiana.ca/iiif/2/69429%2Fc0jh3cz3b17c
994	p. 1-140	https://image-tor.canadiana.ca/iiif/2/69429%2Fc0dv1cj8hd9p
995	p. 1-141	https://image-tor.canadiana.ca/iiif/2/69429%2Fc0930ns0vn77
996	p. 1-142	https://image-tor.canadiana.ca/iiif/2/69429%2Fc0599z036w56
997	p. 1-143	https://image-tor.canadiana.ca/iiif/2/69429%2Fc01j9765k45w
998	p. 1-144	https://image-tor.canadiana.ca/iiif/2/69429%2Fc0ws8hd7xt3p
999	p. 1-145	https://image-tor.canadiana.ca/iiif/2/69429%2Fc0s17sn09217
1000	p. 1-146	https://image-tor.canadiana.ca/iiif/2/69429%2Fc0n872v2n88z
1001	p. 1-147	https://image-tor.canadiana.ca/iiif/2/69429%2Fc0hm52f7tp1j
1002	p. 1-148	https://image-tor.canadiana.ca/iiif/2/69429%2Fc0cv4bp05w9k
1003	p. 1-149	https://image-tor.canadiana.ca/iiif/2/69429%2Fc0833mw2j471
1004	p. 1-150	https://image-tor.canadiana.ca/iiif/2/69429%2Fc04b2x34wc6n
1005	p. 1-151	https://image-tor.canadiana.ca/iiif/2/69429%2Fc00k26977m44
1006	p. 1-152	https://image-tor.canadiana.ca/iiif/2/69429%2Fc0vt1gh9m94m
1007	p. 1-153	https://image-tor.canadiana.ca/iiif/2/69429%2Fc0r20rr1zj25
1008	p. 1-154	https://image-tor.canadiana.ca/iiif/2/69429%2Fc0mc8rb74x3t
1009	p. 1-155	https://image-tor.canadiana.ca/iiif/2/69429%2Fc0gm81j9h50r
1010	p. 1-156	https://image-tor.canadiana.ca/iiif/2/69429%2Fc0bv79s1vc9w
1011	p. 1-157	https://image-tor.canadiana.ca/iiif/2/69429%2Fc0736m046m89
1012	p. 1-158	https://image-tor.canadiana.ca/iiif/2/69429%2Fc03b5w66jv5b
1013	p. 1-159	https://image-tor.canadiana.ca/iiif/2/69429%2Fc0zk55d8xj56
1014	p. 1-160	https://image-tor.canadiana.ca/iiif/2/69429%2Fc0tt4fn18s2b
1015	p. 1-161	https://image-tor.canadiana.ca/iiif/2/69429%2Fc0q52f76g54g
1016	p. 1-162	https://image-tor.canadiana.ca/iiif/2/69429%2Fc0kd1qf8td23
1017	p. 1-163	https://image-tor.canadiana.ca/iiif/2/69429%2Fc0fn10p15n06
1018	p. 1-164	https://image-tor.canadiana.ca/iiif/2/69429%2Fc09w08w3hw00
1019	p. 1-165	https://image-tor.canadiana.ca/iiif/2/69429%2Fc0639k35w36f
1020	p. 1-166	https://image-tor.canadiana.ca/iiif/2/69429%2Fc02b8v987b54
1021	p. 1-167	https://image-tor.canadiana.ca/iiif/2/69429%2Fc0xk84j0m141
1022	p. 1-168	https://image-tor.canadiana.ca/iiif/2/69429%2Fc0sx6445sd7x
1023	p. 1-169	https://image-tor.canadiana.ca/iiif/2/69429%2Fc0p55db84n5b
1024	p. 1-170	https://image-tor.canadiana.ca/iiif/2/69429%2Fc0jd4pk0gw3k
1025	p. 1-171	https://image-tor.canadiana.ca/iiif/2/69429%2Fc0dn3zs2v41q
1026	p. 1-172	https://image-tor.canadiana.ca/iiif/2/69429%2Fc08w38056b9x
1027	p. 1-173	https://image-tor.canadiana.ca/iiif/2/69429%2Fc0542j67jk68
1028	p. 1-174	https://image-tor.canadiana.ca/iiif/2/69429%2Fc01c1td9wt4w
1029	p. 1-175	https://image-tor.canadiana.ca/iiif/2/69429%2Fc0wp9t153n8m
1030	p. 1-176	https://image-tor.canadiana.ca/iiif/2/69429%2Fc0rx9377fw51
1031	p. 1-177	https://image-tor.canadiana.ca/iiif/2/69429%2Fc0n58cf9t45n
1032	p. 1-178	https://image-tor.canadiana.ca/iiif/2/69429%2Fc0hd7np25c4z
1033	p. 1-179	https://image-tor.canadiana.ca/iiif/2/69429%2Fc0cn6xw4hm10
1034	p. 1-180	https://image-tor.canadiana.ca/iiif/2/69429%2Fc07w6736vt9q
1035	p. 1-181	https://image-tor.canadiana.ca/iiif/2/69429%2Fc0445h99727n
1036	p. 1-182	https://image-tor.canadiana.ca/iiif/2/69429%2Fc00g3gx4df8k
1037	p. 1-183	https://image-tor.canadiana.ca/iiif/2/69429%2Fc0vq2s46s47w
1038	p. 1-184	https://image-tor.canadiana.ca/iiif/2/69429%2Fc0qz22b94c6z
1039	p. 1-185	https://image-tor.canadiana.ca/iiif/2/69429%2Fc0m61bk1gm6p
1040	p. 1-186	https://image-tor.canadiana.ca/iiif/2/69429%2Fc0gf0ms3tv24
1041	p. 1-187	https://image-tor.canadiana.ca/iiif/2/69429%2Fc0bn9x066316
1042	p. 1-188	https://image-tor.canadiana.ca/iiif/2/69429%2Fc06w9668j98x
1043	p. 1-189	https://image-tor.canadiana.ca/iiif/2/69429%2Fc03775t3qp95
1044	p. 1-190	https://image-tor.canadiana.ca/iiif/2/69429%2Fc0zg6g163c9j
1045	p. 1-191	https://image-tor.canadiana.ca/iiif/2/69429%2Fc0tq5r78fm9b
1046	p. 1-192	https://image-tor.canadiana.ca/iiif/2/69429%2Fc0pz51g0sv7z
1047	p. 1-193	https://image-tor.canadiana.ca/iiif/2/69429%2Fc0k649p3535w
1048	p. 1-194	https://image-tor.canadiana.ca/iiif/2/69429%2Fc0ff3kw5hb3h
1049	p. 1-195	https://image-tor.canadiana.ca/iiif/2/69429%2Fc09s1kh0pq4v
1050	p. 1-196	https://image-tor.canadiana.ca/iiif/2/69429%2Fc0610vq31z3v
1051	p. 1-197	https://image-tor.canadiana.ca/iiif/2/69429%2Fc02804x5d60s
1052	p. 1-198	https://image-tor.canadiana.ca/iiif/2/69429%2Fc0xg9f47rw2s
1053	p. 1-199	https://image-tor.canadiana.ca/iiif/2/69429%2Fc0sq8qc04401
1054	p. 1-200	https://image-tor.canadiana.ca/iiif/2/69429%2Fc0nz80k2gb7r
1055	p. 1-201	https://image-tor.canadiana.ca/iiif/2/69429%2Fc0j678s4tk43
1056	p. 1-202	https://image-tor.canadiana.ca/iiif/2/69429%2Fc0dj58d00z73
1057	p. 1-203	https://image-tor.canadiana.ca/iiif/2/69429%2Fc08s4jm2c64n
1058	p. 1-204	https://image-tor.canadiana.ca/iiif/2/69429%2Fc0513tt4qf35
1059	p. 1-205	https://image-tor.canadiana.ca/iiif/2/69429%2Fc01834172p2n
1060	p. 1-206	https://image-tor.canadiana.ca/iiif/2/69429%2Fc0wh2d79fc24
1061	p. 1-207	https://image-tor.canadiana.ca/iiif/2/69429%2Fc0rr1pg1sk8h
1062	p. 1-208	https://image-tor.canadiana.ca/iiif/2/69429%2Fc0n00zp44t7h
1063	p. 1-209	https://image-tor.canadiana.ca/iiif/2/69429%2Fc0h98z89b69s
1064	p. 1-210	https://image-tor.canadiana.ca/iiif/2/69429%2Fc0cj87h1pf6t
1065	p. 1-211	https://image-tor.canadiana.ca/iiif/2/69429%2Fc07s7hq41p3b
1066	p. 1-212	https://image-tor.canadiana.ca/iiif/2/69429%2Fc0416sx6cx3f
1067	p. 1-213	https://image-tor.canadiana.ca/iiif/2/69429%2Fc0086348r50s
1068	p. 1-214	https://image-tor.canadiana.ca/iiif/2/69429%2Fc0vh5cc13v1f
1069	p. 1-215	https://image-tor.canadiana.ca/iiif/2/69429%2Fc0qr4nk3g29w
1070	p. 1-216	https://image-tor.canadiana.ca/iiif/2/69429%2Fc0m32n58ng0m
1071	p. 1-217	https://image-tor.canadiana.ca/iiif/2/69429%2Fc0gb1xd10p8n
1072	p. 1-218	https://image-tor.canadiana.ca/iiif/2/69429%2Fc0bk16m3bx6n
1073	p. 1-219	https://image-tor.canadiana.ca/iiif/2/69429%2Fc06t0gt5q56z
1074	p. 1-220	https://image-tor.canadiana.ca/iiif/2/69429%2Fc0319s182d3n
1075	p. 1-221	https://image-tor.canadiana.ca/iiif/2/69429%2Fc0z89280f334
1076	p. 1-222	https://image-tor.canadiana.ca/iiif/2/69429%2Fc0th8bg2sb05
1077	p. 1-223	https://image-tor.canadiana.ca/iiif/2/69429%2Fc0pv6b27zq32
1078	p. 1-224	https://image-tor.canadiana.ca/iiif/2/69429%2Fc0k35m909z0h
1079	p. 1-225	https://image-tor.canadiana.ca/iiif/2/69429%2Fc0fb4wh2p58z
1080	p. 1-226	https://image-tor.canadiana.ca/iiif/2/69429%2Fc09k45q51d71
1081	p. 1-227	https://image-tor.canadiana.ca/iiif/2/69429%2Fc05t3fx7cn5n
1082	p. 1-228	https://image-tor.canadiana.ca/iiif/2/69429%2Fc0222r49qw2d
1083	p. 1-229	https://image-tor.canadiana.ca/iiif/2/69429%2Fc0x921c23k3z
1084	p. 1-230	https://image-tor.canadiana.ca/iiif/2/69429%2Fc0sn00z78z5v
1085	p. 1-231	https://image-tor.canadiana.ca/iiif/2/69429%2Fc0nv9959n628
1086	p. 1-232	https://image-tor.canadiana.ca/iiif/2/69429%2Fc0j38kd20f1w
1087	p. 1-233	https://image-tor.canadiana.ca/iiif/2/69429%2Fc0db7vm4bp1p
1088	p. 1-234	https://image-tor.canadiana.ca/iiif/2/69429%2Fc08k74t6pw7t
1089	p. 1-235	https://image-tor.canadiana.ca/iiif/2/69429%2Fc04t6f19246f
1090	p. 1-236	https://image-tor.canadiana.ca/iiif/2/69429%2Fc0125q81dc3d
1091	p. 1-237	https://image-tor.canadiana.ca/iiif/2/69429%2Fc0wd3pv6m675
1092	p. 1-238	https://image-tor.canadiana.ca/iiif/2/69429%2Fc0rn3028zf5k
1093	p. 1-239	https://image-tor.canadiana.ca/iiif/2/69429%2Fc0mw28919p39
1094	p. 1-240	https://image-tor.canadiana.ca/iiif/2/69429%2Fc0h41jh3nx3d
1095	p. 1-241	https://image-tor.canadiana.ca/iiif/2/69429%2Fc0cc0tq6150f
1096	p. 1-242	https://image-tor.canadiana.ca/iiif/2/69429%2Fc07m03x8cc8r
1097	p. 1-243	https://image-tor.canadiana.ca/iiif/2/69429%2Fc03t9d50qm58
1098	p. 1-244	https://image-tor.canadiana.ca/iiif/2/69429%2Fc0057cr5x08k
1099	p. 1-245	https://image-tor.canadiana.ca/iiif/2/69429%2Fc0vd6nz88p7f
1100	p. 1-246	https://image-tor.canadiana.ca/iiif/2/69429%2Fc0qn5z60mx6p
1101	p. 1-247	https://image-tor.canadiana.ca/iiif/2/69429%2Fc0kw57d3054p
1102	p. 1-248	https://image-tor.canadiana.ca/iiif/2/69429%2Fc0g44hm5bd2m
1103	p. 1-249	https://image-tor.canadiana.ca/iiif/2/69429%2Fc0bc3st7pm9z
1104	p. 1-250	https://image-tor.canadiana.ca/iiif/2/69429%2Fc06m33201v7g
1105	p. 1-251	https://image-tor.canadiana.ca/iiif/2/69429%2Fc02z12n57805
1106	p. 1-252	https://image-tor.canadiana.ca/iiif/2/69429%2Fc0z60bv7kx95
1107	p. 1-203 [253]	https://image-tor.canadiana.ca/iiif/2/69429%2Fc0td9n29z58r
1108	p. 1-255 [254]	https://image-tor.canadiana.ca/iiif/2/69429%2Fc0pn8x929d8n
1109	p. 1-254 [255]	https://image-tor.canadiana.ca/iiif/2/69429%2Fc0jw86h4nn52
1110	p. 1-256	https://image-tor.canadiana.ca/iiif/2/69429%2Fc0f47gq70w3g
1111	p. 1-257	https://image-tor.canadiana.ca/iiif/2/69429%2Fc09g5gb2684b
1112	p. 1-258	https://image-tor.canadiana.ca/iiif/2/69429%2Fc05q4rj4jh2z
1113	p. 1-259	https://image-tor.canadiana.ca/iiif/2/69429%2Fc01z41r6wr1j
1114	p. 1-260	https://image-tor.canadiana.ca/iiif/2/69429%2Fc0x639z98f1t
1115	p. 1-261	https://image-tor.canadiana.ca/iiif/2/69429%2Fc0sf2m61mn9s
1116	p. 1-262	https://image-tor.canadiana.ca/iiif/2/69429%2Fc0np1wd3zw57
1117	p. 1-263	https://image-tor.canadiana.ca/iiif/2/69429%2Fc0hx15m6b437
1118	p. 1-264	https://image-tor.canadiana.ca/iiif/2/69429%2Fc0d79571hh6h
1119	p. 1-265	https://image-tor.canadiana.ca/iiif/2/69429%2Fc08g8ff3vr44
1120	p. 1-266	https://image-tor.canadiana.ca/iiif/2/69429%2Fc04q7qn67015
1121	p. 1-267	https://image-tor.canadiana.ca/iiif/2/69429%2Fc00z70v8k71b
1122	p. 1-268	https://image-tor.canadiana.ca/iiif/2/69429%2Fc0w66930xx02
1123	p. 1-269	https://image-tor.canadiana.ca/iiif/2/69429%2Fc0rf5k939480
1124	p. 1-270	https://image-tor.canadiana.ca/iiif/2/69429%2Fc0mp4vh5nc51
1125	p. 1-271	https://image-tor.canadiana.ca/iiif/2/69429%2Fc0h12v40tr8v
1126	p. 1-272	https://image-tor.canadiana.ca/iiif/2/69429%2Fc0c824b3607f
1127	p. 1-273	https://image-tor.canadiana.ca/iiif/2/69429%2Fc07h1dj5j73w
1128	p. 1-274	https://image-tor.canadiana.ca/iiif/2/69429%2Fc03r0pr7wg23
1129	p. 1-275	https://image-tor.canadiana.ca/iiif/2/69429%2Fc00000007q0x
1130	p. 1-276	https://image-tor.canadiana.ca/iiif/2/69429%2Fc0v69862mc9k
1131	p. 1-277	https://image-tor.canadiana.ca/iiif/2/69429%2Fc0qf8jd4zm76
1132	p. 1-278	https://image-tor.canadiana.ca/iiif/2/69429%2Fc0ks6j10510d
1133	p. 1-279	https://image-tor.canadiana.ca/iiif/2/69429%2Fc0g15t72h772
1134	p. 1-280	https://image-tor.canadiana.ca/iiif/2/69429%2Fc0b853f4vg52
1135	p. 1-281	https://image-tor.canadiana.ca/iiif/2/69429%2Fc06h4cn76q4r
1136	p. 1-282	https://image-tor.canadiana.ca/iiif/2/69429%2Fc02r3nv9jz2c
1137	p. 1-283	https://image-tor.canadiana.ca/iiif/2/69429%2Fc0z02z31xn01
1138	p. 1-284	https://image-tor.canadiana.ca/iiif/2/69429%2Fc0t727948v9d
1139	p. 1-285	https://image-tor.canadiana.ca/iiif/2/69429%2Fc0pk06w9g823
1140	p. 1-286	https://image-tor.canadiana.ca/iiif/2/69429%2Fc0js9h41tg9x
1141	p. 1-287	https://image-tor.canadiana.ca/iiif/2/69429%2Fc0f18sb45q6r
1142	p. 1-288	https://image-tor.canadiana.ca/iiif/2/69429%2Fc09882j6hz6x
1143	p. 1-289	https://image-tor.canadiana.ca/iiif/2/69429%2Fc05h7br8w63g
1144	p. 1-290	https://image-tor.canadiana.ca/iiif/2/69429%2Fc01r6n017f1m
1145	p. 1-291	https://image-tor.canadiana.ca/iiif/2/69429%2Fc0x05x63m40t
1146	p. 1-292	https://image-tor.canadiana.ca/iiif/2/69429%2Fc0sb3ws8sh39
1147	p. 1-293	https://image-tor.canadiana.ca/iiif/2/69429%2Fc0nk36114r1t
1148	p. 1-294	https://image-tor.canadiana.ca/iiif/2/69429%2Fc0ht2g73gz9r
1149	p. 1-295	https://image-tor.canadiana.ca/iiif/2/69429%2Fc0d21rf5v68s
1150	p. 1-296	https://image-tor.canadiana.ca/iiif/2/69429%2Fc08911n86f68
1151	p. 1-297	https://image-tor.canadiana.ca/iiif/2/69429%2Fc04j09w0jp3x
1152	p. 1-298	https://image-tor.canadiana.ca/iiif/2/69429%2Fc00r9m32wx1d
1153	p. 1-299	https://image-tor.canadiana.ca/iiif/2/69429%2Fc0w37kp83r6j
1154	p. 1-300	https://image-tor.canadiana.ca/iiif/2/69429%2Fc0rb6vx0g03q
1155	p. 1-301	https://image-tor.canadiana.ca/iiif/2/69429%2Fc0mk6542t714
1156	p. 1-302	https://image-tor.canadiana.ca/iiif/2/69429%2Fc0gt5fb55g0t
1157	p. 1-303	https://image-tor.canadiana.ca/iiif/2/69429%2Fc0c24qj7hp82
1158	p. 1-304	https://image-tor.canadiana.ca/iiif/2/69429%2Fc07940r9vx4w
1159	p. 1-305	https://image-tor.canadiana.ca/iiif/2/69429%2Fc03j39027534
1160	p. 1-306	https://image-tor.canadiana.ca/iiif/2/69429%2Fc0zw18k7f07w
1161	p. 1-307	https://image-tor.canadiana.ca/iiif/2/69429%2Fc0v40js9s747
1162	p. 1-308	https://image-tor.canadiana.ca/iiif/2/69429%2Fc0qb9v124g3d
1163	p. 1-309	https://image-tor.canadiana.ca/iiif/2/69429%2Fc0kk9474gq3k
1164	p. 1-310	https://image-tor.canadiana.ca/iiif/2/69429%2Fc0ft8df6tx9b
1165	p. 1-311	https://image-tor.canadiana.ca/iiif/2/69429%2Fc0b27pn9658v
1166	p. 1-312	https://image-tor.canadiana.ca/iiif/2/69429%2Fc0696zw1jd5h
1167	p. 1-313	https://image-tor.canadiana.ca/iiif/2/69429%2Fc02n4zg6qs7t
1168	p. 1-314	https://image-tor.canadiana.ca/iiif/2/69429%2Fc0xw47p93g75
1169	p. 1-315	https://image-tor.canadiana.ca/iiif/2/69429%2Fc0t43hx1fq5q
1170	p. 1-316	https://image-tor.canadiana.ca/iiif/2/69429%2Fc0pc2t43sz4b
1171	p. 1-317	https://image-tor.canadiana.ca/iiif/2/69429%2Fc0jm23b6562b
1172	p. 1-318	https://image-tor.canadiana.ca/iiif/2/69429%2Fc0dv1cj8hf0z
1173	p. 1-319	https://image-tor.canadiana.ca/iiif/2/69429%2Fc0930ns0vn8t
1174	p. 1-320	https://image-tor.canadiana.ca/iiif/2/69429%2Fc05d8nc62208
1175	p. 1-321	https://image-tor.canadiana.ca/iiif/2/69429%2Fc01n7xk8d87m
1176	p. 1-322	https://image-tor.canadiana.ca/iiif/2/69429%2Fc0ww76t0rz9r
1177	p. 1-323	https://image-tor.canadiana.ca/iiif/2/69429%2Fc0s46h13468p
1178	p. 1-324	https://image-tor.canadiana.ca/iiif/2/69429%2Fc0nc5s75gf5q
1179	p. 1-325	https://image-tor.canadiana.ca/iiif/2/69429%2Fc0hm52f7tp24
1180	p. 1-326	https://image-tor.canadiana.ca/iiif/2/69429%2Fc0cz32231242
1181	p. 1-327	https://image-tor.canadiana.ca/iiif/2/69429%2Fc0862b85c920
1182	p. 1-328	https://image-tor.canadiana.ca/iiif/2/69429%2Fc04f1mg7qh9b
1183	p. 1-329	https://image-tor.canadiana.ca/iiif/2/69429%2Fc00p0wq02r8n
1184	p. 1-330	https://image-tor.canadiana.ca/iiif/2/69429%2Fc0vx05x2ff93
1185	p. 1-331	https://image-tor.canadiana.ca/iiif/2/69429%2Fc0r49g44sp5q
1186	p. 1-332	https://image-tor.canadiana.ca/iiif/2/69429%2Fc0mc8rb74x4d
1187	p. 1-333	https://image-tor.canadiana.ca/iiif/2/69429%2Fc0gq6qz2b96f
1188	p. 1-334	https://image-tor.canadiana.ca/iiif/2/69429%2Fc0bz6154pj4v
1189	p. 1-335	https://image-tor.canadiana.ca/iiif/2/69429%2Fc07659c71s28
1190	p. 1-336	https://image-tor.canadiana.ca/iiif/2/69429%2Fc03f4kk9d110
1191	p. 1-337	https://image-tor.canadiana.ca/iiif/2/69429%2Fc0zp3vt1rq00
1192	p. 1-338	https://image-tor.canadiana.ca/iiif/2/69429%2Fc0tx35143x86
1193	p. 1-339	https://image-tor.canadiana.ca/iiif/2/69429%2Fc0q52f76g552
1194	p. 1-340	https://image-tor.canadiana.ca/iiif/2/69429%2Fc0kh0dv1nj85
1195	p. 1-341	https://image-tor.canadiana.ca/iiif/2/69429%2Fc0fq9q240s7q
1196	p. 1-342	https://image-tor.canadiana.ca/iiif/2/69429%2Fc09z9086c132
1197	p. 1-343	https://image-tor.canadiana.ca/iiif/2/69429%2Fc06688g8q835
1198	p. 1-344	https://image-tor.canadiana.ca/iiif/2/69429%2Fc02f7jq12h1w
1199	p. 1-345	https://image-tor.canadiana.ca/iiif/2/69429%2Fc0xp6tx3f60s
1200	p. 1-346	https://image-tor.canadiana.ca/iiif/2/69429%2Fc0sx6445sd8h
1201	p. 1-347	https://image-tor.canadiana.ca/iiif/2/69429%2Fc0p843r0zt01
1202	p. 1-348	https://image-tor.canadiana.ca/iiif/2/69429%2Fc0jh3cz3b18z
1203	p. 1-349	https://image-tor.canadiana.ca/iiif/2/69429%2Fc0dr2p55p85d
1204	p. 1-350	https://image-tor.canadiana.ca/iiif/2/69429%2Fc0901zc81h4d
1205	p. 1-351	https://image-tor.canadiana.ca/iiif/2/69429%2Fc05717m0cr21
1206	p. 1-352	https://image-tor.canadiana.ca/iiif/2/69429%2Fc01g0ht2qz8s
1207	p. 1-353	https://image-tor.canadiana.ca/iiif/2/69429%2Fc0wp9t153n96
1208	p. 1-354	https://image-tor.canadiana.ca/iiif/2/69429%2Fc0s17sn0922t
1209	p. 1-355	https://image-tor.canadiana.ca/iiif/2/69429%2Fc0n872v2n89j
1210	p. 1-356	https://image-tor.canadiana.ca/iiif/2/69429%2Fc0hh6c250h6g
1211	p. 1-357	https://image-tor.canadiana.ca/iiif/2/69429%2Fc0cr5n87br68
1212	p. 1-358	https://image-tor.canadiana.ca/iiif/2/69429%2Fc0804xg9q04q
1213	p. 1-359	https://image-tor.canadiana.ca/iiif/2/69429%2Fc04746q22717
1214	p. 1-360	https://image-tor.canadiana.ca/iiif/2/69429%2Fc00g3gx4df95
1215	p. 1-361	https://image-tor.canadiana.ca/iiif/2/69429%2Fc0vt1gh9m956
1216	p. 1-362	https://image-tor.canadiana.ca/iiif/2/69429%2Fc0r20rr1zj3r
1217	p. 1-363	https://image-tor.canadiana.ca/iiif/2/69429%2Fc0m901z49r9c
1218	p. 1-364	https://image-tor.canadiana.ca/iiif/2/69429%2Fc0gh9b56p09j
1219	p. 1-365	https://image-tor.canadiana.ca/iiif/2/69429%2Fc0br8mc9175g
1220	p. 1-366	https://image-tor.canadiana.ca/iiif/2/69429%2Fc0707wm1cg31
1221	p. 1-367	https://image-tor.canadiana.ca/iiif/2/69429%2Fc03775t3qq0f
1222	p. 1-368	https://image-tor.canadiana.ca/iiif/2/69429%2Fc0zk55d8xj6s
1223	p. 1-369	https://image-tor.canadiana.ca/iiif/2/69429%2Fc0tt4fn18s3x
1224	p. 1-370	https://image-tor.canadiana.ca/iiif/2/69429%2Fc0q23qv3n11c
1225	p. 1-371	https://image-tor.canadiana.ca/iiif/2/69429%2Fc0k93126080v
1226	p. 1-372	https://image-tor.canadiana.ca/iiif/2/69429%2Fc0fj2988bg8s
1227	p. 1-373	https://image-tor.canadiana.ca/iiif/2/69429%2Fc09s1kh0pq5f
1228	p. 1-374	https://image-tor.canadiana.ca/iiif/2/69429%2Fc0610vq31z4f
1229	p. 1-375	https://image-tor.canadiana.ca/iiif/2/69429%2Fc02b8v987b6q
1230	p. 1-376	https://image-tor.canadiana.ca/iiif/2/69429%2Fc0xk84j0m15m
1231	p. 1-377	https://image-tor.canadiana.ca/iiif/2/69429%2Fc0st7dr2z82n
1232	p. 1-378	https://image-tor.canadiana.ca/iiif/2/69429%2Fc0p26pz59h27
1233	p. 1-379	https://image-tor.canadiana.ca/iiif/2/69429%2Fc0j96057nr0n
1234	p. 1-380	https://image-tor.canadiana.ca/iiif/2/69429%2Fc0dj58d00z8p
1235	p. 1-381	https://image-tor.canadiana.ca/iiif/2/69429%2Fc08s4jm2c657
1236	p. 1-382	https://image-tor.canadiana.ca/iiif/2/69429%2Fc0542j67jk7v
1237	p. 1-383	https://image-tor.canadiana.ca/iiif/2/69429%2Fc01c1td9wt5g
1238	p. 1-384	https://image-tor.canadiana.ca/iiif/2/69429%2Fc0wm13n28h5f
1239	p. 1-385	https://image-tor.canadiana.ca/iiif/2/69429%2Fc0rv0cv4mr57
1240	p. 1-386	https://image-tor.canadiana.ca/iiif/2/69429%2Fc0n29p27001v
1241	p. 1-387	https://image-tor.canadiana.ca/iiif/2/69429%2Fc0h98z89b702
1242	p. 1-388	https://image-tor.canadiana.ca/iiif/2/69429%2Fc0cn6xw4hm2k
1243	p. 1-389	https://image-tor.canadiana.ca/iiif/2/69429%2Fc07w6736vv00
1244	p. 1-390	https://image-tor.canadiana.ca/iiif/2/69429%2Fc0445h997287
1245	p. 1-391	https://image-tor.canadiana.ca/iiif/2/69429%2Fc00c4sj1k96g
1246	p. 1-392	https://image-tor.canadiana.ca/iiif/2/69429%2Fc0vm42r3z06b
1247	p. 1-393	https://image-tor.canadiana.ca/iiif/2/69429%2Fc0qv3bz6974f
1248	p. 1-1	https://image-tor.canadiana.ca/iiif/2/69429%2Fc0m32n58ng16
1249	p. 1-2	https://image-tor.canadiana.ca/iiif/2/69429%2Fc0gf0ms3tv3q
1250	p. 1-3	https://image-tor.canadiana.ca/iiif/2/69429%2Fc0bn9x06632s
1251	p. 1-4	https://image-tor.canadiana.ca/iiif/2/69429%2Fc06w9668j99h
1252	p. 1-5	https://image-tor.canadiana.ca/iiif/2/69429%2Fc0348gf0wj8n
1253	p. 1-6	https://image-tor.canadiana.ca/iiif/2/69429%2Fc0zc7rn38796
1254	p. 1-7	https://image-tor.canadiana.ca/iiif/2/69429%2Fc0tm71v5mg6m
1255	p. 1-8	https://image-tor.canadiana.ca/iiif/2/69429%2Fc0pv6b27zq4n
1256	p. 1-9	https://image-tor.canadiana.ca/iiif/2/69429%2Fc0k649p3536g
1257	p. 1-10	https://image-tor.canadiana.ca/iiif/2/69429%2Fc0ff3kw5hb43
1258	p. 1-11	https://image-tor.canadiana.ca/iiif/2/69429%2Fc09p2w37vk1j
1259	p. 1-12	https://image-tor.canadiana.ca/iiif/2/69429%2Fc05x25b06s9z
1260	p. 1-13	https://image-tor.canadiana.ca/iiif/2/69429%2Fc0251fj2k180
1261	p. 1-14	https://image-tor.canadiana.ca/iiif/2/69429%2Fc0xd0qr4xq6s
1262	p. 1-15	https://image-tor.canadiana.ca/iiif/2/69429%2Fc0sn00z78z6f
1263	p. 1-16	https://image-tor.canadiana.ca/iiif/2/69429%2Fc0nz80k2gb8b
1264	p. 1-17	https://image-tor.canadiana.ca/iiif/2/69429%2Fc0j678s4tk5p
1265	p. 1-18	https://image-tor.canadiana.ca/iiif/2/69429%2Fc0df6k075t2m
1266	p. 1-19	https://image-tor.canadiana.ca/iiif/2/69429%2Fc08p5v69j22x
1267	p. 1-20	https://image-tor.canadiana.ca/iiif/2/69429%2Fc04x54f1w90j
1268	p. 1-21	https://image-tor.canadiana.ca/iiif/2/69429%2Fc0154dn47h88
1269	p. 1-22	https://image-tor.canadiana.ca/iiif/2/69429%2Fc0wd3pv6m68r
1270	p. 1-23	https://image-tor.canadiana.ca/iiif/2/69429%2Fc0rr1pg1sk93
1271	p. 1-24	https://image-tor.canadiana.ca/iiif/2/69429%2Fc0n00zp44t83
1272	p. 1-25	https://image-tor.canadiana.ca/iiif/2/69429%2Fc0h707w6h24f
1273	p. 1-26	https://image-tor.canadiana.ca/iiif/2/69429%2Fc0cf9j38v93h
1274	p. 1-27	https://image-tor.canadiana.ca/iiif/2/69429%2Fc07p8tb16j3d
1275	p. 1-28	https://image-tor.canadiana.ca/iiif/2/69429%2Fc03x83j3js0t
1276	p. 1-29	https://image-tor.canadiana.ca/iiif/2/69429%2Fc0057cr5x095
1277	p. 1-30	https://image-tor.canadiana.ca/iiif/2/69429%2Fc0vh5cc13v21
1278	p. 1-31	https://image-tor.canadiana.ca/iiif/2/69429%2Fc0qr4nk3g305
1279	p. 1-32	https://image-tor.canadiana.ca/iiif/2/69429%2Fc0m03xs5t98d
1280	p. 1-33	https://image-tor.canadiana.ca/iiif/2/69429%2Fc0g737085j7w
1281	p. 1-34	https://image-tor.canadiana.ca/iiif/2/69429%2Fc0bg2h70hs6q
1282	p. 1-35	https://image-tor.canadiana.ca/iiif/2/69429%2Fc06q1sf2w12p
1283	p. 1-36	https://image-tor.canadiana.ca/iiif/2/69429%2Fc02z12n5781r
1284	p. 1-37	https://image-tor.canadiana.ca/iiif/2/69429%2Fc0z89280f34q
1285	p. 1-38	https://image-tor.canadiana.ca/iiif/2/69429%2Fc0th8bg2sb1r
1286	p. 1-39	https://image-tor.canadiana.ca/iiif/2/69429%2Fc0pr7mp54j8k
1287	p. 1-40	https://image-tor.canadiana.ca/iiif/2/69429%2Fc0k06ww7gs8p
1288	p. 1-41	https://image-tor.canadiana.ca/iiif/2/69429%2Fc0f76639v16m
1289	p. 1-42	https://image-tor.canadiana.ca/iiif/2/69429%2Fc09g5gb2685x
1290	p. 1-43	https://image-tor.canadiana.ca/iiif/2/69429%2Fc05q4rj4jh3j
1291	p. 1-44	https://image-tor.canadiana.ca/iiif/2/69429%2Fc0222r49qw30
1292	p. 1-45	https://image-tor.canadiana.ca/iiif/2/69429%2Fc0x921c23k4j
1293	p. 1-46	https://image-tor.canadiana.ca/iiif/2/69429%2Fc0sj19k4ft1k
1294	p. 1-47	https://image-tor.canadiana.ca/iiif/2/69429%2Fc0ns0ks6t21w
1295	p. 1-48	https://image-tor.canadiana.ca/iiif/2/69429%2Fc0j09w09589g
1296	p. 1-49	https://image-tor.canadiana.ca/iiif/2/69429%2Fc0d79571hh73
1297	p. 1-50	https://image-tor.canadiana.ca/iiif/2/69429%2Fc08g8ff3vr5q
1298	p. 1-51	https://image-tor.canadiana.ca/iiif/2/69429%2Fc04t6f192471
1299	p. 1-52	https://image-tor.canadiana.ca/iiif/2/69429%2Fc0125q81dc40
1300	p. 1-53	https://image-tor.canadiana.ca/iiif/2/69429%2Fc0w950g3s24v
1301	p. 1-54	https://image-tor.canadiana.ca/iiif/2/69429%2Fc0rj48p6493j
1302	p. 1-55	https://image-tor.canadiana.ca/iiif/2/69429%2Fc0ms3jw8gj2r
1303	p. 1-56	https://image-tor.canadiana.ca/iiif/2/69429%2Fc0h12v40tr9f
1304	p. 1-57	https://image-tor.canadiana.ca/iiif/2/69429%2Fc0cc0tq61511
1305	p. 1-58	https://image-tor.canadiana.ca/iiif/2/69429%2Fc07m03x8cc9b
1306	p. 1-59	https://image-tor.canadiana.ca/iiif/2/69429%2Fc03t9d50qm6v
1307	p. 1-60	https://image-tor.canadiana.ca/iiif/2/69429%2Fc0028pc32v48
1308	p. 1-61	https://image-tor.canadiana.ca/iiif/2/69429%2Fc0v97zk5fj6x
1309	p. 1-62	https://image-tor.canadiana.ca/iiif/2/69429%2Fc0qj77s7ss2r
1310	p. 1-63	https://image-tor.canadiana.ca/iiif/2/69429%2Fc0ks6j105110
1311	p. 1-64	https://image-tor.canadiana.ca/iiif/2/69429%2Fc0g44hm5bd36
1312	p. 1-65	https://image-tor.canadiana.ca/iiif/2/69429%2Fc0bc3st7pn07
1313	p. 1-66	https://image-tor.canadiana.ca/iiif/2/69429%2Fc06m33201v82
1314	p. 1-67	https://image-tor.canadiana.ca/iiif/2/69429%2Fc02v2c82d366
1315	p. 1-68	https://image-tor.canadiana.ca/iiif/2/69429%2Fc0z31ng4rs8n
1316	p. 1-69	https://image-tor.canadiana.ca/iiif/2/69429%2Fc0tb0xp7415p
1317	p. 1-70	https://image-tor.canadiana.ca/iiif/2/69429%2Fc0pk06w9g83p
1318	p. 1-71	https://image-tor.canadiana.ca/iiif/2/69429%2Fc0jw86h4nn6n
1319	p. 1-72	https://image-tor.canadiana.ca/iiif/2/69429%2Fc0f47gq70w42
1320	p. 1-73	https://image-tor.canadiana.ca/iiif/2/69429%2Fc09c6rx9c401
1321	p. 1-74	https://image-tor.canadiana.ca/iiif/2/69429%2Fc05m6251qb8c
1322	p. 1-75	https://image-tor.canadiana.ca/iiif/2/69429%2Fc01v5bc42k6g
1323	p. 1-76	https://image-tor.canadiana.ca/iiif/2/69429%2Fc0x34mk6f868
1324	p. 1-77	https://image-tor.canadiana.ca/iiif/2/69429%2Fc0sb3ws8sh4w
1325	p. 1-78	https://image-tor.canadiana.ca/iiif/2/69429%2Fc0np1wd3zw6t
1326	p. 1-79	https://image-tor.canadiana.ca/iiif/2/69429%2Fc0hx15m6b44t
1327	p. 1-80	https://image-tor.canadiana.ca/iiif/2/69429%2Fc0d50ft8pc0k
1328	p. 1-81	https://image-tor.canadiana.ca/iiif/2/69429%2Fc08c9r211k92
1329	p. 1-82	https://image-tor.canadiana.ca/iiif/2/69429%2Fc04m9183ct97
1330	p. 1-83	https://image-tor.canadiana.ca/iiif/2/69429%2Fc00v89g5r256
1331	p. 1-84	https://image-tor.canadiana.ca/iiif/2/69429%2Fc0w37kp83r74
1332	p. 1-85	https://image-tor.canadiana.ca/iiif/2/69429%2Fc0rf5k93949k
1333	p. 1-86	https://image-tor.canadiana.ca/iiif/2/69429%2Fc0mp4vh5nc6m
1334	p. 1-87	https://image-tor.canadiana.ca/iiif/2/69429%2Fc0gx44q80m3h
1335	p. 1-88	https://image-tor.canadiana.ca/iiif/2/69429%2Fc0c53dz0bv12
1336	p. 1-89	https://image-tor.canadiana.ca/iiif/2/69429%2Fc07d2q52q31s
1337	p. 1-90	https://image-tor.canadiana.ca/iiif/2/69429%2Fc03n20c52980
1338	p. 1-91	https://image-tor.canadiana.ca/iiif/2/69429%2Fc0zw18k7f08g
1339	p. 1-92	https://image-tor.canadiana.ca/iiif/2/69429%2Fc0v69862md0v
1340	p. 1-93	https://image-tor.canadiana.ca/iiif/2/69429%2Fc0qf8jd4zm8s
1341	p. 1-94	https://image-tor.canadiana.ca/iiif/2/69429%2Fc0kp7tm79v4q
1342	p. 1-95	https://image-tor.canadiana.ca/iiif/2/69429%2Fc0fx73t9p34d
1343	p. 1-96	https://image-tor.canadiana.ca/iiif/2/69429%2Fc0b56d221b2v
1344	p. 1-97	https://image-tor.canadiana.ca/iiif/2/69429%2Fc06d5p84ck0g
1345	p. 1-98	https://image-tor.canadiana.ca/iiif/2/69429%2Fc02n4zg6qs8d
1346	p. 1-99	https://image-tor.canadiana.ca/iiif/2/69429%2Fc0z02z31xn1m
1347	p. 1-100	https://image-tor.canadiana.ca/iiif/2/69429%2Fc0t727948w0p
1348	p. 1-101	https://image-tor.canadiana.ca/iiif/2/69429%2Fc0pg1hh6n36z
1349	p. 1-102	https://image-tor.canadiana.ca/iiif/2/69429%2Fc0jq0sq90b5n
1350	p. 1-103	https://image-tor.canadiana.ca/iiif/2/69429%2Fc0dz02z1bk5f
1351	p. 1-104	https://image-tor.canadiana.ca/iiif/2/69429%2Fc0959c53pt12
1352	p. 1-105	https://image-tor.canadiana.ca/iiif/2/69429%2Fc05d8nc6221v
1353	p. 1-106	https://image-tor.canadiana.ca/iiif/2/69429%2Fc01r6n017f26
1354	p. 1-107	https://image-tor.canadiana.ca/iiif/2/69429%2Fc0x05x63m41d
1355	p. 1-108	https://image-tor.canadiana.ca/iiif/2/69429%2Fc0s756d5zb84
1356	p. 1-109	https://image-tor.canadiana.ca/iiif/2/69429%2Fc0ng4gm89k8d
1357	p. 1-110	https://image-tor.canadiana.ca/iiif/2/69429%2Fc0hq3rv0nt77
1358	p. 1-111	https://image-tor.canadiana.ca/iiif/2/69429%2Fc0cz3223125n
1359	p. 1-112	https://image-tor.canadiana.ca/iiif/2/69429%2Fc0862b85c93k
1360	p. 1-113	https://image-tor.canadiana.ca/iiif/2/69429%2Fc04j09w0jp4h
1361	p. 1-114	https://image-tor.canadiana.ca/iiif/2/69429%2Fc00r9m32wx20
1362	p. 1-115	https://image-tor.canadiana.ca/iiif/2/69429%2Fc0w08w958m03
1363	p. 1-116	https://image-tor.canadiana.ca/iiif/2/69429%2Fc0r785h7mv08
1364	p. 1-117	https://image-tor.canadiana.ca/iiif/2/69429%2Fc0mg7fr0028t
1365	p. 1-118	https://image-tor.canadiana.ca/iiif/2/69429%2Fc0gq6qz2b971
1366	p. 1-119	https://image-tor.canadiana.ca/iiif/2/69429%2Fc0bz6154pj5f
1367	p. 1-120	https://image-tor.canadiana.ca/iiif/2/69429%2Fc07940r9vx5g
1368	p. 1-121	https://image-tor.canadiana.ca/iiif/2/69429%2Fc03j3902754q
1369	p. 1-122	https://image-tor.canadiana.ca/iiif/2/69429%2Fc0zs2k64kv4p
1370	p. 1-123	https://image-tor.canadiana.ca/iiif/2/69429%2Fc0v11vd6z33q
1371	p. 1-124	https://image-tor.canadiana.ca/iiif/2/69429%2Fc0q814m99b2s
1372	p. 1-125	https://image-tor.canadiana.ca/iiif/2/69429%2Fc0kh0dv1nj9r
1373	p. 1-126	https://image-tor.canadiana.ca/iiif/2/69429%2Fc0ft8df6tz0m
1374	p. 1-127	https://image-tor.canadiana.ca/iiif/2/69429%2Fc0b27pn9659f
1375	p. 1-128	https://image-tor.canadiana.ca/iiif/2/69429%2Fc0696zw1jd63
1376	p. 1-129	https://image-tor.canadiana.ca/iiif/2/69429%2Fc02j6833wn3x
1377	p. 1-130	https://image-tor.canadiana.ca/iiif/2/69429%2Fc0xs5j968b52
1378	p. 1-131	https://image-tor.canadiana.ca/iiif/2/69429%2Fc0t14th8mk30
1379	p. 1-132	https://image-tor.canadiana.ca/iiif/2/69429%2Fc0p843r0zt1m
1380	p. 1-133	https://image-tor.canadiana.ca/iiif/2/69429%2Fc0jm23b6563x
1381	p. 1-134	https://image-tor.canadiana.ca/iiif/2/69429%2Fc0dv1cj8hf1j
1382	p. 1-135	https://image-tor.canadiana.ca/iiif/2/69429%2Fc0930ns0vn9d
1383	p. 1-136	https://image-tor.canadiana.ca/iiif/2/69429%2Fc0599z036w6s
1384	p. 1-137	https://image-tor.canadiana.ca/iiif/2/69429%2Fc01j9765k46g
1385	p. 1-138	https://image-tor.canadiana.ca/iiif/2/69429%2Fc0ws8hd7xt48
1386	p. 1-139	https://image-tor.canadiana.ca/iiif/2/69429%2Fc0s17sn0923d
1387	p. 1-140	https://image-tor.canadiana.ca/iiif/2/69429%2Fc0nc5s75gf69
1388	p. 1-141	https://image-tor.canadiana.ca/iiif/2/69429%2Fc0hm52f7tp3q
1389	p. 1-142	https://image-tor.canadiana.ca/iiif/2/69429%2Fc0cv4bp05x0v
1390	p. 1-143	https://image-tor.canadiana.ca/iiif/2/69429%2Fc0833mw2j48m
1391	p. 1-144	https://image-tor.canadiana.ca/iiif/2/69429%2Fc04b2x34wc77
1392	p. 1-145	https://image-tor.canadiana.ca/iiif/2/69429%2Fc00k26977m5q
1393	p. 1-146	https://image-tor.canadiana.ca/iiif/2/69429%2Fc0vt1gh9m96s
1394	p. 1-147	https://image-tor.canadiana.ca/iiif/2/69429%2Fc0r49g44sp69
1395	p. 1-148	https://image-tor.canadiana.ca/iiif/2/69429%2Fc0mc8rb74x50
1396	p. 1-149	https://image-tor.canadiana.ca/iiif/2/69429%2Fc0gm81j9h51b
1397	p. 1-150	https://image-tor.canadiana.ca/iiif/2/69429%2Fc0bv79s1vd05
1398	p. 1-151	https://image-tor.canadiana.ca/iiif/2/69429%2Fc0736m046m9w
1399	p. 1-152	https://image-tor.canadiana.ca/iiif/2/69429%2Fc03b5w66jv6x
1400	p. 1-153	https://image-tor.canadiana.ca/iiif/2/69429%2Fc0zk55d8xj7c
1401	p. 1-154	https://image-tor.canadiana.ca/iiif/2/69429%2Fc0tx35143x9s
1402	p. 1-155	https://image-tor.canadiana.ca/iiif/2/69429%2Fc0q52f76g56n
1403	p. 1-156	https://image-tor.canadiana.ca/iiif/2/69429%2Fc0kd1qf8td3p
1404	p. 1-157	https://image-tor.canadiana.ca/iiif/2/69429%2Fc0fn10p15n1s
1405	p. 1-158	https://image-tor.canadiana.ca/iiif/2/69429%2Fc09w08w3hw1k
1406	p. 1-159	https://image-tor.canadiana.ca/iiif/2/69429%2Fc0639k35w371
1407	p. 1-160	https://image-tor.canadiana.ca/iiif/2/69429%2Fc02b8v987b79
1408	p. 1-161	https://image-tor.canadiana.ca/iiif/2/69429%2Fc0xp6tx3f61c
1409	p. 1-162	https://image-tor.canadiana.ca/iiif/2/69429%2Fc0sx6445sd93
1410	p. 1-163	https://image-tor.canadiana.ca/iiif/2/69429%2Fc0p55db84n6x
1411	p. 1-164	https://image-tor.canadiana.ca/iiif/2/69429%2Fc0jd4pk0gw45
1412	p. 1-165	https://image-tor.canadiana.ca/iiif/2/69429%2Fc0dn3zs2v429
1413	p. 1-166	https://image-tor.canadiana.ca/iiif/2/69429%2Fc08w38056c06
1414	p. 1-167	https://image-tor.canadiana.ca/iiif/2/69429%2Fc0542j67jk8f
1415	p. 1-168	https://image-tor.canadiana.ca/iiif/2/69429%2Fc01g0ht2qz9c
1416	p. 1-169	https://image-tor.canadiana.ca/iiif/2/69429%2Fc0wp9t153p0g
1417	p. 1-170	https://image-tor.canadiana.ca/iiif/2/69429%2Fc0rx9377fw6m
1418	p. 1-171	https://image-tor.canadiana.ca/iiif/2/69429%2Fc0n58cf9t467
1419	unnumbered	https://image-tor.canadiana.ca/iiif/2/69429%2Fc0hd7np25c5j
1420	blank page	https://image-tor.canadiana.ca/iiif/2/69429%2Fc0cn6xw4hm35
1421	p. 1-3	https://image-tor.canadiana.ca/iiif/2/69429%2Fc07w6736vv1k
1422	p. 1-4	https://image-tor.canadiana.ca/iiif/2/69429%2Fc04746q2272t
1423	p. 1-5	https://image-tor.canadiana.ca/iiif/2/69429%2Fc00g3gx4dg0f
1424	p. 1-6	https://image-tor.canadiana.ca/iiif/2/69429%2Fc0vq2s46s48g
1425	p. 1-7	https://image-tor.canadiana.ca/iiif/2/69429%2Fc0qz22b94c7j
1426	p. 1-8	https://image-tor.canadiana.ca/iiif/2/69429%2Fc0m61bk1gm78
1427	p. 1-9	https://image-tor.canadiana.ca/iiif/2/69429%2Fc0gf0ms3tv49
1428	p. 1-10	https://image-tor.canadiana.ca/iiif/2/69429%2Fc0bn9x06633c
1429	p. 1-11	https://image-tor.canadiana.ca/iiif/2/69429%2Fc0707wm1cg4m
1430	p. 1-12	https://image-tor.canadiana.ca/iiif/2/69429%2Fc03775t3qq11
1431	p. 1-13	https://image-tor.canadiana.ca/iiif/2/69429%2Fc0zg6g163d0t
1432	p. 1-14	https://image-tor.canadiana.ca/iiif/2/69429%2Fc0tq5r78fn0m
1433	p. 1-15	https://image-tor.canadiana.ca/iiif/2/69429%2Fc0pz51g0sv8j
1434	p. 1-16	https://image-tor.canadiana.ca/iiif/2/69429%2Fc0k649p35372
1435	p. 1-17	https://image-tor.canadiana.ca/iiif/2/69429%2Fc0fj2988bg9c
1436	p. 1-18	https://image-tor.canadiana.ca/iiif/2/69429%2Fc09s1kh0pq61
1437	p. 1-19	https://image-tor.canadiana.ca/iiif/2/69429%2Fc0610vq31z51
1438	p. 1-20	https://image-tor.canadiana.ca/iiif/2/69429%2Fc02804x5d61c
1439	p. 1-21	https://image-tor.canadiana.ca/iiif/2/69429%2Fc0xg9f47rw3c
1440	p. 1-22	https://image-tor.canadiana.ca/iiif/2/69429%2Fc0sq8qc0441m
1441	p. 1-23	https://image-tor.canadiana.ca/iiif/2/69429%2Fc0nz80k2gb9x
1442	p. 1-24	https://image-tor.canadiana.ca/iiif/2/69429%2Fc0j96057nr17
1443	p. 1-25	https://image-tor.canadiana.ca/iiif/2/69429%2Fc0dj58d00z98
1444	p. 1-26	https://image-tor.canadiana.ca/iiif/2/69429%2Fc08s4jm2c66t
1445	p. 1-27	https://image-tor.canadiana.ca/iiif/2/69429%2Fc0513tt4qf4r
1446	p. 1-28	https://image-tor.canadiana.ca/iiif/2/69429%2Fc01834172p37
1447	p. 1-29	https://image-tor.canadiana.ca/iiif/2/69429%2Fc0wh2d79fc3q
1448	p. 1-30	https://image-tor.canadiana.ca/iiif/2/69429%2Fc0rr1pg1sm0c
1449	p. 1-31	https://image-tor.canadiana.ca/iiif/2/69429%2Fc0n29p27002f
1450	p. 1-32	https://image-tor.canadiana.ca/iiif/2/69429%2Fc0h98z89b71n
1451	p. 1-33	https://image-tor.canadiana.ca/iiif/2/69429%2Fc0cj87h1pf7d
1452	p. 1-34	https://image-tor.canadiana.ca/iiif/2/69429%2Fc07s7hq41p4x
1453	p. 1-35	https://image-tor.canadiana.ca/iiif/2/69429%2Fc0416sx6cx41
1454	p. 1-36	https://image-tor.canadiana.ca/iiif/2/69429%2Fc0086348r51c
1455	p. 1-37	https://image-tor.canadiana.ca/iiif/2/69429%2Fc0vh5cc13v3m
1456	p. 1-38	https://image-tor.canadiana.ca/iiif/2/69429%2Fc0qv3bz69751
1457	p. 1-39	https://image-tor.canadiana.ca/iiif/2/69429%2Fc0m32n58ng2s
1458	p. 1-40	https://image-tor.canadiana.ca/iiif/2/69429%2Fc0gb1xd10p97
1459	p. 1-41	https://image-tor.canadiana.ca/iiif/2/69429%2Fc0bk16m3bx77
1460	p. 1-42	https://image-tor.canadiana.ca/iiif/2/69429%2Fc06t0gt5q57j
1461	p. 1-43	https://image-tor.canadiana.ca/iiif/2/69429%2Fc0319s182d47
1462	p. 1-44	https://image-tor.canadiana.ca/iiif/2/69429%2Fc0z89280f359
1463	p. 1-45	https://image-tor.canadiana.ca/iiif/2/69429%2Fc0tm71v5mg76
1464	p. 1-46	https://image-tor.canadiana.ca/iiif/2/69429%2Fc0pv6b27zq57
1465	p. 1-47	https://image-tor.canadiana.ca/iiif/2/69429%2Fc0k35m909z13
1466	p. 1-48	https://image-tor.canadiana.ca/iiif/2/69429%2Fc0fb4wh2p59j
1467	p. 1-49	https://image-tor.canadiana.ca/iiif/2/69429%2Fc09k45q51d8m
1468	p. 1-50	https://image-tor.canadiana.ca/iiif/2/69429%2Fc05t3fx7cn67
1469	p. 1-51	https://image-tor.canadiana.ca/iiif/2/69429%2Fc0222r49qw4k
1470	p. 1-52	https://image-tor.canadiana.ca/iiif/2/69429%2Fc0xd0qr4xq7c
1471	p. 1-53	https://image-tor.canadiana.ca/iiif/2/69429%2Fc0sn00z78z71
1472	p. 1-54	https://image-tor.canadiana.ca/iiif/2/69429%2Fc0nv9959n63v
1473	p. 1-55	https://image-tor.canadiana.ca/iiif/2/69429%2Fc0j38kd20f2g
1474	p. 1-56	https://image-tor.canadiana.ca/iiif/2/69429%2Fc0db7vm4bp28
1475	p. 1-57	https://image-tor.canadiana.ca/iiif/2/69429%2Fc08k74t6pw8d
1476	p. 1-58	https://image-tor.canadiana.ca/iiif/2/69429%2Fc04t6f19248m
1477	p. 1-59	https://image-tor.canadiana.ca/iiif/2/69429%2Fc0154dn47h9v
1478	p. 1-60	https://image-tor.canadiana.ca/iiif/2/69429%2Fc0wd3pv6m69b
1479	p. 1-61	https://image-tor.canadiana.ca/iiif/2/69429%2Fc0rn3028zf65
1480	p. 1-62	https://image-tor.canadiana.ca/iiif/2/69429%2Fc0mw28919p4w
1481	p. 1-63	https://image-tor.canadiana.ca/iiif/2/69429%2Fc0h41jh3nx40
1482	p. 1-64	https://image-tor.canadiana.ca/iiif/2/69429%2Fc0cc0tq6152m
1483	p. 1-65	https://image-tor.canadiana.ca/iiif/2/69429%2Fc07m03x8cd0m
1484	p. 1-66	https://image-tor.canadiana.ca/iiif/2/69429%2Fc03x83j3js1d
1485	p. 1-67	https://image-tor.canadiana.ca/iiif/2/69429%2Fc0057cr5x10f
1486	p. 1-68	https://image-tor.canadiana.ca/iiif/2/69429%2Fc0vd6nz88p81
1487	p. 1-69	https://image-tor.canadiana.ca/iiif/2/69429%2Fc0qn5z60mx78
1488	p. 1-70	https://image-tor.canadiana.ca/iiif/2/69429%2Fc0kw57d30558
1489	p. 1-71	https://image-tor.canadiana.ca/iiif/2/69429%2Fc0g44hm5bd4s
1490	p. 1-72	https://image-tor.canadiana.ca/iiif/2/69429%2Fc0bc3st7pn1t
1491	p. 1-73	https://image-tor.canadiana.ca/iiif/2/69429%2Fc06q1sf2w138
1492	p. 1-74	https://image-tor.canadiana.ca/iiif/2/69429%2Fc02z12n5782b
1493	p. 1-75	https://image-tor.canadiana.ca/iiif/2/69429%2Fc0z60bv7kz0f
1494	p. 1-76	https://image-tor.canadiana.ca/iiif/2/69429%2Fc0td9n29z59b
1495	p. 1-77	https://image-tor.canadiana.ca/iiif/2/69429%2Fc0pn8x929d97
1496	p. 1-78	https://image-tor.canadiana.ca/iiif/2/69429%2Fc0jw86h4nn77
1497	p. 1-79	https://image-tor.canadiana.ca/iiif/2/69429%2Fc0f76639v176
1498	p. 1-80	https://image-tor.canadiana.ca/iiif/2/69429%2Fc09g5gb2686h
1499	p. 1-81	https://image-tor.canadiana.ca/iiif/2/69429%2Fc05q4rj4jh44
1500	p. 1-82	https://image-tor.canadiana.ca/iiif/2/69429%2Fc01z41r6wr24
1501	p. 1-83	https://image-tor.canadiana.ca/iiif/2/69429%2Fc0x639z98f2d
1502	p. 1-84	https://image-tor.canadiana.ca/iiif/2/69429%2Fc0sf2m61mp02
1503	p. 1-85	https://image-tor.canadiana.ca/iiif/2/69429%2Fc0np1wd3zw7d
1504	p. 1-86	https://image-tor.canadiana.ca/iiif/2/69429%2Fc0j09w09590r
1505	p. 1-87	https://image-tor.canadiana.ca/iiif/2/69429%2Fc0d79571hh8p
1506	p. 1-88	https://image-tor.canadiana.ca/iiif/2/69429%2Fc08g8ff3vr69
1507	p. 1-89	https://image-tor.canadiana.ca/iiif/2/69429%2Fc04q7qn6702r
1508	p. 1-90	https://image-tor.canadiana.ca/iiif/2/69429%2Fc00z70v8k72x
1509	p. 1-91	https://image-tor.canadiana.ca/iiif/2/69429%2Fc0w66930xx1n
1510	p. 1-92	https://image-tor.canadiana.ca/iiif/2/69429%2Fc0rf5k93950v
1511	p. 1-93	https://image-tor.canadiana.ca/iiif/2/69429%2Fc0ms3jw8gj3b
1512	p. 1-94	https://image-tor.canadiana.ca/iiif/2/69429%2Fc0h12v40ts0q
1513	p. 1-95	https://image-tor.canadiana.ca/iiif/2/69429%2Fc0c824b36081
1514	p. 1-96	https://image-tor.canadiana.ca/iiif/2/69429%2Fc07h1dj5j74g
1515	p. 1-97	https://image-tor.canadiana.ca/iiif/2/69429%2Fc03r0pr7wg3p
1516	p. 1-98	https://image-tor.canadiana.ca/iiif/2/69429%2Fc00000007q1h
1517	p. 1-99	https://image-tor.canadiana.ca/iiif/2/69429%2Fc0v69862md1f
1518	p. 1-100	https://image-tor.canadiana.ca/iiif/2/69429%2Fc0qj77s7ss3b
1519	p. 1-101	https://image-tor.canadiana.ca/iiif/2/69429%2Fc0ks6j10512k
1520	p. 1-102	https://image-tor.canadiana.ca/iiif/2/69429%2Fc0g15t72h78n
1521	p. 1-103	https://image-tor.canadiana.ca/iiif/2/69429%2Fc0b853f4vg6n
1522	p. 1-104	https://image-tor.canadiana.ca/iiif/2/69429%2Fc06h4cn76q5b
1523	p. 1-105	https://image-tor.canadiana.ca/iiif/2/69429%2Fc02r3nv9jz3z
1524	p. 1-106	https://image-tor.canadiana.ca/iiif/2/69429%2Fc0z02z31xn26
1525	p. 1-107	https://image-tor.canadiana.ca/iiif/2/69429%2Fc0tb0xp74168
1526	p. 1-108	https://image-tor.canadiana.ca/iiif/2/69429%2Fc0pk06w9g848
1527	p. 1-109	https://image-tor.canadiana.ca/iiif/2/69429%2Fc0js9h41th06
1528	p. 1-110	https://image-tor.canadiana.ca/iiif/2/69429%2Fc0f18sb45q7b
1529	p. 1-111	https://image-tor.canadiana.ca/iiif/2/69429%2Fc09882j6hz7h
1530	p. 1-112	https://image-tor.canadiana.ca/iiif/2/69429%2Fc05h7br8w642
1531	p. 1-113	https://image-tor.canadiana.ca/iiif/2/69429%2Fc01r6n017f3s
1532	p. 1-114	https://image-tor.canadiana.ca/iiif/2/69429%2Fc0x34mk6f87v
1533	p. 1-115	https://image-tor.canadiana.ca/iiif/2/69429%2Fc0sb3ws8sh5g
1534	p. 1-116	https://image-tor.canadiana.ca/iiif/2/69429%2Fc0nk36114r2d
1535	p. 1-117	https://image-tor.canadiana.ca/iiif/2/69429%2Fc0ht2g73h00j
1536	p. 1-118	https://image-tor.canadiana.ca/iiif/2/69429%2Fc0d21rf5v69c
1537	p. 1-119	https://image-tor.canadiana.ca/iiif/2/69429%2Fc08911n86f7v
1538	p. 1-120	https://image-tor.canadiana.ca/iiif/2/69429%2Fc04j09w0jp53
1539	p. 1-121	https://image-tor.canadiana.ca/iiif/2/69429%2Fc00v89g5r26s
1540	p. 1-122	https://image-tor.canadiana.ca/iiif/2/69429%2Fc0w37kp83r8q
1541	p. 1-123	https://image-tor.canadiana.ca/iiif/2/69429%2Fc0rb6vx0g049
1542	p. 1-124	https://image-tor.canadiana.ca/iiif/2/69429%2Fc0mk6542t72q
1543	p. 1-125	https://image-tor.canadiana.ca/iiif/2/69429%2Fc0gt5fb55g1d
1544	p. 1-126	https://image-tor.canadiana.ca/iiif/2/69429%2Fc0c24qj7hp9n
1545	p. 1-127	https://image-tor.canadiana.ca/iiif/2/69429%2Fc07940r9vx62
1546	p. 1-128	https://image-tor.canadiana.ca/iiif/2/69429%2Fc03n20c5299k
1547	p. 1-129	https://image-tor.canadiana.ca/iiif/2/69429%2Fc0zw18k7f092
1548	p. 1-130	https://image-tor.canadiana.ca/iiif/2/69429%2Fc0v40js9s75t
1549	p. 1-131	https://image-tor.canadiana.ca/iiif/2/69429%2Fc0qb9v124g40
1550	p. 1-132	https://image-tor.canadiana.ca/iiif/2/69429%2Fc0kk9474gq45
1551	p. 1-133	https://image-tor.canadiana.ca/iiif/2/69429%2Fc0ft8df6tz16
1552	p. 1-134	https://image-tor.canadiana.ca/iiif/2/69429%2Fc0b27pn9660q
1553	p. 1-135	https://image-tor.canadiana.ca/iiif/2/69429%2Fc06d5p84ck12
1554	p. 1-136	https://image-tor.canadiana.ca/iiif/2/69429%2Fc02n4zg6qs90
1555	p. 1-137	https://image-tor.canadiana.ca/iiif/2/69429%2Fc0xw47p93g8r
1556	p. 1-138	https://image-tor.canadiana.ca/iiif/2/69429%2Fc0t43hx1fq69
1557	p. 1-139	https://image-tor.canadiana.ca/iiif/2/69429%2Fc0pc2t43sz5x
1558	p. 1-140	https://image-tor.canadiana.ca/iiif/2/69429%2Fc0jm23b6564h
1559	p. 1-141	https://image-tor.canadiana.ca/iiif/2/69429%2Fc0dv1cj8hf24
1560	p. 1-142	https://image-tor.canadiana.ca/iiif/2/69429%2Fc0959c53pt2n
1561	p. 1-143	https://image-tor.canadiana.ca/iiif/2/69429%2Fc05d8nc6222f
1562	p. 1-144	https://image-tor.canadiana.ca/iiif/2/69429%2Fc01n7xk8d886
1563	p. 1-145	https://image-tor.canadiana.ca/iiif/2/69429%2Fc0ww76t0s00j
1564	p. 1-146	https://image-tor.canadiana.ca/iiif/2/69429%2Fc0s46h134698
1565	p. 1-147	https://image-tor.canadiana.ca/iiif/2/69429%2Fc0nc5s75gf7w
1566	p. 1-148	https://image-tor.canadiana.ca/iiif/2/69429%2Fc0hq3rv0nt8t
1567	p. 1-149	https://image-tor.canadiana.ca/iiif/2/69429%2Fc0cz32231267
1568	p. 1-150	https://image-tor.canadiana.ca/iiif/2/69429%2Fc0862b85c945
1569	p. 1-151	https://image-tor.canadiana.ca/iiif/2/69429%2Fc04f1mg7qj0m
1570	p. 1-152	https://image-tor.canadiana.ca/iiif/2/69429%2Fc00p0wq02r97
1571	p. 1-153	https://image-tor.canadiana.ca/iiif/2/69429%2Fc0vx05x2fg0c
1572	p. 1-154	https://image-tor.canadiana.ca/iiif/2/69429%2Fc0r49g44sp7w
1573	p. 1-155	https://image-tor.canadiana.ca/iiif/2/69429%2Fc0mg7fr0029d
1574	p. 1-156	https://image-tor.canadiana.ca/iiif/2/69429%2Fc0gq6qz2b98m
1575	p. 1-157	https://image-tor.canadiana.ca/iiif/2/69429%2Fc0bz6154pj61
1576	p. 1-158	https://image-tor.canadiana.ca/iiif/2/69429%2Fc07659c71s3v
1577	p. 1-159	https://image-tor.canadiana.ca/iiif/2/69429%2Fc03f4kk9d12k
1578	p. 1-160	https://image-tor.canadiana.ca/iiif/2/69429%2Fc0zp3vt1rq1k
1579	p. 1-161	https://image-tor.canadiana.ca/iiif/2/69429%2Fc0tx35143z02
1580	p. 1-162	https://image-tor.canadiana.ca/iiif/2/69429%2Fc0q814m99b3c
1581	p. 1-163	https://image-tor.canadiana.ca/iiif/2/69429%2Fc0kh0dv1nk01
1582	p. 1-164	https://image-tor.canadiana.ca/iiif/2/69429%2Fc0fq9q240s89
1583	p. 1-165	https://image-tor.canadiana.ca/iiif/2/69429%2Fc09z9086c14n
1584	p. 1-166	https://image-tor.canadiana.ca/iiif/2/69429%2Fc06688g8q84r
1585	p. 1-167	https://image-tor.canadiana.ca/iiif/2/69429%2Fc02f7jq12h2g
1586	p. 1-168	https://image-tor.canadiana.ca/iiif/2/69429%2Fc0xp6tx3f62z
1587	p. 1-169	https://image-tor.canadiana.ca/iiif/2/69429%2Fc0t14th8mk4k
1588	p. 1-170	https://image-tor.canadiana.ca/iiif/2/69429%2Fc0p843r0zt26
1589	p. 1-171	https://image-tor.canadiana.ca/iiif/2/69429%2Fc0jh3cz3b19j
1590	p. 1-172	https://image-tor.canadiana.ca/iiif/2/69429%2Fc0dr2p55p860
1591	p. 1-173	https://image-tor.canadiana.ca/iiif/2/69429%2Fc0901zc81h50
1592	p. 1-174	https://image-tor.canadiana.ca/iiif/2/69429%2Fc05717m0cr3m
1593	p. 1-175	https://image-tor.canadiana.ca/iiif/2/69429%2Fc01g0ht2r005
1594	p. 1-176	https://image-tor.canadiana.ca/iiif/2/69429%2Fc0ws8hd7xt5v
1595	p. 1-177	https://image-tor.canadiana.ca/iiif/2/69429%2Fc0s17sn09240
1596	p. 1-178	https://image-tor.canadiana.ca/iiif/2/69429%2Fc0n872v2n90t
1597	p. 1-179	https://image-tor.canadiana.ca/iiif/2/69429%2Fc0hh6c250h72
1598	p. 1-180	https://image-tor.canadiana.ca/iiif/2/69429%2Fc0cr5n87br7v
1599	p. 1-181	https://image-tor.canadiana.ca/iiif/2/69429%2Fc0804xg9q059
1600	p. 1-182	https://image-tor.canadiana.ca/iiif/2/69429%2Fc04746q2273d
1601	p. 1-183	https://image-tor.canadiana.ca/iiif/2/69429%2Fc00k26977m69
1602	p. 1-184	https://image-tor.canadiana.ca/iiif/2/69429%2Fc0vt1gh9m97c
1603	p. 1-185	https://image-tor.canadiana.ca/iiif/2/69429%2Fc0r20rr1zj4b
1604	p. 1-186	https://image-tor.canadiana.ca/iiif/2/69429%2Fc0m901z49s0n
1605	p. 1-187	https://image-tor.canadiana.ca/iiif/2/69429%2Fc0gh9b56p10t
1606	p. 1-188	https://image-tor.canadiana.ca/iiif/2/69429%2Fc0br8mc91762
1607	p. 1-189	https://image-tor.canadiana.ca/iiif/2/69429%2Fc0707wm1cg56
1608	p. 1-190	https://image-tor.canadiana.ca/iiif/2/69429%2Fc03b5w66jv7h
1609	p. 1-191	https://image-tor.canadiana.ca/iiif/2/69429%2Fc0zk55d8xj8z
1610	p. 1-192	https://image-tor.canadiana.ca/iiif/2/69429%2Fc0tt4fn18s4h
1611	p. 1-193	https://image-tor.canadiana.ca/iiif/2/69429%2Fc0q23qv3n12z
1612	p. 1-194	https://image-tor.canadiana.ca/iiif/2/69429%2Fc0k93126081f
1613	p. 1-195	https://image-tor.canadiana.ca/iiif/2/69429%2Fc0fj2988bh0n
1614	p. 1-196	https://image-tor.canadiana.ca/iiif/2/69429%2Fc09s1kh0pq7m
1615	p. 1-197	https://image-tor.canadiana.ca/iiif/2/69429%2Fc0639k35w38m
1616	p. 1-198	https://image-tor.canadiana.ca/iiif/2/69429%2Fc02b8v987b8w
1617	p. 1-199	https://image-tor.canadiana.ca/iiif/2/69429%2Fc0xk84j0m166
1618	p. 1-200	https://image-tor.canadiana.ca/iiif/2/69429%2Fc0st7dr2z837
1619	p. 1-201	https://image-tor.canadiana.ca/iiif/2/69429%2Fc0p26pz59h3t
1620	p. 1-202	https://image-tor.canadiana.ca/iiif/2/69429%2Fc0j96057nr2t
1621	p. 1-503 [203]	https://image-tor.canadiana.ca/iiif/2/69429%2Fc0dj58d01002
1622	p. 1-204	https://image-tor.canadiana.ca/iiif/2/69429%2Fc08w38056c1s
1623	p. 1-205	https://image-tor.canadiana.ca/iiif/2/69429%2Fc0542j67jk91
1624	p. 1-206	https://image-tor.canadiana.ca/iiif/2/69429%2Fc01c1td9wt62
1625	p. 1-207	https://image-tor.canadiana.ca/iiif/2/69429%2Fc0wm13n28h61
1626	p. 1-208	https://image-tor.canadiana.ca/iiif/2/69429%2Fc0rv0cv4mr6t
1627	p. 1-209	https://image-tor.canadiana.ca/iiif/2/69429%2Fc0n29p270031
1628	p. 1-210	https://image-tor.canadiana.ca/iiif/2/69429%2Fc0hd7np25c64
1629	p. 1-211	https://image-tor.canadiana.ca/iiif/2/69429%2Fc0cn6xw4hm4r
1630	p. 1-212	https://image-tor.canadiana.ca/iiif/2/69429%2Fc07w6736vv25
1631	p. 1-213	https://image-tor.canadiana.ca/iiif/2/69429%2Fc0445h99729t
1632	p. 1-214	https://image-tor.canadiana.ca/iiif/2/69429%2Fc00c4sj1k972
1633	p. 1-215	https://image-tor.canadiana.ca/iiif/2/69429%2Fc0vm42r3z07x
1634	p. 1-216	https://image-tor.canadiana.ca/iiif/2/69429%2Fc0qv3bz6976m
1635	p. 1-217	https://image-tor.canadiana.ca/iiif/2/69429%2Fc0m61bk1gm8v
1636	p. 1-218	https://image-tor.canadiana.ca/iiif/2/69429%2Fc0gf0ms3tv5w
1637	p. 1-219	https://image-tor.canadiana.ca/iiif/2/69429%2Fc0bn9x06634z
1638	p. 1-220	https://image-tor.canadiana.ca/iiif/2/69429%2Fc06w9668jb0s
1639	p. 1-221	https://image-tor.canadiana.ca/iiif/2/69429%2Fc0348gf0wj97
1640	p. 1-222	https://image-tor.canadiana.ca/iiif/2/69429%2Fc0zc7rn3880g
1641	p. 1-223	https://image-tor.canadiana.ca/iiif/2/69429%2Fc0tm71v5mg8s
1642	p. 1-224	https://image-tor.canadiana.ca/iiif/2/69429%2Fc0pz51g0sv94
1643	p. 1-225	https://image-tor.canadiana.ca/iiif/2/69429%2Fc0k649p3538n
1644	p. 1-226	https://image-tor.canadiana.ca/iiif/2/69429%2Fc0ff3kw5hb5p
1645	p. 1-227	https://image-tor.canadiana.ca/iiif/2/69429%2Fc09p2w37vk24
1646	p. 1-228	https://image-tor.canadiana.ca/iiif/2/69429%2Fc05x25b06t07
1647	p. 1-229	https://image-tor.canadiana.ca/iiif/2/69429%2Fc0251fj2k19k
1648	p. 1-230	https://image-tor.canadiana.ca/iiif/2/69429%2Fc0xd0qr4xq8z
1649	p. 1-231	https://image-tor.canadiana.ca/iiif/2/69429%2Fc0sq8qc04426
1650	p. 1-232	https://image-tor.canadiana.ca/iiif/2/69429%2Fc0nz80k2gc06
1651	p. 1-233	https://image-tor.canadiana.ca/iiif/2/69429%2Fc0j678s4tk68
1652	p. 1-334 [234]	https://image-tor.canadiana.ca/iiif/2/69429%2Fc0df6k075t36
1653	p. 1-335 [235]	https://image-tor.canadiana.ca/iiif/2/69429%2Fc08p5v69j23h
1654	p. 1-236	https://image-tor.canadiana.ca/iiif/2/69429%2Fc04x54f1w914
1655	p. 1-237	https://image-tor.canadiana.ca/iiif/2/69429%2Fc0154dn47j04
1656	p. 1-238	https://image-tor.canadiana.ca/iiif/2/69429%2Fc0wh2d79fc49
1657	p. 1-239	https://image-tor.canadiana.ca/iiif/2/69429%2Fc0rr1pg1sm1z
1658	p. 1-240	https://image-tor.canadiana.ca/iiif/2/69429%2Fc0n00zp44t9p
1659	p. 1-241	https://image-tor.canadiana.ca/iiif/2/69429%2Fc0h707w6h251
1660	p. 1-242	https://image-tor.canadiana.ca/iiif/2/69429%2Fc0cf9j38v943
1661	p. 1-243	https://image-tor.canadiana.ca/iiif/2/69429%2Fc07p8tb16j40
1662	p. 1-244	https://image-tor.canadiana.ca/iiif/2/69429%2Fc03x83j3js20
1663	p. 1-245	https://image-tor.canadiana.ca/iiif/2/69429%2Fc0086348r52z
1664	p. 1-246	https://image-tor.canadiana.ca/iiif/2/69429%2Fc0vh5cc13v46
1665	p. 1-247	https://image-tor.canadiana.ca/iiif/2/69429%2Fc0qr4nk3g31r
1666	blank page	https://image-tor.canadiana.ca/iiif/2/69429%2Fc0m03xs5t990
1667	index (p. 1-249)	https://image-tor.canadiana.ca/iiif/2/69429%2Fc0g737085j8g
1668	p. 1-250	https://image-tor.canadiana.ca/iiif/2/69429%2Fc0bg2h70hs79
1669	p. 1-251	https://image-tor.canadiana.ca/iiif/2/69429%2Fc06q1sf2w14v
1670	p. 1-252	https://image-tor.canadiana.ca/iiif/2/69429%2Fc0319s182d5t
1671	p. 1-253	https://image-tor.canadiana.ca/iiif/2/69429%2Fc0z89280f36w
1672	p. 1-254	https://image-tor.canadiana.ca/iiif/2/69429%2Fc0th8bg2sb2b
1673	p. 1-255	https://image-tor.canadiana.ca/iiif/2/69429%2Fc0pr7mp54j95
