1	technical data sheet	https://image-tor.canadiana.ca/iiif/2/69429%2Fc0wh2d79dw5n
2	title page	https://image-tor.canadiana.ca/iiif/2/69429%2Fc0rr1pg1s42t
3	unnumbered	https://image-tor.canadiana.ca/iiif/2/69429%2Fc0n29p26zh39
4	index (p. 1)	https://image-tor.canadiana.ca/iiif/2/69429%2Fc0h98z899r20
5	p. 2	https://image-tor.canadiana.ca/iiif/2/69429%2Fc0cj87h1nz9b
6	p. 3	https://image-tor.canadiana.ca/iiif/2/69429%2Fc07s7hq4166c
7	table of contents (p. 4)	https://image-tor.canadiana.ca/iiif/2/69429%2Fc0416sx6cf6g
8	p. 5	https://image-tor.canadiana.ca/iiif/2/69429%2Fc0086348qp39
9	p. 6	https://image-tor.canadiana.ca/iiif/2/69429%2Fc0vh5cc13c52
10	p. 7	https://image-tor.canadiana.ca/iiif/2/69429%2Fc0qv3bz68r7z
11	p. 8	https://image-tor.canadiana.ca/iiif/2/69429%2Fc0m32n58n047
12	p. 9	https://image-tor.canadiana.ca/iiif/2/69429%2Fc0gb1xd1071c
13	p. 10	https://image-tor.canadiana.ca/iiif/2/69429%2Fc0bk16m3bf9p
14	p. 11	https://image-tor.canadiana.ca/iiif/2/69429%2Fc06t0gt5pp9g
15	p. 12	https://image-tor.canadiana.ca/iiif/2/69429%2Fc0319s181x65
16	p. 13	https://image-tor.canadiana.ca/iiif/2/69429%2Fc0z89280dm77
17	p. 14	https://image-tor.canadiana.ca/iiif/2/69429%2Fc0tm71v5m09n
18	p. 15	https://image-tor.canadiana.ca/iiif/2/69429%2Fc0pv6b27z77p
19	unnumbered	https://image-tor.canadiana.ca/iiif/2/69429%2Fc0k35m909g3j
20	blank page	https://image-tor.canadiana.ca/iiif/2/69429%2Fc0fb4wh2nq15
21	unnumbered	https://image-tor.canadiana.ca/iiif/2/69429%2Fc09k45q50z07
22	blank page	https://image-tor.canadiana.ca/iiif/2/69429%2Fc05t3fx7c58p
23	table of contents	https://image-tor.canadiana.ca/iiif/2/69429%2Fc0222r49qd61
24	blank page	https://image-tor.canadiana.ca/iiif/2/69429%2Fc0xd0qr4x79t
25	p. 1-vii	https://image-tor.canadiana.ca/iiif/2/69429%2Fc0sn00z78g8w
26	p. 1-viii	https://image-tor.canadiana.ca/iiif/2/69429%2Fc0nv9959mq46
27	p. 1-ix	https://image-tor.canadiana.ca/iiif/2/69429%2Fc0j38kd1zz3b
28	p. 1-x	https://image-tor.canadiana.ca/iiif/2/69429%2Fc0db7vm4b634
29	p. 1-xi	https://image-tor.canadiana.ca/iiif/2/69429%2Fc08k74t6pd98
30	p. 1-xii	https://image-tor.canadiana.ca/iiif/2/69429%2Fc04t6f191n9z
31	p. 1-xiii	https://image-tor.canadiana.ca/iiif/2/69429%2Fc0154dn47210
32	p. 1-xiv	https://image-tor.canadiana.ca/iiif/2/69429%2Fc0wd3pv6kr1z
33	p. 1-xv	https://image-tor.canadiana.ca/iiif/2/69429%2Fc0rn3028xz83
34	p. 1-xvi	https://image-tor.canadiana.ca/iiif/2/69429%2Fc0mw2891966b
35	p. 1-xvii	https://image-tor.canadiana.ca/iiif/2/69429%2Fc0h41jh3nf6f
36	p. 1-xviii	https://image-tor.canadiana.ca/iiif/2/69429%2Fc0cc0tq60p3z
37	p. 1-xix	https://image-tor.canadiana.ca/iiif/2/69429%2Fc07m03x8bx0c
38	p. 1-xx	https://image-tor.canadiana.ca/iiif/2/69429%2Fc03x83j3j93v
39	p. 1-xxi	https://image-tor.canadiana.ca/iiif/2/69429%2Fc0057cr5wj1s
40	p. 1-xxii	https://image-tor.canadiana.ca/iiif/2/69429%2Fc0vd6nz8869w
41	p. 1-xxiii	https://image-tor.canadiana.ca/iiif/2/69429%2Fc0qn5z60mf9q
42	p. 1-xxiv	https://image-tor.canadiana.ca/iiif/2/69429%2Fc0kw57d2zp7q
43	p. 1-xxv	https://image-tor.canadiana.ca/iiif/2/69429%2Fc0g44hm59x6q
44	p. 1-xxvi	https://image-tor.canadiana.ca/iiif/2/69429%2Fc0bc3st7p538
45	p. 1-xxvii	https://image-tor.canadiana.ca/iiif/2/69429%2Fc06q1sf2vj4m
46	p. 1-xxviii	https://image-tor.canadiana.ca/iiif/2/69429%2Fc02z12n56s3p
47	p. 1-xxix	https://image-tor.canadiana.ca/iiif/2/69429%2Fc0z60bv7kg19
48	p. 1-xxx	https://image-tor.canadiana.ca/iiif/2/69429%2Fc0td9n29xq0c
49	p. 1-xxxi	https://image-tor.canadiana.ca/iiif/2/69429%2Fc0pn8x928z08
50	p. 1-xxxii	https://image-tor.canadiana.ca/iiif/2/69429%2Fc0jw86h4n583
51	p. 1-xxxiii	https://image-tor.canadiana.ca/iiif/2/69429%2Fc0f47gq70d5x
52	p. 1-xxxiv	https://image-tor.canadiana.ca/iiif/2/69429%2Fc09g5gb25s7v
53	p. 1-xxxv	https://image-tor.canadiana.ca/iiif/2/69429%2Fc05q4rj4j14d
54	p. 1-xxxvi	https://image-tor.canadiana.ca/iiif/2/69429%2Fc01z41r6w82d
55	p. 1-xxxvii	https://image-tor.canadiana.ca/iiif/2/69429%2Fc0x639z97z3r
56	p. 1-xxxviii	https://image-tor.canadiana.ca/iiif/2/69429%2Fc0sf2m61m61x
57	p. 1-xxxix	https://image-tor.canadiana.ca/iiif/2/69429%2Fc0np1wd3zd88
58	p. 1-xl	https://image-tor.canadiana.ca/iiif/2/69429%2Fc0j09w094t2p
59	p. 1-xli	https://image-tor.canadiana.ca/iiif/2/69429%2Fc0d79571h20t
60	p. 1-xlii	https://image-tor.canadiana.ca/iiif/2/69429%2Fc08g8ff3v88r
61	p. 1-xliii	https://image-tor.canadiana.ca/iiif/2/69429%2Fc04q7qn66h4p
62	p. 1-xliv	https://image-tor.canadiana.ca/iiif/2/69429%2Fc00z70v8jr4v
63	p. 1-xlv	https://image-tor.canadiana.ca/iiif/2/69429%2Fc0w66930xf33
64	p. 1-xlvi	https://image-tor.canadiana.ca/iiif/2/69429%2Fc0rf5k938p2s
65	p. 1-xlvii	https://image-tor.canadiana.ca/iiif/2/69429%2Fc0ms3jw8g246
66	p. 1-xlviii	https://image-tor.canadiana.ca/iiif/2/69429%2Fc0h12v40t91k
67	p. 1-xlix	https://image-tor.canadiana.ca/iiif/2/69429%2Fc0c824b35h9c
68	p. 1-l	https://image-tor.canadiana.ca/iiif/2/69429%2Fc07h1dj5hr6d
69	p. 1-li	https://image-tor.canadiana.ca/iiif/2/69429%2Fc03r0pr7w054
70	p. 1-lii	https://image-tor.canadiana.ca/iiif/2/69429%2Fc0000000773z
71	p. 1-liii	https://image-tor.canadiana.ca/iiif/2/69429%2Fc0v69862kx3c
72	p. 1-liv	https://image-tor.canadiana.ca/iiif/2/69429%2Fc0qj77s7s946
73	p. 1-lv	https://image-tor.canadiana.ca/iiif/2/69429%2Fc0ks6j104j3x
74	p. 1-lvi	https://image-tor.canadiana.ca/iiif/2/69429%2Fc0g15t72gr90
75	p. 1-lvii	https://image-tor.canadiana.ca/iiif/2/69429%2Fc0b853f4v07h
76	p. 1-lviii	https://image-tor.canadiana.ca/iiif/2/69429%2Fc06h4cn76766
77	p. 1-lix	https://image-tor.canadiana.ca/iiif/2/69429%2Fc02r3nv9jg4t
78	p. 1-lx	https://image-tor.canadiana.ca/iiif/2/69429%2Fc0z02z31x532
79	p. 1-lxi	https://image-tor.canadiana.ca/iiif/2/69429%2Fc0tb0xp73j86
80	p. 1-lxii	https://image-tor.canadiana.ca/iiif/2/69429%2Fc0pk06w9fs5m
81	p. 1-lxiii	https://image-tor.canadiana.ca/iiif/2/69429%2Fc0js9h41t112
82	p. 1-lxiv	https://image-tor.canadiana.ca/iiif/2/69429%2Fc0f18sb4579s
83	p. 1-lxv	https://image-tor.canadiana.ca/iiif/2/69429%2Fc09882j6hg9z
84	p. 1-lxvi	https://image-tor.canadiana.ca/iiif/2/69429%2Fc05h7br8vq60
85	p. 1-lxvii	https://image-tor.canadiana.ca/iiif/2/69429%2Fc01r6n016z5q
86	p. 1-lxviii	https://image-tor.canadiana.ca/iiif/2/69429%2Fc0x34mk6ds9s
87	p. 1-lxix	https://image-tor.canadiana.ca/iiif/2/69429%2Fc0sb3ws8s17x
88	p. 1-lxx	https://image-tor.canadiana.ca/iiif/2/69429%2Fc0nk3611484v
89	p. 1-lxxi	https://image-tor.canadiana.ca/iiif/2/69429%2Fc0ht2g73gh2g
90	p. 1-lxxii	https://image-tor.canadiana.ca/iiif/2/69429%2Fc0d21rf5tr10
91	p. 1-lxxiii	https://image-tor.canadiana.ca/iiif/2/69429%2Fc08911n85z9s
92	p. 1-lxxiv	https://image-tor.canadiana.ca/iiif/2/69429%2Fc04j09w0j67j
93	p. 1-lxxv	https://image-tor.canadiana.ca/iiif/2/69429%2Fc00v89g5qk74
94	p. 1-lxxvi	https://image-tor.canadiana.ca/iiif/2/69429%2Fc0w37kp8389k
95	p. 1-lxxvii	https://image-tor.canadiana.ca/iiif/2/69429%2Fc0rb6vx0fh5n
96	p. 1-lxxviii	https://image-tor.canadiana.ca/iiif/2/69429%2Fc0mk6542sr4n
97	p. 1-lxxix	https://image-tor.canadiana.ca/iiif/2/69429%2Fc0gt5fb5503v
98	p. 1-lxxx	https://image-tor.canadiana.ca/iiif/2/69429%2Fc0c24qj7h71s
99	p. 1-lxxxi	https://image-tor.canadiana.ca/iiif/2/69429%2Fc07940r9vf8h
100	p. 1-lxxxii	https://image-tor.canadiana.ca/iiif/2/69429%2Fc03n20c51v16
101	p. 1-lxxxiii	https://image-tor.canadiana.ca/iiif/2/69429%2Fc0zw18k7dj1p
102	p. 1-lxxxiv	https://image-tor.canadiana.ca/iiif/2/69429%2Fc0v40js9rr7r
103	p. 1-lxxxv	https://image-tor.canadiana.ca/iiif/2/69429%2Fc0qb9v12406f
104	unnumbered	https://image-tor.canadiana.ca/iiif/2/69429%2Fc0kk9474g76m
105	p. 1-2	https://image-tor.canadiana.ca/iiif/2/69429%2Fc0ft8df6tg3n
106	p. 1-3	https://image-tor.canadiana.ca/iiif/2/69429%2Fc0b27pn95q2n
107	p. 1-4	https://image-tor.canadiana.ca/iiif/2/69429%2Fc06d5p84c33h
108	p. 1-5	https://image-tor.canadiana.ca/iiif/2/69429%2Fc02n4zg6qb14
109	p. 1-6	https://image-tor.canadiana.ca/iiif/2/69429%2Fc0xw47p9310w
110	p. 1-7	https://image-tor.canadiana.ca/iiif/2/69429%2Fc0t43hx1f78r
111	p. 1-8	https://image-tor.canadiana.ca/iiif/2/69429%2Fc0pc2t43sg7c
112	p. 1-9	https://image-tor.canadiana.ca/iiif/2/69429%2Fc0jm23b64q6f
113	p. 1-10	https://image-tor.canadiana.ca/iiif/2/69429%2Fc0dv1cj8gz3g
114	p. 1-11	https://image-tor.canadiana.ca/iiif/2/69429%2Fc0959c53pb43
115	p. 1-12	https://image-tor.canadiana.ca/iiif/2/69429%2Fc05d8nc61k3s
116	p. 1-13	https://image-tor.canadiana.ca/iiif/2/69429%2Fc01n7xk8cs9j
117	p. 1-14	https://image-tor.canadiana.ca/iiif/2/69429%2Fc0ww76t0rh1w
118	p. 1-15	https://image-tor.canadiana.ca/iiif/2/69429%2Fc0s46h133r09
119	p. 1-16	https://image-tor.canadiana.ca/iiif/2/69429%2Fc0nc5s75fz87
120	p. 1-17	https://image-tor.canadiana.ca/iiif/2/69429%2Fc0hq3rv0nc0z
121	p. 1-18	https://image-tor.canadiana.ca/iiif/2/69429%2Fc0cz32230k85
122	p. 1-19	https://image-tor.canadiana.ca/iiif/2/69429%2Fc0862b85bt63
123	p. 1-20	https://image-tor.canadiana.ca/iiif/2/69429%2Fc04f1mg7q222
124	p. 1-21	https://image-tor.canadiana.ca/iiif/2/69429%2Fc00p0wq0291c
125	p. 1-22	https://image-tor.canadiana.ca/iiif/2/69429%2Fc0vx05x2f02t
126	p. 1-23	https://image-tor.canadiana.ca/iiif/2/69429%2Fc0r49g44s69b
127	p. 1-24	https://image-tor.canadiana.ca/iiif/2/69429%2Fc0mg7fq9zm1x
128	p. 1-25	https://image-tor.canadiana.ca/iiif/2/69429%2Fc0gq6qz29v07
129	p. 1-26	https://image-tor.canadiana.ca/iiif/2/69429%2Fc0bz6154p27w
130	p. 1-27	https://image-tor.canadiana.ca/iiif/2/69429%2Fc07659c7194q
131	p. 1-28	https://image-tor.canadiana.ca/iiif/2/69429%2Fc03f4kk9cj4h
132	p. 1-29	https://image-tor.canadiana.ca/iiif/2/69429%2Fc0zp3vt1r731
133	p. 1-30	https://image-tor.canadiana.ca/iiif/2/69429%2Fc0tx35143g2h
134	p. 1-31	https://image-tor.canadiana.ca/iiif/2/69429%2Fc0q814m98v4q
135	p. 1-32	https://image-tor.canadiana.ca/iiif/2/69429%2Fc0kh0dv1n31w
136	p. 1-33	https://image-tor.canadiana.ca/iiif/2/69429%2Fc0fq9q240995
137	p. 1-34	https://image-tor.canadiana.ca/iiif/2/69429%2Fc09z9086bj50
138	p. 1-35	https://image-tor.canadiana.ca/iiif/2/69429%2Fc06688g8ps53
139	p. 1-36	https://image-tor.canadiana.ca/iiif/2/69429%2Fc02f7jq1213b
140	p. 1-37	https://image-tor.canadiana.ca/iiif/2/69429%2Fc0xp6tx3dq39
141	p. 1-38	https://image-tor.canadiana.ca/iiif/2/69429%2Fc0t14th8m361
142	p. 1-39	https://image-tor.canadiana.ca/iiif/2/69429%2Fc0p843r0zb4n
143	p. 1-40	https://image-tor.canadiana.ca/iiif/2/69429%2Fc0jh3cz39k0k
144	p. 1-41	https://image-tor.canadiana.ca/iiif/2/69429%2Fc0dr2p55ns8x
145	p. 1-42	https://image-tor.canadiana.ca/iiif/2/69429%2Fc0901zc8117f
146	p. 1-43	https://image-tor.canadiana.ca/iiif/2/69429%2Fc05717m0c852
147	p. 1-44	https://image-tor.canadiana.ca/iiif/2/69429%2Fc01g0ht2qh23
148	p. 1-45	https://image-tor.canadiana.ca/iiif/2/69429%2Fc0ws8hd7xb79
149	p. 1-46	https://image-tor.canadiana.ca/iiif/2/69429%2Fc0s17sn08k6x
150	p. 1-47	https://image-tor.canadiana.ca/iiif/2/69429%2Fc0n872v2mt2r
151	p. 1-48	https://image-tor.canadiana.ca/iiif/2/69429%2Fc0hh6c25019h
152	p. 1-49	https://image-tor.canadiana.ca/iiif/2/69429%2Fc0cr5n87b899
153	p. 1-50	https://image-tor.canadiana.ca/iiif/2/69429%2Fc0804xg9ph77
154	p. 1-51	https://image-tor.canadiana.ca/iiif/2/69429%2Fc04746q21r5b
155	p. 1-52	https://image-tor.canadiana.ca/iiif/2/69429%2Fc00k26977475
156	p. 1-53	https://image-tor.canadiana.ca/iiif/2/69429%2Fc0vt1gh9kt74
157	p. 1-54	https://image-tor.canadiana.ca/iiif/2/69429%2Fc0r20rr1z24m
158	unnumbered	https://image-tor.canadiana.ca/iiif/2/69429%2Fc0m901z4991h
159	p. 1-56	https://image-tor.canadiana.ca/iiif/2/69429%2Fc0gh9b56nj15
160	p. 1-57	https://image-tor.canadiana.ca/iiif/2/69429%2Fc0br8mc90r7d
161	p. 1-58	https://image-tor.canadiana.ca/iiif/2/69429%2Fc0707wm1c062
162	p. 1-59	https://image-tor.canadiana.ca/iiif/2/69429%2Fc03b5w66jc9z
163	p. 1-60	https://image-tor.canadiana.ca/iiif/2/69429%2Fc0zk55d8x303
164	unnumbered	https://image-tor.canadiana.ca/iiif/2/69429%2Fc0tt4fn1896z
165	p. 1-2	https://image-tor.canadiana.ca/iiif/2/69429%2Fc0q23qv3mj4w
166	p. 1-3	https://image-tor.canadiana.ca/iiif/2/69429%2Fc0k93125zs3w
167	p. 1-4	https://image-tor.canadiana.ca/iiif/2/69429%2Fc0fj2988b11h
168	p. 1-5	https://image-tor.canadiana.ca/iiif/2/69429%2Fc09s1kh0p78g
169	p. 1-6	https://image-tor.canadiana.ca/iiif/2/69429%2Fc0639k35vn07
170	p. 1-7	https://image-tor.canadiana.ca/iiif/2/69429%2Fc02b8v986v97
171	p. 1-8	https://image-tor.canadiana.ca/iiif/2/69429%2Fc0xk84j0kj7j
172	p. 1-9	https://image-tor.canadiana.ca/iiif/2/69429%2Fc0st7dr2xs55
173	p. 1-10	https://image-tor.canadiana.ca/iiif/2/69429%2Fc0p26pz59158
174	p. 1-11	https://image-tor.canadiana.ca/iiif/2/69429%2Fc0j96057n848
175	p. 1-12	https://image-tor.canadiana.ca/iiif/2/69429%2Fc0dj58d00h20
176	p. 1-13	https://image-tor.canadiana.ca/iiif/2/69429%2Fc08w38055w24
177	p. 1-14	https://image-tor.canadiana.ca/iiif/2/69429%2Fc0542j67j40k
178	p. 1-15	https://image-tor.canadiana.ca/iiif/2/69429%2Fc01c1td9wb7x
179	p. 1-16	https://image-tor.canadiana.ca/iiif/2/69429%2Fc0wm13n2817w
180	p. 1-17	https://image-tor.canadiana.ca/iiif/2/69429%2Fc0rv0cv4m87p
181	p. 1-18	https://image-tor.canadiana.ca/iiif/2/69429%2Fc0n29p26zh4w
182	p. 1-19	https://image-tor.canadiana.ca/iiif/2/69429%2Fc0h98z899r3k
183	p. 1-20	https://image-tor.canadiana.ca/iiif/2/69429%2Fc0cn6xw4h45m
184	p. 1-21	https://image-tor.canadiana.ca/iiif/2/69429%2Fc07w6736vc31
185	p. 1-22	https://image-tor.canadiana.ca/iiif/2/69429%2Fc0445h996m0v
186	p. 1-23	https://image-tor.canadiana.ca/iiif/2/69429%2Fc00c4sj1jt90
187	p. 1-24	https://image-tor.canadiana.ca/iiif/2/69429%2Fc0vm42r3xh9v
188	p. 1-25	https://image-tor.canadiana.ca/iiif/2/69429%2Fc0qv3bz68r8j
189	p. 1-26	https://image-tor.canadiana.ca/iiif/2/69429%2Fc0m61bk1g500
190	p. 1-27	https://image-tor.canadiana.ca/iiif/2/69429%2Fc0gf0ms3tc7b
191	p. 1-28	https://image-tor.canadiana.ca/iiif/2/69429%2Fc0bn9x065m6w
192	p. 1-29	https://image-tor.canadiana.ca/iiif/2/69429%2Fc06w9668hv2q
193	p. 1-30	https://image-tor.canadiana.ca/iiif/2/69429%2Fc0348gf0w31c
194	p. 1-31	https://image-tor.canadiana.ca/iiif/2/69429%2Fc0zc7rn37s2d
195	p. 1-32	https://image-tor.canadiana.ca/iiif/2/69429%2Fc0tm71v5m10x
196	p. 1-33	https://image-tor.canadiana.ca/iiif/2/69429%2Fc0pz51g0sd0p
197	p. 1-34	https://image-tor.canadiana.ca/iiif/2/69429%2Fc0k649p34m90
198	p. 1-35	https://image-tor.canadiana.ca/iiif/2/69429%2Fc0ff3kw5gv7m
199	p. 1-36	https://image-tor.canadiana.ca/iiif/2/69429%2Fc09p2w37v34k
200	p. 1-37	https://image-tor.canadiana.ca/iiif/2/69429%2Fc05x25b06b2p
201	p. 1-38	https://image-tor.canadiana.ca/iiif/2/69429%2Fc0251fj2jk16
202	p. 1-39	https://image-tor.canadiana.ca/iiif/2/69429%2Fc0xd0qr4x803
203	p. 1-40	https://image-tor.canadiana.ca/iiif/2/69429%2Fc0sq8qc03n44
204	p. 1-41	https://image-tor.canadiana.ca/iiif/2/69429%2Fc0nz80k2fw24
205	p. 1-42	https://image-tor.canadiana.ca/iiif/2/69429%2Fc0j678s4t38q
206	p. 1-43	https://image-tor.canadiana.ca/iiif/2/69429%2Fc0df6k075b5n
207	p. 1-44	https://image-tor.canadiana.ca/iiif/2/69429%2Fc08p5v69hk5f
208	p. 1-45	https://image-tor.canadiana.ca/iiif/2/69429%2Fc04x54f1vt32
209	p. 1-46	https://image-tor.canadiana.ca/iiif/2/69429%2Fc0154dn4722k
210	p. 1-47	https://image-tor.canadiana.ca/iiif/2/69429%2Fc0wh2d79dw67
211	p. 1-48	https://image-tor.canadiana.ca/iiif/2/69429%2Fc0rr1pg1s43d
212	p. 1-49	https://image-tor.canadiana.ca/iiif/2/69429%2Fc0n00zp44c1t
213	p. 1-50	https://image-tor.canadiana.ca/iiif/2/69429%2Fc0h707w6gk7z
214	p. 1-51	https://image-tor.canadiana.ca/iiif/2/69429%2Fc0cf9j38tt61
215	p. 1-52	https://image-tor.canadiana.ca/iiif/2/69429%2Fc07p8tb1626f
216	p. 1-53	https://image-tor.canadiana.ca/iiif/2/69429%2Fc03x83j3j94f
217	p. 1-54	https://image-tor.canadiana.ca/iiif/2/69429%2Fc0086348qp4w
218	p. 1-55	https://image-tor.canadiana.ca/iiif/2/69429%2Fc0vh5cc13c6n
219	p. 1-56	https://image-tor.canadiana.ca/iiif/2/69429%2Fc0qr4nk3fm23
220	unnumbered	https://image-tor.canadiana.ca/iiif/2/69429%2Fc0m03xs5sv01
221	p. 1-2	https://image-tor.canadiana.ca/iiif/2/69429%2Fc0g73708529b
222	p. 1-3	https://image-tor.canadiana.ca/iiif/2/69429%2Fc0bg2h70h985
223	unnumbered	https://image-tor.canadiana.ca/iiif/2/69429%2Fc06q1sf2vj56
224	p. 1-2	https://image-tor.canadiana.ca/iiif/2/69429%2Fc0319s181x7r
225	p. 1-3	https://image-tor.canadiana.ca/iiif/2/69429%2Fc0z89280dm8t
226	p. 1-4	https://image-tor.canadiana.ca/iiif/2/69429%2Fc0th8bg2rv48
227	p. 1-5	https://image-tor.canadiana.ca/iiif/2/69429%2Fc0pr7mp54319
228	p. 1-6	https://image-tor.canadiana.ca/iiif/2/69429%2Fc0k06ww7gb1d
229	p. 1-7	https://image-tor.canadiana.ca/iiif/2/69429%2Fc0f76639tj94
230	p. 1-8	https://image-tor.canadiana.ca/iiif/2/69429%2Fc09g5gb25s8f
231	p. 1-9	https://image-tor.canadiana.ca/iiif/2/69429%2Fc05t3fx7c598
232	p. 1-10	https://image-tor.canadiana.ca/iiif/2/69429%2Fc0222r49qd7m
233	p. 1-11	https://image-tor.canadiana.ca/iiif/2/69429%2Fc0x921c23360
234	p. 1-12	https://image-tor.canadiana.ca/iiif/2/69429%2Fc0sj19k4fb4m
235	p. 1-13	https://image-tor.canadiana.ca/iiif/2/69429%2Fc0ns0ks6sk4d
236	p. 1-14	https://image-tor.canadiana.ca/iiif/2/69429%2Fc0j09w094t38
237	p. 1-15	https://image-tor.canadiana.ca/iiif/2/69429%2Fc0d79571h21d
238	p. 1-16	https://image-tor.canadiana.ca/iiif/2/69429%2Fc08k74t6pf0j
239	p. 1-17	https://image-tor.canadiana.ca/iiif/2/69429%2Fc04t6f191p07
240	p. 1-18	https://image-tor.canadiana.ca/iiif/2/69429%2Fc0125q81cw6x
241	p. 1-19	https://image-tor.canadiana.ca/iiif/2/69429%2Fc0w950g3rk6s
242	p. 1-20	https://image-tor.canadiana.ca/iiif/2/69429%2Fc0rj48p63t5g
243	p. 1-21	https://image-tor.canadiana.ca/iiif/2/69429%2Fc0ms3jw8g25s
244	p. 1-22	https://image-tor.canadiana.ca/iiif/2/69429%2Fc0h12v40t925
245	p. 1-23	https://image-tor.canadiana.ca/iiif/2/69429%2Fc0cc0tq60p4j
246	p. 1-24	https://image-tor.canadiana.ca/iiif/2/69429%2Fc07m03x8bx1z
247	p. 1-25	https://image-tor.canadiana.ca/iiif/2/69429%2Fc03t9d50q47q
248	p. 1-26	https://image-tor.canadiana.ca/iiif/2/69429%2Fc0028pc32c6q
249	p. 1-27	https://image-tor.canadiana.ca/iiif/2/69429%2Fc0v97zk5f28c
250	p. 1-28	https://image-tor.canadiana.ca/iiif/2/69429%2Fc0qj77s7s95s
251	p. 1-29	https://image-tor.canadiana.ca/iiif/2/69429%2Fc0kw57d2zp89
252	p. 1-30	https://image-tor.canadiana.ca/iiif/2/69429%2Fc0g44hm59x79
253	p. 1-31	https://image-tor.canadiana.ca/iiif/2/69429%2Fc0bc3st7p54v
254	p. 1-32	https://image-tor.canadiana.ca/iiif/2/69429%2Fc06m33201d1s
255	p. 1-33	https://image-tor.canadiana.ca/iiif/2/69429%2Fc02v2c82cm9q
256	p. 1-34	https://image-tor.canadiana.ca/iiif/2/69429%2Fc0z31ng4rb1c
257	p. 1-35	https://image-tor.canadiana.ca/iiif/2/69429%2Fc0tb0xp73j9s
258	p. 1-36	https://image-tor.canadiana.ca/iiif/2/69429%2Fc0pn8x928z1v
259	p. 1-37	https://image-tor.canadiana.ca/iiif/2/69429%2Fc0jw86h4n59p
260	p. 1-38	https://image-tor.canadiana.ca/iiif/2/69429%2Fc0f47gq70d6h
261	p. 1-39	https://image-tor.canadiana.ca/iiif/2/69429%2Fc09c6rx9bn2z
262	p. 1-40	https://image-tor.canadiana.ca/iiif/2/69429%2Fc05m6251pw1k
263	p. 1-41	https://image-tor.canadiana.ca/iiif/2/69429%2Fc01v5bc4239h
264	p. 1-42	https://image-tor.canadiana.ca/iiif/2/69429%2Fc0x34mk6dt02
265	p. 1-43	https://image-tor.canadiana.ca/iiif/2/69429%2Fc0sf2m61m62h
266	p. 1-44	https://image-tor.canadiana.ca/iiif/2/69429%2Fc0np1wd3zd9v
267	unnumbered	https://image-tor.canadiana.ca/iiif/2/69429%2Fc0hx15m69n6r
268	p. 1-2	https://image-tor.canadiana.ca/iiif/2/69429%2Fc0d50ft8nw2h
269	p. 1-3	https://image-tor.canadiana.ca/iiif/2/69429%2Fc08c9r211416
270	p. 1-4	https://image-tor.canadiana.ca/iiif/2/69429%2Fc04m9183cc1c
271	p. 1-5	https://image-tor.canadiana.ca/iiif/2/69429%2Fc00v89g5qk8q
272	p. 1-6	https://image-tor.canadiana.ca/iiif/2/69429%2Fc0w66930xf4p
273	p. 1-7	https://image-tor.canadiana.ca/iiif/2/69429%2Fc0rf5k938p3c
274	p. 1-8	https://image-tor.canadiana.ca/iiif/2/69429%2Fc0mp4vh5mw8j
275	unnumbered	https://image-tor.canadiana.ca/iiif/2/69429%2Fc0gx44q8045z
276	p. 1-2	https://image-tor.canadiana.ca/iiif/2/69429%2Fc0c53dz0bc43
277	p. 1-3	https://image-tor.canadiana.ca/iiif/2/69429%2Fc07d2q52pm49
278	unnumbered	https://image-tor.canadiana.ca/iiif/2/69429%2Fc03n20c51v2s
279	p. 1-2	https://image-tor.canadiana.ca/iiif/2/69429%2Fc0000000774j
280	p. 1-3	https://image-tor.canadiana.ca/iiif/2/69429%2Fc0v69862kx4z
281	p. 1-4	https://image-tor.canadiana.ca/iiif/2/69429%2Fc0qf8jd4z51h
282	p. 1-5	https://image-tor.canadiana.ca/iiif/2/69429%2Fc0kp7tm79c7r
283	p. 1-6	https://image-tor.canadiana.ca/iiif/2/69429%2Fc0fx73t9nm7x
284	p. 1-7	https://image-tor.canadiana.ca/iiif/2/69429%2Fc0b56d220v5c
285	p. 1-8	https://image-tor.canadiana.ca/iiif/2/69429%2Fc06d5p84c343
286	p. 1-9	https://image-tor.canadiana.ca/iiif/2/69429%2Fc02r3nv9jg5d
287	p. 1-10	https://image-tor.canadiana.ca/iiif/2/69429%2Fc0z02z31x54n
288	p. 1-11	https://image-tor.canadiana.ca/iiif/2/69429%2Fc0t727948d24
289	p. 1-12	https://image-tor.canadiana.ca/iiif/2/69429%2Fc0pg1hh6mm9g
290	p. 1-13	https://image-tor.canadiana.ca/iiif/2/69429%2Fc0jq0sq8zv8p
291	p. 1-14	https://image-tor.canadiana.ca/iiif/2/69429%2Fc0dz02z1b38g
292	p. 1-15	https://image-tor.canadiana.ca/iiif/2/69429%2Fc0959c53pb5p
293	p. 1-16	https://image-tor.canadiana.ca/iiif/2/69429%2Fc05h7br8vq7k
294	p. 1-17	https://image-tor.canadiana.ca/iiif/2/69429%2Fc01r6n016z69
295	p. 1-18	https://image-tor.canadiana.ca/iiif/2/69429%2Fc0x05x63kn4x
296	p. 1-19	https://image-tor.canadiana.ca/iiif/2/69429%2Fc0s756d5xw1b
297	p. 1-20	https://image-tor.canadiana.ca/iiif/2/69429%2Fc0ng4gm89414
298	p. 1-21	https://image-tor.canadiana.ca/iiif/2/69429%2Fc0hq3rv0nc1j
299	p. 1-22	https://image-tor.canadiana.ca/iiif/2/69429%2Fc0cz32230k9r
300	p. 1-23	https://image-tor.canadiana.ca/iiif/2/69429%2Fc08911n8600k
301	p. 1-24	https://image-tor.canadiana.ca/iiif/2/69429%2Fc04j09w0j684
302	p. 1-25	https://image-tor.canadiana.ca/iiif/2/69429%2Fc00r9m32wf51
303	p. 1-26	https://image-tor.canadiana.ca/iiif/2/69429%2Fc0w08w958434
304	p. 1-27	https://image-tor.canadiana.ca/iiif/2/69429%2Fc0r785h7mc39
305	p. 1-28	https://image-tor.canadiana.ca/iiif/2/69429%2Fc0mg7fq9zm2h
306	p. 1-29	https://image-tor.canadiana.ca/iiif/2/69429%2Fc0gq6qz29v1t
307	p. 1-30	https://image-tor.canadiana.ca/iiif/2/69429%2Fc0c24qj7h72c
308	p. 1-31	https://image-tor.canadiana.ca/iiif/2/69429%2Fc07940r9vf93
309	p. 1-32	https://image-tor.canadiana.ca/iiif/2/69429%2Fc03j39026p6n
310	p. 1-33	https://image-tor.canadiana.ca/iiif/2/69429%2Fc0zs2k64kc64
311	p. 1-34	https://image-tor.canadiana.ca/iiif/2/69429%2Fc0v11vd6xm5n
312	p. 1-35	https://image-tor.canadiana.ca/iiif/2/69429%2Fc0q814m98v59
313	p. 1-36	https://image-tor.canadiana.ca/iiif/2/69429%2Fc0kk9474g776
314	p. 1-34 [37]	https://image-tor.canadiana.ca/iiif/2/69429%2Fc0ft8df6tg47
315	p. 1-38	https://image-tor.canadiana.ca/iiif/2/69429%2Fc0b27pn95q37
316	p. 1-39	https://image-tor.canadiana.ca/iiif/2/69429%2Fc0696zw1hx9m
317	p. 1-40	https://image-tor.canadiana.ca/iiif/2/69429%2Fc02j6833w56z
318	p. 1-41	https://image-tor.canadiana.ca/iiif/2/69429%2Fc0xs5j967v8k
319	p. 1-42	https://image-tor.canadiana.ca/iiif/2/69429%2Fc0t14th8m37m
320	p. 1-43	https://image-tor.canadiana.ca/iiif/2/69429%2Fc0pc2t43sg8z
321	p. 1-44	https://image-tor.canadiana.ca/iiif/2/69429%2Fc0jm23b64q71
322	p. 1-45	https://image-tor.canadiana.ca/iiif/2/69429%2Fc0dv1cj8gz42
323	p. 1-46	https://image-tor.canadiana.ca/iiif/2/69429%2Fc0930ns0v61j
324	p. 1-47	https://image-tor.canadiana.ca/iiif/2/69429%2Fc0599z036d9t
325	p. 1-48	https://image-tor.canadiana.ca/iiif/2/69429%2Fc01j9765jn90
326	p. 1-49	https://image-tor.canadiana.ca/iiif/2/69429%2Fc0ws8hd7xb8w
327	p. 1-50	https://image-tor.canadiana.ca/iiif/2/69429%2Fc0s46h133r1w
328	p. 1-51	https://image-tor.canadiana.ca/iiif/2/69429%2Fc0nc5s75fz9t
329	p. 1-52	https://image-tor.canadiana.ca/iiif/2/69429%2Fc0hm52f7t655
330	p. 1-53	https://image-tor.canadiana.ca/iiif/2/69429%2Fc0cv4bp05f29
331	p. 1-54	https://image-tor.canadiana.ca/iiif/2/69429%2Fc0833mw2hp07
332	p. 1-55	https://image-tor.canadiana.ca/iiif/2/69429%2Fc04b2x34vw95
333	p. 1-56	https://image-tor.canadiana.ca/iiif/2/69429%2Fc00k2697748r
334	p. 1-57	https://image-tor.canadiana.ca/iiif/2/69429%2Fc0vx05x2f03d
335	p. 1-58	https://image-tor.canadiana.ca/iiif/2/69429%2Fc0r49g44s70m
336	p. 1-59	https://image-tor.canadiana.ca/iiif/2/69429%2Fc0mc8rb74f7f
337	p. 1-6 [60]	https://image-tor.canadiana.ca/iiif/2/69429%2Fc0gm81j9gp38
338	p. 1-61	https://image-tor.canadiana.ca/iiif/2/69429%2Fc0bv79s1tx3p
339	p. 1-62	https://image-tor.canadiana.ca/iiif/2/69429%2Fc0736m04652m
340	p. 1-63	https://image-tor.canadiana.ca/iiif/2/69429%2Fc03b5w66jd07
341	p. 1-64	https://image-tor.canadiana.ca/iiif/2/69429%2Fc0zp3vt1r74m
342	p. 1-65	https://image-tor.canadiana.ca/iiif/2/69429%2Fc0tx35143g33
343	p. 1-66	https://image-tor.canadiana.ca/iiif/2/69429%2Fc0q52f76fp95
344	p. 1-67	https://image-tor.canadiana.ca/iiif/2/69429%2Fc0kd1qf8sx66
345	p. 1-68	https://image-tor.canadiana.ca/iiif/2/69429%2Fc0fn10p1554t
346	p. 1-69	https://image-tor.canadiana.ca/iiif/2/69429%2Fc09w08w3hd4m
347	p. 1-70	https://image-tor.canadiana.ca/iiif/2/69429%2Fc0639k35vn1t
348	p. 1-71	https://image-tor.canadiana.ca/iiif/2/69429%2Fc02f7jq1214x
349	p. 1-72	https://image-tor.canadiana.ca/iiif/2/69429%2Fc0xp6tx3dq4w
350	p. 1-73	https://image-tor.canadiana.ca/iiif/2/69429%2Fc0sx6445rz04
351	p. 1-74	https://image-tor.canadiana.ca/iiif/2/69429%2Fc0p55db8457s
352	p. 1-75	https://image-tor.canadiana.ca/iiif/2/69429%2Fc0jd4pk0gd6m
353	p. 1-76	https://image-tor.canadiana.ca/iiif/2/69429%2Fc0dn3zs2tn47
354	p. 1-77	https://image-tor.canadiana.ca/iiif/2/69429%2Fc08w38055w3q
355	p. 1-78	https://image-tor.canadiana.ca/iiif/2/69429%2Fc05717m0c86n
356	p. 1-79	https://image-tor.canadiana.ca/iiif/2/69429%2Fc01g0ht2qh3p
357	p. 1-80	https://image-tor.canadiana.ca/iiif/2/69429%2Fc0wp9t15363h
358	p. 1-81	https://image-tor.canadiana.ca/iiif/2/69429%2Fc0rx9377fd9n
359	p. 1-82	https://image-tor.canadiana.ca/iiif/2/69429%2Fc0n58cf9sn9r
360	p. 1-83	https://image-tor.canadiana.ca/iiif/2/69429%2Fc0hd7np24w82
361	p. 1-84	https://image-tor.canadiana.ca/iiif/2/69429%2Fc0cn6xw4h466
362	p. 1-85	https://image-tor.canadiana.ca/iiif/2/69429%2Fc0804xg9ph8t
363	p. 1-86	https://image-tor.canadiana.ca/iiif/2/69429%2Fc04746q21r6x
364	p. 1-87	https://image-tor.canadiana.ca/iiif/2/69429%2Fc00g3gx4d02w
365	p. 1-88	https://image-tor.canadiana.ca/iiif/2/69429%2Fc0vq2s46rp1p
366	p. 1-89	https://image-tor.canadiana.ca/iiif/2/69429%2Fc0qz22b93x0r
367	p. 1-90	https://image-tor.canadiana.ca/iiif/2/69429%2Fc0m61bk1g51k
368	p. 1-91	https://image-tor.canadiana.ca/iiif/2/69429%2Fc0gf0ms3tc8x
369	p. 1-92	https://image-tor.canadiana.ca/iiif/2/69429%2Fc0br8mc90r80
370	p. 1-93	https://image-tor.canadiana.ca/iiif/2/69429%2Fc0707wm1c07n
371	p. 1-94	https://image-tor.canadiana.ca/iiif/2/69429%2Fc03775t3q73g
372	p. 1-95	https://image-tor.canadiana.ca/iiif/2/69429%2Fc0zg6g162x2r
373	p. 1-96	https://image-tor.canadiana.ca/iiif/2/69429%2Fc0tq5r78f522
374	p. 1-97	https://image-tor.canadiana.ca/iiif/2/69429%2Fc0pz51g0sd18
375	p. 1-98	https://image-tor.canadiana.ca/iiif/2/69429%2Fc0k649p34n08
376	p. 1-99	https://image-tor.canadiana.ca/iiif/2/69429%2Fc0fj2988b123
377	p. 1-100	https://image-tor.canadiana.ca/iiif/2/69429%2Fc09s1kh0p792
378	p. 1-101	https://image-tor.canadiana.ca/iiif/2/69429%2Fc0610vq31g7g
379	p. 1-102	https://image-tor.canadiana.ca/iiif/2/69429%2Fc02804x5cq4w
380	p. 1-103	https://image-tor.canadiana.ca/iiif/2/69429%2Fc0xg9f47rd6d
381	p. 1-104	https://image-tor.canadiana.ca/iiif/2/69429%2Fc0sq8qc03n5q
382	p. 1-105	https://image-tor.canadiana.ca/iiif/2/69429%2Fc0p26pz5916v
383	p. 1-106	https://image-tor.canadiana.ca/iiif/2/69429%2Fc0j96057n85v
384	p. 1-107	https://image-tor.canadiana.ca/iiif/2/69429%2Fc0dj58d00h3k
385	p. 1-108	https://image-tor.canadiana.ca/iiif/2/69429%2Fc08s4jm2bq9b
386	p. 1-109	https://image-tor.canadiana.ca/iiif/2/69429%2Fc0513tt4pz78
387	p. 1-110	https://image-tor.canadiana.ca/iiif/2/69429%2Fc01834172668
388	p. 1-111	https://image-tor.canadiana.ca/iiif/2/69429%2Fc0wh2d79dw7t
389	p. 1-112	https://image-tor.canadiana.ca/iiif/2/69429%2Fc0rv0cv4m888
390	p. 1-113	https://image-tor.canadiana.ca/iiif/2/69429%2Fc0n29p26zh5g
391	p. 1-114	https://image-tor.canadiana.ca/iiif/2/69429%2Fc0h98z899r45
392	p. 1-115	https://image-tor.canadiana.ca/iiif/2/69429%2Fc0cj87h1p004
393	p. 1-116	https://image-tor.canadiana.ca/iiif/2/69429%2Fc07s7hq4167z
394	p. 1-117	https://image-tor.canadiana.ca/iiif/2/69429%2Fc0416sx6cf72
395	p. 1-118	https://image-tor.canadiana.ca/iiif/2/69429%2Fc0086348qp5g
396	p. 1-119	https://image-tor.canadiana.ca/iiif/2/69429%2Fc0vm42r3xj04
397	p. 1-120	https://image-tor.canadiana.ca/iiif/2/69429%2Fc0qv3bz68r94
398	p. 1-121	https://image-tor.canadiana.ca/iiif/2/69429%2Fc0m32n58n05t
399	p. 1-122	https://image-tor.canadiana.ca/iiif/2/69429%2Fc0gb1xd1072z
400	p. 1-123	https://image-tor.canadiana.ca/iiif/2/69429%2Fc0bk16m3bg0z
401	p. 1-124	https://image-tor.canadiana.ca/iiif/2/69429%2Fc06t0gt5pq0r
402	p. 1-125	https://image-tor.canadiana.ca/iiif/2/69429%2Fc0319s181x8b
403	p. 1-126	https://image-tor.canadiana.ca/iiif/2/69429%2Fc0zc7rn37s30
404	p. 1-127	https://image-tor.canadiana.ca/iiif/2/69429%2Fc0tm71v5m11h
405	p. 1-128	https://image-tor.canadiana.ca/iiif/2/69429%2Fc0pv6b27z788
406	p. 1-129	https://image-tor.canadiana.ca/iiif/2/69429%2Fc0k35m909g44
407	p. 1-130	https://image-tor.canadiana.ca/iiif/2/69429%2Fc0fb4wh2nq2r
408	p. 1-131	https://image-tor.canadiana.ca/iiif/2/69429%2Fc09k45q50z1t
409	p. 1-132	https://image-tor.canadiana.ca/iiif/2/69429%2Fc05t3fx7c60j
410	p. 1-133	https://image-tor.canadiana.ca/iiif/2/69429%2Fc0251fj2jk2s
411	p. 1-134	https://image-tor.canadiana.ca/iiif/2/69429%2Fc0xd0qr4x81p
412	p. 1-135	https://image-tor.canadiana.ca/iiif/2/69429%2Fc0sn00z78g9g
413	p. 1-136	https://image-tor.canadiana.ca/iiif/2/69429%2Fc0nv9959mq5s
414	p. 1-137	https://image-tor.canadiana.ca/iiif/2/69429%2Fc0j38kd1zz4x
415	p. 1-138	https://image-tor.canadiana.ca/iiif/2/69429%2Fc0db7vm4b64q
416	p. 1-139	https://image-tor.canadiana.ca/iiif/2/69429%2Fc08k74t6pf14
417	p. 1-140	https://image-tor.canadiana.ca/iiif/2/69429%2Fc04x54f1vt4n
418	p. 1-141	https://image-tor.canadiana.ca/iiif/2/69429%2Fc0154dn47235
419	p. 1-142	https://image-tor.canadiana.ca/iiif/2/69429%2Fc0wd3pv6kr2j
420	p. 1-143	https://image-tor.canadiana.ca/iiif/2/69429%2Fc0rn3028xz9p
421	p. 1-144	https://image-tor.canadiana.ca/iiif/2/69429%2Fc0mw2891967x
422	p. 1-145	https://image-tor.canadiana.ca/iiif/2/69429%2Fc0h41jh3nf71
423	p. 1-146	https://image-tor.canadiana.ca/iiif/2/69429%2Fc0cc0tq60p54
424	p. 1-147	https://image-tor.canadiana.ca/iiif/2/69429%2Fc07p8tb16271
425	p. 1-148	https://image-tor.canadiana.ca/iiif/2/69429%2Fc03x83j3j951
426	p. 1-149	https://image-tor.canadiana.ca/iiif/2/69429%2Fc0057cr5wj2c
427	p. 1-150	https://image-tor.canadiana.ca/iiif/2/69429%2Fc0vd6nz88705
428	p. 1-151	https://image-tor.canadiana.ca/iiif/2/69429%2Fc0qn5z60mg00
429	p. 1-152	https://image-tor.canadiana.ca/iiif/2/69429%2Fc0kw57d2zp9w
430	p. 1-153	https://image-tor.canadiana.ca/iiif/2/69429%2Fc0g44hm59x8w
431	p. 1-154	https://image-tor.canadiana.ca/iiif/2/69429%2Fc0bg2h70h99r
432	unnumbered	https://image-tor.canadiana.ca/iiif/2/69429%2Fc06q1sf2vj6s
433	p. 1-2	https://image-tor.canadiana.ca/iiif/2/69429%2Fc02z12n56s48
434	p. 1-3	https://image-tor.canadiana.ca/iiif/2/69429%2Fc0z60bv7kg2w
435	p. 1-4	https://image-tor.canadiana.ca/iiif/2/69429%2Fc0td9n29xq1z
436	p. 1-5	https://image-tor.canadiana.ca/iiif/2/69429%2Fc0pn8x928z2f
437	p. 1-6	https://image-tor.canadiana.ca/iiif/2/69429%2Fc0jw86h4n60z
438	p. 1-7	https://image-tor.canadiana.ca/iiif/2/69429%2Fc0f76639tk0d
439	p. 1-8	https://image-tor.canadiana.ca/iiif/2/69429%2Fc09g5gb25s91
440	p. 1-9	https://image-tor.canadiana.ca/iiif/2/69429%2Fc05q4rj4j150
441	p. 1-10	https://image-tor.canadiana.ca/iiif/2/69429%2Fc01z41r6w830
442	p. 1-11	https://image-tor.canadiana.ca/iiif/2/69429%2Fc0x639z97z4b
443	p. 1-12	https://image-tor.canadiana.ca/iiif/2/69429%2Fc0sf2m61m633
444	p. 1-13	https://image-tor.canadiana.ca/iiif/2/69429%2Fc0ns0ks6sk50
445	p. 1-14	https://image-tor.canadiana.ca/iiif/2/69429%2Fc0j09w094t4v
446	p. 1-15	https://image-tor.canadiana.ca/iiif/2/69429%2Fc0d79571h220
447	p. 1-16	https://image-tor.canadiana.ca/iiif/2/69429%2Fc08g8ff3v89b
448	p. 1-17	https://image-tor.canadiana.ca/iiif/2/69429%2Fc04q7qn66h58
449	p. 1-18	https://image-tor.canadiana.ca/iiif/2/69429%2Fc00z70v8jr5f
450	p. 1-19	https://image-tor.canadiana.ca/iiif/2/69429%2Fc0w66930xf58
451	p. 1-20	https://image-tor.canadiana.ca/iiif/2/69429%2Fc0rj48p63t62
452	p. 1-21	https://image-tor.canadiana.ca/iiif/2/69429%2Fc0ms3jw8g26c
453	p. 1-22	https://image-tor.canadiana.ca/iiif/2/69429%2Fc0h12v40t93r
454	p. 1-23	https://image-tor.canadiana.ca/iiif/2/69429%2Fc0c824b35j0n
455	p. 1-24	https://image-tor.canadiana.ca/iiif/2/69429%2Fc07h1dj5hr70
456	p. 1-25	https://image-tor.canadiana.ca/iiif/2/69429%2Fc03r0pr7w06q
457	p. 1-26	https://image-tor.canadiana.ca/iiif/2/69429%2Fc00000007754
458	p. 1-27	https://image-tor.canadiana.ca/iiif/2/69429%2Fc0v97zk5f29z
459	p. 1-28	https://image-tor.canadiana.ca/iiif/2/69429%2Fc0qj77s7s96c
460	p. 1-29	https://image-tor.canadiana.ca/iiif/2/69429%2Fc0ks6j104j4h
461	p. 1-30	https://image-tor.canadiana.ca/iiif/2/69429%2Fc0g15t72gs08
462	p. 1-31	https://image-tor.canadiana.ca/iiif/2/69429%2Fc0b853f4v083
463	p. 1-32	https://image-tor.canadiana.ca/iiif/2/69429%2Fc06h4cn7677s
464	p. 1-33	https://image-tor.canadiana.ca/iiif/2/69429%2Fc02r3nv9jg60
465	p. 1-34	https://image-tor.canadiana.ca/iiif/2/69429%2Fc0z31ng4rb2z
466	p. 1-35	https://image-tor.canadiana.ca/iiif/2/69429%2Fc0tb0xp73k02
467	p. 1-36	https://image-tor.canadiana.ca/iiif/2/69429%2Fc0pk06w9fs66
468	p. 1-37	https://image-tor.canadiana.ca/iiif/2/69429%2Fc0js9h41t12n
469	p. 1-38	https://image-tor.canadiana.ca/iiif/2/69429%2Fc0f18sb45802
470	p. 1-39	https://image-tor.canadiana.ca/iiif/2/69429%2Fc09882j6hh07
471	p. 1-40	https://image-tor.canadiana.ca/iiif/2/69429%2Fc05h7br8vq85
472	p. 1-41	https://image-tor.canadiana.ca/iiif/2/69429%2Fc01v5bc4240s
473	p. 1-42	https://image-tor.canadiana.ca/iiif/2/69429%2Fc0x34mk6dt1n
474	p. 1-43	https://image-tor.canadiana.ca/iiif/2/69429%2Fc0sb3ws8s18h
475	p. 1-44	https://image-tor.canadiana.ca/iiif/2/69429%2Fc0nk3611485f
476	p. 1-45	https://image-tor.canadiana.ca/iiif/2/69429%2Fc0ht2g73gh32
477	p. 1-46	https://image-tor.canadiana.ca/iiif/2/69429%2Fc0d21rf5tr2k
478	p. 1-47	https://image-tor.canadiana.ca/iiif/2/69429%2Fc08911n86015
479	p. 1-48	https://image-tor.canadiana.ca/iiif/2/69429%2Fc04m9183cc2z
480	p. 1-49	https://image-tor.canadiana.ca/iiif/2/69429%2Fc00v89g5qk99
481	p. 1-50	https://image-tor.canadiana.ca/iiif/2/69429%2Fc0w37kp8390v
482	p. 1-51	https://image-tor.canadiana.ca/iiif/2/69429%2Fc0rb6vx0fh67
483	p. 1-52	https://image-tor.canadiana.ca/iiif/2/69429%2Fc0mk6542sr57
484	p. 1-53	https://image-tor.canadiana.ca/iiif/2/69429%2Fc0gt5fb5504f
485	p. 1-54	https://image-tor.canadiana.ca/iiif/2/69429%2Fc0c24qj7h73z
486	p. 1-55	https://image-tor.canadiana.ca/iiif/2/69429%2Fc07d2q52pm5w
487	p. 1-56	https://image-tor.canadiana.ca/iiif/2/69429%2Fc03n20c51v3c
488	p. 1-57	https://image-tor.canadiana.ca/iiif/2/69429%2Fc0zw18k7dj28
489	p. 1-58	https://image-tor.canadiana.ca/iiif/2/69429%2Fc0v40js9rr8b
490	p. 1-59	https://image-tor.canadiana.ca/iiif/2/69429%2Fc0qb9v124071
491	p. 1-60	https://image-tor.canadiana.ca/iiif/2/69429%2Fc0kk9474g78s
492	p. 1-61	https://image-tor.canadiana.ca/iiif/2/69429%2Fc0ft8df6tg5t
493	p. 1-62	https://image-tor.canadiana.ca/iiif/2/69429%2Fc0b56d220v6z
494	p. 1-63	https://image-tor.canadiana.ca/iiif/2/69429%2Fc06d5p84c35p
495	p. 1-64	https://image-tor.canadiana.ca/iiif/2/69429%2Fc02n4zg6qb2q
496	p. 1-65	https://image-tor.canadiana.ca/iiif/2/69429%2Fc0xw47p9311g
497	p. 1-66	https://image-tor.canadiana.ca/iiif/2/69429%2Fc0t43hx1f79b
498	p. 1-67	https://image-tor.canadiana.ca/iiif/2/69429%2Fc0pc2t43sg9j
499	p. 1-68	https://image-tor.canadiana.ca/iiif/2/69429%2Fc0jm23b64q8m
500	p. 1-69	https://image-tor.canadiana.ca/iiif/2/69429%2Fc0dz02z1b392
501	p. 1-70	https://image-tor.canadiana.ca/iiif/2/69429%2Fc0959c53pb68
502	p. 1-71	https://image-tor.canadiana.ca/iiif/2/69429%2Fc05d8nc61k4c
503	p. 1-72	https://image-tor.canadiana.ca/iiif/2/69429%2Fc01n7xk8ct0t
504	p. 1-73	https://image-tor.canadiana.ca/iiif/2/69429%2Fc0ww76t0rh2g
505	p. 1-74	https://image-tor.canadiana.ca/iiif/2/69429%2Fc0s46h133r2g
506	p. 1-75	https://image-tor.canadiana.ca/iiif/2/69429%2Fc0ng4gm8942q
507	p. 1-76	https://image-tor.canadiana.ca/iiif/2/69429%2Fc0hq3rv0nc24
508	p. 1-77	https://image-tor.canadiana.ca/iiif/2/69429%2Fc0cz32230m01
509	p. 1-78	https://image-tor.canadiana.ca/iiif/2/69429%2Fc0862b85bt7p
510	p. 1-79	https://image-tor.canadiana.ca/iiif/2/69429%2Fc04f1mg7q23n
511	p. 1-80	https://image-tor.canadiana.ca/iiif/2/69429%2Fc00p0wq0292z
512	p. 1-81	https://image-tor.canadiana.ca/iiif/2/69429%2Fc0vx05x2f040
513	p. 1-82	https://image-tor.canadiana.ca/iiif/2/69429%2Fc0r785h7mc4w
514	p. 1-83	https://image-tor.canadiana.ca/iiif/2/69429%2Fc0mg7fq9zm33
515	p. 1-84	https://image-tor.canadiana.ca/iiif/2/69429%2Fc0gq6qz29v2d
516	p. 1-85	https://image-tor.canadiana.ca/iiif/2/69429%2Fc0bz6154p28g
517	p. 1-86	https://image-tor.canadiana.ca/iiif/2/69429%2Fc07659c71959
518	p. 1-87	https://image-tor.canadiana.ca/iiif/2/69429%2Fc03f4kk9cj53
519	p. 1-88	https://image-tor.canadiana.ca/iiif/2/69429%2Fc0zp3vt1r756
520	p. 1-89	https://image-tor.canadiana.ca/iiif/2/69429%2Fc0v11vd6xm67
521	p. 1-90	https://image-tor.canadiana.ca/iiif/2/69429%2Fc0q814m98v6w
522	p. 1-91	https://image-tor.canadiana.ca/iiif/2/69429%2Fc0kh0dv1n32g
523	p. 1-92	https://image-tor.canadiana.ca/iiif/2/69429%2Fc0fq9q240b0f
524	p. 1-93	https://image-tor.canadiana.ca/iiif/2/69429%2Fc09z9086bj6k
525	p. 1-94	https://image-tor.canadiana.ca/iiif/2/69429%2Fc06688g8ps6p
526	p. 1-95	https://image-tor.canadiana.ca/iiif/2/69429%2Fc02f7jq1215h
527	p. 1-96	https://image-tor.canadiana.ca/iiif/2/69429%2Fc0xs5j967v95
528	p. 1-97	https://image-tor.canadiana.ca/iiif/2/69429%2Fc0t14th8m386
529	p. 1-98	https://image-tor.canadiana.ca/iiif/2/69429%2Fc0p843r0zb57
530	p. 1-99	https://image-tor.canadiana.ca/iiif/2/69429%2Fc0jh3cz39k15
531	p. 1-100	https://image-tor.canadiana.ca/iiif/2/69429%2Fc0dr2p55ns9h
532	unnumbered	https://image-tor.canadiana.ca/iiif/2/69429%2Fc0901zc81181
533	p. 1-2	https://image-tor.canadiana.ca/iiif/2/69429%2Fc05717m0c877
534	p. 1-3	https://image-tor.canadiana.ca/iiif/2/69429%2Fc01j9765jp08
535	p. 1-4	https://image-tor.canadiana.ca/iiif/2/69429%2Fc0ws8hd7xb9g
536	p. 1-5	https://image-tor.canadiana.ca/iiif/2/69429%2Fc0s17sn08k7h
537	p. 1-6	https://image-tor.canadiana.ca/iiif/2/69429%2Fc0n872v2mt3b
538	p. 1-7	https://image-tor.canadiana.ca/iiif/2/69429%2Fc0hh6c25020s
539	p. 1-8	https://image-tor.canadiana.ca/iiif/2/69429%2Fc0cr5n87b90k
540	p. 1-9	https://image-tor.canadiana.ca/iiif/2/69429%2Fc0804xg9ph9d
541	p. 1-10	https://image-tor.canadiana.ca/iiif/2/69429%2Fc04b2x34vx0f
542	p. 1-11	https://image-tor.canadiana.ca/iiif/2/69429%2Fc00k2697749b
543	p. 1-12	https://image-tor.canadiana.ca/iiif/2/69429%2Fc0vt1gh9kt8q
544	p. 1-13	https://image-tor.canadiana.ca/iiif/2/69429%2Fc0r20rr1z256
545	p. 1-14	https://image-tor.canadiana.ca/iiif/2/69429%2Fc0m901z49923
546	p. 1-15	https://image-tor.canadiana.ca/iiif/2/69429%2Fc0gh9b56nj2r
547	p. 1-16	https://image-tor.canadiana.ca/iiif/2/69429%2Fc0br8mc90r9k
548	p. 1-17	https://image-tor.canadiana.ca/iiif/2/69429%2Fc0736m046536
549	p. 1-18	https://image-tor.canadiana.ca/iiif/2/69429%2Fc03b5w66jd1t
550	p. 1-19	https://image-tor.canadiana.ca/iiif/2/69429%2Fc0zk55d8x31p
551	p. 1-20	https://image-tor.canadiana.ca/iiif/2/69429%2Fc0tt4fn1897j
552	p. 1-21	https://image-tor.canadiana.ca/iiif/2/69429%2Fc0q23qv3mj5g
553	p. 1-22	https://image-tor.canadiana.ca/iiif/2/69429%2Fc0k93125zs4g
554	p. 1-23	https://image-tor.canadiana.ca/iiif/2/69429%2Fc0fj2988b13p
555	p. 1-24	https://image-tor.canadiana.ca/iiif/2/69429%2Fc09w08w3hd56
556	p. 1-25	https://image-tor.canadiana.ca/iiif/2/69429%2Fc0639k35vn2d
557	p. 1-26	https://image-tor.canadiana.ca/iiif/2/69429%2Fc02b8v986w0h
558	p. 1-27	https://image-tor.canadiana.ca/iiif/2/69429%2Fc0xk84j0kj84
559	p. 1-28	https://image-tor.canadiana.ca/iiif/2/69429%2Fc0st7dr2xs6r
560	p. 1-29	https://image-tor.canadiana.ca/iiif/2/69429%2Fc0p26pz5917f
561	p. 1-30	https://image-tor.canadiana.ca/iiif/2/69429%2Fc0j96057n86f
562	p. 1-31	https://image-tor.canadiana.ca/iiif/2/69429%2Fc0dn3zs2tn5t
563	p. 1-32	https://image-tor.canadiana.ca/iiif/2/69429%2Fc08w38055w49
564	p. 1-33	https://image-tor.canadiana.ca/iiif/2/69429%2Fc0542j67j415
565	p. 1-34	https://image-tor.canadiana.ca/iiif/2/69429%2Fc01c1td9wb8h
566	p. 1-35	https://image-tor.canadiana.ca/iiif/2/69429%2Fc0wm13n2818g
567	p. 1-36	https://image-tor.canadiana.ca/iiif/2/69429%2Fc0rv0cv4m89v
568	p. 1-37	https://image-tor.canadiana.ca/iiif/2/69429%2Fc0n29p26zh62
569	p. 1-38	https://image-tor.canadiana.ca/iiif/2/69429%2Fc0hd7np24w9n
570	p. 1-39	https://image-tor.canadiana.ca/iiif/2/69429%2Fc0cn6xw4h47s
571	p. 1-40	https://image-tor.canadiana.ca/iiif/2/69429%2Fc07w6736vc4m
572	p. 1-41	https://image-tor.canadiana.ca/iiif/2/69429%2Fc0445h996m1f
573	p. 1-42	https://image-tor.canadiana.ca/iiif/2/69429%2Fc00c4sj1jv08
574	p. 1-43	https://image-tor.canadiana.ca/iiif/2/69429%2Fc0vm42r3xj1q
575	p. 1-44	https://image-tor.canadiana.ca/iiif/2/69429%2Fc0qz22b93x1b
576	p. 1-45	https://image-tor.canadiana.ca/iiif/2/69429%2Fc0m61bk1g525
577	p. 1-46	https://image-tor.canadiana.ca/iiif/2/69429%2Fc0gf0ms3tc9h
578	p. 1-47	https://image-tor.canadiana.ca/iiif/2/69429%2Fc0bn9x065m7g
579	p. 1-48	https://image-tor.canadiana.ca/iiif/2/69429%2Fc06w9668hv39
580	p. 1-49	https://image-tor.canadiana.ca/iiif/2/69429%2Fc0348gf0w32z
581	p. 1-50	https://image-tor.canadiana.ca/iiif/2/69429%2Fc0zc7rn37s4k
582	p. 1-51	https://image-tor.canadiana.ca/iiif/2/69429%2Fc0tq5r78f53n
583	p. 1-52	https://image-tor.canadiana.ca/iiif/2/69429%2Fc0pz51g0sd2v
584	p. 1-53	https://image-tor.canadiana.ca/iiif/2/69429%2Fc0k649p34n1v
585	p. 1-54	https://image-tor.canadiana.ca/iiif/2/69429%2Fc0ff3kw5gv86
586	p. 1-55	https://image-tor.canadiana.ca/iiif/2/69429%2Fc09p2w37v355
587	p. 1-56	https://image-tor.canadiana.ca/iiif/2/69429%2Fc05x25b06b38
588	p. 1-57	https://image-tor.canadiana.ca/iiif/2/69429%2Fc0251fj2jk3c
589	p. 1-58	https://image-tor.canadiana.ca/iiif/2/69429%2Fc0xg9f47rd70
590	p. 1-59	https://image-tor.canadiana.ca/iiif/2/69429%2Fc0sq8qc03n69
591	p. 1-60	https://image-tor.canadiana.ca/iiif/2/69429%2Fc0nz80k2fw3q
592	p. 1-61	https://image-tor.canadiana.ca/iiif/2/69429%2Fc0j678s4t399
593	p. 1-62	https://image-tor.canadiana.ca/iiif/2/69429%2Fc0df6k075b67
594	p. 1-63	https://image-tor.canadiana.ca/iiif/2/69429%2Fc08p5v69hk61
595	p. 1-64	https://image-tor.canadiana.ca/iiif/2/69429%2Fc04x54f1vt57
596	p. 1-65	https://image-tor.canadiana.ca/iiif/2/69429%2Fc0183417267v
597	unnumbered	https://image-tor.canadiana.ca/iiif/2/69429%2Fc0wh2d79dw8d
598	p. 1-2	https://image-tor.canadiana.ca/iiif/2/69429%2Fc0rr1pg1s440
599	p. 1-3	https://image-tor.canadiana.ca/iiif/2/69429%2Fc0n00zp44c2d
600	p. 1-4	https://image-tor.canadiana.ca/iiif/2/69429%2Fc0h707w6gk8j
601	p. 1-5	https://image-tor.canadiana.ca/iiif/2/69429%2Fc0cf9j38tt7m
602	p. 1-6	https://image-tor.canadiana.ca/iiif/2/69429%2Fc07p8tb1628m
603	p. 1-7	https://image-tor.canadiana.ca/iiif/2/69429%2Fc0416sx6cf8n
604	p. 1-8	https://image-tor.canadiana.ca/iiif/2/69429%2Fc0086348qp62
605	p. 1-9	https://image-tor.canadiana.ca/iiif/2/69429%2Fc0vh5cc13c77
606	p. 1-10	https://image-tor.canadiana.ca/iiif/2/69429%2Fc0qr4nk3fm3p
607	p. 1-11	https://image-tor.canadiana.ca/iiif/2/69429%2Fc0m03xs5sv1m
608	p. 1-12	https://image-tor.canadiana.ca/iiif/2/69429%2Fc0g73708530m
609	p. 1-13	https://image-tor.canadiana.ca/iiif/2/69429%2Fc0bg2h70hb01
610	p. 1-14	https://image-tor.canadiana.ca/iiif/2/69429%2Fc06t0gt5pq1b
611	p. 1-15	https://image-tor.canadiana.ca/iiif/2/69429%2Fc0319s181x9x
612	p. 1-16	https://image-tor.canadiana.ca/iiif/2/69429%2Fc0z89280dm9d
613	p. 1-17	https://image-tor.canadiana.ca/iiif/2/69429%2Fc0th8bg2rv5v
614	p. 1-18	https://image-tor.canadiana.ca/iiif/2/69429%2Fc0pr7mp5432w
615	p. 1-19	https://image-tor.canadiana.ca/iiif/2/69429%2Fc0k06ww7gb20
616	p. 1-20	https://image-tor.canadiana.ca/iiif/2/69429%2Fc0f76639tk10
617	p. 1-21	https://image-tor.canadiana.ca/iiif/2/69429%2Fc09k45q50z2d
618	p. 1-22	https://image-tor.canadiana.ca/iiif/2/69429%2Fc05t3fx7c614
619	p. 1-23	https://image-tor.canadiana.ca/iiif/2/69429%2Fc0222r49qd86
620	p. 1-24	https://image-tor.canadiana.ca/iiif/2/69429%2Fc0x921c2337k
621	p. 1-25	https://image-tor.canadiana.ca/iiif/2/69429%2Fc0sj19k4fb56
622	p. 1-26	https://image-tor.canadiana.ca/iiif/2/69429%2Fc0ns0ks6sk6k
623	p. 1-27	https://image-tor.canadiana.ca/iiif/2/69429%2Fc0j09w094t5f
624	p. 1-28	https://image-tor.canadiana.ca/iiif/2/69429%2Fc0db7vm4b659
625	p. 1-29	https://image-tor.canadiana.ca/iiif/2/69429%2Fc08k74t6pf2q
626	p. 1-30	https://image-tor.canadiana.ca/iiif/2/69429%2Fc04t6f191p1t
627	p. 1-31	https://image-tor.canadiana.ca/iiif/2/69429%2Fc0125q81cw7h
628	p. 1-32	https://image-tor.canadiana.ca/iiif/2/69429%2Fc0w950g3rk7c
629	p. 1-33	https://image-tor.canadiana.ca/iiif/2/69429%2Fc0rj48p63t7n
630	p. 1-34	https://image-tor.canadiana.ca/iiif/2/69429%2Fc0ms3jw8g27z
631	p. 1-35	https://image-tor.canadiana.ca/iiif/2/69429%2Fc0h41jh3nf8m
632	p. 1-36	https://image-tor.canadiana.ca/iiif/2/69429%2Fc0cc0tq60p6q
633	p. 1-37	https://image-tor.canadiana.ca/iiif/2/69429%2Fc07m03x8bx2j
634	p. 1-38	https://image-tor.canadiana.ca/iiif/2/69429%2Fc03t9d50q489
635	p. 1-39	https://image-tor.canadiana.ca/iiif/2/69429%2Fc0028pc32c79
636	p. 1-40	https://image-tor.canadiana.ca/iiif/2/69429%2Fc0v97zk5f307
637	p. 1-41	https://image-tor.canadiana.ca/iiif/2/69429%2Fc0qn5z60mg1k
638	p. 1-42	https://image-tor.canadiana.ca/iiif/2/69429%2Fc0kw57d2zq05
639	p. 1-43	https://image-tor.canadiana.ca/iiif/2/69429%2Fc0g44hm59x9g
640	p. 1-44	https://image-tor.canadiana.ca/iiif/2/69429%2Fc0bc3st7p55f
641	p. 1-45	https://image-tor.canadiana.ca/iiif/2/69429%2Fc06m33201d2c
642	p. 1-46	https://image-tor.canadiana.ca/iiif/2/69429%2Fc02v2c82cn00
643	p. 1-47	https://image-tor.canadiana.ca/iiif/2/69429%2Fc0z31ng4rb3j
644	p. 1-48	https://image-tor.canadiana.ca/iiif/2/69429%2Fc0td9n29xq2j
645	p. 1-49	https://image-tor.canadiana.ca/iiif/2/69429%2Fc0pn8x928z31
646	p. 1-50	https://image-tor.canadiana.ca/iiif/2/69429%2Fc0jw86h4n61j
647	p. 1-51	https://image-tor.canadiana.ca/iiif/2/69429%2Fc0f47gq70d73
648	p. 1-52	https://image-tor.canadiana.ca/iiif/2/69429%2Fc09c6rx9bn3j
649	p. 1-53	https://image-tor.canadiana.ca/iiif/2/69429%2Fc05m6251pw25
650	p. 1-54	https://image-tor.canadiana.ca/iiif/2/69429%2Fc01v5bc4241c
651	p. 1-55	https://image-tor.canadiana.ca/iiif/2/69429%2Fc0x639z97z5x
652	p. 1-56	https://image-tor.canadiana.ca/iiif/2/69429%2Fc0sf2m61m64p
653	p. 1-57	https://image-tor.canadiana.ca/iiif/2/69429%2Fc0np1wd3zf04
654	p. 1-58	https://image-tor.canadiana.ca/iiif/2/69429%2Fc0hx15m69n7b
655	p. 1-59	https://image-tor.canadiana.ca/iiif/2/69429%2Fc0d50ft8nw33
656	p. 1-60	https://image-tor.canadiana.ca/iiif/2/69429%2Fc08c9r21142s
657	p. 1-61	https://image-tor.canadiana.ca/iiif/2/69429%2Fc04m9183cc3j
658	p. 1-62	https://image-tor.canadiana.ca/iiif/2/69429%2Fc00z70v8jr61
659	unnumbered	https://image-tor.canadiana.ca/iiif/2/69429%2Fc0w66930xf6v
660	p. 1-2	https://image-tor.canadiana.ca/iiif/2/69429%2Fc0rf5k938p4z
661	p. 1-3	https://image-tor.canadiana.ca/iiif/2/69429%2Fc0mp4vh5mw94
662	p. 1-4	https://image-tor.canadiana.ca/iiif/2/69429%2Fc0gx44q8046j
663	p. 1-5	https://image-tor.canadiana.ca/iiif/2/69429%2Fc0c53dz0bc5p
664	p. 1-6	https://image-tor.canadiana.ca/iiif/2/69429%2Fc07d2q52pm6g
665	p. 1-7	https://image-tor.canadiana.ca/iiif/2/69429%2Fc03r0pr7w079
666	p. 1-8	https://image-tor.canadiana.ca/iiif/2/69429%2Fc0000000776q
667	p. 1-9	https://image-tor.canadiana.ca/iiif/2/69429%2Fc0v69862kx5j
668	p. 1-10	https://image-tor.canadiana.ca/iiif/2/69429%2Fc0qf8jd4z523
669	p. 1-11	https://image-tor.canadiana.ca/iiif/2/69429%2Fc0kp7tm79c8b
670	p. 1-12	https://image-tor.canadiana.ca/iiif/2/69429%2Fc0fx73t9nm8h
671	p. 1-13	https://image-tor.canadiana.ca/iiif/2/69429%2Fc0b56d220v7j
672	p. 1-14	https://image-tor.canadiana.ca/iiif/2/69429%2Fc06h4cn7678c
673	p. 1-15	https://image-tor.canadiana.ca/iiif/2/69429%2Fc02r3nv9jg7k
674	p. 1-16	https://image-tor.canadiana.ca/iiif/2/69429%2Fc0z02z31x557
675	p. 1-17	https://image-tor.canadiana.ca/iiif/2/69429%2Fc0t727948d3q
676	p. 1-18	https://image-tor.canadiana.ca/iiif/2/69429%2Fc0pg1hh6mn0r
677	p. 1-19	https://image-tor.canadiana.ca/iiif/2/69429%2Fc0jq0sq8zv98
678	p. 1-20	https://image-tor.canadiana.ca/iiif/2/69429%2Fc0dz02z1b40b
679	p. 1-21	https://image-tor.canadiana.ca/iiif/2/69429%2Fc09882j6hh1t
680	p. 1-22	https://image-tor.canadiana.ca/iiif/2/69429%2Fc05h7br8vq9r
681	p. 1-23	https://image-tor.canadiana.ca/iiif/2/69429%2Fc01r6n016z7w
682	p. 1-24	https://image-tor.canadiana.ca/iiif/2/69429%2Fc0x05x63kn5h
683	p. 1-25	https://image-tor.canadiana.ca/iiif/2/69429%2Fc0s756d5xw2x
684	p. 1-26	https://image-tor.canadiana.ca/iiif/2/69429%2Fc0ng4gm89439
685	p. 1-27	https://image-tor.canadiana.ca/iiif/2/69429%2Fc0hq3rv0nc3q
686	p. 1-28	https://image-tor.canadiana.ca/iiif/2/69429%2Fc0d21rf5tr35
687	p. 1-29	https://image-tor.canadiana.ca/iiif/2/69429%2Fc08911n8602r
688	p. 1-30	https://image-tor.canadiana.ca/iiif/2/69429%2Fc04j09w0j69q
689	p. 1-31	https://image-tor.canadiana.ca/iiif/2/69429%2Fc00r9m32wf6m
690	p. 1-32	https://image-tor.canadiana.ca/iiif/2/69429%2Fc0w08w95844q
691	p. 1-33	https://image-tor.canadiana.ca/iiif/2/69429%2Fc0r785h7mc5g
692	p. 1-34	https://image-tor.canadiana.ca/iiif/2/69429%2Fc0mg7fq9zm4p
693	p. 1-35	https://image-tor.canadiana.ca/iiif/2/69429%2Fc0gt5fb55051
694	p. 1-36	https://image-tor.canadiana.ca/iiif/2/69429%2Fc0c24qj7h74j
695	p. 1-37	https://image-tor.canadiana.ca/iiif/2/69429%2Fc07940r9vg0c
696	p. 1-38	https://image-tor.canadiana.ca/iiif/2/69429%2Fc03j39026p77
697	p. 1-39	https://image-tor.canadiana.ca/iiif/2/69429%2Fc0zs2k64kc7q
698	p. 1-40	https://image-tor.canadiana.ca/iiif/2/69429%2Fc0v11vd6xm7t
699	p. 1-41	https://image-tor.canadiana.ca/iiif/2/69429%2Fc0qb9v12408m
700	p. 1-42	https://image-tor.canadiana.ca/iiif/2/69429%2Fc0kk9474g79c
701	p. 1-43	https://image-tor.canadiana.ca/iiif/2/69429%2Fc0ft8df6tg6d
702	p. 1-44	https://image-tor.canadiana.ca/iiif/2/69429%2Fc0b27pn95q4t
703	p. 1-45	https://image-tor.canadiana.ca/iiif/2/69429%2Fc0696zw1hz0w
704	p. 1-46	https://image-tor.canadiana.ca/iiif/2/69429%2Fc02j6833w57j
705	p. 1-47	https://image-tor.canadiana.ca/iiif/2/69429%2Fc0xs5j967w0f
706	p. 1-48	https://image-tor.canadiana.ca/iiif/2/69429%2Fc0t43hx1f80m
707	p. 1-49	https://image-tor.canadiana.ca/iiif/2/69429%2Fc0pc2t43sh0t
708	p. 1-50	https://image-tor.canadiana.ca/iiif/2/69429%2Fc0jm23b64q96
709	p. 1-51	https://image-tor.canadiana.ca/iiif/2/69429%2Fc0dv1cj8gz5n
710	p. 1-52	https://image-tor.canadiana.ca/iiif/2/69429%2Fc0930ns0v624
711	p. 1-53	https://image-tor.canadiana.ca/iiif/2/69429%2Fc0599z036f03
712	p. 1-54	https://image-tor.canadiana.ca/iiif/2/69429%2Fc01j9765jp1v
713	p. 1-55	https://image-tor.canadiana.ca/iiif/2/69429%2Fc0ww76t0rh32
714	p. 1-56	https://image-tor.canadiana.ca/iiif/2/69429%2Fc0s46h133r32
715	p. 1-57	https://image-tor.canadiana.ca/iiif/2/69429%2Fc0nc5s75g00m
716	p. 1-58	https://image-tor.canadiana.ca/iiif/2/69429%2Fc0hm52f7t66r
717	p. 1-59	https://image-tor.canadiana.ca/iiif/2/69429%2Fc0cv4bp05f3w
718	p. 1-60	https://image-tor.canadiana.ca/iiif/2/69429%2Fc0833mw2hp1t
719	p. 1-61	https://image-tor.canadiana.ca/iiif/2/69429%2Fc04b2x34vx11
720	p. 1-62	https://image-tor.canadiana.ca/iiif/2/69429%2Fc00p0wq0293j
721	p. 1-63	https://image-tor.canadiana.ca/iiif/2/69429%2Fc0vx05x2f05k
722	p. 1-64	https://image-tor.canadiana.ca/iiif/2/69429%2Fc0r49g44s716
723	p. 1-65	https://image-tor.canadiana.ca/iiif/2/69429%2Fc0mc8rb74f81
724	p. 1-66	https://image-tor.canadiana.ca/iiif/2/69429%2Fc0gm81j9gp4v
725	p. 1-67	https://image-tor.canadiana.ca/iiif/2/69429%2Fc0bv79s1tx48
726	p. 1-68	https://image-tor.canadiana.ca/iiif/2/69429%2Fc0736m04654s
727	p. 1-69	https://image-tor.canadiana.ca/iiif/2/69429%2Fc03f4kk9cj6p
728	p. 1-70	https://image-tor.canadiana.ca/iiif/2/69429%2Fc0zp3vt1r76s
729	p. 1-71	https://image-tor.canadiana.ca/iiif/2/69429%2Fc0tx35143g4p
730	p. 1-72	https://image-tor.canadiana.ca/iiif/2/69429%2Fc0q52f76fq0f
731	p. 1-73	https://image-tor.canadiana.ca/iiif/2/69429%2Fc0kd1qf8sx7s
732	p. 1-74	https://image-tor.canadiana.ca/iiif/2/69429%2Fc0fn10p1555d
733	p. 1-75	https://image-tor.canadiana.ca/iiif/2/69429%2Fc09w08w3hd6s
734	p. 1-76	https://image-tor.canadiana.ca/iiif/2/69429%2Fc06688g8ps78
735	p. 1-77	https://image-tor.canadiana.ca/iiif/2/69429%2Fc02f7jq12163
736	p. 1-78	https://image-tor.canadiana.ca/iiif/2/69429%2Fc0xp6tx3dq5g
737	p. 1-79	https://image-tor.canadiana.ca/iiif/2/69429%2Fc0sx6445rz1q
738	p. 1-80	https://image-tor.canadiana.ca/iiif/2/69429%2Fc0p55db8458c
739	p. 1-81	https://image-tor.canadiana.ca/iiif/2/69429%2Fc0jd4pk0gd76
740	p. 1-82	https://image-tor.canadiana.ca/iiif/2/69429%2Fc0dn3zs2tn6d
741	p. 1-83	https://image-tor.canadiana.ca/iiif/2/69429%2Fc0901zc8119m
742	p. 1-84	https://image-tor.canadiana.ca/iiif/2/69429%2Fc05717m0c88t
743	p. 1-85	https://image-tor.canadiana.ca/iiif/2/69429%2Fc01g0ht2qh48
744	p. 1-86	https://image-tor.canadiana.ca/iiif/2/69429%2Fc0wp9t153643
745	p. 1-87	https://image-tor.canadiana.ca/iiif/2/69429%2Fc0rx9377ff0x
746	p. 1-88	https://image-tor.canadiana.ca/iiif/2/69429%2Fc0n58cf9sp01
747	p. 1-89	https://image-tor.canadiana.ca/iiif/2/69429%2Fc0hd7np24x0x
748	p. 1-90	https://image-tor.canadiana.ca/iiif/2/69429%2Fc0cr5n87b915
749	p. 1-91	https://image-tor.canadiana.ca/iiif/2/69429%2Fc0804xg9pj0p
750	p. 1-92	https://image-tor.canadiana.ca/iiif/2/69429%2Fc04746q21r7h
751	p. 1-93	https://image-tor.canadiana.ca/iiif/2/69429%2Fc00g3gx4d03g
752	p. 1-94	https://image-tor.canadiana.ca/iiif/2/69429%2Fc0vq2s46rp28
753	p. 1-95	https://image-tor.canadiana.ca/iiif/2/69429%2Fc0qz22b93x2x
754	p. 1-96	https://image-tor.canadiana.ca/iiif/2/69429%2Fc0m61bk1g53r
755	p. 1-97	https://image-tor.canadiana.ca/iiif/2/69429%2Fc0gh9b56nj3b
756	p. 1-98	https://image-tor.canadiana.ca/iiif/2/69429%2Fc0br8mc90s0v
757	p. 1-99	https://image-tor.canadiana.ca/iiif/2/69429%2Fc0707wm1c087
758	p. 1-100	https://image-tor.canadiana.ca/iiif/2/69429%2Fc03775t3q742
759	p. 1-101	https://image-tor.canadiana.ca/iiif/2/69429%2Fc0zg6g162x3b
760	p. 1-102	https://image-tor.canadiana.ca/iiif/2/69429%2Fc0tq5r78f547
761	p. 1-103	https://image-tor.canadiana.ca/iiif/2/69429%2Fc0pz51g0sd3f
762	p. 1-104	https://image-tor.canadiana.ca/iiif/2/69429%2Fc0k93125zs52
763	p. 1-105	https://image-tor.canadiana.ca/iiif/2/69429%2Fc0fj2988b148
764	p. 1-106	https://image-tor.canadiana.ca/iiif/2/69429%2Fc09s1kh0p80b
765	p. 1-107	https://image-tor.canadiana.ca/iiif/2/69429%2Fc0610vq31g82
766	p. 1-108	https://image-tor.canadiana.ca/iiif/2/69429%2Fc02804x5cq5g
767	p. 1-109	https://image-tor.canadiana.ca/iiif/2/69429%2Fc0xg9f47rd8k
768	p. 1-110	https://image-tor.canadiana.ca/iiif/2/69429%2Fc0st7dr2xs7b
769	p. 1-111	https://image-tor.canadiana.ca/iiif/2/69429%2Fc0p26pz59181
770	p. 1-112	https://image-tor.canadiana.ca/iiif/2/69429%2Fc0j96057n871
771	p. 1-113	https://image-tor.canadiana.ca/iiif/2/69429%2Fc0dj58d00h45
772	p. 1-114	https://image-tor.canadiana.ca/iiif/2/69429%2Fc08s4jm2br0m
773	p. 1-115	https://image-tor.canadiana.ca/iiif/2/69429%2Fc0513tt4pz8v
774	p. 1-116	https://image-tor.canadiana.ca/iiif/2/69429%2Fc0183417268f
775	p. 1-117	https://image-tor.canadiana.ca/iiif/2/69429%2Fc0wm13n28192
776	p. 1-118	https://image-tor.canadiana.ca/iiif/2/69429%2Fc0rv0cv4m904
777	p. 1-119	https://image-tor.canadiana.ca/iiif/2/69429%2Fc0n29p26zh7n
778	p. 1-120	https://image-tor.canadiana.ca/iiif/2/69429%2Fc0h98z899r5r
779	p. 1-121	https://image-tor.canadiana.ca/iiif/2/69429%2Fc0cj87h1p01q
780	p. 1-122	https://image-tor.canadiana.ca/iiif/2/69429%2Fc07s7hq4168j
781	p. 1-123	https://image-tor.canadiana.ca/iiif/2/69429%2Fc0416sx6cf97
782	p. 1-124	https://image-tor.canadiana.ca/iiif/2/69429%2Fc00c4sj1jv1v
783	p. 1-125	https://image-tor.canadiana.ca/iiif/2/69429%2Fc0vm42r3xj29
784	p. 1-126	https://image-tor.canadiana.ca/iiif/2/69429%2Fc0qv3bz68s0d
785	p. 1-127	https://image-tor.canadiana.ca/iiif/2/69429%2Fc0m32n58n06d
786	p. 1-128	https://image-tor.canadiana.ca/iiif/2/69429%2Fc0gb1xd1073j
787	p. 1-129	https://image-tor.canadiana.ca/iiif/2/69429%2Fc0bk16m3bg1j
788	p. 1-130	https://image-tor.canadiana.ca/iiif/2/69429%2Fc06t0gt5pq2x
789	p. 1-131	https://image-tor.canadiana.ca/iiif/2/69429%2Fc0348gf0w33j
790	p. 1-132	https://image-tor.canadiana.ca/iiif/2/69429%2Fc0zc7rn37s55
791	p. 1-133	https://image-tor.canadiana.ca/iiif/2/69429%2Fc0tm71v5m123
792	p. 1-134	https://image-tor.canadiana.ca/iiif/2/69429%2Fc0pv6b27z79v
793	p. 1-135	https://image-tor.canadiana.ca/iiif/2/69429%2Fc0k35m909g5q
794	p. 1-136	https://image-tor.canadiana.ca/iiif/2/69429%2Fc0fb4wh2nq3b
795	p. 1-137	https://image-tor.canadiana.ca/iiif/2/69429%2Fc09k45q50z30
796	p. 1-138	https://image-tor.canadiana.ca/iiif/2/69429%2Fc05x25b06b4v
797	p. 1-139	https://image-tor.canadiana.ca/iiif/2/69429%2Fc0251fj2jk4z
798	p. 1-140	https://image-tor.canadiana.ca/iiif/2/69429%2Fc0xd0qr4x828
799	p. 1-141	https://image-tor.canadiana.ca/iiif/2/69429%2Fc0sn00z78h0r
800	p. 1-142	https://image-tor.canadiana.ca/iiif/2/69429%2Fc0nv9959mq6c
801	p. 1-143	https://image-tor.canadiana.ca/iiif/2/69429%2Fc0j38kd1zz5h
802	p. 1-144	https://image-tor.canadiana.ca/iiif/2/69429%2Fc0db7vm4b66w
803	p. 1-145	https://image-tor.canadiana.ca/iiif/2/69429%2Fc08p5v69hk7m
804	p. 1-146	https://image-tor.canadiana.ca/iiif/2/69429%2Fc04x54f1vt6t
805	p. 1-147	https://image-tor.canadiana.ca/iiif/2/69429%2Fc0154dn4724r
806	p. 1-148	https://image-tor.canadiana.ca/iiif/2/69429%2Fc0wd3pv6kr34
807	p. 1-149	https://image-tor.canadiana.ca/iiif/2/69429%2Fc0rn3028z00g
808	p. 1-150	https://image-tor.canadiana.ca/iiif/2/69429%2Fc0mw2891968h
809	p. 1-151	https://image-tor.canadiana.ca/iiif/2/69429%2Fc0h41jh3nf96
810	p. 1-152	https://image-tor.canadiana.ca/iiif/2/69429%2Fc0cf9j38tt86
811	p. 1-153	https://image-tor.canadiana.ca/iiif/2/69429%2Fc07p8tb16296
812	p. 1-154	https://image-tor.canadiana.ca/iiif/2/69429%2Fc03x83j3j96m
813	p. 1-155	https://image-tor.canadiana.ca/iiif/2/69429%2Fc0057cr5wj3z
814	p. 1-156	https://image-tor.canadiana.ca/iiif/2/69429%2Fc0vd6nz8871r
815	p. 1-157	https://image-tor.canadiana.ca/iiif/2/69429%2Fc0qn5z60mg25
816	p. 1-158	https://image-tor.canadiana.ca/iiif/2/69429%2Fc0kw57d2zq1r
817	p. 1-159	https://image-tor.canadiana.ca/iiif/2/69429%2Fc0g737085316
818	p. 1-160	https://image-tor.canadiana.ca/iiif/2/69429%2Fc0bg2h70hb1m
819	p. 1-161	https://image-tor.canadiana.ca/iiif/2/69429%2Fc06q1sf2vj7c
820	p. 1-162	https://image-tor.canadiana.ca/iiif/2/69429%2Fc02z12n56s5v
821	p. 1-163	https://image-tor.canadiana.ca/iiif/2/69429%2Fc0z60bv7kg3g
822	p. 1-164	https://image-tor.canadiana.ca/iiif/2/69429%2Fc0td9n29xq34
823	p. 1-165	https://image-tor.canadiana.ca/iiif/2/69429%2Fc0pn8x928z4m
824	p. 1-166	https://image-tor.canadiana.ca/iiif/2/69429%2Fc0k06ww7gb3k
825	p. 1-167	https://image-tor.canadiana.ca/iiif/2/69429%2Fc0f76639tk2k
826	p. 1-168	https://image-tor.canadiana.ca/iiif/2/69429%2Fc09g5gb25t09
827	p. 1-169	https://image-tor.canadiana.ca/iiif/2/69429%2Fc05q4rj4j16k
828	p. 1-170	https://image-tor.canadiana.ca/iiif/2/69429%2Fc01z41r6w84k
829	p. 1-171	https://image-tor.canadiana.ca/iiif/2/69429%2Fc0x639z97z6h
830	p. 1-172	https://image-tor.canadiana.ca/iiif/2/69429%2Fc0sj19k4fb6s
831	p. 1-173	https://image-tor.canadiana.ca/iiif/2/69429%2Fc0ns0ks6sk75
832	p. 1-174	https://image-tor.canadiana.ca/iiif/2/69429%2Fc0j09w094t61
833	unnumbered	https://image-tor.canadiana.ca/iiif/2/69429%2Fc0d79571h23k
834	p. 1-2	https://image-tor.canadiana.ca/iiif/2/69429%2Fc08g8ff3v90m
835	p. 1-3	https://image-tor.canadiana.ca/iiif/2/69429%2Fc04q7qn66h6v
836	p. 1-4	https://image-tor.canadiana.ca/iiif/2/69429%2Fc00z70v8jr7m
837	p. 1-5	https://image-tor.canadiana.ca/iiif/2/69429%2Fc0w950g3rk8z
838	p. 1-6	https://image-tor.canadiana.ca/iiif/2/69429%2Fc0rj48p63t87
839	p. 1-7	https://image-tor.canadiana.ca/iiif/2/69429%2Fc0ms3jw8g28j
840	p. 1-8	https://image-tor.canadiana.ca/iiif/2/69429%2Fc0h12v40t94b
841	p. 1-9	https://image-tor.canadiana.ca/iiif/2/69429%2Fc0c824b35j17
842	p. 1-10	https://image-tor.canadiana.ca/iiif/2/69429%2Fc07h1dj5hr8k
843	p. 1-11	https://image-tor.canadiana.ca/iiif/2/69429%2Fc03r0pr7w08w
844	p. 1-12	https://image-tor.canadiana.ca/iiif/2/69429%2Fc0028pc32c8w
845	p. 1-13	https://image-tor.canadiana.ca/iiif/2/69429%2Fc0v97zk5f31t
846	p. 1-14	https://image-tor.canadiana.ca/iiif/2/69429%2Fc0qj77s7s97z
847	p. 1-15	https://image-tor.canadiana.ca/iiif/2/69429%2Fc0ks6j104j53
848	p. 1-16	https://image-tor.canadiana.ca/iiif/2/69429%2Fc0g15t72gs1v
849	p. 1-17	https://image-tor.canadiana.ca/iiif/2/69429%2Fc0b853f4v09p
850	p. 1-18	https://image-tor.canadiana.ca/iiif/2/69429%2Fc06h4cn7679z
851	p. 1-19	https://image-tor.canadiana.ca/iiif/2/69429%2Fc02v2c82cn1k
852	p. 1-20	https://image-tor.canadiana.ca/iiif/2/69429%2Fc0z31ng4rb44
853	p. 1-21	https://image-tor.canadiana.ca/iiif/2/69429%2Fc0tb0xp73k1n
854	p. 1-22	https://image-tor.canadiana.ca/iiif/2/69429%2Fc0pk06w9fs7s
855	p. 1-23	https://image-tor.canadiana.ca/iiif/2/69429%2Fc0js9h41t137
856	p. 1-24	https://image-tor.canadiana.ca/iiif/2/69429%2Fc0f18sb4581n
857	p. 1-25	https://image-tor.canadiana.ca/iiif/2/69429%2Fc09882j6hh2d
858	p. 1-26	https://image-tor.canadiana.ca/iiif/2/69429%2Fc05m6251pw3r
859	p. 1-27	https://image-tor.canadiana.ca/iiif/2/69429%2Fc01v5bc4242z
860	p. 1-28	https://image-tor.canadiana.ca/iiif/2/69429%2Fc0x34mk6dt27
861	p. 1-29	https://image-tor.canadiana.ca/iiif/2/69429%2Fc0sb3ws8s193
862	p. 1-30	https://image-tor.canadiana.ca/iiif/2/69429%2Fc0nk36114861
863	p. 1-31	https://image-tor.canadiana.ca/iiif/2/69429%2Fc0ht2g73gh4n
864	p. 1-32	https://image-tor.canadiana.ca/iiif/2/69429%2Fc0d21rf5tr4r
865	p. 1-33	https://image-tor.canadiana.ca/iiif/2/69429%2Fc08c9r21143c
866	p. 1-34	https://image-tor.canadiana.ca/iiif/2/69429%2Fc04m9183cc44
867	p. 1-35	https://image-tor.canadiana.ca/iiif/2/69429%2Fc00v89g5qm0k
868	p. 1-36	https://image-tor.canadiana.ca/iiif/2/69429%2Fc0w37kp8391f
869	p. 1-37	https://image-tor.canadiana.ca/iiif/2/69429%2Fc0rb6vx0fh7t
870	p. 1-38	https://image-tor.canadiana.ca/iiif/2/69429%2Fc0mk6542sr6t
871	p. 1-39	https://image-tor.canadiana.ca/iiif/2/69429%2Fc0gt5fb5506m
872	p. 1-40	https://image-tor.canadiana.ca/iiif/2/69429%2Fc0c53dz0bc68
873	p. 1-41	https://image-tor.canadiana.ca/iiif/2/69429%2Fc07d2q52pm72
874	p. 1-42	https://image-tor.canadiana.ca/iiif/2/69429%2Fc03n20c51v4z
875	p. 1-43	https://image-tor.canadiana.ca/iiif/2/69429%2Fc0zw18k7dj3v
876	p. 1-44	https://image-tor.canadiana.ca/iiif/2/69429%2Fc0v40js9rr9x
877	p. 1-45	https://image-tor.canadiana.ca/iiif/2/69429%2Fc0qb9v124096
878	p. 1-46	https://image-tor.canadiana.ca/iiif/2/69429%2Fc0kk9474g80n
879	p. 1-47	https://image-tor.canadiana.ca/iiif/2/69429%2Fc0fx73t9nm93
880	p. 1-48	https://image-tor.canadiana.ca/iiif/2/69429%2Fc0b56d220v84
881	p. 1-49	https://image-tor.canadiana.ca/iiif/2/69429%2Fc06d5p84c368
882	p. 1-50	https://image-tor.canadiana.ca/iiif/2/69429%2Fc02n4zg6qb39
883	p. 1-51	https://image-tor.canadiana.ca/iiif/2/69429%2Fc0xw47p93122
884	p. 1-52	https://image-tor.canadiana.ca/iiif/2/69429%2Fc0t43hx1f816
885	p. 1-53	https://image-tor.canadiana.ca/iiif/2/69429%2Fc0pc2t43sh1d
886	p. 1-54	https://image-tor.canadiana.ca/iiif/2/69429%2Fc0jq0sq8zw0j
887	p. 1-55	https://image-tor.canadiana.ca/iiif/2/69429%2Fc0dz02z1b41x
888	p. 1-56	https://image-tor.canadiana.ca/iiif/2/69429%2Fc0959c53pb7v
889	p. 1-57	https://image-tor.canadiana.ca/iiif/2/69429%2Fc05d8nc61k5z
890	p. 1-58	https://image-tor.canadiana.ca/iiif/2/69429%2Fc01n7xk8ct1d
891	p. 1-59	https://image-tor.canadiana.ca/iiif/2/69429%2Fc0ww76t0rh4n
892	p. 1-60	https://image-tor.canadiana.ca/iiif/2/69429%2Fc0s756d5xw3h
893	p. 1-61	https://image-tor.canadiana.ca/iiif/2/69429%2Fc0ng4gm8944w
894	p. 1-62	https://image-tor.canadiana.ca/iiif/2/69429%2Fc0hq3rv0nc49
895	p. 1-63	https://image-tor.canadiana.ca/iiif/2/69429%2Fc0cz32230m1m
896	p. 1-64	https://image-tor.canadiana.ca/iiif/2/69429%2Fc0862b85bt88
897	p. 1-65	https://image-tor.canadiana.ca/iiif/2/69429%2Fc04f1mg7q247
898	p. 1-66	https://image-tor.canadiana.ca/iiif/2/69429%2Fc00p0wq02944
899	p. 1-67	https://image-tor.canadiana.ca/iiif/2/69429%2Fc0w08w958459
900	p. 1-68	https://image-tor.canadiana.ca/iiif/2/69429%2Fc0r785h7mc62
901	unnumbered	https://image-tor.canadiana.ca/iiif/2/69429%2Fc0mg7fq9zm58
902	p. 1-2	https://image-tor.canadiana.ca/iiif/2/69429%2Fc0gq6qz29v30
903	p. 1-3	https://image-tor.canadiana.ca/iiif/2/69429%2Fc0bz6154p292
904	p. 1-4	https://image-tor.canadiana.ca/iiif/2/69429%2Fc07659c7196w
905	p. 1-5	https://image-tor.canadiana.ca/iiif/2/69429%2Fc03f4kk9cj78
906	p. 1-6	https://image-tor.canadiana.ca/iiif/2/69429%2Fc0zs2k64kc89
907	p. 1-7	https://image-tor.canadiana.ca/iiif/2/69429%2Fc0v11vd6xm8d
908	p. 1-8	https://image-tor.canadiana.ca/iiif/2/69429%2Fc0q814m98v7g
909	p. 1-9	https://image-tor.canadiana.ca/iiif/2/69429%2Fc0kh0dv1n332
910	p. 1-10	https://image-tor.canadiana.ca/iiif/2/69429%2Fc0fq9q240b11
911	p. 1-11	https://image-tor.canadiana.ca/iiif/2/69429%2Fc09z9086bj75
912	p. 1-12	https://image-tor.canadiana.ca/iiif/2/69429%2Fc06688g8ps8v
913	p. 1-13	https://image-tor.canadiana.ca/iiif/2/69429%2Fc02j6833w584
914	p. 1-14	https://image-tor.canadiana.ca/iiif/2/69429%2Fc0xs5j967w11
915	p. 1-15	https://image-tor.canadiana.ca/iiif/2/69429%2Fc0t14th8m39s
916	p. 1-16	https://image-tor.canadiana.ca/iiif/2/69429%2Fc0p843r0zb6t
917	p. 1-17	https://image-tor.canadiana.ca/iiif/2/69429%2Fc0jh3cz39k2r
918	p. 1-18	https://image-tor.canadiana.ca/iiif/2/69429%2Fc0dr2p55nt0s
919	p. 1-19	https://image-tor.canadiana.ca/iiif/2/69429%2Fc0901zc8120w
920	p. 1-20	https://image-tor.canadiana.ca/iiif/2/69429%2Fc0599z036f1p
921	p. 1-21	https://image-tor.canadiana.ca/iiif/2/69429%2Fc01j9765jp2f
922	p. 1-22	https://image-tor.canadiana.ca/iiif/2/69429%2Fc0ws8hd7xc0r
923	p. 1-23	https://image-tor.canadiana.ca/iiif/2/69429%2Fc0s17sn08k83
924	p. 1-24	https://image-tor.canadiana.ca/iiif/2/69429%2Fc0n872v2mt4x
925	p. 1-25	https://image-tor.canadiana.ca/iiif/2/69429%2Fc0hh6c25021c
926	p. 1-26	https://image-tor.canadiana.ca/iiif/2/69429%2Fc0cr5n87b92r
927	p. 1-27	https://image-tor.canadiana.ca/iiif/2/69429%2Fc0833mw2hp2d
928	p. 1-28	https://image-tor.canadiana.ca/iiif/2/69429%2Fc04b2x34vx2m
929	p. 1-29	https://image-tor.canadiana.ca/iiif/2/69429%2Fc00k2697750m
930	p. 1-30	https://image-tor.canadiana.ca/iiif/2/69429%2Fc0vt1gh9kt99
931	p. 1-31	https://image-tor.canadiana.ca/iiif/2/69429%2Fc0r20rr1z26s
932	p. 1-32	https://image-tor.canadiana.ca/iiif/2/69429%2Fc0m901z4993p
933	unnumbered	https://image-tor.canadiana.ca/iiif/2/69429%2Fc0gh9b56nj4x
934	p. 1-2	https://image-tor.canadiana.ca/iiif/2/69429%2Fc0bv79s1tx5v
935	p. 1-3	https://image-tor.canadiana.ca/iiif/2/69429%2Fc0736m04655c
936	p. 1-4	https://image-tor.canadiana.ca/iiif/2/69429%2Fc03b5w66jd2d
937	p. 1-5	https://image-tor.canadiana.ca/iiif/2/69429%2Fc0zk55d8x328
938	p. 1-6	https://image-tor.canadiana.ca/iiif/2/69429%2Fc0tt4fn18984
939	p. 1-7	https://image-tor.canadiana.ca/iiif/2/69429%2Fc0q23qv3mj62
940	p. 1-8	https://image-tor.canadiana.ca/iiif/2/69429%2Fc0k93125zs6n
941	p. 1-9	https://image-tor.canadiana.ca/iiif/2/69429%2Fc0fn10p15560
942	p. 1-10	https://image-tor.canadiana.ca/iiif/2/69429%2Fc09w08w3hd7c
943	p. 1-11	https://image-tor.canadiana.ca/iiif/2/69429%2Fc0639k35vn30
944	p. 1-12	https://image-tor.canadiana.ca/iiif/2/69429%2Fc02b8v986w13
945	p. 1-13	https://image-tor.canadiana.ca/iiif/2/69429%2Fc0xk84j0kj9q
946	p. 1-14	https://image-tor.canadiana.ca/iiif/2/69429%2Fc0st7dr2xs8x
947	p. 1-15	https://image-tor.canadiana.ca/iiif/2/69429%2Fc0p26pz5919m
948	p. 1-16	https://image-tor.canadiana.ca/iiif/2/69429%2Fc0jd4pk0gd8s
949	p. 1-17	https://image-tor.canadiana.ca/iiif/2/69429%2Fc0dn3zs2tn70
950	p. 1-18	https://image-tor.canadiana.ca/iiif/2/69429%2Fc08w38055w5w
951	p. 1-19	https://image-tor.canadiana.ca/iiif/2/69429%2Fc0542j67j42r
952	p. 1-20	https://image-tor.canadiana.ca/iiif/2/69429%2Fc01c1td9wb93
953	p. 1-21	https://image-tor.canadiana.ca/iiif/2/69429%2Fc0wm13n2820b
954	p. 1-22	https://image-tor.canadiana.ca/iiif/2/69429%2Fc0rv0cv4m91q
955	p. 1-23	https://image-tor.canadiana.ca/iiif/2/69429%2Fc0n58cf9sp1m
956	p. 1-24	https://image-tor.canadiana.ca/iiif/2/69429%2Fc0hd7np24x1h
957	p. 1-25	https://image-tor.canadiana.ca/iiif/2/69429%2Fc0cn6xw4h48c
958	p. 1-26	https://image-tor.canadiana.ca/iiif/2/69429%2Fc07w6736vc56
959	p. 1-27	https://image-tor.canadiana.ca/iiif/2/69429%2Fc0445h996m21
960	p. 1-28	https://image-tor.canadiana.ca/iiif/2/69429%2Fc00c4sj1jv2f
961	p. 1-29	https://image-tor.canadiana.ca/iiif/2/69429%2Fc0vq2s46rp3v
962	p. 1-30	https://image-tor.canadiana.ca/iiif/2/69429%2Fc0qz22b93x3h
963	p. 1-31	https://image-tor.canadiana.ca/iiif/2/69429%2Fc0m61bk1g54b
964	p. 1-32	https://image-tor.canadiana.ca/iiif/2/69429%2Fc0gf0ms3td0s
965	p. 1-33	https://image-tor.canadiana.ca/iiif/2/69429%2Fc0bn9x065m82
966	p. 1-34	https://image-tor.canadiana.ca/iiif/2/69429%2Fc06w9668hv4w
967	p. 1-35	https://image-tor.canadiana.ca/iiif/2/69429%2Fc0348gf0w344
968	p. 1-36	https://image-tor.canadiana.ca/iiif/2/69429%2Fc0zg6g162x4x
969	p. 1-37	https://image-tor.canadiana.ca/iiif/2/69429%2Fc0tq5r78f55t
970	p. 1-38	https://image-tor.canadiana.ca/iiif/2/69429%2Fc0pz51g0sd41
971	p. 1-39	https://image-tor.canadiana.ca/iiif/2/69429%2Fc0k649p34n2f
972	p. 1-40	https://image-tor.canadiana.ca/iiif/2/69429%2Fc0ff3kw5gv9s
973	p. 1-41	https://image-tor.canadiana.ca/iiif/2/69429%2Fc09p2w37v36r
974	p. 1-42	https://image-tor.canadiana.ca/iiif/2/69429%2Fc05x25b06b5f
975	p. 1-43	https://image-tor.canadiana.ca/iiif/2/69429%2Fc02804x5cq62
976	p. 1-44	https://image-tor.canadiana.ca/iiif/2/69429%2Fc0xg9f47rd95
977	p. 1-45	https://image-tor.canadiana.ca/iiif/2/69429%2Fc0sq8qc03n7w
978	p. 1-46	https://image-tor.canadiana.ca/iiif/2/69429%2Fc0nz80k2fw49
979	p. 1-47	https://image-tor.canadiana.ca/iiif/2/69429%2Fc0j678s4t40k
980	p. 1-48	https://image-tor.canadiana.ca/iiif/2/69429%2Fc0df6k075b7t
981	p. 1-49	https://image-tor.canadiana.ca/iiif/2/69429%2Fc08p5v69hk86
982	p. 1-50	https://image-tor.canadiana.ca/iiif/2/69429%2Fc0513tt4pz9f
983	p. 1-51	https://image-tor.canadiana.ca/iiif/2/69429%2Fc01834172691
984	p. 1-52	https://image-tor.canadiana.ca/iiif/2/69429%2Fc0wh2d79dw90
985	p. 1-53	https://image-tor.canadiana.ca/iiif/2/69429%2Fc0rr1pg1s45k
986	p. 1-54	https://image-tor.canadiana.ca/iiif/2/69429%2Fc0n00zp44c30
987	p. 1-55	https://image-tor.canadiana.ca/iiif/2/69429%2Fc0h707w6gk94
988	p. 1-56	https://image-tor.canadiana.ca/iiif/2/69429%2Fc0cf9j38tt9s
989	p. 1-57	https://image-tor.canadiana.ca/iiif/2/69429%2Fc07s7hq41694
990	p. 1-58	https://image-tor.canadiana.ca/iiif/2/69429%2Fc0416sx6cg0h
991	p. 1-59	https://image-tor.canadiana.ca/iiif/2/69429%2Fc0086348qp7n
992	p. 1-60	https://image-tor.canadiana.ca/iiif/2/69429%2Fc0vh5cc13c8t
993	p. 1-61	https://image-tor.canadiana.ca/iiif/2/69429%2Fc0qr4nk3fm48
994	p. 1-62	https://image-tor.canadiana.ca/iiif/2/69429%2Fc0m03xs5sv26
995	p. 1-63	https://image-tor.canadiana.ca/iiif/2/69429%2Fc0g73708532s
996	p. 1-64	https://image-tor.canadiana.ca/iiif/2/69429%2Fc0bk16m3bg24
997	p. 1-65	https://image-tor.canadiana.ca/iiif/2/69429%2Fc06t0gt5pq3h
998	p. 1-96 [66]	https://image-tor.canadiana.ca/iiif/2/69429%2Fc0319s181z06
999	p. 1-67	https://image-tor.canadiana.ca/iiif/2/69429%2Fc0z89280dn0p
1000	p. 1-68	https://image-tor.canadiana.ca/iiif/2/69429%2Fc0th8bg2rv6f
1001	p. 1-69	https://image-tor.canadiana.ca/iiif/2/69429%2Fc0pr7mp5433g
1002	p. 1-70	https://image-tor.canadiana.ca/iiif/2/69429%2Fc0k06ww7gb45
1003	p. 1-71	https://image-tor.canadiana.ca/iiif/2/69429%2Fc0fb4wh2nq4x
1004	p. 1-72	https://image-tor.canadiana.ca/iiif/2/69429%2Fc09k45q50z4k
1005	unnumbered	https://image-tor.canadiana.ca/iiif/2/69429%2Fc05t3fx7c62q
1006	p. 1-2	https://image-tor.canadiana.ca/iiif/2/69429%2Fc0222r49qd9s
1007	p. 1-3	https://image-tor.canadiana.ca/iiif/2/69429%2Fc0x921c23385
1008	p. 1-4	https://image-tor.canadiana.ca/iiif/2/69429%2Fc0sj19k4fb7c
1009	p. 1-5	https://image-tor.canadiana.ca/iiif/2/69429%2Fc0ns0ks6sk8r
1010	p. 1-6	https://image-tor.canadiana.ca/iiif/2/69429%2Fc0j38kd1zz63
1011	p. 1-7	https://image-tor.canadiana.ca/iiif/2/69429%2Fc0db7vm4b67g
1012	p. 1-8	https://image-tor.canadiana.ca/iiif/2/69429%2Fc08k74t6pf39
1013	p. 1-9	https://image-tor.canadiana.ca/iiif/2/69429%2Fc04t6f191p2d
1014	p. 1-10	https://image-tor.canadiana.ca/iiif/2/69429%2Fc0125q81cw83
1015	p. 1-11	https://image-tor.canadiana.ca/iiif/2/69429%2Fc0w950g3rk9j
1016	p. 1-12	https://image-tor.canadiana.ca/iiif/2/69429%2Fc0rj48p63t9t
1017	p. 1-13	https://image-tor.canadiana.ca/iiif/2/69429%2Fc0mw28919693
1018	p. 1-14	https://image-tor.canadiana.ca/iiif/2/69429%2Fc0h41jh3ng0g
1019	p. 1-15	https://image-tor.canadiana.ca/iiif/2/69429%2Fc0cc0tq60p79
1020	p. 1-16	https://image-tor.canadiana.ca/iiif/2/69429%2Fc07m03x8bx34
1021	p. 1-17	https://image-tor.canadiana.ca/iiif/2/69429%2Fc03t9d50q49w
1022	p. 1-18	https://image-tor.canadiana.ca/iiif/2/69429%2Fc0028pc32c9g
1023	p. 1-19	https://image-tor.canadiana.ca/iiif/2/69429%2Fc0vd6nz8872b
1024	p. 1-20	https://image-tor.canadiana.ca/iiif/2/69429%2Fc0qn5z60mg3r
1025	p. 1-21	https://image-tor.canadiana.ca/iiif/2/69429%2Fc0kw57d2zq2b
1026	p. 1-22	https://image-tor.canadiana.ca/iiif/2/69429%2Fc0g44hm59z0r
1027	p. 1-23	https://image-tor.canadiana.ca/iiif/2/69429%2Fc0bc3st7p561
1028	p. 1-24	https://image-tor.canadiana.ca/iiif/2/69429%2Fc06m33201d3z
1029	p. 1-25	https://image-tor.canadiana.ca/iiif/2/69429%2Fc02v2c82cn25
1030	p. 1-26	https://image-tor.canadiana.ca/iiif/2/69429%2Fc0z60bv7kg42
1031	p. 1-27	https://image-tor.canadiana.ca/iiif/2/69429%2Fc0td9n29xq4q
1032	p. 1-28	https://image-tor.canadiana.ca/iiif/2/69429%2Fc0pn8x928z56
1033	p. 1-29	https://image-tor.canadiana.ca/iiif/2/69429%2Fc0jw86h4n624
1034	p. 1-30	https://image-tor.canadiana.ca/iiif/2/69429%2Fc0f47gq70d8p
1035	p. 1-31	https://image-tor.canadiana.ca/iiif/2/69429%2Fc09c6rx9bn44
1036	p. 1-32	https://image-tor.canadiana.ca/iiif/2/69429%2Fc05m6251pw4b
1037	p. 1-33	https://image-tor.canadiana.ca/iiif/2/69429%2Fc01z41r6w855
1038	p. 1-34	https://image-tor.canadiana.ca/iiif/2/69429%2Fc0x639z97z73
1039	p. 1-35	https://image-tor.canadiana.ca/iiif/2/69429%2Fc0sf2m61m658
1040	p. 1-36	https://image-tor.canadiana.ca/iiif/2/69429%2Fc0np1wd3zf1q
1041	p. 1-37	https://image-tor.canadiana.ca/iiif/2/69429%2Fc0hx15m69n8x
1042	p. 1-38	https://image-tor.canadiana.ca/iiif/2/69429%2Fc0d50ft8nw4p
1043	p. 1-39	https://image-tor.canadiana.ca/iiif/2/69429%2Fc08c9r21144z
1044	p. 1-40	https://image-tor.canadiana.ca/iiif/2/69429%2Fc04q7qn66h7f
1045	p. 1-41	https://image-tor.canadiana.ca/iiif/2/69429%2Fc00z70v8jr86
1046	p. 1-42	https://image-tor.canadiana.ca/iiif/2/69429%2Fc0w66930xf7f
1047	p. 1-43	https://image-tor.canadiana.ca/iiif/2/69429%2Fc0rf5k938p5j
1048	p. 1-44	https://image-tor.canadiana.ca/iiif/2/69429%2Fc0mp4vh5mx0d
1049	unnumbered	https://image-tor.canadiana.ca/iiif/2/69429%2Fc0gx44q80474
1050	p. 1-2	https://image-tor.canadiana.ca/iiif/2/69429%2Fc0c53dz0bc7v
1051	p. 1-3	https://image-tor.canadiana.ca/iiif/2/69429%2Fc07h1dj5hr95
1052	unnumbered	https://image-tor.canadiana.ca/iiif/2/69429%2Fc03r0pr7w09g
1053	p. 1-2	https://image-tor.canadiana.ca/iiif/2/69429%2Fc00000007779
1054	p. 1-3	https://image-tor.canadiana.ca/iiif/2/69429%2Fc0v69862kx64
1055	p. 1-4	https://image-tor.canadiana.ca/iiif/2/69429%2Fc0qf8jd4z53p
1056	p. 1-5	https://image-tor.canadiana.ca/iiif/2/69429%2Fc0kp7tm79c9x
1057	p. 1-6	https://image-tor.canadiana.ca/iiif/2/69429%2Fc0fx73t9nn0c
1058	p. 1-7	https://image-tor.canadiana.ca/iiif/2/69429%2Fc0b853f4v10z
1059	p. 1-8	https://image-tor.canadiana.ca/iiif/2/69429%2Fc06h4cn76807
1060	p. 1-9	https://image-tor.canadiana.ca/iiif/2/69429%2Fc02r3nv9jg85
1061	p. 1-10	https://image-tor.canadiana.ca/iiif/2/69429%2Fc0z02z31x56t
1062	p. 1-11	https://image-tor.canadiana.ca/iiif/2/69429%2Fc0t727948d49
1063	p. 1-12	https://image-tor.canadiana.ca/iiif/2/69429%2Fc0pg1hh6mn1b
1064	p. 1-13	https://image-tor.canadiana.ca/iiif/2/69429%2Fc0jq0sq8zw14
1065	p. 1-14	https://image-tor.canadiana.ca/iiif/2/69429%2Fc0f18sb45827
1066	p. 1-15	https://image-tor.canadiana.ca/iiif/2/69429%2Fc09882j6hh30
1067	p. 1-16	https://image-tor.canadiana.ca/iiif/2/69429%2Fc05h7br8vr01
1068	p. 1-17	https://image-tor.canadiana.ca/iiif/2/69429%2Fc01r6n016z8g
1069	p. 1-18	https://image-tor.canadiana.ca/iiif/2/69429%2Fc0x05x63kn63
1070	p. 1-19	https://image-tor.canadiana.ca/iiif/2/69429%2Fc0s756d5xw43
1071	p. 1-20	https://image-tor.canadiana.ca/iiif/2/69429%2Fc0ng4gm8945g
1072	p. 1-21	https://image-tor.canadiana.ca/iiif/2/69429%2Fc0ht2g73gh57
1073	p. 1-22	https://image-tor.canadiana.ca/iiif/2/69429%2Fc0d21rf5tr5b
1074	p. 1-23	https://image-tor.canadiana.ca/iiif/2/69429%2Fc08911n8603b
1075	p. 1-24	https://image-tor.canadiana.ca/iiif/2/69429%2Fc04j09w0j700
1076	p. 1-25	https://image-tor.canadiana.ca/iiif/2/69429%2Fc00r9m32wf76
1077	p. 1-26	https://image-tor.canadiana.ca/iiif/2/69429%2Fc0w08w95846w
1078	p. 1-27	https://image-tor.canadiana.ca/iiif/2/69429%2Fc0r785h7mc7n
1079	p. 1-28	https://image-tor.canadiana.ca/iiif/2/69429%2Fc0mk6542sr7d
1080	p. 1-29	https://image-tor.canadiana.ca/iiif/2/69429%2Fc0gt5fb55076
1081	p. 1-30	https://image-tor.canadiana.ca/iiif/2/69429%2Fc0c24qj7h754
1082	p. 1-31	https://image-tor.canadiana.ca/iiif/2/69429%2Fc07940r9vg1z
1083	p. 1-32	https://image-tor.canadiana.ca/iiif/2/69429%2Fc03j39026p8t
1084	p. 1-33	https://image-tor.canadiana.ca/iiif/2/69429%2Fc0zs2k64kc9w
1085	p. 1-34	https://image-tor.canadiana.ca/iiif/2/69429%2Fc0v40js9rs06
1086	p. 1-35	https://image-tor.canadiana.ca/iiif/2/69429%2Fc0qb9v12410g
1087	p. 1-36	https://image-tor.canadiana.ca/iiif/2/69429%2Fc0kk9474g817
1088	p. 1-37	https://image-tor.canadiana.ca/iiif/2/69429%2Fc0ft8df6tg70
1089	p. 1-38	https://image-tor.canadiana.ca/iiif/2/69429%2Fc0b27pn95q5d
1090	p. 1-39	https://image-tor.canadiana.ca/iiif/2/69429%2Fc0696zw1hz1g
1091	p. 1-40	https://image-tor.canadiana.ca/iiif/2/69429%2Fc02j6833w59q
1092	p. 1-41	https://image-tor.canadiana.ca/iiif/2/69429%2Fc0xw47p9313n
1093	p. 1-42	https://image-tor.canadiana.ca/iiif/2/69429%2Fc0t43hx1f82s
1094	p. 1-43	https://image-tor.canadiana.ca/iiif/2/69429%2Fc0pc2t43sh20
1095	p. 1-44	https://image-tor.canadiana.ca/iiif/2/69429%2Fc0jm23b64r0g
1096	p. 1-45	https://image-tor.canadiana.ca/iiif/2/69429%2Fc0dv1cj8gz67
1097	p. 1-46	https://image-tor.canadiana.ca/iiif/2/69429%2Fc0930ns0v63q
1098	p. 1-47	https://image-tor.canadiana.ca/iiif/2/69429%2Fc0599z036f28
1099	p. 1-48	https://image-tor.canadiana.ca/iiif/2/69429%2Fc01n7xk8ct20
1100	p. 1-49	https://image-tor.canadiana.ca/iiif/2/69429%2Fc0ww76t0rh57
1101	p. 1-50	https://image-tor.canadiana.ca/iiif/2/69429%2Fc0s46h133r4n
1102	p. 1-51	https://image-tor.canadiana.ca/iiif/2/69429%2Fc0nc5s75g016
1103	p. 1-52	https://image-tor.canadiana.ca/iiif/2/69429%2Fc0hm52f7t67b
1104	p. 1-53	https://image-tor.canadiana.ca/iiif/2/69429%2Fc0cv4bp05f4g
1105	p. 1-54	https://image-tor.canadiana.ca/iiif/2/69429%2Fc0833mw2hp30
1106	p. 1-55	https://image-tor.canadiana.ca/iiif/2/69429%2Fc04f1mg7q25t
1107	p. 1-56	https://image-tor.canadiana.ca/iiif/2/69429%2Fc00p0wq0295q
1108	p. 1-57	https://image-tor.canadiana.ca/iiif/2/69429%2Fc0vx05x2f065
1109	p. 1-58	https://image-tor.canadiana.ca/iiif/2/69429%2Fc0r49g44s72s
1110	p. 1-59	https://image-tor.canadiana.ca/iiif/2/69429%2Fc0mc8rb74f9m
1111	p. 1-60	https://image-tor.canadiana.ca/iiif/2/69429%2Fc0gm81j9gp5f
1112	p. 1-61	https://image-tor.canadiana.ca/iiif/2/69429%2Fc0bv79s1tx6f
1113	p. 1-62	https://image-tor.canadiana.ca/iiif/2/69429%2Fc07659c7197g
1114	p. 1-63	https://image-tor.canadiana.ca/iiif/2/69429%2Fc03f4kk9cj8v
1115	p. 1-64	https://image-tor.canadiana.ca/iiif/2/69429%2Fc0zp3vt1r77c
1116	p. 1-65	https://image-tor.canadiana.ca/iiif/2/69429%2Fc0tx35143g58
1117	p. 1-66	https://image-tor.canadiana.ca/iiif/2/69429%2Fc0q52f76fq11
1118	p. 1-67	https://image-tor.canadiana.ca/iiif/2/69429%2Fc0kd1qf8sx8c
1119	p. 1-68	https://image-tor.canadiana.ca/iiif/2/69429%2Fc0fn10p1557k
1120	p. 1-69	https://image-tor.canadiana.ca/iiif/2/69429%2Fc09z9086bj8r
1121	p. 1-70	https://image-tor.canadiana.ca/iiif/2/69429%2Fc06688g8ps9f
1122	p. 1-71	https://image-tor.canadiana.ca/iiif/2/69429%2Fc02f7jq1217p
1123	p. 1-72	https://image-tor.canadiana.ca/iiif/2/69429%2Fc0xp6tx3dq62
1124	p. 1-73	https://image-tor.canadiana.ca/iiif/2/69429%2Fc0sx6445rz29
1125	p. 1-74	https://image-tor.canadiana.ca/iiif/2/69429%2Fc0p55db8459z
1126	p. 1-75	https://image-tor.canadiana.ca/iiif/2/69429%2Fc0jd4pk0gd9c
1127	p. 1-76	https://image-tor.canadiana.ca/iiif/2/69429%2Fc0dr2p55nt1c
1128	p. 1-77	https://image-tor.canadiana.ca/iiif/2/69429%2Fc0901zc8121g
1129	p. 1-78	https://image-tor.canadiana.ca/iiif/2/69429%2Fc05717m0c89d
1130	p. 1-79	https://image-tor.canadiana.ca/iiif/2/69429%2Fc01g0ht2qh5v
1131	p. 1-80	https://image-tor.canadiana.ca/iiif/2/69429%2Fc0wp9t15365p
1132	p. 1-81	https://image-tor.canadiana.ca/iiif/2/69429%2Fc0rx9377ff1h
1133	p. 1-82	https://image-tor.canadiana.ca/iiif/2/69429%2Fc0n58cf9sp26
1134	p. 1-83	https://image-tor.canadiana.ca/iiif/2/69429%2Fc0hh6c25022z
1135	p. 1-84	https://image-tor.canadiana.ca/iiif/2/69429%2Fc0cr5n87b93b
1136	p. 1-85	https://image-tor.canadiana.ca/iiif/2/69429%2Fc0804xg9pj18
1137	p. 1-86	https://image-tor.canadiana.ca/iiif/2/69429%2Fc04746q21r83
1138	p. 1-87	https://image-tor.canadiana.ca/iiif/2/69429%2Fc00g3gx4d042
1139	p. 1-88	https://image-tor.canadiana.ca/iiif/2/69429%2Fc0vq2s46rp4f
1140	p. 1-89	https://image-tor.canadiana.ca/iiif/2/69429%2Fc0qz22b93x43
1141	p. 1-90	https://image-tor.canadiana.ca/iiif/2/69429%2Fc0m901z49948
1142	p. 1-91	https://image-tor.canadiana.ca/iiif/2/69429%2Fc0gh9b56nj5h
1143	p. 1-92	https://image-tor.canadiana.ca/iiif/2/69429%2Fc0br8mc90s1f
1144	p. 1-93	https://image-tor.canadiana.ca/iiif/2/69429%2Fc0707wm1c09t
1145	p. 1-94	https://image-tor.canadiana.ca/iiif/2/69429%2Fc03775t3q75n
1146	p. 1-95	https://image-tor.canadiana.ca/iiif/2/69429%2Fc0zg6g162x5h
1147	p. 1-96	https://image-tor.canadiana.ca/iiif/2/69429%2Fc0tq5r78f56d
1148	p. 1-97	https://image-tor.canadiana.ca/iiif/2/69429%2Fc0q23qv3mj7n
1149	p. 1-98	https://image-tor.canadiana.ca/iiif/2/69429%2Fc0k93125zs77
1150	p. 1-99	https://image-tor.canadiana.ca/iiif/2/69429%2Fc0fj2988b15v
1151	p. 1-100	https://image-tor.canadiana.ca/iiif/2/69429%2Fc09s1kh0p81x
1152	p. 1-101	https://image-tor.canadiana.ca/iiif/2/69429%2Fc0610vq31g9n
1153	p. 1-102	https://image-tor.canadiana.ca/iiif/2/69429%2Fc02804x5cq7n
1154	p. 1-103	https://image-tor.canadiana.ca/iiif/2/69429%2Fc0xk84j0kk00
1155	p. 1-104	https://image-tor.canadiana.ca/iiif/2/69429%2Fc0st7dr2xs9h
1156	p. 1-105	https://image-tor.canadiana.ca/iiif/2/69429%2Fc0p26pz5920w
1157	p. 1-106	https://image-tor.canadiana.ca/iiif/2/69429%2Fc0j96057n88m
1158	p. 1-107	https://image-tor.canadiana.ca/iiif/2/69429%2Fc0dj58d00h5r
1159	p. 1-108	https://image-tor.canadiana.ca/iiif/2/69429%2Fc08s4jm2br16
1160	p. 1-109	https://image-tor.canadiana.ca/iiif/2/69429%2Fc0513tt4q007
1161	p. 1-110	https://image-tor.canadiana.ca/iiif/2/69429%2Fc01c1td9wc0c
1162	p. 1-111	https://image-tor.canadiana.ca/iiif/2/69429%2Fc0wm13n2821x
1163	p. 1-112	https://image-tor.canadiana.ca/iiif/2/69429%2Fc0rv0cv4m929
1164	p. 1-113	https://image-tor.canadiana.ca/iiif/2/69429%2Fc0n29p26zh87
1165	p. 1-114	https://image-tor.canadiana.ca/iiif/2/69429%2Fc0h98z899r6b
1166	p. 1-115	https://image-tor.canadiana.ca/iiif/2/69429%2Fc0cj87h1p029
1167	p. 1-116	https://image-tor.canadiana.ca/iiif/2/69429%2Fc07s7hq4170d
1168	p. 1-117	https://image-tor.canadiana.ca/iiif/2/69429%2Fc0445h996m3m
1169	p. 1-118	https://image-tor.canadiana.ca/iiif/2/69429%2Fc00c4sj1jv31
1170	p. 1-119	https://image-tor.canadiana.ca/iiif/2/69429%2Fc0vm42r3xj3w
1171	p. 1-120	https://image-tor.canadiana.ca/iiif/2/69429%2Fc0qv3bz68s10
1172	p. 1-121	https://image-tor.canadiana.ca/iiif/2/69429%2Fc0m32n58n070
1173	p. 1-122	https://image-tor.canadiana.ca/iiif/2/69429%2Fc0gb1xd10744
1174	p. 1-123	https://image-tor.canadiana.ca/iiif/2/69429%2Fc0bk16m3bg3q
1175	p. 1-124	https://image-tor.canadiana.ca/iiif/2/69429%2Fc06w9668hv5g
1176	p. 1-125	https://image-tor.canadiana.ca/iiif/2/69429%2Fc0348gf0w35q
1177	p. 1-126	https://image-tor.canadiana.ca/iiif/2/69429%2Fc0zc7rn37s6r
1178	p. 1-127	https://image-tor.canadiana.ca/iiif/2/69429%2Fc0tm71v5m13p
1179	p. 1-128	https://image-tor.canadiana.ca/iiif/2/69429%2Fc0pv6b27z804
1180	p. 1-129	https://image-tor.canadiana.ca/iiif/2/69429%2Fc0k35m909g69
1181	p. 1-130	https://image-tor.canadiana.ca/iiif/2/69429%2Fc0fb4wh2nq5h
1182	p. 1-131	https://image-tor.canadiana.ca/iiif/2/69429%2Fc09p2w37v37b
1183	p. 1-132	https://image-tor.canadiana.ca/iiif/2/69429%2Fc05x25b06b61
1184	p. 1-133	https://image-tor.canadiana.ca/iiif/2/69429%2Fc0251fj2jk5j
1185	p. 1-134	https://image-tor.canadiana.ca/iiif/2/69429%2Fc0xd0qr4x83v
1186	p. 1-135	https://image-tor.canadiana.ca/iiif/2/69429%2Fc0sn00z78h1b
1187	p. 1-136	https://image-tor.canadiana.ca/iiif/2/69429%2Fc0nv9959mq7z
1188	p. 1-137	https://image-tor.canadiana.ca/iiif/2/69429%2Fc0j38kd1zz7p
1189	p. 1-138	https://image-tor.canadiana.ca/iiif/2/69429%2Fc0df6k075b8d
1190	p. 1-139	https://image-tor.canadiana.ca/iiif/2/69429%2Fc08p5v69hk9s
1191	p. 1-140	https://image-tor.canadiana.ca/iiif/2/69429%2Fc04x54f1vt7d
1192	p. 1-141	https://image-tor.canadiana.ca/iiif/2/69429%2Fc0154dn4725b
1193	p. 1-142	https://image-tor.canadiana.ca/iiif/2/69429%2Fc0wd3pv6kr4q
1194	p. 1-143	https://image-tor.canadiana.ca/iiif/2/69429%2Fc0rn3028z012
1195	p. 1-144	https://image-tor.canadiana.ca/iiif/2/69429%2Fc0mw2891970c
1196	p. 1-145	https://image-tor.canadiana.ca/iiif/2/69429%2Fc0h707w6gm0d
1197	p. 1-146	https://image-tor.canadiana.ca/iiif/2/69429%2Fc0cf9j38tv02
1198	p. 1-147	https://image-tor.canadiana.ca/iiif/2/69429%2Fc07p8tb1630g
1199	p. 1-148	https://image-tor.canadiana.ca/iiif/2/69429%2Fc03x83j3j976
1200	p. 1-149	https://image-tor.canadiana.ca/iiif/2/69429%2Fc0057cr5wj4j
1201	p. 1-150	https://image-tor.canadiana.ca/iiif/2/69429%2Fc0vd6nz8873x
1202	p. 1-151	https://image-tor.canadiana.ca/iiif/2/69429%2Fc0qn5z60mg4b
1203	p. 1-152	https://image-tor.canadiana.ca/iiif/2/69429%2Fc0m03xs5sv3s
1204	p. 1-153	https://image-tor.canadiana.ca/iiif/2/69429%2Fc0g73708533c
1205	p. 1-154	https://image-tor.canadiana.ca/iiif/2/69429%2Fc0bg2h70hb26
1206	p. 1-155	https://image-tor.canadiana.ca/iiif/2/69429%2Fc06q1sf2vj8z
1207	p. 1-156	https://image-tor.canadiana.ca/iiif/2/69429%2Fc02z12n56s6f
1208	p. 1-157	https://image-tor.canadiana.ca/iiif/2/69429%2Fc0z60bv7kg5n
1209	p. 1-158	https://image-tor.canadiana.ca/iiif/2/69429%2Fc0td9n29xq59
1210	p. 1-159	https://image-tor.canadiana.ca/iiif/2/69429%2Fc0pr7mp54342
1211	p. 1-160	https://image-tor.canadiana.ca/iiif/2/69429%2Fc0k06ww7gb5r
1212	p. 1-161	https://image-tor.canadiana.ca/iiif/2/69429%2Fc0f76639tk35
1213	p. 1-162	https://image-tor.canadiana.ca/iiif/2/69429%2Fc09g5gb25t1w
1214	p. 1-163	https://image-tor.canadiana.ca/iiif/2/69429%2Fc05q4rj4j175
1215	p. 1-164	https://image-tor.canadiana.ca/iiif/2/69429%2Fc01z41r6w86r
1216	p. 1-165	https://image-tor.canadiana.ca/iiif/2/69429%2Fc0x921c2339r
1217	p. 1-166	https://image-tor.canadiana.ca/iiif/2/69429%2Fc0sj19k4fb8z
1218	p. 1-167	https://image-tor.canadiana.ca/iiif/2/69429%2Fc0ns0ks6sk9b
1219	p. 1-168	https://image-tor.canadiana.ca/iiif/2/69429%2Fc0j09w094t7m
1220	p. 1-169	https://image-tor.canadiana.ca/iiif/2/69429%2Fc0d79571h245
1221	p. 1-170	https://image-tor.canadiana.ca/iiif/2/69429%2Fc08g8ff3v916
1222	p. 1-171	https://image-tor.canadiana.ca/iiif/2/69429%2Fc04q7qn66h81
1223	p. 1-172	https://image-tor.canadiana.ca/iiif/2/69429%2Fc0125q81cw9p
1224	p. 1-173	https://image-tor.canadiana.ca/iiif/2/69429%2Fc0w950g3rm0t
1225	p. 1-174	https://image-tor.canadiana.ca/iiif/2/69429%2Fc0rj48p63v03
1226	p. 1-175	https://image-tor.canadiana.ca/iiif/2/69429%2Fc0ms3jw8g294
1227	p. 1-176	https://image-tor.canadiana.ca/iiif/2/69429%2Fc0h12v40t95x
1228	p. 1-177	https://image-tor.canadiana.ca/iiif/2/69429%2Fc0c824b35j2t
1229	p. 1-178	https://image-tor.canadiana.ca/iiif/2/69429%2Fc07h1dj5hs0f
1230	p. 1-179	https://image-tor.canadiana.ca/iiif/2/69429%2Fc03t9d50q505
1231	p. 1-180	https://image-tor.canadiana.ca/iiif/2/69429%2Fc0028pc32d0r
1232	p. 1-181	https://image-tor.canadiana.ca/iiif/2/69429%2Fc0v97zk5f32d
1233	p. 1-182	https://image-tor.canadiana.ca/iiif/2/69429%2Fc0qj77s7s98j
1234	p. 1-183	https://image-tor.canadiana.ca/iiif/2/69429%2Fc0ks6j104j6p
1235	p. 1-184	https://image-tor.canadiana.ca/iiif/2/69429%2Fc0g15t72gs2f
1236	p. 1-185	https://image-tor.canadiana.ca/iiif/2/69429%2Fc0b853f4v11j
1237	p. 1-186	https://image-tor.canadiana.ca/iiif/2/69429%2Fc06m33201d4j
1238	p. 1-187	https://image-tor.canadiana.ca/iiif/2/69429%2Fc02v2c82cn3r
1239	p. 1-188	https://image-tor.canadiana.ca/iiif/2/69429%2Fc0z31ng4rb5q
1240	p. 1-189	https://image-tor.canadiana.ca/iiif/2/69429%2Fc0tb0xp73k27
1241	p. 1-190	https://image-tor.canadiana.ca/iiif/2/69429%2Fc0pk06w9fs8c
1242	p. 1-191	https://image-tor.canadiana.ca/iiif/2/69429%2Fc0js9h41t14t
1243	p. 1-192	https://image-tor.canadiana.ca/iiif/2/69429%2Fc0f18sb4583t
1244	p. 1-193	https://image-tor.canadiana.ca/iiif/2/69429%2Fc09c6rx9bn5q
1245	p. 1-194	https://image-tor.canadiana.ca/iiif/2/69429%2Fc05m6251pw5x
1246	p. 1-195	https://image-tor.canadiana.ca/iiif/2/69429%2Fc01v5bc4243j
1247	p. 1-196	https://image-tor.canadiana.ca/iiif/2/69429%2Fc0x34mk6dt3t
1248	p. 1-197	https://image-tor.canadiana.ca/iiif/2/69429%2Fc0sb3ws8s20c
1249	p. 1-198	https://image-tor.canadiana.ca/iiif/2/69429%2Fc0nk3611487m
1250	p. 1-199	https://image-tor.canadiana.ca/iiif/2/69429%2Fc0ht2g73gh6t
1251	p. 1-200	https://image-tor.canadiana.ca/iiif/2/69429%2Fc0d50ft8nw58
1252	p. 1-201	https://image-tor.canadiana.ca/iiif/2/69429%2Fc08c9r21145j
1253	p. 1-202	https://image-tor.canadiana.ca/iiif/2/69429%2Fc04m9183cc5q
1254	p. 1-203	https://image-tor.canadiana.ca/iiif/2/69429%2Fc00v89g5qm15
1255	p. 1-204	https://image-tor.canadiana.ca/iiif/2/69429%2Fc0w37kp83921
1256	p. 1-205	https://image-tor.canadiana.ca/iiif/2/69429%2Fc0rb6vx0fh8d
1257	p. 1-206	https://image-tor.canadiana.ca/iiif/2/69429%2Fc0mk6542sr80
1258	p. 1-207	https://image-tor.canadiana.ca/iiif/2/69429%2Fc0gx44q8048q
1259	p. 1-208	https://image-tor.canadiana.ca/iiif/2/69429%2Fc0c53dz0bc8f
1260	p. 1-209	https://image-tor.canadiana.ca/iiif/2/69429%2Fc07d2q52pm8n
1261	p. 1-210	https://image-tor.canadiana.ca/iiif/2/69429%2Fc03n20c51v5j
1262	p. 1-211	https://image-tor.canadiana.ca/iiif/2/69429%2Fc0zw18k7dj4f
1263	p. 1-212	https://image-tor.canadiana.ca/iiif/2/69429%2Fc0v40js9rs1s
1264	p. 1-213	https://image-tor.canadiana.ca/iiif/2/69429%2Fc0qb9v124112
1265	p. 1-214	https://image-tor.canadiana.ca/iiif/2/69429%2Fc0kp7tm79d06
1266	p. 1-215	https://image-tor.canadiana.ca/iiif/2/69429%2Fc0fx73t9nn1z
1267	p. 1-216	https://image-tor.canadiana.ca/iiif/2/69429%2Fc0b56d220v9q
1268	p. 1-217	https://image-tor.canadiana.ca/iiif/2/69429%2Fc06d5p84c37v
1269	p. 1-218	https://image-tor.canadiana.ca/iiif/2/69429%2Fc02n4zg6qb4w
1270	p. 1-219	https://image-tor.canadiana.ca/iiif/2/69429%2Fc0xw47p93147
1271	p. 1-220	https://image-tor.canadiana.ca/iiif/2/69429%2Fc0t43hx1f83c
1272	p. 1-221	https://image-tor.canadiana.ca/iiif/2/69429%2Fc0pg1hh6mn2x
1273	unnumbered	https://image-tor.canadiana.ca/iiif/2/69429%2Fc0jq0sq8zw2q
1274	p. 1-2	https://image-tor.canadiana.ca/iiif/2/69429%2Fc0dz02z1b42h
1275	p. 1-3	https://image-tor.canadiana.ca/iiif/2/69429%2Fc0959c53pb8f
1276	p. 1-4	https://image-tor.canadiana.ca/iiif/2/69429%2Fc05d8nc61k6j
1277	p. 1-5	https://image-tor.canadiana.ca/iiif/2/69429%2Fc01n7xk8ct3k
1278	p. 1-6	https://image-tor.canadiana.ca/iiif/2/69429%2Fc0x05x63kn7p
1279	p. 1-7	https://image-tor.canadiana.ca/iiif/2/69429%2Fc0s756d5xw5p
1280	p. 1-8	https://image-tor.canadiana.ca/iiif/2/69429%2Fc0ng4gm89462
1281	p. 1-9	https://image-tor.canadiana.ca/iiif/2/69429%2Fc0hq3rv0nc5w
1282	p. 1-10	https://image-tor.canadiana.ca/iiif/2/69429%2Fc0cz32230m26
1283	p. 1-11	https://image-tor.canadiana.ca/iiif/2/69429%2Fc0862b85bt9v
1284	p. 1-12	https://image-tor.canadiana.ca/iiif/2/69429%2Fc04f1mg7q26d
1285	p. 1-13	https://image-tor.canadiana.ca/iiif/2/69429%2Fc00r9m32wf8s
1286	p. 1-14	https://image-tor.canadiana.ca/iiif/2/69429%2Fc0w08w95847g
1287	p. 1-15	https://image-tor.canadiana.ca/iiif/2/69429%2Fc0r785h7mc87
1288	p. 1-16	https://image-tor.canadiana.ca/iiif/2/69429%2Fc0mg7fq9zm6v
1289	p. 1-17	https://image-tor.canadiana.ca/iiif/2/69429%2Fc0gq6qz29v4k
1290	p. 1-18	https://image-tor.canadiana.ca/iiif/2/69429%2Fc0bz6154p30b
1291	p. 1-19	https://image-tor.canadiana.ca/iiif/2/69429%2Fc07659c71982
1292	p. 1-20	https://image-tor.canadiana.ca/iiif/2/69429%2Fc03j39026p9d
1293	p. 1-21	https://image-tor.canadiana.ca/iiif/2/69429%2Fc0zs2k64kd05
1294	p. 1-22	https://image-tor.canadiana.ca/iiif/2/69429%2Fc0v11vd6xm90
1295	p. 1-23	https://image-tor.canadiana.ca/iiif/2/69429%2Fc0q814m98v82
1296	p. 1-24	https://image-tor.canadiana.ca/iiif/2/69429%2Fc0kh0dv1n34n
1297	p. 1-25	https://image-tor.canadiana.ca/iiif/2/69429%2Fc0fq9q240b2m
1298	p. 1-26	https://image-tor.canadiana.ca/iiif/2/69429%2Fc09z9086bj9b
1299	p. 1-27	https://image-tor.canadiana.ca/iiif/2/69429%2Fc0696zw1hz22
1300	p. 1-28	https://image-tor.canadiana.ca/iiif/2/69429%2Fc02j6833w600
1301	p. 1-29	https://image-tor.canadiana.ca/iiif/2/69429%2Fc0xs5j967w2m
1302	p. 1-30	https://image-tor.canadiana.ca/iiif/2/69429%2Fc0t14th8m402
1303	p. 1-31	https://image-tor.canadiana.ca/iiif/2/69429%2Fc0p843r0zb7d
1304	p. 1-32	https://image-tor.canadiana.ca/iiif/2/69429%2Fc0jh3cz39k3b
1305	p. 1-33	https://image-tor.canadiana.ca/iiif/2/69429%2Fc0dr2p55nt2z
1306	p. 1-34	https://image-tor.canadiana.ca/iiif/2/69429%2Fc0930ns0v649
1307	p. 1-35	https://image-tor.canadiana.ca/iiif/2/69429%2Fc0599z036f3v
1308	p. 1-36	https://image-tor.canadiana.ca/iiif/2/69429%2Fc01j9765jp31
1309	p. 1-37	https://image-tor.canadiana.ca/iiif/2/69429%2Fc0ws8hd7xc1b
1310	p. 1-38	https://image-tor.canadiana.ca/iiif/2/69429%2Fc0s17sn08k9p
1311	p. 1-39	https://image-tor.canadiana.ca/iiif/2/69429%2Fc0n872v2mt5h
1312	p. 1-40	https://image-tor.canadiana.ca/iiif/2/69429%2Fc0hh6c25023j
1313	p. 1-41	https://image-tor.canadiana.ca/iiif/2/69429%2Fc0cv4bp05f52
1314	p. 1-42	https://image-tor.canadiana.ca/iiif/2/69429%2Fc0833mw2hp4k
1315	p. 1-43	https://image-tor.canadiana.ca/iiif/2/69429%2Fc04b2x34vx36
1316	p. 1-44	https://image-tor.canadiana.ca/iiif/2/69429%2Fc00k26977516
1317	p. 1-45	https://image-tor.canadiana.ca/iiif/2/69429%2Fc0vt1gh9kv0k
1318	p. 1-46	https://image-tor.canadiana.ca/iiif/2/69429%2Fc0r20rr1z27c
1319	p. 1-47	https://image-tor.canadiana.ca/iiif/2/69429%2Fc0m901z4995v
1320	p. 1-48	https://image-tor.canadiana.ca/iiif/2/69429%2Fc0gm81j9gp61
1321	p. 1-49	https://image-tor.canadiana.ca/iiif/2/69429%2Fc0bv79s1tx71
1322	p. 1-50	https://image-tor.canadiana.ca/iiif/2/69429%2Fc0736m04656z
1323	p. 1-51	https://image-tor.canadiana.ca/iiif/2/69429%2Fc03b5w66jd30
1324	p. 1-52	https://image-tor.canadiana.ca/iiif/2/69429%2Fc0zk55d8x33v
1325	p. 1-53	https://image-tor.canadiana.ca/iiif/2/69429%2Fc0tt4fn1899q
1326	p. 1-54	https://image-tor.canadiana.ca/iiif/2/69429%2Fc0q23qv3mj87
1327	p. 1-55	https://image-tor.canadiana.ca/iiif/2/69429%2Fc0kd1qf8sx9z
1328	p. 1-56	https://image-tor.canadiana.ca/iiif/2/69429%2Fc0fn10p15585
1329	p. 1-57	https://image-tor.canadiana.ca/iiif/2/69429%2Fc09w08w3hd8z
1330	p. 1-58	https://image-tor.canadiana.ca/iiif/2/69429%2Fc0639k35vn4k
1331	p. 1-59	https://image-tor.canadiana.ca/iiif/2/69429%2Fc02b8v986w2p
1332	p. 1-60	https://image-tor.canadiana.ca/iiif/2/69429%2Fc0xk84j0kk1k
1333	p. 1-61	https://image-tor.canadiana.ca/iiif/2/69429%2Fc0st7dr2xt0s
1334	p. 1-62	https://image-tor.canadiana.ca/iiif/2/69429%2Fc0p55db84607
1335	p. 1-63	https://image-tor.canadiana.ca/iiif/2/69429%2Fc0jd4pk0gf0n
1336	p. 1-64	https://image-tor.canadiana.ca/iiif/2/69429%2Fc0dn3zs2tn8k
1337	p. 1-65	https://image-tor.canadiana.ca/iiif/2/69429%2Fc08w38055w6g
1338	p. 1-66	https://image-tor.canadiana.ca/iiif/2/69429%2Fc0542j67j43b
1339	p. 1-67	https://image-tor.canadiana.ca/iiif/2/69429%2Fc01c1td9wc1z
1340	p. 1-68	https://image-tor.canadiana.ca/iiif/2/69429%2Fc0wm13n2822h
1341	p. 1-69	https://image-tor.canadiana.ca/iiif/2/69429%2Fc0rx9377ff23
1342	p. 1-70	https://image-tor.canadiana.ca/iiif/2/69429%2Fc0n58cf9sp3s
1343	p. 1-71	https://image-tor.canadiana.ca/iiif/2/69429%2Fc0hd7np24x23
1344	p. 1-72	https://image-tor.canadiana.ca/iiif/2/69429%2Fc0cn6xw4h49z
1345	p. 1-73	https://image-tor.canadiana.ca/iiif/2/69429%2Fc07w6736vc6s
1346	p. 1-74	https://image-tor.canadiana.ca/iiif/2/69429%2Fc0445h996m46
1347	p. 1-75	https://image-tor.canadiana.ca/iiif/2/69429%2Fc00g3gx4d05n
1348	p. 1-76	https://image-tor.canadiana.ca/iiif/2/69429%2Fc0vq2s46rp51
1349	p. 1-77	https://image-tor.canadiana.ca/iiif/2/69429%2Fc0qz22b93x5p
1350	p. 1-78	https://image-tor.canadiana.ca/iiif/2/69429%2Fc0m61bk1g55x
1351	p. 1-79	https://image-tor.canadiana.ca/iiif/2/69429%2Fc0gf0ms3td1c
1352	p. 1-80	https://image-tor.canadiana.ca/iiif/2/69429%2Fc0bn9x065m9n
1353	p. 1-81	https://image-tor.canadiana.ca/iiif/2/69429%2Fc06w9668hv62
1354	p. 1-82	https://image-tor.canadiana.ca/iiif/2/69429%2Fc03775t3q767
1355	p. 1-83	https://image-tor.canadiana.ca/iiif/2/69429%2Fc0zg6g162x63
1356	p. 1-84	https://image-tor.canadiana.ca/iiif/2/69429%2Fc0tq5r78f570
1357	p. 1-85	https://image-tor.canadiana.ca/iiif/2/69429%2Fc0pz51g0sd5m
1358	p. 1-86	https://image-tor.canadiana.ca/iiif/2/69429%2Fc0k649p34n31
1359	p. 1-87	https://image-tor.canadiana.ca/iiif/2/69429%2Fc0ff3kw5gw02
1360	p. 1-88	https://image-tor.canadiana.ca/iiif/2/69429%2Fc09p2w37v38x
1361	p. 1-89	https://image-tor.canadiana.ca/iiif/2/69429%2Fc0610vq31h0x
1362	p. 1-90	https://image-tor.canadiana.ca/iiif/2/69429%2Fc02804x5cq87
1363	p. 1-91	https://image-tor.canadiana.ca/iiif/2/69429%2Fc0xg9f47rf0f
1364	p. 1-92	https://image-tor.canadiana.ca/iiif/2/69429%2Fc0sq8qc03n8g
1365	p. 1-93	https://image-tor.canadiana.ca/iiif/2/69429%2Fc0nz80k2fw5w
1366	p. 1-94	https://image-tor.canadiana.ca/iiif/2/69429%2Fc0j678s4t415
1367	p. 1-95	https://image-tor.canadiana.ca/iiif/2/69429%2Fc0df6k075b90
1368	p. 1-96	https://image-tor.canadiana.ca/iiif/2/69429%2Fc08s4jm2br2s
1369	p. 1-97	https://image-tor.canadiana.ca/iiif/2/69429%2Fc0513tt4q01t
1370	p. 1-98	https://image-tor.canadiana.ca/iiif/2/69429%2Fc01834172709
1371	p. 1-99	https://image-tor.canadiana.ca/iiif/2/69429%2Fc0wh2d79dx08
1372	p. 1-100	https://image-tor.canadiana.ca/iiif/2/69429%2Fc0rr1pg1s465
1373	p. 1-101	https://image-tor.canadiana.ca/iiif/2/69429%2Fc0n00zp44c4k
1374	p. 1-102	https://image-tor.canadiana.ca/iiif/2/69429%2Fc0h707w6gm10
1375	p. 1-103	https://image-tor.canadiana.ca/iiif/2/69429%2Fc0cj87h1p03w
1376	p. 1-104	https://image-tor.canadiana.ca/iiif/2/69429%2Fc07s7hq41710
1377	p. 1-105	https://image-tor.canadiana.ca/iiif/2/69429%2Fc0416sx6cg13
1378	p. 1-106	https://image-tor.canadiana.ca/iiif/2/69429%2Fc0086348qp87
1379	p. 1-107	https://image-tor.canadiana.ca/iiif/2/69429%2Fc0vh5cc13c9d
1380	p. 1-108	https://image-tor.canadiana.ca/iiif/2/69429%2Fc0qr4nk3fm5v
1381	p. 1-109	https://image-tor.canadiana.ca/iiif/2/69429%2Fc0m03xs5sv4c
1382	p. 1-110	https://image-tor.canadiana.ca/iiif/2/69429%2Fc0gb1xd1075q
1383	p. 1-111	https://image-tor.canadiana.ca/iiif/2/69429%2Fc0bk16m3bg49
1384	p. 1-112	https://image-tor.canadiana.ca/iiif/2/69429%2Fc06t0gt5pq43
1385	p. 1-113	https://image-tor.canadiana.ca/iiif/2/69429%2Fc0319s181z1s
1386	p. 1-114	https://image-tor.canadiana.ca/iiif/2/69429%2Fc0z89280dn18
1387	p. 1-115	https://image-tor.canadiana.ca/iiif/2/69429%2Fc0th8bg2rv71
1388	p. 1-116	https://image-tor.canadiana.ca/iiif/2/69429%2Fc0pr7mp5435n
1389	p. 1-117	https://image-tor.canadiana.ca/iiif/2/69429%2Fc0k35m909g7w
1390	p. 1-118	https://image-tor.canadiana.ca/iiif/2/69429%2Fc0fb4wh2nq63
1391	p. 1-119	https://image-tor.canadiana.ca/iiif/2/69429%2Fc09k45q50z55
1392	p. 1-120	https://image-tor.canadiana.ca/iiif/2/69429%2Fc05t3fx7c639
1393	p. 1-121	https://image-tor.canadiana.ca/iiif/2/69429%2Fc0222r49qf02
1394	p. 1-122	https://image-tor.canadiana.ca/iiif/2/69429%2Fc0x921c23401
1395	p. 1-123	https://image-tor.canadiana.ca/iiif/2/69429%2Fc0sj19k4fb9j
1396	p. 1-124	https://image-tor.canadiana.ca/iiif/2/69429%2Fc0nv9959mq8j
1397	p. 1-125	https://image-tor.canadiana.ca/iiif/2/69429%2Fc0j38kd1zz88
1398	p. 1-126	https://image-tor.canadiana.ca/iiif/2/69429%2Fc0db7vm4b682
1399	p. 1-127	https://image-tor.canadiana.ca/iiif/2/69429%2Fc08k74t6pf4w
1400	p. 1-128	https://image-tor.canadiana.ca/iiif/2/69429%2Fc04t6f191p30
1401	p. 1-129	https://image-tor.canadiana.ca/iiif/2/69429%2Fc0125q81cx0z
1402	p. 1-130	https://image-tor.canadiana.ca/iiif/2/69429%2Fc0w950g3rm1d
1403	p. 1-131	https://image-tor.canadiana.ca/iiif/2/69429%2Fc0rn3028z02n
1404	p. 1-132	https://image-tor.canadiana.ca/iiif/2/69429%2Fc0mw2891971z
1405	p. 1-133	https://image-tor.canadiana.ca/iiif/2/69429%2Fc0h41jh3ng12
1406	p. 1-134	https://image-tor.canadiana.ca/iiif/2/69429%2Fc0cc0tq60p8w
1407	p. 1-135	https://image-tor.canadiana.ca/iiif/2/69429%2Fc07m03x8bx4q
1408	p. 1-136	https://image-tor.canadiana.ca/iiif/2/69429%2Fc03t9d50q51r
1409	p. 1-137	https://image-tor.canadiana.ca/iiif/2/69429%2Fc0057cr5wj54
1410	p. 1-138	https://image-tor.canadiana.ca/iiif/2/69429%2Fc0vd6nz8874h
1411	p. 1-139	https://image-tor.canadiana.ca/iiif/2/69429%2Fc0qn5z60mg5x
1412	p. 1-140	https://image-tor.canadiana.ca/iiif/2/69429%2Fc0kw57d2zq3x
1413	p. 1-141	https://image-tor.canadiana.ca/iiif/2/69429%2Fc0g44hm59z1b
1414	p. 1-142	https://image-tor.canadiana.ca/iiif/2/69429%2Fc0bc3st7p57m
1415	p. 1-143	https://image-tor.canadiana.ca/iiif/2/69429%2Fc06m33201d54
1416	p. 1-144	https://image-tor.canadiana.ca/iiif/2/69429%2Fc02z12n56s71
1417	p. 1-145	https://image-tor.canadiana.ca/iiif/2/69429%2Fc0z60bv7kg67
1418	p. 1-146	https://image-tor.canadiana.ca/iiif/2/69429%2Fc0td9n29xq6w
1419	p. 1-147	https://image-tor.canadiana.ca/iiif/2/69429%2Fc0pn8x928z6s
1420	p. 1-148	https://image-tor.canadiana.ca/iiif/2/69429%2Fc0jw86h4n63q
1421	p. 1-149	https://image-tor.canadiana.ca/iiif/2/69429%2Fc0f47gq70d98
1422	p. 1-150	https://image-tor.canadiana.ca/iiif/2/69429%2Fc09c6rx9bn69
1423	p. 1-151	https://image-tor.canadiana.ca/iiif/2/69429%2Fc05q4rj4j18r
1424	p. 1-152	https://image-tor.canadiana.ca/iiif/2/69429%2Fc01z41r6w87b
1425	p. 1-153	https://image-tor.canadiana.ca/iiif/2/69429%2Fc0x639z97z8p
1426	p. 1-154	https://image-tor.canadiana.ca/iiif/2/69429%2Fc0sf2m61m66v
1427	p. 1-155	https://image-tor.canadiana.ca/iiif/2/69429%2Fc0np1wd3zf29
1428	p. 1-156	https://image-tor.canadiana.ca/iiif/2/69429%2Fc0hx15m69n9h
1429	p. 1-157	https://image-tor.canadiana.ca/iiif/2/69429%2Fc0d50ft8nw6v
1430	p. 1-158	https://image-tor.canadiana.ca/iiif/2/69429%2Fc08g8ff3v92s
1431	p. 1-159	https://image-tor.canadiana.ca/iiif/2/69429%2Fc04q7qn66h9m
1432	p. 1-160	https://image-tor.canadiana.ca/iiif/2/69429%2Fc00z70v8jr9s
1433	p. 1-161	https://image-tor.canadiana.ca/iiif/2/69429%2Fc0w66930xf81
1434	p. 1-162	https://image-tor.canadiana.ca/iiif/2/69429%2Fc0rf5k938p64
1435	p. 1-163	https://image-tor.canadiana.ca/iiif/2/69429%2Fc0mp4vh5mx10
1436	p. 1-164	https://image-tor.canadiana.ca/iiif/2/69429%2Fc0gx44q80499
1437	p. 1-165	https://image-tor.canadiana.ca/iiif/2/69429%2Fc0c824b35j3d
1438	p. 1-166	https://image-tor.canadiana.ca/iiif/2/69429%2Fc07h1dj5hs11
1439	p. 1-167	https://image-tor.canadiana.ca/iiif/2/69429%2Fc03r0pr7w10r
1440	p. 1-168	https://image-tor.canadiana.ca/iiif/2/69429%2Fc0000000778w
1441	p. 1-169	https://image-tor.canadiana.ca/iiif/2/69429%2Fc0v69862kx7q
1442	p. 1-170	https://image-tor.canadiana.ca/iiif/2/69429%2Fc0qf8jd4z548
1443	p. 1-171	https://image-tor.canadiana.ca/iiif/2/69429%2Fc0kp7tm79d1s
1444	p. 1-172	https://image-tor.canadiana.ca/iiif/2/69429%2Fc0g15t72gs31
1445	p. 1-173	https://image-tor.canadiana.ca/iiif/2/69429%2Fc0b853f4v124
1446	p. 1-174	https://image-tor.canadiana.ca/iiif/2/69429%2Fc06h4cn7681t
1447	p. 1-175	https://image-tor.canadiana.ca/iiif/2/69429%2Fc02r3nv9jg9r
1448	p. 1-176	https://image-tor.canadiana.ca/iiif/2/69429%2Fc0z02z31x57d
1449	p. 1-177	https://image-tor.canadiana.ca/iiif/2/69429%2Fc0t727948d5w
1450	p. 1-178	https://image-tor.canadiana.ca/iiif/2/69429%2Fc0pg1hh6mn3h
1451	p. 1-179	https://image-tor.canadiana.ca/iiif/2/69429%2Fc0js9h41t15d
1452	p. 1-180	https://image-tor.canadiana.ca/iiif/2/69429%2Fc0f18sb4584d
1453	p. 1-181	https://image-tor.canadiana.ca/iiif/2/69429%2Fc09882j6hh4k
1454	p. 1-182	https://image-tor.canadiana.ca/iiif/2/69429%2Fc05h7br8vr1m
1455	p. 1-183	https://image-tor.canadiana.ca/iiif/2/69429%2Fc01r6n016z92
1456	p. 1-184	https://image-tor.canadiana.ca/iiif/2/69429%2Fc0x05x63kn88
1457	p. 1-185	https://image-tor.canadiana.ca/iiif/2/69429%2Fc0s756d5xw68
1458	p. 1-186	https://image-tor.canadiana.ca/iiif/2/69429%2Fc0nk36114886
1459	p. 1-187	https://image-tor.canadiana.ca/iiif/2/69429%2Fc0ht2g73gh7d
1460	p. 1-188	https://image-tor.canadiana.ca/iiif/2/69429%2Fc0d21rf5tr6x
1461	p. 1-189	https://image-tor.canadiana.ca/iiif/2/69429%2Fc08911n8604x
1462	p. 1-190	https://image-tor.canadiana.ca/iiif/2/69429%2Fc04j09w0j71k
1463	p. 1-191	https://image-tor.canadiana.ca/iiif/2/69429%2Fc00r9m32wf9c
1464	p. 1-192	https://image-tor.canadiana.ca/iiif/2/69429%2Fc0w08w958482
1465	p. 1-193	https://image-tor.canadiana.ca/iiif/2/69429%2Fc0rb6vx0fh90
1466	p. 1-194	https://image-tor.canadiana.ca/iiif/2/69429%2Fc0mk6542sr9k
1467	p. 1-195	https://image-tor.canadiana.ca/iiif/2/69429%2Fc0gt5fb5508s
1468	p. 1-196	https://image-tor.canadiana.ca/iiif/2/69429%2Fc0c24qj7h76q
1469	p. 1-197	https://image-tor.canadiana.ca/iiif/2/69429%2Fc07940r9vg2j
1470	p. 1-198	https://image-tor.canadiana.ca/iiif/2/69429%2Fc03j39026q0p
1471	p. 1-199	https://image-tor.canadiana.ca/iiif/2/69429%2Fc0zw18k7dj51
1472	p. 1-200	https://image-tor.canadiana.ca/iiif/2/69429%2Fc0v40js9rs2c
1473	p. 1-201	https://image-tor.canadiana.ca/iiif/2/69429%2Fc0qb9v12412n
1474	p. 1-202	https://image-tor.canadiana.ca/iiif/2/69429%2Fc0kk9474g82t
1475	p. 1-203	https://image-tor.canadiana.ca/iiif/2/69429%2Fc0ft8df6tg8k
1476	p. 1-204	https://image-tor.canadiana.ca/iiif/2/69429%2Fc0b27pn95q60
1477	p. 1-205	https://image-tor.canadiana.ca/iiif/2/69429%2Fc0696zw1hz3n
1478	p. 1-206	https://image-tor.canadiana.ca/iiif/2/69429%2Fc02n4zg6qb5g
1479	p. 1-207	https://image-tor.canadiana.ca/iiif/2/69429%2Fc0xw47p9315t
1480	p. 1-208	https://image-tor.canadiana.ca/iiif/2/69429%2Fc0t43hx1f84z
1481	p. 1-209	https://image-tor.canadiana.ca/iiif/2/69429%2Fc0pc2t43sh3k
1482	p. 1-210	https://image-tor.canadiana.ca/iiif/2/69429%2Fc0jm23b64r12
1483	p. 1-211	https://image-tor.canadiana.ca/iiif/2/69429%2Fc0dv1cj8gz7t
1484	p. 1-212	https://image-tor.canadiana.ca/iiif/2/69429%2Fc0930ns0v65w
1485	p. 1-213	https://image-tor.canadiana.ca/iiif/2/69429%2Fc05d8nc61k74
1486	p. 1-214	https://image-tor.canadiana.ca/iiif/2/69429%2Fc01n7xk8ct45
1487	p. 1-215	https://image-tor.canadiana.ca/iiif/2/69429%2Fc0ww76t0rh6t
1488	p. 1-216	https://image-tor.canadiana.ca/iiif/2/69429%2Fc0s46h133r57
1489	p. 1-217	https://image-tor.canadiana.ca/iiif/2/69429%2Fc0nc5s75g02s
1490	p. 1-218	https://image-tor.canadiana.ca/iiif/2/69429%2Fc0hm52f7t68x
1491	p. 1-219	https://image-tor.canadiana.ca/iiif/2/69429%2Fc0cv4bp05f6n
1492	p. 1-220	https://image-tor.canadiana.ca/iiif/2/69429%2Fc0862b85bv04
1493	p. 1-221	https://image-tor.canadiana.ca/iiif/2/69429%2Fc04f1mg7q270
1494	p. 1-222	https://image-tor.canadiana.ca/iiif/2/69429%2Fc00p0wq02969
1495	p. 1-223	https://image-tor.canadiana.ca/iiif/2/69429%2Fc0vx05x2f07r
1496	p. 1-224	https://image-tor.canadiana.ca/iiif/2/69429%2Fc0r49g44s73c
1497	p. 1-225	https://image-tor.canadiana.ca/iiif/2/69429%2Fc0mc8rb74g0w
1498	p. 1-226	https://image-tor.canadiana.ca/iiif/2/69429%2Fc0gm81j9gp7m
1499	p. 1-227	https://image-tor.canadiana.ca/iiif/2/69429%2Fc0bz6154p31x
1500	p. 1-228	https://image-tor.canadiana.ca/iiif/2/69429%2Fc07659c7199n
1501	p. 1-229	https://image-tor.canadiana.ca/iiif/2/69429%2Fc03f4kk9cj9f
1502	p. 1-230	https://image-tor.canadiana.ca/iiif/2/69429%2Fc0zp3vt1r78z
1503	p. 1-231	https://image-tor.canadiana.ca/iiif/2/69429%2Fc0tx35143g6v
1504	p. 1-232	https://image-tor.canadiana.ca/iiif/2/69429%2Fc0q52f76fq2m
1505	p. 1-233	https://image-tor.canadiana.ca/iiif/2/69429%2Fc0kd1qf8sz07
1506	p. 1-234	https://image-tor.canadiana.ca/iiif/2/69429%2Fc0fq9q240b36
1507	p. 1-235	https://image-tor.canadiana.ca/iiif/2/69429%2Fc09z9086bk0m
1508	p. 1-236	https://image-tor.canadiana.ca/iiif/2/69429%2Fc06688g8pt0q
1509	p. 1-237	https://image-tor.canadiana.ca/iiif/2/69429%2Fc02f7jq12188
1510	p. 1-238	https://image-tor.canadiana.ca/iiif/2/69429%2Fc0xp6tx3dq7n
1511	p. 1-239	https://image-tor.canadiana.ca/iiif/2/69429%2Fc0sx6445rz3w
1512	p. 1-240	https://image-tor.canadiana.ca/iiif/2/69429%2Fc0p55db8461t
1513	p. 1-241	https://image-tor.canadiana.ca/iiif/2/69429%2Fc0jh3cz39k4x
1514	p. 1-242	https://image-tor.canadiana.ca/iiif/2/69429%2Fc0dr2p55nt3j
1515	p. 1-243	https://image-tor.canadiana.ca/iiif/2/69429%2Fc0901zc81222
1516	p. 1-244	https://image-tor.canadiana.ca/iiif/2/69429%2Fc05717m0c90p
1517	p. 1-245	https://image-tor.canadiana.ca/iiif/2/69429%2Fc01g0ht2qh6f
1518	p. 1-246	https://image-tor.canadiana.ca/iiif/2/69429%2Fc0wp9t153668
1519	p. 1-247	https://image-tor.canadiana.ca/iiif/2/69429%2Fc0rx9377ff3p
1520	p. 1-248	https://image-tor.canadiana.ca/iiif/2/69429%2Fc0n872v2mt63
1521	p. 1-249	https://image-tor.canadiana.ca/iiif/2/69429%2Fc0hh6c250244
1522	p. 1-250	https://image-tor.canadiana.ca/iiif/2/69429%2Fc0cr5n87b94x
1523	p. 1-251	https://image-tor.canadiana.ca/iiif/2/69429%2Fc0804xg9pj2v
1524	p. 1-252	https://image-tor.canadiana.ca/iiif/2/69429%2Fc04746q21r9p
1525	p. 1-253	https://image-tor.canadiana.ca/iiif/2/69429%2Fc00g3gx4d067
1526	p. 1-254	https://image-tor.canadiana.ca/iiif/2/69429%2Fc0vq2s46rp6m
1527	p. 1-255	https://image-tor.canadiana.ca/iiif/2/69429%2Fc0r20rr1z28z
1528	p. 1-256	https://image-tor.canadiana.ca/iiif/2/69429%2Fc0m901z4996f
1529	p. 1-257	https://image-tor.canadiana.ca/iiif/2/69429%2Fc0gh9b56nj63
1530	p. 1-258	https://image-tor.canadiana.ca/iiif/2/69429%2Fc0br8mc90s21
1531	p. 1-259	https://image-tor.canadiana.ca/iiif/2/69429%2Fc0707wm1c103
1532	p. 1-260	https://image-tor.canadiana.ca/iiif/2/69429%2Fc03775t3q77t
1533	p. 1-261	https://image-tor.canadiana.ca/iiif/2/69429%2Fc0zg6g162x7p
1534	p. 1-262	https://image-tor.canadiana.ca/iiif/2/69429%2Fc0tt4fn18b00
1535	p. 1-263	https://image-tor.canadiana.ca/iiif/2/69429%2Fc0q23qv3mj9t
1536	p. 1-264	https://image-tor.canadiana.ca/iiif/2/69429%2Fc0k93125zs8t
1537	p. 1-265	https://image-tor.canadiana.ca/iiif/2/69429%2Fc0fj2988b16f
1538	p. 1-266	https://image-tor.canadiana.ca/iiif/2/69429%2Fc09s1kh0p82h
1539	p. 1-267	https://image-tor.canadiana.ca/iiif/2/69429%2Fc0610vq31h1h
1540	p. 1-268	https://image-tor.canadiana.ca/iiif/2/69429%2Fc02b8v986w38
1541	p. 1-269	https://image-tor.canadiana.ca/iiif/2/69429%2Fc0xk84j0kk25
1542	p. 1-270	https://image-tor.canadiana.ca/iiif/2/69429%2Fc0st7dr2xt1c
1543	p. 1-271	https://image-tor.canadiana.ca/iiif/2/69429%2Fc0p26pz5921g
1544	p. 1-272	https://image-tor.canadiana.ca/iiif/2/69429%2Fc0j96057n896
1545	p. 1-273	https://image-tor.canadiana.ca/iiif/2/69429%2Fc0dj58d00h6b
1546	p. 1-274	https://image-tor.canadiana.ca/iiif/2/69429%2Fc08s4jm2br3c
1547	p. 1-275	https://image-tor.canadiana.ca/iiif/2/69429%2Fc0542j67j44x
1548	p. 1-276	https://image-tor.canadiana.ca/iiif/2/69429%2Fc01c1td9wc2j
1549	p. 1-277	https://image-tor.canadiana.ca/iiif/2/69429%2Fc0wm13n28233
1550	p. 1-278	https://image-tor.canadiana.ca/iiif/2/69429%2Fc0rv0cv4m93w
1551	p. 1-279	https://image-tor.canadiana.ca/iiif/2/69429%2Fc0n29p26zh9t
1552	p. 1-280	https://image-tor.canadiana.ca/iiif/2/69429%2Fc0h98z899r7x
1553	p. 1-281	https://image-tor.canadiana.ca/iiif/2/69429%2Fc0cj87h1p04g
1554	p. 1-282	https://image-tor.canadiana.ca/iiif/2/69429%2Fc07w6736vc7c
1555	p. 1-283	https://image-tor.canadiana.ca/iiif/2/69429%2Fc0445h996m5s
1556	p. 1-284	https://image-tor.canadiana.ca/iiif/2/69429%2Fc00c4sj1jv4m
1557	p. 1-285	https://image-tor.canadiana.ca/iiif/2/69429%2Fc0vm42r3xj4g
1558	p. 1-286	https://image-tor.canadiana.ca/iiif/2/69429%2Fc0qv3bz68s2k
1559	p. 1-287	https://image-tor.canadiana.ca/iiif/2/69429%2Fc0m32n58n08k
1560	p. 1-288	https://image-tor.canadiana.ca/iiif/2/69429%2Fc0gb1xd10769
1561	p. 1-289	https://image-tor.canadiana.ca/iiif/2/69429%2Fc0bn9x065n0x
1562	p. 1-290	https://image-tor.canadiana.ca/iiif/2/69429%2Fc06w9668hv7n
1563	p. 1-291	https://image-tor.canadiana.ca/iiif/2/69429%2Fc0348gf0w369
1564	p. 1-292	https://image-tor.canadiana.ca/iiif/2/69429%2Fc0zc7rn37s7b
1565	p. 1-293	https://image-tor.canadiana.ca/iiif/2/69429%2Fc0tm71v5m148
1566	p. 1-294	https://image-tor.canadiana.ca/iiif/2/69429%2Fc0pv6b27z81q
1567	p. 1-295	https://image-tor.canadiana.ca/iiif/2/69429%2Fc0k35m909g8g
1568	p. 1-296	https://image-tor.canadiana.ca/iiif/2/69429%2Fc0ff3kw5gw1n
1569	p. 1-297	https://image-tor.canadiana.ca/iiif/2/69429%2Fc09p2w37v39h
1570	p. 1-298	https://image-tor.canadiana.ca/iiif/2/69429%2Fc05x25b06b7m
1571	p. 1-299	https://image-tor.canadiana.ca/iiif/2/69429%2Fc0251fj2jk64
1572	p. 1-300	https://image-tor.canadiana.ca/iiif/2/69429%2Fc0xd0qr4x84f
1573	p. 1-301	https://image-tor.canadiana.ca/iiif/2/69429%2Fc0sn00z78h2x
1574	p. 1-302	https://image-tor.canadiana.ca/iiif/2/69429%2Fc0nv9959mq94
1575	p. 1-303	https://image-tor.canadiana.ca/iiif/2/69429%2Fc0j678s4t42r
1576	p. 1-304	https://image-tor.canadiana.ca/iiif/2/69429%2Fc0df6k075c08
1577	p. 1-305	https://image-tor.canadiana.ca/iiif/2/69429%2Fc08p5v69hm02
1578	p. 1-306	https://image-tor.canadiana.ca/iiif/2/69429%2Fc04x54f1vt80
1579	p. 1-307	https://image-tor.canadiana.ca/iiif/2/69429%2Fc0154dn4726x
1580	p. 1-308	https://image-tor.canadiana.ca/iiif/2/69429%2Fc0wd3pv6kr59
1581	p. 1-309	https://image-tor.canadiana.ca/iiif/2/69429%2Fc0rn3028z037
1582	p. 1-310	https://image-tor.canadiana.ca/iiif/2/69429%2Fc0n00zp44c55
1583	p. 1-311	https://image-tor.canadiana.ca/iiif/2/69429%2Fc0h707w6gm2k
1584	p. 1-312	https://image-tor.canadiana.ca/iiif/2/69429%2Fc0cf9j38tv1n
1585	p. 1-313	https://image-tor.canadiana.ca/iiif/2/69429%2Fc07p8tb16312
1586	p. 1-314	https://image-tor.canadiana.ca/iiif/2/69429%2Fc03x83j3j98s
1587	p. 1-315	https://image-tor.canadiana.ca/iiif/2/69429%2Fc0057cr5wj6q
1588	p. 1-316	https://image-tor.canadiana.ca/iiif/2/69429%2Fc0vd6nz88753
1589	p. 1-317	https://image-tor.canadiana.ca/iiif/2/69429%2Fc0qr4nk3fm6f
1590	p. 1-318	https://image-tor.canadiana.ca/iiif/2/69429%2Fc0m03xs5sv5z
1591	p. 1-319	https://image-tor.canadiana.ca/iiif/2/69429%2Fc0g73708534z
1592	p. 1-320	https://image-tor.canadiana.ca/iiif/2/69429%2Fc0bg2h70hb3s
1593	p. 1-321	https://image-tor.canadiana.ca/iiif/2/69429%2Fc06q1sf2vj9j
1594	p. 1-322	https://image-tor.canadiana.ca/iiif/2/69429%2Fc02z12n56s8m
1595	p. 1-323	https://image-tor.canadiana.ca/iiif/2/69429%2Fc0z60bv7kg7t
1596	p. 1-324	https://image-tor.canadiana.ca/iiif/2/69429%2Fc0th8bg2rv8m
1597	p. 1-325	https://image-tor.canadiana.ca/iiif/2/69429%2Fc0pr7mp54367
1598	p. 1-326	https://image-tor.canadiana.ca/iiif/2/69429%2Fc0k06ww7gb6b
1599	p. 1-327	https://image-tor.canadiana.ca/iiif/2/69429%2Fc0f76639tk4r
1600	p. 1-328	https://image-tor.canadiana.ca/iiif/2/69429%2Fc09g5gb25t2g
1601	p. 1-329	https://image-tor.canadiana.ca/iiif/2/69429%2Fc05q4rj4j19b
1602	p. 1-330	https://image-tor.canadiana.ca/iiif/2/69429%2Fc0222r49qf1n
1603	p. 1-331	https://image-tor.canadiana.ca/iiif/2/69429%2Fc0x921c2341m
1604	p. 1-332	https://image-tor.canadiana.ca/iiif/2/69429%2Fc0sj19k4fc0t
1605	p. 1-333	https://image-tor.canadiana.ca/iiif/2/69429%2Fc0ns0ks6sm0m
1606	p. 1-334	https://image-tor.canadiana.ca/iiif/2/69429%2Fc0j09w094t86
1607	p. 1-335	https://image-tor.canadiana.ca/iiif/2/69429%2Fc0d79571h25r
1608	p. 1-336	https://image-tor.canadiana.ca/iiif/2/69429%2Fc08g8ff3v93c
1609	p. 1-337	https://image-tor.canadiana.ca/iiif/2/69429%2Fc04t6f191p4k
1610	p. 1-338	https://image-tor.canadiana.ca/iiif/2/69429%2Fc0125q81cx1j
1611	p. 1-339	https://image-tor.canadiana.ca/iiif/2/69429%2Fc0w950g3rm20
1612	p. 1-340	https://image-tor.canadiana.ca/iiif/2/69429%2Fc0rj48p63v1p
1613	p. 1-341	https://image-tor.canadiana.ca/iiif/2/69429%2Fc0ms3jw8g30d
1614	p. 1-342	https://image-tor.canadiana.ca/iiif/2/69429%2Fc0h12v40t96h
1615	p. 1-343	https://image-tor.canadiana.ca/iiif/2/69429%2Fc0c824b35j40
1616	p. 1-344	https://image-tor.canadiana.ca/iiif/2/69429%2Fc07m03x8bx59
1617	p. 1-345	https://image-tor.canadiana.ca/iiif/2/69429%2Fc03t9d50q52b
1618	p. 1-346	https://image-tor.canadiana.ca/iiif/2/69429%2Fc0028pc32d1b
1619	p. 1-347	https://image-tor.canadiana.ca/iiif/2/69429%2Fc0v97zk5f330
1620	p. 1-348	https://image-tor.canadiana.ca/iiif/2/69429%2Fc0qj77s7s994
1621	p. 1-349	https://image-tor.canadiana.ca/iiif/2/69429%2Fc0ks6j104j78
1622	p. 1-350	https://image-tor.canadiana.ca/iiif/2/69429%2Fc0g15t72gs4m
1623	p. 1-351	https://image-tor.canadiana.ca/iiif/2/69429%2Fc0bc3st7p586
1624	p. 1-352	https://image-tor.canadiana.ca/iiif/2/69429%2Fc06m33201d6q
1625	p. 1-353	https://image-tor.canadiana.ca/iiif/2/69429%2Fc02v2c82cn4b
1626	p. 1-354	https://image-tor.canadiana.ca/iiif/2/69429%2Fc0z31ng4rb69
1627	p. 1-355	https://image-tor.canadiana.ca/iiif/2/69429%2Fc0tb0xp73k3t
1628	p. 1-356	https://image-tor.canadiana.ca/iiif/2/69429%2Fc0pk06w9fs9z
1629	p. 1-357	https://image-tor.canadiana.ca/iiif/2/69429%2Fc0js9h41t160
1630	p. 1-358	https://image-tor.canadiana.ca/iiif/2/69429%2Fc0f47gq70f0j
1631	p. 1-359	https://image-tor.canadiana.ca/iiif/2/69429%2Fc09c6rx9bn7w
1632	p. 1-360	https://image-tor.canadiana.ca/iiif/2/69429%2Fc05m6251pw6h
1633	p. 1-361	https://image-tor.canadiana.ca/iiif/2/69429%2Fc01v5bc42444
1634	p. 1-362	https://image-tor.canadiana.ca/iiif/2/69429%2Fc0x34mk6dt4d
1635	p. 1-363	https://image-tor.canadiana.ca/iiif/2/69429%2Fc0sb3ws8s21z
1636	p. 1-364	https://image-tor.canadiana.ca/iiif/2/69429%2Fc0nk3611489s
1637	p. 1-365	https://image-tor.canadiana.ca/iiif/2/69429%2Fc0hx15m69p0s
1638	p. 1-366	https://image-tor.canadiana.ca/iiif/2/69429%2Fc0d50ft8nw7f
1639	p. 1-367	https://image-tor.canadiana.ca/iiif/2/69429%2Fc08c9r211464
1640	p. 1-368	https://image-tor.canadiana.ca/iiif/2/69429%2Fc04m9183cc69
1641	p. 1-369	https://image-tor.canadiana.ca/iiif/2/69429%2Fc00v89g5qm2r
1642	p. 1-370	https://image-tor.canadiana.ca/iiif/2/69429%2Fc0w37kp8393m
1643	p. 1-371	https://image-tor.canadiana.ca/iiif/2/69429%2Fc0rb6vx0fj08
1644	p. 1-372	https://image-tor.canadiana.ca/iiif/2/69429%2Fc0mp4vh5mx2k
1645	p. 1-373	https://image-tor.canadiana.ca/iiif/2/69429%2Fc0gx44q8050k
1646	p. 1-374	https://image-tor.canadiana.ca/iiif/2/69429%2Fc0c53dz0bc91
1647	p. 1-375	https://image-tor.canadiana.ca/iiif/2/69429%2Fc07d2q52pm97
1648	p. 1-376	https://image-tor.canadiana.ca/iiif/2/69429%2Fc03n20c51v64
1649	unnumbered	https://image-tor.canadiana.ca/iiif/2/69429%2Fc0zw18k7dj6m
1650	p. 1-2	https://image-tor.canadiana.ca/iiif/2/69429%2Fc0v40js9rs3z
1651	p. 1-3	https://image-tor.canadiana.ca/iiif/2/69429%2Fc0qf8jd4z55v
1652	p. 1-4	https://image-tor.canadiana.ca/iiif/2/69429%2Fc0kp7tm79d2c
1653	p. 1-5	https://image-tor.canadiana.ca/iiif/2/69429%2Fc0fx73t9nn2j
1654	p. 1-6	https://image-tor.canadiana.ca/iiif/2/69429%2Fc0b56d220w00
1655	p. 1-7	https://image-tor.canadiana.ca/iiif/2/69429%2Fc06d5p84c38f
1656	p. 1-8	https://image-tor.canadiana.ca/iiif/2/69429%2Fc02n4zg6qb62
1657	unnumbered	https://image-tor.canadiana.ca/iiif/2/69429%2Fc0xw47p9316d
1658	p. 1-2	https://image-tor.canadiana.ca/iiif/2/69429%2Fc0t727948d6g
1659	p. 1-3	https://image-tor.canadiana.ca/iiif/2/69429%2Fc0pg1hh6mn43
1660	p. 1-4	https://image-tor.canadiana.ca/iiif/2/69429%2Fc0jq0sq8zw39
1661	p. 1-5	https://image-tor.canadiana.ca/iiif/2/69429%2Fc0dz02z1b433
1662	p. 1-6	https://image-tor.canadiana.ca/iiif/2/69429%2Fc0959c53pb91
1663	p. 1-7	https://image-tor.canadiana.ca/iiif/2/69429%2Fc05d8nc61k8q
1664	p. 1-8	https://image-tor.canadiana.ca/iiif/2/69429%2Fc01r6n01700v
1665	p. 1-9	https://image-tor.canadiana.ca/iiif/2/69429%2Fc0x05x63kn9v
1666	p. 1-10	https://image-tor.canadiana.ca/iiif/2/69429%2Fc0s756d5xw7v
1667	p. 1-11	https://image-tor.canadiana.ca/iiif/2/69429%2Fc0ng4gm8947n
1668	p. 1-12	https://image-tor.canadiana.ca/iiif/2/69429%2Fc0hq3rv0nc6g
1669	p. 1-13	https://image-tor.canadiana.ca/iiif/2/69429%2Fc0cz32230m3s
1670	p. 1-14	https://image-tor.canadiana.ca/iiif/2/69429%2Fc0862b85bv1q
1671	p. 1-15	https://image-tor.canadiana.ca/iiif/2/69429%2Fc04j09w0j725
1672	p. 1-16	https://image-tor.canadiana.ca/iiif/2/69429%2Fc00r9m32wg0n
1673	p. 1-17	https://image-tor.canadiana.ca/iiif/2/69429%2Fc0w08w95849n
1674	p. 1-18	https://image-tor.canadiana.ca/iiif/2/69429%2Fc0r785h7mc9t
1675	p. 1-19	https://image-tor.canadiana.ca/iiif/2/69429%2Fc0mg7fq9zm7f
1676	p. 1-20	https://image-tor.canadiana.ca/iiif/2/69429%2Fc0gq6qz29v55
1677	p. 1-21	https://image-tor.canadiana.ca/iiif/2/69429%2Fc0bz6154p32h
1678	p. 1-22	https://image-tor.canadiana.ca/iiif/2/69429%2Fc07940r9vg34
1679	p. 1-23	https://image-tor.canadiana.ca/iiif/2/69429%2Fc03j39026q18
1680	p. 1-24	https://image-tor.canadiana.ca/iiif/2/69429%2Fc0zs2k64kd1r
1681	p. 1-25	https://image-tor.canadiana.ca/iiif/2/69429%2Fc0v11vd6xn08
1682	p. 1-26	https://image-tor.canadiana.ca/iiif/2/69429%2Fc0q814m98v9n
1683	p. 1-27	https://image-tor.canadiana.ca/iiif/2/69429%2Fc0kh0dv1n357
1684	p. 1-28	https://image-tor.canadiana.ca/iiif/2/69429%2Fc0fq9q240b4s
1685	p. 1-29	https://image-tor.canadiana.ca/iiif/2/69429%2Fc0b27pn95q7k
1686	p. 1-30	https://image-tor.canadiana.ca/iiif/2/69429%2Fc0696zw1hz47
1687	p. 1-31	https://image-tor.canadiana.ca/iiif/2/69429%2Fc02j6833w61k
1688	p. 1-32	https://image-tor.canadiana.ca/iiif/2/69429%2Fc0xs5j967w36
1689	p. 1-33	https://image-tor.canadiana.ca/iiif/2/69429%2Fc0t14th8m41n
1690	p. 1-34	https://image-tor.canadiana.ca/iiif/2/69429%2Fc0p843r0zb80
1691	p. 1-35	https://image-tor.canadiana.ca/iiif/2/69429%2Fc0jh3cz39k5h
1692	p. 1-36	https://image-tor.canadiana.ca/iiif/2/69429%2Fc0dv1cj8gz8d
1693	p. 1-37	https://image-tor.canadiana.ca/iiif/2/69429%2Fc0930ns0v66g
1694	p. 1-38	https://image-tor.canadiana.ca/iiif/2/69429%2Fc0599z036f4f
1695	p. 1-39	https://image-tor.canadiana.ca/iiif/2/69429%2Fc01j9765jp4m
1696	p. 1-40	https://image-tor.canadiana.ca/iiif/2/69429%2Fc0ws8hd7xc2x
1697	p. 1-41	https://image-tor.canadiana.ca/iiif/2/69429%2Fc0s17sn08m0z
1698	p. 1-42	https://image-tor.canadiana.ca/iiif/2/69429%2Fc0n872v2mt7p
1699	p. 1-43	https://image-tor.canadiana.ca/iiif/2/69429%2Fc0hm52f7t69h
1700	p. 1-44	https://image-tor.canadiana.ca/iiif/2/69429%2Fc0cv4bp05f77
1701	p. 1-45	https://image-tor.canadiana.ca/iiif/2/69429%2Fc0833mw2hp55
1702	p. 1-46	https://image-tor.canadiana.ca/iiif/2/69429%2Fc04b2x34vx4s
1703	p. 1-47	https://image-tor.canadiana.ca/iiif/2/69429%2Fc00k2697752s
1704	p. 1-48	https://image-tor.canadiana.ca/iiif/2/69429%2Fc0vt1gh9kv15
1705	p. 1-49	https://image-tor.canadiana.ca/iiif/2/69429%2Fc0r20rr1z29j
1706	p. 1-50	https://image-tor.canadiana.ca/iiif/2/69429%2Fc0mc8rb74g1g
1707	p. 1-51	https://image-tor.canadiana.ca/iiif/2/69429%2Fc0gm81j9gp86
1708	p. 1-52	https://image-tor.canadiana.ca/iiif/2/69429%2Fc0bv79s1tx8m
1709	p. 1-53	https://image-tor.canadiana.ca/iiif/2/69429%2Fc0736m04657j
1710	p. 1-54	https://image-tor.canadiana.ca/iiif/2/69429%2Fc03b5w66jd4k
1711	p. 1-55	https://image-tor.canadiana.ca/iiif/2/69429%2Fc0zk55d8x34f
1712	p. 1-56	https://image-tor.canadiana.ca/iiif/2/69429%2Fc0tt4fn18b1k
1713	p. 1-57	https://image-tor.canadiana.ca/iiif/2/69429%2Fc0q52f76fq36
1714	p. 1-58	https://image-tor.canadiana.ca/iiif/2/69429%2Fc0kd1qf8sz1t
1715	p. 1-59	https://image-tor.canadiana.ca/iiif/2/69429%2Fc0fn10p1559r
1716	p. 1-60	https://image-tor.canadiana.ca/iiif/2/69429%2Fc09w08w3hd9j
1717	p. 1-61	https://image-tor.canadiana.ca/iiif/2/69429%2Fc0639k35vn55
1718	p. 1-62	https://image-tor.canadiana.ca/iiif/2/69429%2Fc02b8v986w4v
1719	p. 1-63	https://image-tor.canadiana.ca/iiif/2/69429%2Fc0xk84j0kk3r
1720	p. 1-64	https://image-tor.canadiana.ca/iiif/2/69429%2Fc0sx6445rz4g
1721	p. 1-65	https://image-tor.canadiana.ca/iiif/2/69429%2Fc0p55db8462d
1722	p. 1-66	https://image-tor.canadiana.ca/iiif/2/69429%2Fc0jd4pk0gf17
1723	p. 1-67	https://image-tor.canadiana.ca/iiif/2/69429%2Fc0dn3zs2tn95
1724	p. 1-68	https://image-tor.canadiana.ca/iiif/2/69429%2Fc08w38055w72
1725	p. 1-69	https://image-tor.canadiana.ca/iiif/2/69429%2Fc0542j67j45h
1726	p. 1-70	https://image-tor.canadiana.ca/iiif/2/69429%2Fc01c1td9wc34
1727	p. 1-71	https://image-tor.canadiana.ca/iiif/2/69429%2Fc0wp9t15367v
1728	p. 1-72	https://image-tor.canadiana.ca/iiif/2/69429%2Fc0rx9377ff48
1729	p. 1-73	https://image-tor.canadiana.ca/iiif/2/69429%2Fc0n58cf9sp4c
1730	p. 1-74	https://image-tor.canadiana.ca/iiif/2/69429%2Fc0hd7np24x3p
1731	p. 1-75	https://image-tor.canadiana.ca/iiif/2/69429%2Fc0cn6xw4h507
1732	p. 1-76	https://image-tor.canadiana.ca/iiif/2/69429%2Fc07w6736vc8z
1733	p. 1-77	https://image-tor.canadiana.ca/iiif/2/69429%2Fc04746q21s0z
1734	p. 1-78	https://image-tor.canadiana.ca/iiif/2/69429%2Fc00g3gx4d07t
1735	p. 1-79	https://image-tor.canadiana.ca/iiif/2/69429%2Fc0vq2s46rp76
1736	p. 1-80	https://image-tor.canadiana.ca/iiif/2/69429%2Fc0qz22b93x68
1737	p. 1-81	https://image-tor.canadiana.ca/iiif/2/69429%2Fc0m61bk1g56h
1738	p. 1-82	https://image-tor.canadiana.ca/iiif/2/69429%2Fc0gf0ms3td2z
1739	p. 1-83	https://image-tor.canadiana.ca/iiif/2/69429%2Fc0bn9x065n1h
1740	p. 1-84	https://image-tor.canadiana.ca/iiif/2/69429%2Fc0707wm1c11p
1741	p. 1-85	https://image-tor.canadiana.ca/iiif/2/69429%2Fc03775t3q78d
1742	p. 1-86	https://image-tor.canadiana.ca/iiif/2/69429%2Fc0zg6g162x88
1743	p. 1-87	https://image-tor.canadiana.ca/iiif/2/69429%2Fc0tq5r78f58k
1744	p. 1-88	https://image-tor.canadiana.ca/iiif/2/69429%2Fc0pz51g0sd66
1745	p. 1-89	https://image-tor.canadiana.ca/iiif/2/69429%2Fc0k649p34n4m
1746	p. 1-90	https://image-tor.canadiana.ca/iiif/2/69429%2Fc0ff3kw5gw27
1747	p. 1-91	https://image-tor.canadiana.ca/iiif/2/69429%2Fc09s1kh0p833
1748	p. 1-92	https://image-tor.canadiana.ca/iiif/2/69429%2Fc0610vq31h23
1749	p. 1-93	https://image-tor.canadiana.ca/iiif/2/69429%2Fc02804x5cq9t
1750	p. 1-94	https://image-tor.canadiana.ca/iiif/2/69429%2Fc0xg9f47rf11
1751	p. 1-95	https://image-tor.canadiana.ca/iiif/2/69429%2Fc0sq8qc03n92
1752	p. 1-96	https://image-tor.canadiana.ca/iiif/2/69429%2Fc0nz80k2fw6g
1753	p. 1-97	https://image-tor.canadiana.ca/iiif/2/69429%2Fc0j678s4t43b
1754	p. 1-98	https://image-tor.canadiana.ca/iiif/2/69429%2Fc0dj58d00h7x
1755	p. 1-99	https://image-tor.canadiana.ca/iiif/2/69429%2Fc08s4jm2br4z
1756	p. 1-100	https://image-tor.canadiana.ca/iiif/2/69429%2Fc0513tt4q02d
1757	p. 1-101	https://image-tor.canadiana.ca/iiif/2/69429%2Fc0183417271w
1758	p. 1-102	https://image-tor.canadiana.ca/iiif/2/69429%2Fc0wh2d79dx1v
1759	p. 1-103	https://image-tor.canadiana.ca/iiif/2/69429%2Fc0rr1pg1s47r
1760	p. 1-104	https://image-tor.canadiana.ca/iiif/2/69429%2Fc0n00zp44c6r
1761	p. 1-105	https://image-tor.canadiana.ca/iiif/2/69429%2Fc0h98z899r8h
1762	p. 1-106	https://image-tor.canadiana.ca/iiif/2/69429%2Fc0cj87h1p052
1763	p. 1-107	https://image-tor.canadiana.ca/iiif/2/69429%2Fc07s7hq4172k
1764	p. 1-108	https://image-tor.canadiana.ca/iiif/2/69429%2Fc0416sx6cg2p
1765	p. 1-109	https://image-tor.canadiana.ca/iiif/2/69429%2Fc0086348qp9t
1766	p. 1-110	https://image-tor.canadiana.ca/iiif/2/69429%2Fc0vh5cc13d0p
1767	p. 1-111	https://image-tor.canadiana.ca/iiif/2/69429%2Fc0qr4nk3fm71
1768	p. 1-112	https://image-tor.canadiana.ca/iiif/2/69429%2Fc0m32n58n095
1769	p. 1-113	https://image-tor.canadiana.ca/iiif/2/69429%2Fc0gb1xd1077w
1770	p. 1-114	https://image-tor.canadiana.ca/iiif/2/69429%2Fc0bk16m3bg5w
1771	p. 1-115	https://image-tor.canadiana.ca/iiif/2/69429%2Fc06t0gt5pq5p
1772	p. 1-116	https://image-tor.canadiana.ca/iiif/2/69429%2Fc0319s181z2c
1773	p. 1-117	https://image-tor.canadiana.ca/iiif/2/69429%2Fc0z89280dn2v
1774	p. 1-118	https://image-tor.canadiana.ca/iiif/2/69429%2Fc0th8bg2rv96
1775	p. 1-119	https://image-tor.canadiana.ca/iiif/2/69429%2Fc0pv6b27z829
1776	p. 1-120	https://image-tor.canadiana.ca/iiif/2/69429%2Fc0k35m909g92
1777	p. 1-121	https://image-tor.canadiana.ca/iiif/2/69429%2Fc0fb4wh2nq7p
1778	p. 1-122	https://image-tor.canadiana.ca/iiif/2/69429%2Fc09k45q50z6r
1779	p. 1-123	https://image-tor.canadiana.ca/iiif/2/69429%2Fc05t3fx7c64w
1780	p. 1-124	https://image-tor.canadiana.ca/iiif/2/69429%2Fc0222r49qf27
1781	p. 1-125	https://image-tor.canadiana.ca/iiif/2/69429%2Fc0x921c23426
1782	p. 1-126	https://image-tor.canadiana.ca/iiif/2/69429%2Fc0sn00z78h3h
1783	p. 1-127	https://image-tor.canadiana.ca/iiif/2/69429%2Fc0nv9959mr0d
1784	p. 1-128	https://image-tor.canadiana.ca/iiif/2/69429%2Fc0j38kd1zz9v
1785	p. 1-129	https://image-tor.canadiana.ca/iiif/2/69429%2Fc0db7vm4b69n
1786	p. 1-130	https://image-tor.canadiana.ca/iiif/2/69429%2Fc08k74t6pf5g
1787	p. 1-131	https://image-tor.canadiana.ca/iiif/2/69429%2Fc04t6f191p55
1788	p. 1-132	https://image-tor.canadiana.ca/iiif/2/69429%2Fc0125q81cx24
1789	index (p. 1-1)	https://image-tor.canadiana.ca/iiif/2/69429%2Fc0wd3pv6kr6w
1790	p. 1-2	https://image-tor.canadiana.ca/iiif/2/69429%2Fc0rn3028z04t
1791	p. 1-3	https://image-tor.canadiana.ca/iiif/2/69429%2Fc0mw2891972j
1792	p. 1-4	https://image-tor.canadiana.ca/iiif/2/69429%2Fc0h41jh3ng2n
1793	p. 1-5	https://image-tor.canadiana.ca/iiif/2/69429%2Fc0cc0tq60p9g
1794	p. 1-6	https://image-tor.canadiana.ca/iiif/2/69429%2Fc07m03x8bx6w
1795	p. 1-7	https://image-tor.canadiana.ca/iiif/2/69429%2Fc03x83j3j99c
1796	p. 1-8	https://image-tor.canadiana.ca/iiif/2/69429%2Fc0057cr5wj79
1797	p. 1-9	https://image-tor.canadiana.ca/iiif/2/69429%2Fc0vd6nz8876p
