1	technical data sheet	https://image-tor.canadiana.ca/iiif/2/69429%2Fc0542j67j74k
2	title page	https://image-tor.canadiana.ca/iiif/2/69429%2Fc01g0ht2qm4x
3	unnumbered	https://image-tor.canadiana.ca/iiif/2/69429%2Fc0wp9t15395b
4	index (p. 1)	https://image-tor.canadiana.ca/iiif/2/69429%2Fc0rx9377fj2r
5	p. 2	https://image-tor.canadiana.ca/iiif/2/69429%2Fc0n58cf9ss2v
6	p. 3	https://image-tor.canadiana.ca/iiif/2/69429%2Fc0hd7np2511p
7	table of contents (p. 4)	https://image-tor.canadiana.ca/iiif/2/69429%2Fc0cn6xw4h781
8	p. 5	https://image-tor.canadiana.ca/iiif/2/69429%2Fc07w6736vg6f
9	p. 6	https://image-tor.canadiana.ca/iiif/2/69429%2Fc04746q21v8r
10	p. 7	https://image-tor.canadiana.ca/iiif/2/69429%2Fc00g3gx4d36w
11	p. 8	https://image-tor.canadiana.ca/iiif/2/69429%2Fc0vq2s46rs5p
12	p. 9	https://image-tor.canadiana.ca/iiif/2/69429%2Fc0qz22b94148
13	p. 10	https://image-tor.canadiana.ca/iiif/2/69429%2Fc0m61bk1g840
14	p. 11	https://image-tor.canadiana.ca/iiif/2/69429%2Fc0gf0ms3th0f
15	p. 12	https://image-tor.canadiana.ca/iiif/2/69429%2Fc0bn9x065q99
16	p. 13	https://image-tor.canadiana.ca/iiif/2/69429%2Fc0707wm1c40r
17	p. 14	https://image-tor.canadiana.ca/iiif/2/69429%2Fc03775t3qb7g
18	p. 15	https://image-tor.canadiana.ca/iiif/2/69429%2Fc0zg6g163168
19	unnumbered	https://image-tor.canadiana.ca/iiif/2/69429%2Fc0tq5r78f862
20	blank page	https://image-tor.canadiana.ca/iiif/2/69429%2Fc0pz51g0sh4p
21	table of contents	https://image-tor.canadiana.ca/iiif/2/69429%2Fc0k649p34r23
22	blank page	https://image-tor.canadiana.ca/iiif/2/69429%2Fc0ff3kw5h007
23	p. 1-v	https://image-tor.canadiana.ca/iiif/2/69429%2Fc09s1kh0pc1k
24	p. 1-vi	https://image-tor.canadiana.ca/iiif/2/69429%2Fc0610vq31m0k
25	p. 1-vii	https://image-tor.canadiana.ca/iiif/2/69429%2Fc02804x5ct6q
26	p. 1-viii	https://image-tor.canadiana.ca/iiif/2/69429%2Fc0xg9f47rh87
27	p. 1-ix	https://image-tor.canadiana.ca/iiif/2/69429%2Fc0sq8qc03r6z
28	p. 1-x	https://image-tor.canadiana.ca/iiif/2/69429%2Fc0nz80k2g03w
29	p. 1-xi	https://image-tor.canadiana.ca/iiif/2/69429%2Fc0j678s4t707
30	p. 1-xii	https://image-tor.canadiana.ca/iiif/2/69429%2Fc0dj58d00m5d
31	p. 1-xii [xiii]	https://image-tor.canadiana.ca/iiif/2/69429%2Fc08s4jm2bv2f
32	p. 1-xiv	https://image-tor.canadiana.ca/iiif/2/69429%2Fc0513tt4q30w
33	p. 1-xv	https://image-tor.canadiana.ca/iiif/2/69429%2Fc0183417299p
34	p. 1-xvi	https://image-tor.canadiana.ca/iiif/2/69429%2Fc0wh2d79f095
35	p. 1-xvii	https://image-tor.canadiana.ca/iiif/2/69429%2Fc0rr1pg1s757
36	p. 1-xviii	https://image-tor.canadiana.ca/iiif/2/69429%2Fc0n00zp44g47
37	p. 1-xix	https://image-tor.canadiana.ca/iiif/2/69429%2Fc0h98z899v60
38	p. 1-xx	https://image-tor.canadiana.ca/iiif/2/69429%2Fc0cj87h1p33j
39	p. 1-xxi	https://image-tor.canadiana.ca/iiif/2/69429%2Fc07s7hq41b02
40	p. 1-xxi [xxii]	https://image-tor.canadiana.ca/iiif/2/69429%2Fc0416sx6ck05
41	p. 1-xxiii	https://image-tor.canadiana.ca/iiif/2/69429%2Fc0086348qs79
42	p. 1-xxiv	https://image-tor.canadiana.ca/iiif/2/69429%2Fc0vh5cc13g92
43	p. 1-xxv	https://image-tor.canadiana.ca/iiif/2/69429%2Fc0qr4nk3fq63
44	p. 1-xxvi	https://image-tor.canadiana.ca/iiif/2/69429%2Fc0m32n58n362
45	p. 1-xxvii	https://image-tor.canadiana.ca/iiif/2/69429%2Fc0gb1xd10b4s
46	p. 1-xxviii	https://image-tor.canadiana.ca/iiif/2/69429%2Fc0bk16m3bk2s
47	p. 1-xxix	https://image-tor.canadiana.ca/iiif/2/69429%2Fc06t0gt5pt2k
48	p. 1-xxx	https://image-tor.canadiana.ca/iiif/2/69429%2Fc0319s182193
49	p. 1-xxxi	https://image-tor.canadiana.ca/iiif/2/69429%2Fc0z89280dr0b
50	p. 1-xxxii	https://image-tor.canadiana.ca/iiif/2/69429%2Fc0th8bg2rz7p
51	p. 1-xxxiii	https://image-tor.canadiana.ca/iiif/2/69429%2Fc0pv6b27zc0s
52	p. 1-xxxiv	https://image-tor.canadiana.ca/iiif/2/69429%2Fc0k35m909k7j
53	p. 1-xxxv	https://image-tor.canadiana.ca/iiif/2/69429%2Fc0fb4wh2nt55
54	p. 1-xxxvi	https://image-tor.canadiana.ca/iiif/2/69429%2Fc09k45q5124r
55	p. 1-xxxvii	https://image-tor.canadiana.ca/iiif/2/69429%2Fc05t3fx7c92c
56	p. 1-xxxviii	https://image-tor.canadiana.ca/iiif/2/69429%2Fc0222r49qj0q
57	p. 1-xxxix	https://image-tor.canadiana.ca/iiif/2/69429%2Fc0xd0qr4xc3h
58	p. 1-xl	https://image-tor.canadiana.ca/iiif/2/69429%2Fc0sn00z78m2k
59	p. 1-xli	https://image-tor.canadiana.ca/iiif/2/69429%2Fc0nv9959mt9s
60	p. 1-xlii	https://image-tor.canadiana.ca/iiif/2/69429%2Fc0j38kd2028x
61	p. 1-xliii	https://image-tor.canadiana.ca/iiif/2/69429%2Fc0db7vm4b98q
62	p. 1-xliv	https://image-tor.canadiana.ca/iiif/2/69429%2Fc08k74t6pj4j
63	p. 1-xlv	https://image-tor.canadiana.ca/iiif/2/69429%2Fc04t6f191s47
64	p. 1-xlvi	https://image-tor.canadiana.ca/iiif/2/69429%2Fc0154dn4754d
65	p. 1-xlvii	https://image-tor.canadiana.ca/iiif/2/69429%2Fc0wd3pv6kv4c
66	p. 1-xlviii	https://image-tor.canadiana.ca/iiif/2/69429%2Fc0rn3028z329
67	p. 1-xlix	https://image-tor.canadiana.ca/iiif/2/69429%2Fc0mw28919b01
68	p. 1-l	https://image-tor.canadiana.ca/iiif/2/69429%2Fc0h41jh3nk04
69	p. 1-li	https://image-tor.canadiana.ca/iiif/2/69429%2Fc0cc0tq60s7z
70	p. 1-lii	https://image-tor.canadiana.ca/iiif/2/69429%2Fc07m03x8c14w
71	p. 1-liii	https://image-tor.canadiana.ca/iiif/2/69429%2Fc03x83j3jd7v
72	p. 1-liv	https://image-tor.canadiana.ca/iiif/2/69429%2Fc0057cr5wn5s
73	p. 1-lv	https://image-tor.canadiana.ca/iiif/2/69429%2Fc0vd6nz88b3k
74	p. 1-lvi	https://image-tor.canadiana.ca/iiif/2/69429%2Fc0qn5z60mk3d
75	p. 1-lvii	https://image-tor.canadiana.ca/iiif/2/69429%2Fc0kw57d2zt1d
76	p. 1-lviii	https://image-tor.canadiana.ca/iiif/2/69429%2Fc0g44hm5b19n
77	p. 1-lix	https://image-tor.canadiana.ca/iiif/2/69429%2Fc0bc3st7p86p
78	p. 1-lx	https://image-tor.canadiana.ca/iiif/2/69429%2Fc06q1sf2vn96
79	p. 1-lxi	https://image-tor.canadiana.ca/iiif/2/69429%2Fc02z12n56w88
80	unnumbered	https://image-tor.canadiana.ca/iiif/2/69429%2Fc0z60bv7kk6w
81	p. 1-2	https://image-tor.canadiana.ca/iiif/2/69429%2Fc0td9n29xt5z
82	p. 1-3	https://image-tor.canadiana.ca/iiif/2/69429%2Fc0pn8x92925c
83	p. 1-4	https://image-tor.canadiana.ca/iiif/2/69429%2Fc0jw86h4n92s
84	p. 1-5	https://image-tor.canadiana.ca/iiif/2/69429%2Fc0f47gq70h9x
85	p. 1-6	https://image-tor.canadiana.ca/iiif/2/69429%2Fc09g5gb25x1j
86	p. 1-7	https://image-tor.canadiana.ca/iiif/2/69429%2Fc05q4rj4j48d
87	p. 1-8	https://image-tor.canadiana.ca/iiif/2/69429%2Fc01z41r6wc6d
88	p. 1-9	https://image-tor.canadiana.ca/iiif/2/69429%2Fc0x639z98278
89	p. 1-10	https://image-tor.canadiana.ca/iiif/2/69429%2Fc0sf2m61m95x
90	p. 1-11	https://image-tor.canadiana.ca/iiif/2/69429%2Fc0np1wd3zj1c
91	p. 1-12	https://image-tor.canadiana.ca/iiif/2/69429%2Fc0hx15m69r95
92	p. 1-13	https://image-tor.canadiana.ca/iiif/2/69429%2Fc0d79571h537
93	p. 1-14	https://image-tor.canadiana.ca/iiif/2/69429%2Fc08g8ff3vd1v
94	p. 1-15	https://image-tor.canadiana.ca/iiif/2/69429%2Fc04q7qn66m73
95	p. 1-16	https://image-tor.canadiana.ca/iiif/2/69429%2Fc00z70v8jv78
96	p. 1-17	https://image-tor.canadiana.ca/iiif/2/69429%2Fc0w66930xj6h
97	p. 1-18	https://image-tor.canadiana.ca/iiif/2/69429%2Fc0rf5k938s4m
98	p. 1-19	https://image-tor.canadiana.ca/iiif/2/69429%2Fc0mp4vh5n115
99	p. 1-20	https://image-tor.canadiana.ca/iiif/2/69429%2Fc0h12v40td5k
100	p. 1-21	https://image-tor.canadiana.ca/iiif/2/69429%2Fc0c824b35n32
101	p. 1-22	https://image-tor.canadiana.ca/iiif/2/69429%2Fc07h1dj5hw03
102	p. 1-23	https://image-tor.canadiana.ca/iiif/2/69429%2Fc03r0pr7w394
103	p. 1-24	https://image-tor.canadiana.ca/iiif/2/69429%2Fc00000007b7z
104	p. 1-25	https://image-tor.canadiana.ca/iiif/2/69429%2Fc0v69862m17w
105	p. 1-26	https://image-tor.canadiana.ca/iiif/2/69429%2Fc0qf8jd4z85h
106	p. 1-27	https://image-tor.canadiana.ca/iiif/2/69429%2Fc0ks6j104n6b
107	p. 1-28	https://image-tor.canadiana.ca/iiif/2/69429%2Fc0g15t72gw3p
108	p. 1-29	https://image-tor.canadiana.ca/iiif/2/69429%2Fc0b853f4v416
109	p. 1-30	https://image-tor.canadiana.ca/iiif/2/69429%2Fc06h4cn76c0w
110	p. 1-31	https://image-tor.canadiana.ca/iiif/2/69429%2Fc02r3nv9jk8t
111	p. 1-32	https://image-tor.canadiana.ca/iiif/2/69429%2Fc0z02z31x872
112	p. 1-33	https://image-tor.canadiana.ca/iiif/2/69429%2Fc0t727948h64
113	p. 1-34	https://image-tor.canadiana.ca/iiif/2/69429%2Fc0pk06w9fw81
114	p. 1-35	https://image-tor.canadiana.ca/iiif/2/69429%2Fc0js9h41t452
115	p. 1-36	https://image-tor.canadiana.ca/iiif/2/69429%2Fc0f18sb45c3g
116	p. 1-37	https://image-tor.canadiana.ca/iiif/2/69429%2Fc09882j6hm3n
117	p. 1-38	https://image-tor.canadiana.ca/iiif/2/69429%2Fc05h7br8vv0p
118	p. 1-39	https://image-tor.canadiana.ca/iiif/2/69429%2Fc01r6n017297
119	p. 1-40	https://image-tor.canadiana.ca/iiif/2/69429%2Fc0x34mk6dx3g
120	p. 1-41	https://image-tor.canadiana.ca/iiif/2/69429%2Fc0sb3ws8s51m
121	p. 1-42	https://image-tor.canadiana.ca/iiif/2/69429%2Fc0nk36114c9f
122	p. 1-43	https://image-tor.canadiana.ca/iiif/2/69429%2Fc0ht2g73gm72
123	p. 1-44	https://image-tor.canadiana.ca/iiif/2/69429%2Fc0d21rf5tv6k
124	p. 1-45	https://image-tor.canadiana.ca/iiif/2/69429%2Fc08911n8634k
125	p. 1-46	https://image-tor.canadiana.ca/iiif/2/69429%2Fc04j09w0jb2t
126	p. 1-47	https://image-tor.canadiana.ca/iiif/2/69429%2Fc00v89g5qq1t
127	p. 1-48	https://image-tor.canadiana.ca/iiif/2/69429%2Fc0w37kp83d38
128	p. 1-49	https://image-tor.canadiana.ca/iiif/2/69429%2Fc0rb6vx0fn0x
129	p. 1-50	https://image-tor.canadiana.ca/iiif/2/69429%2Fc0mk6542sv8n
130	p. 1-51	https://image-tor.canadiana.ca/iiif/2/69429%2Fc0gt5fb5537v
131	p. 1-52	https://image-tor.canadiana.ca/iiif/2/69429%2Fc0c24qj7hb5s
132	p. 1-53	https://image-tor.canadiana.ca/iiif/2/69429%2Fc07940r9vk26
133	p. 1-54	https://image-tor.canadiana.ca/iiif/2/69429%2Fc03n20c51z56
134	p. 1-55	https://image-tor.canadiana.ca/iiif/2/69429%2Fc0zw18k7dn5p
135	p. 1-56	https://image-tor.canadiana.ca/iiif/2/69429%2Fc0v40js9rw1f
136	unnumbered	https://image-tor.canadiana.ca/iiif/2/69429%2Fc0qb9v124404
137	p. 1-58	https://image-tor.canadiana.ca/iiif/2/69429%2Fc0kk9474gc09
138	p. 1-59	https://image-tor.canadiana.ca/iiif/2/69429%2Fc0ft8df6tk62
139	p. 1-60	https://image-tor.canadiana.ca/iiif/2/69429%2Fc0b27pn95t52
140	p. 1-61	https://image-tor.canadiana.ca/iiif/2/69429%2Fc06d5p84c683
141	p. 1-62	https://image-tor.canadiana.ca/iiif/2/69429%2Fc02n4zg6qf6q
142	unnumbered	https://image-tor.canadiana.ca/iiif/2/69429%2Fc0xw47p9345g
143	p. 1-2	https://image-tor.canadiana.ca/iiif/2/69429%2Fc0t43hx1fc31
144	p. 1-3	https://image-tor.canadiana.ca/iiif/2/69429%2Fc0pc2t43sm2n
145	p. 1-4	https://image-tor.canadiana.ca/iiif/2/69429%2Fc0jm23b64v04
146	p. 1-5	https://image-tor.canadiana.ca/iiif/2/69429%2Fc0dv1cj8h270
147	p. 1-6	https://image-tor.canadiana.ca/iiif/2/69429%2Fc0959c53pf83
148	p. 1-7	https://image-tor.canadiana.ca/iiif/2/69429%2Fc05d8nc61p7s
149	p. 1-8	https://image-tor.canadiana.ca/iiif/2/69429%2Fc01n7xk8cx37
150	p. 1-9	https://image-tor.canadiana.ca/iiif/2/69429%2Fc0ww76t0rm5w
151	p. 1-10	https://image-tor.canadiana.ca/iiif/2/69429%2Fc0s46h133v49
152	p. 1-11	https://image-tor.canadiana.ca/iiif/2/69429%2Fc0nc5s75g31v
153	p. 1-12	https://image-tor.canadiana.ca/iiif/2/69429%2Fc0hm52f7t98k
154	p. 1-13	https://image-tor.canadiana.ca/iiif/2/69429%2Fc0cz32230q18
155	p. 1-14	https://image-tor.canadiana.ca/iiif/2/69429%2Fc0862b85bx9h
156	p. 1-15	https://image-tor.canadiana.ca/iiif/2/69429%2Fc04f1mg7q55g
157	p. 1-16	https://image-tor.canadiana.ca/iiif/2/69429%2Fc00p0wq02d4s
158	p. 1-17	https://image-tor.canadiana.ca/iiif/2/69429%2Fc0vx05x2f357
159	p. 1-18	https://image-tor.canadiana.ca/iiif/2/69429%2Fc0r49g44sb1v
160	p. 1-19	https://image-tor.canadiana.ca/iiif/2/69429%2Fc0mc8rb74j98
161	p. 1-20	https://image-tor.canadiana.ca/iiif/2/69429%2Fc0gq6qz29z47
162	p. 1-21	https://image-tor.canadiana.ca/iiif/2/69429%2Fc0bz6154p61k
163	p. 1-22	https://image-tor.canadiana.ca/iiif/2/69429%2Fc07659c71d8q
164	p. 1-23	https://image-tor.canadiana.ca/iiif/2/69429%2Fc03f4kk9cn8h
165	p. 1-24	https://image-tor.canadiana.ca/iiif/2/69429%2Fc0zp3vt1rb71
166	p. 1-25	https://image-tor.canadiana.ca/iiif/2/69429%2Fc0tx35143k5x
167	p. 1-26	https://image-tor.canadiana.ca/iiif/2/69429%2Fc0q52f76ft28
168	p. 1-27	https://image-tor.canadiana.ca/iiif/2/69429%2Fc0kh0dv1n649
169	p. 1-28	https://image-tor.canadiana.ca/iiif/2/69429%2Fc0fq9q240f3v
170	p. 1-29	https://image-tor.canadiana.ca/iiif/2/69429%2Fc09z9086bn90
171	p. 1-30	https://image-tor.canadiana.ca/iiif/2/69429%2Fc06688g8pw93
172	p. 1-31	https://image-tor.canadiana.ca/iiif/2/69429%2Fc02f7jq1247b
173	p. 1-32	https://image-tor.canadiana.ca/iiif/2/69429%2Fc0xp6tx3dt79
174	p. 1-33	https://image-tor.canadiana.ca/iiif/2/69429%2Fc0sx6445s24n
175	p. 1-34	https://image-tor.canadiana.ca/iiif/2/69429%2Fc0p843r0zf6g
176	p. 1-35	https://image-tor.canadiana.ca/iiif/2/69429%2Fc0jh3cz39p30
177	p. 1-36	https://image-tor.canadiana.ca/iiif/2/69429%2Fc0dr2p55nx11
178	p. 1-37	https://image-tor.canadiana.ca/iiif/2/69429%2Fc0901zc8150j
179	p. 1-38	https://image-tor.canadiana.ca/iiif/2/69429%2Fc05717m0cc8g
180	p. 1-39	https://image-tor.canadiana.ca/iiif/2/69429%2Fc01g0ht2qm5h
181	p. 1-40	https://image-tor.canadiana.ca/iiif/2/69429%2Fc0wp9t15396x
182	p. 1-41	https://image-tor.canadiana.ca/iiif/2/69429%2Fc0s17sn08p9b
183	p. 1-42	https://image-tor.canadiana.ca/iiif/2/69429%2Fc0n872v2mx6r
184	p. 1-43	https://image-tor.canadiana.ca/iiif/2/69429%2Fc0hh6c250536
185	p. 1-44	https://image-tor.canadiana.ca/iiif/2/69429%2Fc0cr5n87bd30
186	p. 1-45	https://image-tor.canadiana.ca/iiif/2/69429%2Fc0804xg9pn1x
187	p. 1-46	https://image-tor.canadiana.ca/iiif/2/69429%2Fc04746q21v9b
188	p. 1-47	https://image-tor.canadiana.ca/iiif/2/69429%2Fc00k2697781v
189	p. 1-48	https://image-tor.canadiana.ca/iiif/2/69429%2Fc0vt1gh9kz1t
190	p. 1-49	https://image-tor.canadiana.ca/iiif/2/69429%2Fc0r20rr1z596
191	p. 1-50	https://image-tor.canadiana.ca/iiif/2/69429%2Fc0m901z49d63
192	p. 1-51	https://image-tor.canadiana.ca/iiif/2/69429%2Fc0gh9b56nn6r
193	p. 1-52	https://image-tor.canadiana.ca/iiif/2/69429%2Fc0br8mc90w2p
194	p. 1-53	https://image-tor.canadiana.ca/iiif/2/69429%2Fc0707wm1c41b
195	unnumbered	https://image-tor.canadiana.ca/iiif/2/69429%2Fc03b5w66jh22
196	p. 1-2	https://image-tor.canadiana.ca/iiif/2/69429%2Fc0zk55d8x63h
197	p. 1-3	https://image-tor.canadiana.ca/iiif/2/69429%2Fc0tt4fn18f0n
198	unnumbered	https://image-tor.canadiana.ca/iiif/2/69429%2Fc0q23qv3mn8w
199	p. 1-2	https://image-tor.canadiana.ca/iiif/2/69429%2Fc0k93125zw7w
200	p. 1-3	https://image-tor.canadiana.ca/iiif/2/69429%2Fc0fj2988b45h
201	p. 1-4	https://image-tor.canadiana.ca/iiif/2/69429%2Fc09s1kh0pc25
202	p. 1-5	https://image-tor.canadiana.ca/iiif/2/69429%2Fc0639k35vr47
203	p. 1-6	https://image-tor.canadiana.ca/iiif/2/69429%2Fc02b8v987041
204	p. 1-7	https://image-tor.canadiana.ca/iiif/2/69429%2Fc0xk84j0kp2t
205	p. 1-8	https://image-tor.canadiana.ca/iiif/2/69429%2Fc0st7dr2xx0f
206	p. 1-9	https://image-tor.canadiana.ca/iiif/2/69429%2Fc0p26pz5950j
207	p. 1-10	https://image-tor.canadiana.ca/iiif/2/69429%2Fc0j96057nc88
208	p. 1-11	https://image-tor.canadiana.ca/iiif/2/69429%2Fc0dj58d00m60
209	p. 1-12	https://image-tor.canadiana.ca/iiif/2/69429%2Fc08w38056077
210	p. 1-13	https://image-tor.canadiana.ca/iiif/2/69429%2Fc0542j67j755
211	p. 1-14	https://image-tor.canadiana.ca/iiif/2/69429%2Fc01c1td9wg26
212	p. 1-15	https://image-tor.canadiana.ca/iiif/2/69429%2Fc0wm13n28525
213	p. 1-16	https://image-tor.canadiana.ca/iiif/2/69429%2Fc0rv0cv4md2z
214	p. 1-17	https://image-tor.canadiana.ca/iiif/2/69429%2Fc0n29p26zm8w
215	p. 1-18	https://image-tor.canadiana.ca/iiif/2/69429%2Fc0h98z899v7k
216	p. 1-19	https://image-tor.canadiana.ca/iiif/2/69429%2Fc0cn6xw4h79m
217	p. 1-20	https://image-tor.canadiana.ca/iiif/2/69429%2Fc07w6736vg71
218	p. 1-21	https://image-tor.canadiana.ca/iiif/2/69429%2Fc0445h996q4v
219	p. 1-22	https://image-tor.canadiana.ca/iiif/2/69429%2Fc00c4sj1jz23
220	p. 1-23	https://image-tor.canadiana.ca/iiif/2/69429%2Fc0vm42r3xn2z
221	p. 1-24	https://image-tor.canadiana.ca/iiif/2/69429%2Fc0qv3bz68w02
222	p. 1-25	https://image-tor.canadiana.ca/iiif/2/69429%2Fc0m32n58n37n
223	p. 1-26	https://image-tor.canadiana.ca/iiif/2/69429%2Fc0gf0ms3th11
224	p. 1-27	https://image-tor.canadiana.ca/iiif/2/69429%2Fc0bn9x065r0k
225	p. 1-28	https://image-tor.canadiana.ca/iiif/2/69429%2Fc06w9668hz6q
226	p. 1-29	https://image-tor.canadiana.ca/iiif/2/69429%2Fc0348gf0w65c
227	p. 1-30	https://image-tor.canadiana.ca/iiif/2/69429%2Fc0zc7rn37w6d
228	p. 1-31	https://image-tor.canadiana.ca/iiif/2/69429%2Fc0tm71v5m43b
229	p. 1-32	https://image-tor.canadiana.ca/iiif/2/69429%2Fc0pv6b27zc1c
230	p. 1-33	https://image-tor.canadiana.ca/iiif/2/69429%2Fc0k649p34r3p
231	p. 1-34	https://image-tor.canadiana.ca/iiif/2/69429%2Fc0ff3kw5h01t
232	p. 1-35	https://image-tor.canadiana.ca/iiif/2/69429%2Fc09p2w37v68k
233	p. 1-36	https://image-tor.canadiana.ca/iiif/2/69429%2Fc05x25b06f6p
234	p. 1-37	https://image-tor.canadiana.ca/iiif/2/69429%2Fc0251fj2jp56
235	p. 1-38	https://image-tor.canadiana.ca/iiif/2/69429%2Fc0xd0qr4xc43
236	p. 1-39	https://image-tor.canadiana.ca/iiif/2/69429%2Fc0sn00z78m35
237	p. 1-40	https://image-tor.canadiana.ca/iiif/2/69429%2Fc0nz80k2g04g
238	p. 1-41	https://image-tor.canadiana.ca/iiif/2/69429%2Fc0j678s4t71t
239	unnumbered	https://image-tor.canadiana.ca/iiif/2/69429%2Fc0df6k075f82
240	p. 1-2	https://image-tor.canadiana.ca/iiif/2/69429%2Fc08p5v69hp8v
241	p. 1-3	https://image-tor.canadiana.ca/iiif/2/69429%2Fc04x54f1vx6g
242	p. 1-4	https://image-tor.canadiana.ca/iiif/2/69429%2Fc0154dn47550
243	p. 1-5	https://image-tor.canadiana.ca/iiif/2/69429%2Fc0wd3pv6kv5z
244	p. 1-6	https://image-tor.canadiana.ca/iiif/2/69429%2Fc0rr1pg1s76t
245	p. 1-7	https://image-tor.canadiana.ca/iiif/2/69429%2Fc0n00zp44g5t
246	p. 1-8	https://image-tor.canadiana.ca/iiif/2/69429%2Fc0h707w6gq1n
247	p. 1-9	https://image-tor.canadiana.ca/iiif/2/69429%2Fc0cf9j38tz0q
248	unnumbered	https://image-tor.canadiana.ca/iiif/2/69429%2Fc07p8tb16604
249	p. 1-2	https://image-tor.canadiana.ca/iiif/2/69429%2Fc03x83j3jd8f
250	p. 1-3	https://image-tor.canadiana.ca/iiif/2/69429%2Fc0086348qs8w
251	unnumbered	https://image-tor.canadiana.ca/iiif/2/69429%2Fc0vh5cc13h0b
252	p. 1-2	https://image-tor.canadiana.ca/iiif/2/69429%2Fc0qr4nk3fq7p
253	p. 1-3	https://image-tor.canadiana.ca/iiif/2/69429%2Fc0m03xs5sz5m
254	p. 1-4	https://image-tor.canadiana.ca/iiif/2/69429%2Fc0g73708564m
255	p. 1-5	https://image-tor.canadiana.ca/iiif/2/69429%2Fc0bg2h70hf3f
256	p. 1-6	https://image-tor.canadiana.ca/iiif/2/69429%2Fc06q1sf2vp0g
257	p. 1-7	https://image-tor.canadiana.ca/iiif/2/69429%2Fc0319s18220c
258	p. 1-8	https://image-tor.canadiana.ca/iiif/2/69429%2Fc0z89280dr1x
259	p. 1-9	https://image-tor.canadiana.ca/iiif/2/69429%2Fc0th8bg2rz88
260	p. 1-10	https://image-tor.canadiana.ca/iiif/2/69429%2Fc0pr7mp54659
261	p. 1-11	https://image-tor.canadiana.ca/iiif/2/69429%2Fc0k06ww7gf5d
262	p. 1-12	https://image-tor.canadiana.ca/iiif/2/69429%2Fc0f76639tp3t
263	p. 1-13	https://image-tor.canadiana.ca/iiif/2/69429%2Fc09g5gb25x24
264	p. 5 [1]-14	https://image-tor.canadiana.ca/iiif/2/69429%2Fc05t3fx7c93z
265	p. 1-15	https://image-tor.canadiana.ca/iiif/2/69429%2Fc0222r49qj19
266	p. 1-16	https://image-tor.canadiana.ca/iiif/2/69429%2Fc0x921c2370p
267	p. 1-17	https://image-tor.canadiana.ca/iiif/2/69429%2Fc0sj19k4ff8m
268	p. 1-18	https://image-tor.canadiana.ca/iiif/2/69429%2Fc0ns0ks6sp8d
269	p. 1-19	https://image-tor.canadiana.ca/iiif/2/69429%2Fc0j09w094x6p
270	p. 1-20	https://image-tor.canadiana.ca/iiif/2/69429%2Fc0d79571h54t
271	p. 1-21	https://image-tor.canadiana.ca/iiif/2/69429%2Fc08k74t6pj54
272	p. 5 [1]-22	https://image-tor.canadiana.ca/iiif/2/69429%2Fc04t6f191s5t
273	p. 1-23	https://image-tor.canadiana.ca/iiif/2/69429%2Fc0125q81d11q
274	p. 1-24	https://image-tor.canadiana.ca/iiif/2/69429%2Fc0w950g3rq12
275	p. 1-25	https://image-tor.canadiana.ca/iiif/2/69429%2Fc0rj48p63z0r
276	p. 5 [1]-26	https://image-tor.canadiana.ca/iiif/2/69429%2Fc0ms3jw8g59s
277	p. 1-27	https://image-tor.canadiana.ca/iiif/2/69429%2Fc0h12v40td65
278	p. 1-28	https://image-tor.canadiana.ca/iiif/2/69429%2Fc0cc0tq60s8j
279	p. 1-29	https://image-tor.canadiana.ca/iiif/2/69429%2Fc07m03x8c15g
280	p. 1-30	https://image-tor.canadiana.ca/iiif/2/69429%2Fc03t9d50q81d
281	p. 1-31	https://image-tor.canadiana.ca/iiif/2/69429%2Fc0028pc32h0d
282	p. 1-32	https://image-tor.canadiana.ca/iiif/2/69429%2Fc0v97zk5f622
283	p. 1-33	https://image-tor.canadiana.ca/iiif/2/69429%2Fc0qj77s7sd86
284	p. 1-34	https://image-tor.canadiana.ca/iiif/2/69429%2Fc0ks6j104n7x
285	p. 1-35	https://image-tor.canadiana.ca/iiif/2/69429%2Fc0g44hm5b20x
286	p. 1-36	https://image-tor.canadiana.ca/iiif/2/69429%2Fc0bc3st7p878
287	p. 1-37	https://image-tor.canadiana.ca/iiif/2/69429%2Fc06m33201h46
288	p. 1-38	https://image-tor.canadiana.ca/iiif/2/69429%2Fc02v2c82cr2t
289	p. 1-39	https://image-tor.canadiana.ca/iiif/2/69429%2Fc0z31ng4rf4s
290	p. 5 [1]-40	https://image-tor.canadiana.ca/iiif/2/69429%2Fc0tb0xp73p19
291	p. 1-41	https://image-tor.canadiana.ca/iiif/2/69429%2Fc0pk06w9fw9m
292	p. 1-42	https://image-tor.canadiana.ca/iiif/2/69429%2Fc0jw86h4n93c
293	p. 1-43	https://image-tor.canadiana.ca/iiif/2/69429%2Fc0f47gq70j06
294	p. 5 [1]-44	https://image-tor.canadiana.ca/iiif/2/69429%2Fc09c6rx9br6z
295	p. 1-45	https://image-tor.canadiana.ca/iiif/2/69429%2Fc05m6251q053
296	p. 1-46	https://image-tor.canadiana.ca/iiif/2/69429%2Fc01v5bc42736
297	p. 1-47	https://image-tor.canadiana.ca/iiif/2/69429%2Fc0x34mk6dx42
298	p. 1-48	https://image-tor.canadiana.ca/iiif/2/69429%2Fc0sb3ws8s526
299	p. 1-49	https://image-tor.canadiana.ca/iiif/2/69429%2Fc0np1wd3zj2z
300	p. 5 [1]-50	https://image-tor.canadiana.ca/iiif/2/69429%2Fc0hx15m69s0f
301	p. 1-51	https://image-tor.canadiana.ca/iiif/2/69429%2Fc0d50ft8p061
302	p. 1-52	https://image-tor.canadiana.ca/iiif/2/69429%2Fc08c9r211756
303	p. 1-53	https://image-tor.canadiana.ca/iiif/2/69429%2Fc04m9183cg5c
304	p. 1-54	https://image-tor.canadiana.ca/iiif/2/69429%2Fc00v89g5qq2d
305	p. 1-55	https://image-tor.canadiana.ca/iiif/2/69429%2Fc0w37kp83d4v
306	p. 1-56	https://image-tor.canadiana.ca/iiif/2/69429%2Fc0rf5k938s56
307	p. 1-57	https://image-tor.canadiana.ca/iiif/2/69429%2Fc0mp4vh5n12r
308	p. 1-58	https://image-tor.canadiana.ca/iiif/2/69429%2Fc0gx44q8079z
309	p. 1-59	https://image-tor.canadiana.ca/iiif/2/69429%2Fc0c53dz0bg83
310	p. 1-60	https://image-tor.canadiana.ca/iiif/2/69429%2Fc07d2q52pq89
311	p. 1-61	https://image-tor.canadiana.ca/iiif/2/69429%2Fc03n20c51z6s
312	p. 5 [1]-62	https://image-tor.canadiana.ca/iiif/2/69429%2Fc00000007b8j
313	p. 1-63	https://image-tor.canadiana.ca/iiif/2/69429%2Fc0v69862m18g
314	p. 1-64	https://image-tor.canadiana.ca/iiif/2/69429%2Fc0qf8jd4z863
315	p. 1-65	https://image-tor.canadiana.ca/iiif/2/69429%2Fc0kp7tm79h21
316	p. 1-66	https://image-tor.canadiana.ca/iiif/2/69429%2Fc0fx73t9nr26
317	p. 1-67	https://image-tor.canadiana.ca/iiif/2/69429%2Fc0b56d221005
318	p. 1-68	https://image-tor.canadiana.ca/iiif/2/69429%2Fc06d5p84c69p
319	p. 1-69	https://image-tor.canadiana.ca/iiif/2/69429%2Fc02r3nv9jk9d
320	p. 1-70	https://image-tor.canadiana.ca/iiif/2/69429%2Fc0z02z31x88n
321	p. 1-71	https://image-tor.canadiana.ca/iiif/2/69429%2Fc0t727948h7q
322	p. 1-72	https://image-tor.canadiana.ca/iiif/2/69429%2Fc0pg1hh6mr35
323	p. 1-73	https://image-tor.canadiana.ca/iiif/2/69429%2Fc0jq0sq9002c
324	p. 1-74	https://image-tor.canadiana.ca/iiif/2/69429%2Fc0dz02z1b725
325	p. 1-75	https://image-tor.canadiana.ca/iiif/2/69429%2Fc0959c53pf9p
326	p. 1-76	https://image-tor.canadiana.ca/iiif/2/69429%2Fc05h7br8vv18
327	p. 1-77	https://image-tor.canadiana.ca/iiif/2/69429%2Fc01r6n01730h
328	p. 1-78	https://image-tor.canadiana.ca/iiif/2/69429%2Fc0x05x63kr8x
329	p. 1-79	https://image-tor.canadiana.ca/iiif/2/69429%2Fc0s756d5z05v
330	p. 1-80	https://image-tor.canadiana.ca/iiif/2/69429%2Fc0ng4gm89754
331	p. 1-81	https://image-tor.canadiana.ca/iiif/2/69429%2Fc0hq3rv0ng4z
332	p. 1-82	https://image-tor.canadiana.ca/iiif/2/69429%2Fc0cz32230q2v
333	p. 1-83	https://image-tor.canadiana.ca/iiif/2/69429%2Fc08911n86355
334	p. 1-84	https://image-tor.canadiana.ca/iiif/2/69429%2Fc04j09w0jb3d
335	p. 1-85	https://image-tor.canadiana.ca/iiif/2/69429%2Fc00r9m32wk09
336	p. 1-86	https://image-tor.canadiana.ca/iiif/2/69429%2Fc0w08w95878q
337	p. 1-87	https://image-tor.canadiana.ca/iiif/2/69429%2Fc0r785h7mg8w
338	p. 1-88	https://image-tor.canadiana.ca/iiif/2/69429%2Fc0mg7fq9zq6h
339	p. 1-89	https://image-tor.canadiana.ca/iiif/2/69429%2Fc0gq6qz29z5t
340	p. 1-90	https://image-tor.canadiana.ca/iiif/2/69429%2Fc0c24qj7hb6c
341	p. 1-91	https://image-tor.canadiana.ca/iiif/2/69429%2Fc07940r9vk3s
342	p. 1-92	https://image-tor.canadiana.ca/iiif/2/69429%2Fc03j39026t0b
343	p. 1-93	https://image-tor.canadiana.ca/iiif/2/69429%2Fc0zs2k64kh0t
344	p. 1-94	https://image-tor.canadiana.ca/iiif/2/69429%2Fc0v11vd6xq9n
345	p. 1-95	https://image-tor.canadiana.ca/iiif/2/69429%2Fc0q814m98z8q
346	p. 1-96	https://image-tor.canadiana.ca/iiif/2/69429%2Fc0kh0dv1n65w
347	p. 1-97	https://image-tor.canadiana.ca/iiif/2/69429%2Fc0ft8df6tk7n
348	p. 1-98	https://image-tor.canadiana.ca/iiif/2/69429%2Fc0b27pn95t6n
349	p. 1-99	https://image-tor.canadiana.ca/iiif/2/69429%2Fc0696zw1j227
350	p. 1-100	https://image-tor.canadiana.ca/iiif/2/69429%2Fc02j6833w89c
351	p. 1-101	https://image-tor.canadiana.ca/iiif/2/69429%2Fc0xs5j968016
352	p. 1-102	https://image-tor.canadiana.ca/iiif/2/69429%2Fc0t14th8m69f
353	p. 1-103	https://image-tor.canadiana.ca/iiif/2/69429%2Fc0p843r0zf72
354	p. 1-104	https://image-tor.canadiana.ca/iiif/2/69429%2Fc0jm23b64v1q
355	p. 1-105	https://image-tor.canadiana.ca/iiif/2/69429%2Fc0dv1cj8h28k
356	p. 1-106	https://image-tor.canadiana.ca/iiif/2/69429%2Fc0930ns0v95j
357	p. 1-107	https://image-tor.canadiana.ca/iiif/2/69429%2Fc0599z036j3h
358	p. 1-108	https://image-tor.canadiana.ca/iiif/2/69429%2Fc01j9765js3p
359	p. 1-109	https://image-tor.canadiana.ca/iiif/2/69429%2Fc0ws8hd7xg10
360	p. 1-110	https://image-tor.canadiana.ca/iiif/2/69429%2Fc0s17sn08q0m
361	p. 1-111	https://image-tor.canadiana.ca/iiif/2/69429%2Fc0nc5s75g32f
362	p. 1-112	https://image-tor.canadiana.ca/iiif/2/69429%2Fc0hm52f7t995
363	p. 1-113	https://image-tor.canadiana.ca/iiif/2/69429%2Fc0cv4bp05j69
364	p. 1-114	https://image-tor.canadiana.ca/iiif/2/69429%2Fc0833mw2hs47
365	p. 1-115	https://image-tor.canadiana.ca/iiif/2/69429%2Fc04b2x34w13c
366	p. 1-116	https://image-tor.canadiana.ca/iiif/2/69429%2Fc00k2697782f
367	p. 1-117	https://image-tor.canadiana.ca/iiif/2/69429%2Fc0vt1gh9kz2d
368	p. 1-118	https://image-tor.canadiana.ca/iiif/2/69429%2Fc0r49g44sb2f
369	p. 1-119	https://image-tor.canadiana.ca/iiif/2/69429%2Fc0mc8rb74k0j
370	p. 1-120	https://image-tor.canadiana.ca/iiif/2/69429%2Fc0gm81j9gs6p
371	p. 1-121	https://image-tor.canadiana.ca/iiif/2/69429%2Fc0bv79s1v16m
372	p. 1-122	https://image-tor.canadiana.ca/iiif/2/69429%2Fc0736m046851
373	p. 1-123	https://image-tor.canadiana.ca/iiif/2/69429%2Fc03b5w66jh3n
374	p. 1-124	https://image-tor.canadiana.ca/iiif/2/69429%2Fc0zk55d8x643
375	p. 1-125	https://image-tor.canadiana.ca/iiif/2/69429%2Fc0tx35143k6h
376	p. 1-126	https://image-tor.canadiana.ca/iiif/2/69429%2Fc0q52f76ft3v
377	p. 1-127	https://image-tor.canadiana.ca/iiif/2/69429%2Fc0kd1qf8t20d
378	p. 1-128	https://image-tor.canadiana.ca/iiif/2/69429%2Fc0fn10p1588t
379	p. 1-129	https://image-tor.canadiana.ca/iiif/2/69429%2Fc09w08w3hh8m
380	p. 5 [1]-130	https://image-tor.canadiana.ca/iiif/2/69429%2Fc0639k35vr5t
381	p. 1-131	https://image-tor.canadiana.ca/iiif/2/69429%2Fc02f7jq1248x
382	p. 1-132	https://image-tor.canadiana.ca/iiif/2/69429%2Fc0xp6tx3dt8w
383	p. 1-133	https://image-tor.canadiana.ca/iiif/2/69429%2Fc0sx6445s257
384	p. 1-134	https://image-tor.canadiana.ca/iiif/2/69429%2Fc0p55db84922
385	p. 1-135	https://image-tor.canadiana.ca/iiif/2/69429%2Fc0jd4pk0gj1w
386	p. 1-136	https://image-tor.canadiana.ca/iiif/2/69429%2Fc0dn3zs2tr9t
387	p. 1-137	https://image-tor.canadiana.ca/iiif/2/69429%2Fc08w3805608t
388	p. 1-138	https://image-tor.canadiana.ca/iiif/2/69429%2Fc05717m0cc92
389	p. 1-139	https://image-tor.canadiana.ca/iiif/2/69429%2Fc01g0ht2qm63
390	p. 1-140	https://image-tor.canadiana.ca/iiif/2/69429%2Fc0wp9t15397h
391	p. 1-141	https://image-tor.canadiana.ca/iiif/2/69429%2Fc0rx9377fj3b
392	unnumbered	https://image-tor.canadiana.ca/iiif/2/69429%2Fc0n58cf9ss3f
393	p. 1-2	https://image-tor.canadiana.ca/iiif/2/69429%2Fc0hd7np25128
394	p. 1-3	https://image-tor.canadiana.ca/iiif/2/69429%2Fc0cn6xw4h80w
395	p. 1-4	https://image-tor.canadiana.ca/iiif/2/69429%2Fc0804xg9pn2h
396	p. 1-5	https://image-tor.canadiana.ca/iiif/2/69429%2Fc04746q21w0m
397	p. 1-6	https://image-tor.canadiana.ca/iiif/2/69429%2Fc00g3gx4d37g
398	p. 1-7	https://image-tor.canadiana.ca/iiif/2/69429%2Fc0vq2s46rs68
399	p. 1-8	https://image-tor.canadiana.ca/iiif/2/69429%2Fc0qz22b9415v
400	p. 1-9	https://image-tor.canadiana.ca/iiif/2/69429%2Fc0m61bk1g85k
401	p. 1-10	https://image-tor.canadiana.ca/iiif/2/69429%2Fc0gf0ms3th2m
402	p. 1-11	https://image-tor.canadiana.ca/iiif/2/69429%2Fc0br8mc90w38
403	p. 1-12	https://image-tor.canadiana.ca/iiif/2/69429%2Fc0707wm1c42x
404	p. 1-13	https://image-tor.canadiana.ca/iiif/2/69429%2Fc03775t3qb82
405	p. 1-14	https://image-tor.canadiana.ca/iiif/2/69429%2Fc0zg6g16317v
406	p. 1-15	https://image-tor.canadiana.ca/iiif/2/69429%2Fc0tq5r78f87n
407	p. 1-16	https://image-tor.canadiana.ca/iiif/2/69429%2Fc0pz51g0sh58
408	p. 1-17	https://image-tor.canadiana.ca/iiif/2/69429%2Fc0k649p34r48
409	p. 1-18	https://image-tor.canadiana.ca/iiif/2/69429%2Fc0fj2988b463
410	p. 1-19	https://image-tor.canadiana.ca/iiif/2/69429%2Fc09s1kh0pc3r
411	p. 1-20	https://image-tor.canadiana.ca/iiif/2/69429%2Fc0610vq31m15
412	p. 1-21	https://image-tor.canadiana.ca/iiif/2/69429%2Fc02804x5ct79
413	p. 1-22	https://image-tor.canadiana.ca/iiif/2/69429%2Fc0xg9f47rh9t
414	p. 1-23	https://image-tor.canadiana.ca/iiif/2/69429%2Fc0sq8qc03r7j
415	p. 1-24	https://image-tor.canadiana.ca/iiif/2/69429%2Fc0nz80k2g052
416	p. 1-25	https://image-tor.canadiana.ca/iiif/2/69429%2Fc0j96057nc9v
417	p. 1-26	https://image-tor.canadiana.ca/iiif/2/69429%2Fc0dj58d00m7k
418	p. 1-27	https://image-tor.canadiana.ca/iiif/2/69429%2Fc08s4jm2bv31
419	p. 1-28	https://image-tor.canadiana.ca/iiif/2/69429%2Fc0513tt4q31g
420	p. 1-29	https://image-tor.canadiana.ca/iiif/2/69429%2Fc01834172b0z
421	p. 1-30	https://image-tor.canadiana.ca/iiif/2/69429%2Fc0wh2d79f10f
422	p. 1-31	https://image-tor.canadiana.ca/iiif/2/69429%2Fc0rr1pg1s77d
423	p. 1-32	https://image-tor.canadiana.ca/iiif/2/69429%2Fc0n29p26zm9g
424	p. 1-33	https://image-tor.canadiana.ca/iiif/2/69429%2Fc0h98z899v85
425	p. 1-34	https://image-tor.canadiana.ca/iiif/2/69429%2Fc0cj87h1p344
426	p. 1-35	https://image-tor.canadiana.ca/iiif/2/69429%2Fc07s7hq41b1n
427	p. 1-36	https://image-tor.canadiana.ca/iiif/2/69429%2Fc0416sx6ck1r
428	p. 1-37	https://image-tor.canadiana.ca/iiif/2/69429%2Fc0086348qs9g
429	p. 1-38	https://image-tor.canadiana.ca/iiif/2/69429%2Fc0vh5cc13h1x
430	p. 1-39	https://image-tor.canadiana.ca/iiif/2/69429%2Fc0qv3bz68w1n
431	p. 1-40	https://image-tor.canadiana.ca/iiif/2/69429%2Fc0m32n58n387
432	p. 1-41	https://image-tor.canadiana.ca/iiif/2/69429%2Fc0gb1xd10b5c
433	p. 1-42	https://image-tor.canadiana.ca/iiif/2/69429%2Fc0bk16m3bk3c
434	p. 1-43	https://image-tor.canadiana.ca/iiif/2/69429%2Fc06t0gt5pt35
435	p. 1-44	https://image-tor.canadiana.ca/iiif/2/69429%2Fc0319s18221z
436	p. 1-45	https://image-tor.canadiana.ca/iiif/2/69429%2Fc0z89280dr2h
437	p. 1-46	https://image-tor.canadiana.ca/iiif/2/69429%2Fc0tm71v5m44x
438	p. 1-47	https://image-tor.canadiana.ca/iiif/2/69429%2Fc0pv6b27zc2z
439	p. 1-48	https://image-tor.canadiana.ca/iiif/2/69429%2Fc0k35m909k84
440	p. 1-49	https://image-tor.canadiana.ca/iiif/2/69429%2Fc0fb4wh2nt6r
441	p. 1-50	https://image-tor.canadiana.ca/iiif/2/69429%2Fc09k45q5125b
442	p. 1-51	https://image-tor.canadiana.ca/iiif/2/69429%2Fc05t3fx7c94j
443	p. 1-52	https://image-tor.canadiana.ca/iiif/2/69429%2Fc0251fj2jp6s
444	p. 1-53	https://image-tor.canadiana.ca/iiif/2/69429%2Fc0xd0qr4xc5p
445	p. 1-54	https://image-tor.canadiana.ca/iiif/2/69429%2Fc0sn00z78m4r
446	p. 1-55	https://image-tor.canadiana.ca/iiif/2/69429%2Fc0nv9959mv02
447	p. 1-56	https://image-tor.canadiana.ca/iiif/2/69429%2Fc0j38kd2029h
448	p. 1-57	https://image-tor.canadiana.ca/iiif/2/69429%2Fc0db7vm4b999
449	p. 1-58	https://image-tor.canadiana.ca/iiif/2/69429%2Fc08k74t6pj6q
450	p. 1-59	https://image-tor.canadiana.ca/iiif/2/69429%2Fc04x54f1vx72
451	p. 1-60	https://image-tor.canadiana.ca/iiif/2/69429%2Fc0154dn4756k
452	p. 1-61	https://image-tor.canadiana.ca/iiif/2/69429%2Fc0wd3pv6kv6j
453	p. 1-62	https://image-tor.canadiana.ca/iiif/2/69429%2Fc0rn3028z33w
454	p. 1-63	https://image-tor.canadiana.ca/iiif/2/69429%2Fc0mw28919b1m
455	p. 1-64	https://image-tor.canadiana.ca/iiif/2/69429%2Fc0h41jh3nk1q
456	p. 1-65	https://image-tor.canadiana.ca/iiif/2/69429%2Fc0cc0tq60s94
457	p. 1-66	https://image-tor.canadiana.ca/iiif/2/69429%2Fc07p8tb1661q
458	p. 1-67	https://image-tor.canadiana.ca/iiif/2/69429%2Fc03x83j3jd91
459	p. 1-68	https://image-tor.canadiana.ca/iiif/2/69429%2Fc0057cr5wn6c
460	p. 1-69	https://image-tor.canadiana.ca/iiif/2/69429%2Fc0vd6nz88b45
461	p. 1-70	https://image-tor.canadiana.ca/iiif/2/69429%2Fc0qn5z60mk40
462	p. 1-71	https://image-tor.canadiana.ca/iiif/2/69429%2Fc0kw57d2zt20
463	p. 1-72	https://image-tor.canadiana.ca/iiif/2/69429%2Fc0g44hm5b21h
464	p. 1-73	https://image-tor.canadiana.ca/iiif/2/69429%2Fc0bg2h70hf41
465	p. 1-74	https://image-tor.canadiana.ca/iiif/2/69429%2Fc06q1sf2vp12
466	p. 1-75	https://image-tor.canadiana.ca/iiif/2/69429%2Fc02z12n56w9v
467	p. 1-76	https://image-tor.canadiana.ca/iiif/2/69429%2Fc0z60bv7kk7g
468	p. 1-77	https://image-tor.canadiana.ca/iiif/2/69429%2Fc0td9n29xt6j
469	p. 1-78	https://image-tor.canadiana.ca/iiif/2/69429%2Fc0pn8x92926z
470	p. 1-79	https://image-tor.canadiana.ca/iiif/2/69429%2Fc0jw86h4n94z
471	p. 1-80	https://image-tor.canadiana.ca/iiif/2/69429%2Fc0f76639tp4d
472	p. 1-81	https://image-tor.canadiana.ca/iiif/2/69429%2Fc09g5gb25x3q
473	p. 1-82	https://image-tor.canadiana.ca/iiif/2/69429%2Fc05q4rj4j490
474	p. 1-83	https://image-tor.canadiana.ca/iiif/2/69429%2Fc01z41r6wc70
475	p. 1-84	https://image-tor.canadiana.ca/iiif/2/69429%2Fc0x639z9828v
476	p. 1-85	https://image-tor.canadiana.ca/iiif/2/69429%2Fc0sf2m61m96h
477	p. 1-86	https://image-tor.canadiana.ca/iiif/2/69429%2Fc0np1wd3zj3j
478	p. 1-87	https://image-tor.canadiana.ca/iiif/2/69429%2Fc0j09w094x78
479	p. 1-88	https://image-tor.canadiana.ca/iiif/2/69429%2Fc0d79571h55d
480	p. 1-89	https://image-tor.canadiana.ca/iiif/2/69429%2Fc08g8ff3vd2f
481	p. 1-90	https://image-tor.canadiana.ca/iiif/2/69429%2Fc04q7qn66m8p
482	p. 1-91	https://image-tor.canadiana.ca/iiif/2/69429%2Fc00z70v8jv8v
483	p. 1-92	https://image-tor.canadiana.ca/iiif/2/69429%2Fc0w66930xj73
484	p. 1-9 [93]	https://image-tor.canadiana.ca/iiif/2/69429%2Fc0rf5k938s6s
485	p. 1-94	https://image-tor.canadiana.ca/iiif/2/69429%2Fc0ms3jw8g602
486	p. 1-95	https://image-tor.canadiana.ca/iiif/2/69429%2Fc0h12v40td7r
487	p. 1-96	https://image-tor.canadiana.ca/iiif/2/69429%2Fc0c824b35n4n
488	p. 1-97	https://image-tor.canadiana.ca/iiif/2/69429%2Fc07h1dj5hw1p
489	p. 1-98	https://image-tor.canadiana.ca/iiif/2/69429%2Fc03r0pr7w40d
490	p. 1-99	https://image-tor.canadiana.ca/iiif/2/69429%2Fc00000007b94
491	p. 1-100	https://image-tor.canadiana.ca/iiif/2/69429%2Fc0v69862m192
492	p. 1-101	https://image-tor.canadiana.ca/iiif/2/69429%2Fc0qj77s7sd9s
493	unnumbered	https://image-tor.canadiana.ca/iiif/2/69429%2Fc0ks6j104n8h
494	p. 1-2	https://image-tor.canadiana.ca/iiif/2/69429%2Fc0g15t72gw48
495	p. 1-3	https://image-tor.canadiana.ca/iiif/2/69429%2Fc0b853f4v42s
496	p. 1-4	https://image-tor.canadiana.ca/iiif/2/69429%2Fc06h4cn76c1g
497	p. 1-5	https://image-tor.canadiana.ca/iiif/2/69429%2Fc02r3nv9jm0p
498	p. 1-6	https://image-tor.canadiana.ca/iiif/2/69429%2Fc0z02z31x897
499	p. 1-7	https://image-tor.canadiana.ca/iiif/2/69429%2Fc0tb0xp73p2w
500	p. 1-8	https://image-tor.canadiana.ca/iiif/2/69429%2Fc0pk06w9fx0w
501	p. 1-9	https://image-tor.canadiana.ca/iiif/2/69429%2Fc0js9h41t46n
502	p. 1-10	https://image-tor.canadiana.ca/iiif/2/69429%2Fc0f18sb45c42
503	p. 1-11	https://image-tor.canadiana.ca/iiif/2/69429%2Fc09882j6hm47
504	p. 1-12	https://image-tor.canadiana.ca/iiif/2/69429%2Fc05h7br8vv2v
505	p. 1-13	https://image-tor.canadiana.ca/iiif/2/69429%2Fc01v5bc4274s
506	p. 1-14	https://image-tor.canadiana.ca/iiif/2/69429%2Fc0x34mk6dx5n
507	p. 1-15	https://image-tor.canadiana.ca/iiif/2/69429%2Fc0sb3ws8s53s
508	p. 1-16	https://image-tor.canadiana.ca/iiif/2/69429%2Fc0nk36114d0q
509	p. 1-17	https://image-tor.canadiana.ca/iiif/2/69429%2Fc0ht2g73gm8n
510	p. 1-18	https://image-tor.canadiana.ca/iiif/2/69429%2Fc0d21rf5tv75
511	p. 1-19	https://image-tor.canadiana.ca/iiif/2/69429%2Fc08911n8636r
512	p. 1-20	https://image-tor.canadiana.ca/iiif/2/69429%2Fc04m9183cg6z
513	p. 1-21	https://image-tor.canadiana.ca/iiif/2/69429%2Fc00v89g5qq30
514	p. 1-22	https://image-tor.canadiana.ca/iiif/2/69429%2Fc0w37kp83d5f
515	p. 1-23	https://image-tor.canadiana.ca/iiif/2/69429%2Fc0rb6vx0fn1h
516	p. 1-24	https://image-tor.canadiana.ca/iiif/2/69429%2Fc0mk6542sv97
517	p. 1-25	https://image-tor.canadiana.ca/iiif/2/69429%2Fc0gt5fb5538f
518	p. 1-26	https://image-tor.canadiana.ca/iiif/2/69429%2Fc0c24qj7hb7z
519	p. 1-27	https://image-tor.canadiana.ca/iiif/2/69429%2Fc07d2q52pq9w
520	p. 1-28	https://image-tor.canadiana.ca/iiif/2/69429%2Fc03n20c51z7c
521	p. 1-29	https://image-tor.canadiana.ca/iiif/2/69429%2Fc0zw18k7dn68
522	p. 1-30	https://image-tor.canadiana.ca/iiif/2/69429%2Fc0v40js9rw21
523	p. 1-31	https://image-tor.canadiana.ca/iiif/2/69429%2Fc0qb9v12441q
524	p. 1-32	https://image-tor.canadiana.ca/iiif/2/69429%2Fc0kk9474gc1w
525	p. 1-33	https://image-tor.canadiana.ca/iiif/2/69429%2Fc0ft8df6tk87
526	p. 1-34	https://image-tor.canadiana.ca/iiif/2/69429%2Fc0b56d22101r
527	p. 1-35	https://image-tor.canadiana.ca/iiif/2/69429%2Fc06d5p84c70z
528	p. 1-36	https://image-tor.canadiana.ca/iiif/2/69429%2Fc02n4zg6qf79
529	p. 1-37	https://image-tor.canadiana.ca/iiif/2/69429%2Fc0xw47p93462
530	p. 1-38	https://image-tor.canadiana.ca/iiif/2/69429%2Fc0t43hx1fc4m
531	p. 1-39	https://image-tor.canadiana.ca/iiif/2/69429%2Fc0pc2t43sm37
532	p. 1-40	https://image-tor.canadiana.ca/iiif/2/69429%2Fc0jm23b64v29
533	p. 1-41	https://image-tor.canadiana.ca/iiif/2/69429%2Fc0dz02z1b73r
534	p. 1-42	https://image-tor.canadiana.ca/iiif/2/69429%2Fc0959c53pg0z
535	p. 1-43	https://image-tor.canadiana.ca/iiif/2/69429%2Fc05d8nc61p8c
536	p. 1-44	https://image-tor.canadiana.ca/iiif/2/69429%2Fc01n7xk8cx4t
537	p. 1-45	https://image-tor.canadiana.ca/iiif/2/69429%2Fc0ww76t0rm6g
538	p. 1-46	https://image-tor.canadiana.ca/iiif/2/69429%2Fc0s46h133v5w
539	p. 1-47	https://image-tor.canadiana.ca/iiif/2/69429%2Fc0nc5s75g331
540	p. 1-48	https://image-tor.canadiana.ca/iiif/2/69429%2Fc0hq3rv0ng5j
541	p. 1-49	https://image-tor.canadiana.ca/iiif/2/69429%2Fc0cz32230q3f
542	p. 1-50	https://image-tor.canadiana.ca/iiif/2/69429%2Fc0862b85bz0s
543	p. 1-51	https://image-tor.canadiana.ca/iiif/2/69429%2Fc04f1mg7q562
544	p. 1-52	https://image-tor.canadiana.ca/iiif/2/69429%2Fc00p0wq02d5c
545	p. 1-53	https://image-tor.canadiana.ca/iiif/2/69429%2Fc0vx05x2f36t
546	p. 1-54	https://image-tor.canadiana.ca/iiif/2/69429%2Fc0r49g44sb31
547	p. 1-55	https://image-tor.canadiana.ca/iiif/2/69429%2Fc0mg7fq9zq73
548	p. 1-56	https://image-tor.canadiana.ca/iiif/2/69429%2Fc0gq6qz29z6d
549	unnumbered	https://image-tor.canadiana.ca/iiif/2/69429%2Fc0bz6154p625
550	p. 1-2	https://image-tor.canadiana.ca/iiif/2/69429%2Fc07659c71d99
551	p. 1-3	https://image-tor.canadiana.ca/iiif/2/69429%2Fc03f4kk9cn93
552	p. 1-4	https://image-tor.canadiana.ca/iiif/2/69429%2Fc0zp3vt1rb8m
553	p. 1-5	https://image-tor.canadiana.ca/iiif/2/69429%2Fc0tx35143k73
554	p. 1-6	https://image-tor.canadiana.ca/iiif/2/69429%2Fc0q814m98z99
555	p. 1-7	https://image-tor.canadiana.ca/iiif/2/69429%2Fc0kh0dv1n66g
556	p. 1-8	https://image-tor.canadiana.ca/iiif/2/69429%2Fc0fq9q240f4f
557	p. 1-9	https://image-tor.canadiana.ca/iiif/2/69429%2Fc09z9086bp08
558	p. 1-10	https://image-tor.canadiana.ca/iiif/2/69429%2Fc06688g8px0c
559	p. 1-11	https://image-tor.canadiana.ca/iiif/2/69429%2Fc02f7jq1249h
560	p. 1-12	https://image-tor.canadiana.ca/iiif/2/69429%2Fc0xp6tx3dt9g
561	p. 1-13	https://image-tor.canadiana.ca/iiif/2/69429%2Fc0t14th8m70q
562	p. 1-14	https://image-tor.canadiana.ca/iiif/2/69429%2Fc0p843r0zf8n
563	p. 1-15	https://image-tor.canadiana.ca/iiif/2/69429%2Fc0jh3cz39p4k
564	p. 1-16	https://image-tor.canadiana.ca/iiif/2/69429%2Fc0dr2p55nx2m
565	p. 1-17	https://image-tor.canadiana.ca/iiif/2/69429%2Fc0901zc81514
566	p. 1-18	https://image-tor.canadiana.ca/iiif/2/69429%2Fc05717m0cd0b
567	p. 1-19	https://image-tor.canadiana.ca/iiif/2/69429%2Fc01g0ht2qm7p
568	p. 1-20	https://image-tor.canadiana.ca/iiif/2/69429%2Fc0ws8hd7xg2k
569	p. 1-21	https://image-tor.canadiana.ca/iiif/2/69429%2Fc0s17sn08q16
570	p. 1-22	https://image-tor.canadiana.ca/iiif/2/69429%2Fc0n872v2mx7b
571	p. 1-23	https://image-tor.canadiana.ca/iiif/2/69429%2Fc0hh6c25054s
572	p. 1-24	https://image-tor.canadiana.ca/iiif/2/69429%2Fc0cr5n87bd4k
573	p. 1-25	https://image-tor.canadiana.ca/iiif/2/69429%2Fc0804xg9pn33
574	p. 1-26	https://image-tor.canadiana.ca/iiif/2/69429%2Fc04b2x34w14z
575	p. 1-27	https://image-tor.canadiana.ca/iiif/2/69429%2Fc00k26977831
576	p. 1-28	https://image-tor.canadiana.ca/iiif/2/69429%2Fc0vt1gh9kz30
577	p. 1-29	https://image-tor.canadiana.ca/iiif/2/69429%2Fc0r20rr1z60g
578	p. 1-30	https://image-tor.canadiana.ca/iiif/2/69429%2Fc0m901z49d7p
579	p. 1-31	https://image-tor.canadiana.ca/iiif/2/69429%2Fc0gh9b56nn7b
580	p. 1-32	https://image-tor.canadiana.ca/iiif/2/69429%2Fc0br8mc90w4v
581	p. 1-33	https://image-tor.canadiana.ca/iiif/2/69429%2Fc0736m04686m
582	p. 1-34	https://image-tor.canadiana.ca/iiif/2/69429%2Fc03b5w66jh47
583	p. 1-35	https://image-tor.canadiana.ca/iiif/2/69429%2Fc0zk55d8x65p
584	p. 1-36	https://image-tor.canadiana.ca/iiif/2/69429%2Fc0tt4fn18f17
585	p. 1-37	https://image-tor.canadiana.ca/iiif/2/69429%2Fc0q23qv3mn9g
586	p. 1-38	https://image-tor.canadiana.ca/iiif/2/69429%2Fc0k93125zw8g
587	p. 1-39	https://image-tor.canadiana.ca/iiif/2/69429%2Fc0fj2988b47p
588	p. 1-40	https://image-tor.canadiana.ca/iiif/2/69429%2Fc09w08w3hh96
589	unnumbered	https://image-tor.canadiana.ca/iiif/2/69429%2Fc0639k35vr6d
590	p. 1-2	https://image-tor.canadiana.ca/iiif/2/69429%2Fc02b8v98705m
591	p. 1-3	https://image-tor.canadiana.ca/iiif/2/69429%2Fc0xk84j0kp3d
592	p. 1-4	https://image-tor.canadiana.ca/iiif/2/69429%2Fc0st7dr2xx11
593	p. 1-5	https://image-tor.canadiana.ca/iiif/2/69429%2Fc0p26pz59514
594	p. 1-6	https://image-tor.canadiana.ca/iiif/2/69429%2Fc0j96057nd04
595	p. 1-7	https://image-tor.canadiana.ca/iiif/2/69429%2Fc0dn3zs2ts03
596	p. 1-8	https://image-tor.canadiana.ca/iiif/2/69429%2Fc08w3805609d
597	p. 1-9	https://image-tor.canadiana.ca/iiif/2/69429%2Fc0542j67j76r
598	p. 1-10	https://image-tor.canadiana.ca/iiif/2/69429%2Fc01c1td9wg3s
599	p. 1-11	https://image-tor.canadiana.ca/iiif/2/69429%2Fc0wm13n2853r
600	p. 1-12	https://image-tor.canadiana.ca/iiif/2/69429%2Fc0rv0cv4md3j
601	p. 1-13	https://image-tor.canadiana.ca/iiif/2/69429%2Fc0n29p26zn0r
602	p. 1-14	https://image-tor.canadiana.ca/iiif/2/69429%2Fc0hd7np2513v
603	p. 1-15	https://image-tor.canadiana.ca/iiif/2/69429%2Fc0cn6xw4h81g
604	p. 1-16	https://image-tor.canadiana.ca/iiif/2/69429%2Fc07w6736vg8m
605	p. 1-17	https://image-tor.canadiana.ca/iiif/2/69429%2Fc0445h996q5f
606	p. 1-18	https://image-tor.canadiana.ca/iiif/2/69429%2Fc00c4sj1jz3p
607	p. 1-19	https://image-tor.canadiana.ca/iiif/2/69429%2Fc0vm42r3xn3j
608	p. 1-20	https://image-tor.canadiana.ca/iiif/2/69429%2Fc0qv3bz68w27
609	p. 1-21	https://image-tor.canadiana.ca/iiif/2/69429%2Fc0m61bk1g865
610	p. 1-22	https://image-tor.canadiana.ca/iiif/2/69429%2Fc0gf0ms3th36
611	p. 1-23	https://image-tor.canadiana.ca/iiif/2/69429%2Fc0bn9x065r15
612	p. 1-24	https://image-tor.canadiana.ca/iiif/2/69429%2Fc06w9668hz79
613	p. 1-25	https://image-tor.canadiana.ca/iiif/2/69429%2Fc0348gf0w66z
614	p. 1-26	https://image-tor.canadiana.ca/iiif/2/69429%2Fc0zc7rn37w70
615	p. 1-27	https://image-tor.canadiana.ca/iiif/2/69429%2Fc0tm71v5m45h
616	p. 1-28	https://image-tor.canadiana.ca/iiif/2/69429%2Fc0pz51g0sh6v
617	p. 1-29	https://image-tor.canadiana.ca/iiif/2/69429%2Fc0k649p34r5v
618	p. 1-30	https://image-tor.canadiana.ca/iiif/2/69429%2Fc0ff3kw5h02d
619	p. 1-31	https://image-tor.canadiana.ca/iiif/2/69429%2Fc09p2w37v695
620	p. 1-32	https://image-tor.canadiana.ca/iiif/2/69429%2Fc05x25b06f78
621	p. 1-33	https://image-tor.canadiana.ca/iiif/2/69429%2Fc0251fj2jp7c
622	p. 1-34	https://image-tor.canadiana.ca/iiif/2/69429%2Fc0xd0qr4xc68
623	p. 1-35	https://image-tor.canadiana.ca/iiif/2/69429%2Fc0sq8qc03r84
624	p. 1-36	https://image-tor.canadiana.ca/iiif/2/69429%2Fc0nz80k2g06n
625	p. 1-37	https://image-tor.canadiana.ca/iiif/2/69429%2Fc0j678s4t72d
626	p. 1-38	https://image-tor.canadiana.ca/iiif/2/69429%2Fc0df6k075f9n
627	p. 1-39	https://image-tor.canadiana.ca/iiif/2/69429%2Fc08p5v69hp9f
628	p. 1-40	https://image-tor.canadiana.ca/iiif/2/69429%2Fc04x54f1vx8n
629	p. 1-41	https://image-tor.canadiana.ca/iiif/2/69429%2Fc0154dn47575
630	p. 1-42	https://image-tor.canadiana.ca/iiif/2/69429%2Fc0wh2d79f111
631	p. 1-43	https://image-tor.canadiana.ca/iiif/2/69429%2Fc0rr1pg1s780
632	p. 1-44	https://image-tor.canadiana.ca/iiif/2/69429%2Fc0n00zp44g6d
633	p. 1-45	https://image-tor.canadiana.ca/iiif/2/69429%2Fc0h707w6gq27
634	p. 1-46	https://image-tor.canadiana.ca/iiif/2/69429%2Fc0cf9j38tz19
635	p. 1-47	https://image-tor.canadiana.ca/iiif/2/69429%2Fc07p8tb16629
636	p. 1-48	https://image-tor.canadiana.ca/iiif/2/69429%2Fc0416sx6ck2b
637	p. 1-49	https://image-tor.canadiana.ca/iiif/2/69429%2Fc0086348qt0r
638	p. 1-50	https://image-tor.canadiana.ca/iiif/2/69429%2Fc0vh5cc13h2h
639	p. 1-51	https://image-tor.canadiana.ca/iiif/2/69429%2Fc0qr4nk3fq88
640	p. 1-52	https://image-tor.canadiana.ca/iiif/2/69429%2Fc0m03xs5sz66
641	p. 1-53	https://image-tor.canadiana.ca/iiif/2/69429%2Fc0g737085656
642	p. 1-54	https://image-tor.canadiana.ca/iiif/2/69429%2Fc0bg2h70hf5m
643	p. 1-55	https://image-tor.canadiana.ca/iiif/2/69429%2Fc06t0gt5pt4r
644	p. 1-56	https://image-tor.canadiana.ca/iiif/2/69429%2Fc0319s18222j
645	p. 1-57	https://image-tor.canadiana.ca/iiif/2/69429%2Fc0z89280dr33
646	p. 1-58	https://image-tor.canadiana.ca/iiif/2/69429%2Fc0th8bg2rz9v
647	p. 1-59	https://image-tor.canadiana.ca/iiif/2/69429%2Fc0pr7mp5466w
648	p. 1-60	https://image-tor.canadiana.ca/iiif/2/69429%2Fc0k06ww7gf60
649	p. 1-61	https://image-tor.canadiana.ca/iiif/2/69429%2Fc0f76639tp50
650	p. 1-62	https://image-tor.canadiana.ca/iiif/2/69429%2Fc09k45q5126x
651	p. 1-63	https://image-tor.canadiana.ca/iiif/2/69429%2Fc05t3fx7c954
652	p. 1-64	https://image-tor.canadiana.ca/iiif/2/69429%2Fc0222r49qj2w
653	p. 1-65	https://image-tor.canadiana.ca/iiif/2/69429%2Fc0x921c23718
654	p. 1-66	https://image-tor.canadiana.ca/iiif/2/69429%2Fc0sj19k4ff96
655	p. 1-67	https://image-tor.canadiana.ca/iiif/2/69429%2Fc0ns0ks6sp90
656	p. 1-68	https://image-tor.canadiana.ca/iiif/2/69429%2Fc0j09w094x8v
657	p. 1-69	https://image-tor.canadiana.ca/iiif/2/69429%2Fc0db7vm4bb0k
658	p. 1-70	https://image-tor.canadiana.ca/iiif/2/69429%2Fc08k74t6pj79
659	p. 1-71	https://image-tor.canadiana.ca/iiif/2/69429%2Fc04t6f191s6d
660	p. 1-72	https://image-tor.canadiana.ca/iiif/2/69429%2Fc0125q81d129
661	p. 1-73	https://image-tor.canadiana.ca/iiif/2/69429%2Fc0w950g3rq2n
662	p. 1-74	https://image-tor.canadiana.ca/iiif/2/69429%2Fc0rj48p63z1b
663	p. 1-75	https://image-tor.canadiana.ca/iiif/2/69429%2Fc0ms3jw8g61n
664	p. 1-76	https://image-tor.canadiana.ca/iiif/2/69429%2Fc0h41jh3nk29
665	p. 1-77	https://image-tor.canadiana.ca/iiif/2/69429%2Fc0cc0tq60t0d
666	p. 1-78	https://image-tor.canadiana.ca/iiif/2/69429%2Fc07m03x8c162
667	p. 1-79	https://image-tor.canadiana.ca/iiif/2/69429%2Fc03t9d50q820
668	p. 1-80	https://image-tor.canadiana.ca/iiif/2/69429%2Fc0028pc32h10
669	p. 1-81	https://image-tor.canadiana.ca/iiif/2/69429%2Fc0v97zk5f63n
670	p. 1-82	https://image-tor.canadiana.ca/iiif/2/69429%2Fc0qj77s7sf02
671	p. 1-83	https://image-tor.canadiana.ca/iiif/2/69429%2Fc0kw57d2zt3k
672	p. 1-84	https://image-tor.canadiana.ca/iiif/2/69429%2Fc0g44hm5b223
673	p. 1-85	https://image-tor.canadiana.ca/iiif/2/69429%2Fc0bc3st7p88v
674	p. 1-86	https://image-tor.canadiana.ca/iiif/2/69429%2Fc06m33201h5s
675	p. 1-87	https://image-tor.canadiana.ca/iiif/2/69429%2Fc02v2c82cr3d
676	p. 1-88	https://image-tor.canadiana.ca/iiif/2/69429%2Fc0z31ng4rf5c
677	p. 1-89	https://image-tor.canadiana.ca/iiif/2/69429%2Fc0tb0xp73p3g
678	p. 1-90	https://image-tor.canadiana.ca/iiif/2/69429%2Fc0pn8x92927j
679	p. 1-91	https://image-tor.canadiana.ca/iiif/2/69429%2Fc0jw86h4n95j
680	p. 1-92	https://image-tor.canadiana.ca/iiif/2/69429%2Fc0f47gq70j1s
681	p. 1-93	https://image-tor.canadiana.ca/iiif/2/69429%2Fc09c6rx9br7j
682	p. 1-94	https://image-tor.canadiana.ca/iiif/2/69429%2Fc05m6251q06p
683	p. 1-95	https://image-tor.canadiana.ca/iiif/2/69429%2Fc01v5bc4275c
684	p. 1-96	https://image-tor.canadiana.ca/iiif/2/69429%2Fc0x34mk6dx67
685	p. 1-97	https://image-tor.canadiana.ca/iiif/2/69429%2Fc0sf2m61m973
686	p. 1-98	https://image-tor.canadiana.ca/iiif/2/69429%2Fc0np1wd3zj44
687	p. 1-99	https://image-tor.canadiana.ca/iiif/2/69429%2Fc0hx15m69s11
688	p. 1-100	https://image-tor.canadiana.ca/iiif/2/69429%2Fc0d50ft8p07m
689	p. 1-101	https://image-tor.canadiana.ca/iiif/2/69429%2Fc08c9r21176s
690	p. 1-102	https://image-tor.canadiana.ca/iiif/2/69429%2Fc04m9183cg7j
691	p. 1-103	https://image-tor.canadiana.ca/iiif/2/69429%2Fc00v89g5qq4k
692	p. 1-104	https://image-tor.canadiana.ca/iiif/2/69429%2Fc0w66930xj8p
693	p. 1-105	https://image-tor.canadiana.ca/iiif/2/69429%2Fc0rf5k938s7c
694	p. 1-106	https://image-tor.canadiana.ca/iiif/2/69429%2Fc0mp4vh5n13b
695	p. 1-107	https://image-tor.canadiana.ca/iiif/2/69429%2Fc0gx44q80807
696	p. 1-108	https://image-tor.canadiana.ca/iiif/2/69429%2Fc0c53dz0bg9p
697	p. 1-109	https://image-tor.canadiana.ca/iiif/2/69429%2Fc07d2q52pr05
698	p. 1-110	https://image-tor.canadiana.ca/iiif/2/69429%2Fc03r0pr7w410
699	unnumbered	https://image-tor.canadiana.ca/iiif/2/69429%2Fc00000007c0d
700	p. 1-2	https://image-tor.canadiana.ca/iiif/2/69429%2Fc0v69862m20b
701	p. 1-3	https://image-tor.canadiana.ca/iiif/2/69429%2Fc0qf8jd4z87p
702	p. 1-4	https://image-tor.canadiana.ca/iiif/2/69429%2Fc0kp7tm79h3m
703	p. 1-5	https://image-tor.canadiana.ca/iiif/2/69429%2Fc0fx73t9nr3s
704	p. 1-6	https://image-tor.canadiana.ca/iiif/2/69429%2Fc0b56d22102b
705	p. 1-7	https://image-tor.canadiana.ca/iiif/2/69429%2Fc06h4cn76c22
706	p. 1-8	https://image-tor.canadiana.ca/iiif/2/69429%2Fc02r3nv9jm18
707	p. 1-9	https://image-tor.canadiana.ca/iiif/2/69429%2Fc0z02z31x90h
708	p. 1-10	https://image-tor.canadiana.ca/iiif/2/69429%2Fc0t727948h89
709	p. 1-11	https://image-tor.canadiana.ca/iiif/2/69429%2Fc0pg1hh6mr4r
710	p. 1-12	https://image-tor.canadiana.ca/iiif/2/69429%2Fc0jq0sq9003z
711	p. 1-13	https://image-tor.canadiana.ca/iiif/2/69429%2Fc0dz02z1b74b
712	p. 1-14	https://image-tor.canadiana.ca/iiif/2/69429%2Fc09882j6hm5t
713	p. 1-15	https://image-tor.canadiana.ca/iiif/2/69429%2Fc05h7br8vv3f
714	p. 1-16	https://image-tor.canadiana.ca/iiif/2/69429%2Fc01r6n017313
715	p. 1-17	https://image-tor.canadiana.ca/iiif/2/69429%2Fc0x05x63kr9h
716	p. 1-18	https://image-tor.canadiana.ca/iiif/2/69429%2Fc0s756d5z06f
717	p. 1-19	https://image-tor.canadiana.ca/iiif/2/69429%2Fc0ng4gm8976q
718	p. 1-20	https://image-tor.canadiana.ca/iiif/2/69429%2Fc0hq3rv0ng64
719	p. 1-21	https://image-tor.canadiana.ca/iiif/2/69429%2Fc0d21rf5tv8r
720	p. 1-22	https://image-tor.canadiana.ca/iiif/2/69429%2Fc08911n8637b
721	p. 1-23	https://image-tor.canadiana.ca/iiif/2/69429%2Fc04j09w0jb40
722	p. 1-24	https://image-tor.canadiana.ca/iiif/2/69429%2Fc00r9m32wk1w
723	p. 1-25	https://image-tor.canadiana.ca/iiif/2/69429%2Fc0w08w958799
724	p. 1-26	https://image-tor.canadiana.ca/iiif/2/69429%2Fc0r785h7mg9g
725	p. 1-27	https://image-tor.canadiana.ca/iiif/2/69429%2Fc0mg7fq9zq8p
726	p. 1-28	https://image-tor.canadiana.ca/iiif/2/69429%2Fc0gt5fb55391
727	p. 1-29	https://image-tor.canadiana.ca/iiif/2/69429%2Fc0c24qj7hb8j
728	p. 1-30	https://image-tor.canadiana.ca/iiif/2/69429%2Fc07940r9vk4c
729	p. 1-31	https://image-tor.canadiana.ca/iiif/2/69429%2Fc03j39026t1x
730	p. 1-32	https://image-tor.canadiana.ca/iiif/2/69429%2Fc0zs2k64kh1d
731	p. 1-33	https://image-tor.canadiana.ca/iiif/2/69429%2Fc0v11vd6xr0x
732	p. 1-34	https://image-tor.canadiana.ca/iiif/2/69429%2Fc0q814m99003
733	p. 1-35	https://image-tor.canadiana.ca/iiif/2/69429%2Fc0kk9474gc2g
734	p. 1-36	https://image-tor.canadiana.ca/iiif/2/69429%2Fc0ft8df6tk9t
735	p. 1-37	https://image-tor.canadiana.ca/iiif/2/69429%2Fc0b27pn95t77
736	p. 1-38	https://image-tor.canadiana.ca/iiif/2/69429%2Fc0696zw1j23t
737	p. 1-39	https://image-tor.canadiana.ca/iiif/2/69429%2Fc02j6833w90n
738	p. 1-40	https://image-tor.canadiana.ca/iiif/2/69429%2Fc0xs5j96802s
739	p. 1-41	https://image-tor.canadiana.ca/iiif/2/69429%2Fc0t14th8m719
740	p. 1-42	https://image-tor.canadiana.ca/iiif/2/69429%2Fc0pc2t43sm4t
741	p. 1-43	https://image-tor.canadiana.ca/iiif/2/69429%2Fc0jm23b64v3w
742	p. 1-44	https://image-tor.canadiana.ca/iiif/2/69429%2Fc0dv1cj8h295
743	p. 1-45	https://image-tor.canadiana.ca/iiif/2/69429%2Fc0930ns0v964
744	p. 1-46	https://image-tor.canadiana.ca/iiif/2/69429%2Fc0599z036j43
745	p. 1-47	https://image-tor.canadiana.ca/iiif/2/69429%2Fc01j9765js48
746	p. 1-48	https://image-tor.canadiana.ca/iiif/2/69429%2Fc0ws8hd7xg35
747	p. 1-49	https://image-tor.canadiana.ca/iiif/2/69429%2Fc0s46h133v6g
748	p. 1-50	https://image-tor.canadiana.ca/iiif/2/69429%2Fc0nc5s75g34m
749	p. 1-51	https://image-tor.canadiana.ca/iiif/2/69429%2Fc0hm52f7tb0f
750	p. 1-52	https://image-tor.canadiana.ca/iiif/2/69429%2Fc0cv4bp05j7w
751	p. 1-53	https://image-tor.canadiana.ca/iiif/2/69429%2Fc0833mw2hs5t
752	p. 1-54	https://image-tor.canadiana.ca/iiif/2/69429%2Fc04b2x34w15j
753	p. 1-55	https://image-tor.canadiana.ca/iiif/2/69429%2Fc00k2697784m
754	p. 1-56	https://image-tor.canadiana.ca/iiif/2/69429%2Fc0vx05x2f37d
755	p. 1-57	https://image-tor.canadiana.ca/iiif/2/69429%2Fc0r49g44sb4m
756	p. 1-58	https://image-tor.canadiana.ca/iiif/2/69429%2Fc0mc8rb74k14
757	p. 1-59	https://image-tor.canadiana.ca/iiif/2/69429%2Fc0gm81j9gs78
758	p. 1-60	https://image-tor.canadiana.ca/iiif/2/69429%2Fc0bv79s1v176
759	p. 1-61	https://image-tor.canadiana.ca/iiif/2/69429%2Fc0736m046876
760	p. 1-62	https://image-tor.canadiana.ca/iiif/2/69429%2Fc03b5w66jh5t
761	p. 1-63	https://image-tor.canadiana.ca/iiif/2/69429%2Fc0zp3vt1rb96
762	p. 1-64	https://image-tor.canadiana.ca/iiif/2/69429%2Fc0tx35143k8p
763	p. 1-65	https://image-tor.canadiana.ca/iiif/2/69429%2Fc0q52f76ft4f
764	p. 1-66	https://image-tor.canadiana.ca/iiif/2/69429%2Fc0kd1qf8t210
765	p. 1-67	https://image-tor.canadiana.ca/iiif/2/69429%2Fc0fn10p1589d
766	p. 1-68	https://image-tor.canadiana.ca/iiif/2/69429%2Fc09w08w3hj0g
767	p. 1-69	https://image-tor.canadiana.ca/iiif/2/69429%2Fc06688g8px1z
768	p. 1-70	https://image-tor.canadiana.ca/iiif/2/69429%2Fc02f7jq1250s
769	p. 1-71	https://image-tor.canadiana.ca/iiif/2/69429%2Fc0xp6tx3dv0r
770	p. 1-72	https://image-tor.canadiana.ca/iiif/2/69429%2Fc0sx6445s26t
771	p. 1-73	https://image-tor.canadiana.ca/iiif/2/69429%2Fc0p55db8493n
772	p. 1-74	https://image-tor.canadiana.ca/iiif/2/69429%2Fc0jd4pk0gj2g
773	p. 1-75	https://image-tor.canadiana.ca/iiif/2/69429%2Fc0dn3zs2ts1p
774	unnumbered	https://image-tor.canadiana.ca/iiif/2/69429%2Fc0901zc8152q
775	p. 1-2	https://image-tor.canadiana.ca/iiif/2/69429%2Fc05717m0cd1x
776	p. 1-3	https://image-tor.canadiana.ca/iiif/2/69429%2Fc01g0ht2qm88
777	p. 1-4	https://image-tor.canadiana.ca/iiif/2/69429%2Fc0wp9t153983
778	p. 1-5	https://image-tor.canadiana.ca/iiif/2/69429%2Fc0rx9377fj4x
779	p. 1-6	https://image-tor.canadiana.ca/iiif/2/69429%2Fc0n58cf9ss41
780	p. 1-7	https://image-tor.canadiana.ca/iiif/2/69429%2Fc0hd7np2514f
781	p. 1-8	https://image-tor.canadiana.ca/iiif/2/69429%2Fc0cr5n87bd55
782	p. 1-9	https://image-tor.canadiana.ca/iiif/2/69429%2Fc0804xg9pn4p
783	p. 1-10	https://image-tor.canadiana.ca/iiif/2/69429%2Fc04746q21w16
784	p. 1-11	https://image-tor.canadiana.ca/iiif/2/69429%2Fc00g3gx4d382
785	p. 1-12	https://image-tor.canadiana.ca/iiif/2/69429%2Fc0vq2s46rs7v
786	p. 1-13	https://image-tor.canadiana.ca/iiif/2/69429%2Fc0qz22b9416f
787	p. 1-14	https://image-tor.canadiana.ca/iiif/2/69429%2Fc0m61bk1g87r
788	p. 1-15	https://image-tor.canadiana.ca/iiif/2/69429%2Fc0gh9b56nn8x
789	p. 1-16	https://image-tor.canadiana.ca/iiif/2/69429%2Fc0br8mc90w5f
790	p. 1-17	https://image-tor.canadiana.ca/iiif/2/69429%2Fc0707wm1c43h
791	p. 1-18	https://image-tor.canadiana.ca/iiif/2/69429%2Fc03775t3qb9n
792	p. 1-19	https://image-tor.canadiana.ca/iiif/2/69429%2Fc0zg6g16318f
793	p. 1-20	https://image-tor.canadiana.ca/iiif/2/69429%2Fc0tq5r78f887
794	p. 1-21	https://image-tor.canadiana.ca/iiif/2/69429%2Fc0pz51g0sh7f
795	p. 1-22	https://image-tor.canadiana.ca/iiif/2/69429%2Fc0k93125zw92
796	p. 1-23	https://image-tor.canadiana.ca/iiif/2/69429%2Fc0fj2988b488
797	p. 1-24	https://image-tor.canadiana.ca/iiif/2/69429%2Fc09s1kh0pc4b
798	p. 1-25	https://image-tor.canadiana.ca/iiif/2/69429%2Fc0610vq31m2r
799	p. 1-26	https://image-tor.canadiana.ca/iiif/2/69429%2Fc02804x5ct8w
800	p. 1-27	https://image-tor.canadiana.ca/iiif/2/69429%2Fc0xg9f47rj03
801	p. 1-28	https://image-tor.canadiana.ca/iiif/2/69429%2Fc0sq8qc03r9q
802	p. 1-29	https://image-tor.canadiana.ca/iiif/2/69429%2Fc0p26pz5952q
803	p. 1-30	https://image-tor.canadiana.ca/iiif/2/69429%2Fc0j96057nd1q
804	p. 1-31	https://image-tor.canadiana.ca/iiif/2/69429%2Fc0dj58d00m85
805	p. 1-32	https://image-tor.canadiana.ca/iiif/2/69429%2Fc08s4jm2bv4m
806	p. 1-33	https://image-tor.canadiana.ca/iiif/2/69429%2Fc0513tt4q322
807	unnumbered	https://image-tor.canadiana.ca/iiif/2/69429%2Fc01834172b1j
808	p. 1-2	https://image-tor.canadiana.ca/iiif/2/69429%2Fc0wh2d79f12m
809	p. 1-3	https://image-tor.canadiana.ca/iiif/2/69429%2Fc0rv0cv4md44
810	p. 1-4	https://image-tor.canadiana.ca/iiif/2/69429%2Fc0n29p26zn1b
811	p. 1-5	https://image-tor.canadiana.ca/iiif/2/69429%2Fc0h98z899v9r
812	p. 1-6	https://image-tor.canadiana.ca/iiif/2/69429%2Fc0cj87h1p35q
813	p. 1-7	https://image-tor.canadiana.ca/iiif/2/69429%2Fc07s7hq41b27
814	p. 1-8	https://image-tor.canadiana.ca/iiif/2/69429%2Fc0416sx6ck3x
815	p. 1-9	https://image-tor.canadiana.ca/iiif/2/69429%2Fc0086348qt1b
816	p. 1-10	https://image-tor.canadiana.ca/iiif/2/69429%2Fc0vm42r3xn44
817	p. 1-11	https://image-tor.canadiana.ca/iiif/2/69429%2Fc0qv3bz68w3t
818	p. 1-12	https://image-tor.canadiana.ca/iiif/2/69429%2Fc0m32n58n39t
819	p. 1-13	https://image-tor.canadiana.ca/iiif/2/69429%2Fc0gb1xd10b6z
820	p. 1-14	https://image-tor.canadiana.ca/iiif/2/69429%2Fc0bk16m3bk4z
821	p. 1-15	https://image-tor.canadiana.ca/iiif/2/69429%2Fc06t0gt5pt5b
822	p. 1-16	https://image-tor.canadiana.ca/iiif/2/69429%2Fc0319s182234
823	p. 1-17	https://image-tor.canadiana.ca/iiif/2/69429%2Fc0zc7rn37w8k
824	p. 1-18	https://image-tor.canadiana.ca/iiif/2/69429%2Fc0tm71v5m463
825	p. 1-19	https://image-tor.canadiana.ca/iiif/2/69429%2Fc0pv6b27zc3j
826	p. 1-20	https://image-tor.canadiana.ca/iiif/2/69429%2Fc0k35m909k9q
827	p. 1-21	https://image-tor.canadiana.ca/iiif/2/69429%2Fc0fb4wh2nt7b
828	p. 1-22	https://image-tor.canadiana.ca/iiif/2/69429%2Fc09k45q5127h
829	p. 1-23	https://image-tor.canadiana.ca/iiif/2/69429%2Fc05x25b06f8v
830	p. 1-24	https://image-tor.canadiana.ca/iiif/2/69429%2Fc0251fj2jp8z
831	p. 1-25	https://image-tor.canadiana.ca/iiif/2/69429%2Fc0xd0qr4xc7v
832	p. 1-26	https://image-tor.canadiana.ca/iiif/2/69429%2Fc0sn00z78m5b
833	p. 1-27	https://image-tor.canadiana.ca/iiif/2/69429%2Fc0nv9959mv1n
834	p. 1-28	https://image-tor.canadiana.ca/iiif/2/69429%2Fc0j38kd2030s
835	p. 1-29	https://image-tor.canadiana.ca/iiif/2/69429%2Fc0db7vm4bb15
836	p. 1-30	https://image-tor.canadiana.ca/iiif/2/69429%2Fc08p5v69hq0q
837	p. 1-31	https://image-tor.canadiana.ca/iiif/2/69429%2Fc04x54f1vx97
838	p. 1-32	https://image-tor.canadiana.ca/iiif/2/69429%2Fc0154dn4758r
839	p. 1-33	https://image-tor.canadiana.ca/iiif/2/69429%2Fc0wd3pv6kv74
840	p. 1-34	https://image-tor.canadiana.ca/iiif/2/69429%2Fc0rn3028z34g
841	p. 1-35	https://image-tor.canadiana.ca/iiif/2/69429%2Fc0mw28919b26
842	p. 1-36	https://image-tor.canadiana.ca/iiif/2/69429%2Fc0h41jh3nk3w
843	p. 1-37	https://image-tor.canadiana.ca/iiif/2/69429%2Fc0cf9j38tz2w
844	p. 1-38	https://image-tor.canadiana.ca/iiif/2/69429%2Fc07p8tb1663w
845	p. 1-39	https://image-tor.canadiana.ca/iiif/2/69429%2Fc03x83j3jf09
846	p. 1-40	https://image-tor.canadiana.ca/iiif/2/69429%2Fc0057cr5wn7z
847	p. 1-41	https://image-tor.canadiana.ca/iiif/2/69429%2Fc0vd6nz88b5r
848	p. 1-42	https://image-tor.canadiana.ca/iiif/2/69429%2Fc0qn5z60mk5k
849	p. 1-43	https://image-tor.canadiana.ca/iiif/2/69429%2Fc0kw57d2zt45
850	p. 1-44	https://image-tor.canadiana.ca/iiif/2/69429%2Fc0g73708566s
851	p. 1-45	https://image-tor.canadiana.ca/iiif/2/69429%2Fc0bg2h70hf66
852	p. 1-46	https://image-tor.canadiana.ca/iiif/2/69429%2Fc06q1sf2vp2n
853	p. 1-47	https://image-tor.canadiana.ca/iiif/2/69429%2Fc02z12n56x04
854	p. 1-48	https://image-tor.canadiana.ca/iiif/2/69429%2Fc0z60bv7kk82
855	p. 1-49	https://image-tor.canadiana.ca/iiif/2/69429%2Fc0td9n29xt74
856	p. 1-50	https://image-tor.canadiana.ca/iiif/2/69429%2Fc0pn8x929284
857	p. 1-51	https://image-tor.canadiana.ca/iiif/2/69429%2Fc0k06ww7gf7k
858	p. 1-52	https://image-tor.canadiana.ca/iiif/2/69429%2Fc0f76639tp6k
859	p. 1-53	https://image-tor.canadiana.ca/iiif/2/69429%2Fc09g5gb25x49
860	p. 1-54	https://image-tor.canadiana.ca/iiif/2/69429%2Fc05q4rj4j508
861	p. 1-55	https://image-tor.canadiana.ca/iiif/2/69429%2Fc01z41r6wc8k
862	p. 1-56	https://image-tor.canadiana.ca/iiif/2/69429%2Fc0x639z9829f
863	p. 1-57	https://image-tor.canadiana.ca/iiif/2/69429%2Fc0sf2m61m98p
864	p. 1-58	https://image-tor.canadiana.ca/iiif/2/69429%2Fc0ns0ks6sq08
865	p. 1-59	https://image-tor.canadiana.ca/iiif/2/69429%2Fc0j09w094x9f
866	p. 1-60	https://image-tor.canadiana.ca/iiif/2/69429%2Fc0d79571h560
867	p. 1-61	https://image-tor.canadiana.ca/iiif/2/69429%2Fc08g8ff3vd31
868	p. 1-62	https://image-tor.canadiana.ca/iiif/2/69429%2Fc04q7qn66m98
869	p. 1-63	https://image-tor.canadiana.ca/iiif/2/69429%2Fc00z70v8jv9f
870	p. 1-64	https://image-tor.canadiana.ca/iiif/2/69429%2Fc0w66930xj98
871	p. 1-65	https://image-tor.canadiana.ca/iiif/2/69429%2Fc0rj48p63z2x
872	p. 1-66	https://image-tor.canadiana.ca/iiif/2/69429%2Fc0ms3jw8g627
873	p. 1-67	https://image-tor.canadiana.ca/iiif/2/69429%2Fc0h12v40td8b
874	p. 1-68	https://image-tor.canadiana.ca/iiif/2/69429%2Fc0c824b35n57
875	p. 1-69	https://image-tor.canadiana.ca/iiif/2/69429%2Fc07h1dj5hw28
876	p. 1-70	https://image-tor.canadiana.ca/iiif/2/69429%2Fc03r0pr7w42k
877	p. 1-71	https://image-tor.canadiana.ca/iiif/2/69429%2Fc00000007c10
878	p. 1-72	https://image-tor.canadiana.ca/iiif/2/69429%2Fc0v97zk5f647
879	p. 1-73	https://image-tor.canadiana.ca/iiif/2/69429%2Fc0qj77s7sf1n
880	p. 1-74	https://image-tor.canadiana.ca/iiif/2/69429%2Fc0ks6j104n93
881	p. 1-75	https://image-tor.canadiana.ca/iiif/2/69429%2Fc0g15t72gw5v
882	p. 1-76	https://image-tor.canadiana.ca/iiif/2/69429%2Fc0b853f4v43c
883	p. 1-77	https://image-tor.canadiana.ca/iiif/2/69429%2Fc06h4cn76c3n
884	p. 1-78	https://image-tor.canadiana.ca/iiif/2/69429%2Fc02r3nv9jm2v
885	p. 1-79	https://image-tor.canadiana.ca/iiif/2/69429%2Fc0z31ng4rf6z
886	p. 1-80	https://image-tor.canadiana.ca/iiif/2/69429%2Fc0tb0xp73p42
887	unnumbered	https://image-tor.canadiana.ca/iiif/2/69429%2Fc0pk06w9fx1g
888	p. 1-2	https://image-tor.canadiana.ca/iiif/2/69429%2Fc0js9h41t477
889	p. 1-3	https://image-tor.canadiana.ca/iiif/2/69429%2Fc0f18sb45c5n
890	p. 1-4	https://image-tor.canadiana.ca/iiif/2/69429%2Fc09882j6hm6d
891	p. 1-5	https://image-tor.canadiana.ca/iiif/2/69429%2Fc05m6251q078
892	p. 1-6	https://image-tor.canadiana.ca/iiif/2/69429%2Fc01v5bc4276z
893	p. 1-7	https://image-tor.canadiana.ca/iiif/2/69429%2Fc0x34mk6dx7t
894	p. 1-8	https://image-tor.canadiana.ca/iiif/2/69429%2Fc0sb3ws8s54c
895	p. 1-9	https://image-tor.canadiana.ca/iiif/2/69429%2Fc0nk36114d19
896	p. 1-10	https://image-tor.canadiana.ca/iiif/2/69429%2Fc0ht2g73gm97
897	p. 1-11	https://image-tor.canadiana.ca/iiif/2/69429%2Fc0d21rf5tv9b
898	p. 1-12	https://image-tor.canadiana.ca/iiif/2/69429%2Fc08c9r21177c
899	p. 1-13	https://image-tor.canadiana.ca/iiif/2/69429%2Fc04m9183cg84
900	p. 1-14	https://image-tor.canadiana.ca/iiif/2/69429%2Fc00v89g5qq55
901	p. 1-15	https://image-tor.canadiana.ca/iiif/2/69429%2Fc0w37kp83d61
902	p. 1-16	https://image-tor.canadiana.ca/iiif/2/69429%2Fc0rb6vx0fn23
903	p. 1-17	https://image-tor.canadiana.ca/iiif/2/69429%2Fc0mk6542sw0h
904	p. 1-18	https://image-tor.canadiana.ca/iiif/2/69429%2Fc0gt5fb55409
905	p. 1-19	https://image-tor.canadiana.ca/iiif/2/69429%2Fc0c53dz0bh0z
906	p. 1-20	https://image-tor.canadiana.ca/iiif/2/69429%2Fc07d2q52pr1r
907	p. 1-21	https://image-tor.canadiana.ca/iiif/2/69429%2Fc03n20c51z8z
908	p. 1-22	https://image-tor.canadiana.ca/iiif/2/69429%2Fc0zw18k7dn7v
909	p. 1-23	https://image-tor.canadiana.ca/iiif/2/69429%2Fc0v40js9rw3m
910	p. 1-24	https://image-tor.canadiana.ca/iiif/2/69429%2Fc0qb9v124429
911	unnumbered	https://image-tor.canadiana.ca/iiif/2/69429%2Fc0kk9474gc32
912	p. 1-2	https://image-tor.canadiana.ca/iiif/2/69429%2Fc0fx73t9nr4c
913	p. 1-3	https://image-tor.canadiana.ca/iiif/2/69429%2Fc0b56d22103x
914	p. 1-4	https://image-tor.canadiana.ca/iiif/2/69429%2Fc06d5p84c71j
915	unnumbered	https://image-tor.canadiana.ca/iiif/2/69429%2Fc02n4zg6qf8w
916	p. 1-2	https://image-tor.canadiana.ca/iiif/2/69429%2Fc0xw47p9347n
917	p. 1-3	https://image-tor.canadiana.ca/iiif/2/69429%2Fc0t43hx1fc56
918	p. 1-4	https://image-tor.canadiana.ca/iiif/2/69429%2Fc0pc2t43sm5d
919	p. 1-5	https://image-tor.canadiana.ca/iiif/2/69429%2Fc0jq0sq9004j
920	p. 1-6	https://image-tor.canadiana.ca/iiif/2/69429%2Fc0dz02z1b75x
921	p. 1-7	https://image-tor.canadiana.ca/iiif/2/69429%2Fc0959c53pg1j
922	p. 1-8	https://image-tor.canadiana.ca/iiif/2/69429%2Fc05d8nc61p9z
923	p. 1-9	https://image-tor.canadiana.ca/iiif/2/69429%2Fc01n7xk8cx5d
924	p. 1-10	https://image-tor.canadiana.ca/iiif/2/69429%2Fc0ww76t0rm72
925	p. 1-11	https://image-tor.canadiana.ca/iiif/2/69429%2Fc0s46h133v72
926	p. 1-12	https://image-tor.canadiana.ca/iiif/2/69429%2Fc0ng4gm89779
927	p. 1-13	https://image-tor.canadiana.ca/iiif/2/69429%2Fc0hq3rv0ng7q
928	p. 1-14	https://image-tor.canadiana.ca/iiif/2/69429%2Fc0cz32230q41
929	p. 1-15	https://image-tor.canadiana.ca/iiif/2/69429%2Fc0862b85bz1c
930	p. 1-16	https://image-tor.canadiana.ca/iiif/2/69429%2Fc04f1mg7q57n
931	p. 1-17	https://image-tor.canadiana.ca/iiif/2/69429%2Fc00p0wq02d6z
932	p. 1-18	https://image-tor.canadiana.ca/iiif/2/69429%2Fc0vx05x2f380
933	p. 1-19	https://image-tor.canadiana.ca/iiif/2/69429%2Fc0r785h7mh0r
934	p. 1-20	https://image-tor.canadiana.ca/iiif/2/69429%2Fc0mg7fq9zq98
935	p. 1-21	https://image-tor.canadiana.ca/iiif/2/69429%2Fc0gq6qz29z70
936	p. 1-22	https://image-tor.canadiana.ca/iiif/2/69429%2Fc0bz6154p63r
937	p. 1-23	https://image-tor.canadiana.ca/iiif/2/69429%2Fc07659c71f0k
938	p. 1-24	https://image-tor.canadiana.ca/iiif/2/69429%2Fc03f4kk9cp0c
939	p. 1-25	https://image-tor.canadiana.ca/iiif/2/69429%2Fc0zp3vt1rc0g
940	p. 1-26	https://image-tor.canadiana.ca/iiif/2/69429%2Fc0v11vd6xr1h
941	p. 1-27	https://image-tor.canadiana.ca/iiif/2/69429%2Fc0q814m9901p
942	p. 1-28	https://image-tor.canadiana.ca/iiif/2/69429%2Fc0kh0dv1n672
943	p. 1-29	https://image-tor.canadiana.ca/iiif/2/69429%2Fc0fq9q240f51
944	p. 1-30	https://image-tor.canadiana.ca/iiif/2/69429%2Fc09z9086bp1v
945	p. 1-31	https://image-tor.canadiana.ca/iiif/2/69429%2Fc06688g8px2j
946	p. 1-32	https://image-tor.canadiana.ca/iiif/2/69429%2Fc02f7jq1251c
947	p. 1-33	https://image-tor.canadiana.ca/iiif/2/69429%2Fc0xs5j96803c
948	p. 1-34	https://image-tor.canadiana.ca/iiif/2/69429%2Fc0t14th8m72w
949	p. 1-35	https://image-tor.canadiana.ca/iiif/2/69429%2Fc0p843r0zf97
950	p. 1-36	https://image-tor.canadiana.ca/iiif/2/69429%2Fc0jh3cz39p55
951	p. 1-37	https://image-tor.canadiana.ca/iiif/2/69429%2Fc0dr2p55nx36
952	p. 1-38	https://image-tor.canadiana.ca/iiif/2/69429%2Fc0901zc81539
953	p. 1-39	https://image-tor.canadiana.ca/iiif/2/69429%2Fc05717m0cd2h
954	p. 1-40	https://image-tor.canadiana.ca/iiif/2/69429%2Fc01j9765js5v
955	p. 1-41	https://image-tor.canadiana.ca/iiif/2/69429%2Fc0ws8hd7xg4r
956	p. 1-42	https://image-tor.canadiana.ca/iiif/2/69429%2Fc0s17sn08q2s
957	p. 1-43	https://image-tor.canadiana.ca/iiif/2/69429%2Fc0n872v2mx8x
958	p. 1-44	https://image-tor.canadiana.ca/iiif/2/69429%2Fc0hh6c25055c
959	p. 1-45	https://image-tor.canadiana.ca/iiif/2/69429%2Fc0cr5n87bd6r
960	p. 1-46	https://image-tor.canadiana.ca/iiif/2/69429%2Fc0833mw2hs6d
961	p. 1-47	https://image-tor.canadiana.ca/iiif/2/69429%2Fc04b2x34w164
962	p. 1-48	https://image-tor.canadiana.ca/iiif/2/69429%2Fc00k26977856
963	p. 1-49	https://image-tor.canadiana.ca/iiif/2/69429%2Fc0vt1gh9kz4k
964	p. 1-50	https://image-tor.canadiana.ca/iiif/2/69429%2Fc0r20rr1z612
965	p. 1-51	https://image-tor.canadiana.ca/iiif/2/69429%2Fc0m901z49d88
966	p. 1-52	https://image-tor.canadiana.ca/iiif/2/69429%2Fc0gh9b56nn9h
967	p. 1-53	https://image-tor.canadiana.ca/iiif/2/69429%2Fc0bv79s1v18s
968	p. 1-54	https://image-tor.canadiana.ca/iiif/2/69429%2Fc0736m04688s
969	p. 1-55	https://image-tor.canadiana.ca/iiif/2/69429%2Fc03b5w66jh6d
970	p. 1-56	https://image-tor.canadiana.ca/iiif/2/69429%2Fc0zk55d8x668
971	p. 1-57	https://image-tor.canadiana.ca/iiif/2/69429%2Fc0tt4fn18f2t
972	p. 1-58	https://image-tor.canadiana.ca/iiif/2/69429%2Fc0q23qv3mp0r
973	p. 1-59	https://image-tor.canadiana.ca/iiif/2/69429%2Fc0k93125zx0b
974	p. 1-60	https://image-tor.canadiana.ca/iiif/2/69429%2Fc0fn10p1590p
975	p. 1-61	https://image-tor.canadiana.ca/iiif/2/69429%2Fc09w08w3hj12
976	p. 1-62	https://image-tor.canadiana.ca/iiif/2/69429%2Fc0639k35vr70
977	p. 1-63	https://image-tor.canadiana.ca/iiif/2/69429%2Fc02b8v987066
978	p. 1-64	https://image-tor.canadiana.ca/iiif/2/69429%2Fc0xk84j0kp40
979	p. 1-65	https://image-tor.canadiana.ca/iiif/2/69429%2Fc0st7dr2xx2m
980	p. 1-66	https://image-tor.canadiana.ca/iiif/2/69429%2Fc0p26pz59539
981	p. 1-67	https://image-tor.canadiana.ca/iiif/2/69429%2Fc0jd4pk0gj32
982	p. 1-68	https://image-tor.canadiana.ca/iiif/2/69429%2Fc0dn3zs2ts28
983	p. 1-69	https://image-tor.canadiana.ca/iiif/2/69429%2Fc08w3805610p
984	p. 1-70	https://image-tor.canadiana.ca/iiif/2/69429%2Fc0542j67j77b
985	p. 1-71	https://image-tor.canadiana.ca/iiif/2/69429%2Fc01c1td9wg4c
986	p. 1-72	https://image-tor.canadiana.ca/iiif/2/69429%2Fc0wm13n2854b
987	p. 1-73	https://image-tor.canadiana.ca/iiif/2/69429%2Fc0rv0cv4md5q
988	p. 1-74	https://image-tor.canadiana.ca/iiif/2/69429%2Fc0n58cf9ss5m
989	p. 1-75	https://image-tor.canadiana.ca/iiif/2/69429%2Fc0hd7np25151
990	p. 1-76	https://image-tor.canadiana.ca/iiif/2/69429%2Fc0cn6xw4h822
991	p. 1-77	https://image-tor.canadiana.ca/iiif/2/69429%2Fc07w6736vg96
992	p. 1-78	https://image-tor.canadiana.ca/iiif/2/69429%2Fc0445h996q61
993	p. 1-79	https://image-tor.canadiana.ca/iiif/2/69429%2Fc00c4sj1jz48
994	p. 1-80	https://image-tor.canadiana.ca/iiif/2/69429%2Fc0vm42r3xn5q
995	p. 1-81	https://image-tor.canadiana.ca/iiif/2/69429%2Fc0qz22b94171
996	p. 1-82	https://image-tor.canadiana.ca/iiif/2/69429%2Fc0m61bk1g88b
997	p. 1-83	https://image-tor.canadiana.ca/iiif/2/69429%2Fc0gf0ms3th4s
998	p. 1-84	https://image-tor.canadiana.ca/iiif/2/69429%2Fc0bn9x065r2r
999	p. 1-85	https://image-tor.canadiana.ca/iiif/2/69429%2Fc06w9668hz8w
1000	p. 1-86	https://image-tor.canadiana.ca/iiif/2/69429%2Fc0348gf0w67j
1001	p. 1-87	https://image-tor.canadiana.ca/iiif/2/69429%2Fc0zc7rn37w95
1002	p. 1-88	https://image-tor.canadiana.ca/iiif/2/69429%2Fc0tq5r78f89t
1003	p. 1-89	https://image-tor.canadiana.ca/iiif/2/69429%2Fc0pz51g0sh81
1004	p. 1-90	https://image-tor.canadiana.ca/iiif/2/69429%2Fc0k649p34r6f
1005	p. 1-91	https://image-tor.canadiana.ca/iiif/2/69429%2Fc0ff3kw5h030
1006	p. 1-92	https://image-tor.canadiana.ca/iiif/2/69429%2Fc09p2w37v70f
1007	p. 1-93	https://image-tor.canadiana.ca/iiif/2/69429%2Fc05x25b06f9f
1008	p. 1-94	https://image-tor.canadiana.ca/iiif/2/69429%2Fc0251fj2jp9j
1009	p. 1-95	https://image-tor.canadiana.ca/iiif/2/69429%2Fc0xg9f47rj1p
1010	p. 1-96	https://image-tor.canadiana.ca/iiif/2/69429%2Fc0sq8qc03s00
1011	p. 1-97	https://image-tor.canadiana.ca/iiif/2/69429%2Fc0nz80k2g077
1012	p. 1-98	https://image-tor.canadiana.ca/iiif/2/69429%2Fc0j678s4t730
1013	p. 1-99	https://image-tor.canadiana.ca/iiif/2/69429%2Fc0df6k075g0x
1014	p. 1-100	https://image-tor.canadiana.ca/iiif/2/69429%2Fc08p5v69hq19
1015	p. 1-101	https://image-tor.canadiana.ca/iiif/2/69429%2Fc04x54f1vz0h
1016	p. 1-102	https://image-tor.canadiana.ca/iiif/2/69429%2Fc01834172b24
1017	p. 1-103	https://image-tor.canadiana.ca/iiif/2/69429%2Fc0wh2d79f136
1018	p. 1-104	https://image-tor.canadiana.ca/iiif/2/69429%2Fc0rr1pg1s79k
1019	p. 1-105	https://image-tor.canadiana.ca/iiif/2/69429%2Fc0n00zp44g70
1020	p. 1-106	https://image-tor.canadiana.ca/iiif/2/69429%2Fc0h707w6gq3t
1021	p. 1-107	https://image-tor.canadiana.ca/iiif/2/69429%2Fc0cf9j38tz3g
1022	p. 1-108	https://image-tor.canadiana.ca/iiif/2/69429%2Fc07s7hq41b3t
1023	p. 1-109	https://image-tor.canadiana.ca/iiif/2/69429%2Fc0416sx6ck4h
1024	p. 1-110	https://image-tor.canadiana.ca/iiif/2/69429%2Fc0086348qt2x
1025	p. 1-111	https://image-tor.canadiana.ca/iiif/2/69429%2Fc0vh5cc13h33
1026	p. 1-112	https://image-tor.canadiana.ca/iiif/2/69429%2Fc0qr4nk3fq9v
1027	p. 1-113	https://image-tor.canadiana.ca/iiif/2/69429%2Fc0m03xs5sz7s
1028	p. 1-114	https://image-tor.canadiana.ca/iiif/2/69429%2Fc0g73708567c
1029	p. 1-115	https://image-tor.canadiana.ca/iiif/2/69429%2Fc0bk16m3bk5j
1030	p. 1-116	https://image-tor.canadiana.ca/iiif/2/69429%2Fc06t0gt5pt6x
1031	p. 1-117	https://image-tor.canadiana.ca/iiif/2/69429%2Fc0319s18224q
1032	p. 1-118	https://image-tor.canadiana.ca/iiif/2/69429%2Fc0z89280dr4p
1033	p. 1-119	https://image-tor.canadiana.ca/iiif/2/69429%2Fc0th8bg2s00n
1034	p. 1-120	https://image-tor.canadiana.ca/iiif/2/69429%2Fc0pr7mp5467g
1035	p. 1-121	https://image-tor.canadiana.ca/iiif/2/69429%2Fc0k06ww7gf85
1036	p. 1-122	https://image-tor.canadiana.ca/iiif/2/69429%2Fc0fb4wh2nt8x
1037	p. 1-123	https://image-tor.canadiana.ca/iiif/2/69429%2Fc09k45q51283
1038	p. 1-124	https://image-tor.canadiana.ca/iiif/2/69429%2Fc05t3fx7c96q
1039	p. 1-125	https://image-tor.canadiana.ca/iiif/2/69429%2Fc0222r49qj3g
1040	p. 1-126	https://image-tor.canadiana.ca/iiif/2/69429%2Fc0x921c2372v
1041	p. 1-127	https://image-tor.canadiana.ca/iiif/2/69429%2Fc0sj19k4fg0g
1042	p. 1-128	https://image-tor.canadiana.ca/iiif/2/69429%2Fc0ns0ks6sq1v
1043	p. 1-129	https://image-tor.canadiana.ca/iiif/2/69429%2Fc0j38kd2031c
1044	p. 1-130	https://image-tor.canadiana.ca/iiif/2/69429%2Fc0db7vm4bb2r
1045	p. 1-131	https://image-tor.canadiana.ca/iiif/2/69429%2Fc08k74t6pj8w
1046	p. 1-132	https://image-tor.canadiana.ca/iiif/2/69429%2Fc04t6f191s70
1047	p. 1-133	https://image-tor.canadiana.ca/iiif/2/69429%2Fc0125q81d13w
1048	p. 1-134	https://image-tor.canadiana.ca/iiif/2/69429%2Fc0w950g3rq37
1049	p. 1-135	https://image-tor.canadiana.ca/iiif/2/69429%2Fc0rj48p63z3h
1050	p. 1-136	https://image-tor.canadiana.ca/iiif/2/69429%2Fc0mw28919b3s
1051	p. 1-137	https://image-tor.canadiana.ca/iiif/2/69429%2Fc0h41jh3nk4g
1052	p. 1-138	https://image-tor.canadiana.ca/iiif/2/69429%2Fc0cc0tq60t10
1053	p. 1-139	https://image-tor.canadiana.ca/iiif/2/69429%2Fc07m03x8c17n
1054	p. 1-140	https://image-tor.canadiana.ca/iiif/2/69429%2Fc03t9d50q83k
1055	p. 1-141	https://image-tor.canadiana.ca/iiif/2/69429%2Fc0028pc32h2k
1056	p. 1-142	https://image-tor.canadiana.ca/iiif/2/69429%2Fc0v97zk5f65t
1057	p. 1-143	https://image-tor.canadiana.ca/iiif/2/69429%2Fc0qn5z60mk65
1058	p. 1-144	https://image-tor.canadiana.ca/iiif/2/69429%2Fc0kw57d2zt5r
1059	p. 1-145	https://image-tor.canadiana.ca/iiif/2/69429%2Fc0g44hm5b23p
1060	p. 1-146	https://image-tor.canadiana.ca/iiif/2/69429%2Fc0bc3st7p89f
1061	p. 1-147	https://image-tor.canadiana.ca/iiif/2/69429%2Fc06m33201h6c
1062	p. 1-148	https://image-tor.canadiana.ca/iiif/2/69429%2Fc02v2c82cr40
1063	p. 1-149	https://image-tor.canadiana.ca/iiif/2/69429%2Fc0z31ng4rf7j
1064	p. 1-150	https://image-tor.canadiana.ca/iiif/2/69429%2Fc0td9n29xt8q
1065	p. 1-151	https://image-tor.canadiana.ca/iiif/2/69429%2Fc0pn8x92929q
1066	p. 1-152	https://image-tor.canadiana.ca/iiif/2/69429%2Fc0jw86h4n964
1067	p. 1-153	https://image-tor.canadiana.ca/iiif/2/69429%2Fc0f47gq70j2c
1068	p. 1-154	https://image-tor.canadiana.ca/iiif/2/69429%2Fc09c6rx9br84
1069	p. 1-155	https://image-tor.canadiana.ca/iiif/2/69429%2Fc05m6251q08v
1070	p. 1-156	https://image-tor.canadiana.ca/iiif/2/69429%2Fc01v5bc4277j
1071	p. 1-157	https://image-tor.canadiana.ca/iiif/2/69429%2Fc0x639z9830q
1072	p. 1-158	https://image-tor.canadiana.ca/iiif/2/69429%2Fc0sf2m61m998
1073	p. 1-159	https://image-tor.canadiana.ca/iiif/2/69429%2Fc0np1wd3zj5q
1074	p. 1-160	https://image-tor.canadiana.ca/iiif/2/69429%2Fc0hx15m69s2m
1075	p. 1-161	https://image-tor.canadiana.ca/iiif/2/69429%2Fc0d50ft8p086
1076	p. 1-162	https://image-tor.canadiana.ca/iiif/2/69429%2Fc08c9r21178z
1077	p. 1-163	https://image-tor.canadiana.ca/iiif/2/69429%2Fc04m9183cg9q
1078	p. 1-164	https://image-tor.canadiana.ca/iiif/2/69429%2Fc00z70v8jw0q
1079	p. 1-165	https://image-tor.canadiana.ca/iiif/2/69429%2Fc0w66930xk0j
1080	p. 1-166	https://image-tor.canadiana.ca/iiif/2/69429%2Fc0rf5k938s8z
1081	p. 1-157 [167]	https://image-tor.canadiana.ca/iiif/2/69429%2Fc0mp4vh5n14x
1082	p. 1-168	https://image-tor.canadiana.ca/iiif/2/69429%2Fc0gx44q8081t
1083	p. 1-169	https://image-tor.canadiana.ca/iiif/2/69429%2Fc0c53dz0bh1j
1084	p. 1-170	https://image-tor.canadiana.ca/iiif/2/69429%2Fc07h1dj5hw3v
1085	p. 1-171	https://image-tor.canadiana.ca/iiif/2/69429%2Fc03r0pr7w435
1086	p. 1-172	https://image-tor.canadiana.ca/iiif/2/69429%2Fc00000007c2k
1087	p. 1-173	https://image-tor.canadiana.ca/iiif/2/69429%2Fc0v69862m21x
1088	p. 1-174	https://image-tor.canadiana.ca/iiif/2/69429%2Fc0qf8jd4z888
1089	p. 1-175	https://image-tor.canadiana.ca/iiif/2/69429%2Fc0kp7tm79h46
1090	p. 1-176	https://image-tor.canadiana.ca/iiif/2/69429%2Fc0fx73t9nr5z
1091	p. 1-177	https://image-tor.canadiana.ca/iiif/2/69429%2Fc0b853f4v44z
1092	p. 1-178	https://image-tor.canadiana.ca/iiif/2/69429%2Fc06h4cn76c47
1093	p. 1-179	https://image-tor.canadiana.ca/iiif/2/69429%2Fc02r3nv9jm3f
1094	p. 1-180	https://image-tor.canadiana.ca/iiif/2/69429%2Fc0z02z31x913
1095	p. 1-181	https://image-tor.canadiana.ca/iiif/2/69429%2Fc0t727948h9w
1096	p. 1-182	https://image-tor.canadiana.ca/iiif/2/69429%2Fc0pg1hh6mr5b
1097	p. 1-183	https://image-tor.canadiana.ca/iiif/2/69429%2Fc0jq0sq90054
1098	p. 1-184	https://image-tor.canadiana.ca/iiif/2/69429%2Fc0f18sb45c67
1099	p. 1-185	https://image-tor.canadiana.ca/iiif/2/69429%2Fc09882j6hm70
1100	p. 1-186	https://image-tor.canadiana.ca/iiif/2/69429%2Fc05h7br8vv41
1101	p. 1-187	https://image-tor.canadiana.ca/iiif/2/69429%2Fc01r6n01732p
1102	p. 1-188	https://image-tor.canadiana.ca/iiif/2/69429%2Fc0x05x63ks0s
1103	p. 1-189	https://image-tor.canadiana.ca/iiif/2/69429%2Fc0s756d5z071
1104	p. 1-190	https://image-tor.canadiana.ca/iiif/2/69429%2Fc0ng4gm8978w
1105	p. 1-191	https://image-tor.canadiana.ca/iiif/2/69429%2Fc0ht2g73gn0h
1106	p. 1-192	https://image-tor.canadiana.ca/iiif/2/69429%2Fc0d21rf5tw0m
1107	p. 1-193	https://image-tor.canadiana.ca/iiif/2/69429%2Fc08911n8638x
1108	p. 1-194	https://image-tor.canadiana.ca/iiif/2/69429%2Fc04j09w0jb5k
1109	p. 1-195	https://image-tor.canadiana.ca/iiif/2/69429%2Fc00r9m32wk2g
1110	p. 1-196	https://image-tor.canadiana.ca/iiif/2/69429%2Fc0w08w95880k
1111	p. 1-197	https://image-tor.canadiana.ca/iiif/2/69429%2Fc0r785h7mh1b
1112	p. 1-198	https://image-tor.canadiana.ca/iiif/2/69429%2Fc0mk6542sw13
1113	p. 1-199	https://image-tor.canadiana.ca/iiif/2/69429%2Fc0gt5fb5541w
1114	p. 1-200	https://image-tor.canadiana.ca/iiif/2/69429%2Fc0c24qj7hb94
1115	p. 1-201	https://image-tor.canadiana.ca/iiif/2/69429%2Fc07940r9vk5z
1116	p. 1-202	https://image-tor.canadiana.ca/iiif/2/69429%2Fc03j39026t2h
1117	p. 1-203	https://image-tor.canadiana.ca/iiif/2/69429%2Fc0zs2k64kh20
1118	p. 1-204	https://image-tor.canadiana.ca/iiif/2/69429%2Fc0v11vd6xr23
1119	p. 1-205	https://image-tor.canadiana.ca/iiif/2/69429%2Fc0qb9v12443w
1120	p. 1-206	https://image-tor.canadiana.ca/iiif/2/69429%2Fc0kk9474gc4n
1121	p. 1-207	https://image-tor.canadiana.ca/iiif/2/69429%2Fc0ft8df6tm03
1122	p. 1-208	https://image-tor.canadiana.ca/iiif/2/69429%2Fc0b27pn95t8t
1123	p. 1-209	https://image-tor.canadiana.ca/iiif/2/69429%2Fc0696zw1j24d
1124	p. 1-210	https://image-tor.canadiana.ca/iiif/2/69429%2Fc02j6833w917
1125	p. 1-211	https://image-tor.canadiana.ca/iiif/2/69429%2Fc0xs5j96804z
1126	p. 1-212	https://image-tor.canadiana.ca/iiif/2/69429%2Fc0t43hx1fc6s
1127	p. 1-213	https://image-tor.canadiana.ca/iiif/2/69429%2Fc0pc2t43sm60
1128	p. 1-214	https://image-tor.canadiana.ca/iiif/2/69429%2Fc0jm23b64v4g
1129	p. 1-215	https://image-tor.canadiana.ca/iiif/2/69429%2Fc0dv1cj8h30f
1130	p. 1-216	https://image-tor.canadiana.ca/iiif/2/69429%2Fc0930ns0v97q
1131	p. 1-217	https://image-tor.canadiana.ca/iiif/2/69429%2Fc0599z036j5p
1132	p. 1-218	https://image-tor.canadiana.ca/iiif/2/69429%2Fc01j9765js6f
1133	p. 1-219	https://image-tor.canadiana.ca/iiif/2/69429%2Fc0ww76t0rm8n
1134	p. 1-220	https://image-tor.canadiana.ca/iiif/2/69429%2Fc0s46h133v8n
1135	p. 1-221	https://image-tor.canadiana.ca/iiif/2/69429%2Fc0nc5s75g356
1136	p. 1-222	https://image-tor.canadiana.ca/iiif/2/69429%2Fc0hm52f7tb11
1137	p. 1-223	https://image-tor.canadiana.ca/iiif/2/69429%2Fc0cv4bp05j8g
1138	p. 1-224	https://image-tor.canadiana.ca/iiif/2/69429%2Fc0833mw2hs70
1139	p. 1-225	https://image-tor.canadiana.ca/iiif/2/69429%2Fc04b2x34w17q
1140	p. 1-226	https://image-tor.canadiana.ca/iiif/2/69429%2Fc00p0wq02d7j
1141	p. 1-227	https://image-tor.canadiana.ca/iiif/2/69429%2Fc0vx05x2f39k
1142	p. 1-228	https://image-tor.canadiana.ca/iiif/2/69429%2Fc0r49g44sb56
1143	p. 1-229	https://image-tor.canadiana.ca/iiif/2/69429%2Fc0mc8rb74k2q
1144	p. 1-230	https://image-tor.canadiana.ca/iiif/2/69429%2Fc0gm81j9gs8v
1145	p. 1-231	https://image-tor.canadiana.ca/iiif/2/69429%2Fc0bv79s1v19c
1146	p. 1-232	https://image-tor.canadiana.ca/iiif/2/69429%2Fc0736m04689c
1147	p. 1-233	https://image-tor.canadiana.ca/iiif/2/69429%2Fc03f4kk9cp1z
1148	p. 1-234	https://image-tor.canadiana.ca/iiif/2/69429%2Fc0zp3vt1rc12
1149	p. 1-235	https://image-tor.canadiana.ca/iiif/2/69429%2Fc0tx35143k98
1150	p. 1-236	https://image-tor.canadiana.ca/iiif/2/69429%2Fc0q52f76ft51
1151	p. 1-237	https://image-tor.canadiana.ca/iiif/2/69429%2Fc0kd1qf8t22k
1152	p. 1-238	https://image-tor.canadiana.ca/iiif/2/69429%2Fc0fn10p15918
1153	p. 1-239	https://image-tor.canadiana.ca/iiif/2/69429%2Fc09z9086bp2f
1154	p. 1-240	https://image-tor.canadiana.ca/iiif/2/69429%2Fc06688g8px34
1155	p. 1-241	https://image-tor.canadiana.ca/iiif/2/69429%2Fc02f7jq1252z
1156	p. 1-242	https://image-tor.canadiana.ca/iiif/2/69429%2Fc0xp6tx3dv1b
1157	unnumbered	https://image-tor.canadiana.ca/iiif/2/69429%2Fc0sx6445s27d
1158	p. 1-2	https://image-tor.canadiana.ca/iiif/2/69429%2Fc0p55db84947
1159	p. 1-3	https://image-tor.canadiana.ca/iiif/2/69429%2Fc0jd4pk0gj4n
1160	p. 1-4	https://image-tor.canadiana.ca/iiif/2/69429%2Fc0dr2p55nx4s
1161	p. 1-5	https://image-tor.canadiana.ca/iiif/2/69429%2Fc0901zc8154w
1162	p. 1-6	https://image-tor.canadiana.ca/iiif/2/69429%2Fc05717m0cd33
1163	p. 1-7	https://image-tor.canadiana.ca/iiif/2/69429%2Fc01g0ht2qm9v
1164	p. 1-8	https://image-tor.canadiana.ca/iiif/2/69429%2Fc0wp9t15399p
1165	p. 1-9	https://image-tor.canadiana.ca/iiif/2/69429%2Fc0rx9377fj5h
1166	p. 1-10	https://image-tor.canadiana.ca/iiif/2/69429%2Fc0n58cf9ss66
1167	p. 1-11	https://image-tor.canadiana.ca/iiif/2/69429%2Fc0hh6c25056z
1168	p. 1-12	https://image-tor.canadiana.ca/iiif/2/69429%2Fc0cr5n87bd7b
1169	p. 1-13	https://image-tor.canadiana.ca/iiif/2/69429%2Fc0804xg9pn58
1170	p. 1-14	https://image-tor.canadiana.ca/iiif/2/69429%2Fc04746q21w2s
1171	p. 1-15	https://image-tor.canadiana.ca/iiif/2/69429%2Fc00g3gx4d39n
1172	p. 1-16	https://image-tor.canadiana.ca/iiif/2/69429%2Fc0vq2s46rs8f
1173	p. 1-17	https://image-tor.canadiana.ca/iiif/2/69429%2Fc0qz22b9418m
1174	p. 1-18	https://image-tor.canadiana.ca/iiif/2/69429%2Fc0m901z49d9v
1175	p. 1-19	https://image-tor.canadiana.ca/iiif/2/69429%2Fc0gh9b56np0s
1176	p. 1-20	https://image-tor.canadiana.ca/iiif/2/69429%2Fc0br8mc90w61
1177	p. 1-21	https://image-tor.canadiana.ca/iiif/2/69429%2Fc0707wm1c443
1178	p. 1-22	https://image-tor.canadiana.ca/iiif/2/69429%2Fc03775t3qc0x
1179	p. 1-23	https://image-tor.canadiana.ca/iiif/2/69429%2Fc0zg6g163191
1180	p. 1-24	https://image-tor.canadiana.ca/iiif/2/69429%2Fc0tq5r78f903
1181	p. 1-25	https://image-tor.canadiana.ca/iiif/2/69429%2Fc0q23qv3mp1b
1182	p. 1-26	https://image-tor.canadiana.ca/iiif/2/69429%2Fc0k93125zx1x
1183	p. 1-27	https://image-tor.canadiana.ca/iiif/2/69429%2Fc0fj2988b49v
1184	p. 1-28	https://image-tor.canadiana.ca/iiif/2/69429%2Fc09s1kh0pc5x
1185	p. 1-29	https://image-tor.canadiana.ca/iiif/2/69429%2Fc0610vq31m3b
1186	p. 1-30	https://image-tor.canadiana.ca/iiif/2/69429%2Fc02804x5ct9g
1187	p. 1-31	https://image-tor.canadiana.ca/iiif/2/69429%2Fc0xg9f47rj28
1188	p. 1-32	https://image-tor.canadiana.ca/iiif/2/69429%2Fc0st7dr2xx36
1189	p. 1-33	https://image-tor.canadiana.ca/iiif/2/69429%2Fc0p26pz5954w
1190	p. 1-34	https://image-tor.canadiana.ca/iiif/2/69429%2Fc0j96057nd29
1191	p. 1-35	https://image-tor.canadiana.ca/iiif/2/69429%2Fc0dj58d00m9r
1192	p. 1-36	https://image-tor.canadiana.ca/iiif/2/69429%2Fc08s4jm2bv56
1193	p. 1-37	https://image-tor.canadiana.ca/iiif/2/69429%2Fc0513tt4q33n
1194	p. 1-38	https://image-tor.canadiana.ca/iiif/2/69429%2Fc01834172b3q
1195	p. 1-39	https://image-tor.canadiana.ca/iiif/2/69429%2Fc0wm13n2855x
1196	p. 1-40	https://image-tor.canadiana.ca/iiif/2/69429%2Fc0rv0cv4md69
1197	p. 1-41	https://image-tor.canadiana.ca/iiif/2/69429%2Fc0n29p26zn2x
1198	p. 1-42	https://image-tor.canadiana.ca/iiif/2/69429%2Fc0h98z899w01
1199	p. 1-43	https://image-tor.canadiana.ca/iiif/2/69429%2Fc0cj87h1p369
1200	p. 1-44	https://image-tor.canadiana.ca/iiif/2/69429%2Fc07s7hq41b4d
1201	p. 1-45	https://image-tor.canadiana.ca/iiif/2/69429%2Fc0416sx6ck53
1202	p. 1-46	https://image-tor.canadiana.ca/iiif/2/69429%2Fc00c4sj1jz5v
1203	p. 1-47	https://image-tor.canadiana.ca/iiif/2/69429%2Fc0vm42r3xn69
1204	p. 1-48	https://image-tor.canadiana.ca/iiif/2/69429%2Fc0qv3bz68w4d
1205	p. 1-49	https://image-tor.canadiana.ca/iiif/2/69429%2Fc0m32n58n403
1206	p. 1-50	https://image-tor.canadiana.ca/iiif/2/69429%2Fc0gb1xd10b7j
1207	p. 1-51	https://image-tor.canadiana.ca/iiif/2/69429%2Fc0bk16m3bk64
1208	p. 1-52	https://image-tor.canadiana.ca/iiif/2/69429%2Fc06t0gt5pt7h
1209	p. 1-53	https://image-tor.canadiana.ca/iiif/2/69429%2Fc0348gf0w684
1210	p. 1-54	https://image-tor.canadiana.ca/iiif/2/69429%2Fc0zc7rn37x0f
1211	p. 1-55	https://image-tor.canadiana.ca/iiif/2/69429%2Fc0tm71v5m47p
1212	p. 1-56	https://image-tor.canadiana.ca/iiif/2/69429%2Fc0pv6b27zc44
1213	p. 1-57	https://image-tor.canadiana.ca/iiif/2/69429%2Fc0k35m909m00
1214	p. 1-58	https://image-tor.canadiana.ca/iiif/2/69429%2Fc0fb4wh2nt9h
1215	p. 1-59	https://image-tor.canadiana.ca/iiif/2/69429%2Fc09p2w37v711
1216	p. 1-60	https://image-tor.canadiana.ca/iiif/2/69429%2Fc05x25b06g0q
1217	p. 1-61	https://image-tor.canadiana.ca/iiif/2/69429%2Fc0251fj2jq0t
1218	p. 1-62	https://image-tor.canadiana.ca/iiif/2/69429%2Fc0xd0qr4xc8f
1219	p. 1-63	https://image-tor.canadiana.ca/iiif/2/69429%2Fc0sn00z78m6x
1220	p. 1-64	https://image-tor.canadiana.ca/iiif/2/69429%2Fc0nv9959mv27
1221	p. 1-65	https://image-tor.canadiana.ca/iiif/2/69429%2Fc0j38kd2032z
1222	p. 1-66	https://image-tor.canadiana.ca/iiif/2/69429%2Fc0df6k075g1h
1223	p. 1-67	https://image-tor.canadiana.ca/iiif/2/69429%2Fc08p5v69hq2w
1224	p. 1-68	https://image-tor.canadiana.ca/iiif/2/69429%2Fc04x54f1vz13
1225	p. 1-69	https://image-tor.canadiana.ca/iiif/2/69429%2Fc0154dn4759b
1226	p. 1-70	https://image-tor.canadiana.ca/iiif/2/69429%2Fc0wd3pv6kv8q
1227	p. 1-71	https://image-tor.canadiana.ca/iiif/2/69429%2Fc0rn3028z352
1228	p. 1-72	https://image-tor.canadiana.ca/iiif/2/69429%2Fc0mw28919b4c
1229	p. 1-73	https://image-tor.canadiana.ca/iiif/2/69429%2Fc0h707w6gq4d
1230	p. 1-74	https://image-tor.canadiana.ca/iiif/2/69429%2Fc0cf9j38tz42
1231	p. 1-75	https://image-tor.canadiana.ca/iiif/2/69429%2Fc07p8tb1664g
1232	p. 1-76	https://image-tor.canadiana.ca/iiif/2/69429%2Fc03x83j3jf1w
1233	p. 1-77	https://image-tor.canadiana.ca/iiif/2/69429%2Fc0057cr5wn8j
1234	p. 1-78	https://image-tor.canadiana.ca/iiif/2/69429%2Fc0vd6nz88b6b
1235	p. 1-79	https://image-tor.canadiana.ca/iiif/2/69429%2Fc0qn5z60mk7r
1236	p. 1-80	https://image-tor.canadiana.ca/iiif/2/69429%2Fc0m03xs5sz8c
1237	p. 1-81	https://image-tor.canadiana.ca/iiif/2/69429%2Fc0g73708568z
1238	p. 1-82	https://image-tor.canadiana.ca/iiif/2/69429%2Fc0bg2h70hf7s
1239	p. 1-83	https://image-tor.canadiana.ca/iiif/2/69429%2Fc06q1sf2vp37
1240	p. 1-84	https://image-tor.canadiana.ca/iiif/2/69429%2Fc02z12n56x1q
1241	p. 1-85	https://image-tor.canadiana.ca/iiif/2/69429%2Fc0z60bv7kk9n
1242	p. 1-86	https://image-tor.canadiana.ca/iiif/2/69429%2Fc0td9n29xt99
1243	p. 1-87	https://image-tor.canadiana.ca/iiif/2/69429%2Fc0pr7mp54682
1244	p. 1-88	https://image-tor.canadiana.ca/iiif/2/69429%2Fc0k06ww7gf9r
1245	p. 1-89	https://image-tor.canadiana.ca/iiif/2/69429%2Fc0f76639tp75
1246	p. 1-90	https://image-tor.canadiana.ca/iiif/2/69429%2Fc09g5gb25x5w
1247	p. 1-91	https://image-tor.canadiana.ca/iiif/2/69429%2Fc05q4rj4j51v
1248	p. 1-92	https://image-tor.canadiana.ca/iiif/2/69429%2Fc01z41r6wc95
1249	p. 1-93	https://image-tor.canadiana.ca/iiif/2/69429%2Fc0x639z98319
1250	p. 1-94	https://image-tor.canadiana.ca/iiif/2/69429%2Fc0sj19k4fg12
1251	p. 1-95	https://image-tor.canadiana.ca/iiif/2/69429%2Fc0ns0ks6sq2f
1252	p. 1-96	https://image-tor.canadiana.ca/iiif/2/69429%2Fc0j09w094z0q
1253	p. 1-97	https://image-tor.canadiana.ca/iiif/2/69429%2Fc0d79571h57k
1254	p. 1-98	https://image-tor.canadiana.ca/iiif/2/69429%2Fc08g8ff3vd4m
1255	p. 1-99	https://image-tor.canadiana.ca/iiif/2/69429%2Fc04q7qn66n0j
1256	p. 1-100	https://image-tor.canadiana.ca/iiif/2/69429%2Fc00z70v8jw19
1257	p. 1-101	https://image-tor.canadiana.ca/iiif/2/69429%2Fc0w950g3rq4t
1258	p. 1-102	https://image-tor.canadiana.ca/iiif/2/69429%2Fc0rj48p63z43
1259	p. 1-103	https://image-tor.canadiana.ca/iiif/2/69429%2Fc0ms3jw8g63t
1260	p. 1-104	https://image-tor.canadiana.ca/iiif/2/69429%2Fc0h12v40td9x
1261	p. 1-105	https://image-tor.canadiana.ca/iiif/2/69429%2Fc0c824b35n6t
1262	p. 1-106	https://image-tor.canadiana.ca/iiif/2/69429%2Fc07h1dj5hw4f
1263	p. 1-107	https://image-tor.canadiana.ca/iiif/2/69429%2Fc03r0pr7w44r
1264	p. 1-108	https://image-tor.canadiana.ca/iiif/2/69429%2Fc0028pc32h35
1265	p. 1-109	https://image-tor.canadiana.ca/iiif/2/69429%2Fc0v97zk5f66d
1266	p. 1-110	https://image-tor.canadiana.ca/iiif/2/69429%2Fc0qj77s7sf27
1267	p. 1-111	https://image-tor.canadiana.ca/iiif/2/69429%2Fc0ks6j104p0c
1268	p. 1-112	https://image-tor.canadiana.ca/iiif/2/69429%2Fc0g15t72gw6f
1269	p. 1-113	https://image-tor.canadiana.ca/iiif/2/69429%2Fc0b853f4v45j
1270	p. 1-114	https://image-tor.canadiana.ca/iiif/2/69429%2Fc06h4cn76c5t
1271	p. 1-115	https://image-tor.canadiana.ca/iiif/2/69429%2Fc02v2c82cr5k
1272	p. 1-116	https://image-tor.canadiana.ca/iiif/2/69429%2Fc0z31ng4rf84
1273	p. 1-117	https://image-tor.canadiana.ca/iiif/2/69429%2Fc0tb0xp73p5n
1274	p. 1-118	https://image-tor.canadiana.ca/iiif/2/69429%2Fc0pk06w9fx22
1275	p. 1-119	https://image-tor.canadiana.ca/iiif/2/69429%2Fc0js9h41t48t
1276	p. 1-120	https://image-tor.canadiana.ca/iiif/2/69429%2Fc0f18sb45c7t
1277	p. 1-121	https://image-tor.canadiana.ca/iiif/2/69429%2Fc09c6rx9br9q
1278	p. 1-122	https://image-tor.canadiana.ca/iiif/2/69429%2Fc05m6251q09f
1279	p. 1-123	https://image-tor.canadiana.ca/iiif/2/69429%2Fc01v5bc42784
1280	p. 1-124	https://image-tor.canadiana.ca/iiif/2/69429%2Fc0x34mk6dx8d
1281	p. 1-125	https://image-tor.canadiana.ca/iiif/2/69429%2Fc0sb3ws8s55z
1282	p. 1-126	https://image-tor.canadiana.ca/iiif/2/69429%2Fc0nk36114d2w
1283	p. 1-127	https://image-tor.canadiana.ca/iiif/2/69429%2Fc0ht2g73gn13
1284	p. 1-128	https://image-tor.canadiana.ca/iiif/2/69429%2Fc0d50ft8p09s
1285	p. 1-129	https://image-tor.canadiana.ca/iiif/2/69429%2Fc08c9r21179j
1286	p. 1-130	https://image-tor.canadiana.ca/iiif/2/69429%2Fc04m9183ch00
1287	p. 1-131	https://image-tor.canadiana.ca/iiif/2/69429%2Fc00v89g5qq6r
1288	p. 1-132	https://image-tor.canadiana.ca/iiif/2/69429%2Fc0w37kp83d7m
1289	p. 1-133	https://image-tor.canadiana.ca/iiif/2/69429%2Fc0rb6vx0fn3p
1290	p. 1-134	https://image-tor.canadiana.ca/iiif/2/69429%2Fc0mk6542sw2p
1291	p. 1-135	https://image-tor.canadiana.ca/iiif/2/69429%2Fc0gx44q8082d
1292	p. 1-136	https://image-tor.canadiana.ca/iiif/2/69429%2Fc0c53dz0bh24
1293	p. 1-137	https://image-tor.canadiana.ca/iiif/2/69429%2Fc07d2q52pr2b
1294	p. 1-138	https://image-tor.canadiana.ca/iiif/2/69429%2Fc03n20c51z9j
1295	p. 1-139	https://image-tor.canadiana.ca/iiif/2/69429%2Fc0zw18k7dn8f
1296	p. 1-140	https://image-tor.canadiana.ca/iiif/2/69429%2Fc0v40js9rw46
1297	p. 1-141	https://image-tor.canadiana.ca/iiif/2/69429%2Fc0qb9v12444g
1298	p. 1-142	https://image-tor.canadiana.ca/iiif/2/69429%2Fc0kp7tm79h5s
1299	p. 1-143	https://image-tor.canadiana.ca/iiif/2/69429%2Fc0fx73t9nr6j
1300	p. 1-144	https://image-tor.canadiana.ca/iiif/2/69429%2Fc0b56d22104h
1301	p. 1-145	https://image-tor.canadiana.ca/iiif/2/69429%2Fc06d5p84c724
1302	p. 1-146	https://image-tor.canadiana.ca/iiif/2/69429%2Fc02n4zg6qf9g
1303	p. 1-147	https://image-tor.canadiana.ca/iiif/2/69429%2Fc0xw47p93487
1304	p. 1-148	https://image-tor.canadiana.ca/iiif/2/69429%2Fc0t43hx1fc7c
1305	p. 1-149	https://image-tor.canadiana.ca/iiif/2/69429%2Fc0pg1hh6mr6x
1306	p. 1-150	https://image-tor.canadiana.ca/iiif/2/69429%2Fc0jq0sq9006q
1307	p. 1-151	https://image-tor.canadiana.ca/iiif/2/69429%2Fc0dz02z1b76h
1308	p. 1-152	https://image-tor.canadiana.ca/iiif/2/69429%2Fc0959c53pg24
1309	p. 1-153	https://image-tor.canadiana.ca/iiif/2/69429%2Fc05d8nc61q07
1310	p. 1-154	https://image-tor.canadiana.ca/iiif/2/69429%2Fc01n7xk8cx60
1311	p. 1-155	https://image-tor.canadiana.ca/iiif/2/69429%2Fc0ww76t0rm97
1312	p. 1-156	https://image-tor.canadiana.ca/iiif/2/69429%2Fc0s756d5z08m
1313	p. 1-157	https://image-tor.canadiana.ca/iiif/2/69429%2Fc0ng4gm8979g
1314	p. 1-158	https://image-tor.canadiana.ca/iiif/2/69429%2Fc0hq3rv0ng89
1315	p. 1-159	https://image-tor.canadiana.ca/iiif/2/69429%2Fc0cz32230q5m
1316	p. 1-160	https://image-tor.canadiana.ca/iiif/2/69429%2Fc0862b85bz2z
1317	p. 1-161	https://image-tor.canadiana.ca/iiif/2/69429%2Fc04f1mg7q587
1318	p. 1-162	https://image-tor.canadiana.ca/iiif/2/69429%2Fc00p0wq02d84
1319	p. 1-163	https://image-tor.canadiana.ca/iiif/2/69429%2Fc0w08w958815
1320	p. 1-164	https://image-tor.canadiana.ca/iiif/2/69429%2Fc0r785h7mh2x
1321	p. 1-165	https://image-tor.canadiana.ca/iiif/2/69429%2Fc0mg7fq9zr0j
1322	p. 1-166	https://image-tor.canadiana.ca/iiif/2/69429%2Fc0gq6qz29z8k
1323	p. 1-167	https://image-tor.canadiana.ca/iiif/2/69429%2Fc0bz6154p64b
1324	p. 1-168	https://image-tor.canadiana.ca/iiif/2/69429%2Fc07659c71f15
1325	p. 1-169	https://image-tor.canadiana.ca/iiif/2/69429%2Fc03f4kk9cp2j
1326	p. 1-170	https://image-tor.canadiana.ca/iiif/2/69429%2Fc0zs2k64kh3k
1327	p. 1-171	https://image-tor.canadiana.ca/iiif/2/69429%2Fc0v11vd6xr3p
1328	p. 1-172	https://image-tor.canadiana.ca/iiif/2/69429%2Fc0q814m99028
1329	p. 1-173	https://image-tor.canadiana.ca/iiif/2/69429%2Fc0kh0dv1n68n
1330	p. 1-174	https://image-tor.canadiana.ca/iiif/2/69429%2Fc0fq9q240f6m
1331	p. 1-175	https://image-tor.canadiana.ca/iiif/2/69429%2Fc09z9086bp31
1332	p. 1-176	https://image-tor.canadiana.ca/iiif/2/69429%2Fc06688g8px4q
1333	p. 1-177	https://image-tor.canadiana.ca/iiif/2/69429%2Fc02j6833w92t
1334	p. 1-178	https://image-tor.canadiana.ca/iiif/2/69429%2Fc0xs5j96805j
1335	unnumbered	https://image-tor.canadiana.ca/iiif/2/69429%2Fc0t14th8m73g
1336	p. 1-2	https://image-tor.canadiana.ca/iiif/2/69429%2Fc0p843r0zg0h
1337	p. 1-3	https://image-tor.canadiana.ca/iiif/2/69429%2Fc0jh3cz39p6r
1338	p. 1-4	https://image-tor.canadiana.ca/iiif/2/69429%2Fc0dr2p55nx5c
1339	p. 1-5	https://image-tor.canadiana.ca/iiif/2/69429%2Fc0901zc8155g
1340	p. 1-6	https://image-tor.canadiana.ca/iiif/2/69429%2Fc0599z036j68
1341	p. 1-7	https://image-tor.canadiana.ca/iiif/2/69429%2Fc01j9765js71
1342	p. 1-8	https://image-tor.canadiana.ca/iiif/2/69429%2Fc0ws8hd7xg5b
1343	unnumbered	https://image-tor.canadiana.ca/iiif/2/69429%2Fc0s17sn08q3c
1344	p. 1-2	https://image-tor.canadiana.ca/iiif/2/69429%2Fc0n872v2mx9h
1345	p. 1-3	https://image-tor.canadiana.ca/iiif/2/69429%2Fc0hh6c25057j
1346	p. 1-4	https://image-tor.canadiana.ca/iiif/2/69429%2Fc0cv4bp05j92
1347	p. 1-5	https://image-tor.canadiana.ca/iiif/2/69429%2Fc0833mw2hs8k
1348	p. 1-6	https://image-tor.canadiana.ca/iiif/2/69429%2Fc04b2x34w189
1349	p. 1-7	https://image-tor.canadiana.ca/iiif/2/69429%2Fc00k2697786s
1350	p. 1-8	https://image-tor.canadiana.ca/iiif/2/69429%2Fc0vt1gh9kz55
1351	p. 1-9	https://image-tor.canadiana.ca/iiif/2/69429%2Fc0r20rr1z62n
1352	p. 1-10	https://image-tor.canadiana.ca/iiif/2/69429%2Fc0m901z49f04
1353	p. 1-11	https://image-tor.canadiana.ca/iiif/2/69429%2Fc0gm81j9gs9f
1354	p. 1-12	https://image-tor.canadiana.ca/iiif/2/69429%2Fc0bv79s1v20n
1355	p. 1-13	https://image-tor.canadiana.ca/iiif/2/69429%2Fc0736m04690n
1356	p. 1-14	https://image-tor.canadiana.ca/iiif/2/69429%2Fc03b5w66jh70
1357	p. 1-15	https://image-tor.canadiana.ca/iiif/2/69429%2Fc0zk55d8x67v
1358	p. 1-16	https://image-tor.canadiana.ca/iiif/2/69429%2Fc0tt4fn18f3d
1359	p. 1-17	https://image-tor.canadiana.ca/iiif/2/69429%2Fc0q23qv3mp2x
1360	p. 1-18	https://image-tor.canadiana.ca/iiif/2/69429%2Fc0kd1qf8t235
1361	p. 1-19	https://image-tor.canadiana.ca/iiif/2/69429%2Fc0fn10p1592v
1362	p. 1-20	https://image-tor.canadiana.ca/iiif/2/69429%2Fc09w08w3hj2n
1363	p. 1-21	https://image-tor.canadiana.ca/iiif/2/69429%2Fc0639k35vr8k
1364	p. 1-22	https://image-tor.canadiana.ca/iiif/2/69429%2Fc02b8v98707s
1365	p. 1-23	https://image-tor.canadiana.ca/iiif/2/69429%2Fc0xk84j0kp5k
1366	p. 1-24	https://image-tor.canadiana.ca/iiif/2/69429%2Fc0st7dr2xx4s
1367	p. 1-25	https://image-tor.canadiana.ca/iiif/2/69429%2Fc0p55db8495t
1368	p. 1-26	https://image-tor.canadiana.ca/iiif/2/69429%2Fc0jd4pk0gj57
1369	p. 1-27	https://image-tor.canadiana.ca/iiif/2/69429%2Fc0dn3zs2ts3v
1370	p. 1-28	https://image-tor.canadiana.ca/iiif/2/69429%2Fc08w38056118
1371	p. 1-29	https://image-tor.canadiana.ca/iiif/2/69429%2Fc0542j67j78x
1372	p. 1-30	https://image-tor.canadiana.ca/iiif/2/69429%2Fc01c1td9wg5z
1373	p. 1-31	https://image-tor.canadiana.ca/iiif/2/69429%2Fc0wm13n2856h
1374	p. 1-32	https://image-tor.canadiana.ca/iiif/2/69429%2Fc0rx9377fj63
1375	p. 1-33	https://image-tor.canadiana.ca/iiif/2/69429%2Fc0n58cf9ss7s
1376	p. 1-34	https://image-tor.canadiana.ca/iiif/2/69429%2Fc0hd7np2516m
1377	p. 1-35	https://image-tor.canadiana.ca/iiif/2/69429%2Fc0cn6xw4h83n
1378	p. 1-36	https://image-tor.canadiana.ca/iiif/2/69429%2Fc07w6736vh0g
1379	p. 1-37	https://image-tor.canadiana.ca/iiif/2/69429%2Fc0445h996q7m
1380	p. 1-38	https://image-tor.canadiana.ca/iiif/2/69429%2Fc00c4sj1jz6f
1381	p. 1-39	https://image-tor.canadiana.ca/iiif/2/69429%2Fc0vq2s46rs91
1382	p. 1-40	https://image-tor.canadiana.ca/iiif/2/69429%2Fc0qz22b94196
1383	p. 1-41	https://image-tor.canadiana.ca/iiif/2/69429%2Fc0m61bk1g89x
1384	p. 1-42	https://image-tor.canadiana.ca/iiif/2/69429%2Fc0gf0ms3th5c
1385	p. 1-43	https://image-tor.canadiana.ca/iiif/2/69429%2Fc0bn9x065r3b
1386	p. 1-44	https://image-tor.canadiana.ca/iiif/2/69429%2Fc06w9668hz9g
1387	p. 1-45	https://image-tor.canadiana.ca/iiif/2/69429%2Fc0348gf0w69q
1388	p. 1-46	https://image-tor.canadiana.ca/iiif/2/69429%2Fc0zg6g163209
1389	p. 1-47	https://image-tor.canadiana.ca/iiif/2/69429%2Fc0tq5r78f91p
1390	p. 1-48	https://image-tor.canadiana.ca/iiif/2/69429%2Fc0pz51g0sh9m
1391	p. 1-49	https://image-tor.canadiana.ca/iiif/2/69429%2Fc0k649p34r71
1392	p. 1-50	https://image-tor.canadiana.ca/iiif/2/69429%2Fc0ff3kw5h04k
1393	p. 1-51	https://image-tor.canadiana.ca/iiif/2/69429%2Fc09p2w37v72m
1394	p. 1-52	https://image-tor.canadiana.ca/iiif/2/69429%2Fc05x25b06g19
1395	p. 1-53	https://image-tor.canadiana.ca/iiif/2/69429%2Fc02804x5cv0r
1396	p. 1-54	https://image-tor.canadiana.ca/iiif/2/69429%2Fc0xg9f47rj3v
1397	p. 1-55	https://image-tor.canadiana.ca/iiif/2/69429%2Fc0sq8qc03s1k
1398	p. 1-56	https://image-tor.canadiana.ca/iiif/2/69429%2Fc0nz80k2g08t
1399	p. 1-57	https://image-tor.canadiana.ca/iiif/2/69429%2Fc0j678s4t74k
1400	p. 1-58	https://image-tor.canadiana.ca/iiif/2/69429%2Fc0df6k075g23
1401	p. 1-59	https://image-tor.canadiana.ca/iiif/2/69429%2Fc08p5v69hq3g
1402	p. 1-60	https://image-tor.canadiana.ca/iiif/2/69429%2Fc0513tt4q347
1403	p. 1-61	https://image-tor.canadiana.ca/iiif/2/69429%2Fc01834172b49
1404	p. 1-62	https://image-tor.canadiana.ca/iiif/2/69429%2Fc0wh2d79f14s
1405	p. 1-63	https://image-tor.canadiana.ca/iiif/2/69429%2Fc0rr1pg1s80v
1406	p. 1-64	https://image-tor.canadiana.ca/iiif/2/69429%2Fc0n00zp44g8k
1407	p. 1-65	https://image-tor.canadiana.ca/iiif/2/69429%2Fc0h707w6gq50
1408	p. 1-66	https://image-tor.canadiana.ca/iiif/2/69429%2Fc0cj87h1p37w
1409	p. 1-67	https://image-tor.canadiana.ca/iiif/2/69429%2Fc07s7hq41b50
1410	p. 1-68	https://image-tor.canadiana.ca/iiif/2/69429%2Fc0416sx6ck6p
1411	p. 1-69	https://image-tor.canadiana.ca/iiif/2/69429%2Fc0086348qt3h
1412	p. 1-70	https://image-tor.canadiana.ca/iiif/2/69429%2Fc0vh5cc13h4p
1413	p. 1-71	https://image-tor.canadiana.ca/iiif/2/69429%2Fc0qr4nk3fr04
1414	p. 1-72	https://image-tor.canadiana.ca/iiif/2/69429%2Fc0m03xs5sz9z
1415	p. 1-73	https://image-tor.canadiana.ca/iiif/2/69429%2Fc0gb1xd10b84
1416	p. 1-74	https://image-tor.canadiana.ca/iiif/2/69429%2Fc0bk16m3bk7q
1417	p. 1-75	https://image-tor.canadiana.ca/iiif/2/69429%2Fc06t0gt5pt83
1418	p. 1-76	https://image-tor.canadiana.ca/iiif/2/69429%2Fc0319s182259
1419	p. 1-77	https://image-tor.canadiana.ca/iiif/2/69429%2Fc0z89280dr58
1420	p. 1-78	https://image-tor.canadiana.ca/iiif/2/69429%2Fc0th8bg2s017
1421	p. 1-79	https://image-tor.canadiana.ca/iiif/2/69429%2Fc0pr7mp5469n
1422	p. 1-80	https://image-tor.canadiana.ca/iiif/2/69429%2Fc0k35m909m1k
1423	p. 1-81	https://image-tor.canadiana.ca/iiif/2/69429%2Fc0fb4wh2nv0s
1424	p. 1-82	https://image-tor.canadiana.ca/iiif/2/69429%2Fc09k45q5129p
1425	p. 1-83	https://image-tor.canadiana.ca/iiif/2/69429%2Fc05t3fx7c979
1426	p. 1-84	https://image-tor.canadiana.ca/iiif/2/69429%2Fc0222r49qj42
1427	p. 1-85	https://image-tor.canadiana.ca/iiif/2/69429%2Fc0x921c2373f
1428	p. 1-86	https://image-tor.canadiana.ca/iiif/2/69429%2Fc0sj19k4fg2n
1429	p. 1-87	https://image-tor.canadiana.ca/iiif/2/69429%2Fc0nv9959mv3t
1430	p. 1-88	https://image-tor.canadiana.ca/iiif/2/69429%2Fc0j38kd2033j
1431	p. 1-89	https://image-tor.canadiana.ca/iiif/2/69429%2Fc0db7vm4bb3b
1432	p. 1-90	https://image-tor.canadiana.ca/iiif/2/69429%2Fc08k74t6pj9g
1433	p. 1-91	https://image-tor.canadiana.ca/iiif/2/69429%2Fc04t6f191s8k
1434	p. 1-92	https://image-tor.canadiana.ca/iiif/2/69429%2Fc0125q81d14g
1435	p. 1-93	https://image-tor.canadiana.ca/iiif/2/69429%2Fc0w950g3rq5d
1436	p. 1-94	https://image-tor.canadiana.ca/iiif/2/69429%2Fc0rn3028z36n
1437	p. 1-95	https://image-tor.canadiana.ca/iiif/2/69429%2Fc0mw28919b5z
1438	p. 1-96	https://image-tor.canadiana.ca/iiif/2/69429%2Fc0h41jh3nk52
1439	p. 1-97	https://image-tor.canadiana.ca/iiif/2/69429%2Fc0cc0tq60t2k
1440	p. 1-98	https://image-tor.canadiana.ca/iiif/2/69429%2Fc07m03x8c187
1441	p. 1-99	https://image-tor.canadiana.ca/iiif/2/69429%2Fc03t9d50q845
1442	p. 1-100	https://image-tor.canadiana.ca/iiif/2/69429%2Fc0028pc32h4r
1443	p. 1-101	https://image-tor.canadiana.ca/iiif/2/69429%2Fc0vd6nz88b7x
1444	p. 1-102	https://image-tor.canadiana.ca/iiif/2/69429%2Fc0qn5z60mk8b
1445	p. 1-103	https://image-tor.canadiana.ca/iiif/2/69429%2Fc0kw57d2zt6b
1446	p. 1-104	https://image-tor.canadiana.ca/iiif/2/69429%2Fc0g44hm5b248
1447	p. 1-105	https://image-tor.canadiana.ca/iiif/2/69429%2Fc0bc3st7p90q
1448	p. 1-106	https://image-tor.canadiana.ca/iiif/2/69429%2Fc06m33201h7z
1449	index (p. 1-1)	https://image-tor.canadiana.ca/iiif/2/69429%2Fc02v2c82cr65
1450	p. 1-2	https://image-tor.canadiana.ca/iiif/2/69429%2Fc0z60bv7km0x
1451	p. 1-3	https://image-tor.canadiana.ca/iiif/2/69429%2Fc0td9n29xv0k
1452	p. 1-4	https://image-tor.canadiana.ca/iiif/2/69429%2Fc0pn8x929300
1453	p. 1-5	https://image-tor.canadiana.ca/iiif/2/69429%2Fc0jw86h4n97q
1454	p. 1-6	https://image-tor.canadiana.ca/iiif/2/69429%2Fc0f47gq70j3z
1455	p. 1-7	https://image-tor.canadiana.ca/iiif/2/69429%2Fc09c6rx9bs00
1456	p. 1-8	https://image-tor.canadiana.ca/iiif/2/69429%2Fc05m6251q10q
1457	unnumbered	https://image-tor.canadiana.ca/iiif/2/69429%2Fc01z41r6wd0f
1458	blank page	https://image-tor.canadiana.ca/iiif/2/69429%2Fc0x639z9832w
1459	p. 1-3	https://image-tor.canadiana.ca/iiif/2/69429%2Fc0sf2m61mb0j
1460	p. 1-4	https://image-tor.canadiana.ca/iiif/2/69429%2Fc0np1wd3zj69
1461	p. 1-5	https://image-tor.canadiana.ca/iiif/2/69429%2Fc0hx15m69s36
