1	technical data sheet	https://image-tor.canadiana.ca/iiif/2/69429%2Fc03x83j3j798
2	title page	https://image-tor.canadiana.ca/iiif/2/69429%2Fc0057cr5wg76
3	unnumbered	https://image-tor.canadiana.ca/iiif/2/69429%2Fc0vh5cc13b15
4	index (p. 1)	https://image-tor.canadiana.ca/iiif/2/69429%2Fc0qr4nk3fj8h
5	p. 2	https://image-tor.canadiana.ca/iiif/2/69429%2Fc0m03xs5ss6f
6	p. 3	https://image-tor.canadiana.ca/iiif/2/69429%2Fc0g73708515f
7	table of contents (p. 4)	https://image-tor.canadiana.ca/iiif/2/69429%2Fc0bg2h70h848
8	p. 5	https://image-tor.canadiana.ca/iiif/2/69429%2Fc06q1sf2vh19
9	p. 6	https://image-tor.canadiana.ca/iiif/2/69429%2Fc0319s181w28
10	p. 7	https://image-tor.canadiana.ca/iiif/2/69429%2Fc0z89280dk3b
11	p. 8	https://image-tor.canadiana.ca/iiif/2/69429%2Fc0th8bg2rt0c
12	p. 9	https://image-tor.canadiana.ca/iiif/2/69429%2Fc0pr7mp5417q
13	p. 10	https://image-tor.canadiana.ca/iiif/2/69429%2Fc0k06ww7g87t
14	p. 11	https://image-tor.canadiana.ca/iiif/2/69429%2Fc0f76639th57
15	p. 12	https://image-tor.canadiana.ca/iiif/2/69429%2Fc09g5gb25r4j
16	p. 13	https://image-tor.canadiana.ca/iiif/2/69429%2Fc05t3fx7c44s
17	p. 14	https://image-tor.canadiana.ca/iiif/2/69429%2Fc0222r49qc24
18	p. 15	https://image-tor.canadiana.ca/iiif/2/69429%2Fc0x921c23223
19	p. 16	https://image-tor.canadiana.ca/iiif/2/69429%2Fc0sj19k4f90q
20	p. 17	https://image-tor.canadiana.ca/iiif/2/69429%2Fc0ns0ks6sj0h
21	p. 18	https://image-tor.canadiana.ca/iiif/2/69429%2Fc0j09w094r83
22	p. 19	https://image-tor.canadiana.ca/iiif/2/69429%2Fc0d79571h067
23	p. 20	https://image-tor.canadiana.ca/iiif/2/69429%2Fc08k74t6pc6z
24	p. 21	https://image-tor.canadiana.ca/iiif/2/69429%2Fc04t6f191m6n
25	unnumbered	https://image-tor.canadiana.ca/iiif/2/69429%2Fc0125q81cv21
26	blank page	https://image-tor.canadiana.ca/iiif/2/69429%2Fc0w950g3rj2w
27	table of contents (p. 1-iii)	https://image-tor.canadiana.ca/iiif/2/69429%2Fc0rj48p63s1k
28	p. 1-iv	https://image-tor.canadiana.ca/iiif/2/69429%2Fc0ms3jw8g109
29	p. 1-v	https://image-tor.canadiana.ca/iiif/2/69429%2Fc0h12v40t770
30	p. 1-vi	https://image-tor.canadiana.ca/iiif/2/69429%2Fc0cc0tq60n0n
31	p. 1-vii	https://image-tor.canadiana.ca/iiif/2/69429%2Fc07m03x8bv7c
32	p. 1-viii	https://image-tor.canadiana.ca/iiif/2/69429%2Fc03t9d50q33t
33	p. 1-xi [ix]	https://image-tor.canadiana.ca/iiif/2/69429%2Fc0028pc32b2t
34	p. 1-x	https://image-tor.canadiana.ca/iiif/2/69429%2Fc0v97zk5f14g
35	p. 1-xi	https://image-tor.canadiana.ca/iiif/2/69429%2Fc0qj77s7s809
36	p. 1-xii	https://image-tor.canadiana.ca/iiif/2/69429%2Fc0ks6j104g9b
37	p. 1-xiii	https://image-tor.canadiana.ca/iiif/2/69429%2Fc0g44hm59w2t
38	p. 1-xiv	https://image-tor.canadiana.ca/iiif/2/69429%2Fc0bc3st7p39p
39	p. 1-xiva	https://image-tor.canadiana.ca/iiif/2/69429%2Fc06m33201b6m
40	p. 1-xivb	https://image-tor.canadiana.ca/iiif/2/69429%2Fc02v2c82ck47
41	p. 1-xv	https://image-tor.canadiana.ca/iiif/2/69429%2Fc0z31ng4r866
42	p. 1-xvi	https://image-tor.canadiana.ca/iiif/2/69429%2Fc0tb0xp73h3q
43	p. 1-xvii	https://image-tor.canadiana.ca/iiif/2/69429%2Fc0pk06w9fr04
44	p. 1-xviii	https://image-tor.canadiana.ca/iiif/2/69429%2Fc0jw86h4n446
45	p. 1-xix	https://image-tor.canadiana.ca/iiif/2/69429%2Fc0f47gq70c11
46	p. 1-xx	https://image-tor.canadiana.ca/iiif/2/69429%2Fc09c6rx9bk7s
47	p. 1-xxi	https://image-tor.canadiana.ca/iiif/2/69429%2Fc05m6251pt6d
48	p. 1-xxii	https://image-tor.canadiana.ca/iiif/2/69429%2Fc01v5bc42241
49	p. 1-xxiii	https://image-tor.canadiana.ca/iiif/2/69429%2Fc0x34mk6dr49
50	p. 1-xxiv	https://image-tor.canadiana.ca/iiif/2/69429%2Fc0sb3ws8s02f
51	p. 1-xxv	https://image-tor.canadiana.ca/iiif/2/69429%2Fc0np1wd3zc4c
52	p. 1-xxvi	https://image-tor.canadiana.ca/iiif/2/69429%2Fc0hx15m69m2v
53	p. 1-xxvii	https://image-tor.canadiana.ca/iiif/2/69429%2Fc0d50ft8nt8x
54	p. 1-xxviii	https://image-tor.canadiana.ca/iiif/2/69429%2Fc08c9r21127m
55	p. 1-xxix	https://image-tor.canadiana.ca/iiif/2/69429%2Fc04m9183c97s
56	p. 1-xxx	https://image-tor.canadiana.ca/iiif/2/69429%2Fc00v89g5qj37
57	p. 1-xxxi	https://image-tor.canadiana.ca/iiif/2/69429%2Fc0w37kp8375p
58	p. 1-xxxii	https://image-tor.canadiana.ca/iiif/2/69429%2Fc0rf5k938m7m
59	p. 1-xxxiii	https://image-tor.canadiana.ca/iiif/2/69429%2Fc0mp4vh5mv32
60	p. 1-xxxiv	https://image-tor.canadiana.ca/iiif/2/69429%2Fc0gx44q8030g
61	p. 1-xxxv	https://image-tor.canadiana.ca/iiif/2/69429%2Fc0c53dz0b99x
62	p. 1-xxxvi	https://image-tor.canadiana.ca/iiif/2/69429%2Fc07d2q52pj94
63	p. 1-xxxvii	https://image-tor.canadiana.ca/iiif/2/69429%2Fc03n20c51s7m
64	p. 1-xxxviii	https://image-tor.canadiana.ca/iiif/2/69429%2Fc0zw18k7dg73
65	p. 1-xxxix	https://image-tor.canadiana.ca/iiif/2/69429%2Fc0v69862kv86
66	p. 1-xl	https://image-tor.canadiana.ca/iiif/2/69429%2Fc0qf8jd4z36b
67	p. 1-xli	https://image-tor.canadiana.ca/iiif/2/69429%2Fc0kp7tm79b28
68	p. 1-xlii	https://image-tor.canadiana.ca/iiif/2/69429%2Fc0fx73t9nk2f
69	p. 1-xliii	https://image-tor.canadiana.ca/iiif/2/69429%2Fc0b56d220t0w
70	p. 1-xliv	https://image-tor.canadiana.ca/iiif/2/69429%2Fc06d5p84c19x
71	p. 1-xlv	https://image-tor.canadiana.ca/iiif/2/69429%2Fc02n4zg6q87j
72	p. 1-xlvi	https://image-tor.canadiana.ca/iiif/2/69429%2Fc0z02z31x39g
73	p. 1-xlvii	https://image-tor.canadiana.ca/iiif/2/69429%2Fc0t727948b8j
74	p. 1-xlviii	https://image-tor.canadiana.ca/iiif/2/69429%2Fc0pg1hh6mk5k
75	p. 1-xlix	https://image-tor.canadiana.ca/iiif/2/69429%2Fc0jq0sq8zt4s
76	p. 1-l	https://image-tor.canadiana.ca/iiif/2/69429%2Fc0dz02z1b24k
77	p. 1-li	https://image-tor.canadiana.ca/iiif/2/69429%2Fc0959c53p91s
78	p. 1-lii	https://image-tor.canadiana.ca/iiif/2/69429%2Fc05h7br8vp23
79	p. 1-liii	https://image-tor.canadiana.ca/iiif/2/69429%2Fc01r6n016x1t
80	p. 1-liv	https://image-tor.canadiana.ca/iiif/2/69429%2Fc0x05x63km01
81	p. 1-lv	https://image-tor.canadiana.ca/iiif/2/69429%2Fc0s756d5xt7r
82	p. 1-lvi	https://image-tor.canadiana.ca/iiif/2/69429%2Fc0ng4gm8927j
83	p. 1-lvii	https://image-tor.canadiana.ca/iiif/2/69429%2Fc0hq3rv0n96c
84	p. 1-lviii	https://image-tor.canadiana.ca/iiif/2/69429%2Fc0cz32230j48
85	p. 1-lix	https://image-tor.canadiana.ca/iiif/2/69429%2Fc08911n85x5w
86	p. 1-lx	https://image-tor.canadiana.ca/iiif/2/69429%2Fc04j09w0j53n
87	p. 1-lxi	https://image-tor.canadiana.ca/iiif/2/69429%2Fc00r9m32wd14
88	p. 1-lxii	https://image-tor.canadiana.ca/iiif/2/69429%2Fc0w08w95829j
89	p. 1-lxiii	https://image-tor.canadiana.ca/iiif/2/69429%2Fc0r785h7m99q
90	p. 1-lxiv	https://image-tor.canadiana.ca/iiif/2/69429%2Fc0mg7fq9zj7b
91	p. 1-lxv	https://image-tor.canadiana.ca/iiif/2/69429%2Fc0gq6qz29s6n
92	p. 1-lxvi	https://image-tor.canadiana.ca/iiif/2/69429%2Fc0c24qj7h58s
93	p. 1-lxvii	https://image-tor.canadiana.ca/iiif/2/69429%2Fc07940r9vd56
94	p. 1-lxviii	https://image-tor.canadiana.ca/iiif/2/69429%2Fc03j39026n2r
95	p. 1-lxix	https://image-tor.canadiana.ca/iiif/2/69429%2Fc0zs2k64kb27
96	p. 1-lxx	https://image-tor.canadiana.ca/iiif/2/69429%2Fc0v11vd6xk1r
97	p. 1-lxxi	https://image-tor.canadiana.ca/iiif/2/69429%2Fc0q814m98t0t
98	p. 1-lxxii	https://image-tor.canadiana.ca/iiif/2/69429%2Fc0kh0dv1n179
99	p. 1-lxxiii	https://image-tor.canadiana.ca/iiif/2/69429%2Fc0ft8df6td92
100	p. 1-lxxiv	https://image-tor.canadiana.ca/iiif/2/69429%2Fc0b27pn95n82
101	p. 1-lxxv	https://image-tor.canadiana.ca/iiif/2/69429%2Fc0696zw1hw44
102	p. 1-lxxvi	https://image-tor.canadiana.ca/iiif/2/69429%2Fc02j6833w41g
103	p. 1-lxxvii	https://image-tor.canadiana.ca/iiif/2/69429%2Fc0xs5j967t33
104	p. 1-lxxviii	https://image-tor.canadiana.ca/iiif/2/69429%2Fc0t14th8m21j
105	p. 1-lxxix	https://image-tor.canadiana.ca/iiif/2/69429%2Fc0p843r0z89g
106	p. 1-lxxx	https://image-tor.canadiana.ca/iiif/2/69429%2Fc0jm23b64p2j
107	p. 1-lxxxi	https://image-tor.canadiana.ca/iiif/2/69429%2Fc0dv1cj8gw9w
108	p. 1-lxxxii	https://image-tor.canadiana.ca/iiif/2/69429%2Fc0930ns0v46c
109	p. 1-lxxxiii	https://image-tor.canadiana.ca/iiif/2/69429%2Fc0599z036c4b
110	p. 1-lxxxiv	https://image-tor.canadiana.ca/iiif/2/69429%2Fc01j9765jm4h
111	p. 1-lxxxv	https://image-tor.canadiana.ca/iiif/2/69429%2Fc0ws8hd7x92t
112	p. 1-lxxxvi	https://image-tor.canadiana.ca/iiif/2/69429%2Fc0s17sn08j1f
113	p. 1-lxxxvii	https://image-tor.canadiana.ca/iiif/2/69429%2Fc0nc5s75fx4b
114	p. 1-lxxxviii	https://image-tor.canadiana.ca/iiif/2/69429%2Fc0hm52f7t518
115	p. 1-lxxxix	https://image-tor.canadiana.ca/iiif/2/69429%2Fc0cv4bp05c8q
116	p. 1-xc	https://image-tor.canadiana.ca/iiif/2/69429%2Fc0833mw2hm6n
117	p. 1-xci	https://image-tor.canadiana.ca/iiif/2/69429%2Fc04b2x34vv58
118	p. 1-xcii	https://image-tor.canadiana.ca/iiif/2/69429%2Fc00k26977338
119	p. 1-xciii	https://image-tor.canadiana.ca/iiif/2/69429%2Fc0vt1gh9ks37
120	p. 1-xciv	https://image-tor.canadiana.ca/iiif/2/69429%2Fc0r49g44s54v
121	p. 1-xcv	https://image-tor.canadiana.ca/iiif/2/69429%2Fc0mc8rb74d2z
122	p. 1-xcvi	https://image-tor.canadiana.ca/iiif/2/69429%2Fc0gm81j9gm83
123	p. 1-xcvii	https://image-tor.canadiana.ca/iiif/2/69429%2Fc0bv79s1tv8h
124	p. 1-xcviii	https://image-tor.canadiana.ca/iiif/2/69429%2Fc0736m04637f
125	p. 1-xcix	https://image-tor.canadiana.ca/iiif/2/69429%2Fc03b5w66jb52
126	p. 1-c	https://image-tor.canadiana.ca/iiif/2/69429%2Fc0zk55d8x16h
127	p. 1-ci	https://image-tor.canadiana.ca/iiif/2/69429%2Fc0tx35143d7b
128	p. 1-cii	https://image-tor.canadiana.ca/iiif/2/69429%2Fc0q52f76fn4p
129	p. 1-ciii	https://image-tor.canadiana.ca/iiif/2/69429%2Fc0kd1qf8sw1q
130	p. 1-civ	https://image-tor.canadiana.ca/iiif/2/69429%2Fc0fn10p1539n
131	p. 1-cv	https://image-tor.canadiana.ca/iiif/2/69429%2Fc09w08w3hb9f
132	p. 1-cvi	https://image-tor.canadiana.ca/iiif/2/69429%2Fc0639k35vk6n
133	p. 1-cvii	https://image-tor.canadiana.ca/iiif/2/69429%2Fc02b8v986t5b
134	p. 1-cviii	https://image-tor.canadiana.ca/iiif/2/69429%2Fc0xp6tx3dn9q
135	p. 1-cix	https://image-tor.canadiana.ca/iiif/2/69429%2Fc0sx6445rw6j
136	p. 1-cx	https://image-tor.canadiana.ca/iiif/2/69429%2Fc0p55db8443w
137	p. 1-cxi	https://image-tor.canadiana.ca/iiif/2/69429%2Fc0jd4pk0gc2q
138	p. 1-cxii	https://image-tor.canadiana.ca/iiif/2/69429%2Fc0dn3zs2tm0b
139	p. 1-cxiii	https://image-tor.canadiana.ca/iiif/2/69429%2Fc08w38055t94
140	p. 1-cxiv	https://image-tor.canadiana.ca/iiif/2/69429%2Fc05717m0c715
141	p. 1-cxv	https://image-tor.canadiana.ca/iiif/2/69429%2Fc01g0ht2qf8h
142	p. 1-cxvi	https://image-tor.canadiana.ca/iiif/2/69429%2Fc0wp9t15349x
143	p. 1-cxvii	https://image-tor.canadiana.ca/iiif/2/69429%2Fc0rx9377fc5r
144	p. 1-cxviii	https://image-tor.canadiana.ca/iiif/2/69429%2Fc0n58cf9sm5v
145	p. 1-cxix	https://image-tor.canadiana.ca/iiif/2/69429%2Fc0hd7np24v45
146	p. 1-cxx	https://image-tor.canadiana.ca/iiif/2/69429%2Fc0cn6xw4h329
147	p. 1-cxxi	https://image-tor.canadiana.ca/iiif/2/69429%2Fc0804xg9pg3b
148	p. 1-cxxii	https://image-tor.canadiana.ca/iiif/2/69429%2Fc04746q21q1f
149	p. 1-cxxiii	https://image-tor.canadiana.ca/iiif/2/69429%2Fc00g3gx4cx8s
150	p. 1-cxxiv	https://image-tor.canadiana.ca/iiif/2/69429%2Fc0vq2s46rm73
151	p. 1-cxxv	https://image-tor.canadiana.ca/iiif/2/69429%2Fc0qz22b93v65
152	p. 1-cxxvi	https://image-tor.canadiana.ca/iiif/2/69429%2Fc0m61bk1g36d
153	p. 1-cxxvii	https://image-tor.canadiana.ca/iiif/2/69429%2Fc0gf0ms3tb3f
154	p. 1-cxxviii	https://image-tor.canadiana.ca/iiif/2/69429%2Fc0br8mc90q43
155	p. 1-cxxix	https://image-tor.canadiana.ca/iiif/2/69429%2Fc0707wm1bz37
156	p. 1-cxxx	https://image-tor.canadiana.ca/iiif/2/69429%2Fc03775t3q59w
157	p. 1-cxxxi	https://image-tor.canadiana.ca/iiif/2/69429%2Fc0zg6g162v85
158	p. 1-cxxxii	https://image-tor.canadiana.ca/iiif/2/69429%2Fc0tq5r78f38g
159	p. 1-cxxxiii	https://image-tor.canadiana.ca/iiif/2/69429%2Fc0pz51g0sb63
160	p. 1-cxxxiv	https://image-tor.canadiana.ca/iiif/2/69429%2Fc0k649p34k53
161	p. 1-cxxxv	https://image-tor.canadiana.ca/iiif/2/69429%2Fc0fj29889z80
162	p. 1-cxxxvi	https://image-tor.canadiana.ca/iiif/2/69429%2Fc09s1kh0p655
163	p. 1-cxxxvii	https://image-tor.canadiana.ca/iiif/2/69429%2Fc0610vq31f20
164	p. 1-cxxxviii	https://image-tor.canadiana.ca/iiif/2/69429%2Fc02804x5cn9q
165	p. 1-cxxxix	https://image-tor.canadiana.ca/iiif/2/69429%2Fc0xg9f47rc1x
166	p. 1-cxl	https://image-tor.canadiana.ca/iiif/2/69429%2Fc0sq8qc03k9z
167	p. 1-cxli	https://image-tor.canadiana.ca/iiif/2/69429%2Fc0nz80k2ft7z
168	p. 1-cxlii	https://image-tor.canadiana.ca/iiif/2/69429%2Fc0j96057n70c
169	p. 1-cxliii	https://image-tor.canadiana.ca/iiif/2/69429%2Fc0dj58d00f8d
170	p. 1-cxliv	https://image-tor.canadiana.ca/iiif/2/69429%2Fc08s4jm2bp4v
171	p. 1-cxlv	https://image-tor.canadiana.ca/iiif/2/69429%2Fc0513tt4px2s
172	p. 1-cxlvi	https://image-tor.canadiana.ca/iiif/2/69429%2Fc0183417251s
173	p. 1-cxlvii	https://image-tor.canadiana.ca/iiif/2/69429%2Fc0wh2d79dv1r
174	p. 1-cxlviii	https://image-tor.canadiana.ca/iiif/2/69429%2Fc0rr1pg1s287
175	p. 1-cxlix	https://image-tor.canadiana.ca/iiif/2/69429%2Fc0n29p26zg00
176	p. 1-cl	https://image-tor.canadiana.ca/iiif/2/69429%2Fc0h98z899p90
177	p. 1-cli	https://image-tor.canadiana.ca/iiif/2/69429%2Fc0cj87h1nx5f
178	p. 1-clii	https://image-tor.canadiana.ca/iiif/2/69429%2Fc07s7hq41532
179	p. 1-cliii	https://image-tor.canadiana.ca/iiif/2/69429%2Fc0416sx6cd35
180	p. 1-cliv	https://image-tor.canadiana.ca/iiif/2/69429%2Fc0086348qn00
181	p. 1-clv	https://image-tor.canadiana.ca/iiif/2/69429%2Fc0vh5cc13b2r
182	p. 1-clvi	https://image-tor.canadiana.ca/iiif/2/69429%2Fc0qv3bz68q32
183	p. 1-clvii	https://image-tor.canadiana.ca/iiif/2/69429%2Fc0m32n58mz0t
184	p. 1-clviii	https://image-tor.canadiana.ca/iiif/2/69429%2Fc0gb1xd1057s
185	p. 1-clix	https://image-tor.canadiana.ca/iiif/2/69429%2Fc0bk16m3bd5s
186	p. 1-clx	https://image-tor.canadiana.ca/iiif/2/69429%2Fc06t0gt5pn5k
187	p. 1-clxi	https://image-tor.canadiana.ca/iiif/2/69429%2Fc0319s181w3v
188	p. 1-clxii	https://image-tor.canadiana.ca/iiif/2/69429%2Fc0z89280dk4x
189	p. 1-clxiii	https://image-tor.canadiana.ca/iiif/2/69429%2Fc0tm71v5kz57
190	p. 1-clxiv	https://image-tor.canadiana.ca/iiif/2/69429%2Fc0pv6b27z63s
191	p. 1-clxv	https://image-tor.canadiana.ca/iiif/2/69429%2Fc0k35m909d9z
192	p. 1-clxvi	https://image-tor.canadiana.ca/iiif/2/69429%2Fc0fb4wh2nn7k
193	p. 1-clxvii	https://image-tor.canadiana.ca/iiif/2/69429%2Fc09k45q50w6n
194	p. 1-clxviii	https://image-tor.canadiana.ca/iiif/2/69429%2Fc05t3fx7c45c
195	p. 1-clxix	https://image-tor.canadiana.ca/iiif/2/69429%2Fc0222r49qc3q
196	p. 1-clxx	https://image-tor.canadiana.ca/iiif/2/69429%2Fc0xd0qr4x66h
197	unnumbered	https://image-tor.canadiana.ca/iiif/2/69429%2Fc0sn00z78f5k
198	p. 1-2	https://image-tor.canadiana.ca/iiif/2/69429%2Fc0nv9959mp1w
199	p. 1-3	https://image-tor.canadiana.ca/iiif/2/69429%2Fc0j38kd1zx01
200	p. 1-4	https://image-tor.canadiana.ca/iiif/2/69429%2Fc0db7vm4b50t
201	p. 1-5	https://image-tor.canadiana.ca/iiif/2/69429%2Fc08k74t6pc7j
202	p. 1-6	https://image-tor.canadiana.ca/iiif/2/69429%2Fc04x54f1vr9g
203	p. 1-7	https://image-tor.canadiana.ca/iiif/2/69429%2Fc0154dn47080
204	p. 1-8	https://image-tor.canadiana.ca/iiif/2/69429%2Fc0wd3pv6kp8z
205	p. 1-9	https://image-tor.canadiana.ca/iiif/2/69429%2Fc0rn3028xx5s
206	p. 1-10	https://image-tor.canadiana.ca/iiif/2/69429%2Fc0mw28919531
207	p. 1-11	https://image-tor.canadiana.ca/iiif/2/69429%2Fc0h41jh3nd34
208	p. 1-12	https://image-tor.canadiana.ca/iiif/2/69429%2Fc0cc0tq60n17
209	p. 1-13	https://image-tor.canadiana.ca/iiif/2/69429%2Fc07p8tb1612j
210	p. 1-14	https://image-tor.canadiana.ca/iiif/2/69429%2Fc03x83j3j80j
211	p. 1-15	https://image-tor.canadiana.ca/iiif/2/69429%2Fc0057cr5wg8s
212	p. 1-16	https://image-tor.canadiana.ca/iiif/2/69429%2Fc0vd6nz8856k
213	p. 1-17	https://image-tor.canadiana.ca/iiif/2/69429%2Fc0qn5z60md6d
214	p. 1-18	https://image-tor.canadiana.ca/iiif/2/69429%2Fc0kw57d2zn4d
215	p. 1-19	https://image-tor.canadiana.ca/iiif/2/69429%2Fc0g44hm59w3d
216	p. 1-20	https://image-tor.canadiana.ca/iiif/2/69429%2Fc0bg2h70h85v
217	p. 1-21	https://image-tor.canadiana.ca/iiif/2/69429%2Fc06q1sf2vh2w
218	p. 1-22	https://image-tor.canadiana.ca/iiif/2/69429%2Fc02z12n56r0c
219	p. 1-23	https://image-tor.canadiana.ca/iiif/2/69429%2Fc0z60bv7kd89
220	p. 1-24	https://image-tor.canadiana.ca/iiif/2/69429%2Fc0td9n29xn7c
221	p. 1-25	https://image-tor.canadiana.ca/iiif/2/69429%2Fc0pn8x928w78
222	p. 1-26	https://image-tor.canadiana.ca/iiif/2/69429%2Fc0jw86h4n45s
223	p. 1-27	https://image-tor.canadiana.ca/iiif/2/69429%2Fc0f76639th6t
224	p. 1-28	https://image-tor.canadiana.ca/iiif/2/69429%2Fc09g5gb25r54
225	p. 1-29	https://image-tor.canadiana.ca/iiif/2/69429%2Fc05q4rj4j013
226	p. 1-30	https://image-tor.canadiana.ca/iiif/2/69429%2Fc01z41r6w69d
227	p. 1-31	https://image-tor.canadiana.ca/iiif/2/69429%2Fc0x639z97x0f
228	p. 1-32	https://image-tor.canadiana.ca/iiif/2/69429%2Fc0sf2m61m48x
229	p. 1-33	https://image-tor.canadiana.ca/iiif/2/69429%2Fc0np1wd3zc5z
230	p. 1-34	https://image-tor.canadiana.ca/iiif/2/69429%2Fc0j09w094r9p
231	p. 1-35	https://image-tor.canadiana.ca/iiif/2/69429%2Fc0d79571h07t
232	p. 1-36	https://image-tor.canadiana.ca/iiif/2/69429%2Fc08g8ff3v74v
233	p. 1-37	https://image-tor.canadiana.ca/iiif/2/69429%2Fc04q7qn66g0s
234	p. 1-38	https://image-tor.canadiana.ca/iiif/2/69429%2Fc00z70v8jq0z
235	p. 1-39	https://image-tor.canadiana.ca/iiif/2/69429%2Fc0w66930xc9h
236	p. 1-40	https://image-tor.canadiana.ca/iiif/2/69429%2Fc0rf5k938m86
237	p. 1-41	https://image-tor.canadiana.ca/iiif/2/69429%2Fc0ms3jw8g11w
238	p. 1-42	https://image-tor.canadiana.ca/iiif/2/69429%2Fc0h12v40t78k
239	p. 1-43	https://image-tor.canadiana.ca/iiif/2/69429%2Fc0c824b35g5g
240	p. 1-44	https://image-tor.canadiana.ca/iiif/2/69429%2Fc07h1dj5hq2h
241	p. 1-45	https://image-tor.canadiana.ca/iiif/2/69429%2Fc03r0pr7vz1q
242	p. 1-46	https://image-tor.canadiana.ca/iiif/2/69429%2Fc0000000759c
243	p. 1-47	https://image-tor.canadiana.ca/iiif/2/69429%2Fc0v69862kv9s
244	p. 1-48	https://image-tor.canadiana.ca/iiif/2/69429%2Fc0qj77s7s81w
245	p. 1-49	https://image-tor.canadiana.ca/iiif/2/69429%2Fc0ks6j104h0m
246	p. 1-50	https://image-tor.canadiana.ca/iiif/2/69429%2Fc0g15t72gq6p
247	p. 1-51	https://image-tor.canadiana.ca/iiif/2/69429%2Fc0b853f4tz4p
248	p. 1-52	https://image-tor.canadiana.ca/iiif/2/69429%2Fc06h4cn7663w
249	p. 1-53	https://image-tor.canadiana.ca/iiif/2/69429%2Fc02r3nv9jf1h
250	blank page	https://image-tor.canadiana.ca/iiif/2/69429%2Fc0z02z31x40r
251	unnumbered	https://image-tor.canadiana.ca/iiif/2/69429%2Fc0tb0xp73h49
252	p. 1-56	https://image-tor.canadiana.ca/iiif/2/69429%2Fc0pk06w9fr1q
253	p. 1-57	https://image-tor.canadiana.ca/iiif/2/69429%2Fc0js9h41sz7z
254	p. 1-58	https://image-tor.canadiana.ca/iiif/2/69429%2Fc0f18sb4565w
255	p. 1-59	https://image-tor.canadiana.ca/iiif/2/69429%2Fc09882j6hf52
256	p. 1-60	https://image-tor.canadiana.ca/iiif/2/69429%2Fc05h7br8vp3p
257	unnumbered	https://image-tor.canadiana.ca/iiif/2/69429%2Fc01r6n016x2d
258	p. 1-2	https://image-tor.canadiana.ca/iiif/2/69429%2Fc0x34mk6dr5w
259	p. 1-3	https://image-tor.canadiana.ca/iiif/2/69429%2Fc0sb3ws8s031
260	p. 1-4	https://image-tor.canadiana.ca/iiif/2/69429%2Fc0nk3611470z
261	p. 1-5	https://image-tor.canadiana.ca/iiif/2/69429%2Fc0ht2g73gf8w
262	p. 1-6	https://image-tor.canadiana.ca/iiif/2/69429%2Fc0d21rf5tp7d
263	p. 1-7	https://image-tor.canadiana.ca/iiif/2/69429%2Fc08911n85x6g
264	p. 1-8	https://image-tor.canadiana.ca/iiif/2/69429%2Fc04j09w0j547
265	p. 1-9	https://image-tor.canadiana.ca/iiif/2/69429%2Fc00v89g5qj4t
266	p. 1-10	https://image-tor.canadiana.ca/iiif/2/69429%2Fc0w37kp83768
267	p. 1-11	https://image-tor.canadiana.ca/iiif/2/69429%2Fc0rb6vx0fg2b
268	p. 1-12	https://image-tor.canadiana.ca/iiif/2/69429%2Fc0mk6542sq1b
269	p. 1-13	https://image-tor.canadiana.ca/iiif/2/69429%2Fc0gt5fb54z01
270	p. 1-14	https://image-tor.canadiana.ca/iiif/2/69429%2Fc0c24qj7h59c
271	p. 1-15	https://image-tor.canadiana.ca/iiif/2/69429%2Fc07d2q52pk0d
272	p. 1-16	https://image-tor.canadiana.ca/iiif/2/69429%2Fc03n20c51s86
273	p. 1-17	https://image-tor.canadiana.ca/iiif/2/69429%2Fc0zw18k7dg8p
274	p. 1-18	https://image-tor.canadiana.ca/iiif/2/69429%2Fc0v40js9rq4f
275	p. 1-19	https://image-tor.canadiana.ca/iiif/2/69429%2Fc0qb9v123z3m
276	p. 1-20	https://image-tor.canadiana.ca/iiif/2/69429%2Fc0kk9474g639
277	p. 1-21	https://image-tor.canadiana.ca/iiif/2/69429%2Fc0ft8df6tf0b
278	p. 1-22	https://image-tor.canadiana.ca/iiif/2/69429%2Fc0b56d220t1g
279	p. 1-23	https://image-tor.canadiana.ca/iiif/2/69429%2Fc06d5p84c206
280	p. 1-24	https://image-tor.canadiana.ca/iiif/2/69429%2Fc02n4zg6q884
281	p. 1-25	https://image-tor.canadiana.ca/iiif/2/69429%2Fc0xw47p92z7c
282	p. 1-26	https://image-tor.canadiana.ca/iiif/2/69429%2Fc0t43hx1f65f
283	p. 1-27	https://image-tor.canadiana.ca/iiif/2/69429%2Fc0pc2t43sf42
284	p. 1-28	https://image-tor.canadiana.ca/iiif/2/69429%2Fc0jm23b64p34
285	p. 1-29	https://image-tor.canadiana.ca/iiif/2/69429%2Fc0dz02z1b255
286	p. 1-30	https://image-tor.canadiana.ca/iiif/2/69429%2Fc0959c53p92c
287	p. 1-31	https://image-tor.canadiana.ca/iiif/2/69429%2Fc05d8nc61j0g
288	p. 1-32	https://image-tor.canadiana.ca/iiif/2/69429%2Fc01n7xk8cr67
289	p. 1-33	https://image-tor.canadiana.ca/iiif/2/69429%2Fc0ww76t0rf8w
290	p. 1-34	https://image-tor.canadiana.ca/iiif/2/69429%2Fc0s46h133p79
291	p. 1-35	https://image-tor.canadiana.ca/iiif/2/69429%2Fc0nc5s75fx5x
292	p. 1-36	https://image-tor.canadiana.ca/iiif/2/69429%2Fc0hq3rv0n97z
293	p. 1-37	https://image-tor.canadiana.ca/iiif/2/69429%2Fc0cz32230j5v
294	p. 1-38	https://image-tor.canadiana.ca/iiif/2/69429%2Fc0862b85bs26
295	p. 1-39	https://image-tor.canadiana.ca/iiif/2/69429%2Fc04f1mg7q08g
296	p. 1-40	https://image-tor.canadiana.ca/iiif/2/69429%2Fc00p0wq0277s
297	p. 1-41	https://image-tor.canadiana.ca/iiif/2/69429%2Fc0vx05x2dx8q
298	p. 1-42	https://image-tor.canadiana.ca/iiif/2/69429%2Fc0r49g44s55f
299	p. 1-43	https://image-tor.canadiana.ca/iiif/2/69429%2Fc0mg7fq9zj8x
300	p. 1-44	https://image-tor.canadiana.ca/iiif/2/69429%2Fc0gq6qz29s77
301	p. 1-45	https://image-tor.canadiana.ca/iiif/2/69429%2Fc0bz6154p130
302	p. 1-46	https://image-tor.canadiana.ca/iiif/2/69429%2Fc07659c7180t
303	p. 1-47	https://image-tor.canadiana.ca/iiif/2/69429%2Fc03f4kk9ch0m
304	p. 1-48	https://image-tor.canadiana.ca/iiif/2/69429%2Fc0zp3vt1r59f
305	p. 1-49	https://image-tor.canadiana.ca/iiif/2/69429%2Fc0tx35143d8x
306	p. 1-50	https://image-tor.canadiana.ca/iiif/2/69429%2Fc0q814m98t1d
307	p. 1-51	https://image-tor.canadiana.ca/iiif/2/69429%2Fc0kh0dv1n18w
308	p. 1-52	https://image-tor.canadiana.ca/iiif/2/69429%2Fc0fq9q24086v
309	p. 1-53	https://image-tor.canadiana.ca/iiif/2/69429%2Fc09z9086bh2p
310	p. 1-54	https://image-tor.canadiana.ca/iiif/2/69429%2Fc06688g8pr2s
311	p. 1-55	https://image-tor.canadiana.ca/iiif/2/69429%2Fc02f7jq12001
312	p. 1-56	https://image-tor.canadiana.ca/iiif/2/69429%2Fc0xp6tx3dp00
313	p. 1-57	https://image-tor.canadiana.ca/iiif/2/69429%2Fc0t14th8m224
314	p. 1-58	https://image-tor.canadiana.ca/iiif/2/69429%2Fc0p843r0z90r
315	p. 1-59	https://image-tor.canadiana.ca/iiif/2/69429%2Fc0jh3cz39h60
316	p. 1-60	https://image-tor.canadiana.ca/iiif/2/69429%2Fc0dr2p55nr41
317	p. 1-61	https://image-tor.canadiana.ca/iiif/2/69429%2Fc0901zc8103j
318	p. 1-62	https://image-tor.canadiana.ca/iiif/2/69429%2Fc05717m0c72r
319	p. 1-63	https://image-tor.canadiana.ca/iiif/2/69429%2Fc01g0ht2qf93
320	p. 1-64	https://image-tor.canadiana.ca/iiif/2/69429%2Fc0ws8hd7x93d
321	p. 1-65	https://image-tor.canadiana.ca/iiif/2/69429%2Fc0s17sn08j21
322	p. 1-66	https://image-tor.canadiana.ca/iiif/2/69429%2Fc0n872v2mr85
323	p. 1-67	https://image-tor.canadiana.ca/iiif/2/69429%2Fc0hh6c25005m
324	p. 1-68	https://image-tor.canadiana.ca/iiif/2/69429%2Fc0cr5n87b75d
325	p. 1-69	https://image-tor.canadiana.ca/iiif/2/69429%2Fc0804xg9pg4x
326	p. 1-70	https://image-tor.canadiana.ca/iiif/2/69429%2Fc04746q21q21
327	p. 1-71	https://image-tor.canadiana.ca/iiif/2/69429%2Fc00k2697734v
328	p. 1-72	https://image-tor.canadiana.ca/iiif/2/69429%2Fc0vt1gh9ks4t
329	p. 1-73	https://image-tor.canadiana.ca/iiif/2/69429%2Fc0r20rr1z119
330	p. 1-74	https://image-tor.canadiana.ca/iiif/2/69429%2Fc0m901z4978h
331	unnumbered	https://image-tor.canadiana.ca/iiif/2/69429%2Fc0gh9b56ng85
332	p. 1-2	https://image-tor.canadiana.ca/iiif/2/69429%2Fc0br8mc90q5p
333	p. 1-3	https://image-tor.canadiana.ca/iiif/2/69429%2Fc0736m046381
334	unnumbered	https://image-tor.canadiana.ca/iiif/2/69429%2Fc03b5w66jb6n
335	p. 1-2	https://image-tor.canadiana.ca/iiif/2/69429%2Fc0zk55d8x173
336	p. 1-3	https://image-tor.canadiana.ca/iiif/2/69429%2Fc0tt4fn1883n
337	p. 1-4	https://image-tor.canadiana.ca/iiif/2/69429%2Fc0q23qv3mh1k
338	p. 1-5	https://image-tor.canadiana.ca/iiif/2/69429%2Fc0k93125zr0k
339	p. 1-6	https://image-tor.canadiana.ca/iiif/2/69429%2Fc0fj29889z9k
340	p. 1-7	https://image-tor.canadiana.ca/iiif/2/69429%2Fc09w08w3hc0q
341	p. 1-8	https://image-tor.canadiana.ca/iiif/2/69429%2Fc0639k35vk77
342	p. 1-9	https://image-tor.canadiana.ca/iiif/2/69429%2Fc02b8v986t6x
343	p. 1-10	https://image-tor.canadiana.ca/iiif/2/69429%2Fc0xk84j0kh47
344	p. 1-11	https://image-tor.canadiana.ca/iiif/2/69429%2Fc0st7dr2xr2v
345	p. 1-12	https://image-tor.canadiana.ca/iiif/2/69429%2Fc0p26pz5902z
346	p. 1-13	https://image-tor.canadiana.ca/iiif/2/69429%2Fc0j96057n71z
347	p. 1-14	https://image-tor.canadiana.ca/iiif/2/69429%2Fc0dn3zs2tm1x
348	p. 1-15	https://image-tor.canadiana.ca/iiif/2/69429%2Fc08w38055v0d
349	p. 1-16	https://image-tor.canadiana.ca/iiif/2/69429%2Fc0542j67j27k
350	p. 1-17	https://image-tor.canadiana.ca/iiif/2/69429%2Fc01c1td9w94m
351	p. 1-18	https://image-tor.canadiana.ca/iiif/2/69429%2Fc0wm13n2804k
352	p. 1-19	https://image-tor.canadiana.ca/iiif/2/69429%2Fc0rv0cv4m74c
353	p. 1-20	https://image-tor.canadiana.ca/iiif/2/69429%2Fc0n29p26zg1k
354	p. 1-21	https://image-tor.canadiana.ca/iiif/2/69429%2Fc0hd7np24v5r
355	p. 1-22	https://image-tor.canadiana.ca/iiif/2/69429%2Fc0cn6xw4h33w
356	p. 1-23	https://image-tor.canadiana.ca/iiif/2/69429%2Fc07w6736v99f
357	p. 1-24	https://image-tor.canadiana.ca/iiif/2/69429%2Fc0445h996j68
358	p. 1-25	https://image-tor.canadiana.ca/iiif/2/69429%2Fc00c4sj1js53
359	p. 1-26	https://image-tor.canadiana.ca/iiif/2/69429%2Fc0vm42r3xg5z
360	p. 1-27	https://image-tor.canadiana.ca/iiif/2/69429%2Fc0qv3bz68q4n
361	p. 1-28	https://image-tor.canadiana.ca/iiif/2/69429%2Fc0m61bk1g370
362	p. 1-29	https://image-tor.canadiana.ca/iiif/2/69429%2Fc0gf0ms3tb41
363	p. 1-30	https://image-tor.canadiana.ca/iiif/2/69429%2Fc0bn9x065k20
364	p. 1-31	https://image-tor.canadiana.ca/iiif/2/69429%2Fc06w9668hs84
365	p. 1-32	https://image-tor.canadiana.ca/iiif/2/69429%2Fc0348gf0w17s
366	p. 1-33	https://image-tor.canadiana.ca/iiif/2/69429%2Fc0zc7rn37q8t
367	p. 1-34	https://image-tor.canadiana.ca/iiif/2/69429%2Fc0tm71v5kz6t
368	p. 1-35	https://image-tor.canadiana.ca/iiif/2/69429%2Fc0pz51g0sb7p
369	p. 1-36	https://image-tor.canadiana.ca/iiif/2/69429%2Fc0k649p34k6p
370	p. 1-37	https://image-tor.canadiana.ca/iiif/2/69429%2Fc0ff3kw5gt3q
371	p. 1-38	https://image-tor.canadiana.ca/iiif/2/69429%2Fc09p2w37v20p
372	p. 1-39	https://image-tor.canadiana.ca/iiif/2/69429%2Fc05x25b0689p
373	p. 1-40	https://image-tor.canadiana.ca/iiif/2/69429%2Fc0251fj2jh86
374	p. 1-41	https://image-tor.canadiana.ca/iiif/2/69429%2Fc0xd0qr4x673
375	p. 1-42	https://image-tor.canadiana.ca/iiif/2/69429%2Fc0sq8qc03m07
376	p. 1-43	https://image-tor.canadiana.ca/iiif/2/69429%2Fc0nz80k2ft8j
377	p. 1-44	https://image-tor.canadiana.ca/iiif/2/69429%2Fc0j678s4t24t
378	p. 1-45	https://image-tor.canadiana.ca/iiif/2/69429%2Fc0df6k07591r
379	p. 1-46	https://image-tor.canadiana.ca/iiif/2/69429%2Fc08p5v69hj1j
380	p. 1-47	https://image-tor.canadiana.ca/iiif/2/69429%2Fc04x54f1vs0r
381	p. 1-48	https://image-tor.canadiana.ca/iiif/2/69429%2Fc0154dn4709k
382	unnumbered	https://image-tor.canadiana.ca/iiif/2/69429%2Fc0wh2d79dv2b
383	p. 1-2	https://image-tor.canadiana.ca/iiif/2/69429%2Fc0rr1pg1s29t
384	p. 1-3	https://image-tor.canadiana.ca/iiif/2/69429%2Fc0n00zp44977
385	p. 1-4	https://image-tor.canadiana.ca/iiif/2/69429%2Fc0h707w6gj32
386	p. 1-5	https://image-tor.canadiana.ca/iiif/2/69429%2Fc0cf9j38ts24
387	p. 1-6	https://image-tor.canadiana.ca/iiif/2/69429%2Fc07p8tb16134
388	p. 1-7	https://image-tor.canadiana.ca/iiif/2/69429%2Fc03x83j3j814
389	p. 1-8	https://image-tor.canadiana.ca/iiif/2/69429%2Fc0086348qn1k
390	p. 1-9	https://image-tor.canadiana.ca/iiif/2/69429%2Fc0vh5cc13b3b
391	p. 1-10	https://image-tor.canadiana.ca/iiif/2/69429%2Fc0qr4nk3fj93
392	p. 1-11	https://image-tor.canadiana.ca/iiif/2/69429%2Fc0m03xs5ss71
393	unnumbered	https://image-tor.canadiana.ca/iiif/2/69429%2Fc0g737085161
394	p. 1-2	https://image-tor.canadiana.ca/iiif/2/69429%2Fc0bg2h70h86f
395	p. 1-3	https://image-tor.canadiana.ca/iiif/2/69429%2Fc06t0gt5pn65
396	unnumbered	https://image-tor.canadiana.ca/iiif/2/69429%2Fc0319s181w4f
397	p. 1-2	https://image-tor.canadiana.ca/iiif/2/69429%2Fc0z89280dk5h
398	p. 1-3	https://image-tor.canadiana.ca/iiif/2/69429%2Fc0th8bg2rt1z
399	p. 1-4	https://image-tor.canadiana.ca/iiif/2/69429%2Fc0pr7mp54189
400	p. 1-5	https://image-tor.canadiana.ca/iiif/2/69429%2Fc0k06ww7g88d
401	p. 1-6	https://image-tor.canadiana.ca/iiif/2/69429%2Fc0f76639th7d
402	p. 1-7	https://image-tor.canadiana.ca/iiif/2/69429%2Fc09k45q50w77
403	p. 1-8	https://image-tor.canadiana.ca/iiif/2/69429%2Fc05t3fx7c46z
404	p. 1-9	https://image-tor.canadiana.ca/iiif/2/69429%2Fc0222r49qc49
405	p. 1-10	https://image-tor.canadiana.ca/iiif/2/69429%2Fc0x921c2323p
406	p. 1-11	https://image-tor.canadiana.ca/iiif/2/69429%2Fc0sj19k4f919
407	p. 1-12	https://image-tor.canadiana.ca/iiif/2/69429%2Fc0ns0ks6sj13
408	p. 1-13	https://image-tor.canadiana.ca/iiif/2/69429%2Fc0j09w094s0z
409	p. 1-14	https://image-tor.canadiana.ca/iiif/2/69429%2Fc0db7vm4b51d
410	p. 1-15	https://image-tor.canadiana.ca/iiif/2/69429%2Fc08k74t6pc84
411	p. 1-16	https://image-tor.canadiana.ca/iiif/2/69429%2Fc04t6f191m77
412	p. 1-17	https://image-tor.canadiana.ca/iiif/2/69429%2Fc0125q81cv3m
413	p. 1-18	https://image-tor.canadiana.ca/iiif/2/69429%2Fc0w950g3rj3g
414	p. 1-19	https://image-tor.canadiana.ca/iiif/2/69429%2Fc0rj48p63s25
415	p. 1-20	https://image-tor.canadiana.ca/iiif/2/69429%2Fc0ms3jw8g12g
416	p. 1-21	https://image-tor.canadiana.ca/iiif/2/69429%2Fc0h41jh3nd4q
417	p. 1-22	https://image-tor.canadiana.ca/iiif/2/69429%2Fc0cc0tq60n2t
418	p. 1-23	https://image-tor.canadiana.ca/iiif/2/69429%2Fc07m03x8bv8z
419	p. 1-24	https://image-tor.canadiana.ca/iiif/2/69429%2Fc03t9d50q34d
420	p. 1-25	https://image-tor.canadiana.ca/iiif/2/69429%2Fc0028pc32b3d
421	p. 1-26	https://image-tor.canadiana.ca/iiif/2/69429%2Fc0v97zk5f152
422	p. 1-27	https://image-tor.canadiana.ca/iiif/2/69429%2Fc0qj77s7s82g
423	p. 1-28	https://image-tor.canadiana.ca/iiif/2/69429%2Fc0kw57d2zn50
424	p. 1-29	https://image-tor.canadiana.ca/iiif/2/69429%2Fc0g44hm59w40
425	p. 1-30	https://image-tor.canadiana.ca/iiif/2/69429%2Fc0bc3st7p40z
426	p. 1-31	https://image-tor.canadiana.ca/iiif/2/69429%2Fc06m33201b76
427	p. 1-32	https://image-tor.canadiana.ca/iiif/2/69429%2Fc02v2c82ck5t
428	p. 1-33	https://image-tor.canadiana.ca/iiif/2/69429%2Fc0z31ng4r87s
429	p. 1-34	https://image-tor.canadiana.ca/iiif/2/69429%2Fc0tb0xp73h5w
430	p. 1-35	https://image-tor.canadiana.ca/iiif/2/69429%2Fc0pn8x928w8v
431	p. 1-36	https://image-tor.canadiana.ca/iiif/2/69429%2Fc0jw86h4n46c
432	p. 1-37	https://image-tor.canadiana.ca/iiif/2/69429%2Fc0f47gq70c2m
433	p. 1-38	https://image-tor.canadiana.ca/iiif/2/69429%2Fc09c6rx9bk8c
434	p. 1-39	https://image-tor.canadiana.ca/iiif/2/69429%2Fc05m6251pt70
435	p. 1-40	https://image-tor.canadiana.ca/iiif/2/69429%2Fc01v5bc4225m
436	p. 1-41	https://image-tor.canadiana.ca/iiif/2/69429%2Fc0x34mk6dr6g
437	p. 1-42	https://image-tor.canadiana.ca/iiif/2/69429%2Fc0sf2m61m49h
438	p. 1-43	https://image-tor.canadiana.ca/iiif/2/69429%2Fc0np1wd3zc6j
439	p. 1-44	https://image-tor.canadiana.ca/iiif/2/69429%2Fc0hx15m69m3f
440	p. 1-45	https://image-tor.canadiana.ca/iiif/2/69429%2Fc0d50ft8nt9h
441	p. 1-46	https://image-tor.canadiana.ca/iiif/2/69429%2Fc08c9r211286
442	p. 1-47	https://image-tor.canadiana.ca/iiif/2/69429%2Fc04m9183c98c
443	p. 1-48	https://image-tor.canadiana.ca/iiif/2/69429%2Fc00v89g5qj5d
444	p. 1-49	https://image-tor.canadiana.ca/iiif/2/69429%2Fc0w66930xd0s
445	p. 1-50	https://image-tor.canadiana.ca/iiif/2/69429%2Fc0rf5k938m9s
446	p. 1-51	https://image-tor.canadiana.ca/iiif/2/69429%2Fc0mp4vh5mv4n
447	p. 1-52	https://image-tor.canadiana.ca/iiif/2/69429%2Fc0gx44q80312
448	p. 1-53	https://image-tor.canadiana.ca/iiif/2/69429%2Fc0c53dz0bb06
449	p. 1-54	https://image-tor.canadiana.ca/iiif/2/69429%2Fc07d2q52pk10
450	p. 1-55	https://image-tor.canadiana.ca/iiif/2/69429%2Fc03n20c51s9s
451	p. 1-56	https://image-tor.canadiana.ca/iiif/2/69429%2Fc0000000760n
452	p. 1-57	https://image-tor.canadiana.ca/iiif/2/69429%2Fc0v69862kw02
453	p. 1-58	https://image-tor.canadiana.ca/iiif/2/69429%2Fc0qf8jd4z37x
454	p. 1-59	https://image-tor.canadiana.ca/iiif/2/69429%2Fc0kp7tm79b3v
455	p. 1-60	https://image-tor.canadiana.ca/iiif/2/69429%2Fc0fx73t9nk31
456	p. 1-61	https://image-tor.canadiana.ca/iiif/2/69429%2Fc0b56d220t22
457	p. 1-62	https://image-tor.canadiana.ca/iiif/2/69429%2Fc06d5p84c21s
458	p. 1-63	https://image-tor.canadiana.ca/iiif/2/69429%2Fc02r3nv9jf23
459	p. 1-64	https://image-tor.canadiana.ca/iiif/2/69429%2Fc0z02z31x41b
460	p. 1-65	https://image-tor.canadiana.ca/iiif/2/69429%2Fc0t727948b94
461	p. 1-66	https://image-tor.canadiana.ca/iiif/2/69429%2Fc0pg1hh6mk65
462	p. 1-67	https://image-tor.canadiana.ca/iiif/2/69429%2Fc0jq0sq8zt5c
463	p. 1-68	https://image-tor.canadiana.ca/iiif/2/69429%2Fc0dz02z1b26r
464	p. 1-69	https://image-tor.canadiana.ca/iiif/2/69429%2Fc09882j6hf6n
465	p. 1-70	https://image-tor.canadiana.ca/iiif/2/69429%2Fc05h7br8vp48
466	p. 1-71	https://image-tor.canadiana.ca/iiif/2/69429%2Fc01r6n016x30
467	p. 1-72	https://image-tor.canadiana.ca/iiif/2/69429%2Fc0x05x63km1m
468	p. 1-73	https://image-tor.canadiana.ca/iiif/2/69429%2Fc0s756d5xt8b
469	p. 1-74	https://image-tor.canadiana.ca/iiif/2/69429%2Fc0ng4gm89284
470	p. 1-75	https://image-tor.canadiana.ca/iiif/2/69429%2Fc0hq3rv0n98j
471	p. 1-76	https://image-tor.canadiana.ca/iiif/2/69429%2Fc0d21rf5tp80
472	p. 1-77	https://image-tor.canadiana.ca/iiif/2/69429%2Fc08911n85x72
473	p. 1-78	https://image-tor.canadiana.ca/iiif/2/69429%2Fc04j09w0j55t
474	p. 1-79	https://image-tor.canadiana.ca/iiif/2/69429%2Fc00r9m32wd2q
475	p. 1-80	https://image-tor.canadiana.ca/iiif/2/69429%2Fc0w08w95830t
476	p. 1-81	https://image-tor.canadiana.ca/iiif/2/69429%2Fc0r785h7mb00
477	p. 1-82	https://image-tor.canadiana.ca/iiif/2/69429%2Fc0mg7fq9zj9h
478	p. 1-83	https://image-tor.canadiana.ca/iiif/2/69429%2Fc0gt5fb54z1m
479	p. 1-84	https://image-tor.canadiana.ca/iiif/2/69429%2Fc0c24qj7h60n
480	p. 1-85	https://image-tor.canadiana.ca/iiif/2/69429%2Fc07940r9vd6s
481	p. 1-86	https://image-tor.canadiana.ca/iiif/2/69429%2Fc03j39026n3b
482	p. 1-87	https://image-tor.canadiana.ca/iiif/2/69429%2Fc0zs2k64kb3t
483	p. 1-88	https://image-tor.canadiana.ca/iiif/2/69429%2Fc0v11vd6xk2b
484	p. 1-89	https://image-tor.canadiana.ca/iiif/2/69429%2Fc0q814m98t20
485	p. 1-90	https://image-tor.canadiana.ca/iiif/2/69429%2Fc0kk9474g64w
486	p. 1-91	https://image-tor.canadiana.ca/iiif/2/69429%2Fc0ft8df6tf1x
487	p. 1-92	https://image-tor.canadiana.ca/iiif/2/69429%2Fc0b27pn95n9n
488	p. 1-93	https://image-tor.canadiana.ca/iiif/2/69429%2Fc0696zw1hw5q
489	p. 1-94	https://image-tor.canadiana.ca/iiif/2/69429%2Fc02j6833w422
490	p. 1-95	https://image-tor.canadiana.ca/iiif/2/69429%2Fc0xs5j967t4p
491	p. 1-96	https://image-tor.canadiana.ca/iiif/2/69429%2Fc0t14th8m23q
492	p. 1-97	https://image-tor.canadiana.ca/iiif/2/69429%2Fc0pc2t43sf5n
493	p. 1-98	https://image-tor.canadiana.ca/iiif/2/69429%2Fc0jm23b64p4q
494	p. 1-99	https://image-tor.canadiana.ca/iiif/2/69429%2Fc0dv1cj8gx05
495	p. 1-100	https://image-tor.canadiana.ca/iiif/2/69429%2Fc0930ns0v47z
496	p. 1-101	https://image-tor.canadiana.ca/iiif/2/69429%2Fc0599z036c5x
497	p. 1-102	https://image-tor.canadiana.ca/iiif/2/69429%2Fc01j9765jm53
498	p. 1-103	https://image-tor.canadiana.ca/iiif/2/69429%2Fc0ws8hd7x940
499	p. 1-104	https://image-tor.canadiana.ca/iiif/2/69429%2Fc0s46h133p8w
500	p. 1-105	https://image-tor.canadiana.ca/iiif/2/69429%2Fc0nc5s75fx6h
501	p. 1-106	https://image-tor.canadiana.ca/iiif/2/69429%2Fc0hm52f7t52v
502	p. 1-107	https://image-tor.canadiana.ca/iiif/2/69429%2Fc0cv4bp05c99
503	p. 1-108	https://image-tor.canadiana.ca/iiif/2/69429%2Fc0833mw2hm77
504	p. 1-109	https://image-tor.canadiana.ca/iiif/2/69429%2Fc04b2x34vv6v
505	p. 1-110	https://image-tor.canadiana.ca/iiif/2/69429%2Fc00k2697735f
506	p. 1-111	https://image-tor.canadiana.ca/iiif/2/69429%2Fc0vx05x2dx99
507	p. 1-112	https://image-tor.canadiana.ca/iiif/2/69429%2Fc0r49g44s561
508	p. 1-113	https://image-tor.canadiana.ca/iiif/2/69429%2Fc0mc8rb74d3j
509	p. 1-114	https://image-tor.canadiana.ca/iiif/2/69429%2Fc0gm81j9gm9p
510	p. 1-115	https://image-tor.canadiana.ca/iiif/2/69429%2Fc0bv79s1tv93
511	p. 1-116	https://image-tor.canadiana.ca/iiif/2/69429%2Fc0736m04639m
512	p. 1-117	https://image-tor.canadiana.ca/iiif/2/69429%2Fc03b5w66jb77
513	p. 1-118	https://image-tor.canadiana.ca/iiif/2/69429%2Fc0zp3vt1r60q
514	p. 1-119	https://image-tor.canadiana.ca/iiif/2/69429%2Fc0tx35143d9h
515	p. 1-120	https://image-tor.canadiana.ca/iiif/2/69429%2Fc0q52f76fn58
516	p. 1-121	https://image-tor.canadiana.ca/iiif/2/69429%2Fc0kd1qf8sw29
517	p. 1-122	https://image-tor.canadiana.ca/iiif/2/69429%2Fc0fn10p1540x
518	p. 1-123	https://image-tor.canadiana.ca/iiif/2/69429%2Fc09w08w3hc19
519	p. 1-124	https://image-tor.canadiana.ca/iiif/2/69429%2Fc0639k35vk8t
520	p. 1-125	https://image-tor.canadiana.ca/iiif/2/69429%2Fc02f7jq1201m
521	p. 1-126	https://image-tor.canadiana.ca/iiif/2/69429%2Fc0xp6tx3dp1k
522	p. 1-127	https://image-tor.canadiana.ca/iiif/2/69429%2Fc0sx6445rw74
523	p. 1-128	https://image-tor.canadiana.ca/iiif/2/69429%2Fc0p55db8444g
524	p. 1-129	https://image-tor.canadiana.ca/iiif/2/69429%2Fc0jd4pk0gc39
525	p. 1-130	https://image-tor.canadiana.ca/iiif/2/69429%2Fc0dn3zs2tm2h
526	p. 1-131	https://image-tor.canadiana.ca/iiif/2/69429%2Fc0901zc81044
527	p. 1-132	https://image-tor.canadiana.ca/iiif/2/69429%2Fc05717m0c73b
528	p. 1-133	https://image-tor.canadiana.ca/iiif/2/69429%2Fc01g0ht2qg0c
529	p. 1-134	https://image-tor.canadiana.ca/iiif/2/69429%2Fc0wp9t153506
530	p. 1-135	https://image-tor.canadiana.ca/iiif/2/69429%2Fc0rx9377fc6b
531	p. 1-136	https://image-tor.canadiana.ca/iiif/2/69429%2Fc0n58cf9sm6f
532	p. 1-137	https://image-tor.canadiana.ca/iiif/2/69429%2Fc0hd7np24v6b
533	p. 1-138	https://image-tor.canadiana.ca/iiif/2/69429%2Fc0cr5n87b760
534	p. 1-139	https://image-tor.canadiana.ca/iiif/2/69429%2Fc0804xg9pg5h
535	p. 1-140	https://image-tor.canadiana.ca/iiif/2/69429%2Fc04746q21q3m
536	p. 1-141	https://image-tor.canadiana.ca/iiif/2/69429%2Fc00g3gx4cx9c
537	p. 1-142	https://image-tor.canadiana.ca/iiif/2/69429%2Fc0vq2s46rm8p
538	p. 1-143	https://image-tor.canadiana.ca/iiif/2/69429%2Fc0qz22b93v7r
539	p. 1-144	https://image-tor.canadiana.ca/iiif/2/69429%2Fc0m61bk1g38k
540	p. 1-145	https://image-tor.canadiana.ca/iiif/2/69429%2Fc0gh9b56ng9r
541	p. 1-146	https://image-tor.canadiana.ca/iiif/2/69429%2Fc0br8mc90q68
542	p. 1-147	https://image-tor.canadiana.ca/iiif/2/69429%2Fc0707wm1bz4t
543	p. 1-148	https://image-tor.canadiana.ca/iiif/2/69429%2Fc03775t3q605
544	p. 1-149	https://image-tor.canadiana.ca/iiif/2/69429%2Fc0zg6g162v9r
545	p. 1-150	https://image-tor.canadiana.ca/iiif/2/69429%2Fc0tq5r78f392
546	p. 1-151	https://image-tor.canadiana.ca/iiif/2/69429%2Fc0pz51g0sb88
547	p. 1-152	https://image-tor.canadiana.ca/iiif/2/69429%2Fc0k93125zr15
548	p. 1-153	https://image-tor.canadiana.ca/iiif/2/69429%2Fc0fj2988b00c
549	p. 1-154	https://image-tor.canadiana.ca/iiif/2/69429%2Fc09s1kh0p66r
550	p. 1-155	https://image-tor.canadiana.ca/iiif/2/69429%2Fc0610vq31f3k
551	p. 1-156	https://image-tor.canadiana.ca/iiif/2/69429%2Fc02804x5cp00
552	p. 1-157	https://image-tor.canadiana.ca/iiif/2/69429%2Fc0xg9f47rc2h
553	p. 1-158	https://image-tor.canadiana.ca/iiif/2/69429%2Fc0sq8qc03m1t
554	p. 1-159	https://image-tor.canadiana.ca/iiif/2/69429%2Fc0p26pz5903j
555	p. 1-160	https://image-tor.canadiana.ca/iiif/2/69429%2Fc0j96057n72j
556	p. 1-161	https://image-tor.canadiana.ca/iiif/2/69429%2Fc0dj58d00f90
557	p. 1-162	https://image-tor.canadiana.ca/iiif/2/69429%2Fc08s4jm2bp5f
558	p. 1-163	https://image-tor.canadiana.ca/iiif/2/69429%2Fc0513tt4px3c
559	p. 1-164	https://image-tor.canadiana.ca/iiif/2/69429%2Fc0183417252c
560	p. 1-165	https://image-tor.canadiana.ca/iiif/2/69429%2Fc0wh2d79dv3x
561	p. 1-166	https://image-tor.canadiana.ca/iiif/2/69429%2Fc0rv0cv4m75z
562	p. 1-167	https://image-tor.canadiana.ca/iiif/2/69429%2Fc0n29p26zg25
563	p. 1-168	https://image-tor.canadiana.ca/iiif/2/69429%2Fc0h98z899q08
564	p. 1-169	https://image-tor.canadiana.ca/iiif/2/69429%2Fc0cj87h1nx61
565	p. 1-170	https://image-tor.canadiana.ca/iiif/2/69429%2Fc07s7hq4154n
566	p. 1-171	https://image-tor.canadiana.ca/iiif/2/69429%2Fc0416sx6cd4r
567	p. 1-172	https://image-tor.canadiana.ca/iiif/2/69429%2Fc0086348qn25
568	unnumbered	https://image-tor.canadiana.ca/iiif/2/69429%2Fc0vm42r3xg6j
569	p. 1-2	https://image-tor.canadiana.ca/iiif/2/69429%2Fc0qv3bz68q57
570	p. 1-3	https://image-tor.canadiana.ca/iiif/2/69429%2Fc0m32n58mz1d
571	p. 1-4	https://image-tor.canadiana.ca/iiif/2/69429%2Fc0gb1xd1058c
572	p. 1-5	https://image-tor.canadiana.ca/iiif/2/69429%2Fc0bk16m3bd6c
573	p. 1-6	https://image-tor.canadiana.ca/iiif/2/69429%2Fc06t0gt5pn7r
574	p. 1-7	https://image-tor.canadiana.ca/iiif/2/69429%2Fc0319s181w51
575	p. 1-8	https://image-tor.canadiana.ca/iiif/2/69429%2Fc0zc7rn37q9d
576	p. 1-9	https://image-tor.canadiana.ca/iiif/2/69429%2Fc0tm71v5kz7d
577	p. 1-10	https://image-tor.canadiana.ca/iiif/2/69429%2Fc0pv6b27z64c
578	p. 1-11	https://image-tor.canadiana.ca/iiif/2/69429%2Fc0k35m909f07
579	p. 1-12	https://image-tor.canadiana.ca/iiif/2/69429%2Fc0fb4wh2nn85
580	p. 1-13	https://image-tor.canadiana.ca/iiif/2/69429%2Fc09k45q50w8t
581	p. 1-14	https://image-tor.canadiana.ca/iiif/2/69429%2Fc05t3fx7c47j
582	p. 1-15	https://image-tor.canadiana.ca/iiif/2/69429%2Fc0251fj2jh9s
583	p. 1-16	https://image-tor.canadiana.ca/iiif/2/69429%2Fc0xd0qr4x68p
584	p. 1-17	https://image-tor.canadiana.ca/iiif/2/69429%2Fc0sn00z78f65
585	p. 1-18	https://image-tor.canadiana.ca/iiif/2/69429%2Fc0nv9959mp2g
586	p. 1-19	https://image-tor.canadiana.ca/iiif/2/69429%2Fc0j38kd1zx1m
587	p. 1-20	https://image-tor.canadiana.ca/iiif/2/69429%2Fc0db7vm4b520
588	p. 1-21	https://image-tor.canadiana.ca/iiif/2/69429%2Fc08p5v69hj24
589	p. 1-22	https://image-tor.canadiana.ca/iiif/2/69429%2Fc04x54f1vs1b
590	p. 1-23	https://image-tor.canadiana.ca/iiif/2/69429%2Fc0154dn4710v
591	p. 1-24	https://image-tor.canadiana.ca/iiif/2/69429%2Fc0wd3pv6kp9j
592	p. 1-25	https://image-tor.canadiana.ca/iiif/2/69429%2Fc0rn3028xx6c
593	p. 1-26	https://image-tor.canadiana.ca/iiif/2/69429%2Fc0mw2891954m
594	p. 1-27	https://image-tor.canadiana.ca/iiif/2/69429%2Fc0h41jh3nd59
595	p. 1-28	https://image-tor.canadiana.ca/iiif/2/69429%2Fc0cf9j38ts3q
596	p. 1-29	https://image-tor.canadiana.ca/iiif/2/69429%2Fc07p8tb1614q
597	p. 1-30	https://image-tor.canadiana.ca/iiif/2/69429%2Fc03x83j3j82q
598	p. 1-31	https://image-tor.canadiana.ca/iiif/2/69429%2Fc0057cr5wg9c
599	p. 1-32	https://image-tor.canadiana.ca/iiif/2/69429%2Fc0vd6nz88575
600	p. 1-33	https://image-tor.canadiana.ca/iiif/2/69429%2Fc0qn5z60md70
601	p. 1-34	https://image-tor.canadiana.ca/iiif/2/69429%2Fc0kw57d2zn6k
602	p. 1-35	https://image-tor.canadiana.ca/iiif/2/69429%2Fc0g73708517m
603	p. 1-36	https://image-tor.canadiana.ca/iiif/2/69429%2Fc0bg2h70h871
604	p. 1-37	https://image-tor.canadiana.ca/iiif/2/69429%2Fc06q1sf2vh3g
605	p. 1-38	https://image-tor.canadiana.ca/iiif/2/69429%2Fc02z12n56r1z
606	p. 1-39	https://image-tor.canadiana.ca/iiif/2/69429%2Fc0z60bv7kd9w
607	p. 1-40	https://image-tor.canadiana.ca/iiif/2/69429%2Fc0td9n29xn8z
608	p. 1-41	https://image-tor.canadiana.ca/iiif/2/69429%2Fc0pn8x928w9f
609	p. 1-42	https://image-tor.canadiana.ca/iiif/2/69429%2Fc0k06ww7g890
610	p. 1-43	https://image-tor.canadiana.ca/iiif/2/69429%2Fc0f76639th80
611	p. 1-44	https://image-tor.canadiana.ca/iiif/2/69429%2Fc09g5gb25r6q
612	p. 1-45	https://image-tor.canadiana.ca/iiif/2/69429%2Fc05q4rj4j02p
613	p. 1-46	https://image-tor.canadiana.ca/iiif/2/69429%2Fc01z41r6w70p
614	p. 1-47	https://image-tor.canadiana.ca/iiif/2/69429%2Fc0x639z97x11
615	p. 1-48	https://image-tor.canadiana.ca/iiif/2/69429%2Fc0sf2m61m50s
616	p. 1-49	https://image-tor.canadiana.ca/iiif/2/69429%2Fc0ns0ks6sj2p
617	p. 1-50	https://image-tor.canadiana.ca/iiif/2/69429%2Fc0j09w094s1j
618	p. 1-51	https://image-tor.canadiana.ca/iiif/2/69429%2Fc0d79571h08d
619	p. 1-52	https://image-tor.canadiana.ca/iiif/2/69429%2Fc08g8ff3v75f
620	p. 1-53	https://image-tor.canadiana.ca/iiif/2/69429%2Fc04q7qn66g1c
621	p. 1-54	https://image-tor.canadiana.ca/iiif/2/69429%2Fc00z70v8jq1j
622	p. 1-55	https://image-tor.canadiana.ca/iiif/2/69429%2Fc0w66930xd1c
623	p. 1-56	https://image-tor.canadiana.ca/iiif/2/69429%2Fc0rj48p63s3r
624	p. 1-57	https://image-tor.canadiana.ca/iiif/2/69429%2Fc0ms3jw8g132
625	p. 1-58	https://image-tor.canadiana.ca/iiif/2/69429%2Fc0h12v40t795
626	p. 1-59	https://image-tor.canadiana.ca/iiif/2/69429%2Fc0c824b35g62
627	p. 1-60	https://image-tor.canadiana.ca/iiif/2/69429%2Fc07h1dj5hq33
628	p. 1-61	https://image-tor.canadiana.ca/iiif/2/69429%2Fc03r0pr7vz29
629	p. 1-62	https://image-tor.canadiana.ca/iiif/2/69429%2Fc00000007617
630	p. 1-63	https://image-tor.canadiana.ca/iiif/2/69429%2Fc0v97zk5f16n
631	p. 1-64	https://image-tor.canadiana.ca/iiif/2/69429%2Fc0qj77s7s832
632	p. 1-65	https://image-tor.canadiana.ca/iiif/2/69429%2Fc0ks6j104h16
633	p. 1-66	https://image-tor.canadiana.ca/iiif/2/69429%2Fc0g15t72gq78
634	p. 1-67	https://image-tor.canadiana.ca/iiif/2/69429%2Fc0b853f4tz58
635	p. 1-68	https://image-tor.canadiana.ca/iiif/2/69429%2Fc06h4cn7664g
636	p. 1-69	https://image-tor.canadiana.ca/iiif/2/69429%2Fc02r3nv9jf3p
637	p. 1-70	https://image-tor.canadiana.ca/iiif/2/69429%2Fc0z31ng4r88c
638	p. 1-71	https://image-tor.canadiana.ca/iiif/2/69429%2Fc0tb0xp73h6g
639	p. 1-72	https://image-tor.canadiana.ca/iiif/2/69429%2Fc0pk06w9fr29
640	unnumbered	https://image-tor.canadiana.ca/iiif/2/69429%2Fc0js9h41sz8j
641	p. 1-2	https://image-tor.canadiana.ca/iiif/2/69429%2Fc0f18sb4566g
642	p. 1-3	https://image-tor.canadiana.ca/iiif/2/69429%2Fc09882j6hf77
643	p. 1-4	https://image-tor.canadiana.ca/iiif/2/69429%2Fc05h7br8vp5v
644	p. 1-5	https://image-tor.canadiana.ca/iiif/2/69429%2Fc01v5bc42266
645	p. 1-6	https://image-tor.canadiana.ca/iiif/2/69429%2Fc0x34mk6dr72
646	p. 1-7	https://image-tor.canadiana.ca/iiif/2/69429%2Fc0sb3ws8s04m
647	p. 1-8	https://image-tor.canadiana.ca/iiif/2/69429%2Fc0nk3611471j
648	p. 1-9	https://image-tor.canadiana.ca/iiif/2/69429%2Fc0ht2g73gf9g
649	p. 1-10	https://image-tor.canadiana.ca/iiif/2/69429%2Fc0d21rf5tp9k
650	p. 1-11	https://image-tor.canadiana.ca/iiif/2/69429%2Fc08911n85x8n
651	p. 1-12	https://image-tor.canadiana.ca/iiif/2/69429%2Fc04m9183c99z
652	p. 1-13	https://image-tor.canadiana.ca/iiif/2/69429%2Fc00v89g5qj60
653	p. 1-14	https://image-tor.canadiana.ca/iiif/2/69429%2Fc0w37kp8377v
654	p. 1-15	https://image-tor.canadiana.ca/iiif/2/69429%2Fc0rb6vx0fg3x
655	p. 1-16	https://image-tor.canadiana.ca/iiif/2/69429%2Fc0mk6542sq2x
656	p. 1-17	https://image-tor.canadiana.ca/iiif/2/69429%2Fc0gt5fb54z26
657	p. 1-18	https://image-tor.canadiana.ca/iiif/2/69429%2Fc0c53dz0bb1s
658	p. 1-19	https://image-tor.canadiana.ca/iiif/2/69429%2Fc07d2q52pk2k
659	p. 1-20	https://image-tor.canadiana.ca/iiif/2/69429%2Fc03n20c51t02
660	p. 1-21	https://image-tor.canadiana.ca/iiif/2/69429%2Fc0zw18k7dg98
661	p. 1-22	https://image-tor.canadiana.ca/iiif/2/69429%2Fc0v40js9rq51
662	p. 1-23	https://image-tor.canadiana.ca/iiif/2/69429%2Fc0qb9v123z46
663	p. 1-24	https://image-tor.canadiana.ca/iiif/2/69429%2Fc0kk9474g65g
664	p. 1-25	https://image-tor.canadiana.ca/iiif/2/69429%2Fc0fx73t9nk4m
665	p. 1-26	https://image-tor.canadiana.ca/iiif/2/69429%2Fc0b56d220t3n
666	p. 1-27	https://image-tor.canadiana.ca/iiif/2/69429%2Fc06d5p84c22c
667	p. 1-28	https://image-tor.canadiana.ca/iiif/2/69429%2Fc02n4zg6q89q
668	p. 1-29	https://image-tor.canadiana.ca/iiif/2/69429%2Fc0xw47p92z8z
669	p. 1-30	https://image-tor.canadiana.ca/iiif/2/69429%2Fc0t43hx1f661
670	p. 1-31	https://image-tor.canadiana.ca/iiif/2/69429%2Fc0pc2t43sf67
671	p. 1-32	https://image-tor.canadiana.ca/iiif/2/69429%2Fc0jq0sq8zt6z
672	p. 1-33	https://image-tor.canadiana.ca/iiif/2/69429%2Fc0dz02z1b27b
673	p. 1-34	https://image-tor.canadiana.ca/iiif/2/69429%2Fc0959c53p93z
674	p. 1-35	https://image-tor.canadiana.ca/iiif/2/69429%2Fc05d8nc61j12
675	p. 1-36	https://image-tor.canadiana.ca/iiif/2/69429%2Fc01n7xk8cr7t
676	p. 1-37	https://image-tor.canadiana.ca/iiif/2/69429%2Fc0ww76t0rf9g
677	p. 1-38	https://image-tor.canadiana.ca/iiif/2/69429%2Fc0s46h133p9g
678	p. 1-39	https://image-tor.canadiana.ca/iiif/2/69429%2Fc0ng4gm8929q
679	p. 1-40	https://image-tor.canadiana.ca/iiif/2/69429%2Fc0hq3rv0n994
680	p. 1-41	https://image-tor.canadiana.ca/iiif/2/69429%2Fc0cz32230j6f
681	p. 1-42	https://image-tor.canadiana.ca/iiif/2/69429%2Fc0862b85bs3s
682	p. 1-43	https://image-tor.canadiana.ca/iiif/2/69429%2Fc04f1mg7q092
683	p. 1-44	https://image-tor.canadiana.ca/iiif/2/69429%2Fc00p0wq0278c
684	p. 1-45	https://image-tor.canadiana.ca/iiif/2/69429%2Fc0vx05x2dz0k
685	p. 1-46	https://image-tor.canadiana.ca/iiif/2/69429%2Fc0r785h7mb1k
686	p. 1-47	https://image-tor.canadiana.ca/iiif/2/69429%2Fc0mg7fq9zk0s
687	p. 1-48	https://image-tor.canadiana.ca/iiif/2/69429%2Fc0gq6qz29s8t
688	p. 1-49	https://image-tor.canadiana.ca/iiif/2/69429%2Fc0bz6154p14k
689	p. 1-50	https://image-tor.canadiana.ca/iiif/2/69429%2Fc07659c7181d
690	p. 1-51	https://image-tor.canadiana.ca/iiif/2/69429%2Fc03f4kk9ch16
691	p. 1-52	https://image-tor.canadiana.ca/iiif/2/69429%2Fc0zp3vt1r619
692	p. 1-53	https://image-tor.canadiana.ca/iiif/2/69429%2Fc0v11vd6xk3x
693	p. 1-54	https://image-tor.canadiana.ca/iiif/2/69429%2Fc0q814m98t3k
694	p. 1-55	https://image-tor.canadiana.ca/iiif/2/69429%2Fc0kh0dv1n19g
695	p. 1-56	https://image-tor.canadiana.ca/iiif/2/69429%2Fc0fq9q24087f
696	p. 1-57	https://image-tor.canadiana.ca/iiif/2/69429%2Fc09z9086bh38
697	p. 1-58	https://image-tor.canadiana.ca/iiif/2/69429%2Fc06688g8pr3c
698	p. 1-59	https://image-tor.canadiana.ca/iiif/2/69429%2Fc02f7jq12026
699	p. 1-60	https://image-tor.canadiana.ca/iiif/2/69429%2Fc0xs5j967t58
700	p. 1-61	https://image-tor.canadiana.ca/iiif/2/69429%2Fc0t14th8m249
701	p. 1-62	https://image-tor.canadiana.ca/iiif/2/69429%2Fc0p843r0z91b
702	p. 1-63	https://image-tor.canadiana.ca/iiif/2/69429%2Fc0jh3cz39h7k
703	p. 1-64	https://image-tor.canadiana.ca/iiif/2/69429%2Fc0dr2p55nr5m
704	p. 1-65	https://image-tor.canadiana.ca/iiif/2/69429%2Fc0901zc8105q
705	unnumbered	https://image-tor.canadiana.ca/iiif/2/69429%2Fc05717m0c74x
706	p. 1-2	https://image-tor.canadiana.ca/iiif/2/69429%2Fc01j9765jm6p
707	p. 1-3	https://image-tor.canadiana.ca/iiif/2/69429%2Fc0ws8hd7x95k
708	p. 1-4	https://image-tor.canadiana.ca/iiif/2/69429%2Fc0s17sn08j3m
709	p. 1-5	https://image-tor.canadiana.ca/iiif/2/69429%2Fc0n872v2mr9r
710	p. 1-6	https://image-tor.canadiana.ca/iiif/2/69429%2Fc0hh6c250066
711	p. 1-7	https://image-tor.canadiana.ca/iiif/2/69429%2Fc0cr5n87b77k
712	p. 1-8	https://image-tor.canadiana.ca/iiif/2/69429%2Fc0804xg9pg63
713	p. 1-9	https://image-tor.canadiana.ca/iiif/2/69429%2Fc04b2x34vv7f
714	p. 1-10	https://image-tor.canadiana.ca/iiif/2/69429%2Fc00k26977361
715	p. 1-11	https://image-tor.canadiana.ca/iiif/2/69429%2Fc0vt1gh9ks5d
716	p. 1-12	https://image-tor.canadiana.ca/iiif/2/69429%2Fc0r20rr1z12w
717	p. 1-13	https://image-tor.canadiana.ca/iiif/2/69429%2Fc0m901z49793
718	p. 1-14	https://image-tor.canadiana.ca/iiif/2/69429%2Fc0gh9b56nh01
719	p. 1-15	https://image-tor.canadiana.ca/iiif/2/69429%2Fc0bv79s1tw0c
720	p. 1-16	https://image-tor.canadiana.ca/iiif/2/69429%2Fc0736m04640w
721	p. 1-17	https://image-tor.canadiana.ca/iiif/2/69429%2Fc03b5w66jb8t
722	p. 1-18	https://image-tor.canadiana.ca/iiif/2/69429%2Fc0zk55d8x18p
723	p. 1-19	https://image-tor.canadiana.ca/iiif/2/69429%2Fc0tt4fn18847
724	p. 1-20	https://image-tor.canadiana.ca/iiif/2/69429%2Fc0q23qv3mh25
725	p. 1-21	https://image-tor.canadiana.ca/iiif/2/69429%2Fc0k93125zr2r
726	p. 1-22	https://image-tor.canadiana.ca/iiif/2/69429%2Fc0fn10p1541h
727	p. 1-23	https://image-tor.canadiana.ca/iiif/2/69429%2Fc09w08w3hc2w
728	p. 1-24	https://image-tor.canadiana.ca/iiif/2/69429%2Fc0639k35vk9d
729	p. 1-25	https://image-tor.canadiana.ca/iiif/2/69429%2Fc02b8v986t7h
730	p. 1-26	https://image-tor.canadiana.ca/iiif/2/69429%2Fc0xk84j0kh5t
731	p. 1-27	https://image-tor.canadiana.ca/iiif/2/69429%2Fc0st7dr2xr3f
732	p. 1-28	https://image-tor.canadiana.ca/iiif/2/69429%2Fc0p26pz59044
733	p. 1-29	https://image-tor.canadiana.ca/iiif/2/69429%2Fc0jd4pk0gc4w
734	p. 1-30	https://image-tor.canadiana.ca/iiif/2/69429%2Fc0dn3zs2tm33
735	p. 1-31	https://image-tor.canadiana.ca/iiif/2/69429%2Fc08w38055v10
736	p. 1-32	https://image-tor.canadiana.ca/iiif/2/69429%2Fc0542j67j285
737	p. 1-33	https://image-tor.canadiana.ca/iiif/2/69429%2Fc01c1td9w956
738	p. 1-34	https://image-tor.canadiana.ca/iiif/2/69429%2Fc0wm13n28055
739	p. 1-35	https://image-tor.canadiana.ca/iiif/2/69429%2Fc0rv0cv4m76j
740	p. 1-36	https://image-tor.canadiana.ca/iiif/2/69429%2Fc0n58cf9sm71
741	p. 1-37	https://image-tor.canadiana.ca/iiif/2/69429%2Fc0hd7np24v7x
742	p. 1-38	https://image-tor.canadiana.ca/iiif/2/69429%2Fc0cn6xw4h34g
743	p. 1-39	https://image-tor.canadiana.ca/iiif/2/69429%2Fc07w6736vb0q
744	p. 1-40	https://image-tor.canadiana.ca/iiif/2/69429%2Fc0445h996j7v
745	p. 1-41	https://image-tor.canadiana.ca/iiif/2/69429%2Fc00c4sj1js6p
746	p. 1-42	https://image-tor.canadiana.ca/iiif/2/69429%2Fc0vm42r3xg74
747	p. 1-43	https://image-tor.canadiana.ca/iiif/2/69429%2Fc0qz22b93v8b
748	p. 1-44	https://image-tor.canadiana.ca/iiif/2/69429%2Fc0m61bk1g395
749	p. 1-45	https://image-tor.canadiana.ca/iiif/2/69429%2Fc0gf0ms3tb5m
750	p. 1-46	https://image-tor.canadiana.ca/iiif/2/69429%2Fc0bn9x065k3k
751	p. 1-47	https://image-tor.canadiana.ca/iiif/2/69429%2Fc06w9668hs9q
752	p. 1-48	https://image-tor.canadiana.ca/iiif/2/69429%2Fc0348gf0w18c
753	p. 1-49	https://image-tor.canadiana.ca/iiif/2/69429%2Fc0zc7rn37r0p
754	p. 1-50	https://image-tor.canadiana.ca/iiif/2/69429%2Fc0tq5r78f40b
755	p. 1-51	https://image-tor.canadiana.ca/iiif/2/69429%2Fc0pz51g0sb9v
756	unnumbered	https://image-tor.canadiana.ca/iiif/2/69429%2Fc0k649p34k78
757	p. 1-2	https://image-tor.canadiana.ca/iiif/2/69429%2Fc0ff3kw5gt49
758	p. 1-3	https://image-tor.canadiana.ca/iiif/2/69429%2Fc09p2w37v218
759	p. 1-4	https://image-tor.canadiana.ca/iiif/2/69429%2Fc05x25b0690z
760	p. 1-5	https://image-tor.canadiana.ca/iiif/2/69429%2Fc0251fj2jj02
761	p. 1-6	https://image-tor.canadiana.ca/iiif/2/69429%2Fc0xg9f47rc33
762	p. 1-7	https://image-tor.canadiana.ca/iiif/2/69429%2Fc0sq8qc03m2d
763	p. 1-8	https://image-tor.canadiana.ca/iiif/2/69429%2Fc0nz80k2ft94
764	p. 1-9	https://image-tor.canadiana.ca/iiif/2/69429%2Fc0j678s4t25d
765	p. 1-10	https://image-tor.canadiana.ca/iiif/2/69429%2Fc0df6k07592b
766	p. 1-11	https://image-tor.canadiana.ca/iiif/2/69429%2Fc08p5v69hj3q
767	p. 1-12	https://image-tor.canadiana.ca/iiif/2/69429%2Fc04x54f1vs2x
768	p. 1-13	https://image-tor.canadiana.ca/iiif/2/69429%2Fc0183417253z
769	p. 1-14	https://image-tor.canadiana.ca/iiif/2/69429%2Fc0wh2d79dv4h
770	p. 1-15	https://image-tor.canadiana.ca/iiif/2/69429%2Fc0rr1pg1s303
771	p. 1-16	https://image-tor.canadiana.ca/iiif/2/69429%2Fc0n00zp4498t
772	p. 1-17	https://image-tor.canadiana.ca/iiif/2/69429%2Fc0h707w6gj4n
773	p. 1-18	https://image-tor.canadiana.ca/iiif/2/69429%2Fc0cf9j38ts49
774	p. 1-19	https://image-tor.canadiana.ca/iiif/2/69429%2Fc07p8tb16159
775	p. 1-20	https://image-tor.canadiana.ca/iiif/2/69429%2Fc0416sx6cd5b
776	p. 1-21	https://image-tor.canadiana.ca/iiif/2/69429%2Fc0086348qn3r
777	p. 1-22	https://image-tor.canadiana.ca/iiif/2/69429%2Fc0vh5cc13b4x
778	p. 1-23	https://image-tor.canadiana.ca/iiif/2/69429%2Fc0qr4nk3fk0c
779	p. 1-24	https://image-tor.canadiana.ca/iiif/2/69429%2Fc0m03xs5ss8m
780	p. 1-25	https://image-tor.canadiana.ca/iiif/2/69429%2Fc0g737085186
781	p. 1-26	https://image-tor.canadiana.ca/iiif/2/69429%2Fc0bk16m3bd7z
782	p. 1-27	https://image-tor.canadiana.ca/iiif/2/69429%2Fc06t0gt5pn8b
783	p. 1-28	https://image-tor.canadiana.ca/iiif/2/69429%2Fc0319s181w6m
784	p. 1-29	https://image-tor.canadiana.ca/iiif/2/69429%2Fc0z89280dk63
785	p. 1-30	https://image-tor.canadiana.ca/iiif/2/69429%2Fc0th8bg2rt2j
786	p. 1-31	https://image-tor.canadiana.ca/iiif/2/69429%2Fc0pr7mp5419w
787	p. 1-32	https://image-tor.canadiana.ca/iiif/2/69429%2Fc0k06ww7g908
788	p. 1-33	https://image-tor.canadiana.ca/iiif/2/69429%2Fc0fb4wh2nn9r
789	p. 1-34	https://image-tor.canadiana.ca/iiif/2/69429%2Fc09k45q50w9d
790	p. 1-35	https://image-tor.canadiana.ca/iiif/2/69429%2Fc05t3fx7c484
791	p. 1-36	https://image-tor.canadiana.ca/iiif/2/69429%2Fc0222r49qc5w
792	p. 1-37	https://image-tor.canadiana.ca/iiif/2/69429%2Fc0x921c23248
793	p. 1-38	https://image-tor.canadiana.ca/iiif/2/69429%2Fc0sj19k4f92w
794	p. 1-39	https://image-tor.canadiana.ca/iiif/2/69429%2Fc0ns0ks6sj38
795	p. 1-40	https://image-tor.canadiana.ca/iiif/2/69429%2Fc0j38kd1zx26
796	p. 1-41	https://image-tor.canadiana.ca/iiif/2/69429%2Fc0db7vm4b53k
797	p. 1-42	https://image-tor.canadiana.ca/iiif/2/69429%2Fc08k74t6pc9q
798	p. 1-43	https://image-tor.canadiana.ca/iiif/2/69429%2Fc04t6f191m8t
799	p. 1-44	https://image-tor.canadiana.ca/iiif/2/69429%2Fc0125q81cv46
800	p. 1-45	https://image-tor.canadiana.ca/iiif/2/69429%2Fc0w950g3rj42
801	p. 1-46	https://image-tor.canadiana.ca/iiif/2/69429%2Fc0rj48p63s4b
802	p. 1-47	https://image-tor.canadiana.ca/iiif/2/69429%2Fc0mw28919556
803	p. 1-48	https://image-tor.canadiana.ca/iiif/2/69429%2Fc0h41jh3nd6w
804	p. 1-49	https://image-tor.canadiana.ca/iiif/2/69429%2Fc0cc0tq60n3d
805	p. 1-50	https://image-tor.canadiana.ca/iiif/2/69429%2Fc07m03x8bv9j
806	p. 1-51	https://image-tor.canadiana.ca/iiif/2/69429%2Fc03t9d50q350
807	p. 1-52	https://image-tor.canadiana.ca/iiif/2/69429%2Fc0028pc32b40
808	p. 1-53	https://image-tor.canadiana.ca/iiif/2/69429%2Fc0v97zk5f177
809	p. 1-54	https://image-tor.canadiana.ca/iiif/2/69429%2Fc0qn5z60md8k
810	p. 1-55	https://image-tor.canadiana.ca/iiif/2/69429%2Fc0kw57d2zn75
811	p. 1-56	https://image-tor.canadiana.ca/iiif/2/69429%2Fc0g44hm59w5k
812	p. 1-57	https://image-tor.canadiana.ca/iiif/2/69429%2Fc0bc3st7p41j
813	p. 1-58	https://image-tor.canadiana.ca/iiif/2/69429%2Fc06m33201b8s
814	p. 1-59	https://image-tor.canadiana.ca/iiif/2/69429%2Fc02v2c82ck6d
815	p. 1-60	https://image-tor.canadiana.ca/iiif/2/69429%2Fc0z31ng4r89z
816	p. 1-61	https://image-tor.canadiana.ca/iiif/2/69429%2Fc0td9n29xn9j
817	p. 1-62	https://image-tor.canadiana.ca/iiif/2/69429%2Fc0pn8x928x0q
818	p. 1-63	https://image-tor.canadiana.ca/iiif/2/69429%2Fc0jw86h4n47z
819	p. 1-64	https://image-tor.canadiana.ca/iiif/2/69429%2Fc0f47gq70c36
820	p. 1-65	https://image-tor.canadiana.ca/iiif/2/69429%2Fc09c6rx9bk9z
821	p. 1-66	https://image-tor.canadiana.ca/iiif/2/69429%2Fc05m6251pt8k
822	p. 1-67	https://image-tor.canadiana.ca/iiif/2/69429%2Fc01v5bc4227s
823	p. 1-68	https://image-tor.canadiana.ca/iiif/2/69429%2Fc0x639z97x2m
824	p. 1-69	https://image-tor.canadiana.ca/iiif/2/69429%2Fc0sf2m61m51c
825	p. 1-70	https://image-tor.canadiana.ca/iiif/2/69429%2Fc0np1wd3zc74
826	p. 1-71	https://image-tor.canadiana.ca/iiif/2/69429%2Fc0hx15m69m41
827	p. 1-72	https://image-tor.canadiana.ca/iiif/2/69429%2Fc0d50ft8nv0s
828	p. 1-73	https://image-tor.canadiana.ca/iiif/2/69429%2Fc08c9r21129s
829	p. 1-74	https://image-tor.canadiana.ca/iiif/2/69429%2Fc04m9183cb07
830	p. 1-75	https://image-tor.canadiana.ca/iiif/2/69429%2Fc00z70v8jq24
831	p. 1-76	https://image-tor.canadiana.ca/iiif/2/69429%2Fc0w66930xd2z
832	p. 1-77	https://image-tor.canadiana.ca/iiif/2/69429%2Fc0rf5k938n02
833	p. 1-78	https://image-tor.canadiana.ca/iiif/2/69429%2Fc0mp4vh5mv57
834	p. 1-79	https://image-tor.canadiana.ca/iiif/2/69429%2Fc0gx44q8032n
835	p. 1-80	https://image-tor.canadiana.ca/iiif/2/69429%2Fc0c53dz0bb2c
836	p. 1-81	https://image-tor.canadiana.ca/iiif/2/69429%2Fc07d2q52pk35
837	p. 1-82	https://image-tor.canadiana.ca/iiif/2/69429%2Fc03r0pr7vz3w
838	p. 1-83	https://image-tor.canadiana.ca/iiif/2/69429%2Fc0000000762t
839	p. 1-84	https://image-tor.canadiana.ca/iiif/2/69429%2Fc0v69862kw1n
840	p. 1-85	https://image-tor.canadiana.ca/iiif/2/69429%2Fc0qf8jd4z38h
841	p. 1-86	https://image-tor.canadiana.ca/iiif/2/69429%2Fc0kp7tm79b4f
842	p. 1-87	https://image-tor.canadiana.ca/iiif/2/69429%2Fc0fx73t9nk56
843	p. 1-88	https://image-tor.canadiana.ca/iiif/2/69429%2Fc0b56d220t47
844	p. 1-89	https://image-tor.canadiana.ca/iiif/2/69429%2Fc06h4cn76652
845	p. 1-90	https://image-tor.canadiana.ca/iiif/2/69429%2Fc02r3nv9jf48
846	p. 1-91	https://image-tor.canadiana.ca/iiif/2/69429%2Fc0z02z31x42x
847	p. 1-92	https://image-tor.canadiana.ca/iiif/2/69429%2Fc0t727948c0d
848	p. 1-93	https://image-tor.canadiana.ca/iiif/2/69429%2Fc0pg1hh6mk7r
849	p. 1-94	https://image-tor.canadiana.ca/iiif/2/69429%2Fc0jq0sq8zt7j
850	p. 1-95	https://image-tor.canadiana.ca/iiif/2/69429%2Fc0f18sb45672
851	p. 1-96	https://image-tor.canadiana.ca/iiif/2/69429%2Fc09882j6hf8t
852	p. 1-97	https://image-tor.canadiana.ca/iiif/2/69429%2Fc05h7br8vp6f
853	p. 1-98	https://image-tor.canadiana.ca/iiif/2/69429%2Fc01r6n016x4k
854	p. 1-99	https://image-tor.canadiana.ca/iiif/2/69429%2Fc0x05x63km26
855	p. 1-100	https://image-tor.canadiana.ca/iiif/2/69429%2Fc0s756d5xt9x
856	p. 1-101	https://image-tor.canadiana.ca/iiif/2/69429%2Fc0ng4gm89300
857	p. 1-102	https://image-tor.canadiana.ca/iiif/2/69429%2Fc0ht2g73gg0r
858	p. 1-103	https://image-tor.canadiana.ca/iiif/2/69429%2Fc0d21rf5tq0v
859	p. 1-104	https://image-tor.canadiana.ca/iiif/2/69429%2Fc08911n85x97
860	p. 1-105	https://image-tor.canadiana.ca/iiif/2/69429%2Fc04j09w0j56d
861	p. 1-106	https://image-tor.canadiana.ca/iiif/2/69429%2Fc00r9m32wd39
862	p. 1-107	https://image-tor.canadiana.ca/iiif/2/69429%2Fc0w08w95831d
863	p. 1-108	https://image-tor.canadiana.ca/iiif/2/69429%2Fc0r785h7mb25
864	p. 1-109	https://image-tor.canadiana.ca/iiif/2/69429%2Fc0mk6542sq3h
865	p. 1-110	https://image-tor.canadiana.ca/iiif/2/69429%2Fc0gt5fb54z3s
866	p. 1-111	https://image-tor.canadiana.ca/iiif/2/69429%2Fc0c24qj7h617
867	p. 1-112	https://image-tor.canadiana.ca/iiif/2/69429%2Fc07940r9vd7c
868	p. 1-113	https://image-tor.canadiana.ca/iiif/2/69429%2Fc03j39026n4x
869	p. 1-114	https://image-tor.canadiana.ca/iiif/2/69429%2Fc0zs2k64kb4d
870	p. 1-115	https://image-tor.canadiana.ca/iiif/2/69429%2Fc0v11vd6xk4h
871	p. 1-116	https://image-tor.canadiana.ca/iiif/2/69429%2Fc0qb9v123z5s
872	p. 1-117	https://image-tor.canadiana.ca/iiif/2/69429%2Fc0kk9474g662
873	p. 1-118	https://image-tor.canadiana.ca/iiif/2/69429%2Fc0ft8df6tf2h
874	p. 1-119	https://image-tor.canadiana.ca/iiif/2/69429%2Fc0b27pn95p0x
875	p. 1-120	https://image-tor.canadiana.ca/iiif/2/69429%2Fc0696zw1hw69
876	p. 1-121	https://image-tor.canadiana.ca/iiif/2/69429%2Fc02j6833w43n
877	p. 1-122	https://image-tor.canadiana.ca/iiif/2/69429%2Fc0xs5j967t6v
878	p. 1-123	https://image-tor.canadiana.ca/iiif/2/69429%2Fc0t43hx1f67m
879	p. 1-124	https://image-tor.canadiana.ca/iiif/2/69429%2Fc0pc2t43sf7t
880	p. 1-125	https://image-tor.canadiana.ca/iiif/2/69429%2Fc0jm23b64p59
881	p. 1-126	https://image-tor.canadiana.ca/iiif/2/69429%2Fc0dv1cj8gx1r
882	p. 1-127	https://image-tor.canadiana.ca/iiif/2/69429%2Fc0930ns0v48j
883	p. 1-128	https://image-tor.canadiana.ca/iiif/2/69429%2Fc0599z036c6h
884	p. 1-129	https://image-tor.canadiana.ca/iiif/2/69429%2Fc01j9765jm78
885	p. 1-130	https://image-tor.canadiana.ca/iiif/2/69429%2Fc0ww76t0rg0r
886	p. 1-131	https://image-tor.canadiana.ca/iiif/2/69429%2Fc0s46h133q0r
887	p. 1-132	https://image-tor.canadiana.ca/iiif/2/69429%2Fc0nc5s75fx73
888	p. 1-133	https://image-tor.canadiana.ca/iiif/2/69429%2Fc0hm52f7t53f
889	p. 1-134	https://image-tor.canadiana.ca/iiif/2/69429%2Fc0cv4bp05d0k
890	p. 1-135	https://image-tor.canadiana.ca/iiif/2/69429%2Fc0833mw2hm8t
891	p. 1-136	https://image-tor.canadiana.ca/iiif/2/69429%2Fc04b2x34vv81
892	p. 1-137	https://image-tor.canadiana.ca/iiif/2/69429%2Fc00p0wq0279z
893	p. 1-138	https://image-tor.canadiana.ca/iiif/2/69429%2Fc0vx05x2dz15
894	p. 1-139	https://image-tor.canadiana.ca/iiif/2/69429%2Fc0r49g44s57m
895	p. 1-140	https://image-tor.canadiana.ca/iiif/2/69429%2Fc0mc8rb74d44
896	p. 1-141	https://image-tor.canadiana.ca/iiif/2/69429%2Fc0gm81j9gn0z
897	p. 1-142	https://image-tor.canadiana.ca/iiif/2/69429%2Fc0bv79s1tw1z
898	p. 1-143	https://image-tor.canadiana.ca/iiif/2/69429%2Fc0736m04641g
899	p. 1-144	https://image-tor.canadiana.ca/iiif/2/69429%2Fc03f4kk9ch2s
900	p. 1-145	https://image-tor.canadiana.ca/iiif/2/69429%2Fc0zp3vt1r62w
901	p. 1-146	https://image-tor.canadiana.ca/iiif/2/69429%2Fc0tx35143f0s
902	p. 1-147	https://image-tor.canadiana.ca/iiif/2/69429%2Fc0q52f76fn6v
903	p. 1-148	https://image-tor.canadiana.ca/iiif/2/69429%2Fc0kd1qf8sw3w
904	p. 1-149	https://image-tor.canadiana.ca/iiif/2/69429%2Fc0fn10p15423
905	p. 1-150	https://image-tor.canadiana.ca/iiif/2/69429%2Fc09w08w3hc3g
906	p. 1-151	https://image-tor.canadiana.ca/iiif/2/69429%2Fc06688g8pr4z
907	p. 1-152	https://image-tor.canadiana.ca/iiif/2/69429%2Fc02f7jq1203s
908	p. 1-153	https://image-tor.canadiana.ca/iiif/2/69429%2Fc0xp6tx3dp25
909	p. 1-154	https://image-tor.canadiana.ca/iiif/2/69429%2Fc0sx6445rw8q
910	p. 1-155	https://image-tor.canadiana.ca/iiif/2/69429%2Fc0p55db84452
911	p. 1-156	https://image-tor.canadiana.ca/iiif/2/69429%2Fc0jd4pk0gc5g
912	p. 1-157	https://image-tor.canadiana.ca/iiif/2/69429%2Fc0dr2p55nr66
913	p. 1-158	https://image-tor.canadiana.ca/iiif/2/69429%2Fc0901zc81069
914	p. 1-159	https://image-tor.canadiana.ca/iiif/2/69429%2Fc05717m0c75h
915	p. 1-160	https://image-tor.canadiana.ca/iiif/2/69429%2Fc01g0ht2qg1z
916	p. 1-161	https://image-tor.canadiana.ca/iiif/2/69429%2Fc0wp9t15351s
917	p. 1-162	https://image-tor.canadiana.ca/iiif/2/69429%2Fc0rx9377fc7x
918	p. 1-163	https://image-tor.canadiana.ca/iiif/2/69429%2Fc0n58cf9sm8m
919	p. 1-164	https://image-tor.canadiana.ca/iiif/2/69429%2Fc0hh6c25007s
920	p. 1-165	https://image-tor.canadiana.ca/iiif/2/69429%2Fc0cr5n87b785
921	p. 1-166	https://image-tor.canadiana.ca/iiif/2/69429%2Fc0804xg9pg7p
922	p. 1-167	https://image-tor.canadiana.ca/iiif/2/69429%2Fc04746q21q46
923	p. 1-168	https://image-tor.canadiana.ca/iiif/2/69429%2Fc00g3gx4cz0n
924	p. 1-169	https://image-tor.canadiana.ca/iiif/2/69429%2Fc0vq2s46rm98
925	p. 1-170	https://image-tor.canadiana.ca/iiif/2/69429%2Fc0qz22b93v9x
926	p. 1-171	https://image-tor.canadiana.ca/iiif/2/69429%2Fc0m901z4980c
927	p. 1-172	https://image-tor.canadiana.ca/iiif/2/69429%2Fc0gh9b56nh1m
928	p. 1-173	https://image-tor.canadiana.ca/iiif/2/69429%2Fc0br8mc90q7v
929	p. 1-174	https://image-tor.canadiana.ca/iiif/2/69429%2Fc0707wm1bz5d
930	p. 1-175	https://image-tor.canadiana.ca/iiif/2/69429%2Fc03775t3q61r
931	p. 1-176	https://image-tor.canadiana.ca/iiif/2/69429%2Fc0zg6g162w01
932	p. 1-177	https://image-tor.canadiana.ca/iiif/2/69429%2Fc0tq5r78f41x
933	p. 1-178	https://image-tor.canadiana.ca/iiif/2/69429%2Fc0q23qv3mh3r
934	p. 1-179	https://image-tor.canadiana.ca/iiif/2/69429%2Fc0k93125zr3b
935	p. 1-180	https://image-tor.canadiana.ca/iiif/2/69429%2Fc0fj2988b01z
936	p. 1-181	https://image-tor.canadiana.ca/iiif/2/69429%2Fc09s1kh0p67b
937	p. 1-182	https://image-tor.canadiana.ca/iiif/2/69429%2Fc0610vq31f45
938	p. 1-183	https://image-tor.canadiana.ca/iiif/2/69429%2Fc02804x5cp1k
939	p. 1-184	https://image-tor.canadiana.ca/iiif/2/69429%2Fc0xg9f47rc4p
940	p. 1-185	https://image-tor.canadiana.ca/iiif/2/69429%2Fc0st7dr2xr41
941	p. 1-186	https://image-tor.canadiana.ca/iiif/2/69429%2Fc0p26pz5905q
942	p. 1-187	https://image-tor.canadiana.ca/iiif/2/69429%2Fc0j96057n734
943	p. 1-188	https://image-tor.canadiana.ca/iiif/2/69429%2Fc0dj58d00g08
944	p. 1-189	https://image-tor.canadiana.ca/iiif/2/69429%2Fc08s4jm2bp61
945	p. 1-190	https://image-tor.canadiana.ca/iiif/2/69429%2Fc0513tt4px4z
946	p. 1-191	https://image-tor.canadiana.ca/iiif/2/69429%2Fc0183417254j
947	p. 1-192	https://image-tor.canadiana.ca/iiif/2/69429%2Fc0wm13n2806r
948	p. 1-193	https://image-tor.canadiana.ca/iiif/2/69429%2Fc0rv0cv4m774
949	p. 1-194	https://image-tor.canadiana.ca/iiif/2/69429%2Fc0n29p26zg3r
950	p. 1-195	https://image-tor.canadiana.ca/iiif/2/69429%2Fc0h98z899q1v
951	p. 1-196	https://image-tor.canadiana.ca/iiif/2/69429%2Fc0cj87h1nx7m
952	p. 1-197	https://image-tor.canadiana.ca/iiif/2/69429%2Fc07s7hq41557
953	p. 1-198	https://image-tor.canadiana.ca/iiif/2/69429%2Fc0416sx6cd6x
954	p. 1-199	https://image-tor.canadiana.ca/iiif/2/69429%2Fc00c4sj1js78
955	p. 1-200	https://image-tor.canadiana.ca/iiif/2/69429%2Fc0vm42r3xg8q
956	unnumbered	https://image-tor.canadiana.ca/iiif/2/69429%2Fc0qv3bz68q6t
957	p. 1-2	https://image-tor.canadiana.ca/iiif/2/69429%2Fc0m32n58mz20
958	p. 1-3	https://image-tor.canadiana.ca/iiif/2/69429%2Fc0gb1xd1059z
959	p. 1-4	https://image-tor.canadiana.ca/iiif/2/69429%2Fc0bk16m3bd8j
960	p. 1-5	https://image-tor.canadiana.ca/iiif/2/69429%2Fc06t0gt5pn9x
961	p. 1-6	https://image-tor.canadiana.ca/iiif/2/69429%2Fc0348gf0w19z
962	p. 1-7	https://image-tor.canadiana.ca/iiif/2/69429%2Fc0zc7rn37r18
963	p. 1-8	https://image-tor.canadiana.ca/iiif/2/69429%2Fc0tm71v5kz80
964	p. 1-9	https://image-tor.canadiana.ca/iiif/2/69429%2Fc0pv6b27z65z
965	p. 1-10	https://image-tor.canadiana.ca/iiif/2/69429%2Fc0k35m909f1t
966	p. 1-11	https://image-tor.canadiana.ca/iiif/2/69429%2Fc0fb4wh2np01
967	p. 1-12	https://image-tor.canadiana.ca/iiif/2/69429%2Fc09k45q50x0p
968	p. 1-13	https://image-tor.canadiana.ca/iiif/2/69429%2Fc05x25b0691j
969	p. 1-14	https://image-tor.canadiana.ca/iiif/2/69429%2Fc0251fj2jj1n
970	p. 1-15	https://image-tor.canadiana.ca/iiif/2/69429%2Fc0xd0qr4x698
971	p. 1-16	https://image-tor.canadiana.ca/iiif/2/69429%2Fc0sn00z78f7r
972	p. 1-17	https://image-tor.canadiana.ca/iiif/2/69429%2Fc0nv9959mp32
973	p. 1-18	https://image-tor.canadiana.ca/iiif/2/69429%2Fc0j38kd1zx3s
974	p. 1-19	https://image-tor.canadiana.ca/iiif/2/69429%2Fc0df6k07593x
975	p. 1-20	https://image-tor.canadiana.ca/iiif/2/69429%2Fc08p5v69hj49
976	p. 1-21	https://image-tor.canadiana.ca/iiif/2/69429%2Fc04x54f1vs3h
977	p. 1-22	https://image-tor.canadiana.ca/iiif/2/69429%2Fc0154dn4711f
978	p. 1-23	https://image-tor.canadiana.ca/iiif/2/69429%2Fc0wd3pv6kq0t
979	p. 1-24	https://image-tor.canadiana.ca/iiif/2/69429%2Fc0rn3028xx7z
980	p. 1-25	https://image-tor.canadiana.ca/iiif/2/69429%2Fc0mw2891956s
981	p. 1-26	https://image-tor.canadiana.ca/iiif/2/69429%2Fc0h707w6gj57
982	p. 1-27	https://image-tor.canadiana.ca/iiif/2/69429%2Fc0cf9j38ts5w
983	p. 1-28	https://image-tor.canadiana.ca/iiif/2/69429%2Fc07p8tb1616w
984	p. 1-29	https://image-tor.canadiana.ca/iiif/2/69429%2Fc03x83j3j839
985	p. 1-30	https://image-tor.canadiana.ca/iiif/2/69429%2Fc0057cr5wh0n
986	p. 1-31	https://image-tor.canadiana.ca/iiif/2/69429%2Fc0vd6nz8858r
987	p. 1-32	https://image-tor.canadiana.ca/iiif/2/69429%2Fc0qn5z60md95
988	p. 1-33	https://image-tor.canadiana.ca/iiif/2/69429%2Fc0m03xs5ss96
989	p. 1-34	https://image-tor.canadiana.ca/iiif/2/69429%2Fc0g73708519s
990	p. 1-35	https://image-tor.canadiana.ca/iiif/2/69429%2Fc0bg2h70h88m
991	p. 1-36	https://image-tor.canadiana.ca/iiif/2/69429%2Fc06q1sf2vh42
992	p. 1-37	https://image-tor.canadiana.ca/iiif/2/69429%2Fc02z12n56r2j
993	p. 1-38	https://image-tor.canadiana.ca/iiif/2/69429%2Fc0z60bv7kf05
994	p. 1-39	https://image-tor.canadiana.ca/iiif/2/69429%2Fc0td9n29xp0t
995	p. 1-40	https://image-tor.canadiana.ca/iiif/2/69429%2Fc0pr7mp54205
996	p. 1-41	https://image-tor.canadiana.ca/iiif/2/69429%2Fc0k06ww7g91v
997	p. 1-42	https://image-tor.canadiana.ca/iiif/2/69429%2Fc0f76639th9k
998	p. 1-43	https://image-tor.canadiana.ca/iiif/2/69429%2Fc09g5gb25r79
999	p. 1-44	https://image-tor.canadiana.ca/iiif/2/69429%2Fc05q4rj4j038
1000	p. 1-45	https://image-tor.canadiana.ca/iiif/2/69429%2Fc01z41r6w718
1001	p. 1-46	https://image-tor.canadiana.ca/iiif/2/69429%2Fc0x639z97x36
1002	p. 1-47	https://image-tor.canadiana.ca/iiif/2/69429%2Fc0sj19k4f93g
1003	p. 1-48	https://image-tor.canadiana.ca/iiif/2/69429%2Fc0ns0ks6sj4v
1004	p. 1-49	https://image-tor.canadiana.ca/iiif/2/69429%2Fc0j09w094s24
1005	p. 1-50	https://image-tor.canadiana.ca/iiif/2/69429%2Fc0d79571h090
1006	p. 1-51	https://image-tor.canadiana.ca/iiif/2/69429%2Fc08g8ff3v761
1007	p. 1-52	https://image-tor.canadiana.ca/iiif/2/69429%2Fc04q7qn66g2z
1008	p. 1-53	https://image-tor.canadiana.ca/iiif/2/69429%2Fc00z70v8jq3q
1009	p. 1-54	https://image-tor.canadiana.ca/iiif/2/69429%2Fc0w950g3rj5n
1010	p. 1-55	https://image-tor.canadiana.ca/iiif/2/69429%2Fc0rj48p63s5x
1011	p. 1-56	https://image-tor.canadiana.ca/iiif/2/69429%2Fc0ms3jw8g14n
1012	p. 1-57	https://image-tor.canadiana.ca/iiif/2/69429%2Fc0h12v40t80f
1013	p. 1-58	https://image-tor.canadiana.ca/iiif/2/69429%2Fc0c824b35g7n
1014	p. 1-59	https://image-tor.canadiana.ca/iiif/2/69429%2Fc07h1dj5hq4p
1015	p. 1-60	https://image-tor.canadiana.ca/iiif/2/69429%2Fc03r0pr7vz4g
1016	p. 1-61	https://image-tor.canadiana.ca/iiif/2/69429%2Fc0028pc32b5k
1017	p. 1-62	https://image-tor.canadiana.ca/iiif/2/69429%2Fc0v97zk5f18t
1018	p. 1-63	https://image-tor.canadiana.ca/iiif/2/69429%2Fc0qj77s7s84n
1019	p. 1-64	https://image-tor.canadiana.ca/iiif/2/69429%2Fc0ks6j104h2s
1020	p. 1-65	https://image-tor.canadiana.ca/iiif/2/69429%2Fc0g15t72gq8v
1021	p. 1-66	https://image-tor.canadiana.ca/iiif/2/69429%2Fc0b853f4tz6v
1022	p. 1-67	https://image-tor.canadiana.ca/iiif/2/69429%2Fc06h4cn7666n
1023	p. 1-68	https://image-tor.canadiana.ca/iiif/2/69429%2Fc02v2c82ck70
1024	p. 1-69	https://image-tor.canadiana.ca/iiif/2/69429%2Fc0z31ng4r907
1025	p. 1-70	https://image-tor.canadiana.ca/iiif/2/69429%2Fc0tb0xp73h72
1026	p. 1-71	https://image-tor.canadiana.ca/iiif/2/69429%2Fc0pk06w9fr3w
1027	p. 1-72	https://image-tor.canadiana.ca/iiif/2/69429%2Fc0js9h41sz94
1028	p. 1-73	https://image-tor.canadiana.ca/iiif/2/69429%2Fc0f18sb4568n
1029	p. 1-74	https://image-tor.canadiana.ca/iiif/2/69429%2Fc09882j6hf9d
1030	p. 1-75	https://image-tor.canadiana.ca/iiif/2/69429%2Fc05m6251pt95
1031	p. 1-76	https://image-tor.canadiana.ca/iiif/2/69429%2Fc01v5bc4228c
1032	p. 1-77	https://image-tor.canadiana.ca/iiif/2/69429%2Fc0x34mk6dr8n
1033	p. 1-78	https://image-tor.canadiana.ca/iiif/2/69429%2Fc0sb3ws8s056
1034	p. 1-79	https://image-tor.canadiana.ca/iiif/2/69429%2Fc0nk36114724
1035	p. 1-80	https://image-tor.canadiana.ca/iiif/2/69429%2Fc0ht2g73gg1b
1036	p. 1-81	https://image-tor.canadiana.ca/iiif/2/69429%2Fc0d21rf5tq1f
1037	p. 1-82	https://image-tor.canadiana.ca/iiif/2/69429%2Fc08c9r211302
1038	p. 1-83	https://image-tor.canadiana.ca/iiif/2/69429%2Fc04m9183cb1t
1039	p. 1-84	https://image-tor.canadiana.ca/iiif/2/69429%2Fc00v89g5qj7k
1040	p. 1-85	https://image-tor.canadiana.ca/iiif/2/69429%2Fc0w37kp8378f
1041	p. 1-86	https://image-tor.canadiana.ca/iiif/2/69429%2Fc0rb6vx0fg4h
1042	p. 1-87	https://image-tor.canadiana.ca/iiif/2/69429%2Fc0mk6542sq43
1043	p. 1-88	https://image-tor.canadiana.ca/iiif/2/69429%2Fc0gx44q80337
1044	p. 1-89	https://image-tor.canadiana.ca/iiif/2/69429%2Fc0c53dz0bb3z
1045	p. 1-90	https://image-tor.canadiana.ca/iiif/2/69429%2Fc07d2q52pk4r
1046	unnumbered	https://image-tor.canadiana.ca/iiif/2/69429%2Fc03n20c51t1n
1047	p. 1-2	https://image-tor.canadiana.ca/iiif/2/69429%2Fc0zw18k7dh0j
1048	p. 1-3	https://image-tor.canadiana.ca/iiif/2/69429%2Fc0v40js9rq6m
1049	p. 1-4	https://image-tor.canadiana.ca/iiif/2/69429%2Fc0qb9v123z6c
1050	p. 1-5	https://image-tor.canadiana.ca/iiif/2/69429%2Fc0kp7tm79b51
1051	p. 1-6	https://image-tor.canadiana.ca/iiif/2/69429%2Fc0fx73t9nk6s
1052	p. 1-7	https://image-tor.canadiana.ca/iiif/2/69429%2Fc0b56d220t5t
1053	p. 1-8	https://image-tor.canadiana.ca/iiif/2/69429%2Fc06d5p84c23z
1054	p. 1-9	https://image-tor.canadiana.ca/iiif/2/69429%2Fc02n4zg6q900
1055	p. 1-10	https://image-tor.canadiana.ca/iiif/2/69429%2Fc0xw47p92z9j
1056	p. 1-11	https://image-tor.canadiana.ca/iiif/2/69429%2Fc0t43hx1f686
1057	p. 1-12	https://image-tor.canadiana.ca/iiif/2/69429%2Fc0pg1hh6mk8b
1058	p. 1-13	https://image-tor.canadiana.ca/iiif/2/69429%2Fc0jq0sq8zt84
1059	p. 1-14	https://image-tor.canadiana.ca/iiif/2/69429%2Fc0dz02z1b28x
1060	p. 1-15	https://image-tor.canadiana.ca/iiif/2/69429%2Fc0959c53p94j
1061	p. 1-16	https://image-tor.canadiana.ca/iiif/2/69429%2Fc05d8nc61j2n
1062	p. 1-17	https://image-tor.canadiana.ca/iiif/2/69429%2Fc01n7xk8cr8d
1063	p. 1-18	https://image-tor.canadiana.ca/iiif/2/69429%2Fc0ww76t0rg1b
1064	p. 1-19	https://image-tor.canadiana.ca/iiif/2/69429%2Fc0s756d5xv06
1065	p. 1-20	https://image-tor.canadiana.ca/iiif/2/69429%2Fc0ng4gm8931k
1066	p. 1-21	https://image-tor.canadiana.ca/iiif/2/69429%2Fc0hq3rv0nb0d
1067	p. 1-22	https://image-tor.canadiana.ca/iiif/2/69429%2Fc0cz32230j71
1068	p. 1-23	https://image-tor.canadiana.ca/iiif/2/69429%2Fc0862b85bs4c
1069	p. 1-24	https://image-tor.canadiana.ca/iiif/2/69429%2Fc04f1mg7q10b
1070	p. 1-25	https://image-tor.canadiana.ca/iiif/2/69429%2Fc00p0wq02807
1071	p. 1-26	https://image-tor.canadiana.ca/iiif/2/69429%2Fc0w08w958320
1072	p. 1-27	https://image-tor.canadiana.ca/iiif/2/69429%2Fc0r785h7mb3r
1073	p. 1-28	https://image-tor.canadiana.ca/iiif/2/69429%2Fc0mg7fq9zk1c
1074	p. 1-29	https://image-tor.canadiana.ca/iiif/2/69429%2Fc0gq6qz29s9d
1075	p. 1-30	https://image-tor.canadiana.ca/iiif/2/69429%2Fc0bz6154p155
1076	p. 1-31	https://image-tor.canadiana.ca/iiif/2/69429%2Fc07659c71820
1077	p. 1-32	https://image-tor.canadiana.ca/iiif/2/69429%2Fc03f4kk9ch3c
1078	p. 1-33	https://image-tor.canadiana.ca/iiif/2/69429%2Fc0zs2k64kb50
1079	p. 1-34	https://image-tor.canadiana.ca/iiif/2/69429%2Fc0v11vd6xk53
1080	p. 1-35	https://image-tor.canadiana.ca/iiif/2/69429%2Fc0q814m98t45
1081	p. 1-36	https://image-tor.canadiana.ca/iiif/2/69429%2Fc0kh0dv1n20r
1082	p. 1-37	https://image-tor.canadiana.ca/iiif/2/69429%2Fc0fq9q240881
1083	unnumbered	https://image-tor.canadiana.ca/iiif/2/69429%2Fc09z9086bh4v
1084	p. 1-2	https://image-tor.canadiana.ca/iiif/2/69429%2Fc06688g8pr5j
1085	p. 1-3	https://image-tor.canadiana.ca/iiif/2/69429%2Fc02j6833w447
1086	p. 1-4	https://image-tor.canadiana.ca/iiif/2/69429%2Fc0xs5j967t7f
1087	p. 1-5	https://image-tor.canadiana.ca/iiif/2/69429%2Fc0t14th8m25w
1088	p. 1-6	https://image-tor.canadiana.ca/iiif/2/69429%2Fc0p843r0z92x
1089	p. 1-7	https://image-tor.canadiana.ca/iiif/2/69429%2Fc0jh3cz39h85
1090	p. 1-8	https://image-tor.canadiana.ca/iiif/2/69429%2Fc0dr2p55nr7s
1091	p. 1-9	https://image-tor.canadiana.ca/iiif/2/69429%2Fc0901zc8107w
1092	p. 1-10	https://image-tor.canadiana.ca/iiif/2/69429%2Fc0599z036c73
1093	p. 1-11	https://image-tor.canadiana.ca/iiif/2/69429%2Fc01j9765jm8v
1094	p. 1-12	https://image-tor.canadiana.ca/iiif/2/69429%2Fc0ws8hd7x965
1095	p. 1-13	https://image-tor.canadiana.ca/iiif/2/69429%2Fc0s17sn08j46
1096	p. 1-14	https://image-tor.canadiana.ca/iiif/2/69429%2Fc0n872v2ms01
1097	p. 1-15	https://image-tor.canadiana.ca/iiif/2/69429%2Fc0hh6c25008c
1098	p. 1-16	https://image-tor.canadiana.ca/iiif/2/69429%2Fc0cr5n87b79r
1099	p. 1-17	https://image-tor.canadiana.ca/iiif/2/69429%2Fc0833mw2hm9d
1100	p. 1-18	https://image-tor.canadiana.ca/iiif/2/69429%2Fc04b2x34vv9m
1101	p. 1-19	https://image-tor.canadiana.ca/iiif/2/69429%2Fc00k2697737m
1102	p. 1-20	https://image-tor.canadiana.ca/iiif/2/69429%2Fc0vt1gh9ks60
1103	p. 1-21	https://image-tor.canadiana.ca/iiif/2/69429%2Fc0r20rr1z13g
1104	p. 1-22	https://image-tor.canadiana.ca/iiif/2/69429%2Fc0m901z4981z
1105	p. 1-23	https://image-tor.canadiana.ca/iiif/2/69429%2Fc0gm81j9gn1j
1106	p. 1-24	https://image-tor.canadiana.ca/iiif/2/69429%2Fc0bv79s1tw2j
1107	p. 1-25	https://image-tor.canadiana.ca/iiif/2/69429%2Fc0736m046422
1108	p. 1-26	https://image-tor.canadiana.ca/iiif/2/69429%2Fc03b5w66jb9d
1109	p. 1-27	https://image-tor.canadiana.ca/iiif/2/69429%2Fc0zk55d8x198
1110	p. 1-28	https://image-tor.canadiana.ca/iiif/2/69429%2Fc0tt4fn1885t
1111	p. 1-29	https://image-tor.canadiana.ca/iiif/2/69429%2Fc0q23qv3mh4b
1112	p. 1-30	https://image-tor.canadiana.ca/iiif/2/69429%2Fc0kd1qf8sw4g
1113	p. 1-31	https://image-tor.canadiana.ca/iiif/2/69429%2Fc0fn10p1543p
1114	p. 1-32	https://image-tor.canadiana.ca/iiif/2/69429%2Fc09w08w3hc42
1115	p. 1-33	https://image-tor.canadiana.ca/iiif/2/69429%2Fc0639k35vm0p
1116	p. 1-34	https://image-tor.canadiana.ca/iiif/2/69429%2Fc02b8v986t83
1117	p. 1-35	https://image-tor.canadiana.ca/iiif/2/69429%2Fc0xk84j0kh6d
1118	p. 1-36	https://image-tor.canadiana.ca/iiif/2/69429%2Fc0st7dr2xr5m
1119	p. 1-37	https://image-tor.canadiana.ca/iiif/2/69429%2Fc0p55db8446n
1120	p. 1-38	https://image-tor.canadiana.ca/iiif/2/69429%2Fc0jd4pk0gc62
1121	p. 1-39	https://image-tor.canadiana.ca/iiif/2/69429%2Fc0dn3zs2tm4p
1122	p. 1-40	https://image-tor.canadiana.ca/iiif/2/69429%2Fc08w38055v2k
1123	p. 1-41	https://image-tor.canadiana.ca/iiif/2/69429%2Fc0542j67j29r
1124	p. 1-42	https://image-tor.canadiana.ca/iiif/2/69429%2Fc01c1td9w96s
1125	p. 1-43	https://image-tor.canadiana.ca/iiif/2/69429%2Fc0wm13n2807b
1126	p. 1-44	https://image-tor.canadiana.ca/iiif/2/69429%2Fc0rx9377fc8h
1127	p. 1-45	https://image-tor.canadiana.ca/iiif/2/69429%2Fc0n58cf9sm96
1128	p. 1-46	https://image-tor.canadiana.ca/iiif/2/69429%2Fc0hd7np24v8h
1129	p. 1-47	https://image-tor.canadiana.ca/iiif/2/69429%2Fc0cn6xw4h352
1130	p. 1-48	https://image-tor.canadiana.ca/iiif/2/69429%2Fc07w6736vb19
1131	p. 1-49	https://image-tor.canadiana.ca/iiif/2/69429%2Fc0445h996j8f
1132	p. 1-50	https://image-tor.canadiana.ca/iiif/2/69429%2Fc00c4sj1js8v
1133	p. 1-51	https://image-tor.canadiana.ca/iiif/2/69429%2Fc0vq2s46rn0j
1134	p. 1-52	https://image-tor.canadiana.ca/iiif/2/69429%2Fc0qz22b93w06
1135	p. 1-53	https://image-tor.canadiana.ca/iiif/2/69429%2Fc0m61bk1g40f
1136	p. 1-54	https://image-tor.canadiana.ca/iiif/2/69429%2Fc0gf0ms3tb66
1137	p. 1-55	https://image-tor.canadiana.ca/iiif/2/69429%2Fc0bn9x065k45
1138	p. 1-56	https://image-tor.canadiana.ca/iiif/2/69429%2Fc06w9668ht00
1139	p. 1-57	https://image-tor.canadiana.ca/iiif/2/69429%2Fc0348gf0w207
1140	p. 1-58	https://image-tor.canadiana.ca/iiif/2/69429%2Fc0zg6g162w1m
1141	p. 1-59	https://image-tor.canadiana.ca/iiif/2/69429%2Fc0tq5r78f42h
1142	p. 1-60	https://image-tor.canadiana.ca/iiif/2/69429%2Fc0pz51g0sc04
1143	p. 1-61	https://image-tor.canadiana.ca/iiif/2/69429%2Fc0k649p34k8v
1144	p. 1-62	https://image-tor.canadiana.ca/iiif/2/69429%2Fc0ff3kw5gt5w
1145	p. 1-63	https://image-tor.canadiana.ca/iiif/2/69429%2Fc09p2w37v22v
1146	p. 1-64	https://image-tor.canadiana.ca/iiif/2/69429%2Fc05x25b06924
1147	p. 1-65	https://image-tor.canadiana.ca/iiif/2/69429%2Fc02804x5cp25
1148	p. 1-66	https://image-tor.canadiana.ca/iiif/2/69429%2Fc0xg9f47rc58
1149	p. 1-67	https://image-tor.canadiana.ca/iiif/2/69429%2Fc0sq8qc03m30
1150	p. 1-68	https://image-tor.canadiana.ca/iiif/2/69429%2Fc0nz80k2fv0d
1151	p. 1-69	https://image-tor.canadiana.ca/iiif/2/69429%2Fc0j678s4t260
1152	p. 1-70	https://image-tor.canadiana.ca/iiif/2/69429%2Fc0df6k07594h
1153	p. 1-71	https://image-tor.canadiana.ca/iiif/2/69429%2Fc08p5v69hj5w
1154	p. 1-72	https://image-tor.canadiana.ca/iiif/2/69429%2Fc0513tt4px5j
1155	p. 1-73	https://image-tor.canadiana.ca/iiif/2/69429%2Fc01834172554
1156	p. 1-74	https://image-tor.canadiana.ca/iiif/2/69429%2Fc0wh2d79dv53
1157	p. 1-75	https://image-tor.canadiana.ca/iiif/2/69429%2Fc0rr1pg1s31p
1158	p. 1-76	https://image-tor.canadiana.ca/iiif/2/69429%2Fc0n00zp4499d
1159	p. 1-77	https://image-tor.canadiana.ca/iiif/2/69429%2Fc0h707w6gj6t
1160	p. 1-78	https://image-tor.canadiana.ca/iiif/2/69429%2Fc0cf9j38ts6g
1161	p. 1-79	https://image-tor.canadiana.ca/iiif/2/69429%2Fc07s7hq4156t
1162	p. 1-80	https://image-tor.canadiana.ca/iiif/2/69429%2Fc0416sx6cd7h
1163	unnumbered	https://image-tor.canadiana.ca/iiif/2/69429%2Fc0086348qn4b
1164	p. 1-2	https://image-tor.canadiana.ca/iiif/2/69429%2Fc0vh5cc13b5h
1165	p. 1-3	https://image-tor.canadiana.ca/iiif/2/69429%2Fc0qr4nk3fk1z
1166	p. 1-4	https://image-tor.canadiana.ca/iiif/2/69429%2Fc0m03xs5st0g
1167	p. 1-5	https://image-tor.canadiana.ca/iiif/2/69429%2Fc0gb1xd10607
1168	p. 1-6	https://image-tor.canadiana.ca/iiif/2/69429%2Fc0bk16m3bd94
1169	p. 1-7	https://image-tor.canadiana.ca/iiif/2/69429%2Fc06t0gt5pp06
1170	p. 1-8	https://image-tor.canadiana.ca/iiif/2/69429%2Fc0319s181w76
1171	p. 1-9	https://image-tor.canadiana.ca/iiif/2/69429%2Fc0z89280dk7p
1172	p. 1-10	https://image-tor.canadiana.ca/iiif/2/69429%2Fc0th8bg2rt34
1173	p. 1-11	https://image-tor.canadiana.ca/iiif/2/69429%2Fc0pr7mp5421r
1174	p. 1-12	https://image-tor.canadiana.ca/iiif/2/69429%2Fc0k35m909f2d
1175	p. 1-13	https://image-tor.canadiana.ca/iiif/2/69429%2Fc0fb4wh2np1m
1176	p. 1-14	https://image-tor.canadiana.ca/iiif/2/69429%2Fc09k45q50x18
1177	p. 1-15	https://image-tor.canadiana.ca/iiif/2/69429%2Fc05t3fx7c49q
1178	p. 1-16	https://image-tor.canadiana.ca/iiif/2/69429%2Fc0222r49qc6g
1179	p. 1-17	https://image-tor.canadiana.ca/iiif/2/69429%2Fc0x921c2325v
1180	p. 1-18	https://image-tor.canadiana.ca/iiif/2/69429%2Fc0sj19k4f942
1181	p. 1-19	https://image-tor.canadiana.ca/iiif/2/69429%2Fc0nv9959mp4n
1182	p. 1-20	https://image-tor.canadiana.ca/iiif/2/69429%2Fc0j38kd1zx4c
1183	p. 1-21	https://image-tor.canadiana.ca/iiif/2/69429%2Fc0db7vm4b545
1184	p. 1-22	https://image-tor.canadiana.ca/iiif/2/69429%2Fc08k74t6pd00
1185	p. 1-23	https://image-tor.canadiana.ca/iiif/2/69429%2Fc04t6f191m9d
1186	p. 1-24	https://image-tor.canadiana.ca/iiif/2/69429%2Fc0125q81cv5s
1187	p. 1-25	https://image-tor.canadiana.ca/iiif/2/69429%2Fc0w950g3rj67
1188	p. 1-26	https://image-tor.canadiana.ca/iiif/2/69429%2Fc0rn3028xx8j
1189	p. 1-27	https://image-tor.canadiana.ca/iiif/2/69429%2Fc0mw2891957c
1190	p. 1-28	https://image-tor.canadiana.ca/iiif/2/69429%2Fc0h41jh3nd7g
1191	p. 1-29	https://image-tor.canadiana.ca/iiif/2/69429%2Fc0cc0tq60n40
1192	p. 1-30	https://image-tor.canadiana.ca/iiif/2/69429%2Fc07m03x8bw0t
1193	p. 1-31	https://image-tor.canadiana.ca/iiif/2/69429%2Fc03t9d50q36k
1194	p. 1-32	https://image-tor.canadiana.ca/iiif/2/69429%2Fc0028pc32b65
1195	p. 1-33	https://image-tor.canadiana.ca/iiif/2/69429%2Fc0vd6nz8859b
1196	p. 1-34	https://image-tor.canadiana.ca/iiif/2/69429%2Fc0qn5z60mf0f
1197	p. 1-35	https://image-tor.canadiana.ca/iiif/2/69429%2Fc0kw57d2zn8r
1198	p. 1-36	https://image-tor.canadiana.ca/iiif/2/69429%2Fc0g44hm59w65
1199	p. 1-37	https://image-tor.canadiana.ca/iiif/2/69429%2Fc0bc3st7p424
1200	p. 1-38	https://image-tor.canadiana.ca/iiif/2/69429%2Fc06m33201b9c
1201	p. 1-39	https://image-tor.canadiana.ca/iiif/2/69429%2Fc02v2c82ck8k
1202	p. 1-40	https://image-tor.canadiana.ca/iiif/2/69429%2Fc0z60bv7kf1r
1203	unnumbered	https://image-tor.canadiana.ca/iiif/2/69429%2Fc0td9n29xp1d
1204	p. 1-2	https://image-tor.canadiana.ca/iiif/2/69429%2Fc0pn8x928x19
1205	p. 1-3	https://image-tor.canadiana.ca/iiif/2/69429%2Fc0jw86h4n48j
1206	p. 1-4	https://image-tor.canadiana.ca/iiif/2/69429%2Fc0f47gq70c4s
1207	p. 1-5	https://image-tor.canadiana.ca/iiif/2/69429%2Fc09c6rx9bm07
1208	unnumbered	https://image-tor.canadiana.ca/iiif/2/69429%2Fc05m6251pv0f
1209	p. 1-2	https://image-tor.canadiana.ca/iiif/2/69429%2Fc01z41r6w72v
1210	p. 1-3	https://image-tor.canadiana.ca/iiif/2/69429%2Fc0x639z97x4s
1211	p. 1-4	https://image-tor.canadiana.ca/iiif/2/69429%2Fc0sf2m61m52z
1212	p. 1-5	https://image-tor.canadiana.ca/iiif/2/69429%2Fc0np1wd3zc8q
1213	p. 1-6	https://image-tor.canadiana.ca/iiif/2/69429%2Fc0hx15m69m5m
1214	p. 1-7	https://image-tor.canadiana.ca/iiif/2/69429%2Fc0d50ft8nv1c
1215	p. 1-8	https://image-tor.canadiana.ca/iiif/2/69429%2Fc08c9r21131n
1216	p. 1-9	https://image-tor.canadiana.ca/iiif/2/69429%2Fc04q7qn66g3j
1217	p. 1-10	https://image-tor.canadiana.ca/iiif/2/69429%2Fc00z70v8jq49
1218	p. 1-11	https://image-tor.canadiana.ca/iiif/2/69429%2Fc0w66930xd3j
1219	p. 1-12	https://image-tor.canadiana.ca/iiif/2/69429%2Fc0rf5k938n1n
1220	p. 1-13	https://image-tor.canadiana.ca/iiif/2/69429%2Fc0mp4vh5mv6t
1221	p. 1-14	https://image-tor.canadiana.ca/iiif/2/69429%2Fc0gx44q8034t
1222	p. 1-15	https://image-tor.canadiana.ca/iiif/2/69429%2Fc0c53dz0bb4j
1223	p. 1-16	https://image-tor.canadiana.ca/iiif/2/69429%2Fc07h1dj5hq58
1224	p. 1-17	https://image-tor.canadiana.ca/iiif/2/69429%2Fc03r0pr7vz52
1225	p. 1-18	https://image-tor.canadiana.ca/iiif/2/69429%2Fc0000000763d
1226	p. 1-19	https://image-tor.canadiana.ca/iiif/2/69429%2Fc0v69862kw27
1227	p. 1-20	https://image-tor.canadiana.ca/iiif/2/69429%2Fc0qf8jd4z393
1228	p. 1-21	https://image-tor.canadiana.ca/iiif/2/69429%2Fc0kp7tm79b6m
1229	p. 1-22	https://image-tor.canadiana.ca/iiif/2/69429%2Fc0fx73t9nk7c
1230	p. 1-23	https://image-tor.canadiana.ca/iiif/2/69429%2Fc0b853f4tz7f
1231	p. 1-24	https://image-tor.canadiana.ca/iiif/2/69429%2Fc06h4cn76677
1232	p. 1-25	https://image-tor.canadiana.ca/iiif/2/69429%2Fc02r3nv9jf5v
1233	p. 1-26	https://image-tor.canadiana.ca/iiif/2/69429%2Fc0z02z31x43h
1234	p. 1-27	https://image-tor.canadiana.ca/iiif/2/69429%2Fc0t727948c10
1235	p. 1-28	https://image-tor.canadiana.ca/iiif/2/69429%2Fc0pg1hh6mk9x
1236	p. 1-29	https://image-tor.canadiana.ca/iiif/2/69429%2Fc0js9h41t00x
1237	p. 1-30	https://image-tor.canadiana.ca/iiif/2/69429%2Fc0f18sb45697
1238	p. 1-31	https://image-tor.canadiana.ca/iiif/2/69429%2Fc09882j6hg0p
1239	p. 1-32	https://image-tor.canadiana.ca/iiif/2/69429%2Fc05h7br8vp71
1240	p. 1-33	https://image-tor.canadiana.ca/iiif/2/69429%2Fc01r6n016x55
1241	p. 1-34	https://image-tor.canadiana.ca/iiif/2/69429%2Fc0x05x63km3s
1242	p. 1-35	https://image-tor.canadiana.ca/iiif/2/69429%2Fc0s756d5xv1s
1243	p. 1-36	https://image-tor.canadiana.ca/iiif/2/69429%2Fc0nk3611473q
1244	p. 1-37	https://image-tor.canadiana.ca/iiif/2/69429%2Fc0ht2g73gg2x
1245	p. 1-38	https://image-tor.canadiana.ca/iiif/2/69429%2Fc0d21rf5tq21
1246	p. 1-39	https://image-tor.canadiana.ca/iiif/2/69429%2Fc08911n85z0h
1247	p. 1-40	https://image-tor.canadiana.ca/iiif/2/69429%2Fc04j09w0j570
1248	p. 1-41	https://image-tor.canadiana.ca/iiif/2/69429%2Fc00r9m32wd4w
1249	p. 1-42	https://image-tor.canadiana.ca/iiif/2/69429%2Fc0w08w95833k
1250	p. 1-43	https://image-tor.canadiana.ca/iiif/2/69429%2Fc0rb6vx0fg53
1251	p. 1-44	https://image-tor.canadiana.ca/iiif/2/69429%2Fc0mk6542sq5p
1252	p. 1-45	https://image-tor.canadiana.ca/iiif/2/69429%2Fc0gt5fb54z4c
1253	p. 1-46	https://image-tor.canadiana.ca/iiif/2/69429%2Fc0c24qj7h62t
1254	p. 1-47	https://image-tor.canadiana.ca/iiif/2/69429%2Fc07940r9vd8z
1255	p. 1-48	https://image-tor.canadiana.ca/iiif/2/69429%2Fc03j39026n5h
1256	p. 1-49	https://image-tor.canadiana.ca/iiif/2/69429%2Fc0zs2k64kb6k
1257	p. 1-50	https://image-tor.canadiana.ca/iiif/2/69429%2Fc0v40js9rq76
1258	p. 1-51	https://image-tor.canadiana.ca/iiif/2/69429%2Fc0qb9v123z7z
1259	p. 1-52	https://image-tor.canadiana.ca/iiif/2/69429%2Fc0kk9474g67n
1260	p. 1-53	https://image-tor.canadiana.ca/iiif/2/69429%2Fc0ft8df6tf33
1261	p. 1-54	https://image-tor.canadiana.ca/iiif/2/69429%2Fc0b27pn95p1h
1262	p. 1-55	https://image-tor.canadiana.ca/iiif/2/69429%2Fc0696zw1hw7w
1263	p. 1-56	https://image-tor.canadiana.ca/iiif/2/69429%2Fc02j6833w45t
1264	p. 1-57	https://image-tor.canadiana.ca/iiif/2/69429%2Fc0xw47p9300b
1265	p. 1-58	https://image-tor.canadiana.ca/iiif/2/69429%2Fc0t43hx1f69s
1266	p. 1-59	https://image-tor.canadiana.ca/iiif/2/69429%2Fc0pc2t43sf8d
1267	p. 1-60	https://image-tor.canadiana.ca/iiif/2/69429%2Fc0jm23b64p6w
1268	p. 1-61	https://image-tor.canadiana.ca/iiif/2/69429%2Fc0dv1cj8gx2b
1269	p. 1-62	https://image-tor.canadiana.ca/iiif/2/69429%2Fc0930ns0v494
1270	p. 1-63	https://image-tor.canadiana.ca/iiif/2/69429%2Fc0599z036c8p
1271	p. 1-64	https://image-tor.canadiana.ca/iiif/2/69429%2Fc01n7xk8cr90
1272	p. 1-65	https://image-tor.canadiana.ca/iiif/2/69429%2Fc0ww76t0rg2x
1273	p. 1-66	https://image-tor.canadiana.ca/iiif/2/69429%2Fc0s46h133q1b
1274	p. 1-67	https://image-tor.canadiana.ca/iiif/2/69429%2Fc0nc5s75fx8p
1275	p. 1-68	https://image-tor.canadiana.ca/iiif/2/69429%2Fc0hm52f7t541
1276	p. 1-69	https://image-tor.canadiana.ca/iiif/2/69429%2Fc0cv4bp05d15
1277	p. 1-70	https://image-tor.canadiana.ca/iiif/2/69429%2Fc0833mw2hn0p
1278	p. 1-71	https://image-tor.canadiana.ca/iiif/2/69429%2Fc04f1mg7q11x
1279	p. 1-72	https://image-tor.canadiana.ca/iiif/2/69429%2Fc00p0wq0281t
1280	p. 1-73	https://image-tor.canadiana.ca/iiif/2/69429%2Fc0vx05x2dz2r
1281	p. 1-74	https://image-tor.canadiana.ca/iiif/2/69429%2Fc0r49g44s586
1282	p. 1-75	https://image-tor.canadiana.ca/iiif/2/69429%2Fc0mc8rb74d5q
1283	p. 1-76	https://image-tor.canadiana.ca/iiif/2/69429%2Fc0gm81j9gn24
1284	p. 1-77	https://image-tor.canadiana.ca/iiif/2/69429%2Fc0bv79s1tw34
1285	p. 1-78	https://image-tor.canadiana.ca/iiif/2/69429%2Fc07659c7183k
1286	p. 1-79	https://image-tor.canadiana.ca/iiif/2/69429%2Fc03f4kk9ch4z
1287	p. 1-80	https://image-tor.canadiana.ca/iiif/2/69429%2Fc0zp3vt1r63g
1288	p. 1-81	https://image-tor.canadiana.ca/iiif/2/69429%2Fc0tx35143f1c
1289	p. 1-82	https://image-tor.canadiana.ca/iiif/2/69429%2Fc0q52f76fn7f
1290	p. 1-83	https://image-tor.canadiana.ca/iiif/2/69429%2Fc0kd1qf8sw52
1291	p. 1-84	https://image-tor.canadiana.ca/iiif/2/69429%2Fc0fn10p15448
1292	p. 1-85	https://image-tor.canadiana.ca/iiif/2/69429%2Fc09z9086bh5f
1293	p. 1-86	https://image-tor.canadiana.ca/iiif/2/69429%2Fc06688g8pr64
1294	p. 1-87	https://image-tor.canadiana.ca/iiif/2/69429%2Fc02f7jq1204c
1295	p. 1-88	https://image-tor.canadiana.ca/iiif/2/69429%2Fc0xp6tx3dp3r
1296	p. 1-89	https://image-tor.canadiana.ca/iiif/2/69429%2Fc0sx6445rw99
1297	p. 1-90	https://image-tor.canadiana.ca/iiif/2/69429%2Fc0p55db84477
1298	p. 1-91	https://image-tor.canadiana.ca/iiif/2/69429%2Fc0jh3cz39h9r
1299	p. 1-92	https://image-tor.canadiana.ca/iiif/2/69429%2Fc0dr2p55nr8c
1300	p. 1-93	https://image-tor.canadiana.ca/iiif/2/69429%2Fc0901zc8108g
1301	p. 1-94	https://image-tor.canadiana.ca/iiif/2/69429%2Fc05717m0c763
1302	p. 1-95	https://image-tor.canadiana.ca/iiif/2/69429%2Fc01g0ht2qg2j
1303	p. 1-96	https://image-tor.canadiana.ca/iiif/2/69429%2Fc0wp9t15352c
1304	p. 1-97	https://image-tor.canadiana.ca/iiif/2/69429%2Fc0rx9377fc93
1305	p. 1-98	https://image-tor.canadiana.ca/iiif/2/69429%2Fc0n872v2ms1m
1306	p. 1-99	https://image-tor.canadiana.ca/iiif/2/69429%2Fc0hh6c25009z
1307	p. 1-100	https://image-tor.canadiana.ca/iiif/2/69429%2Fc0cr5n87b801
1308	p. 1-101	https://image-tor.canadiana.ca/iiif/2/69429%2Fc0804xg9pg88
1309	p. 1-102	https://image-tor.canadiana.ca/iiif/2/69429%2Fc04746q21q5s
1310	p. 1-103	https://image-tor.canadiana.ca/iiif/2/69429%2Fc00g3gx4cz17
1311	p. 1-104	https://image-tor.canadiana.ca/iiif/2/69429%2Fc0vq2s46rn14
1312	p. 1-105	https://image-tor.canadiana.ca/iiif/2/69429%2Fc0r20rr1z142
1313	p. 1-106	https://image-tor.canadiana.ca/iiif/2/69429%2Fc0m901z4982j
1314	p. 1-107	https://image-tor.canadiana.ca/iiif/2/69429%2Fc0gh9b56nh26
1315	p. 1-108	https://image-tor.canadiana.ca/iiif/2/69429%2Fc0br8mc90q8f
1316	p. 1-109	https://image-tor.canadiana.ca/iiif/2/69429%2Fc0707wm1bz60
1317	p. 1-110	https://image-tor.canadiana.ca/iiif/2/69429%2Fc03775t3q62b
1318	p. 1-111	https://image-tor.canadiana.ca/iiif/2/69429%2Fc0zg6g162w26
1319	p. 1-112	https://image-tor.canadiana.ca/iiif/2/69429%2Fc0tt4fn1886d
1320	p. 1-113	https://image-tor.canadiana.ca/iiif/2/69429%2Fc0q23qv3mh5x
1321	p. 1-114	https://image-tor.canadiana.ca/iiif/2/69429%2Fc0k93125zr4x
1322	p. 1-115	https://image-tor.canadiana.ca/iiif/2/69429%2Fc0fj2988b02j
1323	p. 1-116	https://image-tor.canadiana.ca/iiif/2/69429%2Fc09s1kh0p68x
1324	p. 1-117	https://image-tor.canadiana.ca/iiif/2/69429%2Fc0610vq31f5r
1325	p. 1-118	https://image-tor.canadiana.ca/iiif/2/69429%2Fc02804x5cp3r
1326	p. 1-119	https://image-tor.canadiana.ca/iiif/2/69429%2Fc0xk84j0kh70
1327	p. 1-120	https://image-tor.canadiana.ca/iiif/2/69429%2Fc0st7dr2xr66
1328	p. 1-121	https://image-tor.canadiana.ca/iiif/2/69429%2Fc0p26pz59069
1329	p. 1-122	https://image-tor.canadiana.ca/iiif/2/69429%2Fc0j96057n74q
1330	p. 1-123	https://image-tor.canadiana.ca/iiif/2/69429%2Fc0dj58d00g1v
1331	p. 1-124	https://image-tor.canadiana.ca/iiif/2/69429%2Fc08s4jm2bp7m
1332	p. 1-125	https://image-tor.canadiana.ca/iiif/2/69429%2Fc0513tt4px64
1333	p. 1-126	https://image-tor.canadiana.ca/iiif/2/69429%2Fc01c1td9w97c
1334	p. 1-127	https://image-tor.canadiana.ca/iiif/2/69429%2Fc0wm13n2808x
1335	p. 1-128	https://image-tor.canadiana.ca/iiif/2/69429%2Fc0rv0cv4m78q
1336	p. 1-129	https://image-tor.canadiana.ca/iiif/2/69429%2Fc0n29p26zg4b
1337	p. 1-130	https://image-tor.canadiana.ca/iiif/2/69429%2Fc0h98z899q2f
1338	p. 1-131	https://image-tor.canadiana.ca/iiif/2/69429%2Fc0cj87h1nx86
1339	p. 1-132	https://image-tor.canadiana.ca/iiif/2/69429%2Fc07s7hq4157d
1340	p. 1-133	https://image-tor.canadiana.ca/iiif/2/69429%2Fc0445h996j91
1341	p. 1-134	https://image-tor.canadiana.ca/iiif/2/69429%2Fc00c4sj1js9f
1342	p. 1-135	https://image-tor.canadiana.ca/iiif/2/69429%2Fc0vm42r3xg99
1343	p. 1-136	https://image-tor.canadiana.ca/iiif/2/69429%2Fc0qv3bz68q7d
1344	p. 1-137	https://image-tor.canadiana.ca/iiif/2/69429%2Fc0m32n58mz3k
1345	p. 1-138	https://image-tor.canadiana.ca/iiif/2/69429%2Fc0gb1xd1061t
1346	p. 1-139	https://image-tor.canadiana.ca/iiif/2/69429%2Fc0bk16m3bf0d
1347	p. 1-140	https://image-tor.canadiana.ca/iiif/2/69429%2Fc06w9668ht1k
1348	p. 1-141	https://image-tor.canadiana.ca/iiif/2/69429%2Fc0348gf0w21t
1349	p. 1-142	https://image-tor.canadiana.ca/iiif/2/69429%2Fc0zc7rn37r2v
1350	p. 1-143	https://image-tor.canadiana.ca/iiif/2/69429%2Fc0tm71v5kz9k
1351	p. 1-144	https://image-tor.canadiana.ca/iiif/2/69429%2Fc0pv6b27z66j
1352	p. 1-145	https://image-tor.canadiana.ca/iiif/2/69429%2Fc0k35m909f30
1353	p. 1-146	https://image-tor.canadiana.ca/iiif/2/69429%2Fc0fb4wh2np26
1354	p. 1-147	https://image-tor.canadiana.ca/iiif/2/69429%2Fc09p2w37v23f
1355	p. 1-148	https://image-tor.canadiana.ca/iiif/2/69429%2Fc05x25b0693q
1356	p. 1-149	https://image-tor.canadiana.ca/iiif/2/69429%2Fc0251fj2jj27
1357	p. 1-150	https://image-tor.canadiana.ca/iiif/2/69429%2Fc0xd0qr4x70j
1358	p. 1-151	https://image-tor.canadiana.ca/iiif/2/69429%2Fc0sn00z78f8b
1359	p. 1-152	https://image-tor.canadiana.ca/iiif/2/69429%2Fc0nv9959mp57
1360	p. 1-153	https://image-tor.canadiana.ca/iiif/2/69429%2Fc0j678s4t27k
1361	p. 1-154	https://image-tor.canadiana.ca/iiif/2/69429%2Fc0df6k075953
1362	p. 1-155	https://image-tor.canadiana.ca/iiif/2/69429%2Fc08p5v69hj6g
1363	p. 1-156	https://image-tor.canadiana.ca/iiif/2/69429%2Fc04x54f1vs43
1364	p. 1-157	https://image-tor.canadiana.ca/iiif/2/69429%2Fc0154dn47121
1365	p. 1-158	https://image-tor.canadiana.ca/iiif/2/69429%2Fc0wd3pv6kq1d
1366	p. 1-159	https://image-tor.canadiana.ca/iiif/2/69429%2Fc0rn3028xx94
1367	p. 1-160	https://image-tor.canadiana.ca/iiif/2/69429%2Fc0n00zp44b0p
1368	p. 1-161	https://image-tor.canadiana.ca/iiif/2/69429%2Fc0h707w6gj7d
1369	p. 1-162	https://image-tor.canadiana.ca/iiif/2/69429%2Fc0cf9j38ts72
1370	p. 1-163	https://image-tor.canadiana.ca/iiif/2/69429%2Fc07p8tb1617g
1371	p. 1-164	https://image-tor.canadiana.ca/iiif/2/69429%2Fc03x83j3j84w
1372	p. 1-165	https://image-tor.canadiana.ca/iiif/2/69429%2Fc0057cr5wh17
1373	p. 1-166	https://image-tor.canadiana.ca/iiif/2/69429%2Fc0vd6nz8860m
1374	p. 1-167	https://image-tor.canadiana.ca/iiif/2/69429%2Fc0qr4nk3fk2j
1375	p. 1-168	https://image-tor.canadiana.ca/iiif/2/69429%2Fc0m03xs5st12
1376	p. 1-169	https://image-tor.canadiana.ca/iiif/2/69429%2Fc0g737085202
1377	p. 1-170	https://image-tor.canadiana.ca/iiif/2/69429%2Fc0bg2h70h896
1378	p. 1-171	https://image-tor.canadiana.ca/iiif/2/69429%2Fc06q1sf2vh5n
1379	p. 1-172	https://image-tor.canadiana.ca/iiif/2/69429%2Fc02z12n56r34
1380	p. 1-173	https://image-tor.canadiana.ca/iiif/2/69429%2Fc0z60bv7kf2b
1381	p. 1-174	https://image-tor.canadiana.ca/iiif/2/69429%2Fc0th8bg2rt4q
1382	p. 1-175	https://image-tor.canadiana.ca/iiif/2/69429%2Fc0pr7mp5422b
1383	p. 1-176	https://image-tor.canadiana.ca/iiif/2/69429%2Fc0k06ww7g92f
1384	p. 1-177	https://image-tor.canadiana.ca/iiif/2/69429%2Fc0f76639tj0v
1385	p. 1-178	https://image-tor.canadiana.ca/iiif/2/69429%2Fc09g5gb25r8w
1386	p. 1-179	https://image-tor.canadiana.ca/iiif/2/69429%2Fc05q4rj4j04v
1387	p. 1-180	https://image-tor.canadiana.ca/iiif/2/69429%2Fc01z41r6w73f
1388	p. 1-181	https://image-tor.canadiana.ca/iiif/2/69429%2Fc0x921c2326f
1389	p. 1-182	https://image-tor.canadiana.ca/iiif/2/69429%2Fc0sj19k4f95n
1390	p. 1-183	https://image-tor.canadiana.ca/iiif/2/69429%2Fc0ns0ks6sj5f
1391	p. 1-184	https://image-tor.canadiana.ca/iiif/2/69429%2Fc0j09w094s3q
1392	p. 1-185	https://image-tor.canadiana.ca/iiif/2/69429%2Fc0d79571h108
1393	p. 1-186	https://image-tor.canadiana.ca/iiif/2/69429%2Fc08g8ff3v77m
1394	p. 1-187	https://image-tor.canadiana.ca/iiif/2/69429%2Fc04q7qn66g44
1395	p. 1-188	https://image-tor.canadiana.ca/iiif/2/69429%2Fc0125q81cv6c
1396	p. 1-189	https://image-tor.canadiana.ca/iiif/2/69429%2Fc0w950g3rj7t
1397	p. 1-190	https://image-tor.canadiana.ca/iiif/2/69429%2Fc0rj48p63s6h
1398	p. 1-191	https://image-tor.canadiana.ca/iiif/2/69429%2Fc0ms3jw8g157
1399	p. 1-192	https://image-tor.canadiana.ca/iiif/2/69429%2Fc0h12v40t811
1400	p. 1-193	https://image-tor.canadiana.ca/iiif/2/69429%2Fc0c824b35g87
1401	p. 1-194	https://image-tor.canadiana.ca/iiif/2/69429%2Fc07h1dj5hq6v
1402	p. 1-195	https://image-tor.canadiana.ca/iiif/2/69429%2Fc03t9d50q375
1403	p. 1-196	https://image-tor.canadiana.ca/iiif/2/69429%2Fc0028pc32b7r
1404	p. 1-197	https://image-tor.canadiana.ca/iiif/2/69429%2Fc0v97zk5f19d
1405	p. 1-198	https://image-tor.canadiana.ca/iiif/2/69429%2Fc0qj77s7s857
1406	p. 1-199	https://image-tor.canadiana.ca/iiif/2/69429%2Fc0ks6j104h3c
1407	p. 1-200	https://image-tor.canadiana.ca/iiif/2/69429%2Fc0g15t72gq9f
1408	p. 1-201	https://image-tor.canadiana.ca/iiif/2/69429%2Fc0b853f4tz81
1409	p. 1-202	https://image-tor.canadiana.ca/iiif/2/69429%2Fc06m33201c0n
1410	p. 1-203	https://image-tor.canadiana.ca/iiif/2/69429%2Fc02v2c82ck95
1411	p. 1-204	https://image-tor.canadiana.ca/iiif/2/69429%2Fc0z31ng4r91t
1412	p. 1-205	https://image-tor.canadiana.ca/iiif/2/69429%2Fc0tb0xp73h8n
1413	p. 1-206	https://image-tor.canadiana.ca/iiif/2/69429%2Fc0pk06w9fr4g
1414	p. 1-207	https://image-tor.canadiana.ca/iiif/2/69429%2Fc0js9h41t01h
1415	p. 1-208	https://image-tor.canadiana.ca/iiif/2/69429%2Fc0f18sb4570h
1416	p. 1-209	https://image-tor.canadiana.ca/iiif/2/69429%2Fc09c6rx9bm1t
1417	p. 1-210	https://image-tor.canadiana.ca/iiif/2/69429%2Fc05m6251pv11
1418	p. 1-211	https://image-tor.canadiana.ca/iiif/2/69429%2Fc01v5bc4229z
1419	p. 1-212	https://image-tor.canadiana.ca/iiif/2/69429%2Fc0x34mk6dr97
1420	p. 1-213	https://image-tor.canadiana.ca/iiif/2/69429%2Fc0sb3ws8s06s
1421	p. 1-214	https://image-tor.canadiana.ca/iiif/2/69429%2Fc0nk36114749
1422	p. 1-215	https://image-tor.canadiana.ca/iiif/2/69429%2Fc0ht2g73gg3h
1423	p. 1-216	https://image-tor.canadiana.ca/iiif/2/69429%2Fc0d50ft8nv2z
1424	p. 1-217	https://image-tor.canadiana.ca/iiif/2/69429%2Fc08c9r211327
1425	p. 1-218	https://image-tor.canadiana.ca/iiif/2/69429%2Fc04m9183cb2d
1426	p. 1-219	https://image-tor.canadiana.ca/iiif/2/69429%2Fc00v89g5qj85
1427	p. 1-220	https://image-tor.canadiana.ca/iiif/2/69429%2Fc0w37kp83791
1428	p. 1-221	https://image-tor.canadiana.ca/iiif/2/69429%2Fc0rb6vx0fg6p
1429	p. 1-222	https://image-tor.canadiana.ca/iiif/2/69429%2Fc0mp4vh5mv7d
1430	p. 1-223	https://image-tor.canadiana.ca/iiif/2/69429%2Fc0gx44q8035d
1431	p. 1-224	https://image-tor.canadiana.ca/iiif/2/69429%2Fc0c53dz0bb54
1432	p. 1-225	https://image-tor.canadiana.ca/iiif/2/69429%2Fc07d2q52pk5b
1433	p. 1-226	https://image-tor.canadiana.ca/iiif/2/69429%2Fc03n20c51t27
1434	p. 1-227	https://image-tor.canadiana.ca/iiif/2/69429%2Fc0zw18k7dh14
1435	unnumbered	https://image-tor.canadiana.ca/iiif/2/69429%2Fc0v40js9rq8s
1436	p. 1-2	https://image-tor.canadiana.ca/iiif/2/69429%2Fc0qf8jd4z40c
1437	p. 1-3	https://image-tor.canadiana.ca/iiif/2/69429%2Fc0kp7tm79b76
1438	p. 1-4	https://image-tor.canadiana.ca/iiif/2/69429%2Fc0fx73t9nk8z
1439	p. 1-5	https://image-tor.canadiana.ca/iiif/2/69429%2Fc0b56d220t6d
1440	p. 1-6	https://image-tor.canadiana.ca/iiif/2/69429%2Fc06d5p84c24j
1441	p. 1-7	https://image-tor.canadiana.ca/iiif/2/69429%2Fc02n4zg6q91k
1442	p. 1-8	https://image-tor.canadiana.ca/iiif/2/69429%2Fc0xw47p9301x
1443	p. 1-9	https://image-tor.canadiana.ca/iiif/2/69429%2Fc0t727948c2k
1444	p. 1-10	https://image-tor.canadiana.ca/iiif/2/69429%2Fc0pg1hh6mm06
1445	p. 1-11	https://image-tor.canadiana.ca/iiif/2/69429%2Fc0jq0sq8zt9q
1446	p. 1-12	https://image-tor.canadiana.ca/iiif/2/69429%2Fc0dz02z1b29h
1447	p. 1-13	https://image-tor.canadiana.ca/iiif/2/69429%2Fc0959c53p954
1448	p. 1-14	https://image-tor.canadiana.ca/iiif/2/69429%2Fc05d8nc61j37
1449	p. 1-15	https://image-tor.canadiana.ca/iiif/2/69429%2Fc01n7xk8cs08
1450	p. 1-16	https://image-tor.canadiana.ca/iiif/2/69429%2Fc0x05x63km4c
1451	p. 1-17	https://image-tor.canadiana.ca/iiif/2/69429%2Fc0s756d5xv2c
1452	p. 1-18	https://image-tor.canadiana.ca/iiif/2/69429%2Fc0ng4gm89325
1453	p. 1-19	https://image-tor.canadiana.ca/iiif/2/69429%2Fc0hq3rv0nb10
1454	p. 1-20	https://image-tor.canadiana.ca/iiif/2/69429%2Fc0cz32230j8m
1455	p. 1-21	https://image-tor.canadiana.ca/iiif/2/69429%2Fc0862b85bs5z
1456	p. 1-22	https://image-tor.canadiana.ca/iiif/2/69429%2Fc04f1mg7q12h
1457	p. 1-23	https://image-tor.canadiana.ca/iiif/2/69429%2Fc00r9m32wd5g
1458	p. 1-24	https://image-tor.canadiana.ca/iiif/2/69429%2Fc0w08w958345
1459	p. 1-25	https://image-tor.canadiana.ca/iiif/2/69429%2Fc0r785h7mb4b
1460	p. 1-26	https://image-tor.canadiana.ca/iiif/2/69429%2Fc0mg7fq9zk2z
1461	p. 1-27	https://image-tor.canadiana.ca/iiif/2/69429%2Fc0gq6qz29t0p
1462	p. 1-28	https://image-tor.canadiana.ca/iiif/2/69429%2Fc0bz6154p16r
1463	p. 1-29	https://image-tor.canadiana.ca/iiif/2/69429%2Fc07659c71845
1464	p. 1-30	https://image-tor.canadiana.ca/iiif/2/69429%2Fc03j39026n63
1465	p. 1-31	https://image-tor.canadiana.ca/iiif/2/69429%2Fc0zs2k64kb75
1466	p. 1-32	https://image-tor.canadiana.ca/iiif/2/69429%2Fc0v11vd6xk6p
1467	p. 1-33	https://image-tor.canadiana.ca/iiif/2/69429%2Fc0q814m98t5r
1468	p. 1-34	https://image-tor.canadiana.ca/iiif/2/69429%2Fc0kh0dv1n21b
1469	p. 1-35	https://image-tor.canadiana.ca/iiif/2/69429%2Fc0fq9q24089m
1470	p. 1-36	https://image-tor.canadiana.ca/iiif/2/69429%2Fc09z9086bh61
1471	p. 1-37	https://image-tor.canadiana.ca/iiif/2/69429%2Fc0696zw1hw8g
1472	p. 1-38	https://image-tor.canadiana.ca/iiif/2/69429%2Fc02j6833w46d
1473	p. 1-39	https://image-tor.canadiana.ca/iiif/2/69429%2Fc0xs5j967t81
1474	p. 1-40	https://image-tor.canadiana.ca/iiif/2/69429%2Fc0t14th8m26g
1475	p. 1-41	https://image-tor.canadiana.ca/iiif/2/69429%2Fc0p843r0z93h
1476	p. 1-42	https://image-tor.canadiana.ca/iiif/2/69429%2Fc0jh3cz39j01
1477	p. 1-43	https://image-tor.canadiana.ca/iiif/2/69429%2Fc0dr2p55nr9z
1478	p. 1-44	https://image-tor.canadiana.ca/iiif/2/69429%2Fc0930ns0v50d
1479	p. 1-45	https://image-tor.canadiana.ca/iiif/2/69429%2Fc0599z036c98
1480	p. 1-46	https://image-tor.canadiana.ca/iiif/2/69429%2Fc01j9765jm9f
1481	p. 1-47	https://image-tor.canadiana.ca/iiif/2/69429%2Fc0ws8hd7x97r
1482	p. 1-48	https://image-tor.canadiana.ca/iiif/2/69429%2Fc0s17sn08j5s
1483	p. 1-49	https://image-tor.canadiana.ca/iiif/2/69429%2Fc0n872v2ms26
1484	p. 1-50	https://image-tor.canadiana.ca/iiif/2/69429%2Fc0hh6c250107
1485	p. 1-51	https://image-tor.canadiana.ca/iiif/2/69429%2Fc0cv4bp05d2r
1486	p. 1-52	https://image-tor.canadiana.ca/iiif/2/69429%2Fc0833mw2hn18
1487	p. 1-53	https://image-tor.canadiana.ca/iiif/2/69429%2Fc04b2x34vw0w
1488	p. 1-54	https://image-tor.canadiana.ca/iiif/2/69429%2Fc00k26977386
1489	p. 1-55	https://image-tor.canadiana.ca/iiif/2/69429%2Fc0vt1gh9ks7k
1490	p. 1-56	https://image-tor.canadiana.ca/iiif/2/69429%2Fc0r20rr1z15n
1491	p. 1-57	https://image-tor.canadiana.ca/iiif/2/69429%2Fc0mc8rb74d69
1492	p. 1-58	https://image-tor.canadiana.ca/iiif/2/69429%2Fc0gm81j9gn3q
1493	p. 1-59	https://image-tor.canadiana.ca/iiif/2/69429%2Fc0bv79s1tw4q
1494	p. 1-60	https://image-tor.canadiana.ca/iiif/2/69429%2Fc0736m04643n
1495	p. 1-61	https://image-tor.canadiana.ca/iiif/2/69429%2Fc03b5w66jc0p
1496	p. 1-62	https://image-tor.canadiana.ca/iiif/2/69429%2Fc0zk55d8x20j
1497	p. 1-63	https://image-tor.canadiana.ca/iiif/2/69429%2Fc0tt4fn18870
1498	p. 1-64	https://image-tor.canadiana.ca/iiif/2/69429%2Fc0q52f76fn81
1499	p. 1-65	https://image-tor.canadiana.ca/iiif/2/69429%2Fc0kd1qf8sw6n
1500	p. 1-66	https://image-tor.canadiana.ca/iiif/2/69429%2Fc0fn10p1545v
1501	p. 1-67	https://image-tor.canadiana.ca/iiif/2/69429%2Fc09w08w3hc5n
1502	p. 1-68	https://image-tor.canadiana.ca/iiif/2/69429%2Fc0639k35vm18
1503	p. 1-69	https://image-tor.canadiana.ca/iiif/2/69429%2Fc02b8v986t9p
1504	p. 1-70	https://image-tor.canadiana.ca/iiif/2/69429%2Fc0xk84j0kh8k
1505	p. 1-71	https://image-tor.canadiana.ca/iiif/2/69429%2Fc0sx6445rx0k
1506	p. 1-72	https://image-tor.canadiana.ca/iiif/2/69429%2Fc0p55db8448t
1507	p. 1-73	https://image-tor.canadiana.ca/iiif/2/69429%2Fc0jd4pk0gc7n
1508	p. 1-74	https://image-tor.canadiana.ca/iiif/2/69429%2Fc0dn3zs2tm58
1509	p. 1-75	https://image-tor.canadiana.ca/iiif/2/69429%2Fc08w38055v35
1510	p. 1-76	https://image-tor.canadiana.ca/iiif/2/69429%2Fc0542j67j301
1511	p. 1-77	https://image-tor.canadiana.ca/iiif/2/69429%2Fc01c1td9w98z
1512	p. 1-78	https://image-tor.canadiana.ca/iiif/2/69429%2Fc0wp9t15353z
1513	p. 1-79	https://image-tor.canadiana.ca/iiif/2/69429%2Fc0rx9377fd0c
1514	p. 1-80	https://image-tor.canadiana.ca/iiif/2/69429%2Fc0n58cf9sn0g
1515	p. 1-81	https://image-tor.canadiana.ca/iiif/2/69429%2Fc0hd7np24v93
1516	p. 1-82	https://image-tor.canadiana.ca/iiif/2/69429%2Fc0cn6xw4h36n
1517	p. 1-83	https://image-tor.canadiana.ca/iiif/2/69429%2Fc07w6736vb2w
1518	p. 1-84	https://image-tor.canadiana.ca/iiif/2/69429%2Fc0445h996k09
1519	p. 1-85	https://image-tor.canadiana.ca/iiif/2/69429%2Fc00g3gx4cz2t
1520	p. 1-86	https://image-tor.canadiana.ca/iiif/2/69429%2Fc0vq2s46rn2q
1521	p. 1-87	https://image-tor.canadiana.ca/iiif/2/69429%2Fc0qz22b93w1s
1522	p. 1-88	https://image-tor.canadiana.ca/iiif/2/69429%2Fc0m61bk1g411
1523	p. 1-89	https://image-tor.canadiana.ca/iiif/2/69429%2Fc0gf0ms3tb7s
1524	p. 1-90	https://image-tor.canadiana.ca/iiif/2/69429%2Fc0bn9x065k5r
1525	p. 1-91	https://image-tor.canadiana.ca/iiif/2/69429%2Fc06w9668ht25
1526	p. 1-92	https://image-tor.canadiana.ca/iiif/2/69429%2Fc03775t3q63x
1527	p. 1-93	https://image-tor.canadiana.ca/iiif/2/69429%2Fc0zg6g162w3s
1528	p. 1-94	https://image-tor.canadiana.ca/iiif/2/69429%2Fc0tq5r78f433
1529	p. 1-95	https://image-tor.canadiana.ca/iiif/2/69429%2Fc0pz51g0sc1q
1530	p. 1-96	https://image-tor.canadiana.ca/iiif/2/69429%2Fc0k649p34k9f
1531	p. 1-97	https://image-tor.canadiana.ca/iiif/2/69429%2Fc0ff3kw5gt6g
1532	p. 1-98	https://image-tor.canadiana.ca/iiif/2/69429%2Fc09p2w37v241
1533	p. 1-99	https://image-tor.canadiana.ca/iiif/2/69429%2Fc0610vq31f6b
1534	p. 1-100	https://image-tor.canadiana.ca/iiif/2/69429%2Fc02804x5cp4b
1535	p. 1-101	https://image-tor.canadiana.ca/iiif/2/69429%2Fc0xg9f47rc6v
1536	p. 1-102	https://image-tor.canadiana.ca/iiif/2/69429%2Fc0sq8qc03m4k
1537	p. 1-103	https://image-tor.canadiana.ca/iiif/2/69429%2Fc0nz80k2fv10
1538	p. 1-104	https://image-tor.canadiana.ca/iiif/2/69429%2Fc0j678s4t285
1539	p. 1-105	https://image-tor.canadiana.ca/iiif/2/69429%2Fc0df6k07596p
1540	p. 1-106	https://image-tor.canadiana.ca/iiif/2/69429%2Fc08s4jm2bp86
1541	p. 1-107	https://image-tor.canadiana.ca/iiif/2/69429%2Fc0513tt4px7q
1542	p. 1-108	https://image-tor.canadiana.ca/iiif/2/69429%2Fc0183417256q
1543	p. 1-109	https://image-tor.canadiana.ca/iiif/2/69429%2Fc0wh2d79dv6p
1544	p. 1-110	https://image-tor.canadiana.ca/iiif/2/69429%2Fc0rr1pg1s328
1545	p. 1-111	https://image-tor.canadiana.ca/iiif/2/69429%2Fc0n00zp44b18
1546	p. 1-112	https://image-tor.canadiana.ca/iiif/2/69429%2Fc0h707w6gj80
1547	p. 1-113	https://image-tor.canadiana.ca/iiif/2/69429%2Fc0cj87h1nx9s
1548	p. 1-114	https://image-tor.canadiana.ca/iiif/2/69429%2Fc07s7hq41580
1549	p. 1-115	https://image-tor.canadiana.ca/iiif/2/69429%2Fc0416sx6cd83
1550	p. 1-116	https://image-tor.canadiana.ca/iiif/2/69429%2Fc0086348qn5x
1551	p. 1-117	https://image-tor.canadiana.ca/iiif/2/69429%2Fc0vh5cc13b63
1552	p. 1-118	https://image-tor.canadiana.ca/iiif/2/69429%2Fc0qr4nk3fk34
1553	p. 1-119	https://image-tor.canadiana.ca/iiif/2/69429%2Fc0m32n58mz45
1554	p. 1-120	https://image-tor.canadiana.ca/iiif/2/69429%2Fc0gb1xd1062d
1555	p. 1-121	https://image-tor.canadiana.ca/iiif/2/69429%2Fc0bk16m3bf10
1556	p. 1-122	https://image-tor.canadiana.ca/iiif/2/69429%2Fc06t0gt5pp1s
1557	p. 1-123	https://image-tor.canadiana.ca/iiif/2/69429%2Fc0319s181w8s
1558	p. 1-124	https://image-tor.canadiana.ca/iiif/2/69429%2Fc0z89280dk88
1559	p. 1-125	https://image-tor.canadiana.ca/iiif/2/69429%2Fc0th8bg2rt59
1560	p. 1-126	https://image-tor.canadiana.ca/iiif/2/69429%2Fc0pv6b27z674
1561	p. 1-127	https://image-tor.canadiana.ca/iiif/2/69429%2Fc0k35m909f4k
1562	p. 1-128	https://image-tor.canadiana.ca/iiif/2/69429%2Fc0fb4wh2np3s
1563	p. 1-129	https://image-tor.canadiana.ca/iiif/2/69429%2Fc09k45q50x2v
1564	p. 1-130	https://image-tor.canadiana.ca/iiif/2/69429%2Fc05t3fx7c500
1565	p. 1-131	https://image-tor.canadiana.ca/iiif/2/69429%2Fc0222r49qc72
1566	p. 1-132	https://image-tor.canadiana.ca/iiif/2/69429%2Fc0x921c23271
1567	p. 1-133	https://image-tor.canadiana.ca/iiif/2/69429%2Fc0sn00z78f9x
1568	p. 1-134	https://image-tor.canadiana.ca/iiif/2/69429%2Fc0nv9959mp6t
1569	p. 1-135	https://image-tor.canadiana.ca/iiif/2/69429%2Fc0j38kd1zx5z
1570	p. 1-136	https://image-tor.canadiana.ca/iiif/2/69429%2Fc0db7vm4b55r
1571	p. 1-137	https://image-tor.canadiana.ca/iiif/2/69429%2Fc08k74t6pd1k
1572	p. 1-138	https://image-tor.canadiana.ca/iiif/2/69429%2Fc04t6f191n0p
1573	p. 1-139	https://image-tor.canadiana.ca/iiif/2/69429%2Fc0125q81cv7z
1574	p. 1-140	https://image-tor.canadiana.ca/iiif/2/69429%2Fc0wd3pv6kq20
1575	p. 1-141	https://image-tor.canadiana.ca/iiif/2/69429%2Fc0rn3028xz0d
1576	p. 1-142	https://image-tor.canadiana.ca/iiif/2/69429%2Fc0mw2891958z
1577	p. 1-143	https://image-tor.canadiana.ca/iiif/2/69429%2Fc0h41jh3nd82
1578	p. 1-144	https://image-tor.canadiana.ca/iiif/2/69429%2Fc0cc0tq60n5k
1579	p. 1-145	https://image-tor.canadiana.ca/iiif/2/69429%2Fc07m03x8bw1d
1580	p. 1-146	https://image-tor.canadiana.ca/iiif/2/69429%2Fc03t9d50q38r
1581	p. 1-147	https://image-tor.canadiana.ca/iiif/2/69429%2Fc0057cr5wh2t
1582	p. 1-148	https://image-tor.canadiana.ca/iiif/2/69429%2Fc0vd6nz88616
1583	p. 1-149	https://image-tor.canadiana.ca/iiif/2/69429%2Fc0qn5z60mf11
1584	p. 1-150	https://image-tor.canadiana.ca/iiif/2/69429%2Fc0kw57d2zn9b
1585	p. 1-151	https://image-tor.canadiana.ca/iiif/2/69429%2Fc0g44hm59w7r
1586	p. 1-152	https://image-tor.canadiana.ca/iiif/2/69429%2Fc0bc3st7p43q
1587	p. 1-153	https://image-tor.canadiana.ca/iiif/2/69429%2Fc06m33201c17
1588	p. 1-154	https://image-tor.canadiana.ca/iiif/2/69429%2Fc02z12n56r4q
1589	p. 1-155	https://image-tor.canadiana.ca/iiif/2/69429%2Fc0z60bv7kf3x
1590	p. 1-156	https://image-tor.canadiana.ca/iiif/2/69429%2Fc0td9n29xp20
1591	p. 1-157	https://image-tor.canadiana.ca/iiif/2/69429%2Fc0pn8x928x2w
1592	p. 1-158	https://image-tor.canadiana.ca/iiif/2/69429%2Fc0jw86h4n494
1593	p. 1-159	https://image-tor.canadiana.ca/iiif/2/69429%2Fc0f47gq70c5c
1594	p. 1-160	https://image-tor.canadiana.ca/iiif/2/69429%2Fc09c6rx9bm2d
1595	p. 1-161	https://image-tor.canadiana.ca/iiif/2/69429%2Fc05q4rj4j05f
1596	p. 1-162	https://image-tor.canadiana.ca/iiif/2/69429%2Fc01z41r6w741
1597	p. 1-163	https://image-tor.canadiana.ca/iiif/2/69429%2Fc0x639z97x5c
1598	p. 1-164	https://image-tor.canadiana.ca/iiif/2/69429%2Fc0sf2m61m53j
1599	p. 1-165	https://image-tor.canadiana.ca/iiif/2/69429%2Fc0np1wd3zc99
1600	p. 1-166	https://image-tor.canadiana.ca/iiif/2/69429%2Fc0hx15m69m66
1601	p. 1-167	https://image-tor.canadiana.ca/iiif/2/69429%2Fc0d50ft8nv3j
1602	p. 1-168	https://image-tor.canadiana.ca/iiif/2/69429%2Fc08g8ff3v786
1603	p. 1-169	https://image-tor.canadiana.ca/iiif/2/69429%2Fc04q7qn66g5q
1604	p. 1-170	https://image-tor.canadiana.ca/iiif/2/69429%2Fc00z70v8jq5w
1605	p. 1-171	https://image-tor.canadiana.ca/iiif/2/69429%2Fc0w66930xd44
1606	p. 1-172	https://image-tor.canadiana.ca/iiif/2/69429%2Fc0rf5k938n27
1607	p. 1-173	https://image-tor.canadiana.ca/iiif/2/69429%2Fc0mp4vh5mv80
1608	p. 1-174	https://image-tor.canadiana.ca/iiif/2/69429%2Fc0gx44q80360
1609	p. 1-175	https://image-tor.canadiana.ca/iiif/2/69429%2Fc0c824b35g9t
1610	p. 1-176	https://image-tor.canadiana.ca/iiif/2/69429%2Fc07h1dj5hq7f
1611	p. 1-177	https://image-tor.canadiana.ca/iiif/2/69429%2Fc03r0pr7vz6n
1612	p. 1-178	https://image-tor.canadiana.ca/iiif/2/69429%2Fc00000007640
1613	p. 1-179	https://image-tor.canadiana.ca/iiif/2/69429%2Fc0v69862kw3t
1614	p. 1-180	https://image-tor.canadiana.ca/iiif/2/69429%2Fc0qf8jd4z41z
1615	p. 1-181	https://image-tor.canadiana.ca/iiif/2/69429%2Fc0kp7tm79b8s
1616	p. 1-182	https://image-tor.canadiana.ca/iiif/2/69429%2Fc0g15t72gr0q
1617	p. 1-183	https://image-tor.canadiana.ca/iiif/2/69429%2Fc0b853f4tz9m
1618	p. 1-184	https://image-tor.canadiana.ca/iiif/2/69429%2Fc06h4cn7668t
1619	p. 1-185	https://image-tor.canadiana.ca/iiif/2/69429%2Fc02r3nv9jf6f
1620	p. 1-186	https://image-tor.canadiana.ca/iiif/2/69429%2Fc0z02z31x443
1621	p. 1-187	https://image-tor.canadiana.ca/iiif/2/69429%2Fc0t727948c35
1622	p. 1-188	https://image-tor.canadiana.ca/iiif/2/69429%2Fc0pk06w9fr52
1623	p. 1-189	https://image-tor.canadiana.ca/iiif/2/69429%2Fc0js9h41t023
1624	p. 1-190	https://image-tor.canadiana.ca/iiif/2/69429%2Fc0f18sb45713
1625	p. 1-191	https://image-tor.canadiana.ca/iiif/2/69429%2Fc09882j6hg18
1626	p. 1-192	https://image-tor.canadiana.ca/iiif/2/69429%2Fc05h7br8vp8m
1627	p. 1-193	https://image-tor.canadiana.ca/iiif/2/69429%2Fc01r6n016x6r
1628	p. 1-194	https://image-tor.canadiana.ca/iiif/2/69429%2Fc0x05x63km5z
1629	p. 1-195	https://image-tor.canadiana.ca/iiif/2/69429%2Fc0sb3ws8s07c
1630	p. 1-196	https://image-tor.canadiana.ca/iiif/2/69429%2Fc0nk3611475w
1631	p. 1-197	https://image-tor.canadiana.ca/iiif/2/69429%2Fc0ht2g73gg43
1632	p. 1-198	https://image-tor.canadiana.ca/iiif/2/69429%2Fc0d21rf5tq3m
1633	p. 1-199	https://image-tor.canadiana.ca/iiif/2/69429%2Fc08911n85z13
1634	p. 1-200	https://image-tor.canadiana.ca/iiif/2/69429%2Fc04j09w0j58k
1635	p. 1-201	https://image-tor.canadiana.ca/iiif/2/69429%2Fc00r9m32wd62
1636	p. 1-202	https://image-tor.canadiana.ca/iiif/2/69429%2Fc0w37kp83809
1637	p. 1-203	https://image-tor.canadiana.ca/iiif/2/69429%2Fc0rb6vx0fg78
1638	p. 1-204	https://image-tor.canadiana.ca/iiif/2/69429%2Fc0mk6542sq68
1639	p. 1-205	https://image-tor.canadiana.ca/iiif/2/69429%2Fc0gt5fb54z5z
1640	p. 1-206	https://image-tor.canadiana.ca/iiif/2/69429%2Fc0c24qj7h63d
1641	p. 1-207	https://image-tor.canadiana.ca/iiif/2/69429%2Fc07940r9vd9j
1642	p. 1-208	https://image-tor.canadiana.ca/iiif/2/69429%2Fc03j39026n7p
1643	p. 1-209	https://image-tor.canadiana.ca/iiif/2/69429%2Fc0zw18k7dh2q
1644	p. 1-210	https://image-tor.canadiana.ca/iiif/2/69429%2Fc0v40js9rq9c
1645	p. 1-211	https://image-tor.canadiana.ca/iiif/2/69429%2Fc0qb9v123z8j
1646	p. 1-212	https://image-tor.canadiana.ca/iiif/2/69429%2Fc0kk9474g687
1647	p. 1-213	https://image-tor.canadiana.ca/iiif/2/69429%2Fc0ft8df6tf4p
1648	p. 1-214	https://image-tor.canadiana.ca/iiif/2/69429%2Fc0b27pn95p23
1649	p. 1-215	https://image-tor.canadiana.ca/iiif/2/69429%2Fc0696zw1hw92
1650	p. 1-216	https://image-tor.canadiana.ca/iiif/2/69429%2Fc02n4zg6q925
1651	p. 1-217	https://image-tor.canadiana.ca/iiif/2/69429%2Fc0xw47p9302h
1652	p. 1-218	https://image-tor.canadiana.ca/iiif/2/69429%2Fc0t43hx1f702
1653	p. 1-219	https://image-tor.canadiana.ca/iiif/2/69429%2Fc0pc2t43sf90
1654	p. 1-220	https://image-tor.canadiana.ca/iiif/2/69429%2Fc0jm23b64p7g
1655	p. 1-221	https://image-tor.canadiana.ca/iiif/2/69429%2Fc0dv1cj8gx3x
1656	p. 1-222	https://image-tor.canadiana.ca/iiif/2/69429%2Fc0930ns0v510
1657	p. 1-223	https://image-tor.canadiana.ca/iiif/2/69429%2Fc05d8nc61j4t
1658	p. 1-224	https://image-tor.canadiana.ca/iiif/2/69429%2Fc01n7xk8cs1v
1659	p. 1-225	https://image-tor.canadiana.ca/iiif/2/69429%2Fc0ww76t0rg3h
1660	p. 1-226	https://image-tor.canadiana.ca/iiif/2/69429%2Fc0s46h133q2x
1661	p. 1-227	https://image-tor.canadiana.ca/iiif/2/69429%2Fc0nc5s75fx98
1662	p. 1-228	https://image-tor.canadiana.ca/iiif/2/69429%2Fc0hm52f7t55m
1663	p. 1-229	https://image-tor.canadiana.ca/iiif/2/69429%2Fc0cv4bp05d3b
1664	p. 1-230	https://image-tor.canadiana.ca/iiif/2/69429%2Fc0862b85bs6j
1665	p. 1-231	https://image-tor.canadiana.ca/iiif/2/69429%2Fc04f1mg7q133
1666	p. 1-232	https://image-tor.canadiana.ca/iiif/2/69429%2Fc00p0wq0282d
1667	p. 1-233	https://image-tor.canadiana.ca/iiif/2/69429%2Fc0vx05x2dz3b
1668	p. 1-234	https://image-tor.canadiana.ca/iiif/2/69429%2Fc0r49g44s59s
1669	p. 1-235	https://image-tor.canadiana.ca/iiif/2/69429%2Fc0mc8rb74d7w
1670	p. 1-236	https://image-tor.canadiana.ca/iiif/2/69429%2Fc0gm81j9gn49
1671	p. 1-237	https://image-tor.canadiana.ca/iiif/2/69429%2Fc0bz6154p17b
1672	p. 1-238	https://image-tor.canadiana.ca/iiif/2/69429%2Fc07659c7185r
1673	p. 1-239	https://image-tor.canadiana.ca/iiif/2/69429%2Fc03f4kk9ch5j
1674	p. 1-240	https://image-tor.canadiana.ca/iiif/2/69429%2Fc0zp3vt1r642
1675	p. 1-241	https://image-tor.canadiana.ca/iiif/2/69429%2Fc0tx35143f2z
1676	p. 1-242	https://image-tor.canadiana.ca/iiif/2/69429%2Fc0q52f76fn9m
1677	p. 1-243	https://image-tor.canadiana.ca/iiif/2/69429%2Fc0kd1qf8sw77
1678	p. 1-244	https://image-tor.canadiana.ca/iiif/2/69429%2Fc0fq9q24090w
1679	p. 1-245	https://image-tor.canadiana.ca/iiif/2/69429%2Fc09z9086bh7m
1680	p. 1-246	https://image-tor.canadiana.ca/iiif/2/69429%2Fc06688g8pr7q
1681	p. 1-247	https://image-tor.canadiana.ca/iiif/2/69429%2Fc02f7jq1205z
1682	p. 1-248	https://image-tor.canadiana.ca/iiif/2/69429%2Fc0xp6tx3dp4b
1683	p. 1-249	https://image-tor.canadiana.ca/iiif/2/69429%2Fc0sx6445rx15
1684	p. 1-250	https://image-tor.canadiana.ca/iiif/2/69429%2Fc0p843r0z943
1685	p. 1-251	https://image-tor.canadiana.ca/iiif/2/69429%2Fc0jh3cz39j1m
1686	p. 1-252	https://image-tor.canadiana.ca/iiif/2/69429%2Fc0dr2p55ns07
1687	p. 1-253	https://image-tor.canadiana.ca/iiif/2/69429%2Fc0901zc81092
1688	p. 1-254	https://image-tor.canadiana.ca/iiif/2/69429%2Fc05717m0c77p
1689	p. 1-255	https://image-tor.canadiana.ca/iiif/2/69429%2Fc01g0ht2qg34
1690	p. 1-256	https://image-tor.canadiana.ca/iiif/2/69429%2Fc0wp9t15354j
1691	p. 1-257	https://image-tor.canadiana.ca/iiif/2/69429%2Fc0s17sn08j6c
1692	p. 1-258	https://image-tor.canadiana.ca/iiif/2/69429%2Fc0n872v2ms3s
1693	p. 1-259	https://image-tor.canadiana.ca/iiif/2/69429%2Fc0hh6c25011t
1694	p. 1-260	https://image-tor.canadiana.ca/iiif/2/69429%2Fc0cr5n87b81m
1695	p. 1-261	https://image-tor.canadiana.ca/iiif/2/69429%2Fc0804xg9pg9v
1696	p. 1-262	https://image-tor.canadiana.ca/iiif/2/69429%2Fc04746q21q6c
1697	p. 1-263	https://image-tor.canadiana.ca/iiif/2/69429%2Fc00g3gx4cz3d
1698	p. 1-264	https://image-tor.canadiana.ca/iiif/2/69429%2Fc0vt1gh9ks85
1699	p. 1-265	https://image-tor.canadiana.ca/iiif/2/69429%2Fc0r20rr1z167
1700	p. 1-266	https://image-tor.canadiana.ca/iiif/2/69429%2Fc0m901z49834
1701	p. 1-267	https://image-tor.canadiana.ca/iiif/2/69429%2Fc0gh9b56nh3s
1702	p. 1-268	https://image-tor.canadiana.ca/iiif/2/69429%2Fc0br8mc90q91
1703	p. 1-269	https://image-tor.canadiana.ca/iiif/2/69429%2Fc0707wm1bz7k
1704	p. 1-270	https://image-tor.canadiana.ca/iiif/2/69429%2Fc03775t3q64h
1705	p. 1-271	https://image-tor.canadiana.ca/iiif/2/69429%2Fc0zk55d8x214
1706	p. 1-272	https://image-tor.canadiana.ca/iiif/2/69429%2Fc0tt4fn1888k
1707	p. 1-273	https://image-tor.canadiana.ca/iiif/2/69429%2Fc0q23qv3mh6h
1708	p. 1-274	https://image-tor.canadiana.ca/iiif/2/69429%2Fc0k93125zr5h
1709	p. 1-275	https://image-tor.canadiana.ca/iiif/2/69429%2Fc0fj2988b034
1710	p. 1-276	https://image-tor.canadiana.ca/iiif/2/69429%2Fc09s1kh0p69h
1711	p. 1-277	https://image-tor.canadiana.ca/iiif/2/69429%2Fc0610vq31f7x
1712	p. 1-278	https://image-tor.canadiana.ca/iiif/2/69429%2Fc02b8v986v0z
1713	p. 1-279	https://image-tor.canadiana.ca/iiif/2/69429%2Fc0xk84j0kh95
1714	p. 1-280	https://image-tor.canadiana.ca/iiif/2/69429%2Fc0st7dr2xr7s
1715	p. 1-281	https://image-tor.canadiana.ca/iiif/2/69429%2Fc0p26pz5907w
1716	p. 1-282	https://image-tor.canadiana.ca/iiif/2/69429%2Fc0j96057n759
1717	p. 1-283	https://image-tor.canadiana.ca/iiif/2/69429%2Fc0dj58d00g2f
1718	p. 1-284	https://image-tor.canadiana.ca/iiif/2/69429%2Fc08s4jm2bp9s
1719	p. 1-285	https://image-tor.canadiana.ca/iiif/2/69429%2Fc0542j67j31m
1720	p. 1-286	https://image-tor.canadiana.ca/iiif/2/69429%2Fc01c1td9w99j
1721	p. 1-287	https://image-tor.canadiana.ca/iiif/2/69429%2Fc0wm13n2809h
1722	p. 1-288	https://image-tor.canadiana.ca/iiif/2/69429%2Fc0rv0cv4m799
1723	p. 1-289	https://image-tor.canadiana.ca/iiif/2/69429%2Fc0n29p26zg5x
1724	p. 1-290	https://image-tor.canadiana.ca/iiif/2/69429%2Fc0h98z899q31
1725	p. 1-291	https://image-tor.canadiana.ca/iiif/2/69429%2Fc0cj87h1nz02
1726	p. 1-292	https://image-tor.canadiana.ca/iiif/2/69429%2Fc07w6736vb3g
1727	p. 1-293	https://image-tor.canadiana.ca/iiif/2/69429%2Fc0445h996k1w
1728	p. 1-294	https://image-tor.canadiana.ca/iiif/2/69429%2Fc00c4sj1jt0q
1729	p. 1-295	https://image-tor.canadiana.ca/iiif/2/69429%2Fc0vm42r3xh0k
1730	p. 1-296	https://image-tor.canadiana.ca/iiif/2/69429%2Fc0qv3bz68q80
1731	p. 1-296 [297]	https://image-tor.canadiana.ca/iiif/2/69429%2Fc0m32n58mz5r
1732	p. 1-298	https://image-tor.canadiana.ca/iiif/2/69429%2Fc0gb1xd10630
1733	p. 1-299	https://image-tor.canadiana.ca/iiif/2/69429%2Fc0bn9x065k6b
1734	p. 1-300	https://image-tor.canadiana.ca/iiif/2/69429%2Fc06w9668ht3r
1735	p. 1-301	https://image-tor.canadiana.ca/iiif/2/69429%2Fc0348gf0w22d
1736	p. 1-302	https://image-tor.canadiana.ca/iiif/2/69429%2Fc0zc7rn37r3f
1737	p. 1-303	https://image-tor.canadiana.ca/iiif/2/69429%2Fc0tm71v5m00c
1738	p. 1-304	https://image-tor.canadiana.ca/iiif/2/69429%2Fc0pv6b27z68q
1739	p. 1-305	https://image-tor.canadiana.ca/iiif/2/69429%2Fc0k35m909f55
1740	p. 1-306	https://image-tor.canadiana.ca/iiif/2/69429%2Fc0ff3kw5gt72
1741	p. 1-307	https://image-tor.canadiana.ca/iiif/2/69429%2Fc09p2w37v25m
1742	p. 1-308	https://image-tor.canadiana.ca/iiif/2/69429%2Fc05x25b06949
1743	p. 1-309	https://image-tor.canadiana.ca/iiif/2/69429%2Fc0251fj2jj3t
1744	p. 1-310	https://image-tor.canadiana.ca/iiif/2/69429%2Fc0xd0qr4x714
1745	p. 1-311	https://image-tor.canadiana.ca/iiif/2/69429%2Fc0sn00z78g06
1746	p. 1-312	https://image-tor.canadiana.ca/iiif/2/69429%2Fc0nz80k2fv2k
1747	p. 1-313	https://image-tor.canadiana.ca/iiif/2/69429%2Fc0j678s4t29r
1748	p. 1-314	https://image-tor.canadiana.ca/iiif/2/69429%2Fc0df6k075978
1749	p. 1-315	https://image-tor.canadiana.ca/iiif/2/69429%2Fc08p5v69hj72
1750	p. 1-316	https://image-tor.canadiana.ca/iiif/2/69429%2Fc04x54f1vs5p
1751	p. 1-317	https://image-tor.canadiana.ca/iiif/2/69429%2Fc0154dn4713m
1752	p. 1-318	https://image-tor.canadiana.ca/iiif/2/69429%2Fc0wd3pv6kq3k
1753	p. 1-319	https://image-tor.canadiana.ca/iiif/2/69429%2Fc0rr1pg1s33v
1754	p. 1-320	https://image-tor.canadiana.ca/iiif/2/69429%2Fc0n00zp44b2v
1755	p. 1-321	https://image-tor.canadiana.ca/iiif/2/69429%2Fc0h707w6gj9k
1756	p. 1-322	https://image-tor.canadiana.ca/iiif/2/69429%2Fc0cf9j38ts8n
1757	p. 1-323	https://image-tor.canadiana.ca/iiif/2/69429%2Fc07p8tb16182
1758	p. 1-324	https://image-tor.canadiana.ca/iiif/2/69429%2Fc03x83j3j85g
1759	p. 1-325	https://image-tor.canadiana.ca/iiif/2/69429%2Fc0057cr5wh3d
1760	p. 1-326	https://image-tor.canadiana.ca/iiif/2/69429%2Fc0vh5cc13b7p
1761	p. 1-327	https://image-tor.canadiana.ca/iiif/2/69429%2Fc0qr4nk3fk4q
1762	p. 1-328	https://image-tor.canadiana.ca/iiif/2/69429%2Fc0m03xs5st2n
1763	p. 1-329	https://image-tor.canadiana.ca/iiif/2/69429%2Fc0g73708521n
1764	p. 1-330	https://image-tor.canadiana.ca/iiif/2/69429%2Fc0bg2h70h90g
1765	p. 1-331	https://image-tor.canadiana.ca/iiif/2/69429%2Fc06q1sf2vh67
1766	p. 1-332	https://image-tor.canadiana.ca/iiif/2/69429%2Fc02z12n56r59
1767	p. 1-333	https://image-tor.canadiana.ca/iiif/2/69429%2Fc0z89280dk9v
1768	p. 1-334	https://image-tor.canadiana.ca/iiif/2/69429%2Fc0th8bg2rt6w
1769	p. 1-335	https://image-tor.canadiana.ca/iiif/2/69429%2Fc0pr7mp5423x
1770	p. 1-336	https://image-tor.canadiana.ca/iiif/2/69429%2Fc0k06ww7g931
1771	p. 1-337	https://image-tor.canadiana.ca/iiif/2/69429%2Fc0f76639tj1f
1772	p. 1-338	https://image-tor.canadiana.ca/iiif/2/69429%2Fc09g5gb25r9g
1773	p. 1-339	https://image-tor.canadiana.ca/iiif/2/69429%2Fc05q4rj4j061
1774	p. 1-340	https://image-tor.canadiana.ca/iiif/2/69429%2Fc0222r49qc8n
1775	p. 1-341	https://image-tor.canadiana.ca/iiif/2/69429%2Fc0x921c2328m
1776	p. 1-342	https://image-tor.canadiana.ca/iiif/2/69429%2Fc0sj19k4f967
1777	p. 1-343	https://image-tor.canadiana.ca/iiif/2/69429%2Fc0ns0ks6sj61
1778	p. 1-344	https://image-tor.canadiana.ca/iiif/2/69429%2Fc0j09w094s49
1779	p. 1-345	https://image-tor.canadiana.ca/iiif/2/69429%2Fc0d79571h11v
1780	p. 1-346	https://image-tor.canadiana.ca/iiif/2/69429%2Fc08g8ff3v79s
1781	p. 1-347	https://image-tor.canadiana.ca/iiif/2/69429%2Fc04t6f191n18
1782	p. 1-348	https://image-tor.canadiana.ca/iiif/2/69429%2Fc0125q81cv8j
1783	p. 1-349	https://image-tor.canadiana.ca/iiif/2/69429%2Fc0w950g3rj8d
1784	p. 1-350	https://image-tor.canadiana.ca/iiif/2/69429%2Fc0rj48p63s73
1785	p. 1-351	https://image-tor.canadiana.ca/iiif/2/69429%2Fc0ms3jw8g16t
1786	p. 1-352	https://image-tor.canadiana.ca/iiif/2/69429%2Fc0h12v40t82m
1787	p. 1-353	https://image-tor.canadiana.ca/iiif/2/69429%2Fc0c824b35h03
1788	p. 1-354	https://image-tor.canadiana.ca/iiif/2/69429%2Fc07m03x8bw20
1789	p. 1-355	https://image-tor.canadiana.ca/iiif/2/69429%2Fc03t9d50q39b
1790	p. 1-356	https://image-tor.canadiana.ca/iiif/2/69429%2Fc0028pc32b8b
1791	p. 1-357	https://image-tor.canadiana.ca/iiif/2/69429%2Fc0v97zk5f20p
1792	p. 1-358	https://image-tor.canadiana.ca/iiif/2/69429%2Fc0qj77s7s86t
1793	p. 1-359	https://image-tor.canadiana.ca/iiif/2/69429%2Fc0ks6j104h4z
1794	p. 1-360	https://image-tor.canadiana.ca/iiif/2/69429%2Fc0g15t72gr19
1795	p. 1-361	https://image-tor.canadiana.ca/iiif/2/69429%2Fc0bc3st7p449
1796	p. 1-362	https://image-tor.canadiana.ca/iiif/2/69429%2Fc06m33201c2t
1797	unnumbered	https://image-tor.canadiana.ca/iiif/2/69429%2Fc02v2c82cm0f
1798	p. 1-2	https://image-tor.canadiana.ca/iiif/2/69429%2Fc0z31ng4r92d
1799	p. 1-3	https://image-tor.canadiana.ca/iiif/2/69429%2Fc0tb0xp73h97
1800	p. 1-4	https://image-tor.canadiana.ca/iiif/2/69429%2Fc0pk06w9fr6n
1801	p. 1-5	https://image-tor.canadiana.ca/iiif/2/69429%2Fc0js9h41t03p
1802	p. 1-6	https://image-tor.canadiana.ca/iiif/2/69429%2Fc0f47gq70c6z
1803	p. 1-7	https://image-tor.canadiana.ca/iiif/2/69429%2Fc09c6rx9bm30
1804	p. 1-8	https://image-tor.canadiana.ca/iiif/2/69429%2Fc05m6251pv2m
1805	p. 1-9	https://image-tor.canadiana.ca/iiif/2/69429%2Fc01v5bc42307
1806	p. 1-10	https://image-tor.canadiana.ca/iiif/2/69429%2Fc0x34mk6ds0h
1807	p. 1-11	https://image-tor.canadiana.ca/iiif/2/69429%2Fc0sb3ws8s08z
1808	p. 1-12	https://image-tor.canadiana.ca/iiif/2/69429%2Fc0nk3611476g
1809	unnumbered	https://image-tor.canadiana.ca/iiif/2/69429%2Fc0hx15m69m7s
1810	p. 1-2	https://image-tor.canadiana.ca/iiif/2/69429%2Fc0d50ft8nv44
1811	p. 1-3	https://image-tor.canadiana.ca/iiif/2/69429%2Fc08c9r21133t
1812	p. 1-4	https://image-tor.canadiana.ca/iiif/2/69429%2Fc04m9183cb30
1813	p. 1-5	https://image-tor.canadiana.ca/iiif/2/69429%2Fc00v89g5qj9r
1814	p. 1-6	https://image-tor.canadiana.ca/iiif/2/69429%2Fc0w37kp8381w
1815	p. 1-7	https://image-tor.canadiana.ca/iiif/2/69429%2Fc0rf5k938n3t
1816	p. 1-8	https://image-tor.canadiana.ca/iiif/2/69429%2Fc0mp4vh5mv9k
1817	p. 1-9	https://image-tor.canadiana.ca/iiif/2/69429%2Fc0gx44q8037k
1818	p. 1-10	https://image-tor.canadiana.ca/iiif/2/69429%2Fc0c53dz0bb6q
1819	p. 1-11	https://image-tor.canadiana.ca/iiif/2/69429%2Fc07d2q52pk6x
1820	p. 1-12	https://image-tor.canadiana.ca/iiif/2/69429%2Fc03n20c51t3t
1821	p. 1-13	https://image-tor.canadiana.ca/iiif/2/69429%2Fc0zw18k7dh39
1822	p. 1-14	https://image-tor.canadiana.ca/iiif/2/69429%2Fc0v69862kw4d
1823	p. 1-15	https://image-tor.canadiana.ca/iiif/2/69429%2Fc0qf8jd4z42j
1824	p. 1-16	https://image-tor.canadiana.ca/iiif/2/69429%2Fc0kp7tm79b9c
1825	p. 1-17	https://image-tor.canadiana.ca/iiif/2/69429%2Fc0fx73t9nk9j
1826	p. 1-18	https://image-tor.canadiana.ca/iiif/2/69429%2Fc0b56d220t70
1827	p. 1-19	https://image-tor.canadiana.ca/iiif/2/69429%2Fc06d5p84c254
1828	p. 1-20	https://image-tor.canadiana.ca/iiif/2/69429%2Fc02n4zg6q93r
1829	p. 1-21	https://image-tor.canadiana.ca/iiif/2/69429%2Fc0z02z31x45p
1830	p. 1-22	https://image-tor.canadiana.ca/iiif/2/69429%2Fc0t727948c4r
1831	p. 1-23	https://image-tor.canadiana.ca/iiif/2/69429%2Fc0pg1hh6mm1s
1832	p. 1-24	https://image-tor.canadiana.ca/iiif/2/69429%2Fc0jq0sq8zv00
1833	p. 1-25	https://image-tor.canadiana.ca/iiif/2/69429%2Fc0dz02z1b30s
1834	p. 1-26	https://image-tor.canadiana.ca/iiif/2/69429%2Fc0959c53p96q
1835	p. 1-27	https://image-tor.canadiana.ca/iiif/2/69429%2Fc05d8nc61j5d
1836	p. 1-28	https://image-tor.canadiana.ca/iiif/2/69429%2Fc01r6n016x7b
1837	p. 1-29	https://image-tor.canadiana.ca/iiif/2/69429%2Fc0x05x63km6j
1838	p. 1-30	https://image-tor.canadiana.ca/iiif/2/69429%2Fc0s756d5xv3z
1839	p. 1-31	https://image-tor.canadiana.ca/iiif/2/69429%2Fc0ng4gm8933r
1840	p. 1-32	https://image-tor.canadiana.ca/iiif/2/69429%2Fc0hq3rv0nb2k
1841	p. 1-33	https://image-tor.canadiana.ca/iiif/2/69429%2Fc0cz32230j96
1842	p. 1-34	https://image-tor.canadiana.ca/iiif/2/69429%2Fc0862b85bs74
1843	p. 1-35	https://image-tor.canadiana.ca/iiif/2/69429%2Fc04j09w0j595
1844	p. 1-36	https://image-tor.canadiana.ca/iiif/2/69429%2Fc00r9m32wd7n
1845	p. 1-37	https://image-tor.canadiana.ca/iiif/2/69429%2Fc0w08w95835r
1846	p. 1-38	https://image-tor.canadiana.ca/iiif/2/69429%2Fc0r785h7mb5x
1847	p. 1-39	https://image-tor.canadiana.ca/iiif/2/69429%2Fc0mg7fq9zk3j
1848	p. 1-40	https://image-tor.canadiana.ca/iiif/2/69429%2Fc0gq6qz29t18
1849	p. 1-41	https://image-tor.canadiana.ca/iiif/2/69429%2Fc0bz6154p18x
1850	p. 1-42	https://image-tor.canadiana.ca/iiif/2/69429%2Fc07940r9vf0t
1851	p. 1-43	https://image-tor.canadiana.ca/iiif/2/69429%2Fc03j39026n88
1852	p. 1-44	https://image-tor.canadiana.ca/iiif/2/69429%2Fc0zs2k64kb8r
1853	p. 1-45	https://image-tor.canadiana.ca/iiif/2/69429%2Fc0v11vd6xk78
1854	p. 1-46	https://image-tor.canadiana.ca/iiif/2/69429%2Fc0q814m98t6b
1855	p. 1-47	https://image-tor.canadiana.ca/iiif/2/69429%2Fc0kh0dv1n22x
1856	p. 1-48	https://image-tor.canadiana.ca/iiif/2/69429%2Fc0fq9q24091g
1857	p. 1-49	https://image-tor.canadiana.ca/iiif/2/69429%2Fc0b27pn95p3p
1858	p. 1-50	https://image-tor.canadiana.ca/iiif/2/69429%2Fc0696zw1hx0b
1859	p. 1-51	https://image-tor.canadiana.ca/iiif/2/69429%2Fc02j6833w470
1860	p. 1-52	https://image-tor.canadiana.ca/iiif/2/69429%2Fc0xs5j967t9m
1861	p. 1-53	https://image-tor.canadiana.ca/iiif/2/69429%2Fc0t14th8m272
1862	p. 1-54	https://image-tor.canadiana.ca/iiif/2/69429%2Fc0p843r0z95p
1863	p. 1-55	https://image-tor.canadiana.ca/iiif/2/69429%2Fc0jh3cz39j26
1864	p. 1-56	https://image-tor.canadiana.ca/iiif/2/69429%2Fc0dv1cj8gx4h
1865	p. 1-57	https://image-tor.canadiana.ca/iiif/2/69429%2Fc0930ns0v52k
1866	p. 1-58	https://image-tor.canadiana.ca/iiif/2/69429%2Fc0599z036d0j
1867	p. 1-59	https://image-tor.canadiana.ca/iiif/2/69429%2Fc01j9765jn0q
1868	p. 1-60	https://image-tor.canadiana.ca/iiif/2/69429%2Fc0ws8hd7x98b
1869	p. 1-61	https://image-tor.canadiana.ca/iiif/2/69429%2Fc0s17sn08j7z
1870	p. 1-62	https://image-tor.canadiana.ca/iiif/2/69429%2Fc0n872v2ms4c
1871	p. 1-63	https://image-tor.canadiana.ca/iiif/2/69429%2Fc0hm52f7t566
1872	p. 1-64	https://image-tor.canadiana.ca/iiif/2/69429%2Fc0cv4bp05d4x
1873	p. 1-65	https://image-tor.canadiana.ca/iiif/2/69429%2Fc0833mw2hn2v
1874	p. 1-66	https://image-tor.canadiana.ca/iiif/2/69429%2Fc04b2x34vw1g
1875	p. 1-67	https://image-tor.canadiana.ca/iiif/2/69429%2Fc00k2697739s
1876	p. 1-68	https://image-tor.canadiana.ca/iiif/2/69429%2Fc0vt1gh9ks9r
1877	p. 1-69	https://image-tor.canadiana.ca/iiif/2/69429%2Fc0r49g44s602
1878	p. 1-70	https://image-tor.canadiana.ca/iiif/2/69429%2Fc0mc8rb74d8g
1879	p. 1-71	https://image-tor.canadiana.ca/iiif/2/69429%2Fc0gm81j9gn5w
1880	p. 1-72	https://image-tor.canadiana.ca/iiif/2/69429%2Fc0bv79s1tw59
1881	p. 1-73	https://image-tor.canadiana.ca/iiif/2/69429%2Fc0736m046447
1882	p. 1-74	https://image-tor.canadiana.ca/iiif/2/69429%2Fc03b5w66jc18
1883	p. 1-75	https://image-tor.canadiana.ca/iiif/2/69429%2Fc0zk55d8x22q
1884	p. 1-76	https://image-tor.canadiana.ca/iiif/2/69429%2Fc0tx35143f3j
1885	p. 1-77	https://image-tor.canadiana.ca/iiif/2/69429%2Fc0q52f76fp0w
1886	p. 1-78	https://image-tor.canadiana.ca/iiif/2/69429%2Fc0kd1qf8sw8t
1887	p. 1-79	https://image-tor.canadiana.ca/iiif/2/69429%2Fc0fn10p1546f
1888	p. 1-80	https://image-tor.canadiana.ca/iiif/2/69429%2Fc09w08w3hc67
1889	p. 1-81	https://image-tor.canadiana.ca/iiif/2/69429%2Fc0639k35vm2v
1890	p. 1-82	https://image-tor.canadiana.ca/iiif/2/69429%2Fc02b8v986v1j
1891	p. 1-83	https://image-tor.canadiana.ca/iiif/2/69429%2Fc0xp6tx3dp5x
1892	p. 1-84	https://image-tor.canadiana.ca/iiif/2/69429%2Fc0sx6445rx2r
1893	p. 1-85	https://image-tor.canadiana.ca/iiif/2/69429%2Fc0p55db8449d
1894	p. 1-86	https://image-tor.canadiana.ca/iiif/2/69429%2Fc0jd4pk0gc87
1895	p. 1-87	https://image-tor.canadiana.ca/iiif/2/69429%2Fc0dn3zs2tm6v
1896	p. 1-88	https://image-tor.canadiana.ca/iiif/2/69429%2Fc08w38055v4r
1897	p. 1-89	https://image-tor.canadiana.ca/iiif/2/69429%2Fc0542j67j326
1898	p. 1-90	https://image-tor.canadiana.ca/iiif/2/69429%2Fc01g0ht2qg4q
1899	p. 1-91	https://image-tor.canadiana.ca/iiif/2/69429%2Fc0wp9t153554
1900	p. 1-92	https://image-tor.canadiana.ca/iiif/2/69429%2Fc0rx9377fd1z
1901	p. 1-93	https://image-tor.canadiana.ca/iiif/2/69429%2Fc0n58cf9sn12
1902	p. 1-94	https://image-tor.canadiana.ca/iiif/2/69429%2Fc0hd7np24w0c
1903	p. 1-95	https://image-tor.canadiana.ca/iiif/2/69429%2Fc0cn6xw4h377
1904	p. 1-96	https://image-tor.canadiana.ca/iiif/2/69429%2Fc07w6736vb42
1905	p. 1-97	https://image-tor.canadiana.ca/iiif/2/69429%2Fc04746q21q7z
1906	p. 1-98	https://image-tor.canadiana.ca/iiif/2/69429%2Fc00g3gx4cz40
1907	p. 1-99	https://image-tor.canadiana.ca/iiif/2/69429%2Fc0vq2s46rn39
1908	p. 1-100	https://image-tor.canadiana.ca/iiif/2/69429%2Fc0qz22b93w2c
1909	p. 1-101	https://image-tor.canadiana.ca/iiif/2/69429%2Fc0m61bk1g42m
1910	p. 1-102	https://image-tor.canadiana.ca/iiif/2/69429%2Fc0gf0ms3tb8c
1911	p. 1-103	https://image-tor.canadiana.ca/iiif/2/69429%2Fc0bn9x065k7x
1912	p. 1-104	https://image-tor.canadiana.ca/iiif/2/69429%2Fc0707wm1bz85
1913	p. 1-105	https://image-tor.canadiana.ca/iiif/2/69429%2Fc03775t3q653
1914	p. 1-106	https://image-tor.canadiana.ca/iiif/2/69429%2Fc0zg6g162w4c
1915	p. 1-107	https://image-tor.canadiana.ca/iiif/2/69429%2Fc0tq5r78f44p
1916	p. 1-108	https://image-tor.canadiana.ca/iiif/2/69429%2Fc0pz51g0sc29
1917	p. 1-109	https://image-tor.canadiana.ca/iiif/2/69429%2Fc0k649p34m0q
1918	p. 1-110	https://image-tor.canadiana.ca/iiif/2/69429%2Fc0ff3kw5gt8n
1919	p. 1-111	https://image-tor.canadiana.ca/iiif/2/69429%2Fc09s1kh0p70s
1920	p. 1-112	https://image-tor.canadiana.ca/iiif/2/69429%2Fc0610vq31f8h
1921	p. 1-113	https://image-tor.canadiana.ca/iiif/2/69429%2Fc02804x5cp5x
1922	p. 1-114	https://image-tor.canadiana.ca/iiif/2/69429%2Fc0xg9f47rc7f
1923	p. 1-115	https://image-tor.canadiana.ca/iiif/2/69429%2Fc0sq8qc03m55
1924	p. 1-116	https://image-tor.canadiana.ca/iiif/2/69429%2Fc0nz80k2fv35
1925	p. 1-117	https://image-tor.canadiana.ca/iiif/2/69429%2Fc0j678s4t301
1926	p. 1-118	https://image-tor.canadiana.ca/iiif/2/69429%2Fc0dj58d00g31
1927	p. 1-119	https://image-tor.canadiana.ca/iiif/2/69429%2Fc08s4jm2bq02
1928	p. 1-120	https://image-tor.canadiana.ca/iiif/2/69429%2Fc0513tt4px89
1929	p. 1-121	https://image-tor.canadiana.ca/iiif/2/69429%2Fc01834172579
1930	p. 1-122	https://image-tor.canadiana.ca/iiif/2/69429%2Fc0wh2d79dv78
1931	p. 1-123	https://image-tor.canadiana.ca/iiif/2/69429%2Fc0rr1pg1s34f
1932	p. 1-124	https://image-tor.canadiana.ca/iiif/2/69429%2Fc0n00zp44b3f
1933	p. 1-125	https://image-tor.canadiana.ca/iiif/2/69429%2Fc0h98z899q4m
1934	p. 1-126	https://image-tor.canadiana.ca/iiif/2/69429%2Fc0cj87h1nz1n
1935	p. 1-127	https://image-tor.canadiana.ca/iiif/2/69429%2Fc07s7hq4159k
1936	p. 1-128	https://image-tor.canadiana.ca/iiif/2/69429%2Fc0416sx6cd9p
1937	p. 1-129	https://image-tor.canadiana.ca/iiif/2/69429%2Fc0086348qn6h
1938	p. 1-130	https://image-tor.canadiana.ca/iiif/2/69429%2Fc0vh5cc13b88
1939	p. 1-131	https://image-tor.canadiana.ca/iiif/2/69429%2Fc0qv3bz68q9k
1940	p. 1-132	https://image-tor.canadiana.ca/iiif/2/69429%2Fc0m32n58mz6b
1941	p. 1-133	https://image-tor.canadiana.ca/iiif/2/69429%2Fc0gb1xd1064k
1942	p. 1-134	https://image-tor.canadiana.ca/iiif/2/69429%2Fc0bk16m3bf2k
1943	p. 1-135	https://image-tor.canadiana.ca/iiif/2/69429%2Fc06t0gt5pp2c
1944	p. 1-136	https://image-tor.canadiana.ca/iiif/2/69429%2Fc0319s181w9c
1945	p. 1-137	https://image-tor.canadiana.ca/iiif/2/69429%2Fc0z89280dm04
1946	p. 1-138	https://image-tor.canadiana.ca/iiif/2/69429%2Fc0tm71v5m01z
1947	p. 1-139	https://image-tor.canadiana.ca/iiif/2/69429%2Fc0pv6b27z699
1948	p. 1-140	https://image-tor.canadiana.ca/iiif/2/69429%2Fc0k35m909f6r
1949	p. 1-141	https://image-tor.canadiana.ca/iiif/2/69429%2Fc0fb4wh2np4c
1950	p. 1-142	https://image-tor.canadiana.ca/iiif/2/69429%2Fc09k45q50x3f
1951	p. 1-143	https://image-tor.canadiana.ca/iiif/2/69429%2Fc05t3fx7c51k
1952	p. 1-144	https://image-tor.canadiana.ca/iiif/2/69429%2Fc0222r49qc97
1953	index	https://image-tor.canadiana.ca/iiif/2/69429%2Fc0xd0qr4x72q
1954	p. 1-2	https://image-tor.canadiana.ca/iiif/2/69429%2Fc0sn00z78g1s
1955	p. 1-3	https://image-tor.canadiana.ca/iiif/2/69429%2Fc0nv9959mp7d
1956	p. 1-4	https://image-tor.canadiana.ca/iiif/2/69429%2Fc0j38kd1zx6j
1957	p. 1-5	https://image-tor.canadiana.ca/iiif/2/69429%2Fc0db7vm4b56b
1958	p. 1-6	https://image-tor.canadiana.ca/iiif/2/69429%2Fc08k74t6pd25
1959	p. 1-8 [7]	https://image-tor.canadiana.ca/iiif/2/69429%2Fc04t6f191n2v
1960	p. 1-7 [8]	https://image-tor.canadiana.ca/iiif/2/69429%2Fc0154dn47146
1961	p. 1-9	https://image-tor.canadiana.ca/iiif/2/69429%2Fc0wd3pv6kq45
1962	p. 1-10	https://image-tor.canadiana.ca/iiif/2/69429%2Fc0rn3028xz10
