1	technical data sheet	https://image-tor.canadiana.ca/iiif/2/69429%2Fc0696zw1jh9h
2	title page	https://image-tor.canadiana.ca/iiif/2/69429%2Fc02n4zg6qx23
3	unnumbered	https://image-tor.canadiana.ca/iiif/2/69429%2Fc0xw47p93m2f
4	index (p. 1)	https://image-tor.canadiana.ca/iiif/2/69429%2Fc0t43hx1fv00
5	p. 2	https://image-tor.canadiana.ca/iiif/2/69429%2Fc0pc2t43t29f
6	table of contents (p. 3)	https://image-tor.canadiana.ca/iiif/2/69429%2Fc0jm23b6597x
7	p. 4	https://image-tor.canadiana.ca/iiif/2/69429%2Fc0dv1cj8hj4z
8	p. 5	https://image-tor.canadiana.ca/iiif/2/69429%2Fc0930ns0vs2h
9	p. 6	https://image-tor.canadiana.ca/iiif/2/69429%2Fc05d8nc62548
10	p. 7	https://image-tor.canadiana.ca/iiif/2/69429%2Fc01n7xk8dd19
11	p. 8	https://image-tor.canadiana.ca/iiif/2/69429%2Fc0ww76t0s32c
12	p. 9	https://image-tor.canadiana.ca/iiif/2/69429%2Fc0s46h134b1s
13	p. 10	https://image-tor.canadiana.ca/iiif/2/69429%2Fc0nc5s75gj84
14	p. 11	https://image-tor.canadiana.ca/iiif/2/69429%2Fc0hm52f7ts4z
15	p. 12	https://image-tor.canadiana.ca/iiif/2/69429%2Fc0cv4bp06126
16	p. 13	https://image-tor.canadiana.ca/iiif/2/69429%2Fc0862b85cd60
17	p. 14	https://image-tor.canadiana.ca/iiif/2/69429%2Fc04f1mg7qn31
18	p. 15	https://image-tor.canadiana.ca/iiif/2/69429%2Fc00p0wq02w2b
19	unnumbered	https://image-tor.canadiana.ca/iiif/2/69429%2Fc0vx05x2fk3s
20	blank page	https://image-tor.canadiana.ca/iiif/2/69429%2Fc0r49g44ss9q
21	unnumbered	https://image-tor.canadiana.ca/iiif/2/69429%2Fc0mc8rb7517b
22	blank page	https://image-tor.canadiana.ca/iiif/2/69429%2Fc0gm81j9h84r
23	p. 1-A-v	https://image-tor.canadiana.ca/iiif/2/69429%2Fc0bz6154pn8v
24	p. 1-A-vi	https://image-tor.canadiana.ca/iiif/2/69429%2Fc07659c71w68
25	p. 1-A-vii	https://image-tor.canadiana.ca/iiif/2/69429%2Fc03f4kk9d450
26	p. 1-A-viii	https://image-tor.canadiana.ca/iiif/2/69429%2Fc0zp3vt1rt40
27	p. 1-A-ix	https://image-tor.canadiana.ca/iiif/2/69429%2Fc0tx3514422d
28	p. 1-A-x	https://image-tor.canadiana.ca/iiif/2/69429%2Fc0q52f76g892
29	p. 1-A-xi	https://image-tor.canadiana.ca/iiif/2/69429%2Fc0kd1qf8th7p
30	p. 1-A-xii	https://image-tor.canadiana.ca/iiif/2/69429%2Fc0fq9q240w9j
31	p. 1-A-xiii	https://image-tor.canadiana.ca/iiif/2/69429%2Fc09z9086c46g
32	p. 1-A-xiv	https://image-tor.canadiana.ca/iiif/2/69429%2Fc06688g8qc6k
33	p. 1-A-xv	https://image-tor.canadiana.ca/iiif/2/69429%2Fc02f7jq12m49
34	p. 1-A-xvi	https://image-tor.canadiana.ca/iiif/2/69429%2Fc0xp6tx3f936
35	p. 1-A-xvii	https://image-tor.canadiana.ca/iiif/2/69429%2Fc0sx6445sj1m
36	p. 1-A-xviii	https://image-tor.canadiana.ca/iiif/2/69429%2Fc0p55db84r9b
37	p. 1-A-xix	https://image-tor.canadiana.ca/iiif/2/69429%2Fc0jh3cz3b512
38	p. 1-A-xx	https://image-tor.canadiana.ca/iiif/2/69429%2Fc0dr2p55pc9d
39	p. 1-A-xxi	https://image-tor.canadiana.ca/iiif/2/69429%2Fc0901zc81m8d
40	p. 1-A-xxii	https://image-tor.canadiana.ca/iiif/2/69429%2Fc05717m0cv61
41	p. 1-A-xxiii	https://image-tor.canadiana.ca/iiif/2/69429%2Fc01g0ht2r320
42	p. 1-A-1	https://image-tor.canadiana.ca/iiif/2/69429%2Fc0wp9t153s3w
43	p. 1-A-2	https://image-tor.canadiana.ca/iiif/2/69429%2Fc0s17sn0956t
44	p. 1-A-3	https://image-tor.canadiana.ca/iiif/2/69429%2Fc0n872v2nd37
45	p. 1-A-4	https://image-tor.canadiana.ca/iiif/2/69429%2Fc0hh6c250n1r
46	p. 1-A-5	https://image-tor.canadiana.ca/iiif/2/69429%2Fc0cr5n87bw1j
47	p. 1-A-6	https://image-tor.canadiana.ca/iiif/2/69429%2Fc0804xg9q399
48	p. 1-A-7	https://image-tor.canadiana.ca/iiif/2/69429%2Fc04746q22b6t
49	p. 1-A-8	https://image-tor.canadiana.ca/iiif/2/69429%2Fc00g3gx4dk4f
50	p. 1-A-9	https://image-tor.canadiana.ca/iiif/2/69429%2Fc0vt1gh9md8m
51	p. 1-A-10	https://image-tor.canadiana.ca/iiif/2/69429%2Fc0r20rr1zn65
52	p. 1-A-11	https://image-tor.canadiana.ca/iiif/2/69429%2Fc0m901z49w32
53	p. 1-A-12	https://image-tor.canadiana.ca/iiif/2/69429%2Fc0gh9b56p437
54	p. 1-A-13	https://image-tor.canadiana.ca/iiif/2/69429%2Fc0br8mc91b9g
55	p. 1-A-14	https://image-tor.canadiana.ca/iiif/2/69429%2Fc0707wm1ck71
56	p. 1-A-15	https://image-tor.canadiana.ca/iiif/2/69429%2Fc03775t3qt4f
57	p. 1-A-16	https://image-tor.canadiana.ca/iiif/2/69429%2Fc0zk55d8xp0g
58	p. 1-A-17	https://image-tor.canadiana.ca/iiif/2/69429%2Fc0tt4fn18w7x
59	blank page	https://image-tor.canadiana.ca/iiif/2/69429%2Fc0q23qv3n45c
60	unnumbered	https://image-tor.canadiana.ca/iiif/2/69429%2Fc0k931260c4v
61	p. 1-A-20	https://image-tor.canadiana.ca/iiif/2/69429%2Fc0fj2988bm2g
62	p. 1-A-21	https://image-tor.canadiana.ca/iiif/2/69429%2Fc09s1kh0pt8v
63	p. 1-A-22	https://image-tor.canadiana.ca/iiif/2/69429%2Fc0610vq3227c
64	p. 1-A-23	https://image-tor.canadiana.ca/iiif/2/69429%2Fc02b8v987g10
65	p. 1-A-24	https://image-tor.canadiana.ca/iiif/2/69429%2Fc0xk84j0m50w
66	p. 1-A-25	https://image-tor.canadiana.ca/iiif/2/69429%2Fc0st7dr2zc77
67	p. 1-A-26	https://image-tor.canadiana.ca/iiif/2/69429%2Fc0p26pz59m7t
68	p. 1-A-27	https://image-tor.canadiana.ca/iiif/2/69429%2Fc0j96057nv57
69	p. 1-A-28	https://image-tor.canadiana.ca/iiif/2/69429%2Fc0dj58d0132w
70	p. 1-A-29	https://image-tor.canadiana.ca/iiif/2/69429%2Fc08s4jm2c997
71	p. 1-A-30	https://image-tor.canadiana.ca/iiif/2/69429%2Fc0542j67jq1j
72	p. 1-A-31	https://image-tor.canadiana.ca/iiif/2/69429%2Fc01c1td9wx9g
73	p. 1-A-32	https://image-tor.canadiana.ca/iiif/2/69429%2Fc0wm13n28m9f
74	p. 1-A-33	https://image-tor.canadiana.ca/iiif/2/69429%2Fc0rv0cv4mv97
75	p. 1-A-34	https://image-tor.canadiana.ca/iiif/2/69429%2Fc0n29p27035v
76	p. 1-A-35	https://image-tor.canadiana.ca/iiif/2/69429%2Fc0h98z89bb3g
77	p. 1-A-36	https://image-tor.canadiana.ca/iiif/2/69429%2Fc0cj87h1pk0h
78	p. 1-A-37	https://image-tor.canadiana.ca/iiif/2/69429%2Fc07w6736vz3d
79	p. 1-A-38	https://image-tor.canadiana.ca/iiif/2/69429%2Fc0445h99761b
80	p. 1-A-39	https://image-tor.canadiana.ca/iiif/2/69429%2Fc00c4sj1kd9w
81	p. 1-A-40	https://image-tor.canadiana.ca/iiif/2/69429%2Fc0vm42r3z39r
82	p. 1-A-41	https://image-tor.canadiana.ca/iiif/2/69429%2Fc0qv3bz69b7v
83	p. 1-A-42	https://image-tor.canadiana.ca/iiif/2/69429%2Fc0m32n58nk31
84	p. 1-A-43	https://image-tor.canadiana.ca/iiif/2/69429%2Fc0gb1xd10t2b
85	p. 1-A-44	https://image-tor.canadiana.ca/iiif/2/69429%2Fc0bn9x06666s
86	p. 1-A-45	https://image-tor.canadiana.ca/iiif/2/69429%2Fc06w9668jf36
87	p. 1-A-46	https://image-tor.canadiana.ca/iiif/2/69429%2Fc0348gf0wp2b
88	p. 1-A-47	https://image-tor.canadiana.ca/iiif/2/69429%2Fc0zc7rn38c3w
89	p. 1-A-48	https://image-tor.canadiana.ca/iiif/2/69429%2Fc0tm71v5mm09
90	p. 1-A-49	https://image-tor.canadiana.ca/iiif/2/69429%2Fc0pv6b27zt8n
91	p. 1-A-50	https://image-tor.canadiana.ca/iiif/2/69429%2Fc0k35m90b25m
92	p. 1-A-51	https://image-tor.canadiana.ca/iiif/2/69429%2Fc0ff3kw5hf7h
93	p. 1-A-52	https://image-tor.canadiana.ca/iiif/2/69429%2Fc09p2w37vp5j
94	p. 1-A-53	https://image-tor.canadiana.ca/iiif/2/69429%2Fc05x25b06x3n
95	p. 1-A-54	https://image-tor.canadiana.ca/iiif/2/69429%2Fc0251fj2k52p
96	p. 1-A-55	https://image-tor.canadiana.ca/iiif/2/69429%2Fc0xd0qr4xv0g
97	p. 1-A-56	https://image-tor.canadiana.ca/iiif/2/69429%2Fc0sn00z7930n
98	p. 1-A-57	https://image-tor.canadiana.ca/iiif/2/69429%2Fc0nv9959n97v
99	p. 1-A-58	https://image-tor.canadiana.ca/iiif/2/69429%2Fc0j678s4tp83
100	p. 1-A-59	https://image-tor.canadiana.ca/iiif/2/69429%2Fc0df6k075x6m
101	p. 1-A-60	https://image-tor.canadiana.ca/iiif/2/69429%2Fc08p5v69j56x
102	p. 1-A-61	https://image-tor.canadiana.ca/iiif/2/69429%2Fc04x54f1wd4j
103	p. 1-A-62	https://image-tor.canadiana.ca/iiif/2/69429%2Fc0154dn47n2z
104	p. 1-A-63	https://image-tor.canadiana.ca/iiif/2/69429%2Fc0wd3pv6mb2f
105	p. 1-A-64	https://image-tor.canadiana.ca/iiif/2/69429%2Fc0rr1pg1sq3s
106	p. 1-A-65	https://image-tor.canadiana.ca/iiif/2/69429%2Fc0n00zp44z2s
107	p. 1-A-66	https://image-tor.canadiana.ca/iiif/2/69429%2Fc0h707w6h591
108	p. 1-A-67	https://image-tor.canadiana.ca/iiif/2/69429%2Fc0cf9j38vd83
109	p. 1-A-68	https://image-tor.canadiana.ca/iiif/2/69429%2Fc07p8tb16n80
110	p. 1-A-69	https://image-tor.canadiana.ca/iiif/2/69429%2Fc03x83j3jw5d
111	p. 1-A-70	https://image-tor.canadiana.ca/iiif/2/69429%2Fc0057cr5x44f
112	p. 1-A-71	https://image-tor.canadiana.ca/iiif/2/69429%2Fc0vh5cc13z61
113	p. 1-A-72	https://image-tor.canadiana.ca/iiif/2/69429%2Fc0qr4nk3g645
114	p. 1-A-73	https://image-tor.canadiana.ca/iiif/2/69429%2Fc0m03xs5tf3p
115	p. 1-A-74	https://image-tor.canadiana.ca/iiif/2/69429%2Fc0g737085p1k
116	p. 1-A-75	https://image-tor.canadiana.ca/iiif/2/69429%2Fc0bg2h70hx0d
117	p. 1-A-76	https://image-tor.canadiana.ca/iiif/2/69429%2Fc06q1sf2w46p
118	p. 1-A-77	https://image-tor.canadiana.ca/iiif/2/69429%2Fc02z12n57c5r
119	p. 1-A-78	https://image-tor.canadiana.ca/iiif/2/69429%2Fc0z89280f68q
120	p. 1-A-79	https://image-tor.canadiana.ca/iiif/2/69429%2Fc0th8bg2sf5r
121	p. 1-A-80	https://image-tor.canadiana.ca/iiif/2/69429%2Fc0pr7mp54p28
122	p. 1-A-81	https://image-tor.canadiana.ca/iiif/2/69429%2Fc0k06ww7gx2c
123	p. 1-A-82	https://image-tor.canadiana.ca/iiif/2/69429%2Fc0f76639v509
124	p. 1-A-83	https://image-tor.canadiana.ca/iiif/2/69429%2Fc09g5gb26c8b
125	p. 1-A-84	https://image-tor.canadiana.ca/iiif/2/69429%2Fc05q4rj4jm6z
126	p. 1-A-85	https://image-tor.canadiana.ca/iiif/2/69429%2Fc0222r49r083
127	p. 1-A-86	https://image-tor.canadiana.ca/iiif/2/69429%2Fc0x921c23p94
128	p. 1-A-87	https://image-tor.canadiana.ca/iiif/2/69429%2Fc0sj19k4fx65
129	p. 1-A-88	https://image-tor.canadiana.ca/iiif/2/69429%2Fc0ns0ks6t56g
130	p. 1-A-89	https://image-tor.canadiana.ca/iiif/2/69429%2Fc0j09w095d4r
131	p. 1-A-90	https://image-tor.canadiana.ca/iiif/2/69429%2Fc0d79571hn1s
132	p. 1-A-91	https://image-tor.canadiana.ca/iiif/2/69429%2Fc08g8ff3vv9q
133	p. 1-A-92	https://image-tor.canadiana.ca/iiif/2/69429%2Fc04t6f19281q
134	p. 1-A-93	https://image-tor.canadiana.ca/iiif/2/69429%2Fc0125q81dg80
135	p. 1-A-94	https://image-tor.canadiana.ca/iiif/2/69429%2Fc0w950g3s58v
136	p. 1-A-95	https://image-tor.canadiana.ca/iiif/2/69429%2Fc0rj48p64d7j
137	p. 1-A-96	https://image-tor.canadiana.ca/iiif/2/69429%2Fc0ms3jw8gn6r
138	p. 1-A-97	https://image-tor.canadiana.ca/iiif/2/69429%2Fc0h12v40tw2j
139	p. 1-A-98	https://image-tor.canadiana.ca/iiif/2/69429%2Fc0c824b36414
140	p. 1-A-99	https://image-tor.canadiana.ca/iiif/2/69429%2Fc07m03x8ch2f
141	p. 1-A-100	https://image-tor.canadiana.ca/iiif/2/69429%2Fc03t9d50qq98
142	p. 1-A-101	https://image-tor.canadiana.ca/iiif/2/69429%2Fc0028pc32z7p
143	p. 1-A-102	https://image-tor.canadiana.ca/iiif/2/69429%2Fc0v97zk5fn9b
144	p. 1-A-103	https://image-tor.canadiana.ca/iiif/2/69429%2Fc0qj77s7sw55
145	p. 1-A-104	https://image-tor.canadiana.ca/iiif/2/69429%2Fc0ks6j10543t
146	p. 1-A-105	https://image-tor.canadiana.ca/iiif/2/69429%2Fc0g15t72hc05
147	p. 1-A-106	https://image-tor.canadiana.ca/iiif/2/69429%2Fc0bc3st7pr47
148	p. 1-A-107	https://image-tor.canadiana.ca/iiif/2/69429%2Fc06m33202028
149	p. 1-A-108	https://image-tor.canadiana.ca/iiif/2/69429%2Fc02v2c82d70w
150	p. 1-A-109	https://image-tor.canadiana.ca/iiif/2/69429%2Fc0z31ng4rx2b
151	p. 1-A-110	https://image-tor.canadiana.ca/iiif/2/69429%2Fc0tb0xp7449p
152	p. 1-A-111	https://image-tor.canadiana.ca/iiif/2/69429%2Fc0pk06w9gc63
153	p. 1-A-112	https://image-tor.canadiana.ca/iiif/2/69429%2Fc0js9h41tm3m
154	p. 1-A-113	https://image-tor.canadiana.ca/iiif/2/69429%2Fc0f47gq71070
155	p. 1-A-114	https://image-tor.canadiana.ca/iiif/2/69429%2Fc09c6rx9c741
156	p. 1-A-115	https://image-tor.canadiana.ca/iiif/2/69429%2Fc05m6251qg22
157	p. 1-A-116	https://image-tor.canadiana.ca/iiif/2/69429%2Fc01v5bc42q05
158	p. 1-A-117	https://image-tor.canadiana.ca/iiif/2/69429%2Fc0x34mk6fd0z
159	p. 1-A-118	https://image-tor.canadiana.ca/iiif/2/69429%2Fc0sb3ws8sm8w
160	p. 1-A-119	https://image-tor.canadiana.ca/iiif/2/69429%2Fc0nk36114v6d
161	p. 1-A-120	https://image-tor.canadiana.ca/iiif/2/69429%2Fc0hx15m6b76n
162	p. 1-A-121	https://image-tor.canadiana.ca/iiif/2/69429%2Fc0d50ft8pg30
163	p. 1-B-1	https://image-tor.canadiana.ca/iiif/2/69429%2Fc08c9r211q25
164	p. 1-B-2	https://image-tor.canadiana.ca/iiif/2/69429%2Fc04m9183cz2b
165	p. 1-B-3	https://image-tor.canadiana.ca/iiif/2/69429%2Fc00v89g5r58m
166	p. 1-B-4	https://image-tor.canadiana.ca/iiif/2/69429%2Fc0w37kp83w07
167	p. 1-B-5	https://image-tor.canadiana.ca/iiif/2/69429%2Fc0rb6vx0g37q
168	p. 1-B-6	https://image-tor.canadiana.ca/iiif/2/69429%2Fc0mp4vh5ng91
169	p. 1-B-7	https://image-tor.canadiana.ca/iiif/2/69429%2Fc0gx44q80q7h
170	p. 1-B-8	https://image-tor.canadiana.ca/iiif/2/69429%2Fc0c53dz0bz52
171	p. 1-B-9	https://image-tor.canadiana.ca/iiif/2/69429%2Fc07d2q52q65s
172	p. 1-B-10	https://image-tor.canadiana.ca/iiif/2/69429%2Fc03n20c52f2p
173	p. 1-B-11	https://image-tor.canadiana.ca/iiif/2/69429%2Fc0zw18k7f43r
174	p. 1-B-12	https://image-tor.canadiana.ca/iiif/2/69429%2Fc0v69862mh4v
175	p. 1-B-13	https://image-tor.canadiana.ca/iiif/2/69429%2Fc0qf8jd4zr2g
176	p. 1-B-14	https://image-tor.canadiana.ca/iiif/2/69429%2Fc0kp7tm79z99
177	p. 1-B-15	https://image-tor.canadiana.ca/iiif/2/69429%2Fc0fx73t9p690
178	p. 1-B-16	https://image-tor.canadiana.ca/iiif/2/69429%2Fc0b56d221f7f
179	p. 1-B-17	https://image-tor.canadiana.ca/iiif/2/69429%2Fc06d5p84cp52
180	p. 1-B-18	https://image-tor.canadiana.ca/iiif/2/69429%2Fc02n4zg6qx3p
181	p. 1-B-19	https://image-tor.canadiana.ca/iiif/2/69429%2Fc0z02z31xr41
182	p. 1-B-20	https://image-tor.canadiana.ca/iiif/2/69429%2Fc0t72794903m
183	p. 1-B-21	https://image-tor.canadiana.ca/iiif/2/69429%2Fc0pg1hh6n70n
184	p. 1-B-22	https://image-tor.canadiana.ca/iiif/2/69429%2Fc0jq0sq90f9n
185	p. 1-B-23	https://image-tor.canadiana.ca/iiif/2/69429%2Fc0dz02z1bp9f
186	p. 1-B-24	https://image-tor.canadiana.ca/iiif/2/69429%2Fc0959c53px52
187	p. 1-B-25	https://image-tor.canadiana.ca/iiif/2/69429%2Fc05d8nc6255v
188	p. 1-B-26	https://image-tor.canadiana.ca/iiif/2/69429%2Fc01r6n017j66
189	p. 1-B-27	https://image-tor.canadiana.ca/iiif/2/69429%2Fc0x05x63m760
190	p. 1-B-28	https://image-tor.canadiana.ca/iiif/2/69429%2Fc0s756d5zg3d
191	p. 1-B-29	https://image-tor.canadiana.ca/iiif/2/69429%2Fc0ng4gm89q3p
192	p. 1-B-30	https://image-tor.canadiana.ca/iiif/2/69429%2Fc0hq3rv0nz2h
193	p. 1-B-31	https://image-tor.canadiana.ca/iiif/2/69429%2Fc0cz3223159n
194	p. 1-B-32	https://image-tor.canadiana.ca/iiif/2/69429%2Fc0862b85cd7k
195	p. 1-B-33	https://image-tor.canadiana.ca/iiif/2/69429%2Fc04j09w0js93
196	p. 1-B-34	https://image-tor.canadiana.ca/iiif/2/69429%2Fc00r9m32x173
197	p. 1-B-35	https://image-tor.canadiana.ca/iiif/2/69429%2Fc0w08w958q5p
198	p. 1-B-36	https://image-tor.canadiana.ca/iiif/2/69429%2Fc0r785h7mz5v
199	p. 1-B-37	https://image-tor.canadiana.ca/iiif/2/69429%2Fc0mg7fr00633
200	p. 1-B-38	https://image-tor.canadiana.ca/iiif/2/69429%2Fc0gq6qz2bf1q
201	p. 1-B-39	https://image-tor.canadiana.ca/iiif/2/69429%2Fc0bz6154pn9f
202	p. 1-B-40	https://image-tor.canadiana.ca/iiif/2/69429%2Fc07940r9w190
203	p. 1-B-41	https://image-tor.canadiana.ca/iiif/2/69429%2Fc03j3902788q
204	p. 1-B-42	https://image-tor.canadiana.ca/iiif/2/69429%2Fc0zs2k64kz73
205	p. 1-B-43	https://image-tor.canadiana.ca/iiif/2/69429%2Fc0v11vd6z664
206	p. 1-B-44	https://image-tor.canadiana.ca/iiif/2/69429%2Fc0q814m99f56
207	p. 1-B-45	https://image-tor.canadiana.ca/iiif/2/69429%2Fc0kh0dv1np18
208	p. 1-B-46	https://image-tor.canadiana.ca/iiif/2/69429%2Fc0fq9q240x0t
209	p. 1-B-47	https://image-tor.canadiana.ca/iiif/2/69429%2Fc0b27pn96934
210	p. 1-B-48	https://image-tor.canadiana.ca/iiif/2/69429%2Fc0696zw1jj0s
211	p. 1-B-49	https://image-tor.canadiana.ca/iiif/2/69429%2Fc02j6833wr7x
212	p. 1-B-50	https://image-tor.canadiana.ca/iiif/2/69429%2Fc0xs5j968f92
213	p. 1-B-51	https://image-tor.canadiana.ca/iiif/2/69429%2Fc0t14th8mp70
214	p. 1-B-52	https://image-tor.canadiana.ca/iiif/2/69429%2Fc0p843r0zx41
215	p. 1-B-53	https://image-tor.canadiana.ca/iiif/2/69429%2Fc0jh3cz3b52n
216	p. 1-B-54	https://image-tor.canadiana.ca/iiif/2/69429%2Fc0dv1cj8hj5j
217	p. 1-B-55	https://image-tor.canadiana.ca/iiif/2/69429%2Fc0930ns0vs33
218	p. 1-B-56	https://image-tor.canadiana.ca/iiif/2/69429%2Fc0599z037100
219	p. 1-B-57	https://image-tor.canadiana.ca/iiif/2/69429%2Fc01j9765k805
220	p. 1-B-58	https://image-tor.canadiana.ca/iiif/2/69429%2Fc0ws8hd7xx88
221	p. 1-B-59	https://image-tor.canadiana.ca/iiif/2/69429%2Fc0s17sn0957d
222	p. 1-B-60	https://image-tor.canadiana.ca/iiif/2/69429%2Fc0n872v2nd4t
223	p. 1-B-61	https://image-tor.canadiana.ca/iiif/2/69429%2Fc0hm52f7ts5j
224	p. 1-B-62	https://image-tor.canadiana.ca/iiif/2/69429%2Fc0cv4bp0613s
225	p. 1-B-63	https://image-tor.canadiana.ca/iiif/2/69429%2Fc0833mw2j81q
226	p. 1-B-64	https://image-tor.canadiana.ca/iiif/2/69429%2Fc04b2x34wh0b
227	p. 1-B-65	https://image-tor.canadiana.ca/iiif/2/69429%2Fc00k26977q84
228	p. 1-B-66	https://image-tor.canadiana.ca/iiif/2/69429%2Fc0vt1gh9md96
229	p. 1-B-67	https://image-tor.canadiana.ca/iiif/2/69429%2Fc0r20rr1zn7r
230	p. 1-B-68	https://image-tor.canadiana.ca/iiif/2/69429%2Fc0mc8rb7518x
231	p. 1-B-69	https://image-tor.canadiana.ca/iiif/2/69429%2Fc0gm81j9h85b
232	p. 1-B-70	https://image-tor.canadiana.ca/iiif/2/69429%2Fc0bv79s1vh45
233	p. 1-B-71	https://image-tor.canadiana.ca/iiif/2/69429%2Fc0736m046r3k
234	p. 1-B-72	https://image-tor.canadiana.ca/iiif/2/69429%2Fc03b5w66k004
235	p. 1-B-73	https://image-tor.canadiana.ca/iiif/2/69429%2Fc0zk55d8xp12
236	p. 1-B-74	https://image-tor.canadiana.ca/iiif/2/69429%2Fc0tx35144230
237	p. 1-B-75	https://image-tor.canadiana.ca/iiif/2/69429%2Fc0q52f76g90b
238	p. 1-B-76	https://image-tor.canadiana.ca/iiif/2/69429%2Fc0kd1qf8th88
239	p. 1-E [B]-77	https://image-tor.canadiana.ca/iiif/2/69429%2Fc0fn10p15r6c
240	p. 1-B-78	https://image-tor.canadiana.ca/iiif/2/69429%2Fc09w08w3j06p
241	p. 1-B-79	https://image-tor.canadiana.ca/iiif/2/69429%2Fc0639k35w729
242	p. 1-B-80	https://image-tor.canadiana.ca/iiif/2/69429%2Fc02b8v987g2k
243	p. 1-B-81	https://image-tor.canadiana.ca/iiif/2/69429%2Fc0xp6tx3f94s
244	p. 1-B-82	https://image-tor.canadiana.ca/iiif/2/69429%2Fc0sx6445sj26
245	p. 1-B-83	https://image-tor.canadiana.ca/iiif/2/69429%2Fc0p55db84s0m
246	p. 1-B-84	https://image-tor.canadiana.ca/iiif/2/69429%2Fc0jd4pk0h08p
247	p. 1-B-85	https://image-tor.canadiana.ca/iiif/2/69429%2Fc0dn3zs2v769
248	p. 1-B-86	https://image-tor.canadiana.ca/iiif/2/69429%2Fc08w38056g46
249	p. 1-B-87	https://image-tor.canadiana.ca/iiif/2/69429%2Fc0542j67jq24
250	p. 1-B-88	https://image-tor.canadiana.ca/iiif/2/69429%2Fc01g0ht2r33k
251	p. 1-B-89	https://image-tor.canadiana.ca/iiif/2/69429%2Fc0wp9t153s4g
252	p. 1-B-90	https://image-tor.canadiana.ca/iiif/2/69429%2Fc0rx9377g10t
253	p. 1-B-91	https://image-tor.canadiana.ca/iiif/2/69429%2Fc0n58cf9t80x
254	p. 1-B-92	https://image-tor.canadiana.ca/iiif/2/69429%2Fc0hd7np25g9j
255	p. 1-B-93	https://image-tor.canadiana.ca/iiif/2/69429%2Fc0cn6xw4hq6k
256	p. 1-B-94	https://image-tor.canadiana.ca/iiif/2/69429%2Fc07w6736vz40
257	p. 1-B-95	https://image-tor.canadiana.ca/iiif/2/69429%2Fc04746q22b7d
258	p. 1-B-96	https://image-tor.canadiana.ca/iiif/2/69429%2Fc00g3gx4dk51
259	p. 1-B-97	https://image-tor.canadiana.ca/iiif/2/69429%2Fc0vq2s46s83r
260	p. 1-B-98	https://image-tor.canadiana.ca/iiif/2/69429%2Fc0qz22b94h2t
261	p. 1-B-99	https://image-tor.canadiana.ca/iiif/2/69429%2Fc0m61bk1gr2j
262	p. 1-B-100	https://image-tor.canadiana.ca/iiif/2/69429%2Fc0gf0ms3tz89
263	p. 1-B-101	https://image-tor.canadiana.ca/iiif/2/69429%2Fc0bn9x06667c
264	p. 1-B-102	https://image-tor.canadiana.ca/iiif/2/69429%2Fc0707wm1ck8m
265	p. 1-B-103	https://image-tor.canadiana.ca/iiif/2/69429%2Fc03775t3qt51
266	p. 1-B-104	https://image-tor.canadiana.ca/iiif/2/69429%2Fc0zg6g163h4t
267	p. 1-B-105	https://image-tor.canadiana.ca/iiif/2/69429%2Fc0tq5r78fr4m
268	p. 1-B-106	https://image-tor.canadiana.ca/iiif/2/69429%2Fc0pz51g0t02r
269	p. 1-B-107	https://image-tor.canadiana.ca/iiif/2/69429%2Fc0k649p35705
270	p. 1-B-108	https://image-tor.canadiana.ca/iiif/2/69429%2Fc0ff3kw5hf83
271	p. 1-B-109	https://image-tor.canadiana.ca/iiif/2/69429%2Fc09s1kh0pt9f
272	p. 1-B-110	https://image-tor.canadiana.ca/iiif/2/69429%2Fc0610vq3228z
273	p. 1-B-111	https://image-tor.canadiana.ca/iiif/2/69429%2Fc02804x5d94s
274	p. 1-B-112	https://image-tor.canadiana.ca/iiif/2/69429%2Fc0xg9f47s069
275	p. 1-B-113	https://image-tor.canadiana.ca/iiif/2/69429%2Fc0sq8qc04741
276	p. 1-B-114	https://image-tor.canadiana.ca/iiif/2/69429%2Fc0nz80k2gg1f
277	p. 1-B-115	https://image-tor.canadiana.ca/iiif/2/69429%2Fc0j678s4tp9p
278	p. 1-B-116	https://image-tor.canadiana.ca/iiif/2/69429%2Fc0dj58d0133g
279	p. 1-B-117	https://image-tor.canadiana.ca/iiif/2/69429%2Fc08s4jm2cb0h
280	p. 1-B-118	https://image-tor.canadiana.ca/iiif/2/69429%2Fc0513tt4qj8r
281	p. 1-B-119	https://image-tor.canadiana.ca/iiif/2/69429%2Fc01834172s77
282	p. 1-B-120	https://image-tor.canadiana.ca/iiif/2/69429%2Fc0wh2d79fg7q
283	p. 1-B-121	https://image-tor.canadiana.ca/iiif/2/69429%2Fc0rr1pg1sq4c
284	p. 1-B-122	https://image-tor.canadiana.ca/iiif/2/69429%2Fc0n00zp44z3c
285	p. 1-B-123	https://image-tor.canadiana.ca/iiif/2/69429%2Fc0h98z89bb42
286	p. 1-B-124	https://image-tor.canadiana.ca/iiif/2/69429%2Fc0cj87h1pk13
287	p. 1-B-125	https://image-tor.canadiana.ca/iiif/2/69429%2Fc07s7hq41s8x
288	p. 1-B-126	https://image-tor.canadiana.ca/iiif/2/69429%2Fc0416sx6d18j
289	p. 1-B-127	https://image-tor.canadiana.ca/iiif/2/69429%2Fc0086348r85c
290	p. 1-B-128	https://image-tor.canadiana.ca/iiif/2/69429%2Fc0vh5cc13z7m
291	p. 1-B-129	https://image-tor.canadiana.ca/iiif/2/69429%2Fc0qr4nk3g65r
292	p. 1-B-130	https://image-tor.canadiana.ca/iiif/2/69429%2Fc0m32n58nk4m
293	p. 1-B-131	https://image-tor.canadiana.ca/iiif/2/69429%2Fc0gb1xd10t3x
294	p. 1-B-132	https://image-tor.canadiana.ca/iiif/2/69429%2Fc0bk16m3c21f
295	p. 1-B-133	https://image-tor.canadiana.ca/iiif/2/69429%2Fc06t0gt5q917
296	p. 1-B-134	https://image-tor.canadiana.ca/iiif/2/69429%2Fc0319s182h87
297	p. 1-B-135	https://image-tor.canadiana.ca/iiif/2/69429%2Fc0z89280f699
298	p. 1-B-136	https://image-tor.canadiana.ca/iiif/2/69429%2Fc0tm71v5mm1w
299	p. 1-B-137	https://image-tor.canadiana.ca/iiif/2/69429%2Fc0pv6b27zt97
300	p. 1-B-138	https://image-tor.canadiana.ca/iiif/2/69429%2Fc0k35m90b266
301	p. 1-B-139	https://image-tor.canadiana.ca/iiif/2/69429%2Fc0fb4wh2p94t
302	p. 1-B-140	https://image-tor.canadiana.ca/iiif/2/69429%2Fc09k45q51j3w
303	p. 1-B-141	https://image-tor.canadiana.ca/iiif/2/69429%2Fc05t3fx7cs1h
304	p. 1-B-142	https://image-tor.canadiana.ca/iiif/2/69429%2Fc0222r49r09p
305	p. 1-B-143	https://image-tor.canadiana.ca/iiif/2/69429%2Fc0xd0qr4xv12
306	p. 1-B-144	https://image-tor.canadiana.ca/iiif/2/69429%2Fc0sn00z79317
307	p. 1-B-145	https://image-tor.canadiana.ca/iiif/2/69429%2Fc0nv9959n98f
308	p. 1-B-146	https://image-tor.canadiana.ca/iiif/2/69429%2Fc0j38kd20j6g
309	p. 1-B-147	https://image-tor.canadiana.ca/iiif/2/69429%2Fc0db7vm4bs68
310	p. 1-B-148	https://image-tor.canadiana.ca/iiif/2/69429%2Fc08k74t6q12m
311	p. 1-B-149	https://image-tor.canadiana.ca/iiif/2/69429%2Fc04t6f192829
312	p. 1-B-150	https://image-tor.canadiana.ca/iiif/2/69429%2Fc0154dn47n3j
313	p. 1-B-151	https://image-tor.canadiana.ca/iiif/2/69429%2Fc0wd3pv6mb31
314	p. 1-B-152	https://image-tor.canadiana.ca/iiif/2/69429%2Fc0rn3028zk0v
315	p. 1-B-153	https://image-tor.canadiana.ca/iiif/2/69429%2Fc0mw28919s8w
316	p. 1-B-154	https://image-tor.canadiana.ca/iiif/2/69429%2Fc0h41jh3p18h
317	p. 1-B-155	https://image-tor.canadiana.ca/iiif/2/69429%2Fc0cc0tq61851
318	p. 1-B-156	https://image-tor.canadiana.ca/iiif/2/69429%2Fc07m03x8ch31
319	p. 1-B-157	https://image-tor.canadiana.ca/iiif/2/69429%2Fc03x83j3jw60
320	p. 1-B-158	https://image-tor.canadiana.ca/iiif/2/69429%2Fc0057cr5x451
321	p. 1-B-159	https://image-tor.canadiana.ca/iiif/2/69429%2Fc0vd6nz88t39
322	p. 1-B-160	https://image-tor.canadiana.ca/iiif/2/69429%2Fc0qn5z60n222
323	p. 1-B-161	https://image-tor.canadiana.ca/iiif/2/69429%2Fc0kw57d3090j
324	p. 1-B-162	https://image-tor.canadiana.ca/iiif/2/69429%2Fc0g44hm5bh8s
325	p. 1-B-163	https://image-tor.canadiana.ca/iiif/2/69429%2Fc0bc3st7pr5t
326	p. 1-B-164	https://image-tor.canadiana.ca/iiif/2/69429%2Fc06q1sf2w478
327	p. 1-B-165	https://image-tor.canadiana.ca/iiif/2/69429%2Fc02z12n57c6b
328	p. 1-B-166	https://image-tor.canadiana.ca/iiif/2/69429%2Fc0z60bv7m24z
329	p. 1-B-167	https://image-tor.canadiana.ca/iiif/2/69429%2Fc0td9n29z931
330	p. 1-B-168	https://image-tor.canadiana.ca/iiif/2/69429%2Fc0pn8x929j3x
331	p. 1-B-169	https://image-tor.canadiana.ca/iiif/2/69429%2Fc0jw86h4ns0b
332	p. 1-B-170	https://image-tor.canadiana.ca/iiif/2/69429%2Fc0f47gq7108k
333	p. 1-B-171	https://image-tor.canadiana.ca/iiif/2/69429%2Fc09g5gb26c9x
334	p. 1-B-172	https://image-tor.canadiana.ca/iiif/2/69429%2Fc05q4rj4jm7j
335	p. 1-B-173	https://image-tor.canadiana.ca/iiif/2/69429%2Fc01z41r6wv5j
336	p. 1-B-174	https://image-tor.canadiana.ca/iiif/2/69429%2Fc0x639z98j5t
337	p. 1-B-175	https://image-tor.canadiana.ca/iiif/2/69429%2Fc0sf2m61ms3g
338	p. 1-B-176	https://image-tor.canadiana.ca/iiif/2/69429%2Fc0np1wd40097
339	p. 1-B-177	https://image-tor.canadiana.ca/iiif/2/69429%2Fc0hx15m6b777
340	p. 1-B-178	https://image-tor.canadiana.ca/iiif/2/69429%2Fc0d79571hn2c
341	p. 1-B-179	https://image-tor.canadiana.ca/iiif/2/69429%2Fc08g8ff3vw00
342	p. 1-B-180	https://image-tor.canadiana.ca/iiif/2/69429%2Fc04q7qn6736r
343	p. 1-B-181	https://image-tor.canadiana.ca/iiif/2/69429%2Fc00z70v8kb6x
344	p. 1-B-182	https://image-tor.canadiana.ca/iiif/2/69429%2Fc0w66930z155
345	p. 1-B-183	https://image-tor.canadiana.ca/iiif/2/69429%2Fc0rf5k939838
346	p. 1-B-184	https://image-tor.canadiana.ca/iiif/2/69429%2Fc0mp4vh5nh09
347	p. 1-B-185	https://image-tor.canadiana.ca/iiif/2/69429%2Fc0h12v40tw34
348	p. 1-B-186	https://image-tor.canadiana.ca/iiif/2/69429%2Fc0c824b3642q
349	p. 1-B-187	https://image-tor.canadiana.ca/iiif/2/69429%2Fc07h1dj5jb8g
350	p. 1-B-188	https://image-tor.canadiana.ca/iiif/2/69429%2Fc03r0pr7wk7p
351	p. 1-B-189	https://image-tor.canadiana.ca/iiif/2/69429%2Fc00000007t5h
352	p. 1-B-190	https://image-tor.canadiana.ca/iiif/2/69429%2Fc0v69862mh5f
353	p. 1-B-191	https://image-tor.canadiana.ca/iiif/2/69429%2Fc0qf8jd4zr32
354	p. 1-B-192	https://image-tor.canadiana.ca/iiif/2/69429%2Fc0ks6j10544d
355	p. 1-B-193	https://image-tor.canadiana.ca/iiif/2/69429%2Fc0g15t72hc1r
356	p. 1-B-194	https://image-tor.canadiana.ca/iiif/2/69429%2Fc0b853f4vk92
357	p. 1-B-195	https://image-tor.canadiana.ca/iiif/2/69429%2Fc06h4cn76t8r
358	p. 1-B-196	https://image-tor.canadiana.ca/iiif/2/69429%2Fc02r3nv9k26w
359	p. 1-B-197	https://image-tor.canadiana.ca/iiif/2/69429%2Fc0z02z31xr5m
360	p. 1-B-198	https://image-tor.canadiana.ca/iiif/2/69429%2Fc0t727949046
361	p. 1-B-199	https://image-tor.canadiana.ca/iiif/2/69429%2Fc0pk06w9gc7p
362	p. 1-B-200	https://image-tor.canadiana.ca/iiif/2/69429%2Fc0js9h41tm46
363	p. 1-B-201	https://image-tor.canadiana.ca/iiif/2/69429%2Fc0f18sb45v11
364	p. 1-B-202	https://image-tor.canadiana.ca/iiif/2/69429%2Fc09882j6j31q
365	p. 1-B-203	https://image-tor.canadiana.ca/iiif/2/69429%2Fc05h7br8w982
366	p. 1-B-204	https://image-tor.canadiana.ca/iiif/2/69429%2Fc01r6n017j7s
367	p. 1-B-205	https://image-tor.canadiana.ca/iiif/2/69429%2Fc0x34mk6fd1j
368	p. 1-B-206	https://image-tor.canadiana.ca/iiif/2/69429%2Fc0sb3ws8sm9g
369	p. 1-B-207	https://image-tor.canadiana.ca/iiif/2/69429%2Fc0nk36114v70
370	p. 1-B-208	https://image-tor.canadiana.ca/iiif/2/69429%2Fc0ht2g73h354
371	p. 1-B-209	https://image-tor.canadiana.ca/iiif/2/69429%2Fc0d21rf5vb4n
372	p. 1-B-210	https://image-tor.canadiana.ca/iiif/2/69429%2Fc08911n86k24
373	p. 1-B-211	https://image-tor.canadiana.ca/iiif/2/69429%2Fc04j09w0jt0c
374	p. 1-B-212	https://image-tor.canadiana.ca/iiif/2/69429%2Fc00v89g5r596
375	p. 1-B-213	https://image-tor.canadiana.ca/iiif/2/69429%2Fc0w37kp83w1t
376	p. 1-B-214	https://image-tor.canadiana.ca/iiif/2/69429%2Fc0rb6vx0g389
377	p. 1-B-215	https://image-tor.canadiana.ca/iiif/2/69429%2Fc0mk6542tb6q
378	p. 1-B-216	https://image-tor.canadiana.ca/iiif/2/69429%2Fc0gt5fb55k5d
379	p. 1-B-217	https://image-tor.canadiana.ca/iiif/2/69429%2Fc0c24qj7ht3b
380	p. 1-B-218	https://image-tor.canadiana.ca/iiif/2/69429%2Fc07940r9w208
381	p. 1-C-1	https://image-tor.canadiana.ca/iiif/2/69429%2Fc03n20c52f38
382	p. 1-C-2	https://image-tor.canadiana.ca/iiif/2/69429%2Fc0zw18k7f44b
383	p. 1-C-3	https://image-tor.canadiana.ca/iiif/2/69429%2Fc0v40js9sc03
384	p. 1-C-4	https://image-tor.canadiana.ca/iiif/2/69429%2Fc0qb9v124k9k
385	p. 1-C-5	https://image-tor.canadiana.ca/iiif/2/69429%2Fc0kk9474gt9r
386	p. 1-C-6	https://image-tor.canadiana.ca/iiif/2/69429%2Fc0ft8df6v25q
387	p. 1-C-7	https://image-tor.canadiana.ca/iiif/2/69429%2Fc0b27pn9694q
388	p. 1-C-8	https://image-tor.canadiana.ca/iiif/2/69429%2Fc06d5p84cp6n
389	p. 1-C-9	https://image-tor.canadiana.ca/iiif/2/69429%2Fc02n4zg6qx48
390	p. 1-C-10	https://image-tor.canadiana.ca/iiif/2/69429%2Fc0xw47p93m31
391	p. 1-C-11	https://image-tor.canadiana.ca/iiif/2/69429%2Fc0t43hx1fv1k
392	p. 1-C-12	https://image-tor.canadiana.ca/iiif/2/69429%2Fc0pc2t43t30q
393	p. 1-C-13	https://image-tor.canadiana.ca/iiif/2/69429%2Fc0jm23b6598h
394	p. 1-C-14	https://image-tor.canadiana.ca/iiif/2/69429%2Fc0dv1cj8hj64
395	p. 1-C-15	https://image-tor.canadiana.ca/iiif/2/69429%2Fc0959c53px6n
396	p. 1-C-16	https://image-tor.canadiana.ca/iiif/2/69429%2Fc05d8nc6256f
397	p. 1-C-17	https://image-tor.canadiana.ca/iiif/2/69429%2Fc01n7xk8dd2w
398	p. 1-C-18	https://image-tor.canadiana.ca/iiif/2/69429%2Fc0ww76t0s33z
399	p. 1-C-19	https://image-tor.canadiana.ca/iiif/2/69429%2Fc0s46h134b2c
400	p. 1-C-20	https://image-tor.canadiana.ca/iiif/2/69429%2Fc0nc5s75gj9q
401	p. 1-C-21	https://image-tor.canadiana.ca/iiif/2/69429%2Fc0hm52f7ts64
402	p. 1-C-22	https://image-tor.canadiana.ca/iiif/2/69429%2Fc0cz3223160x
403	p. 1-C-23	https://image-tor.canadiana.ca/iiif/2/69429%2Fc0862b85cd85
404	p. 1-C-24	https://image-tor.canadiana.ca/iiif/2/69429%2Fc04f1mg7qn4m
405	p. 1-C-25	https://image-tor.canadiana.ca/iiif/2/69429%2Fc00p0wq02w3x
406	p. 1-C-26	https://image-tor.canadiana.ca/iiif/2/69429%2Fc0vx05x2fk4c
407	p. 1-C-27	https://image-tor.canadiana.ca/iiif/2/69429%2Fc0r49g44st00
408	p. 1-C-28	https://image-tor.canadiana.ca/iiif/2/69429%2Fc0mc8rb7519h
409	p. 1-C-29	https://image-tor.canadiana.ca/iiif/2/69429%2Fc0gq6qz2bf29
410	p. 1-C-30	https://image-tor.canadiana.ca/iiif/2/69429%2Fc0bz6154pp0q
411	p. 1-C-31	https://image-tor.canadiana.ca/iiif/2/69429%2Fc07659c71w7v
412	p. 1-C-32	https://image-tor.canadiana.ca/iiif/2/69429%2Fc03f4kk9d46k
413	p. 1-C-33	https://image-tor.canadiana.ca/iiif/2/69429%2Fc0zp3vt1rt5k
414	p. 1-C-34	https://image-tor.canadiana.ca/iiif/2/69429%2Fc0tx3514424k
415	p. 1-C-35	https://image-tor.canadiana.ca/iiif/2/69429%2Fc0q52f76g91x
416	p. 1-C-36	https://image-tor.canadiana.ca/iiif/2/69429%2Fc0kh0dv1np2v
417	p. 1-C-37	https://image-tor.canadiana.ca/iiif/2/69429%2Fc0fq9q240x1d
418	p. 1-C-38	https://image-tor.canadiana.ca/iiif/2/69429%2Fc09z9086c472
419	p. 1-C-39	https://image-tor.canadiana.ca/iiif/2/69429%2Fc06688g8qc75
420	p. 1-C-40	https://image-tor.canadiana.ca/iiif/2/69429%2Fc02f7jq12m5w
421	p. 1-C-41	https://image-tor.canadiana.ca/iiif/2/69429%2Fc0xp6tx3f95c
422	p. 1-C-42	https://image-tor.canadiana.ca/iiif/2/69429%2Fc0sx6445sj3s
423	p. 1-C-43	https://image-tor.canadiana.ca/iiif/2/69429%2Fc0p843r0zx5m
424	p. 1-C-44	https://image-tor.canadiana.ca/iiif/2/69429%2Fc0jh3cz3b537
425	p. 1-C-45	https://image-tor.canadiana.ca/iiif/2/69429%2Fc0dr2p55pd0p
426	p. 1-C-46	https://image-tor.canadiana.ca/iiif/2/69429%2Fc0901zc81m90
427	p. 1-C-47	https://image-tor.canadiana.ca/iiif/2/69429%2Fc05717m0cv7m
428	p. 1-C-48	https://image-tor.canadiana.ca/iiif/2/69429%2Fc01g0ht2r345
429	p. 1-C-49	https://image-tor.canadiana.ca/iiif/2/69429%2Fc0ws8hd7xx9v
430	p. 1-C-50	https://image-tor.canadiana.ca/iiif/2/69429%2Fc0s17sn09580
431	p. 1-C-51	https://image-tor.canadiana.ca/iiif/2/69429%2Fc0n872v2nd5d
432	p. 1-C-52	https://image-tor.canadiana.ca/iiif/2/69429%2Fc0hh6c250n2b
433	p. 1-C-53	https://image-tor.canadiana.ca/iiif/2/69429%2Fc0cr5n87bw24
434	p. 1-C-54	https://image-tor.canadiana.ca/iiif/2/69429%2Fc0804xg9q40k
435	p. 1-C-55	https://image-tor.canadiana.ca/iiif/2/69429%2Fc04746q22b80
436	p. 1-C-56	https://image-tor.canadiana.ca/iiif/2/69429%2Fc00k26977q9q
437	p. 1-C-57	https://image-tor.canadiana.ca/iiif/2/69429%2Fc0vt1gh9mf0g
438	p. 1-C-58	https://image-tor.canadiana.ca/iiif/2/69429%2Fc0r20rr1zn8b
439	p. 1-C-59	https://image-tor.canadiana.ca/iiif/2/69429%2Fc0m901z49w4n
440	p. 1-C-60	https://image-tor.canadiana.ca/iiif/2/69429%2Fc0gh9b56p44t
441	p. 1-C-61	https://image-tor.canadiana.ca/iiif/2/69429%2Fc0br8mc91c0r
442	p. 1-C-62	https://image-tor.canadiana.ca/iiif/2/69429%2Fc0707wm1ck96
443	p. 1-C-63	https://image-tor.canadiana.ca/iiif/2/69429%2Fc03b5w66k01q
444	p. 1-C-64	https://image-tor.canadiana.ca/iiif/2/69429%2Fc0zk55d8xp2n
445	p. 1-C-65	https://image-tor.canadiana.ca/iiif/2/69429%2Fc0tt4fn18w8h
446	p. 1-C-66	https://image-tor.canadiana.ca/iiif/2/69429%2Fc0q23qv3n46z
447	p. 1-C-67	https://image-tor.canadiana.ca/iiif/2/69429%2Fc0k931260c5f
448	p. 1-C-68	https://image-tor.canadiana.ca/iiif/2/69429%2Fc0fj2988bm32
449	p. 1-C-69	https://image-tor.canadiana.ca/iiif/2/69429%2Fc09s1kh0pv0q
450	p. 1-C-70	https://image-tor.canadiana.ca/iiif/2/69429%2Fc0639k35w73w
451	p. 1-C-71	https://image-tor.canadiana.ca/iiif/2/69429%2Fc02b8v987g35
452	p. 1-C-72	https://image-tor.canadiana.ca/iiif/2/69429%2Fc0xk84j0m51g
453	p. 1-C-73	https://image-tor.canadiana.ca/iiif/2/69429%2Fc0st7dr2zc8t
454	p. 1-C-74	https://image-tor.canadiana.ca/iiif/2/69429%2Fc0p26pz59m8d
455	p. 1-C-75	https://image-tor.canadiana.ca/iiif/2/69429%2Fc0j96057nv6t
456	p. 1-C-76	https://image-tor.canadiana.ca/iiif/2/69429%2Fc0dj58d01342
457	p. 1-C-77	https://image-tor.canadiana.ca/iiif/2/69429%2Fc08w38056g5s
458	p. 1-C-78	https://image-tor.canadiana.ca/iiif/2/69429%2Fc0542j67jq3q
459	p. 1-C-79	https://image-tor.canadiana.ca/iiif/2/69429%2Fc01c1td9wz0r
460	p. 1-C-80	https://image-tor.canadiana.ca/iiif/2/69429%2Fc0wm13n28n0q
461	p. 1-C-81	https://image-tor.canadiana.ca/iiif/2/69429%2Fc0rv0cv4mw0h
462	p. 1-C-82	https://image-tor.canadiana.ca/iiif/2/69429%2Fc0n29p27036f
463	p. 1-C-83	https://image-tor.canadiana.ca/iiif/2/69429%2Fc0h98z89bb5n
464	p. 1-C-84	https://image-tor.canadiana.ca/iiif/2/69429%2Fc0cn6xw4hq75
465	p. 1-C-85	https://image-tor.canadiana.ca/iiif/2/69429%2Fc07w6736vz5k
466	p. 1-C-86	https://image-tor.canadiana.ca/iiif/2/69429%2Fc0445h99762x
467	p. 1-C-87	https://image-tor.canadiana.ca/iiif/2/69429%2Fc00c4sj1kf05
468	p. 1-C-88	https://image-tor.canadiana.ca/iiif/2/69429%2Fc0vm42r3z401
469	p. 1-C-89	https://image-tor.canadiana.ca/iiif/2/69429%2Fc0qv3bz69b8f
470	p. 1-C-90	https://image-tor.canadiana.ca/iiif/2/69429%2Fc0m32n58nk56
471	p. 1-C-91	https://image-tor.canadiana.ca/iiif/2/69429%2Fc0gf0ms3tz9w
472	p. 1-C-92	https://image-tor.canadiana.ca/iiif/2/69429%2Fc0bn9x06668z
473	p. 1-C-93	https://image-tor.canadiana.ca/iiif/2/69429%2Fc06w9668jf4s
474	p. 1-C-94	https://image-tor.canadiana.ca/iiif/2/69429%2Fc0348gf0wp3x
475	p. 1-C-95	https://image-tor.canadiana.ca/iiif/2/69429%2Fc0zc7rn38c4g
476	p. 1-C-96	https://image-tor.canadiana.ca/iiif/2/69429%2Fc0tm71v5mm2g
477	p. 1-C-97	https://image-tor.canadiana.ca/iiif/2/69429%2Fc0pv6b27zv0h
478	p. 1-C-98	https://image-tor.canadiana.ca/iiif/2/69429%2Fc0k649p3571r
479	p. 1-C-99	https://image-tor.canadiana.ca/iiif/2/69429%2Fc0ff3kw5hf9p
480	p. 1-C-100	https://image-tor.canadiana.ca/iiif/2/69429%2Fc09p2w37vp64
481	p. 1-C-101	https://image-tor.canadiana.ca/iiif/2/69429%2Fc05x25b06x47
482	p. 1-C-102	https://image-tor.canadiana.ca/iiif/2/69429%2Fc0251fj2k538
483	p. 1-C-103	https://image-tor.canadiana.ca/iiif/2/69429%2Fc0xd0qr4xv2n
484	p. 1-C-104	https://image-tor.canadiana.ca/iiif/2/69429%2Fc0sn00z7932t
485	p. 1-C-105	https://image-tor.canadiana.ca/iiif/2/69429%2Fc0nz80k2gg21
486	p. 1-C-106	https://image-tor.canadiana.ca/iiif/2/69429%2Fc0j678s4tq0z
487	p. 1-C-107	https://image-tor.canadiana.ca/iiif/2/69429%2Fc0df6k075x76
488	p. 1-C-108	https://image-tor.canadiana.ca/iiif/2/69429%2Fc08p5v69j57h
489	p. 1-C-109	https://image-tor.canadiana.ca/iiif/2/69429%2Fc04x54f1wd54
490	p. 1-C-110	https://image-tor.canadiana.ca/iiif/2/69429%2Fc0154dn47n44
491	p. 1-C-111	https://image-tor.canadiana.ca/iiif/2/69429%2Fc0wh2d79fg89
492	p. 1-C-112	https://image-tor.canadiana.ca/iiif/2/69429%2Fc0rr1pg1sq5z
493	p. 1-C-113	https://image-tor.canadiana.ca/iiif/2/69429%2Fc0n00zp44z4z
494	p. 1-C-114	https://image-tor.canadiana.ca/iiif/2/69429%2Fc0h707w6h609
495	p. 1-C-115	https://image-tor.canadiana.ca/iiif/2/69429%2Fc0cf9j38vd9p
496	p. 1-C-116	https://image-tor.canadiana.ca/iiif/2/69429%2Fc07p8tb16n9k
497	p. 1-C-117	https://image-tor.canadiana.ca/iiif/2/69429%2Fc03x83j3jw7k
498	p. 1-C-118	https://image-tor.canadiana.ca/iiif/2/69429%2Fc0086348r86z
499	p. 1-C-119	https://image-tor.canadiana.ca/iiif/2/69429%2Fc0vh5cc13z86
500	p. 1-C-120	https://image-tor.canadiana.ca/iiif/2/69429%2Fc0qr4nk3g66b
501	p. 1-C-121	https://image-tor.canadiana.ca/iiif/2/69429%2Fc0m03xs5tf48
502	p. 1-C-122	https://image-tor.canadiana.ca/iiif/2/69429%2Fc0g737085p25
503	p. 1-C-123	https://image-tor.canadiana.ca/iiif/2/69429%2Fc0bg2h70hx10
504	p. 1-C-124	https://image-tor.canadiana.ca/iiif/2/69429%2Fc06q1sf2w48v
505	p. 1-C-125	https://image-tor.canadiana.ca/iiif/2/69429%2Fc0319s182h9t
506	p. 1-C-126	https://image-tor.canadiana.ca/iiif/2/69429%2Fc0z89280f70k
507	p. 1-C-127	https://image-tor.canadiana.ca/iiif/2/69429%2Fc0th8bg2sf6b
508	p. 1-C-128	https://image-tor.canadiana.ca/iiif/2/69429%2Fc0pr7mp54p3v
509	p. 1-C-129	https://image-tor.canadiana.ca/iiif/2/69429%2Fc0k06ww7gx3z
510	p. 1-C-130	https://image-tor.canadiana.ca/iiif/2/69429%2Fc0f76639v51w
511	p. 1-C-131	https://image-tor.canadiana.ca/iiif/2/69429%2Fc09g5gb26d06
512	p. 1-C-132	https://image-tor.canadiana.ca/iiif/2/69429%2Fc05t3fx7cs23
513	p. 1-C-133	https://image-tor.canadiana.ca/iiif/2/69429%2Fc0222r49r10z
514	p. 1-C-134	https://image-tor.canadiana.ca/iiif/2/69429%2Fc0x921c23q0d
515	p. 1-C-135	https://image-tor.canadiana.ca/iiif/2/69429%2Fc0sj19k4fx7r
516	p. 1-C-136	https://image-tor.canadiana.ca/iiif/2/69429%2Fc0ns0ks6t572
517	p. 1-C-137	https://image-tor.canadiana.ca/iiif/2/69429%2Fc0j09w095d5b
518	p. 1-C-138	https://image-tor.canadiana.ca/iiif/2/69429%2Fc0d79571hn3z
519	p. 1-C-139	https://image-tor.canadiana.ca/iiif/2/69429%2Fc08k74t6q136
520	p. 1-C-140	https://image-tor.canadiana.ca/iiif/2/69429%2Fc04t6f19283w
521	p. 1-C-141	https://image-tor.canadiana.ca/iiif/2/69429%2Fc0125q81dg9k
522	p. 1-C-142	https://image-tor.canadiana.ca/iiif/2/69429%2Fc0w950g3s59f
523	p. 1-C-143	https://image-tor.canadiana.ca/iiif/2/69429%2Fc0rj48p64d84
524	p. 1-C-144	https://image-tor.canadiana.ca/iiif/2/69429%2Fc0ms3jw8gn7b
525	p. 1-C-145	https://image-tor.canadiana.ca/iiif/2/69429%2Fc0h12v40tw4q
526	p. 1-C-146	https://image-tor.canadiana.ca/iiif/2/69429%2Fc0cc0tq6186m
527	p. 1-C-147	https://image-tor.canadiana.ca/iiif/2/69429%2Fc07m03x8ch4m
528	p. 1-C-148	https://image-tor.canadiana.ca/iiif/2/69429%2Fc03t9d50qr0j
529	p. 1-C-149	https://image-tor.canadiana.ca/iiif/2/69429%2Fc0028pc32z88
530	p. 1-C-150	https://image-tor.canadiana.ca/iiif/2/69429%2Fc0v97zk5fp0m
531	p. 1-C-151	https://image-tor.canadiana.ca/iiif/2/69429%2Fc0qj77s7sw6r
532	p. 1-C-152	https://image-tor.canadiana.ca/iiif/2/69429%2Fc0ks6j105450
533	p. 1-C-153	https://image-tor.canadiana.ca/iiif/2/69429%2Fc0g44hm5bh9c
534	p. 1-C-154	https://image-tor.canadiana.ca/iiif/2/69429%2Fc0bc3st7pr6d
535	p. 1-C-155	https://image-tor.canadiana.ca/iiif/2/69429%2Fc06m3320203v
536	p. 1-C-156	https://image-tor.canadiana.ca/iiif/2/69429%2Fc02v2c82d71g
537	p. 1-C-157	https://image-tor.canadiana.ca/iiif/2/69429%2Fc0z31ng4rx3x
538	p. 1-C-158	https://image-tor.canadiana.ca/iiif/2/69429%2Fc0tb0xp7450z
539	p. 1-C-159	https://image-tor.canadiana.ca/iiif/2/69429%2Fc0pk06w9gc88
540	p. 1-C-160	https://image-tor.canadiana.ca/iiif/2/69429%2Fc0jw86h4ns1x
541	p. 1-C-161	https://image-tor.canadiana.ca/iiif/2/69429%2Fc0f47gq71095
542	p. 1-C-162	https://image-tor.canadiana.ca/iiif/2/69429%2Fc09c6rx9c75m
543	p. 1-C-163	https://image-tor.canadiana.ca/iiif/2/69429%2Fc05m6251qg3n
544	p. 1-C-164	https://image-tor.canadiana.ca/iiif/2/69429%2Fc01v5bc42q1r
545	p. 1-C-165	https://image-tor.canadiana.ca/iiif/2/69429%2Fc0x34mk6fd24
546	p. 1-C-166	https://image-tor.canadiana.ca/iiif/2/69429%2Fc0sb3ws8sn0r
547	p. 1-C-167	https://image-tor.canadiana.ca/iiif/2/69429%2Fc0np1wd4010h
548	p. 1-C-168	https://image-tor.canadiana.ca/iiif/2/69429%2Fc0hx15m6b78t
549	p. 1-C-169	https://image-tor.canadiana.ca/iiif/2/69429%2Fc0d50ft8pg4k
550	p. 1-C-170	https://image-tor.canadiana.ca/iiif/2/69429%2Fc08c9r211q3r
551	p. 1-C-171	https://image-tor.canadiana.ca/iiif/2/69429%2Fc04m9183cz3x
552	p. 1-C-172	https://image-tor.canadiana.ca/iiif/2/69429%2Fc00v89g5r60g
553	p. 1-C-173	https://image-tor.canadiana.ca/iiif/2/69429%2Fc0w37kp83w2d
554	p. 1-C-174	https://image-tor.canadiana.ca/iiif/2/69429%2Fc0rf5k93984v
555	p. 1-C-175	https://image-tor.canadiana.ca/iiif/2/69429%2Fc0mp4vh5nh1w
556	p. 1-C-176	https://image-tor.canadiana.ca/iiif/2/69429%2Fc0gx44q80q83
557	p. 1-C-177	https://image-tor.canadiana.ca/iiif/2/69429%2Fc0c53dz0bz6n
558	p. 1-C-178	https://image-tor.canadiana.ca/iiif/2/69429%2Fc07d2q52q66c
559	p. 1-C-179	https://image-tor.canadiana.ca/iiif/2/69429%2Fc03n20c52f4v
560	p. 1-C-180	https://image-tor.canadiana.ca/iiif/2/69429%2Fc00000007t63
561	p. 1-C-181	https://image-tor.canadiana.ca/iiif/2/69429%2Fc0v69862mh61
562	p. 1-C-182	https://image-tor.canadiana.ca/iiif/2/69429%2Fc0qf8jd4zr4n
563	p. 1-C-183	https://image-tor.canadiana.ca/iiif/2/69429%2Fc0kp7tm7b003
564	p. 1-C-184	https://image-tor.canadiana.ca/iiif/2/69429%2Fc0fx73t9p708
565	p. 1-C-185	https://image-tor.canadiana.ca/iiif/2/69429%2Fc0b56d221f81
566	p. 1-C-186	https://image-tor.canadiana.ca/iiif/2/69429%2Fc06d5p84cp77
567	p. 1-C-187	https://image-tor.canadiana.ca/iiif/2/69429%2Fc02r3nv9k27g
568	p. 1-C-188	https://image-tor.canadiana.ca/iiif/2/69429%2Fc0z02z31xr66
569	p. 1-C-189	https://image-tor.canadiana.ca/iiif/2/69429%2Fc0t72794905s
570	p. 1-C-190	https://image-tor.canadiana.ca/iiif/2/69429%2Fc0pg1hh6n717
571	p. 1-C-191	https://image-tor.canadiana.ca/iiif/2/69429%2Fc0jq0sq90g0x
572	p. 1-C-192	https://image-tor.canadiana.ca/iiif/2/69429%2Fc0dz02z1bq0q
573	p. 1-C-193	https://image-tor.canadiana.ca/iiif/2/69429%2Fc0959c53px77
574	p. 1-C-194	https://image-tor.canadiana.ca/iiif/2/69429%2Fc05h7br8w99n
575	p. 1-C-195	https://image-tor.canadiana.ca/iiif/2/69429%2Fc01r6n017j8c
576	p. 1-C-196	https://image-tor.canadiana.ca/iiif/2/69429%2Fc0x05x63m77k
577	p. 1-C-197	https://image-tor.canadiana.ca/iiif/2/69429%2Fc0s756d5zg40
578	p. 1-C-198	https://image-tor.canadiana.ca/iiif/2/69429%2Fc0ng4gm89q48
579	p. 1-C-199	https://image-tor.canadiana.ca/iiif/2/69429%2Fc0hq3rv0nz33
580	p. 1-C-200	https://image-tor.canadiana.ca/iiif/2/69429%2Fc0cz3223161h
581	p. 1-C-201	https://image-tor.canadiana.ca/iiif/2/69429%2Fc08911n86k3q
582	p. 1-C-202	https://image-tor.canadiana.ca/iiif/2/69429%2Fc04j09w0jt1z
583	p. 1-C-203	https://image-tor.canadiana.ca/iiif/2/69429%2Fc00r9m32x18p
584	p. 1-C-204	https://image-tor.canadiana.ca/iiif/2/69429%2Fc0w08w958q68
585	p. 1-C-205	https://image-tor.canadiana.ca/iiif/2/69429%2Fc0r785h7mz6f
586	p. 1-C-206	https://image-tor.canadiana.ca/iiif/2/69429%2Fc0mg7fr0064p
587	p. 1-C-207	https://image-tor.canadiana.ca/iiif/2/69429%2Fc0gq6qz2bf3w
588	p. 1-C-208	https://image-tor.canadiana.ca/iiif/2/69429%2Fc0c24qj7ht4x
589	p. 1-C-209	https://image-tor.canadiana.ca/iiif/2/69429%2Fc07940r9w21v
590	p. 1-C-210	https://image-tor.canadiana.ca/iiif/2/69429%2Fc03j39027899
591	p. 1-C-211	https://image-tor.canadiana.ca/iiif/2/69429%2Fc0zs2k64kz8p
592	p. 1-C-212	https://image-tor.canadiana.ca/iiif/2/69429%2Fc0v11vd6z67q
593	p. 1-C-213	https://image-tor.canadiana.ca/iiif/2/69429%2Fc0q814m99f6s
594	p. 1-C-214	https://image-tor.canadiana.ca/iiif/2/69429%2Fc0kh0dv1np3f
595	p. 1-C-215	https://image-tor.canadiana.ca/iiif/2/69429%2Fc0ft8df6v269
596	p. 1-C-216	https://image-tor.canadiana.ca/iiif/2/69429%2Fc0b27pn96959
597	p. 1-C-217	https://image-tor.canadiana.ca/iiif/2/69429%2Fc0696zw1jj1c
598	p. 1-C-218	https://image-tor.canadiana.ca/iiif/2/69429%2Fc02j6833wr8h
599	p. 1-C-219	https://image-tor.canadiana.ca/iiif/2/69429%2Fc0xs5j968g0b
600	p. 1-C-220	https://image-tor.canadiana.ca/iiif/2/69429%2Fc0t14th8mp8k
601	p. 1-C-221	https://image-tor.canadiana.ca/iiif/2/69429%2Fc0p843r0zx66
602	p. 1-C-222	https://image-tor.canadiana.ca/iiif/2/69429%2Fc0jm23b65993
603	p. 1-C-223	https://image-tor.canadiana.ca/iiif/2/69429%2Fc0dv1cj8hj7q
604	p. 1-C-224	https://image-tor.canadiana.ca/iiif/2/69429%2Fc0930ns0vs4p
605	p. 1-C-225	https://image-tor.canadiana.ca/iiif/2/69429%2Fc0599z03711k
606	p. 1-C-226	https://image-tor.canadiana.ca/iiif/2/69429%2Fc01j9765k81r
607	p. 1-C-227	https://image-tor.canadiana.ca/iiif/2/69429%2Fc0ws8hd7xz04
608	p. 1-C-228	https://image-tor.canadiana.ca/iiif/2/69429%2Fc0s17sn0959k
609	p. 1-C-229	https://image-tor.canadiana.ca/iiif/2/69429%2Fc0nc5s75gk00
610	p. 1-C-230	https://image-tor.canadiana.ca/iiif/2/69429%2Fc0hm52f7ts7q
611	p. 1-C-231	https://image-tor.canadiana.ca/iiif/2/69429%2Fc0cv4bp0614c
612	p. 1-C-232	https://image-tor.canadiana.ca/iiif/2/69429%2Fc0833mw2j829
613	p. 1-C-233	https://image-tor.canadiana.ca/iiif/2/69429%2Fc04b2x34wh1x
614	p. 1-C-234	https://image-tor.canadiana.ca/iiif/2/69429%2Fc00k26977r00
615	p. 1-B [C]-235	https://image-tor.canadiana.ca/iiif/2/69429%2Fc0vt1gh9mf12
616	p. 1-C-236	https://image-tor.canadiana.ca/iiif/2/69429%2Fc0r49g44st1k
617	p. 1-C-237	https://image-tor.canadiana.ca/iiif/2/69429%2Fc0mc8rb7520s
618	p. 1-C-238	https://image-tor.canadiana.ca/iiif/2/69429%2Fc0gm81j9h86x
619	p. 1-C-239	https://image-tor.canadiana.ca/iiif/2/69429%2Fc0bv79s1vh5r
620	p. 1-C-240	https://image-tor.canadiana.ca/iiif/2/69429%2Fc0736m046r45
621	p. 1-C-241	https://image-tor.canadiana.ca/iiif/2/69429%2Fc03b5w66k029
622	p. 1-C-242	https://image-tor.canadiana.ca/iiif/2/69429%2Fc0zp3vt1rt65
623	p. 1-C-243	https://image-tor.canadiana.ca/iiif/2/69429%2Fc0tx35144255
624	p. 1-C-244	https://image-tor.canadiana.ca/iiif/2/69429%2Fc0q52f76g92h
625	p. 1-C-245	https://image-tor.canadiana.ca/iiif/2/69429%2Fc0kd1qf8th9v
626	p. 1-C-246	https://image-tor.canadiana.ca/iiif/2/69429%2Fc0fn10p15r7z
627	p. 1-C-247	https://image-tor.canadiana.ca/iiif/2/69429%2Fc09w08w3j078
628	p. 1-C-248	https://image-tor.canadiana.ca/iiif/2/69429%2Fc0639k35w74g
629	p. 1-C-249	https://image-tor.canadiana.ca/iiif/2/69429%2Fc02f7jq12m6g
630	p. 1-C-250	https://image-tor.canadiana.ca/iiif/2/69429%2Fc0xp6tx3f96z
631	p. 1-C-251	https://image-tor.canadiana.ca/iiif/2/69429%2Fc0sx6445sj4c
632	p. 1-C-252	https://image-tor.canadiana.ca/iiif/2/69429%2Fc0p55db84s16
633	p. 1-C-253	https://image-tor.canadiana.ca/iiif/2/69429%2Fc0jd4pk0h098
634	p. 1-C-254	https://image-tor.canadiana.ca/iiif/2/69429%2Fc0dn3zs2v77w
635	p. 1-C-255	https://image-tor.canadiana.ca/iiif/2/69429%2Fc08w38056g6c
636	p. 1-C-256	https://image-tor.canadiana.ca/iiif/2/69429%2Fc05717m0cv86
637	p. 1-C-257	https://image-tor.canadiana.ca/iiif/2/69429%2Fc01g0ht2r35r
638	p. 1-C-258	https://image-tor.canadiana.ca/iiif/2/69429%2Fc0wp9t153s52
639	p. 1-C-259	https://image-tor.canadiana.ca/iiif/2/69429%2Fc0rx9377g11d
640	p. 1-C-260	https://image-tor.canadiana.ca/iiif/2/69429%2Fc0n58cf9t81h
641	p. 1-C-261	https://image-tor.canadiana.ca/iiif/2/69429%2Fc0hd7np25h0t
642	p. 1-C-262	https://image-tor.canadiana.ca/iiif/2/69429%2Fc0cn6xw4hq8r
643	p. 1-C-263	https://image-tor.canadiana.ca/iiif/2/69429%2Fc0804xg9q415
644	p. 1-C-264	https://image-tor.canadiana.ca/iiif/2/69429%2Fc04746q22b9k
645	p. 1-C-265	https://image-tor.canadiana.ca/iiif/2/69429%2Fc00g3gx4dk6m
646	p. 1-C-266	https://image-tor.canadiana.ca/iiif/2/69429%2Fc0vq2s46s84b
647	p. 1-C-267	https://image-tor.canadiana.ca/iiif/2/69429%2Fc0qz22b94h3d
648	p. 1-C-268	https://image-tor.canadiana.ca/iiif/2/69429%2Fc0m61bk1gr34
649	p. 1-C-269	https://image-tor.canadiana.ca/iiif/2/69429%2Fc0gf0ms3v00p
650	p. 1-C-270	https://image-tor.canadiana.ca/iiif/2/69429%2Fc0br8mc91c1b
651	p. 1-C-271	https://image-tor.canadiana.ca/iiif/2/69429%2Fc0707wm1cm0g
652	p. 1-C-272	https://image-tor.canadiana.ca/iiif/2/69429%2Fc03775t3qt6m
653	p. 1-C-273	https://image-tor.canadiana.ca/iiif/2/69429%2Fc0zg6g163h5d
654	p. 1-C-274	https://image-tor.canadiana.ca/iiif/2/69429%2Fc0tq5r78fr56
655	p. 1-C-275	https://image-tor.canadiana.ca/iiif/2/69429%2Fc0pz51g0t03b
656	p. 1-C-276	https://image-tor.canadiana.ca/iiif/2/69429%2Fc0k649p3572b
657	p. 1-C-277	https://image-tor.canadiana.ca/iiif/2/69429%2Fc0fj2988bm4n
658	p. 1-C-278	https://image-tor.canadiana.ca/iiif/2/69429%2Fc09s1kh0pv19
659	p. 1-C-279	https://image-tor.canadiana.ca/iiif/2/69429%2Fc0610vq3229j
660	p. 1-C-280	https://image-tor.canadiana.ca/iiif/2/69429%2Fc02804x5d95c
661	p. 1-C-281	https://image-tor.canadiana.ca/iiif/2/69429%2Fc0xg9f47s07w
662	p. 1-C-282	https://image-tor.canadiana.ca/iiif/2/69429%2Fc0sq8qc0475m
663	p. 1-C-283	https://image-tor.canadiana.ca/iiif/2/69429%2Fc0nz80k2gg3m
664	p. 1-C-284	https://image-tor.canadiana.ca/iiif/2/69429%2Fc0j96057nv7d
665	p. 1-C-285	https://image-tor.canadiana.ca/iiif/2/69429%2Fc0dj58d0135n
666	p. 1-C-286	https://image-tor.canadiana.ca/iiif/2/69429%2Fc08s4jm2cb13
667	p. 1-C-287	https://image-tor.canadiana.ca/iiif/2/69429%2Fc0513tt4qj9b
668	p. 1-C-288	https://image-tor.canadiana.ca/iiif/2/69429%2Fc01834172s8t
669	p. 1-C-289	https://image-tor.canadiana.ca/iiif/2/69429%2Fc0wh2d79fg9w
670	p. 1-C-290	https://image-tor.canadiana.ca/iiif/2/69429%2Fc0rr1pg1sq6j
671	p. 1-C-291	https://image-tor.canadiana.ca/iiif/2/69429%2Fc0n29p270371
672	p. 1-C-292	https://image-tor.canadiana.ca/iiif/2/69429%2Fc0h98z89bb67
673	p. 1-C-293	https://image-tor.canadiana.ca/iiif/2/69429%2Fc0cj87h1pk2p
674	p. 1-C-294	https://image-tor.canadiana.ca/iiif/2/69429%2Fc07s7hq41s9h
675	p. 1-C-295	https://image-tor.canadiana.ca/iiif/2/69429%2Fc0416sx6d194
676	p. 1-C-296	https://image-tor.canadiana.ca/iiif/2/69429%2Fc0086348r87j
677	p. 1-C-297	https://image-tor.canadiana.ca/iiif/2/69429%2Fc0vh5cc13z9s
678	p. 1-C-298	https://image-tor.canadiana.ca/iiif/2/69429%2Fc0qv3bz69b91
679	p. 1-C-299	https://image-tor.canadiana.ca/iiif/2/69429%2Fc0m32n58nk6s
680	p. 1-C-300	https://image-tor.canadiana.ca/iiif/2/69429%2Fc0gb1xd10t4h
681	p. 1-C-301	https://image-tor.canadiana.ca/iiif/2/69429%2Fc0bk16m3c221
682	p. 1-C-302	https://image-tor.canadiana.ca/iiif/2/69429%2Fc06t0gt5q92t
683	p. 1-C-303	https://image-tor.canadiana.ca/iiif/2/69429%2Fc0319s182j03
684	p. 1-C-304	https://image-tor.canadiana.ca/iiif/2/69429%2Fc0zc7rn38c52
685	p. 1-C-305	https://image-tor.canadiana.ca/iiif/2/69429%2Fc0tm71v5mm32
686	p. 1-C-306	https://image-tor.canadiana.ca/iiif/2/69429%2Fc0pv6b27zv13
687	p. 1-D-1	https://image-tor.canadiana.ca/iiif/2/69429%2Fc0k35m90b27s
688	p. 1-D-2	https://image-tor.canadiana.ca/iiif/2/69429%2Fc0fb4wh2p95d
689	p. 1-D-3	https://image-tor.canadiana.ca/iiif/2/69429%2Fc09k45q51j4g
690	p. 1-D-4	https://image-tor.canadiana.ca/iiif/2/69429%2Fc05t3fx7cs3p
691	p. 1-D-5	https://image-tor.canadiana.ca/iiif/2/69429%2Fc0251fj2k54v
692	p. 1-D-6	https://image-tor.canadiana.ca/iiif/2/69429%2Fc0xd0qr4xv37
693	p. 1-D-7	https://image-tor.canadiana.ca/iiif/2/69429%2Fc0sn00z7933d
694	p. 1-D-8	https://image-tor.canadiana.ca/iiif/2/69429%2Fc0nv9959n991
695	p. 1-D-9	https://image-tor.canadiana.ca/iiif/2/69429%2Fc0j38kd20j72
696	p. 1-D-10	https://image-tor.canadiana.ca/iiif/2/69429%2Fc0db7vm4bs7v
697	p. 1-D-11	https://image-tor.canadiana.ca/iiif/2/69429%2Fc08k74t6q14s
698	p. 1-D-12	https://image-tor.canadiana.ca/iiif/2/69429%2Fc04x54f1wd6q
699	p. 1-D-13	https://image-tor.canadiana.ca/iiif/2/69429%2Fc0154dn47n5q
700	p. 1-D-14	https://image-tor.canadiana.ca/iiif/2/69429%2Fc0wd3pv6mb4m
701	p. 1-D-15	https://image-tor.canadiana.ca/iiif/2/69429%2Fc0rn3028zk1f
702	p. 1-D-16	https://image-tor.canadiana.ca/iiif/2/69429%2Fc0mw28919s9g
703	p. 1-D-17	https://image-tor.canadiana.ca/iiif/2/69429%2Fc0h41jh3p193
704	p. 1-D-18	https://image-tor.canadiana.ca/iiif/2/69429%2Fc0cc0tq61876
705	p. 1-D-19	https://image-tor.canadiana.ca/iiif/2/69429%2Fc07p8tb16p0v
706	p. 1-D-20	https://image-tor.canadiana.ca/iiif/2/69429%2Fc03x83j3jw85
707	p. 1-D-21	https://image-tor.canadiana.ca/iiif/2/69429%2Fc0057cr5x46m
708	p. 1-D-22	https://image-tor.canadiana.ca/iiif/2/69429%2Fc0vd6nz88t4w
709	p. 1-D-23	https://image-tor.canadiana.ca/iiif/2/69429%2Fc0qn5z60n23n
710	p. 1-D-24	https://image-tor.canadiana.ca/iiif/2/69429%2Fc0kw57d30914
711	p. 1-D-25	https://image-tor.canadiana.ca/iiif/2/69429%2Fc0g44hm5bj0n
712	p. 1-D-26	https://image-tor.canadiana.ca/iiif/2/69429%2Fc0bg2h70hx2k
713	p. 1-D-27	https://image-tor.canadiana.ca/iiif/2/69429%2Fc06q1sf2w49f
714	p. 1-D-28	https://image-tor.canadiana.ca/iiif/2/69429%2Fc02z12n57c7x
715	p. 1-D-29	https://image-tor.canadiana.ca/iiif/2/69429%2Fc0z60bv7m25j
716	p. 1-D-30	https://image-tor.canadiana.ca/iiif/2/69429%2Fc0td9n29z94m
717	p. 1-D-31	https://image-tor.canadiana.ca/iiif/2/69429%2Fc0pn8x929j4h
718	p. 1-D-32	https://image-tor.canadiana.ca/iiif/2/69429%2Fc0jw86h4ns2h
719	p. 1-D-33	https://image-tor.canadiana.ca/iiif/2/69429%2Fc0f76639v52g
720	p. 1-D-34	https://image-tor.canadiana.ca/iiif/2/69429%2Fc09g5gb26d1s
721	p. 1-D-35	https://image-tor.canadiana.ca/iiif/2/69429%2Fc05q4rj4jm84
722	p. 1-D-36	https://image-tor.canadiana.ca/iiif/2/69429%2Fc01z41r6wv64
723	p. 1-D-37	https://image-tor.canadiana.ca/iiif/2/69429%2Fc0x639z98j6d
724	p. 1-D-38	https://image-tor.canadiana.ca/iiif/2/69429%2Fc0sf2m61ms42
725	p. 1-D-39	https://image-tor.canadiana.ca/iiif/2/69429%2Fc0np1wd40113
726	p. 1-D-40	https://image-tor.canadiana.ca/iiif/2/69429%2Fc0j09w095d6x
727	p. 1-D-41	https://image-tor.canadiana.ca/iiif/2/69429%2Fc0d79571hn4j
728	p. 1-D-42	https://image-tor.canadiana.ca/iiif/2/69429%2Fc08g8ff3vw1k
729	p. 1-D-43	https://image-tor.canadiana.ca/iiif/2/69429%2Fc04q7qn6737b
730	p. 1-D-44	https://image-tor.canadiana.ca/iiif/2/69429%2Fc00z70v8kb7h
731	p. 1-D-45	https://image-tor.canadiana.ca/iiif/2/69429%2Fc0w66930z16r
732	p. 1-D-46	https://image-tor.canadiana.ca/iiif/2/69429%2Fc0rf5k93985f
733	p. 1-D-47	https://image-tor.canadiana.ca/iiif/2/69429%2Fc0ms3jw8gn8x
734	p. 1-D-48	https://image-tor.canadiana.ca/iiif/2/69429%2Fc0h12v40tw59
735	p. 1-D-49	https://image-tor.canadiana.ca/iiif/2/69429%2Fc0c824b36439
736	p. 1-D-50	https://image-tor.canadiana.ca/iiif/2/69429%2Fc07h1dj5jb92
737	p. 1-D-51	https://image-tor.canadiana.ca/iiif/2/69429%2Fc03r0pr7wk88
738	p. 1-D-52	https://image-tor.canadiana.ca/iiif/2/69429%2Fc00000007t7p
739	p. 1-D-53	https://image-tor.canadiana.ca/iiif/2/69429%2Fc0v69862mh7m
740	p. 1-D-54	https://image-tor.canadiana.ca/iiif/2/69429%2Fc0qj77s7sw7b
741	p. 1-D-55	https://image-tor.canadiana.ca/iiif/2/69429%2Fc0ks6j10546k
742	p. 1-D-56	https://image-tor.canadiana.ca/iiif/2/69429%2Fc0g15t72hc2b
743	p. 1-D-57	https://image-tor.canadiana.ca/iiif/2/69429%2Fc0b853f4vm0b
744	p. 1-D-58	https://image-tor.canadiana.ca/iiif/2/69429%2Fc06h4cn76t9b
745	p. 1-D-59	https://image-tor.canadiana.ca/iiif/2/69429%2Fc02r3nv9k282
746	p. 1-D-60	https://image-tor.canadiana.ca/iiif/2/69429%2Fc0z02z31xr7s
747	p. 1-D-61	https://image-tor.canadiana.ca/iiif/2/69429%2Fc0tb0xp7451j
748	p. 1-D-62	https://image-tor.canadiana.ca/iiif/2/69429%2Fc0pk06w9gc9v
749	p. 1-D-63	https://image-tor.canadiana.ca/iiif/2/69429%2Fc0js9h41tm5s
750	p. 1-D-64	https://image-tor.canadiana.ca/iiif/2/69429%2Fc0f18sb45v2m
751	p. 1-D-65	https://image-tor.canadiana.ca/iiif/2/69429%2Fc09882j6j329
752	p. 1-D-66	https://image-tor.canadiana.ca/iiif/2/69429%2Fc05h7br8wb0x
753	p. 1-D-67	https://image-tor.canadiana.ca/iiif/2/69429%2Fc01v5bc42q2b
754	p. 1-D-68	https://image-tor.canadiana.ca/iiif/2/69429%2Fc0x34mk6fd3q
755	p. 1-D-69	https://image-tor.canadiana.ca/iiif/2/69429%2Fc0sb3ws8sn1b
756	p. 1-D-70	https://image-tor.canadiana.ca/iiif/2/69429%2Fc0nk36114v8k
757	p. 1-D-71	https://image-tor.canadiana.ca/iiif/2/69429%2Fc0ht2g73h36q
758	p. 1-D-72	https://image-tor.canadiana.ca/iiif/2/69429%2Fc0d21rf5vb57
759	p. 1-D-73	https://image-tor.canadiana.ca/iiif/2/69429%2Fc08911n86k49
760	p. 1-D-74	https://image-tor.canadiana.ca/iiif/2/69429%2Fc04m9183cz4h
761	p. 1-D-75	https://image-tor.canadiana.ca/iiif/2/69429%2Fc00v89g5r612
762	p. 1-D-76	https://image-tor.canadiana.ca/iiif/2/69429%2Fc0w37kp83w30
763	p. 1-D-77	https://image-tor.canadiana.ca/iiif/2/69429%2Fc0rb6vx0g39w
764	p. 1-D-78	https://image-tor.canadiana.ca/iiif/2/69429%2Fc0mk6542tb79
765	p. 1-D-79	https://image-tor.canadiana.ca/iiif/2/69429%2Fc0gt5fb55k60
766	p. 1-D-80	https://image-tor.canadiana.ca/iiif/2/69429%2Fc0c24qj7ht5h
767	p. 1-D-81	https://image-tor.canadiana.ca/iiif/2/69429%2Fc07d2q52q67z
768	p. 1-D-82	https://image-tor.canadiana.ca/iiif/2/69429%2Fc03n20c52f5f
769	p. 1-D-83	https://image-tor.canadiana.ca/iiif/2/69429%2Fc0zw18k7f45x
770	p. 1-D-84	https://image-tor.canadiana.ca/iiif/2/69429%2Fc0v40js9sc1p
771	p. 1-D-85	https://image-tor.canadiana.ca/iiif/2/69429%2Fc0qb9v124m0v
772	p. 1-D-86	https://image-tor.canadiana.ca/iiif/2/69429%2Fc0kk9474gv01
773	p. 1-D-87	https://image-tor.canadiana.ca/iiif/2/69429%2Fc0ft8df6v27w
774	p. 1-D-88	https://image-tor.canadiana.ca/iiif/2/69429%2Fc0b56d221f9m
775	p. 1-D-89	https://image-tor.canadiana.ca/iiif/2/69429%2Fc06d5p84cp8t
776	p. 1-D-90	https://image-tor.canadiana.ca/iiif/2/69429%2Fc02n4zg6qx5v
777	p. 1-D-91	https://image-tor.canadiana.ca/iiif/2/69429%2Fc0xw47p93m4m
778	p. 1-D-92	https://image-tor.canadiana.ca/iiif/2/69429%2Fc0t43hx1fv25
779	p. 1-D-93	https://image-tor.canadiana.ca/iiif/2/69429%2Fc0pc2t43t319
780	p. 1-D-94	https://image-tor.canadiana.ca/iiif/2/69429%2Fc0jm23b65b0c
781	p. 1-D-95	https://image-tor.canadiana.ca/iiif/2/69429%2Fc0dz02z1bq19
782	p. 1-D-96	https://image-tor.canadiana.ca/iiif/2/69429%2Fc0959c53px8t
783	p. 1-D-97	https://image-tor.canadiana.ca/iiif/2/69429%2Fc05d8nc62571
784	p. 1-D-98	https://image-tor.canadiana.ca/iiif/2/69429%2Fc01n7xk8dd3g
785	p. 1-D-99	https://image-tor.canadiana.ca/iiif/2/69429%2Fc0ww76t0s34j
786	p. 1-D-100	https://image-tor.canadiana.ca/iiif/2/69429%2Fc0s46h134b3z
787	p. 1-D-101	https://image-tor.canadiana.ca/iiif/2/69429%2Fc0nc5s75gk1k
788	p. 1-D-102	https://image-tor.canadiana.ca/iiif/2/69429%2Fc0hq3rv0nz4p
789	p. 1-D-103	https://image-tor.canadiana.ca/iiif/2/69429%2Fc0cz32231623
790	p. 1-D-104	https://image-tor.canadiana.ca/iiif/2/69429%2Fc0862b85cd9r
791	p. 1-D-105	https://image-tor.canadiana.ca/iiif/2/69429%2Fc04f1mg7qn56
792	p. 1-D-106	https://image-tor.canadiana.ca/iiif/2/69429%2Fc00p0wq02w4h
793	p. 1-D-107	https://image-tor.canadiana.ca/iiif/2/69429%2Fc0vx05x2fk5z
794	p. 1-D-108	https://image-tor.canadiana.ca/iiif/2/69429%2Fc0r49g44st25
795	p. 1-D-109	https://image-tor.canadiana.ca/iiif/2/69429%2Fc0mg7fr00658
796	p. 1-D-110	https://image-tor.canadiana.ca/iiif/2/69429%2Fc0gq6qz2bf4g
797	p. 1-D-111	https://image-tor.canadiana.ca/iiif/2/69429%2Fc0bz6154pp19
798	p. 1-D-112	https://image-tor.canadiana.ca/iiif/2/69429%2Fc07659c71w8f
799	p. 1-D-113	https://image-tor.canadiana.ca/iiif/2/69429%2Fc03f4kk9d475
800	p. 1-D-114	https://image-tor.canadiana.ca/iiif/2/69429%2Fc0zp3vt1rt7r
801	p. 1-D-115	https://image-tor.canadiana.ca/iiif/2/69429%2Fc0tx3514426r
802	p. 1-D-116	https://image-tor.canadiana.ca/iiif/2/69429%2Fc0q814m99f7c
803	p. 1-D-117	https://image-tor.canadiana.ca/iiif/2/69429%2Fc0kh0dv1np41
804	p. 1-D-118	https://image-tor.canadiana.ca/iiif/2/69429%2Fc0fq9q240x20
805	p. 1-D-119	https://image-tor.canadiana.ca/iiif/2/69429%2Fc09z9086c48n
806	p. 1-D-120	https://image-tor.canadiana.ca/iiif/2/69429%2Fc06688g8qc8r
807	p. 1-D-121	https://image-tor.canadiana.ca/iiif/2/69429%2Fc02f7jq12m72
808	p. 1-D-122	https://image-tor.canadiana.ca/iiif/2/69429%2Fc0xp6tx3f97j
809	p. 1-D-123	https://image-tor.canadiana.ca/iiif/2/69429%2Fc0t14th8mp95
810	p. 1-D-124	https://image-tor.canadiana.ca/iiif/2/69429%2Fc0p843r0zx7s
811	p. 1-D-125	https://image-tor.canadiana.ca/iiif/2/69429%2Fc0jh3cz3b54t
812	p. 1-D-126	https://image-tor.canadiana.ca/iiif/2/69429%2Fc0dr2p55pd18
813	p. 1-D-127	https://image-tor.canadiana.ca/iiif/2/69429%2Fc0901zc81n08
814	p. 1-D-128	https://image-tor.canadiana.ca/iiif/2/69429%2Fc05717m0cv9s
815	p. 1-D-129	https://image-tor.canadiana.ca/iiif/2/69429%2Fc01j9765k82b
816	p. 1-D-130	https://image-tor.canadiana.ca/iiif/2/69429%2Fc0ws8hd7xz1q
817	p. 1-D-131	https://image-tor.canadiana.ca/iiif/2/69429%2Fc0s17sn0960v
818	p. 1-D-132	https://image-tor.canadiana.ca/iiif/2/69429%2Fc0n872v2nd60
819	p. 1-D-133	https://image-tor.canadiana.ca/iiif/2/69429%2Fc0hh6c250n3x
820	p. 1-D-134	https://image-tor.canadiana.ca/iiif/2/69429%2Fc0cr5n87bw3q
821	p. 1-D-135	https://image-tor.canadiana.ca/iiif/2/69429%2Fc0804xg9q42r
822	p. 1-D-136	https://image-tor.canadiana.ca/iiif/2/69429%2Fc04b2x34wh2h
823	p. 1-D-137	https://image-tor.canadiana.ca/iiif/2/69429%2Fc00k26977r1k
824	p. 1-D-138	https://image-tor.canadiana.ca/iiif/2/69429%2Fc0vt1gh9mf2n
825	p. 1-D-139	https://image-tor.canadiana.ca/iiif/2/69429%2Fc0r20rr1zn9x
826	p. 1-D-140	https://image-tor.canadiana.ca/iiif/2/69429%2Fc0m901z49w57
827	p. 1-D-141	https://image-tor.canadiana.ca/iiif/2/69429%2Fc0gh9b56p45d
828	p. 1-D-142	https://image-tor.canadiana.ca/iiif/2/69429%2Fc0br8mc91c2x
829	p. 1-D-143	https://image-tor.canadiana.ca/iiif/2/69429%2Fc0736m046r5r
830	p. 1-D-144	https://image-tor.canadiana.ca/iiif/2/69429%2Fc03b5w66k03w
831	p. 1-D-145	https://image-tor.canadiana.ca/iiif/2/69429%2Fc0zk55d8xp37
832	p. 1-D-146	https://image-tor.canadiana.ca/iiif/2/69429%2Fc0tt4fn18w93
833	p. 1-D-147	https://image-tor.canadiana.ca/iiif/2/69429%2Fc0q23qv3n47j
834	p. 1-D-148	https://image-tor.canadiana.ca/iiif/2/69429%2Fc0k931260c61
835	p. 1-D-149	https://image-tor.canadiana.ca/iiif/2/69429%2Fc0fj2988bm57
836	p. 1-D-150	https://image-tor.canadiana.ca/iiif/2/69429%2Fc09w08w3j08v
837	p. 1-D-151	https://image-tor.canadiana.ca/iiif/2/69429%2Fc0639k35w752
838	p. 1-D-152	https://image-tor.canadiana.ca/iiif/2/69429%2Fc02b8v987g4r
839	p. 1-D-153	https://image-tor.canadiana.ca/iiif/2/69429%2Fc0xk84j0m522
840	p. 1-D-154	https://image-tor.canadiana.ca/iiif/2/69429%2Fc0st7dr2zc9d
841	p. 1-D-155	https://image-tor.canadiana.ca/iiif/2/69429%2Fc0p26pz59m90
842	p. 1-D-156	https://image-tor.canadiana.ca/iiif/2/69429%2Fc0j96057nv80
843	p. 1-D-157	https://image-tor.canadiana.ca/iiif/2/69429%2Fc0dn3zs2v78g
844	p. 1-D-158	https://image-tor.canadiana.ca/iiif/2/69429%2Fc08w38056g7z
845	p. 1-D-159	https://image-tor.canadiana.ca/iiif/2/69429%2Fc0542j67jq49
846	p. 1-D-160	https://image-tor.canadiana.ca/iiif/2/69429%2Fc01c1td9wz1b
847	p. 1-D-161	https://image-tor.canadiana.ca/iiif/2/69429%2Fc0wm13n28n19
848	p. 1-D-162	https://image-tor.canadiana.ca/iiif/2/69429%2Fc0rv0cv4mw13
849	p. 1-D-163	https://image-tor.canadiana.ca/iiif/2/69429%2Fc0n29p27038m
850	p. 1-D-164	https://image-tor.canadiana.ca/iiif/2/69429%2Fc0hd7np25h1d
851	p. 1-D-165	https://image-tor.canadiana.ca/iiif/2/69429%2Fc0cn6xw4hq9b
852	p. 1-D-166	https://image-tor.canadiana.ca/iiif/2/69429%2Fc07w6736vz65
853	p. 1-D-167	https://image-tor.canadiana.ca/iiif/2/69429%2Fc0445h99763h
854	p. 1-D-168	https://image-tor.canadiana.ca/iiif/2/69429%2Fc00c4sj1kf1r
855	p. 1-D-169	https://image-tor.canadiana.ca/iiif/2/69429%2Fc0vm42r3z41m
856	p. 1-D-170	https://image-tor.canadiana.ca/iiif/2/69429%2Fc0qv3bz69c09
857	p. 1-D-171	https://image-tor.canadiana.ca/iiif/2/69429%2Fc0m61bk1gr4q
858	p. 1-D-172	https://image-tor.canadiana.ca/iiif/2/69429%2Fc0gf0ms3v018
859	p. 1-D-173	https://image-tor.canadiana.ca/iiif/2/69429%2Fc0bn9x06669j
860	p. 1-D-174	https://image-tor.canadiana.ca/iiif/2/69429%2Fc06w9668jf5c
861	p. 1-D-175	https://image-tor.canadiana.ca/iiif/2/69429%2Fc0348gf0wp4h
862	p. 1-D-176	https://image-tor.canadiana.ca/iiif/2/69429%2Fc0zc7rn38c6n
863	p. 1-D-177	https://image-tor.canadiana.ca/iiif/2/69429%2Fc0tm71v5mm4n
864	p. 1-D-178	https://image-tor.canadiana.ca/iiif/2/69429%2Fc0pz51g0t04x
865	p. 1-D-179	https://image-tor.canadiana.ca/iiif/2/69429%2Fc0k649p3573x
866	p. 1-D-180	https://image-tor.canadiana.ca/iiif/2/69429%2Fc0ff3kw5hg0z
867	p. 1-D-181	https://image-tor.canadiana.ca/iiif/2/69429%2Fc09p2w37vp7q
868	p. 1-D-182	https://image-tor.canadiana.ca/iiif/2/69429%2Fc05x25b06x5t
869	p. 1-D-183	https://image-tor.canadiana.ca/iiif/2/69429%2Fc0251fj2k55f
870	p. 1-D-184	https://image-tor.canadiana.ca/iiif/2/69429%2Fc0xd0qr4xv4t
871	p. 1-D-185	https://image-tor.canadiana.ca/iiif/2/69429%2Fc0sq8qc04766
872	p. 1-D-186	https://image-tor.canadiana.ca/iiif/2/69429%2Fc0nz80k2gg46
873	p. 1-D-187	https://image-tor.canadiana.ca/iiif/2/69429%2Fc0j678s4tq1j
874	p. 1-D-188	https://image-tor.canadiana.ca/iiif/2/69429%2Fc0df6k075x8s
875	p. 1-D-189	https://image-tor.canadiana.ca/iiif/2/69429%2Fc08p5v69j583
876	p. 1-D-190	https://image-tor.canadiana.ca/iiif/2/69429%2Fc04x54f1wd79
877	p. 1-D-191	https://image-tor.canadiana.ca/iiif/2/69429%2Fc01834172s9d
878	p. 1-D-192	https://image-tor.canadiana.ca/iiif/2/69429%2Fc0wh2d79fh05
879	p. 1-D-193	https://image-tor.canadiana.ca/iiif/2/69429%2Fc0rr1pg1sq74
880	p. 1-D-194	https://image-tor.canadiana.ca/iiif/2/69429%2Fc0n00zp44z5j
881	p. 1-D-195	https://image-tor.canadiana.ca/iiif/2/69429%2Fc0h707w6h61w
882	p. 1-D-196	https://image-tor.canadiana.ca/iiif/2/69429%2Fc0cf9j38vf0z
883	p. 1-D-197	https://image-tor.canadiana.ca/iiif/2/69429%2Fc07p8tb16p1f
884	p. 1-D-198	https://image-tor.canadiana.ca/iiif/2/69429%2Fc0416sx6d20d
885	p. 1-D-199	https://image-tor.canadiana.ca/iiif/2/69429%2Fc0086348r884
886	p. 1-D-200	https://image-tor.canadiana.ca/iiif/2/69429%2Fc0vh5cc1400k
887	p. 1-D-201	https://image-tor.canadiana.ca/iiif/2/69429%2Fc0qr4nk3g67x
888	p. 1-D-202	https://image-tor.canadiana.ca/iiif/2/69429%2Fc0m03xs5tf5v
889	p. 1-D-203	https://image-tor.canadiana.ca/iiif/2/69429%2Fc0g737085p3r
890	p. 1-D-204	https://image-tor.canadiana.ca/iiif/2/69429%2Fc0bg2h70hx35
891	p. 1-D-205	https://image-tor.canadiana.ca/iiif/2/69429%2Fc06t0gt5q93d
892	p. 1-D-206	https://image-tor.canadiana.ca/iiif/2/69429%2Fc0319s182j1p
893	p. 1-D-207	https://image-tor.canadiana.ca/iiif/2/69429%2Fc0z89280f715
894	p. 1-D-208	https://image-tor.canadiana.ca/iiif/2/69429%2Fc0th8bg2sf7x
895	p. 1-D-209	https://image-tor.canadiana.ca/iiif/2/69429%2Fc0pr7mp54p4f
896	p. 1-D-210	https://image-tor.canadiana.ca/iiif/2/69429%2Fc0k06ww7gx4j
897	p. 1-D-211	https://image-tor.canadiana.ca/iiif/2/69429%2Fc0f76639v532
898	p. 1-D-212	https://image-tor.canadiana.ca/iiif/2/69429%2Fc09k45q51j52
899	p. 1-D-213	https://image-tor.canadiana.ca/iiif/2/69429%2Fc05t3fx7cs48
900	p. 1-D-214	https://image-tor.canadiana.ca/iiif/2/69429%2Fc0222r49r11j
901	p. 1-D-215	https://image-tor.canadiana.ca/iiif/2/69429%2Fc0x921c23q10
902	p. 1-D-216	https://image-tor.canadiana.ca/iiif/2/69429%2Fc0sj19k4fx8b
903	p. 1-D-217	https://image-tor.canadiana.ca/iiif/2/69429%2Fc0ns0ks6t58n
904	p. 1-D-218	https://image-tor.canadiana.ca/iiif/2/69429%2Fc0j09w095d7h
905	p. 1-D-219	https://image-tor.canadiana.ca/iiif/2/69429%2Fc0db7vm4bs8f
906	p. 1-D-220	https://image-tor.canadiana.ca/iiif/2/69429%2Fc08k74t6q15c
907	p. 1-D-221	https://image-tor.canadiana.ca/iiif/2/69429%2Fc04t6f19284g
908	p. 1-D-222	https://image-tor.canadiana.ca/iiif/2/69429%2Fc0125q81dh0v
909	p. 1-D-223	https://image-tor.canadiana.ca/iiif/2/69429%2Fc0w950g3s60q
910	p. 1-D-224	https://image-tor.canadiana.ca/iiif/2/69429%2Fc0rj48p64d9q
911	p. 1-D-225	https://image-tor.canadiana.ca/iiif/2/69429%2Fc0ms3jw8gn9h
912	p. 1-D-226	https://image-tor.canadiana.ca/iiif/2/69429%2Fc0h41jh3p20c
913	p. 1-D-227	https://image-tor.canadiana.ca/iiif/2/69429%2Fc0cc0tq6188s
914	p. 1-D-228	https://image-tor.canadiana.ca/iiif/2/69429%2Fc07m03x8ch56
915	p. 1-D-229	https://image-tor.canadiana.ca/iiif/2/69429%2Fc03t9d50qr14
916	p. 1-D-230	https://image-tor.canadiana.ca/iiif/2/69429%2Fc0028pc32z9v
917	p. 1-D-231	https://image-tor.canadiana.ca/iiif/2/69429%2Fc0v97zk5fp16
918	p. 1-D-232	https://image-tor.canadiana.ca/iiif/2/69429%2Fc0qj77s7sw8x
919	p. 1-D-233	https://image-tor.canadiana.ca/iiif/2/69429%2Fc0kw57d3092q
920	p. 1-D-234	https://image-tor.canadiana.ca/iiif/2/69429%2Fc0g44hm5bj17
921	p. 1-D-235	https://image-tor.canadiana.ca/iiif/2/69429%2Fc0bc3st7pr70
922	p. 1-D-236	https://image-tor.canadiana.ca/iiif/2/69429%2Fc06m3320204f
923	p. 1-D-237	https://image-tor.canadiana.ca/iiif/2/69429%2Fc02v2c82d722
924	p. 1-D-238	https://image-tor.canadiana.ca/iiif/2/69429%2Fc0z31ng4rx4h
925	p. 1-D-239	https://image-tor.canadiana.ca/iiif/2/69429%2Fc0tb0xp74524
926	p. 1-D-240	https://image-tor.canadiana.ca/iiif/2/69429%2Fc0pn8x929j53
927	p. 1-D-241	https://image-tor.canadiana.ca/iiif/2/69429%2Fc0jw86h4ns33
928	p. 1-D-242	https://image-tor.canadiana.ca/iiif/2/69429%2Fc0f47gq7110f
929	p. 1-D-243	https://image-tor.canadiana.ca/iiif/2/69429%2Fc09c6rx9c766
930	p. 1-D-244	https://image-tor.canadiana.ca/iiif/2/69429%2Fc05m6251qg47
931	p. 1-D-245	https://image-tor.canadiana.ca/iiif/2/69429%2Fc01v5bc42q3x
932	p. 1-D-246	https://image-tor.canadiana.ca/iiif/2/69429%2Fc0x34mk6fd49
933	p. 1-D-247	https://image-tor.canadiana.ca/iiif/2/69429%2Fc0sf2m61ms5n
934	p. 1-D-248	https://image-tor.canadiana.ca/iiif/2/69429%2Fc0np1wd4012p
935	p. 1-D-249	https://image-tor.canadiana.ca/iiif/2/69429%2Fc0hx15m6b79d
936	p. 1-D-250	https://image-tor.canadiana.ca/iiif/2/69429%2Fc0d50ft8pg55
937	p. 1-D-251	https://image-tor.canadiana.ca/iiif/2/69429%2Fc08c9r211q4b
938	p. 1-D-252	https://image-tor.canadiana.ca/iiif/2/69429%2Fc04m9183cz53
939	p. 1-D-253	https://image-tor.canadiana.ca/iiif/2/69429%2Fc00v89g5r62n
940	p. 1-D-254	https://image-tor.canadiana.ca/iiif/2/69429%2Fc0w66930z17b
941	p. 1-D-255	https://image-tor.canadiana.ca/iiif/2/69429%2Fc0rf5k939861
942	p. 1-D-256	https://image-tor.canadiana.ca/iiif/2/69429%2Fc0mp4vh5nh2g
943	p. 1-D-257	https://image-tor.canadiana.ca/iiif/2/69429%2Fc0gx44q80q9p
944	p. 1-D-258	https://image-tor.canadiana.ca/iiif/2/69429%2Fc0c53dz0bz77
945	p. 1-D-259	https://image-tor.canadiana.ca/iiif/2/69429%2Fc07d2q52q68j
946	p. 1-D-260	https://image-tor.canadiana.ca/iiif/2/69429%2Fc03r0pr7wk9v
947	p. 1-D-261	https://image-tor.canadiana.ca/iiif/2/69429%2Fc00000007t88
948	p. 1-D-262	https://image-tor.canadiana.ca/iiif/2/69429%2Fc0v69862mh86
949	p. 1-D-263	https://image-tor.canadiana.ca/iiif/2/69429%2Fc0qf8jd4zr57
950	p. 1-D-264	https://image-tor.canadiana.ca/iiif/2/69429%2Fc0kp7tm7b01p
951	p. 1-D-265	https://image-tor.canadiana.ca/iiif/2/69429%2Fc0fx73t9p71v
952	p. 1-D-266	https://image-tor.canadiana.ca/iiif/2/69429%2Fc0b56d221g0w
953	p. 1-D-267	https://image-tor.canadiana.ca/iiif/2/69429%2Fc06h4cn76v0m
954	p. 1-D-268	https://image-tor.canadiana.ca/iiif/2/69429%2Fc02r3nv9k29n
955	p. 1-D-269	https://image-tor.canadiana.ca/iiif/2/69429%2Fc0z02z31xr8c
956	p. 1-D-270	https://image-tor.canadiana.ca/iiif/2/69429%2Fc0t72794906c
957	p. 1-D-271	https://image-tor.canadiana.ca/iiif/2/69429%2Fc0pg1hh6n72t
958	p. 1-D-272	https://image-tor.canadiana.ca/iiif/2/69429%2Fc0jq0sq90g1h
959	p. 1-D-273	https://image-tor.canadiana.ca/iiif/2/69429%2Fc0dz02z1bq2w
960	p. 1-D-274	https://image-tor.canadiana.ca/iiif/2/69429%2Fc09882j6j33w
961	p. 1-D-275	https://image-tor.canadiana.ca/iiif/2/69429%2Fc05h7br8wb1h
962	p. 1-D-276	https://image-tor.canadiana.ca/iiif/2/69429%2Fc01r6n017j9z
963	p. 1-D-277	https://image-tor.canadiana.ca/iiif/2/69429%2Fc0x05x63m785
964	p. 1-D-278	https://image-tor.canadiana.ca/iiif/2/69429%2Fc0s756d5zg5k
965	p. 1-D-279	https://image-tor.canadiana.ca/iiif/2/69429%2Fc0ng4gm89q5v
966	p. 1-D-280	https://image-tor.canadiana.ca/iiif/2/69429%2Fc0hq3rv0nz58
967	p. 1-D-281	https://image-tor.canadiana.ca/iiif/2/69429%2Fc0d21rf5vb6t
968	p. 1-D-282	https://image-tor.canadiana.ca/iiif/2/69429%2Fc08911n86k5w
969	p. 1-D-283	https://image-tor.canadiana.ca/iiif/2/69429%2Fc04j09w0jt2j
970	p. 1-D-284	https://image-tor.canadiana.ca/iiif/2/69429%2Fc00r9m32x198
971	p. 1-D-285	https://image-tor.canadiana.ca/iiif/2/69429%2Fc0w08w958q7v
972	p. 1-D-286	https://image-tor.canadiana.ca/iiif/2/69429%2Fc0r785h7mz71
973	p. 1-D-287	https://image-tor.canadiana.ca/iiif/2/69429%2Fc0mg7fr0066v
974	p. 1-D-288	https://image-tor.canadiana.ca/iiif/2/69429%2Fc0gt5fb55k7k
975	p. 1-D-289	https://image-tor.canadiana.ca/iiif/2/69429%2Fc0c24qj7ht63
976	p. 1-D-290	https://image-tor.canadiana.ca/iiif/2/69429%2Fc07940r9w22f
977	p. 1-D-291	https://image-tor.canadiana.ca/iiif/2/69429%2Fc03j3902790k
978	p. 1-D-292	https://image-tor.canadiana.ca/iiif/2/69429%2Fc0zs2k64kz98
979	p. 1-D-293	https://image-tor.canadiana.ca/iiif/2/69429%2Fc0v11vd6z689
980	p. 1-D-294	https://image-tor.canadiana.ca/iiif/2/69429%2Fc0q814m99f8z
981	p. 1-D-295	https://image-tor.canadiana.ca/iiif/2/69429%2Fc0kk9474gv1m
982	p. 1-D-296	https://image-tor.canadiana.ca/iiif/2/69429%2Fc0ft8df6v28g
983	p. 1-D-297	https://image-tor.canadiana.ca/iiif/2/69429%2Fc0b27pn9696w
984	p. 1-D-298	https://image-tor.canadiana.ca/iiif/2/69429%2Fc0696zw1jj2z
985	p. 1-D-299	https://image-tor.canadiana.ca/iiif/2/69429%2Fc02j6833wr93
986	p. 1-D-300	https://image-tor.canadiana.ca/iiif/2/69429%2Fc0xs5j968g1x
987	p. 1-D-301	https://image-tor.canadiana.ca/iiif/2/69429%2Fc0t14th8mq0f
988	p. 1-D-302	https://image-tor.canadiana.ca/iiif/2/69429%2Fc0pc2t43t32w
989	p. 1-D-303	https://image-tor.canadiana.ca/iiif/2/69429%2Fc0jm23b65b1z
990	p. 1-D-304	https://image-tor.canadiana.ca/iiif/2/69429%2Fc0dv1cj8hj89
991	p. 1-D-305	https://image-tor.canadiana.ca/iiif/2/69429%2Fc0930ns0vs58
992	p. 1-D-306	https://image-tor.canadiana.ca/iiif/2/69429%2Fc0599z037125
993	p. 1-D-307	https://image-tor.canadiana.ca/iiif/2/69429%2Fc01j9765k83x
994	p. 1-D-308	https://image-tor.canadiana.ca/iiif/2/69429%2Fc0ws8hd7xz29
995	p. 1-D-309	https://image-tor.canadiana.ca/iiif/2/69429%2Fc0s46h134b4j
996	p. 1-D-310	https://image-tor.canadiana.ca/iiif/2/69429%2Fc0nc5s75gk25
997	p. 1-D-311	https://image-tor.canadiana.ca/iiif/2/69429%2Fc0hm52f7ts89
998	p. 1-D-312	https://image-tor.canadiana.ca/iiif/2/69429%2Fc0cv4bp0615z
999	p. 1-D-313	https://image-tor.canadiana.ca/iiif/2/69429%2Fc0833mw2j83w
1000	p. 1-D-314	https://image-tor.canadiana.ca/iiif/2/69429%2Fc04b2x34wh33
1001	p. 1-D-315	https://image-tor.canadiana.ca/iiif/2/69429%2Fc00k26977r25
1002	p. 1-D-316	https://image-tor.canadiana.ca/iiif/2/69429%2Fc0vx05x2fk6j
1003	p. 1-D-317	https://image-tor.canadiana.ca/iiif/2/69429%2Fc0r49g44st3r
1004	p. 1-D-318	https://image-tor.canadiana.ca/iiif/2/69429%2Fc0mc8rb7521c
1005	p. 1-D-319	https://image-tor.canadiana.ca/iiif/2/69429%2Fc0gm81j9h87h
1006	p. 1-D-320	https://image-tor.canadiana.ca/iiif/2/69429%2Fc0bv79s1vh6b
1007	p. 1-D-321	https://image-tor.canadiana.ca/iiif/2/69429%2Fc0736m046r6b
1008	p. 1-D-322	https://image-tor.canadiana.ca/iiif/2/69429%2Fc03f4kk9d48r
1009	p. 1-D-323	https://image-tor.canadiana.ca/iiif/2/69429%2Fc0zp3vt1rt8b
1010	p. 1-D-324	https://image-tor.canadiana.ca/iiif/2/69429%2Fc0tx3514427b
1011	p. 1-D-325	https://image-tor.canadiana.ca/iiif/2/69429%2Fc0q52f76g933
1012	p. 1-D-326	https://image-tor.canadiana.ca/iiif/2/69429%2Fc0kd1qf8tj04
1013	p. 1-D-327	https://image-tor.canadiana.ca/iiif/2/69429%2Fc0fn10p15r8j
1014	p. 1-D-328	https://image-tor.canadiana.ca/iiif/2/69429%2Fc09w08w3j09f
1015	p. 1-D-329	https://image-tor.canadiana.ca/iiif/2/69429%2Fc06688g8qc9b
1016	p. 1-D-330	https://image-tor.canadiana.ca/iiif/2/69429%2Fc02f7jq12m8n
1017	p. 1-D-331	https://image-tor.canadiana.ca/iiif/2/69429%2Fc0xp6tx3f984
1018	p. 1-D-332	https://image-tor.canadiana.ca/iiif/2/69429%2Fc0sx6445sj5z
1019	p. 1-D-333	https://image-tor.canadiana.ca/iiif/2/69429%2Fc0p55db84s2s
1020	p. 1-D-334	https://image-tor.canadiana.ca/iiif/2/69429%2Fc0jd4pk0h10j
1021	p. 1-D-335	https://image-tor.canadiana.ca/iiif/2/69429%2Fc0dn3zs2v792
1022	p. 1-D-336	https://image-tor.canadiana.ca/iiif/2/69429%2Fc0901zc81n1v
1023	p. 1-D-337	https://image-tor.canadiana.ca/iiif/2/69429%2Fc05717m0cw02
1024	p. 1-D-338	https://image-tor.canadiana.ca/iiif/2/69429%2Fc01g0ht2r36b
1025	p. 1-D-339	https://image-tor.canadiana.ca/iiif/2/69429%2Fc0wp9t153s6n
1026	p. 1-D-340	https://image-tor.canadiana.ca/iiif/2/69429%2Fc0rx9377g120
1027	p. 1-D-341	https://image-tor.canadiana.ca/iiif/2/69429%2Fc0n58cf9t823
1028	p. 1-D-342	https://image-tor.canadiana.ca/iiif/2/69429%2Fc0hd7np25h20
1029	p. 1-D-343	https://image-tor.canadiana.ca/iiif/2/69429%2Fc0cr5n87bw49
1030	p. 1-D-344	https://image-tor.canadiana.ca/iiif/2/69429%2Fc0804xg9q43b
1031	p. 1-D-345	https://image-tor.canadiana.ca/iiif/2/69429%2Fc04746q22c0v
1032	p. 1-D-346	https://image-tor.canadiana.ca/iiif/2/69429%2Fc00g3gx4dk76
1033	p. 1-D-347	https://image-tor.canadiana.ca/iiif/2/69429%2Fc0vq2s46s85x
1034	p. 1-D-348	https://image-tor.canadiana.ca/iiif/2/69429%2Fc0qz22b94h40
1035	p. 1-D-349	https://image-tor.canadiana.ca/iiif/2/69429%2Fc0m61bk1gr59
1036	p. 1-E-1	https://image-tor.canadiana.ca/iiif/2/69429%2Fc0gh9b56p460
1037	p. 1-E-2	https://image-tor.canadiana.ca/iiif/2/69429%2Fc0br8mc91c3h
1038	p. 1-E-3	https://image-tor.canadiana.ca/iiif/2/69429%2Fc0707wm1cm12
1039	p. 1-E-4	https://image-tor.canadiana.ca/iiif/2/69429%2Fc03775t3qt76
1040	p. 1-E-5	https://image-tor.canadiana.ca/iiif/2/69429%2Fc0zg6g163h60
1041	p. 1-E-6	https://image-tor.canadiana.ca/iiif/2/69429%2Fc0tq5r78fr6s
1042	p. 1-E-7	https://image-tor.canadiana.ca/iiif/2/69429%2Fc0pz51g0t05h
1043	p. 1-E-8	https://image-tor.canadiana.ca/iiif/2/69429%2Fc0k931260c7m
1044	p. 1-E-9	https://image-tor.canadiana.ca/iiif/2/69429%2Fc0fj2988bm6t
1045	p. 1-E-10	https://image-tor.canadiana.ca/iiif/2/69429%2Fc09s1kh0pv2w
1046	p. 1-E-11	https://image-tor.canadiana.ca/iiif/2/69429%2Fc0610vq3230t
1047	p. 1-E-12	https://image-tor.canadiana.ca/iiif/2/69429%2Fc02804x5d96z
1048	p. 1-E-13	https://image-tor.canadiana.ca/iiif/2/69429%2Fc0xg9f47s08g
1049	p. 1-E-14	https://image-tor.canadiana.ca/iiif/2/69429%2Fc0sq8qc0477s
1050	p. 1-E-15	https://image-tor.canadiana.ca/iiif/2/69429%2Fc0p26pz59n08
1051	p. 1-E-16	https://image-tor.canadiana.ca/iiif/2/69429%2Fc0j96057nv9k
1052	p. 1-E-17	https://image-tor.canadiana.ca/iiif/2/69429%2Fc0dj58d01367
1053	p. 1-E-18	https://image-tor.canadiana.ca/iiif/2/69429%2Fc08s4jm2cb2p
1054	p. 1-E-19	https://image-tor.canadiana.ca/iiif/2/69429%2Fc0513tt4qk0m
1055	p. 1-E-20	https://image-tor.canadiana.ca/iiif/2/69429%2Fc01834172t0p
1056	p. 1-E-21	https://image-tor.canadiana.ca/iiif/2/69429%2Fc0wh2d79fh1r
1057	p. 1-E-22	https://image-tor.canadiana.ca/iiif/2/69429%2Fc0rv0cv4mw2p
1058	p. 1-E-23	https://image-tor.canadiana.ca/iiif/2/69429%2Fc0n29p270396
1059	p. 1-E-24	https://image-tor.canadiana.ca/iiif/2/69429%2Fc0h98z89bb7t
1060	p. 1-E-25	https://image-tor.canadiana.ca/iiif/2/69429%2Fc0cj87h1pk38
1061	p. 1-E-26	https://image-tor.canadiana.ca/iiif/2/69429%2Fc07s7hq41t0s
1062	p. 1-E-27	https://image-tor.canadiana.ca/iiif/2/69429%2Fc0416sx6d210
1063	p. 1-E-28	https://image-tor.canadiana.ca/iiif/2/69429%2Fc0086348r89q
1064	p. 1-E-29	https://image-tor.canadiana.ca/iiif/2/69429%2Fc0vm42r3z426
1065	p. 1-E-30	https://image-tor.canadiana.ca/iiif/2/69429%2Fc0qv3bz69c1w
1066	p. 1-E-31	https://image-tor.canadiana.ca/iiif/2/69429%2Fc0m32n58nk7c
1067	p. 1-E-32	https://image-tor.canadiana.ca/iiif/2/69429%2Fc0gb1xd10t53
1068	p. 1-E-33	https://image-tor.canadiana.ca/iiif/2/69429%2Fc0bk16m3c23m
1069	p. 1-E-34	https://image-tor.canadiana.ca/iiif/2/69429%2Fc06t0gt5q940
1070	p. 1-E-35	https://image-tor.canadiana.ca/iiif/2/69429%2Fc0348gf0wp53
1071	p. 1-E-36	https://image-tor.canadiana.ca/iiif/2/69429%2Fc0zc7rn38c77
1072	p. 1-E-37	https://image-tor.canadiana.ca/iiif/2/69429%2Fc0tm71v5mm57
1073	p. 1-E-38	https://image-tor.canadiana.ca/iiif/2/69429%2Fc0pv6b27zv2p
1074	p. 1-E-39	https://image-tor.canadiana.ca/iiif/2/69429%2Fc0k35m90b28c
1075	p. 1-E-40	https://image-tor.canadiana.ca/iiif/2/69429%2Fc0fb4wh2p960
1076	p. 1-E-41	https://image-tor.canadiana.ca/iiif/2/69429%2Fc09k45q51j6n
1077	p. 1-E-42	https://image-tor.canadiana.ca/iiif/2/69429%2Fc05x25b06x6d
1078	p. 1-E-43	https://image-tor.canadiana.ca/iiif/2/69429%2Fc0251fj2k561
1079	p. 1-E-44	https://image-tor.canadiana.ca/iiif/2/69429%2Fc0xd0qr4xv5d
1080	p. 1-E-45	https://image-tor.canadiana.ca/iiif/2/69429%2Fc0sn00z79340
1081	p. 1-E-46	https://image-tor.canadiana.ca/iiif/2/69429%2Fc0nv9959nb09
1082	p. 1-E-47	https://image-tor.canadiana.ca/iiif/2/69429%2Fc0j38kd20j8n
1083	p. 1-E-48	https://image-tor.canadiana.ca/iiif/2/69429%2Fc0db7vm4bs91
1084	p. 1-E-49	https://image-tor.canadiana.ca/iiif/2/69429%2Fc08p5v69j59p
1085	p. 1-E-50	https://image-tor.canadiana.ca/iiif/2/69429%2Fc04x54f1wd8w
1086	p. 1-E-51	https://image-tor.canadiana.ca/iiif/2/69429%2Fc0154dn47n69
1087	p. 1-E-52	https://image-tor.canadiana.ca/iiif/2/69429%2Fc0wd3pv6mb56
1088	p. 1-E-53	https://image-tor.canadiana.ca/iiif/2/69429%2Fc0rn3028zk21
1089	p. 1-E-54	https://image-tor.canadiana.ca/iiif/2/69429%2Fc0mw28919t0r
1090	p. 1-E-55	https://image-tor.canadiana.ca/iiif/2/69429%2Fc0h41jh3p21z
1091	p. 1-E-56	https://image-tor.canadiana.ca/iiif/2/69429%2Fc0cf9j38vf1j
1092	p. 1-E-57	https://image-tor.canadiana.ca/iiif/2/69429%2Fc07p8tb16p21
1093	p. 1-E-58	https://image-tor.canadiana.ca/iiif/2/69429%2Fc03x83j3jw9r
1094	p. 1-E-59	https://image-tor.canadiana.ca/iiif/2/69429%2Fc0057cr5x476
1095	p. 1-E-60	https://image-tor.canadiana.ca/iiif/2/69429%2Fc0vd6nz88t5g
1096	p. 1-E-61	https://image-tor.canadiana.ca/iiif/2/69429%2Fc0qn5z60n247
1097	p. 1-E-62	https://image-tor.canadiana.ca/iiif/2/69429%2Fc0kw57d30939
1098	p. 1-E-63	https://image-tor.canadiana.ca/iiif/2/69429%2Fc0g737085p4b
1099	p. 1-E-64	https://image-tor.canadiana.ca/iiif/2/69429%2Fc0bg2h70hx4r
1100	p. 1-E-65	https://image-tor.canadiana.ca/iiif/2/69429%2Fc06q1sf2w50q
1101	p. 1-E-66	https://image-tor.canadiana.ca/iiif/2/69429%2Fc02z12n57c8h
1102	p. 1-E-67	https://image-tor.canadiana.ca/iiif/2/69429%2Fc0z60bv7m264
1103	p. 1-E-68	https://image-tor.canadiana.ca/iiif/2/69429%2Fc0td9n29z956
1104	p. 1-E-69	https://image-tor.canadiana.ca/iiif/2/69429%2Fc0pn8x929j6p
1105	p. 1-E-70	https://image-tor.canadiana.ca/iiif/2/69429%2Fc0k06ww7gx54
1106	p. 1-E-71	https://image-tor.canadiana.ca/iiif/2/69429%2Fc0f76639v54n
1107	p. 1-E-72	https://image-tor.canadiana.ca/iiif/2/69429%2Fc09g5gb26d2c
1108	p. 1-E-73	https://image-tor.canadiana.ca/iiif/2/69429%2Fc05q4rj4jm9q
1109	p. 1-E-74	https://image-tor.canadiana.ca/iiif/2/69429%2Fc01z41r6wv7q
1110	p. 1-E-75	https://image-tor.canadiana.ca/iiif/2/69429%2Fc0x639z98j70
1111	p. 1-E-76	https://image-tor.canadiana.ca/iiif/2/69429%2Fc0sf2m61ms67
1112	p. 1-E-77	https://image-tor.canadiana.ca/iiif/2/69429%2Fc0ns0ks6t597
1113	p. 1-E-78	https://image-tor.canadiana.ca/iiif/2/69429%2Fc0j09w095d83
1114	p. 1-E-79	https://image-tor.canadiana.ca/iiif/2/69429%2Fc0d79571hn54
1115	p. 1-E-80	https://image-tor.canadiana.ca/iiif/2/69429%2Fc08g8ff3vw25
1116	p. 1-E-81	https://image-tor.canadiana.ca/iiif/2/69429%2Fc04q7qn6738x
1117	p. 1-E-82	https://image-tor.canadiana.ca/iiif/2/69429%2Fc00z70v8kb83
1118	p. 1-E-83	https://image-tor.canadiana.ca/iiif/2/69429%2Fc0w66930z18x
1119	p. 1-E-84	https://image-tor.canadiana.ca/iiif/2/69429%2Fc0rj48p64f00
1120	p. 1-E-85	https://image-tor.canadiana.ca/iiif/2/69429%2Fc0ms3jw8gp0s
1121	p. 1-E-86	https://image-tor.canadiana.ca/iiif/2/69429%2Fc0h12v40tw6w
1122	p. 1-E-87	https://image-tor.canadiana.ca/iiif/2/69429%2Fc0c824b3644w
1123	p. 1-E-88	https://image-tor.canadiana.ca/iiif/2/69429%2Fc07h1dj5jc0b
1124	p. 1-E-89	https://image-tor.canadiana.ca/iiif/2/69429%2Fc03r0pr7wm04
1125	p. 1-E-90	https://image-tor.canadiana.ca/iiif/2/69429%2Fc00000007t9v
1126	p. 1-E-91	https://image-tor.canadiana.ca/iiif/2/69429%2Fc0v97zk5fp2s
1127	p. 1-E-92	https://image-tor.canadiana.ca/iiif/2/69429%2Fc0qj77s7sw9h
1128	p. 1-E-93	https://image-tor.canadiana.ca/iiif/2/69429%2Fc0ks6j105475
1129	p. 1-E-94	https://image-tor.canadiana.ca/iiif/2/69429%2Fc0g15t72hc3x
1130	p. 1-E-95	https://image-tor.canadiana.ca/iiif/2/69429%2Fc0b853f4vm1x
1131	p. 1-E-96	https://image-tor.canadiana.ca/iiif/2/69429%2Fc06h4cn76v16
1132	p. 1-E-97	https://image-tor.canadiana.ca/iiif/2/69429%2Fc02r3nv9k30x
1133	p. 1-E-98	https://image-tor.canadiana.ca/iiif/2/69429%2Fc0z31ng4rx53
1134	p. 1-E-99	https://image-tor.canadiana.ca/iiif/2/69429%2Fc0tb0xp7453q
1135	p. 1-E-100	https://image-tor.canadiana.ca/iiif/2/69429%2Fc0pk06w9gd04
1136	p. 1-E-101	https://image-tor.canadiana.ca/iiif/2/69429%2Fc0js9h41tm6c
1137	p. 1-E-102	https://image-tor.canadiana.ca/iiif/2/69429%2Fc0f18sb45v36
1138	p. 1-E-103	https://image-tor.canadiana.ca/iiif/2/69429%2Fc09882j6j34g
1139	p. 1-E-104	https://image-tor.canadiana.ca/iiif/2/69429%2Fc05m6251qg5t
1140	p. 1-E-105	https://image-tor.canadiana.ca/iiif/2/69429%2Fc01v5bc42q4h
1141	p. 1-E-106	https://image-tor.canadiana.ca/iiif/2/69429%2Fc0x34mk6fd5w
1142	p. 1-E-107	https://image-tor.canadiana.ca/iiif/2/69429%2Fc0sb3ws8sn2x
1143	p. 1-E-108	https://image-tor.canadiana.ca/iiif/2/69429%2Fc0nk36114v95
1144	p. 1-E-109	https://image-tor.canadiana.ca/iiif/2/69429%2Fc0ht2g73h379
1145	p. 1-E-110	https://image-tor.canadiana.ca/iiif/2/69429%2Fc0d21rf5vb7d
1146	p. 1-E-111	https://image-tor.canadiana.ca/iiif/2/69429%2Fc08c9r211q5x
1147	p. 1-E-112	https://image-tor.canadiana.ca/iiif/2/69429%2Fc04m9183cz6p
1148	p. 1-E-113	https://image-tor.canadiana.ca/iiif/2/69429%2Fc00v89g5r637
1149	p. 1-E-114	https://image-tor.canadiana.ca/iiif/2/69429%2Fc0w37kp83w4k
1150	p. 1-E-115	https://image-tor.canadiana.ca/iiif/2/69429%2Fc0rb6vx0g405
1151	p. 1-E-116	https://image-tor.canadiana.ca/iiif/2/69429%2Fc0mk6542tb8w
1152	p. 1-E-117	https://image-tor.canadiana.ca/iiif/2/69429%2Fc0gt5fb55k85
1153	p. 1-E-118	https://image-tor.canadiana.ca/iiif/2/69429%2Fc0c53dz0bz8t
1154	p. 1-E-119	https://image-tor.canadiana.ca/iiif/2/69429%2Fc07d2q52q694
1155	p. 1-E-120	https://image-tor.canadiana.ca/iiif/2/69429%2Fc03n20c52f61
1156	p. 1-E-121	https://image-tor.canadiana.ca/iiif/2/69429%2Fc0zw18k7f46h
1157	p. 1-E-122	https://image-tor.canadiana.ca/iiif/2/69429%2Fc0v40js9sc28
1158	p. 1-E-123	https://image-tor.canadiana.ca/iiif/2/69429%2Fc0qb9v124m1f
1159	p. 1-E-124	https://image-tor.canadiana.ca/iiif/2/69429%2Fc0kk9474gv26
1160	p. 1-E-125	https://image-tor.canadiana.ca/iiif/2/69429%2Fc0fx73t9p72f
1161	p. 1-E-126	https://image-tor.canadiana.ca/iiif/2/69429%2Fc0b56d221g1g
1162	p. 1-E-127	https://image-tor.canadiana.ca/iiif/2/69429%2Fc06d5p84cp9d
1163	p. 1-E-128	https://image-tor.canadiana.ca/iiif/2/69429%2Fc02n4zg6qx6f
1164	p. 1-E-129	https://image-tor.canadiana.ca/iiif/2/69429%2Fc0xw47p93m56
1165	p. 1-E-130	https://image-tor.canadiana.ca/iiif/2/69429%2Fc0t43hx1fv3r
1166	p. 1-E-131	https://image-tor.canadiana.ca/iiif/2/69429%2Fc0pc2t43t33g
1167	p. 1-E-132	https://image-tor.canadiana.ca/iiif/2/69429%2Fc0jq0sq90g23
1168	p. 1-E-133	https://image-tor.canadiana.ca/iiif/2/69429%2Fc0dz02z1bq3g
1169	p. 1-E-134	https://image-tor.canadiana.ca/iiif/2/69429%2Fc0959c53px9d
1170	p. 1-E-135	https://image-tor.canadiana.ca/iiif/2/69429%2Fc05d8nc6258m
1171	p. 1-E-136	https://image-tor.canadiana.ca/iiif/2/69429%2Fc01n7xk8dd42
1172	p. 1-E-137	https://image-tor.canadiana.ca/iiif/2/69429%2Fc0ww76t0s354
1173	p. 1-E-138	https://image-tor.canadiana.ca/iiif/2/69429%2Fc0s46h134b54
1174	p. 1-E-139	https://image-tor.canadiana.ca/iiif/2/69429%2Fc0ng4gm89q6f
1175	p. 1-E-140	https://image-tor.canadiana.ca/iiif/2/69429%2Fc0hq3rv0nz6v
1176	p. 1-E-141	https://image-tor.canadiana.ca/iiif/2/69429%2Fc0cz3223163p
1177	p. 1-E-142	https://image-tor.canadiana.ca/iiif/2/69429%2Fc0862b85cf01
1178	p. 1-E-143	https://image-tor.canadiana.ca/iiif/2/69429%2Fc04f1mg7qn6s
1179	p. 1-E-144	https://image-tor.canadiana.ca/iiif/2/69429%2Fc00p0wq02w53
1180	p. 1-E-145	https://image-tor.canadiana.ca/iiif/2/69429%2Fc0vx05x2fk74
1181	p. 1-E-146	https://image-tor.canadiana.ca/iiif/2/69429%2Fc0r785h7mz8m
1182	p. 1-E-147	https://image-tor.canadiana.ca/iiif/2/69429%2Fc0mg7fr0067f
1183	p. 1-E-148	https://image-tor.canadiana.ca/iiif/2/69429%2Fc0gq6qz2bf52
1184	p. 1-E-149	https://image-tor.canadiana.ca/iiif/2/69429%2Fc0bz6154pp2w
1185	p. 1-E-150	https://image-tor.canadiana.ca/iiif/2/69429%2Fc07659c71w91
1186	p. 1-E-151	https://image-tor.canadiana.ca/iiif/2/69429%2Fc03f4kk9d49b
1187	p. 1-E-152	https://image-tor.canadiana.ca/iiif/2/69429%2Fc0zp3vt1rt9x
1188	p. 1-E-153	https://image-tor.canadiana.ca/iiif/2/69429%2Fc0v11vd6z69w
1189	p. 1-E-154	https://image-tor.canadiana.ca/iiif/2/69429%2Fc0q814m99f9j
1190	p. 1-E-155	https://image-tor.canadiana.ca/iiif/2/69429%2Fc0kh0dv1np5m
1191	unnumbered	https://image-tor.canadiana.ca/iiif/2/69429%2Fc0fq9q240x3k
1192	blank page	https://image-tor.canadiana.ca/iiif/2/69429%2Fc09z9086c497
1193	p. 1-F-3	https://image-tor.canadiana.ca/iiif/2/69429%2Fc06688g8qd0m
1194	p. 1-F-4	https://image-tor.canadiana.ca/iiif/2/69429%2Fc02f7jq12m97
1195	p. 1-F-5	https://image-tor.canadiana.ca/iiif/2/69429%2Fc0xs5j968g2h
1196	p. 1-F-6	https://image-tor.canadiana.ca/iiif/2/69429%2Fc0t14th8mq11
1197	p. 1-F-7	https://image-tor.canadiana.ca/iiif/2/69429%2Fc0p843r0zx8c
1198	p. 1-F-8	https://image-tor.canadiana.ca/iiif/2/69429%2Fc0jh3cz3b55d
1199	p. 1-F-9	https://image-tor.canadiana.ca/iiif/2/69429%2Fc0dr2p55pd2v
1200	p. 1-F-10	https://image-tor.canadiana.ca/iiif/2/69429%2Fc0901zc81n2f
1201	p. 1-F-11	https://image-tor.canadiana.ca/iiif/2/69429%2Fc0599z03713r
1202	p. 1-F-12	https://image-tor.canadiana.ca/iiif/2/69429%2Fc01j9765k84h
1203	p. 1-F-13	https://image-tor.canadiana.ca/iiif/2/69429%2Fc0ws8hd7xz3w
1204	p. 1-F-14	https://image-tor.canadiana.ca/iiif/2/69429%2Fc0s17sn0961f
1205	p. 1-F-15	https://image-tor.canadiana.ca/iiif/2/69429%2Fc0n872v2nd7k
1206	p. 1-F-16	https://image-tor.canadiana.ca/iiif/2/69429%2Fc0hh6c250n4h
1207	p. 1-F-17	https://image-tor.canadiana.ca/iiif/2/69429%2Fc0cr5n87bw5w
1208	p. 1-F-18	https://image-tor.canadiana.ca/iiif/2/69429%2Fc0833mw2j84g
1209	p. 1-F-19	https://image-tor.canadiana.ca/iiif/2/69429%2Fc04b2x34wh4p
1210	p. 1-F-20	https://image-tor.canadiana.ca/iiif/2/69429%2Fc00k26977r3r
1211	p. 1-F-21	https://image-tor.canadiana.ca/iiif/2/69429%2Fc0vt1gh9mf37
1212	p. 1-F-22	https://image-tor.canadiana.ca/iiif/2/69429%2Fc0r20rr1zp06
1213	p. 1-F-23	https://image-tor.canadiana.ca/iiif/2/69429%2Fc0m901z49w6t
1214	p. 1-F-24	https://image-tor.canadiana.ca/iiif/2/69429%2Fc0gh9b56p47k
1215	p. 1-F-25	https://image-tor.canadiana.ca/iiif/2/69429%2Fc0bv79s1vh7x
1216	p. 1-F-26	https://image-tor.canadiana.ca/iiif/2/69429%2Fc0736m046r7x
1217	p. 1-F-27	https://image-tor.canadiana.ca/iiif/2/69429%2Fc03b5w66k04g
1218	p. 1-F-28	https://image-tor.canadiana.ca/iiif/2/69429%2Fc0zk55d8xp4t
1219	p. 1-F-29	https://image-tor.canadiana.ca/iiif/2/69429%2Fc0tt4fn18x0c
1220	p. 1-F-30	https://image-tor.canadiana.ca/iiif/2/69429%2Fc0q23qv3n484
1221	p. 1-F-31	https://image-tor.canadiana.ca/iiif/2/69429%2Fc0k931260c86
1222	p. 1-F-32	https://image-tor.canadiana.ca/iiif/2/69429%2Fc0fn10p15r94
1223	p. 1-F-33	https://image-tor.canadiana.ca/iiif/2/69429%2Fc09w08w3j10q
1224	p. 1-F-34	https://image-tor.canadiana.ca/iiif/2/69429%2Fc0639k35w76n
1225	p. 1-F-35	https://image-tor.canadiana.ca/iiif/2/69429%2Fc02b8v987g5b
1226	p. 1-F-36	https://image-tor.canadiana.ca/iiif/2/69429%2Fc0xk84j0m53n
1227	p. 1-F-37	https://image-tor.canadiana.ca/iiif/2/69429%2Fc0st7dr2zd0p
1228	p. 1-F-38	https://image-tor.canadiana.ca/iiif/2/69429%2Fc0p26pz59n1v
1229	p. 1-F-39	https://image-tor.canadiana.ca/iiif/2/69429%2Fc0jd4pk0h114
1230	p. 1-F-40	https://image-tor.canadiana.ca/iiif/2/69429%2Fc0dn3zs2v80b
1231	p. 1-F-41	https://image-tor.canadiana.ca/iiif/2/69429%2Fc08w38056g8j
1232	p. 1-F-42	https://image-tor.canadiana.ca/iiif/2/69429%2Fc0542j67jq5w
1233	p. 1-F-43	https://image-tor.canadiana.ca/iiif/2/69429%2Fc01c1td9wz2x
1234	p. 1-F-44	https://image-tor.canadiana.ca/iiif/2/69429%2Fc0wm13n28n2w
1235	p. 1-F-45	https://image-tor.canadiana.ca/iiif/2/69429%2Fc0rv0cv4mw38
1236	p. 1-F-46	https://image-tor.canadiana.ca/iiif/2/69429%2Fc0n58cf9t83p
1237	p. 1-F-47	https://image-tor.canadiana.ca/iiif/2/69429%2Fc0hd7np25h3k
1238	p. 1-F-48	https://image-tor.canadiana.ca/iiif/2/69429%2Fc0cn6xw4hr0m
1239	p. 1-F-49	https://image-tor.canadiana.ca/iiif/2/69429%2Fc07w6736vz7r
1240	p. 1-F-50	https://image-tor.canadiana.ca/iiif/2/69429%2Fc0445h997643
1241	p. 1-F-51	https://image-tor.canadiana.ca/iiif/2/69429%2Fc00c4sj1kf2b
1242	p. 1-F-52	https://image-tor.canadiana.ca/iiif/2/69429%2Fc0vm42r3z43s
1243	p. 1-F-53	https://image-tor.canadiana.ca/iiif/2/69429%2Fc0qz22b94h5k
1244	p. 1-F-54	https://image-tor.canadiana.ca/iiif/2/69429%2Fc0m61bk1gr6w
1245	p. 1-F-55	https://image-tor.canadiana.ca/iiif/2/69429%2Fc0gf0ms3v02v
1246	p. 1-F-56	https://image-tor.canadiana.ca/iiif/2/69429%2Fc0bn9x06670t
1247	p. 1-F-57	https://image-tor.canadiana.ca/iiif/2/69429%2Fc06w9668jf6z
1248	p. 1-F-58	https://image-tor.canadiana.ca/iiif/2/69429%2Fc0348gf0wp6p
1249	p. 1-F-59	https://image-tor.canadiana.ca/iiif/2/69429%2Fc0zc7rn38c8t
1250	p. 1-F-60	https://image-tor.canadiana.ca/iiif/2/69429%2Fc0tq5r78fr7c
1251	p. 1-F-61	https://image-tor.canadiana.ca/iiif/2/69429%2Fc0pz51g0t063
1252	p. 1-F-62	https://image-tor.canadiana.ca/iiif/2/69429%2Fc0k649p3574h
1253	p. 1-F-63	https://image-tor.canadiana.ca/iiif/2/69429%2Fc0ff3kw5hg1j
1254	p. 1-F-64	https://image-tor.canadiana.ca/iiif/2/69429%2Fc09p2w37vp89
1255	p. 1-F-65	https://image-tor.canadiana.ca/iiif/2/69429%2Fc05x25b06x70
1256	p. 1-F-66	https://image-tor.canadiana.ca/iiif/2/69429%2Fc0251fj2k57m
1257	p. 1-F-67	https://image-tor.canadiana.ca/iiif/2/69429%2Fc0xg9f47s092
1258	p. 1-F-68	https://image-tor.canadiana.ca/iiif/2/69429%2Fc0sq8qc0478c
1259	p. 1-F-69	https://image-tor.canadiana.ca/iiif/2/69429%2Fc0nz80k2gg5s
1260	p. 1-F-70	https://image-tor.canadiana.ca/iiif/2/69429%2Fc0j678s4tq24
1261	p. 1-F-71	https://image-tor.canadiana.ca/iiif/2/69429%2Fc0df6k075x9c
1262	p. 1-F-72	https://image-tor.canadiana.ca/iiif/2/69429%2Fc08p5v69j60z
1263	p. 1-F-73	https://image-tor.canadiana.ca/iiif/2/69429%2Fc0513tt4qk16
1264	p. 1-F-74	https://image-tor.canadiana.ca/iiif/2/69429%2Fc01834172t18
1265	p. 1-F-75	https://image-tor.canadiana.ca/iiif/2/69429%2Fc0wh2d79fh2b
1266	p. 1-F-76	https://image-tor.canadiana.ca/iiif/2/69429%2Fc0rr1pg1sq8q
1267	p. 1-F-77	https://image-tor.canadiana.ca/iiif/2/69429%2Fc0n00zp44z64
1268	p. 1-F-78	https://image-tor.canadiana.ca/iiif/2/69429%2Fc0h707w6h62g
1269	p. 1-F-79	https://image-tor.canadiana.ca/iiif/2/69429%2Fc0cf9j38vf24
1270	p. 1-F-80	https://image-tor.canadiana.ca/iiif/2/69429%2Fc07s7hq41t1c
1271	p. 1-F-81	https://image-tor.canadiana.ca/iiif/2/69429%2Fc0416sx6d22k
1272	p. 1-F-82	https://image-tor.canadiana.ca/iiif/2/69429%2Fc0086348r900
1273	p. 1-F-83	https://image-tor.canadiana.ca/iiif/2/69429%2Fc0vh5cc14015
1274	p. 1-F-84	https://image-tor.canadiana.ca/iiif/2/69429%2Fc0qr4nk3g68h
1275	p. 1-F-85	https://image-tor.canadiana.ca/iiif/2/69429%2Fc0m03xs5tf6f
1276	p. 1-F-86	https://image-tor.canadiana.ca/iiif/2/69429%2Fc0g737085p5x
1277	p. 1-F-87	https://image-tor.canadiana.ca/iiif/2/69429%2Fc0bk16m3c246
1278	p. 1-F-88	https://image-tor.canadiana.ca/iiif/2/69429%2Fc06t0gt5q95k
1279	p. 1-F-89	https://image-tor.canadiana.ca/iiif/2/69429%2Fc0319s182j28
1280	p. 1-F-90	https://image-tor.canadiana.ca/iiif/2/69429%2Fc0z89280f72r
1281	p. 1-F-91	https://image-tor.canadiana.ca/iiif/2/69429%2Fc0th8bg2sf8h
1282	p. 1-F-92	https://image-tor.canadiana.ca/iiif/2/69429%2Fc0pr7mp54p51
1283	p. 1-F-93	https://image-tor.canadiana.ca/iiif/2/69429%2Fc0k06ww7gx6q
1284	p. 1-F-94	https://image-tor.canadiana.ca/iiif/2/69429%2Fc0fb4wh2p97k
1285	p. 1-F-95	https://image-tor.canadiana.ca/iiif/2/69429%2Fc09k45q51j77
1286	p. 1-F-96	https://image-tor.canadiana.ca/iiif/2/69429%2Fc05t3fx7cs5v
1287	p. 1-F-97	https://image-tor.canadiana.ca/iiif/2/69429%2Fc0222r49r124
1288	p. 1-F-98	https://image-tor.canadiana.ca/iiif/2/69429%2Fc0x921c23q2k
1289	p. 1-F-99	https://image-tor.canadiana.ca/iiif/2/69429%2Fc0sj19k4fx9x
1290	p. 1-F-100	https://image-tor.canadiana.ca/iiif/2/69429%2Fc0ns0ks6t60h
1291	p. 1-F-101	https://image-tor.canadiana.ca/iiif/2/69429%2Fc0j38kd20j97
1292	p. 1-F-102	https://image-tor.canadiana.ca/iiif/2/69429%2Fc0db7vm4bt09
1293	p. 1-F-103	https://image-tor.canadiana.ca/iiif/2/69429%2Fc08k74t6q16z
1294	p. 1-F-104	https://image-tor.canadiana.ca/iiif/2/69429%2Fc04t6f192852
1295	p. 1-F-105	https://image-tor.canadiana.ca/iiif/2/69429%2Fc0125q81dh1f
1296	p. 1-F-106	https://image-tor.canadiana.ca/iiif/2/69429%2Fc0w950g3s619
1297	p. 1-F-107	https://image-tor.canadiana.ca/iiif/2/69429%2Fc0rj48p64f1k
1298	p. 1-F-108	https://image-tor.canadiana.ca/iiif/2/69429%2Fc0mw28919t1b
1299	p. 1-F-109	https://image-tor.canadiana.ca/iiif/2/69429%2Fc0h41jh3p22j
1300	p. 1-F-110	https://image-tor.canadiana.ca/iiif/2/69429%2Fc0cc0tq6189c
1301	p. 1-F-111	https://image-tor.canadiana.ca/iiif/2/69429%2Fc07m03x8ch6s
1302	p. 1-F-112	https://image-tor.canadiana.ca/iiif/2/69429%2Fc03t9d50qr2q
1303	p. 1-F-113	https://image-tor.canadiana.ca/iiif/2/69429%2Fc0028pc3300n
1304	p. 1-F-114	https://image-tor.canadiana.ca/iiif/2/69429%2Fc0v97zk5fp3c
1305	p. 1-F-115	https://image-tor.canadiana.ca/iiif/2/69429%2Fc0qn5z60n25t
1306	p. 1-F-116	https://image-tor.canadiana.ca/iiif/2/69429%2Fc0kw57d3094w
1307	p. 1-F-117	https://image-tor.canadiana.ca/iiif/2/69429%2Fc0g44hm5bj2t
1308	p. 1-F-118	https://image-tor.canadiana.ca/iiif/2/69429%2Fc0bc3st7pr8k
1309	p. 1-F-119	https://image-tor.canadiana.ca/iiif/2/69429%2Fc06m33202051
1310	p. 1-F-120	https://image-tor.canadiana.ca/iiif/2/69429%2Fc02v2c82d73n
1311	p. 1-F-121	https://image-tor.canadiana.ca/iiif/2/69429%2Fc0z31ng4rx6p
1312	p. 1-F-122	https://image-tor.canadiana.ca/iiif/2/69429%2Fc0td9n29z96s
1313	p. 1-F-123	https://image-tor.canadiana.ca/iiif/2/69429%2Fc0pn8x929j78
1314	p. 1-F-124	https://image-tor.canadiana.ca/iiif/2/69429%2Fc0jw86h4ns4p
1315	p. 1-F-125	https://image-tor.canadiana.ca/iiif/2/69429%2Fc0f47gq71111
1316	p. 1-F-126	https://image-tor.canadiana.ca/iiif/2/69429%2Fc09c6rx9c77s
1317	p. 1-F-127	https://image-tor.canadiana.ca/iiif/2/69429%2Fc05m6251qg6d
1318	p. 1-F-128	https://image-tor.canadiana.ca/iiif/2/69429%2Fc01v5bc42q53
1319	p. 1-F-129	https://image-tor.canadiana.ca/iiif/2/69429%2Fc0x639z98j8k
1320	p. 1-F-130	https://image-tor.canadiana.ca/iiif/2/69429%2Fc0sf2m61ms7t
1321	p. 1-F-131	https://image-tor.canadiana.ca/iiif/2/69429%2Fc0np1wd40138
1322	p. 1-F-132	https://image-tor.canadiana.ca/iiif/2/69429%2Fc0hx15m6b80p
1323	p. 1-F-133	https://image-tor.canadiana.ca/iiif/2/69429%2Fc0d50ft8pg6r
1324	p. 1-F-134	https://image-tor.canadiana.ca/iiif/2/69429%2Fc08c9r211q6h
1325	p. 1-F-135	https://image-tor.canadiana.ca/iiif/2/69429%2Fc04m9183cz78
1326	p. 1-F-136	https://image-tor.canadiana.ca/iiif/2/69429%2Fc00z70v8kb9p
1327	p. 1-F-137	https://image-tor.canadiana.ca/iiif/2/69429%2Fc0w66930z19h
1328	p. 1-F-138	https://image-tor.canadiana.ca/iiif/2/69429%2Fc0rf5k93987m
1329	p. 1-F-139	https://image-tor.canadiana.ca/iiif/2/69429%2Fc0mp4vh5nh32
1330	p. 1-F-140	https://image-tor.canadiana.ca/iiif/2/69429%2Fc0gx44q80r0z
1331	p. 1-F-141	https://image-tor.canadiana.ca/iiif/2/69429%2Fc0c53dz0bz9d
1332	p. 1-F-142	https://image-tor.canadiana.ca/iiif/2/69429%2Fc07h1dj5jc1x
1333	p. 1-F-143	https://image-tor.canadiana.ca/iiif/2/69429%2Fc03r0pr7wm1q
1334	p. 1-F-144	https://image-tor.canadiana.ca/iiif/2/69429%2Fc00000007v04
1335	p. 1-F-145	https://image-tor.canadiana.ca/iiif/2/69429%2Fc0v69862mh9s
1336	p. 1-F-146	https://image-tor.canadiana.ca/iiif/2/69429%2Fc0qf8jd4zr6t
1337	p. 1-F-147	https://image-tor.canadiana.ca/iiif/2/69429%2Fc0kp7tm7b028
1338	p. 1-F-148	https://image-tor.canadiana.ca/iiif/2/69429%2Fc0fx73t9p731
1339	p. 1-F-149	https://image-tor.canadiana.ca/iiif/2/69429%2Fc0b853f4vm2h
1340	p. 1-F-150	https://image-tor.canadiana.ca/iiif/2/69429%2Fc06h4cn76v2s
1341	p. 1-F-151	https://image-tor.canadiana.ca/iiif/2/69429%2Fc02r3nv9k31h
1342	p. 1-F-152	https://image-tor.canadiana.ca/iiif/2/69429%2Fc0z02z31xr9z
1343	p. 1-F-153	https://image-tor.canadiana.ca/iiif/2/69429%2Fc0t72794907z
1344	p. 1-F-154	https://image-tor.canadiana.ca/iiif/2/69429%2Fc0pg1hh6n73d
1345	p. 1-F-155	https://image-tor.canadiana.ca/iiif/2/69429%2Fc0jq0sq90g3p
1346	p. 1-F-156	https://image-tor.canadiana.ca/iiif/2/69429%2Fc0f18sb45v4s
1347	p. 1-F-157	https://image-tor.canadiana.ca/iiif/2/69429%2Fc09882j6j352
1348	p. 1-F-158	https://image-tor.canadiana.ca/iiif/2/69429%2Fc05h7br8wb23
1349	p. 1-F-159	https://image-tor.canadiana.ca/iiif/2/69429%2Fc01r6n017k07
1350	p. 1-F-160	https://image-tor.canadiana.ca/iiif/2/69429%2Fc0x05x63m79r
1351	p. 1-F-161	https://image-tor.canadiana.ca/iiif/2/69429%2Fc0s756d5zg65
1352	p. 1-F-162	https://image-tor.canadiana.ca/iiif/2/69429%2Fc0ng4gm89q71
1353	p. 1-F-163	https://image-tor.canadiana.ca/iiif/2/69429%2Fc0ht2g73h38w
1354	p. 1-F-164	https://image-tor.canadiana.ca/iiif/2/69429%2Fc0d21rf5vb80
1355	p. 1-F-165	https://image-tor.canadiana.ca/iiif/2/69429%2Fc08911n86k6g
1356	p. 1-F-166	https://image-tor.canadiana.ca/iiif/2/69429%2Fc04j09w0jt34
1357	p. 1-F-167	https://image-tor.canadiana.ca/iiif/2/69429%2Fc00r9m32x20j
1358	p. 1-F-168	https://image-tor.canadiana.ca/iiif/2/69429%2Fc0w08w958q8f
1359	p. 1-F-169	https://image-tor.canadiana.ca/iiif/2/69429%2Fc0r785h7mz96
1360	p. 1-F-170	https://image-tor.canadiana.ca/iiif/2/69429%2Fc0mk6542tb9g
1361	p. 1-F-171	https://image-tor.canadiana.ca/iiif/2/69429%2Fc0gt5fb55k9r
1362	p. 1-F-172	https://image-tor.canadiana.ca/iiif/2/69429%2Fc0c24qj7ht7p
1363	p. 1-F-173	https://image-tor.canadiana.ca/iiif/2/69429%2Fc07940r9w231
1364	p. 1-F-174	https://image-tor.canadiana.ca/iiif/2/69429%2Fc03j39027915
1365	p. 1-F-175	https://image-tor.canadiana.ca/iiif/2/69429%2Fc0zs2k64m002
1366	p. 1-F-176	https://image-tor.canadiana.ca/iiif/2/69429%2Fc0v11vd6z705
1367	p. 1-F-177	https://image-tor.canadiana.ca/iiif/2/69429%2Fc0qb9v124m21
1368	p. 1-F-178	https://image-tor.canadiana.ca/iiif/2/69429%2Fc0kk9474gv3s
1369	p. 1-F-179	https://image-tor.canadiana.ca/iiif/2/69429%2Fc0ft8df6v292
1370	p. 1-F-180	https://image-tor.canadiana.ca/iiif/2/69429%2Fc0b27pn9697g
1371	p. 1-F-181	https://image-tor.canadiana.ca/iiif/2/69429%2Fc0696zw1jj3j
1372	p. 1-F-182	https://image-tor.canadiana.ca/iiif/2/69429%2Fc02j6833ws0c
1373	p. 1-F-183	https://image-tor.canadiana.ca/iiif/2/69429%2Fc0xs5j968g33
1374	p. 1-F-184	https://image-tor.canadiana.ca/iiif/2/69429%2Fc0t43hx1fv4b
1375	p. 1-F-185	https://image-tor.canadiana.ca/iiif/2/69429%2Fc0pc2t43t342
1376	p. 1-F-186	https://image-tor.canadiana.ca/iiif/2/69429%2Fc0jm23b65b2j
1377	p. 1-F-187	https://image-tor.canadiana.ca/iiif/2/69429%2Fc0dv1cj8hj9w
1378	p. 1-F-188	https://image-tor.canadiana.ca/iiif/2/69429%2Fc0930ns0vs6v
1379	p. 1-F-189	https://image-tor.canadiana.ca/iiif/2/69429%2Fc0599z03714b
1380	p. 1-F-190	https://image-tor.canadiana.ca/iiif/2/69429%2Fc01j9765k853
1381	p. 1-F-191	https://image-tor.canadiana.ca/iiif/2/69429%2Fc0ww76t0s36q
1382	p. 1-F-192	https://image-tor.canadiana.ca/iiif/2/69429%2Fc0s46h134b6q
1383	p. 1-F-193	https://image-tor.canadiana.ca/iiif/2/69429%2Fc0nc5s75gk3r
1384	p. 1-F-194	https://image-tor.canadiana.ca/iiif/2/69429%2Fc0hm52f7ts9w
1385	p. 1-F-195	https://image-tor.canadiana.ca/iiif/2/69429%2Fc0cv4bp0616j
1386	p. 1-F-196	https://image-tor.canadiana.ca/iiif/2/69429%2Fc0833mw2j852
1387	p. 1-F-197	https://image-tor.canadiana.ca/iiif/2/69429%2Fc04b2x34wh58
1388	p. 1-F-198	https://image-tor.canadiana.ca/iiif/2/69429%2Fc00p0wq02w6p
1389	p. 1-F-199	https://image-tor.canadiana.ca/iiif/2/69429%2Fc0vx05x2fk8q
1390	p. 1-F-200	https://image-tor.canadiana.ca/iiif/2/69429%2Fc0r49g44st4b
1391	p. 1-F-201	https://image-tor.canadiana.ca/iiif/2/69429%2Fc0mc8rb7522z
1392	p. 1-F-202	https://image-tor.canadiana.ca/iiif/2/69429%2Fc0gm81j9h883
1393	p. 1-F-203	https://image-tor.canadiana.ca/iiif/2/69429%2Fc0bv79s1vh8h
1394	blank page	https://image-tor.canadiana.ca/iiif/2/69429%2Fc07659c71x09
1395	index (p. 1-F-205)	https://image-tor.canadiana.ca/iiif/2/69429%2Fc03f4kk9d50m
1396	p. 1-F-206	https://image-tor.canadiana.ca/iiif/2/69429%2Fc0zp3vt1rv06
1397	p. 1-F-207	https://image-tor.canadiana.ca/iiif/2/69429%2Fc0tx3514428x
1398	p. 1-F-208	https://image-tor.canadiana.ca/iiif/2/69429%2Fc0q52f76g94p
1399	p. 1-F-209	https://image-tor.canadiana.ca/iiif/2/69429%2Fc0kd1qf8tj1q
1400	p. 1-F-210	https://image-tor.canadiana.ca/iiif/2/69429%2Fc0fn10p15s0d
1401	p. 1-F-211	https://image-tor.canadiana.ca/iiif/2/69429%2Fc09z9086c50h
