1	technical data sheet	https://image-tor.canadiana.ca/iiif/2/69429%2Fc0jd4pk0h73m
2	title page	https://image-tor.canadiana.ca/iiif/2/69429%2Fc0dn3zs2vg2t
3	unnumbered	https://image-tor.canadiana.ca/iiif/2/69429%2Fc0901zc81v4x
4	index (p. 1)	https://image-tor.canadiana.ca/iiif/2/69429%2Fc05717m0d33n
5	p. 2	https://image-tor.canadiana.ca/iiif/2/69429%2Fc01g0ht2r99d
6	p. 3	https://image-tor.canadiana.ca/iiif/2/69429%2Fc0wp9t15410h
7	table of contents (p. 4)	https://image-tor.canadiana.ca/iiif/2/69429%2Fc0rx9377g76n
8	p. 5	https://image-tor.canadiana.ca/iiif/2/69429%2Fc0n58cf9tg7b
9	p. 6	https://image-tor.canadiana.ca/iiif/2/69429%2Fc0hh6c250v60
10	p. 7	https://image-tor.canadiana.ca/iiif/2/69429%2Fc0cr5n87c37w
11	p. 8	https://image-tor.canadiana.ca/iiif/2/69429%2Fc0804xg9qb6d
12	p. 9	https://image-tor.canadiana.ca/iiif/2/69429%2Fc04746q22k3x
13	p. 10	https://image-tor.canadiana.ca/iiif/2/69429%2Fc00g3gx4dt0z
14	p. 11	https://image-tor.canadiana.ca/iiif/2/69429%2Fc0vq2s46sg80
15	p. 12	https://image-tor.canadiana.ca/iiif/2/69429%2Fc0qz22b94q8n
16	p. 13	https://image-tor.canadiana.ca/iiif/2/69429%2Fc0m901z4b38t
17	p. 14	https://image-tor.canadiana.ca/iiif/2/69429%2Fc0gh9b56pb92
18	p. 15	https://image-tor.canadiana.ca/iiif/2/69429%2Fc0br8mc91k6k
19	p. 16	https://image-tor.canadiana.ca/iiif/2/69429%2Fc0707wm1ct44
20	p. 17	https://image-tor.canadiana.ca/iiif/2/69429%2Fc03775t3r212
21	p. 18	https://image-tor.canadiana.ca/iiif/2/69429%2Fc0zg6g163r0b
22	p. 19	https://image-tor.canadiana.ca/iiif/2/69429%2Fc0tq5r78g00n
23	unnumbered	https://image-tor.canadiana.ca/iiif/2/69429%2Fc0q23qv3nc2g
24	blank page	https://image-tor.canadiana.ca/iiif/2/69429%2Fc0k931260m2j
25	p. 1-A-3	https://image-tor.canadiana.ca/iiif/2/69429%2Fc0fj2988bv05
26	p. 1-A-4	https://image-tor.canadiana.ca/iiif/2/69429%2Fc09s1kh0q262
27	p. 1-A-5	https://image-tor.canadiana.ca/iiif/2/69429%2Fc0610vq3294g
28	p. 1-A-6	https://image-tor.canadiana.ca/iiif/2/69429%2Fc02804x5dj09
29	p. 1-A-7	https://image-tor.canadiana.ca/iiif/2/69429%2Fc0xg9f47s73d
30	p. 1-A-8	https://image-tor.canadiana.ca/iiif/2/69429%2Fc0st7dr2zm3r
31	p. 1-A-9	https://image-tor.canadiana.ca/iiif/2/69429%2Fc0p26pz59v4x
32	p. 1-A-10	https://image-tor.canadiana.ca/iiif/2/69429%2Fc0j96057p32v
33	p. 1-A-11	https://image-tor.canadiana.ca/iiif/2/69429%2Fc0dj58d01999
34	p. 1-A-12	https://image-tor.canadiana.ca/iiif/2/69429%2Fc08s4jm2cj6b
35	p. 1-A-13	https://image-tor.canadiana.ca/iiif/2/69429%2Fc0513tt4qs3p
36	p. 1-A-14	https://image-tor.canadiana.ca/iiif/2/69429%2Fc01834173138
37	p. 1-A-15	https://image-tor.canadiana.ca/iiif/2/69429%2Fc0wm13n28v5z
38	p. 1-A-16	https://image-tor.canadiana.ca/iiif/2/69429%2Fc0rv0cv4n36v
39	p. 1-A-17	https://image-tor.canadiana.ca/iiif/2/69429%2Fc0n29p270b2z
40	p. 1-A-18	https://image-tor.canadiana.ca/iiif/2/69429%2Fc0h98z89bk0k
41	p. 1-A-19	https://image-tor.canadiana.ca/iiif/2/69429%2Fc0cj87h1ps6b
42	p. 1-A-20	https://image-tor.canadiana.ca/iiif/2/69429%2Fc07s7hq4213c
43	p. 1-A-21	https://image-tor.canadiana.ca/iiif/2/69429%2Fc0416sx6d842
44	p. 1-A-22	https://image-tor.canadiana.ca/iiif/2/69429%2Fc00c4sj1kn60
45	p. 1-A-23	https://image-tor.canadiana.ca/iiif/2/69429%2Fc0vm42r3zb7f
46	p. 1-A-24	https://image-tor.canadiana.ca/iiif/2/69429%2Fc0qv3bz69k5j
47	p. 1-A-25	https://image-tor.canadiana.ca/iiif/2/69429%2Fc0m32n58nt1q
48	p. 1-A-26	https://image-tor.canadiana.ca/iiif/2/69429%2Fc0gb1xd11198
49	p. 1-A-27	https://image-tor.canadiana.ca/iiif/2/69429%2Fc0bk16m3c86p
50	p. 1-A-28	https://image-tor.canadiana.ca/iiif/2/69429%2Fc06t0gt5qh72
51	p. 1-A-29	https://image-tor.canadiana.ca/iiif/2/69429%2Fc0348gf0ww85
52	p. 1-A-30	https://image-tor.canadiana.ca/iiif/2/69429%2Fc0zc7rn38m00
53	p. 1-A-31	https://image-tor.canadiana.ca/iiif/2/69429%2Fc0tm71v5mt7q
54	p. 1-A-32	https://image-tor.canadiana.ca/iiif/2/69429%2Fc0pv6b280245
55	p. 1-A-33	https://image-tor.canadiana.ca/iiif/2/69429%2Fc0k35m90b90j
56	p. 1-A-34	https://image-tor.canadiana.ca/iiif/2/69429%2Fc0fb4wh2ph92
57	p. 1-A-35	https://image-tor.canadiana.ca/iiif/2/69429%2Fc09k45q51r9q
58	p. 1-A-36	https://image-tor.canadiana.ca/iiif/2/69429%2Fc05x25b07490
59	p. 1-A-37	https://image-tor.canadiana.ca/iiif/2/69429%2Fc0251fj2kc93
60	p. 1-A-38	https://image-tor.canadiana.ca/iiif/2/69429%2Fc0xd0qr4z27d
61	p. 1-A-39	https://image-tor.canadiana.ca/iiif/2/69429%2Fc0sn00z7996g
62	p. 1-A-40	https://image-tor.canadiana.ca/iiif/2/69429%2Fc0nv9959nj2s
63	p. 1-A-41	https://image-tor.canadiana.ca/iiif/2/69429%2Fc0j38kd20s1d
64	p. 1-A-42	https://image-tor.canadiana.ca/iiif/2/69429%2Fc0db7vm4c129
65	p. 1-A-43	https://image-tor.canadiana.ca/iiif/2/69429%2Fc08p5v69jd2f
66	p. 1-A-44	https://image-tor.canadiana.ca/iiif/2/69429%2Fc04x54f1wn1n
67	p. 1-A-45	https://image-tor.canadiana.ca/iiif/2/69429%2Fc0154dn47v9c
68	p. 1-A-46	https://image-tor.canadiana.ca/iiif/2/69429%2Fc0wd3pv6mj88
69	p. 1-A-47	https://image-tor.canadiana.ca/iiif/2/69429%2Fc0rn3028zs53
70	p. 1-A-48	https://image-tor.canadiana.ca/iiif/2/69429%2Fc0mw2891b14x
71	p. 1-A-49	https://image-tor.canadiana.ca/iiif/2/69429%2Fc0h707w6hd4z
72	p. 1-A-50	https://image-tor.canadiana.ca/iiif/2/69429%2Fc0cf9j38vn4m
73	p. 1-A-51	https://image-tor.canadiana.ca/iiif/2/69429%2Fc07p8tb16w53
74	p. 1-A-52	https://image-tor.canadiana.ca/iiif/2/69429%2Fc03x83j3k421
75	p. 1-A-53	https://image-tor.canadiana.ca/iiif/2/69429%2Fc0057cr5xc0z
76	p. 1-A-54	https://image-tor.canadiana.ca/iiif/2/69429%2Fc0vd6nz89182
77	p. 1-A-55	https://image-tor.canadiana.ca/iiif/2/69429%2Fc0qn5z60n88w
78	p. 1-A-56	https://image-tor.canadiana.ca/iiif/2/69429%2Fc0m03xs5tn8x
79	p. 1-A-57	https://image-tor.canadiana.ca/iiif/2/69429%2Fc0g737085w7d
80	p. 1-A-58	https://image-tor.canadiana.ca/iiif/2/69429%2Fc0bg2h70j47b
81	p. 1-A-59	https://image-tor.canadiana.ca/iiif/2/69429%2Fc06q1sf2wc3s
82	p. 1-A-60	https://image-tor.canadiana.ca/iiif/2/69429%2Fc02z12n57m18
83	p. 1-A-61	https://image-tor.canadiana.ca/iiif/2/69429%2Fc0z60bv7m896
84	p. 1-A-62	https://image-tor.canadiana.ca/iiif/2/69429%2Fc0td9n29zh9v
85	p. 1-A-63	https://image-tor.canadiana.ca/iiif/2/69429%2Fc0pr7mp54w83
86	p. 1-A-64	https://image-tor.canadiana.ca/iiif/2/69429%2Fc0k06ww7h499
87	p. 1-A-65	https://image-tor.canadiana.ca/iiif/2/69429%2Fc0f76639vc7q
88	p. 1-A-66	https://image-tor.canadiana.ca/iiif/2/69429%2Fc09g5gb26m5f
89	p. 1-A-67	https://image-tor.canadiana.ca/iiif/2/69429%2Fc05q4rj4jv2g
90	p. 1-A-68	https://image-tor.canadiana.ca/iiif/2/69429%2Fc01z41r6x300
91	p. 1-A-69	https://image-tor.canadiana.ca/iiif/2/69429%2Fc0x639z98s1b
92	p. 1-A-70	https://image-tor.canadiana.ca/iiif/2/69429%2Fc0sj19k4g526
93	p. 1-A-71	https://image-tor.canadiana.ca/iiif/2/69429%2Fc0ns0ks6td3k
94	p. 1-A-72	https://image-tor.canadiana.ca/iiif/2/69429%2Fc0j09w095n1v
95	p. 1-A-73	https://image-tor.canadiana.ca/iiif/2/69429%2Fc0d79571hv86
96	p. 1-A-74	https://image-tor.canadiana.ca/iiif/2/69429%2Fc08g8ff3w35r
97	p. 1-A-75	https://image-tor.canadiana.ca/iiif/2/69429%2Fc04q7qn67b1p
98	p. 1-A-76	https://image-tor.canadiana.ca/iiif/2/69429%2Fc00z70v8kk2f
99	p. 1-A-77	https://image-tor.canadiana.ca/iiif/2/69429%2Fc0w950g3sd4c
100	p. 1-A-78	https://image-tor.canadiana.ca/iiif/2/69429%2Fc0rj48p64n4n
101	p. 1-A-79	https://image-tor.canadiana.ca/iiif/2/69429%2Fc0ms3jw8gw3v
102	p. 1-A-80	https://image-tor.canadiana.ca/iiif/2/69429%2Fc0h12v40v39g
103	p. 1-A-81	https://image-tor.canadiana.ca/iiif/2/69429%2Fc0c824b36b7z
104	p. 1-A-82	https://image-tor.canadiana.ca/iiif/2/69429%2Fc07h1dj5jk3d
105	p. 1-A-83	https://image-tor.canadiana.ca/iiif/2/69429%2Fc03r0pr7wt36
106	p. 1-A-84	https://image-tor.canadiana.ca/iiif/2/69429%2Fc0028pc3363q
107	p. 1-A-85	https://image-tor.canadiana.ca/iiif/2/69429%2Fc0v97zk5fw6f
108	p. 1-A-86	https://image-tor.canadiana.ca/iiif/2/69429%2Fc0qj77s7t42s
109	p. 1-A-87	https://image-tor.canadiana.ca/iiif/2/69429%2Fc0ks6j105c0x
110	p. 1-A-88	https://image-tor.canadiana.ca/iiif/2/69429%2Fc0g15t72hk7k
111	p. 1-A-89	https://image-tor.canadiana.ca/iiif/2/69429%2Fc0b853f4vt5k
112	p. 1-B-1	https://image-tor.canadiana.ca/iiif/2/69429%2Fc06h4cn7725c
113	p. 1-B-2	https://image-tor.canadiana.ca/iiif/2/69429%2Fc02v2c82df6q
114	p. 1-B-3	https://image-tor.canadiana.ca/iiif/2/69429%2Fc0z31ng4s498
115	p. 1-B-4	https://image-tor.canadiana.ca/iiif/2/69429%2Fc0tb0xp74c6s
116	p. 1-B-5	https://image-tor.canadiana.ca/iiif/2/69429%2Fc0pk06w9gm36
117	p. 1-B-6	https://image-tor.canadiana.ca/iiif/2/69429%2Fc0js9h41tt9f
118	p. 1-B-7	https://image-tor.canadiana.ca/iiif/2/69429%2Fc0f18sb4627c
119	p. 1-B-8	https://image-tor.canadiana.ca/iiif/2/69429%2Fc09882j6j984
120	p. 1-B-9	https://image-tor.canadiana.ca/iiif/2/69429%2Fc05m6251qp8w
121	p. 1-B-10	https://image-tor.canadiana.ca/iiif/2/69429%2Fc01v5bc42x7k
122	p. 1-B-11	https://image-tor.canadiana.ca/iiif/2/69429%2Fc0x34mk6fm7c
123	p. 1-B-12	https://image-tor.canadiana.ca/iiif/2/69429%2Fc0sb3ws8sv4d
124	p. 1-B-13	https://image-tor.canadiana.ca/iiif/2/69429%2Fc0nk3611532f
125	p. 1-B-14	https://image-tor.canadiana.ca/iiif/2/69429%2Fc0ht2g73hb02
126	p. 1-B-15	https://image-tor.canadiana.ca/iiif/2/69429%2Fc0d21rf5vk05
127	p. 1-B-16	https://image-tor.canadiana.ca/iiif/2/69429%2Fc08c9r211x9k
128	p. 1-B-17	https://image-tor.canadiana.ca/iiif/2/69429%2Fc04m9183d60j
129	p. 1-B-18	https://image-tor.canadiana.ca/iiif/2/69429%2Fc00v89g5rd69
130	p. 1-B-19	https://image-tor.canadiana.ca/iiif/2/69429%2Fc0w37kp84375
131	p. 1-B-20	https://image-tor.canadiana.ca/iiif/2/69429%2Fc0rb6vx0gb37
132	p. 1-B-21	https://image-tor.canadiana.ca/iiif/2/69429%2Fc0mk6542tk27
133	p. 1-B-22	https://image-tor.canadiana.ca/iiif/2/69429%2Fc0gx44q80z31
134	p. 1-B-23	https://image-tor.canadiana.ca/iiif/2/69429%2Fc0c53dz0c62p
135	p. 1-B-24	https://image-tor.canadiana.ca/iiif/2/69429%2Fc07d2q52qf3g
136	p. 1-B-25	https://image-tor.canadiana.ca/iiif/2/69429%2Fc03n20c52p0c
137	p. 1-B-26	https://image-tor.canadiana.ca/iiif/2/69429%2Fc0zw18k7fc0v
138	p. 1-B-27	https://image-tor.canadiana.ca/iiif/2/69429%2Fc0v40js9sk6x
139	p. 1-B-28	https://image-tor.canadiana.ca/iiif/2/69429%2Fc0qb9v124t53
140	p. 1-B-29	https://image-tor.canadiana.ca/iiif/2/69429%2Fc0kp7tm7b65b
141	p. 1-B-30	https://image-tor.canadiana.ca/iiif/2/69429%2Fc0fx73t9pf5h
142	p. 1-B-31	https://image-tor.canadiana.ca/iiif/2/69429%2Fc0b56d221p4j
143	p. 1-B-32	https://image-tor.canadiana.ca/iiif/2/69429%2Fc06d5p84cx25
144	p. 1-B-33	https://image-tor.canadiana.ca/iiif/2/69429%2Fc02n4zg6r491
145	p. 1-B-34	https://image-tor.canadiana.ca/iiif/2/69429%2Fc0xw47p93t88
146	p. 1-B-35	https://image-tor.canadiana.ca/iiif/2/69429%2Fc0t43hx1g27x
147	p. 1-B-36	https://image-tor.canadiana.ca/iiif/2/69429%2Fc0pg1hh6nf6g
148	p. 1-B-37	https://image-tor.canadiana.ca/iiif/2/69429%2Fc0jq0sq90p6r
149	p. 1-B-38	https://image-tor.canadiana.ca/iiif/2/69429%2Fc0dz02z1bx6j
150	p. 1-B-39	https://image-tor.canadiana.ca/iiif/2/69429%2Fc0959c53q52p
151	p. 1-B-40	https://image-tor.canadiana.ca/iiif/2/69429%2Fc05d8nc62d1c
152	p. 1-B-41	https://image-tor.canadiana.ca/iiif/2/69429%2Fc01n7xk8dm74
153	p. 1-B-42	https://image-tor.canadiana.ca/iiif/2/69429%2Fc0ww76t0s99s
154	p. 1-B-43	https://image-tor.canadiana.ca/iiif/2/69429%2Fc0s756d5zq0h
155	p. 1-B-44	https://image-tor.canadiana.ca/iiif/2/69429%2Fc0ng4gm89z0s
156	p. 1-B-45	https://image-tor.canadiana.ca/iiif/2/69429%2Fc0hq3rv0p59f
157	p. 1-B-46	https://image-tor.canadiana.ca/iiif/2/69429%2Fc0cz32231d6r
158	p. 1-B-47	https://image-tor.canadiana.ca/iiif/2/69429%2Fc0862b85cn33
159	p. 1-B-48	https://image-tor.canadiana.ca/iiif/2/69429%2Fc04f1mg7qv9v
160	p. 1-B-49	https://image-tor.canadiana.ca/iiif/2/69429%2Fc00p0wq03398
161	p. 1-B-50	https://image-tor.canadiana.ca/iiif/2/69429%2Fc0w08w958z16
162	p. 1-B-51	https://image-tor.canadiana.ca/iiif/2/69429%2Fc0r785h7n62g
163	p. 1-B-52	https://image-tor.canadiana.ca/iiif/2/69429%2Fc0mg7fr00f06
164	p. 1-B-53	https://image-tor.canadiana.ca/iiif/2/69429%2Fc0gq6qz2bn84
165	p. 1-B-54	https://image-tor.canadiana.ca/iiif/2/69429%2Fc0bz6154pw5z
166	p. 1-B-55	https://image-tor.canadiana.ca/iiif/2/69429%2Fc07659c72429
167	p. 1-B-56	https://image-tor.canadiana.ca/iiif/2/69429%2Fc03f4kk9dc23
168	p. 1-B-57	https://image-tor.canadiana.ca/iiif/2/69429%2Fc0zs2k64m634
169	p. 1-B-58	https://image-tor.canadiana.ca/iiif/2/69429%2Fc0v11vd6zf37
170	p. 1-B-59	https://image-tor.canadiana.ca/iiif/2/69429%2Fc0q814m99p29
171	p. 1-B-60	https://image-tor.canadiana.ca/iiif/2/69429%2Fc0kh0dv1nw8p
172	p. 1-B-61	https://image-tor.canadiana.ca/iiif/2/69429%2Fc0fq9q241465
173	p. 1-B-62	https://image-tor.canadiana.ca/iiif/2/69429%2Fc09z9086cc20
174	p. 1-B-63	https://image-tor.canadiana.ca/iiif/2/69429%2Fc06688g8qm3p
175	p. 1-B-64	https://image-tor.canadiana.ca/iiif/2/69429%2Fc02j6833x03z
176	p. 1-B-65	https://image-tor.canadiana.ca/iiif/2/69429%2Fc0xs5j968p65
177	p. 1-B-66	https://image-tor.canadiana.ca/iiif/2/69429%2Fc0t14th8mx43
178	p. 1-B-67	https://image-tor.canadiana.ca/iiif/2/69429%2Fc0p843r10514
179	p. 1-B-68	https://image-tor.canadiana.ca/iiif/2/69429%2Fc0jh3cz3bc8g
180	p. 1-B-69	https://image-tor.canadiana.ca/iiif/2/69429%2Fc0dr2p55pm5x
181	p. 1-B-70	https://image-tor.canadiana.ca/iiif/2/69429%2Fc0901zc81v5h
182	p. 1-B-71	https://image-tor.canadiana.ca/iiif/2/69429%2Fc0599z03776t
183	p. 1-B-72	https://image-tor.canadiana.ca/iiif/2/69429%2Fc01j9765kg7k
184	p. 1-B-73	https://image-tor.canadiana.ca/iiif/2/69429%2Fc0ws8hd7z55w
185	p. 1-B-74	https://image-tor.canadiana.ca/iiif/2/69429%2Fc0s17sn09d3x
186	p. 1-B-75	https://image-tor.canadiana.ca/iiif/2/69429%2Fc0n872v2nm92
187	p. 1-B-76	https://image-tor.canadiana.ca/iiif/2/69429%2Fc0hh6c250v7k
188	p. 1-B-77	https://image-tor.canadiana.ca/iiif/2/69429%2Fc0cr5n87c38g
189	p. 1-B-78	https://image-tor.canadiana.ca/iiif/2/69429%2Fc0833mw2jg7j
190	p. 1-B-79	https://image-tor.canadiana.ca/iiif/2/69429%2Fc04b2x34wq7r
191	p. 1-B-80	https://image-tor.canadiana.ca/iiif/2/69429%2Fc00k26977z57
192	p. 1-B-81	https://image-tor.canadiana.ca/iiif/2/69429%2Fc0vt1gh9mn5q
193	p. 1-B-82	https://image-tor.canadiana.ca/iiif/2/69429%2Fc0r20rr1zw2p
194	p. 1-B-83	https://image-tor.canadiana.ca/iiif/2/69429%2Fc0m901z4b39d
195	p. 1-B-84	https://image-tor.canadiana.ca/iiif/2/69429%2Fc0gh9b56pc0b
196	p. 1-B-85	https://image-tor.canadiana.ca/iiif/2/69429%2Fc0bv79s1vr0p
197	p. 1-B-86	https://image-tor.canadiana.ca/iiif/2/69429%2Fc0736m047006
198	p. 1-B-87	https://image-tor.canadiana.ca/iiif/2/69429%2Fc03b5w66k67j
199	p. 1-B-88	https://image-tor.canadiana.ca/iiif/2/69429%2Fc0zk55d8xw7w
200	p. 1-B-89	https://image-tor.canadiana.ca/iiif/2/69429%2Fc0tt4fn1944j
201	p. 1-B-90	https://image-tor.canadiana.ca/iiif/2/69429%2Fc0q23qv3nc32
202	p. 1-B-91	https://image-tor.canadiana.ca/iiif/2/69429%2Fc0kd1qf8tr36
203	p. 1-B-92	https://image-tor.canadiana.ca/iiif/2/69429%2Fc0fn10p1602d
204	p. 1-B-93	https://image-tor.canadiana.ca/iiif/2/69429%2Fc09w08w3j73s
205	p. 1-B-94	https://image-tor.canadiana.ca/iiif/2/69429%2Fc0639k35wf9q
206	p. 1-B-95	https://image-tor.canadiana.ca/iiif/2/69429%2Fc02b8v987p8d
207	p. 1-B-96	https://image-tor.canadiana.ca/iiif/2/69429%2Fc0xk84j0mc6q
208	p. 1-B-97	https://image-tor.canadiana.ca/iiif/2/69429%2Fc0st7dr2zm4b
209	p. 1-B-98	https://image-tor.canadiana.ca/iiif/2/69429%2Fc0p55db8505c
210	p. 1-B-99	https://image-tor.canadiana.ca/iiif/2/69429%2Fc0jd4pk0h746
211	p. 1-B-100	https://image-tor.canadiana.ca/iiif/2/69429%2Fc0dn3zs2vg3d
212	p. 1-B-101	https://image-tor.canadiana.ca/iiif/2/69429%2Fc08w38056q19
213	p. 1-B-102	https://image-tor.canadiana.ca/iiif/2/69429%2Fc0542j67jx9j
214	p. 1-B-103	https://image-tor.canadiana.ca/iiif/2/69429%2Fc01c1td9x563
215	p. 1-B-104	https://image-tor.canadiana.ca/iiif/2/69429%2Fc0wm13n28v6j
216	p. 1-B-105	https://image-tor.canadiana.ca/iiif/2/69429%2Fc0rx9377g777
217	p. 1-B-106	https://image-tor.canadiana.ca/iiif/2/69429%2Fc0n58cf9tg8x
218	p. 1-B-107	https://image-tor.canadiana.ca/iiif/2/69429%2Fc0hd7np25q77
219	p. 1-B-108	https://image-tor.canadiana.ca/iiif/2/69429%2Fc0cn6xw4hz48
220	p. 1-B-109	https://image-tor.canadiana.ca/iiif/2/69429%2Fc07w6736w61m
221	p. 1-B-110	https://image-tor.canadiana.ca/iiif/2/69429%2Fc0445h997d8r
222	p. 1-B-111	https://image-tor.canadiana.ca/iiif/2/69429%2Fc00c4sj1kn7k
223	p. 1-B-112	https://image-tor.canadiana.ca/iiif/2/69429%2Fc0vq2s46sg9k
224	p. 1-B-113	https://image-tor.canadiana.ca/iiif/2/69429%2Fc0qz22b94q97
225	p. 1-B-114	https://image-tor.canadiana.ca/iiif/2/69429%2Fc0m61bk1gz9z
226	p. 1-B-115	https://image-tor.canadiana.ca/iiif/2/69429%2Fc0gf0ms3v65x
227	p. 1-B-116	https://image-tor.canadiana.ca/iiif/2/69429%2Fc0bn9x066f4g
228	p. 1-B-117	https://image-tor.canadiana.ca/iiif/2/69429%2Fc06w9668jp09
229	p. 1-B-118	https://image-tor.canadiana.ca/iiif/2/69429%2Fc0348gf0ww9r
230	p. 1-B-119	https://image-tor.canadiana.ca/iiif/2/69429%2Fc0zg6g163r1x
231	p. 1-B-120	https://image-tor.canadiana.ca/iiif/2/69429%2Fc0tq5r78g017
232	p. 1-B-121	https://image-tor.canadiana.ca/iiif/2/69429%2Fc0pz51g0t695
233	p. 1-B-122	https://image-tor.canadiana.ca/iiif/2/69429%2Fc0k649p35f7k
234	p. 1-B-123	https://image-tor.canadiana.ca/iiif/2/69429%2Fc0ff3kw5hp4m
235	p. 1-B-124	https://image-tor.canadiana.ca/iiif/2/69429%2Fc09p2w37vx12
236	p. 1-B-125	https://image-tor.canadiana.ca/iiif/2/69429%2Fc05x25b07508
237	p. 1-B-126	https://image-tor.canadiana.ca/iiif/2/69429%2Fc02804x5dj1w
238	p. 1-B-127	https://image-tor.canadiana.ca/iiif/2/69429%2Fc0xg9f47s740
239	p. 1-B-128	https://image-tor.canadiana.ca/iiif/2/69429%2Fc0sq8qc04g2q
240	p. 1-B-129	https://image-tor.canadiana.ca/iiif/2/69429%2Fc0nz80k2gp9f
241	p. 1-B-130	https://image-tor.canadiana.ca/iiif/2/69429%2Fc0j678s4tx6s
242	p. 1-B-131	https://image-tor.canadiana.ca/iiif/2/69429%2Fc0df6k076537
243	p. 1-B-132	https://image-tor.canadiana.ca/iiif/2/69429%2Fc08p5v69jd31
244	p. 1-B-133	https://image-tor.canadiana.ca/iiif/2/69429%2Fc0513tt4qs48
245	p. 1-B-134	https://image-tor.canadiana.ca/iiif/2/69429%2Fc0183417314v
246	p. 1-B-135	https://image-tor.canadiana.ca/iiif/2/69429%2Fc0wh2d79fq4t
247	p. 1-B-136	https://image-tor.canadiana.ca/iiif/2/69429%2Fc0rr1pg1sz0w
248	p. 1-B-137	https://image-tor.canadiana.ca/iiif/2/69429%2Fc0n00zp45584
249	p. 1-B-138	https://image-tor.canadiana.ca/iiif/2/69429%2Fc0h707w6hd5j
250	p. 1-B-139	https://image-tor.canadiana.ca/iiif/2/69429%2Fc0cf9j38vn56
251	p. 1-B-140	https://image-tor.canadiana.ca/iiif/2/69429%2Fc07s7hq4214z
252	p. 1-B-141	https://image-tor.canadiana.ca/iiif/2/69429%2Fc0416sx6d85n
253	p. 1-B-142	https://image-tor.canadiana.ca/iiif/2/69429%2Fc0086348rh2g
254	p. 1-B-143	https://image-tor.canadiana.ca/iiif/2/69429%2Fc0vh5cc1463n
255	p. 1-B-144	https://image-tor.canadiana.ca/iiif/2/69429%2Fc0qr4nk3gf0p
256	p. 1-B-145	https://image-tor.canadiana.ca/iiif/2/69429%2Fc0m03xs5tn9h
257	p. 1-B-146	https://image-tor.canadiana.ca/iiif/2/69429%2Fc0g737085w80
258	p. 1-B-147	https://image-tor.canadiana.ca/iiif/2/69429%2Fc0bk16m3c878
259	p. 1-B-148	https://image-tor.canadiana.ca/iiif/2/69429%2Fc06t0gt5qh8n
260	p. 1-B-149	https://image-tor.canadiana.ca/iiif/2/69429%2Fc0319s182r5b
261	p. 1-B-150	https://image-tor.canadiana.ca/iiif/2/69429%2Fc0z89280ff5t
262	p. 1-B-151	https://image-tor.canadiana.ca/iiif/2/69429%2Fc0th8bg2sp18
263	p. 1-B-152	https://image-tor.canadiana.ca/iiif/2/69429%2Fc0pr7mp54w9p
264	p. 1-B-153	https://image-tor.canadiana.ca/iiif/2/69429%2Fc0k35m90b914
265	p. 1-B-154	https://image-tor.canadiana.ca/iiif/2/69429%2Fc0fb4wh2pj0b
266	p. 1-B-155	https://image-tor.canadiana.ca/iiif/2/69429%2Fc09k45q51s00
267	p. 1-B-156	https://image-tor.canadiana.ca/iiif/2/69429%2Fc05t3fx7d08f
268	p. 1-B-157	https://image-tor.canadiana.ca/iiif/2/69429%2Fc0222r49r756
269	p. 1-B-158	https://image-tor.canadiana.ca/iiif/2/69429%2Fc0x921c23x5n
270	p. 1-C [B]-159	https://image-tor.canadiana.ca/iiif/2/69429%2Fc0sj19k4g53s
271	p. 1-B-160	https://image-tor.canadiana.ca/iiif/2/69429%2Fc0nv9959nj3c
272	p. 1-B-161	https://image-tor.canadiana.ca/iiif/2/69429%2Fc0j38kd20s20
273	p. 1-B-162	https://image-tor.canadiana.ca/iiif/2/69429%2Fc0db7vm4c13w
274	p. 1-B-163	https://image-tor.canadiana.ca/iiif/2/69429%2Fc08k74t6q791
275	p. 1-B-164	https://image-tor.canadiana.ca/iiif/2/69429%2Fc04t6f192g84
276	p. 1-B-165	https://image-tor.canadiana.ca/iiif/2/69429%2Fc0125q81dq4h
277	p. 1-B-166	https://image-tor.canadiana.ca/iiif/2/69429%2Fc0w950g3sd5z
278	p. 1-B-167	https://image-tor.canadiana.ca/iiif/2/69429%2Fc0rn3028zs6p
279	p. 1-B-168	https://image-tor.canadiana.ca/iiif/2/69429%2Fc0mw2891b15h
280	p. 1-B-169	https://image-tor.canadiana.ca/iiif/2/69429%2Fc0h41jh3p85m
281	p. 1-B-170	https://image-tor.canadiana.ca/iiif/2/69429%2Fc0cc0tq61h24
282	p. 1-B-171	https://image-tor.canadiana.ca/iiif/2/69429%2Fc07m03x8cq9v
283	p. 1-B-172	https://image-tor.canadiana.ca/iiif/2/69429%2Fc03t9d50qz5s
284	p. 1-B-173	https://image-tor.canadiana.ca/iiif/2/69429%2Fc0028pc33649
285	p. 1-B-174	https://image-tor.canadiana.ca/iiif/2/69429%2Fc0vd6nz8919n
286	p. 1-B-175	https://image-tor.canadiana.ca/iiif/2/69429%2Fc0qn5z60n89g
287	p. 1-B-176	https://image-tor.canadiana.ca/iiif/2/69429%2Fc0kw57d30h7z
288	p. 1-B-177	https://image-tor.canadiana.ca/iiif/2/69429%2Fc0g44hm5br5w
289	p. 1-B-178	https://image-tor.canadiana.ca/iiif/2/69429%2Fc0bc3st7q01v
290	p. 1-B-179	https://image-tor.canadiana.ca/iiif/2/69429%2Fc06m33202683
291	p. 1-B-180	https://image-tor.canadiana.ca/iiif/2/69429%2Fc02v2c82df79
292	p. 1-B-181	https://image-tor.canadiana.ca/iiif/2/69429%2Fc0z60bv7m90g
293	p. 1-B-182	https://image-tor.canadiana.ca/iiif/2/69429%2Fc0td9n29zj04
294	p. 1-B-183	https://image-tor.canadiana.ca/iiif/2/69429%2Fc0pn8x929s01
295	p. 1-B-184	https://image-tor.canadiana.ca/iiif/2/69429%2Fc0jw86h4p078
296	p. 1-B-185	https://image-tor.canadiana.ca/iiif/2/69429%2Fc0f47gq71743
297	p. 1-B-186	https://image-tor.canadiana.ca/iiif/2/69429%2Fc09c6rx9cg0j
298	p. 1-B-187	https://image-tor.canadiana.ca/iiif/2/69429%2Fc05m6251qp9g
299	p. 1-B-188	https://image-tor.canadiana.ca/iiif/2/69429%2Fc01z41r6x31k
300	p. 1-B-189	https://image-tor.canadiana.ca/iiif/2/69429%2Fc0x639z98s2x
301	p. 1-B-190	https://image-tor.canadiana.ca/iiif/2/69429%2Fc0sf2m61n103
302	p. 1-B-191	https://image-tor.canadiana.ca/iiif/2/69429%2Fc0np1wd4076b
303	p. 1-B-192	https://image-tor.canadiana.ca/iiif/2/69429%2Fc0hx15m6bg4b
304	p. 1-B-193	https://image-tor.canadiana.ca/iiif/2/69429%2Fc0d50ft8pq03
305	p. 1-B-194	https://image-tor.canadiana.ca/iiif/2/69429%2Fc08c9r211z0v
306	p. 1-B-195	https://image-tor.canadiana.ca/iiif/2/69429%2Fc04q7qn67b28
307	p. 1-B-196	https://image-tor.canadiana.ca/iiif/2/69429%2Fc00z70v8kk31
308	p. 1-B-197	https://image-tor.canadiana.ca/iiif/2/69429%2Fc0w66930z828
309	p. 1-B-198	https://image-tor.canadiana.ca/iiif/2/69429%2Fc0rf5k939h0c
310	p. 1-B-199	https://image-tor.canadiana.ca/iiif/2/69429%2Fc0mp4vh5nq64
311	p. 1-B-200	https://image-tor.canadiana.ca/iiif/2/69429%2Fc0gx44q80z4m
312	p. 1-B-201	https://image-tor.canadiana.ca/iiif/2/69429%2Fc0c53dz0c638
313	p. 1-B-202	https://image-tor.canadiana.ca/iiif/2/69429%2Fc07h1dj5jk40
314	p. 1-B-203	https://image-tor.canadiana.ca/iiif/2/69429%2Fc03r0pr7wt4s
315	p. 1-B-204	https://image-tor.canadiana.ca/iiif/2/69429%2Fc00000008224
316	p. 1-B-205	https://image-tor.canadiana.ca/iiif/2/69429%2Fc0v69862mr1z
317	p. 1-B-206	https://image-tor.canadiana.ca/iiif/2/69429%2Fc0qf8jd4zz9w
318	p. 1-B-207	https://image-tor.canadiana.ca/iiif/2/69429%2Fc0kp7tm7b66x
319	p. 1-B-208	https://image-tor.canadiana.ca/iiif/2/69429%2Fc0fx73t9pf63
320	p. 1-B-209	https://image-tor.canadiana.ca/iiif/2/69429%2Fc0b853f4vt65
321	p. 1-B-210	https://image-tor.canadiana.ca/iiif/2/69429%2Fc06h4cn7726z
322	p. 1-B-211	https://image-tor.canadiana.ca/iiif/2/69429%2Fc02r3nv9k94k
323	p. 1-B-212	https://image-tor.canadiana.ca/iiif/2/69429%2Fc0z02z31z027
324	p. 1-B-213	https://image-tor.canadiana.ca/iiif/2/69429%2Fc0t72794970q
325	p. 1-B-214	https://image-tor.canadiana.ca/iiif/2/69429%2Fc0pg1hh6nf72
326	p. 1-B-215	https://image-tor.canadiana.ca/iiif/2/69429%2Fc0js9h41tv0q
327	p. 1-B-216	https://image-tor.canadiana.ca/iiif/2/69429%2Fc0f18sb4628z
328	p. 1-B-217	https://image-tor.canadiana.ca/iiif/2/69429%2Fc09882j6j99q
329	p. 1-B-218	https://image-tor.canadiana.ca/iiif/2/69429%2Fc05h7br8wj6r
330	p. 1-B-219	https://image-tor.canadiana.ca/iiif/2/69429%2Fc01r6n017s4w
331	p. 1-B-220	https://image-tor.canadiana.ca/iiif/2/69429%2Fc0x05x63mg33
332	p. 1-B-221	https://image-tor.canadiana.ca/iiif/2/69429%2Fc0s756d5zq13
333	p. 1-B-222	https://image-tor.canadiana.ca/iiif/2/69429%2Fc0nk36115331
334	p. 1-B-223	https://image-tor.canadiana.ca/iiif/2/69429%2Fc0ht2g73hb1n
335	p. 1-B-224	https://image-tor.canadiana.ca/iiif/2/69429%2Fc0d21rf5vk1r
336	p. 1-B-225	https://image-tor.canadiana.ca/iiif/2/69429%2Fc08911n86s9j
337	p. 1-B-226	https://image-tor.canadiana.ca/iiif/2/69429%2Fc04j09w0k16q
338	p. 1-B-227	https://image-tor.canadiana.ca/iiif/2/69429%2Fc00r9m32x83m
339	p. 1-B-228	https://image-tor.canadiana.ca/iiif/2/69429%2Fc0w08w958z2s
340	p. 1-B-229	https://image-tor.canadiana.ca/iiif/2/69429%2Fc0rb6vx0gb4t
341	p. 1-B-230	https://image-tor.canadiana.ca/iiif/2/69429%2Fc0mk6542tk3t
342	p. 1-B-231	https://image-tor.canadiana.ca/iiif/2/69429%2Fc0gt5fb55t2h
343	p. 1-B-232	https://image-tor.canadiana.ca/iiif/2/69429%2Fc0c24qj7j20z
344	p. 1-B-233	https://image-tor.canadiana.ca/iiif/2/69429%2Fc07940r9w863
345	p. 1-B-234	https://image-tor.canadiana.ca/iiif/2/69429%2Fc03j39027h47
346	p. 1-B-235	https://image-tor.canadiana.ca/iiif/2/69429%2Fc0zs2k64m64q
347	p. 1-B-236	https://image-tor.canadiana.ca/iiif/2/69429%2Fc0v40js9sk7h
348	p. 1-B-237	https://image-tor.canadiana.ca/iiif/2/69429%2Fc0qb9v124t6p
349	p. 1-B-238	https://image-tor.canadiana.ca/iiif/2/69429%2Fc0kk9474h26c
350	p. 1-B-239	https://image-tor.canadiana.ca/iiif/2/69429%2Fc0ft8df6v92t
351	p. 1-B-240	https://image-tor.canadiana.ca/iiif/2/69429%2Fc0b27pn96j07
352	p. 1-B-241	https://image-tor.canadiana.ca/iiif/2/69429%2Fc0696zw1jr6m
353	p. 1-B-242	https://image-tor.canadiana.ca/iiif/2/69429%2Fc02j6833x04j
354	p. 1-B-243	https://image-tor.canadiana.ca/iiif/2/69429%2Fc0xw47p93t9v
355	p. 1-B-244	https://image-tor.canadiana.ca/iiif/2/69429%2Fc0t43hx1g28h
356	p. 1-B-245	https://image-tor.canadiana.ca/iiif/2/69429%2Fc0pc2t43t974
357	p. 1-B-246	https://image-tor.canadiana.ca/iiif/2/69429%2Fc0jm23b65j5m
358	p. 1-B-247	https://image-tor.canadiana.ca/iiif/2/69429%2Fc0dv1cj8hs2n
359	p. 1-B-248	https://image-tor.canadiana.ca/iiif/2/69429%2Fc0930ns0w09f
360	p. 1-B-249	https://image-tor.canadiana.ca/iiif/2/69429%2Fc0599z03777d
361	p. 1-C-1	https://image-tor.canadiana.ca/iiif/2/69429%2Fc01n7xk8dm8q
362	p. 1-C-2	https://image-tor.canadiana.ca/iiif/2/69429%2Fc0ww76t0sb02
363	p. 1-C-3	https://image-tor.canadiana.ca/iiif/2/69429%2Fc0s46h134j9s
364	p. 1-C-4	https://image-tor.canadiana.ca/iiif/2/69429%2Fc0nc5s75gs6t
365	p. 1-C-5	https://image-tor.canadiana.ca/iiif/2/69429%2Fc0hm52f7v125
366	p. 1-C-6	https://image-tor.canadiana.ca/iiif/2/69429%2Fc0cv4bp0679m
367	p. 1-C-7	https://image-tor.canadiana.ca/iiif/2/69429%2Fc0833mw2jg84
368	p. 1-C-8	https://image-tor.canadiana.ca/iiif/2/69429%2Fc04f1mg7qw04
369	p. 1-C-9	https://image-tor.canadiana.ca/iiif/2/69429%2Fc00p0wq0340j
370	p. 1-C-10	https://image-tor.canadiana.ca/iiif/2/69429%2Fc0vx05x2ft1g
371	p. 1-C-11	https://image-tor.canadiana.ca/iiif/2/69429%2Fc0r49g44t17x
372	p. 1-C-12	https://image-tor.canadiana.ca/iiif/2/69429%2Fc0mc8rb75851
373	p. 1-C-13	https://image-tor.canadiana.ca/iiif/2/69429%2Fc0gm81j9hh1v
374	p. 1-C-14	https://image-tor.canadiana.ca/iiif/2/69429%2Fc0bv79s1vr18
375	p. 1-C-15	https://image-tor.canadiana.ca/iiif/2/69429%2Fc07659c7243w
376	p. 1-C-16	https://image-tor.canadiana.ca/iiif/2/69429%2Fc03f4kk9dc3p
377	p. 1-C-17	https://image-tor.canadiana.ca/iiif/2/69429%2Fc0zp3vt1s226
378	p. 1-C-18	https://image-tor.canadiana.ca/iiif/2/69429%2Fc0tx35144903
379	p. 1-C-19	https://image-tor.canadiana.ca/iiif/2/69429%2Fc0q52f76gh65
380	p. 1-C-20	https://image-tor.canadiana.ca/iiif/2/69429%2Fc0kd1qf8tr4s
381	p. 1-C-21	https://image-tor.canadiana.ca/iiif/2/69429%2Fc0fn10p16030
382	p. 1-C-22	https://image-tor.canadiana.ca/iiif/2/69429%2Fc09z9086cc3k
383	p. 1-C-23	https://image-tor.canadiana.ca/iiif/2/69429%2Fc06688g8qm48
384	p. 1-C-24	https://image-tor.canadiana.ca/iiif/2/69429%2Fc02f7jq12v20
385	p. 1-C-25	https://image-tor.canadiana.ca/iiif/2/69429%2Fc0xp6tx3fj1w
386	p. 1-C-26	https://image-tor.canadiana.ca/iiif/2/69429%2Fc0sx6445sr81
387	p. 1-C-27	https://image-tor.canadiana.ca/iiif/2/69429%2Fc0p55db8506z
388	p. 1-C-28	https://image-tor.canadiana.ca/iiif/2/69429%2Fc0jd4pk0h75s
389	p. 1-C-29	https://image-tor.canadiana.ca/iiif/2/69429%2Fc0dr2p55pm6h
390	p. 1-C-30	https://image-tor.canadiana.ca/iiif/2/69429%2Fc0901zc81v63
391	p. 1-C-31	https://image-tor.canadiana.ca/iiif/2/69429%2Fc05717m0d347
392	p. 1-C-32	https://image-tor.canadiana.ca/iiif/2/69429%2Fc01g0ht2rb0p
393	p. 1-C-33	https://image-tor.canadiana.ca/iiif/2/69429%2Fc0wp9t154113
394	p. 1-C-34	https://image-tor.canadiana.ca/iiif/2/69429%2Fc0rx9377g78t
395	p. 1-C-35	https://image-tor.canadiana.ca/iiif/2/69429%2Fc0n872v2nn0b
396	p. 1-C-36	https://image-tor.canadiana.ca/iiif/2/69429%2Fc0hh6c250v85
397	p. 1-C-37	https://image-tor.canadiana.ca/iiif/2/69429%2Fc0cr5n87c392
398	p. 1-C-38	https://image-tor.canadiana.ca/iiif/2/69429%2Fc0804xg9qb70
399	p. 1-C-3 [39]	https://image-tor.canadiana.ca/iiif/2/69429%2Fc04746q22k4h
400	p. 1-C-40	https://image-tor.canadiana.ca/iiif/2/69429%2Fc00g3gx4dt1j
401	p. 1-C-41	https://image-tor.canadiana.ca/iiif/2/69429%2Fc0vq2s46sh0v
402	p. 1-C-42	https://image-tor.canadiana.ca/iiif/2/69429%2Fc0r20rr1zw38
403	p. 1-C-43	https://image-tor.canadiana.ca/iiif/2/69429%2Fc0m901z4b40p
404	p. 1-C-44	https://image-tor.canadiana.ca/iiif/2/69429%2Fc0gh9b56pc1x
405	p. 1-C-45	https://image-tor.canadiana.ca/iiif/2/69429%2Fc0br8mc91k75
406	p. 1-C-46	https://image-tor.canadiana.ca/iiif/2/69429%2Fc0707wm1ct5q
407	p. 1-C-47	https://image-tor.canadiana.ca/iiif/2/69429%2Fc03775t3r22n
408	p. 1-C-48	https://image-tor.canadiana.ca/iiif/2/69429%2Fc0zg6g163r2h
409	p. 1-C-49	https://image-tor.canadiana.ca/iiif/2/69429%2Fc0tt4fn19454
410	p. 1-C-50	https://image-tor.canadiana.ca/iiif/2/69429%2Fc0q23qv3nc4n
411	p. 1-C-51	https://image-tor.canadiana.ca/iiif/2/69429%2Fc0k931260m34
412	p. 1-C-52	https://image-tor.canadiana.ca/iiif/2/69429%2Fc0fj2988bv1r
413	p. 1-C-53	https://image-tor.canadiana.ca/iiif/2/69429%2Fc09s1kh0q27n
414	p. 1-C-54	https://image-tor.canadiana.ca/iiif/2/69429%2Fc0610vq32952
415	p. 1-C-55	https://image-tor.canadiana.ca/iiif/2/69429%2Fc02804x5dj2g
416	p. 1-C-56	https://image-tor.canadiana.ca/iiif/2/69429%2Fc0xk84j0mc79
417	p. 1-C-57	https://image-tor.canadiana.ca/iiif/2/69429%2Fc0st7dr2zm5x
418	p. 1-C-58	https://image-tor.canadiana.ca/iiif/2/69429%2Fc0p26pz59v5h
419	p. 1-C-59	https://image-tor.canadiana.ca/iiif/2/69429%2Fc0j96057p33f
420	p. 1-C-60	https://image-tor.canadiana.ca/iiif/2/69429%2Fc0dj58d01b0k
421	p. 1-C-61	https://image-tor.canadiana.ca/iiif/2/69429%2Fc08s4jm2cj7x
422	p. 1-C-62	https://image-tor.canadiana.ca/iiif/2/69429%2Fc0513tt4qs5v
423	p. 1-C-63	https://image-tor.canadiana.ca/iiif/2/69429%2Fc01c1td9x57p
424	p. 1-C-64	https://image-tor.canadiana.ca/iiif/2/69429%2Fc0wm13n28v74
425	p. 1-C-65	https://image-tor.canadiana.ca/iiif/2/69429%2Fc0rv0cv4n37f
426	p. 1-C-66	https://image-tor.canadiana.ca/iiif/2/69429%2Fc0n29p270b3j
427	p. 1-C-67	https://image-tor.canadiana.ca/iiif/2/69429%2Fc0h98z89bk15
428	p. 1-C-68	https://image-tor.canadiana.ca/iiif/2/69429%2Fc0cj87h1ps7x
429	p. 1-C-69	https://image-tor.canadiana.ca/iiif/2/69429%2Fc07s7hq4215j
430	p. 1-C-70	https://image-tor.canadiana.ca/iiif/2/69429%2Fc0445h997d9b
431	p. 1-C-71	https://image-tor.canadiana.ca/iiif/2/69429%2Fc00c4sj1kn85
432	p. 1-C-72	https://image-tor.canadiana.ca/iiif/2/69429%2Fc0vm42r3zb81
433	p. 1-C-73	https://image-tor.canadiana.ca/iiif/2/69429%2Fc0qv3bz69k64
434	p. 1-C-74	https://image-tor.canadiana.ca/iiif/2/69429%2Fc0m32n58nt29
435	p. 1-C-75	https://image-tor.canadiana.ca/iiif/2/69429%2Fc0gb1xd1120j
436	p. 1-C-76	https://image-tor.canadiana.ca/iiif/2/69429%2Fc0bk16m3c88v
437	p. 1-C-77	https://image-tor.canadiana.ca/iiif/2/69429%2Fc06w9668jp1w
438	p. 1-C-78	https://image-tor.canadiana.ca/iiif/2/69429%2Fc0348gf0wx01
439	p. 1-C-79	https://image-tor.canadiana.ca/iiif/2/69429%2Fc0zc7rn38m1k
440	p. 1-C-80	https://image-tor.canadiana.ca/iiif/2/69429%2Fc0tm71v5mt89
441	p. 1-C-81	https://image-tor.canadiana.ca/iiif/2/69429%2Fc0pv6b28025r
442	p. 1-C-82	https://image-tor.canadiana.ca/iiif/2/69429%2Fc0k35m90b92q
443	p. 1-C-83	https://image-tor.canadiana.ca/iiif/2/69429%2Fc0fb4wh2pj1x
444	p. 1-C-84	https://image-tor.canadiana.ca/iiif/2/69429%2Fc09p2w37vx2n
445	p. 1-C-85	https://image-tor.canadiana.ca/iiif/2/69429%2Fc05x25b0751v
446	p. 1-C-86	https://image-tor.canadiana.ca/iiif/2/69429%2Fc0251fj2kd0c
447	p. 1-C-87	https://image-tor.canadiana.ca/iiif/2/69429%2Fc0xd0qr4z280
448	p. 1-C-88	https://image-tor.canadiana.ca/iiif/2/69429%2Fc0sn00z79972
449	p. 1-C-89	https://image-tor.canadiana.ca/iiif/2/69429%2Fc0nv9959nj4z
450	p. 1-C-90	https://image-tor.canadiana.ca/iiif/2/69429%2Fc0j38kd20s3k
451	p. 1-C-91	https://image-tor.canadiana.ca/iiif/2/69429%2Fc0df6k07654t
452	p. 1-C-92	https://image-tor.canadiana.ca/iiif/2/69429%2Fc08p5v69jd4m
453	p. 1-C-93	https://image-tor.canadiana.ca/iiif/2/69429%2Fc04x54f1wn27
454	p. 1-C-94	https://image-tor.canadiana.ca/iiif/2/69429%2Fc0154dn47w0n
455	p. 1-C-95	https://image-tor.canadiana.ca/iiif/2/69429%2Fc0wd3pv6mj9v
456	p. 1-C-96	https://image-tor.canadiana.ca/iiif/2/69429%2Fc0rn3028zs78
457	p. 1-C-97	https://image-tor.canadiana.ca/iiif/2/69429%2Fc0n00zp4559q
458	p. 1-C-98	https://image-tor.canadiana.ca/iiif/2/69429%2Fc0h707w6hd64
459	p. 1-C-99	https://image-tor.canadiana.ca/iiif/2/69429%2Fc0cf9j38vn6s
460	p. 1-C-100	https://image-tor.canadiana.ca/iiif/2/69429%2Fc07p8tb16w6p
461	p. 1-C-101	https://image-tor.canadiana.ca/iiif/2/69429%2Fc03x83j3k43m
462	p. 1-C-102	https://image-tor.canadiana.ca/iiif/2/69429%2Fc0057cr5xc1j
463	p. 1-C-103	https://image-tor.canadiana.ca/iiif/2/69429%2Fc0vd6nz8920x
464	p. 1-C-104	https://image-tor.canadiana.ca/iiif/2/69429%2Fc0qr4nk3gf18
465	p. 1-C-105	https://image-tor.canadiana.ca/iiif/2/69429%2Fc0m03xs5tp0s
466	p. 1-C-106	https://image-tor.canadiana.ca/iiif/2/69429%2Fc0g737085w9k
467	p. 1-C-107	https://image-tor.canadiana.ca/iiif/2/69429%2Fc0bg2h70j48x
468	p. 1-C-108	https://image-tor.canadiana.ca/iiif/2/69429%2Fc06q1sf2wc4c
469	p. 1-C-109	https://image-tor.canadiana.ca/iiif/2/69429%2Fc02z12n57m2v
470	p. 1-C-110	https://image-tor.canadiana.ca/iiif/2/69429%2Fc0z60bv7m912
471	p. 1-C-111	https://image-tor.canadiana.ca/iiif/2/69429%2Fc0th8bg2sp2v
472	p. 1-C-112	https://image-tor.canadiana.ca/iiif/2/69429%2Fc0pr7mp54x0z
473	p. 1-C-113	https://image-tor.canadiana.ca/iiif/2/69429%2Fc0k06ww7h50k
474	p. 1-C-114	https://image-tor.canadiana.ca/iiif/2/69429%2Fc0f76639vc89
475	p. 1-C-115	https://image-tor.canadiana.ca/iiif/2/69429%2Fc09g5gb26m61
476	p. 1-C-116	https://image-tor.canadiana.ca/iiif/2/69429%2Fc05q4rj4jv32
477	p. 1-C-117	https://image-tor.canadiana.ca/iiif/2/69429%2Fc01z41r6x325
478	p. 1-C-118	https://image-tor.canadiana.ca/iiif/2/69429%2Fc0x921c23x67
479	p. 1-C-119	https://image-tor.canadiana.ca/iiif/2/69429%2Fc0sj19k4g54c
480	p. 1-C-120	https://image-tor.canadiana.ca/iiif/2/69429%2Fc0ns0ks6td45
481	p. 1-C-121	https://image-tor.canadiana.ca/iiif/2/69429%2Fc0j09w095n2f
482	p. 1-C-122	https://image-tor.canadiana.ca/iiif/2/69429%2Fc0d79571hv9s
483	p. 1-C-123	https://image-tor.canadiana.ca/iiif/2/69429%2Fc08g8ff3w36b
484	p. 1-C-124	https://image-tor.canadiana.ca/iiif/2/69429%2Fc04q7qn67b3v
485	p. 1-C-125	https://image-tor.canadiana.ca/iiif/2/69429%2Fc0125q81dq53
486	p. 1-C-126	https://image-tor.canadiana.ca/iiif/2/69429%2Fc0w950g3sd6j
487	p. 1-C-127	https://image-tor.canadiana.ca/iiif/2/69429%2Fc0rj48p64n57
488	p. 1-C-128	https://image-tor.canadiana.ca/iiif/2/69429%2Fc0ms3jw8gw4f
489	p. 1-C-129	https://image-tor.canadiana.ca/iiif/2/69429%2Fc0h12v40v40r
490	p. 1-C-130	https://image-tor.canadiana.ca/iiif/2/69429%2Fc0c824b36b8j
491	p. 1-C-131	https://image-tor.canadiana.ca/iiif/2/69429%2Fc07h1dj5jk5k
492	p. 1-C-132	https://image-tor.canadiana.ca/iiif/2/69429%2Fc03t9d50qz6c
493	p. 1-C-133	https://image-tor.canadiana.ca/iiif/2/69429%2Fc0028pc3365w
494	p. 1-C-134	https://image-tor.canadiana.ca/iiif/2/69429%2Fc0v97zk5fw71
495	p. 1-C-135	https://image-tor.canadiana.ca/iiif/2/69429%2Fc0qj77s7t43c
496	p. 1-C-136	https://image-tor.canadiana.ca/iiif/2/69429%2Fc0ks6j105c1h
497	p. 1-C-137	https://image-tor.canadiana.ca/iiif/2/69429%2Fc0g15t72hk85
498	p. 1-C-138	https://image-tor.canadiana.ca/iiif/2/69429%2Fc0b853f4vt7r
499	p. 1-C-139	https://image-tor.canadiana.ca/iiif/2/69429%2Fc06m3320269p
500	p. 1-C-140	https://image-tor.canadiana.ca/iiif/2/69429%2Fc02v2c82df8w
501	p. 1-C-141	https://image-tor.canadiana.ca/iiif/2/69429%2Fc0z31ng4s50j
502	p. 1-C-142	https://image-tor.canadiana.ca/iiif/2/69429%2Fc0tb0xp74c7c
503	p. 1-C-143	https://image-tor.canadiana.ca/iiif/2/69429%2Fc0pk06w9gm4s
504	p. 1-C-144	https://image-tor.canadiana.ca/iiif/2/69429%2Fc0js9h41tv19
505	p. 1-C-145	https://image-tor.canadiana.ca/iiif/2/69429%2Fc0f18sb4629j
506	p. 1-C-146	https://image-tor.canadiana.ca/iiif/2/69429%2Fc09c6rx9cg14
507	p. 1-C-147	https://image-tor.canadiana.ca/iiif/2/69429%2Fc05m6251qq0r
508	p. 1-C-148	https://image-tor.canadiana.ca/iiif/2/69429%2Fc01v5bc42x85
509	p. 1-C-149	https://image-tor.canadiana.ca/iiif/2/69429%2Fc0x34mk6fm8z
510	p. 1-C-150	https://image-tor.canadiana.ca/iiif/2/69429%2Fc0sb3ws8sv50
511	p. 1-C-151	https://image-tor.canadiana.ca/iiif/2/69429%2Fc0nk3611534m
512	p. 1-C-152	https://image-tor.canadiana.ca/iiif/2/69429%2Fc0ht2g73hb27
513	p. 1-C-153	https://image-tor.canadiana.ca/iiif/2/69429%2Fc0d50ft8pq1p
514	p. 1-C-154	https://image-tor.canadiana.ca/iiif/2/69429%2Fc08c9r211z1f
515	p. 1-C-155	https://image-tor.canadiana.ca/iiif/2/69429%2Fc04m9183d614
516	p. 1-C-156	https://image-tor.canadiana.ca/iiif/2/69429%2Fc00v89g5rd7w
517	p. 1-C-157	https://image-tor.canadiana.ca/iiif/2/69429%2Fc0w37kp8438r
518	p. 1-C-158	https://image-tor.canadiana.ca/iiif/2/69429%2Fc0rb6vx0gb5d
519	p. 1-C-159	https://image-tor.canadiana.ca/iiif/2/69429%2Fc0mp4vh5nq7q
520	p. 1-C-160	https://image-tor.canadiana.ca/iiif/2/69429%2Fc0gx44q80z56
521	p. 1-C-161	https://image-tor.canadiana.ca/iiif/2/69429%2Fc0c53dz0c64v
522	p. 1-C-162	https://image-tor.canadiana.ca/iiif/2/69429%2Fc07d2q52qf42
523	p. 1-C-163	https://image-tor.canadiana.ca/iiif/2/69429%2Fc03n20c52p1z
524	p. 1-C-164	https://image-tor.canadiana.ca/iiif/2/69429%2Fc0zw18k7fc1f
525	p. 1-C-165	https://image-tor.canadiana.ca/iiif/2/69429%2Fc0v40js9sk83
526	p. 1-C-166	https://image-tor.canadiana.ca/iiif/2/69429%2Fc0qf8jd50005
527	p. 1-C-167	https://image-tor.canadiana.ca/iiif/2/69429%2Fc0kp7tm7b67h
528	p. 1-C-168	https://image-tor.canadiana.ca/iiif/2/69429%2Fc0fx73t9pf7p
529	p. 1-C-169	https://image-tor.canadiana.ca/iiif/2/69429%2Fc0b56d221p54
530	p. 1-C-170	https://image-tor.canadiana.ca/iiif/2/69429%2Fc06d5p84cx3r
531	p. 1-C-171	https://image-tor.canadiana.ca/iiif/2/69429%2Fc02n4zg6r509
532	p. 1-C-172	https://image-tor.canadiana.ca/iiif/2/69429%2Fc0xw47p93v04
533	p. 1-C-173	https://image-tor.canadiana.ca/iiif/2/69429%2Fc0t727949719
534	p. 1-C-174	https://image-tor.canadiana.ca/iiif/2/69429%2Fc0pg1hh6nf8n
535	p. 1-C-175	https://image-tor.canadiana.ca/iiif/2/69429%2Fc0jq0sq90p7b
536	p. 1-C-176	https://image-tor.canadiana.ca/iiif/2/69429%2Fc0dz02z1bx74
537	p. 1-C-177	https://image-tor.canadiana.ca/iiif/2/69429%2Fc0959c53q538
538	p. 1-C-178	https://image-tor.canadiana.ca/iiif/2/69429%2Fc05d8nc62d2z
539	p. 1-C-179	https://image-tor.canadiana.ca/iiif/2/69429%2Fc01n7xk8dm99
540	p. 1-C-180	https://image-tor.canadiana.ca/iiif/2/69429%2Fc0x05x63mg4p
541	p. 1-C-181	https://image-tor.canadiana.ca/iiif/2/69429%2Fc0s756d5zq2p
542	p. 1-C-182	https://image-tor.canadiana.ca/iiif/2/69429%2Fc0ng4gm89z1c
543	p. 1-C-183	https://image-tor.canadiana.ca/iiif/2/69429%2Fc0hq3rv0p60q
544	p. 1-C-184	https://image-tor.canadiana.ca/iiif/2/69429%2Fc0cz32231d7b
545	p. 1-C-185	https://image-tor.canadiana.ca/iiif/2/69429%2Fc0862b85cn4p
546	p. 1-C-186	https://image-tor.canadiana.ca/iiif/2/69429%2Fc04f1mg7qw1q
547	p. 1-C-187	https://image-tor.canadiana.ca/iiif/2/69429%2Fc00r9m32x846
548	p. 1-C-188	https://image-tor.canadiana.ca/iiif/2/69429%2Fc0w08w958z3c
549	p. 1-C-189	https://image-tor.canadiana.ca/iiif/2/69429%2Fc0r785h7n632
550	p. 1-C-190	https://image-tor.canadiana.ca/iiif/2/69429%2Fc0mg7fr00f1s
551	p. 1-C-191	https://image-tor.canadiana.ca/iiif/2/69429%2Fc0gq6qz2bn9q
552	p. 1-C-192	https://image-tor.canadiana.ca/iiif/2/69429%2Fc0bz6154pw6j
553	p. 1-C-193	https://image-tor.canadiana.ca/iiif/2/69429%2Fc07659c7244g
554	p. 1-C-194	https://image-tor.canadiana.ca/iiif/2/69429%2Fc03j39027h5t
555	p. 1-C-195	https://image-tor.canadiana.ca/iiif/2/69429%2Fc0zs2k64m659
556	p. 1-C-196	https://image-tor.canadiana.ca/iiif/2/69429%2Fc0v11vd6zf4t
557	p. 1-C-197	https://image-tor.canadiana.ca/iiif/2/69429%2Fc0q814m99p3w
558	p. 1-C-198	https://image-tor.canadiana.ca/iiif/2/69429%2Fc0kh0dv1nw98
559	p. 1-C-199	https://image-tor.canadiana.ca/iiif/2/69429%2Fc0fq9q24147r
560	p. 1-C-200	https://image-tor.canadiana.ca/iiif/2/69429%2Fc09z9086cc45
561	p. 1-C-201	https://image-tor.canadiana.ca/iiif/2/69429%2Fc0696zw1jr76
562	p. 1-C-202	https://image-tor.canadiana.ca/iiif/2/69429%2Fc02j6833x054
563	p. 1-C-203	https://image-tor.canadiana.ca/iiif/2/69429%2Fc0xs5j968p7r
564	p. 1-C-204	https://image-tor.canadiana.ca/iiif/2/69429%2Fc0t14th8mx5p
565	p. 1-C-205	https://image-tor.canadiana.ca/iiif/2/69429%2Fc0p843r1052q
566	p. 1-C-206	https://image-tor.canadiana.ca/iiif/2/69429%2Fc0jh3cz3bc92
567	p. 1-C-207	https://image-tor.canadiana.ca/iiif/2/69429%2Fc0dr2p55pm73
568	p. 1-C-208	https://image-tor.canadiana.ca/iiif/2/69429%2Fc0930ns0w10q
569	p. 1-C-209	https://image-tor.canadiana.ca/iiif/2/69429%2Fc0599z037780
570	p. 1-C-210	https://image-tor.canadiana.ca/iiif/2/69429%2Fc01j9765kg85
571	p. 1-C-211	https://image-tor.canadiana.ca/iiif/2/69429%2Fc0ws8hd7z56g
572	p. 1-C-212	https://image-tor.canadiana.ca/iiif/2/69429%2Fc0s17sn09d4h
573	p. 1-C-213	https://image-tor.canadiana.ca/iiif/2/69429%2Fc0n872v2nn1x
574	p. 1-C-214	https://image-tor.canadiana.ca/iiif/2/69429%2Fc0hh6c250v9r
575	p. 1-C-215	https://image-tor.canadiana.ca/iiif/2/69429%2Fc0cv4bp0680w
576	p. 1-C-216	https://image-tor.canadiana.ca/iiif/2/69429%2Fc0833mw2jg9q
577	p. 1-C-217	https://image-tor.canadiana.ca/iiif/2/69429%2Fc04b2x34wq8b
578	p. 1-C-218	https://image-tor.canadiana.ca/iiif/2/69429%2Fc00k26977z6t
579	p. 1-C-219	https://image-tor.canadiana.ca/iiif/2/69429%2Fc0vt1gh9mn69
580	p. 1-C-220	https://image-tor.canadiana.ca/iiif/2/69429%2Fc0r20rr1zw4v
581	p. 1-C-221	https://image-tor.canadiana.ca/iiif/2/69429%2Fc0m901z4b418
582	p. 1-C-222	https://image-tor.canadiana.ca/iiif/2/69429%2Fc0gm81j9hh2f
583	p. 1-C-223	https://image-tor.canadiana.ca/iiif/2/69429%2Fc0bv79s1vr2v
584	p. 1-C-224	https://image-tor.canadiana.ca/iiif/2/69429%2Fc0736m04701s
585	p. 1-C-225	https://image-tor.canadiana.ca/iiif/2/69429%2Fc03b5w66k684
586	p. 1-C-226	https://image-tor.canadiana.ca/iiif/2/69429%2Fc0zk55d8xw8g
587	p. 1-C-227	https://image-tor.canadiana.ca/iiif/2/69429%2Fc0tt4fn1946q
588	p. 1-C-228	https://image-tor.canadiana.ca/iiif/2/69429%2Fc0q52f76gh7r
589	p. 1-C-229	https://image-tor.canadiana.ca/iiif/2/69429%2Fc0kd1qf8tr5c
590	p. 1-C-230	https://image-tor.canadiana.ca/iiif/2/69429%2Fc0fn10p1604k
591	p. 1-C-231	https://image-tor.canadiana.ca/iiif/2/69429%2Fc09w08w3j74c
592	p. 1-C-232	https://image-tor.canadiana.ca/iiif/2/69429%2Fc0639k35wg00
593	p. 1-C-233	https://image-tor.canadiana.ca/iiif/2/69429%2Fc02b8v987p90
594	p. 1-C-234	https://image-tor.canadiana.ca/iiif/2/69429%2Fc0xk84j0mc8w
595	p. 1-C-235	https://image-tor.canadiana.ca/iiif/2/69429%2Fc0sx6445sr9m
596	p. 1-C-236	https://image-tor.canadiana.ca/iiif/2/69429%2Fc0p55db8507j
597	p. 1-C-237	https://image-tor.canadiana.ca/iiif/2/69429%2Fc0jd4pk0h76c
598	p. 1-C-238	https://image-tor.canadiana.ca/iiif/2/69429%2Fc0dn3zs2vg40
599	p. 1-C-239	https://image-tor.canadiana.ca/iiif/2/69429%2Fc08w38056q2w
600	p. 1-C-240	https://image-tor.canadiana.ca/iiif/2/69429%2Fc0542j67jz0t
601	p. 1-C-241	https://image-tor.canadiana.ca/iiif/2/69429%2Fc01c1td9x588
602	p. 1-C-242	https://image-tor.canadiana.ca/iiif/2/69429%2Fc0wp9t15412p
603	p. 1-C-243	https://image-tor.canadiana.ca/iiif/2/69429%2Fc0rx9377g79d
604	p. 1-C-244	https://image-tor.canadiana.ca/iiif/2/69429%2Fc0n58cf9tg9h
605	p. 1-C-245	https://image-tor.canadiana.ca/iiif/2/69429%2Fc0hd7np25q8t
606	p. 1-C-246	https://image-tor.canadiana.ca/iiif/2/69429%2Fc0cn6xw4hz5v
607	p. 1-C-247	https://image-tor.canadiana.ca/iiif/2/69429%2Fc07w6736w626
608	p. 1-C-248	https://image-tor.canadiana.ca/iiif/2/69429%2Fc0445h997f0m
609	p. 1-C-249	https://image-tor.canadiana.ca/iiif/2/69429%2Fc00g3gx4dt24
610	p. 1-C-250	https://image-tor.canadiana.ca/iiif/2/69429%2Fc0vq2s46sh1f
611	p. 1-C-251	https://image-tor.canadiana.ca/iiif/2/69429%2Fc0qz22b94r0h
612	p. 1-C-252	https://image-tor.canadiana.ca/iiif/2/69429%2Fc0m61bk1h00r
613	p. 1-C-253	https://image-tor.canadiana.ca/iiif/2/69429%2Fc0gf0ms3v66h
614	p. 1-C-254	https://image-tor.canadiana.ca/iiif/2/69429%2Fc0bn9x066f52
615	p. 1-C-255	https://image-tor.canadiana.ca/iiif/2/69429%2Fc06w9668jp2g
616	p. 1-C-256	https://image-tor.canadiana.ca/iiif/2/69429%2Fc03775t3r237
617	p. 1-C-257	https://image-tor.canadiana.ca/iiif/2/69429%2Fc0zg6g163r33
618	p. 1-C-258	https://image-tor.canadiana.ca/iiif/2/69429%2Fc0tq5r78g02t
619	p. 1-C-259	https://image-tor.canadiana.ca/iiif/2/69429%2Fc0pz51g0t70f
620	p. 1-C-260	https://image-tor.canadiana.ca/iiif/2/69429%2Fc0k649p35f85
621	p. 1-C-261	https://image-tor.canadiana.ca/iiif/2/69429%2Fc0ff3kw5hp56
622	p. 1-C-262	https://image-tor.canadiana.ca/iiif/2/69429%2Fc09p2w37vx37
623	p. 1-C-263	https://image-tor.canadiana.ca/iiif/2/69429%2Fc0610vq3296n
624	p. 1-C-264	https://image-tor.canadiana.ca/iiif/2/69429%2Fc02804x5dj32
625	p. 1-C-265	https://image-tor.canadiana.ca/iiif/2/69429%2Fc0xg9f47s75k
626	p. 1-C-266	https://image-tor.canadiana.ca/iiif/2/69429%2Fc0sq8qc04g39
627	p. 1-C-267	https://image-tor.canadiana.ca/iiif/2/69429%2Fc0nz80k2gq0q
628	p. 1-C-268	https://image-tor.canadiana.ca/iiif/2/69429%2Fc0j678s4tx7c
629	p. 1-C-269	https://image-tor.canadiana.ca/iiif/2/69429%2Fc0df6k07655d
630	p. 1-C-270	https://image-tor.canadiana.ca/iiif/2/69429%2Fc08s4jm2cj8h
631	p. 1-C-271	https://image-tor.canadiana.ca/iiif/2/69429%2Fc0513tt4qs6f
632	p. 1-C-272	https://image-tor.canadiana.ca/iiif/2/69429%2Fc0183417315f
633	p. 1-C-273	https://image-tor.canadiana.ca/iiif/2/69429%2Fc0wh2d79fq5d
634	p. 1-C-274	https://image-tor.canadiana.ca/iiif/2/69429%2Fc0rr1pg1sz1g
635	p. 1-C-275	https://image-tor.canadiana.ca/iiif/2/69429%2Fc0n00zp45600
636	p. 1-C-276	https://image-tor.canadiana.ca/iiif/2/69429%2Fc0h707w6hd7q
637	p. 1-C-277	https://image-tor.canadiana.ca/iiif/2/69429%2Fc0cj87h1ps8h
638	p. 1-C-278	https://image-tor.canadiana.ca/iiif/2/69429%2Fc07s7hq42164
639	p. 1-C-279	https://image-tor.canadiana.ca/iiif/2/69429%2Fc0416sx6d867
640	p. 1-C-280	https://image-tor.canadiana.ca/iiif/2/69429%2Fc0086348rh32
641	p. 1-C-281	https://image-tor.canadiana.ca/iiif/2/69429%2Fc0vh5cc14647
642	p. 1-C-282	https://image-tor.canadiana.ca/iiif/2/69429%2Fc0qr4nk3gf2v
643	p. 1-C-283	https://image-tor.canadiana.ca/iiif/2/69429%2Fc0m03xs5tp1c
644	p. 1-C-284	https://image-tor.canadiana.ca/iiif/2/69429%2Fc0gb1xd11214
645	p. 1-C-285	https://image-tor.canadiana.ca/iiif/2/69429%2Fc0bk16m3c89f
646	p. 1-C-286	https://image-tor.canadiana.ca/iiif/2/69429%2Fc06t0gt5qh97
647	p. 1-C-287	https://image-tor.canadiana.ca/iiif/2/69429%2Fc0319s182r6x
648	p. 1-C-288	https://image-tor.canadiana.ca/iiif/2/69429%2Fc0z89280ff6d
649	p. 1-C-289	https://image-tor.canadiana.ca/iiif/2/69429%2Fc0th8bg2sp3f
650	p. 1-C-290	https://image-tor.canadiana.ca/iiif/2/69429%2Fc0pv6b28026b
651	p. 1-C-291	https://image-tor.canadiana.ca/iiif/2/69429%2Fc0k35m90b939
652	p. 1-C-292	https://image-tor.canadiana.ca/iiif/2/69429%2Fc0fb4wh2pj2h
653	p. 1-C-293	https://image-tor.canadiana.ca/iiif/2/69429%2Fc09k45q51s1k
654	p. 1-C-294	https://image-tor.canadiana.ca/iiif/2/69429%2Fc05t3fx7d091
655	p. 1-C-295	https://image-tor.canadiana.ca/iiif/2/69429%2Fc0222r49r76s
656	p. 1-C-296	https://image-tor.canadiana.ca/iiif/2/69429%2Fc0x921c23x7t
657	p. 1-C-297	https://image-tor.canadiana.ca/iiif/2/69429%2Fc0sn00z7998n
658	p. 1-C-298	https://image-tor.canadiana.ca/iiif/2/69429%2Fc0nv9959nj5j
659	p. 1-C-299	https://image-tor.canadiana.ca/iiif/2/69429%2Fc0j38kd20s45
660	p. 1-C-300	https://image-tor.canadiana.ca/iiif/2/69429%2Fc0db7vm4c14g
661	p. 1-C-301	https://image-tor.canadiana.ca/iiif/2/69429%2Fc08k74t6q809
662	p. 1-C-302	https://image-tor.canadiana.ca/iiif/2/69429%2Fc04t6f192g9q
663	p. 1-C-303	https://image-tor.canadiana.ca/iiif/2/69429%2Fc0125q81dq6p
664	p. 1-C-304	https://image-tor.canadiana.ca/iiif/2/69429%2Fc0wd3pv6mk04
665	p. 1-C-305	https://image-tor.canadiana.ca/iiif/2/69429%2Fc0rn3028zs8v
666	p. 1-C-306	https://image-tor.canadiana.ca/iiif/2/69429%2Fc0mw2891b163
667	p. 1-C-307	https://image-tor.canadiana.ca/iiif/2/69429%2Fc0h41jh3p866
668	p. 1-C-308	https://image-tor.canadiana.ca/iiif/2/69429%2Fc0cc0tq61h3q
669	p. 1-C-309	https://image-tor.canadiana.ca/iiif/2/69429%2Fc07m03x8cr04
670	p. 1-C-310	https://image-tor.canadiana.ca/iiif/2/69429%2Fc03t9d50qz7z
671	p. 1-C-311	https://image-tor.canadiana.ca/iiif/2/69429%2Fc0057cr5xc24
672	p. 1-C-312	https://image-tor.canadiana.ca/iiif/2/69429%2Fc0vd6nz8921h
673	p. 1-C-313	https://image-tor.canadiana.ca/iiif/2/69429%2Fc0qn5z60n90r
674	p. 1-C-314	https://image-tor.canadiana.ca/iiif/2/69429%2Fc0kw57d30h8j
675	p. 1-C-315	https://image-tor.canadiana.ca/iiif/2/69429%2Fc0g44hm5br6g
676	p. 1-C-316	https://image-tor.canadiana.ca/iiif/2/69429%2Fc0bc3st7q02f
677	p. 1-C-317	https://image-tor.canadiana.ca/iiif/2/69429%2Fc06m3320270z
678	p. 1-C-318	https://image-tor.canadiana.ca/iiif/2/69429%2Fc02z12n57m3f
679	p. 1-C-319	https://image-tor.canadiana.ca/iiif/2/69429%2Fc0z60bv7m92n
680	p. 1-C-320	https://image-tor.canadiana.ca/iiif/2/69429%2Fc0td9n29zj1q
681	p. 1-C-321	https://image-tor.canadiana.ca/iiif/2/69429%2Fc0pn8x929s1m
682	p. 1-C-322	https://image-tor.canadiana.ca/iiif/2/69429%2Fc0jw86h4p08v
683	p. 1-C-323	https://image-tor.canadiana.ca/iiif/2/69429%2Fc0f47gq7175p
684	p. 1-C-324	https://image-tor.canadiana.ca/iiif/2/69429%2Fc09c6rx9cg2q
685	p. 1-C-325	https://image-tor.canadiana.ca/iiif/2/69429%2Fc05q4rj4jv4n
686	p. 1-C-326	https://image-tor.canadiana.ca/iiif/2/69429%2Fc01z41r6x33r
687	p. 1-C-327	https://image-tor.canadiana.ca/iiif/2/69429%2Fc0x639z98s3h
688	p. 1-C-328	https://image-tor.canadiana.ca/iiif/2/69429%2Fc0sf2m61n11p
689	p. 1-C-329	https://image-tor.canadiana.ca/iiif/2/69429%2Fc0np1wd4077x
690	p. 1-C-330	https://image-tor.canadiana.ca/iiif/2/69429%2Fc0hx15m6bg5x
691	p. 1-C-331	https://image-tor.canadiana.ca/iiif/2/69429%2Fc0d50ft8pq28
692	p. 1-C-332	https://image-tor.canadiana.ca/iiif/2/69429%2Fc08g8ff3w37x
693	p. 1-C-333	https://image-tor.canadiana.ca/iiif/2/69429%2Fc04q7qn67b4f
694	p. 1-D-1	https://image-tor.canadiana.ca/iiif/2/69429%2Fc00z70v8kk4m
695	p. 1-D-2	https://image-tor.canadiana.ca/iiif/2/69429%2Fc0w66930z83v
696	p. 1-D-3	https://image-tor.canadiana.ca/iiif/2/69429%2Fc0rf5k939h1z
697	p. 1-D-4	https://image-tor.canadiana.ca/iiif/2/69429%2Fc0mp4vh5nq89
698	p. 1-D-5	https://image-tor.canadiana.ca/iiif/2/69429%2Fc0gx44q80z6s
699	p. 1-D-6	https://image-tor.canadiana.ca/iiif/2/69429%2Fc0c824b36b94
700	p. 1-D-7	https://image-tor.canadiana.ca/iiif/2/69429%2Fc07h1dj5jk65
701	p. 1-D-8	https://image-tor.canadiana.ca/iiif/2/69429%2Fc03r0pr7wt5c
702	p. 1-D-9	https://image-tor.canadiana.ca/iiif/2/69429%2Fc0000000823q
703	p. 1-D-10	https://image-tor.canadiana.ca/iiif/2/69429%2Fc0v69862mr2j
704	p. 1-D-11	https://image-tor.canadiana.ca/iiif/2/69429%2Fc0qf8jd5001r
705	p. 1-D-12	https://image-tor.canadiana.ca/iiif/2/69429%2Fc0kp7tm7b683
706	p. 1-D-13	https://image-tor.canadiana.ca/iiif/2/69429%2Fc0g15t72hk9r
707	p. 1-D-14	https://image-tor.canadiana.ca/iiif/2/69429%2Fc0b853f4vt8b
708	p. 1-D-15	https://image-tor.canadiana.ca/iiif/2/69429%2Fc06h4cn7727j
709	p. 1-D-16	https://image-tor.canadiana.ca/iiif/2/69429%2Fc02r3nv9k955
710	p. 1-D-17	https://image-tor.canadiana.ca/iiif/2/69429%2Fc0z02z31z03t
711	p. 1-D-18	https://image-tor.canadiana.ca/iiif/2/69429%2Fc0t72794972w
712	p. 1-D-19	https://image-tor.canadiana.ca/iiif/2/69429%2Fc0pk06w9gm5c
713	p. 1-D-20	https://image-tor.canadiana.ca/iiif/2/69429%2Fc0js9h41tv2w
714	p. 1-D-21	https://image-tor.canadiana.ca/iiif/2/69429%2Fc0f18sb4630t
715	p. 1-D-22	https://image-tor.canadiana.ca/iiif/2/69429%2Fc09882j6jb00
716	p. 1-D-23	https://image-tor.canadiana.ca/iiif/2/69429%2Fc05h7br8wj7b
717	p. 1-D-24	https://image-tor.canadiana.ca/iiif/2/69429%2Fc01r6n017s5g
718	p. 1-D-25	https://image-tor.canadiana.ca/iiif/2/69429%2Fc0x05x63mg58
719	p. 1-D-26	https://image-tor.canadiana.ca/iiif/2/69429%2Fc0sb3ws8sv6k
720	p. 1-D-27	https://image-tor.canadiana.ca/iiif/2/69429%2Fc0nk36115356
721	p. 1-D-28	https://image-tor.canadiana.ca/iiif/2/69429%2Fc0ht2g73hb3t
722	p. 1-D-29	https://image-tor.canadiana.ca/iiif/2/69429%2Fc0d21rf5vk2b
723	p. 1-D-30	https://image-tor.canadiana.ca/iiif/2/69429%2Fc08911n86t0t
724	p. 1-D-31	https://image-tor.canadiana.ca/iiif/2/69429%2Fc04j09w0k179
725	p. 1-D-32	https://image-tor.canadiana.ca/iiif/2/69429%2Fc00r9m32x85s
726	p. 1-D-33	https://image-tor.canadiana.ca/iiif/2/69429%2Fc0w37kp8439b
727	p. 1-D-34	https://image-tor.canadiana.ca/iiif/2/69429%2Fc0rb6vx0gb60
728	p. 1-D-35	https://image-tor.canadiana.ca/iiif/2/69429%2Fc0mk6542tk4d
729	p. 1-D-36	https://image-tor.canadiana.ca/iiif/2/69429%2Fc0gt5fb55t33
730	p. 1-D-37	https://image-tor.canadiana.ca/iiif/2/69429%2Fc0c24qj7j21j
731	p. 1-D-38	https://image-tor.canadiana.ca/iiif/2/69429%2Fc07940r9w87p
732	p. 1-D-39	https://image-tor.canadiana.ca/iiif/2/69429%2Fc03j39027h6d
733	p. 1-D-40	https://image-tor.canadiana.ca/iiif/2/69429%2Fc0zw18k7fc21
734	p. 1-D-41	https://image-tor.canadiana.ca/iiif/2/69429%2Fc0v40js9sk9p
735	p. 1-D-42	https://image-tor.canadiana.ca/iiif/2/69429%2Fc0qb9v124t78
736	p. 1-D-43	https://image-tor.canadiana.ca/iiif/2/69429%2Fc0kk9474h27z
737	p. 1-D-44	https://image-tor.canadiana.ca/iiif/2/69429%2Fc0ft8df6v93d
738	p. 1-D-45	https://image-tor.canadiana.ca/iiif/2/69429%2Fc0b27pn96j1t
739	p. 1-D-46	https://image-tor.canadiana.ca/iiif/2/69429%2Fc0696zw1jr8s
740	p. 1-D-47	https://image-tor.canadiana.ca/iiif/2/69429%2Fc02n4zg6r51w
741	p. 1-D-48	https://image-tor.canadiana.ca/iiif/2/69429%2Fc0xw47p93v1q
742	p. 1-D-49	https://image-tor.canadiana.ca/iiif/2/69429%2Fc0t43hx1g293
743	p. 1-D-50	https://image-tor.canadiana.ca/iiif/2/69429%2Fc0pc2t43t98q
744	p. 1-D-51	https://image-tor.canadiana.ca/iiif/2/69429%2Fc0jm23b65j66
745	p. 1-D-52	https://image-tor.canadiana.ca/iiif/2/69429%2Fc0dv1cj8hs37
746	p. 1-D-53	https://image-tor.canadiana.ca/iiif/2/69429%2Fc0930ns0w119
747	p. 1-D-54	https://image-tor.canadiana.ca/iiif/2/69429%2Fc05d8nc62d3j
748	p. 1-D-55	https://image-tor.canadiana.ca/iiif/2/69429%2Fc01n7xk8dn0k
749	p. 1-D-56	https://image-tor.canadiana.ca/iiif/2/69429%2Fc0ww76t0sb1n
750	p. 1-D-57	https://image-tor.canadiana.ca/iiif/2/69429%2Fc0s46h134k02
751	p. 1-D-58	https://image-tor.canadiana.ca/iiif/2/69429%2Fc0nc5s75gs7d
752	p. 1-D-59	https://image-tor.canadiana.ca/iiif/2/69429%2Fc0hm52f7v13r
753	p. 1-D-60	https://image-tor.canadiana.ca/iiif/2/69429%2Fc0cv4bp0681g
754	p. 1-D-61	https://image-tor.canadiana.ca/iiif/2/69429%2Fc0862b85cn58
755	p. 1-D-62	https://image-tor.canadiana.ca/iiif/2/69429%2Fc04f1mg7qw29
756	p. 1-D-63	https://image-tor.canadiana.ca/iiif/2/69429%2Fc00p0wq03414
757	p. 1-D-64	https://image-tor.canadiana.ca/iiif/2/69429%2Fc0vx05x2ft22
758	p. 1-D-65	https://image-tor.canadiana.ca/iiif/2/69429%2Fc0r49g44t18h
759	p. 1-D-66	https://image-tor.canadiana.ca/iiif/2/69429%2Fc0mc8rb7586m
760	p. 1-D-67	https://image-tor.canadiana.ca/iiif/2/69429%2Fc0gm81j9hh31
761	p. 1-D-68	https://image-tor.canadiana.ca/iiif/2/69429%2Fc0bz6154pw74
762	p. 1-D-69	https://image-tor.canadiana.ca/iiif/2/69429%2Fc07659c72452
763	p. 1-D-70	https://image-tor.canadiana.ca/iiif/2/69429%2Fc03f4kk9dc48
764	p. 1-D-71	https://image-tor.canadiana.ca/iiif/2/69429%2Fc0zp3vt1s23s
765	p. 1-D-72	https://image-tor.canadiana.ca/iiif/2/69429%2Fc0tx3514491p
766	p. 1-D-73	https://image-tor.canadiana.ca/iiif/2/69429%2Fc0q52f76gh8b
767	p. 1-D-74	https://image-tor.canadiana.ca/iiif/2/69429%2Fc0kd1qf8tr6z
768	p. 1-D-75	https://image-tor.canadiana.ca/iiif/2/69429%2Fc0fq9q24148b
769	p. 1-D-76	https://image-tor.canadiana.ca/iiif/2/69429%2Fc09z9086cc5r
770	p. 1-D-77	https://image-tor.canadiana.ca/iiif/2/69429%2Fc06688g8qm5v
771	p. 1-D-78	https://image-tor.canadiana.ca/iiif/2/69429%2Fc02f7jq12v3k
772	p. 1-D-79	https://image-tor.canadiana.ca/iiif/2/69429%2Fc0xp6tx3fj2g
773	p. 1-D-80	https://image-tor.canadiana.ca/iiif/2/69429%2Fc0sx6445ss0w
774	p. 1-D-81	https://image-tor.canadiana.ca/iiif/2/69429%2Fc0p55db85084
775	p. 1-D-82	https://image-tor.canadiana.ca/iiif/2/69429%2Fc0jh3cz3bd0b
776	p. 1-D-83	https://image-tor.canadiana.ca/iiif/2/69429%2Fc0dr2p55pm8p
777	p. 1-D-84	https://image-tor.canadiana.ca/iiif/2/69429%2Fc0901zc81v7p
778	p. 1-D-85	https://image-tor.canadiana.ca/iiif/2/69429%2Fc05717m0d35t
779	p. 1-D-86	https://image-tor.canadiana.ca/iiif/2/69429%2Fc01g0ht2rb18
780	p. 1-D-87	https://image-tor.canadiana.ca/iiif/2/69429%2Fc0wp9t154138
781	p. 1-D-88	https://image-tor.canadiana.ca/iiif/2/69429%2Fc0s17sn09d53
782	p. 1-D-89	https://image-tor.canadiana.ca/iiif/2/69429%2Fc0n872v2nn2h
783	p. 1-D-90	https://image-tor.canadiana.ca/iiif/2/69429%2Fc0hh6c250w01
784	p. 1-D-91	https://image-tor.canadiana.ca/iiif/2/69429%2Fc0cr5n87c40b
785	p. 1-D-92	https://image-tor.canadiana.ca/iiif/2/69429%2Fc0804xg9qb8k
786	p. 1-D-93	https://image-tor.canadiana.ca/iiif/2/69429%2Fc04746q22k53
787	p. 1-D-94	https://image-tor.canadiana.ca/iiif/2/69429%2Fc00g3gx4dt3q
788	p. 1-D-95	https://image-tor.canadiana.ca/iiif/2/69429%2Fc0vt1gh9mn7w
789	p. 1-D-96	https://image-tor.canadiana.ca/iiif/2/69429%2Fc0r20rr1zw5f
790	p. 1-D-97	https://image-tor.canadiana.ca/iiif/2/69429%2Fc0m901z4b42v
791	p. 1-D-98	https://image-tor.canadiana.ca/iiif/2/69429%2Fc0gh9b56pc2h
792	p. 1-D-99	https://image-tor.canadiana.ca/iiif/2/69429%2Fc0br8mc91k8r
793	p. 1-D-100	https://image-tor.canadiana.ca/iiif/2/69429%2Fc0707wm1ct69
794	p. 1-D-101	https://image-tor.canadiana.ca/iiif/2/69429%2Fc03775t3r24t
795	p. 1-D-102	https://image-tor.canadiana.ca/iiif/2/69429%2Fc0zk55d8xw92
796	p. 1-D-103	https://image-tor.canadiana.ca/iiif/2/69429%2Fc0tt4fn19479
797	p. 1-D-104	https://image-tor.canadiana.ca/iiif/2/69429%2Fc0q23qv3nc57
798	p. 1-D-105	https://image-tor.canadiana.ca/iiif/2/69429%2Fc0k931260m4q
799	p. 1-D-106	https://image-tor.canadiana.ca/iiif/2/69429%2Fc0fj2988bv2b
800	p. 1-D-107	https://image-tor.canadiana.ca/iiif/2/69429%2Fc09s1kh0q287
801	p. 1-D-108	https://image-tor.canadiana.ca/iiif/2/69429%2Fc0610vq32977
802	p. 1-D-109	https://image-tor.canadiana.ca/iiif/2/69429%2Fc02b8v987q08
803	p. 1-D-110	https://image-tor.canadiana.ca/iiif/2/69429%2Fc0xk84j0mc9g
804	p. 1-D-111	https://image-tor.canadiana.ca/iiif/2/69429%2Fc0st7dr2zm6h
805	p. 1-D-112	https://image-tor.canadiana.ca/iiif/2/69429%2Fc0p26pz59v63
806	p. 1-D-113	https://image-tor.canadiana.ca/iiif/2/69429%2Fc0j96057p341
807	p. 1-D-114	https://image-tor.canadiana.ca/iiif/2/69429%2Fc0dj58d01b15
808	p. 1-D-115	https://image-tor.canadiana.ca/iiif/2/69429%2Fc08s4jm2cj93
809	p. 1-D-116	https://image-tor.canadiana.ca/iiif/2/69429%2Fc0542j67jz1d
810	p. 1-D-117	https://image-tor.canadiana.ca/iiif/2/69429%2Fc01c1td9x59v
811	p. 1-D-118	https://image-tor.canadiana.ca/iiif/2/69429%2Fc0wm13n28v8q
812	p. 1-D-119	https://image-tor.canadiana.ca/iiif/2/69429%2Fc0rv0cv4n381
813	p. 1-D-120	https://image-tor.canadiana.ca/iiif/2/69429%2Fc0n29p270b44
814	p. 1-D-121	https://image-tor.canadiana.ca/iiif/2/69429%2Fc0h98z89bk2r
815	p. 1-D-122	https://image-tor.canadiana.ca/iiif/2/69429%2Fc0cj87h1ps93
816	p. 1-D-123	https://image-tor.canadiana.ca/iiif/2/69429%2Fc07w6736w63s
817	p. 1-D-124	https://image-tor.canadiana.ca/iiif/2/69429%2Fc0445h997f16
818	p. 1-D-125	https://image-tor.canadiana.ca/iiif/2/69429%2Fc00c4sj1kn9r
819	p. 1-D-126	https://image-tor.canadiana.ca/iiif/2/69429%2Fc0vm42r3zb9m
820	p. 1-D-127	https://image-tor.canadiana.ca/iiif/2/69429%2Fc0qv3bz69k7q
821	p. 1-D-128	https://image-tor.canadiana.ca/iiif/2/69429%2Fc0m32n58nt3w
822	p. 1-D-129	https://image-tor.canadiana.ca/iiif/2/69429%2Fc0gb1xd1122q
823	p. 1-D-130	https://image-tor.canadiana.ca/iiif/2/69429%2Fc0bn9x066f6n
824	p. 1-D-131	https://image-tor.canadiana.ca/iiif/2/69429%2Fc06w9668jp32
825	p. 1-D-132	https://image-tor.canadiana.ca/iiif/2/69429%2Fc0348gf0wx1m
826	p. 1-D-133	https://image-tor.canadiana.ca/iiif/2/69429%2Fc0zc7rn38m25
827	p. 1-D-134	https://image-tor.canadiana.ca/iiif/2/69429%2Fc0tm71v5mt9w
828	p. 1-D-135	https://image-tor.canadiana.ca/iiif/2/69429%2Fc0pv6b28027x
829	p. 1-D-136	https://image-tor.canadiana.ca/iiif/2/69429%2Fc0k35m90b94w
830	p. 1-D-137	https://image-tor.canadiana.ca/iiif/2/69429%2Fc0ff3kw5hp6s
831	p. 1-D-138	https://image-tor.canadiana.ca/iiif/2/69429%2Fc09p2w37vx4t
832	p. 1-D-139	https://image-tor.canadiana.ca/iiif/2/69429%2Fc05x25b0752f
833	p. 1-D-140	https://image-tor.canadiana.ca/iiif/2/69429%2Fc0251fj2kd1z
834	p. 1-D-141	https://image-tor.canadiana.ca/iiif/2/69429%2Fc0xd0qr4z29k
835	p. 1-D-142	https://image-tor.canadiana.ca/iiif/2/69429%2Fc0sn00z79997
836	p. 1-D-143	https://image-tor.canadiana.ca/iiif/2/69429%2Fc0nv9959nj64
837	p. 1-D-144	https://image-tor.canadiana.ca/iiif/2/69429%2Fc0j678s4tx8z
838	p. 1-D-145	https://image-tor.canadiana.ca/iiif/2/69429%2Fc0df6k076560
839	p. 1-D-146	https://image-tor.canadiana.ca/iiif/2/69429%2Fc08p5v69jd56
840	p. 1-D-147	https://image-tor.canadiana.ca/iiif/2/69429%2Fc04x54f1wn3t
841	p. 1-D-148	https://image-tor.canadiana.ca/iiif/2/69429%2Fc0154dn47w17
842	p. 1-D-149	https://image-tor.canadiana.ca/iiif/2/69429%2Fc0wd3pv6mk1q
843	p. 1-D-150	https://image-tor.canadiana.ca/iiif/2/69429%2Fc0rr1pg1sz22
844	p. 1-D-151	https://image-tor.canadiana.ca/iiif/2/69429%2Fc0n00zp4561k
845	p. 1-D-152	https://image-tor.canadiana.ca/iiif/2/69429%2Fc0h707w6hd89
846	p. 1-D-153	https://image-tor.canadiana.ca/iiif/2/69429%2Fc0cf9j38vn7c
847	p. 1-D-154	https://image-tor.canadiana.ca/iiif/2/69429%2Fc07p8tb16w78
848	p. 1-D-155	https://image-tor.canadiana.ca/iiif/2/69429%2Fc03x83j3k446
849	p. 1-D-156	https://image-tor.canadiana.ca/iiif/2/69429%2Fc0057cr5xc3q
850	p. 1-D-157	https://image-tor.canadiana.ca/iiif/2/69429%2Fc0vh5cc1465t
851	p. 1-D-158	https://image-tor.canadiana.ca/iiif/2/69429%2Fc0qr4nk3gf3f
852	p. 1-D-159	https://image-tor.canadiana.ca/iiif/2/69429%2Fc0m03xs5tp2z
853	p. 1-D-160	https://image-tor.canadiana.ca/iiif/2/69429%2Fc0g737085x0v
854	p. 1-D-161	https://image-tor.canadiana.ca/iiif/2/69429%2Fc0bg2h70j49h
855	p. 1-D-162	https://image-tor.canadiana.ca/iiif/2/69429%2Fc06q1sf2wc5z
856	p. 1-D-163	https://image-tor.canadiana.ca/iiif/2/69429%2Fc02z12n57m41
857	p. 1-D-164	https://image-tor.canadiana.ca/iiif/2/69429%2Fc0z89280ff70
858	p. 1-D-165	https://image-tor.canadiana.ca/iiif/2/69429%2Fc0th8bg2sp41
859	p. 1-D-166	https://image-tor.canadiana.ca/iiif/2/69429%2Fc0pr7mp54x1j
860	p. 1-D-167	https://image-tor.canadiana.ca/iiif/2/69429%2Fc0k06ww7h515
861	p. 1-D-168	https://image-tor.canadiana.ca/iiif/2/69429%2Fc0f76639vc9w
862	p. 1-D-169	https://image-tor.canadiana.ca/iiif/2/69429%2Fc09g5gb26m7m
863	p. 1-D-170	https://image-tor.canadiana.ca/iiif/2/69429%2Fc05q4rj4jv57
864	p. 1-D-171	https://image-tor.canadiana.ca/iiif/2/69429%2Fc0222r49r77c
865	p. 1-D-172	https://image-tor.canadiana.ca/iiif/2/69429%2Fc0x921c23x8d
866	p. 1-D-173	https://image-tor.canadiana.ca/iiif/2/69429%2Fc0sj19k4g55z
867	p. 1-D-174	https://image-tor.canadiana.ca/iiif/2/69429%2Fc0ns0ks6td5r
868	p. 1-D-175	https://image-tor.canadiana.ca/iiif/2/69429%2Fc0j09w095n31
869	p. 1-D-176	https://image-tor.canadiana.ca/iiif/2/69429%2Fc0d79571hw02
870	p. 1-D-177	https://image-tor.canadiana.ca/iiif/2/69429%2Fc08g8ff3w38h
871	p. 1-D-178	https://image-tor.canadiana.ca/iiif/2/69429%2Fc04t6f192h00
872	p. 1-D-179	https://image-tor.canadiana.ca/iiif/2/69429%2Fc0125q81dq78
873	p. 1-D-180	https://image-tor.canadiana.ca/iiif/2/69429%2Fc0w950g3sd74
874	p. 1-D-181	https://image-tor.canadiana.ca/iiif/2/69429%2Fc0rj48p64n6t
875	p. 1-D-182	https://image-tor.canadiana.ca/iiif/2/69429%2Fc0ms3jw8gw51
876	p. 1-D-183	https://image-tor.canadiana.ca/iiif/2/69429%2Fc0h12v40v41b
877	p. 1-D-184	https://image-tor.canadiana.ca/iiif/2/69429%2Fc0c824b36c0d
878	p. 1-D-185	https://image-tor.canadiana.ca/iiif/2/69429%2Fc07m03x8cr1q
879	p. 1-D-186	https://image-tor.canadiana.ca/iiif/2/69429%2Fc03t9d50qz8j
880	p. 1-D-187	https://image-tor.canadiana.ca/iiif/2/69429%2Fc0028pc3366g
881	p. 1-D-188	https://image-tor.canadiana.ca/iiif/2/69429%2Fc0v97zk5fw8m
882	p. 1-D-189	https://image-tor.canadiana.ca/iiif/2/69429%2Fc0qj77s7t44z
883	p. 1-D-190	https://image-tor.canadiana.ca/iiif/2/69429%2Fc0ks6j105c23
884	p. 1-D-191	https://image-tor.canadiana.ca/iiif/2/69429%2Fc0g15t72hm01
885	p. 1-D-192	https://image-tor.canadiana.ca/iiif/2/69429%2Fc0bc3st7q031
886	p. 1-D-193	https://image-tor.canadiana.ca/iiif/2/69429%2Fc06m3320271j
887	p. 1-D-194	https://image-tor.canadiana.ca/iiif/2/69429%2Fc02v2c82df9g
888	p. 1-D-195	https://image-tor.canadiana.ca/iiif/2/69429%2Fc0z31ng4s514
889	p. 1-D-196	https://image-tor.canadiana.ca/iiif/2/69429%2Fc0tb0xp74c8z
890	p. 1-D-197	https://image-tor.canadiana.ca/iiif/2/69429%2Fc0pk06w9gm6z
891	p. 1-D-198	https://image-tor.canadiana.ca/iiif/2/69429%2Fc0js9h41tv3g
892	p. 1-D-199	https://image-tor.canadiana.ca/iiif/2/69429%2Fc0f47gq71768
893	p. 1-D-200	https://image-tor.canadiana.ca/iiif/2/69429%2Fc09c6rx9cg39
894	p. 1-D-201	https://image-tor.canadiana.ca/iiif/2/69429%2Fc05m6251qq1b
895	p. 1-D-202	https://image-tor.canadiana.ca/iiif/2/69429%2Fc01v5bc42x9r
896	p. 1-D-203	https://image-tor.canadiana.ca/iiif/2/69429%2Fc0x34mk6fm9j
897	p. 1-D-204	https://image-tor.canadiana.ca/iiif/2/69429%2Fc0sb3ws8sv75
898	p. 1-D-205	https://image-tor.canadiana.ca/iiif/2/69429%2Fc0nk3611536s
899	p. 1-D-206	https://image-tor.canadiana.ca/iiif/2/69429%2Fc0hx15m6bg6h
900	p. 1-D-207	https://image-tor.canadiana.ca/iiif/2/69429%2Fc0d50ft8pq3v
901	p. 1-D-208	https://image-tor.canadiana.ca/iiif/2/69429%2Fc08c9r211z21
902	p. 1-D-209	https://image-tor.canadiana.ca/iiif/2/69429%2Fc04m9183d62q
903	p. 1-D-210	https://image-tor.canadiana.ca/iiif/2/69429%2Fc00v89g5rd8g
904	p. 1-D-211	https://image-tor.canadiana.ca/iiif/2/69429%2Fc0w37kp8440m
905	p. 1-D-212	https://image-tor.canadiana.ca/iiif/2/69429%2Fc0rf5k939h2j
906	p. 1-D-213	https://image-tor.canadiana.ca/iiif/2/69429%2Fc0mp4vh5nq9w
907	p. 1-D-214	https://image-tor.canadiana.ca/iiif/2/69429%2Fc0gx44q80z7c
908	p. 1-D-215	https://image-tor.canadiana.ca/iiif/2/69429%2Fc0c53dz0c65f
909	p. 1-D-216	https://image-tor.canadiana.ca/iiif/2/69429%2Fc07d2q52qf5n
910	p. 1-D-217	https://image-tor.canadiana.ca/iiif/2/69429%2Fc03n20c52p2j
911	p. 1-D-218	https://image-tor.canadiana.ca/iiif/2/69429%2Fc0zw18k7fc3m
912	p. 1-D-219	https://image-tor.canadiana.ca/iiif/2/69429%2Fc0v69862mr34
913	p. 1-D-220	https://image-tor.canadiana.ca/iiif/2/69429%2Fc0qf8jd5002b
914	p. 1-D-221	https://image-tor.canadiana.ca/iiif/2/69429%2Fc0kp7tm7b69p
915	p. 1-D-222	https://image-tor.canadiana.ca/iiif/2/69429%2Fc0fx73t9pf88
916	p. 1-D-223	https://image-tor.canadiana.ca/iiif/2/69429%2Fc0b56d221p6q
917	p. 1-D-224	https://image-tor.canadiana.ca/iiif/2/69429%2Fc06d5p84cx4b
918	p. 1-D-225	https://image-tor.canadiana.ca/iiif/2/69429%2Fc02n4zg6r52g
919	p. 1-D-226	https://image-tor.canadiana.ca/iiif/2/69429%2Fc0z02z31z04d
920	p. 1-D-227	https://image-tor.canadiana.ca/iiif/2/69429%2Fc0t72794973g
921	p. 1-D-228	https://image-tor.canadiana.ca/iiif/2/69429%2Fc0pg1hh6nf97
922	p. 1-D-229	https://image-tor.canadiana.ca/iiif/2/69429%2Fc0jq0sq90p8x
923	p. 1-D-230	https://image-tor.canadiana.ca/iiif/2/69429%2Fc0dz02z1bx8q
924	p. 1-D-231	https://image-tor.canadiana.ca/iiif/2/69429%2Fc0959c53q54v
925	p. 1-D-232	https://image-tor.canadiana.ca/iiif/2/69429%2Fc05d8nc62d44
926	p. 1-D-233	https://image-tor.canadiana.ca/iiif/2/69429%2Fc01r6n017s62
927	p. 1-D-234	https://image-tor.canadiana.ca/iiif/2/69429%2Fc0x05x63mg6v
928	p. 1-D-235	https://image-tor.canadiana.ca/iiif/2/69429%2Fc0s756d5zq38
929	p. 1-D-236	https://image-tor.canadiana.ca/iiif/2/69429%2Fc0ng4gm89z2z
930	p. 1-D-237	https://image-tor.canadiana.ca/iiif/2/69429%2Fc0hq3rv0p619
931	p. 1-D-238	https://image-tor.canadiana.ca/iiif/2/69429%2Fc0cz32231d8x
932	p. 1-D-239	https://image-tor.canadiana.ca/iiif/2/69429%2Fc0862b85cn6v
933	p. 1-D-240	https://image-tor.canadiana.ca/iiif/2/69429%2Fc04j09w0k18w
934	p. 1-D-241	https://image-tor.canadiana.ca/iiif/2/69429%2Fc00r9m32x86c
935	p. 1-D-242	https://image-tor.canadiana.ca/iiif/2/69429%2Fc0w08w958z4z
936	p. 1-D-243	https://image-tor.canadiana.ca/iiif/2/69429%2Fc0r785h7n64n
937	p. 1-D-244	https://image-tor.canadiana.ca/iiif/2/69429%2Fc0mg7fr00f2c
938	p. 1-D-245	https://image-tor.canadiana.ca/iiif/2/69429%2Fc0gq6qz2bp00
939	p. 1-D-246	https://image-tor.canadiana.ca/iiif/2/69429%2Fc0bz6154pw8q
940	p. 1-D-247	https://image-tor.canadiana.ca/iiif/2/69429%2Fc07940r9w888
941	p. 1-D-248	https://image-tor.canadiana.ca/iiif/2/69429%2Fc03j39027h70
942	p. 1-D-249	https://image-tor.canadiana.ca/iiif/2/69429%2Fc0zs2k64m66w
943	p. 1-D-250	https://image-tor.canadiana.ca/iiif/2/69429%2Fc0v11vd6zf5d
944	p. 1-D-251	https://image-tor.canadiana.ca/iiif/2/69429%2Fc0q814m99p4g
945	p. 1-D-252	https://image-tor.canadiana.ca/iiif/2/69429%2Fc0kh0dv1nx0j
946	p. 1-D-253	https://image-tor.canadiana.ca/iiif/2/69429%2Fc0fq9q24149x
947	p. 1-D-254	https://image-tor.canadiana.ca/iiif/2/69429%2Fc0b27pn96j2d
948	p. 1-D-255	https://image-tor.canadiana.ca/iiif/2/69429%2Fc0696zw1jr9c
949	p. 1-D-256	https://image-tor.canadiana.ca/iiif/2/69429%2Fc02j6833x06q
950	p. 1-D-257	https://image-tor.canadiana.ca/iiif/2/69429%2Fc0xs5j968p8b
951	p. 1-D-258	https://image-tor.canadiana.ca/iiif/2/69429%2Fc0t14th8mx68
952	p. 1-D-259	https://image-tor.canadiana.ca/iiif/2/69429%2Fc0p843r10539
953	p. 1-D-260	https://image-tor.canadiana.ca/iiif/2/69429%2Fc0jh3cz3bd1x
954	p. 1-D-261	https://image-tor.canadiana.ca/iiif/2/69429%2Fc0dv1cj8hs4t
955	p. 1-D-262	https://image-tor.canadiana.ca/iiif/2/69429%2Fc0930ns0w12w
956	p. 1-D-263	https://image-tor.canadiana.ca/iiif/2/69429%2Fc0599z03779k
957	p. 1-D-264	https://image-tor.canadiana.ca/iiif/2/69429%2Fc01j9765kg9r
958	p. 1-D-265	https://image-tor.canadiana.ca/iiif/2/69429%2Fc0ws8hd7z572
959	p. 1-D-266	https://image-tor.canadiana.ca/iiif/2/69429%2Fc0s17sn09d6p
960	p. 1-D-267	https://image-tor.canadiana.ca/iiif/2/69429%2Fc0n872v2nn33
961	p. 1-D-268	https://image-tor.canadiana.ca/iiif/2/69429%2Fc0hm52f7v14b
962	p. 1-D-269	https://image-tor.canadiana.ca/iiif/2/69429%2Fc0cv4bp06822
963	p. 1-D-270	https://image-tor.canadiana.ca/iiif/2/69429%2Fc0833mw2jh00
964	p. 1-D-271	https://image-tor.canadiana.ca/iiif/2/69429%2Fc04b2x34wq9x
965	p. 1-D-272	https://image-tor.canadiana.ca/iiif/2/69429%2Fc00k26977z7d
966	p. 1-D-273	https://image-tor.canadiana.ca/iiif/2/69429%2Fc0vt1gh9mn8g
967	p. 1-D-274	https://image-tor.canadiana.ca/iiif/2/69429%2Fc0r20rr1zw61
968	p. 1-D-275	https://image-tor.canadiana.ca/iiif/2/69429%2Fc0mc8rb75876
969	p. 1-D-276	https://image-tor.canadiana.ca/iiif/2/69429%2Fc0gm81j9hh4m
970	p. 1-D-277	https://image-tor.canadiana.ca/iiif/2/69429%2Fc0bv79s1vr3f
971	p. 1-D-278	https://image-tor.canadiana.ca/iiif/2/69429%2Fc0736m04702c
972	p. 1-D-279	https://image-tor.canadiana.ca/iiif/2/69429%2Fc03b5w66k69q
973	p. 1-D-280	https://image-tor.canadiana.ca/iiif/2/69429%2Fc0zk55d8xx0b
974	p. 1-D-281	https://image-tor.canadiana.ca/iiif/2/69429%2Fc0tx35144928
975	p. 1-D-282	https://image-tor.canadiana.ca/iiif/2/69429%2Fc0q52f76gh9x
976	p. 1-D-283	https://image-tor.canadiana.ca/iiif/2/69429%2Fc0kd1qf8tr7j
977	p. 1-D-284	https://image-tor.canadiana.ca/iiif/2/69429%2Fc0fn10p16055
978	p. 1-D-285	https://image-tor.canadiana.ca/iiif/2/69429%2Fc09w08w3j75z
979	p. 1-D-286	https://image-tor.canadiana.ca/iiif/2/69429%2Fc0639k35wg1k
980	p. 1-D-287	https://image-tor.canadiana.ca/iiif/2/69429%2Fc02b8v987q1v
981	p. 1-D-288	https://image-tor.canadiana.ca/iiif/2/69429%2Fc0xp6tx3fj32
982	p. 1-D-289	https://image-tor.canadiana.ca/iiif/2/69429%2Fc0sx6445ss1g
983	p. 1-D-290	https://image-tor.canadiana.ca/iiif/2/69429%2Fc0p55db8509q
984	p. 1-D-291	https://image-tor.canadiana.ca/iiif/2/69429%2Fc0jd4pk0h77z
985	p. 1-D-292	https://image-tor.canadiana.ca/iiif/2/69429%2Fc0dn3zs2vg5k
986	p. 1-D-293	https://image-tor.canadiana.ca/iiif/2/69429%2Fc08w38056q3g
987	p. 1-D-294	https://image-tor.canadiana.ca/iiif/2/69429%2Fc0542j67jz20
988	p. 1-D-295	https://image-tor.canadiana.ca/iiif/2/69429%2Fc01g0ht2rb2v
989	p. 1-D-296	https://image-tor.canadiana.ca/iiif/2/69429%2Fc0wp9t15414v
990	p. 1-D-297	https://image-tor.canadiana.ca/iiif/2/69429%2Fc0rx9377g80p
991	p. 1-D-298	https://image-tor.canadiana.ca/iiif/2/69429%2Fc0n58cf9th0s
992	p. 1-D-299	https://image-tor.canadiana.ca/iiif/2/69429%2Fc0hd7np25q9d
993	p. 1-D-300	https://image-tor.canadiana.ca/iiif/2/69429%2Fc0cn6xw4hz6f
994	p. 1-D-301	https://image-tor.canadiana.ca/iiif/2/69429%2Fc07w6736w64c
995	p. 1-D-302	https://image-tor.canadiana.ca/iiif/2/69429%2Fc04746q22k6p
996	p. 1-D-303	https://image-tor.canadiana.ca/iiif/2/69429%2Fc00g3gx4dt49
997	p. 1-D-304	https://image-tor.canadiana.ca/iiif/2/69429%2Fc0vq2s46sh21
998	p. 1-D-305	https://image-tor.canadiana.ca/iiif/2/69429%2Fc0qz22b94r13
999	p. 1-D-306	https://image-tor.canadiana.ca/iiif/2/69429%2Fc0m61bk1h01b
1000	p. 1-D-307	https://image-tor.canadiana.ca/iiif/2/69429%2Fc0gf0ms3v673
1001	p. 1-D-308	https://image-tor.canadiana.ca/iiif/2/69429%2Fc0bn9x066f77
1002	p. 1-D-309	https://image-tor.canadiana.ca/iiif/2/69429%2Fc0707wm1ct7w
1003	p. 1-D-310	https://image-tor.canadiana.ca/iiif/2/69429%2Fc03775t3r25d
1004	p. 1-D-311	https://image-tor.canadiana.ca/iiif/2/69429%2Fc0zg6g163r4p
1005	p. 1-D-312	https://image-tor.canadiana.ca/iiif/2/69429%2Fc0tq5r78g03d
1006	p. 1-D-313	https://image-tor.canadiana.ca/iiif/2/69429%2Fc0pz51g0t711
1007	p. 1-D-314	https://image-tor.canadiana.ca/iiif/2/69429%2Fc0k649p35f9r
1008	p. 1-D-315	https://image-tor.canadiana.ca/iiif/2/69429%2Fc0ff3kw5hp7c
1009	p. 1-D-316	https://image-tor.canadiana.ca/iiif/2/69429%2Fc09s1kh0q29t
1010	p. 1-D-317	https://image-tor.canadiana.ca/iiif/2/69429%2Fc0610vq3298t
1011	p. 1-D-318	https://image-tor.canadiana.ca/iiif/2/69429%2Fc02804x5dj4n
1012	p. 1-D-319	https://image-tor.canadiana.ca/iiif/2/69429%2Fc0xg9f47s765
1013	p. 1-D-320	https://image-tor.canadiana.ca/iiif/2/69429%2Fc0sq8qc04g4w
1014	p. 1-D-321	https://image-tor.canadiana.ca/iiif/2/69429%2Fc0nz80k2gq19
1015	p. 1-D-322	https://image-tor.canadiana.ca/iiif/2/69429%2Fc0j678s4tx9j
1016	p. 1-D-323	https://image-tor.canadiana.ca/iiif/2/69429%2Fc0dj58d01b2r
1017	p. 1-D-324	https://image-tor.canadiana.ca/iiif/2/69429%2Fc08s4jm2ck0c
1018	p. 1-D-325	https://image-tor.canadiana.ca/iiif/2/69429%2Fc0513tt4qs71
1019	p. 1-D-326	https://image-tor.canadiana.ca/iiif/2/69429%2Fc01834173161
1020	p. 1-D-327	https://image-tor.canadiana.ca/iiif/2/69429%2Fc0wh2d79fq60
1021	p. 1-D-328	https://image-tor.canadiana.ca/iiif/2/69429%2Fc0rr1pg1sz3n
1022	p. 1-D-329	https://image-tor.canadiana.ca/iiif/2/69429%2Fc0n00zp45625
1023	p. 1-D-330	https://image-tor.canadiana.ca/iiif/2/69429%2Fc0h98z89bk3b
1024	p. 1-D-331	https://image-tor.canadiana.ca/iiif/2/69429%2Fc0cj87h1pt0c
1025	p. 1-D-332	https://image-tor.canadiana.ca/iiif/2/69429%2Fc07s7hq4217q
1026	p. 1-D-333	https://image-tor.canadiana.ca/iiif/2/69429%2Fc0416sx6d87t
1027	p. 1-D-334	https://image-tor.canadiana.ca/iiif/2/69429%2Fc0086348rh4n
1028	p. 1-D-335	https://image-tor.canadiana.ca/iiif/2/69429%2Fc0vh5cc1466d
1029	p. 1-D-336	https://image-tor.canadiana.ca/iiif/2/69429%2Fc0qr4nk3gf41
1030	p. 1-D-337	https://image-tor.canadiana.ca/iiif/2/69429%2Fc0m32n58nt4g
1031	p. 1-D-338	https://image-tor.canadiana.ca/iiif/2/69429%2Fc0gb1xd11239
1032	p. 1-D-339	https://image-tor.canadiana.ca/iiif/2/69429%2Fc0bk16m3c90q
1033	p. 1-D-340	https://image-tor.canadiana.ca/iiif/2/69429%2Fc06t0gt5qj0h
1034	p. 1-D-341	https://image-tor.canadiana.ca/iiif/2/69429%2Fc0319s182r7h
1035	p. 1-D-342	https://image-tor.canadiana.ca/iiif/2/69429%2Fc0z89280ff8k
1036	p. 1-D-343	https://image-tor.canadiana.ca/iiif/2/69429%2Fc0tm71v5mv05
1037	p. 1-D-344	https://image-tor.canadiana.ca/iiif/2/69429%2Fc0pv6b28028h
1038	p. 1-D-345	https://image-tor.canadiana.ca/iiif/2/69429%2Fc0k35m90b95g
1039	p. 1-D-346	https://image-tor.canadiana.ca/iiif/2/69429%2Fc0fb4wh2pj33
1040	p. 1-D-347	https://image-tor.canadiana.ca/iiif/2/69429%2Fc09k45q51s25
1041	p. 1-D-348	https://image-tor.canadiana.ca/iiif/2/69429%2Fc05t3fx7d109
1042	p. 1-D-39 [349]	https://image-tor.canadiana.ca/iiif/2/69429%2Fc0222r49r78z
1043	p. 1-D-350	https://image-tor.canadiana.ca/iiif/2/69429%2Fc0xd0qr4z30v
1044	p. 1-D-351	https://image-tor.canadiana.ca/iiif/2/69429%2Fc0sn00z79b0h
1045	p. 1-D-352	https://image-tor.canadiana.ca/iiif/2/69429%2Fc0nv9959nj7q
1046	p. 1-D-353	https://image-tor.canadiana.ca/iiif/2/69429%2Fc0j38kd20s5r
1047	p. 1-D-354	https://image-tor.canadiana.ca/iiif/2/69429%2Fc0db7vm4c152
1048	p. 1-D-355	https://image-tor.canadiana.ca/iiif/2/69429%2Fc08k74t6q81w
1049	p. 1-D-356	https://image-tor.canadiana.ca/iiif/2/69429%2Fc04t6f192h1k
1050	p. 1-D-357	https://image-tor.canadiana.ca/iiif/2/69429%2Fc0154dn47w2t
1051	p. 1-D-358	https://image-tor.canadiana.ca/iiif/2/69429%2Fc0wd3pv6mk29
1052	p. 1-D-359	https://image-tor.canadiana.ca/iiif/2/69429%2Fc0rn3028zs9f
1053	p. 1-D-360	https://image-tor.canadiana.ca/iiif/2/69429%2Fc0mw2891b17p
1054	p. 1-D-361	https://image-tor.canadiana.ca/iiif/2/69429%2Fc0h41jh3p87s
1055	p. 1-D-362	https://image-tor.canadiana.ca/iiif/2/69429%2Fc0cc0tq61h49
1056	p. 1-D-363	https://image-tor.canadiana.ca/iiif/2/69429%2Fc07m03x8cr29
1057	p. 1-D-364	https://image-tor.canadiana.ca/iiif/2/69429%2Fc03x83j3k45s
1058	p. 1-D-365	https://image-tor.canadiana.ca/iiif/2/69429%2Fc0057cr5xc49
1059	p. 1-D-366	https://image-tor.canadiana.ca/iiif/2/69429%2Fc0vd6nz89223
1060	p. 1-D-367	https://image-tor.canadiana.ca/iiif/2/69429%2Fc0qn5z60n91b
1061	p. 1-D-368	https://image-tor.canadiana.ca/iiif/2/69429%2Fc0kw57d30h94
1062	p. 1-D-369	https://image-tor.canadiana.ca/iiif/2/69429%2Fc0g44hm5br72
1063	p. 1-D-370	https://image-tor.canadiana.ca/iiif/2/69429%2Fc0bc3st7q04m
1064	p. 1-D-371	https://image-tor.canadiana.ca/iiif/2/69429%2Fc06q1sf2wc6j
1065	p. 1-D-372	https://image-tor.canadiana.ca/iiif/2/69429%2Fc02z12n57m5m
1066	p. 1-D-373	https://image-tor.canadiana.ca/iiif/2/69429%2Fc0z60bv7m937
1067	p. 1-D-374	https://image-tor.canadiana.ca/iiif/2/69429%2Fc0td9n29zj29
1068	p. 1-D-375	https://image-tor.canadiana.ca/iiif/2/69429%2Fc0pn8x929s26
1069	p. 1-D-376	https://image-tor.canadiana.ca/iiif/2/69429%2Fc0jw86h4p09f
1070	p. 1-D-377	https://image-tor.canadiana.ca/iiif/2/69429%2Fc0f47gq7177v
1071	p. 1-D-378	https://image-tor.canadiana.ca/iiif/2/69429%2Fc09g5gb26m86
1072	p. 1-D-379	https://image-tor.canadiana.ca/iiif/2/69429%2Fc05q4rj4jv6t
1073	p. 1-D-380	https://image-tor.canadiana.ca/iiif/2/69429%2Fc01z41r6x34b
1074	p. 1-D-381	https://image-tor.canadiana.ca/iiif/2/69429%2Fc0x639z98s43
1075	p. 1-D-382	https://image-tor.canadiana.ca/iiif/2/69429%2Fc0sf2m61n128
1076	p. 1-D-383	https://image-tor.canadiana.ca/iiif/2/69429%2Fc0np1wd4078h
1077	p. 1-D-384	https://image-tor.canadiana.ca/iiif/2/69429%2Fc0hx15m6bg73
1078	p. 1-E-1	https://image-tor.canadiana.ca/iiif/2/69429%2Fc0d79571hw1n
1079	p. 1-E-2	https://image-tor.canadiana.ca/iiif/2/69429%2Fc08g8ff3w393
1080	p. 1-E-3	https://image-tor.canadiana.ca/iiif/2/69429%2Fc04q7qn67b51
1081	p. 1-E-4	https://image-tor.canadiana.ca/iiif/2/69429%2Fc00z70v8kk56
1082	p. 1-E-5	https://image-tor.canadiana.ca/iiif/2/69429%2Fc0w66930z84f
1083	p. 1-E-6	https://image-tor.canadiana.ca/iiif/2/69429%2Fc0rf5k939h34
1084	p. 1-E-7	https://image-tor.canadiana.ca/iiif/2/69429%2Fc0mp4vh5nr05
1085	p. 1-E-8	https://image-tor.canadiana.ca/iiif/2/69429%2Fc0h12v40v42x
1086	p. 1-E-9	https://image-tor.canadiana.ca/iiif/2/69429%2Fc0c824b36c10
1087	p. 1-E-10	https://image-tor.canadiana.ca/iiif/2/69429%2Fc07h1dj5jk7r
1088	p. 1-E-11	https://image-tor.canadiana.ca/iiif/2/69429%2Fc03r0pr7wt6z
1089	p. 1-E-12	https://image-tor.canadiana.ca/iiif/2/69429%2Fc00000008249
1090	p. 1-E-13	https://image-tor.canadiana.ca/iiif/2/69429%2Fc0v69862mr4q
1091	p. 1-E-14	https://image-tor.canadiana.ca/iiif/2/69429%2Fc0qf8jd5003x
1092	p. 1-E-15	https://image-tor.canadiana.ca/iiif/2/69429%2Fc0ks6j105c3p
1093	p. 1-E-16	https://image-tor.canadiana.ca/iiif/2/69429%2Fc0g15t72hm1m
1094	p. 1-E-17	https://image-tor.canadiana.ca/iiif/2/69429%2Fc0b853f4vt9x
1095	p. 1-E-18	https://image-tor.canadiana.ca/iiif/2/69429%2Fc06h4cn77284
1096	p. 1-E-19	https://image-tor.canadiana.ca/iiif/2/69429%2Fc02r3nv9k96r
1097	p. 1-E-20	https://image-tor.canadiana.ca/iiif/2/69429%2Fc0z02z31z050
1098	p. 1-E-21	https://image-tor.canadiana.ca/iiif/2/69429%2Fc0tb0xp74c9j
1099	p. 1-E-22	https://image-tor.canadiana.ca/iiif/2/69429%2Fc0pk06w9gm7j
1100	p. 1-E-23	https://image-tor.canadiana.ca/iiif/2/69429%2Fc0js9h41tv42
1101	p. 1-E-24	https://image-tor.canadiana.ca/iiif/2/69429%2Fc0f18sb4631d
1102	p. 1-E-25	https://image-tor.canadiana.ca/iiif/2/69429%2Fc09882j6jb1k
1103	p. 1-E-26	https://image-tor.canadiana.ca/iiif/2/69429%2Fc05h7br8wj8x
1104	p. 1-E-27	https://image-tor.canadiana.ca/iiif/2/69429%2Fc01r6n017s7n
1105	p. 1-E-28	https://image-tor.canadiana.ca/iiif/2/69429%2Fc0x34mk6fn0t
1106	p. 1-E-29	https://image-tor.canadiana.ca/iiif/2/69429%2Fc0sb3ws8sv8r
1107	p. 1-E-30	https://image-tor.canadiana.ca/iiif/2/69429%2Fc0nk3611537c
1108	p. 1-E-31	https://image-tor.canadiana.ca/iiif/2/69429%2Fc0ht2g73hb4d
1109	p. 1-E-32	https://image-tor.canadiana.ca/iiif/2/69429%2Fc0d21rf5vk3x
1110	p. 1-E-33	https://image-tor.canadiana.ca/iiif/2/69429%2Fc08911n86t1d
1111	p. 1-E-34	https://image-tor.canadiana.ca/iiif/2/69429%2Fc04j09w0k19g
1112	p. 1-E-35	https://image-tor.canadiana.ca/iiif/2/69429%2Fc00v89g5rd92
1113	p. 1-E-36	https://image-tor.canadiana.ca/iiif/2/69429%2Fc0w37kp84416
1114	p. 1-E-37	https://image-tor.canadiana.ca/iiif/2/69429%2Fc0rb6vx0gb7k
1115	p. 1-E-38	https://image-tor.canadiana.ca/iiif/2/69429%2Fc0mk6542tk50
1116	p. 1-E-39	https://image-tor.canadiana.ca/iiif/2/69429%2Fc0gt5fb55t4p
1117	p. 1-E-40	https://image-tor.canadiana.ca/iiif/2/69429%2Fc0c24qj7j224
1118	p. 1-E-41	https://image-tor.canadiana.ca/iiif/2/69429%2Fc07940r9w89v
1119	p. 1-E-42	https://image-tor.canadiana.ca/iiif/2/69429%2Fc03n20c52p34
1120	p. 1-E-43	https://image-tor.canadiana.ca/iiif/2/69429%2Fc0zw18k7fc46
1121	p. 1-E-44	https://image-tor.canadiana.ca/iiif/2/69429%2Fc0v40js9sm0z
1122	p. 1-E-45	https://image-tor.canadiana.ca/iiif/2/69429%2Fc0qb9v124t8v
1123	p. 1-E-46	https://image-tor.canadiana.ca/iiif/2/69429%2Fc0kk9474h28j
1124	p. 1-E-47	https://image-tor.canadiana.ca/iiif/2/69429%2Fc0ft8df6v940
1125	p. 1-E-48	https://image-tor.canadiana.ca/iiif/2/69429%2Fc0b27pn96j30
1126	p. 1-E-49	https://image-tor.canadiana.ca/iiif/2/69429%2Fc06d5p84cx5x
1127	p. 1-E-50	https://image-tor.canadiana.ca/iiif/2/69429%2Fc02n4zg6r532
1128	p. 1-E-51	https://image-tor.canadiana.ca/iiif/2/69429%2Fc0xw47p93v29
1129	p. 1-E-52	https://image-tor.canadiana.ca/iiif/2/69429%2Fc0t43hx1g30c
1130	p. 1-E-53	https://image-tor.canadiana.ca/iiif/2/69429%2Fc0pc2t43t999
1131	p. 1-E-54	https://image-tor.canadiana.ca/iiif/2/69429%2Fc0jm23b65j7s
1132	p. 1-E-55	https://image-tor.canadiana.ca/iiif/2/69429%2Fc0dv1cj8hs5d
1133	p. 1-E-56	https://image-tor.canadiana.ca/iiif/2/69429%2Fc0959c53q55f
1134	p. 1-E-57	https://image-tor.canadiana.ca/iiif/2/69429%2Fc05d8nc62d5q
1135	p. 1-E-58	https://image-tor.canadiana.ca/iiif/2/69429%2Fc01n7xk8dn15
1136	p. 1-E-59	https://image-tor.canadiana.ca/iiif/2/69429%2Fc0ww76t0sb27
1137	p. 1-E-60	https://image-tor.canadiana.ca/iiif/2/69429%2Fc0s46h134k1n
1138	p. 1-E-61	https://image-tor.canadiana.ca/iiif/2/69429%2Fc0nc5s75gs80
1139	p. 1-E-62	https://image-tor.canadiana.ca/iiif/2/69429%2Fc0hm52f7v15x
1140	p. 1-E-63	https://image-tor.canadiana.ca/iiif/2/69429%2Fc0cz32231d9h
1141	p. 1-E-64	https://image-tor.canadiana.ca/iiif/2/69429%2Fc0862b85cn7f
1142	p. 1-E-65	https://image-tor.canadiana.ca/iiif/2/69429%2Fc04f1mg7qw3w
1143	p. 1-E-66	https://image-tor.canadiana.ca/iiif/2/69429%2Fc00p0wq0342q
1144	p. 1-E-67	https://image-tor.canadiana.ca/iiif/2/69429%2Fc0vx05x2ft3n
1145	p. 1-E-68	https://image-tor.canadiana.ca/iiif/2/69429%2Fc0r49g44t193
1146	p. 1-E-69	https://image-tor.canadiana.ca/iiif/2/69429%2Fc0mc8rb7588s
1147	p. 1-E-70	https://image-tor.canadiana.ca/iiif/2/69429%2Fc0gq6qz2bp1k
1148	p. 1-E-71	https://image-tor.canadiana.ca/iiif/2/69429%2Fc0bz6154pw99
1149	p. 1-E-72	https://image-tor.canadiana.ca/iiif/2/69429%2Fc07659c7246n
1150	p. 1-E-73	https://image-tor.canadiana.ca/iiif/2/69429%2Fc03f4kk9dc5v
1151	p. 1-E-74	https://image-tor.canadiana.ca/iiif/2/69429%2Fc0zp3vt1s24c
1152	p. 1-E-75	https://image-tor.canadiana.ca/iiif/2/69429%2Fc0tx3514493v
1153	p. 1-E-76	https://image-tor.canadiana.ca/iiif/2/69429%2Fc0q52f76gj06
1154	p. 1-E-77	https://image-tor.canadiana.ca/iiif/2/69429%2Fc0kh0dv1nx14
1155	p. 1-E-78	https://image-tor.canadiana.ca/iiif/2/69429%2Fc0fq9q241506
1156	p. 1-E-79	https://image-tor.canadiana.ca/iiif/2/69429%2Fc09z9086cc6b
1157	p. 1-E-80	https://image-tor.canadiana.ca/iiif/2/69429%2Fc06688g8qm6f
1158	p. 1-E-81	https://image-tor.canadiana.ca/iiif/2/69429%2Fc02f7jq12v45
1159	p. 1-E-82	https://image-tor.canadiana.ca/iiif/2/69429%2Fc0xp6tx3fj4n
1160	p. 1-E-83	https://image-tor.canadiana.ca/iiif/2/69429%2Fc0sx6445ss22
1161	p. 1-E-84	https://image-tor.canadiana.ca/iiif/2/69429%2Fc0p843r1054w
1162	p. 1-E-85	https://image-tor.canadiana.ca/iiif/2/69429%2Fc0jh3cz3bd2h
1163	p. 1-E-86	https://image-tor.canadiana.ca/iiif/2/69429%2Fc0dr2p55pm98
1164	p. 1-E-87	https://image-tor.canadiana.ca/iiif/2/69429%2Fc0901zc81v88
1165	p. 1-E-88	https://image-tor.canadiana.ca/iiif/2/69429%2Fc05717m0d36d
1166	p. 1-E-89	https://image-tor.canadiana.ca/iiif/2/69429%2Fc01g0ht2rb3f
1167	p. 1-E-90	https://image-tor.canadiana.ca/iiif/2/69429%2Fc0ws8hd7z58n
1168	p. 1-E-91	https://image-tor.canadiana.ca/iiif/2/69429%2Fc0s17sn09d78
1169	p. 1-E-92	https://image-tor.canadiana.ca/iiif/2/69429%2Fc0n872v2nn4p
1170	p. 1-E-93	https://image-tor.canadiana.ca/iiif/2/69429%2Fc0hh6c250w1m
1171	p. 1-E-94	https://image-tor.canadiana.ca/iiif/2/69429%2Fc0cr5n87c41x
1172	p. 1-E-95	https://image-tor.canadiana.ca/iiif/2/69429%2Fc0804xg9qb95
1173	p. 1-E-96	https://image-tor.canadiana.ca/iiif/2/69429%2Fc04746q22k78
1174	p. 1-E-97	https://image-tor.canadiana.ca/iiif/2/69429%2Fc00k26977z80
1175	p. 1-E-98	https://image-tor.canadiana.ca/iiif/2/69429%2Fc0vt1gh9mn92
1176	p. 1-E-99	https://image-tor.canadiana.ca/iiif/2/69429%2Fc0r20rr1zw7m
1177	p. 1-E-100	https://image-tor.canadiana.ca/iiif/2/69429%2Fc0m901z4b43f
1178	p. 1-E-101	https://image-tor.canadiana.ca/iiif/2/69429%2Fc0gh9b56pc33
1179	p. 1-E-102	https://image-tor.canadiana.ca/iiif/2/69429%2Fc0br8mc91k9b
1180	p. 1-E-103	https://image-tor.canadiana.ca/iiif/2/69429%2Fc0707wm1ct8g
1181	p. 1-E-104	https://image-tor.canadiana.ca/iiif/2/69429%2Fc03b5w66k700
1182	p. 1-E-105	https://image-tor.canadiana.ca/iiif/2/69429%2Fc0zk55d8xx1x
1183	p. 1-E-106	https://image-tor.canadiana.ca/iiif/2/69429%2Fc0tt4fn1948w
1184	p. 1-E-107	https://image-tor.canadiana.ca/iiif/2/69429%2Fc0q23qv3nc6t
1185	p. 1-E-108	https://image-tor.canadiana.ca/iiif/2/69429%2Fc0k931260m59
1186	p. 1-E-109	https://image-tor.canadiana.ca/iiif/2/69429%2Fc0fj2988bv3x
1187	p. 1-E-110	https://image-tor.canadiana.ca/iiif/2/69429%2Fc09s1kh0q303
1188	p. 1-E-111	https://image-tor.canadiana.ca/iiif/2/69429%2Fc0639k35wg25
1189	p. 1-E-112	https://image-tor.canadiana.ca/iiif/2/69429%2Fc02b8v987q2f
1190	p. 1-E-113	https://image-tor.canadiana.ca/iiif/2/69429%2Fc0xk84j0md0r
1191	p. 1-E-114	https://image-tor.canadiana.ca/iiif/2/69429%2Fc0st7dr2zm73
1192	p. 1-E-115	https://image-tor.canadiana.ca/iiif/2/69429%2Fc0p26pz59v7p
1193	p. 1-E-116	https://image-tor.canadiana.ca/iiif/2/69429%2Fc0j96057p35m
1194	p. 1-E-117	https://image-tor.canadiana.ca/iiif/2/69429%2Fc0dj58d01b3b
1195	p. 1-E-118	https://image-tor.canadiana.ca/iiif/2/69429%2Fc08w38056q42
1196	p. 1-E-119	https://image-tor.canadiana.ca/iiif/2/69429%2Fc0542j67jz3k
1197	p. 1-E-120	https://image-tor.canadiana.ca/iiif/2/69429%2Fc01c1td9x604
1198	p. 1-E-121	https://image-tor.canadiana.ca/iiif/2/69429%2Fc0wm13n28v99
1199	p. 1-E-122	https://image-tor.canadiana.ca/iiif/2/69429%2Fc0rv0cv4n39m
1200	p. 1-E-123	https://image-tor.canadiana.ca/iiif/2/69429%2Fc0n29p270b5q
1201	p. 1-E-124	https://image-tor.canadiana.ca/iiif/2/69429%2Fc0h98z89bk4x
1202	p. 1-E-125	https://image-tor.canadiana.ca/iiif/2/69429%2Fc0cn6xw4hz71
1203	p. 1-E-126	https://image-tor.canadiana.ca/iiif/2/69429%2Fc07w6736w65z
1204	p. 1-E-127	https://image-tor.canadiana.ca/iiif/2/69429%2Fc0445h997f2s
1205	p. 1-E-128	https://image-tor.canadiana.ca/iiif/2/69429%2Fc00c4sj1kp01
1206	p. 1-E-129	https://image-tor.canadiana.ca/iiif/2/69429%2Fc0vm42r3zc0w
1207	p. 1-E-130	https://image-tor.canadiana.ca/iiif/2/69429%2Fc0qv3bz69k89
1208	p. 1-E-131	https://image-tor.canadiana.ca/iiif/2/69429%2Fc0m32n58nt52
1209	p. 1-E-132	https://image-tor.canadiana.ca/iiif/2/69429%2Fc0gf0ms3v68p
1210	p. 1-E-133	https://image-tor.canadiana.ca/iiif/2/69429%2Fc0bn9x066f8t
1211	p. 1-E-134	https://image-tor.canadiana.ca/iiif/2/69429%2Fc06w9668jp4n
1212	p. 1-E-135	https://image-tor.canadiana.ca/iiif/2/69429%2Fc0348gf0wx26
1213	p. 1-E-136	https://image-tor.canadiana.ca/iiif/2/69429%2Fc0zc7rn38m3r
1214	p. 1-E-137	https://image-tor.canadiana.ca/iiif/2/69429%2Fc0tm71v5mv1r
1215	p. 1-E-138	https://image-tor.canadiana.ca/iiif/2/69429%2Fc0pv6b280293
1216	p. 1-E-139	https://image-tor.canadiana.ca/iiif/2/69429%2Fc0k649p35g01
1217	p. 1-E-140	https://image-tor.canadiana.ca/iiif/2/69429%2Fc0ff3kw5hp8z
1218	p. 1-E-141	https://image-tor.canadiana.ca/iiif/2/69429%2Fc09p2w37vx5d
1219	p. 1-E-142	https://image-tor.canadiana.ca/iiif/2/69429%2Fc05x25b07531
1220	p. 1-E-143	https://image-tor.canadiana.ca/iiif/2/69429%2Fc0251fj2kd2j
1221	p. 1-E-144	https://image-tor.canadiana.ca/iiif/2/69429%2Fc0xd0qr4z31f
1222	p. 1-E-145	https://image-tor.canadiana.ca/iiif/2/69429%2Fc0sn00z79b13
1223	p. 1-E-146	https://image-tor.canadiana.ca/iiif/2/69429%2Fc0nz80k2gq2w
1224	p. 1-E-147	https://image-tor.canadiana.ca/iiif/2/69429%2Fc0j678s4tz0t
1225	p. 1-E-148	https://image-tor.canadiana.ca/iiif/2/69429%2Fc0df6k07657k
1226	p. 1-E-149	https://image-tor.canadiana.ca/iiif/2/69429%2Fc08p5v69jd6s
1227	p. 1-E-150	https://image-tor.canadiana.ca/iiif/2/69429%2Fc04x54f1wn4d
1228	p. 1-E-151	https://image-tor.canadiana.ca/iiif/2/69429%2Fc0154dn47w3d
1229	p. 1-E-152	https://image-tor.canadiana.ca/iiif/2/69429%2Fc0wh2d79fq7k
1230	p. 1-E-153	https://image-tor.canadiana.ca/iiif/2/69429%2Fc0rr1pg1sz47
1231	p. 1-E-154	https://image-tor.canadiana.ca/iiif/2/69429%2Fc0n00zp4563r
1232	p. 1-E-155	https://image-tor.canadiana.ca/iiif/2/69429%2Fc0h707w6hd9w
1233	p. 1-E-156	https://image-tor.canadiana.ca/iiif/2/69429%2Fc0cf9j38vn8z
1234	p. 1-E-157	https://image-tor.canadiana.ca/iiif/2/69429%2Fc07p8tb16w8v
1235	p. 1-E-158	https://image-tor.canadiana.ca/iiif/2/69429%2Fc03x83j3k46c
1236	p. 1-E-159	https://image-tor.canadiana.ca/iiif/2/69429%2Fc0086348rh57
1237	p. 1-E-160	https://image-tor.canadiana.ca/iiif/2/69429%2Fc0vh5cc14670
1238	unnumbered	https://image-tor.canadiana.ca/iiif/2/69429%2Fc0qr4nk3gf5m
1239	blank page	https://image-tor.canadiana.ca/iiif/2/69429%2Fc0m03xs5tp3j
1240	p. 1-F-3	https://image-tor.canadiana.ca/iiif/2/69429%2Fc0g737085x1f
1241	p. 1-F-4	https://image-tor.canadiana.ca/iiif/2/69429%2Fc0bg2h70j50s
1242	p. 1-F-5	https://image-tor.canadiana.ca/iiif/2/69429%2Fc06q1sf2wc74
1243	p. 1-F-6	https://image-tor.canadiana.ca/iiif/2/69429%2Fc0319s182r83
1244	p. 1-F-7	https://image-tor.canadiana.ca/iiif/2/69429%2Fc0z89280ff95
1245	p. 1-F-8	https://image-tor.canadiana.ca/iiif/2/69429%2Fc0th8bg2sp5m
1246	p. 1-F-9	https://image-tor.canadiana.ca/iiif/2/69429%2Fc0pr7mp54x24
1247	p. 1-F-10	https://image-tor.canadiana.ca/iiif/2/69429%2Fc0k06ww7h52r
1248	p. 1-F-11	https://image-tor.canadiana.ca/iiif/2/69429%2Fc0f76639vd05
1249	p. 1-F-12	https://image-tor.canadiana.ca/iiif/2/69429%2Fc09g5gb26m9s
1250	p. 1-F-13	https://image-tor.canadiana.ca/iiif/2/69429%2Fc05t3fx7d11w
1251	p. 1-F-14	https://image-tor.canadiana.ca/iiif/2/69429%2Fc0222r49r79j
1252	p. 1-F-15	https://image-tor.canadiana.ca/iiif/2/69429%2Fc0x921c23x90
1253	p. 1-F-16	https://image-tor.canadiana.ca/iiif/2/69429%2Fc0sj19k4g56j
1254	p. 1-F-17	https://image-tor.canadiana.ca/iiif/2/69429%2Fc0ns0ks6td6b
1255	p. 1-F-18	https://image-tor.canadiana.ca/iiif/2/69429%2Fc0j09w095n4m
1256	p. 1-F-19	https://image-tor.canadiana.ca/iiif/2/69429%2Fc0d79571hw27
1257	p. 1-F-20	https://image-tor.canadiana.ca/iiif/2/69429%2Fc08k74t6q82g
1258	p. 1-F-21	https://image-tor.canadiana.ca/iiif/2/69429%2Fc04t6f192h25
1259	p. 1-F-22	https://image-tor.canadiana.ca/iiif/2/69429%2Fc0125q81dq8v
1260	p. 1-F-23	https://image-tor.canadiana.ca/iiif/2/69429%2Fc0w950g3sd8q
1261	p. 1-F-24	https://image-tor.canadiana.ca/iiif/2/69429%2Fc0rj48p64n7d
1262	p. 1-F-25	https://image-tor.canadiana.ca/iiif/2/69429%2Fc0ms3jw8gw6m
1263	p. 1-F-26	https://image-tor.canadiana.ca/iiif/2/69429%2Fc0h12v40v43h
1264	p. 1-F-27	https://image-tor.canadiana.ca/iiif/2/69429%2Fc0cc0tq61h5w
1265	p. 1-F-28	https://image-tor.canadiana.ca/iiif/2/69429%2Fc07m03x8cr3w
1266	p. 1-F-29	https://image-tor.canadiana.ca/iiif/2/69429%2Fc03t9d50qz94
1267	p. 1-F-30	https://image-tor.canadiana.ca/iiif/2/69429%2Fc0028pc33672
1268	p. 1-F-31	https://image-tor.canadiana.ca/iiif/2/69429%2Fc0v97zk5fw96
1269	p. 1-F-32	https://image-tor.canadiana.ca/iiif/2/69429%2Fc0qj77s7t45j
1270	p. 1-F-33	https://image-tor.canadiana.ca/iiif/2/69429%2Fc0ks6j105c48
1271	p. 1-F-34	https://image-tor.canadiana.ca/iiif/2/69429%2Fc0g44hm5br8n
1272	p. 1-F-35	https://image-tor.canadiana.ca/iiif/2/69429%2Fc0bc3st7q056
1273	p. 1-F-36	https://image-tor.canadiana.ca/iiif/2/69429%2Fc06m33202724
1274	p. 1-F-37	https://image-tor.canadiana.ca/iiif/2/69429%2Fc02v2c82dg0r
1275	p. 1-F-38	https://image-tor.canadiana.ca/iiif/2/69429%2Fc0z31ng4s52q
1276	p. 1-F-39	https://image-tor.canadiana.ca/iiif/2/69429%2Fc0tb0xp74d0t
1277	p. 1-F-40	https://image-tor.canadiana.ca/iiif/2/69429%2Fc0pk06w9gm84
1278	p. 1-F-41	https://image-tor.canadiana.ca/iiif/2/69429%2Fc0jw86h4p10q
1279	p. 1-F-42	https://image-tor.canadiana.ca/iiif/2/69429%2Fc0f47gq7178f
1280	p. 1-F-43	https://image-tor.canadiana.ca/iiif/2/69429%2Fc09c6rx9cg4w
1281	p. 1-F-44	https://image-tor.canadiana.ca/iiif/2/69429%2Fc05m6251qq2x
1282	p. 1-F-45	https://image-tor.canadiana.ca/iiif/2/69429%2Fc01v5bc42z01
1283	p. 1-F-46	https://image-tor.canadiana.ca/iiif/2/69429%2Fc0x34mk6fn1d
1284	p. 1-F-47	https://image-tor.canadiana.ca/iiif/2/69429%2Fc0sb3ws8sv9b
1285	p. 1-F-48	https://image-tor.canadiana.ca/iiif/2/69429%2Fc0np1wd40793
1286	p. 1-F-49	https://image-tor.canadiana.ca/iiif/2/69429%2Fc0hx15m6bg8p
1287	p. 1-F-50	https://image-tor.canadiana.ca/iiif/2/69429%2Fc0d50ft8pq4f
1288	p. 1-F-51	https://image-tor.canadiana.ca/iiif/2/69429%2Fc08c9r211z3m
1289	p. 1-F-52	https://image-tor.canadiana.ca/iiif/2/69429%2Fc04m9183d639
1290	p. 1-F-53	https://image-tor.canadiana.ca/iiif/2/69429%2Fc00v89g5rf0b
1291	p. 1-F-54	https://image-tor.canadiana.ca/iiif/2/69429%2Fc0w66930z851
1292	p. 1-F-55	https://image-tor.canadiana.ca/iiif/2/69429%2Fc0rf5k939h4q
1293	p. 1-F-56	https://image-tor.canadiana.ca/iiif/2/69429%2Fc0mp4vh5nr1r
1294	p. 1-F-57	https://image-tor.canadiana.ca/iiif/2/69429%2Fc0gx44q80z8z
1295	p. 1-F-58	https://image-tor.canadiana.ca/iiif/2/69429%2Fc0c53dz0c661
1296	p. 1-F-59	https://image-tor.canadiana.ca/iiif/2/69429%2Fc07d2q52qf67
1297	p. 1-F-60	https://image-tor.canadiana.ca/iiif/2/69429%2Fc03n20c52p4q
1298	p. 1-F-61	https://image-tor.canadiana.ca/iiif/2/69429%2Fc0000000825w
1299	p. 1-F-62	https://image-tor.canadiana.ca/iiif/2/69429%2Fc0v69862mr59
1300	p. 1-F-63	https://image-tor.canadiana.ca/iiif/2/69429%2Fc0qf8jd5004h
1301	p. 1-F-64	https://image-tor.canadiana.ca/iiif/2/69429%2Fc0kp7tm7b70z
1302	p. 1-F-65	https://image-tor.canadiana.ca/iiif/2/69429%2Fc0fx73t9pf9v
1303	p. 1-F-66	https://image-tor.canadiana.ca/iiif/2/69429%2Fc0b56d221p79
1304	p. 1-F-67	https://image-tor.canadiana.ca/iiif/2/69429%2Fc06d5p84cx6h
1305	p. 1-F-68	https://image-tor.canadiana.ca/iiif/2/69429%2Fc02r3nv9k97b
1306	p. 1-F-69	https://image-tor.canadiana.ca/iiif/2/69429%2Fc0z02z31z06k
1307	p. 1-F-70	https://image-tor.canadiana.ca/iiif/2/69429%2Fc0t727949742
1308	p. 1-F-71	https://image-tor.canadiana.ca/iiif/2/69429%2Fc0pg1hh6ng0h
1309	p. 1-F-72	https://image-tor.canadiana.ca/iiif/2/69429%2Fc0jq0sq90p9h
1310	p. 1-F-73	https://image-tor.canadiana.ca/iiif/2/69429%2Fc0dz02z1bx99
1311	p. 1-F-74	https://image-tor.canadiana.ca/iiif/2/69429%2Fc0959c53q561
1312	p. 1-F-75	https://image-tor.canadiana.ca/iiif/2/69429%2Fc05h7br8wj9h
1313	p. 1-F-76	https://image-tor.canadiana.ca/iiif/2/69429%2Fc01r6n017s87
1314	p. 1-F-77	https://image-tor.canadiana.ca/iiif/2/69429%2Fc0x05x63mg7f
1315	p. 1-F-78	https://image-tor.canadiana.ca/iiif/2/69429%2Fc0s756d5zq4v
1316	p. 1-F-79	https://image-tor.canadiana.ca/iiif/2/69429%2Fc0ng4gm89z3j
1317	p. 1-F-80	https://image-tor.canadiana.ca/iiif/2/69429%2Fc0hq3rv0p62w
1318	p. 1-F-81	https://image-tor.canadiana.ca/iiif/2/69429%2Fc0cz32231f0s
1319	p. 1-F-82	https://image-tor.canadiana.ca/iiif/2/69429%2Fc08911n86t20
1320	p. 1-F-83	https://image-tor.canadiana.ca/iiif/2/69429%2Fc04j09w0k20r
1321	p. 1-F-84	https://image-tor.canadiana.ca/iiif/2/69429%2Fc00r9m32x87z
1322	p. 1-F-85	https://image-tor.canadiana.ca/iiif/2/69429%2Fc0w08w958z5j
1323	p. 1-F-86	https://image-tor.canadiana.ca/iiif/2/69429%2Fc0r785h7n657
1324	p. 1-F-87	https://image-tor.canadiana.ca/iiif/2/69429%2Fc0mg7fr00f3z
1325	p. 1-F-88	https://image-tor.canadiana.ca/iiif/2/69429%2Fc0gq6qz2bp25
1326	p. 1-F-89	https://image-tor.canadiana.ca/iiif/2/69429%2Fc0c24qj7j23q
1327	p. 1-F-90	https://image-tor.canadiana.ca/iiif/2/69429%2Fc07940r9w904
1328	p. 1-F-91	https://image-tor.canadiana.ca/iiif/2/69429%2Fc03j39027h8k
1329	p. 1-F-92	https://image-tor.canadiana.ca/iiif/2/69429%2Fc0zs2k64m67g
1330	p. 1-F-93	https://image-tor.canadiana.ca/iiif/2/69429%2Fc0v11vd6zf60
1331	p. 1-F-94	https://image-tor.canadiana.ca/iiif/2/69429%2Fc0q814m99p52
1332	p. 1-F-95	https://image-tor.canadiana.ca/iiif/2/69429%2Fc0kh0dv1nx2q
1333	p. 1-F-96	https://image-tor.canadiana.ca/iiif/2/69429%2Fc0ft8df6v95k
1334	p. 1-F-97	https://image-tor.canadiana.ca/iiif/2/69429%2Fc0b27pn96j4k
1335	p. 1-F-98	https://image-tor.canadiana.ca/iiif/2/69429%2Fc0696zw1js0n
1336	p. 1-F-99	https://image-tor.canadiana.ca/iiif/2/69429%2Fc02j6833x079
1337	p. 1-F-100	https://image-tor.canadiana.ca/iiif/2/69429%2Fc0xs5j968p9x
1338	p. 1-F-101	https://image-tor.canadiana.ca/iiif/2/69429%2Fc0t14th8mx7v
1339	p. 1-F-102	https://image-tor.canadiana.ca/iiif/2/69429%2Fc0p843r1055g
1340	p. 1-F-103	https://image-tor.canadiana.ca/iiif/2/69429%2Fc0jm23b65j8c
1341	p. 1-F-104	https://image-tor.canadiana.ca/iiif/2/69429%2Fc0dv1cj8hs60
1342	p. 1-F-105	https://image-tor.canadiana.ca/iiif/2/69429%2Fc0930ns0w13g
1343	p. 1-F-106	https://image-tor.canadiana.ca/iiif/2/69429%2Fc0599z03780v
1344	p. 1-F-107	https://image-tor.canadiana.ca/iiif/2/69429%2Fc01j9765kh01
1345	p. 1-F-108	https://image-tor.canadiana.ca/iiif/2/69429%2Fc0ws8hd7z597
1346	p. 1-F-109	https://image-tor.canadiana.ca/iiif/2/69429%2Fc0s17sn09d8v
1347	p. 1-F-110	https://image-tor.canadiana.ca/iiif/2/69429%2Fc0nc5s75gs9k
1348	p. 1-F-111	https://image-tor.canadiana.ca/iiif/2/69429%2Fc0hm52f7v16h
1349	p. 1-F-112	https://image-tor.canadiana.ca/iiif/2/69429%2Fc0cv4bp0683n
1350	p. 1-F-113	https://image-tor.canadiana.ca/iiif/2/69429%2Fc0833mw2jh1k
1351	p. 1-F-114	https://image-tor.canadiana.ca/iiif/2/69429%2Fc04b2x34wr06
1352	p. 1-F-115	https://image-tor.canadiana.ca/iiif/2/69429%2Fc00k26977z9k
1353	p. 1-F-116	https://image-tor.canadiana.ca/iiif/2/69429%2Fc0vt1gh9mp0b
1354	p. 1-F-117	https://image-tor.canadiana.ca/iiif/2/69429%2Fc0r49g44t20c
1355	p. 1-F-118	https://image-tor.canadiana.ca/iiif/2/69429%2Fc0mc8rb7589c
1356	p. 1-F-119	https://image-tor.canadiana.ca/iiif/2/69429%2Fc0gm81j9hh56
1357	p. 1-F-120	https://image-tor.canadiana.ca/iiif/2/69429%2Fc0bv79s1vr41
1358	p. 1-F-121	https://image-tor.canadiana.ca/iiif/2/69429%2Fc0736m04703z
1359	p. 1-F-122	https://image-tor.canadiana.ca/iiif/2/69429%2Fc03b5w66k71k
1360	p. 1-F-123	https://image-tor.canadiana.ca/iiif/2/69429%2Fc0zp3vt1s25z
1361	p. 1-F-124	https://image-tor.canadiana.ca/iiif/2/69429%2Fc0tx3514494f
1362	p. 1-F-125	https://image-tor.canadiana.ca/iiif/2/69429%2Fc0q52f76gj1s
1363	p. 1-F-126	https://image-tor.canadiana.ca/iiif/2/69429%2Fc0kd1qf8tr84
1364	p. 1-F-127	https://image-tor.canadiana.ca/iiif/2/69429%2Fc0fn10p1606r
1365	p. 1-F-128	https://image-tor.canadiana.ca/iiif/2/69429%2Fc09w08w3j76j
1366	p. 1-F-129	https://image-tor.canadiana.ca/iiif/2/69429%2Fc0639k35wg3r
1367	p. 1-F-130	https://image-tor.canadiana.ca/iiif/2/69429%2Fc02f7jq12v5r
1368	p. 1-F-131	https://image-tor.canadiana.ca/iiif/2/69429%2Fc0xp6tx3fj57
1369	p. 1-F-132	https://image-tor.canadiana.ca/iiif/2/69429%2Fc0sx6445ss3n
1370	p. 1-F-133	https://image-tor.canadiana.ca/iiif/2/69429%2Fc0p55db85100
1371	p. 1-F-134	https://image-tor.canadiana.ca/iiif/2/69429%2Fc0jd4pk0h78j
1372	p. 1-F-135	https://image-tor.canadiana.ca/iiif/2/69429%2Fc0dn3zs2vg65
1373	p. 1-F-136	https://image-tor.canadiana.ca/iiif/2/69429%2Fc08w38056q5n
1374	p. 1-F-137	https://image-tor.canadiana.ca/iiif/2/69429%2Fc05717m0d370
1375	p. 1-F-138	https://image-tor.canadiana.ca/iiif/2/69429%2Fc01g0ht2rb41
1376	p. 1-F-139	https://image-tor.canadiana.ca/iiif/2/69429%2Fc0wp9t15415f
1377	p. 1-F-140	https://image-tor.canadiana.ca/iiif/2/69429%2Fc0rx9377g818
1378	p. 1-F-141	https://image-tor.canadiana.ca/iiif/2/69429%2Fc0n58cf9th1c
1379	p. 1-F-142	https://image-tor.canadiana.ca/iiif/2/69429%2Fc0hd7np25r0p
1380	p. 1-F-143	https://image-tor.canadiana.ca/iiif/2/69429%2Fc0cn6xw4hz8m
1381	p. 1-F-144	https://image-tor.canadiana.ca/iiif/2/69429%2Fc0804xg9qc0f
1382	p. 1-F-145	https://image-tor.canadiana.ca/iiif/2/69429%2Fc04746q22k8v
1383	p. 1-F-146	https://image-tor.canadiana.ca/iiif/2/69429%2Fc00g3gx4dt5w
1384	p. 1-F-147	https://image-tor.canadiana.ca/iiif/2/69429%2Fc0vq2s46sh3m
1385	p. 1-F-148	https://image-tor.canadiana.ca/iiif/2/69429%2Fc0qz22b94r2p
1386	p. 1-F-149	https://image-tor.canadiana.ca/iiif/2/69429%2Fc0m61bk1h02x
1387	p. 1-F-150	https://image-tor.canadiana.ca/iiif/2/69429%2Fc0gf0ms3v698
1388	p. 1-F-151	https://image-tor.canadiana.ca/iiif/2/69429%2Fc0br8mc91m0m
1389	p. 1-F-152	https://image-tor.canadiana.ca/iiif/2/69429%2Fc0707wm1ct92
1390	p. 1-F-153	https://image-tor.canadiana.ca/iiif/2/69429%2Fc03775t3r260
1391	p. 1-F-154	https://image-tor.canadiana.ca/iiif/2/69429%2Fc0zg6g163r58
1392	p. 1-F-155	https://image-tor.canadiana.ca/iiif/2/69429%2Fc0tq5r78g040
1393	p. 1-F-156	https://image-tor.canadiana.ca/iiif/2/69429%2Fc0pz51g0t72m
1394	p. 1-F-157	https://image-tor.canadiana.ca/iiif/2/69429%2Fc0k649p35g1m
1395	p. 1-F-158	https://image-tor.canadiana.ca/iiif/2/69429%2Fc0fj2988bv4h
1396	p. 1-F-159	https://image-tor.canadiana.ca/iiif/2/69429%2Fc09s1kh0q31p
1397	p. 1-F-160	https://image-tor.canadiana.ca/iiif/2/69429%2Fc0610vq3299d
1398	p. 1-F-161	https://image-tor.canadiana.ca/iiif/2/69429%2Fc02804x5dj57
1399	p. 1-F-162	https://image-tor.canadiana.ca/iiif/2/69429%2Fc0xg9f47s77r
1400	p. 1-F-163	https://image-tor.canadiana.ca/iiif/2/69429%2Fc0sq8qc04g5g
1401	p. 1-F-164	https://image-tor.canadiana.ca/iiif/2/69429%2Fc0nz80k2gq3g
1402	p. 1-F-165	https://image-tor.canadiana.ca/iiif/2/69429%2Fc0j96057p366
1403	p. 1-F-166	https://image-tor.canadiana.ca/iiif/2/69429%2Fc0dj58d01b4x
1404	p. 1-F-167	https://image-tor.canadiana.ca/iiif/2/69429%2Fc08s4jm2ck1z
1405	p. 1-F-168	https://image-tor.canadiana.ca/iiif/2/69429%2Fc0513tt4qs8m
1406	p. 1-F-169	https://image-tor.canadiana.ca/iiif/2/69429%2Fc0183417317m
1407	p. 1-F-170	https://image-tor.canadiana.ca/iiif/2/69429%2Fc0wh2d79fq85
1408	p. 1-F-171	https://image-tor.canadiana.ca/iiif/2/69429%2Fc0rr1pg1sz5t
1409	p. 1-F-172	https://image-tor.canadiana.ca/iiif/2/69429%2Fc0n29p270b69
1410	p. 1-F-173	https://image-tor.canadiana.ca/iiif/2/69429%2Fc0h98z89bk5h
1411	p. 1-F-174	https://image-tor.canadiana.ca/iiif/2/69429%2Fc0cj87h1pt1z
1412	p. 1-F-175	https://image-tor.canadiana.ca/iiif/2/69429%2Fc07s7hq42189
1413	p. 1-F-176	https://image-tor.canadiana.ca/iiif/2/69429%2Fc0416sx6d88d
1414	p. 1-F-177	https://image-tor.canadiana.ca/iiif/2/69429%2Fc0086348rh6t
1415	p. 1-F-178	https://image-tor.canadiana.ca/iiif/2/69429%2Fc0vh5cc1468k
1416	p. 1-F-179	https://image-tor.canadiana.ca/iiif/2/69429%2Fc0qv3bz69k9w
1417	p. 1-F-180	https://image-tor.canadiana.ca/iiif/2/69429%2Fc0m32n58nt6n
1418	p. 1-F-181	https://image-tor.canadiana.ca/iiif/2/69429%2Fc0gb1xd1124w
1419	p. 1-F-182	https://image-tor.canadiana.ca/iiif/2/69429%2Fc0bk16m3c919
1420	p. 1-F-183	https://image-tor.canadiana.ca/iiif/2/69429%2Fc06t0gt5qj13
1421	p. 1-F-184	https://image-tor.canadiana.ca/iiif/2/69429%2Fc0319s182r9p
1422	p. 1-F-185	https://image-tor.canadiana.ca/iiif/2/69429%2Fc0zc7rn38m4b
1423	p. 1-F-186	https://image-tor.canadiana.ca/iiif/2/69429%2Fc0tm71v5mv2b
1424	p. 1-F-187	https://image-tor.canadiana.ca/iiif/2/69429%2Fc0pv6b28030c
1425	p. 1-F-188	https://image-tor.canadiana.ca/iiif/2/69429%2Fc0k35m90b962
1426	p. 1-F-189	https://image-tor.canadiana.ca/iiif/2/69429%2Fc0fb4wh2pj4p
1427	p. 1-F-190	https://image-tor.canadiana.ca/iiif/2/69429%2Fc09k45q51s3r
1428	table of contents (p. 1-F-191)	https://image-tor.canadiana.ca/iiif/2/69429%2Fc05t3fx7d12g
1429	p. 1-F-192	https://image-tor.canadiana.ca/iiif/2/69429%2Fc0251fj2kd34
1430	p. 1-F-193	https://image-tor.canadiana.ca/iiif/2/69429%2Fc0xd0qr4z321
1431	p. 1-F-194	https://image-tor.canadiana.ca/iiif/2/69429%2Fc0sn00z79b2p
1432	p. 1-F-19 [195]	https://image-tor.canadiana.ca/iiif/2/69429%2Fc0nv9959nj89
1433	p. 1-F-196	https://image-tor.canadiana.ca/iiif/2/69429%2Fc0j38kd20s6b
