check,entity_id,year,population,parts_total,difference
age,band_c00053,1910,152.0,147.0,-5.0
age,band_c00053,1913,115.0,87.0,-28.0
age,band_c00054,1910,199.0,194.0,-5.0
age,band_c00056,1910,153.0,147.0,-6.0
age,band_c00056,1914,158.0,153.0,-5.0
age,band_c00057,1910,107.0,72.0,-35.0
age,band_c00058,1908,157.0,152.0,-5.0
age,band_c00059,1910,32.0,31.0,-1.0
age,band_c00061,1913,144.0,218.0,74.0
age,band_c00061,1924,133.0,203.0,70.0
age,band_c00062,1911,94.0,97.0,3.0
age,band_c00064,1909,18.0,16.0,-2.0
age,band_c00065,1902,330.0,152.0,-178.0
age,band_c00065,1914,307.0,300.0,-7.0
age,band_c00067,1903,2387.0,2308.0,-79.0
age,band_c00068,1905,92.0,95.0,3.0
age,band_c00068,1910,59.0,68.0,9.0
age,band_c00074,1904,25234.0,21734.0,-3500.0
age,band_c00074,1907,25092.0,21812.0,-3280.0
age,band_c00074,1912,24452.0,21659.0,-2793.0
age,band_c00074,1913,25172.0,22024.0,-3148.0
age,band_c00074,1914,23370.0,22436.0,-934.0
age,band_c00074,1915,25399.0,22390.0,-3009.0
age,band_c00074,1916,25737.0,22634.0,-3103.0
age,band_c00074,1917,24744.0,22636.0,-2108.0
age,band_c00078,1913,10.0,13.0,3.0
age,band_c00082,1913,65.0,111.0,46.0
age,band_c00089,1908,74.0,64.0,-10.0
age,band_c00089,1910,63.0,59.0,-4.0
age,band_c00090,1908,34.0,30.0,-4.0
age,band_c00090,1910,20.0,18.0,-2.0
age,band_c00092,1910,219.0,207.0,-12.0
age,band_c00094,1908,160.0,139.0,-21.0
age,band_c00094,1910,155.0,148.0,-7.0
age,band_c00094,1911,155.0,150.0,-5.0
age,band_c00094,1913,151.0,158.0,7.0
age,band_c00095,1902,30.0,36.0,6.0
age,band_c00098,1902,241.0,444.0,203.0
age,band_c00098,1911,242.0,232.0,-10.0
age,band_c00099,1902,204.0,196.0,-8.0
age,band_c00099,1915,132.0,121.0,-11.0
age,band_c00106,1910,75.0,66.0,-9.0
age,band_c00107,1902,82.0,262.0,180.0
age,band_c00109,1906,1.0,2.0,1.0
age,band_c00110,1910,110.0,106.0,-4.0
age,band_c00112,1903,15.0,16.0,1.0
age,band_c00112,1910,22.0,21.0,-1.0
age,band_c00115,1913,21.0,31.0,10.0
age,band_c00116,1914,175.0,169.0,-6.0
age,band_c00120,1913,160.0,144.0,-16.0
age,band_c00121,1910,117.0,127.0,10.0
age,band_c00121,1911,117.0,127.0,10.0
age,band_c00122,1911,57.0,120.0,63.0
age,band_c00124,1911,40.0,53.0,13.0
age,band_c00126,1901,2500.0,1504.0,-996.0
age,band_c00130,1908,118.0,110.0,-8.0
age,band_c00133,1913,360.0,541.0,181.0
age,band_c00135,1902,170.0,79.0,-91.0
age,band_c00135,1914,38.0,49.0,11.0
age,band_c00135,1915,38.0,49.0,11.0
age,band_c00140,1902,159.0,134.0,-25.0
age,band_c00144,1902,85.0,49.0,-36.0
age,band_c00145,1911,25.0,225.0,200.0
age,band_c00145,1914,211.0,204.0,-7.0
age,band_c00147,1902,159.0,68.0,-91.0
age,band_c00148,1910,200.0,177.0,-23.0
age,band_c00151,1914,65.0,63.0,-2.0
age,band_c00154,1904,50.0,55.0,5.0
age,band_c00154,1929,82.0,76.0,-6.0
age,band_c00160,1908,49.0,44.0,-5.0
age,band_c00160,1910,44.0,41.0,-3.0
age,band_c00164,1902,187.0,847.0,660.0
age,band_c00164,1904,190.0,180.0,-10.0
age,band_c00168,1901,1944.0,548.0,-1396.0
age,band_c00169,1910,88.0,85.0,-3.0
age,band_c00172,1901,548.0,4141.0,3593.0
age,band_c00173,1908,10.0,8.0,-2.0
age,band_c00173,1910,13.0,12.0,-1.0
age,band_c00176,1903,48.0,49.0,1.0
age,band_c00176,1904,48.0,49.0,1.0
age,band_c00176,1906,49.0,50.0,1.0
age,band_c00176,1909,13.0,51.0,38.0
age,band_c00176,1911,49.0,51.0,2.0
age,band_c00186,1901,1971.0,2809.0,838.0
age,band_c00186,1908,1995.0,1911.0,-84.0
age,band_c00187,1906,124.0,235.0,111.0
age,band_c00188,1914,94.0,92.0,-2.0
age,band_c00190,1924,38.0,39.0,1.0
age,band_c00195,1908,99.0,89.0,-10.0
age,band_c00195,1910,98.0,96.0,-2.0
age,band_c00195,1913,90.0,78.0,-12.0
age,band_c00195,1914,88.0,90.0,2.0
age,band_c00200,1903,46.0,44.0,-2.0
age,band_c00207,1901,2859.0,2630.0,-229.0
age,band_c00207,1905,2879.0,2786.0,-93.0
age,band_c00225,1910,30.0,26.0,-4.0
age,band_c00227,1908,11.0,10.0,-1.0
age,band_c00227,1910,12.0,11.0,-1.0
age,band_c00230,1910,161.0,168.0,7.0
age,band_c00236,1902,50.0,85.0,35.0
age,band_c00238,1912,173.0,179.0,6.0
age,band_c00241,1905,244.0,250.0,6.0
age,band_c00241,1915,224.0,232.0,8.0
age,band_c00245,1910,249.0,296.0,47.0
age,band_c00247,1911,109.0,96.0,-13.0
age,band_c00248,1901,1504.0,213.0,-1291.0
age,band_c00248,1903,86.0,89.0,3.0
age,band_c00248,1904,83.0,102.0,19.0
age,band_c00248,1908,99.0,122.0,23.0
age,band_c00248,1911,115.0,148.0,33.0
age,band_c00248,1929,114.0,108.0,-6.0
age,band_c00249,1910,136.0,145.0,9.0
age,band_c00254,1908,261.0,243.0,-18.0
age,band_c00255,1911,136.0,140.0,4.0
age,band_c00258,1904,216.0,226.0,10.0
age,band_c00258,1908,218.0,192.0,-26.0
age,band_c00258,1913,212.0,258.0,46.0
age,band_c00271,1929,95.0,90.0,-5.0
age,band_c00272,1904,63.0,65.0,2.0
age,band_c00272,1908,47.0,46.0,-1.0
age,band_c00279,1902,50.0,25.0,-25.0
age,band_c00279,1909,50.0,35.0,-15.0
age,band_c00279,1913,46.0,65.0,19.0
age,band_c00282,1903,26.0,23.0,-3.0
age,band_c00285,1910,75.0,73.0,-2.0
age,band_c00290,1908,212.0,187.0,-25.0
age,band_c00290,1910,244.0,231.0,-13.0
age,band_c00296,1902,16.0,34.0,18.0
age,band_c00296,1908,19.0,20.0,1.0
age,band_c00300,1910,56.0,48.0,-8.0
age,band_c00302,1910,136.0,133.0,-3.0
age,band_c00302,1912,137.0,134.0,-3.0
age,band_c00302,1914,137.0,133.0,-4.0
age,band_c00303,1902,44.0,59.0,15.0
age,band_c00305,1915,55.0,83.0,28.0
age,band_c00305,1929,48.0,54.0,6.0
age,band_c00307,1910,138.0,130.0,-8.0
age,band_c00313,1915,32.0,30.0,-2.0
age,band_c00314,1901,57.0,60.0,3.0
age,band_c00319,1906,59.0,72.0,13.0
age,band_c00322,1906,65.0,134.0,69.0
age,band_c00331,1902,26.0,38.0,12.0
age,band_c00339,1901,156.0,228.0,72.0
age,band_c00346,1901,47.0,68.0,21.0
age,band_c00350,1901,63.0,90.0,27.0
age,band_c00354,1908,57.0,52.0,-5.0
age,band_c00354,1910,86.0,80.0,-6.0
age,band_c00355,1901,62.0,95.0,33.0
age,band_c00359,1913,18.0,28.0,10.0
age,band_c00362,1902,98.0,20.0,-78.0
age,band_c00362,1913,105.0,184.0,79.0
age,band_c00363,1902,135.0,115.0,-20.0
age,band_c00363,1911,164.0,160.0,-4.0
age,band_c00363,1916,167.0,172.0,5.0
age,band_c00368,1906,26.0,32.0,6.0
age,band_c00370,1929,138.0,141.0,3.0
age,band_c00374,1910,94.0,91.0,-3.0
age,band_c00382,1910,24.0,23.0,-1.0
age,band_c00382,1913,11.0,120.0,109.0
age,band_c00386,1908,77.0,68.0,-9.0
age,band_c00386,1910,79.0,77.0,-2.0
age,band_c00401,1915,121.0,130.0,9.0
age,band_c00402,1907,24.0,26.0,2.0
age,band_c00404,1901,75.0,117.0,42.0
age,band_c00404,1913,34.0,36.0,2.0
age,band_c00406,1901,64.0,77.0,13.0
age,band_c00406,1913,48.0,67.0,19.0
age,band_c00417,1902,23.0,67.0,44.0
age,band_c00419,1908,62.0,50.0,-12.0
age,band_c00419,1913,47.0,107.0,60.0
age,band_c00424,1910,220.0,210.0,-10.0
age,band_c00436,1901,53.0,85.0,32.0
age,band_c00436,1902,52.0,46.0,-6.0
age,band_c00439,1904,73.0,67.0,-6.0
age,band_c00440,1901,154.0,150.0,-4.0
age,band_c00442,1901,87.0,78.0,-9.0
age,band_c00442,1902,84.0,49.0,-35.0
age,band_c00442,1906,85.0,88.0,3.0
age,band_c00442,1929,128.0,131.0,3.0
age,band_c00443,1901,185.0,261.0,76.0
age,band_c00467,1924,97.0,100.0,3.0
age,band_c00471,1914,45.0,44.0,-1.0
age,band_c00481,1902,75.0,46.0,-29.0
age,band_c00497,1916,5.0,4.0,-1.0
age,band_c00498,1910,51.0,49.0,-2.0
age,band_c00498,1929,39.0,42.0,3.0
age,band_c00506,1901,118.0,177.0,59.0
age,band_c00506,1902,100.0,233.0,133.0
age,band_c00507,1901,101.0,160.0,59.0
age,band_c00507,1902,101.0,11.0,-90.0
age,band_c00507,1904,95.0,85.0,-10.0
age,band_c00509,1901,17.0,14.0,-3.0
age,band_c00514,1902,56.0,225.0,169.0
age,band_c00525,1903,30.0,40.0,10.0
age,band_c00528,1904,67.0,62.0,-5.0
age,band_c00528,1910,48.0,54.0,6.0
age,band_c00529,1914,46.0,42.0,-4.0
age,band_c00529,1915,36.0,46.0,10.0
age,band_c00542,1911,90.0,84.0,-6.0
age,band_c00547,1902,129.0,109.0,-20.0
age,band_c00556,1924,224.0,244.0,20.0
age,band_c00571,1908,81.0,71.0,-10.0
age,band_c00571,1910,106.0,101.0,-5.0
age,band_c00579,1901,31.0,32.0,1.0
age,band_c00579,1902,35.0,12.0,-23.0
age,band_c00579,1909,30.0,39.0,9.0
age,band_c00586,1929,240.0,219.0,-21.0
age,band_c00588,1902,49.0,29.0,-20.0
age,band_c00589,1902,43.0,139.0,96.0
age,band_c00592,1903,71.0,78.0,7.0
age,band_c00592,1904,68.0,70.0,2.0
age,band_c00594,1901,277.0,376.0,99.0
age,band_c00601,1901,72.0,26.0,-46.0
age,band_c00601,1902,72.0,36.0,-36.0
age,band_c00602,1901,240.0,296.0,56.0
age,band_c00602,1902,109.0,50.0,-59.0
age,band_c00607,1901,26.0,75.0,49.0
age,band_c00607,1902,25.0,72.0,47.0
age,band_c00607,1906,26.0,25.0,-1.0
age,band_c00609,1908,20.0,15.0,-5.0
age,band_c00609,1910,18.0,17.0,-1.0
age,band_c00619,1901,71.0,118.0,47.0
age,band_c00627,1924,75.0,99.0,24.0
age,band_c00630,1910,235.0,245.0,10.0
age,band_c00630,1914,230.0,224.0,-6.0
age,band_c00630,1915,183.0,230.0,47.0
age,band_c00634,1914,73.0,70.0,-3.0
age,band_c00635,1904,154.0,147.0,-7.0
age,band_c00635,1910,152.0,174.0,22.0
age,band_c00635,1914,154.0,148.0,-6.0
age,band_c00635,1915,145.0,154.0,9.0
age,band_c00653,1901,212.0,247.0,35.0
age,band_c00656,1908,68.0,63.0,-5.0
age,band_c00656,1913,61.0,53.0,-8.0
age,band_c00659,1908,58.0,52.0,-6.0
age,band_c00659,1910,46.0,44.0,-2.0
age,band_c00660,1908,96.0,82.0,-14.0
age,band_c00660,1910,57.0,52.0,-5.0
age,band_c00669,1902,33.0,61.0,28.0
age,band_c00672,1902,102.0,49.0,-53.0
age,band_c00681,1912,91.0,94.0,3.0
age,band_c00686,1901,130.0,190.0,60.0
age,band_c00691,1902,273.0,13.0,-260.0
age,band_c00693,1929,46.0,56.0,10.0
age,band_c00694,1902,45.0,16.0,-29.0
age,band_c00694,1909,41.0,45.0,4.0
age,band_c00700,1902,112.0,160.0,48.0
age,band_c00705,1901,27.0,53.0,26.0
age,band_c00705,1902,27.0,4.0,-23.0
age,band_c00708,1902,39.0,58.0,19.0
age,band_c00708,1913,3.0,36.0,33.0
age,band_c00709,1910,15.0,25.0,10.0
age,band_c00711,1908,56.0,47.0,-9.0
age,band_c00714,1914,45.0,42.0,-3.0
age,band_c00718,1914,265.0,257.0,-8.0
age,band_c00720,1914,215.0,209.0,-6.0
age,band_c00720,1915,218.0,200.0,-18.0
age,band_c00721,1910,80.0,74.0,-6.0
age,band_c00721,1911,79.0,112.0,33.0
age,band_c00721,1914,73.0,66.0,-7.0
age,band_c00723,1913,78.0,11.0,-67.0
age,band_c00726,1924,84.0,77.0,-7.0
age,band_c00735,1903,56.0,54.0,-2.0
age,band_c00739,1901,96.0,90.0,-6.0
age,band_c00739,1924,138.0,134.0,-4.0
age,band_c00740,1902,98.0,43.0,-55.0
age,band_c00752,1902,51.0,23.0,-28.0
age,band_c00752,1903,41.0,51.0,10.0
age,band_c00753,1901,234.0,224.0,-10.0
age,band_c00768,1902,42.0,18.0,-24.0
age,band_c00770,1902,14.0,76.0,62.0
age,band_c00775,1901,21.0,32.0,11.0
age,band_c00779,1913,91.0,85.0,-6.0
age,band_c00783,1908,134.0,131.0,-3.0
age,band_c00784,1902,23.0,87.0,64.0
age,band_c00784,1903,23.0,2738.0,2715.0
age,band_c00788,1914,280.0,290.0,10.0
age,band_c00791,1908,48.0,42.0,-6.0
age,band_c00791,1910,56.0,54.0,-2.0
age,band_c00792,1901,75.0,27.0,-48.0
age,band_c00792,1902,75.0,58.0,-17.0
age,band_c00806,1902,86.0,44.0,-42.0
age,band_c00808,1901,85.0,87.0,2.0
age,band_c00810,1914,228.0,223.0,-5.0
age,band_c00816,1910,37.0,34.0,-3.0
age,band_c00816,1911,67.0,37.0,-30.0
age,band_c00816,1912,38.0,41.0,3.0
age,band_c00816,1914,36.0,34.0,-2.0
age,band_c00818,1901,341.0,472.0,131.0
age,band_c00822,1902,46.0,108.0,62.0
age,band_c00822,1915,36.0,33.0,-3.0
age,band_c00827,1908,160.0,260.0,100.0
age,band_c00831,1915,42.0,44.0,2.0
age,band_c00832,1911,143.0,136.0,-7.0
age,band_c00832,1915,135.0,123.0,-12.0
age,band_c00832,1929,127.0,115.0,-12.0
age,band_c00840,1910,47.0,46.0,-1.0
age,band_c00840,1911,38.0,78.0,40.0
age,band_c00840,1914,38.0,37.0,-1.0
age,band_c00848,1902,30.0,83.0,53.0
age,band_c00848,1913,27.0,29.0,2.0
age,band_c00855,1901,84.0,34.0,-50.0
age,band_c00870,1913,21.0,19.0,-2.0
age,band_c00883,1901,78.0,72.0,-6.0
age,band_c00892,1914,129.0,124.0,-5.0
age,band_c00897,1909,11.0,30.0,19.0
age,band_c00908,1910,66.0,62.0,-4.0
age,band_c00908,1911,42.0,92.0,50.0
age,band_c00909,1902,100.0,11.0,-89.0
age,band_c00909,1911,95.0,114.0,19.0
age,band_c00920,1901,163.0,220.0,57.0
age,band_c00924,1902,100.0,62.0,-38.0
age,band_c00924,1906,160.0,106.0,-54.0
age,band_c00924,1908,105.0,88.0,-17.0
age,band_c00925,1902,26.0,38.0,12.0
age,band_c00926,1913,31.0,37.0,6.0
age,band_c00937,1924,41.0,42.0,1.0
age,band_c01020,1901,17927.0,14047.0,-3880.0
age,band_c01020,1908,21066.0,745.0,-20321.0
age,band_c01023,1901,24576.0,22076.0,-2500.0
age,band_c01023,1908,24964.0,21684.0,-3280.0
age,band_c01023,1909,14871.0,21591.0,6720.0
age,band_c01024,1908,3302.0,752.0,-2550.0
age,band_c01026,1909,1871.0,957.0,-914.0
age,band_c01027,1909,7971.0,7357.0,-614.0
age,band_c01031,1908,23518.0,20771.0,-2747.0
age,band_c01031,1909,23898.0,20931.0,-2967.0
age,band_c01032,1901,10865.0,7792.0,-3073.0
age,band_c01032,1908,11469.0,7510.0,-3959.0
age,band_c01032,1909,11523.0,8579.0,-2944.0
age,band_c01042,1924,385.0,685.0,300.0
age,band_c01082,1910,111.0,106.0,-5.0
age,band_c01082,1911,112.0,116.0,4.0
age,band_c01082,1913,107.0,12.0,-95.0
age,band_c01082,1916,5.0,127.0,122.0
age,band_c01083,1908,286.0,295.0,9.0
age,band_c01083,1910,289.0,283.0,-6.0
age,band_c01083,1911,283.0,274.0,-9.0
age,band_c01083,1913,283.0,702.0,419.0
age,band_c01084,1901,110.0,102.0,-8.0
age,band_c01084,1913,123.0,120.0,-3.0
age,band_c01084,1914,10.0,18.0,8.0
age,band_c01084,1924,19.0,35.0,16.0
age,band_c01086,1901,124.0,113.0,-11.0
age,band_c01086,1913,122.0,8.0,-114.0
age,band_c01086,1916,124.0,120.0,-4.0
age,band_c01089,1910,126.0,116.0,-10.0
age,band_c01089,1916,9.0,75.0,66.0
age,band_c01090,1901,383.0,368.0,-15.0
age,band_c01090,1909,419.0,249.0,-170.0
age,band_c01090,1913,441.0,4.0,-437.0
age,band_c01090,1915,438.0,418.0,-20.0
age,band_c01094,1901,26.0,267.0,241.0
age,band_c01094,1905,283.0,247.0,-36.0
age,band_c01094,1909,290.0,314.0,24.0
age,band_c01094,1911,303.0,314.0,11.0
age,band_c01094,1916,10.0,302.0,292.0
age,band_c01095,1901,82.0,112.0,30.0
age,band_c01095,1911,138.0,135.0,-3.0
age,band_c01095,1916,77.0,187.0,110.0
age,band_c01097,1901,82.0,132.0,50.0
age,band_c01097,1916,134.0,173.0,39.0
age,band_c01098,1910,181.0,175.0,-6.0
age,band_c01098,1913,186.0,9.0,-177.0
age,band_c01098,1914,197.0,301.0,104.0
age,band_c01099,1908,45.0,44.0,-1.0
age,band_c01099,1910,9.0,8.0,-1.0
age,band_c01101,1912,13711.0,13253.0,-458.0
age,band_c01101,1913,10822.0,10513.0,-309.0
age,band_c01101,1914,10290.0,9853.0,-437.0
age,band_c01101,1915,10798.0,10494.0,-304.0
age,band_c01101,1916,11935.0,11530.0,-405.0
age,band_c01101,1917,14827.0,11178.0,-3649.0
age,band_c01102,1914,49.0,52.0,3.0
age,band_c01104,1916,9.0,76.0,67.0
age,band_c01109,1901,897.0,1087.0,190.0
age,band_c01109,1916,732.0,1032.0,300.0
age,band_c01116,1901,47.0,90.0,43.0
age,band_c01116,1910,92.0,88.0,-4.0
age,band_c01116,1913,98.0,94.0,-4.0
age,band_c01116,1929,129.0,126.0,-3.0
age,band_c01117,1913,79.0,116.0,37.0
age,band_c01120,1901,122.0,177.0,55.0
age,band_c01121,1901,154.0,142.0,-12.0
age,band_c01122,1901,8.0,65.0,57.0
age,band_c01122,1911,81.0,83.0,2.0
age,band_c01123,1910,312.0,291.0,-21.0
age,band_c01124,1910,75.0,69.0,-6.0
age,band_c01124,1912,77.0,115.0,38.0
age,band_c01124,1914,121.0,129.0,8.0
age,band_c01125,1912,133.0,124.0,-9.0
age,band_c01125,1913,141.0,16.0,-125.0
age,band_c01125,1916,137.0,129.0,-8.0
age,band_c01127,1901,148.0,137.0,-11.0
age,band_c01127,1905,465.0,165.0,-300.0
age,band_c01127,1907,175.0,165.0,-10.0
age,band_c01127,1909,143.0,108.0,-35.0
age,band_c01127,1913,156.0,4.0,-152.0
age,band_c01127,1916,150.0,174.0,24.0
age,band_c01130,1910,91.0,84.0,-7.0
age,band_c01131,1911,138.0,141.0,3.0
age,band_c01131,1913,143.0,140.0,-3.0
age,band_c01133,1914,130.0,126.0,-4.0
age,band_c01134,1901,62.0,54.0,-8.0
age,band_c01134,1909,71.0,95.0,24.0
age,band_c01134,1913,89.0,2.0,-87.0
age,band_c01134,1916,96.0,89.0,-7.0
age,band_c01137,1910,55.0,48.0,-7.0
age,band_c01137,1911,55.0,52.0,-3.0
age,band_c01137,1913,55.0,87.0,32.0
age,band_c01139,1913,164.0,157.0,-7.0
age,band_c01139,1916,168.0,160.0,-8.0
age,band_c01140,1901,78.0,72.0,-6.0
age,band_c01140,1910,78.0,74.0,-4.0
age,band_c01140,1929,84.0,87.0,3.0
age,band_c01142,1913,42.0,39.0,-3.0
age,band_c01143,1901,51.0,107.0,56.0
age,band_c01143,1903,112.0,90.0,-22.0
age,band_c01143,1909,122.0,114.0,-8.0
age,band_c01143,1912,126.0,135.0,9.0
age,band_c01143,1913,134.0,17.0,-117.0
age,band_c01143,1916,153.0,148.0,-5.0
age,band_c01144,1913,72.0,65.0,-7.0
age,band_c01146,1910,444.0,432.0,-12.0
age,band_c01147,1901,241.0,494.0,253.0
age,band_c01147,1905,511.0,472.0,-39.0
age,band_c01147,1909,497.0,473.0,-24.0
age,band_c01147,1910,496.0,486.0,-10.0
age,band_c01147,1911,496.0,485.0,-11.0
age,band_c01147,1924,574.0,517.0,-57.0
age,band_c01148,1924,162.0,146.0,-16.0
age,band_c01150,1916,44.0,154.0,110.0
age,band_c01152,1913,65.0,93.0,28.0
age,band_c01154,1910,191.0,186.0,-5.0
age,band_c01155,1916,3.0,65.0,62.0
age,band_c01158,1901,21.0,104.0,83.0
age,band_c01158,1910,131.0,128.0,-3.0
age,band_c01158,1913,132.0,151.0,19.0
age,band_c01158,1916,25.0,117.0,92.0
age,band_c01160,1913,78.0,75.0,-3.0
age,band_c01162,1908,420.0,381.0,-39.0
age,band_c01162,1913,472.0,743.0,271.0
age,band_c01165,1911,46.0,45.0,-1.0
age,band_c01165,1914,49.0,48.0,-1.0
age,band_c01167,1912,395.0,383.0,-12.0
age,band_c01167,1913,430.0,37.0,-393.0
age,band_c01168,1913,738.0,112.0,-626.0
age,band_c01168,1916,208.0,670.0,462.0
age,band_c01169,1911,286.0,8.0,-278.0
age,band_c01169,1913,300.0,37.0,-263.0
age,band_c01169,1914,352.0,332.0,-20.0
age,band_c01169,1929,381.0,369.0,-12.0
age,band_c01170,1908,148.0,143.0,-5.0
age,band_c01172,1924,365.0,322.0,-43.0
age,band_c01173,1901,66.0,63.0,-3.0
age,band_c01173,1903,62.0,58.0,-4.0
age,band_c01173,1908,67.0,64.0,-3.0
age,band_c01174,1910,34.0,33.0,-1.0
age,band_c01176,1901,11.0,53.0,42.0
age,band_c01176,1916,8.0,40.0,32.0
age,band_c01177,1911,449.0,14.0,-435.0
age,band_c01177,1913,491.0,49.0,-442.0
age,band_c01180,1910,177.0,168.0,-9.0
age,band_c01180,1916,149.0,168.0,19.0
age,band_c01184,1903,3408.0,3308.0,-100.0
age,band_c01184,1907,3942.0,3824.0,-118.0
age,band_c01187,1912,468.0,451.0,-17.0
age,band_c01187,1913,512.0,58.0,-454.0
age,band_c01188,1916,18.0,68.0,50.0
age,band_c01189,1913,65.0,128.0,63.0
age,band_c01189,1916,2.0,51.0,49.0
age,band_c01190,1906,135.0,132.0,-3.0
age,band_c01190,1910,122.0,116.0,-6.0
age,band_c01190,1913,114.0,10.0,-104.0
age,band_c01190,1914,119.0,204.0,85.0
age,band_c01192,1911,545.0,206.0,-339.0
age,band_c01193,1912,317.0,308.0,-9.0
age,band_c01193,1913,326.0,31.0,-295.0
age,band_c01193,1916,341.0,284.0,-57.0
age,band_c01194,1916,18.0,45.0,27.0
age,band_c01196,1916,1.0,154.0,153.0
age,band_c01197,1911,288.0,7.0,-281.0
age,band_c01197,1913,301.0,34.0,-267.0
age,band_c01198,1913,231.0,268.0,37.0
age,band_c01198,1916,149.0,226.0,77.0
age,band_c01201,1901,153.0,192.0,39.0
age,band_c01201,1910,201.0,196.0,-5.0
age,band_c01201,1911,189.0,193.0,4.0
age,band_c01201,1913,193.0,248.0,55.0
age,band_c01201,1916,115.0,175.0,60.0
age,band_c01203,1913,459.0,631.0,172.0
age,band_c01203,1915,444.0,434.0,-10.0
age,band_c01205,1915,88.0,98.0,10.0
age,band_c01205,1916,14.0,112.0,98.0
age,band_c01208,1916,1.0,72.0,71.0
age,band_c01273,1910,47.0,46.0,-1.0
age,band_c01275,1907,24.0,25.0,1.0
age,band_c01294,1910,62.0,60.0,-2.0
age,band_c01298,1908,66.0,76.0,10.0
age,band_c01299,1910,36.0,35.0,-1.0
age,band_c01303,1910,46.0,45.0,-1.0
age,band_c01303,1912,59.0,69.0,10.0
age,band_c01303,1929,90.0,83.0,-7.0
age,band_c01309,1929,241.0,210.0,-31.0
age,band_c01311,1909,130.0,208.0,78.0
age,band_c01311,1910,116.0,112.0,-4.0
age,band_c01314,1910,155.0,151.0,-4.0
age,band_c01314,1929,170.0,10.0,-160.0
age,band_c01316,1906,24.0,25.0,1.0
age,band_c01316,1910,22.0,20.0,-2.0
age,band_c01317,1910,89.0,87.0,-2.0
age,band_c01318,1910,33.0,31.0,-2.0
age,band_c01319,1910,323.0,313.0,-10.0
age,band_c01320,1908,56.0,48.0,-8.0
age,band_c01320,1910,59.0,57.0,-2.0
age,band_c01320,1929,63.0,35.0,-28.0
age,band_c01323,1912,1903.0,1778.0,-125.0
age,band_c01323,1913,1920.0,1564.0,-356.0
age,band_c01323,1914,1906.0,1560.0,-346.0
age,band_c01323,1915,1862.0,1496.0,-366.0
age,band_c01323,1916,1874.0,1498.0,-376.0
age,band_c01323,1917,1846.0,1455.0,-391.0
age,band_c01326,1910,68.0,62.0,-6.0
age,band_c01330,1910,157.0,153.0,-4.0
age,band_c01589,1902,69.0,115.0,46.0
age,band_c01589,1903,45.0,91.0,46.0
age,band_c01589,1905,46.0,94.0,48.0
age,band_c01591,1902,133.0,337.0,204.0
age,band_c01591,1910,11.0,16.0,5.0
age,band_c01591,1914,34.0,64.0,30.0
age,band_c01591,1915,58.0,95.0,37.0
age,band_c01591,1916,60.0,64.0,4.0
age,band_c01591,1924,53.0,94.0,41.0
age,band_c01592,1901,54.0,94.0,40.0
age,band_c01593,1901,101.0,109.0,8.0
age,band_c01599,1901,101.0,127.0,26.0
age,band_c01599,1902,95.0,13.0,-82.0
age,band_c01600,1902,91.0,9.0,-82.0
age,band_c01601,1901,16.0,76.0,60.0
age,band_c01602,1901,11.0,85.0,74.0
age,band_c01605,1901,23.0,186.0,163.0
age,band_c01605,1902,23.0,108.0,85.0
age,band_c01606,1915,17.0,21.0,4.0
age,band_c01607,1901,33.0,125.0,92.0
age,band_c01608,1902,10.0,91.0,81.0
age,band_c01608,1903,9.0,67.0,58.0
age,band_c01608,1904,9.0,80.0,71.0
age,band_c01608,1905,16.0,78.0,62.0
age,band_c01608,1906,10.0,74.0,64.0
age,band_c01608,1907,12.0,78.0,66.0
age,band_c01608,1908,13.0,76.0,63.0
age,band_c01609,1907,10.0,19.0,9.0
age,band_c01610,1901,22.0,77.0,55.0
age,band_c01610,1902,24.0,77.0,53.0
age,band_c01612,1912,135.0,118.0,-17.0
age,band_c01619,1901,20.0,74.0,54.0
age,band_c01621,1913,30.0,27.0,-3.0
age,band_c01621,1915,23.0,22.0,-1.0
age,band_c01624,1901,56.0,87.0,31.0
age,band_c01624,1902,54.0,212.0,158.0
age,band_c01634,1902,15.0,93.0,78.0
age,band_c01648,1901,250.0,242.0,-8.0
age,band_c01654,1911,10.0,8.0,-2.0
age,band_c01654,1915,30.0,28.0,-2.0
age,band_c01664,1915,15.0,13.0,-2.0
age,band_c01664,1916,15.0,16.0,1.0
age,band_c01666,1904,1998.0,1915.0,-83.0
age,band_c01666,1913,2018.0,2078.0,60.0
age,band_c01669,1915,14.0,18.0,4.0
age,band_c01670,1915,69.0,61.0,-8.0
age,band_c01678,1902,2.0,218.0,216.0
age,band_c01680,1915,154.0,150.0,-4.0
age,band_c01681,1915,81.0,74.0,-7.0
age,band_c01682,1902,6.0,54.0,48.0
age,band_c01682,1911,12.0,67.0,55.0
age,band_c01682,1912,12.0,69.0,57.0
age,band_c01684,1915,96.0,89.0,-7.0
age,band_c01684,1924,87.0,82.0,-5.0
age,band_c01686,1915,125.0,111.0,-14.0
age,band_c01690,1902,32.0,133.0,101.0
age,band_c01690,1915,37.0,42.0,5.0
age,band_c01691,1903,58.0,94.0,36.0
age,band_c01691,1915,50.0,47.0,-3.0
age,band_c01692,1913,134.0,207.0,73.0
age,band_c01694,1915,8.0,10.0,2.0
age,band_c01695,1903,90.0,125.0,35.0
age,band_c01695,1904,90.0,125.0,35.0
age,band_c01695,1908,87.0,107.0,20.0
age,band_c01695,1911,83.0,95.0,12.0
age,band_c01695,1914,97.0,95.0,-2.0
age,band_c01698,1911,6.0,8.0,2.0
age,band_c01698,1915,25.0,23.0,-2.0
age,band_c01701,1903,22.0,210.0,188.0
age,band_c01701,1904,24.0,215.0,191.0
age,band_c01701,1905,25.0,217.0,192.0
age,band_c01701,1906,25.0,220.0,195.0
age,band_c01701,1907,20.0,215.0,195.0
age,band_c01701,1908,21.0,216.0,195.0
age,band_c01701,1909,21.0,214.0,193.0
age,band_c01701,1915,20.0,22.0,2.0
age,band_c01702,1929,13.0,16.0,3.0
age,band_c01705,1902,28.0,11.0,-17.0
age,band_c01706,1903,77.0,83.0,6.0
age,band_c01706,1904,79.0,85.0,6.0
age,band_c01706,1915,102.0,106.0,4.0
age,band_c01708,1901,8.0,109.0,101.0
age,band_c01710,1902,7.0,17.0,10.0
age,band_c01712,1915,124.0,111.0,-13.0
age,band_c01714,1903,17.0,68.0,51.0
age,band_c01714,1908,25.0,69.0,44.0
age,band_c01717,1902,13.0,16.0,3.0
age,band_c01729,1915,6.0,8.0,2.0
age,band_c01733,1901,7.0,16.0,9.0
age,band_c01740,1903,12.0,31.0,19.0
age,band_c01740,1904,12.0,32.0,20.0
age,band_c01740,1905,12.0,32.0,20.0
age,band_c01743,1902,11.0,56.0,45.0
age,band_c01743,1912,7.0,9.0,2.0
age,band_c01743,1915,8.0,7.0,-1.0
age,band_c01744,1903,36.0,37.0,1.0
age,band_c01748,1901,1.0,22.0,21.0
age,band_c01748,1912,10.0,38.0,28.0
age,band_c01752,1901,12.0,131.0,119.0
age,band_c01752,1906,13.0,29.0,16.0
age,band_c01752,1907,14.0,41.0,27.0
age,band_c01752,1908,14.0,43.0,29.0
age,band_c01752,1909,16.0,44.0,28.0
age,band_c01752,1914,19.0,40.0,21.0
age,band_c01752,1915,19.0,42.0,23.0
age,band_c01755,1915,5.0,7.0,2.0
age,band_c01757,1902,4.0,122.0,118.0
age,band_c01761,1902,8.0,11.0,3.0
age,band_c01761,1905,19.0,21.0,2.0
age,band_c01761,1915,30.0,26.0,-4.0
age,band_c01766,1915,14.0,13.0,-1.0
age,band_c01766,1916,14.0,12.0,-2.0
age,band_c01767,1911,7.0,84.0,77.0
age,band_c01769,1901,2.0,72.0,70.0
age,band_c01769,1912,9.0,7.0,-2.0
age,band_c01770,1915,58.0,54.0,-4.0
age,band_c01776,1902,20.0,14.0,-6.0
age,band_c01779,1902,15.0,71.0,56.0
age,band_c01781,1901,2.0,9.0,7.0
age,band_c01785,1913,91.0,79.0,-12.0
age,band_c01785,1915,96.0,81.0,-15.0
age,band_c01793,1902,27.0,8.0,-19.0
age,band_c01794,1902,7.0,12.0,5.0
age,band_c01798,1903,56.0,88.0,32.0
age,band_c01798,1915,35.0,34.0,-1.0
age,band_c01799,1902,2.0,36.0,34.0
age,band_c01802,1911,79.0,219.0,140.0
age,band_c01802,1915,155.0,182.0,27.0
age,band_c01804,1910,152.0,144.0,-8.0
age,band_c01804,1913,424.0,34.0,-390.0
age,band_c01804,1914,110.0,400.0,290.0
age,band_c01805,1913,272.0,14.0,-258.0
age,band_c01805,1924,279.0,248.0,-31.0
age,band_c01807,1910,29.0,228.0,199.0
age,band_c01807,1911,30.0,64.0,34.0
age,band_c01807,1912,31.0,61.0,30.0
age,band_c01807,1913,13.0,481.0,468.0
age,band_c01808,1913,384.0,12.0,-372.0
age,band_c01808,1914,18.0,366.0,348.0
age,band_c01808,1915,378.0,365.0,-13.0
age,band_c01809,1913,153.0,24.0,-129.0
age,band_c01812,1906,10.0,100.0,90.0
age,band_c01815,1910,41.0,35.0,-6.0
age,band_c01815,1913,38.0,2.0,-36.0
age,band_c01816,1902,218.0,212.0,-6.0
age,band_c01816,1903,221.0,212.0,-9.0
age,band_c01817,1903,99.0,42.0,-57.0
age,band_c01817,1908,106.0,40.0,-66.0
age,band_c01817,1909,104.0,49.0,-55.0
age,band_c01817,1910,35.0,39.0,4.0
age,band_c01818,1910,236.0,223.0,-13.0
age,band_c01818,1913,241.0,20.0,-221.0
age,band_c01819,1906,2.0,285.0,283.0
age,band_c01819,1910,166.0,162.0,-4.0
age,band_c01819,1913,164.0,13.0,-151.0
age,band_c01820,1910,277.0,265.0,-12.0
age,band_c01821,1913,134.0,4.0,-130.0
age,band_c01822,1906,1.0,428.0,427.0
age,band_c01822,1910,46.0,54.0,8.0
age,band_c01822,1911,37.0,42.0,5.0
age,band_c01822,1912,35.0,42.0,7.0
age,band_c01822,1913,36.0,101.0,65.0
age,band_c01823,1915,92.0,178.0,86.0
age,band_c01826,1913,469.0,36.0,-433.0
age,band_c01826,1914,20.0,363.0,343.0
age,band_c01827,1902,161.0,155.0,-6.0
age,band_c01827,1903,156.0,107.0,-49.0
age,band_c01827,1909,162.0,113.0,-49.0
age,band_c01829,1910,101.0,94.0,-7.0
age,band_c01829,1913,103.0,10.0,-93.0
age,band_c01829,1914,1.0,102.0,101.0
age,band_c01831,1910,28.0,26.0,-2.0
age,band_c01832,1910,256.0,250.0,-6.0
age,band_c01834,1911,220.0,225.0,5.0
age,band_c01834,1913,222.0,13.0,-209.0
age,band_c01834,1914,12.0,210.0,198.0
age,band_c01837,1913,480.0,16.0,-464.0
age,band_c01837,1914,223.0,432.0,209.0
age,band_c01837,1915,478.0,454.0,-24.0
age,band_c01839,1915,65.0,128.0,63.0
age,band_c01841,1910,75.0,174.0,99.0
age,band_c01842,1910,1550.0,4402.0,2852.0
age,band_c01842,1913,4564.0,15509.0,10945.0
age,band_c01842,1914,1585.0,4469.0,2884.0
age,band_c01844,1915,61.0,119.0,58.0
age,band_c01850,1902,34.0,343.0,309.0
age,band_c01851,1914,1411.0,1376.0,-35.0
age,band_c01851,1929,1150.0,1550.0,400.0
age,band_c01852,1915,112.0,214.0,102.0
age,band_c01853,1903,104.0,94.0,-10.0
age,band_c01853,1913,245.0,1.0,-244.0
age,band_c01855,1910,168.0,164.0,-4.0
age,band_c01855,1913,203.0,7.0,-196.0
age,band_c01856,1902,79.0,31.0,-48.0
age,band_c01856,1910,78.0,76.0,-2.0
age,band_c01857,1910,21.0,20.0,-1.0
age,band_c01858,1913,268.0,24.0,-244.0
age,band_c01863,1910,279.0,273.0,-6.0
age,band_c01863,1913,277.0,20.0,-257.0
age,band_c01863,1914,12.0,276.0,264.0
age,band_c01864,1910,95.0,93.0,-2.0
age,band_c01864,1913,102.0,2.0,-100.0
age,band_c01868,1902,32.0,18.0,-14.0
age,band_c01870,1913,724.0,70.0,-654.0
age,band_c01870,1924,1283.0,1583.0,300.0
age,band_c01872,1913,213.0,8.0,-205.0
age,band_c01882,1902,369.0,109.0,-260.0
age,band_c01882,1913,134.0,14.0,-120.0
age,band_c01886,1906,350.0,1000.0,650.0
age,band_c01891,1916,30.0,2.0,-28.0
age,band_c01892,1910,338.0,330.0,-8.0
age,band_c01892,1913,333.0,14.0,-319.0
age,band_c01892,1914,107.0,313.0,206.0
age,band_c01893,1914,4.0,245.0,241.0
age,band_c01893,1915,265.0,241.0,-24.0
age,band_c01893,1924,131.0,31.0,-100.0
age,band_c01894,1902,55.0,49.0,-6.0
age,band_c01894,1910,33.0,31.0,-2.0
age,band_c01896,1902,54.0,48.0,-6.0
age,band_c01896,1910,41.0,40.0,-1.0
age,band_c01902,1902,18.0,17.0,-1.0
age,band_c01902,1910,14.0,12.0,-2.0
age,band_c01903,1910,83.0,81.0,-2.0
age,band_c01904,1910,775.0,757.0,-18.0
age,band_c01904,1913,778.0,48.0,-730.0
age,band_c01904,1914,212.0,750.0,538.0
age,band_c01917,1908,112.0,106.0,-6.0
age,band_c01917,1910,113.0,110.0,-3.0
age,band_c01917,1913,115.0,7.0,-108.0
age,band_c01917,1914,58.0,107.0,49.0
age,band_c01918,1915,96.0,182.0,86.0
age,band_c01920,1906,4.0,250.0,246.0
age,band_c01921,1902,5.0,33.0,28.0
age,band_c01921,1910,48.0,44.0,-4.0
age,band_c01921,1913,47.0,3.0,-44.0
age,band_c01922,1906,31.0,38.0,7.0
age,band_c01923,1910,4.0,423.0,419.0
age,band_c01923,1913,435.0,25.0,-410.0
age,band_c01923,1914,12.0,429.0,417.0
age,band_c01928,1904,21191.0,20742.0,-449.0
age,band_c01928,1907,23783.0,20540.0,-3243.0
age,band_c01928,1913,26077.0,22120.0,-3957.0
age,band_c01928,1914,26419.0,20369.0,-6050.0
age,band_c01928,1915,26162.0,21927.0,-4235.0
age,band_c01928,1916,26305.0,22170.0,-4135.0
age,band_c01928,1917,20969.0,22202.0,1233.0
age,band_c01929,1913,234.0,17.0,-217.0
age,band_c01929,1914,32.0,213.0,181.0
age,band_c01930,1929,205.0,250.0,45.0
age,band_c01935,1902,82.0,78.0,-4.0
age,band_c01935,1905,70.0,124.0,54.0
age,band_c01936,1906,112.0,6322.0,6210.0
age,band_c01945,1906,100.0,6015.0,5915.0
age,band_c01946,1906,1.0,106.0,105.0
age,band_c01948,1906,21.0,37.0,16.0
age,band_c01953,1915,87.0,164.0,77.0
age,band_c01956,1910,379.0,361.0,-18.0
age,band_c01956,1913,385.0,27.0,-358.0
age,band_c01962,1902,73.0,68.0,-5.0
age,band_c01973,1906,300.0,2900.0,2600.0
age,band_c01983,1902,31.0,17.0,-14.0
age,band_c01983,1909,33.0,31.0,-2.0
age,band_c01984,1911,88.0,75.0,-13.0
age,band_c01984,1913,82.0,72.0,-10.0
age,band_c01986,1906,28.0,1962.0,1934.0
age,band_c01989,1910,59.0,56.0,-3.0
age,band_c01990,1902,62.0,51.0,-11.0
age,band_c01993,1910,86.0,82.0,-4.0
age,band_c01993,1913,72.0,6.0,-66.0
age,band_c01993,1914,43.0,67.0,24.0
age,band_c01998,1910,55.0,53.0,-2.0
age,band_c01998,1913,54.0,5.0,-49.0
age,band_c02005,1906,5.0,3341.0,3336.0
age,band_c02008,1902,30.0,46.0,16.0
age,band_c02008,1910,25.0,24.0,-1.0
age,band_c02009,1910,45.0,43.0,-2.0
age,band_c02011,1906,90.0,154.0,64.0
age,band_c02012,1906,30.0,319.0,289.0
age,band_c02018,1902,144.0,138.0,-6.0
age,band_c02020,1902,160.0,154.0,-6.0
age,band_c02020,1913,168.0,21.0,-147.0
age,band_c02025,1906,44.0,1135.0,1091.0
age,band_c02028,1906,212.0,714.0,502.0
age,band_c02030,1910,140.0,135.0,-5.0
age,band_c02041,1906,36.0,188.0,152.0
age,band_c02056,1911,61.0,179.0,118.0
age,band_c02063,1906,15.0,1305.0,1290.0
age,band_c02074,1906,127.0,547.0,420.0
age,band_c02076,1903,125.0,113.0,-12.0
age,band_c02078,1902,159.0,149.0,-10.0
age,band_c02078,1910,174.0,167.0,-7.0
age,band_c02078,1913,181.0,21.0,-160.0
age,band_c02078,1914,50.0,167.0,117.0
age,band_c02081,1929,10.0,130.0,120.0
age,band_c02097,1913,297.0,12.0,-285.0
age,band_c02098,1910,198.0,438.0,240.0
age,band_c02098,1913,427.0,28.0,-399.0
age,band_c02098,1914,180.0,405.0,225.0
age,band_c02104,1902,111.0,89.0,-22.0
age,band_c02106,1910,47.0,45.0,-2.0
age,band_c02119,1902,49.0,48.0,-1.0
age,band_c02119,1910,44.0,42.0,-2.0
age,band_c02119,1924,27.0,28.0,1.0
age,band_c02120,1910,100.0,94.0,-6.0
age,band_c02120,1911,107.0,104.0,-3.0
age,band_c02120,1913,119.0,11.0,-108.0
age,band_c02120,1914,102.0,112.0,10.0
age,band_c02121,1903,197.0,187.0,-10.0
age,band_c02121,1913,214.0,18.0,-196.0
age,band_c02133,1902,130.0,123.0,-7.0
age,band_c02154,1910,83.0,81.0,-2.0
age,band_c02156,1902,87.0,85.0,-2.0
age,band_c02156,1910,109.0,98.0,-11.0
age,band_c02156,1913,112.0,26.0,-86.0
age,band_c02156,1914,76.0,104.0,28.0
age,band_c02158,1904,13.0,15.0,2.0
age,band_c02158,1910,14.0,12.0,-2.0
age,band_c02158,1913,12.0,1.0,-11.0
age,band_c02166,1910,35.0,399.0,364.0
age,band_c02166,1913,413.0,43.0,-370.0
age,band_c02167,1914,38.0,404.0,366.0
age,band_c02195,1913,6.0,1.0,-5.0
age,band_c02196,1913,39.0,2.0,-37.0
age,band_c02205,1902,63.0,57.0,-6.0
age,band_c02209,1905,139.0,142.0,3.0
age,band_c02210,1910,158.0,154.0,-4.0
age,band_c02224,1902,330.0,322.0,-8.0
age,band_c02224,1906,329.0,320.0,-9.0
age,band_c02224,1913,269.0,26.0,-243.0
age,band_c02224,1914,10.0,234.0,224.0
age,band_c02236,1902,66.0,55.0,-11.0
age,band_c02236,1910,61.0,58.0,-3.0
age,band_c02236,1913,102.0,6.0,-96.0
age,band_c02240,1910,52.0,50.0,-2.0
age,band_c02285,1902,88.0,70.0,-18.0
age,band_c02286,1913,349.0,24.0,-325.0
age,band_c02312,1905,49.0,50.0,1.0
age,band_c02348,1909,82.0,92.0,10.0
age,band_c02367,1902,17.0,30.0,13.0
age,band_c02389,1901,6.0,48.0,42.0
age,band_c02389,1909,51.0,82.0,31.0
age,band_c02389,1912,56.0,60.0,4.0
age,band_c02394,1909,537.0,40.0,-497.0
age,band_c02394,1910,516.0,504.0,-12.0
age,band_c02395,1910,313.0,272.0,-41.0
age,band_c02396,1904,2.0,193.0,191.0
age,band_c02398,1910,82.0,76.0,-6.0
age,band_c02398,1912,66.0,75.0,9.0
age,band_c02399,1910,75.0,73.0,-2.0
age,band_c02399,1916,78.0,115.0,37.0
age,band_c02401,1910,121.0,108.0,-13.0
age,band_c02402,1910,85.0,83.0,-2.0
age,band_c02402,1911,89.0,91.0,2.0
age,band_c02402,1915,277.0,85.0,-192.0
age,band_c02402,1916,73.0,84.0,11.0
age,band_c02402,1924,52.0,74.0,22.0
age,band_c02404,1901,52.0,92.0,40.0
age,band_c02404,1904,62.0,100.0,38.0
age,band_c02404,1910,128.0,124.0,-4.0
age,band_c02405,1910,2.0,12.0,10.0
age,band_c02408,1903,4468.0,4358.0,-110.0
age,band_c02408,1904,4482.0,4370.0,-112.0
age,band_c02408,1905,4512.0,4400.0,-112.0
age,band_c02410,1910,130.0,118.0,-12.0
age,band_c02413,1910,179.0,533.0,354.0
age,band_c02413,1916,16.0,94.0,78.0
age,band_c02415,1910,425.0,378.0,-47.0
age,band_c02417,1910,144.0,138.0,-6.0
age,band_c02422,1904,124.0,108.0,-16.0
age,band_c02422,1916,13.0,22.0,9.0
age,band_c02428,1910,115.0,103.0,-12.0
age,band_c02429,1910,371.0,330.0,-41.0
age,band_c02429,1929,179.0,97.0,-82.0
age,band_c02431,1910,100.0,114.0,14.0
age,band_c02431,1912,9545.0,8693.0,-852.0
age,band_c02431,1913,9699.0,7711.0,-1988.0
age,band_c02431,1914,9779.0,7765.0,-2014.0
age,band_c02431,1915,9775.0,7376.0,-2399.0
age,band_c02431,1916,9962.0,7501.0,-2461.0
age,band_c02431,1917,7764.0,10020.0,2256.0
age,band_c02434,1916,67.0,90.0,23.0
age,band_c02436,1901,3633.0,3319.0,-314.0
age,band_c02437,1910,40.0,36.0,-4.0
age,band_c02439,1904,138.0,128.0,-10.0
age,band_c02439,1910,120.0,110.0,-10.0
age,band_c02440,1910,355.0,422.0,67.0
age,band_c02445,1916,250.0,236.0,-14.0
age,band_c02449,1903,21093.0,23152.0,2059.0
age,band_c02449,1905,20850.0,20401.0,-449.0
age,band_c02453,1907,319.0,207.0,-112.0
age,band_c02453,1908,323.0,208.0,-115.0
age,band_c02454,1910,252.0,225.0,-27.0
age,band_c02459,1910,60.0,57.0,-3.0
age,band_c02466,1913,62.0,57.0,-5.0
age,band_c02469,1915,20.0,111.0,91.0
age,band_c02472,1901,6.0,68.0,62.0
age,band_c02473,1910,300.0,266.0,-34.0
age,band_c02476,1907,54.0,77.0,23.0
age,band_c02476,1913,34.0,31.0,-3.0
age,band_c02480,1914,737.0,960.0,223.0
age,band_c02480,1915,250.0,734.0,484.0
age,band_c02482,1910,467.0,415.0,-52.0
age,band_c02483,1910,75.0,64.0,-11.0
age,band_c02487,1910,363.0,343.0,-20.0
age,band_c02488,1910,141.0,137.0,-4.0
age,band_c02488,1916,108.0,139.0,31.0
age,band_c02495,1909,93.0,98.0,5.0
age,band_c02495,1910,79.0,74.0,-5.0
age,band_c02495,1913,82.0,74.0,-8.0
age,band_c02495,1914,5.0,75.0,70.0
age,band_c02498,1910,88.0,76.0,-12.0
age,band_c02500,1915,120.0,113.0,-7.0
age,band_c02501,1910,67.0,110.0,43.0
age,band_c02503,1910,131.0,114.0,-17.0
age,band_c02508,1910,262.0,234.0,-28.0
age,band_c02510,1901,4.0,178.0,174.0
age,band_c02510,1904,3.0,143.0,140.0
age,band_c02516,1910,233.0,226.0,-7.0
age,band_c02516,1912,225.0,219.0,-6.0
age,band_c02518,1916,65.0,167.0,102.0
age,band_c02520,1910,184.0,160.0,-24.0
age,band_c02523,1915,62.0,367.0,305.0
age,band_c02526,1910,116.0,100.0,-16.0
age,band_c02529,1901,6.0,116.0,110.0
age,band_c02529,1904,4.0,115.0,111.0
age,band_c02529,1916,5.0,123.0,118.0
age,band_c02531,1903,17649.0,14027.0,-3622.0
age,band_c02531,1904,17561.0,13749.0,-3812.0
age,band_c02531,1905,17493.0,13908.0,-3585.0
age,band_c02531,1912,12953.0,4093.0,-8860.0
age,band_c02531,1915,320.0,2508.0,2188.0
age,band_c02531,1916,3579.0,2100.0,-1479.0
age,band_c02531,1917,3579.0,1358.0,-2221.0
age,band_c02532,1901,2.0,75.0,73.0
age,band_c02532,1904,31.0,69.0,38.0
age,band_c02532,1909,87.0,79.0,-8.0
age,band_c02532,1914,44.0,72.0,28.0
age,band_c02532,1916,45.0,68.0,23.0
age,band_c02532,1924,69.0,63.0,-6.0
age,band_c02534,1904,4.0,189.0,185.0
age,band_c02534,1908,549.0,219.0,-330.0
age,band_c02534,1910,186.0,175.0,-11.0
age,band_c02536,1916,1.0,252.0,251.0
age,band_c02539,1901,108.0,96.0,-12.0
age,band_c02539,1910,144.0,141.0,-3.0
age,band_c02541,1904,1.0,275.0,274.0
age,band_c02541,1909,220.0,199.0,-21.0
age,band_c02544,1910,211.0,337.0,126.0
age,band_c02548,1907,5561.0,4213.0,-1348.0
age,band_c02548,1913,8229.0,5460.0,-2769.0
age,band_c02548,1914,8281.0,5467.0,-2814.0
age,band_c02548,1915,8500.0,5432.0,-3068.0
age,band_c02548,1916,8682.0,5531.0,-3151.0
age,band_c02548,1917,5598.0,5353.0,-245.0
age,band_c02549,1901,4.0,24.0,20.0
age,band_c02549,1909,134.0,125.0,-9.0
age,band_c02549,1916,8.0,141.0,133.0
age,band_c02551,1910,1149.0,1961.0,812.0
age,band_c02551,1914,1154.0,1977.0,823.0
age,band_c02551,1915,278.0,1138.0,860.0
age,band_c02555,1914,145.0,210.0,65.0
age,band_c02561,1910,50.0,45.0,-5.0
age,band_c02564,1907,28.0,24.0,-4.0
age,band_c02564,1910,23.0,20.0,-3.0
age,band_c02564,1914,4.0,21.0,17.0
age,band_c02569,1910,80.0,72.0,-8.0
age,band_c02573,1915,118.0,338.0,220.0
age,band_c02576,1914,68.0,115.0,47.0
age,band_c02577,1904,2.0,76.0,74.0
age,band_c02577,1910,81.0,78.0,-3.0
age,band_c02578,1910,141.0,135.0,-6.0
age,band_c02581,1901,493.0,478.0,-15.0
age,band_c02585,1910,115.0,99.0,-16.0
age,band_c02592,1914,1.0,151.0,150.0
age,band_c02602,1910,30.0,26.0,-4.0
age,band_c02604,1911,212.0,222.0,10.0
age,band_c02605,1910,212.0,191.0,-21.0
age,band_c02608,1914,12.0,102.0,90.0
age,band_c02608,1916,14.0,151.0,137.0
age,band_c02610,1910,125.0,111.0,-14.0
age,band_c02614,1910,51.0,49.0,-2.0
age,band_c02615,1916,73.0,209.0,136.0
age,band_c02617,1906,230.0,203.0,-27.0
age,band_c02617,1914,188.0,271.0,83.0
age,band_c02617,1915,76.0,193.0,117.0
age,band_c02617,1916,188.0,194.0,6.0
age,band_c02620,1910,198.0,189.0,-9.0
age,band_c02620,1912,183.0,188.0,5.0
age,band_c02620,1914,52.0,182.0,130.0
age,band_c02621,1910,52.0,47.0,-5.0
age,band_c02621,1914,7.0,56.0,49.0
age,band_c02624,1903,25582.0,22082.0,-3500.0
age,band_c02624,1905,25142.0,21642.0,-3500.0
age,band_c02625,1904,156.0,137.0,-19.0
age,band_c02625,1910,141.0,137.0,-4.0
age,band_c02626,1904,153.0,158.0,5.0
age,band_c02627,1910,260.0,231.0,-29.0
age,band_c02634,1906,54.0,77.0,23.0
age,band_c02634,1908,57.0,76.0,19.0
age,band_c02634,1910,62.0,60.0,-2.0
age,band_c02637,1910,450.0,433.0,-17.0
age,band_c02640,1904,71.0,63.0,-8.0
age,band_c02641,1910,256.0,247.0,-9.0
age,band_c02643,1914,12.0,175.0,163.0
age,band_c02644,1910,40.0,36.0,-4.0
age,band_c02653,1914,1.0,69.0,68.0
age,band_c02657,1901,75.0,276.0,201.0
age,band_c02657,1904,62.0,236.0,174.0
age,band_c02660,1901,120.0,288.0,168.0
age,band_c02662,1904,68.0,110.0,42.0
age,band_c02662,1910,126.0,123.0,-3.0
age,band_c02670,1910,117.0,110.0,-7.0
age,band_c02670,1914,121.0,115.0,-6.0
age,band_c02672,1901,130.0,146.0,16.0
age,band_c02672,1904,114.0,154.0,40.0
age,band_c02672,1910,211.0,205.0,-6.0
age,band_c02672,1916,150.0,201.0,51.0
age,band_c02674,1914,0.0,25.0,25.0
age,band_c02675,1901,5.0,103.0,98.0
age,band_c02675,1904,5.0,92.0,87.0
age,band_c02675,1913,102.0,121.0,19.0
age,band_c02676,1914,7.0,150.0,143.0
age,band_c02677,1910,92.0,88.0,-4.0
age,band_c02678,1904,1.0,61.0,60.0
age,band_c02680,1914,20.0,119.0,99.0
age,band_c02686,1907,143.0,125.0,-18.0
age,band_c02686,1910,179.0,164.0,-15.0
age,band_c02686,1914,11.0,178.0,167.0
age,band_c02686,1916,11.0,139.0,128.0
age,band_c02687,1914,0.0,257.0,257.0
age,band_c02693,1910,158.0,151.0,-7.0
age,band_c02695,1910,120.0,106.0,-14.0
age,band_c02705,1910,462.0,700.0,238.0
age,band_c02705,1914,436.0,515.0,79.0
age,band_c02705,1915,196.0,424.0,228.0
age,band_c02711,1901,17.0,130.0,113.0
age,band_c02711,1904,23.0,130.0,107.0
age,band_c02717,1910,28.0,26.0,-2.0
age,band_c02718,1916,2.0,106.0,104.0
age,band_c02723,1904,12.0,128.0,116.0
age,band_c02724,1901,22.0,130.0,108.0
age,band_c02724,1909,133.0,114.0,-19.0
age,band_c02724,1916,4.0,131.0,127.0
age,band_c02728,1910,143.0,139.0,-4.0
age,band_c02731,1910,200.0,715.0,515.0
age,band_c02735,1910,141.0,137.0,-4.0
age,band_c02735,1912,151.0,361.0,210.0
age,band_c02735,1914,12.0,152.0,140.0
age,band_c02738,1916,118.0,142.0,24.0
age,band_c02740,1910,39.0,38.0,-1.0
age,band_c02740,1912,31.0,41.0,10.0
age,band_c02742,1910,118.0,114.0,-4.0
age,band_c02742,1916,40.0,78.0,38.0
age,band_c02744,1910,413.0,577.0,164.0
age,band_c02748,1910,184.0,173.0,-11.0
age,band_c02748,1914,198.0,192.0,-6.0
age,band_c02751,1910,500.0,444.0,-56.0
age,band_c02753,1901,101.0,118.0,17.0
age,band_c02753,1909,246.0,217.0,-29.0
age,band_c02753,1913,231.0,251.0,20.0
age,band_c02753,1916,243.0,216.0,-27.0
age,band_c02754,1908,126.0,131.0,5.0
age,band_c02761,1903,1930.0,1847.0,-83.0
age,band_c02764,1904,125.0,144.0,19.0
age,band_c02775,1916,12.0,145.0,133.0
age,band_c02781,1910,89.0,82.0,-7.0
age,band_c02784,1910,179.0,162.0,-17.0
age,band_c02790,1910,200.0,178.0,-22.0
age,band_c02793,1901,128.0,124.0,-4.0
age,band_c02793,1904,143.0,130.0,-13.0
age,band_c02793,1909,149.0,137.0,-12.0
age,band_c02793,1916,159.0,144.0,-15.0
age,band_c02800,1910,130.0,127.0,-3.0
age,band_c02800,1916,35.0,118.0,83.0
age,band_c02803,1901,2.0,92.0,90.0
age,band_c02803,1904,2.0,94.0,92.0
age,band_c02803,1913,120.0,116.0,-4.0
age,band_c02804,1904,8.0,95.0,87.0
age,band_c02804,1909,101.0,92.0,-9.0
age,band_c02804,1910,101.0,97.0,-4.0
age,band_c02808,1910,109.0,105.0,-4.0
age,band_c02808,1913,117.0,107.0,-10.0
age,band_c02808,1916,20.0,110.0,90.0
age,band_c02814,1910,207.0,185.0,-22.0
age,band_c02815,1904,1.0,179.0,178.0
age,band_c02815,1910,211.0,203.0,-8.0
age,band_c02815,1914,3.0,185.0,182.0
age,band_c02815,1916,3.0,169.0,166.0
age,band_c02818,1910,165.0,160.0,-5.0
age,band_c02818,1914,140.0,137.0,-3.0
age,band_c02819,1914,10241.0,3761.0,-6480.0
age,band_c02822,1914,10129.0,3469.0,-6660.0
age,band_c02823,1901,1.0,134.0,133.0
age,band_c02823,1904,6.0,174.0,168.0
age,band_c02823,1905,173.0,147.0,-26.0
age,band_c02823,1910,199.0,194.0,-5.0
age,band_c02825,1910,110.0,98.0,-12.0
age,band_c02829,1910,284.0,277.0,-7.0
age,band_c02830,1909,81.0,71.0,-10.0
age,band_c02836,1901,3.0,74.0,71.0
age,band_c02836,1904,4.0,25.0,21.0
age,band_c02836,1909,20.0,18.0,-2.0
age,band_c02843,1910,80.0,76.0,-4.0
age,band_c02843,1915,72.0,65.0,-7.0
age,band_c02843,1916,1.0,69.0,68.0
age,band_c02852,1910,70.0,62.0,-8.0
age,band_c02856,1904,3.0,93.0,90.0
age,band_c02856,1910,111.0,107.0,-4.0
age,band_c02864,1910,98.0,149.0,51.0
age,band_c02865,1910,48.0,45.0,-3.0
age,band_c02867,1910,131.0,127.0,-4.0
age,band_c02871,1908,406.0,376.0,-30.0
age,band_c02872,1910,667.0,650.0,-17.0
age,band_c02873,1904,392.0,378.0,-14.0
age,band_c02873,1910,399.0,388.0,-11.0
age,band_c02875,1903,152.0,168.0,16.0
age,band_c02875,1910,162.0,154.0,-8.0
age,band_c02876,1910,98.0,91.0,-7.0
age,band_c02876,1914,117.0,114.0,-3.0
age,band_c02877,1910,157.0,149.0,-8.0
age,band_c02878,1903,11066.0,7655.0,-3411.0
age,band_c02878,1905,11218.0,7602.0,-3616.0
age,band_c02882,1914,10289.0,3809.0,-6480.0
age,band_c02884,1901,1.0,475.0,474.0
age,band_c02884,1904,1.0,228.0,227.0
age,band_c02884,1908,22.0,252.0,230.0
age,band_c02884,1909,251.0,223.0,-28.0
age,band_c02885,1901,146.0,193.0,47.0
age,band_c02910,1916,80.0,77.0,-3.0
age,band_c02915,1913,292.0,518.0,226.0
age,band_c02934,1910,67.0,65.0,-2.0
age,band_c02934,1911,67.0,57.0,-10.0
age,band_c02936,1914,198.0,57.0,-141.0
age,band_c02936,1915,198.0,51.0,-147.0
age,band_c02948,1910,141.0,149.0,8.0
age,band_c02948,1914,245.0,239.0,-6.0
age,band_c02953,1910,239.0,234.0,-5.0
age,band_c02953,1911,239.0,246.0,7.0
age,band_c02959,1910,431.0,2194.0,1763.0
age,band_c02959,1913,2207.0,2131.0,-76.0
age,band_c02960,1910,287.0,255.0,-32.0
age,band_c02963,1904,11149.0,7553.0,-3596.0
age,band_c02963,1907,11380.0,7662.0,-3718.0
age,band_c02963,1912,11571.0,8331.0,-3240.0
age,band_c02963,1913,12842.0,17155.0,4313.0
age,band_c02963,1914,12935.0,9102.0,-3833.0
age,band_c02963,1915,13174.0,9060.0,-4114.0
age,band_c02963,1916,13348.0,9234.0,-4114.0
age,band_c02963,1917,13366.0,9252.0,-4114.0
age,band_c02964,1910,55.0,49.0,-6.0
age,band_c02970,1906,7.0,25.0,18.0
age,band_c02976,1902,306.0,508.0,202.0
age,band_c02978,1929,50.0,510.0,460.0
age,band_c02987,1902,30.0,132.0,102.0
age,band_c02995,1911,20.0,19.0,-1.0
age,band_c02995,1913,167.0,217.0,50.0
age,band_c03004,1910,105.0,94.0,-11.0
age,band_c03005,1910,420.0,410.0,-10.0
age,band_c03005,1911,402.0,412.0,10.0
age,band_c03007,1905,43.0,503.0,460.0
age,band_c03020,1910,375.0,333.0,-42.0
age,band_c03021,1903,349.0,339.0,-10.0
age,band_c03021,1906,336.0,41.0,-295.0
age,band_c03021,1910,288.0,282.0,-6.0
age,band_c03021,1911,313.0,328.0,15.0
age,band_c03031,1911,110.0,115.0,5.0
age,band_c03039,1902,40.0,306.0,266.0
age,band_c03044,1906,1431.0,40.0,-1391.0
age,band_c03045,1906,6.0,12.0,6.0
age,band_c03046,1902,1.32,427.0,425.68
age,band_c03046,1911,198.0,189.0,-9.0
age,band_c03047,1901,102.0,87.0,-15.0
age,band_c03047,1902,101.0,109.0,8.0
age,band_c03049,1906,12.0,300.0,288.0
age,band_c03051,1910,252.0,224.0,-28.0
age,band_c03053,1906,175.0,390.0,215.0
age,band_c03054,1912,11571.0,8331.0,-3240.0
age,band_c03055,1906,30.0,309.0,279.0
age,band_c03055,1910,10.0,414.0,404.0
age,band_c03055,1911,421.0,391.0,-30.0
age,band_c03057,1906,22.0,102.0,80.0
age,band_c03059,1906,20.0,1.0,-19.0
age,band_c03062,1902,4.58,450.0,445.42
age,band_c03062,1907,466.0,377.0,-89.0
age,band_c03062,1910,1.0,488.0,487.0
age,band_c03067,1902,51.0,46.0,-5.0
age,band_c03067,1906,4.0,12.0,8.0
age,band_c03071,1905,484.0,3566.0,3082.0
age,band_c03072,1910,170.0,152.0,-18.0
age,band_c03073,1906,16.0,861.0,845.0
age,band_c03075,1910,44.0,48.0,4.0
age,band_c03080,1910,97.0,86.0,-11.0
age,band_c03086,1911,183.0,160.0,-23.0
age,band_c03086,1912,183.0,163.0,-20.0
age,band_c03092,1910,49.0,583.0,534.0
age,band_c03092,1911,583.0,567.0,-16.0
age,band_c03092,1912,583.0,883.0,300.0
age,band_c03103,1910,120.0,107.0,-13.0
age,band_c03105,1911,73.0,64.0,-9.0
age,band_c03106,1902,43.0,36.0,-7.0
age,band_c03164,1924,184.0,173.0,-11.0
age,band_c03221,1916,14.0,9.0,-5.0
age,band_c03223,1916,342.0,22.0,-320.0
age,band_c03224,1916,139.0,5.0,-134.0
age,band_c03225,1916,421.0,54.0,-367.0
age,band_c03226,1924,120.0,127.0,7.0
age,band_c03227,1916,141.0,10.0,-131.0
age,band_c03229,1916,119.0,30.0,-89.0
age,band_c03231,1916,196.0,1.0,-195.0
age,band_c03232,1916,146.0,6.0,-140.0
age,band_c03234,1916,194.0,6.0,-188.0
age,band_c03236,1916,58.0,24.0,-34.0
age,band_c03241,1916,116.0,4.0,-112.0
age,band_c03245,1916,57.0,168.0,111.0
age,band_c03248,1916,125.0,9.0,-116.0
age,band_c03251,1916,138.0,2.0,-136.0
age,band_c03252,1916,183.0,8.0,-175.0
age,band_c03265,1916,65.0,2.0,-63.0
age,band_c03266,1916,94.0,82.0,-12.0
age,band_c03267,1916,85.0,2.0,-83.0
age,band_c03272,1912,3403.0,592.0,-2811.0
age,band_c03305,1910,30.0,27.0,-3.0
age,band_c03306,1910,109.0,98.0,-11.0
age,band_c03311,1910,50.0,45.0,-5.0
age,band_c03312,1910,70.0,62.0,-8.0
age,band_c03317,1910,29.0,26.0,-3.0
age,band_c03319,1910,26.0,23.0,-3.0
age,band_c03320,1910,40.0,36.0,-4.0
age,band_c03322,1910,78.0,69.0,-9.0
age,band_c03332,1910,140.0,125.0,-15.0
age,band_c03336,1910,83.0,74.0,-9.0
age,band_c03337,1910,250.0,222.0,-28.0
age,band_c03338,1910,102.0,91.0,-11.0
age,band_c03339,1910,50.0,45.0,-5.0
age,band_c03341,1910,95.0,85.0,-10.0
age,band_c03342,1910,80.0,71.0,-9.0
age,band_c03344,1910,115.0,102.0,-13.0
age,band_c03345,1910,55.0,49.0,-6.0
age,band_c03346,1910,96.0,85.0,-11.0
age,band_c03362,1908,41.0,33.0,-8.0
age,band_c03363,1924,43.0,48.0,5.0
religion,band_c00055,1895,148.0,98.0,-50.0
religion,band_c00055,1896,147.0,45.0,-102.0
religion,band_c00058,1929,180.0,1180.0,1000.0
religion,band_c00062,1896,2783.0,466.0,-2317.0
religion,band_c00065,1889,188.0,198.0,10.0
religion,band_c00065,1890,204.0,180.0,-24.0
religion,band_c00065,1891,243.0,185.0,-58.0
religion,band_c00065,1892,254.0,166.0,-88.0
religion,band_c00065,1893,261.0,175.0,-86.0
religion,band_c00065,1895,283.0,170.0,-113.0
religion,band_c00065,1896,285.0,137.0,-148.0
religion,band_c00065,1901,330.0,370.0,40.0
religion,band_c00065,1905,327.0,520.0,193.0
religion,band_c00065,1906,327.0,520.0,193.0
religion,band_c00067,1896,2750.0,1127.0,-1623.0
religion,band_c00067,1897,2691.0,3839.0,1148.0
religion,band_c00067,1898,2635.0,3946.0,1311.0
religion,band_c00067,1899,2481.0,3660.0,1179.0
religion,band_c00067,1900,2483.0,3692.0,1209.0
religion,band_c00067,1901,2480.0,3673.0,1193.0
religion,band_c00067,1903,2387.0,2567.0,180.0
religion,band_c00067,1904,2303.0,3460.0,1157.0
religion,band_c00067,1907,2133.0,3698.0,1565.0
religion,band_c00067,1908,2093.0,3658.0,1565.0
religion,band_c00068,1895,83.0,70.0,-13.0
religion,band_c00068,1896,80.0,31.0,-49.0
religion,band_c00068,1905,92.0,86.0,-6.0
religion,band_c00068,1910,59.0,54.0,-5.0
religion,band_c00072,1917,33.0,20.0,-13.0
religion,band_c00073,1889,25.0,96.0,71.0
religion,band_c00074,1897,24946.0,22498.0,-2448.0
religion,band_c00074,1899,24696.0,22196.0,-2500.0
religion,band_c00074,1904,25234.0,21734.0,-3500.0
religion,band_c00074,1907,25092.0,21812.0,-3280.0
religion,band_c00074,1912,24452.0,21774.0,-2678.0
religion,band_c00074,1913,25172.0,22166.0,-3006.0
religion,band_c00074,1914,23370.0,22476.0,-894.0
religion,band_c00074,1915,25399.0,22581.0,-2818.0
religion,band_c00074,1916,25737.0,22684.0,-3053.0
religion,band_c00074,1917,24744.0,22244.0,-2500.0
religion,band_c00082,1890,50.0,650.0,600.0
religion,band_c00085,1893,20.0,13.0,-7.0
religion,band_c00089,1908,74.0,84.0,10.0
religion,band_c00090,1908,34.0,38.0,4.0
religion,band_c00091,1893,192.0,1.0,-191.0
religion,band_c00093,1915,59.0,565.0,506.0
religion,band_c00094,1901,143.0,43.0,-100.0
religion,band_c00094,1908,160.0,178.0,18.0
religion,band_c00094,1916,153.0,158.0,5.0
religion,band_c00095,1887,59.0,37.0,-22.0
religion,band_c00095,1888,48.0,28.0,-20.0
religion,band_c00096,1896,148.0,98.0,-50.0
religion,band_c00098,1896,2880.0,2.0,-2878.0
religion,band_c00098,1898,247.0,1790.0,1543.0
religion,band_c00098,1899,246.0,4006.0,3760.0
religion,band_c00098,1900,241.0,3990.0,3749.0
religion,band_c00098,1901,243.0,1760.0,1517.0
religion,band_c00098,1903,243.0,4118.0,3875.0
religion,band_c00098,1904,244.0,1772.0,1528.0
religion,band_c00098,1906,242.0,1887.0,1645.0
religion,band_c00098,1908,241.0,1829.0,1588.0
religion,band_c00099,1895,84.0,4.0,-80.0
religion,band_c00099,1915,132.0,11.0,-121.0
religion,band_c00117,1902,267.0,183.0,-84.0
religion,band_c00119,1893,295.0,1.0,-294.0
religion,band_c00124,1914,90.0,1065.0,975.0
religion,band_c00132,1887,80.0,4.0,-76.0
religion,band_c00132,1888,76.0,2.0,-74.0
religion,band_c00132,1889,74.0,2.0,-72.0
religion,band_c00132,1890,72.0,2.0,-70.0
religion,band_c00132,1891,72.0,2.0,-70.0
religion,band_c00133,1915,488.0,47.0,-441.0
religion,band_c00136,1887,36.0,3.0,-33.0
religion,band_c00136,1888,35.0,3.0,-32.0
religion,band_c00136,1889,32.0,3.0,-29.0
religion,band_c00136,1890,30.0,2.0,-28.0
religion,band_c00136,1891,26.0,2.0,-24.0
religion,band_c00136,1892,22.0,5.0,-17.0
religion,band_c00136,1893,111.0,1.0,-110.0
religion,band_c00140,1893,55.0,3.0,-52.0
religion,band_c00140,1895,134.0,3.0,-131.0
religion,band_c00145,1911,25.0,225.0,200.0
religion,band_c00147,1893,210.0,8.0,-202.0
religion,band_c00150,1893,82.0,2.0,-80.0
religion,band_c00150,1896,116.0,2.0,-114.0
religion,band_c00151,1891,84.0,41.0,-43.0
religion,band_c00151,1892,120.0,107.0,-13.0
religion,band_c00152,1887,20.0,10.0,-10.0
religion,band_c00152,1888,17.0,10.0,-7.0
religion,band_c00152,1889,16.0,8.0,-8.0
religion,band_c00152,1890,16.0,8.0,-8.0
religion,band_c00152,1891,16.0,8.0,-8.0
religion,band_c00152,1892,15.0,64.0,49.0
religion,band_c00152,1893,388.0,7.0,-381.0
religion,band_c00154,1929,82.0,6.0,-76.0
religion,band_c00155,1893,70.0,1.0,-69.0
religion,band_c00156,1892,78.0,4.0,-74.0
religion,band_c00156,1893,141.0,4.0,-137.0
religion,band_c00157,1911,108.0,148.0,40.0
religion,band_c00160,1908,49.0,54.0,5.0
religion,band_c00166,1889,52.0,40.0,-12.0
religion,band_c00166,1890,54.0,34.0,-20.0
religion,band_c00166,1891,99.0,79.0,-20.0
religion,band_c00166,1893,97.0,1.0,-96.0
religion,band_c00168,1897,1459.0,1959.0,500.0
religion,band_c00168,1900,1975.0,1875.0,-100.0
religion,band_c00170,1892,125.0,324.0,199.0
religion,band_c00173,1908,10.0,2.0,-8.0
religion,band_c00176,1903,48.0,64.0,16.0
religion,band_c00176,1904,48.0,65.0,17.0
religion,band_c00176,1906,49.0,65.0,16.0
religion,band_c00176,1908,49.0,62.0,13.0
religion,band_c00176,1909,13.0,111.0,98.0
religion,band_c00176,1910,13.0,62.0,49.0
religion,band_c00176,1911,49.0,62.0,13.0
religion,band_c00176,1914,37.0,45.0,8.0
religion,band_c00176,1916,40.0,44.0,4.0
religion,band_c00176,1917,49.0,53.0,4.0
religion,band_c00177,1892,28.0,462.0,434.0
religion,band_c00180,1896,27.0,19.0,-8.0
religion,band_c00182,1887,133.0,3.0,-130.0
religion,band_c00182,1888,130.0,2.0,-128.0
religion,band_c00182,1892,125.0,62.0,-63.0
religion,band_c00182,1893,101.0,2.0,-99.0
religion,band_c00182,1895,142.0,1.0,-141.0
religion,band_c00183,1889,257.0,100.0,-157.0
religion,band_c00183,1891,209.0,160.0,-49.0
religion,band_c00183,1892,240.0,140.0,-100.0
religion,band_c00183,1901,27.0,8.0,-19.0
religion,band_c00186,1897,1959.0,1884.0,-75.0
religion,band_c00186,1903,2003.0,3003.0,1000.0
religion,band_c00191,1892,101.0,92.0,-9.0
religion,band_c00196,1888,62.0,22.0,-40.0
religion,band_c00204,1892,74.0,35.0,-39.0
religion,band_c00206,1887,65.0,568.0,503.0
religion,band_c00206,1888,83.0,587.0,504.0
religion,band_c00206,1889,96.0,499.0,403.0
religion,band_c00206,1891,106.0,696.0,590.0
religion,band_c00206,1892,79.0,638.0,559.0
religion,band_c00207,1896,3381.0,182.0,-3199.0
religion,band_c00207,1901,2859.0,3088.0,229.0
religion,band_c00207,1907,2878.0,269.611,-2608.389
religion,band_c00208,1890,233.0,224.0,-9.0
religion,band_c00208,1891,237.0,219.0,-18.0
religion,band_c00208,1892,232.0,214.0,-18.0
religion,band_c00208,1895,242.0,182.0,-60.0
religion,band_c00208,1896,240.0,57.0,-183.0
religion,band_c00209,1893,14.0,226.0,212.0
religion,band_c00216,1887,50.0,2.0,-48.0
religion,band_c00216,1888,47.0,2.0,-45.0
religion,band_c00216,1889,46.0,1.0,-45.0
religion,band_c00216,1891,45.0,1.0,-44.0
religion,band_c00219,1887,21.0,1.0,-20.0
religion,band_c00219,1888,22.0,1.0,-21.0
religion,band_c00219,1889,22.0,1.0,-21.0
religion,band_c00219,1890,21.0,2.0,-19.0
religion,band_c00219,1892,20.0,11.0,-9.0
religion,band_c00220,1890,232.0,202.0,-30.0
religion,band_c00220,1893,240.0,140.0,-100.0
religion,band_c00227,1908,11.0,1.0,-10.0
religion,band_c00231,1888,127.0,43.0,-84.0
religion,band_c00231,1889,120.0,20.0,-100.0
religion,band_c00231,1890,52.0,30.0,-22.0
religion,band_c00231,1891,75.0,42.0,-33.0
religion,band_c00234,1895,115.0,2.0,-113.0
religion,band_c00241,1905,244.0,234.0,-10.0
religion,band_c00241,1915,224.0,8.0,-216.0
religion,band_c00245,1910,249.0,239.0,-10.0
religion,band_c00247,1911,109.0,409.0,300.0
religion,band_c00248,1896,91.0,673.0,582.0
religion,band_c00248,1898,89.0,956.0,867.0
religion,band_c00248,1899,88.0,931.0,843.0
religion,band_c00248,1900,97.0,886.0,789.0
religion,band_c00248,1901,1504.0,950.0,-554.0
religion,band_c00248,1903,86.0,779.0,693.0
religion,band_c00248,1904,83.0,761.0,678.0
religion,band_c00248,1905,80.0,778.0,698.0
religion,band_c00248,1906,78.0,763.0,685.0
religion,band_c00248,1908,99.0,924.0,825.0
religion,band_c00248,1915,117.0,2.0,-115.0
religion,band_c00248,1929,114.0,6.0,-108.0
religion,band_c00252,1915,24.0,2.0,-22.0
religion,band_c00257,1887,46.0,16.0,-30.0
religion,band_c00260,1893,150.0,1.0,-149.0
religion,band_c00271,1929,95.0,5.0,-90.0
religion,band_c00272,1887,191.0,136.0,-55.0
religion,band_c00272,1888,150.0,90.0,-60.0
religion,band_c00272,1890,102.0,67.0,-35.0
religion,band_c00277,1887,41.0,19.0,-22.0
religion,band_c00277,1888,40.0,19.0,-21.0
religion,band_c00277,1889,38.0,19.0,-19.0
religion,band_c00277,1890,35.0,15.0,-20.0
religion,band_c00277,1891,33.0,13.0,-20.0
religion,band_c00278,1911,14.0,8.0,-6.0
religion,band_c00279,1929,37.0,81.0,44.0
religion,band_c00283,1893,108.0,1.0,-107.0
religion,band_c00284,1903,330.0,439.0,109.0
religion,band_c00290,1908,212.0,237.0,25.0
religion,band_c00293,1895,42.0,38.0,-4.0
religion,band_c00294,1889,69.0,29.0,-40.0
religion,band_c00294,1890,54.0,11.0,-43.0
religion,band_c00294,1892,50.0,28.0,-22.0
religion,band_c00294,1893,22.0,30.0,8.0
religion,band_c00295,1893,9.0,73.0,64.0
religion,band_c00305,1915,55.0,36.0,-19.0
religion,band_c00305,1929,48.0,14.0,-34.0
religion,band_c00307,1887,47.0,35.0,-12.0
religion,band_c00307,1888,67.0,58.0,-9.0
religion,band_c00307,1889,70.0,30.0,-40.0
religion,band_c00307,1890,71.0,203.0,132.0
religion,band_c00308,1895,129.0,99.0,-30.0
religion,band_c00308,1896,119.0,57.0,-62.0
religion,band_c00314,1901,57.0,95.0,38.0
religion,band_c00314,1902,57.0,45.0,-12.0
religion,band_c00316,1890,219.0,209.0,-10.0
religion,band_c00316,1891,200.0,185.0,-15.0
religion,band_c00316,1896,146.0,91.0,-55.0
religion,band_c00318,1890,103.0,91.0,-12.0
religion,band_c00323,1895,120.0,102.0,-18.0
religion,band_c00323,1896,90.0,48.0,-42.0
religion,band_c00325,1888,28.0,34.0,6.0
religion,band_c00333,1892,9.0,8.0,-1.0
religion,band_c00339,1901,156.0,80.0,-76.0
religion,band_c00340,1895,175.0,155.0,-20.0
religion,band_c00340,1896,176.0,86.0,-90.0
religion,band_c00346,1901,47.0,25.0,-22.0
religion,band_c00350,1901,63.0,32.0,-31.0
religion,band_c00354,1908,57.0,62.0,5.0
religion,band_c00355,1896,65.0,30.0,-35.0
religion,band_c00355,1901,62.0,28.0,-34.0
religion,band_c00359,1887,26.0,11.0,-15.0
religion,band_c00359,1896,50.0,12.0,-38.0
religion,band_c00364,1887,48.0,4.0,-44.0
religion,band_c00364,1888,49.0,4.0,-45.0
religion,band_c00364,1889,50.0,3.0,-47.0
religion,band_c00364,1890,49.0,3.0,-46.0
religion,band_c00364,1891,51.0,3.0,-48.0
religion,band_c00367,1898,102.0,215.0,113.0
religion,band_c00367,1899,100.0,209.0,109.0
religion,band_c00367,1900,92.0,197.0,105.0
religion,band_c00372,1889,178.0,158.0,-20.0
religion,band_c00380,1895,126.0,98.0,-28.0
religion,band_c00380,1896,126.0,60.0,-66.0
religion,band_c00381,1893,665.0,3.0,-662.0
religion,band_c00386,1908,77.0,86.0,9.0
religion,band_c00388,1895,87.0,67.0,-20.0
religion,band_c00390,1896,68.0,29.0,-39.0
religion,band_c00390,1900,16.0,66.0,50.0
religion,band_c00391,1890,140.0,133.0,-7.0
religion,band_c00391,1891,141.0,110.0,-31.0
religion,band_c00391,1892,138.0,108.0,-30.0
religion,band_c00404,1901,75.0,30.0,-45.0
religion,band_c00405,1890,157.0,142.0,-15.0
religion,band_c00405,1891,159.0,146.0,-13.0
religion,band_c00405,1892,158.0,149.0,-9.0
religion,band_c00405,1893,12.0,143.0,131.0
religion,band_c00406,1901,64.0,50.0,-14.0
religion,band_c00407,1895,66.0,51.0,-15.0
religion,band_c00407,1896,61.0,13.0,-48.0
religion,band_c00413,1888,27.0,21.0,-6.0
religion,band_c00413,1890,26.0,28.0,2.0
religion,band_c00419,1908,62.0,74.0,12.0
religion,band_c00421,1913,225.0,260.0,35.0
religion,band_c00427,1892,60.0,159.0,99.0
religion,band_c00429,1895,253.0,207.0,-46.0
religion,band_c00429,1896,266.0,116.0,-150.0
religion,band_c00429,1898,267.0,276.0,9.0
religion,band_c00429,1899,246.0,255.0,9.0
religion,band_c00429,1900,245.0,255.0,10.0
religion,band_c00436,1896,57.0,31.0,-26.0
religion,band_c00439,1904,73.0,79.0,6.0
religion,band_c00440,1895,200.0,59.0,-141.0
religion,band_c00442,1887,143.0,140.0,-3.0
religion,band_c00442,1929,128.0,136.0,8.0
religion,band_c00443,1901,185.0,105.0,-80.0
religion,band_c00444,1891,35.0,5.0,-30.0
religion,band_c00450,1893,11.0,133.0,122.0
religion,band_c00451,1890,225.0,186.0,-39.0
religion,band_c00451,1891,235.0,186.0,-49.0
religion,band_c00451,1892,252.0,238.0,-14.0
religion,band_c00451,1895,225.0,185.0,-40.0
religion,band_c00451,1896,221.0,95.0,-126.0
religion,band_c00452,1893,12.0,220.0,208.0
religion,band_c00466,1893,158.0,2.0,-156.0
religion,band_c00467,1895,216.0,186.0,-30.0
religion,band_c00467,1896,204.0,84.0,-120.0
religion,band_c00467,1924,97.0,92.0,-5.0
religion,band_c00472,1896,80.0,34.0,-46.0
religion,band_c00473,1900,139.0,18.0,-121.0
religion,band_c00483,1887,87.0,6.0,-81.0
religion,band_c00483,1888,90.0,3.0,-87.0
religion,band_c00497,1916,5.0,6.0,1.0
religion,band_c00503,1900,15.0,157.0,142.0
religion,band_c00506,1901,118.0,58.0,-60.0
religion,band_c00507,1901,101.0,41.0,-60.0
religion,band_c00521,1896,272.0,173.0,-99.0
religion,band_c00522,1890,83.0,41.0,-42.0
religion,band_c00528,1904,67.0,72.0,5.0
religion,band_c00528,1910,48.0,38.0,-10.0
religion,band_c00529,1915,36.0,10.0,-26.0
religion,band_c00534,1900,18.0,78.0,60.0
religion,band_c00536,1900,78.0,66.0,-12.0
religion,band_c00542,1929,56.0,0.0,-56.0
religion,band_c00544,1887,89.0,8.0,-81.0
religion,band_c00544,1888,87.0,6.0,-81.0
religion,band_c00544,1889,87.0,6.0,-81.0
religion,band_c00544,1898,83.0,85.0,2.0
religion,band_c00547,1902,129.0,20.0,-109.0
religion,band_c00556,1924,224.0,244.0,20.0
religion,band_c00564,1889,88.0,3.0,-85.0
religion,band_c00564,1890,85.0,3.0,-82.0
religion,band_c00564,1891,87.0,3.0,-84.0
religion,band_c00569,1900,13.0,14.0,1.0
religion,band_c00571,1908,81.0,91.0,10.0
religion,band_c00572,1887,56.0,20.0,-36.0
religion,band_c00572,1888,58.0,22.0,-36.0
religion,band_c00572,1889,59.0,22.0,-37.0
religion,band_c00572,1890,56.0,16.0,-40.0
religion,band_c00572,1891,56.0,16.0,-40.0
religion,band_c00572,1895,59.0,3.0,-56.0
religion,band_c00575,1887,21.0,13.0,-8.0
religion,band_c00575,1891,26.0,18.0,-8.0
religion,band_c00576,1887,56.0,36.0,-20.0
religion,band_c00576,1889,55.0,10.0,-45.0
religion,band_c00576,1890,45.0,25.0,-20.0
religion,band_c00576,1891,48.0,32.0,-16.0
religion,band_c00577,1887,36.0,11.0,-25.0
religion,band_c00577,1888,41.0,27.0,-14.0
religion,band_c00577,1889,53.0,23.0,-30.0
religion,band_c00579,1901,31.0,32.0,1.0
religion,band_c00581,1889,158.0,5.0,-153.0
religion,band_c00581,1890,150.0,50.0,-100.0
religion,band_c00581,1891,148.0,48.0,-100.0
religion,band_c00583,1887,175.0,5.0,-170.0
religion,band_c00583,1888,166.0,10.0,-156.0
religion,band_c00586,1929,240.0,21.0,-219.0
religion,band_c00594,1887,290.0,3361.0,3071.0
religion,band_c00594,1888,287.0,3160.0,2873.0
religion,band_c00594,1889,282.0,3093.0,2811.0
religion,band_c00594,1890,280.0,3084.0,2804.0
religion,band_c00594,1891,274.0,2864.0,2590.0
religion,band_c00594,1901,277.0,169.0,-108.0
religion,band_c00595,1895,257.0,217.0,-40.0
religion,band_c00595,1896,270.0,110.0,-160.0
religion,band_c00598,1889,26.0,9.0,-17.0
religion,band_c00602,1901,240.0,176.0,-64.0
religion,band_c00602,1914,224.0,240.0,16.0
religion,band_c00602,1916,218.0,234.0,16.0
religion,band_c00602,1917,195.0,213.0,18.0
religion,band_c00606,1889,71.0,49.0,-22.0
religion,band_c00609,1908,20.0,25.0,5.0
religion,band_c00617,1895,442.0,373.0,-69.0
religion,band_c00617,1896,42.0,20.0,-22.0
religion,band_c00619,1901,71.0,20.0,-51.0
religion,band_c00624,1924,46.0,66.0,20.0
religion,band_c00627,1914,93.0,98.0,5.0
religion,band_c00627,1924,75.0,81.0,6.0
religion,band_c00628,1893,230.0,1.0,-229.0
religion,band_c00630,1910,235.0,185.0,-50.0
religion,band_c00630,1911,234.0,204.0,-30.0
religion,band_c00630,1915,183.0,47.0,-136.0
religion,band_c00631,1893,78.0,1.0,-77.0
religion,band_c00632,1889,193.0,183.0,-10.0
religion,band_c00632,1890,209.0,197.0,-12.0
religion,band_c00632,1891,211.0,114.0,-97.0
religion,band_c00632,1893,236.0,1.0,-235.0
religion,band_c00633,1890,89.0,51.0,-38.0
religion,band_c00633,1891,89.0,55.0,-34.0
religion,band_c00633,1892,84.0,60.0,-24.0
religion,band_c00633,1893,24.0,58.0,34.0
religion,band_c00635,1904,154.0,161.0,7.0
religion,band_c00635,1910,152.0,144.0,-8.0
religion,band_c00635,1915,145.0,9.0,-136.0
religion,band_c00639,1892,22.0,123.0,101.0
religion,band_c00640,1900,66.0,34.0,-32.0
religion,band_c00652,1889,174.0,154.0,-20.0
religion,band_c00652,1893,151.0,1.0,-150.0
religion,band_c00653,1896,190.0,80.0,-110.0
religion,band_c00653,1901,212.0,170.0,-42.0
religion,band_c00655,1891,81.0,5.0,-76.0
religion,band_c00656,1908,68.0,73.0,5.0
religion,band_c00659,1908,58.0,64.0,6.0
religion,band_c00660,1902,106.0,10.0,-96.0
religion,band_c00660,1908,96.0,109.0,13.0
religion,band_c00660,1914,57.0,109.0,52.0
religion,band_c00667,1900,34.0,25.0,-9.0
religion,band_c00675,1887,82.0,45.0,-37.0
religion,band_c00675,1888,92.0,40.0,-52.0
religion,band_c00675,1889,84.0,20.0,-64.0
religion,band_c00675,1890,69.0,32.0,-37.0
religion,band_c00675,1891,73.0,46.0,-27.0
religion,band_c00675,1892,80.0,76.0,-4.0
religion,band_c00675,1893,78.0,51.0,-27.0
religion,band_c00681,1912,91.0,94.0,3.0
religion,band_c00681,1929,57.0,1.0,-56.0
religion,band_c00686,1895,157.0,119.0,-38.0
religion,band_c00686,1896,150.0,54.0,-96.0
religion,band_c00686,1901,130.0,66.0,-64.0
religion,band_c00690,1887,61.0,44.0,-17.0
religion,band_c00690,1888,53.0,30.0,-23.0
religion,band_c00690,1889,51.0,27.0,-24.0
religion,band_c00690,1890,61.0,47.0,-14.0
religion,band_c00690,1891,77.0,45.0,-32.0
religion,band_c00694,1896,53.0,29.0,-24.0
religion,band_c00694,1902,45.0,24.0,-21.0
religion,band_c00694,1908,41.0,31.0,-10.0
religion,band_c00694,1909,41.0,35.0,-6.0
religion,band_c00699,1890,133.0,123.0,-10.0
religion,band_c00699,1891,129.0,106.0,-23.0
religion,band_c00699,1893,124.0,111.0,-13.0
religion,band_c00700,1902,112.0,107.0,-5.0
religion,band_c00708,1913,3.0,36.0,33.0
religion,band_c00709,1900,13.0,26.0,13.0
religion,band_c00709,1901,13.0,21.0,8.0
religion,band_c00711,1898,50.0,150.0,100.0
religion,band_c00711,1908,56.0,65.0,9.0
religion,band_c00718,1917,168.0,268.0,100.0
religion,band_c00720,1915,218.0,21.0,-197.0
religion,band_c00722,1908,70.0,80.0,10.0
religion,band_c00737,1887,140.0,125.0,-15.0
religion,band_c00737,1888,130.0,118.0,-12.0
religion,band_c00737,1889,133.0,100.0,-33.0
religion,band_c00737,1890,122.0,100.0,-22.0
religion,band_c00737,1891,126.0,100.0,-26.0
religion,band_c00739,1898,94.0,90.0,-4.0
religion,band_c00740,1902,98.0,85.0,-13.0
religion,band_c00741,1889,26.0,2.0,-24.0
religion,band_c00741,1890,22.0,2.0,-20.0
religion,band_c00741,1891,21.0,2.0,-19.0
religion,band_c00741,1895,22.0,1.0,-21.0
religion,band_c00743,1887,38.0,28.0,-10.0
religion,band_c00743,1888,36.0,28.0,-8.0
religion,band_c00747,1887,82.0,37.0,-45.0
religion,band_c00747,1888,95.0,50.0,-45.0
religion,band_c00747,1889,86.0,46.0,-40.0
religion,band_c00747,1890,79.0,40.0,-39.0
religion,band_c00747,1891,77.0,56.0,-21.0
religion,band_c00747,1892,85.0,43.0,-42.0
religion,band_c00747,1893,85.0,43.0,-42.0
religion,band_c00752,1903,41.0,51.0,10.0
religion,band_c00769,1887,25.0,15.0,-10.0
religion,band_c00769,1888,21.0,14.0,-7.0
religion,band_c00769,1890,21.0,9.0,-12.0
religion,band_c00769,1891,25.0,14.0,-11.0
religion,band_c00775,1901,21.0,10.0,-11.0
religion,band_c00776,1887,132.0,96.0,-36.0
religion,band_c00776,1888,130.0,94.0,-36.0
religion,band_c00776,1889,132.0,96.0,-36.0
religion,band_c00776,1890,125.0,65.0,-60.0
religion,band_c00776,1891,124.0,65.0,-59.0
religion,band_c00784,1903,23.0,2738.0,2715.0
religion,band_c00785,1888,5.0,59.0,54.0
religion,band_c00787,1893,84.0,1.0,-83.0
religion,band_c00791,1908,48.0,54.0,6.0
religion,band_c00792,1887,89.0,38.0,-51.0
religion,band_c00796,1896,43.0,36.0,-7.0
religion,band_c00804,1900,25.0,111.0,86.0
religion,band_c00804,1902,29.0,20.0,-9.0
religion,band_c00809,1891,21.0,3.0,-18.0
religion,band_c00810,1910,219.0,204.0,-15.0
religion,band_c00816,1910,37.0,12.0,-25.0
religion,band_c00816,1911,67.0,37.0,-30.0
religion,band_c00818,1901,341.0,200.0,-141.0
religion,band_c00820,1893,405.0,1.0,-404.0
religion,band_c00827,1887,176.0,126.0,-50.0
religion,band_c00827,1900,164.0,199.0,35.0
religion,band_c00827,1911,158.0,164.0,6.0
religion,band_c00831,1915,42.0,3.0,-39.0
religion,band_c00832,1915,135.0,12.0,-123.0
religion,band_c00832,1929,127.0,50.0,-77.0
religion,band_c00835,1887,105.0,5.0,-100.0
religion,band_c00835,1888,104.0,4.0,-100.0
religion,band_c00835,1889,105.0,5.0,-100.0
religion,band_c00835,1890,101.0,3.0,-98.0
religion,band_c00835,1891,99.0,8.0,-91.0
religion,band_c00837,1890,51.0,3.0,-48.0
religion,band_c00838,1887,55.0,2.0,-53.0
religion,band_c00838,1888,55.0,2.0,-53.0
religion,band_c00838,1889,51.0,2.0,-49.0
religion,band_c00838,1891,48.0,2.0,-46.0
religion,band_c00838,1895,49.0,3.0,-46.0
religion,band_c00845,1889,47.0,7.0,-40.0
religion,band_c00845,1890,37.0,7.0,-30.0
religion,band_c00845,1891,44.0,15.0,-29.0
religion,band_c00855,1887,26.0,3.0,-23.0
religion,band_c00855,1888,25.0,2.0,-23.0
religion,band_c00855,1889,26.0,2.0,-24.0
religion,band_c00855,1890,24.0,2.0,-22.0
religion,band_c00855,1891,24.0,2.0,-22.0
religion,band_c00855,1901,84.0,34.0,-50.0
religion,band_c00857,1889,133.0,2.0,-131.0
religion,band_c00857,1890,132.0,22.0,-110.0
religion,band_c00857,1891,129.0,39.0,-90.0
religion,band_c00864,1888,49.0,9.0,-40.0
religion,band_c00864,1889,54.0,10.0,-44.0
religion,band_c00864,1890,52.0,10.0,-42.0
religion,band_c00864,1891,56.0,16.0,-40.0
religion,band_c00872,1900,49.0,139.0,90.0
religion,band_c00888,1887,106.0,78.0,-28.0
religion,band_c00888,1888,104.0,88.0,-16.0
religion,band_c00888,1889,106.0,90.0,-16.0
religion,band_c00888,1890,98.0,36.0,-62.0
religion,band_c00888,1891,99.0,46.0,-53.0
religion,band_c00893,1895,202.0,149.0,-53.0
religion,band_c00901,1892,62.0,129.0,67.0
religion,band_c00903,1887,24.0,8.0,-16.0
religion,band_c00903,1888,24.0,8.0,-16.0
religion,band_c00903,1889,25.0,8.0,-17.0
religion,band_c00903,1890,23.0,6.0,-17.0
religion,band_c00903,1891,20.0,4.0,-16.0
religion,band_c00914,1887,73.0,1.0,-72.0
religion,band_c00914,1888,70.0,1.0,-69.0
religion,band_c00914,1889,68.0,2.0,-66.0
religion,band_c00920,1896,193.0,83.0,-110.0
religion,band_c00920,1901,163.0,100.0,-63.0
religion,band_c00922,1891,20.0,2.0,-18.0
religion,band_c00924,1906,160.0,106.0,-54.0
religion,band_c00925,1900,29.0,30.0,1.0
religion,band_c00925,1917,26.0,23.0,-3.0
religion,band_c00926,1888,36.0,30.0,-6.0
religion,band_c00928,1887,57.0,49.0,-8.0
religion,band_c00928,1889,65.0,37.0,-28.0
religion,band_c00928,1890,57.0,47.0,-10.0
religion,band_c00928,1891,60.0,40.0,-20.0
religion,band_c00928,1892,52.0,28.0,-24.0
religion,band_c00928,1893,52.0,28.0,-24.0
religion,band_c00932,1887,15.0,5.0,-10.0
religion,band_c00932,1888,18.0,5.0,-13.0
religion,band_c00932,1889,20.0,7.0,-13.0
religion,band_c00932,1890,20.0,7.0,-13.0
religion,band_c00932,1891,20.0,10.0,-10.0
religion,band_c00932,1892,19.0,10.0,-9.0
religion,band_c00933,1887,53.0,3.0,-50.0
religion,band_c00933,1888,46.0,2.0,-44.0
religion,band_c00933,1890,44.0,2.0,-42.0
religion,band_c00933,1891,45.0,2.0,-43.0
religion,band_c00934,1889,47.0,2.0,-45.0
religion,band_c00937,1887,240.0,118.0,-122.0
religion,band_c00937,1888,226.0,191.0,-35.0
religion,band_c00937,1889,187.0,100.0,-87.0
religion,band_c00937,1890,152.0,63.0,-89.0
religion,band_c00937,1891,130.0,100.0,-30.0
religion,band_c00937,1892,75.0,42.0,-33.0
religion,band_c00937,1893,75.0,42.0,-33.0
religion,band_c00942,1887,10.0,2.0,-8.0
religion,band_c00942,1888,10.0,2.0,-8.0
religion,band_c01019,1901,400.0,1758.0,1358.0
religion,band_c01020,1901,17927.0,14352.0,-3575.0
religion,band_c01020,1908,21066.0,4212.0,-16854.0
religion,band_c01020,1909,21362.0,4508.0,-16854.0
religion,band_c01023,1901,24576.0,22076.0,-2500.0
religion,band_c01023,1908,24964.0,21684.0,-3280.0
religion,band_c01023,1909,14871.0,21591.0,6720.0
religion,band_c01024,1908,3302.0,583.0,-2719.0
religion,band_c01024,1909,3302.0,641.0,-2661.0
religion,band_c01031,1908,23518.0,20840.0,-2678.0
religion,band_c01031,1909,23898.0,20979.0,-2919.0
religion,band_c01032,1901,10865.0,8140.0,-2725.0
religion,band_c01032,1908,11469.0,7525.0,-3944.0
religion,band_c01032,1909,11523.0,8579.0,-2944.0
religion,band_c01081,1893,2857.0,2097.0,-760.0
religion,band_c01081,1896,2935.0,1990.0,-945.0
religion,band_c01082,1913,107.0,232.0,125.0
religion,band_c01082,1915,106.0,315.0,209.0
religion,band_c01082,1916,5.0,128.0,123.0
religion,band_c01082,1929,161.0,306.0,145.0
religion,band_c01083,1892,226.0,37.0,-189.0
religion,band_c01083,1893,194.0,1.0,-193.0
religion,band_c01083,1899,302.0,412.0,110.0
religion,band_c01083,1900,305.0,427.0,122.0
religion,band_c01083,1903,300.0,437.0,137.0
religion,band_c01083,1905,298.0,398.0,100.0
religion,band_c01083,1906,295.0,395.0,100.0
religion,band_c01083,1908,286.0,420.0,134.0
religion,band_c01083,1909,283.0,418.0,135.0
religion,band_c01083,1910,289.0,424.0,135.0
religion,band_c01083,1911,283.0,418.0,135.0
religion,band_c01083,1913,283.0,437.0,154.0
religion,band_c01084,1892,163.0,56.0,-107.0
religion,band_c01084,1893,104.0,61.0,-43.0
religion,band_c01084,1895,171.0,57.0,-114.0
religion,band_c01084,1896,168.0,70.0,-98.0
religion,band_c01084,1901,110.0,8.0,-102.0
religion,band_c01084,1908,25.0,149.0,124.0
religion,band_c01084,1914,10.0,135.0,125.0
religion,band_c01084,1917,12.0,129.0,117.0
religion,band_c01084,1924,19.0,127.0,108.0
religion,band_c01086,1892,121.0,18.0,-103.0
religion,band_c01086,1893,103.0,20.0,-83.0
religion,band_c01086,1895,119.0,18.0,-101.0
religion,band_c01086,1896,111.0,17.0,-94.0
religion,band_c01086,1901,124.0,11.0,-113.0
religion,band_c01086,1913,122.0,207.0,85.0
religion,band_c01086,1916,124.0,10.0,-114.0
religion,band_c01089,1892,158.0,136.0,-22.0
religion,band_c01089,1900,131.0,171.0,40.0
religion,band_c01089,1901,138.0,233.0,95.0
religion,band_c01089,1905,160.0,300.0,140.0
religion,band_c01089,1908,127.0,233.0,106.0
religion,band_c01089,1916,9.0,82.0,73.0
religion,band_c01090,1892,381.0,5.0,-376.0
religion,band_c01090,1893,361.0,24.0,-337.0
religion,band_c01090,1895,389.0,18.0,-371.0
religion,band_c01090,1900,417.0,345.0,-72.0
religion,band_c01090,1901,383.0,75.0,-308.0
religion,band_c01090,1913,441.0,634.0,193.0
religion,band_c01090,1916,453.0,62.0,-391.0
religion,band_c01094,1892,215.0,203.0,-12.0
religion,band_c01094,1893,28.0,24.0,-4.0
religion,band_c01094,1895,258.0,26.0,-232.0
religion,band_c01094,1896,258.0,27.0,-231.0
religion,band_c01094,1901,26.0,241.0,215.0
religion,band_c01094,1908,291.0,237.0,-54.0
religion,band_c01094,1914,320.0,290.0,-30.0
religion,band_c01094,1916,10.0,367.0,357.0
religion,band_c01095,1892,103.0,6.0,-97.0
religion,band_c01095,1893,101.0,5.0,-96.0
religion,band_c01095,1895,104.0,5.0,-99.0
religion,band_c01095,1901,82.0,30.0,-52.0
religion,band_c01095,1913,145.0,219.0,74.0
religion,band_c01095,1916,77.0,109.0,32.0
religion,band_c01097,1892,81.0,23.0,-58.0
religion,band_c01097,1893,65.0,30.0,-35.0
religion,band_c01097,1895,102.0,23.0,-79.0
religion,band_c01097,1901,82.0,50.0,-32.0
religion,band_c01097,1916,134.0,63.0,-71.0
religion,band_c01098,1893,2.0,169.0,167.0
religion,band_c01098,1895,250.0,178.0,-72.0
religion,band_c01098,1896,251.0,178.0,-73.0
religion,band_c01098,1913,186.0,334.0,148.0
religion,band_c01098,1914,197.0,75.0,-122.0
religion,band_c01101,1914,10290.0,9853.0,-437.0
religion,band_c01101,1915,10798.0,10494.0,-304.0
religion,band_c01101,1916,11935.0,11530.0,-405.0
religion,band_c01101,1917,14827.0,14422.0,-405.0
religion,band_c01102,1914,49.0,50.0,1.0
religion,band_c01104,1916,9.0,74.0,65.0
religion,band_c01106,1914,94.0,74.0,-20.0
religion,band_c01109,1892,1134.0,180.0,-954.0
religion,band_c01109,1893,939.0,47.0,-892.0
religion,band_c01109,1895,1098.0,34.0,-1064.0
religion,band_c01109,1896,1107.0,36.0,-1071.0
religion,band_c01109,1901,897.0,190.0,-707.0
religion,band_c01109,1913,1212.0,2794.0,1582.0
religion,band_c01116,1893,6.0,81.0,75.0
religion,band_c01116,1895,104.0,78.0,-26.0
religion,band_c01116,1896,113.0,83.0,-30.0
religion,band_c01116,1901,47.0,71.0,24.0
religion,band_c01117,1892,74.0,70.0,-4.0
religion,band_c01117,1893,4.0,68.0,64.0
religion,band_c01117,1895,81.0,77.0,-4.0
religion,band_c01118,1892,158.0,61.0,-97.0
religion,band_c01118,1893,100.0,70.0,-30.0
religion,band_c01118,1895,173.0,66.0,-107.0
religion,band_c01118,1896,178.0,71.0,-107.0
religion,band_c01120,1892,221.0,116.0,-105.0
religion,band_c01120,1893,98.0,58.0,-40.0
religion,band_c01120,1895,224.0,59.0,-165.0
religion,band_c01120,1896,218.0,71.0,-147.0
religion,band_c01120,1901,122.0,55.0,-67.0
religion,band_c01120,1904,161.0,152.0,-9.0
religion,band_c01121,1892,127.0,8.0,-119.0
religion,band_c01121,1893,124.0,10.0,-114.0
religion,band_c01121,1895,135.0,11.0,-124.0
religion,band_c01121,1901,154.0,14.0,-140.0
religion,band_c01122,1892,68.0,56.0,-12.0
religion,band_c01122,1893,11.0,15.0,4.0
religion,band_c01122,1895,81.0,7.0,-74.0
religion,band_c01122,1896,79.0,10.0,-69.0
religion,band_c01122,1901,8.0,57.0,49.0
religion,band_c01124,1912,77.0,116.0,39.0
religion,band_c01124,1913,76.0,147.0,71.0
religion,band_c01124,1914,121.0,106.0,-15.0
religion,band_c01124,1916,73.0,97.0,24.0
religion,band_c01125,1896,140.0,10.0,-130.0
religion,band_c01125,1913,141.0,236.0,95.0
religion,band_c01125,1916,137.0,12.0,-125.0
religion,band_c01127,1892,151.0,2.0,-149.0
religion,band_c01127,1901,148.0,23.0,-125.0
religion,band_c01127,1905,465.0,170.0,-295.0
religion,band_c01127,1907,175.0,165.0,-10.0
religion,band_c01127,1909,143.0,153.0,10.0
religion,band_c01127,1913,156.0,265.0,109.0
religion,band_c01127,1916,150.0,37.0,-113.0
religion,band_c01132,1908,476.0,376.0,-100.0
religion,band_c01133,1914,130.0,138.0,8.0
religion,band_c01134,1901,62.0,8.0,-54.0
religion,band_c01134,1911,83.0,102.0,19.0
religion,band_c01134,1913,89.0,159.0,70.0
religion,band_c01134,1916,96.0,10.0,-86.0
religion,band_c01139,1895,209.0,4.0,-205.0
religion,band_c01139,1896,208.0,4.0,-204.0
religion,band_c01139,1916,168.0,24.0,-144.0
religion,band_c01140,1900,79.0,230.0,151.0
religion,band_c01140,1901,78.0,6.0,-72.0
religion,band_c01141,1892,46.0,45.0,-1.0
religion,band_c01141,1893,1.0,44.0,43.0
religion,band_c01141,1895,46.0,45.0,-1.0
religion,band_c01141,1896,41.0,35.0,-6.0
religion,band_c01142,1893,1.0,55.0,54.0
religion,band_c01142,1896,60.0,56.0,-4.0
religion,band_c01143,1901,51.0,84.0,33.0
religion,band_c01143,1909,122.0,108.0,-14.0
religion,band_c01143,1911,124.0,105.0,-19.0
religion,band_c01143,1912,126.0,108.0,-18.0
religion,band_c01143,1913,134.0,217.0,83.0
religion,band_c01143,1916,153.0,16.0,-137.0
religion,band_c01147,1892,528.0,273.0,-255.0
religion,band_c01147,1893,228.0,30.0,-198.0
religion,band_c01147,1895,469.0,11.0,-458.0
religion,band_c01147,1896,498.0,10.0,-488.0
religion,band_c01147,1900,447.0,474.0,27.0
religion,band_c01147,1901,241.0,253.0,12.0
religion,band_c01147,1917,557.0,357.0,-200.0
religion,band_c01147,1924,574.0,919.0,345.0
religion,band_c01148,1924,162.0,18.0,-144.0
religion,band_c01150,1892,89.0,77.0,-12.0
religion,band_c01150,1893,14.0,36.0,22.0
religion,band_c01150,1895,97.0,33.0,-64.0
religion,band_c01150,1896,96.0,30.0,-66.0
religion,band_c01150,1913,148.0,99.0,-49.0
religion,band_c01150,1916,44.0,145.0,101.0
religion,band_c01152,1914,65.0,68.0,3.0
religion,band_c01155,1895,57.0,53.0,-4.0
religion,band_c01155,1916,3.0,78.0,75.0
religion,band_c01157,1892,135.0,131.0,-4.0
religion,band_c01157,1893,3.0,31.0,28.0
religion,band_c01157,1895,128.0,26.0,-102.0
religion,band_c01157,1896,131.0,28.0,-103.0
religion,band_c01158,1892,107.0,101.0,-6.0
religion,band_c01158,1893,6.0,43.0,37.0
religion,band_c01158,1895,107.0,41.0,-66.0
religion,band_c01158,1896,108.0,22.0,-86.0
religion,band_c01158,1901,21.0,83.0,62.0
religion,band_c01158,1910,131.0,181.0,50.0
religion,band_c01158,1916,25.0,110.0,85.0
religion,band_c01162,1893,368.0,1.0,-367.0
religion,band_c01162,1896,337.0,4.0,-333.0
religion,band_c01163,1892,101.0,98.0,-3.0
religion,band_c01164,1895,96.0,88.0,-8.0
religion,band_c01164,1914,112.0,117.0,5.0
religion,band_c01165,1892,66.0,61.0,-5.0
religion,band_c01165,1895,63.0,58.0,-5.0
religion,band_c01165,1896,60.0,56.0,-4.0
religion,band_c01165,1913,48.0,18.0,-30.0
religion,band_c01165,1914,49.0,53.0,4.0
religion,band_c01166,1892,17.0,5.0,-12.0
religion,band_c01166,1893,10.0,16.0,6.0
religion,band_c01167,1913,430.0,709.0,279.0
religion,band_c01168,1893,566.0,1.0,-565.0
religion,band_c01168,1911,745.0,785.0,40.0
religion,band_c01168,1913,738.0,1251.0,513.0
religion,band_c01168,1916,208.0,590.0,382.0
religion,band_c01169,1913,300.0,530.0,230.0
religion,band_c01169,1914,352.0,332.0,-20.0
religion,band_c01170,1892,162.0,130.0,-32.0
religion,band_c01170,1893,38.0,125.0,87.0
religion,band_c01170,1895,150.0,116.0,-34.0
religion,band_c01170,1896,147.0,110.0,-37.0
religion,band_c01170,1908,148.0,143.0,-5.0
religion,band_c01171,1892,39.0,59.0,20.0
religion,band_c01171,1914,38.0,40.0,2.0
religion,band_c01172,1924,365.0,43.0,-322.0
religion,band_c01173,1893,67.0,1.0,-66.0
religion,band_c01173,1901,66.0,3.0,-63.0
religion,band_c01173,1903,62.0,66.0,4.0
religion,band_c01175,1914,195.0,204.0,9.0
religion,band_c01176,1892,60.0,53.0,-7.0
religion,band_c01176,1893,6.0,44.0,38.0
religion,band_c01176,1895,49.0,42.0,-7.0
religion,band_c01176,1896,50.0,43.0,-7.0
religion,band_c01176,1901,11.0,42.0,31.0
religion,band_c01176,1916,8.0,42.0,34.0
religion,band_c01177,1913,491.0,863.0,372.0
religion,band_c01180,1916,149.0,41.0,-108.0
religion,band_c01181,1893,2529.0,1228.0,-1301.0
religion,band_c01181,1896,2572.0,558.0,-2014.0
religion,band_c01182,1893,709.0,350.0,-359.0
religion,band_c01182,1896,733.0,75.0,-658.0
religion,band_c01184,1893,3242.0,735.0,-2507.0
religion,band_c01184,1896,3204.0,577.0,-2627.0
religion,band_c01184,1898,3343.0,1129.0,-2214.0
religion,band_c01185,1896,132.0,126.0,-6.0
religion,band_c01186,1895,97.0,93.0,-4.0
religion,band_c01186,1896,90.0,85.0,-5.0
religion,band_c01187,1892,245.0,9.0,-236.0
religion,band_c01187,1893,217.0,15.0,-202.0
religion,band_c01187,1896,234.0,1.0,-233.0
religion,band_c01187,1913,512.0,855.0,343.0
religion,band_c01188,1893,11.0,30.0,19.0
religion,band_c01188,1895,60.0,14.0,-46.0
religion,band_c01188,1896,62.0,17.0,-45.0
religion,band_c01188,1916,18.0,60.0,42.0
religion,band_c01189,1914,56.0,20.0,-36.0
religion,band_c01189,1916,2.0,57.0,55.0
religion,band_c01190,1892,125.0,114.0,-11.0
religion,band_c01190,1893,6.0,114.0,108.0
religion,band_c01190,1896,117.0,113.0,-4.0
religion,band_c01190,1913,114.0,252.0,138.0
religion,band_c01190,1914,119.0,30.0,-89.0
religion,band_c01192,1911,545.0,212.0,-333.0
religion,band_c01192,1914,222.0,235.0,13.0
religion,band_c01193,1913,326.0,571.0,245.0
religion,band_c01193,1916,341.0,57.0,-284.0
religion,band_c01194,1892,72.0,47.0,-25.0
religion,band_c01194,1893,36.0,1.0,-35.0
religion,band_c01194,1895,75.0,45.0,-30.0
religion,band_c01194,1896,77.0,44.0,-33.0
religion,band_c01194,1916,18.0,30.0,12.0
religion,band_c01196,1916,1.0,160.0,159.0
religion,band_c01197,1913,301.0,522.0,221.0
religion,band_c01198,1892,184.0,35.0,-149.0
religion,band_c01198,1893,116.0,45.0,-71.0
religion,band_c01198,1895,161.0,12.0,-149.0
religion,band_c01198,1896,163.0,12.0,-151.0
religion,band_c01198,1916,149.0,107.0,-42.0
religion,band_c01199,1892,82.0,67.0,-15.0
religion,band_c01199,1893,15.0,64.0,49.0
religion,band_c01199,1895,83.0,48.0,-35.0
religion,band_c01199,1896,80.0,55.0,-25.0
religion,band_c01201,1901,153.0,39.0,-114.0
religion,band_c01201,1913,193.0,202.0,9.0
religion,band_c01201,1916,115.0,92.0,-23.0
religion,band_c01203,1892,500.0,154.0,-346.0
religion,band_c01203,1893,395.0,22.0,-373.0
religion,band_c01203,1895,314.0,10.0,-304.0
religion,band_c01203,1896,331.0,8.0,-323.0
religion,band_c01203,1916,426.0,84.0,-342.0
religion,band_c01205,1893,4.0,81.0,77.0
religion,band_c01205,1912,93.0,82.0,-11.0
religion,band_c01205,1916,14.0,86.0,72.0
religion,band_c01208,1916,1.0,65.0,64.0
religion,band_c01211,1887,4294.0,3536.0,-758.0
religion,band_c01211,1890,4682.0,2821.0,-1861.0
religion,band_c01211,1891,4501.0,3396.0,-1105.0
religion,band_c01212,1887,2853.0,847.0,-2006.0
religion,band_c01212,1889,3036.0,805.0,-2231.0
religion,band_c01212,1890,3031.0,661.0,-2370.0
religion,band_c01212,1891,3081.0,667.0,-2414.0
religion,band_c01213,1887,2797.0,2308.0,-489.0
religion,band_c01213,1889,2796.0,2030.0,-766.0
religion,band_c01213,1890,2830.0,2264.0,-566.0
religion,band_c01213,1891,2892.0,2282.0,-610.0
religion,band_c01214,1887,4738.0,2503.0,-2235.0
religion,band_c01214,1890,5312.0,2763.0,-2549.0
religion,band_c01214,1891,5400.0,3064.0,-2336.0
religion,band_c01215,1887,2412.0,1324.0,-1088.0
religion,band_c01215,1889,2451.0,1095.0,-1356.0
religion,band_c01215,1890,2408.0,1134.0,-1274.0
religion,band_c01215,1891,2427.0,1099.0,-1328.0
religion,band_c01216,1887,685.0,382.0,-303.0
religion,band_c01216,1889,687.0,344.0,-343.0
religion,band_c01216,1890,697.0,319.0,-378.0
religion,band_c01217,1891,692.0,335.0,-357.0
religion,band_c01219,1887,5222.0,4290.0,-932.0
religion,band_c01219,1889,5725.0,5164.0,-561.0
religion,band_c01219,1890,5648.0,5063.0,-585.0
religion,band_c01219,1891,5217.0,4646.0,-571.0
religion,band_c01226,1887,810.0,675.0,-135.0
religion,band_c01248,1888,4714.0,3759.0,-955.0
religion,band_c01249,1888,2977.0,805.0,-2172.0
religion,band_c01251,1888,5790.0,3215.0,-2575.0
religion,band_c01252,1888,2401.0,1065.0,-1336.0
religion,band_c01253,1888,688.0,356.0,-332.0
religion,band_c01254,1888,2793.0,2222.0,-571.0
religion,band_c01256,1888,5868.0,5275.0,-593.0
religion,band_c01261,1888,947.0,807.0,-140.0
religion,band_c01273,1912,47.0,41.0,-6.0
religion,band_c01294,1913,56.0,103.0,47.0
religion,band_c01298,1913,54.0,100.0,46.0
religion,band_c01303,1913,62.0,110.0,48.0
religion,band_c01309,1913,220.0,398.0,178.0
religion,band_c01311,1909,130.0,564.0,434.0
religion,band_c01311,1913,121.0,190.0,69.0
religion,band_c01314,1913,167.0,306.0,139.0
religion,band_c01316,1913,20.0,34.0,14.0
religion,band_c01317,1913,94.0,167.0,73.0
religion,band_c01318,1913,27.0,48.0,21.0
religion,band_c01319,1913,335.0,589.0,254.0
religion,band_c01320,1913,58.0,103.0,45.0
religion,band_c01322,1913,22.0,36.0,14.0
religion,band_c01323,1915,1862.0,1652.0,-210.0
religion,band_c01324,1887,335.0,355.0,20.0
religion,band_c01325,1913,41.0,76.0,35.0
religion,band_c01326,1913,80.0,148.0,68.0
religion,band_c01330,1907,199.0,100.0,-99.0
religion,band_c01330,1913,185.0,351.0,166.0
religion,band_c01357,1900,1382.0,1282.0,-100.0
religion,band_c01360,1900,400.0,1358.0,958.0
religion,band_c01364,1900,17714.0,11830.0,-5884.0
religion,band_c01375,1900,24523.0,17768.0,-6755.0
religion,band_c01400,1900,2600.0,2000.0,-600.0
religion,band_c01517,1900,6754.0,3931.0,-2823.0
religion,band_c01530,1900,20703.0,15227.0,-5476.0
religion,band_c01541,1900,10785.0,7960.0,-2825.0
religion,band_c01553,1889,285.0,243.0,-42.0
religion,band_c01557,1889,172.0,138.0,-34.0
religion,band_c01558,1889,143.0,97.0,-46.0
religion,band_c01565,1889,86.0,42.0,-44.0
religion,band_c01589,1903,45.0,91.0,46.0
religion,band_c01589,1913,30.0,97.0,67.0
religion,band_c01591,1914,34.0,58.0,24.0
religion,band_c01591,1915,58.0,63.0,5.0
religion,band_c01591,1924,53.0,149.0,96.0
religion,band_c01591,1929,94.0,110.0,16.0
religion,band_c01606,1899,32.0,65.0,33.0
religion,band_c01608,1903,9.0,67.0,58.0
religion,band_c01612,1913,130.0,235.0,105.0
religion,band_c01621,1915,23.0,24.0,1.0
religion,band_c01653,1902,61.0,64.0,3.0
religion,band_c01654,1913,29.0,47.0,18.0
religion,band_c01654,1915,30.0,32.0,2.0
religion,band_c01657,1913,63.0,117.0,54.0
religion,band_c01664,1915,15.0,17.0,2.0
religion,band_c01665,1902,34.0,68.0,34.0
religion,band_c01665,1913,32.0,57.0,25.0
religion,band_c01666,1915,2042.0,2142.0,100.0
religion,band_c01667,1902,20.0,26.0,6.0
religion,band_c01669,1915,14.0,15.0,1.0
religion,band_c01670,1915,69.0,77.0,8.0
religion,band_c01674,1915,146.0,158.0,12.0
religion,band_c01680,1913,170.0,323.0,153.0
religion,band_c01680,1915,154.0,158.0,4.0
religion,band_c01681,1915,81.0,89.0,8.0
religion,band_c01682,1911,12.0,67.0,55.0
religion,band_c01682,1912,12.0,69.0,57.0
religion,band_c01684,1915,96.0,103.0,7.0
religion,band_c01684,1924,87.0,180.0,93.0
religion,band_c01685,1913,88.0,161.0,73.0
religion,band_c01686,1915,125.0,142.0,17.0
religion,band_c01690,1915,37.0,40.0,3.0
religion,band_c01691,1903,58.0,94.0,36.0
religion,band_c01691,1913,50.0,75.0,25.0
religion,band_c01691,1915,50.0,53.0,3.0
religion,band_c01692,1915,156.0,173.0,17.0
religion,band_c01698,1913,25.0,37.0,12.0
religion,band_c01698,1915,25.0,27.0,2.0
religion,band_c01700,1907,95.0,985.0,890.0
religion,band_c01701,1903,22.0,209.0,187.0
religion,band_c01701,1905,25.0,217.0,192.0
religion,band_c01701,1909,21.0,214.0,193.0
religion,band_c01701,1915,20.0,21.0,1.0
religion,band_c01706,1903,77.0,83.0,6.0
religion,band_c01708,1913,30.0,56.0,26.0
religion,band_c01712,1915,124.0,137.0,13.0
religion,band_c01714,1903,17.0,68.0,51.0
religion,band_c01736,1902,220.0,440.0,220.0
religion,band_c01740,1903,12.0,31.0,19.0
religion,band_c01740,1905,12.0,32.0,20.0
religion,band_c01743,1913,11.0,20.0,9.0
religion,band_c01743,1915,8.0,9.0,1.0
religion,band_c01748,1912,10.0,38.0,28.0
religion,band_c01748,1915,16.0,41.0,25.0
religion,band_c01752,1914,19.0,40.0,21.0
religion,band_c01761,1915,30.0,34.0,4.0
religion,band_c01766,1915,14.0,15.0,1.0
religion,band_c01767,1911,7.0,84.0,77.0
religion,band_c01767,1913,93.0,161.0,68.0
religion,band_c01769,1913,8.0,15.0,7.0
religion,band_c01770,1915,58.0,62.0,4.0
religion,band_c01784,1902,283.0,566.0,283.0
religion,band_c01785,1915,96.0,111.0,15.0
religion,band_c01792,1902,49.0,98.0,49.0
religion,band_c01798,1903,56.0,88.0,32.0
religion,band_c01798,1913,42.0,76.0,34.0
religion,band_c01798,1915,35.0,36.0,1.0
religion,band_c01801,1913,8.0,15.0,7.0
religion,band_c01802,1911,79.0,219.0,140.0
religion,band_c01802,1915,155.0,165.0,10.0
religion,band_c01804,1902,97.0,93.0,-4.0
religion,band_c01804,1913,424.0,661.0,237.0
religion,band_c01804,1914,110.0,343.0,233.0
religion,band_c01804,1929,61.0,169.0,108.0
religion,band_c01805,1888,337.0,122.0,-215.0
religion,band_c01805,1889,341.0,122.0,-219.0
religion,band_c01805,1890,348.0,122.0,-226.0
religion,band_c01805,1891,357.0,142.0,-215.0
religion,band_c01805,1892,357.0,142.0,-215.0
religion,band_c01805,1893,357.0,142.0,-215.0
religion,band_c01805,1895,397.0,1.0,-396.0
religion,band_c01805,1903,350.0,604.0,254.0
religion,band_c01805,1908,259.0,272.0,13.0
religion,band_c01805,1913,272.0,468.0,196.0
religion,band_c01805,1915,249.0,636.0,387.0
religion,band_c01805,1916,254.0,664.0,410.0
religion,band_c01805,1917,578.0,727.0,149.0
religion,band_c01805,1924,279.0,589.0,310.0
religion,band_c01805,1929,303.0,872.0,569.0
religion,band_c01807,1889,655.0,35.0,-620.0
religion,band_c01807,1890,632.0,32.0,-600.0
religion,band_c01807,1891,640.0,30.0,-610.0
religion,band_c01807,1892,649.0,16.0,-633.0
religion,band_c01807,1893,637.0,37.0,-600.0
religion,band_c01807,1895,645.0,20.0,-625.0
religion,band_c01807,1896,639.0,20.0,-619.0
religion,band_c01807,1908,573.0,522.0,-51.0
religion,band_c01807,1910,29.0,333.0,304.0
religion,band_c01807,1911,30.0,580.0,550.0
religion,band_c01807,1912,31.0,583.0,552.0
religion,band_c01807,1913,13.0,24.0,11.0
religion,band_c01808,1887,806.0,66.0,-740.0
religion,band_c01808,1888,824.0,36.0,-788.0
religion,band_c01808,1889,397.0,120.0,-277.0
religion,band_c01808,1890,392.0,122.0,-270.0
religion,band_c01808,1892,396.0,124.0,-272.0
religion,band_c01808,1908,380.0,371.0,-9.0
religion,band_c01808,1911,377.0,410.0,33.0
religion,band_c01808,1913,384.0,653.0,269.0
religion,band_c01808,1914,18.0,374.0,356.0
religion,band_c01808,1915,378.0,392.0,14.0
religion,band_c01809,1913,153.0,264.0,111.0
religion,band_c01812,1906,10.0,1105.0,1095.0
religion,band_c01815,1913,38.0,74.0,36.0
religion,band_c01816,1902,218.0,6.0,-212.0
religion,band_c01816,1912,217.0,202.0,-15.0
religion,band_c01817,1909,104.0,49.0,-55.0
religion,band_c01817,1910,35.0,4.0,-31.0
religion,band_c01818,1887,236.0,12.0,-224.0
religion,band_c01818,1888,237.0,15.0,-222.0
religion,band_c01818,1889,231.0,14.0,-217.0
religion,band_c01818,1890,235.0,13.0,-222.0
religion,band_c01818,1892,226.0,13.0,-213.0
religion,band_c01818,1913,241.0,355.0,114.0
religion,band_c01819,1906,2.0,2256.0,2254.0
religion,band_c01819,1913,164.0,280.0,116.0
religion,band_c01820,1887,499.0,17.0,-482.0
religion,band_c01820,1888,502.0,13.0,-489.0
religion,band_c01820,1889,471.0,12.0,-459.0
religion,band_c01820,1890,470.0,12.0,-458.0
religion,band_c01820,1891,480.0,10.0,-470.0
religion,band_c01820,1892,479.0,7.0,-472.0
religion,band_c01820,1893,461.0,7.0,-454.0
religion,band_c01820,1908,286.0,503.0,217.0
religion,band_c01821,1913,134.0,239.0,105.0
religion,band_c01822,1906,1.0,2379.0,2378.0
religion,band_c01822,1910,46.0,166.0,120.0
religion,band_c01822,1911,37.0,147.0,110.0
religion,band_c01822,1912,35.0,137.0,102.0
religion,band_c01822,1913,36.0,65.0,29.0
religion,band_c01823,1915,92.0,98.0,6.0
religion,band_c01823,1929,94.0,100.0,6.0
religion,band_c01824,1902,103.0,27.0,-76.0
religion,band_c01825,1906,4315.0,6700.0,2385.0
religion,band_c01826,1891,513.0,483.0,-30.0
religion,band_c01826,1895,529.0,326.0,-203.0
religion,band_c01826,1897,398.0,388.0,-10.0
religion,band_c01826,1902,512.0,197.0,-315.0
religion,band_c01826,1913,469.0,802.0,333.0
religion,band_c01826,1914,20.0,421.0,401.0
religion,band_c01828,1891,394.0,122.0,-272.0
religion,band_c01828,1893,403.0,125.0,-278.0
religion,band_c01829,1902,11.5,115.0,103.5
religion,band_c01829,1908,107.0,161.0,54.0
religion,band_c01829,1913,103.0,179.0,76.0
religion,band_c01829,1914,1.0,113.0,112.0
religion,band_c01831,1893,5.0,9.0,4.0
religion,band_c01831,1913,28.0,51.0,23.0
religion,band_c01834,1910,218.0,345.0,127.0
religion,band_c01834,1912,219.0,232.0,13.0
religion,band_c01834,1913,222.0,372.0,150.0
religion,band_c01834,1914,12.0,235.0,223.0
religion,band_c01837,1903,604.0,473.0,-131.0
religion,band_c01837,1905,479.0,494.0,15.0
religion,band_c01837,1908,475.0,256.0,-219.0
religion,band_c01837,1913,480.0,811.0,331.0
religion,band_c01837,1914,223.0,288.0,65.0
religion,band_c01837,1915,478.0,509.0,31.0
religion,band_c01839,1915,65.0,67.0,2.0
religion,band_c01841,1890,176.0,6.0,-170.0
religion,band_c01841,1891,188.0,8.0,-180.0
religion,band_c01841,1893,193.0,8.0,-185.0
religion,band_c01841,1895,183.0,8.0,-175.0
religion,band_c01841,1902,179.0,168.0,-11.0
religion,band_c01841,1910,75.0,99.0,24.0
religion,band_c01841,1916,178.0,184.0,6.0
religion,band_c01842,1887,3320.0,830.0,-2490.0
religion,band_c01842,1888,3362.0,862.0,-2500.0
religion,band_c01842,1890,3425.0,653.0,-2772.0
religion,band_c01842,1893,3531.0,897.0,-2634.0
religion,band_c01842,1895,3629.0,835.0,-2794.0
religion,band_c01842,1902,4050.0,2130.0,-1920.0
religion,band_c01842,1910,1550.0,2852.0,1302.0
religion,band_c01842,1914,1585.0,3322.0,1737.0
religion,band_c01844,1915,61.0,64.0,3.0
religion,band_c01845,1898,246.0,218.0,-28.0
religion,band_c01845,1899,224.0,244.0,20.0
religion,band_c01845,1902,244.0,228.0,-16.0
religion,band_c01845,1906,263.0,719.0,456.0
religion,band_c01846,1893,6.0,8.0,2.0
religion,band_c01848,1902,333.0,250.0,-83.0
religion,band_c01850,1890,327.0,275.0,-52.0
religion,band_c01850,1891,327.0,275.0,-52.0
religion,band_c01850,1892,319.0,266.0,-53.0
religion,band_c01850,1893,326.0,273.0,-53.0
religion,band_c01850,1902,34.0,338.0,304.0
religion,band_c01851,1910,1308.0,157.0,-1151.0
religion,band_c01851,1929,1150.0,1550.0,400.0
religion,band_c01852,1915,112.0,122.0,10.0
religion,band_c01853,1887,79.0,50.0,-29.0
religion,band_c01853,1888,81.0,49.0,-32.0
religion,band_c01853,1889,84.0,30.0,-54.0
religion,band_c01853,1890,86.0,31.0,-55.0
religion,band_c01853,1891,87.0,48.0,-39.0
religion,band_c01853,1892,82.0,49.0,-33.0
religion,band_c01853,1893,81.0,48.0,-33.0
religion,band_c01853,1895,80.0,21.0,-59.0
religion,band_c01853,1913,245.0,161.0,-84.0
religion,band_c01855,1887,200.0,100.0,-100.0
religion,band_c01855,1888,197.0,97.0,-100.0
religion,band_c01855,1889,194.0,114.0,-80.0
religion,band_c01855,1890,188.0,108.0,-80.0
religion,band_c01855,1891,189.0,136.0,-53.0
religion,band_c01855,1892,187.0,133.0,-54.0
religion,band_c01855,1893,188.0,134.0,-54.0
religion,band_c01855,1913,203.0,302.0,99.0
religion,band_c01858,1913,268.0,444.0,176.0
religion,band_c01859,1893,3.0,21.0,18.0
religion,band_c01863,1913,277.0,405.0,128.0
religion,band_c01863,1914,12.0,294.0,282.0
religion,band_c01864,1913,102.0,189.0,87.0
religion,band_c01866,1903,198.0,96.0,-102.0
religion,band_c01868,1906,30.0,32.0,2.0
religion,band_c01870,1913,724.0,1330.0,606.0
religion,band_c01872,1913,213.0,387.0,174.0
religion,band_c01875,1929,314.0,369.0,55.0
religion,band_c01878,1893,1.0,10.0,9.0
religion,band_c01879,1891,203.0,163.0,-40.0
religion,band_c01879,1893,200.0,173.0,-27.0
religion,band_c01879,1897,211.0,200.0,-11.0
religion,band_c01882,1887,122.0,41.0,-81.0
religion,band_c01882,1888,120.0,40.0,-80.0
religion,band_c01882,1889,125.0,50.0,-75.0
religion,band_c01882,1890,119.0,44.0,-75.0
religion,band_c01882,1891,119.0,47.0,-72.0
religion,band_c01882,1892,119.0,48.0,-71.0
religion,band_c01882,1893,120.0,48.0,-72.0
religion,band_c01882,1913,134.0,206.0,72.0
religion,band_c01886,1906,350.0,4327.0,3977.0
religion,band_c01891,1889,48.0,2.0,-46.0
religion,band_c01891,1890,42.0,1.0,-41.0
religion,band_c01891,1892,38.0,1.0,-37.0
religion,band_c01892,1888,288.0,2.0,-286.0
religion,band_c01892,1902,343.0,143.0,-200.0
religion,band_c01892,1907,341.0,311.0,-30.0
religion,band_c01892,1913,333.0,575.0,242.0
religion,band_c01892,1914,107.0,234.0,127.0
religion,band_c01893,1914,4.0,289.0,285.0
religion,band_c01893,1915,265.0,291.0,26.0
religion,band_c01893,1924,131.0,31.0,-100.0
religion,band_c01894,1902,55.0,7.0,-48.0
religion,band_c01896,1906,47.0,54.0,7.0
religion,band_c01903,1902,95.0,4.0,-91.0
religion,band_c01903,1906,71.0,78.0,7.0
religion,band_c01904,1913,778.0,1127.0,349.0
religion,band_c01904,1914,212.0,662.0,450.0
religion,band_c01905,1893,5.0,7.0,2.0
religion,band_c01913,1893,4.0,3.0,-1.0
religion,band_c01917,1902,121.0,46.0,-75.0
religion,band_c01917,1908,112.0,118.0,6.0
religion,band_c01917,1913,115.0,198.0,83.0
religion,band_c01917,1915,119.0,128.0,9.0
religion,band_c01918,1915,96.0,106.0,10.0
religion,band_c01920,1906,4.0,863.0,859.0
religion,band_c01921,1907,48.0,41.0,-7.0
religion,band_c01921,1913,47.0,86.0,39.0
religion,band_c01922,1906,31.0,7258.0,7227.0
religion,band_c01923,1888,360.0,20.0,-340.0
religion,band_c01923,1889,363.0,20.0,-343.0
religion,band_c01923,1890,364.0,20.0,-344.0
religion,band_c01923,1891,385.0,21.0,-364.0
religion,band_c01923,1892,379.0,21.0,-358.0
religion,band_c01923,1893,377.0,19.0,-358.0
religion,band_c01923,1910,4.0,419.0,415.0
religion,band_c01923,1913,435.0,755.0,320.0
religion,band_c01923,1914,12.0,468.0,456.0
religion,band_c01928,1897,20208.0,19762.0,-446.0
religion,band_c01928,1904,21191.0,20742.0,-449.0
religion,band_c01928,1907,23783.0,20540.0,-3243.0
religion,band_c01928,1913,26077.0,22120.0,-3957.0
religion,band_c01928,1914,26419.0,20349.0,-6070.0
religion,band_c01928,1915,26162.0,21927.0,-4235.0
religion,band_c01928,1916,26305.0,22170.0,-4135.0
religion,band_c01928,1917,20969.0,19394.0,-1575.0
religion,band_c01929,1913,234.0,347.0,113.0
religion,band_c01929,1914,32.0,221.0,189.0
religion,band_c01930,1929,205.0,250.0,45.0
religion,band_c01935,1902,82.0,1.0,-81.0
religion,band_c01935,1906,72.0,76.0,4.0
religion,band_c01936,1906,112.0,20890.0,20778.0
religion,band_c01945,1906,100.0,12233.0,12133.0
religion,band_c01946,1906,1.0,298.0,297.0
religion,band_c01947,1893,3.0,4.0,1.0
religion,band_c01948,1906,21.0,2892.0,2871.0
religion,band_c01951,1893,4.0,5.0,1.0
religion,band_c01953,1915,87.0,97.0,10.0
religion,band_c01955,1893,1.0,31.0,30.0
religion,band_c01956,1900,318.0,348.0,30.0
religion,band_c01956,1913,385.0,705.0,320.0
religion,band_c01958,1893,1.0,12.0,11.0
religion,band_c01959,1891,226.0,13.0,-213.0
religion,band_c01959,1893,226.0,13.0,-213.0
religion,band_c01962,1906,44.0,47.0,3.0
religion,band_c01965,1889,144.0,115.0,-29.0
religion,band_c01973,1906,300.0,63275.0,62975.0
religion,band_c01976,1893,15.0,8.0,-7.0
religion,band_c01977,1893,2.0,8.0,6.0
religion,band_c01983,1902,31.0,7.0,-24.0
religion,band_c01984,1911,88.0,101.0,13.0
religion,band_c01986,1906,28.0,3754.0,3726.0
religion,band_c01988,1906,129.0,143.0,14.0
religion,band_c01989,1906,70.0,75.0,5.0
religion,band_c01990,1902,62.0,1.0,-61.0
religion,band_c01990,1906,64.0,71.0,7.0
religion,band_c01992,1887,518.0,458.0,-60.0
religion,band_c01992,1888,536.0,476.0,-60.0
religion,band_c01992,1889,541.0,480.0,-61.0
religion,band_c01992,1890,553.0,487.0,-66.0
religion,band_c01992,1891,568.0,497.0,-71.0
religion,band_c01992,1892,566.0,496.0,-70.0
religion,band_c01992,1893,582.0,502.0,-80.0
religion,band_c01992,1895,619.0,65.0,-554.0
religion,band_c01992,1915,198.0,422.0,224.0
religion,band_c01993,1892,79.0,17.0,-62.0
religion,band_c01993,1893,82.0,18.0,-64.0
religion,band_c01993,1902,93.0,58.0,-35.0
religion,band_c01993,1913,72.0,127.0,55.0
religion,band_c01993,1914,43.0,30.0,-13.0
religion,band_c01994,1893,2.0,21.0,19.0
religion,band_c01997,1893,3.0,15.0,12.0
religion,band_c01998,1913,54.0,100.0,46.0
religion,band_c02005,1906,5.0,6285.0,6280.0
religion,band_c02007,1893,3.0,16.0,13.0
religion,band_c02011,1906,90.0,16715.0,16625.0
religion,band_c02012,1906,30.0,3669.0,3639.0
religion,band_c02013,1898,57.0,2.0,-55.0
religion,band_c02015,1893,5.0,1.0,-4.0
religion,band_c02018,1895,178.0,2.0,-176.0
religion,band_c02020,1889,140.0,105.0,-35.0
religion,band_c02020,1890,143.0,107.0,-36.0
religion,band_c02020,1891,141.0,110.0,-31.0
religion,band_c02020,1892,143.0,111.0,-32.0
religion,band_c02020,1893,138.0,107.0,-31.0
religion,band_c02020,1895,137.0,1.0,-136.0
religion,band_c02020,1902,160.0,15.0,-145.0
religion,band_c02020,1913,168.0,345.0,177.0
religion,band_c02025,1906,44.0,4784.0,4740.0
religion,band_c02026,1893,41.0,21.0,-20.0
religion,band_c02027,1887,353.0,303.0,-50.0
religion,band_c02027,1888,361.0,303.0,-58.0
religion,band_c02027,1889,355.0,338.0,-17.0
religion,band_c02027,1890,354.0,335.0,-19.0
religion,band_c02027,1891,360.0,338.0,-22.0
religion,band_c02027,1892,368.0,349.0,-19.0
religion,band_c02027,1893,364.0,342.0,-22.0
religion,band_c02027,1902,362.0,13.0,-349.0
religion,band_c02028,1906,212.0,53973.0,53761.0
religion,band_c02029,1902,147.0,139.0,-8.0
religion,band_c02029,1906,132.0,24.0,-108.0
religion,band_c02030,1902,114.0,75.0,-39.0
religion,band_c02033,1893,2.0,1.0,-1.0
religion,band_c02035,1911,285.0,825.0,540.0
religion,band_c02036,1893,7.0,41.0,34.0
religion,band_c02037,1893,11.0,21.0,10.0
religion,band_c02041,1902,372.0,255.0,-117.0
religion,band_c02041,1906,36.0,3227.0,3191.0
religion,band_c02042,1906,51.0,9689.0,9638.0
religion,band_c02045,1889,89.0,14.0,-75.0
religion,band_c02045,1890,92.0,15.0,-77.0
religion,band_c02045,1891,97.0,15.0,-82.0
religion,band_c02045,1892,94.0,15.0,-79.0
religion,band_c02045,1893,86.0,13.0,-73.0
religion,band_c02045,1895,84.0,4.0,-80.0
religion,band_c02052,1902,52.0,11.0,-41.0
religion,band_c02052,1906,49.0,53.0,4.0
religion,band_c02053,1893,4.0,5.0,1.0
religion,band_c02056,1911,61.0,240.0,179.0
religion,band_c02057,1893,1.0,5.0,4.0
religion,band_c02062,1893,2.0,3.0,1.0
religion,band_c02063,1906,15.0,7059.0,7044.0
religion,band_c02067,1895,189.0,8.0,-181.0
religion,band_c02070,1893,21.0,2.0,-19.0
religion,band_c02072,1893,4.0,1.0,-3.0
religion,band_c02074,1906,127.0,12840.0,12713.0
religion,band_c02075,1906,40.0,1287.0,1247.0
religion,band_c02076,1895,116.0,10.0,-106.0
religion,band_c02078,1913,181.0,327.0,146.0
religion,band_c02078,1914,50.0,150.0,100.0
religion,band_c02081,1929,10.0,130.0,120.0
religion,band_c02083,1893,1.0,41.0,40.0
religion,band_c02084,1897,102.0,219.0,117.0
religion,band_c02086,1893,2.0,4.0,2.0
religion,band_c02094,1893,31.0,3.0,-28.0
religion,band_c02095,1893,1.0,21.0,20.0
religion,band_c02097,1891,359.0,341.0,-18.0
religion,band_c02097,1895,377.0,43.0,-334.0
religion,band_c02097,1897,380.0,251.0,-129.0
religion,band_c02097,1902,290.0,231.0,-59.0
religion,band_c02097,1913,297.0,543.0,246.0
religion,band_c02098,1887,412.0,228.0,-184.0
religion,band_c02098,1888,408.0,228.0,-180.0
religion,band_c02098,1889,420.0,254.0,-166.0
religion,band_c02098,1890,437.0,284.0,-153.0
religion,band_c02098,1891,423.0,274.0,-149.0
religion,band_c02098,1892,441.0,278.0,-163.0
religion,band_c02098,1893,453.0,294.0,-159.0
religion,band_c02098,1899,429.0,369.0,-60.0
religion,band_c02098,1902,436.0,141.0,-295.0
religion,band_c02098,1910,198.0,240.0,42.0
religion,band_c02098,1913,427.0,762.0,335.0
religion,band_c02098,1914,180.0,275.0,95.0
religion,band_c02100,1893,3.0,6.0,3.0
religion,band_c02101,1893,31.0,2.0,-29.0
religion,band_c02102,1893,7.0,4.0,-3.0
religion,band_c02104,1902,111.0,3.0,-108.0
religion,band_c02104,1906,115.0,128.0,13.0
religion,band_c02106,1902,49.0,3.0,-46.0
religion,band_c02116,1893,2.0,51.0,49.0
religion,band_c02119,1902,49.0,1.0,-48.0
religion,band_c02120,1889,105.0,15.0,-90.0
religion,band_c02120,1890,109.0,19.0,-90.0
religion,band_c02120,1891,110.0,16.0,-94.0
religion,band_c02120,1892,110.0,16.0,-94.0
religion,band_c02120,1893,114.0,16.0,-98.0
religion,band_c02120,1913,119.0,203.0,84.0
religion,band_c02120,1914,102.0,32.0,-70.0
religion,band_c02121,1895,84.0,4.0,-80.0
religion,band_c02121,1913,214.0,393.0,179.0
religion,band_c02133,1902,130.0,3.0,-127.0
religion,band_c02134,1893,5.0,4.0,-1.0
religion,band_c02138,1893,1.0,4.0,3.0
religion,band_c02152,1893,1.0,4.0,3.0
religion,band_c02154,1902,66.0,14.0,-52.0
religion,band_c02155,1893,2.0,23.0,21.0
religion,band_c02156,1889,145.0,14.0,-131.0
religion,band_c02156,1890,148.0,10.0,-138.0
religion,band_c02156,1891,152.0,4.0,-148.0
religion,band_c02156,1913,112.0,211.0,99.0
religion,band_c02156,1914,76.0,43.0,-33.0
religion,band_c02158,1913,12.0,23.0,11.0
religion,band_c02162,1893,21.0,23.0,2.0
religion,band_c02166,1910,35.0,364.0,329.0
religion,band_c02166,1913,413.0,703.0,290.0
religion,band_c02167,1914,38.0,402.0,364.0
religion,band_c02168,1902,156.0,3.0,-153.0
religion,band_c02168,1906,157.0,172.0,15.0
religion,band_c02178,1902,73.0,10.0,-63.0
religion,band_c02178,1906,64.0,68.0,4.0
religion,band_c02195,1913,6.0,9.0,3.0
religion,band_c02196,1913,39.0,71.0,32.0
religion,band_c02198,1893,41.0,11.0,-30.0
religion,band_c02205,1901,61.0,49.0,-12.0
religion,band_c02205,1902,63.0,50.0,-13.0
religion,band_c02205,1906,61.0,47.0,-14.0
religion,band_c02209,1902,154.0,4.0,-150.0
religion,band_c02209,1906,153.0,166.0,13.0
religion,band_c02211,1893,1.0,2.0,1.0
religion,band_c02217,1902,166.0,155.0,-11.0
religion,band_c02217,1906,200.0,76.0,-124.0
religion,band_c02218,1893,21.0,2.0,-19.0
religion,band_c02224,1887,846.0,346.0,-500.0
religion,band_c02224,1906,329.0,320.0,-9.0
religion,band_c02224,1913,269.0,865.0,596.0
religion,band_c02224,1914,10.0,278.0,268.0
religion,band_c02236,1891,70.0,55.0,-15.0
religion,band_c02236,1913,102.0,185.0,83.0
religion,band_c02240,1902,67.0,31.0,-36.0
religion,band_c02240,1906,49.0,38.0,-11.0
religion,band_c02241,1893,2.0,8.0,6.0
religion,band_c02252,1893,1.0,3.0,2.0
religion,band_c02261,1906,386.0,81.0,-305.0
religion,band_c02262,1902,362.0,329.0,-33.0
religion,band_c02265,1893,4.0,10.0,6.0
religion,band_c02273,1893,1.0,4.0,3.0
religion,band_c02285,1902,88.0,5.0,-83.0
religion,band_c02286,1913,349.0,642.0,293.0
religion,band_c02296,1893,2.0,8.0,6.0
religion,band_c02307,1893,1.0,2.0,1.0
religion,band_c02312,1905,49.0,65.0,16.0
religion,band_c02316,1893,2.0,3.0,1.0
religion,band_c02317,1893,2.0,5.0,3.0
religion,band_c02335,1893,1.0,3.0,2.0
religion,band_c02367,1902,17.0,2.0,-15.0
religion,band_c02387,1892,159.0,138.0,-21.0
religion,band_c02387,1893,26.0,111.0,85.0
religion,band_c02387,1895,170.0,106.0,-64.0
religion,band_c02387,1896,163.0,108.0,-55.0
religion,band_c02389,1901,6.0,50.0,44.0
religion,band_c02389,1902,56.0,6.0,-50.0
religion,band_c02389,1908,63.0,54.0,-9.0
religion,band_c02394,1893,383.0,1.0,-382.0
religion,band_c02394,1902,476.0,457.0,-19.0
religion,band_c02394,1908,534.0,10.0,-524.0
religion,band_c02394,1929,275.0,673.0,398.0
religion,band_c02395,1908,234.0,290.0,56.0
religion,band_c02395,1909,311.0,361.0,50.0
religion,band_c02396,1904,2.0,247.0,245.0
religion,band_c02398,1902,103.0,33.0,-70.0
religion,band_c02398,1906,103.0,99.0,-4.0
religion,band_c02398,1912,66.0,35.0,-31.0
religion,band_c02399,1892,146.0,139.0,-7.0
religion,band_c02399,1893,11.0,28.0,17.0
religion,band_c02399,1895,123.0,2.0,-121.0
religion,band_c02399,1908,76.0,46.0,-30.0
religion,band_c02399,1913,78.0,75.0,-3.0
religion,band_c02399,1916,78.0,51.0,-27.0
religion,band_c02402,1915,277.0,347.0,70.0
religion,band_c02402,1916,73.0,376.0,303.0
religion,band_c02403,1896,104.0,30.0,-74.0
religion,band_c02404,1892,97.0,39.0,-58.0
religion,band_c02404,1893,61.0,40.0,-21.0
religion,band_c02404,1895,101.0,30.0,-71.0
religion,band_c02404,1896,103.0,26.0,-77.0
religion,band_c02404,1901,52.0,62.0,10.0
religion,band_c02404,1902,103.0,56.0,-47.0
religion,band_c02404,1904,62.0,56.0,-6.0
religion,band_c02404,1908,124.0,59.0,-65.0
religion,band_c02406,1897,852.0,2715.0,1863.0
religion,band_c02406,1898,852.0,115.0,-737.0
religion,band_c02408,1893,4426.0,3319.0,-1107.0
religion,band_c02408,1896,4498.0,2516.0,-1982.0
religion,band_c02408,1904,4482.0,4370.0,-112.0
religion,band_c02408,1905,4512.0,4400.0,-112.0
religion,band_c02413,1916,16.0,114.0,98.0
religion,band_c02416,1896,102.0,7.0,-95.0
religion,band_c02416,1897,102.0,151.0,49.0
religion,band_c02416,1898,109.0,158.0,49.0
religion,band_c02416,1911,103.0,213.0,110.0
religion,band_c02416,1912,102.0,217.0,115.0
religion,band_c02422,1904,124.0,18.0,-106.0
religion,band_c02422,1916,13.0,123.0,110.0
religion,band_c02423,1897,168.0,252.0,84.0
religion,band_c02424,1893,5242.0,3036.0,-2206.0
religion,band_c02424,1896,5658.0,693.0,-4965.0
religion,band_c02424,1909,951.0,1112.0,161.0
religion,band_c02429,1929,179.0,96.0,-83.0
religion,band_c02431,1910,100.0,31.0,-69.0
religion,band_c02431,1912,9545.0,8693.0,-852.0
religion,band_c02431,1913,9699.0,7711.0,-1988.0
religion,band_c02431,1914,9779.0,7765.0,-2014.0
religion,band_c02431,1915,9775.0,7743.0,-2032.0
religion,band_c02431,1916,9962.0,7501.0,-2461.0
religion,band_c02434,1916,67.0,35.0,-32.0
religion,band_c02436,1893,4603.0,4045.0,-558.0
religion,band_c02436,1896,4183.0,3371.0,-812.0
religion,band_c02436,1901,3633.0,3947.0,314.0
religion,band_c02439,1904,138.0,10.0,-128.0
religion,band_c02439,1910,120.0,13.0,-107.0
religion,band_c02440,1896,1226.0,1144.0,-82.0
religion,band_c02440,1910,355.0,275.0,-80.0
religion,band_c02445,1893,97.0,1.0,-96.0
religion,band_c02445,1908,194.0,2.0,-192.0
religion,band_c02445,1916,250.0,28.0,-222.0
religion,band_c02448,1897,4016.0,852.0,-3164.0
religion,band_c02449,1896,17663.0,1526.0,-16137.0
religion,band_c02449,1903,21093.0,17549.0,-3544.0
religion,band_c02449,1905,20850.0,20401.0,-449.0
religion,band_c02452,1893,25.0,74.0,49.0
religion,band_c02452,1895,43.0,12.0,-31.0
religion,band_c02453,1895,2.0,3.0,1.0
religion,band_c02453,1907,319.0,207.0,-112.0
religion,band_c02453,1908,323.0,208.0,-115.0
religion,band_c02459,1910,60.0,56.0,-4.0
religion,band_c02462,1895,91.0,35.0,-56.0
religion,band_c02463,1892,27.0,4.0,-23.0
religion,band_c02466,1913,62.0,67.0,5.0
religion,band_c02467,1892,139.0,291.0,152.0
religion,band_c02467,1895,148.0,143.0,-5.0
religion,band_c02467,1896,151.0,140.0,-11.0
religion,band_c02467,1897,150.0,302.0,152.0
religion,band_c02467,1898,154.0,306.0,152.0
religion,band_c02467,1908,150.0,120.0,-30.0
religion,band_c02467,1929,311.0,436.0,125.0
religion,band_c02469,1915,20.0,109.0,89.0
religion,band_c02471,1896,881.0,143.0,-738.0
religion,band_c02472,1895,71.0,42.0,-29.0
religion,band_c02472,1896,75.0,38.0,-37.0
religion,band_c02472,1901,6.0,70.0,64.0
religion,band_c02472,1902,76.0,6.0,-70.0
religion,band_c02474,1896,1218.0,138.0,-1080.0
religion,band_c02476,1907,54.0,77.0,23.0
religion,band_c02476,1911,30.0,94.0,64.0
religion,band_c02476,1912,34.0,86.0,52.0
religion,band_c02476,1913,34.0,95.0,61.0
religion,band_c02477,1895,58.0,1.0,-57.0
religion,band_c02480,1914,737.0,502.0,-235.0
religion,band_c02480,1915,250.0,484.0,234.0
religion,band_c02487,1910,363.0,186.0,-177.0
religion,band_c02488,1892,126.0,63.0,-63.0
religion,band_c02488,1893,63.0,38.0,-25.0
religion,band_c02488,1895,116.0,12.0,-104.0
religion,band_c02488,1896,114.0,19.0,-95.0
religion,band_c02488,1908,123.0,73.0,-50.0
religion,band_c02488,1916,108.0,47.0,-61.0
religion,band_c02493,1892,51.0,4.0,-47.0
religion,band_c02495,1895,105.0,28.0,-77.0
religion,band_c02495,1906,87.0,69.0,-18.0
religion,band_c02495,1908,91.0,69.0,-22.0
religion,band_c02495,1914,5.0,81.0,76.0
religion,band_c02500,1915,120.0,7.0,-113.0
religion,band_c02501,1910,67.0,49.0,-18.0
religion,band_c02507,1898,400.0,1758.0,1358.0
religion,band_c02508,1910,262.0,212.0,-50.0
religion,band_c02510,1892,207.0,198.0,-9.0
religion,band_c02510,1893,9.0,160.0,151.0
religion,band_c02510,1895,204.0,188.0,-16.0
religion,band_c02510,1896,208.0,193.0,-15.0
religion,band_c02510,1901,4.0,226.0,222.0
religion,band_c02510,1904,3.0,186.0,183.0
religion,band_c02513,1912,59.0,56.0,-3.0
religion,band_c02516,1892,198.0,17.0,-181.0
religion,band_c02516,1893,187.0,10.0,-177.0
religion,band_c02516,1895,212.0,4.0,-208.0
religion,band_c02516,1896,223.0,6.0,-217.0
religion,band_c02516,1901,181.0,46.0,-135.0
religion,band_c02516,1904,185.0,24.0,-161.0
religion,band_c02516,1916,210.0,43.0,-167.0
religion,band_c02517,1897,1000.0,1.0,-999.0
religion,band_c02517,1898,1000.0,1.0,-999.0
religion,band_c02518,1916,65.0,125.0,60.0
religion,band_c02523,1915,62.0,308.0,246.0
religion,band_c02527,1895,169.0,28.0,-141.0
religion,band_c02527,1898,201.0,66.0,-135.0
religion,band_c02527,1908,273.0,357.0,84.0
religion,band_c02529,1892,154.0,33.0,-121.0
religion,band_c02529,1893,116.0,1.0,-115.0
religion,band_c02529,1898,134.0,144.0,10.0
religion,band_c02529,1901,6.0,130.0,124.0
religion,band_c02529,1902,127.0,83.0,-44.0
religion,band_c02529,1904,4.0,131.0,127.0
religion,band_c02529,1908,132.0,126.0,-6.0
religion,band_c02529,1916,5.0,162.0,157.0
religion,band_c02531,1896,14679.0,6580.0,-8099.0
religion,band_c02531,1899,16993.0,14456.0,-2537.0
religion,band_c02531,1903,17649.0,14137.0,-3512.0
religion,band_c02531,1904,17561.0,13749.0,-3812.0
religion,band_c02531,1905,17493.0,13908.0,-3585.0
religion,band_c02531,1912,12953.0,5813.0,-7140.0
religion,band_c02531,1914,3589.0,2326.0,-1263.0
religion,band_c02531,1915,320.0,6002.0,5682.0
religion,band_c02531,1916,3579.0,2100.0,-1479.0
religion,band_c02531,1917,3579.0,2100.0,-1479.0
religion,band_c02532,1892,226.0,116.0,-110.0
religion,band_c02532,1893,127.0,83.0,-44.0
religion,band_c02532,1895,228.0,93.0,-135.0
religion,band_c02532,1896,222.0,89.0,-133.0
religion,band_c02532,1900,230.0,307.0,77.0
religion,band_c02532,1901,2.0,89.0,87.0
religion,band_c02532,1904,31.0,50.0,19.0
religion,band_c02532,1905,79.0,166.0,87.0
religion,band_c02532,1907,82.0,87.0,5.0
religion,band_c02532,1909,87.0,101.0,14.0
religion,band_c02532,1910,115.0,202.0,87.0
religion,band_c02532,1914,44.0,53.0,9.0
religion,band_c02532,1916,45.0,51.0,6.0
religion,band_c02532,1929,81.0,77.0,-4.0
religion,band_c02534,1895,161.0,64.0,-97.0
religion,band_c02534,1896,161.0,66.0,-95.0
religion,band_c02534,1904,4.0,229.0,225.0
religion,band_c02534,1908,549.0,219.0,-330.0
religion,band_c02534,1911,188.0,258.0,70.0
religion,band_c02536,1916,1.0,311.0,310.0
religion,band_c02539,1892,83.0,15.0,-68.0
religion,band_c02539,1893,69.0,22.0,-47.0
religion,band_c02539,1901,108.0,30.0,-78.0
religion,band_c02539,1902,115.0,100.0,-15.0
religion,band_c02541,1895,354.0,346.0,-8.0
religion,band_c02541,1904,1.0,340.0,339.0
religion,band_c02541,1909,220.0,241.0,21.0
religion,band_c02544,1895,236.0,228.0,-8.0
religion,band_c02544,1896,226.0,218.0,-8.0
religion,band_c02544,1910,211.0,78.0,-133.0
religion,band_c02546,1892,30.0,25.0,-5.0
religion,band_c02546,1895,24.0,19.0,-5.0
religion,band_c02546,1896,29.0,23.0,-6.0
religion,band_c02548,1912,5420.0,3656.0,-1764.0
religion,band_c02548,1914,8281.0,5467.0,-2814.0
religion,band_c02548,1915,8500.0,6407.0,-2093.0
religion,band_c02548,1916,8682.0,5531.0,-3151.0
religion,band_c02549,1893,2.0,92.0,90.0
religion,band_c02549,1895,126.0,102.0,-24.0
religion,band_c02549,1896,130.0,101.0,-29.0
religion,band_c02549,1901,4.0,137.0,133.0
religion,band_c02549,1909,134.0,143.0,9.0
religion,band_c02549,1916,8.0,171.0,163.0
religion,band_c02551,1896,1410.0,1259.0,-151.0
religion,band_c02551,1906,1181.0,1031.0,-150.0
religion,band_c02551,1910,1149.0,300.0,-849.0
religion,band_c02551,1914,1154.0,300.0,-854.0
religion,band_c02551,1915,278.0,860.0,582.0
religion,band_c02552,1895,23.0,20.0,-3.0
religion,band_c02555,1914,145.0,103.0,-42.0
religion,band_c02557,1896,893.0,54.0,-839.0
religion,band_c02560,1892,102.0,92.0,-10.0
religion,band_c02560,1895,43.0,2.0,-41.0
religion,band_c02560,1896,20.0,4.0,-16.0
religion,band_c02564,1895,29.0,28.0,-1.0
religion,band_c02564,1906,29.0,23.0,-6.0
religion,band_c02564,1908,103.0,71.0,-32.0
religion,band_c02564,1914,4.0,21.0,17.0
religion,band_c02566,1895,101.0,27.0,-74.0
religion,band_c02573,1915,118.0,270.0,152.0
religion,band_c02576,1902,52.0,13.0,-39.0
religion,band_c02576,1914,68.0,18.0,-50.0
religion,band_c02577,1892,130.0,66.0,-64.0
religion,band_c02577,1893,21.0,92.0,71.0
religion,band_c02577,1895,119.0,102.0,-17.0
religion,band_c02577,1896,126.0,99.0,-27.0
religion,band_c02577,1904,2.0,94.0,92.0
religion,band_c02578,1892,69.0,26.0,-43.0
religion,band_c02578,1893,41.0,1.0,-40.0
religion,band_c02589,1892,132.0,122.0,-10.0
religion,band_c02589,1893,15.0,102.0,87.0
religion,band_c02589,1895,131.0,97.0,-34.0
religion,band_c02589,1896,133.0,125.0,-8.0
religion,band_c02590,1892,143.0,36.0,-107.0
religion,band_c02590,1893,109.0,15.0,-94.0
religion,band_c02590,1895,129.0,3.0,-126.0
religion,band_c02590,1896,136.0,7.0,-129.0
religion,band_c02592,1914,1.0,182.0,181.0
religion,band_c02602,1910,30.0,7.0,-23.0
religion,band_c02604,1892,190.0,172.0,-18.0
religion,band_c02604,1911,212.0,256.0,44.0
religion,band_c02604,1912,214.0,259.0,45.0
religion,band_c02604,1913,208.0,253.0,45.0
religion,band_c02605,1893,14.0,152.0,138.0
religion,band_c02605,1895,238.0,211.0,-27.0
religion,band_c02605,1896,211.0,184.0,-27.0
religion,band_c02607,1895,5.0,11.0,6.0
religion,band_c02608,1914,12.0,124.0,112.0
religion,band_c02608,1916,14.0,175.0,161.0
religion,band_c02614,1895,73.0,46.0,-27.0
religion,band_c02614,1896,74.0,38.0,-36.0
religion,band_c02615,1895,7.0,4.0,-3.0
religion,band_c02615,1916,73.0,201.0,128.0
religion,band_c02617,1906,230.0,171.0,-59.0
religion,band_c02617,1914,188.0,95.0,-93.0
religion,band_c02617,1915,76.0,117.0,41.0
religion,band_c02620,1892,153.0,394.0,241.0
religion,band_c02620,1893,76.0,16.0,-60.0
religion,band_c02620,1908,310.0,245.0,-65.0
religion,band_c02620,1912,183.0,188.0,5.0
religion,band_c02620,1913,188.0,73.0,-115.0
religion,band_c02620,1914,52.0,163.0,111.0
religion,band_c02621,1895,68.0,28.0,-40.0
religion,band_c02621,1906,105.0,67.0,-38.0
religion,band_c02621,1914,7.0,60.0,53.0
religion,band_c02622,1893,558.0,3.0,-555.0
religion,band_c02623,1892,110.0,60.0,-50.0
religion,band_c02623,1893,49.0,43.0,-6.0
religion,band_c02623,1895,81.0,36.0,-45.0
religion,band_c02623,1896,75.0,39.0,-36.0
religion,band_c02623,1900,65.0,109.0,44.0
religion,band_c02624,1896,25068.0,3171.0,-21897.0
religion,band_c02624,1898,24973.0,22473.0,-2500.0
religion,band_c02624,1903,25582.0,22082.0,-3500.0
religion,band_c02624,1905,25142.0,21642.0,-3500.0
religion,band_c02625,1904,156.0,21.0,-135.0
religion,band_c02625,1910,141.0,13.0,-128.0
religion,band_c02626,1904,153.0,19.0,-134.0
religion,band_c02632,1899,2600.0,2400.0,-200.0
religion,band_c02632,1900,2600.0,2400.0,-200.0
religion,band_c02634,1899,89.0,4.0,-85.0
religion,band_c02634,1906,54.0,77.0,23.0
religion,band_c02634,1908,57.0,70.0,13.0
religion,band_c02634,1909,59.0,88.0,29.0
religion,band_c02634,1910,62.0,93.0,31.0
religion,band_c02638,1912,541.0,572.0,31.0
religion,band_c02640,1904,71.0,8.0,-63.0
religion,band_c02641,1910,256.0,231.0,-25.0
religion,band_c02643,1914,12.0,198.0,186.0
religion,band_c02647,1895,38.0,29.0,-9.0
religion,band_c02653,1914,1.0,79.0,78.0
religion,band_c02657,1892,241.0,156.0,-85.0
religion,band_c02657,1893,137.0,122.0,-15.0
religion,band_c02657,1895,281.0,114.0,-167.0
religion,band_c02657,1896,275.0,105.0,-170.0
religion,band_c02657,1900,316.0,299.0,-17.0
religion,band_c02657,1901,75.0,269.0,194.0
religion,band_c02657,1904,62.0,200.0,138.0
religion,band_c02658,1898,83.0,736.0,653.0
religion,band_c02660,1898,168.0,379.0,211.0
religion,band_c02660,1900,196.0,407.0,211.0
religion,band_c02660,1901,120.0,268.0,148.0
religion,band_c02660,1902,376.0,132.0,-244.0
religion,band_c02662,1904,68.0,60.0,-8.0
religion,band_c02663,1892,61.0,58.0,-3.0
religion,band_c02663,1893,1.0,56.0,55.0
religion,band_c02663,1895,56.0,54.0,-2.0
religion,band_c02663,1896,59.0,56.0,-3.0
religion,band_c02670,1892,173.0,148.0,-25.0
religion,band_c02670,1893,25.0,2.0,-23.0
religion,band_c02670,1895,148.0,1.0,-147.0
religion,band_c02672,1893,155.0,1.0,-154.0
religion,band_c02672,1895,160.0,17.0,-143.0
religion,band_c02672,1901,130.0,54.0,-76.0
religion,band_c02672,1904,114.0,86.0,-28.0
religion,band_c02672,1908,199.0,59.0,-140.0
religion,band_c02672,1916,150.0,103.0,-47.0
religion,band_c02673,1895,3.0,12.0,9.0
religion,band_c02674,1914,0.0,29.0,29.0
religion,band_c02675,1901,5.0,112.0,107.0
religion,band_c02675,1904,5.0,99.0,94.0
religion,band_c02676,1914,7.0,156.0,149.0
religion,band_c02677,1913,90.0,100.0,10.0
religion,band_c02678,1895,87.0,56.0,-31.0
religion,band_c02678,1904,1.0,68.0,67.0
religion,band_c02679,1895,82.0,47.0,-35.0
religion,band_c02680,1914,20.0,109.0,89.0
religion,band_c02681,1895,173.0,28.0,-145.0
religion,band_c02681,1896,171.0,24.0,-147.0
religion,band_c02681,1897,178.0,522.0,344.0
religion,band_c02681,1899,249.0,615.0,366.0
religion,band_c02681,1900,253.0,851.0,598.0
religion,band_c02685,1895,2600.0,2000.0,-600.0
religion,band_c02685,1896,2600.0,2000.0,-600.0
religion,band_c02686,1895,111.0,28.0,-83.0
religion,band_c02686,1906,135.0,131.0,-4.0
religion,band_c02686,1908,145.0,141.0,-4.0
religion,band_c02686,1914,11.0,212.0,201.0
religion,band_c02686,1916,11.0,176.0,165.0
religion,band_c02687,1914,0.0,309.0,309.0
religion,band_c02688,1895,68.0,42.0,-26.0
religion,band_c02688,1896,68.0,42.0,-26.0
religion,band_c02688,1913,78.0,75.0,-3.0
religion,band_c02704,1896,80.0,47.0,-33.0
religion,band_c02705,1906,493.0,425.0,-68.0
religion,band_c02705,1910,462.0,208.0,-254.0
religion,band_c02705,1912,435.0,196.0,-239.0
religion,band_c02705,1914,436.0,344.0,-92.0
religion,band_c02705,1915,196.0,228.0,32.0
religion,band_c02706,1895,56.0,43.0,-13.0
religion,band_c02706,1896,56.0,42.0,-14.0
religion,band_c02708,1892,114.0,108.0,-6.0
religion,band_c02708,1893,4.0,98.0,94.0
religion,band_c02708,1895,121.0,100.0,-21.0
religion,band_c02708,1896,121.0,101.0,-20.0
religion,band_c02709,1892,97.0,13.0,-84.0
religion,band_c02709,1893,82.0,1.0,-81.0
religion,band_c02711,1901,17.0,145.0,128.0
religion,band_c02711,1902,115.0,27.0,-88.0
religion,band_c02711,1904,23.0,137.0,114.0
religion,band_c02718,1916,2.0,134.0,132.0
religion,band_c02721,1892,317.0,28.0,-289.0
religion,band_c02721,1893,289.0,2.0,-287.0
religion,band_c02723,1904,12.0,138.0,126.0
religion,band_c02724,1901,22.0,99.0,77.0
religion,band_c02724,1909,133.0,152.0,19.0
religion,band_c02724,1916,4.0,151.0,147.0
religion,band_c02728,1895,142.0,66.0,-76.0
religion,band_c02731,1910,200.0,585.0,385.0
religion,band_c02735,1908,112.0,107.0,-5.0
religion,band_c02735,1914,12.0,184.0,172.0
religion,band_c02738,1892,118.0,18.0,-100.0
religion,band_c02738,1893,98.0,9.0,-89.0
religion,band_c02738,1895,137.0,6.0,-131.0
religion,band_c02738,1896,143.0,7.0,-136.0
religion,band_c02738,1908,159.0,51.0,-108.0
religion,band_c02738,1916,118.0,52.0,-66.0
religion,band_c02740,1895,51.0,49.0,-2.0
religion,band_c02740,1896,50.0,48.0,-2.0
religion,band_c02740,1912,31.0,41.0,10.0
religion,band_c02742,1892,177.0,121.0,-56.0
religion,band_c02742,1893,56.0,20.0,-36.0
religion,band_c02742,1895,162.0,7.0,-155.0
religion,band_c02742,1896,155.0,32.0,-123.0
religion,band_c02742,1908,117.0,77.0,-40.0
religion,band_c02742,1916,40.0,46.0,6.0
religion,band_c02744,1906,432.0,282.0,-150.0
religion,band_c02744,1910,413.0,240.0,-173.0
religion,band_c02748,1892,138.0,124.0,-14.0
religion,band_c02748,1895,173.0,2.0,-171.0
religion,band_c02748,1896,175.0,2.0,-173.0
religion,band_c02748,1902,160.0,1.0,-159.0
religion,band_c02748,1912,195.0,105.0,-90.0
religion,band_c02753,1892,138.0,44.0,-94.0
religion,band_c02753,1893,95.0,41.0,-54.0
religion,band_c02753,1895,133.0,27.0,-106.0
religion,band_c02753,1896,127.0,34.0,-93.0
religion,band_c02753,1901,101.0,21.0,-80.0
religion,band_c02753,1902,107.0,99.0,-8.0
religion,band_c02753,1904,204.0,36.0,-168.0
religion,band_c02753,1908,236.0,2.0,-234.0
religion,band_c02753,1909,246.0,275.0,29.0
religion,band_c02753,1913,231.0,251.0,20.0
religion,band_c02753,1916,243.0,27.0,-216.0
religion,band_c02764,1904,125.0,65.0,-60.0
religion,band_c02775,1916,12.0,155.0,143.0
religion,band_c02776,1908,219.0,19.0,-200.0
religion,band_c02780,1892,63.0,59.0,-4.0
religion,band_c02793,1892,140.0,4.0,-136.0
religion,band_c02793,1893,131.0,1.0,-130.0
religion,band_c02793,1901,128.0,16.0,-112.0
religion,band_c02793,1904,143.0,15.0,-128.0
religion,band_c02793,1908,148.0,1.0,-147.0
religion,band_c02793,1909,149.0,161.0,12.0
religion,band_c02793,1916,159.0,19.0,-140.0
religion,band_c02794,1892,152.0,126.0,-26.0
religion,band_c02794,1895,145.0,68.0,-77.0
religion,band_c02794,1896,146.0,67.0,-79.0
religion,band_c02797,1893,57.0,2.0,-55.0
religion,band_c02797,1903,75.0,72.0,-3.0
religion,band_c02800,1892,112.0,89.0,-23.0
religion,band_c02800,1893,15.0,23.0,8.0
religion,band_c02800,1895,105.0,15.0,-90.0
religion,band_c02800,1896,107.0,27.0,-80.0
religion,band_c02800,1916,35.0,115.0,80.0
religion,band_c02801,1892,66.0,6.0,-60.0
religion,band_c02803,1892,123.0,119.0,-4.0
religion,band_c02803,1893,10.0,103.0,93.0
religion,band_c02803,1895,122.0,97.0,-25.0
religion,band_c02803,1896,117.0,103.0,-14.0
religion,band_c02803,1901,2.0,122.0,120.0
religion,band_c02803,1904,2.0,112.0,110.0
religion,band_c02804,1892,101.0,96.0,-5.0
religion,band_c02804,1893,5.0,65.0,60.0
religion,band_c02804,1895,107.0,64.0,-43.0
religion,band_c02804,1896,109.0,63.0,-46.0
religion,band_c02804,1904,8.0,101.0,93.0
religion,band_c02804,1909,101.0,110.0,9.0
religion,band_c02808,1892,121.0,139.0,18.0
religion,band_c02808,1893,8.0,1.0,-7.0
religion,band_c02808,1896,130.0,6.0,-124.0
religion,band_c02808,1908,106.0,98.0,-8.0
religion,band_c02808,1916,20.0,103.0,83.0
religion,band_c02812,1895,12.0,5.0,-7.0
religion,band_c02815,1893,1.0,109.0,108.0
religion,band_c02815,1895,125.0,114.0,-11.0
religion,band_c02815,1896,133.0,121.0,-12.0
religion,band_c02815,1904,1.0,212.0,211.0
religion,band_c02815,1908,198.0,185.0,-13.0
religion,band_c02815,1914,3.0,246.0,243.0
religion,band_c02815,1916,3.0,256.0,253.0
religion,band_c02818,1892,219.0,193.0,-26.0
religion,band_c02819,1914,10241.0,242.0,-9999.0
religion,band_c02822,1914,10129.0,130.0,-9999.0
religion,band_c02823,1892,150.0,122.0,-28.0
religion,band_c02823,1893,18.0,19.0,1.0
religion,band_c02823,1895,149.0,21.0,-128.0
religion,band_c02823,1896,158.0,22.0,-136.0
religion,band_c02823,1901,1.0,175.0,174.0
religion,band_c02823,1904,6.0,199.0,193.0
religion,band_c02823,1913,212.0,576.0,364.0
religion,band_c02830,1909,81.0,91.0,10.0
religion,band_c02836,1892,26.0,25.0,-1.0
religion,band_c02836,1893,1.0,2.0,1.0
religion,band_c02836,1895,21.0,2.0,-19.0
religion,band_c02836,1896,21.0,1.0,-20.0
religion,band_c02836,1901,3.0,33.0,30.0
religion,band_c02836,1902,25.0,4.0,-21.0
religion,band_c02836,1904,4.0,27.0,23.0
religion,band_c02836,1908,28.0,23.0,-5.0
religion,band_c02836,1909,20.0,22.0,2.0
religion,band_c02843,1893,85.0,1.0,-84.0
religion,band_c02843,1915,72.0,79.0,7.0
religion,band_c02843,1916,1.0,83.0,82.0
religion,band_c02844,1893,14.0,31.0,17.0
religion,band_c02848,1896,9444.0,3200.0,-6244.0
religion,band_c02848,1898,6716.0,4502.0,-2214.0
religion,band_c02850,1908,130.0,93.0,-37.0
religion,band_c02854,1895,74.0,63.0,-11.0
religion,band_c02854,1896,70.0,56.0,-14.0
religion,band_c02856,1904,3.0,114.0,111.0
religion,band_c02856,1908,117.0,101.0,-16.0
religion,band_c02860,1912,598.0,298.0,-300.0
religion,band_c02864,1910,98.0,38.0,-60.0
religion,band_c02867,1892,178.0,113.0,-65.0
religion,band_c02867,1893,38.0,40.0,2.0
religion,band_c02867,1895,181.0,84.0,-97.0
religion,band_c02867,1896,173.0,42.0,-131.0
religion,band_c02871,1892,276.0,89.0,-187.0
religion,band_c02871,1893,162.0,11.0,-151.0
religion,band_c02871,1896,296.0,6.0,-290.0
religion,band_c02871,1910,423.0,407.0,-16.0
religion,band_c02873,1904,392.0,66.0,-326.0
religion,band_c02873,1910,399.0,49.0,-350.0
religion,band_c02877,1892,231.0,205.0,-26.0
religion,band_c02877,1893,11.0,173.0,162.0
religion,band_c02877,1895,217.0,184.0,-33.0
religion,band_c02877,1896,215.0,182.0,-33.0
religion,band_c02878,1898,10677.0,7952.0,-2725.0
religion,band_c02878,1903,11066.0,8122.0,-2944.0
religion,band_c02878,1905,11218.0,8247.0,-2971.0
religion,band_c02882,1914,10289.0,290.0,-9999.0
religion,band_c02884,1892,272.0,115.0,-157.0
religion,band_c02884,1893,138.0,119.0,-19.0
religion,band_c02884,1895,278.0,107.0,-171.0
religion,band_c02884,1896,278.0,113.0,-165.0
religion,band_c02884,1901,1.0,220.0,219.0
religion,band_c02884,1904,1.0,281.0,280.0
religion,band_c02884,1908,22.0,252.0,230.0
religion,band_c02884,1909,251.0,279.0,28.0
religion,band_c02885,1901,146.0,37.0,-109.0
religion,band_c02934,1887,375.0,150.0,-225.0
religion,band_c02934,1888,375.0,150.0,-225.0
religion,band_c02934,1889,375.0,150.0,-225.0
religion,band_c02934,1890,375.0,150.0,-225.0
religion,band_c02934,1891,375.0,150.0,-225.0
religion,band_c02934,1893,410.0,156.0,-254.0
religion,band_c02934,1902,454.0,635.0,181.0
religion,band_c02934,1906,66.0,709.0,643.0
religion,band_c02936,1914,198.0,57.0,-141.0
religion,band_c02936,1915,198.0,51.0,-147.0
religion,band_c02941,1902,465.0,405.0,-60.0
religion,band_c02948,1910,141.0,245.0,104.0
religion,band_c02953,1891,304.0,34.0,-270.0
religion,band_c02959,1906,395.0,434.0,39.0
religion,band_c02959,1910,431.0,2323.0,1892.0
religion,band_c02959,1914,2234.0,3703.0,1469.0
religion,band_c02963,1897,1.0,579.0,578.0
religion,band_c02963,1899,10690.0,7965.0,-2725.0
religion,band_c02963,1904,11149.0,8205.0,-2944.0
religion,band_c02963,1907,11380.0,8436.0,-2944.0
religion,band_c02963,1913,12842.0,9045.0,-3797.0
religion,band_c02963,1914,12935.0,9102.0,-3833.0
religion,band_c02963,1915,13174.0,9055.0,-4119.0
religion,band_c02963,1916,13348.0,9234.0,-4114.0
religion,band_c02963,1917,13366.0,9252.0,-4114.0
religion,band_c02970,1906,7.0,1447.0,1440.0
religion,band_c02976,1902,306.0,612.0,306.0
religion,band_c02978,1898,353.0,153.0,-200.0
religion,band_c02978,1929,50.0,510.0,460.0
religion,band_c02980,1906,393.0,408.0,15.0
religion,band_c02987,1887,402.0,392.0,-10.0
religion,band_c02987,1888,459.0,447.0,-12.0
religion,band_c02987,1889,384.0,362.0,-22.0
religion,band_c02987,1890,414.0,360.0,-54.0
religion,band_c02987,1891,403.0,357.0,-46.0
religion,band_c02987,1892,399.0,328.0,-71.0
religion,band_c02987,1893,423.0,368.0,-55.0
religion,band_c02987,1902,30.0,984.0,954.0
religion,band_c02987,1906,551.0,800.0,249.0
religion,band_c02993,1906,229.0,248.0,19.0
religion,band_c03005,1902,377.0,754.0,377.0
religion,band_c03007,1902,40.0,80.0,40.0
religion,band_c03007,1906,43.0,47.0,4.0
religion,band_c03017,1902,2017.0,3999.0,1982.0
religion,band_c03017,1906,2141.0,5971.0,3830.0
religion,band_c03021,1888,330.0,289.0,-41.0
religion,band_c03021,1889,339.0,264.0,-75.0
religion,band_c03021,1890,366.0,300.0,-66.0
religion,band_c03021,1891,377.0,307.0,-70.0
religion,band_c03021,1892,378.0,309.0,-69.0
religion,band_c03021,1893,372.0,304.0,-68.0
religion,band_c03021,1904,327.0,315.0,-12.0
religion,band_c03021,1905,280.0,253.0,-27.0
religion,band_c03021,1906,336.0,426.0,90.0
religion,band_c03021,1907,330.0,308.0,-22.0
religion,band_c03031,1914,115.0,652.0,537.0
religion,band_c03032,1902,476.0,952.0,476.0
religion,band_c03032,1906,490.0,1361.0,871.0
religion,band_c03039,1902,40.0,80.0,40.0
religion,band_c03044,1887,1150.0,1065.0,-85.0
religion,band_c03044,1888,1179.0,1091.0,-88.0
religion,band_c03044,1889,1172.0,1100.0,-72.0
religion,band_c03044,1890,1190.0,1110.0,-80.0
religion,band_c03044,1891,1202.0,1117.0,-85.0
religion,band_c03044,1893,1264.0,1170.0,-94.0
religion,band_c03044,1902,1386.0,2622.0,1236.0
religion,band_c03044,1906,1431.0,4991.0,3560.0
religion,band_c03045,1906,6.0,307.0,301.0
religion,band_c03046,1902,1.32,264.0,262.68
religion,band_c03047,1902,101.0,202.0,101.0
religion,band_c03047,1906,107.0,112.0,5.0
religion,band_c03049,1906,12.0,4576.0,4564.0
religion,band_c03053,1906,175.0,14392.0,14217.0
religion,band_c03055,1906,30.0,953.0,923.0
religion,band_c03055,1910,10.0,404.0,394.0
religion,band_c03057,1906,22.0,6128.0,6106.0
religion,band_c03059,1906,20.0,1573.0,1553.0
religion,band_c03062,1902,4.58,908.0,903.42
religion,band_c03062,1906,461.0,512.0,51.0
religion,band_c03062,1910,1.0,487.0,486.0
religion,band_c03065,1906,3.0,1645.0,1642.0
religion,band_c03067,1906,4.0,91.0,87.0
religion,band_c03068,1902,105.0,210.0,105.0
religion,band_c03068,1906,104.0,116.0,12.0
religion,band_c03071,1902,465.0,405.0,-60.0
religion,band_c03071,1906,499.0,1224.0,725.0
religion,band_c03073,1906,16.0,9167.0,9151.0
religion,band_c03082,1906,111.0,2627.0,2516.0
religion,band_c03091,1906,23.0,617.0,594.0
religion,band_c03092,1910,49.0,534.0,485.0
religion,band_c03099,1902,205.0,410.0,205.0
religion,band_c03106,1902,43.0,86.0,43.0
religion,band_c03106,1906,76.0,86.0,10.0
religion,band_c03174,1913,123.0,150.0,27.0
religion,band_c03233,1917,4821.0,2448.0,-2373.0
religion,band_c03235,1914,61.0,30.0,-31.0
religion,band_c03245,1916,57.0,135.0,78.0
religion,band_c03251,1924,180.0,174.0,-6.0
religion,band_c03272,1912,3403.0,1017.0,-2386.0
religion,band_c03305,1910,30.0,23.0,-7.0
religion,band_c03312,1910,70.0,66.0,-4.0
religion,band_c03322,1910,78.0,46.0,-32.0
religion,band_c03326,1901,2600.0,2400.0,-200.0
religion,band_c03329,1914,1528.0,1015.0,-513.0
religion,band_c03329,1915,915.0,1115.0,200.0
religion,band_c03329,1916,1528.0,1015.0,-513.0
religion,band_c03329,1917,1528.0,1015.0,-513.0
religion,band_c03341,1910,95.0,74.0,-21.0
religion,band_c03344,1910,115.0,70.0,-45.0
religion,band_c03345,1910,55.0,50.0,-5.0
religion,band_c03346,1910,96.0,91.0,-5.0
religion,band_c03356,1929,60.0,30.0,-30.0
religion,band_c03363,1924,43.0,48.0,5.0
