ALCODE,ALTYPE,JUR1,NAME1,NID,m_name,m_no
06210,Indian Reserve,ON,AKWESASNE RESERVE NO. 59,751542ecba2a11d892e2080020a0f4c9,AKWESASNE,59
06225,Indian Reserve,ON,SIX NATIONS INDIAN RESERVE NO. 40,b1d0e36cba2611d892e2080020a0f4c9,SIX NATIONS,40
06718,Indian Reserve,AB,FORT MCKAY INDIAN RESERVE NO. 174,062c0d4fbbe311d892e2080020a0f4c9,FORT MCKAY,174
06705,Indian Reserve,AB,CHIPEWYAN 201A,05c33958bbe311d892e2080020a0f4c9,CHIPEWYAN,201A
07477,Indian Reserve,BC,FORT GEORGE 2,5fd8db24ba3511d892e2080020a0f4c9,FORT GEORGE,2
06190,Indian Reserve,ON,MUNSEE-DELAWARE NATION NO. 1,6b420b5bba2b11d892e2080020a0f4c9,MUNSEE-DELAWARE NATION,1
09631,Indian Reserve,MB,ROLLING RIVER 67A,8a75f2aaffb211dda89a080020a0f4c9,ROLLING RIVER,67A
06996,Indian Reserve,BC,MAHPAHKUM 4,0c8e1d4dba3611d892e2080020a0f4c9,MAHPAHKUM,4
06065,Indian Reserve,NS,WHYCOCOMAGH INDIAN RESERVE NO. 2,b8c4799faffd11d892e2080020a0f4c9,WHYCOCOMAGH,2
10262,Indian Reserve,MB,BON ESP #1,351118c5ac4d423e86a471f3aafd352f,BON ESP #1,
07005,Indian Reserve,BC,TSAI-KWI-EE 13,0d760c56ba3611d892e2080020a0f4c9,TSAI-KWI-EE,13
06017,Indian Reserve,NB,OROMOCTO INDIAN RESERVE NO. 26,e961c050bbe211d892e2080020a0f4c9,OROMOCTO,26
07002,Indian Reserve,BC,OWH-WIS-TOO-A-WAN 10,0d2b20a3ba3611d892e2080020a0f4c9,OWH-WIS-TOO-A-WAN,10
10195,Indian Reserve,MB,LONG PLAIN,f9ffcac0ee364663bc9d13d8a44a6dc5,LONG PLAIN,
06192,Indian Reserve,ON,WALPOLE ISLAND INDIAN RESERVE NO. 46,efe6ca68ba2711d892e2080020a0f4c9,WALPOLE ISLAND,46
09649,Indian Reserve,AB,THABACHA NÁRE INDIAN RESERVE NO. 196A,55b5cf07ffb311dda89a080020a0f4c9,THABACHA NARE,196A
06919,Indian Reserve,BC,KLEHKOOT 2,f5cceab3ba3511d892e2080020a0f4c9,KLEHKOOT,2
07006,Indian Reserve,BC,KO-KWI-ISS 14,0d894637ba3611d892e2080020a0f4c9,KO-KWI-ISS,14
08026,Indian Reserve,BC,BARNSTON ISLAND 3,79589197ba3511d892e2080020a0f4c9,BARNSTON ISLAND,3
07421,Indian Reserve,BC,TSINSTIKEPTUM INDIAN RESERVE NO. 10,e3414c86ba3511d892e2080020a0f4c9,TSINSTIKEPTUM,10
07097,Indian Reserve,BC,DEAD POINT 5,1bced62eba3611d892e2080020a0f4c9,DEAD POINT,5
06841,Indian Reserve,BC,CHATHAM ISLANDS 4,fddcd22cba3511d892e2080020a0f4c9,CHATHAM ISLANDS,4
07550,Indian Reserve,BC,NEHOUNLEE LAKE 13,4ddb7d9aba3611d892e2080020a0f4c9,NEHOUNLEE LAKE,13
07085,Indian Reserve,BC,EHATIS 11,095623b3ba3611d892e2080020a0f4c9,EHATIS,11
07552,Indian Reserve,BC,CARRIER LAKE 15,4cd5a650ba3611d892e2080020a0f4c9,CARRIER LAKE,15
07547,Indian Reserve,BC,STUART LAKE 9,4da99828ba3611d892e2080020a0f4c9,STUART LAKE,9
07432,Indian Reserve,BC,LOWER KOOTENAY 1C,2d8f5d12ba3611d892e2080020a0f4c9,LOWER KOOTENAY,1C
06642,Indian Reserve,AB,"STONEY 142, 143, 144",00858489bbe311d892e2080020a0f4c9,"STONEY 142, 143,",144
07546,Indian Reserve,BC,BEAVER ISLANDS 8,4ce9a381ba3611d892e2080020a0f4c9,BEAVER ISLANDS,8
07094,Indian Reserve,BC,FREDA POINT 4,1b6258bbba3611d892e2080020a0f4c9,FREDA POINT,4
07540,Indian Reserve,BC,TATSELAWAS 2,4d4afd65ba3611d892e2080020a0f4c9,TATSELAWAS,2
07553,Indian Reserve,BC,GREAT BEAR LAKE 16,4cbca00fba3611d892e2080020a0f4c9,GREAT BEAR LAKE,16
07551,Indian Reserve,BC,TATSADAH LAKE 14,4d5dc216ba3611d892e2080020a0f4c9,TATSADAH LAKE,14
07092,Indian Reserve,BC,KEOGH 2,1b31d2d9ba3611d892e2080020a0f4c9,KEOGH,2
07095,Indian Reserve,BC,SIM CREEK 5,1b85e64cba3611d892e2080020a0f4c9,SIM CREEK,5
07096,Indian Reserve,BC,AHNUHATI 6,1ba15d8dba3611d892e2080020a0f4c9,AHNUHATI,6
07093,Indian Reserve,BC,KWATSE 3,1b43fb4aba3611d892e2080020a0f4c9,KWATSE,3
06321,Indian Reserve,ON,KITCHENUHMAYKOOSIB AAKI NO. 84,47618404ba2c11d892e2080020a0f4c9,KITCHENUHMAYKOOSIB AAKI,84
06711,Indian Reserve,AB,CHIPEWYAN 201G,0623cfeebbe311d892e2080020a0f4c9,CHIPEWYAN,201G
07431,Indian Reserve,BC,LOWER KOOTENAY 1B,2d798b21ba3611d892e2080020a0f4c9,LOWER KOOTENAY,1B
06875,Indian Reserve,BC,ESOWISTA 3,eb8b2fefba3511d892e2080020a0f4c9,ESOWISTA,3
06710,Indian Reserve,AB,CHIPEWYAN 201F,05e2f65dbbe311d892e2080020a0f4c9,CHIPEWYAN,201F
09539,Indian Reserve,SK,STAR BLANKET I.R. 83D,6c9ebc20849c20c37b31038a5c053c61,STAR BLANKET,83D
10069,Indian Reserve,SK,SAULTEAUX FIRST NATION RESERVE NO. 159NN,f6c77cdef4114c21a25ab12708c719fc,SAULTEAUX FIRST NATION,159NN
06706,Indian Reserve,AB,CHIPEWYAN 201B,05ca6549bbe311d892e2080020a0f4c9,CHIPEWYAN,201B
00099,Indian Reserve,MB,CLEAR LAKE 61A,20e8b7e76f2c47aa87bd150ba6f3702e,CLEAR LAKE,61A
09036,Indian Reserve,ON,CHAPLEAU CREE FOX LAKE INDIAN RESERVE,f7b90f3bba2b11d892e2080020a0f4c9,CHAPLEAU CREE FOX LAKE,
06709,Indian Reserve,AB,CHIPEWYAN 201E,05dcdbdcbbe311d892e2080020a0f4c9,CHIPEWYAN,201E
07091,Indian Reserve,BC,TSAWWATI 1,1b1bd9d8ba3611d892e2080020a0f4c9,TSAWWATI,1
06708,Indian Reserve,AB,CHIPEWYAN 201D,05d6733bbbe311d892e2080020a0f4c9,CHIPEWYAN,201D
06284,Indian Reserve,ON,KENORA INDIAN RESERVE NO. 38B,76eb4369ba2711d892e2080020a0f4c9,KENORA,38B
07968,Indian Reserve,BC,SEYMOUR CREEK 2,9558f3a3ba3411d892e2080020a0f4c9,SEYMOUR CREEK,2
09273,Indian Reserve,SK,MUSKEG LAKE I.R. 102F,f416d723bbe211d892e2080020a0f4c9,MUSKEG LAKE,102F
08117,Indian Reserve,BC,CAYOOSH CREEK 1,7417817aba3511d892e2080020a0f4c9,CAYOOSH CREEK,1
06174,Indian Reserve,ON,ZHIIBAAHAASING INDIAN RESERVE NO. 19A,21663da8ba2e11d892e2080020a0f4c9,ZHIIBAAHAASING,19A
06970,Indian Reserve,BC,COMOX 1,0897678cba3611d892e2080020a0f4c9,COMOX,1
06178,Indian Reserve,ON,SHESHEGWANING INDIAN RESERVE NO. 20,f9dee448ba2511d892e2080020a0f4c9,SHESHEGWANING,20
06707,Indian Reserve,AB,CHIPEWYAN 201C,05d0a6dabbe311d892e2080020a0f4c9,CHIPEWYAN,201C
08050,Indian Reserve,BC,SKOWKALE 11,4444cef8ba3611d892e2080020a0f4c9,SKOWKALE,11
08070,Indian Reserve,BC,LAKAHAHMEN 11,7e24228bba3511d892e2080020a0f4c9,LAKAHAHMEN,11
06700,Indian Reserve,AB,JEAN BAPTISTE GAMBLER 183,04a03d0abbe311d892e2080020a0f4c9,JEAN BAPTISTE GAMBLER,183
07403,Indian Reserve,BC,CHOPAKA 7 & 8,4e0b8e4cba3611d892e2080020a0f4c9,CHOPAKA 7 &,8
10099,Indian Reserve,ON,MISSANABIE CREE FIRST NATION RESERVE,690b44da1c4945ba95f2771f9fe5b71d,MISSANABIE CREE FIRST NATION,
08069,Indian Reserve,BC,SKWEAHM 10,7e0e509aba3511d892e2080020a0f4c9,SKWEAHM,10
10216,Indian Reserve,MB,NAAWI-OODENA,194572add47e48b194ef0e296f922696,NAAWI-OODENA,
06584,Indian Reserve,SK,FLYING DUST FIRST NATION INDIAN RESERVE NO. 105,f19f9553bbe211d892e2080020a0f4c9,FLYING DUST FIRST NATION,105
10233,Indian Reserve,SK,FLYING DUST FIRST NATION 105S,14d5b90e937e4db6ab72a24de19611e0,FLYING DUST FIRST NATION,105S
10266,Indian Reserve,BC,AJE? SALAA DEH,d0927036c419400eb90107687b862d77,AJE? SALAA DEH,
10265,Indian Reserve,BC,JE ẔEẔULLH ẔEH HĘ DĘ,0507a2d3e442406db539137e4a86f212,JE ZEZULLH ZEH HE DE,
10263,Indian Reserve,BC,K’IT TSAḎẔE,168186debbdf4848bcfaa7560c8d90a3,K’IT TSADZE,
10248,Indian Reserve,SK,STURGEON LAKE INDIAN RESERVE 101G,7e4d8f62cd584e4580589b523ff9765f,STURGEON LAKE,101G
10264,Indian Reserve,BC,K’IT TSAḎẔE Ę NǪ CHE,84155974453c4b5588c5e23bf04df45d,K’IT TSADZE E NO CHE,
07038,Indian Reserve,BC,SUCWOA 6,14f350dfba3611d892e2080020a0f4c9,SUCWOA,6
06591,Indian Reserve,SK,MINISTIKWAN I.R. 161A,f3627b32bbe211d892e2080020a0f4c9,MINISTIKWAN,161A
06151,Indian Reserve,ON,MATACHEWAN INDIAN RESERVE NO. 72,a7f99edcba2511d892e2080020a0f4c9,MATACHEWAN,72
07156,Indian Reserve,BC,STEQUMWHULPA 5,1e923c03ba3611d892e2080020a0f4c9,STEQUMWHULPA,5
07516,Indian Reserve,BC,KLEWADUSKA 6,6c73a227ba3511d892e2080020a0f4c9,KLEWADUSKA,6
08057,Indian Reserve,BC,SQUIAALA 8,96eab748ba3411d892e2080020a0f4c9,SQUIAALA,8
09529,Indian Reserve,NL,NATUASHISH INDIAN RESERVE NO. 2,e894370ebbe211d892e2080020a0f4c9,NATUASHISH,2
10267,Indian Reserve,BC,TE'TUXWTUN,94c8d1da1b4f48d09ab32a58bbdbe95c,TE'TUXWTUN,
06959,Indian Reserve,BC,DOIG RIVER 206,5f59c011ba3511d892e2080020a0f4c9,DOIG RIVER,206
08072,Indian Reserve,BC,KWAWKWAWAPILT 6,7d18f412ba3511d892e2080020a0f4c9,KWAWKWAWAPILT,6
06006,Indian Reserve,NB,ESGENOÔPETITJ INDIAN RESERVE NO. 14,e8dc1584bbe211d892e2080020a0f4c9,ESGENOOPETITJ,14
07429,Indian Reserve,BC,CRESTON NO. 1,2d11efafba3611d892e2080020a0f4c9,CRESTON,1
07012,Indian Reserve,BC,NEKITE 2,0e0c58edba3611d892e2080020a0f4c9,NEKITE,2
06003,Indian Reserve,PE,LENNOX ISLAND INDIAN RESERVE NO. 1,e89fcfcfbbe211d892e2080020a0f4c9,LENNOX ISLAND,1
07015,Indian Reserve,BC,HALOWIS 5,0e534d00ba3611d892e2080020a0f4c9,HALOWIS,5
08056,Indian Reserve,BC,SQUIAALA 7,96da8aa7ba3411d892e2080020a0f4c9,SQUIAALA,7
06555,Indian Reserve,SK,MUSKODAY FIRST NATION I.R. 99,f44f4c46bbe211d892e2080020a0f4c9,MUSKODAY FIRST NATION,99
06517,Indian Reserve,SK,MORIN LAKE I.R. 217,efc72b99bbe211d892e2080020a0f4c9,MORIN LAKE,217
06644,Indian Reserve,AB,SUNCHILD 202,00b9b3ebbbe311d892e2080020a0f4c9,SUNCHILD,202
06967,Indian Reserve,BC,DREW HARBOUR 9,085380b9ba3611d892e2080020a0f4c9,DREW HARBOUR,9
10217,Indian Reserve,MB,MAKESEW SAKAHIKAN ASKI,0cb392a041d44d09a444f46c390d444b,MAKESEW SAKAHIKAN ASKI,
06546,Indian Reserve,SK,SAKIMAY I.R. 74,f07bae9ebbe211d892e2080020a0f4c9,SAKIMAY,74
07165,Indian Reserve,BC,BONAPARTE 3,211f9dacba3611d892e2080020a0f4c9,BONAPARTE,3
07417,Indian Reserve,BC,ENDERBY 2,dde895bfba3511d892e2080020a0f4c9,ENDERBY,2
06218,Indian Reserve,ON,NEYAASHIINIGMIING RESERVE NO. 27,b69556d4ba2b11d892e2080020a0f4c9,NEYAASHIINIGMIING,27
07178,Indian Reserve,BC,QUAAOUT 1,29cfe40aba3611d892e2080020a0f4c9,QUAAOUT,1
09886,Indian Reserve,MB,A KWIS KI MAHKA INDIAN RESERVE,ca0642ac639242368a4612b10b70c715,A KWIS KI MAHKA,
07179,Indian Reserve,BC,CHUM CREEK 2,29f5465bba3611d892e2080020a0f4c9,CHUM CREEK,2
06110,Indian Reserve,QC,BETSIAMITES,3815797dba2411d892e2080020a0f4c9,BETSIAMITES,
08350,Indian Reserve,BC,COWICHAN LAKE,edaf4880ba3511d892e2080020a0f4c9,COWICHAN LAKE,
06323,Indian Reserve,ON,SANDY LAKE INDIAN RESERVE NO. 88,e46349c6ba2811d892e2080020a0f4c9,SANDY LAKE,88
06554,Indian Reserve,SK,BEARDY'S I.R. 97 & OKEMASIS I.R. 96,f008c87fbbe211d892e2080020a0f4c9,BEARDY'S I.R. 97 & OKEMASIS,96
06579,Indian Reserve,SK,MUSKOWEKWAN I.R. 85,f136c156bbe211d892e2080020a0f4c9,MUSKOWEKWAN,85
08286,Indian Reserve,BC,WILLIAMS LAKE 1,dc1d247eba3511d892e2080020a0f4c9,WILLIAMS LAKE,1
06193,Indian Reserve,ON,KETTLE POINT INDIAN RESERVE NO. 44,d13f8024ba2711d892e2080020a0f4c9,KETTLE POINT,44
07479,Indian Reserve,BC,SALAQUO 4,60115046ba3511d892e2080020a0f4c9,SALAQUO,4
06950,Indian Reserve,BC,PROPHET RIVER 4,69c87f41ba3511d892e2080020a0f4c9,PROPHET RIVER,4
06952,Indian Reserve,BC,FORT NELSON 2,6043d1f8ba3511d892e2080020a0f4c9,FORT NELSON,2
06221,Indian Reserve,ON,SAUGEEN INDIAN RESERVE NO. 29,d8cb388fba2611d892e2080020a0f4c9,SAUGEEN,29
06655,Indian Reserve,AB,BUCK LAKE 133C,01a5e8b8bbe311d892e2080020a0f4c9,BUCK LAKE,133C
08358,Indian Reserve,BC,MUSQUEAM 2,830b9678ba3411d892e2080020a0f4c9,MUSQUEAM,2
10269,Indian Reserve,MB,ROLLING RIVER FIRST NATION,d614b4f5fc8646a19b52db26b535ca7e,ROLLING RIVER FIRST NATION,
06100,Indian Reserve,QC,KITIGAN ZIBI,a197a037ba2311d892e2080020a0f4c9,KITIGAN ZIBI,
06531,Indian Reserve,SK,STURGEON WEIR I.R. 184F,fd5a0e08bbe211d892e2080020a0f4c9,STURGEON WEIR,184F
06016,Indian Reserve,NB,BILIJK,e9dbd25abbe211d892e2080020a0f4c9,BILIJK,
06658,Indian Reserve,AB,SAMSON 137,01b244c9bbe311d892e2080020a0f4c9,SAMSON,137
06499,Indian Reserve,SK,CUMBERLAND I.R. 100A,f10d8e6fbbe211d892e2080020a0f4c9,CUMBERLAND,100A
06843,Indian Reserve,BC,T'SOU-KE 2,58a7ed3dba3611d892e2080020a0f4c9,T'SOU-KE,2
09038,Indian Reserve,BC,HOMALCO 9,550aa221ba3611d892e2080020a0f4c9,HOMALCO,9
06092,Indian Reserve,QC,TIMISKAMING,bcb0457bba2311d892e2080020a0f4c9,TIMISKAMING,
06969,Indian Reserve,BC,QUINSAM INDIAN RESERVE NO. 12,0886eccbba3611d892e2080020a0f4c9,QUINSAM,12
06810,Indian Reserve,BC,HALALT 2,edf8ad93ba3511d892e2080020a0f4c9,HALALT,2
06593,Indian Reserve,SK,BIG ISLAND LAKE CREE TERRITORY,f1617ad9bbe211d892e2080020a0f4c9,BIG ISLAND LAKE CREE TERRITORY,
06105,Indian Reserve,QC,OBEDJIWAN INDIAN RESERVE NO. 28,d2a3520fba2311d892e2080020a0f4c9,OBEDJIWAN,28
08282,Indian Reserve,BC,TOOSEY 1,d77a7757ba3511d892e2080020a0f4c9,TOOSEY,1
08364,Indian Reserve,BC,WHISPERING PINES 4,249897efba3611d892e2080020a0f4c9,WHISPERING PINES,4
06036,Indian Reserve,NS,GLOOSCAP INDIAN RESERVE NO. 35,b6c1086daffd11d892e2080020a0f4c9,GLOOSCAP,35
09637,Indian Reserve,SK,THUNDERCHILD FIRST NATION IR 115X,6c9ebc34849c20c396f47988fa854a2e,THUNDERCHILD FIRST NATION,115X
06195,Indian Reserve,ON,CHIPPEWAS OF RAMA FIRST NATION,dedee848ba2b11d892e2080020a0f4c9,CHIPPEWAS OF RAMA FIRST NATION,
08038,Indian Reserve,BC,MATSQUI 4,82d655a4ba3411d892e2080020a0f4c9,MATSQUI,4
08073,Indian Reserve,BC,SEABIRD ISLAND,934a10b2ba3411d892e2080020a0f4c9,SEABIRD ISLAND,
08143,Indian Reserve,BC,LILLOOET 1,9205f7dcba3411d892e2080020a0f4c9,LILLOOET,1
06650,Indian Reserve,AB,ALEXANDER 134,0118eaf0bbe311d892e2080020a0f4c9,ALEXANDER,134
06601,Indian Reserve,SK,CLEARWATER RIVER DENE BAND NO. 222,f179218dbbe211d892e2080020a0f4c9,CLEARWATER RIVER DENE BAND,222
09175,Indian Reserve,SK,WITCHEKAN LAKE I.R. 117D,ff442adebbe211d892e2080020a0f4c9,WITCHEKAN LAKE,117D
07420,Indian Reserve,BC,TSINSTIKEPTUM 9,e3216875ba3511d892e2080020a0f4c9,TSINSTIKEPTUM,9
08051,Indian Reserve,BC,SOOWAHLIE 14,952cb380ba3411d892e2080020a0f4c9,SOOWAHLIE,14
08005,Indian Reserve,BC,MOUNT CURRIE 10,92635a23ba3411d892e2080020a0f4c9,MOUNT CURRIE,10
06088,Indian Reserve,QC,LISTUGUJ INDIAN RESERVE,807cbde2ba2311d892e2080020a0f4c9,LISTUGUJ,
08233,Indian Reserve,BC,ANAHIM 8,8e7c35a1ba3411d892e2080020a0f4c9,ANAHIM,8
06530,Indian Reserve,SK,SOUTHEND I.R. 200,fc2ead5fbbe211d892e2080020a0f4c9,SOUTHEND,200
06761,Indian Reserve,BC,KISPIOX 1,e4d35e45ba3511d892e2080020a0f4c9,KISPIOX,1
06427,Indian Reserve,MB,OPASKWAYAK CREE NATION 21E,ee1842f1bbe211d892e2080020a0f4c9,OPASKWAYAK CREE NATION,21E
06015,Indian Reserve,NB,INDIAN ISLAND INDIAN RESERVE NO. 28,e94dea2ebbe211d892e2080020a0f4c9,INDIAN ISLAND,28
06057,Indian Reserve,NS,BEAVER LAKE INDIAN RESERVE NO. 17,b6253d93affd11d892e2080020a0f4c9,BEAVER LAKE,17
10199,Indian Reserve,NS,TUFTS COVE INDIAN RESERVE,e176198e95fd4b4482ea361d57db52a1,TUFTS COVE,
06702,Indian Reserve,AB,SADDLE LAKE 125,06c1bdaabbe311d892e2080020a0f4c9,SADDLE LAKE,125
06134,Indian Reserve,QC,LAC SIMON,ada1e6b9ba2311d892e2080020a0f4c9,LAC SIMON,
06257,Indian Reserve,ON,RAINY LAKE INDIAN RESERVE NO. 18C,1547b021ba2711d892e2080020a0f4c9,RAINY LAKE,18C
08081,Indian Reserve,BC,CHEAM 1,748b2addba3511d892e2080020a0f4c9,CHEAM,1
08234,Indian Reserve,BC,ANAHIM 9,8e881c82ba3411d892e2080020a0f4c9,ANAHIM,9
07410,Indian Reserve,BC,CHUCHUWAYHA 2,e26655ceba3511d892e2080020a0f4c9,CHUCHUWAYHA,2
06140,Indian Reserve,QC,KEBAOWEK,96076bb5ba2311d892e2080020a0f4c9,KEBAOWEK,
06055,Indian Reserve,NS,SYDNEY INDIAN RESERVE NO. 28A,b70d7ac4affd11d892e2080020a0f4c9,SYDNEY,28A
06475,Indian Reserve,SK,LITTLE PINE INDIAN RESERVE NO. 116,f2eed1c8bbe211d892e2080020a0f4c9,LITTLE PINE,116
08235,Indian Reserve,BC,ANAHIM 10,8e9b2f53ba3411d892e2080020a0f4c9,ANAHIM,10
06985,Indian Reserve,BC,KIPPASE 2,17ad67e7ba3611d892e2080020a0f4c9,KIPPASE,2
06611,Indian Reserve,SK,WITCHEKAN LAKE I.R. 117,ff5800ffbbe211d892e2080020a0f4c9,WITCHEKAN LAKE,117
09434,Indian Reserve,AB,ALEXANDER 134A,11a6b67bffb311dda89a080020a0f4c9,ALEXANDER,134A
06713,Indian Reserve,AB,COLD LAKE 149A,05afd865bbe311d892e2080020a0f4c9,COLD LAKE,149A
10272,Indian Reserve,MB,WILLIAMS RIVER INDIAN RESERVE,ffe3463acb0647d79bdccd8cba894053,WILLIAMS RIVER,
10270,Indian Reserve,SK,POUNDMAKER INDIAN RESERVE NO. 114-30,d82d99eccf304553bc4d88d5301de70b,POUNDMAKER INDIAN RESERVE NO. 114-30,
08323,Indian Reserve,BC,CLUCHUTA LAKE 10A,90b22797ba3411d892e2080020a0f4c9,CLUCHUTA LAKE,10A
09331,Indian Reserve,SK,SWEETGRASS I.R. 113-L6,6c9ebbfb849c20c344f4dc51b8e1bf3b,SWEETGRASS I.R. 113-L6,
10050,Indian Reserve,SK,GEORGE GORDON FIRST NATION NO. 86,808c5332b6dc4d9ca3249212b2d94f7c,GEORGE GORDON FIRST NATION,86
06173,Indian Reserve,ON,ZHIIBAAHAASING INDIAN RESERVE NO. 19,eef2df9ac61c11d8891a080009dcb24e,ZHIIBAAHAASING,19
08488,Indian Reserve,BC,IHCH'AZ UZ TA TSOH 44,52ed6763ba3611d892e2080020a0f4c9,IHCH'AZ UZ TA TSOH,44
09156,Indian Reserve,SK,WAPASKOKIMAW I.R. 202,feeeb7dabbe211d892e2080020a0f4c9,WAPASKOKIMAW,202
07208,Indian Reserve,BC,CHUCHHRIASCHIN 5A,264388ddba3611d892e2080020a0f4c9,CHUCHHRIASCHIN,5A
07350,Indian Reserve,BC,LYTTON 27B,3691e216ba3611d892e2080020a0f4c9,LYTTON,27B
08176,Indian Reserve,BC,ALEXIS CREEK 6,9a0564fcba3411d892e2080020a0f4c9,ALEXIS CREEK,6
09487,Indian Reserve,SK,NEMEKUS SAKAHIKAN INDIAN RESERVE NO. 221,6c9ebc18849c20c3ee933a5e62bbb8a2,NEMEKUS SAKAHIKAN,221
06322,Indian Reserve,ON,KASABONIKA LAKE INDIAN RESERVE,ecfd96d8ba2811d892e2080020a0f4c9,KASABONIKA LAKE,
08368,Indian Reserve,BC,INGENIKA INDIAN RESERVE NO. 8,9b2425a0efec4760b2f42040a0504384,INGENIKA,8
09679,Indian Reserve,MB,NORTH PROMINENT RIDGE,21e944c8ffb211dda89a080020a0f4c9,NORTH PROMINENT RIDGE,
07300,Indian Reserve,BC,KANAKA BAR 2,28b37786ba3611d892e2080020a0f4c9,KANAKA BAR,2
06138,Indian Reserve,QC,LAC JOHN RESERVE,4d67806bba2311d892e2080020a0f4c9,LAC JOHN,
07460,Indian Reserve,BC,DUNCAN LAKE 2,4bb08736ba3611d892e2080020a0f4c9,DUNCAN LAKE,2
07272,Indian Reserve,BC,CHUKCHEETSO 7,22a1d0ebba3611d892e2080020a0f4c9,CHUKCHEETSO,7
08134,Indian Reserve,BC,FOUNTAIN 10,774a23e4ba3511d892e2080020a0f4c9,FOUNTAIN,10
09227,Indian Reserve,SK,OCHAPOWACE I.R. 71-47,f76cb82dbbe211d892e2080020a0f4c9,OCHAPOWACE I.R. 71-47,
09918,Indian Reserve,SK,OCEAN MAN INDIAN RESERVE NO. 69N,d6a0c4df504a49f19eed3d59ff0eccd4,OCEAN MAN,69N
06341,Indian Reserve,ON,CHIPPEWAS OF GEORGINA ISLAND FIRST NATION INDIAN RESERVE NO. 33A,c3cd6ef5ba2b11d892e2080020a0f4c9,CHIPPEWAS OF GEORGINA ISLAND FIRST NATION,33A
07789,Indian Reserve,BC,DUNDAS ISLAND 32B,43036b5bba3511d892e2080020a0f4c9,DUNDAS ISLAND,32B
06276,Indian Reserve,ON,LAKE OF THE WOODS INDIAN RESERVE NO. 37,391e5723ba2711d892e2080020a0f4c9,LAKE OF THE WOODS,37
07464,Indian Reserve,BC,WESTERN ISLAND 14,68fd18ecba3511d892e2080020a0f4c9,WESTERN ISLAND,14
06501,Indian Reserve,SK,FOND DU LAC I.R. 227,ef9d0e52bbe211d892e2080020a0f4c9,FOND DU LAC,227
07953,Indian Reserve,BC,SECHELT BAND LANDS (SEKALETON) NO 21A,75855701d05511d892e2080020a0f4c9,SECHELT BAND LANDS (SEKALETON),21A
09221,Indian Reserve,SK,OCHAPOWACE I.R. 71-20,f660030abbe211d892e2080020a0f4c9,OCHAPOWACE I.R. 71-20,
06273,Indian Reserve,ON,WHITEFISH BAY INDIAN RESERVE NO. 33A,288ba250ba2711d892e2080020a0f4c9,WHITEFISH BAY,33A
07230,Indian Reserve,BC,SPEOUS 8,2ed9b76eba3611d892e2080020a0f4c9,SPEOUS,8
08244,Indian Reserve,BC,CANIM LAKE INDIAN RESERVE NO. 1,8f0bf28cba3411d892e2080020a0f4c9,CANIM LAKE,1
06551,Indian Reserve,SK,KEESEEKOOSE I.R. 66,f014fd81bbe211d892e2080020a0f4c9,KEESEEKOOSE,66
10126,Indian Reserve,MB,NORWAY HOUSE CREE NATION GUNISAO SIPIHK SAKITOW INDIAN RESERVE,a1476775dc5c448480f3e815d8c8555e,NORWAY HOUSE CREE NATION GUNISAO SIPIHK SAKITOW,
08471,Indian Reserve,BC,TSAZ CHECH 27,5384c569ba3611d892e2080020a0f4c9,TSAZ CHECH,27
09000,Indian Reserve,MB,BLACK STURGEON,ed7bdbd1bbe211d892e2080020a0f4c9,BLACK STURGEON,
10060,Indian Reserve,SK,CARRY THE KETTLE NAKODA FIRST NATION NO. 76-59,474ed79bc9684588a930b3d1d245c1c6,CARRY THE KETTLE NAKODA FIRST NATION NO. 76-59,
07234,Indian Reserve,BC,SACKUM 3,3760cadeba3611d892e2080020a0f4c9,SACKUM,3
09707,Indian Reserve,SK,OCHAPOWACE I.R. 71-125,6c9ebc3f849c20c33a7212a95236ab5a,OCHAPOWACE I.R. 71-125,
08159,Indian Reserve,BC,ALEXANDRIA 3,98e3a139ba3411d892e2080020a0f4c9,ALEXANDRIA,3
09297,Indian Reserve,SK,OCHAPOWACE I.R. 71-42,f7341bf8bbe211d892e2080020a0f4c9,OCHAPOWACE I.R. 71-42,
06204,Indian Reserve,ON,MAGNETAWAN INDIAN RESERVE NO. 1,73705f06ba2511d892e2080020a0f4c9,MAGNETAWAN,1
09443,Indian Reserve,SK,SWEETGRASS I.R. 113-G7,6c9ebc0f849c20c38e0db0603ba3764c,SWEETGRASS I.R. 113-G7,
09841,Indian Reserve,MB,NORWAY HOUSE INDIAN RESERVE NO. 17C-37,80a74090a2bd49a39f5b2c6d2d34465b,NORWAY HOUSE INDIAN RESERVE NO. 17C-37,
06651,Indian Reserve,AB,LOUIS BULL 138B,01594f54bbe311d892e2080020a0f4c9,LOUIS BULL,138B
10045,Indian Reserve,SK,CARRY THE KETTLE NAKODA FIRST NATION NO. 76-62,ccf7753b14d64aa5820071fb78eeaeab,CARRY THE KETTLE NAKODA FIRST NATION NO. 76-62,
06638,Indian Reserve,AB,O'CHIESE CEMETERY 203A,0022f226bbe311d892e2080020a0f4c9,O'CHIESE CEMETERY,203A
08243,Indian Reserve,BC,ANAHIM 18,8f03670bba3411d892e2080020a0f4c9,ANAHIM,18
08219,Indian Reserve,BC,SAMPSON'S MEADOW 11A,8bc3f363ba3411d892e2080020a0f4c9,SAMPSON'S MEADOW,11A
09531,Indian Reserve,SK,THUNDERCHILD FIRST NATION IR 115W,6c9ebc1f849c20c3afca4b1578a681fc,THUNDERCHILD FIRST NATION,115W
07951,Indian Reserve,BC,SECHELT BAND LANDS (SALLAHLUS) NO 20A,75907a92d05511d892e2080020a0f4c9,SECHELT BAND LANDS (SALLAHLUS),20A
07328,Indian Reserve,BC,YAWAUCHT 11,332061edba3611d892e2080020a0f4c9,YAWAUCHT,11
09187,Indian Reserve,SK,OKANESE I.R. 82(C),f8548030bbe211d892e2080020a0f4c9,OKANESE I.R. 82(C),
06865,Indian Reserve,BC,TOOTOOWILTENA 28,e92d69b9ba3511d892e2080020a0f4c9,TOOTOOWILTENA,28
06052,Indian Reserve,NS,PENNAL INDIAN RESERVE NO. 19,b7fa99eaaffd11d892e2080020a0f4c9,PENNAL,19
08322,Indian Reserve,BC,BISHOP BLUFFS 10,9091f566ba3411d892e2080020a0f4c9,BISHOP BLUFFS,10
07866,Indian Reserve,BC,KUNSOOT 9,6f810951ba3511d892e2080020a0f4c9,KUNSOOT,9
10183,Indian Reserve,MB,THAI DA RE INDIAN RESERVE,72220183a8a0476dad3cea2dfea8d42e,THAI DA RE,
07313,Indian Reserve,BC,LYTTON 4C,31b56031ba3611d892e2080020a0f4c9,LYTTON,4C
10192,Indian Reserve,MB,YATHIE NITANIAH INDIAN RESERVE,114c3705edfb49119e9ad3b0ac7310f7,YATHIE NITANIAH,
06923,Indian Reserve,BC,TSAHAHEH 1,fccb3b14ba3511d892e2080020a0f4c9,TSAHAHEH,1
06635,Indian Reserve,SK,CHIEF JOSEPH CUSTER RESERVE,f8c0616ebbe211d892e2080020a0f4c9,CHIEF JOSEPH CUSTER,
06715,Indian Reserve,AB,UNIPOUHEOS 121,065f0436bbe311d892e2080020a0f4c9,UNIPOUHEOS,121
06773,Indian Reserve,BC,NEW GITSEGUKLA 2,4e75258eba3611d892e2080020a0f4c9,NEW GITSEGUKLA,2
06749,Indian Reserve,BC,CORYATSAQUA 2,e69c8594ba3511d892e2080020a0f4c9,CORYATSAQUA,2
06226,Indian Reserve,ON,BIG GRASSY RIVER INDIAN RESERVE NO. 35G,eb80a652ba2611d892e2080020a0f4c9,BIG GRASSY RIVER,35G
09414,Indian Reserve,SK,OCHAPOWACE I.R. 71-93,6c9ebc08849c20c3e6532e6d73b3e1df,OCHAPOWACE I.R. 71-93,
09569,Indian Reserve,SK,OCHAPOWACE I.R. 71-82,6c9ebc28849c20c3f7b8912e4ebcf9ab,OCHAPOWACE I.R. 71-82,
06663,Indian Reserve,AB,BEAVER RANCH 163,048b2e67bbe311d892e2080020a0f4c9,BEAVER RANCH,163
09984,Indian Reserve,SK,CARRY THE KETTLE NAKODA FIRST NATION 76-46,a03409e8028347f2874c2ccae8b05722,CARRY THE KETTLE NAKODA FIRST NATION 76-46,
06421,Indian Reserve,MB,OPASKWAYAK CREE NATION SALT CHANNEL 21D,edc1be77bbe211d892e2080020a0f4c9,OPASKWAYAK CREE NATION SALT CHANNEL,21D
07629,Indian Reserve,BC,HENDERSON'S RANCH 11,0299700bba3611d892e2080020a0f4c9,HENDERSON'S RANCH,11
07153,Indian Reserve,BC,SQUAAM 2,1df511a0ba3611d892e2080020a0f4c9,SQUAAM,2
07859,Indian Reserve,BC,HOONEES 2,6e99dd9aba3511d892e2080020a0f4c9,HOONEES,2
09204,Indian Reserve,AB,COWPER LAKE 194A,08477261bbe311d892e2080020a0f4c9,COWPER LAKE,194A
07351,Indian Reserve,BC,PAPYUM GRAVEYARD 27C,36a78cf7ba3611d892e2080020a0f4c9,PAPYUM GRAVEYARD,27C
08168,Indian Reserve,BC,ALEXANDRIA 11,99878262ba3411d892e2080020a0f4c9,ALEXANDRIA,11
07887,Indian Reserve,BC,CANOONA 2,79f34afbba3511d892e2080020a0f4c9,CANOONA,2
08329,Indian Reserve,BC,TATELKUS LAKE 28,91bf78f9ba3411d892e2080020a0f4c9,TATELKUS LAKE,28
10002,Indian Reserve,SK,KAHKEWISTAHAW INDIAN RESERVE NO. 72M,79bf38ff0e424fc4aad5e1ce2f696e28,KAHKEWISTAHAW,72M
07306,Indian Reserve,BC,NUUAUTIN 2A,30ca3cdaba3611d892e2080020a0f4c9,NUUAUTIN,2A
06589,Indian Reserve,SK,MAKWA LAKE I.R. 129C,f328cd8ebbe211d892e2080020a0f4c9,MAKWA LAKE,129C
06103,Indian Reserve,QC,COMMUNAUTÉ DE WEMOTACI,0fc139a8ba2411d892e2080020a0f4c9,COMMUNAUTE DE WEMOTACI,
07976,Indian Reserve,BC,YOOKWITZ 12,95f7cbbaba3411d892e2080020a0f4c9,YOOKWITZ,12
07210,Indian Reserve,BC,KLOKLOWUCK 7,266c94afba3611d892e2080020a0f4c9,KLOKLOWUCK,7
07244,Indian Reserve,BC,SKAYNANEICHST 12,388bb658ba3611d892e2080020a0f4c9,SKAYNANEICHST,12
10036,Indian Reserve,SK,MISTAWASIS INDIAN RESERVE NO. 103H,a1f60c1129a7485ea1a5209975594038,MISTAWASIS,103H
09090,Indian Reserve,AB,KAPAWE'NO FIRST NATION NO. 229,07f534adbbe311d892e2080020a0f4c9,KAPAWE'NO FIRST NATION,229
08231,Indian Reserve,BC,ANAHIM 6,8e5af1ffba3411d892e2080020a0f4c9,ANAHIM,6
07433,Indian Reserve,BC,LOWER KOOTENAY 2,2daad453ba3611d892e2080020a0f4c9,LOWER KOOTENAY,2
08122,Indian Reserve,BC,FOUNTAIN 1B,75a96c28ba3511d892e2080020a0f4c9,FOUNTAIN,1B
07255,Indian Reserve,BC,SPAHOMIN CREEK 8,e22b96bcba3511d892e2080020a0f4c9,SPAHOMIN CREEK,8
06900,Indian Reserve,BC,ILCLO 12,f14a70c0ba3511d892e2080020a0f4c9,ILCLO,12
08217,Indian Reserve,BC,CLUDOLICUM 9A,8b9c6e30ba3411d892e2080020a0f4c9,CLUDOLICUM,9A
09968,Indian Reserve,SK,KAHKEWISTAHAW INDIAN RESERVE NO. 72L,66dece2269d64b64aa5964eaff534198,KAHKEWISTAHAW,72L
07660,Indian Reserve,BC,TATCHO CREEK 11,5900b063ba3511d892e2080020a0f4c9,TATCHO CREEK,11
06583,Indian Reserve,SK,CANOE LAKE I.R. 165B,f08d61e1bbe211d892e2080020a0f4c9,CANOE LAKE,165B
09589,Indian Reserve,SK,CARRY THE KETTLE NAKODA I.R. 76-4,6c9ebc2e849c20c3166965550d6ce265,CARRY THE KETTLE NAKODA I.R. 76-4,
07901,Indian Reserve,BC,KILTALA 2,836fd68eba3411d892e2080020a0f4c9,KILTALA,2
06053,Indian Reserve,NS,SHUBENACADIE INDIAN RESERVE NO. 13,b7268106affd11d892e2080020a0f4c9,SHUBENACADIE,13
06155,Indian Reserve,ON,MISSANABIE INDIAN RESERVE NO. 62,c12ce250ba2511d892e2080020a0f4c9,MISSANABIE,62
09399,Indian Reserve,SK,POUNDMAKER I.R. 114-6A2,6c9ebc07849c20c3c7349d958103d80b,POUNDMAKER I.R. 114-6A2,
07768,Indian Reserve,BC,AVERY ISLAND 92,9fe06b28ba3411d892e2080020a0f4c9,AVERY ISLAND,92
09214,Indian Reserve,SK,OCHAPOWACE I.R. 71-13,f619ab33bbe211d892e2080020a0f4c9,OCHAPOWACE I.R. 71-13,
08267,Indian Reserve,BC,TANAKUT 4,d3243c89ba3511d892e2080020a0f4c9,TANAKUT,4
08337,Indian Reserve,BC,SALMON RIVER MEADOW 7,4c7eacadba3611d892e2080020a0f4c9,SALMON RIVER MEADOW,7
06400,Indian Reserve,MB,FISHING STATION 62A,eb0425d4bbe211d892e2080020a0f4c9,FISHING STATION,62A
07792,Indian Reserve,BC,NISHANOCKNAWNAK 35,4355f82dba3511d892e2080020a0f4c9,NISHANOCKNAWNAK,35
07182,Indian Reserve,BC,NORTH BAY 5,2aa50e5eba3611d892e2080020a0f4c9,NORTH BAY,5
07640,Indian Reserve,BC,IKSHENIGWOLK 3,069c0ca9ba3611d892e2080020a0f4c9,IKSHENIGWOLK,3
09258,Indian Reserve,SK,OCHAPOWACE I.R. 71-63,f7ffa969bbe211d892e2080020a0f4c9,OCHAPOWACE I.R. 71-63,
07181,Indian Reserve,BC,SCOTCH CREEK 4,2a589c0dba3611d892e2080020a0f4c9,SCOTCH CREEK,4
06202,Indian Reserve,ON,NAISCOUTAING INDIAN RESERVE NO. 17A,e008aa15ba2511d892e2080020a0f4c9,NAISCOUTAING,17A
08213,Indian Reserve,BC,WINDY MOUTH 7,8b6160fdba3411d892e2080020a0f4c9,WINDY MOUTH,7
08154,Indian Reserve,BC,MISSION 5,938df787ba3411d892e2080020a0f4c9,MISSION,5
06514,Indian Reserve,SK,LITTLE HILLS I.R. 158B,f2d7ee66bbe211d892e2080020a0f4c9,LITTLE HILLS,158B
09728,Indian Reserve,MB,WUSKWI SIPIHK 8,15face5cffb311dda89a080020a0f4c9,WUSKWI SIPIHK,8
10094,Indian Reserve,MB,NITXELI TUWÉ 2 INDIAN RESERVE,a7eea4e437794b4e8bd80ded828db321,NITXELI TUWE 2,
09427,Indian Reserve,SK,POUNDMAKER I.R. 114-6A3,6c9ebc0c849c20c3ff7edbee8c61c0dd,POUNDMAKER I.R. 114-6A3,
09530,Indian Reserve,SK,KAHKEWISTAHAW I.R. 72 A-1,6c9ebc1f849c20c346c9f11aadc3076e,KAHKEWISTAHAW I.R. 72 A-1,
09249,Indian Reserve,SK,KEESEEKOOSE I.R. 66-CO-02,f2412c96bbe211d892e2080020a0f4c9,KEESEEKOOSE I.R. 66-CO-02,
06918,Indian Reserve,BC,AHAHSWINIS 1,f5b459a2ba3511d892e2080020a0f4c9,AHAHSWINIS,1
09614,Indian Reserve,MB,CROSS LAKE 19X02,5c98eb82ffb211dda89a080020a0f4c9,CROSS LAKE 19X02,
09781,Indian Reserve,SK,SAULTEAUX FIRST NATION INDIAN RESERVE NO. 159II,dee42a7d01ca11dea89a080020a0f4c9,SAULTEAUX FIRST NATION,159II
10162,Indian Reserve,MB,PUTAHOW LAKE SITE C INDIAN RESERVE,1073626cb3a84533a445d29888eb09c1,PUTAHOW LAKE SITE C,
07692,Indian Reserve,BC,DEENA 3,53c2fbc0ba3511d892e2080020a0f4c9,DEENA,3
07412,Indian Reserve,BC,WOLF CREEK 3,e2983b40ba3511d892e2080020a0f4c9,WOLF CREEK,3
07522,Indian Reserve,BC,NORTH TACLA LAKE 10,6d273abcba3511d892e2080020a0f4c9,NORTH TACLA LAKE,10
06717,Indian Reserve,AB,KEHEWIN 123,06eac97cbbe311d892e2080020a0f4c9,KEHEWIN,123
06281,Indian Reserve,ON,SHOAL LAKE INDIAN RESERVE NO. 34B1,587dcdd6ba2711d892e2080020a0f4c9,SHOAL LAKE INDIAN RESERVE NO. 34B1,
06437,Indian Reserve,MB,DAUPHIN RIVER 48A,eaca2a0ebbe211d892e2080020a0f4c9,DAUPHIN RIVER,48A
09177,Indian Reserve,SK,MUSKOWEKWAN I.R. 85-12,f4cdf232bbe211d892e2080020a0f4c9,MUSKOWEKWAN I.R. 85-12,
10074,Indian Reserve,SK,CARRY THE KETTLE NAKODA FIRST NATION NO. 76-70,862a33f0d33f40e19b463ef4db22de33,CARRY THE KETTLE NAKODA FIRST NATION NO. 76-70,
08226,Indian Reserve,BC,ANAHIM'S MEADOW 2,8e1f488aba3411d892e2080020a0f4c9,ANAHIM'S MEADOW,2
06823,Indian Reserve,BC,PENELAKUT ISLAND INDIAN RESERVE NO. 7,f728f84eba3511d892e2080020a0f4c9,PENELAKUT ISLAND,7
06861,Indian Reserve,BC,SEEKTUKIS 24,e8d621f6ba3511d892e2080020a0f4c9,SEEKTUKIS,24
10051,Indian Reserve,SK,CARRY THE KETTLE NAKODA FIRST NATION 76-54,48a5fba3b32d4b7e802ea741d7568c6f,CARRY THE KETTLE NAKODA FIRST NATION 76-54,
09347,Indian Reserve,SK,KISKACIWAN I.R. NO. 208,6c9ebbfc849c20c39bf6c6fc6bafa752,KISKACIWAN,208
10071,Indian Reserve,MB,MOOSEOCOOT INDIAN RESERVE NO. 4,499a34a232ce468ca4d2f2e4829b71f9,MOOSEOCOOT,4
07242,Indian Reserve,BC,SQUIANNY 10,38556416ba3611d892e2080020a0f4c9,SQUIANNY,10
06310,Indian Reserve,ON,ROCKY BAY INDIAN RESERVE NO. 1,67c19f27ba2811d892e2080020a0f4c9,ROCKY BAY,1
09617,Indian Reserve,SK,MUSKEG LAKE I.R. 102L,6c9ebc33849c20c3f90b38a3b050784c,MUSKEG LAKE,102L
09982,Indian Reserve,SK,OCHAPOWACE INDIAN RESERVE NO. 71-94,c4c258b474514344be36bd55ba5e5da0,OCHAPOWACE INDIAN RESERVE NO. 71-94,
09788,Indian Reserve,MB,MOOSEOCOOT NO. 3,c85ab03c9d5d427e8d5fd9b4377861ed,MOOSEOCOOT,3
06038,Indian Reserve,NS,BEAR RIVER INDIAN RESERVE NO. 6,b60f92b1affd11d892e2080020a0f4c9,BEAR RIVER,6
09488,Indian Reserve,SK,SOKATISEWIN SAKAHIKAN INDIAN RESERVE NO. 224,6c9ebc18849c20c301e2be97627402fd,SOKATISEWIN SAKAHIKAN,224
07112,Indian Reserve,BC,PAWALA 5,1d8a8ffdba3611d892e2080020a0f4c9,PAWALA,5
07952,Indian Reserve,BC,SECHELT BAND LANDS (SEKALETON) NO 21,0ba6124ad05511d892e2080020a0f4c9,SECHELT BAND LANDS (SEKALETON),21
07742,Indian Reserve,BC,CITEYATS 9,049762faba3611d892e2080020a0f4c9,CITEYATS,9
07738,Indian Reserve,BC,KLAPTHLON 5A,043063c6ba3611d892e2080020a0f4c9,KLAPTHLON,5A
08486,Indian Reserve,BC,NOO KAT 42,52bc1e31ba3611d892e2080020a0f4c9,NOO KAT,42
07305,Indian Reserve,BC,NUUAUTIN 2,304ccf79ba3611d892e2080020a0f4c9,NUUAUTIN,2
08028,Indian Reserve,BC,GRAVEYARD 5,79b69019ba3511d892e2080020a0f4c9,GRAVEYARD,5
06508,Indian Reserve,SK,FOX POINT I.R. 157E,f1d9b829bbe211d892e2080020a0f4c9,FOX POINT,157E
07415,Indian Reserve,BC,ONE MILE 6,e2e0b5f3ba3511d892e2080020a0f4c9,ONE MILE,6
06183,Indian Reserve,ON,OBADJIWAN INDIAN RESERVE NO. 15E,59f6f583ba2611d892e2080020a0f4c9,OBADJIWAN,15E
06488,Indian Reserve,SK,SWEETGRASS I.R. 113,fe1aed10bbe211d892e2080020a0f4c9,SWEETGRASS,113
08071,Indian Reserve,BC,SUMAS CEMETERY 12,7e44a2dcba3511d892e2080020a0f4c9,SUMAS CEMETERY,12
07444,Indian Reserve,BC,BAPTISTE LOUIS 8,5b9e8cceba3511d892e2080020a0f4c9,BAPTISTE LOUIS,8
09216,Indian Reserve,SK,OCHAPOWACE I.R. 71-15,f62e92c5bbe211d892e2080020a0f4c9,OCHAPOWACE I.R. 71-15,
07567,Indian Reserve,BC,DZITLINE LEE 9,4eebdc33ba3611d892e2080020a0f4c9,DZITLINE LEE,9
06037,Indian Reserve,NS,ST. CROIX INDIAN RESERVE NO. 34,b71f7c25affd11d892e2080020a0f4c9,ST. CROIX,34
07358,Indian Reserve,BC,MOOSH 4,3c765d29ba3611d892e2080020a0f4c9,MOOSH,4
09032,Indian Reserve,BC,TSOWENACHS 2,577ab7d6ba3611d892e2080020a0f4c9,TSOWENACHS,2
07276,Indian Reserve,BC,DUFFERIN 10,232bc16fba3611d892e2080020a0f4c9,DUFFERIN,10
06742,Indian Reserve,MB,NORWAY HOUSE 17A,ed30a1f9bbe211d892e2080020a0f4c9,NORWAY HOUSE,17A
09814,Indian Reserve,MB,NORWAY HOUSE INDIAN RESERVE NO. 17C-10,612b55f051ed4fa2be7646fad7e20581,NORWAY HOUSE INDIAN RESERVE NO. 17C-10,
07054,Indian Reserve,BC,AR-CE-WY-EE 4,1687375fba3611d892e2080020a0f4c9,AR-CE-WY-EE,4
08100,Indian Reserve,BC,ALBERT FLAT 5,97ac0b85ba3411d892e2080020a0f4c9,ALBERT FLAT,5
09827,Indian Reserve,MB,NORWAY HOUSE INDIAN RESERVE NO. 17C-23,78b18552b59a4c3abf828faf6d041fed,NORWAY HOUSE INDIAN RESERVE NO. 17C-23,
07999,Indian Reserve,BC,LOKLA 4,82fcf076ba3411d892e2080020a0f4c9,LOKLA,4
07386,Indian Reserve,BC,SPUZZUM 7,dffef2adba3511d892e2080020a0f4c9,SPUZZUM,7
09193,Indian Reserve,SK,SAKIMAY I.R. 74-2,f9610e51bbe211d892e2080020a0f4c9,SAKIMAY I.R. 74-2,
06903,Indian Reserve,BC,CHUCHUMMISAPO 15,f19116b3ba3511d892e2080020a0f4c9,CHUCHUMMISAPO,15
07542,Indian Reserve,BC,SOWCHEA 3A,6673fd06ba3511d892e2080020a0f4c9,SOWCHEA,3A
09623,Indian Reserve,MB,WUSKWI SIPIHK 3D,e0190368ffb211dda89a080020a0f4c9,WUSKWI SIPIHK,3D
08423,Indian Reserve,BC,TAKU 6,41d52e74ba3611d892e2080020a0f4c9,TAKU,6
08285,Indian Reserve,BC,TOOSEY 3,d7d393daba3511d892e2080020a0f4c9,TOOSEY,3
08299,Indian Reserve,BC,MICHELLE CREEK 22,7f49dde2ba3511d892e2080020a0f4c9,MICHELLE CREEK,22
10189,Indian Reserve,MB,TAJABANILIN INDIAN RESERVE,f5c8a6b7ac7748ceae44323e2b419752,TAJABANILIN,
06201,Indian Reserve,ON,SHAWANAGA INDIAN RESERVE NO. 17,d71e6844ba2511d892e2080020a0f4c9,SHAWANAGA,17
07453,Indian Reserve,BC,FRANCOIS LAKE 7,66a54638ba3511d892e2080020a0f4c9,FRANCOIS LAKE,7
09431,Indian Reserve,SK,SWEETGRASS I.R. 113-H1,6c9ebc0e849c20c389d504d161fba214,SWEETGRASS I.R. 113-H1,
09966,Indian Reserve,BC,ILTCOOLA INDIAN RESERVE NO. 7,4c297e752a4e496eb767c7f278156292,ILTCOOLA,7
10040,Indian Reserve,SK,MUSKOWEKWAN RESERVE NO. 85-72,32a269a44bc84a85b5b35514b718a8fd,MUSKOWEKWAN RESERVE NO. 85-72,
06314,Indian Reserve,ON,OSNABURGH INDIAN RESERVE NO. 63B,1014703dba2911d892e2080020a0f4c9,OSNABURGH,63B
08475,Indian Reserve,BC,DLAH KOH 31,53eb014dba3611d892e2080020a0f4c9,DLAH KOH,31
06386,Indian Reserve,MB,THE NARROWS 49A,ed18fb46bbe211d892e2080020a0f4c9,THE NARROWS,49A
09793,Indian Reserve,MB,RED SUCKER LAKE INDIAN RESERVE NO. 1976 F,586c09ba34ba4cdf93052ae5e11ee9ca,RED SUCKER LAKE INDIAN RESERVE NO. 1976 F,
07644,Indian Reserve,BC,KULSPAI 6,0715a97dba3611d892e2080020a0f4c9,KULSPAI,6
06732,Indian Reserve,AB,LITTLE BUFFALO LOTS,041b8cfd8afd49b6b2b5f6d7d3c986e4,LITTLE BUFFALO LOTS,
07303,Indian Reserve,BC,WHYEEK 4,299c29d9ba3611d892e2080020a0f4c9,WHYEEK,4
09267,Indian Reserve,SK,KEESEEKOOSE I.R. 66-CA-04,f2175d6fbbe211d892e2080020a0f4c9,KEESEEKOOSE I.R. 66-CA-04,
06191,Indian Reserve,ON,ONEIDA INDIAN RESERVE NO. 41,eabe2477ba2711d892e2080020a0f4c9,ONEIDA,41
09540,Indian Reserve,SK,PIAPOT CREE FIRST NATION I.R. 75G,6c9ebc22849c20c3ebd349bca8ae10c0,PIAPOT CREE FIRST NATION,75G
10227,Indian Reserve,MB,ROSEAU RAPIDS D INDIAN RESERVE,cb77ceb1237f4cda89c53ea4a2215769,ROSEAU RAPIDS D,
09428,Indian Reserve,SK,THUNDERCHILD FIRST NATION IR 115Q,6c9ebc0c849c20c3bdd5c10f44d5daaf,THUNDERCHILD FIRST NATION,115Q
10177,Indian Reserve,SK,PHEASANT RUMP NAKOTA INDIAN RESERVE NO. 68H,33442d7dc3c7412e9c2fc4eb3419bb23,PHEASANT RUMP NAKOTA,68H
06176,Indian Reserve,ON,POINT GRONDINE INDIAN RESERVE NO. 3,3d94e050ba2611d892e2080020a0f4c9,POINT GRONDINE,3
06282,Indian Reserve,MB,SHOAL LAKE INDIAN RESERVE NO. 37A,5f17de17ba2711d892e2080020a0f4c9,SHOAL LAKE,37A
06259,Indian Reserve,ON,ATTAWAPISKAT INDIAN RESERVE NO. 91,15b53f03ba2711d892e2080020a0f4c9,ATTAWAPISKAT,91
07841,Indian Reserve,BC,RED BLUFF 88,5313f70dba3511d892e2080020a0f4c9,RED BLUFF,88
08357,Indian Reserve,BC,KUMOWDAH 3,038be663ba3611d892e2080020a0f4c9,KUMOWDAH,3
09252,Indian Reserve,SK,KEESEEKOOSE I.R. 66-CH-03,f22f7953bbe211d892e2080020a0f4c9,KEESEEKOOSE I.R. 66-CH-03,
06806,Indian Reserve,BC,SKUTZ 8,ed7ee9aeba3511d892e2080020a0f4c9,SKUTZ,8
09133,Indian Reserve,SK,OCHAPOWACE I.R. 71-7,f5c7bb9dbbe211d892e2080020a0f4c9,OCHAPOWACE I.R. 71-7,
09817,Indian Reserve,MB,NORWAY HOUSE INDIAN RESERVE NO. 17C-13,382dea9731a841139f3499397f01887a,NORWAY HOUSE INDIAN RESERVE NO. 17C-13,
08014,Indian Reserve,BC,SWEETEEN 3,93cfe28bba3411d892e2080020a0f4c9,SWEETEEN,3
06576,Indian Reserve,SK,FISHING LAKE FIRST NATION INDIAN RESERVE NO. 89,f199f002bbe211d892e2080020a0f4c9,FISHING LAKE FIRST NATION,89
07922,Indian Reserve,BC,QUEQUA 6,7c7d785dba3511d892e2080020a0f4c9,QUEQUA,6
09667,Indian Reserve,SK,OKANESE I.R. 82(Z),6c9ebc38849c20c3c2eceb9962f29997,OKANESE I.R. 82(Z),
08018,Indian Reserve,BC,SKLAHHESTEN 5A,94230b9fba3411d892e2080020a0f4c9,SKLAHHESTEN,5A
08078,Indian Reserve,BC,GREENWOOD ISLAND 3,7900ad94ba3511d892e2080020a0f4c9,GREENWOOD ISLAND,3
00179,Indian Reserve,SK,FOND DU LAC I.R. 233,f1c7ddd6bbe211d892e2080020a0f4c9,FOND DU LAC,233
09795,Indian Reserve,MB,GOD'S LAKE SOUTHEAST OF COMMUNITY,67dc37ab51da4d82a80204ed56c415e2,GOD'S LAKE SOUTHEAST OF COMMUNITY,
08103,Indian Reserve,BC,STULLAWHEETS 8,980a582aba3411d892e2080020a0f4c9,STULLAWHEETS,8
10180,Indian Reserve,SK,KEESEEKOOSE INDIAN RESERVE NO. 66-KE-06,04821c33c4ce47de9c7d4e4e206eda31,KEESEEKOOSE INDIAN RESERVE NO. 66-KE-06,
06694,Indian Reserve,AB,WABASCA 166C,04d5f30ebbe311d892e2080020a0f4c9,WABASCA,166C
09566,Indian Reserve,SK,MUSKOWEKWAN I.R. 85-49,6c9ebc27849c20c34197cd910b81d095,MUSKOWEKWAN I.R. 85-49,
09406,Indian Reserve,SK,ONE ARROW I.R. 95-1H,6c9ebc07849c20c390f16d71f4375eb3,ONE ARROW I.R. 95-1H,
06664,Indian Reserve,AB,TALL CREE 173,0492cf88bbe311d892e2080020a0f4c9,TALL CREE,173
06246,Indian Reserve,ON,RAINY LAKE INDIAN RESERVE NO. 26B,135e2f96ba2711d892e2080020a0f4c9,RAINY LAKE,26B
09518,Indian Reserve,SK,POUNDMAKER I.R. 114-13,6c9ebc1c849c20c3e9e41c816efcf847,POUNDMAKER I.R. 114-13,
09112,Indian Reserve,BC,DEASE RIVER 1,5afefcabba3611d892e2080020a0f4c9,DEASE RIVER,1
07050,Indian Reserve,BC,ALERT BAY 1,1618970bba3611d892e2080020a0f4c9,ALERT BAY,1
08485,Indian Reserve,BC,CHUZ TEESLEE 41,52a4c5a0ba3611d892e2080020a0f4c9,CHUZ TEESLEE,41
07221,Indian Reserve,BC,LISH-LEESH-TUM 17,433b4e2eba3611d892e2080020a0f4c9,LISH-LEESH-TUM,17
06777,Indian Reserve,BC,KWA-TSA-LIX 4,e60f87ceba3511d892e2080020a0f4c9,KWA-TSA-LIX,4
08493,Indian Reserve,BC,TEH NOO'N CHE 49,5363cfe8ba3611d892e2080020a0f4c9,TEH NOO'N CHE,49
10100,Indian Reserve,MB,MASIKÏSKAHK INDIAN RESERVE,69b01e7011e743b384639595659819dd,MASIKISKAHK,
06928,Indian Reserve,BC,KEITH ISLAND 7,fd529387ba3511d892e2080020a0f4c9,KEITH ISLAND,7
06898,Indian Reserve,BC,DOOBAH 10,f11c34ceba3511d892e2080020a0f4c9,DOOBAH,10
08225,Indian Reserve,BC,ANAHIM'S FLAT 1,8e070599ba3411d892e2080020a0f4c9,ANAHIM'S FLAT,1
06763,Indian Reserve,BC,QUAN-SKUM-KSIN-MICH-MICH 4,e4f257f6ba3511d892e2080020a0f4c9,QUAN-SKUM-KSIN-MICH-MICH,4
06303,Indian Reserve,ON,LAC DES MILLE LACS FIRST NATION RESERVE NO. 22A2,3e7bfa72ba2811d892e2080020a0f4c9,LAC DES MILLE LACS FIRST NATION RESERVE NO. 22A2,
07455,Indian Reserve,BC,PALLING 1,4b64d833ba3611d892e2080020a0f4c9,PALLING,1
07915,Indian Reserve,BC,BARTLETT ISLAND 7,78766ef0ba3511d892e2080020a0f4c9,BARTLETT ISLAND,7
10149,Indian Reserve,MB,NORWAY HOUSE CREE NATION HAYES RIVER RIDGE B INDIAN RESERVE,16db2ee98cd44c26a42636794789a15b,NORWAY HOUSE CREE NATION HAYES RIVER RIDGE B,
09590,Indian Reserve,SK,CARRY THE KETTLE NAKODA I.R. 76-6,6c9ebc2e849c20c336261f63899f0838,CARRY THE KETTLE NAKODA I.R. 76-6,
08025,Indian Reserve,BC,KATZIE 2,897966faba3411d892e2080020a0f4c9,KATZIE,2
06809,Indian Reserve,BC,HALALT ISLAND 1,ede1f142ba3511d892e2080020a0f4c9,HALALT ISLAND,1
09426,Indian Reserve,SK,THUNDERCHILD FIRST NATION IR 115N,6c9ebc0c849c20c3ebf5e0d0784ba33e,THUNDERCHILD FIRST NATION,115N
09376,Indian Reserve,SK,SAULTEAUX INDIAN RESERVE NO. 159V,6c9ebc03849c20c37abe909877418d84,SAULTEAUX,159V
07218,Indian Reserve,BC,SHPAPZCHINH 20,279b77cbba3611d892e2080020a0f4c9,SHPAPZCHINH,20
08196,Indian Reserve,BC,ALEXIS CREEK 26,8a6c799cba3411d892e2080020a0f4c9,ALEXIS CREEK,26
09615,Indian Reserve,MB,CROSS LAKE 19X01,52098530ffb211dda89a080020a0f4c9,CROSS LAKE 19X01,
07683,Indian Reserve,BC,COHOE POINT 20,9e8fcf34ba3411d892e2080020a0f4c9,COHOE POINT,20
09416,Indian Reserve,SK,THUNDERCHILD FIRST NATION IR 115E,6c9ebc0a849c20c3e851432762750254,THUNDERCHILD FIRST NATION,115E
07519,Indian Reserve,BC,NORTH TACLA LAKE 7A,6ca11ac9ba3511d892e2080020a0f4c9,NORTH TACLA LAKE,7A
09724,Indian Reserve,SK,CARRY THE KETTLE NAKODA FIRST NATION 76-22,6c9ebc40849c20c36766f3295b12ce0b,CARRY THE KETTLE NAKODA FIRST NATION 76-22,
09329,Indian Reserve,SK,TREATY FOUR RESERVE GROUNDS I.R. NO. 77,feb7a246bbe211d892e2080020a0f4c9,TREATY FOUR RESERVE GROUNDS,77
06227,Indian Reserve,ON,LAKE OF THE WOODS INDIAN RESERVE NO. 35J,f32dd443ba2611d892e2080020a0f4c9,LAKE OF THE WOODS,35J
06219,Indian Reserve,ON,CAPE CROKER HUNTING GROUND INDIAN RESERVE NO. 60B,b84da7adba2611d892e2080020a0f4c9,CAPE CROKER HUNTING GROUND,60B
10092,Indian Reserve,MB,THUYCHOLEENI LAKE C INDIAN RESERVE,4e50a15aac2c4757b22a9a1467c9a20b,THUYCHOLEENI LAKE C,
07198,Indian Reserve,BC,GWEN LAKE 3,25533563ba3611d892e2080020a0f4c9,GWEN LAKE,3
06317,Indian Reserve,ON,WAPEKEKA RESERVE NO. 1,bf39e411ba2811d892e2080020a0f4c9,WAPEKEKA,1
09863,Indian Reserve,MB,WUSKWI SAKAHEYKUN,24d120f8da6c4719be1525abf8c9c8b4,WUSKWI SAKAHEYKUN,
09760,Indian Reserve,MB,NORWAY HOUSE 17D-9,dad1d3585a5f11dd9007080020a0f4c9,NORWAY HOUSE 17D-9,
06734,Indian Reserve,AB,ALLISON BAY 219,0766d754bbe311d892e2080020a0f4c9,ALLISON BAY,219
09301,Indian Reserve,SK,POUNDMAKER I.R. 114-3A,f9258bebbbe211d892e2080020a0f4c9,POUNDMAKER I.R. 114-3A,
07345,Indian Reserve,BC,NICKEYEAH 25,361b0461ba3611d892e2080020a0f4c9,NICKEYEAH,25
06479,Indian Reserve,SK,MOOSOMIN I.R. 112F,f3dd297dbbe211d892e2080020a0f4c9,MOOSOMIN,112F
06452,Indian Reserve,MB,NELSON HOUSE 170B,ec22190cbbe211d892e2080020a0f4c9,NELSON HOUSE,170B
08147,Indian Reserve,BC,LEON CREEK 2A,92998557ba3411d892e2080020a0f4c9,LEON CREEK,2A
10037,Indian Reserve,SK,MISTAWASIS INDIAN RESERVE NO. 103I,e47943c972e84f12b1f747d793d2ffcd,MISTAWASIS,103I
07416,Indian Reserve,BC,SALMON RIVER 1 (SPLATSIN),ddcf686eba3511d892e2080020a0f4c9,SALMON RIVER 1 (SPLATSIN),
07642,Indian Reserve,BC,KSHISH 4B,06cd7cebba3611d892e2080020a0f4c9,KSHISH,4B
08058,Indian Reserve,BC,TZEACHTEN 13,9711c74bba3411d892e2080020a0f4c9,TZEACHTEN,13
08088,Indian Reserve,BC,WAHLEACH ISLAND 2,8345e05bba3411d892e2080020a0f4c9,WAHLEACH ISLAND,2
10252,Indian Reserve,SK,STURGEON LAKE INDIAN RESERVE 101H,f84460a1eb924469b5fb63d3eae9eadc,STURGEON LAKE,101H
07969,Indian Reserve,BC,CAPILANO 5,9579c214ba3411d892e2080020a0f4c9,CAPILANO,5
06502,Indian Reserve,SK,FOND DU LAC I.R. 228,efa34fe3bbe211d892e2080020a0f4c9,FOND DU LAC,228
07100,Indian Reserve,BC,KAWAGES 4,1c338b71ba3611d892e2080020a0f4c9,KAWAGES,4
09705,Indian Reserve,SK,OKANESE I.R. 82(DD),6c9ebc3f849c20c3d80bc6ad2d8f3300,OKANESE I.R. 82(DD),
09712,Indian Reserve,MB,OXFORD HOUSE 24D,31ab150bffb211dda89a080020a0f4c9,OXFORD HOUSE,24D
08183,Indian Reserve,BC,ALEXIS CREEK 13,89a6917fba3411d892e2080020a0f4c9,ALEXIS CREEK,13
08210,Indian Reserve,BC,ALKALI LAKE 4A,8b0907c7ba3411d892e2080020a0f4c9,ALKALI LAKE,4A
09578,Indian Reserve,SK,OCHAPOWACE I.R. 71-102,6c9ebc2b849c20c37bdd2c91f2b1aebf,OCHAPOWACE I.R. 71-102,
06961,Indian Reserve,BC,HOMAYNO 2,07d5c533ba3611d892e2080020a0f4c9,HOMAYNO,2
06320,Indian Reserve,ON,PIKANGIKUM INDIAN RESERVE NO. 14,17571c8eba2911d892e2080020a0f4c9,PIKANGIKUM,14
07512,Indian Reserve,BC,KOTSINE 2,6bff0e63ba3511d892e2080020a0f4c9,KOTSINE,2
09316,Indian Reserve,SK,OKANESE I.R. 82 (N),f8a8bababbe211d892e2080020a0f4c9,OKANESE I.R. 82 (N),
07986,Indian Reserve,BC,CHEKWELP 26,96b2de63ba3411d892e2080020a0f4c9,CHEKWELP,26
07539,Indian Reserve,BC,WILLIAMS PRAIRIE MEADOW 1A,4d31f724ba3611d892e2080020a0f4c9,WILLIAMS PRAIRIE MEADOW,1A
08198,Indian Reserve,BC,ALEXIS CREEK 28,8a8e808eba3411d892e2080020a0f4c9,ALEXIS CREEK,28
09509,Indian Reserve,BC,TOM COOK 26,96464a73849c20c37fe5d889c5583272,TOM COOK,26
06606,Indian Reserve,SK,TURNOR LAKE I.R. 194,ef5c82debbe211d892e2080020a0f4c9,TURNOR LAKE,194
09113,Indian Reserve,BC,DEASE RIVER 4,96464aab849c20c3982410c010b80588,DEASE RIVER,4
08030,Indian Reserve,BC,LANGLEY 2,91c9d93aba3411d892e2080020a0f4c9,LANGLEY,2
08201,Indian Reserve,BC,ALEXIS CREEK 31,8aba7291ba3411d892e2080020a0f4c9,ALEXIS CREEK,31
09800,Indian Reserve,MB,BIRCH LANDING,ade4c6403d2d4489b856d4da12a836d5,BIRCH LANDING,
10127,Indian Reserve,MB,NORWAY HOUSE CREE NATION GUNISAO SIPIHK KEEWATINOHK INDIAN RESERVE,c3914334bc9f4801a00529322582639e,NORWAY HOUSE CREE NATION GUNISAO SIPIHK KEEWATINOHK,
07481,Indian Reserve,BC,PACK RIVER 2,65e74d61ba3511d892e2080020a0f4c9,PACK RIVER,2
06858,Indian Reserve,BC,TEQUA 21,e881e773ba3511d892e2080020a0f4c9,TEQUA,21
07154,Indian Reserve,BC,TOOPS 3,1e1f2ee1ba3611d892e2080020a0f4c9,TOOPS,3
07689,Indian Reserve,BC,TIAHN 27,9ee78c2aba3411d892e2080020a0f4c9,TIAHN,27
09385,Indian Reserve,SK,ENGLISH RIVER I.R. 192H,6c9ebc44849c20c3dbe8c7f5bf798a51,ENGLISH RIVER,192H
09727,Indian Reserve,SK,SAKIMAY I.R. 74-5,6c9ebc42849c20c3c9480381d356de8c,SAKIMAY I.R. 74-5,
09583,Indian Reserve,SK,MUSKOWEKWAN I.R. 85-47,6c9ebc2c849c20c3430de67f9dd8a803,MUSKOWEKWAN I.R. 85-47,
09503,Indian Reserve,BC,HOMINKA 11,96464a91849c20c30504dbe496ce618a,HOMINKA,11
10172,Indian Reserve,MB,GOD'S LAKE FIRST NATION ADDITION # 2,53cf103b49f54bd8ac2e0db5d543f39f,GOD'S LAKE FIRST NATION ADDITION #,2
09924,Indian Reserve,MB,WAPISIW SAKAHIKAN INDIAN RESERVE,7d90b0b9fb414988b52c36e0e26e2bfe,WAPISIW SAKAHIKAN,
08361,Indian Reserve,BC,REDSTONE FLAT 1A,99bee616ba3411d892e2080020a0f4c9,REDSTONE FLAT,1A
10059,Indian Reserve,ON,RAINY RIVER FIRST NATIONS NO. 4,62e69001221745739744e244565369bd,RAINY RIVER FIRST NATIONS,4
08181,Indian Reserve,BC,TOBY HELENES MEADOW 11,9a3a0990ba3411d892e2080020a0f4c9,TOBY HELENES MEADOW,11
06884,Indian Reserve,BC,HOMAIS 2,ee44d1c5ba3511d892e2080020a0f4c9,HOMAIS,2
08120,Indian Reserve,BC,FOUNTAIN 1,755ea786ba3511d892e2080020a0f4c9,FOUNTAIN,1
07877,Indian Reserve,BC,TANKEAH 5,714d64ecba3511d892e2080020a0f4c9,TANKEAH,5
07755,Indian Reserve,BC,WILNASKANCAUD 3,9f0462fbba3411d892e2080020a0f4c9,WILNASKANCAUD,3
09302,Indian Reserve,SK,POUNDMAKER I.R. 114-3B,f92b584cbbe211d892e2080020a0f4c9,POUNDMAKER I.R. 114-3B,
08251,Indian Reserve,BC,CANOE CREEK 2,8f6499e3ba3411d892e2080020a0f4c9,CANOE CREEK,2
07310,Indian Reserve,BC,NICKEL PALM 4,314671beba3611d892e2080020a0f4c9,NICKEL PALM,4
07211,Indian Reserve,BC,TSINKAHTL 8,267fa780ba3611d892e2080020a0f4c9,TSINKAHTL,8
09220,Indian Reserve,SK,OCHAPOWACE I.R. 71-19,f6577789bbe211d892e2080020a0f4c9,OCHAPOWACE I.R. 71-19,
06263,Indian Reserve,ON,NEW POST INDIAN RESERVE NO. 69,160b4e47ba2711d892e2080020a0f4c9,NEW POST,69
08468,Indian Reserve,BC,TSAZ CHEH KOH 24,51e2ae18ba3611d892e2080020a0f4c9,TSAZ CHEH KOH,24
06004,Indian Reserve,NB,RICHIBUCTO INDIAN RESERVE NO. 15,e8d14013bbe211d892e2080020a0f4c9,RICHIBUCTO,15
07958,Indian Reserve,BC,SECHELT BAND LANDS (EGMONT) NO 26,0be47adfd05511d892e2080020a0f4c9,SECHELT BAND LANDS (EGMONT),26
06794,Indian Reserve,BC,TWIN ISLAND 10,eabf7b78ba3511d892e2080020a0f4c9,TWIN ISLAND,10
06582,Indian Reserve,SK,CANOE LAKE I.R. 165A,f0872050bbe211d892e2080020a0f4c9,CANOE LAKE,165A
08532,Indian Reserve,NT,SALT PLAINS 195,09756b22bbe311d892e2080020a0f4c9,SALT PLAINS,195
09356,Indian Reserve,SK,POUNDMAKER I.R. 114-5A,6c9ebbff849c20c33b477c6f3cdb92b4,POUNDMAKER I.R. 114-5A,
08288,Indian Reserve,BC,FIVE MILE 3,dc4f7f20ba3511d892e2080020a0f4c9,FIVE MILE,3
09269,Indian Reserve,SK,BEARDY'S & OKEMASIS I.R. 96 & 97B,6c9ebbfa849c20c323b1f9b0bb3a7caf,BEARDY'S & OKEMASIS I.R. 96 &,97B
09887,Indian Reserve,SK,SAKIMAY INDIAN RESERVE NO. 74-14,53b05d20f2ba4f7f9e9b6055442bd5d8,SAKIMAY INDIAN RESERVE NO. 74-14,
10027,Indian Reserve,SK,MUSKOWEKWAN RESERVE NO. 85-68,85d9ae577db64e89bc2d7d933426c1ac,MUSKOWEKWAN RESERVE NO. 85-68,
06426,Indian Reserve,MB,OPASKWAYAK CREE NATION 21D,edfa5ab0bbe211d892e2080020a0f4c9,OPASKWAYAK CREE NATION,21D
06552,Indian Reserve,SK,KEESEEKOOSE I.R. 66A,f01b1802bbe211d892e2080020a0f4c9,KEESEEKOOSE,66A
09495,Indian Reserve,SK,MUSKEG LAKE I.R. 102J,6c9ebc1a849c20c3d825038e322cf89b,MUSKEG LAKE,102J
09675,Indian Reserve,SK,OCHAPOWACE I.R. 71-52,6c9ebc3a849c20c3cdacaf2fcd2c538f,OCHAPOWACE I.R. 71-52,
09229,Indian Reserve,SK,OCHAPOWACE I.R. 71-49,f782d83fbbe211d892e2080020a0f4c9,OCHAPOWACE I.R. 71-49,
09629,Indian Reserve,SK,OCHAPOWACE I.R. 71-87,6c9ebc34849c20c332bc37af82ec002b,OCHAPOWACE I.R. 71-87,
08464,Indian Reserve,BC,BIHL' K'A CHAH 20,5170d974ba3611d892e2080020a0f4c9,BIHL' K'A CHAH,20
07034,Indian Reserve,BC,TSARKSIS 2,1495c78bba3611d892e2080020a0f4c9,TSARKSIS,2
06367,Indian Reserve,MB,REED RIVER 36A,ec8c72a9bbe211d892e2080020a0f4c9,REED RIVER,36A
10098,Indian Reserve,MB,SAPOTAWEYAK CREE NATION (SCN) SWAN RIVER LOT 2 INDIAN RESERVE,fc33d484b04241248d567d713b89604b,SAPOTAWEYAK CREE NATION (SCN) SWAN RIVER LOT 2,
07370,Indian Reserve,BC,POOEYELTH 3,dd6709aaba3511d892e2080020a0f4c9,POOEYELTH,3
08338,Indian Reserve,BC,CAHOOSE 8,d8df5e92ba3511d892e2080020a0f4c9,CAHOOSE,8
09034,Indian Reserve,BC,GUHTHE TAH 12,576497c5ba3611d892e2080020a0f4c9,GUHTHE TAH,12
07533,Indian Reserve,BC,NOONLA 6,6ad73029ba3511d892e2080020a0f4c9,NOONLA,6
07472,Indian Reserve,BC,SEASPUNKUT 4,616399e1ba3511d892e2080020a0f4c9,SEASPUNKUT,4
07503,Indian Reserve,BC,PINKUT LAKE 23,64ba8d2aba3511d892e2080020a0f4c9,PINKUT LAKE,23
06439,Indian Reserve,MB,SHOAL RIVER 65B,ed9c0e05bbe211d892e2080020a0f4c9,SHOAL RIVER,65B
07652,Indian Reserve,BC,SALMON CREEK 3,56bc3e9bba3511d892e2080020a0f4c9,SALMON CREEK,3
07506,Indian Reserve,BC,BABINE 26,6552876dba3511d892e2080020a0f4c9,BABINE,26
06164,Indian Reserve,ON,CHAPLEAU INDIAN RESERVE NO. 61,7774daf6ba2611d892e2080020a0f4c9,CHAPLEAU,61
09877,Indian Reserve,MB,SISIPUK SAKAHEGAN (C) INDIAN RESERVE,43a2b3bddbf540699fbf2216a2b9a882,SISIPUK SAKAHEGAN (C),
07573,Indian Reserve,BC,POLICE MEADOW 2,6239d5a7ba3511d892e2080020a0f4c9,POLICE MEADOW,2
09790,Indian Reserve,MB,RED SUCKER LAKE INDIAN RESERVE NO. 1976 B,2eb622b13af144c6ba7021a6f356ef85,RED SUCKER LAKE INDIAN RESERVE NO. 1976 B,
07036,Indian Reserve,BC,NESUK 4,14c514edba3611d892e2080020a0f4c9,NESUK,4
07681,Indian Reserve,BC,SAOUCHTEN 18,9e69d0a2ba3411d892e2080020a0f4c9,SAOUCHTEN,18
10174,Indian Reserve,NB,OINPEGITJOIG INDIAN RESERVE,3b13506e16b24ec2988c5451940061d5,OINPEGITJOIG,
09969,Indian Reserve,SK,KAHKEWISTAHAW INDIAN RESERVE NO. 72I,f700201d279b49729230b77cec19679c,KAHKEWISTAHAW,72I
08214,Indian Reserve,BC,LITTLE SPRINGS 8,8b69774eba3411d892e2080020a0f4c9,LITTLE SPRINGS,8
08080,Indian Reserve,BC,TUNNEL 6,791790f5ba3511d892e2080020a0f4c9,TUNNEL,6
09621,Indian Reserve,MB,WUSKWI SIPIHK 3B,d22c6856ffb211dda89a080020a0f4c9,WUSKWI SIPIHK,3B
07222,Indian Reserve,BC,BASQUE 18,27563168ba3611d892e2080020a0f4c9,BASQUE,18
07682,Indian Reserve,BC,EGERIA BAY 19,9e86ce83ba3411d892e2080020a0f4c9,EGERIA BAY,19
09833,Indian Reserve,MB,NORWAY HOUSE INDIAN RESERVE NO. 17C-29,31c99b6450d94a04b41cae43681c53c4,NORWAY HOUSE INDIAN RESERVE NO. 17C-29,
06837,Indian Reserve,BC,BARE ISLAND 9,007864b5ba3611d892e2080020a0f4c9,BARE ISLAND,9
06446,Indian Reserve,MB,OXFORD HOUSE 24,ec4864c2bbe211d892e2080020a0f4c9,OXFORD HOUSE,24
07906,Indian Reserve,BC,HOMALCO 1,77af2747ba3511d892e2080020a0f4c9,HOMALCO,1
09627,Indian Reserve,SK,PIAPOT CREE FIRST NATION I.R. 75I,6c9ebc33849c20c30b9f1fd1d376450f,PIAPOT CREE FIRST NATION,75I
07220,Indian Reserve,BC,SCHIKAELTON 16,276b8e29ba3611d892e2080020a0f4c9,SCHIKAELTON,16
08238,Indian Reserve,BC,ANAHIM 13,8ec28d76ba3411d892e2080020a0f4c9,ANAHIM,13
06972,Indian Reserve,BC,GOOSE SPIT 3,08cf677eba3611d892e2080020a0f4c9,GOOSE SPIT,3
06893,Indian Reserve,BC,SARQUE 5,f09f63a9ba3511d892e2080020a0f4c9,SARQUE,5
08348,Indian Reserve,BC,TILGATKO 17,dbebb43cba3511d892e2080020a0f4c9,TILGATKO,17
08242,Indian Reserve,BC,ANAHIM 17,8ef9f12aba3411d892e2080020a0f4c9,ANAHIM,17
07443,Indian Reserve,BC,KNAPP LAKE 6,5b05a82dba3511d892e2080020a0f4c9,KNAPP LAKE,6
06839,Indian Reserve,BC,NEW SONGHEES 1A,fdaaecbaba3511d892e2080020a0f4c9,NEW SONGHEES,1A
06549,Indian Reserve,SK,WHITE BEAR I.R. 70,f1192731bbe211d892e2080020a0f4c9,WHITE BEAR,70
09720,Indian Reserve,SK,KISTAPINÂNIHK I.R. 231,6c9ebc40849c20c3209259a6c94f8c8d,KISTAPINANIHK,231
06208,Indian Reserve,ON,MOOSE POINT INDIAN RESERVE NO. 79,b568ebc0ba2811d892e2080020a0f4c9,MOOSE POINT,79
07414,Indian Reserve,BC,LULU 5,e2c5daf2ba3511d892e2080020a0f4c9,LULU,5
07849,Indian Reserve,BC,KAHAS 7,01391cacba3611d892e2080020a0f4c9,KAHAS,7
06860,Indian Reserve,BC,MOYEHAI 23,e8bddf05ba3511d892e2080020a0f4c9,MOYEHAI,23
09737,Indian Reserve,MB,ESKER RIDGE B,3eb53f5dffb211dda89a080020a0f4c9,ESKER RIDGE B,
07538,Indian Reserve,BC,NAK'AZDLI,4df7df3bba3611d892e2080020a0f4c9,NAK'AZDLI,
09609,Indian Reserve,MB,WUSKWI SIPIHK 5,07c0a4d5ffb211dda89a080020a0f4c9,WUSKWI SIPIHK,5
08373,Indian Reserve,BC,CHAPEL PARK 28,65a11c9fba3511d892e2080020a0f4c9,CHAPEL PARK,28
09437,Indian Reserve,SK,THUNDERCHILD FIRST NATION IR 115M,6c9ebc0e849c20c30ee97f51056febf9,THUNDERCHILD FIRST NATION,115M
09161,Indian Reserve,SK,MUSKOWEKWAN I.R. 85-5,f48a808bbbe211d892e2080020a0f4c9,MUSKOWEKWAN I.R. 85-5,
06980,Indian Reserve,BC,AHTA 3,0a7464ffba3611d892e2080020a0f4c9,AHTA,3
07174,Indian Reserve,BC,KAMLOOPS 2,28254140ba3611d892e2080020a0f4c9,KAMLOOPS,2
07927,Indian Reserve,BC,MUSQUEAM 4,8315cfa9ba3411d892e2080020a0f4c9,MUSQUEAM,4
07438,Indian Reserve,BC,POISON CREEK 17,59778e15ba3511d892e2080020a0f4c9,POISON CREEK,17
08228,Indian Reserve,BC,ANAHIM 3,8e30387cba3411d892e2080020a0f4c9,ANAHIM,3
06847,Indian Reserve,BC,QUEESIDAQUAH 4,f67f23baba3511d892e2080020a0f4c9,QUEESIDAQUAH,4
07072,Indian Reserve,BC,MAH-TE-NICHT 8,1a2c97ceba3611d892e2080020a0f4c9,MAH-TE-NICHT,8
10056,Indian Reserve,ON,RAINY RIVER FIRST NATIONS NO. 1,dfffd074f30047d0a42a871db209b9b1,RAINY RIVER FIRST NATIONS,1
10076,Indian Reserve,SK,CARRY THE KETTLE NAKODA FIRST NATION NO. 76-72,e82d0bc49eec49768126d9e072e96c98,CARRY THE KETTLE NAKODA FIRST NATION NO. 76-72,
06289,Indian Reserve,ON,WABAUSKANG INDIAN RESERVE NO. 21,a2818edeba2711d892e2080020a0f4c9,WABAUSKANG,21
09275,Indian Reserve,MB,NAYTAWUNKANK,ef0ed807bbe211d892e2080020a0f4c9,NAYTAWUNKANK,
07813,Indian Reserve,BC,MEYANLOW 58,49cffd62ba3511d892e2080020a0f4c9,MEYANLOW,58
10052,Indian Reserve,SK,YELLOW QUILL INDIAN RESERVE NO. 90-11,a01b3570e0ea4c718ef75d2921c47f5d,YELLOW QUILL INDIAN RESERVE NO. 90-11,
07795,Indian Reserve,BC,CARM CREEK 38,43c7ccd0ba3511d892e2080020a0f4c9,CARM CREEK,38
08193,Indian Reserve,BC,ALEXIS CREEK 23,8a3786e9ba3411d892e2080020a0f4c9,ALEXIS CREEK,23
09312,Indian Reserve,SK,SAULTEAUX INDIAN RESERVE NO. 159O,fae9d147bbe211d892e2080020a0f4c9,SAULTEAUX,159O
09348,Indian Reserve,SK,POUNDMAKER I.R. 114-4A,6c9ebbfc849c20c3df9951fb2e558edb,POUNDMAKER I.R. 114-4A,
09998,Indian Reserve,MB,SWAN RIVER LOT - SAPOTAWEYAK CREE NATION,d942119674b3465c99fbe7453922765c,SWAN RIVER LOT - SAPOTAWEYAK CREE NATION,
07646,Indian Reserve,BC,KITSUMKAYLUM 1,0759693fba3611d892e2080020a0f4c9,KITSUMKAYLUM,1
07494,Indian Reserve,BC,NEDOATS 13,63823431ba3511d892e2080020a0f4c9,NEDOATS,13
07053,Indian Reserve,BC,CHES-LA-KEE 3,1667a16eba3611d892e2080020a0f4c9,CHES-LA-KEE,3
06450,Indian Reserve,MB,NELSON HOUSE 170,ec156edabbe211d892e2080020a0f4c9,NELSON HOUSE,170
06483,Indian Reserve,SK,SEEKASKOOTCH INDIAN RESERVE NO. 119,fbb0077cbbe211d892e2080020a0f4c9,SEEKASKOOTCH,119
09367,Indian Reserve,SK,OCHAPOWACE I.R. 71-67,6c9ebc00849c20c32cb3b6dc644fcd40,OCHAPOWACE I.R. 71-67,
08483,Indian Reserve,BC,NAK'A LAT 39,52796fdeba3611d892e2080020a0f4c9,NAK'A LAT,39
07824,Indian Reserve,BC,KASIKA 71,4e81778dba3511d892e2080020a0f4c9,KASIKA,71
07535,Indian Reserve,BC,SINKUT LAKE 8,6b19694bba3511d892e2080020a0f4c9,SINKUT LAKE,8
10218,Indian Reserve,SK,CARRY THE KETTLE NAKODA FIRST NATION #76-86,95e2cdd52e884996966d4c56fb6fda04,CARRY THE KETTLE NAKODA FIRST NATION #76-86,
08126,Indian Reserve,BC,FOUNTAIN 3,761ffbbcba3511d892e2080020a0f4c9,FOUNTAIN,3
09910,Indian Reserve,MB,OPASKWAYAK CREE NATION 21A SOUTH INDIAN RESERVE,94dcd00fd4d1486bbcd1f0ae7c512d38,OPASKWAYAK CREE NATION 21A SOUTH,
06232,Indian Reserve,ON,BIG ISLAND INDIAN RESERVE NO. 31F,10dc3f98ba2711d892e2080020a0f4c9,BIG ISLAND,31F
06544,Indian Reserve,SK,KAHKEWISTAHAW I.R. 72,f06407eabbe211d892e2080020a0f4c9,KAHKEWISTAHAW,72
09888,Indian Reserve,AB,ɁEJERE K'ELNI KŲE INDIAN RESERVE NO. 196I,82cc9304ee064ae68d45d70858b0ef59,ɁEJERE K'ELNI KUE,196I
09682,Indian Reserve,SK,OCHAPOWACE I.R. 71-130,6c9ebc3b849c20c3aad307c52fcd1c19,OCHAPOWACE I.R. 71-130,
07402,Indian Reserve,BC,BLIND CREEK 6A,2f4a5393ba3611d892e2080020a0f4c9,BLIND CREEK,6A
06503,Indian Reserve,SK,FOND DU LAC I.R. 229,efa94354bbe211d892e2080020a0f4c9,FOND DU LAC,229
06410,Indian Reserve,MB,ROLLING RIVER 67,ec928d2abbe211d892e2080020a0f4c9,ROLLING RIVER,67
09703,Indian Reserve,MB,RED CROSS LAKE NORTH,a76a35bfffb211dda89a080020a0f4c9,RED CROSS LAKE NORTH,
10230,Indian Reserve,SK,KAHKEWISTAHAW INDIAN RESERVE NO. 72-T,f34eb71153d24fb683ddc464a9402107,KAHKEWISTAHAW INDIAN RESERVE NO. 72-T,
08041,Indian Reserve,BC,Q’ALATKÚ7EM,92ee0dfcba3411d892e2080020a0f4c9,Q’ALATKU7EM,
07254,Indian Reserve,BC,SALMON LAKE 7,e216610bba3511d892e2080020a0f4c9,SALMON LAKE,7
09462,Indian Reserve,SK,MUSKEG LAKE I.R. 102K,6c9ebc13849c20c3296881d39046f209,MUSKEG LAKE,102K
10163,Indian Reserve,MB,PUTAHOW LAKE SITE D INDIAN RESERVE,b018dceda701415a92e15fc888663cee,PUTAHOW LAKE SITE D,
10165,Indian Reserve,MB,THLEWIAZA RIVER INDIAN RESERVE,2007434816d84e1bb8401dc1c3c0bf3c,THLEWIAZA RIVER,
07864,Indian Reserve,BC,KISAMEET 7,6f17991fba3511d892e2080020a0f4c9,KISAMEET,7
09411,Indian Reserve,SK,OKANESE I.R. 82(T),6c9ebc08849c20c3351549bac447c3c8,OKANESE I.R. 82(T),
06324,Indian Reserve,ON,KINGFISHER LAKE INDIAN RESERVE NO. 1,f1cdbc89ba2811d892e2080020a0f4c9,KINGFISHER LAKE,1
07032,Indian Reserve,BC,COMPTON ISLAND 6,1463e219ba3611d892e2080020a0f4c9,COMPTON ISLAND,6
08257,Indian Reserve,BC,TOBY LAKE 6,435083dfba3611d892e2080020a0f4c9,TOBY LAKE,6
10113,Indian Reserve,MB,NORWAY HOUSE CREE NATION MOOSA OTINIHK INDIAN RESERVE,a615e28203cb4586b2f98dafb223f571,NORWAY HOUSE CREE NATION MOOSA OTINIHK,
06701,Indian Reserve,AB,BEAVER LAKE 131,05a1cea3bbe311d892e2080020a0f4c9,BEAVER LAKE,131
07980,Indian Reserve,BC,SEAICHEM 16,9639689dba3411d892e2080020a0f4c9,SEAICHEM,16
08000,Indian Reserve,BC,CHALLETKOHUM 5,83044377ba3411d892e2080020a0f4c9,CHALLETKOHUM,5
06372,Indian Reserve,MB,JACKHEAD 43A,eb9cbc5fbbe211d892e2080020a0f4c9,JACKHEAD,43A
08237,Indian Reserve,BC,ANAHIM 12,8eba01f5ba3411d892e2080020a0f4c9,ANAHIM,12
10147,Indian Reserve,MB,NORWAY HOUSE CREE NATION WAWAHTEW SAKAHIGAN SAWANOHK INDIAN RESERVE,894e113f41e44c219bcb156f5c218e85,NORWAY HOUSE CREE NATION WAWAHTEW SAKAHIGAN SAWANOHK,
07796,Indian Reserve,BC,KATEEN RIVER 39,452b0651ba3511d892e2080020a0f4c9,KATEEN RIVER,39
08184,Indian Reserve,BC,ALEXIS CREEK 14,89b73350ba3411d892e2080020a0f4c9,ALEXIS CREEK,14
09277,Indian Reserve,SK,MIN-A-HE-QUO-SIS I.R. 116C,f3597a81bbe211d892e2080020a0f4c9,MIN-A-HE-QUO-SIS,116C
07834,Indian Reserve,BC,ALASTAIR 81,505e73f6ba3511d892e2080020a0f4c9,ALASTAIR,81
09666,Indian Reserve,SK,OKANESE I.R. 82(Y),6c9ebc38849c20c3d89718492edbcfdc,OKANESE I.R. 82(Y),
09340,Indian Reserve,MB,WESHA KIJAY WASAGAMACH,13cbd5b6ffb211dda89a080020a0f4c9,WESHA KIJAY WASAGAMACH,
07110,Indian Reserve,BC,HAYLAHTE 3,1d62e3bbba3611d892e2080020a0f4c9,HAYLAHTE,3
07695,Indian Reserve,BC,KASTE 6,549c44c3ba3511d892e2080020a0f4c9,KASTE,6
07177,Indian Reserve,BC,KAMLOOPS 5,2875ab33ba3611d892e2080020a0f4c9,KAMLOOPS,5
07206,Indian Reserve,BC,SHAWNIKEN 4B,26191d7bba3611d892e2080020a0f4c9,SHAWNIKEN,4B
07541,Indian Reserve,BC,SOWCHEA 3,665f8aa5ba3511d892e2080020a0f4c9,SOWCHEA,3
06019,Indian Reserve,NB,BIG HOLE TRACT INDIAN RESERVE NO. 8 (NORTH HALF),bb559e1e849c20c382c62bd17d13a0c3,BIG HOLE TRACT INDIAN RESERVE NO. 8 (NORTH HALF),
06852,Indian Reserve,BC,MARKTOSIS 15,e8140a6eba3511d892e2080020a0f4c9,MARKTOSIS,15
08492,Indian Reserve,BC,SKOOBY ISLAND 48,534a5477ba3611d892e2080020a0f4c9,SKOOBY ISLAND,48
08151,Indian Reserve,BC,SLOSH 1,9366e784ba3411d892e2080020a0f4c9,SLOSH,1
07916,Indian Reserve,BC,BEAR BAY 8,78971651ba3511d892e2080020a0f4c9,BEAR BAY,8
10151,Indian Reserve,MB,NORWAY HOUSE CREE NATION LOGAN LAKE NORTH SHORE INDIAN RESERVE,951286e6889842fc8b01a1b7add46b40,NORWAY HOUSE CREE NATION LOGAN LAKE NORTH SHORE,
06979,Indian Reserve,BC,MEETUP 2,0a58788eba3611d892e2080020a0f4c9,MEETUP,2
10067,Indian Reserve,NS,HAMMONDS PLAINS RESERVE,b906caf3e5014efa987955b0c90769e0,HAMMONDS PLAINS,
06880,Indian Reserve,BC,ILTHPAYA 8,ec103e74ba3511d892e2080020a0f4c9,ILTHPAYA,8
09641,Indian Reserve,SK,CARRY THE KETTLE NAKODA I.R. 76-31,6c9ebc36849c20c30ea33e5a059c3314,CARRY THE KETTLE NAKODA I.R. 76-31,
08064,Indian Reserve,BC,LAKWAY CEMETERY 3,7d721095ba3511d892e2080020a0f4c9,LAKWAY CEMETERY,3
08021,Indian Reserve,BC,FRANKS 10,944c3e82ba3411d892e2080020a0f4c9,FRANKS,10
07891,Indian Reserve,BC,KINMAKANKSK 6,7a6546afba3511d892e2080020a0f4c9,KINMAKANKSK,6
08101,Indian Reserve,BC,SQUEAH 6,97f45f28ba3411d892e2080020a0f4c9,SQUEAH,6
08190,Indian Reserve,BC,ALEXIS CREEK 20,8a08aeb6ba3411d892e2080020a0f4c9,ALEXIS CREEK,20
06251,Indian Reserve,ON,SABASKONG BAY INDIAN RESERVE NO. 35D,14492bdbba2711d892e2080020a0f4c9,SABASKONG BAY,35D
10184,Indian Reserve,MB,KESINLTINTÚWE INDIAN RESERVE,b4dca9237cc94636958bb1146410e189,KESINLTINTUWE,
07286,Indian Reserve,BC,PAUL'S 6,23f7c409ba3611d892e2080020a0f4c9,PAUL'S,6
07758,Indian Reserve,BC,KHTAHDA 10,9f2d20aeba3411d892e2080020a0f4c9,KHTAHDA,10
00017,Indian Reserve,BC,LILLOOET 1A,98aaddf6ba3411d892e2080020a0f4c9,LILLOOET,1A
08320,Indian Reserve,BC,TSACHLA LAKE 8,90823df4ba3411d892e2080020a0f4c9,TSACHLA LAKE,8
06471,Indian Reserve,MB,FOX LAKE 1,eb187126bbe211d892e2080020a0f4c9,FOX LAKE,1
09309,Indian Reserve,SK,SAULTEAUX I.R. 159L,fa607d04bbe211d892e2080020a0f4c9,SAULTEAUX,159L
08304,Indian Reserve,BC,BAEZAEKO RIVER 26,9106621dba3411d892e2080020a0f4c9,BAEZAEKO RIVER,26
09821,Indian Reserve,MB,NORWAY HOUSE INDIAN RESERVE NO. 17C-17,52c1f2880ebb4da7b2a9036738defa95,NORWAY HOUSE INDIAN RESERVE NO. 17C-17,
06696,Indian Reserve,AB,UTIKOOMAK LAKE 155,056dc64fbbe311d892e2080020a0f4c9,UTIKOOMAK LAKE,155
07993,Indian Reserve,BC,NEQUATQUE 3,6e0e8d84ba3511d892e2080020a0f4c9,NEQUATQUE,3
09311,Indian Reserve,SK,SAULTEAUX INDIAN RESERVE NO. 159N,fac0ec86bbe211d892e2080020a0f4c9,SAULTEAUX,159N
08308,Indian Reserve,BC,TROUT LAKE JONNY 15,914b5a61ba3411d892e2080020a0f4c9,TROUT LAKE JONNY,15
06109,Indian Reserve,QC,ROMAINE INDIAN RESERVE NO. 2,b32afc2aba2311d892e2080020a0f4c9,ROMAINE,2
08062,Indian Reserve,BC,YAALSTRICK 1,7d3ad3f3ba3511d892e2080020a0f4c9,YAALSTRICK,1
06377,Indian Reserve,MB,PAUINGASSI,ed5b5b7cbbe211d892e2080020a0f4c9,PAUINGASSI,
06277,Indian Reserve,ON,LAKE OF THE WOODS INDIAN RESERVE NO. 37B,3d34f0d4ba2711d892e2080020a0f4c9,LAKE OF THE WOODS,37B
09834,Indian Reserve,MB,NORWAY HOUSE INDIAN RESERVE NO. 17C-30,031d79de4a5b4cf59063d6effa4ee5f2,NORWAY HOUSE INDIAN RESERVE NO. 17C-30,
07258,Indian Reserve,BC,PAPSILQUA 13,3b76a064ba3611d892e2080020a0f4c9,PAPSILQUA,13
06848,Indian Reserve,BC,YARKSIS 11,e79b7f0bba3511d892e2080020a0f4c9,YARKSIS,11
06721,Indian Reserve,AB,CLEARWATER 175,06447752bbe311d892e2080020a0f4c9,CLEARWATER,175
06790,Indian Reserve,BC,FRASER ISLAND 6,ea55e434ba3511d892e2080020a0f4c9,FRASER ISLAND,6
08481,Indian Reserve,BC,TSUN TINE AH 37,5252adfcba3611d892e2080020a0f4c9,TSUN TINE AH,37
09899,Indian Reserve,SK,CARRY THE KETTLE NAKODA FIRST NATION IR 76-38,06869c01b2a1486ea25724190125e6e0,CARRY THE KETTLE NAKODA FIRST NATION IR 76-38,
08016,Indian Reserve,BC,SKOOKUMCHUCK 4A,93fa9c0dba3411d892e2080020a0f4c9,SKOOKUMCHUCK,4A
07257,Indian Reserve,BC,SOLDATQUO 12,3b48d9a3ba3611d892e2080020a0f4c9,SOLDATQUO,12
09753,Indian Reserve,MB,NORWAY HOUSE 17D-1,ab059bbe5a5e11dd9007080020a0f4c9,NORWAY HOUSE 17D-1,
09648,Indian Reserve,AB,THEBATHI 196,a53cd91effb311dda89a080020a0f4c9,THEBATHI,196
07278,Indian Reserve,BC,SAM ADAMS 12,23508781ba3611d892e2080020a0f4c9,SAM ADAMS,12
09709,Indian Reserve,MB,OXFORD HOUSE 24A,623561e3ffb211dda89a080020a0f4c9,OXFORD HOUSE,24A
08165,Indian Reserve,BC,FREDDIE'S MEADOW 8,9945222fba3411d892e2080020a0f4c9,FREDDIE'S MEADOW,8
06977,Indian Reserve,BC,DUG-DA-MYSE 12,0a31ddbcba3611d892e2080020a0f4c9,DUG-DA-MYSE,12
07700,Indian Reserve,BC,BLACK SLATE 11,55ab6ad8ba3511d892e2080020a0f4c9,BLACK SLATE,11
09803,Indian Reserve,MB,NA-SHA-KE-PENAIS,23345b3a1e5146c49e96a83ff3e7e08c,NA-SHA-KE-PENAIS,
10231,Indian Reserve,SK,KAHKEWISTAHAW INDIAN RESERVE NO. 72-O,1ef8ec05a6aa4ab58ef730e4e53cb10e,KAHKEWISTAHAW INDIAN RESERVE NO. 72-O,
09172,Indian Reserve,SK,OCHAPOWACE I.R. 71-34,f6bb9090bbe211d892e2080020a0f4c9,OCHAPOWACE I.R. 71-34,
09708,Indian Reserve,SK,CARRY THE KETTLE NAKODA I.R. 76-33,6c9ebc3f849c20c36afbf2649be82ad9,CARRY THE KETTLE NAKODA I.R. 76-33,
09759,Indian Reserve,MB,NORWAY HOUSE 17D-8,cd3f8d475a5f11dd9007080020a0f4c9,NORWAY HOUSE 17D-8,
09624,Indian Reserve,MB,WUSKWI SIPIHK 3E,d1928e9fffb111dda89a080020a0f4c9,WUSKWI SIPIHK,3E
09696,Indian Reserve,MB,OPEKUNOSAKAKANIHK,502a2186ffb311dda89a080020a0f4c9,OPEKUNOSAKAKANIHK,
06198,Indian Reserve,ON,CHIPPEWAS OF GEORGINA ISLAND FIRST NATION,e8026289ba2b11d892e2080020a0f4c9,CHIPPEWAS OF GEORGINA ISLAND FIRST NATION,
06376,Indian Reserve,MB,LITTLE GRAND RAPIDS 14,ebbeea62bbe211d892e2080020a0f4c9,LITTLE GRAND RAPIDS,14
07934,Indian Reserve,BC,SECHELT BAND LANDS (KLAYEKWIM) NO 6A,75c9b307d05511d892e2080020a0f4c9,SECHELT BAND LANDS (KLAYEKWIM),6A
06581,Indian Reserve,SK,CANOE LAKE I.R. 165,f0930732bbe211d892e2080020a0f4c9,CANOE LAKE,165
06402,Indian Reserve,MB,WAYWAYSEECAPPO FIRST NATION,ee40b287bbe211d892e2080020a0f4c9,WAYWAYSEECAPPO FIRST NATION,
06836,Indian Reserve,BC,PENDER ISLAND 8,0065a004ba3611d892e2080020a0f4c9,PENDER ISLAND,8
07917,Indian Reserve,BC,KLAHOOSE 1,7bca2de8ba3511d892e2080020a0f4c9,KLAHOOSE,1
06062,Indian Reserve,NS,TRURO INDIAN RESERVE NO. 27B,b8a5f51daffd11d892e2080020a0f4c9,TRURO,27B
09188,Indian Reserve,SK,MUSKOWEKWAN I.R. 85-1,f45c4497bbe211d892e2080020a0f4c9,MUSKOWEKWAN I.R. 85-1,
09928,Indian Reserve,SK,OKANESE INDIAN RESERVE NO. 82 (GG),e5f258d181e940138eb575808ea1414c,OKANESE INDIAN RESERVE NO. 82 (GG),
10048,Indian Reserve,SK,ENGLISH RIVER FIRST NATION MAWDSLEY LAKE RESERVE NO. 192R,65b7c841e990445d904ad847867404f9,ENGLISH RIVER FIRST NATION MAWDSLEY LAKE,192R
07850,Indian Reserve,BC,KAYEL 8,014d19ddba3611d892e2080020a0f4c9,KAYEL,8
08262,Indian Reserve,BC,CHILCO LAKE 1,7fb12b34ba3511d892e2080020a0f4c9,CHILCO LAKE,1
06005,Indian Reserve,NB,BUCTOUCHE INDIAN RESERVE NO. 16,e8e208f5bbe211d892e2080020a0f4c9,BUCTOUCHE,16
07004,Indian Reserve,BC,WAWWAT'L 12,0d53de55ba3611d892e2080020a0f4c9,WAWWAT'L,12
07232,Indian Reserve,BC,NICOMEN 1,3733041cba3611d892e2080020a0f4c9,NICOMEN,1
08195,Indian Reserve,BC,ALEXIS CREEK 25,8a51296bba3411d892e2080020a0f4c9,ALEXIS CREEK,25
09257,Indian Reserve,SK,PELICAN LAKE I.R. 191-C,f8d262d1bbe211d892e2080020a0f4c9,PELICAN LAKE I.R. 191-C,
09768,Indian Reserve,MB,HURLEY ISLAND,e76aa8d95a6011dd9007080020a0f4c9,HURLEY ISLAND,
06882,Indian Reserve,BC,EELSEUKLIS 10,ec5e5e76ba3511d892e2080020a0f4c9,EELSEUKLIS,10
07079,Indian Reserve,BC,PULCAH 15,1aab16a4ba3611d892e2080020a0f4c9,PULCAH,15
07204,Indian Reserve,BC,SPENCES BRIDGE 4C,25e08149ba3611d892e2080020a0f4c9,SPENCES BRIDGE,4C
07955,Indian Reserve,BC,SECHELT BAND LANDS (COKQUENEETS) NO 23,0bda1a9ed05511d892e2080020a0f4c9,SECHELT BAND LANDS (COKQUENEETS),23
07470,Indian Reserve,BC,FRASER LAKE 2,6133b03fba3511d892e2080020a0f4c9,FRASER LAKE,2
09425,Indian Reserve,SK,POUNDMAKER I.R. 114-9A,6c9ebc0b849c20c34672f0a6fcb60919,POUNDMAKER I.R. 114-9A,
06795,Indian Reserve,BC,SAY-LA-QUAS 10,eadb40d9ba3511d892e2080020a0f4c9,SAY-LA-QUAS,10
06309,Indian Reserve,ON,PIC MOBERT RESERVE NORTH,a0016100ba2911d892e2080020a0f4c9,PIC MOBERT RESERVE NORTH,
06808,Indian Reserve,BC,ESQUIMALT,edc20d31ba3511d892e2080020a0f4c9,ESQUIMALT,
09211,Indian Reserve,BC,KLUEMT 15,5a9c1c29ba3611d892e2080020a0f4c9,KLUEMT,15
09173,Indian Reserve,SK,OCHAPOWACE I.R. 71-35,f6c68d11bbe211d892e2080020a0f4c9,OCHAPOWACE I.R. 71-35,
08052,Indian Reserve,BC,SCHELOWAT 1,947dfce5ba3411d892e2080020a0f4c9,SCHELOWAT,1
06968,Indian Reserve,BC,CAPE MUDGE 10,086b758aba3611d892e2080020a0f4c9,CAPE MUDGE,10
07073,Indian Reserve,BC,CLATUX 9,1a46886fba3611d892e2080020a0f4c9,CLATUX,9
07084,Indian Reserve,BC,HOKE POINT 10B,092ddb32ba3611d892e2080020a0f4c9,HOKE POINT,10B
07675,Indian Reserve,BC,DANINGAY 12,9e1fa83cba3411d892e2080020a0f4c9,DANINGAY,12
07949,Indian Reserve,BC,SECHELT BAND LANDS (SAWQUAMAIN) NO 19A,0bbad2cbd05511d892e2080020a0f4c9,SECHELT BAND LANDS (SAWQUAMAIN),19A
06719,Indian Reserve,AB,NAMUR RIVER 174A,06333940bbe311d892e2080020a0f4c9,NAMUR RIVER,174A
10105,Indian Reserve,SK,CARRY THE KETTLE NAKODA FIRST NATION NO 76-52,d32fee3e65db46f8875fd0882df6dcac,CARRY THE KETTLE NAKODA FIRST NATION NO 76-52,
09334,Indian Reserve,SK,PIAPOT CREE FIRST NATION I.R. 75F,6c9ebbfb849c20c38fdad32de0e384ca,PIAPOT CREE FIRST NATION,75F
10137,Indian Reserve,MB,ATKINSON LAKE INDIAN RESERVE,c23096e2f30143a1a42504a43ed4896a,ATKINSON LAKE,
07468,Indian Reserve,BC,OMINECA 1,69b08a70ba3511d892e2080020a0f4c9,OMINECA,1
09670,Indian Reserve,ON,ASSABASKA INDIAN RESERVE,419682b5ffb111dda89a080020a0f4c9,ASSABASKA,
09678,Indian Reserve,AB,FORT MCKAY 174C,9f0d718dffb311dda89a080020a0f4c9,FORT MCKAY,174C
09424,Indian Reserve,SK,POUNDMAKER I.R. 114-10A,6c9ebc0b849c20c35650616101b9505f,POUNDMAKER I.R. 114-10A,
09441,Indian Reserve,SK,SWEETGRASS I.R. 113-F16,6c9ebc0f849c20c396c3f3b014035902,SWEETGRASS I.R. 113-F16,
08013,Indian Reserve,BC,DOUGLAS 8,754c09e5ba3511d892e2080020a0f4c9,DOUGLAS,8
07873,Indian Reserve,BC,KOKYET 1,70c214d8ba3511d892e2080020a0f4c9,KOKYET,1
06137,Indian Reserve,QC,MINGAN,cd02bcfeba2311d892e2080020a0f4c9,MINGAN,
08105,Indian Reserve,BC,YALE 18,9821629cba3411d892e2080020a0f4c9,YALE,18
08066,Indian Reserve,BC,AYLECHOOTLOOK 5,7da7c697ba3511d892e2080020a0f4c9,AYLECHOOTLOOK,5
06570,Indian Reserve,SK,PEEPEEKISIS I.R. 81,f0d95f0abbe211d892e2080020a0f4c9,PEEPEEKISIS,81
08441,Indian Reserve,BC,TESLIN LAKE 7,41e8dd85ba3611d892e2080020a0f4c9,TESLIN LAKE,7
07166,Indian Reserve,BC,LOON LAKE 4,213d37cdba3611d892e2080020a0f4c9,LOON LAKE,4
10061,Indian Reserve,SK,CARRY THE KETTLE NAKODA FIRST NATION NO. 76-63,23c946a399614e779c05e25938cda361,CARRY THE KETTLE NAKODA FIRST NATION NO. 76-63,
09740,Indian Reserve,MB,OXFORD LAKE NORTH SHORE,267fbcd9ffb211dda89a080020a0f4c9,OXFORD LAKE NORTH SHORE,
10132,Indian Reserve,MB,ATKINSON LAKE C INDIAN RESERVE,af48227bfa2345669d176adbe683a193,ATKINSON LAKE C,
07846,Indian Reserve,BC,KULKAYU 4,42bf8e79ba3611d892e2080020a0f4c9,KULKAYU,4
06598,Indian Reserve,SK,WAPACHEWUNAK I.R. 192D,fee12349bbe211d892e2080020a0f4c9,WAPACHEWUNAK,192D
09345,Indian Reserve,AB,WADLIN LAKE 173C,2584508fffb311dda89a080020a0f4c9,WADLIN LAKE,173C
07020,Indian Reserve,BC,KEOGH 3,0ed79835ba3611d892e2080020a0f4c9,KEOGH,3
09787,Indian Reserve,MB,MOOSEOCOOT NO. 2,83f116e337944d53867a92814852f2af,MOOSEOCOOT,2
08351,Indian Reserve,BC,TWO MILE CREEK 16A,3420baf5ba3611d892e2080020a0f4c9,TWO MILE CREEK,16A
07325,Indian Reserve,BC,LYTTON 9A,32e5f0fbba3611d892e2080020a0f4c9,LYTTON,9A
09527,Indian Reserve,SK,OCHAPOWACE I.R. 71-109,6c9ebc1f849c20c36d5ed9eb5ef195f6,OCHAPOWACE I.R. 71-109,
07307,Indian Reserve,BC,NUUAUTIN 2B,30edca6bba3611d892e2080020a0f4c9,NUUAUTIN,2B
09844,Indian Reserve,MB,NORWAY HOUSE INDIAN RESERVE NO. 17C-40,a5b7c62ca7a74028b7026adb89042c2a,NORWAY HOUSE INDIAN RESERVE NO. 17C-40,
06157,Indian Reserve,ON,GROS CAP INDIAN RESERVE NO. 49,b304289eba2511d892e2080020a0f4c9,GROS CAP,49
08009,Indian Reserve,BC,COQUITLAM 1,74f696e1ba3511d892e2080020a0f4c9,COQUITLAM,1
09714,Indian Reserve,SK,POUNDMAKER INDIAN RESERVE NO. 114-17,da56a1e4c5b14e8c9a11a45a24f099a6,POUNDMAKER INDIAN RESERVE NO. 114-17,
09264,Indian Reserve,SK,MUSKOWEKWAN I.R. 85-26,f5035a1bbbe211d892e2080020a0f4c9,MUSKOWEKWAN I.R. 85-26,
06021,Indian Reserve,NB,RED BANK INDIAN RESERVE NO. 4,e97a2a52bbe211d892e2080020a0f4c9,RED BANK,4
07899,Indian Reserve,BC,SKILAK 14,7bac93c7ba3511d892e2080020a0f4c9,SKILAK,14
06726,Indian Reserve,AB,JANVIER 194,06b588a9bbe311d892e2080020a0f4c9,JANVIER,194
07989,Indian Reserve,BC,DEFENCE ISLAND 28,96cd1d26ba3411d892e2080020a0f4c9,DEFENCE ISLAND,28
06819,Indian Reserve,BC,GABRIOLA ISLAND 5,efe5d7a1ba3511d892e2080020a0f4c9,GABRIOLA ISLAND,5
07527,Indian Reserve,BC,STELLAQUO 1,6a038c73ba3511d892e2080020a0f4c9,STELLAQUO,1
07676,Indian Reserve,BC,YATZE 13,9e2d8aedba3411d892e2080020a0f4c9,YATZE,13
06214,Indian Reserve,ON,CURVE LAKE INDIAN RESERVE NO. 35A,a012473dba2811d892e2080020a0f4c9,CURVE LAKE,35A
08487,Indian Reserve,BC,TANIZUL 43,52d1f022ba3611d892e2080020a0f4c9,TANIZUL,43
09532,Indian Reserve,SK,OCHAPOWACE I.R. 71-118,6c9ebc1f849c20c33ec6cc09ca60c8d7,OCHAPOWACE I.R. 71-118,
07201,Indian Reserve,BC,SKOONKOON 2,25a218b6ba3611d892e2080020a0f4c9,SKOONKOON,2
07570,Indian Reserve,BC,TSAY CHO 4,50f39320ba3611d892e2080020a0f4c9,TSAY CHO,4
10031,Indian Reserve,SK,MISTAWASIS INDIAN RESERVE NO. 103G,556a0a09ed5c4771b54d552a5ffac03a,MISTAWASIS,103G
06496,Indian Reserve,SK,MUSKEG RIVER I.R. 20C,f42f1a15bbe211d892e2080020a0f4c9,MUSKEG RIVER,20C
09620,Indian Reserve,MB,WUSKWI SIPIHK 3A,c80316d4ffb211dda89a080020a0f4c9,WUSKWI SIPIHK,3A
09513,Indian Reserve,SK,OKANESE I.R. 82(CC),6c9ebc1b849c20c3c176451d755d271d,OKANESE I.R. 82(CC),
08341,Indian Reserve,BC,BLACKWATER MEADOW 11,db33d5e5ba3511d892e2080020a0f4c9,BLACKWATER MEADOW,11
07763,Indian Reserve,BC,MEANLAW 24,9f772203ba3411d892e2080020a0f4c9,MEANLAW,24
10119,Indian Reserve,MB,THAÍ TUWÉ 2 INDIAN RESERVE,23fcf4d67cfa48c8a3244f082ab69f67,THAI TUWE 2,
09306,Indian Reserve,SK,SAULTEAUX I.R. 159I,fa14a6f0bbe211d892e2080020a0f4c9,SAULTEAUX,159I
06486,Indian Reserve,SK,SAULTEAUX I.R. 159,fa23c221bbe211d892e2080020a0f4c9,SAULTEAUX,159
09160,Indian Reserve,SK,KIMOSOM PWATINAHK I.R. NO. 203,f28efe7fbbe211d892e2080020a0f4c9,KIMOSOM PWATINAHK,203
06542,Indian Reserve,SK,STURGEON LAKE I.R. 101A,fd2edf56bbe211d892e2080020a0f4c9,STURGEON LAKE,101A
06698,Indian Reserve,AB,UTIKOOMAK LAKE 155B,057dcbe1bbe311d892e2080020a0f4c9,UTIKOOMAK LAKE,155B
07423,Indian Reserve,BC,ISIDORE'S RANCH 4,e1182ae2ba3511d892e2080020a0f4c9,ISIDORE'S RANCH,4
10107,Indian Reserve,SK,CARRY THE KETTLE NAKODA FIRST NATION NO. 76-87,82106ea2e1ee4be8ae935e54928e9083,CARRY THE KETTLE NAKODA FIRST NATION NO. 76-87,
06494,Indian Reserve,SK,BUDD'S POINT I.R. 20D,f0e51edcbbe211d892e2080020a0f4c9,BUDD'S POINT,20D
10083,Indian Reserve,SK,CARRY THE KETTLE NAKODA FIRST NATION NO. 76-79,7d3d97033bd54a70ba028085df947603,CARRY THE KETTLE NAKODA FIRST NATION NO. 76-79,
06526,Indian Reserve,SK,BIRCH PORTAGE I.R. 184A,efcd6d2abbe211d892e2080020a0f4c9,BIRCH PORTAGE,184A
07487,Indian Reserve,BC,BABINE 6,6298495aba3511d892e2080020a0f4c9,BABINE,6
06883,Indian Reserve,BC,HESQUIAT 1,ee186a94ba3511d892e2080020a0f4c9,HESQUIAT,1
07941,Indian Reserve,BC,SECHELT BAND LANDS (SWAYWELAT) NO 12A,0c316266d05511d892e2080020a0f4c9,SECHELT BAND LANDS (SWAYWELAT),12A
07474,Indian Reserve,BC,ORMONDE CREEK 8,61bb56d3ba3511d892e2080020a0f4c9,ORMONDE CREEK,8
06510,Indian Reserve,SK,KITSAKIE I.R. 156B,f2a19c22bbe211d892e2080020a0f4c9,KITSAKIE,156B
06834,Indian Reserve,BC,UNION BAY 4,ff01ca37ba3511d892e2080020a0f4c9,UNION BAY,4
07745,Indian Reserve,BC,KOORYET 12,04e730adba3611d892e2080020a0f4c9,KOORYET,12
09870,Indian Reserve,MB,OPISCHIKONAYAK NATION,dbc7becb390b489382260afbedeccba2,OPISCHIKONAYAK NATION,
07844,Indian Reserve,BC,QUAAL 3,00eb23b9ba3611d892e2080020a0f4c9,QUAAL,3
07508,Indian Reserve,BC,DRIFTWOOD RIVER 1,6b8375bfba3511d892e2080020a0f4c9,DRIFTWOOD RIVER,1
09287,Indian Reserve,SK,KEESEEKOOSE I.R. 66-CH-04,f2351ea4bbe211d892e2080020a0f4c9,KEESEEKOOSE I.R. 66-CH-04,
08207,Indian Reserve,BC,JOHNY STICKS 2,8b271719ba3411d892e2080020a0f4c9,JOHNY STICKS,2
07505,Indian Reserve,BC,BABINE 25,65250eccba3511d892e2080020a0f4c9,BABINE,25
09508,Indian Reserve,BC,MCINTYRE LAKE 23,96464a86849c20c382f9b9d6ad5eb2b6,MCINTYRE LAKE,23
09922,Indian Reserve,MB,TTHEKALÉ NU INDIAN RESERVE,b9bd64b09395461bb8376b4ea7a5fe59,TTHEKALE NU,
09140,Indian Reserve,BC,PEQ-PAQ 22,5852050bba3611d892e2080020a0f4c9,PEQ-PAQ,22
10181,Indian Reserve,MB,WAYWAYSEECAPPO HIGHWAY 10 INDIAN RESERVE,5285adde9c494c48af28b2ff357b56a7,WAYWAYSEECAPPO HIGHWAY 10,
09741,Indian Reserve,MB,WAPISEW LAKE,b2d2652affb111dda89a080020a0f4c9,WAPISEW LAKE,
08312,Indian Reserve,BC,EUCHINICO CREEK 19,917ffef5ba3411d892e2080020a0f4c9,EUCHINICO CREEK,19
10089,Indian Reserve,SK,CARRY THE KETTLE NAKODA FIRST NATION NO. 76-65,01a6387f32fd452fadea681a126ef2b1,CARRY THE KETTLE NAKODA FIRST NATION NO. 76-65,
09956,Indian Reserve,SK,CARRY THE KETTLE NAKODA FIRST NATION NO. 76-43,88a578fa80474d8291445f8a1e67a664,CARRY THE KETTLE NAKODA FIRST NATION NO. 76-43,
07628,Indian Reserve,BC,KILDALA RIVER 10,0277b73aba3611d892e2080020a0f4c9,KILDALA RIVER,10
07425,Indian Reserve,BC,BUMMERS FLAT 6,e1348c83ba3511d892e2080020a0f4c9,BUMMERS FLAT,6
08463,Indian Reserve,BC,NORTH ROAD 19,514bc543ba3611d892e2080020a0f4c9,NORTH ROAD,19
07839,Indian Reserve,BC,KLAKELSE 86,525980abba3511d892e2080020a0f4c9,KLAKELSE,86
09218,Indian Reserve,SK,OCHAPOWACE I.R. 71-17,f643c877bbe211d892e2080020a0f4c9,OCHAPOWACE I.R. 71-17,
07764,Indian Reserve,BC,LAKELSE 25,9f97f074ba3411d892e2080020a0f4c9,LAKELSE,25
08326,Indian Reserve,BC,KUSHYA CREEK 12,91935fe6ba3411d892e2080020a0f4c9,KUSHYA CREEK,12
07164,Indian Reserve,BC,LOWER HAT CREEK 2,20f691dbba3611d892e2080020a0f4c9,LOWER HAT CREEK,2
09191,Indian Reserve,SK,MUSKOWEKWAN I.R. 85-11,f4c7fec1bbe211d892e2080020a0f4c9,MUSKOWEKWAN I.R. 85-11,
06389,Indian Reserve,MB,CROSS LAKE 19B,eaa38f3abbe211d892e2080020a0f4c9,CROSS LAKE,19B
08125,Indian Reserve,BC,FOUNTAIN 2,7604f9abba3511d892e2080020a0f4c9,FOUNTAIN,2
06920,Indian Reserve,BC,COUS 3,f5e44344ba3511d892e2080020a0f4c9,COUS,3
06250,Indian Reserve,ON,SABASKONG BAY INDIAN RESERVE NO. 35C,1426fddaba2711d892e2080020a0f4c9,SABASKONG BAY,35C
06049,Indian Reserve,NS,FISHER'S GRANT RESERVE INDIAN RESERVE NO. 24G,b8f6d345affd11d892e2080020a0f4c9,FISHER'S GRANT,24G
08298,Indian Reserve,BC,NAZCO 21,7f239131ba3511d892e2080020a0f4c9,NAZCO,21
06022,Indian Reserve,NB,RED BANK INDIAN RESERVE NO. 7,e9a1fda5bbe211d892e2080020a0f4c9,RED BANK,7
07418,Indian Reserve,BC,SICAMOUS 3,de00ffc0ba3511d892e2080020a0f4c9,SICAMOUS,3
07871,Indian Reserve,BC,POLE ISLAND 14,70824cb6ba3511d892e2080020a0f4c9,POLE ISLAND,14
06791,Indian Reserve,BC,VILLAGE ISLAND 7,ea6eea75ba3511d892e2080020a0f4c9,VILLAGE ISLAND,7
09892,Indian Reserve,SK,CARRY THE KETTLE NAKODA FIRST NATION NO. 76-5,36e1d6ff69134c978e4d446c1ea840df,CARRY THE KETTLE NAKODA FIRST NATION NO. 76-5,
08135,Indian Reserve,BC,FOUNTAIN 11,776cc715ba3511d892e2080020a0f4c9,FOUNTAIN,11
08067,Indian Reserve,BC,HOLACHTEN 8,7dd36a78ba3511d892e2080020a0f4c9,HOLACHTEN,8
06550,Indian Reserve,SK,COTE I.R. 64,f17f14febbe211d892e2080020a0f4c9,COTE,64
09937,Indian Reserve,SK,OCHAPOWACE I.R. 71-30,45c3588ae2f841bb83483b24d6e0c0b5,OCHAPOWACE I.R. 71-30,
08157,Indian Reserve,BC,ALEXANDRIA 1,98c088d7ba3411d892e2080020a0f4c9,ALEXANDRIA,1
06238,Indian Reserve,ON,NAONGASHING INDIAN RESERVE NO. 31A,1233923fba2711d892e2080020a0f4c9,NAONGASHING,31A
06018,Indian Reserve,NB,PABINEAU INDIAN RESERVE NO. 11,e9693a61bbe211d892e2080020a0f4c9,PABINEAU,11
09926,Indian Reserve,MB,OPASKWAYAK CREE NATION EGG LAKE INDIAN RESERVE NO. 1,5db29a8dc020488a90200bd2fd352890,OPASKWAYAK CREE NATION EGG LAKE,1
07653,Indian Reserve,BC,UPPER TAHLTAN 4,579a1b7cba3511d892e2080020a0f4c9,UPPER TAHLTAN,4
09612,Indian Reserve,MB,CROSS LAKE 19X05,6815bf14ffb211dda89a080020a0f4c9,CROSS LAKE 19X05,
10129,Indian Reserve,MB,NORWAY HOUSE CREE NATION MISI MINISTIK INDIAN RESERVE,d9cd4a3a02944874b954c79868150ffe,NORWAY HOUSE CREE NATION MISI MINISTIK,
07753,Indian Reserve,BC,KITSEMENLAGAN 19A,063e8355ba3611d892e2080020a0f4c9,KITSEMENLAGAN,19A
07441,Indian Reserve,BC,HOLY CROSS LAKE 3,5a7b1b6bba3511d892e2080020a0f4c9,HOLY CROSS LAKE,3
07523,Indian Reserve,BC,CHEZTAINYA LAKE 11,6d487e5dba3511d892e2080020a0f4c9,CHEZTAINYA LAKE,11
08112,Indian Reserve,BC,YALE 25,98728fe3ba3411d892e2080020a0f4c9,YALE,25
07245,Indian Reserve,BC,NAYKIKOULTH 13,38b1b4e9ba3611d892e2080020a0f4c9,NAYKIKOULTH,13
06817,Indian Reserve,BC,NANAIMO RIVER 3,efafac6fba3511d892e2080020a0f4c9,NANAIMO RIVER,3
08310,Indian Reserve,BC,EUCHINICO CREEK 17,915a9ca3ba3411d892e2080020a0f4c9,EUCHINICO CREEK,17
06678,Indian Reserve,AB,DUNCANS 151A,04ec1321bbe311d892e2080020a0f4c9,DUNCANS,151A
09181,Indian Reserve,SK,SAKIMAY I.R. 74-7,f97e3345bbe211d892e2080020a0f4c9,SAKIMAY I.R. 74-7,
09861,Indian Reserve,SK,KAHKEWISTAHAW INDIAN RESERVE NO. 72G,77a20eb751df49a486af169561afd11e,KAHKEWISTAHAW,72G
10112,Indian Reserve,MB,NORWAY HOUSE CREE NATION AMISKOTOKAN INDIAN RESERVE,7870a135b58841cf9939303adf0f2f3e,NORWAY HOUSE CREE NATION AMISKOTOKAN,
09418,Indian Reserve,SK,THUNDERCHILD FIRST NATION IR 115G,6c9ebc0a849c20c3a54e02b28c927dd2,THUNDERCHILD FIRST NATION,115G
07424,Indian Reserve,BC,CASSIMAYOOKS 5,58363faaba3611d892e2080020a0f4c9,CASSIMAYOOKS,5
09195,Indian Reserve,SK,OKANESE I.R. 82(D),f85ac1c1bbe211d892e2080020a0f4c9,OKANESE I.R. 82(D),
07398,Indian Reserve,BC,PENTICTON 3A,3b0ce211ba3611d892e2080020a0f4c9,PENTICTON,3A
06670,Indian Reserve,AB,BUSHE RIVER 207,043a7650bbe311d892e2080020a0f4c9,BUSHE RIVER,207
10128,Indian Reserve,MB,NORWAY HOUSE CREE NATION GUNISAO SIPIHK SAWANOHK INDIAN RESERVE,65a269924e3e4b9dba2c9e3c350ac50d,NORWAY HOUSE CREE NATION GUNISAO SIPIHK SAWANOHK,
06497,Indian Reserve,SK,PINE BLUFF I.R. 20A,ef7513f0bbe211d892e2080020a0f4c9,PINE BLUFF,20A
06975,Indian Reserve,BC,KYIDAGWIS 2,09ff0deaba3611d892e2080020a0f4c9,KYIDAGWIS,2
07577,Indian Reserve,BC,SUCKER LAKE 2,60cd263cba3511d892e2080020a0f4c9,SUCKER LAKE,2
06757,Indian Reserve,BC,TSITSK 3,e40315eeba3511d892e2080020a0f4c9,TSITSK,3
07029,Indian Reserve,BC,SAAIYOUCK 6,0fadd3feba3611d892e2080020a0f4c9,SAAIYOUCK,6
09336,Indian Reserve,SK,PIAPOT CREE FIRST NATION I.R. 75E,6c9ebbfb849c20c3df9ad847f3e55e45,PIAPOT CREE FIRST NATION,75E
08466,Indian Reserve,BC,TL'O BA 22,51ab7176ba3611d892e2080020a0f4c9,TL'O BA,22
09733,Indian Reserve,MB,WUSKWI SIPIHK 7,e4a3e2b9ffb211dda89a080020a0f4c9,WUSKWI SIPIHK,7
07797,Indian Reserve,BC,MAKLAKSADAGMAKS 41,45498ad2ba3511d892e2080020a0f4c9,MAKLAKSADAGMAKS,41
06859,Indian Reserve,BC,PENEETLE 22,e8a240b4ba3511d892e2080020a0f4c9,PENEETLE,22
07654,Indian Reserve,BC,TAHLTAN FORKS 5,57e5554dba3511d892e2080020a0f4c9,TAHLTAN FORKS,5
06417,Indian Reserve,MB,MOOSE LAKE 31J,ebed7477bbe211d892e2080020a0f4c9,MOOSE LAKE,31J
09097,Indian Reserve,ON,KEE-WAY-WIN,649bf7d8ba2c11d892e2080020a0f4c9,KEE-WAY-WIN,
06296,Indian Reserve,ON,FORT HOPE INDIAN RESERVE NO. 64,07b4ff9bba2811d892e2080020a0f4c9,FORT HOPE,64
09476,Indian Reserve,SK,ONE ARROW I.R. 95-1F,6c9ebc16849c20c3b06e118c42813fcf,ONE ARROW I.R. 95-1F,
06199,Indian Reserve,ON,CHRISTIAN ISLAND INDIAN RESERVE NO. 30,8d6fc53bba2811d892e2080020a0f4c9,CHRISTIAN ISLAND,30
08473,Indian Reserve,BC,LHOH CHO 29,53ae1f5bba3611d892e2080020a0f4c9,LHOH CHO,29
09831,Indian Reserve,MB,NORWAY HOUSE INDIAN RESERVE NO. 17C-27,5544e1e780984007b65ea69a357b310f,NORWAY HOUSE INDIAN RESERVE NO. 17C-27,
09929,Indian Reserve,SK,OKANESE INDIAN RESERVE NO. 82 (HH),533fa2708e9d42ea99d8ecacf0e9e6d5,OKANESE INDIAN RESERVE NO. 82 (HH),
06159,Indian Reserve,ON,MISSISSAGI RIVER INDIAN RESERVE NO. 8,c512a801ba2511d892e2080020a0f4c9,MISSISSAGI RIVER,8
08205,Indian Reserve,BC,ALEXIS CREEK 35,8ae79d15ba3411d892e2080020a0f4c9,ALEXIS CREEK,35
10175,Indian Reserve,SK,CARRY THE KETTLE NAKODA FIRST NATION #76-110,3a3e5459d51047afb9cd896a91c6142b,CARRY THE KETTLE NAKODA FIRST NATION #76-110,
09565,Indian Reserve,SK,MUSKOWEKWAN I.R. 85-43,6c9ebc27849c20c338f46b9ea794634f,MUSKOWEKWAN I.R. 85-43,
09386,Indian Reserve,SK,OCHAPOWACE I.R. 71-73,6c9ebc04849c20c3338173b2dfe489b4,OCHAPOWACE I.R. 71-73,
06079,Indian Reserve,ON,WAWAKAPEWIN INDIAN RESERVE,8756f59cba2c11d892e2080020a0f4c9,WAWAKAPEWIN,
07697,Indian Reserve,BC,SKEDANCE 8,55031ce5ba3511d892e2080020a0f4c9,SKEDANCE,8
10251,Indian Reserve,BC,QAL'UM INDIAN RESERVE NO. 14,c59d347e1e814981b2ca4ea841d41923,QAL'UM,14
09318,Indian Reserve,SK,OKANESE I.R. 82(I),f879bb76bbe211d892e2080020a0f4c9,OKANESE I.R. 82(I),
06535,Indian Reserve,SK,SHOAL LAKE I.R. 28A,fc063dcebbe211d892e2080020a0f4c9,SHOAL LAKE,28A
09988,Indian Reserve,SK,MUSKODAY FIRST NATION RESERVE NO. 99A,de07b3d010274375ae70a68bc6588bad,MUSKODAY FIRST NATION,99A
09511,Indian Reserve,SK,FLYING DUST FIRST NATION INDIAN RESERVE NO. 105F,6c9ebc1b849c20c3c18d4c1f187825c8,FLYING DUST FIRST NATION,105F
09564,Indian Reserve,SK,OCHAPOWACE I.R. 71-22,6c9ebc27849c20c317603f7d8c2b66fe,OCHAPOWACE I.R. 71-22,
06484,Indian Reserve,SK,POUNDMAKER I.R. 114,f9325d2dbbe211d892e2080020a0f4c9,POUNDMAKER,114
09005,Indian Reserve,SK,OCEAN MAN I.R. 69F,f56417c6bbe211d892e2080020a0f4c9,OCEAN MAN,69F
06646,Indian Reserve,AB,BLOOD TIMBER LIMIT 148A,00f13eadbbe311d892e2080020a0f4c9,BLOOD TIMBER LIMIT,148A
07478,Indian Reserve,BC,CLESBAONEECHECK 3,5ff14525ba3511d892e2080020a0f4c9,CLESBAONEECHECK,3
07224,Indian Reserve,BC,JOEYASKA 2,2e2c8778ba3611d892e2080020a0f4c9,JOEYASKA,2
09280,Indian Reserve,SK,SAULTEAUX INDIAN RESERVE NO. 159R,fb62f8eabbe211d892e2080020a0f4c9,SAULTEAUX,159R
00132,Indian Reserve,SK,OCEAN MAN I.R. 69,f59e88b9bbe211d892e2080020a0f4c9,OCEAN MAN,69
09644,Indian Reserve,AB,K'I TUE 196D,ca5268b3ffb311dda89a080020a0f4c9,K'I TUE,196D
10167,Indian Reserve,BC,FINLAY RIVER INDIAN RESERVE NO. 6,a41e933c8a244180b68e9ca9c88e8ec9,FINLAY RIVER,6
07886,Indian Reserve,BC,KITASOO 1,79d90c3aba3511d892e2080020a0f4c9,KITASOO,1
06413,Indian Reserve,MB,INDIAN GARDENS 8,eb6e806dbbe211d892e2080020a0f4c9,INDIAN GARDENS,8
08431,Indian Reserve,BC,DEASE RIVER 2 (LIARD),4059d909ba3611d892e2080020a0f4c9,DEASE RIVER 2 (LIARD),
09656,Indian Reserve,SK,OCHAPOWACE I.R. 71-123,6c9ebc37849c20c3172647f79dca3158,OCHAPOWACE I.R. 71-123,
07998,Indian Reserve,BC,NESUCH 3,82dd8195ba3411d892e2080020a0f4c9,NESUCH,3
08418,Indian Reserve,BC,MCDONALD LAKE 1,4128e8dfba3611d892e2080020a0f4c9,MCDONALD LAKE,1
10063,Indian Reserve,MB,ALLEN RAPIDS INDIAN RESERVE,6b44b245eb224665a3e5c6761e97a15a,ALLEN RAPIDS,
06716,Indian Reserve,AB,PUSKIAKIWENIN 122,06780a77bbe311d892e2080020a0f4c9,PUSKIAKIWENIN,122
09843,Indian Reserve,MB,NORWAY HOUSE INDIAN RESERVE NO. 17C-39,57f6c62c69ec4cb1915d4715f1502a22,NORWAY HOUSE INDIAN RESERVE NO. 17C-39,
07042,Indian Reserve,BC,TSOWWIN 10,1552fd13ba3611d892e2080020a0f4c9,TSOWWIN,10
09599,Indian Reserve,SK,CARRY THE KETTLE NAKODA I.R. 76-10,6c9ebc30849c20c3f8ca60866ff8e7a7,CARRY THE KETTLE NAKODA I.R. 76-10,
09734,Indian Reserve,MB,SAPOTAWEYAK CREE NATION,cd8f6095ffb211dda89a080020a0f4c9,SAPOTAWEYAK CREE NATION,
06793,Indian Reserve,BC,LONG NECK ISLAND 9,eaad04e7ba3511d892e2080020a0f4c9,LONG NECK ISLAND,9
09897,Indian Reserve,SK,ROADSIDE INDIAN RESERVE NO. 165F,39128cdec0bd476cbdfd4be4bebebecc,ROADSIDE,165F
06862,Indian Reserve,BC,WATTA 25,e8f2f8c7ba3511d892e2080020a0f4c9,WATTA,25
07532,Indian Reserve,BC,CLUSTALACH 5,6abc5528ba3511d892e2080020a0f4c9,CLUSTALACH,5
08111,Indian Reserve,BC,YALE 24,986a2b72ba3411d892e2080020a0f4c9,YALE,24
09973,Indian Reserve,SK,FLYING DUST FIRST NATION 105 L,1c642a558e7a496e82352a78a3371f07,FLYING DUST FIRST NATION 105 L,
09295,Indian Reserve,SK,OCHAPOWACE I.R. 71-40,f7048076bbe211d892e2080020a0f4c9,OCHAPOWACE I.R. 71-40,
07387,Indian Reserve,BC,STOUT 8,e03dd06eba3511d892e2080020a0f4c9,STOUT,8
09746,Indian Reserve,MB,BELLA LAKE EXCHANGE LANDS,a6c00858ffb111dda89a080020a0f4c9,BELLA LAKE EXCHANGE LANDS,
07693,Indian Reserve,BC,KHRANA 4,544a0611ba3511d892e2080020a0f4c9,KHRANA,4
07665,Indian Reserve,BC,HIELLEN 2,9d22d1a2ba3411d892e2080020a0f4c9,HIELLEN,2
06807,Indian Reserve,BC,COWICHAN 9,ed9e0a6fba3511d892e2080020a0f4c9,COWICHAN,9
07737,Indian Reserve,BC,KLAPTHLON 5,03e26ad5ba3611d892e2080020a0f4c9,KLAPTHLON,5
07385,Indian Reserve,BC,SKUET 6,df9b27ccba3511d892e2080020a0f4c9,SKUET,6
06247,Indian Reserve,ON,RAINY LAKE INDIAN RESERVE NO. 26C,1390d857ba2711d892e2080020a0f4c9,RAINY LAKE,26C
09349,Indian Reserve,SK,POUNDMAKER I.R. 114-5B,6c9ebbfe849c20c325c65ef7fd3c3258,POUNDMAKER I.R. 114-5B,
06981,Indian Reserve,BC,KAKWEKEN 4,0a85ca20ba3611d892e2080020a0f4c9,KAKWEKEN,4
06548,Indian Reserve,SK,MINOAHCHAK I.R. 74C,f372cee4bbe211d892e2080020a0f4c9,MINOAHCHAK,74C
06558,Indian Reserve,SK,MISTAWASIS I.R. 103,f38b8707bbe211d892e2080020a0f4c9,MISTAWASIS,103
10024,Indian Reserve,BC,TSIMPSEAN INDIAN RESERVE NO. 2A,aa0985032c364f209f0a757162622893,TSIMPSEAN,2A
06272,Indian Reserve,ON,NORTHWEST ANGLE INDIAN RESERVE NO. 33B,219fef9fba2711d892e2080020a0f4c9,NORTHWEST ANGLE,33B
06674,Indian Reserve,AB,ZAMA LAKE 210,04750e54bbe311d892e2080020a0f4c9,ZAMA LAKE,210
06239,Indian Reserve,ON,SHOAL LAKE INDIAN RESERVE NO. 31J,124c7170ba2711d892e2080020a0f4c9,SHOAL LAKE,31J
09296,Indian Reserve,SK,OCHAPOWACE I.R. 71-41,f70d8127bbe211d892e2080020a0f4c9,OCHAPOWACE I.R. 71-41,
07566,Indian Reserve,BC,NAN TL' AT 13,4f044634ba3611d892e2080020a0f4c9,NAN TL' AT,13
07381,Indian Reserve,BC,YELAKIN 4,df3ba2a8ba3511d892e2080020a0f4c9,YELAKIN,4
07158,Indian Reserve,BC,SWITSEMALPH 7,1f3002a5ba3611d892e2080020a0f4c9,SWITSEMALPH,7
06034,Indian Reserve,NS,PAQTNKEK-NIKTUEK INDIAN RESERVE NO. 23,b9068ab6affd11d892e2080020a0f4c9,PAQTNKEK-NIKTUEK,23
10140,Indian Reserve,SK,GEORGE GORDON FIRST NATION NO. 86-3,d1bd564c4c014b56ba21f5c067ef1ba4,GEORGE GORDON FIRST NATION NO. 86-3,
09690,Indian Reserve,MB,SWAN LAKE 8A,2ae2d390ffb311dda89a080020a0f4c9,SWAN LAKE,8A
07836,Indian Reserve,BC,KSTUS 83,511f7a08ba3511d892e2080020a0f4c9,KSTUS,83
09248,Indian Reserve,SK,KEESEEKOOSE I.R. 66-CA-06,f2234451bbe211d892e2080020a0f4c9,KEESEEKOOSE I.R. 66-CA-06,
09265,Indian Reserve,SK,YELLOW QUILL I.R. 90-8,ff9e0ab1bbe211d892e2080020a0f4c9,YELLOW QUILL I.R. 90-8,
08141,Indian Reserve,BC,MCCARTNEY'S FLAT 4,8280e29fba3411d892e2080020a0f4c9,MCCARTNEY'S FLAT,4
06760,Indian Reserve,BC,SIK-E-DAKH 2,e4480e30ba3511d892e2080020a0f4c9,SIK-E-DAKH,2
09812,Indian Reserve,MB,NORWAY HOUSE INDIAN RESERVE NO. 17C-8,f8f2a038b3104c5fa651e82d18574c05,NORWAY HOUSE INDIAN RESERVE NO. 17C-8,
06048,Indian Reserve,NS,FISHER'S GRANT INDIAN RESERVE NO. 24,b8eaec64affd11d892e2080020a0f4c9,FISHER'S GRANT,24
06403,Indian Reserve,MB,BOTTLE LAKE 61B,ea369c92bbe211d892e2080020a0f4c9,BOTTLE LAKE,61B
09816,Indian Reserve,MB,NORWAY HOUSE INDIAN RESERVE NO. 17C-12,d56d8ed1e36a4190af812bcbce5c710f,NORWAY HOUSE INDIAN RESERVE NO. 17C-12,
08302,Indian Reserve,BC,LOWER FISHPOT LAKE 24A,90e804abba3411d892e2080020a0f4c9,LOWER FISHPOT LAKE,24A
09698,Indian Reserve,MB,WUSKWI SIPI,f32ff21affb211dda89a080020a0f4c9,WUSKWI SIPI,
08295,Indian Reserve,BC,DEEP CREEK 5,7e992b7eba3511d892e2080020a0f4c9,DEEP CREEK,5
08495,Indian Reserve,AB,DOG HEAD 218,06f74c9dbbe311d892e2080020a0f4c9,DOG HEAD,218
07619,Indian Reserve,BC,KITAMAAT 1,44a2584cba3611d892e2080020a0f4c9,KITAMAAT,1
08362,Indian Reserve,BC,INKLUCKCHEEN 21B,356a03dcba3611d892e2080020a0f4c9,INKLUCKCHEEN,21B
06467,Indian Reserve,MB,RED SUCKER LAKE 1976,ec86a648bbe211d892e2080020a0f4c9,RED SUCKER LAKE,1976
09828,Indian Reserve,MB,NORWAY HOUSE INDIAN RESERVE NO. 17C-24,bb82bbd1950e4ac78b55f0f3706a0d55,NORWAY HOUSE INDIAN RESERVE NO. 17C-24,
07297,Indian Reserve,BC,HIGH BAR 2,27e8112eba3611d892e2080020a0f4c9,HIGH BAR,2
06533,Indian Reserve,SK,CARROT RIVER I.R. 29A,efd3127bbbe211d892e2080020a0f4c9,CARROT RIVER,29A
06302,Indian Reserve,ON,LAC DES MILLE LACS INDIAN RESERVE NO. 22A1,38601ae1ba2811d892e2080020a0f4c9,LAC DES MILLE LACS INDIAN RESERVE NO. 22A1,
09401,Indian Reserve,SK,POUNDMAKER I.R. 114-7A,6c9ebc07849c20c3a111715afe915d0b,POUNDMAKER I.R. 114-7A,
09384,Indian Reserve,SK,MOOSOMIN I.R. 112L,6c9ebc04849c20c3af918458c719f931,MOOSOMIN,112L
08123,Indian Reserve,BC,FOUNTAIN 1C,75cd6ee9ba3511d892e2080020a0f4c9,FOUNTAIN,1C
06855,Indian Reserve,BC,SUTAQUIS 18,e83c52f0ba3511d892e2080020a0f4c9,SUTAQUIS,18
07772,Indian Reserve,BC,SCUTTSAP 11A,a00187baba3411d892e2080020a0f4c9,SCUTTSAP,11A
06241,Indian Reserve,ON,COUCHICHING INDIAN RESERVE NO. 16A,129f9a81ba2711d892e2080020a0f4c9,COUCHICHING,16A
06561,Indian Reserve,SK,KINISTIN I.R. 91,f29bf6d1bbe211d892e2080020a0f4c9,KINISTIN,91
06428,Indian Reserve,MB,OPASKWAYAK CREE NATION 21F,ee28e4c3bbe211d892e2080020a0f4c9,OPASKWAYAK CREE NATION,21F
06391,Indian Reserve,MB,POPLAR RIVER 16,ec7986e6bbe211d892e2080020a0f4c9,POPLAR RIVER,16
10110,Indian Reserve,MB,NORWAY HOUSE CREE NATION HAIRY LAKE INDIAN RESERVE,c10a389b69754274bf49a3dd21c3b88b,NORWAY HOUSE CREE NATION HAIRY LAKE,
06008,Indian Reserve,NB,TABUSINTAC INDIAN RESERVE NO. 9,e8e8bfb6bbe211d892e2080020a0f4c9,TABUSINTAC,9
09413,Indian Reserve,SK,OCHAPOWACE I.R. 71-108,6c9ebc08849c20c31bf334f5fb804a3c,OCHAPOWACE I.R. 71-108,
10090,Indian Reserve,MB,THUYCHOLEENI LAKE A INDIAN RESERVE,0a6bba25b1a64f5eaaab2236101ac372,THUYCHOLEENI LAKE A,
06527,Indian Reserve,SK,MIROND LAKE I.R. 184E,f37985a5bbe211d892e2080020a0f4c9,MIROND LAKE,184E
10057,Indian Reserve,ON,RAINY RIVER FIRST NATIONS NO. 2,ad70e9d4f4f6428d9432dd178a7a8dca,RAINY RIVER FIRST NATIONS,2
06460,Indian Reserve,MB,SHAMATTAWA 1,ecb0274fbbe211d892e2080020a0f4c9,SHAMATTAWA,1
07667,Indian Reserve,BC,LANAS 4,9dc86074ba3411d892e2080020a0f4c9,LANAS,4
08256,Indian Reserve,BC,COPPER JOHNNY MEADOW 8,8facc678ba3411d892e2080020a0f4c9,COPPER JOHNNY MEADOW,8
07946,Indian Reserve,BC,SECHELT BAND LANDS (SKWAWKWEEHM) NO 17,0bfcbdd1d05511d892e2080020a0f4c9,SECHELT BAND LANDS (SKWAWKWEEHM),17
09977,Indian Reserve,SK,OCEAN MAN INDIAN RESERVE NO. 69U,9bcff1b1ef634269bffd137139b63360,OCEAN MAN,69U
06425,Indian Reserve,MB,OPASKWAYAK CREE NATION 21C,ee1e3662bbe211d892e2080020a0f4c9,OPASKWAYAK CREE NATION,21C
06498,Indian Reserve,SK,PINE BLUFF I.R. 20B,ef8121e1bbe211d892e2080020a0f4c9,PINE BLUFF,20B
07163,Indian Reserve,BC,UPPER HAT CREEK 1,20c3e91aba3611d892e2080020a0f4c9,UPPER HAT CREEK,1
07492,Indian Reserve,BC,NEDOATS 11,6340974fba3511d892e2080020a0f4c9,NEDOATS,11
07308,Indian Reserve,BC,SPINTLUM FLAT 3,3106828cba3611d892e2080020a0f4c9,SPINTLUM FLAT,3
06669,Indian Reserve,AB,BISTCHO LAKE 213,042fa0dfbbe311d892e2080020a0f4c9,BISTCHO LAKE,213
09882,Indian Reserve,MB,NIHKIK OHNIKAPIHS INDIAN RESERVE,56ea3924717340668e9dc8968a951dd6,NIHKIK OHNIKAPIHS,
07046,Indian Reserve,BC,HLEEPTE 14,15b01137ba3611d892e2080020a0f4c9,HLEEPTE,14
07819,Indian Reserve,BC,IMKUSIYAN 65,4d546938ba3511d892e2080020a0f4c9,IMKUSIYAN,65
09933,Indian Reserve,SK,POUNDMAKER INDIAN RESERVE NO. 114-29,65b562dfa032449fb8ad89148dcf83fe,POUNDMAKER INDIAN RESERVE NO. 114-29,
09536,Indian Reserve,SK,POUNDMAKER I.R. 114-17A,6c9ebc20849c20c3cbfb8b3b9440194e,POUNDMAKER I.R. 114-17A,
07578,Indian Reserve,BC,WEISSENER LAKE 3,60f547adba3511d892e2080020a0f4c9,WEISSENER LAKE,3
10156,Indian Reserve,NB,METEPENAGIAG URBAN RESERVE 8,299eb9afd4404cf0a627be2e0c607054,METEPENAGIAG URBAN,8
10139,Indian Reserve,SK,GEORGE GORDON FIRST NATION NO. 86-5,ec494d258c4342febf240d8695a24fa8,GEORGE GORDON FIRST NATION NO. 86-5,
06811,Indian Reserve,BC,LYACKSUN 3,ef040319ba3511d892e2080020a0f4c9,LYACKSUN,3
09801,Indian Reserve,NT,SALT RIVER FIRST NATION INDIAN RESERVE NO. 195,0b324d345d3f4623bf9196d89684e07e,SALT RIVER FIRST NATION,195
09964,Indian Reserve,SK,ENGLISH RIVER FIRST NATION BEAUVAL FORKS RESERVE 192O,080763a3f4ca4bd6ad5f55b71905b714,ENGLISH RIVER FIRST NATION BEAUVAL FORKS,192O
06382,Indian Reserve,MB,ROSEAU RIVER 2,ec9e740cbbe211d892e2080020a0f4c9,ROSEAU RIVER,2
10133,Indian Reserve,MB,CYRIL LAKE INDIAN RESERVE,44e4862607974e90a4f12a2c33c8d01d,CYRIL LAKE,
08346,Indian Reserve,BC,CASIMIEL MEADOWS 15A,dbba43faba3511d892e2080020a0f4c9,CASIMIEL MEADOWS,15A
07633,Indian Reserve,BC,WEKELLALS 15,02cd514dba3611d892e2080020a0f4c9,WEKELLALS,15
07087,Indian Reserve,BC,TATCHU 13,09798a35ba3611d892e2080020a0f4c9,TATCHU,13
07918,Indian Reserve,BC,QUANIWSOM 2,7be2e609ba3511d892e2080020a0f4c9,QUANIWSOM,2
07016,Indian Reserve,BC,TSEETSUM-SAWLASILAH 6,0e78fd71ba3611d892e2080020a0f4c9,TSEETSUM-SAWLASILAH,6
07919,Indian Reserve,BC,SALMON BAY 3,7bf869daba3511d892e2080020a0f4c9,SALMON BAY,3
07636,Indian Reserve,BC,CRAB RIVER 18,032ab390ba3611d892e2080020a0f4c9,CRAB RIVER,18
07089,Indian Reserve,BC,KLITSIS 16,09a973d7ba3611d892e2080020a0f4c9,KLITSIS,16
06680,Indian Reserve,AB,KAPAWE'NO FIRST NATION NO. 150B,04fae033bbe311d892e2080020a0f4c9,KAPAWE'NO FIRST NATION,150B
09091,Indian Reserve,AB,KAPAWE'NO FIRST NATION NO. 230,0802f04ebbe311d892e2080020a0f4c9,KAPAWE'NO FIRST NATION,230
07950,Indian Reserve,BC,SECHELT BAND LANDS (SALLAHLUS) NO 20,759b7713d05511d892e2080020a0f4c9,SECHELT BAND LANDS (SALLAHLUS),20
06228,Indian Reserve,ON,NAONGASHING INDIAN RESERVE NO. 35A,ff7794c4ba2611d892e2080020a0f4c9,NAONGASHING,35A
07449,Indian Reserve,BC,FELIX GEORGE 7,4b81d614ba3611d892e2080020a0f4c9,FELIX GEORGE,7
06301,Indian Reserve,ON,GULL RIVER INDIAN RESERVE NO. 55,2f237350ba2811d892e2080020a0f4c9,GULL RIVER,55
07786,Indian Reserve,BC,UNION BAY 31,42409088ba3511d892e2080020a0f4c9,UNION BAY,31
06287,Indian Reserve,MB,SHOAL LAKE INDIAN RESERVE NO. 39A,906d1c0cba2711d892e2080020a0f4c9,SHOAL LAKE,39A
06992,Indian Reserve,BC,MALCOLM ISLAND 8,0ba9d7c9ba3611d892e2080020a0f4c9,MALCOLM ISLAND,8
06248,Indian Reserve,ON,MANITOU RAPIDS INDIAN RESERVE NO. 11,13a571c8ba2711d892e2080020a0f4c9,MANITOU RAPIDS,11
06796,Indian Reserve,BC,SQUAW-HAY-ONE 11,eaf0768aba3511d892e2080020a0f4c9,SQUAW-HAY-ONE,11
06472,Indian Reserve,MB,FOX LAKE WEST 3,eb234697bbe211d892e2080020a0f4c9,FOX LAKE WEST,3
06275,Indian Reserve,ON,LAKE OF THE WOODS INDIAN RESERVE NO. 34,348483b2ba2711d892e2080020a0f4c9,LAKE OF THE WOODS,34
06308,Indian Reserve,ON,RED ROCK INDIAN RESERVE NO. 53,614f1416ba2811d892e2080020a0f4c9,RED ROCK,53
09521,Indian Reserve,SK,STAR BLANKET I.R. 83E,6c9ebc1e849c20c31895d08024a82084,STAR BLANKET,83E
10065,Indian Reserve,MB,ATIHKOSANIK CREE NATION INDIAN RESERVE,d35d9b2b1ac04c798968010e4c8c47d7,ATIHKOSANIK CREE NATION,
07033,Indian Reserve,BC,YUQUOT 1,14806acaba3611d892e2080020a0f4c9,YUQUOT,1
06318,Indian Reserve,ON,WAPEKEKA RESERVE NO. 2,c5858632ba2811d892e2080020a0f4c9,WAPEKEKA,2
09290,Indian Reserve,SK,OCHAPOWACE I.R. 71-25,f6993b7dbbe211d892e2080020a0f4c9,OCHAPOWACE I.R. 71-25,
09775,Indian Reserve,NB,SOEGAO INDIAN RESERVE NO. 35,6560da1b01c311dea89a080020a0f4c9,SOEGAO,35
06438,Indian Reserve,MB,SHOAL RIVER 65A,edbb2ec6bbe211d892e2080020a0f4c9,SHOAL RIVER,65A
06506,Indian Reserve,SK,FOUR PORTAGES I.R. 157C,f1ce1f67bbe211d892e2080020a0f4c9,FOUR PORTAGES,157C
07845,Indian Reserve,BC,QUAAL 3A,010d78caba3611d892e2080020a0f4c9,QUAAL,3A
08167,Indian Reserve,BC,ALEXANDRIA 10,99742171ba3411d892e2080020a0f4c9,ALEXANDRIA,10
06897,Indian Reserve,BC,OYEES 9,f106d80dba3511d892e2080020a0f4c9,OYEES,9
09901,Indian Reserve,BC,MISSION LANDS INDIAN RESERVE NO. 17,b1c218e962cc45178c72b77bcad50f66,MISSION LANDS,17
10106,Indian Reserve,SK,CARRY THE KETTLE NAKODA FIRST NATION NO. 76-51,ea3554b4345a4130bcbfddf1a5e1c358,CARRY THE KETTLE NAKODA FIRST NATION NO. 76-51,
09300,Indian Reserve,SK,OCHAPOWACE I.R. 71-57,f7cbef34bbe211d892e2080020a0f4c9,OCHAPOWACE I.R. 71-57,
07332,Indian Reserve,BC,HALHALAEDEN 14,33c15ce1ba3611d892e2080020a0f4c9,HALHALAEDEN,14
10016,Indian Reserve,SK,PHEASANT RUMP NAKOTA INDIAN RESERVE NO. 68B,e842d51b43b149458ca8348851213bfe,PHEASANT RUMP NAKOTA,68B
09605,Indian Reserve,SK,OCHAPOWACE I.R. 71-69,6c9ebc32849c20c3131317d5035955a6,OCHAPOWACE I.R. 71-69,
07882,Indian Reserve,BC,KWATLENA 4,727b84b1ba3511d892e2080020a0f4c9,KWATLENA,4
09388,Indian Reserve,SK,CARRY THE KETTLE NAKOTA I.R. 76-1,6c9ebc04849c20c37e23524185dc3d64,CARRY THE KETTLE NAKOTA I.R. 76-1,
07327,Indian Reserve,BC,NKAIH 10,330c64bcba3611d892e2080020a0f4c9,NKAIH,10
06224,Indian Reserve,ON,GLEBE FARM INDIAN RESERVE NO. 40B,aafadb9bba2611d892e2080020a0f4c9,GLEBE FARM,40B
00009,Indian Reserve,BC,KITSILANO 6,506559f431d345de93efb8b2fab08bd9,KITSILANO,6
06729,Indian Reserve,AB,DEVIL'S GATE 220,07768ec5bbe311d892e2080020a0f4c9,DEVIL'S GATE,220
07261,Indian Reserve,BC,TSAWAWMUCK 1,2196c980ba3611d892e2080020a0f4c9,TSAWAWMUCK,1
07698,Indian Reserve,BC,TANOO 9,552794d6ba3511d892e2080020a0f4c9,TANOO,9
07109,Indian Reserve,BC,KEECEKILTUM 2,1d532c4aba3611d892e2080020a0f4c9,KEECEKILTUM,2
06854,Indian Reserve,BC,CHETARPE 17,e828caefba3511d892e2080020a0f4c9,CHETARPE,17
08007,Indian Reserve,BC,CHEHALIS 5,74c1a42fba3511d892e2080020a0f4c9,CHEHALIS,5
09542,Indian Reserve,SK,POUNDMAKER I.R. 114-19,6c9ebc22849c20c370e8d24e18bb3401,POUNDMAKER I.R. 114-19,
07168,Indian Reserve,BC,GRASSLANDS 7,2177a8bfba3611d892e2080020a0f4c9,GRASSLANDS,7
07294,Indian Reserve,BC,KELLY CREEK 3,24c6d3e0ba3611d892e2080020a0f4c9,KELLY CREEK,3
09271,Indian Reserve,SK,MUSKEG LAKE I.R. 102D,f401c881bbe211d892e2080020a0f4c9,MUSKEG LAKE,102D
06660,Indian Reserve,AB,PIGEON LAKE 138A,040842bbbbe311d892e2080020a0f4c9,PIGEON LAKE,138A
10062,Indian Reserve,SK,CARRY THE KETTLE NAKODA FIRST NATION NO. 76-48,f67c529ec80040e8a8a4fcad26f48000,CARRY THE KETTLE NAKODA FIRST NATION NO. 76-48,
07554,Indian Reserve,BC,TACHE 1,6b6edc4eba3511d892e2080020a0f4c9,TACHE,1
09959,Indian Reserve,MB,RED SUCKER LAKE INDIAN RESERVE NO. 1976 G,e6fe0ea9b85d4fa0b077ffafc77fb143,RED SUCKER LAKE INDIAN RESERVE NO. 1976 G,
07071,Indian Reserve,BC,TEETA 7,1a1a6f5dba3611d892e2080020a0f4c9,TEETA,7
09701,Indian Reserve,SK,SAULTEAUX FIRST NATION INDIAN RESERVE NO. 159JJ,6c9ebc3e849c20c3aa75e5a07e338063,SAULTEAUX FIRST NATION,159JJ
09497,Indian Reserve,SK,OCHAPOWACE I.R. 71-112,6c9ebc1b849c20c35f32df05e4c0739c,OCHAPOWACE I.R. 71-112,
09839,Indian Reserve,MB,NORWAY HOUSE INDIAN RESERVE NO. 17C-35,6f10766593b34d39a129c000d08e2aa0,NORWAY HOUSE INDIAN RESERVE NO. 17C-35,
07246,Indian Reserve,BC,PUTKWA 14,38cb576aba3611d892e2080020a0f4c9,PUTKWA,14
07340,Indian Reserve,BC,INKLUCKCHEEN 21,3510e75aba3611d892e2080020a0f4c9,INKLUCKCHEEN,21
00181,Indian Reserve,BC,UNNAMED NO. 10,4e397c1dba3611d892e2080020a0f4c9,UNNAMED,10
09203,Indian Reserve,BC,ANTKO 21,59f331f4ba3611d892e2080020a0f4c9,ANTKO,21
09526,Indian Reserve,SK,OCHAPOWACE I.R. 71-107,6c9ebc1f849c20c3c4590e0373d601e6,OCHAPOWACE I.R. 71-107,
06326,Indian Reserve,ON,PIC MOBERT RESERVE SOUTH,56ab3b65ba2811d892e2080020a0f4c9,PIC MOBERT RESERVE SOUTH,
07888,Indian Reserve,BC,WEETEEAM 3,7a08f5dcba3511d892e2080020a0f4c9,WEETEEAM,3
09626,Indian Reserve,SK,PIAPOT CREE FIRST NATION I.R. 75J,6c9ebc33849c20c3880e9787d8efbe0b,PIAPOT CREE FIRST NATION,75J
09298,Indian Reserve,SK,OCHAPOWACE I.R. 71-43,f73f1879bbe211d892e2080020a0f4c9,OCHAPOWACE I.R. 71-43,
07466,Indian Reserve,BC,SKINS LAKE 16A,693a971eba3511d892e2080020a0f4c9,SKINS LAKE,16A
07390,Indian Reserve,BC,OKANAGAN 1,39a7fbd3ba3611d892e2080020a0f4c9,OKANAGAN,1
07031,Indian Reserve,BC,APSAGAYU 1A,144a66a8ba3611d892e2080020a0f4c9,APSAGAYU,1A
07928,Indian Reserve,BC,SECHELT BAND LANDS (TSAWCOME) NO 1,0c1c53c4d05511d892e2080020a0f4c9,SECHELT BAND LANDS (TSAWCOME),1
09259,Indian Reserve,SK,OCHAPOWACE I.R. 71-60,f7e17306bbe211d892e2080020a0f4c9,OCHAPOWACE I.R. 71-60,
09270,Indian Reserve,SK,MUSKEG LAKE I.R. 102B,f3f93d00bbe211d892e2080020a0f4c9,MUSKEG LAKE,102B
10239,Indian Reserve,BC,WǪCHIIGII NANÉɁ,05677672070c4082a97643f15a20f2ff,WOCHIIGII NANEɁ,
06744,Indian Reserve,MB,FOX LAKE EAST 2,ed36e38abbe211d892e2080020a0f4c9,FOX LAKE EAST,2
07299,Indian Reserve,BC,KANAKA BAR 1A,289ede15ba3611d892e2080020a0f4c9,KANAKA BAR,1A
10053,Indian Reserve,SK,MISTAWASIS INDIAN RESERVE NO. 103J,c8d7f3399e174a1cbc8997883b7f47e8,MISTAWASIS,103J
07997,Indian Reserve,BC,MOUNT CURRIE 2,922120feba3411d892e2080020a0f4c9,MOUNT CURRIE,2
09314,Indian Reserve,SK,MUSKOWEKWAN I.R. 85-32,f52b7b8ebbe211d892e2080020a0f4c9,MUSKOWEKWAN I.R. 85-32,
07785,Indian Reserve,BC,KASIKS RIVER 29,415fcd77ba3511d892e2080020a0f4c9,KASIKS RIVER,29
07207,Indian Reserve,BC,CHUCHHRIASCHIN 5,262d8fdcba3611d892e2080020a0f4c9,CHUCHHRIASCHIN,5
09719,Indian Reserve,MB,O-PIPON-NA-PIWIN CREE NATION 1,56ac5951ffb211dda89a080020a0f4c9,O-PIPON-NA-PIWIN CREE NATION,1
06684,Indian Reserve,AB,SAWRIDGE 150H,05415f19bbe311d892e2080020a0f4c9,SAWRIDGE,150H
09854,Indian Reserve,SK,MISTAWASIS RESERVE NO. 103C,1903e0a6f4504c71b3e5da8378610b1c,MISTAWASIS,103C
06306,Indian Reserve,ON,PIC RIVER INDIAN RESERVE NO. 50,4de57184ba2811d892e2080020a0f4c9,PIC RIVER,50
07773,Indian Reserve,BC,TYMGOWZAN 12,a009ec2bba3411d892e2080020a0f4c9,TYMGOWZAN,12
08306,Indian Reserve,BC,COGLISTIKO RIVER 29,9125f80fba3411d892e2080020a0f4c9,COGLISTIKO RIVER,29
09179,Indian Reserve,SK,OCHAPOWACE I.R. 71-11,f5f3fac1bbe211d892e2080020a0f4c9,OCHAPOWACE I.R. 71-11,
07467,Indian Reserve,BC,SKINS LAKE 16B,695cc51fba3511d892e2080020a0f4c9,SKINS LAKE,16B
09372,Indian Reserve,SK,OCHAPOWACE I.R. 71-95,6c9ebc02849c20c3125c2e5962b299ae,OCHAPOWACE I.R. 71-95,
08142,Indian Reserve,BC,SETON LAKE 5,828f1370ba3411d892e2080020a0f4c9,SETON LAKE,5
06181,Indian Reserve,ON,GOULAIS BAY INDIAN RESERVE NO. 15A,46713f71ba2611d892e2080020a0f4c9,GOULAIS BAY,15A
09359,Indian Reserve,SK,MUSKOWEKWAN I.R. 85-28,6c9ebbff849c20c39a1394c8d1682faf,MUSKOWEKWAN I.R. 85-28,
09748,Indian Reserve,MB,SUWANNEE LAKE INDIAN RESERVE,892f92b0a5ef4cb584f4deb2f38bbcd0,SUWANNEE LAKE,
08200,Indian Reserve,BC,ALEXIS CREEK 30,8a9f9790ba3411d892e2080020a0f4c9,ALEXIS CREEK,30
10084,Indian Reserve,SK,CARRY THE KETTLE NAKODA FIRST NATION NO. 76-80,de315bc0b5f643a7bfdf5136965526ab,CARRY THE KETTLE NAKODA FIRST NATION NO. 76-80,
06315,Indian Reserve,ON,WEAGAMOW LAKE INDIAN RESERVE NO. 87,d65ae954ba2811d892e2080020a0f4c9,WEAGAMOW LAKE,87
10070,Indian Reserve,MB,ANTLER CORNER INDIAN RESERVE,d906abafa44e4747a8ed23c1a348d408,ANTLER CORNER,
09867,Indian Reserve,MB,ANDERSON INDIAN RESERVE,0943b7b720f94ebe8c32801126164cd8,ANDERSON,
06495,Indian Reserve,SK,CUMBERLAND HOUSE CREE NATION I.R. 20,f10725cebbe211d892e2080020a0f4c9,CUMBERLAND HOUSE CREE NATION,20
07189,Indian Reserve,BC,LOUIS CREEK 4,3970bf31ba3611d892e2080020a0f4c9,LOUIS CREEK,4
09355,Indian Reserve,SK,MUSKOWEKWAN I.R. 85-35,6c9ebbff849c20c3d76d04655b0c8a53,MUSKOWEKWAN I.R. 85-35,
09824,Indian Reserve,MB,NORWAY HOUSE INDIAN RESERVE NO. 17C-20,776f095f63b8401eaa56cca9d6d09d84,NORWAY HOUSE INDIAN RESERVE NO. 17C-20,
06528,Indian Reserve,SK,PELICAN NARROWS I.R. 184B,f8d82f32bbe211d892e2080020a0f4c9,PELICAN NARROWS,184B
10120,Indian Reserve,MB,THI DARE INDIAN RESERVE,c9f1039ba6ba4ff5ae7b3c86b1a6a31e,THI DARE,
06785,Indian Reserve,BC,BULKLEY 1,e46de5b1ba3511d892e2080020a0f4c9,BULKLEY,1
10176,Indian Reserve,SK,PHEASANT RUMP NAKOTA INDIAN RESERVE NO. 68G,9018b17722e143078a78a1530347fa40,PHEASANT RUMP NAKOTA,68G
08152,Indian Reserve,BC,SLOSH 1A,937cb975ba3411d892e2080020a0f4c9,SLOSH,1A
06956,Indian Reserve,BC,HALFWAY RIVER 168,61f92325ba3511d892e2080020a0f4c9,HALFWAY RIVER,168
08489,Indian Reserve,BC,CHUNDOO LH'TAN LA 45,5302c424ba3611d892e2080020a0f4c9,CHUNDOO LH'TAN LA,45
09692,Indian Reserve,BC,MARSHY LAKE 1,964602eb849c20c35802ac2779d25669,MARSHY LAKE,1
07480,Indian Reserve,BC,MCLEOD LAKE 1,65bd3020ba3511d892e2080020a0f4c9,MCLEOD LAKE,1
07111,Indian Reserve,BC,PORT NEVILLE 4,1d7a635cba3611d892e2080020a0f4c9,PORT NEVILLE,4
06966,Indian Reserve,BC,OPEN BAY 8,083faa98ba3611d892e2080020a0f4c9,OPEN BAY,8
09371,Indian Reserve,SK,OCHAPOWACE I.R. 71-89,6c9ebc02849c20c334bf58bebb9c315a,OCHAPOWACE I.R. 71-89,
06714,Indian Reserve,AB,COLD LAKE 149B,05b5f2e6bbe311d892e2080020a0f4c9,COLD LAKE,149B
09335,Indian Reserve,SK,PIAPOT CREE FIRST NATION I.R. 75H,6c9ebbfb849c20c3c302cefd4da5007f,PIAPOT CREE FIRST NATION,75H
06592,Indian Reserve,SK,BUFFALO RIVER DENE NATION I.R. 193,f05e3b89bbe211d892e2080020a0f4c9,BUFFALO RIVER DENE NATION,193
07794,Indian Reserve,BC,BILL LAKE 37,43a37befba3511d892e2080020a0f4c9,BILL LAKE,37
06505,Indian Reserve,SK,BITTERN LAKE I.R. 218,efb55146bbe211d892e2080020a0f4c9,BITTERN LAKE,218
10148,Indian Reserve,MB,MISTAH HART NORWAY HOUSE CREE NATION INDIAN RESERVE,9f16b82fe46544988cb820bebebba099,MISTAH HART NORWAY HOUSE CREE NATION,
07793,Indian Reserve,BC,KASIKA 36,4378c26eba3511d892e2080020a0f4c9,KASIKA,36
06106,Indian Reserve,QC,UASHAT INDIAN RESERVE NO. 27,e0f5dae1ba2311d892e2080020a0f4c9,UASHAT,27
08215,Indian Reserve,BC,CLUDOLICUM 9,8b82f2bfba3411d892e2080020a0f4c9,CLUDOLICUM,9
07161,Indian Reserve,BC,ASHCROFT 4,20327e88ba3611d892e2080020a0f4c9,ASHCROFT,4
06693,Indian Reserve,AB,WABASCA 166B,04ce51edbbe311d892e2080020a0f4c9,WABASCA,166B
09868,Indian Reserve,MB,HART INDIAN RESERVE,6ccad746ef764958ab5f1665243c9615,HART,
07152,Indian Reserve,BC,HUSTALEN 1,1dca581fba3611d892e2080020a0f4c9,HUSTALEN,1
07247,Indian Reserve,BC,SHUOUCHTEN 15,38dda6ebba3611d892e2080020a0f4c9,SHUOUCHTEN,15
09470,Indian Reserve,SK,MUSKOWEKWAN I.R. 85-21,6c9ebc14849c20c3f5ee7bbe85448e53,MUSKOWEKWAN I.R. 85-21,
08164,Indian Reserve,BC,BIG JOE'S MEADOW 7,9934f58eba3411d892e2080020a0f4c9,BIG JOE'S MEADOW,7
06594,Indian Reserve,SK,LA PLONGE I.R. 192,f08153efbbe211d892e2080020a0f4c9,LA PLONGE,192
10202,Indian Reserve,SK,STURGEON LAKE INDIAN RESERVE NO. 101J,a44d648932454bccaa2e6a7c4f7ca8fb,STURGEON LAKE,101J
09261,Indian Reserve,SK,OCHAPOWACE I.R. 71-62,f7f54928bbe211d892e2080020a0f4c9,OCHAPOWACE I.R. 71-62,
09148,Indian Reserve,MB,WASAGAMACK,eed7e984bbe211d892e2080020a0f4c9,WASAGAMACK,
07428,Indian Reserve,BC,SHUSWAP,3bad40c5ba3611d892e2080020a0f4c9,SHUSWAP,
08482,Indian Reserve,BC,KEOM CHO 38,5267958dba3611d892e2080020a0f4c9,KEOM CHO,38
08227,Indian Reserve,BC,ANAHIM'S MEADOW 2A,8e28be6bba3411d892e2080020a0f4c9,ANAHIM'S MEADOW,2A
06895,Indian Reserve,BC,IKTUKSASUK 7,f0d6040bba3511d892e2080020a0f4c9,IKTUKSASUK,7
09001,Indian Reserve,SK,OCEAN MAN I.R. 69B,f5439772bbe211d892e2080020a0f4c9,OCEAN MAN,69B
07823,Indian Reserve,BC,ALDER CREEK 70,4e1a514cba3511d892e2080020a0f4c9,ALDER CREEK,70
07875,Indian Reserve,BC,KYARTI 3,70efdb9aba3511d892e2080020a0f4c9,KYARTI,3
08490,Indian Reserve,BC,DZIN TL'AT 46,5317d2c5ba3611d892e2080020a0f4c9,DZIN TL'AT,46
09031,Indian Reserve,BC,TELAISE 1,57ebc928ba3611d892e2080020a0f4c9,TELAISE,1
06588,Indian Reserve,SK,MAKWA LAKE I.R. 129B,f31d5bddbbe211d892e2080020a0f4c9,MAKWA LAKE,129B
07213,Indian Reserve,BC,PEMYNOOS 9,26c451a2ba3611d892e2080020a0f4c9,PEMYNOOS,9
06374,Indian Reserve,MB,PEGUIS 1C,ec555d14bbe211d892e2080020a0f4c9,PEGUIS,1C
09231,Indian Reserve,SK,OCHAPOWACE I.R. 71-55,f79e9da2bbe211d892e2080020a0f4c9,OCHAPOWACE I.R. 71-55,
06332,Indian Reserve,ON,CAT LAKE INDIAN RESERVE NO. 63C,da7ccda5ba2811d892e2080020a0f4c9,CAT LAKE,63C
07685,Indian Reserve,BC,GUOYSKUN 22,9eb72d56ba3411d892e2080020a0f4c9,GUOYSKUN,22
10049,Indian Reserve,SK,OCEAN MAN INDIAN RESERVE NO. 69X,4db22acf812b422cb0cc17ede5f3278e,OCEAN MAN,69X
06045,Indian Reserve,NS,MARGAREE INDIAN RESERVE NO. 25,b6ce27cfaffd11d892e2080020a0f4c9,MARGAREE,25
10079,Indian Reserve,SK,CARRY THE KETTLE NAKODA FIRST NATION NO. 76-75,c3864ed839ae4c3fa922ae719830019f,CARRY THE KETTLE NAKODA FIRST NATION NO. 76-75,
10188,Indian Reserve,MB,LUWECHOTUWE PARCEL C INDIAN RESERVE,8f8cf84f605541ce974d2a8bf53544fa,LUWECHOTUWE PARCEL C,
10201,Indian Reserve,SK,KAHKEWISTAHAW INDIAN RESERVE NO. 72A-2,540dc73004bf4e9a848ef26a7a3a8ea8,KAHKEWISTAHAW INDIAN RESERVE NO. 72A-2,
09448,Indian Reserve,SK,SAULTEAUX FIRST NATION INDIAN RESERVE NO. 159Z,6c9ebc10849c20c357299ac0dc69f525,SAULTEAUX FIRST NATION,159Z
07078,Indian Reserve,BC,CLIENNA 14,1a974083ba3611d892e2080020a0f4c9,CLIENNA,14
07543,Indian Reserve,BC,UZTA 4,4d1ee453ba3611d892e2080020a0f4c9,UZTA,4
07399,Indian Reserve,BC,LOWER SIMILKAMEEN 2,2f058260ba3611d892e2080020a0f4c9,LOWER SIMILKAMEEN,2
09519,Indian Reserve,SK,POUNDMAKER I.R. 114-12,6c9ebc1c849c20c3187eb3ba728dd9bd,POUNDMAKER I.R. 114-12,
10197,Indian Reserve,SK,CARRY THE KETTLE NAKODA FIRST NATION #76-89,3eeb0da937584833a765ce9a318bcf82,CARRY THE KETTLE NAKODA FIRST NATION #76-89,
06030,Indian Reserve,NS,PONHOOK LAKE INDIAN RESERVE NO. 10,b756b8c8affd11d892e2080020a0f4c9,PONHOOK LAKE,10
06330,Indian Reserve,ON,SACHIGO LAKE INDIAN RESERVE NO. 3,37e3fa63ba2a11d892e2080020a0f4c9,SACHIGO LAKE,3
08212,Indian Reserve,BC,WYCOTT'S FLAT 6,8b58d57cba3411d892e2080020a0f4c9,WYCOTT'S FLAT,6
09908,Indian Reserve,SK,CARRY THE KETTLE NAKODA FIRST NATION 76-25,b499160a527045f5ab0da416ec0b8eea,CARRY THE KETTLE NAKODA FIRST NATION 76-25,
10102,Indian Reserve,SK,NAKAWAY AHKEENG,924c031ee45f47c599832c9d73ab8499,NAKAWAY AHKEENG,
07023,Indian Reserve,BC,GLEYKA 6,0f217278ba3611d892e2080020a0f4c9,GLEYKA,6
09432,Indian Reserve,SK,SWEETGRASS I.R. 113-J3,6c9ebc0e849c20c3d2ce6cb71da8eb3f,SWEETGRASS I.R. 113-J3,
08292,Indian Reserve,BC,SAN JOSE 6,dcbac414ba3511d892e2080020a0f4c9,SAN JOSE,6
10141,Indian Reserve,SK,GEORGE GORDON FIRST NATION NO. 86-4,c19cc614e283456a9b2f0996538fbcf2,GEORGE GORDON FIRST NATION NO. 86-4,
07462,Indian Reserve,BC,EASTERN ISLAND 13,66e3128aba3511d892e2080020a0f4c9,EASTERN ISLAND,13
06480,Indian Reserve,SK,GRIZZLY BEAR'S HEAD & LEAN MAN I.R.'S 110 & 111,ef67f48fbbe211d892e2080020a0f4c9,GRIZZLY BEAR'S HEAD & LEAN MAN I.R.'S 110 &,111
07437,Indian Reserve,BC,ST. MARY'S 1A,e3a9f96aba3511d892e2080020a0f4c9,ST. MARY'S,1A
06267,Indian Reserve,ON,ENGLISH RIVER INDIAN RESERVE NO. 21,16a0896bba2711d892e2080020a0f4c9,ENGLISH RIVER,21
09408,Indian Reserve,SK,OKANESE I.R. 82(O),f8ae871bbbe211d892e2080020a0f4c9,OKANESE I.R. 82(O),
10054,Indian Reserve,SK,CARRY THE KETTLE NAKODA FIRST NATION INDIAN RESERVE NO. 76-20,3631faa283664e9689227360b3515749,CARRY THE KETTLE NAKODA FIRST NATION INDIAN RESERVE NO. 76-20,
07890,Indian Reserve,BC,DIL-MA-SOW 5,7a4d78eeba3511d892e2080020a0f4c9,DIL-MA-SOW,5
09773,Indian Reserve,MB,MUNRO LAKE,9403fe305a6111dd9007080020a0f4c9,MUNRO LAKE,
07099,Indian Reserve,BC,BAT-L-KI 3,1c12e410ba3611d892e2080020a0f4c9,BAT-L-KI,3
07781,Indian Reserve,BC,BURNT CLIFF ISLANDS 20,a08b5133ba3411d892e2080020a0f4c9,BURNT CLIFF ISLANDS,20
09190,Indian Reserve,SK,MUSKOWEKWAN I.R. 85-10,f4aa64a0bbe211d892e2080020a0f4c9,MUSKOWEKWAN I.R. 85-10,
09403,Indian Reserve,SK,MOOSOMIN I.R. 112M,6c9ebc07849c20c35c8e51cbd60aef90,MOOSOMIN,112M
08187,Indian Reserve,BC,ALEXIS CREEK 17,89e06633ba3411d892e2080020a0f4c9,ALEXIS CREEK,17
07061,Indian Reserve,BC,NAHWITTI 4,19432223ba3611d892e2080020a0f4c9,NAHWITTI,4
09957,Indian Reserve,SK,MOOSOMIN INDIAN RESERVE NO. 112S,1e93d6eba0ce4dea9ae15073b49735de,MOOSOMIN,112S
09213,Indian Reserve,ON,NESKANTAGA INDIAN RESERVE,74dff06aba2c11d892e2080020a0f4c9,NESKANTAGA,
07883,Indian Reserve,BC,KEMSQUIT 1,72deb352ba3511d892e2080020a0f4c9,KEMSQUIT,1
09711,Indian Reserve,MB,OXFORD HOUSE 24C,6cfb6895ffb211dda89a080020a0f4c9,OXFORD HOUSE,24C
07835,Indian Reserve,BC,ALASTAIR 82,507f1b57ba3511d892e2080020a0f4c9,ALASTAIR,82
06445,Indian Reserve,MB,MOOSE LAKE 31D,eeecf826bbe211d892e2080020a0f4c9,MOOSE LAKE,31D
08163,Indian Reserve,BC,NECAUSLEY CREEK 6,991d75edba3411d892e2080020a0f4c9,NECAUSLEY CREEK,6
06519,Indian Reserve,SK,POTATO RIVER I.R. 156A,f90d21e7bbe211d892e2080020a0f4c9,POTATO RIVER,156A
07170,Indian Reserve,BC,HIHIUM LAKE 6A,e360bb67ba3511d892e2080020a0f4c9,HIHIUM LAKE,6A
09845,Indian Reserve,MB,NORWAY HOUSE INDIAN RESERVE NO. 17C-41,08e89cd3b2fe42f8ac6896d98137dcd7,NORWAY HOUSE INDIAN RESERVE NO. 17C-41,
09481,Indian Reserve,SK,SAULTEAUX I.R. 159Y,6c9ebc17849c20c33ca742f966067946,SAULTEAUX,159Y
07664,Indian Reserve,BC,MASSET 1,9a5cd3d1ba3411d892e2080020a0f4c9,MASSET,1
00180,Indian Reserve,SK,FOND DU LAC I.R. 232,f1c23885bbe211d892e2080020a0f4c9,FOND DU LAC,232
10011,Indian Reserve,SK,CARRY THE KETTLE NAKODA FIRST NATION NO. 76-64,d8f917f5df424315985d516f16538db3,CARRY THE KETTLE NAKODA FIRST NATION NO. 76-64,
09715,Indian Reserve,MB,SWAN LAKE 7A,35bc3b32ffb311dda89a080020a0f4c9,SWAN LAKE,7A
09421,Indian Reserve,SK,THUNDERCHILD FIRST NATION IR 115J,6c9ebc0b849c20c3c657bf72d1f9972c,THUNDERCHILD FIRST NATION,115J
06469,Indian Reserve,MB,CROSS LAKE 19E,eec2b3d2bbe211d892e2080020a0f4c9,CROSS LAKE,19E
09517,Indian Reserve,SK,OKANESE I.R. 82(BB),6c9ebc1c849c20c39bf4c494c7300083,OKANESE I.R. 82(BB),
07656,Indian Reserve,BC,TELEGRAPH CREEK 6A,58541cafba3511d892e2080020a0f4c9,TELEGRAPH CREEK,6A
09818,Indian Reserve,MB,NORWAY HOUSE INDIAN RESERVE NO. 17C-14,8616ef23709f493c8e94a36e778254b0,NORWAY HOUSE INDIAN RESERVE NO. 17C-14,
10145,Indian Reserve,MB,NORWAY HOUSE CREE NATION PASKITANIGOWIH INDIAN RESERVE,ff5f5c7e5c0a4328a7856d8acb4364b9,NORWAY HOUSE CREE NATION PASKITANIGOWIH,
08054,Indian Reserve,BC,SKWALI 3,94af4617ba3411d892e2080020a0f4c9,SKWALI,3
07757,Indian Reserve,BC,KHYEX NO. 8,9f163d4dba3411d892e2080020a0f4c9,KHYEX,8
08327,Indian Reserve,BC,CHIEF MORRIS 13,919c1277ba3411d892e2080020a0f4c9,CHIEF MORRIS,13
07144,Indian Reserve,BC,SHOOMART 5,180a7c09ba3611d892e2080020a0f4c9,SHOOMART,5
08119,Indian Reserve,BC,PASHILQUA 2A,745303dcba3511d892e2080020a0f4c9,PASHILQUA,2A
06244,Indian Reserve,ON,RAINY LAKE INDIAN RESERVE NO. 17B,12fc1264ba2711d892e2080020a0f4c9,RAINY LAKE,17B
07938,Indian Reserve,BC,SECHELT BAND LANDS (TCHAHCHELAILTHTENUM) NO 10,75dfd319d05511d892e2080020a0f4c9,SECHELT BAND LANDS (TCHAHCHELAILTHTENUM),10
07560,Indian Reserve,BC,BINCHE BUN 7,4f548917ba3611d892e2080020a0f4c9,BINCHE BUN,7
06824,Indian Reserve,BC,TENT ISLAND 8,f79e766fba3511d892e2080020a0f4c9,TENT ISLAND,8
09553,Indian Reserve,SK,STAR BLANKET I.R. 83F,6c9ebc24849c20c33943d28aecea0091,STAR BLANKET,83F
09943,Indian Reserve,SK,STAR BLANKET INDIAN RESERVE NO. 83L,6e7b0895460444638e7f68a96a369150,STAR BLANKET,83L
06468,Indian Reserve,MB,LAC BROCHET 197A,ebb4b131bbe211d892e2080020a0f4c9,LAC BROCHET,197A
07248,Indian Reserve,BC,NICOLA LAKE 1,e17dca85ba3511d892e2080020a0f4c9,NICOLA LAKE,1
06412,Indian Reserve,MB,SWAN LAKE 7,ecded873bbe211d892e2080020a0f4c9,SWAN LAKE,7
06270,Indian Reserve,ON,SWAN LAKE INDIAN RESERVE NO. 29,16ed22ceba2711d892e2080020a0f4c9,SWAN LAKE,29
08124,Indian Reserve,BC,FOUNTAIN 1D,75edef3aba3511d892e2080020a0f4c9,FOUNTAIN,1D
09307,Indian Reserve,SK,SAULTEAUX I.R. 159J,fa350032bbe211d892e2080020a0f4c9,SAULTEAUX,159J
07556,Indian Reserve,BC,YE KOO CHE 3,4f17f545ba3611d892e2080020a0f4c9,YE KOO CHE,3
06418,Indian Reserve,MB,MOOSE LAKE 31C,ebf93449bbe211d892e2080020a0f4c9,MOOSE LAKE,31C
10154,Indian Reserve,MB,NORWAY HOUSE CREE NATION BUTTERFLY LAKE A INDIAN RESERVE,a0e321a4ee02478b9ca3937a509c91ae,NORWAY HOUSE CREE NATION BUTTERFLY LAKE A,
09069,Indian Reserve,AB,WOODLAND CREE 228,079c6648bbe311d892e2080020a0f4c9,WOODLAND CREE,228
09822,Indian Reserve,MB,NORWAY HOUSE INDIAN RESERVE NO. 17C-18,0d546ec660884906a23ee3cd80336389,NORWAY HOUSE INDIAN RESERVE NO. 17C-18,
08138,Indian Reserve,BC,RILEY CREEK 1B,825517acba3411d892e2080020a0f4c9,RILEY CREEK,1B
06752,Indian Reserve,BC,BABINE 18,e6f8d667ba3511d892e2080020a0f4c9,BABINE,18
07051,Indian Reserve,BC,ALERT BAY 1A,16295fecba3611d892e2080020a0f4c9,ALERT BAY,1A
09879,Indian Reserve,MB,OHPAHAHPISKOW SAKAHEGAN INDIAN RESERVE,96cb4af53add461cae54223b169b243b,OHPAHAHPISKOW SAKAHEGAN,
09222,Indian Reserve,SK,OCHAPOWACE I.R. 71-51,f7961221bbe211d892e2080020a0f4c9,OCHAPOWACE I.R. 71-51,
07044,Indian Reserve,BC,AHAMINAQUUS 12,15890135ba3611d892e2080020a0f4c9,AHAMINAQUUS,12
08008,Indian Reserve,BC,CHEHALIS 6,74e13a20ba3511d892e2080020a0f4c9,CHEHALIS,6
08189,Indian Reserve,BC,SEYMOUR MEADOWS 19,8a002335ba3411d892e2080020a0f4c9,SEYMOUR MEADOWS,19
09472,Indian Reserve,SK,GOLD EAGLE I.R.,6c9ebc14849c20c35858f8237e64fc30,GOLD EAGLE,
07281,Indian Reserve,BC,BOSTON BAR 1A,239afe04ba3611d892e2080020a0f4c9,BOSTON BAR,1A
06532,Indian Reserve,SK,WOODY LAKE I.R. 184D,f124e703bbe211d892e2080020a0f4c9,WOODY LAKE,184D
06891,Indian Reserve,BC,CLAOOSE 4,f0723927ba3511d892e2080020a0f4c9,CLAOOSE,4
07736,Indian Reserve,BC,SAND ISLAND 4,03b4a414ba3611d892e2080020a0f4c9,SAND ISLAND,4
07624,Indian Reserve,BC,BEES 6,44c0dccdba3611d892e2080020a0f4c9,BEES,6
07203,Indian Reserve,BC,SPENCES BRIDGE 4,25cde3a8ba3611d892e2080020a0f4c9,SPENCES BRIDGE,4
06556,Indian Reserve,SK,WHITECAP I.R. 94,ff05c24cbbe211d892e2080020a0f4c9,WHITECAP,94
07911,Indian Reserve,BC,MUSHKIN 5,7814c6ecba3511d892e2080020a0f4c9,MUSHKIN,5
09291,Indian Reserve,SK,OCHAPOWACE I.R. 71-26,f6a4ad2ebbe211d892e2080020a0f4c9,OCHAPOWACE I.R. 71-26,
10064,Indian Reserve,MB,FAIRY LAKE INDIAN RESERVE,d7868e2baece478bae8507afca30e2cb,FAIRY LAKE,
06135,Indian Reserve,QC,RAPID LAKE,c4d402fcba2311d892e2080020a0f4c9,RAPID LAKE,
08090,Indian Reserve,BC,SKAWAHLUM 10,972d8cadba3411d892e2080020a0f4c9,SKAWAHLUM,10
07634,Indian Reserve,BC,KITLOPE 16,02eac45eba3611d892e2080020a0f4c9,KITLOPE,16
09642,Indian Reserve,AB,TTHE JERE GHAILI 196B,309235b1ffb311dda89a080020a0f4c9,TTHE JERE GHAILI,196B
07818,Indian Reserve,BC,KYEX 64,4ccbd847ba3511d892e2080020a0f4c9,KYEX,64
10109,Indian Reserve,ON,SLATE FALLS NATION RESERVE,b9a75d1b136d40ca9b29b70cf4e8a22e,SLATE FALLS NATION,
06064,Indian Reserve,NS,WELNEK INDIAN RESERVE NO. 38,b8dfefe3affd11d892e2080020a0f4c9,WELNEK,38
10116,Indian Reserve,MB,NORWAY HOUSE CREE NATION OTAHAWKANIHK LANDING INDIAN RESERVE,fc3bb4fab19847c2a13b9b6498464bfc,NORWAY HOUSE CREE NATION OTAHAWKANIHK LANDING,
08283,Indian Reserve,BC,TOOSEY 1A,d79615a8ba3511d892e2080020a0f4c9,TOOSEY,1A
09756,Indian Reserve,MB,NORWAY HOUSE 17D-5,86e65db45a5f11dd9007080020a0f4c9,NORWAY HOUSE 17D-5,
07413,Indian Reserve,BC,NINE MILE CREEK 4,e2af93d1ba3511d892e2080020a0f4c9,NINE MILE CREEK,4
07337,Indian Reserve,BC,KLICKKUMCHEEN 18,3453fff7ba3611d892e2080020a0f4c9,KLICKKUMCHEEN,18
09207,Indian Reserve,SK,POUNDMAKER I.R. 114-2B,f918e1b9bbe211d892e2080020a0f4c9,POUNDMAKER I.R. 114-2B,
09823,Indian Reserve,MB,NORWAY HOUSE INDIAN RESERVE NO. 17C-19,7f3a7f7c841d46e1a824439069948071,NORWAY HOUSE INDIAN RESERVE NO. 17C-19,
10250,Indian Reserve,MB,BAAHLZOI INDIAN RESERVE,fcc3fc44bcea4bca98cf99cc9dc3b40a,BAAHLZOI,
07256,Indian Reserve,BC,SHACKAN 11,3b20b832ba3611d892e2080020a0f4c9,SHACKAN,11
09482,Indian Reserve,SK,SAULTEAUX I.R. 159DD,6c9ebc17849c20c38fcd9b00b6855de6,SAULTEAUX,159DD
06481,Indian Reserve,SK,MOSQUITO I.R. 109,f057f9f8bbe211d892e2080020a0f4c9,MOSQUITO,109
07055,Indian Reserve,BC,O-TSAW-LAS 5,16bd89a0ba3611d892e2080020a0f4c9,O-TSAW-LAS,5
06234,Indian Reserve,ON,LAKE OF THE WOODS INDIAN RESERVE NO. 31B,11a13d4bba2711d892e2080020a0f4c9,LAKE OF THE WOODS,31B
06364,Indian Reserve,MB,FISHER RIVER 44,eae1d0c2bbe211d892e2080020a0f4c9,FISHER RIVER,44
09914,Indian Reserve,MB,THUYCHOLEENI INDIAN RESERVE,2d9bc04541614d2491acaab1b4b6e476,THUYCHOLEENI,
08419,Indian Reserve,BC,ALKHILI 2,3fed0d76ba3611d892e2080020a0f4c9,ALKHILI,2
06404,Indian Reserve,MB,KEESEEKOOWENIN 61,eba71ca0bbe211d892e2080020a0f4c9,KEESEEKOOWENIN,61
06971,Indian Reserve,BC,PENTLEDGE 2,08b1311dba3611d892e2080020a0f4c9,PENTLEDGE,2
09940,Indian Reserve,SK,OCHAPOWACE I.R. 71-33,af1b2ba770c14a1fa72c72dc6bb5bc58,OCHAPOWACE I.R. 71-33,
07445,Indian Reserve,BC,LEON 14,5c75d9ffba3511d892e2080020a0f4c9,LEON,14
08022,Indian Reserve,BC,PERRETS 11,94560283ba3411d892e2080020a0f4c9,PERRETS,11
06207,Indian Reserve,ON,INDIAN RIVER RESERVE,af997f7fba2811d892e2080020a0f4c9,INDIAN RIVER,
06876,Indian Reserve,BC,KOOTOWIS 4,ebad5df0ba3511d892e2080020a0f4c9,KOOTOWIS,4
09774,Indian Reserve,SK,PIAPOT URBAN RESERVE,cbe9be1a01c211dea89a080020a0f4c9,PIAPOT URBAN,
09951,Indian Reserve,SK,MUSKEG LAKE INDIAN RESERVE NO. 102M,97848c404b5e4c62ad3e46709255294b,MUSKEG LAKE,102M
09362,Indian Reserve,SK,KEESEEKOOSE I.R. 66-KE-01,6c9ebbff849c20c3a10b2353322bc8a3,KEESEEKOOSE I.R. 66-KE-01,
10159,Indian Reserve,MB,1075 PORTAGE AVENUE INDIAN RESERVE,e3f910dc84224e31b68e047ba38248bc,1075 PORTAGE AVENUE,
06866,Indian Reserve,BC,KISHNACOUS 29,e947a87aba3511d892e2080020a0f4c9,KISHNACOUS,29
07419,Indian Reserve,BC,MISSION CREEK 8,e3018464ba3511d892e2080020a0f4c9,MISSION CREEK,8
07780,Indian Reserve,BC,FINLAYSON ISLAND 19,a083fe32ba3411d892e2080020a0f4c9,FINLAYSON ISLAND,19
09909,Indian Reserve,SK,CARRY THE KETTLE NAKODA FIRST NATION 76-24,c56bfe2cf0544350816c384a5e0d4e9c,CARRY THE KETTLE NAKODA FIRST NATION 76-24,
06850,Indian Reserve,BC,QUORTSOWE 13,e7fe5f8dba3511d892e2080020a0f4c9,QUORTSOWE,13
09507,Indian Reserve,BC,BLUE LAKE 24,96464a89849c20c39eb22914de2dec00,BLUE LAKE,24
06285,Indian Reserve,ON,SHOAL LAKE INDIAN RESERVE NO. 34B2,7e8bc72aba2711d892e2080020a0f4c9,SHOAL LAKE INDIAN RESERVE NO. 34B2,
09582,Indian Reserve,SK,MUSKOWEKWAN I.R. 85-45,6c9ebc2b849c20c32e5e1696dacde9a0,MUSKOWEKWAN I.R. 85-45,
09921,Indian Reserve,MB,THUYCHOLEENI AZÉ INDIAN RESERVE,a5023f11fe1b401d9b5fe364ff680e0e,THUYCHOLEENI AZE,
09289,Indian Reserve,SK,OCHAPOWACE I.R. 71-24,f677a9bcbbe211d892e2080020a0f4c9,OCHAPOWACE I.R. 71-24,
07335,Indian Reserve,BC,TWO MILE CREEK 16,340bac54ba3611d892e2080020a0f4c9,TWO MILE CREEK,16
08075,Indian Reserve,BC,RUBY CREEK 2,93be083aba3411d892e2080020a0f4c9,RUBY CREEK,2
09136,Indian Reserve,AB,PEACE POINT INDIAN RESERVE NO. 222,0857c612bbe311d892e2080020a0f4c9,PEACE POINT,222
09364,Indian Reserve,SK,OCHAPOWACE I.R. 71-72,f81665bbbbe211d892e2080020a0f4c9,OCHAPOWACE I.R. 71-72,
09923,Indian Reserve,MB,MILE 20 SECOND REVISION INDIAN RESERVE,bdf662fe0bf242b2b5056bdb3398d099,MILE 20 SECOND REVISION,
07067,Indian Reserve,BC,PA-CAT'L-LIN-NE 3,19c76d59ba3611d892e2080020a0f4c9,PA-CAT'L-LIN-NE,3
09131,Indian Reserve,SK,OCHAPOWACE I.R. 71-5,f5b25edbbbe211d892e2080020a0f4c9,OCHAPOWACE I.R. 71-5,
09491,Indian Reserve,SK,POUNDMAKER I.R. 114-1A,6c9ebc18849c20c326b9f0f131903a38,POUNDMAKER I.R. 114-1A,
09522,Indian Reserve,SK,ONIKAHP SAHGNIKANSIS INDIAN RESERVE NO 165E,6c9ebc1e849c20c33fb7da3ae248b77e,ONIKAHP SAHGNIKANSIS,165E
06826,Indian Reserve,BC,QUALICUM,f94b8a31ba3511d892e2080020a0f4c9,QUALICUM,
09206,Indian Reserve,SK,POUNDMAKER I.R. 114-2A,f912ee48bbe211d892e2080020a0f4c9,POUNDMAKER I.R. 114-2A,
09847,Indian Reserve,MB,NORWAY HOUSE INDIAN RESERVE NO. 17C-43,562d04d8a2b14cd5a1cf7bd258b3972f,NORWAY HOUSE INDIAN RESERVE NO. 17C-43,
09896,Indian Reserve,SK,SAULTEAUX FIRST NATION INDIAN RESERVE NO. 159MM,8e1b58bf8841402d860245f13ce0bc3a,SAULTEAUX FIRST NATION,159MM
09266,Indian Reserve,BC,WHITECAP 1,5a679ea7ba3611d892e2080020a0f4c9,WHITECAP,1
07180,Indian Reserve,BC,MEADOW CREEK 3,2a1a0c6cba3611d892e2080020a0f4c9,MEADOW CREEK,3
09791,Indian Reserve,MB,RED SUCKER LAKE INDIAN RESERVE NO. 1976 C,e4987c0b3e764e6fa5ace5319fa67589,RED SUCKER LAKE INDIAN RESERVE NO. 1976 C,
07157,Indian Reserve,BC,SWITSEMALPH 6,1ed90904ba3611d892e2080020a0f4c9,SWITSEMALPH,6
07924,Indian Reserve,BC,SQUIRREL COVE 8,7cc6412fba3511d892e2080020a0f4c9,SQUIRREL COVE,8
06699,Indian Reserve,AB,HOUSE RIVER INDIAN CEMETERY 178,b9c8b491ffb311dda89a080020a0f4c9,HOUSE RIVER INDIAN CEMETERY,178
08319,Indian Reserve,BC,KUSHYA CREEK 7,90793d43ba3411d892e2080020a0f4c9,KUSHYA CREEK,7
07352,Indian Reserve,BC,LYTTON 31,36c415a8ba3611d892e2080020a0f4c9,LYTTON,31
06888,Indian Reserve,BC,AHUK 1,f02cf2c4ba3511d892e2080020a0f4c9,AHUK,1
09436,Indian Reserve,BC,MICHEL GARDENS 36,96464a9e849c20c3aefef066a142c61e,MICHEL GARDENS,36
06197,Indian Reserve,ON,ISLANDS IN THE TRENT WATERS INDIAN RESERVE NO. 36A,a74cb62eba2811d892e2080020a0f4c9,ISLANDS IN THE TRENT WATERS,36A
09074,Indian Reserve,MB,PEGUIS 1G,ee93184dbbe211d892e2080020a0f4c9,PEGUIS,1G
06750,Indian Reserve,BC,OSCHAWWINNA 3,e6b93555ba3511d892e2080020a0f4c9,OSCHAWWINNA,3
07895,Indian Reserve,BC,ST. JOE 10,7b258973ba3511d892e2080020a0f4c9,ST. JOE,10
09875,Indian Reserve,MB,SISIPUK SAKAHEGAN (A) INDIAN RESERVE,bffb194cdd2c4206baaa87abbbd8fddc,SISIPUK SAKAHEGAN (A),
09250,Indian Reserve,SK,KEESEEKOOSE I.R. 66-CA-05,f21d9f00bbe211d892e2080020a0f4c9,KEESEEKOOSE I.R. 66-CA-05,
08035,Indian Reserve,BC,SAHHACUM 1,82a02a71ba3411d892e2080020a0f4c9,SAHHACUM,1
06213,Indian Reserve,ON,CURVE LAKE FIRST NATION INDIAN RESERVE NO. 35,99ad21b0ba2b11d892e2080020a0f4c9,CURVE LAKE FIRST NATION,35
06443,Indian Reserve,MB,DAKOTA TIPI 1,eac45dadbbe211d892e2080020a0f4c9,DAKOTA TIPI,1
09282,Indian Reserve,MB,WHISKEYJACK,ef176388bbe211d892e2080020a0f4c9,WHISKEYJACK,
10123,Indian Reserve,MB,THAÍCHONILINI INDIAN RESERVE,96f6a2009c35477bafd966cd9ae44d6e,THAICHONILINI,
07498,Indian Reserve,BC,BABINE LAKE 20,64091775ba3511d892e2080020a0f4c9,BABINE LAKE,20
09633,Indian Reserve,MB,ANDREW BAY,8b077997ffb111dda89a080020a0f4c9,ANDREW BAY,
06477,Indian Reserve,SK,MOOSOMIN I.R. 112B,f3ccaebbbbe211d892e2080020a0f4c9,MOOSOMIN,112B
07699,Indian Reserve,BC,NEW CLEW 10,55819bb7ba3511d892e2080020a0f4c9,NEW CLEW,10
07623,Indian Reserve,BC,JUGWEES (MINETTE BAY) INDIAN RESERVE NO. 5,4490a50bba3611d892e2080020a0f4c9,JUGWEES (MINETTE BAY),5
09233,Indian Reserve,SK,KEESEEKOOSE I.R. 66-CA-01,f1f3f6edbbe211d892e2080020a0f4c9,KEESEEKOOSE I.R. 66-CA-01,
10237,Indian Reserve,MB,WUSKWI SIPIHK FIRST NATION PORCUPINE RIDGE RESERVE,e4d1db0dd77a481992f32fab9ae3e642,WUSKWI SIPIHK FIRST NATION PORCUPINE RIDGE,
09186,Indian Reserve,SK,SAKIMAY I.R. 74-9,f98a8f56bbe211d892e2080020a0f4c9,SAKIMAY I.R. 74-9,
06560,Indian Reserve,SK,YELLOW QUILL I.R. 90,ffbb2fa2bbe211d892e2080020a0f4c9,YELLOW QUILL,90
07798,Indian Reserve,BC,MAKLAKSADAGMAKS 42,46611553ba3511d892e2080020a0f4c9,MAKLAKSADAGMAKS,42
06725,Indian Reserve,AB,HEART LAKE 167,06883718bbe311d892e2080020a0f4c9,HEART LAKE,167
10093,Indian Reserve,MB,NITXELI TUWÉ 1 INDIAN RESERVE,d40649d63ff04acfa0fc939f930cbbef,NITXELI TUWE 1,
07970,Indian Reserve,BC,SKOWISHIN 7,959debe5ba3411d892e2080020a0f4c9,SKOWISHIN,7
07316,Indian Reserve,BC,LYTTON 4F,32365004ba3611d892e2080020a0f4c9,LYTTON,4F
09200,Indian Reserve,SK,MOOSOMIN I.R. 112H,f3f126afbbe211d892e2080020a0f4c9,MOOSOMIN,112H
06007,Indian Reserve,NB,POKEMOUCHE INDIAN RESERVE NO. 13,e8f0aef7bbe211d892e2080020a0f4c9,POKEMOUCHE,13
06758,Indian Reserve,BC,ANLAW 4,e3bfcb5bba3511d892e2080020a0f4c9,ANLAW,4
07979,Indian Reserve,BC,AIKWUCKS 15,95456ba1ba3411d892e2080020a0f4c9,AIKWUCKS,15
07576,Indian Reserve,BC,FORT WARE 1,6096fb0bba3511d892e2080020a0f4c9,FORT WARE,1
09549,Indian Reserve,SK,PIAPOT FIRST NATION I.R. 75T,6c9ebc24849c20c36e921fc0f3c3c153,PIAPOT FIRST NATION,75T
06388,Indian Reserve,MB,CROSS LAKE 19A,eaaf761bbbe211d892e2080020a0f4c9,CROSS LAKE,19A
07347,Indian Reserve,BC,LYTTON 26A,364bd863ba3611d892e2080020a0f4c9,LYTTON,26A
09672,Indian Reserve,SK,SAKIMAY I.R. 74-17,6c9ebc38849c20c3cd65cec806e14f2b,SAKIMAY I.R. 74-17,
09381,Indian Reserve,SK,ONE ARROW I.R. 95-1D,6c9ebc03849c20c35899747446abae5f,ONE ARROW I.R. 95-1D,
07815,Indian Reserve,BC,WUDZIMAGON 61,4afc9684ba3511d892e2080020a0f4c9,WUDZIMAGON,61
09979,Indian Reserve,BC,UMLIISLE INDIAN RESERVE NO. 4,cdf255d83a25493eb94f288795c13a12,UMLIISLE,4
08334,Indian Reserve,BC,ABUNTLET LAKE 4,d883f81fba3511d892e2080020a0f4c9,ABUNTLET LAKE,4
09484,Indian Reserve,SK,NAKISKATOWANEEK I.R. 227,6c9ebc17849c20c313ccf4e8c6e17152,NAKISKATOWANEEK,227
09469,Indian Reserve,SK,MUSKOWEKWAN I.R. 85-20,6c9ebc14849c20c3de39bc437eddbc3c,MUSKOWEKWAN I.R. 85-20,
06393,Indian Reserve,MB,CRANE RIVER 51,ea7700f8bbe211d892e2080020a0f4c9,CRANE RIVER,51
06798,Indian Reserve,BC,CHEMAINUS 13,eb24ccfcba3511d892e2080020a0f4c9,CHEMAINUS,13
08332,Indian Reserve,BC,THOMAS SQUINAS RANCH 2A,d840114dba3511d892e2080020a0f4c9,THOMAS SQUINAS RANCH,2A
09777,Indian Reserve,SK,KAHKEWISTAHAW RESERVE NO. 72C,fa88526801c011dea89a080020a0f4c9,KAHKEWISTAHAW,72C
06026,Indian Reserve,NB,WOODSTOCK INDIAN RESERVE NO. 23,e9d51b99bbe211d892e2080020a0f4c9,WOODSTOCK,23
07106,Indian Reserve,BC,SMALL ISLAND 4,1d0e0cf7ba3611d892e2080020a0f4c9,SMALL ISLAND,4
09836,Indian Reserve,MB,NORWAY HOUSE INDIAN RESERVE NO. 17C-32,dbe9eec5905e42d1bfe1f01885356c6c,NORWAY HOUSE INDIAN RESERVE NO. 17C-32,
08331,Indian Reserve,BC,SQUINAS 2,d828438cba3511d892e2080020a0f4c9,SQUINAS,2
09970,Indian Reserve,SK,THOMAS MORIN INDIAN RESERVE,59b9af16d3944a9295e75a23ec0a9933,THOMAS MORIN,
09622,Indian Reserve,MB,WUSKWI SIPIHK 3C,dc174691ffb111dda89a080020a0f4c9,WUSKWI SIPIHK,3C
09369,Indian Reserve,SK,OCHAPOWACE I.R. 71-80,6c9ebc02849c20c3f5537830a93adb2c,OCHAPOWACE I.R. 71-80,
08293,Indian Reserve,BC,CARPENTER MOUNTAIN 15,dcd4b4b5ba3511d892e2080020a0f4c9,CARPENTER MOUNTAIN,15
06433,Indian Reserve,MB,OPASKWAYAK CREE NATION 21N,eddbd62bbbe211d892e2080020a0f4c9,OPASKWAYAK CREE NATION,21N
09409,Indian Reserve,SK,OKANESE I.R. 82(P),ffcc94c3bbe211d892e2080020a0f4c9,OKANESE I.R. 82(P),
06050,Indian Reserve,NS,MERIGOMISH HARBOUR INDIAN RESERVE NO. 31,b6ecd361affd11d892e2080020a0f4c9,MERIGOMISH HARBOUR,31
07631,Indian Reserve,BC,GILTOYEES 13,44e0e7efba3611d892e2080020a0f4c9,GILTOYEES,13
07035,Indian Reserve,BC,AASS 3,14af6a0cba3611d892e2080020a0f4c9,AASS,3
09608,Indian Reserve,SK,OCHAPOWACE I.R. 71-104,6c9ebc32849c20c3e8de225593fe1a0f,OCHAPOWACE I.R. 71-104,
07280,Indian Reserve,BC,TUCKKWIOWHUM 1,237acbd3ba3611d892e2080020a0f4c9,TUCKKWIOWHUM,1
06683,Indian Reserve,AB,SAWRIDGE 150G,053996e8bbe311d892e2080020a0f4c9,SAWRIDGE,150G
09078,Indian Reserve,BC,TIN WIS 11,590bb820ba3611d892e2080020a0f4c9,TIN WIS,11
06587,Indian Reserve,SK,MAKWA LAKE I.R. 129A,f3140d0cbbe211d892e2080020a0f4c9,MAKWA LAKE,129A
07782,Indian Reserve,BC,SALVUS 26,a0a038c4ba3411d892e2080020a0f4c9,SALVUS,26
08474,Indian Reserve,BC,CAMSELL LAKE 30,53d41decba3611d892e2080020a0f4c9,CAMSELL LAKE,30
06816,Indian Reserve,BC,NANAIMO RIVER 2,ef971b5eba3511d892e2080020a0f4c9,NANAIMO RIVER,2
09467,Indian Reserve,SK,MUSKOWEKWAN I.R. 85-18,6c9ebc13849c20c375444d46952bdf79,MUSKOWEKWAN I.R. 85-18,
10009,Indian Reserve,SK,CARRY THE KETTLE NAKODA FIRST NATION NO. 76-55,ff857e521e0648e59eed1aa6c62cd01b,CARRY THE KETTLE NAKODA FIRST NATION NO. 76-55,
07984,Indian Reserve,BC,STAWAMUS INDIAN RESERVE NO. 24,968c91b1ba3411d892e2080020a0f4c9,STAWAMUS,24
09430,Indian Reserve,SK,SWEETGRASS I.R. 113-E22,6c9ebc0c849c20c3028d515cf90bd1a6,SWEETGRASS I.R. 113-E22,
07987,Indian Reserve,BC,CHEKWELP 26A,96bd8cc4ba3411d892e2080020a0f4c9,CHEKWELP,26A
08094,Indian Reserve,BC,SWAHLISEAH 14,9760f8c1ba3411d892e2080020a0f4c9,SWAHLISEAH,14
09580,Indian Reserve,SK,MUSKOWEKWAN I.R. 85-40,6c9ebc2b849c20c31790ccfbd9a5a33a,MUSKOWEKWAN I.R. 85-40,
07754,Indian Reserve,BC,S 1/2 TSIMPSEAN 2,96464aa5849c20c3b4179c77f43e6675,S 1/2 TSIMPSEAN,2
07411,Indian Reserve,BC,CHUCHUWAYHA 2C,e282423fba3511d892e2080020a0f4c9,CHUCHUWAYHA,2C
07972,Indian Reserve,BC,POYAM 9,95bdcff7ba3411d892e2080020a0f4c9,POYAM,9
06610,Indian Reserve,SK,AHTAHKAKOOP I.R. 104,f13d02e7bbe211d892e2080020a0f4c9,AHTAHKAKOOP,104
06245,Indian Reserve,ON,RAINY LAKE INDIAN RESERVE NO. 26A,1339b7a5ba2711d892e2080020a0f4c9,RAINY LAKE,26A
09510,Indian Reserve,BC,WEEDON LAKE 27,96464a5f849c20c35870e506c70249d2,WEEDON LAKE,27
09350,Indian Reserve,ON,WHITEFISH ISLAND INDIAN RESERVE,18bc1217ba2e11d892e2080020a0f4c9,WHITEFISH ISLAND,
09732,Indian Reserve,MB,ROSEAU RIVER ANISHINABE FIRST NATION INDIAN RESERVE NO. 2B,b8b0aa31ffb211dda89a080020a0f4c9,ROSEAU RIVER ANISHINABE FIRST NATION,2B
07296,Indian Reserve,BC,HIGH BAR 1A,27c8542dba3611d892e2080020a0f4c9,HIGH BAR,1A
06010,Indian Reserve,NB,BIG HOLE TRACT INDIAN RESERVE NO. 8 (SOUTH HALF),bb4c274d849c20c35802ac275c734ea0,BIG HOLE TRACT INDIAN RESERVE NO. 8 (SOUTH HALF),
08277,Indian Reserve,BC,STONE 1,d6c18792ba3511d892e2080020a0f4c9,STONE,1
09975,Indian Reserve,SK,FLYING DUST FIRST NATION 105 O,7d205e534d4a49cead4ad97d31a1b3ff,FLYING DUST FIRST NATION 105 O,
09147,Indian Reserve,MB,ST. THERESA POINT,eecf8513bbe211d892e2080020a0f4c9,ST. THERESA POINT,
09688,Indian Reserve,MB,SAPOTAWEYAK CREE NATION - SPRUCE ISLAND,431ff734ffb311dda89a080020a0f4c9,SAPOTAWEYAK CREE NATION - SPRUCE ISLAND,
09846,Indian Reserve,MB,NORWAY HOUSE INDIAN RESERVE NO. 17C-42,7e9732aa7b3340c7b235a5aa5af2cdf7,NORWAY HOUSE INDIAN RESERVE NO. 17C-42,
06868,Indian Reserve,BC,VARGAS ISLAND 31,e97d376cba3511d892e2080020a0f4c9,VARGAS ISLAND,31
06786,Indian Reserve,BC,HAGWILGET 1,e48b7fd2ba3511d892e2080020a0f4c9,HAGWILGET,1
08294,Indian Reserve,BC,NAHLQUONATE 2,7e71f46dba3511d892e2080020a0f4c9,NAHLQUONATE,2
07301,Indian Reserve,BC,PEGLEG 3,28d33487ba3611d892e2080020a0f4c9,PEGLEG,3
06756,Indian Reserve,BC,KSOO-GUN-YA 2A,e3eb482dba3511d892e2080020a0f4c9,KSOO-GUN-YA,2A
06435,Indian Reserve,MB,OPASKWAYAK CREE NATION ROOT LAKE 231,edc78ad8bbe211d892e2080020a0f4c9,OPASKWAYAK CREE NATION ROOT LAKE,231
06600,Indian Reserve,SK,CLEARWATER RIVER DENE BAND NO. 221,f16d139bbbe211d892e2080020a0f4c9,CLEARWATER RIVER DENE BAND,221
08296,Indian Reserve,BC,NAZCO 20,7ebf782fba3511d892e2080020a0f4c9,NAZCO,20
07454,Indian Reserve,BC,ISAAC 8,66bf5de9ba3511d892e2080020a0f4c9,ISAAC,8
10155,Indian Reserve,MB,GAMBLER FIRST NATION INDIAN RESERVE 63B,ad3d5a032ed14d25be856b6207a9f3ba,GAMBLER FIRST NATION,63B
07931,Indian Reserve,BC,SECHELT BAND LANDS (OALTHKYIM) NO 4,75d48878d05511d892e2080020a0f4c9,SECHELT BAND LANDS (OALTHKYIM),4
08307,Indian Reserve,BC,REDWATER CREEK 30,912d4b10ba3411d892e2080020a0f4c9,REDWATER CREEK,30
07315,Indian Reserve,BC,LYTTON 4E,32161dd3ba3611d892e2080020a0f4c9,LYTTON,4E
09604,Indian Reserve,MB,BUFFALO POINT FIRST NATION INDIAN RESERVE NO 1,abfe3219ffb111dda89a080020a0f4c9,BUFFALO POINT FIRST NATION,1
09073,Indian Reserve,MB,PEGUIS 1F,ee89a26cbbe211d892e2080020a0f4c9,PEGUIS,1F
09082,Indian Reserve,BC,(DEADMAN'S ISLAND) HALKETT ISLAND NO. 2,ae23c0b8c63541aba9e42218bbe773e7,(DEADMAN'S ISLAND) HALKETT ISLAND,2
07172,Indian Reserve,BC,HIHIUM LAKE 6,e3964a59ba3511d892e2080020a0f4c9,HIHIUM LAKE,6
09075,Indian Reserve,MB,PEGUIS 1H,ee9c400ebbe211d892e2080020a0f4c9,PEGUIS,1H
09445,Indian Reserve,SK,MUSKEG LAKE I.R. 102H,6c9ebc10849c20c37ae172e612a7157d,MUSKEG LAKE,102H
08002,Indian Reserve,BC,MOUNT CURRIE 7,923c2310ba3411d892e2080020a0f4c9,MOUNT CURRIE,7
10211,Indian Reserve,SK,SWEETGRASS INDIAN RESERVE NO. 113-I9,95724fd4e174485997fa65e5d6f31519,SWEETGRASS INDIAN RESERVE NO. 113-I9,
07942,Indian Reserve,BC,SECHELT BAND LANDS (CHELOHSIN) NO 13,0b9bb209d05511d892e2080020a0f4c9,SECHELT BAND LANDS (CHELOHSIN),13
07252,Indian Reserve,BC,CHAPPERON LAKE 5,e1df7289ba3511d892e2080020a0f4c9,CHAPPERON LAKE,5
09422,Indian Reserve,SK,THUNDERCHILD FIRST NATION IR 115K,6c9ebc0b849c20c366b58c1cfb026b78,THUNDERCHILD FIRST NATION,115K
07800,Indian Reserve,BC,KSADSKS 44,46c77845ba3511d892e2080020a0f4c9,KSADSKS,44
09192,Indian Reserve,SK,MUSKOWEKWAN I.R. 85-13,f4d3be93bbe211d892e2080020a0f4c9,MUSKOWEKWAN I.R. 85-13,
08477,Indian Reserve,BC,LA TSE CHO DIZ I 33,545b283fba3611d892e2080020a0f4c9,LA TSE CHO DIZ I,33
09755,Indian Reserve,MB,NORWAY HOUSE 17D-3,5a97bec35a5f11dd9007080020a0f4c9,NORWAY HOUSE 17D-3,
08096,Indian Reserve,BC,KAWKAWA LAKE 16,9775b942ba3411d892e2080020a0f4c9,KAWKAWA LAKE,16
07622,Indian Reserve,BC,TAHLA 4,0247cd98ba3611d892e2080020a0f4c9,TAHLA,4
06853,Indian Reserve,BC,AHOUS 16,e769c0aaba3511d892e2080020a0f4c9,AHOUS,16
08001,Indian Reserve,BC,MOUNT CURRIE 6,922ba84fba3411d892e2080020a0f4c9,MOUNT CURRIE,6
09561,Indian Reserve,SK,CARRY THE KETTLE NAKODA I.R. 76-3,6c9ebc26849c20c300633ae9e2494c93,CARRY THE KETTLE NAKODA I.R. 76-3,
10225,Indian Reserve,MB,ROSEAU RAPIDS B INDIAN RESERVE,b8fbfb96f17844f4b2be10d040439b2c,ROSEAU RAPIDS B,
09735,Indian Reserve,SK,KAWACATOOSE FIRST NATION INDIAN RESERVE NO. 88,6c9ebc43849c20c3ad943b156afb3e4a,KAWACATOOSE FIRST NATION,88
06703,Indian Reserve,AB,WHITE FISH LAKE 128,06d25f7bbbe311d892e2080020a0f4c9,WHITE FISH LAKE,128
10220,Indian Reserve,SK,SAULTEAUX FIRST NATION RESERVE NO. 159PP,db965d402ad443d98c8c111bf0682194,SAULTEAUX FIRST NATION,159PP
08316,Indian Reserve,BC,YALADELASSLA 4,903110b0ba3411d892e2080020a0f4c9,YALADELASSLA,4
08121,Indian Reserve,BC,FOUNTAIN 1A,75867ad7ba3511d892e2080020a0f4c9,FOUNTAIN,1A
06243,Indian Reserve,ON,RAINY LAKE INDIAN RESERVE NO. 17A,12da3283ba2711d892e2080020a0f4c9,RAINY LAKE,17A
09904,Indian Reserve,SK,MUSKOWEKWAN INDIAN RESERVE NO. 85-63,a927ef88d2594c4fab6c535aac0a5542,MUSKOWEKWAN INDIAN RESERVE NO. 85-63,
10160,Indian Reserve,MB,PUTAHOW LAKE SITE A INDIAN RESERVE,8eaa6908d981429586fe9a70ffd8cf6c,PUTAHOW LAKE SITE A,
09700,Indian Reserve,SK,SAULTEAUX I.R. 159CC,6c9ebc3e849c20c3ac2998ab0817833d,SAULTEAUX,159CC
07086,Indian Reserve,BC,CHENAHKINT 12,09673ab4ba3611d892e2080020a0f4c9,CHENAHKINT,12
06921,Indian Reserve,BC,CHUCHAKACOOK 4,f5fa6355ba3511d892e2080020a0f4c9,CHUCHAKACOOK,4
09815,Indian Reserve,MB,NORWAY HOUSE INDIAN RESERVE NO. 17C-11,af045db8e25a4f9fb615e74b7f4835e0,NORWAY HOUSE INDIAN RESERVE NO. 17C-11,
06599,Indian Reserve,SK,ILE A LA CROSSE I.R. 192E,ef4a335cbbe211d892e2080020a0f4c9,ILE A LA CROSSE,192E
09468,Indian Reserve,SK,MUSKOWEKWAN I.R. 85-19,6c9ebc13849c20c36f827e6f6f1ea297,MUSKOWEKWAN I.R. 85-19,
06545,Indian Reserve,SK,OCHAPOWACE I.R. 71,f02ca435bbe211d892e2080020a0f4c9,OCHAPOWACE,71
06294,Indian Reserve,ON,CONSTANCE LAKE INDIAN RESERVE NO. 92,f669d039ba2711d892e2080020a0f4c9,CONSTANCE LAKE,92
06236,Indian Reserve,ON,LAKE OF THE WOODS INDIAN RESERVE NO. 31G,11e6358dba2711d892e2080020a0f4c9,LAKE OF THE WOODS,31G
07214,Indian Reserve,BC,POKHEITSK 10,26e67fa3ba3611d892e2080020a0f4c9,POKHEITSK,10
06032,Indian Reserve,NS,YARMOUTH INDIAN RESERVE NO. 33,b8d23441affd11d892e2080020a0f4c9,YARMOUTH,33
08325,Indian Reserve,BC,TZETZI LAKE 11,90c1df09ba3411d892e2080020a0f4c9,TZETZI LAKE,11
10213,Indian Reserve,BC,GAT TAH KWĄ,270bbe8d88db4ce481e7a618af2ce0e6,GAT TAH KWA,
06662,Indian Reserve,AB,CHILD LAKE 164A,041f261dbbe311d892e2080020a0f4c9,CHILD LAKE,164A
06887,Indian Reserve,BC,REFUGE COVE 6,eee3d0e8ba3511d892e2080020a0f4c9,REFUGE COVE,6
10190,Indian Reserve,MB,KASMERE LAKE B INDIAN RESERVE,5fbcdb97734a4c7f884bb9f5e191c2ad,KASMERE LAKE B,
10243,Indian Reserve,AB,HAIG LAKE,cab23d4092fb4d14b35635140a2f7ae1,HAIG LAKE,
06012,Indian Reserve,NB,RENOUS INDIAN RESERVE NO. 12,e92a358abbe211d892e2080020a0f4c9,RENOUS,12
07045,Indian Reserve,BC,MATCHLEE 13,15997bf6ba3611d892e2080020a0f4c9,MATCHLEE,13
09478,Indian Reserve,SK,ONE ARROW I.R. 95-1I,6c9ebc17849c20c3f6c2f6e90586337f,ONE ARROW I.R. 95-1I,
09570,Indian Reserve,SK,OCHAPOWACE I.R. 71-86,6c9ebc28849c20c3805ebb7209f509fc,OCHAPOWACE I.R. 71-86,
09077,Indian Reserve,MB,PEGUIS 1I,eea519afbbe211d892e2080020a0f4c9,PEGUIS,1I
06767,Indian Reserve,BC,GUL-MAK 8,e56935aaba3511d892e2080020a0f4c9,GUL-MAK,8
08255,Indian Reserve,BC,TINMUSKET 5A,8f9df967ba3411d892e2080020a0f4c9,TINMUSKET,5A
07088,Indian Reserve,BC,TATCHU 13A,09929076ba3611d892e2080020a0f4c9,TATCHU,13A
09796,Indian Reserve,MB,KENYAN LAKE,4be88bc5ff184814a4d4995d8edd40c3,KENYAN LAKE,
09458,Indian Reserve,SK,OKANESE I.R. 82(X),6c9ebc12849c20c36e960bc45bab0b72,OKANESE I.R. 82(X),
06027,Indian Reserve,NB,THE BROTHERS INDIAN RESERVE NO. 18,e9ccb728bbe211d892e2080020a0f4c9,THE BROTHERS,18
07171,Indian Reserve,BC,HIHIUM LAKE 6B,e3772998ba3511d892e2080020a0f4c9,HIHIUM LAKE,6B
07193,Indian Reserve,BC,PASKA ISLAND 3,3a52bacaba3611d892e2080020a0f4c9,PASKA ISLAND,3
06328,Indian Reserve,ON,SACHIGO LAKE INDIAN RESERVE NO. 1,2c5c0342ba2a11d892e2080020a0f4c9,SACHIGO LAKE,1
08223,Indian Reserve,BC,OLD CLEMENS 16,8bfbf357ba3411d892e2080020a0f4c9,OLD CLEMENS,16
06258,Indian Reserve,ON,FORT ALBANY INDIAN RESERVE NO. 67,157c2da2ba2711d892e2080020a0f4c9,FORT ALBANY,67
09989,Indian Reserve,SK,MUSKODAY FIRST NATION RESERVE NO. 99B,83d5db7fc9c24aaba5e7460532b2c889,MUSKODAY FIRST NATION,99B
07767,Indian Reserve,BC,SQUADEREE 91,9fc4f3e7ba3411d892e2080020a0f4c9,SQUADEREE,91
07241,Indian Reserve,BC,SKEIKUT 9,382e7b25ba3611d892e2080020a0f4c9,SKEIKUT,9
07932,Indian Reserve,BC,SECHELT BAND LANDS (KLAALTH) NO 5,0b6782a4d05511d892e2080020a0f4c9,SECHELT BAND LANDS (KLAALTH),5
09676,Indian Reserve,SK,OCHAPOWACE I.R. 71-64,6c9ebc3b849c20c3ab49c36cd83992ea,OCHAPOWACE I.R. 71-64,
10005,Indian Reserve,SK,CARRY THE KETTLE NAKODA FIRST NATION NO. 76-50,e849bf7780ae43d7ad285e2d32582c68,CARRY THE KETTLE NAKODA FIRST NATION NO. 76-50,
06671,Indian Reserve,AB,HAY LAKE 209,0443c521bbe311d892e2080020a0f4c9,HAY LAKE,209
09366,Indian Reserve,SK,OCHAPOWACE I.R. 71-66,6c9ebc00849c20c331bcb52e3751edae,OCHAPOWACE I.R. 71-66,
09658,Indian Reserve,SK,OCHAPOWACE I.R. 71-100,6c9ebc37849c20c35c52081000f08348,OCHAPOWACE I.R. 71-100,
09632,Indian Reserve,AB,COLD LAKE 149C,95742b0cffb311dda89a080020a0f4c9,COLD LAKE,149C
10015,Indian Reserve,SK,PHEASANT RUMP NAKOTA INDIAN RESERVE NO. 68A,485672e3c1af40b5a937161f54f5fd3e,PHEASANT RUMP NAKOTA,68A
06194,Indian Reserve,ON,SARNIA INDIAN RESERVE NO. 45,d82fedc5ba2711d892e2080020a0f4c9,SARNIA,45
06832,Indian Reserve,BC,EAST SAANICH 2,fec78055ba3511d892e2080020a0f4c9,EAST SAANICH,2
07804,Indian Reserve,BC,SPOKWAN 48,47e6f209ba3511d892e2080020a0f4c9,SPOKWAN,48
07572,Indian Reserve,BC,BIHL' K' A 18,4ed8a252ba3611d892e2080020a0f4c9,BIHL' K' A,18
07022,Indian Reserve,BC,LAWANTH 5,0f092f87ba3611d892e2080020a0f4c9,LAWANTH,5
07857,Indian Reserve,BC,BELLA BELLA 1,6e6d4f58ba3511d892e2080020a0f4c9,BELLA BELLA,1
07323,Indian Reserve,BC,MAKA 8,32b6f1b9ba3611d892e2080020a0f4c9,MAKA,8
08010,Indian Reserve,BC,COQUITLAM 2,750b3052ba3511d892e2080020a0f4c9,COQUITLAM,2
08221,Indian Reserve,BC,PETE SUCKERS 13,8bed7465ba3411d892e2080020a0f4c9,PETE SUCKERS,13
10228,Indian Reserve,MB,ROSEAU RAPIDS E INDIAN RESERVE,63adad84f9664bd49e2bba66f240ae4b,ROSEAU RAPIDS E,
09237,Indian Reserve,SK,OCHAPOWACE I.R. 71-53,6c9ebbfa849c20c3cecbc7c3a13c9f33,OCHAPOWACE I.R. 71-53,
06470,Indian Reserve,MB,CHEMAWAWIN 2,ea6bdd67bbe211d892e2080020a0f4c9,CHEMAWAWIN,2
09378,Indian Reserve,MB,CANTIN LAKE,ef317b3abbe211d892e2080020a0f4c9,CANTIN LAKE,
09810,Indian Reserve,MB,NORWAY HOUSE INDIAN RESERVE NO. 17C-6,0ecdb21db36c4112b0b4868fbee85694,NORWAY HOUSE INDIAN RESERVE NO. 17C-6,
07777,Indian Reserve,BC,LACHMACH 16,a03e69afba3411d892e2080020a0f4c9,LACHMACH,16
08204,Indian Reserve,BC,ALEXIS CREEK 34,8ad39fe4ba3411d892e2080020a0f4c9,ALEXIS CREEK,34
07080,Indian Reserve,BC,AH-WE-CHA-OL-TO 16,1ac3f5d5ba3611d892e2080020a0f4c9,AH-WE-CHA-OL-TO,16
07288,Indian Reserve,BC,BOSTON BAR 8,243430cbba3611d892e2080020a0f4c9,BOSTON BAR,8
07175,Indian Reserve,BC,KAMLOOPS 3,28417bd1ba3611d892e2080020a0f4c9,KAMLOOPS,3
09842,Indian Reserve,MB,NORWAY HOUSE INDIAN RESERVE NO. 17C-38,c74a9e7f0e21494fae9374c9273cbb78,NORWAY HOUSE INDIAN RESERVE NO. 17C-38,
06781,Indian Reserve,BC,CHIG-IN-KAHT 8,e6724142ba3511d892e2080020a0f4c9,CHIG-IN-KAHT,8
07389,Indian Reserve,BC,CHAPMAN'S BAR 10,e0b99020ba3511d892e2080020a0f4c9,CHAPMAN'S BAR,10
08272,Indian Reserve,BC,SINNCE-TAH-LAH 2,d61e42adba3511d892e2080020a0f4c9,SINNCE-TAH-LAH,2
07571,Indian Reserve,BC,KUZ CHE 5,509ff4ddba3611d892e2080020a0f4c9,KUZ CHE,5
06162,Indian Reserve,ON,MOUNTBATTEN INDIAN RESERVE NO. 76A,66609a14ba2611d892e2080020a0f4c9,MOUNTBATTEN,76A
08046,Indian Reserve,BC,SQUAWKUM CREEK 3,932fd1f1ba3411d892e2080020a0f4c9,SQUAWKUM CREEK,3
07971,Indian Reserve,BC,CHUCKCHUCK 8,95b51d66ba3411d892e2080020a0f4c9,CHUCKCHUCK,8
09139,Indian Reserve,BC,FISHTRAP 19,59be6653ba3611d892e2080020a0f4c9,FISHTRAP,19
06623,Indian Reserve,SK,PRIMEAU LAKE I.R. 192F,f0d392a9bbe211d892e2080020a0f4c9,PRIMEAU LAKE,192F
06988,Indian Reserve,BC,THOMAS POINT 5,0b439be6ba3611d892e2080020a0f4c9,THOMAS POINT,5
09189,Indian Reserve,SK,MUSKOWEKWAN I.R. 85-2A,f469d928bbe211d892e2080020a0f4c9,MUSKOWEKWAN I.R. 85-2A,
06415,Indian Reserve,MB,MOOSE LAKE 31A,ebe7cf26bbe211d892e2080020a0f4c9,MOOSE LAKE,31A
07083,Indian Reserve,BC,HESQUIS 10A,091d6071ba3611d892e2080020a0f4c9,HESQUIS,10A
08211,Indian Reserve,BC,ALIXTON 5,8b1033b8ba3411d892e2080020a0f4c9,ALIXTON,5
08469,Indian Reserve,BC,NATAZUTLOOH 25,51f76e99ba3611d892e2080020a0f4c9,NATAZUTLOOH,25
07740,Indian Reserve,BC,TSIMTACK 7,0462e578ba3611d892e2080020a0f4c9,TSIMTACK,7
08232,Indian Reserve,BC,ANAHIM 7,8e621df0ba3411d892e2080020a0f4c9,ANAHIM,7
06136,Indian Reserve,QC,MATIMEKOSH INDIAN RESERVE NO. 3,486722faba2311d892e2080020a0f4c9,MATIMEKOSH,3
09807,Indian Reserve,MB,NORWAY HOUSE INDIAN RESERVE NO. 17C-3,5179862cbea343e983dd948136a42f53,NORWAY HOUSE INDIAN RESERVE NO. 17C-3,
09646,Indian Reserve,AB,TSU K'ADHE TUE 196F,4930b335ffb311dda89a080020a0f4c9,TSU K'ADHE TUE,196F
10086,Indian Reserve,SK,CARRY THE KETTLE NAKODA FIRST NATION NO. 76-82,4dbb3e9f2020408bbbae69f9be687b80,CARRY THE KETTLE NAKODA FIRST NATION NO. 76-82,
08109,Indian Reserve,BC,YALE 22,9859fed0ba3411d892e2080020a0f4c9,YALE,22
06420,Indian Reserve,MB,OPASKWAYAK CREE NATION 21L,edcd7e49bbe211d892e2080020a0f4c9,OPASKWAYAK CREE NATION,21L
07788,Indian Reserve,BC,ZAYAS ISLAND 32A,428fe90aba3511d892e2080020a0f4c9,ZAYAS ISLAND,32A
08068,Indian Reserve,BC,ZAITSCULLACHAN 9,7dee1e69ba3511d892e2080020a0f4c9,ZAITSCULLACHAN,9
08476,Indian Reserve,BC,JUS K'AY TL'OH 32,54058e2eba3611d892e2080020a0f4c9,JUS K'AY TL'OH,32
08097,Indian Reserve,BC,YALE TOWN 1,97dabca6ba3411d892e2080020a0f4c9,YALE TOWN,1
09699,Indian Reserve,SK,SAULTEAUX FIRST NATION INDIAN RESERVE NO. 159GG,6c9ebc3c849c20c30e7c75939675f047,SAULTEAUX FIRST NATION,159GG
06102,Indian Reserve,QC,COUCOUCACHE INDIAN RESERVE NO. 24A,731139b0ba2311d892e2080020a0f4c9,COUCOUCACHE,24A
07756,Indian Reserve,BC,SHOOWAHTLANS 4,9f0bb5fcba3411d892e2080020a0f4c9,SHOOWAHTLANS,4
07536,Indian Reserve,BC,CORKSCREW CREEK 9,6b357cccba3511d892e2080020a0f4c9,CORKSCREW CREEK,9
10187,Indian Reserve,MB,LUWECHOTUWE PARCEL B INDIAN RESERVE,b8de866918904ada905e8eceb0052b89,LUWECHOTUWE PARCEL B,
09145,Indian Reserve,SK,MUSKOWEKWAN I.R. 85-3,f4734f09bbe211d892e2080020a0f4c9,MUSKOWEKWAN I.R. 85-3,
08004,Indian Reserve,BC,CHALLETKOHUM 9,924cc4e2ba3411d892e2080020a0f4c9,CHALLETKOHUM,9
09865,Indian Reserve,SK,KAHKEWISTAHAW INDIAN RESERVE NO. 72E,682fac034f2041269eff1e78dbd7ea48,KAHKEWISTAHAW,72E
06060,Indian Reserve,NS,SHEET HARBOUR INDIAN RESERVE NO. 36,b73945b7affd11d892e2080020a0f4c9,SHEET HARBOUR,36
07959,Indian Reserve,BC,SECHELT BAND LANDS (SKOOKUMCHUCK) NO 27,0b5d4973d05511d892e2080020a0f4c9,SECHELT BAND LANDS (SKOOKUMCHUCK),27
09611,Indian Reserve,MB,CROSS LAKE 19X06,382456dcffb211dda89a080020a0f4c9,CROSS LAKE 19X06,
06766,Indian Reserve,BC,KIS-AN-USKO 7,e551b609ba3511d892e2080020a0f4c9,KIS-AN-USKO,7
06491,Indian Reserve,SK,THUNDERCHILD FIRST NATION 115B,fe404f62bbe211d892e2080020a0f4c9,THUNDERCHILD FIRST NATION,115B
07937,Indian Reserve,BC,SECHELT BAND LANDS (CHICKWAT) NO 9,75b36be5d05511d892e2080020a0f4c9,SECHELT BAND LANDS (CHICKWAT),9
07063,Indian Reserve,BC,WAKEMS 6,19729695ba3611d892e2080020a0f4c9,WAKEMS,6
09607,Indian Reserve,SK,OCHAPOWACE I.R. 71-97,6c9ebc32849c20c37f27dd41c38d2a61,OCHAPOWACE I.R. 71-97,
06432,Indian Reserve,MB,OPASKWAYAK CREE NATION 21K,ede1c99cbbe211d892e2080020a0f4c9,OPASKWAYAK CREE NATION,21K
08129,Indian Reserve,BC,QUATLENEMO 5,768a7d5fba3511d892e2080020a0f4c9,QUATLENEMO,5
07761,Indian Reserve,BC,DASHKEN 22,9f660b01ba3411d892e2080020a0f4c9,DASHKEN,22
07060,Indian Reserve,BC,OUCHTON 3,193195f2ba3611d892e2080020a0f4c9,OUCHTON,3
08206,Indian Reserve,BC,ALKALI LAKE 1,8af383f6ba3411d892e2080020a0f4c9,ALKALI LAKE,1
09380,Indian Reserve,SK,ONE ARROW I.R. 95-1C,6c9ebc03849c20c3462bc59f3b61df3f,ONE ARROW I.R. 95-1C,
07648,Indian Reserve,BC,ZIMAGORD 3,07997f81ba3611d892e2080020a0f4c9,ZIMAGORD,3
08179,Indian Reserve,BC,TOBY HELENES MEADOW 9,9a271dceba3411d892e2080020a0f4c9,TOBY HELENES MEADOW,9
09245,Indian Reserve,SK,KEESEEKOOSE I.R. 66-CA-02,f1f9c34ebbe211d892e2080020a0f4c9,KEESEEKOOSE I.R. 66-CA-02,
09125,Indian Reserve,ON,WHITESAND INDIAN RESERVE,00bbbb0cba2c11d892e2080020a0f4c9,WHITESAND,
07518,Indian Reserve,BC,NORTH TACLA LAKE 7,6c87c668ba3511d892e2080020a0f4c9,NORTH TACLA LAKE,7
07062,Indian Reserve,BC,GLEN-GLA-OUCH 5,195bda44ba3611d892e2080020a0f4c9,GLEN-GLA-OUCH,5
07098,Indian Reserve,BC,CHARLES CREEK 2,1bf34e1fba3611d892e2080020a0f4c9,CHARLES CREEK,2
10178,Indian Reserve,SK,FLYING DUST FIRST NATION RESERVE # 105J,9d35701993e843aba45df6a7b6a92cd9,FLYING DUST FIRST NATION RESERVE #,105J
07001,Indian Reserve,BC,KWETAHKIS 9,0d004012ba3611d892e2080020a0f4c9,KWETAHKIS,9
07935,Indian Reserve,BC,SECHELT BAND LANDS (KLAYEKWIM) NO 7,75be8f76d05511d892e2080020a0f4c9,SECHELT BAND LANDS (KLAYEKWIM),7
07318,Indian Reserve,BC,LYTTON 5A,326acd86ba3611d892e2080020a0f4c9,LYTTON,5A
06522,Indian Reserve,SK,SUCKER RIVER I.R. 156C,fd784469bbe211d892e2080020a0f4c9,SUCKER RIVER,156C
06685,Indian Reserve,AB,STURGEON LAKE 154,0547c7babbe311d892e2080020a0f4c9,STURGEON LAKE,154
07694,Indian Reserve,BC,LAGINS 5,546c8232ba3511d892e2080020a0f4c9,LAGINS,5
08015,Indian Reserve,BC,SKOOKUMCHUCK 4,93e2ce4cba3411d892e2080020a0f4c9,SKOOKUMCHUCK,4
07185,Indian Reserve,BC,SWITSEMALPH INDIAN RESERVE NO. 3,371c20bbba3611d892e2080020a0f4c9,SWITSEMALPH,3
09325,Indian Reserve,SK,ONE ARROW I.R. 95-1A,f8b4537cbbe211d892e2080020a0f4c9,ONE ARROW I.R. 95-1A,
09412,Indian Reserve,SK,OKANESE I.R. 82(U),6c9ebc08849c20c322ec20cbd68ca8f0,OKANESE I.R. 82(U),
06813,Indian Reserve,BC,PORTIER PASS 5,ef3f375bba3511d892e2080020a0f4c9,PORTIER PASS,5
08343,Indian Reserve,BC,ULKATCHO 13,db69da07ba3511d892e2080020a0f4c9,ULKATCHO,13
06886,Indian Reserve,BC,MAAHPE 4,eeafefa7ba3511d892e2080020a0f4c9,MAAHPE,4
06513,Indian Reserve,SK,LITTLE HILLS I.R. 158A,f2ca59d5bbe211d892e2080020a0f4c9,LITTLE HILLS,158A
06538,Indian Reserve,SK,CHICKEN I.R. 224,efd9540cbbe211d892e2080020a0f4c9,CHICKEN,224
06104,Indian Reserve,QC,COMMUNAUTÉ ATIKAMEKW DE MANAWAN,9af1f736ba2311d892e2080020a0f4c9,COMMUNAUTE ATIKAMEKW DE MANAWAN,
07574,Indian Reserve,BC,TUTU CREEK 4,6218b916ba3511d892e2080020a0f4c9,TUTU CREEK,4
07977,Indian Reserve,BC,POQUIOSIN & SKAMAIN 13,96011a8bba3411d892e2080020a0f4c9,POQUIOSIN & SKAMAIN,13
08203,Indian Reserve,BC,ALEXIS CREEK 33,8aca2a03ba3411d892e2080020a0f4c9,ALEXIS CREEK,33
09804,Indian Reserve,SK,MISTAWASIS RESERVE NO. 103D,a2eb586601be11dea89a080020a0f4c9,MISTAWASIS,103D
09878,Indian Reserve,MB,MISTIATEGAMEEK SIPI INDIAN RESERVE,6a5bb17547c64a8eadd42be0a0d24f83,MISTIATEGAMEEK SIPI,
09783,Indian Reserve,SK,OKANESE INDIAN RESERVE NO. 82(FF),990b944001d811dea89a080020a0f4c9,OKANESE INDIAN RESERVE NO. 82(FF),
06840,Indian Reserve,BC,DISCOVERY ISLAND 3,fdc32fabba3511d892e2080020a0f4c9,DISCOVERY ISLAND,3
07030,Indian Reserve,BC,MAHMALILLIKULLAH 1,143223b7ba3611d892e2080020a0f4c9,MAHMALILLIKULLAH,1
07105,Indian Reserve,BC,COFFIN ISLAND 3,1ce17eb6ba3611d892e2080020a0f4c9,COFFIN ISLAND,3
09665,Indian Reserve,SK,OKANESE I.R. 82(AA),6c9ebc38849c20c3fe80065e89f0b4cc,OKANESE I.R. 82(AA),
07686,Indian Reserve,BC,NADEN 23,9ec0ca47ba3411d892e2080020a0f4c9,NADEN,23
09382,Indian Reserve,BC,MEDICINE HILL 11,96464aa3849c20c38f5a9a17622d7048,MEDICINE HILL,11
09230,Indian Reserve,SK,OCHAPOWACE I.R. 71-50,f78e49f0bbe211d892e2080020a0f4c9,OCHAPOWACE I.R. 71-50,
07200,Indian Reserve,BC,KUMCHEEN 1,257b2fc5ba3611d892e2080020a0f4c9,KUMCHEEN,1
06712,Indian Reserve,AB,COLD LAKE 149,05a8ac74bbe311d892e2080020a0f4c9,COLD LAKE,149
08194,Indian Reserve,BC,ALEXIS CREEK 24,8a3f00faba3411d892e2080020a0f4c9,ALEXIS CREEK,24
08421,Indian Reserve,BC,ATLIN-TESLIN INDIAN CEMETERY 4,40222737ba3611d892e2080020a0f4c9,ATLIN-TESLIN INDIAN CEMETERY,4
06478,Indian Reserve,SK,MOOSOMIN I.R. 112E,f3d53a3cbbe211d892e2080020a0f4c9,MOOSOMIN,112E
10068,Indian Reserve,MB,OBUSHKUDAYANG INDIAN RESERVE,3e1291505314418b82ab46a42d3026de,OBUSHKUDAYANG,
09855,Indian Reserve,SK,POUNDMAKER INDIAN RESERVE NO. 114-28,1e286154123c4a2c8e57b7fa420e68b5,POUNDMAKER INDIAN RESERVE NO. 114-28,
06504,Indian Reserve,SK,LAC LA HACHE I.R. 220,efaf5dd5bbe211d892e2080020a0f4c9,LAC LA HACHE,220
06541,Indian Reserve,SK,STURGEON LAKE I.R. 101,fd4610d7bbe211d892e2080020a0f4c9,STURGEON LAKE,101
06586,Indian Reserve,SK,MAKWA LAKE I.R. 129,f330bccfbbe211d892e2080020a0f4c9,MAKWA LAKE,129
06090,Indian Reserve,QC,CACOUNA INDIAN RESERVE NO. 22,79dc4501ba2311d892e2080020a0f4c9,CACOUNA,22
07884,Indian Reserve,BC,CHATSCAH 2,7301f2c3ba3511d892e2080020a0f4c9,CHATSCAH,2
08317,Indian Reserve,BC,BISHOP BLUFFS 5,904709b1ba3411d892e2080020a0f4c9,BISHOP BLUFFS,5
08093,Indian Reserve,BC,TRAFALGAR FLAT 13,9759a5c0ba3411d892e2080020a0f4c9,TRAFALGAR FLAT,13
07558,Indian Reserve,BC,CARSOOSAT 17,508ba98cba3611d892e2080020a0f4c9,CARSOOSAT,17
08178,Indian Reserve,BC,AGATS MEADOW 8,99a088a4ba3411d892e2080020a0f4c9,AGATS MEADOW,8
09554,Indian Reserve,SK,STAR BLANKET I.R. 83G,6c9ebc24849c20c3dd56ad80ac515ff8,STAR BLANKET,83G
09802,Indian Reserve,SK,KAHKEWISTAHAW INDIAN RESERVE NO. 72B,3c21a56701c011dea89a080020a0f4c9,KAHKEWISTAHAW,72B
06820,Indian Reserve,BC,MA-GUALA 6,effcbb02ba3511d892e2080020a0f4c9,MA-GUALA,6
06516,Indian Reserve,SK,LITTLE RED RIVER I.R. 106D,f3016f6abbe211d892e2080020a0f4c9,LITTLE RED RIVER,106D
09168,Indian Reserve,AB,ALEXIS CARDINAL 234,0890b066bbe311d892e2080020a0f4c9,ALEXIS CARDINAL,234
08131,Indian Reserve,BC,DRY SALMON 7,7703a501ba3511d892e2080020a0f4c9,DRY SALMON,7
06143,Indian Reserve,ON,SAUGEEN AND CAPE CROKER FISHING ISLANDS INDIAN RESERVE NO. 1,e5682221ba2611d892e2080020a0f4c9,SAUGEEN AND CAPE CROKER FISHING ISLANDS,1
07802,Indian Reserve,BC,KNAMES 46,475cda77ba3511d892e2080020a0f4c9,KNAMES,46
09616,Indian Reserve,MB,BUFFALO POINT FIRST NATION INDIAN RESERVE NO 2,bafe600bffb111dda89a080020a0f4c9,BUFFALO POINT FIRST NATION,2
07191,Indian Reserve,BC,HAY MEADOW 1,3a26efd8ba3611d892e2080020a0f4c9,HAY MEADOW,1
07426,Indian Reserve,BC,TOBACCO PLAINS 2,e15a6404ba3511d892e2080020a0f4c9,TOBACCO PLAINS,2
07747,Indian Reserve,BC,SHEGANNY 14,0565af7fba3611d892e2080020a0f4c9,SHEGANNY,14
06387,Indian Reserve,MB,CROSS LAKE 19,ea978149bbe211d892e2080020a0f4c9,CROSS LAKE,19
06568,Indian Reserve,SK,OKANESE I.R. 82,f12ada74bbe211d892e2080020a0f4c9,OKANESE,82
07217,Indian Reserve,BC,TWOYQHALSHT 16,272ab496ba3611d892e2080020a0f4c9,TWOYQHALSHT,16
07240,Indian Reserve,BC,UNPUKPULQUATUM 8,380f5a64ba3611d892e2080020a0f4c9,UNPUKPULQUATUM,8
08236,Indian Reserve,BC,ANAHIM 11,8ea393c4ba3411d892e2080020a0f4c9,ANAHIM,11
07679,Indian Reserve,BC,TATENSE 16,9e59a400ba3411d892e2080020a0f4c9,TATENSE,16
07575,Indian Reserve,BC,PARSNIPS 5,573ac8a3ba3611d892e2080020a0f4c9,PARSNIPS,5
09853,Indian Reserve,MB,KIMOSOMINAHK INDIAN RESERVE,ee8b80946afa4c7ab90de55d7d38ca13,KIMOSOMINAHK,
09238,Indian Reserve,SK,OCHAPOWACE I.R. 71-54,6c9ebbfa849c20c36adfd0bc4f875d1d,OCHAPOWACE I.R. 71-54,
07803,Indian Reserve,BC,ME-YAN-LAW 47,479bdf48ba3511d892e2080020a0f4c9,ME-YAN-LAW,47
09603,Indian Reserve,SK,OCHAPOWACE I.R. 71-115,6c9ebc30849c20c322f02b897e4564e8,OCHAPOWACE I.R. 71-115,
09965,Indian Reserve,BC,TATL'AH INDIAN RESERVE NO. 13,a940c6ffd1d84aa795f78c9c20992988,TATL'AH,13
07406,Indian Reserve,BC,KEREMEOS FORKS 12 & 12A,2fafa516ba3611d892e2080020a0f4c9,KEREMEOS FORKS 12 &,12A
09806,Indian Reserve,MB,NORWAY HOUSE INDIAN RESERVE NO. 17C-2,a5a62681dd4246a2ba0f6fb24c693e61,NORWAY HOUSE INDIAN RESERVE NO. 17C-2,
07625,Indian Reserve,BC,KITASA 7,44d3c88eba3611d892e2080020a0f4c9,KITASA,7
09628,Indian Reserve,SK,OCHAPOWACE I.R. 71-121,6c9ebc33849c20c3778f93e0d995b898,OCHAPOWACE I.R. 71-121,
09194,Indian Reserve,SK,CREE LAKE I.R. 192G,6c9ebc44849c20c32ad3ed6c128f6dbe,CREE LAKE,192G
09798,Indian Reserve,MB,NUMAYKOOS SAKAHEYKUN,5b208b0f9eb9417a9dcbf6f26a4cfedd,NUMAYKOOS SAKAHEYKUN,
07019,Indian Reserve,BC,KUNSTAMIS 2A,0ec548b4ba3611d892e2080020a0f4c9,KUNSTAMIS,2A
09166,Indian Reserve,AB,ALEXIS WHITECOURT 232,ffe9e0c4bbe211d892e2080020a0f4c9,ALEXIS WHITECOURT,232
07837,Indian Reserve,BC,KSTUS 84,518b0d19ba3511d892e2080020a0f4c9,KSTUS,84
08110,Indian Reserve,BC,YALE 23,9862d871ba3411d892e2080020a0f4c9,YALE,23
07992,Indian Reserve,BC,NEQUATQUE 2,6dfd0153ba3511d892e2080020a0f4c9,NEQUATQUE,2
10097,Indian Reserve,NB,METEPENAGIAG UTA'NK,9fcf689ea1804619be1c8900d506b614,METEPENAGIAG UTA'NK,
07077,Indian Reserve,BC,GRASS POINT 13,1a7efd92ba3611d892e2080020a0f4c9,GRASS POINT,13
06765,Indian Reserve,BC,SIDINA 6,e5370218ba3511d892e2080020a0f4c9,SIDINA,6
08342,Indian Reserve,BC,CAHOOSE 12,db4ded96ba3511d892e2080020a0f4c9,CAHOOSE,12
08182,Indian Reserve,BC,ALEXIS CREEK 12,899ef05eba3411d892e2080020a0f4c9,ALEXIS CREEK,12
07268,Indian Reserve,BC,BOOTHROYD 5C,22394b17ba3611d892e2080020a0f4c9,BOOTHROYD,5C
06212,Indian Reserve,ON,SUGAR ISLAND INDIAN RESERVE NO. 37A,84de03aaba2811d892e2080020a0f4c9,SUGAR ISLAND,37A
06577,Indian Reserve,SK,FISHING LAKE I.R. 89A,f1938761bbe211d892e2080020a0f4c9,FISHING LAKE,89A
09864,Indian Reserve,SK,SABITAWASIS BEACH INDIAN RESERVE NO. 89 C-1,78d4daebe4694e08af270b4a31d90387,SABITAWASIS BEACH INDIAN RESERVE NO. 89 C-1,
07562,Indian Reserve,BC,CHUZ GHUN 8,510f0a61ba3611d892e2080020a0f4c9,CHUZ GHUN,8
09398,Indian Reserve,SK,MUSKOWEKWAN I.R. 85-38,0948157179ff4b16a36488522778607b,MUSKOWEKWAN I.R. 85-38,
08132,Indian Reserve,BC,FOUNTAIN CREEK 8,771bc0e2ba3511d892e2080020a0f4c9,FOUNTAIN CREEK,8
06778,Indian Reserve,BC,TUM-BAH 5,e625ceefba3511d892e2080020a0f4c9,TUM-BAH,5
08309,Indian Reserve,BC,TROUT LAKE ALEC 16,9152fb82ba3411d892e2080020a0f4c9,TROUT LAKE ALEC,16
10066,Indian Reserve,SK,MUSKOWEKWAN RESERVE NO. 85-73,d349a3b75d2a41c187164c066cc93ed1,MUSKOWEKWAN RESERVE NO. 85-73,
06000,Indian Reserve,PE,MORELL INDIAN RESERVE NO. 2,e8ad1640bbe211d892e2080020a0f4c9,MORELL,2
08252,Indian Reserve,BC,CANOE CREEK 3,8f85dd84ba3411d892e2080020a0f4c9,CANOE CREEK,3
09341,Indian Reserve,MB,SEESEEP SAKAHIKAN,a79c200a89134ca7802b7ed18283860b,SEESEEP SAKAHIKAN,
09332,Indian Reserve,SK,SWEETGRASS I.R. 113-O28,6c9ebbfb849c20c3e895ec5b32bb4a10,SWEETGRASS I.R. 113-O28,
06720,Indian Reserve,AB,NAMUR LAKE 174B,063a3e21bbe311d892e2080020a0f4c9,NAMUR LAKE,174B
09681,Indian Reserve,SK,SAKIMAY I.R. 74-11,6c9ebc3b849c20c330bb7b1afbe79e43,SAKIMAY I.R. 74-11,
09640,Indian Reserve,SK,MUSKOWEKWAN I.R. 85-52,6c9ebc34849c20c380c3a407d38a3338,MUSKOWEKWAN I.R. 85-52,
06812,Indian Reserve,BC,SHINGLE POINT 4,ef158f4aba3511d892e2080020a0f4c9,SHINGLE POINT,4
07439,Indian Reserve,BC,POISON CREEK 17A,59b50c46ba3511d892e2080020a0f4c9,POISON CREEK,17A
09856,Indian Reserve,SK,MUSKOWEKWAN INDIAN RESERVE NO. 85-56,85b1bb30a15141aa8f7bb64ac8d168e4,MUSKOWEKWAN INDIAN RESERVE NO. 85-56,
09983,Indian Reserve,SK,CARRY THE KETTLE NAKODA FIRST NATION 76-44,0475b9b6125f426f88b8ab1b45daaa41,CARRY THE KETTLE NAKODA FIRST NATION 76-44,
10206,Indian Reserve,MB,WUSKWI SIPIHK FIRST NATION MISTASINI NEKAPEYANOHK RESERVE,9ae6a5232f144a62a59a079927e915c4,WUSKWI SIPIHK FIRST NATION MISTASINI NEKAPEYANOHK,
06687,Indian Reserve,AB,STURGEON LAKE 154B,055709fcbbe311d892e2080020a0f4c9,STURGEON LAKE,154B
08208,Indian Reserve,BC,SWAN LAKE 3,8b2fc9aaba3411d892e2080020a0f4c9,SWAN LAKE,3
07868,Indian Reserve,BC,WERKINELLEK 11,6ff6fca3ba3511d892e2080020a0f4c9,WERKINELLEK,11
06298,Indian Reserve,ON,GINOOGAMING FIRST NATION,54b22288ba2b11d892e2080020a0f4c9,GINOOGAMING FIRST NATION,
09794,Indian Reserve,MB,RED SUCKER LAKE INDIAN RESERVE NO. 1976 H,bc354be6654e492d87b8e9c627bc2d4f,RED SUCKER LAKE INDIAN RESERVE NO. 1976 H,
07766,Indian Reserve,BC,RUSHTON ISLAND 90,9fa7cef6ba3411d892e2080020a0f4c9,RUSHTON ISLAND,90
07039,Indian Reserve,BC,HISNIT 7,1505a060ba3611d892e2080020a0f4c9,HISNIT,7
06291,Indian Reserve,ON,SABASKONG BAY INDIAN RESERVE NO. 32C,b5ea4711ba2711d892e2080020a0f4c9,SABASKONG BAY,32C
07317,Indian Reserve,BC,SEAH 5,3249ff15ba3611d892e2080020a0f4c9,SEAH,5
09152,Indian Reserve,SK,SAULTEAUX I.R. 159C,f9cf397abbe211d892e2080020a0f4c9,SAULTEAUX,159C
06797,Indian Reserve,BC,OYSTER BAY 12,eb0d4d5bba3511d892e2080020a0f4c9,OYSTER BAY,12
09141,Indian Reserve,SK,TIPAMAHTO ASKI I.R. NO. 95A,fe8a77c5bbe211d892e2080020a0f4c9,TIPAMAHTO ASKI,95A
09916,Indian Reserve,SK,ENGLISH RIVER BARKWELL BAY I.R. 192I,15b9a28429de44b59939a8472fb550f1,ENGLISH RIVER BARKWELL BAY,192I
06492,Indian Reserve,SK,THUNDERCHILD FIRST NATION 115D,fe4f91a3bbe211d892e2080020a0f4c9,THUNDERCHILD FIRST NATION,115D
07226,Indian Reserve,BC,ZOHT 4,2e74db1aba3611d892e2080020a0f4c9,ZOHT,4
09006,Indian Reserve,SK,OCEAN MAN I.R. 69G,f58693e7bbe211d892e2080020a0f4c9,OCEAN MAN,69G
09463,Indian Reserve,SK,BEARDY'S & OKEMASIS I.R. 96 & 97C,6c9ebc13849c20c3b0f11378c3550d47,BEARDY'S & OKEMASIS I.R. 96 &,97C
10214,Indian Reserve,MB,LUAWAYCHOTUWÉ INDIAN RESERVE,f43c9601e1694222a39a820c225b6317,LUAWAYCHOTUWE,
07861,Indian Reserve,BC,NOOTA 4,6ecb4ddcba3511d892e2080020a0f4c9,NOOTA,4
09653,Indian Reserve,SK,SAKIMAY I.R. 74-12,6c9ebc37849c20c3c54f2c59f9f38809,SAKIMAY I.R. 74-12,
06490,Indian Reserve,SK,SWEETGRASS I.R. 113B,fdba567bbbe211d892e2080020a0f4c9,SWEETGRASS,113B
06171,Indian Reserve,ON,WAHNAPITAE INDIAN RESERVE NO. 11,1afb9b5cba2611d892e2080020a0f4c9,WAHNAPITAE,11
10158,Indian Reserve,MB,KISSISSING LAKE INDIAN RESERVE,cc83e7cbd2be4edd977d875afc6bda16,KISSISSING LAKE,
06896,Indian Reserve,BC,HOMITAN 8,f0f23e9cba3511d892e2080020a0f4c9,HOMITAN,8
09235,Indian Reserve,SK,KEESEEKOOSE I.R. 66-SA-01,f27730bbbbe211d892e2080020a0f4c9,KEESEEKOOSE I.R. 66-SA-01,
08188,Indian Reserve,BC,ALEXIS CREEK 18,89f8d034ba3411d892e2080020a0f4c9,ALEXIS CREEK,18
07320,Indian Reserve,BC,NESIKEP 6A,4329e90dba3611d892e2080020a0f4c9,NESIKEP,6A
07957,Indian Reserve,BC,SECHELT BAND LANDS (BOULDER ISLAND) NO 25,0b71bbd5d05511d892e2080020a0f4c9,SECHELT BAND LANDS (BOULDER ISLAND),25
07853,Indian Reserve,BC,MAPLE POINT 11,01974240ba3611d892e2080020a0f4c9,MAPLE POINT,11
10075,Indian Reserve,SK,CARRY THE KETTLE NAKODA FIRST NATION NO. 76-71,a69df1f802204e66852b1fd9c99c4c24,CARRY THE KETTLE NAKODA FIRST NATION NO. 76-71,
06254,Indian Reserve,ON,SEINE RIVER INDIAN RESERVE NO. 23A,149d3f4eba2711d892e2080020a0f4c9,SEINE RIVER,23A
07855,Indian Reserve,BC,KUNHUNOAN 13,01c927b2ba3611d892e2080020a0f4c9,KUNHUNOAN,13
07746,Indian Reserve,BC,CLOWEL 13,051b38feba3611d892e2080020a0f4c9,CLOWEL,13
07490,Indian Reserve,BC,TSAK 9,6301e09dba3511d892e2080020a0f4c9,TSAK,9
09322,Indian Reserve,SK,OCHAPOWACE I.R. 71-77,f82002acbbe211d892e2080020a0f4c9,OCHAPOWACE I.R. 71-77,
06563,Indian Reserve,SK,ASSINIBOINE I.R. 76,f06a226bbbe211d892e2080020a0f4c9,ASSINIBOINE,76
06925,Indian Reserve,BC,TSEOOWA 4,fcee5375ba3511d892e2080020a0f4c9,TSEOOWA,4
09695,Indian Reserve,MB,MONAHAWUHKAN,5cccd778ffb311dda89a080020a0f4c9,MONAHAWUHKAN,
06769,Indian Reserve,BC,WAULP 10,e593ef2bba3511d892e2080020a0f4c9,WAULP,10
07892,Indian Reserve,BC,QUCKWA 7,7a82e0d0ba3511d892e2080020a0f4c9,QUCKWA,7
09217,Indian Reserve,SK,OCHAPOWACE I.R. 71-16,f63a2b86bbe211d892e2080020a0f4c9,OCHAPOWACE I.R. 71-16,
06316,Indian Reserve,ON,LAC SEUL INDIAN RESERVE NO. 28,fd5e181aba2811d892e2080020a0f4c9,LAC SEUL,28
09330,Indian Reserve,SK,SWEETGRASS I.R. 113-M16,6c9ebbfa849c20c35ba73d1c9d8595f3,SWEETGRASS I.R. 113-M16,
09393,Indian Reserve,SK,STURGEON WEIR I.R. 205,6c9ebc06849c20c3f8d27ecef1951616,STURGEON WEIR,205
06061,Indian Reserve,NS,TRURO INDIAN RESERVE NO. 27A,b8481dabaffd11d892e2080020a0f4c9,TRURO,27A
06877,Indian Reserve,BC,OKEAMIN 5,ebcc7eb1ba3511d892e2080020a0f4c9,OKEAMIN,5
07649,Indian Reserve,BC,PORT ESSINGTON,07bff342ba3611d892e2080020a0f4c9,PORT ESSINGTON,
09202,Indian Reserve,SK,SAULTEAUX I.R. 159E,f9e5809cbbe211d892e2080020a0f4c9,SAULTEAUX,159E
07485,Indian Reserve,BC,CLOTALAIRQUOT 4,624f3268ba3511d892e2080020a0f4c9,CLOTALAIRQUOT,4
09163,Indian Reserve,SK,MUSKOWEKWAN I.R. 85-7,f4988a4dbbe211d892e2080020a0f4c9,MUSKOWEKWAN I.R. 85-7,
07259,Indian Reserve,BC,NOOAITCH GRASS 9,3900230cba3611d892e2080020a0f4c9,NOOAITCH GRASS,9
09639,Indian Reserve,SK,MASKIKOPAWISCIKOSIK INDIAN RESERVE NO. 229,6c9ebc34849c20c3eeb288872e2729dc,MASKIKOPAWISCIKOSIK,229
07507,Indian Reserve,BC,WOYENNE 27,6585cc6eba3511d892e2080020a0f4c9,WOYENNE,27
07967,Indian Reserve,BC,MISSION 1,954f0892ba3411d892e2080020a0f4c9,MISSION,1
08433,Indian Reserve,BC,LIARD RIVER 3,40d34ecdba3611d892e2080020a0f4c9,LIARD RIVER,3
09862,Indian Reserve,SK,MUSKOWEKWAN INDIAN RESERVE NO. 85-57,ffc3c352cb2e471796feb8254b86de12,MUSKOWEKWAN INDIAN RESERVE NO. 85-57,
10081,Indian Reserve,SK,CARRY THE KETTLE NAKODA FIRST NATION NO. 76-77,b949d7817ff8474b98d771121095bb15,CARRY THE KETTLE NAKODA FIRST NATION NO. 76-77,
06776,Indian Reserve,BC,GITWANGAK 2,46d45383ba3611d892e2080020a0f4c9,GITWANGAK,2
08275,Indian Reserve,BC,SODA CREEK 1,d67d52a0ba3511d892e2080020a0f4c9,SODA CREEK,1
06676,Indian Reserve,AB,HORSE LAKES 152B,05137147bbe311d892e2080020a0f4c9,HORSE LAKES,152B
08139,Indian Reserve,BC,TOWINOCK 2,825df14dba3411d892e2080020a0f4c9,TOWINOCK,2
07774,Indian Reserve,BC,ENSHESHESE 13,a011663cba3411d892e2080020a0f4c9,ENSHESHESE,13
07534,Indian Reserve,BC,TATUK LAKE 7,6af873caba3511d892e2080020a0f4c9,TATUK LAKE,7
08284,Indian Reserve,BC,BAPTISTE MEADOW 2,d7bb29d9ba3511d892e2080020a0f4c9,BAPTISTE MEADOW,2
07641,Indian Reserve,BC,KSHISH NO 4,06af94aaba3611d892e2080020a0f4c9,KSHISH,4
06399,Indian Reserve,MB,BIRDTAIL HAY LANDS NO 57A,ea1a890fbbe211d892e2080020a0f4c9,BIRDTAIL HAY LANDS,57A
06042,Indian Reserve,NS,MALAGAWATCH INDIAN RESERVE NO. 4,b6c749feaffd11d892e2080020a0f4c9,MALAGAWATCH,4
07400,Indian Reserve,BC,NARCISSE'S FARM 4,2f170e91ba3611d892e2080020a0f4c9,NARCISSE'S FARM,4
06899,Indian Reserve,BC,MALACHAN 11,f1364c7fba3511d892e2080020a0f4c9,MALACHAN,11
07690,Indian Reserve,BC,SKIDEGATE 1,5378371eba3511d892e2080020a0f4c9,SKIDEGATE,1
09081,Indian Reserve,SK,OCEAN MAN I.R. 69I,f5a9371abbe211d892e2080020a0f4c9,OCEAN MAN,69I
09592,Indian Reserve,SK,CARRY THE KETTLE NAKODA I.R. 76-8,6c9ebc2e849c20c374153c41c07b6a76,CARRY THE KETTLE NAKODA I.R. 76-8,
08084,Indian Reserve,BC,PETERS 1,83bfa443ba3411d892e2080020a0f4c9,PETERS,1
07907,Indian Reserve,BC,HOMALCO 2,77c03e48ba3511d892e2080020a0f4c9,HOMALCO,2
06361,Indian Reserve,MB,BROKENHEAD 4,ea49fd84bbe211d892e2080020a0f4c9,BROKENHEAD,4
09871,Indian Reserve,MB,KISIPIKAMAK,0bf146de7e104473b2007f7645d9e84f,KISIPIKAMAK,
06274,Indian Reserve,ON,BIG ISLAND INDIAN RESERVE NO. 37,2f7afe81ba2711d892e2080020a0f4c9,BIG ISLAND,37
09651,Indian Reserve,SK,OCHAPOWACE I.R. 71-119,6c9ebc36849c20c3fa9bca569818bc88,OCHAPOWACE I.R. 71-119,
06929,Indian Reserve,BC,EQUIS 8,fd727798ba3511d892e2080020a0f4c9,EQUIS,8
07680,Indian Reserve,BC,SUSK 17,9e627da1ba3411d892e2080020a0f4c9,SUSK,17
09725,Indian Reserve,SK,MISTAWASIS INDIAN RESERVE 103A,6c9ebc42849c20c3f2034554946b4fd9,MISTAWASIS,103A
07146,Indian Reserve,BC,OCLUCJE 7,187c9ecbba3611d892e2080020a0f4c9,OCLUCJE,7
08083,Indian Reserve,BC,POPKUM 1,83e88905ba3411d892e2080020a0f4c9,POPKUM,1
06455,Indian Reserve,MB,HIGHROCK 199,eb55c84bbbe211d892e2080020a0f4c9,HIGHROCK,199
07655,Indian Reserve,BC,TELEGRAPH CREEK 6,5802a14eba3511d892e2080020a0f4c9,TELEGRAPH CREEK,6
07463,Indian Reserve,BC,UNCHA LAKE 13A,68ceb5ebba3511d892e2080020a0f4c9,UNCHA LAKE,13A
09501,Indian Reserve,BC,KERRY LAKE EAST 9,96464a96849c20c32b0dcae664036a03,KERRY LAKE EAST,9
07271,Indian Reserve,BC,BOOTHROYD 6B,227f54caba3611d892e2080020a0f4c9,BOOTHROYD,6B
09704,Indian Reserve,SK,OCHAPOWACE I.R. 71-131,6c9ebc3e849c20c325456f05e434bde7,OCHAPOWACE I.R. 71-131,
06679,Indian Reserve,AB,WILLIAM MCKENZIE 151K,04f2f0f2bbe311d892e2080020a0f4c9,WILLIAM MCKENZIE,151K
08191,Indian Reserve,BC,ALEXIS CREEK 21,8a270c27ba3411d892e2080020a0f4c9,ALEXIS CREEK,21
09840,Indian Reserve,MB,NORWAY HOUSE INDIAN RESERVE NO. 17C-36,fcdcac65962240749a0031b9ecfc22ea,NORWAY HOUSE INDIAN RESERVE NO. 17C-36,
06954,Indian Reserve,BC,SNAKE 5,6073466aba3511d892e2080020a0f4c9,SNAKE,5
07349,Indian Reserve,BC,PAPYUM 27A,367b9af5ba3611d892e2080020a0f4c9,PAPYUM,27A
09292,Indian Reserve,SK,OCHAPOWACE I.R. 71-37,f6def713bbe211d892e2080020a0f4c9,OCHAPOWACE I.R. 71-37,
07936,Indian Reserve,BC,SECHELT BAND LANDS (KLAYEKWIM) NO 8,0c076c32d05511d892e2080020a0f4c9,SECHELT BAND LANDS (KLAYEKWIM),8
06521,Indian Reserve,SK,STANLEY I.R. 157A,fc9892c1bbe211d892e2080020a0f4c9,STANLEY,157A
09396,Indian Reserve,SK,MUSKOWEKWAN I.R. 85-36,6c9ebc06849c20c316c0ba6d013dc273,MUSKOWEKWAN I.R. 85-36,
09320,Indian Reserve,SK,OKANESE I.R. 82(J),f87fd5f7bbe211d892e2080020a0f4c9,OKANESE I.R. 82(J),
10029,Indian Reserve,SK,CARRY THE KETTLE NAKODA FIRST NATION NO. 76-57,e3e7c8dd5b9b470ea9f6d05b7ed7a4c9,CARRY THE KETTLE NAKODA FIRST NATION NO. 76-57,
06626,Indian Reserve,SK,LUCKY MAN I.R.,f30b336bbbe211d892e2080020a0f4c9,LUCKY MAN,
09438,Indian Reserve,SK,LAKE PITIHKWAKEW INDIAN RESERVE 102B,6c9ebc0e849c20c3a115da8a91f5ff28,LAKE PITIHKWAKEW,102B
08229,Indian Reserve,BC,ANAHIM 4,8e4b619dba3411d892e2080020a0f4c9,ANAHIM,4
10209,Indian Reserve,NS,GLOOSCAP LANDING RESERVE,d27535257fd046b785b283ba5ab6e219,GLOOSCAP LANDING,
09835,Indian Reserve,MB,NORWAY HOUSE INDIAN RESERVE NO. 17C-31,dec59ce7a0344767b0cee98dce27c875,NORWAY HOUSE INDIAN RESERVE NO. 17C-31,
07227,Indian Reserve,BC,ZOHT 5,2e8f67fbba3611d892e2080020a0f4c9,ZOHT,5
07751,Indian Reserve,BC,KUL 18,060b8c73ba3611d892e2080020a0f4c9,KUL,18
07749,Indian Reserve,BC,KESWAR 16,05e2f5d1ba3611d892e2080020a0f4c9,KESWAR,16
09208,Indian Reserve,SK,POUNDMAKER I.R. 114-2C,f91fbf8abbe211d892e2080020a0f4c9,POUNDMAKER I.R. 114-2C,
09953,Indian Reserve,SK,CARRY THE KETTLE NAKODA FIRST NATION NO. 76-40,8ff243d7266e4f8fa930b14c1ba66a01,CARRY THE KETTLE NAKODA FIRST NATION NO. 76-40,
10222,Indian Reserve,SK,CARRY THE KETTLE NAKODA FIRST NATION #76-112,3407442a8f7b40e687223d80a6ad3b46,CARRY THE KETTLE NAKODA FIRST NATION #76-112,
06520,Indian Reserve,SK,STANLEY I.R. 157,fcbfc9d2bbe211d892e2080020a0f4c9,STANLEY,157
06458,Indian Reserve,MB,BROCHET INDIAN RESERVE NO. 197,ea3feb63bbe211d892e2080020a0f4c9,BROCHET,197
10130,Indian Reserve,MB,ATKINSON LAKE A INDIAN RESERVE,e737724ac3674a3394c47bf5c32302b6,ATKINSON LAKE A,
06735,Indian Reserve,AB,SANDY POINT 221,0743bef3bbe311d892e2080020a0f4c9,SANDY POINT,221
08074,Indian Reserve,BC,SKAWAHLOOK 1,437745c1ba3611d892e2080020a0f4c9,SKAWAHLOOK,1
06973,Indian Reserve,BC,SALMON RIVER 1 (K’ÓMOKS),08e27a4fba3611d892e2080020a0f4c9,SALMON RIVER 1 (K’OMOKS),
09881,Indian Reserve,MB,KAMIHKOWAPIHSKAK PAWISTIK INDIAN RESERVE,dffc931645dc4d6f9f5077b9ccd4f514,KAMIHKOWAPIHSKAK PAWISTIK,
06849,Indian Reserve,BC,CLOOLTHPICH 12,e7e8b4acba3511d892e2080020a0f4c9,CLOOLTHPICH,12
07014,Indian Reserve,BC,TOKSEE 4,0e39aa7fba3611d892e2080020a0f4c9,TOKSEE,4
06485,Indian Reserve,SK,RED PHEASANT I.R. 108,f954b23fbbe211d892e2080020a0f4c9,RED PHEASANT,108
07811,Indian Reserve,BC,MAGANKTOON 56,495f8850ba3511d892e2080020a0f4c9,MAGANKTOON,56
10261,Indian Reserve,AB,FOX LAKE NO. 162A,59b4e03b09784a69852de54854218827,FOX LAKE,162A
07666,Indian Reserve,BC,YAGAN 3,9dbaf2f3ba3411d892e2080020a0f4c9,YAGAN,3
07194,Indian Reserve,BC,OREGON JACK CREEK 5,3a6865abba3611d892e2080020a0f4c9,OREGON JACK CREEK,5
06774,Indian Reserve,BC,GITSEGUKLA LOGGING 3,4af0e0aeba3611d892e2080020a0f4c9,GITSEGUKLA LOGGING,3
08175,Indian Reserve,BC,CHEZACUT CEMETERY 5,99fcb26bba3411d892e2080020a0f4c9,CHEZACUT CEMETERY,5
07372,Indian Reserve,BC,SKUPPAH 4,dda0421cba3511d892e2080020a0f4c9,SKUPPAH,4
08278,Indian Reserve,BC,STONE 1A,d6e403b3ba3511d892e2080020a0f4c9,STONE,1A
09303,Indian Reserve,SK,PELICAN NARROWS I.R. 206,f8ddfb93bbe211d892e2080020a0f4c9,PELICAN NARROWS,206
07930,Indian Reserve,BC,SECHELT BAND LANDS (SWAYCALSE) NO 3,0bf1c150d05511d892e2080020a0f4c9,SECHELT BAND LANDS (SWAYCALSE),3
07150,Indian Reserve,BC,SAVEY 15,18f4dc0fba3611d892e2080020a0f4c9,SAVEY,15
06958,Indian Reserve,BC,"BEATON RIVER NO. 204, NORTH HALF",5f7fe5b2ba3511d892e2080020a0f4c9,"BEATON RIVER NO. 204, NORTH HALF",
10038,Indian Reserve,MB,KING FISHER BAY INDIAN RESERVE,d23581834a904e3eb323c68d2fdb1e4a,KING FISHER BAY,
07677,Indian Reserve,BC,JALUN 14,9e368b9eba3411d892e2080020a0f4c9,JALUN,14
10257,Indian Reserve,BC,TSAA NUNA,30ae143c6fc14a459c65e86af4e96908,TSAA NUNA,
09902,Indian Reserve,ON,SAND POINT FIRST NATION RESERVE,3f52fdd4fa894d8080235e4695e80838,SAND POINT FIRST NATION,
09915,Indian Reserve,SK,ENGLISH RIVER FIRST NATION CABLE BAY CREE LAKE INDIAN RESERVE NO. 192M,df5a22c7a9e948ea99d9f1d083fbc987,ENGLISH RIVER FIRST NATION CABLE BAY CREE LAKE,192M
10091,Indian Reserve,MB,THUYCHOLEENI LAKE B INDIAN RESERVE,8fa61c0cf57f44739df465f6b69fa821,THUYCHOLEENI LAKE B,
08149,Indian Reserve,BC,PAVILION 3A,92a7dd38ba3411d892e2080020a0f4c9,PAVILION,3A
09736,Indian Reserve,MB,PELICAN RAPIDS ACCESS ROAD PHASE 1,84a266b9ffb211dda89a080020a0f4c9,PELICAN RAPIDS ACCESS ROAD PHASE,1
91727,Indian Reserve,SK,SWEETGRASS I.R. 113-D33,43c686daa892494ab277ef67c2c2be6d,SWEETGRASS I.R. 113-D33,
06371,Indian Reserve,MB,JACKHEAD 43,eb7bc6debbe211d892e2080020a0f4c9,JACKHEAD,43
07500,Indian Reserve,BC,BABINE RIVER 21A,644f4837ba3511d892e2080020a0f4c9,BABINE RIVER,21A
08170,Indian Reserve,BC,REDSTONE FLAT 1,99b744f5ba3411d892e2080020a0f4c9,REDSTONE FLAT,1
07880,Indian Reserve,BC,NOOSESECK 2,7216332fba3511d892e2080020a0f4c9,NOOSESECK,2
10143,Indian Reserve,NB,METEPENAGIAG URBAN RESERVE 3,91f6826c2e9941f590a8f3170bebe7b5,METEPENAGIAG URBAN,3
09825,Indian Reserve,MB,NORWAY HOUSE INDIAN RESERVE NO. 17C-21,e03cd512475342538694df40ed678686,NORWAY HOUSE INDIAN RESERVE NO. 17C-21,
09474,Indian Reserve,SK,THUNDERCHILD FIRST NATION IR 115S,6c9ebc16849c20c3336c06d7320d968b,THUNDERCHILD FIRST NATION,115S
10087,Indian Reserve,MB,OPASKWAYAK CREE NATION ROCKY LAKE INTERIOR INDIAN RESERVE,2cdf9969bfd543da8db6b007ae74b853,OPASKWAYAK CREE NATION ROCKY LAKE INTERIOR,
06640,Indian Reserve,AB,BIG HORN 144A,0048c9a7bbe311d892e2080020a0f4c9,BIG HORN,144A
07374,Indian Reserve,BC,SPUZZUM 1,de19def1ba3511d892e2080020a0f4c9,SPUZZUM,1
08042,Indian Reserve,BC,SACHTEEN 2,92f5af1dba3411d892e2080020a0f4c9,SACHTEEN,2
07353,Indian Reserve,BC,LYTTON 32,36e07749ba3611d892e2080020a0f4c9,LYTTON,32
06690,Indian Reserve,AB,SWAN RIVER 150E,0567369ebbe311d892e2080020a0f4c9,SWAN RIVER,150E
08104,Indian Reserve,BC,LUKSEETSISSUM 9,9819c17bba3411d892e2080020a0f4c9,LUKSEETSISSUM,9
09228,Indian Reserve,SK,OCHAPOWACE I.R. 71-48,f779d78ebbe211d892e2080020a0f4c9,OCHAPOWACE I.R. 71-48,
07336,Indian Reserve,BC,KLAHKAMICH 17,3432bc56ba3611d892e2080020a0f4c9,KLAHKAMICH,17
07991,Indian Reserve,BC,NEQUATQUE 1,6de05192ba3511d892e2080020a0f4c9,NEQUATQUE,1
08155,Indian Reserve,BC,SETON LAKE 5A,93ad6668ba3411d892e2080020a0f4c9,SETON LAKE,5A
06745,Indian Reserve,AB,COLLIN LAKE 223,071e0e80bbe311d892e2080020a0f4c9,COLLIN LAKE,223
08161,Indian Reserve,BC,MCKAY MEADOW 4,990cad0bba3411d892e2080020a0f4c9,MCKAY MEADOW,4
10253,Indian Reserve,ON,MISHI SAKAHIKANIING,dea4d00ad49e478fb32dc36a970eca18,MISHI SAKAHIKANIING,
06540,Indian Reserve,SK,CHICKEN I.R. 226,f001c39ebbe211d892e2080020a0f4c9,CHICKEN,226
07668,Indian Reserve,BC,SATUNQUIN 5,9dd1af45ba3411d892e2080020a0f4c9,SATUNQUIN,5
10035,Indian Reserve,SK,MISTAWASIS INDIAN RESERVE NO. 103F,9b57a366680d469c88ae5aa4f2de2487,MISTAWASIS,103F
10085,Indian Reserve,SK,CARRY THE KETTLE NAKODA FIRST NATION NO. 76-81,cf5ceb8e36514c3aadec7e7d1d91c545,CARRY THE KETTLE NAKODA FIRST NATION NO. 76-81,
06001,Indian Reserve,PE,ROCKY POINT INDIAN RESERVE NO. 3,e8b72861bbe211d892e2080020a0f4c9,ROCKY POINT,3
09811,Indian Reserve,MB,NORWAY HOUSE INDIAN RESERVE NO. 17C-7,e515425ff1484995938ef63ff3c53b13,NORWAY HOUSE INDIAN RESERVE NO. 17C-7,
07502,Indian Reserve,BC,AUGIER LAKE 22,64a09c89ba3511d892e2080020a0f4c9,AUGIER LAKE,22
07041,Indian Reserve,BC,COOPTE 9,153785d2ba3611d892e2080020a0f4c9,COOPTE,9
08118,Indian Reserve,BC,PASHILQUA 2,742f764bba3511d892e2080020a0f4c9,PASHILQUA,2
07672,Indian Reserve,BC,KOSE 9,9df47989ba3411d892e2080020a0f4c9,KOSE,9
09743,Indian Reserve,SK,MUSKOWEKWAN I.R. 85-54,6c9ebc43849c20c3b3933df1eccd4245,MUSKOWEKWAN I.R. 85-54,
09819,Indian Reserve,MB,NORWAY HOUSE INDIAN RESERVE NO. 17C-15,0ca5ae54abab4af8a5614b8def683ba3,NORWAY HOUSE INDIAN RESERVE NO. 17C-15,
07994,Indian Reserve,BC,NEQUATQUE 3A,6e3130b5ba3511d892e2080020a0f4c9,NEQUATQUE,3A
07838,Indian Reserve,BC,KSAMES 85,51ba818aba3511d892e2080020a0f4c9,KSAMES,85
06333,Indian Reserve,ON,WUNNUMIN INDIAN RESERVE NO. 1,28442660ba2911d892e2080020a0f4c9,WUNNUMIN,1
07671,Indian Reserve,BC,MEAGWAN 8,9debee08ba3411d892e2080020a0f4c9,MEAGWAN,8
09033,Indian Reserve,SK,MEADOW LAKE I.R. 105C,f3516430bbe211d892e2080020a0f4c9,MEADOW LAKE,105C
06851,Indian Reserve,BC,OINIMITIS 14,01f0d3f4ba3611d892e2080020a0f4c9,OINIMITIS,14
06158,Indian Reserve,ON,GROS CAP INDIAN VILLAGE RESERVE NO. 49A,bbd8bf8fba2511d892e2080020a0f4c9,GROS CAP INDIAN VILLAGE,49A
09124,Indian Reserve,BC,DEASE RIVER 3 (DEASE),96464aa7849c20c31e64025fcdcd0db4,DEASE RIVER 3 (DEASE),
07817,Indian Reserve,BC,KSAGWISGWAS 63,4b874a56ba3511d892e2080020a0f4c9,KSAGWISGWAS,63
07471,Indian Reserve,BC,YENSISCHUCK 3,6150d530ba3511d892e2080020a0f4c9,YENSISCHUCK,3
09726,Indian Reserve,SK,SAKIMAY INDIAN RESERVE 74-10,6c9ebc42849c20c3e62a5a2797241dcd,SAKIMAY INDIAN RESERVE 74-10,
10001,Indian Reserve,SK,KAHKEWISTAHAW INDIAN RESERVE NO. 72N,2f80199c954549789fbad6ed23d7eafd,KAHKEWISTAHAW,72N
09645,Indian Reserve,AB,HOKEDHE TUE 196E,ac1a0cdfffb311dda89a080020a0f4c9,HOKEDHE TUE,196E
06537,Indian Reserve,SK,WAHPATON I.R. 94B,fecf7008bbe211d892e2080020a0f4c9,WAHPATON,94B
09342,Indian Reserve,MB,PE-TA-WAYGAMAK,434230e436734e6d9bca3b113aa835de,PE-TA-WAYGAMAK,
07363,Indian Reserve,BC,HUMHAMPT 6A,3cf7740eba3611d892e2080020a0f4c9,HUMHAMPT,6A
06089,Indian Reserve,QC,GESGAPEGIAG,3f9cf6feba2411d892e2080020a0f4c9,GESGAPEGIAG,
06641,Indian Reserve,AB,EDEN VALLEY 216,006922e8bbe311d892e2080020a0f4c9,EDEN VALLEY,216
09225,Indian Reserve,SK,OCHAPOWACE I.R. 71-45,f7544e2bbbe211d892e2080020a0f4c9,OCHAPOWACE I.R. 71-45,
08249,Indian Reserve,BC,CANIM LAKE 6,8f457921ba3411d892e2080020a0f4c9,CANIM LAKE,6
09146,Indian Reserve,SK,MUSKOWEKWAN I.R. 85-4,f47dfd6abbe211d892e2080020a0f4c9,MUSKOWEKWAN I.R. 85-4,
09747,Indian Reserve,MB,WOLF RIVER,c1cdb11cffb111dda89a080020a0f4c9,WOLF RIVER,
06782,Indian Reserve,BC,GITANYOW 1,4c4489dbba3611d892e2080020a0f4c9,GITANYOW,1
07379,Indian Reserve,BC,TEEQUALOOSE 3,dec253f6ba3511d892e2080020a0f4c9,TEEQUALOOSE,3
06682,Indian Reserve,AB,KAPAWE'NO FIRST NATION NO. 150D,05073c45bbe311d892e2080020a0f4c9,KAPAWE'NO FIRST NATION,150D
07273,Indian Reserve,BC,STAIYAHANNY 8,22d033ecba3611d892e2080020a0f4c9,STAIYAHANNY,8
07199,Indian Reserve,BC,PAUL'S BASIN 2,2517b302ba3611d892e2080020a0f4c9,PAUL'S BASIN,2
08432,Indian Reserve,BC,MUDDY RIVER 1,41847661ba3611d892e2080020a0f4c9,MUDDY RIVER,1
07348,Indian Reserve,BC,PAPYUM 27,36626da4ba3611d892e2080020a0f4c9,PAPYUM,27
09574,Indian Reserve,SK,OCHAPOWACE I.R. 71-4,6c9ebc2a849c20c3f34932e6f2b689e1,OCHAPOWACE I.R. 71-4,
09880,Indian Reserve,MB,MOOSOWHAPIHSK SAKAHEGAN INDIAN RESERVE,eca0577520e24691a1a1181ef7650a3b,MOOSOWHAPIHSK SAKAHEGAN,
07436,Indian Reserve,BC,LOWER KOOTENAY 5,2dfd6126ba3611d892e2080020a0f4c9,LOWER KOOTENAY,5
09579,Indian Reserve,SK,OCHAPOWACE I.R. 71-103,6c9ebc2b849c20c31bb5152069d4c641,OCHAPOWACE I.R. 71-103,
09499,Indian Reserve,BC,QUAW ISLAND 25,96464a9a849c20c3ab6128b24bf32388,QUAW ISLAND,25
07662,Indian Reserve,BC,KLUACHON LAKE 1,021d8946ba3611d892e2080020a0f4c9,KLUACHON LAKE,1
09718,Indian Reserve,SK,OCHAPOWACE I.R. 71-129,6c9ebc40849c20c3a680c8afe31cb1d7,OCHAPOWACE I.R. 71-129,
06229,Indian Reserve,ON,OBABIKONG INDIAN RESERVE NO. 35B,05f606b5ba2711d892e2080020a0f4c9,OBABIKONG,35B
09209,Indian Reserve,SK,PELICAN LAKE FIRST NATION RESERVE NO. 191-A,f8c62dcfbbe211d892e2080020a0f4c9,PELICAN LAKE FIRST NATION RESERVE NO. 191-A,
06300,Indian Reserve,ON,FORT WILLIAM INDIAN RESERVE NO. 52,254c607fba2811d892e2080020a0f4c9,FORT WILLIAM,52
10247,Indian Reserve,MB,NORWAY HOUSE INDIAN RESERVE,f77ff865b02540da9e612fe95954bbff,NORWAY HOUSE,
09832,Indian Reserve,MB,NORWAY HOUSE INDIAN RESERVE NO. 17C-28,7660034f2f484aeb918767a5fdb999f9,NORWAY HOUSE INDIAN RESERVE NO. 17C-28,
09423,Indian Reserve,SK,PELICAN LAKE I.R. 191-D,6c9ebc0b849c20c3e524044aaa6622e1,PELICAN LAKE I.R. 191-D,
07283,Indian Reserve,BC,AUSTIN'S FLAT 3,23b9f7b6ba3611d892e2080020a0f4c9,AUSTIN'S FLAT,3
09961,Indian Reserve,SK,SWEET GRASS INDIAN RESERVE NO. 113-D12,e4bac2819994435396cf4d92359fcdbf,SWEET GRASS INDIAN RESERVE NO. 113-D12,
09537,Indian Reserve,SK,POUNDMAKER INDIAN RESERVE NO. 114-11A,6c9ebc20849c20c38726edc661da00ec,POUNDMAKER INDIAN RESERVE NO. 114-11A,
07382,Indian Reserve,BC,YELAKIN 4A,df4e6759ba3511d892e2080020a0f4c9,YELAKIN,4A
08065,Indian Reserve,BC,PAPEKWATCHIN INDIAN RESERVE NO. 4,7d8c0136ba3511d892e2080020a0f4c9,PAPEKWATCHIN,4
07893,Indian Reserve,BC,GOO-EWE 8,7abc6761ba3511d892e2080020a0f4c9,GOO-EWE,8
09669,Indian Reserve,SK,CARRY THE KETTLE NAKOTA I.R. 76-2,6c9ebc38849c20c31d67d6d21c641f36,CARRY THE KETTLE NAKOTA I.R. 76-2,
07342,Indian Reserve,BC,KLEETLEKUT 22A,35a6e5ceba3611d892e2080020a0f4c9,KLEETLEKUT,22A
09555,Indian Reserve,SK,STAR BLANKET I.R. 83H,6c9ebc24849c20c34d8f7679fd89aed9,STAR BLANKET,83H
06046,Indian Reserve,NS,WAGMATCOOK INDIAN RESERVE NO. 1,b8acabdeaffd11d892e2080020a0f4c9,WAGMATCOOK,1
09343,Indian Reserve,AB,BEAVER RANCH 163A,6584e5b9ffb311dda89a080020a0f4c9,BEAVER RANCH,163A
08192,Indian Reserve,BC,ALEXIS CREEK 22,8a2e5f28ba3411d892e2080020a0f4c9,ALEXIS CREEK,22
07309,Indian Reserve,BC,LYTTON 3A,3123a77dba3611d892e2080020a0f4c9,LYTTON,3A
07960,Indian Reserve,BC,SECHELT BAND LANDS (SHANNON CREEK) NO 28,7563ec4ed05511d892e2080020a0f4c9,SECHELT BAND LANDS (SHANNON CREEK),28
06844,Indian Reserve,BC,PACHEENA 1,f63b3ce7ba3511d892e2080020a0f4c9,PACHEENA,1
09095,Indian Reserve,MB,MOOSEOCOOT,ee3abf16bbe211d892e2080020a0f4c9,MOOSEOCOOT,
07910,Indian Reserve,BC,ORFORD BAY 4,77fbe7bbba3511d892e2080020a0f4c9,ORFORD BAY,4
09913,Indian Reserve,SK,SAULTEAUX I.R. 159 FF,081e1c985fe440c6a89586f34e0db4a9,SAULTEAUX I.R. 159 FF,
09972,Indian Reserve,BC,ULKAH INDIAN RESERVE NO. 3,fc676289e09040e18d9962c5aca62e6d,ULKAH,3
09003,Indian Reserve,SK,OCEAN MAN I.R. 69D,f5526484bbe211d892e2080020a0f4c9,OCEAN MAN,69D
09440,Indian Reserve,SK,SWEETGRASS I.R. 113-K32,6c9ebc0f849c20c386be188df968df4d,SWEETGRASS I.R. 113-K32,
07101,Indian Reserve,BC,KUKWAPA 5,1c473a82ba3611d892e2080020a0f4c9,KUKWAPA,5
09556,Indian Reserve,SK,STAR BLANKET I.R. 83J,6c9ebc24849c20c350ba6082cf27f633,STAR BLANKET,83J
06334,Indian Reserve,ON,WUNNUMIN INDIAN RESERVE NO. 2,30369ab1ba2911d892e2080020a0f4c9,WUNNUMIN,2
10136,Indian Reserve,MB,DAFOE RIVER INDIAN RESERVE,3fe61048ffd845c794b8a868cc203631,DAFOE RIVER,
09581,Indian Reserve,SK,MUSKOWEKWAN I.R. 85-42,6c9ebc2b849c20c3c50f866d73369695,MUSKOWEKWAN I.R. 85-42,
08330,Indian Reserve,BC,ULKATCHO 1,d7ecc12bba3511d892e2080020a0f4c9,ULKATCHO,1
09333,Indian Reserve,SK,MUSKOWEKWAN I.R. 85-23,6c9ebbfb849c20c34653fdb5ac0e96bc,MUSKOWEKWAN I.R. 85-23,
09559,Indian Reserve,SK,OCHAPOWACE I.R. 71-116,6c9ebc26849c20c37c4a1eeedfd3d3d5,OCHAPOWACE I.R. 71-116,
09808,Indian Reserve,MB,NORWAY HOUSE INDIAN RESERVE NO. 17C-4,f33570ed18154ae595fd849038107f8c,NORWAY HOUSE INDIAN RESERVE NO. 17C-4,
07650,Indian Reserve,BC,TAHLTAN 1,55c97a29ba3511d892e2080020a0f4c9,TAHLTAN,1
07465,Indian Reserve,BC,SKINS LAKE 15,6923b3bdba3511d892e2080020a0f4c9,SKINS LAKE,15
06885,Indian Reserve,BC,TEAHMIT 3,ee8731f6ba3511d892e2080020a0f4c9,TEAHMIT,3
09164,Indian Reserve,SK,MUSKOWEKWAN I.R. 85-8,f49e56aebbe211d892e2080020a0f4c9,MUSKOWEKWAN I.R. 85-8,
08202,Indian Reserve,BC,ALEXIS CREEK 32,8ac261d2ba3411d892e2080020a0f4c9,ALEXIS CREEK,32
09368,Indian Reserve,SK,OCHAPOWACE I.R. 71-70,6c9ebc00849c20c3a1f34e5e88490876,OCHAPOWACE I.R. 71-70,
06574,Indian Reserve,SK,WOOD MOUNTAIN I.R. 160,ff6bfe30bbe211d892e2080020a0f4c9,WOOD MOUNTAIN,160
06857,Indian Reserve,BC,WAHOUS 20,e86d26f2ba3511d892e2080020a0f4c9,WAHOUS,20
07356,Indian Reserve,BC,KUPCHYNALTH 2,3c400ae7ba3611d892e2080020a0f4c9,KUPCHYNALTH,2
07975,Indian Reserve,BC,CHEAKAMUS 11,95daa6c9ba3411d892e2080020a0f4c9,CHEAKAMUS,11
06733,Indian Reserve,AB,OLD FORT 217,07369f92bbe311d892e2080020a0f4c9,OLD FORT,217
10223,Indian Reserve,SK,CARRY THE KETTLE NAKODA FIRST NATION #76-113,c9ef6ef1d8c747fea96ecb625a1da5d1,CARRY THE KETTLE NAKODA FIRST NATION #76-113,
06489,Indian Reserve,SK,SWEETGRASS I.R. 113A,fd8ba55abbe211d892e2080020a0f4c9,SWEETGRASS,113A
09041,Indian Reserve,SK,GLADUE LAKE I.R. 105B,f1dff9babbe211d892e2080020a0f4c9,GLADUE LAKE,105B
06737,Indian Reserve,SK,WA-PII-MOOS-TOOSIS I.R. 83A,f0cd5118bbe211d892e2080020a0f4c9,WA-PII-MOOS-TOOSIS,83A
07024,Indian Reserve,BC,MAGWEKSTALA 10,0f365a09ba3611d892e2080020a0f4c9,MAGWEKSTALA,10
10033,Indian Reserve,MB,BIRDTAIL SIOUX DAKOTA NATION INDIAN RESERVE 57 C,e480b85ea8ef465ebecd5f7741379836,BIRDTAIL SIOUX DAKOTA NATION INDIAN RESERVE 57 C,
06384,Indian Reserve,MB,LITTLE SASKATCHEWAN 48B,ebc86043bbe211d892e2080020a0f4c9,LITTLE SASKATCHEWAN,48B
06780,Indian Reserve,BC,KOONWATS 7,e65b36d1ba3511d892e2080020a0f4c9,KOONWATS,7
06266,Indian Reserve,ON,EAGLE LAKE INDIAN RESERVE NO. 27,166ea3faba2711d892e2080020a0f4c9,EAGLE LAKE,27
07908,Indian Reserve,BC,HOMALCO 2A,77d12e39ba3511d892e2080020a0f4c9,HOMALCO,2A
06464,Indian Reserve,MB,CHURCHILL 1,ed752510bbe211d892e2080020a0f4c9,CHURCHILL,1
07056,Indian Reserve,BC,KSUI-LA-DAS 6,16f9f661ba3611d892e2080020a0f4c9,KSUI-LA-DAS,6
06172,Indian Reserve,ON,ABITIBI INDIAN RESERVE NO. 70,3aca46c2ba2911d892e2080020a0f4c9,ABITIBI,70
09246,Indian Reserve,SK,KEESEEKOOSE I.R. 66-CO-01,f23aeb05bbe211d892e2080020a0f4c9,KEESEEKOOSE I.R. 66-CO-01,
09752,Indian Reserve,MB,ROOT LAKE BEACH RIDGE SITE,26ed1a125a7111dd9007080020a0f4c9,ROOT LAKE BEACH RIDGE SITE,
08367,Indian Reserve,BC,ANDERSON LAKE 5,6e5644e7ba3511d892e2080020a0f4c9,ANDERSON LAKE,5
09771,Indian Reserve,BC,SAS MIGHE 32,5d2a8ccd5a6111dd9007080020a0f4c9,SAS MIGHE,32
06264,Indian Reserve,ON,WINISK INDIAN RESERVE NO. 90,161a9088ba2711d892e2080020a0f4c9,WINISK,90
10232,Indian Reserve,MB,ANISHINAABE AKI,68dd4e9f7188495abbf26a4360cb66f1,ANISHINAABE AKI,
07821,Indian Reserve,BC,IAKVAS 68,4dcf177aba3511d892e2080020a0f4c9,IAKVAS,68
07326,Indian Reserve,BC,LYTTON 9B,3e588ab9ba3611d892e2080020a0f4c9,LYTTON,9B
08153,Indian Reserve,BC,SILICON 2,93851de6ba3411d892e2080020a0f4c9,SILICON,2
07304,Indian Reserve,BC,NANANAHOUT 1,300b80b8ba3611d892e2080020a0f4c9,NANANAHOUT,1
06965,Indian Reserve,BC,VILLAGE BAY 7,08287917ba3611d892e2080020a0f4c9,VILLAGE BAY,7
07493,Indian Reserve,BC,MICHELL PIERRE 12,635e0a60ba3511d892e2080020a0f4c9,MICHELL PIERRE,12
06607,Indian Reserve,SK,BIG RIVER I.R. 118,f0b5f884bbe211d892e2080020a0f4c9,BIG RIVER,118
10019,Indian Reserve,SK,PHEASANT RUMP NAKOTA INDIAN RESERVE NO. 68E,9a69af199efe4a1796dbdb2712640eec,PHEASANT RUMP NAKOTA,68E
07759,Indian Reserve,BC,SCUTTSAP 11,9f39078fba3411d892e2080020a0f4c9,SCUTTSAP,11
08092,Indian Reserve,BC,KLAKLACUM 12,97455a6fba3411d892e2080020a0f4c9,KLAKLACUM,12
07863,Indian Reserve,BC,ELCHO 6,6f0374deba3511d892e2080020a0f4c9,ELCHO,6
07237,Indian Reserve,BC,KLAHKOWIT 5,37a80d11ba3611d892e2080020a0f4c9,KLAHKOWIT,5
06051,Indian Reserve,NS,NEW ROSS INDIAN RESERVE NO. 20,b7076043affd11d892e2080020a0f4c9,NEW ROSS,20
08089,Indian Reserve,BC,KUTHLALTH 3,83560cfcba3411d892e2080020a0f4c9,KUTHLALTH,3
07209,Indian Reserve,BC,NICOELTON 6,265c8f1eba3611d892e2080020a0f4c9,NICOELTON,6
09962,Indian Reserve,SK,CARRY THE KETTLE NAKODA FIRST NATION NO. 76-35,fcb9f87012194271bf3068c1491d0367,CARRY THE KETTLE NAKODA FIRST NATION NO. 76-35,
09874,Indian Reserve,MB,PTH 10 SAPOTAWEYAK CREE NATION INDIAN RESERVE,a5c03b28d748409f8be2f3df7db39884,PTH 10 SAPOTAWEYAK CREE NATION,
06536,Indian Reserve,SK,WAHPATON I.R. 94A,fec3fe57bbe211d892e2080020a0f4c9,WAHPATON,94A
07287,Indian Reserve,BC,SHRYPTTAHOOKS 7,24181d4aba3611d892e2080020a0f4c9,SHRYPTTAHOOKS,7
06869,Indian Reserve,BC,BARTLETT ISLAND 32,e99d1b7dba3511d892e2080020a0f4c9,BARTLETT ISLAND,32
10044,Indian Reserve,SK,CARRY THE KETTLE NAKODA FIRST NATION NO. 76-61,27812a7b35ed46ee9962727fc61c0c42,CARRY THE KETTLE NAKODA FIRST NATION NO. 76-61,
06401,Indian Reserve,MB,GAMBLER 63,eb2e6a28bbe211d892e2080020a0f4c9,GAMBLER,63
07885,Indian Reserve,BC,SKOWQUILTZ RIVER 3,73333bf4ba3511d892e2080020a0f4c9,SKOWQUILTZ RIVER,3
08271,Indian Reserve,BC,ALEXANDRIA 1A,5a3e44b6ba3611d892e2080020a0f4c9,ALEXANDRIA,1A
06507,Indian Reserve,SK,FOX POINT I.R. 157D,f1d3ebc8bbe211d892e2080020a0f4c9,FOX POINT,157D
10003,Indian Reserve,SK,CARRY THE KETTLE NAKODA FIRST NATION NO. 76-45,dbe414861b444f0ba635e0f8b18c6651,CARRY THE KETTLE NAKODA FIRST NATION NO. 76-45,
10207,Indian Reserve,SK,KAHKEWISTAHAW INDIAN RESERVE NO. 72-X,b38ef160620e41b08c8216e92dbfdd5a,KAHKEWISTAHAW INDIAN RESERVE NO. 72-X,
10082,Indian Reserve,SK,CARRY THE KETTLE NAKODA FIRST NATION NO. 76-78,b455f2a881934bcb9dfe794198df773f,CARRY THE KETTLE NAKODA FIRST NATION NO. 76-78,
06825,Indian Reserve,BC,GALIANO ISLAND 9,f80f87c0ba3511d892e2080020a0f4c9,GALIANO ISLAND,9
06222,Indian Reserve,ON,SAUGEEN HUNTING GROUNDS INDIAN RESERVE NO. 60A,dea9c100ba2611d892e2080020a0f4c9,SAUGEEN HUNTING GROUNDS,60A
07476,Indian Reserve,BC,FORT GEORGE CEMETERY 1A,5fb107d3ba3511d892e2080020a0f4c9,FORT GEORGE CEMETERY,1A
09600,Indian Reserve,SK,THUNDERCHILD FIRST NATION IR 115R,6c9ebc30849c20c316eb1eec753819ad,THUNDERCHILD FIRST NATION,115R
09602,Indian Reserve,SK,OCHAPOWACE I.R. 71-92,6c9ebc30849c20c36e5fb756cb85521b,OCHAPOWACE I.R. 71-92,
08230,Indian Reserve,BC,ANAHIM 5,8e539efeba3411d892e2080020a0f4c9,ANAHIM,5
06307,Indian Reserve,ON,LAKE HELEN INDIAN RESERVE NO. 53A,70c31278ba2811d892e2080020a0f4c9,LAKE HELEN,53A
09135,Indian Reserve,SK,OCHAPOWACE I.R. 71-9,f5df895fbbe211d892e2080020a0f4c9,OCHAPOWACE I.R. 71-9,
09659,Indian Reserve,SK,OCHAPOWACE I.R. 71-126,6c9ebc37849c20c3abba8aacec2f56ee,OCHAPOWACE I.R. 71-126,
06269,Indian Reserve,ON,ONE MAN LAKE INDIAN RESERVE NO. 29,16d4b8cdba2711d892e2080020a0f4c9,ONE MAN LAKE,29
09465,Indian Reserve,SK,THUNDERCHILD FIRST NATION IR 115U,6c9ebc13849c20c344681c5e15ef7c2b,THUNDERCHILD FIRST NATION,115U
08352,Indian Reserve,BC,LYTTON 21A,353a414bba3611d892e2080020a0f4c9,LYTTON,21A
07954,Indian Reserve,BC,SECHELT BAND LANDS (SAUGHANAUGHT) NO 22,0bc5330cd05511d892e2080020a0f4c9,SECHELT BAND LANDS (SAUGHANAUGHT),22
09210,Indian Reserve,SK,PELICAN LAKE I.R. 191-B,f8cc2140bbe211d892e2080020a0f4c9,PELICAN LAKE I.R. 191-B,
08274,Indian Reserve,BC,RICH BAR 4,d6650fafba3511d892e2080020a0f4c9,RICH BAR,4
06461,Indian Reserve,MB,SPLIT LAKE 171,ecccd710bbe211d892e2080020a0f4c9,SPLIT LAKE,171
09859,Indian Reserve,SK,MUSKOWEKWAN INDIAN RESERVE NO. 85-58,c3cb40f77d5046efa6d0de84681eac1e,MUSKOWEKWAN INDIAN RESERVE NO. 85-58,
06383,Indian Reserve,MB,LITTLE SASKATCHEWAN 48,ebd44724bbe211d892e2080020a0f4c9,LITTLE SASKATCHEWAN,48
07658,Indian Reserve,BC,DEASE LAKE 9,588e8da1ba3511d892e2080020a0f4c9,DEASE LAKE,9
06557,Indian Reserve,SK,ONE ARROW I.R. 95,f03815e7bbe211d892e2080020a0f4c9,ONE ARROW,95
08171,Indian Reserve,BC,REDSTONE CEMETERY 1B,99c80dd7ba3411d892e2080020a0f4c9,REDSTONE CEMETERY,1B
07383,Indian Reserve,BC,LONG TUNNEL 5,df7bb8eaba3511d892e2080020a0f4c9,LONG TUNNEL,5
10046,Indian Reserve,MB,NCN-MYSTERY LAKE PARCEL,19002d861a8b45eca279b1115d114a96,NCN-MYSTERY LAKE PARCEL,
08043,Indian Reserve,BC,SACHTEEN 2A,931767eeba3411d892e2080020a0f4c9,SACHTEEN,2A
06615,Indian Reserve,SK,EAGLES LAKE I.R. 165C,f0c7abc7bbe211d892e2080020a0f4c9,EAGLES LAKE,165C
10111,Indian Reserve,MB,NORWAY HOUSE CREE NATION ASIHKWINANIHK INDIAN RESERVE,8ddca4ef630a406cb793d0ca18d34ddf,NORWAY HOUSE CREE NATION ASIHKWINANIHK,
06255,Indian Reserve,ON,SEINE RIVER INDIAN RESERVE NO. 23B,14c8bc1fba2711d892e2080020a0f4c9,SEINE RIVER,23B
07513,Indian Reserve,BC,BEAR RIVER 3,6c213c64ba3511d892e2080020a0f4c9,BEAR RIVER,3
09304,Indian Reserve,SK,PISĪWĪMINĪWĀTIM INDIAN RESERVE NO. 207,f90113f5bbe211d892e2080020a0f4c9,PISIWIMINIWATIM,207
06762,Indian Reserve,BC,AGWEDIN 3,e49eb9b3ba3511d892e2080020a0f4c9,AGWEDIN,3
09721,Indian Reserve,SK,KISTAPINAN I.R. 211,6c9ebc40849c20c375d9c6fbaa415aff,KISTAPINAN,211
07939,Indian Reserve,BC,SECHELT BAND LANDS (HUNAECHIN) NO 11,0b912ab8d05511d892e2080020a0f4c9,SECHELT BAND LANDS (HUNAECHIN),11
09848,Indian Reserve,MB,NORWAY HOUSE INDIAN RESERVE NO. 17C-44,e567bb2eb978428fb52199865cae961b,NORWAY HOUSE INDIAN RESERVE NO. 17C-44,
09365,Indian Reserve,SK,OCHAPOWACE I.R. 71-65,6c9ebc00849c20c370f9aa07d6d69218,OCHAPOWACE I.R. 71-65,
09954,Indian Reserve,SK,CARRY THE KETTLE NAKODA FIRST NATION NO. 76-41,ec6fe4e16d8547968e32318c6aa49abe,CARRY THE KETTLE NAKODA FIRST NATION NO. 76-41,
09477,Indian Reserve,SK,SAULTEAUX I.R. 159AA,6c9ebc16849c20c3d0d5e8feef1f6019,SAULTEAUX,159AA
07407,Indian Reserve,BC,PENTICTON 2,1031bcf7ca0211d892e2080020a0f4c9,PENTICTON,2
09068,Indian Reserve,AB,WOODLAND CREE 227,07b28659bbe311d892e2080020a0f4c9,WOODLAND CREE,227
09429,Indian Reserve,SK,SWEETGRASS I.R. 113-S6,6c9ebc0c849c20c3d2b633c82df95af8,SWEETGRASS I.R. 113-S6,
08136,Indian Reserve,BC,FOUNTAIN 12,778e58d6ba3511d892e2080020a0f4c9,FOUNTAIN,12
09064,Indian Reserve,MB,PEGUIS 1D,ee62444abbe211d892e2080020a0f4c9,PEGUIS,1D
06754,Indian Reserve,BC,JEAN BAPTISTE 28,e74c74a9ba3511d892e2080020a0f4c9,JEAN BAPTISTE,28
07343,Indian Reserve,BC,NOHOMEEN 23,35cce45fba3611d892e2080020a0f4c9,NOHOMEEN,23
07360,Indian Reserve,BC,SISKA FLAT 5A,3ca3398bba3611d892e2080020a0f4c9,SISKA FLAT,5A
10042,Indian Reserve,SK,MISTAWASIS INDIAN RESERVE NO. 103L,36892387ec834f09be86500f15c0831d,MISTAWASIS,103L
09936,Indian Reserve,SK,OCHAPOWACE I.R. 71-28,ad0f19d3110a4c05a558e568cff052b7,OCHAPOWACE I.R. 71-28,
09274,Indian Reserve,MB,FEATHER RAPIDS,eee18675bbe211d892e2080020a0f4c9,FEATHER RAPIDS,
06252,Indian Reserve,ON,SABASKONG BAY INDIAN RESERVE NO. 35F,145bc97cba2711d892e2080020a0f4c9,SABASKONG BAY,35F
06562,Indian Reserve,SK,KINISTIN I.R. 91A,f2956720bbe211d892e2080020a0f4c9,KINISTIN,91A
09706,Indian Reserve,SK,NORTHERN LIGHTS I.R. 220,6c9ebc3f849c20c3cf16b88228691139,NORTHERN LIGHTS,220
09638,Indian Reserve,SK,MUSKOWEKWAN I.R. 85-50,6c9ebc34849c20c35e97b5011a4e113d,MUSKOWEKWAN I.R. 85-50,
06177,Indian Reserve,ON,SHEGUIANDAH INDIAN RESERVE NO. 24,ee553f77ba2511d892e2080020a0f4c9,SHEGUIANDAH,24
07021,Indian Reserve,BC,QUAY 4,0eec58b6ba3611d892e2080020a0f4c9,QUAY,4
06200,Indian Reserve,ON,CHRISTIAN ISLAND INDIAN RESERVE NO. 30A,964aebdcba2811d892e2080020a0f4c9,CHRISTIAN ISLAND,30A
08128,Indian Reserve,BC,FOUNTAIN 4,765cb69eba3511d892e2080020a0f4c9,FOUNTAIN,4
10221,Indian Reserve,SK,CARRY THE KETTLE NAKODA FIRST NATION #76-111,d70cbe2e2a4147ec9f081df75ef8d171,CARRY THE KETTLE NAKODA FIRST NATION #76-111,
09339,Indian Reserve,MB,AMIK WACHINK SAKAHIKAN,534a9613fe7f4b30b8603823e73ac922,AMIK WACHINK SAKAHIKAN,
07359,Indian Reserve,BC,ZACHT 5,3c86d7eaba3611d892e2080020a0f4c9,ZACHT,5
06108,Indian Reserve,QC,NUTASHKUAN,c93f9a7dba2311d892e2080020a0f4c9,NUTASHKUAN,
07366,Indian Reserve,BC,SKUPPAH 1,dcebe636ba3511d892e2080020a0f4c9,SKUPPAH,1
06035,Indian Reserve,NS,ANNAPOLIS VALLEY FIRST NATION,b66b9566affd11d892e2080020a0f4c9,ANNAPOLIS VALLEY FIRST NATION,
07544,Indian Reserve,BC,SIX MILE MEADOW 6,4dc55d89ba3611d892e2080020a0f4c9,SIX MILE MEADOW,6
09394,Indian Reserve,SK,KINOOSAO-THOMAS CLARKE I.R. 204,6c9ebc44849c20c3d2e19f818dd8577f,KINOOSAO-THOMAS CLARKE,204
06078,Indian Reserve,ON,OJIBWAY NATION OF SAUGEEN INDIAN RESERVE,7a81bdfbba2c11d892e2080020a0f4c9,OJIBWAY NATION OF SAUGEEN,
09162,Indian Reserve,SK,MUSKOWEKWAN I.R. 85-6,f49296dcbbe211d892e2080020a0f4c9,MUSKOWEKWAN I.R. 85-6,
09829,Indian Reserve,MB,NORWAY HOUSE INDIAN RESERVE NO. 17C-25,f0523dda3938442dab79c27a08105c2e,NORWAY HOUSE INDIAN RESERVE NO. 17C-25,
07812,Indian Reserve,BC,SPANAKNOK 57,497dbeb1ba3511d892e2080020a0f4c9,SPANAKNOK,57
08099,Indian Reserve,BC,QUALARK 4,97e2abe7ba3411d892e2080020a0f4c9,QUALARK,4
07914,Indian Reserve,BC,AUPE 6A,7857ea6fba3511d892e2080020a0f4c9,AUPE,6A
07107,Indian Reserve,BC,AGLAKUMNA 4A,1d205c78ba3611d892e2080020a0f4c9,AGLAKUMNA,4A
07569,Indian Reserve,BC,TEESLEE 15,50535b7bba3611d892e2080020a0f4c9,TEESLEE,15
07017,Indian Reserve,BC,ANN ISLAND 7,0e931522ba3611d892e2080020a0f4c9,ANN ISLAND,7
08017,Indian Reserve,BC,SKLAHHESTEN 5,9402b25eba3411d892e2080020a0f4c9,SKLAHHESTEN,5
07394,Indian Reserve,BC,DUCK LAKE 7,3a0b7897ba3611d892e2080020a0f4c9,DUCK LAKE,7
09327,Indian Reserve,SK,MISTAHI WASAHK I.R. NO. 209,f382d476bbe211d892e2080020a0f4c9,MISTAHI WASAHK,209
06156,Indian Reserve,ON,WHITEFISH LAKE INDIAN RESERVE NO. 6,241e2b3dba2611d892e2080020a0f4c9,WHITEFISH LAKE,6
08479,Indian Reserve,BC,SHAS DZUHL KOH 35,5215f31aba3611d892e2080020a0f4c9,SHAS DZUHL KOH,35
07944,Indian Reserve,BC,SECHELT BAND LANDS (TSOOAHDIE) NO 15,756f0fdfd05511d892e2080020a0f4c9,SECHELT BAND LANDS (TSOOAHDIE),15
07442,Indian Reserve,BC,MURRAY LAKE 4,5aa86cfcba3511d892e2080020a0f4c9,MURRAY LAKE,4
06297,Indian Reserve,ON,LONG LAKE INDIAN RESERVE NO. 58,129e45bcba2811d892e2080020a0f4c9,LONG LAKE,58
07285,Indian Reserve,BC,SCAUCY 5,23e28e58ba3611d892e2080020a0f4c9,SCAUCY,5
08029,Indian Reserve,BC,WHONNOCK 1,8222e418ba3411d892e2080020a0f4c9,WHONNOCK,1
06926,Indian Reserve,BC,AHMITSA 5,fc322f63ba3511d892e2080020a0f4c9,AHMITSA,5
07762,Indian Reserve,BC,KSHAOOM 23,9f6e9682ba3411d892e2080020a0f4c9,KSHAOOM,23
06779,Indian Reserve,BC,KITS-KA-HAWS 6,e63f2350ba3511d892e2080020a0f4c9,KITS-KA-HAWS,6
07851,Indian Reserve,BC,LACKZUSWADDA 9,016312deba3611d892e2080020a0f4c9,LACKZUSWADDA,9
06153,Indian Reserve,ON,CHAPLEAU INDIAN RESERVE NO. 75,6f40a2b5ba2611d892e2080020a0f4c9,CHAPLEAU,75
07190,Indian Reserve,BC,BOULDER CREEK 5,39953722ba3611d892e2080020a0f4c9,BOULDER CREEK,5
06381,Indian Reserve,MB,ROSEAU RAPIDS 2A,ec98a7abbbe211d892e2080020a0f4c9,ROSEAU RAPIDS,2A
10125,Indian Reserve,MB,TU TXANILINI INDIAN RESERVE,869b355f771247858dbf5dca474da87a,TU TXANILINI,
08044,Indian Reserve,BC,SCOWLITZ 1,931f301fba3411d892e2080020a0f4c9,SCOWLITZ,1
06366,Indian Reserve,MB,BUFFALO POINT 36,ea55bd55bbe211d892e2080020a0f4c9,BUFFALO POINT,36
09873,Indian Reserve,MB,CHANNEL ISLAND SAPOTAWEYAK CREE NATION INDIAN RESERVE,89fb77d546ca42eab8890003f8e44470,CHANNEL ISLAND SAPOTAWEYAK CREE NATION,
08303,Indian Reserve,BC,BAEZAEKO RIVER 25,90ff0f1cba3411d892e2080020a0f4c9,BAEZAEKO RIVER,25
06525,Indian Reserve,SK,AMISK LAKE I.R. 184,f0c1df66bbe211d892e2080020a0f4c9,AMISK LAKE,184
10204,Indian Reserve,MB,WUSKWI SIPIHK FIRST NATION WAPISIW SIPIHK RESERVE,19a7497589be46a1aee3b5746617e9df,WUSKWI SIPIHK FIRST NATION WAPISIW SIPIHK,
06271,Indian Reserve,ON,RAT PORTAGE INDIAN RESERVE NO. 38A,ad108000ba2711d892e2080020a0f4c9,RAT PORTAGE,38A
09002,Indian Reserve,SK,OCEAN MAN I.R. 69C,f54963d3bbe211d892e2080020a0f4c9,OCEAN MAN,69C
07696,Indian Reserve,BC,CUMSHEWAS 7,54e1b234ba3511d892e2080020a0f4c9,CUMSHEWAS,7
08036,Indian Reserve,BC,MATSQUI MAIN 2,82c19522ba3411d892e2080020a0f4c9,MATSQUI MAIN,2
10229,Indian Reserve,MB,TOOTINAOWAZIIBEENG TREATY RESERVE NO. 292B,dbb23894d38f457d89138b58b936034a,TOOTINAOWAZIIBEENG TREATY,292B
08020,Indian Reserve,BC,MORTEEN 9,94433dd1ba3411d892e2080020a0f4c9,MORTEEN,9
06033,Indian Reserve,NS,FRANKLIN MANOR INDIAN RESERVE NO. 22 (PART),b6ae1cacaffd11d892e2080020a0f4c9,FRANKLIN MANOR INDIAN RESERVE NO. 22 (PART),
10134,Indian Reserve,MB,BEACH LAKE INDIAN RESERVE,b2f55121ff57498a809ce39b19b462f9,BEACH LAKE,
09370,Indian Reserve,SK,OCHAPOWACE I.R. 71-88,6c9ebc02849c20c3167eb0a003ef0690,OCHAPOWACE I.R. 71-88,
07632,Indian Reserve,BC,MISGATLEE 14,45081f00ba3611d892e2080020a0f4c9,MISGATLEE,14
06831,Indian Reserve,BC,SENANUS ISLAND 10,feab93e4ba3511d892e2080020a0f4c9,SENANUS ISLAND,10
07630,Indian Reserve,BC,TOSEHKA 12,02b3128cba3611d892e2080020a0f4c9,TOSEHKA,12
07657,Indian Reserve,BC,CLASSY CREEK 8,5870a560ba3511d892e2080020a0f4c9,CLASSY CREEK,8
09353,Indian Reserve,SK,OKANESE I.R. 82(R),6c9ebbfe849c20c31891e01ccc5bcbe9,OKANESE I.R. 82(R),
09958,Indian Reserve,SK,MOOSOMIN IR 112K,5eca5c8e05884d44afe6c5814185bf89,MOOSOMIN,112K
09215,Indian Reserve,SK,OCHAPOWACE I.R. 71-14,f623e464bbe211d892e2080020a0f4c9,OCHAPOWACE I.R. 71-14,
07440,Indian Reserve,BC,ALEXIS THOMAS 1A,5a50d71aba3511d892e2080020a0f4c9,ALEXIS THOMAS,1A
07149,Indian Reserve,BC,SOPHE 14,18dd355eba3611d892e2080020a0f4c9,SOPHE,14
09524,Indian Reserve,MB,PONASK LAKE,7e14b288ffb211dda89a080020a0f4c9,PONASK LAKE,
07996,Indian Reserve,BC,MOUNT CURRIE 1,921428adba3411d892e2080020a0f4c9,MOUNT CURRIE,1
09239,Indian Reserve,SK,MUSKOWEKWAN I.R. 85-14,f4da0024bbe211d892e2080020a0f4c9,MUSKOWEKWAN I.R. 85-14,
07559,Indian Reserve,BC,BIHLK'A 6,50d97b6fba3611d892e2080020a0f4c9,BIHLK'A,6
09772,Indian Reserve,BC,MACKENZIE 19,78d38b2e5a6111dd9007080020a0f4c9,MACKENZIE,19
09758,Indian Reserve,MB,NORWAY HOUSE 17D-7,b3bb43a65a5f11dd9007080020a0f4c9,NORWAY HOUSE 17D-7,
07473,Indian Reserve,BC,CANYON LAKE 7,619b4bb2ba3511d892e2080020a0f4c9,CANYON LAKE,7
06666,Indian Reserve,AB,FOX LAKE 162,047b76f5bbe311d892e2080020a0f4c9,FOX LAKE,162
07525,Indian Reserve,BC,NORTH TACLA LAKE 12,6d8427cfba3511d892e2080020a0f4c9,NORTH TACLA LAKE,12
06846,Indian Reserve,BC,CULLITE 3,f667cb29ba3511d892e2080020a0f4c9,CULLITE,3
10047,Indian Reserve,SK,ENGLISH RIVER FIRST NATION SLUSH LAKE RESERVE NO. 192Q,4eaf4942feb844fba13dbe5b48397aea,ENGLISH RIVER FIRST NATION SLUSH LAKE,192Q
06768,Indian Reserve,BC,ANDAK 9,e4b5eb34ba3511d892e2080020a0f4c9,ANDAK,9
09722,Indian Reserve,SK,CARRY THE KETTLE NAKODA I.R. 76-18,6c9ebc40849c20c327dc9aa74eadbdfc,CARRY THE KETTLE NAKODA I.R. 76-18,
07787,Indian Reserve,BC,PRINCE LEBOO ISLAND 32,42655699ba3511d892e2080020a0f4c9,PRINCE LEBOO ISLAND,32
09895,Indian Reserve,SK,MIN-A-HE-QUO-SIS INDIAN RESERVE NO. 116A,a2e20de5f9b649cba28aecbf7cf69f99,MIN-A-HE-QUO-SIS,116A
09383,Indian Reserve,BC,MEDICINE CREEK 12,96464aa1849c20c3f5ee585a1513dbf7,MEDICINE CREEK,12
10026,Indian Reserve,BC,WILLACLOUGH INDIAN RESERVE NO. 6,bd0bedb63dc44503b049e7628be8cef0,WILLACLOUGH,6
07346,Indian Reserve,BC,SKWAYAYNOPE 26,36317292ba3611d892e2080020a0f4c9,SKWAYAYNOPE,26
09557,Indian Reserve,SK,OKANESE I.R. 82(S),6c9ebc24849c20c3c3314282827781a9,OKANESE I.R. 82(S),
07388,Indian Reserve,BC,SADDLE ROCK 9,e06f8ecfba3511d892e2080020a0f4c9,SADDLE ROCK,9
06442,Indian Reserve,MB,SWAN LAKE 65C,ece4a4d4bbe211d892e2080020a0f4c9,SWAN LAKE,65C
07926,Indian Reserve,BC,TATPO-OOSE 10,7cf47c21ba3511d892e2080020a0f4c9,TATPO-OOSE,10
10013,Indian Reserve,SK,MUSKOWEKWAN INDIAN RESERVE NO. 85-69,86d52ba679a346efb23b2a6061c7a7d7,MUSKOWEKWAN INDIAN RESERVE NO. 85-69,
07488,Indian Reserve,BC,ALPHONSE TOMMY 7,62b1017bba3511d892e2080020a0f4c9,ALPHONSE TOMMY,7
07159,Indian Reserve,BC,CHEETSUM'S FARM 1,1fb75b16ba3611d892e2080020a0f4c9,CHEETSUM'S FARM,1
09137,Indian Reserve,BC,TSA XANA 18,5a7f9378ba3611d892e2080020a0f4c9,TSA XANA,18
08039,Indian Reserve,BC,SAMAHQUAM 1,92cace8aba3411d892e2080020a0f4c9,SAMAHQUAM,1
06385,Indian Reserve,MB,THE NARROWS 49,ed0d3b75bbe211d892e2080020a0f4c9,THE NARROWS,49
07912,Indian Reserve,BC,MUSHKIN 5A,782c468dba3511d892e2080020a0f4c9,MUSHKIN,5A
09857,Indian Reserve,SK,MUSKOWEKWAN INDIAN RESERVE NO. 85-46,833c61b28e1d444a896b37c455aa55be,MUSKOWEKWAN INDIAN RESERVE NO. 85-46,
06827,Indian Reserve,BC,COLE BAY 3,f6a151bbba3511d892e2080020a0f4c9,COLE BAY,3
09767,Indian Reserve,MB,PROMINENT RIDGE,d53d2fc85a6011dd9007080020a0f4c9,PROMINENT RIDGE,
08037,Indian Reserve,BC,THREE ISLANDS 3,82cc6a93ba3411d892e2080020a0f4c9,THREE ISLANDS,3
07661,Indian Reserve,BC,STIKINE RIVER 7,020b87e5ba3611d892e2080020a0f4c9,STIKINE RIVER,7
09717,Indian Reserve,SK,CARRY THE KETTLE NAKODA I.R. 76-17,6c9ebc3f849c20c39db8f750debce228,CARRY THE KETTLE NAKODA I.R. 76-17,
09169,Indian Reserve,BC,WALDEN 9,5a258c95ba3611d892e2080020a0f4c9,WALDEN,9
06398,Indian Reserve,MB,BIRDTAIL CREEK 57,ea14477ebbe211d892e2080020a0f4c9,BIRDTAIL CREEK,57
09745,Indian Reserve,SK,CARRY THE KETTLE NAKODA I.R. 76-34,6c9ebc44849c20c3cf672dcc6eb515b0,CARRY THE KETTLE NAKODA I.R. 76-34,
10124,Indian Reserve,MB,THAÍDARÉ INDIAN RESERVE,38cec630e65a4dc6a59ee54d8df74bcc,THAIDARE,
10157,Indian Reserve,MB,WASEKUSCUSIK BAY INDIAN RESERVE,f621f026e5824d6ea2faea25742029fb,WASEKUSCUSIK BAY,
07990,Indian Reserve,BC,KWUM KWUM,43fcc976ba3611d892e2080020a0f4c9,KWUM KWUM,
09588,Indian Reserve,SK,MUSKOWEKWAN I.R. 85-44,6c9ebc2c849c20c35aa850780e92d67b,MUSKOWEKWAN I.R. 85-44,
07282,Indian Reserve,BC,KOPCHITCHIN 2,23ab2aa5ba3611d892e2080020a0f4c9,KOPCHITCHIN,2
09063,Indian Reserve,SK,WILLOW CREE INDIAN RESERVE,ff2a614dbbe211d892e2080020a0f4c9,WILLOW CREE,
07520,Indian Reserve,BC,NORTH TACLA LAKE 8,6cc2ac8aba3511d892e2080020a0f4c9,NORTH TACLA LAKE,8
06390,Indian Reserve,MB,CROSS LAKE 19C,ed687adebbe211d892e2080020a0f4c9,CROSS LAKE,19C
08019,Indian Reserve,BC,SKLAHHESTEN 5B,942ad3d0ba3411d892e2080020a0f4c9,SKLAHHESTEN,5B
09920,Indian Reserve,MB,HAWKINS INDIAN RESERVE,a5f3a3c834bd49368e01da2d7b3caeed,HAWKINS,
08098,Indian Reserve,BC,FOUR AND ONE HALF MILE 2,9792b724ba3411d892e2080020a0f4c9,FOUR AND ONE HALF MILE,2
09242,Indian Reserve,SK,MUSKOWEKWAN I.R. 85-17,f4ebda77bbe211d892e2080020a0f4c9,MUSKOWEKWAN I.R. 85-17,
07876,Indian Reserve,BC,NEEKAS 4,7103157bba3511d892e2080020a0f4c9,NEEKAS,4
09328,Indian Reserve,SK,SWEETGRASS I.R. 113-P2,fdf7fbbfbbe211d892e2080020a0f4c9,SWEETGRASS I.R. 113-P2,
08273,Indian Reserve,BC,DRAGON LAKE 3,d63cc72eba3511d892e2080020a0f4c9,DRAGON LAKE,3
06691,Indian Reserve,AB,WABASCA 166,04a6096bbbe311d892e2080020a0f4c9,WABASCA,166
09294,Indian Reserve,SK,OCHAPOWACE I.R. 71-39,f6f95ce5bbe211d892e2080020a0f4c9,OCHAPOWACE I.R. 71-39,
07933,Indian Reserve,BC,SECHELT BAND LANDS (KLAYEKWIM) NO 6,0c121a93d05511d892e2080020a0f4c9,SECHELT BAND LANDS (KLAYEKWIM),6
07511,Indian Reserve,BC,TSAYTUT ISLAND 1C,6be48182ba3511d892e2080020a0f4c9,TSAYTUT ISLAND,1C
07365,Indian Reserve,BC,SISKA FLAT 8,3d30faa0ba3611d892e2080020a0f4c9,SISKA FLAT,8
09765,Indian Reserve,MB,ESKER RIDGE A,af66c1365a6011dd9007080020a0f4c9,ESKER RIDGE A,
10000,Indian Reserve,SK,ENGLISH RIVER FIRST NATION CABLE BAY CREE LAKE INDIAN RESERVE NO. 192N,585a8224e41444758f1abd64f0b55735,ENGLISH RIVER FIRST NATION CABLE BAY CREE LAKE,192N
08265,Indian Reserve,BC,GARDEN 2A,8069a5c7ba3511d892e2080020a0f4c9,GARDEN,2A
08116,Indian Reserve,BC,BRIDGE RIVER 2,736bd826ba3511d892e2080020a0f4c9,BRIDGE RIVER,2
09419,Indian Reserve,SK,THUNDERCHILD FIRST NATION IR 115H,6c9ebc0a849c20c332b7fda67ea46534,THUNDERCHILD FIRST NATION,115H
09893,Indian Reserve,SK,CARRY THE KETTLE NAKODA FIRST NATION NO. 76-9,4cd1423ef0d142418e11a3f166b529eb,CARRY THE KETTLE NAKODA FIRST NATION NO. 76-9,
09533,Indian Reserve,SK,MANAWANSTAWAYAK INDIAN RESERVE NO. 230,6c9ebc20849c20c3b1e1f046260518dc,MANAWANSTAWAYAK,230
07483,Indian Reserve,BC,WAR LAKE 4,661c4013ba3511d892e2080020a0f4c9,WAR LAKE,4
06286,Indian Reserve,MB,SHOAL LAKE INDIAN RESERVE NO. 39,884762bbba2711d892e2080020a0f4c9,SHOAL LAKE,39
09576,Indian Reserve,SK,OCHAPOWACE I.R. 71-98,6c9ebc2a849c20c349e9da3982f3a74b,OCHAPOWACE I.R. 71-98,
09123,Indian Reserve,BC,DEASE RIVER 2 (DEASE),96464aa9849c20c3d5ffe93f85d2d02d,DEASE RIVER 2 (DEASE),
06283,Indian Reserve,ON,WHITEFISH BAY INDIAN RESERVE NO. 34A,6817a3b8ba2711d892e2080020a0f4c9,WHITEFISH BAY,34A
09449,Indian Reserve,SK,MOOSOMIN I.R. 112P,6c9ebc10849c20c341ba90f90af6b551,MOOSOMIN,112P
07801,Indian Reserve,BC,KNAMES 45,47324806ba3511d892e2080020a0f4c9,KNAMES,45
06835,Indian Reserve,BC,SATURNA ISLAND 7,004a01b3ba3611d892e2080020a0f4c9,SATURNA ISLAND,7
09506,Indian Reserve,BC,ARCTIC LAKE 10,96464a8b849c20c355cc8750ee10da41,ARCTIC LAKE,10
07557,Indian Reserve,BC,UCAUSLEY 16,50b9be6eba3611d892e2080020a0f4c9,UCAUSLEY,16
09324,Indian Reserve,SK,OCHAPOWACE I.R. 71-71,f80a09aabbe211d892e2080020a0f4c9,OCHAPOWACE I.R. 71-71,
06359,Indian Reserve,MB,CHEMAWAWIN 3,ed8b4523bbe211d892e2080020a0f4c9,CHEMAWAWIN,3
10198,Indian Reserve,SK,CARRY THE KETTLE NAKODA FIRST NATION #76-91,42b75e2a8086477a8f5aa8ed557752e7,CARRY THE KETTLE NAKODA FIRST NATION #76-91,
07862,Indian Reserve,BC,CLATSE 5,6ee95d2dba3511d892e2080020a0f4c9,CLATSE,5
07691,Indian Reserve,BC,SKAIGHA 2,5393ae5fba3511d892e2080020a0f4c9,SKAIGHA,2
07435,Indian Reserve,BC,LOWER KOOTENAY 4,2de51e35ba3611d892e2080020a0f4c9,LOWER KOOTENAY,4
06014,Indian Reserve,NB,FORT FOLLY INDIAN RESERVE NO. 1,e957fc4fbbe211d892e2080020a0f4c9,FORT FOLLY,1
06230,Indian Reserve,ON,BIG ISLAND INDIAN RESERVE NO. 31D,09e62ca6ba2711d892e2080020a0f4c9,BIG ISLAND,31D
09305,Indian Reserve,SK,SAULTEAUX I.R. 159G,f9fdc38ebbe211d892e2080020a0f4c9,SAULTEAUX,159G
10032,Indian Reserve,SK,YELLOW QUILL INDIAN RESERVE NO. 90-10,72825aabf635432ea66e79b7e7a40559,YELLOW QUILL INDIAN RESERVE NO. 90-10,
09872,Indian Reserve,MB,WINNIPEKOSIHK INDIAN RESERVE,3831b43f7d414ed885447521c27f333f,WINNIPEKOSIHK,
07367,Indian Reserve,BC,INKLYUHKINATKO 2,dd053a97ba3511d892e2080020a0f4c9,INKLYUHKINATKO,2
10020,Indian Reserve,SK,PHEASANT RUMP NAKOTA INDIAN RESERVE NO. 68F,72f04e080e21466598382f885ee83a30,PHEASANT RUMP NAKOTA,68F
09927,Indian Reserve,SK,KAHKEWISTAHAW INDIAN RESERVE NO. 72-J,a9a0f44b19be4c5bbca07da2f82f9e93,KAHKEWISTAHAW INDIAN RESERVE NO. 72-J,
06529,Indian Reserve,SK,SANDY NARROWS I.R. 184C,f995d9f7bbe211d892e2080020a0f4c9,SANDY NARROWS,184C
07659,Indian Reserve,BC,TAHLTAN 10,58cd1d42ba3511d892e2080020a0f4c9,TAHLTAN,10
06821,Indian Reserve,BC,NANOOSE,f0163673ba3511d892e2080020a0f4c9,NANOOSE,
07561,Indian Reserve,BC,TES GHA LA 7A,4fde2b79ba3611d892e2080020a0f4c9,TES GHA LA,7A
07102,Indian Reserve,BC,QUAEE 7,1c60dd03ba3611d892e2080020a0f4c9,QUAEE,7
07548,Indian Reserve,BC,STUART LAKE 10,4d7a98e7ba3611d892e2080020a0f4c9,STUART LAKE,10
09538,Indian Reserve,SK,POUNDMAKER INDIAN RESERVE NO. 114-16,6c9ebc20849c20c3ad264f7aa0e97b12,POUNDMAKER INDIAN RESERVE NO. 114-16,
07147,Indian Reserve,BC,OCCOSH 8,18a3fcecba3611d892e2080020a0f4c9,OCCOSH,8
08180,Indian Reserve,BC,TOBY HELENES MEADOW 10,9a312fefba3411d892e2080020a0f4c9,TOBY HELENES MEADOW,10
06405,Indian Reserve,MB,LONG PLAIN 6,ebdcd2a5bbe211d892e2080020a0f4c9,LONG PLAIN,6
09606,Indian Reserve,SK,OCHAPOWACE I.R. 71-91,6c9ebc32849c20c328d5782bda0339e2,OCHAPOWACE I.R. 71-91,
09490,Indian Reserve,BC,WAZULIS 14,96464a9c849c20c34e7d4e11f3c4d503,WAZULIS,14
07216,Indian Reserve,BC,SPATSUM 11A,2715f415ba3611d892e2080020a0f4c9,SPATSUM,11A
09313,Indian Reserve,SK,SAULTEAUX INDIAN RESERVE NO. 159T,fb7ebe4bbbe211d892e2080020a0f4c9,SAULTEAUX,159T
09321,Indian Reserve,SK,OKANESE I.R. 82(K),f885a258bbe211d892e2080020a0f4c9,OKANESE I.R. 82(K),
09997,Indian Reserve,SK,ENGLISH RIVER FIRST NATION LEAF RAPIDS RESERVE NO. 192P,fbd5d047886f4e81b4deb02f67249c65,ENGLISH RIVER FIRST NATION LEAF RAPIDS,192P
09595,Indian Reserve,SK,CARRY THE KETTLE NAKODA I.R. 76-14,6c9ebc2f849c20c3208be16d4d12a742,CARRY THE KETTLE NAKODA I.R. 76-14,
09293,Indian Reserve,SK,OCHAPOWACE I.R. 71-38,f6ec8ba4bbe211d892e2080020a0f4c9,OCHAPOWACE I.R. 71-38,
08321,Indian Reserve,BC,UPPER KLUSKUS LAKE 9,9089b805ba3411d892e2080020a0f4c9,UPPER KLUSKUS LAKE,9
08349,Indian Reserve,BC,BETTY CREEK 18,dc06411dba3511d892e2080020a0f4c9,BETTY CREEK,18
09035,Indian Reserve,SK,SAULTEAUX I.R. 159B,f9ad80a9bbe211d892e2080020a0f4c9,SAULTEAUX,159B
07734,Indian Reserve,BC,DOLPHIN ISLAND 1,0342f681ba3611d892e2080020a0f4c9,DOLPHIN ISLAND,1
07943,Indian Reserve,BC,SECHELT BAND LANDS (PAYKULKUM) NO 14,0b86f187d05511d892e2080020a0f4c9,SECHELT BAND LANDS (PAYKULKUM),14
07674,Indian Reserve,BC,KUNG 11,9e0fc9bbba3411d892e2080020a0f4c9,KUNG,11
10153,Indian Reserve,MB,NORWAY HOUSE CREE NATION BUTTERFLY LAKE B INDIAN RESERVE,b576397c4bda4428bf43b59ca976968f,NORWAY HOUSE CREE NATION BUTTERFLY LAKE B,
07778,Indian Reserve,BC,SPAKELS 17,a0610ce0ba3411d892e2080020a0f4c9,SPAKELS,17
08144,Indian Reserve,BC,PAVILION 1,83981f10ba3411d892e2080020a0f4c9,PAVILION,1
09149,Indian Reserve,SK,OCHAPOWACE I.R. 71-29,f6ae712fbbe211d892e2080020a0f4c9,OCHAPOWACE I.R. 71-29,
08248,Indian Reserve,BC,CANIM LAKE 5,8f3e4d30ba3411d892e2080020a0f4c9,CANIM LAKE,5
09907,Indian Reserve,SK,CARRY THE KETTLE NAKODA FIRST NATION NO. 76-36,48f882faaa014ae7a618d3a61316678d,CARRY THE KETTLE NAKODA FIRST NATION NO. 76-36,
09138,Indian Reserve,AB,BLUE QUILLS FIRST NATION INDIAN RESERVE,07d26a6bbbe311d892e2080020a0f4c9,BLUE QUILLS FIRST NATION,
06411,Indian Reserve,MB,TOOTINAOWAZIIBEENG TREATY RESERVE NO. 292A,ed227127bbe211d892e2080020a0f4c9,TOOTINAOWAZIIBEENG TREATY,292A
09544,Indian Reserve,SK,POUNDMAKER I.R. 114-15,6c9ebc23849c20c3994b3fa1a0852e7b,POUNDMAKER I.R. 114-15,
08107,Indian Reserve,BC,YALE 20,983b7a4eba3411d892e2080020a0f4c9,YALE,20
09523,Indian Reserve,SK,SAULTEAUX FIRST NATION INDIAN RESERVE NO. 159X,6c9ebc1e849c20c388e34b5739a79227,SAULTEAUX FIRST NATION,159X
09890,Indian Reserve,SK,MUSKOWEKWAN INDIAN RESERVE NO. 85-61,bae993490e484170a139e6d025f57755,MUSKOWEKWAN INDIAN RESERVE NO. 85-61,
06430,Indian Reserve,MB,OPASKWAYAK CREE NATION 21I,edf48e4fbbe211d892e2080020a0f4c9,OPASKWAYAK CREE NATION,21I
07904,Indian Reserve,BC,INLAILAWATASH 4,73c765a8ba3511d892e2080020a0f4c9,INLAILAWATASH,4
10104,Indian Reserve,SK,ATIM KA-MIHKOSIT RESERVE,cd191e6162334bb9818fc058e41ce317,ATIM KA-MIHKOSIT,
07807,Indian Reserve,BC,KTAMGAODZEN 51,48857bfcba3511d892e2080020a0f4c9,KTAMGAODZEN,51
09668,Indian Reserve,BC,NGWYU'YEMC 36,2a815d3be32c11dd9193080020a0f4c9,NGWYU'YEMC,36
09778,Indian Reserve,SK,KAHKEWISTAHAW RESERVE NO. 72D,8791841901c111dea89a080020a0f4c9,KAHKEWISTAHAW,72D
07684,Indian Reserve,BC,YASITKUN 21,9ea48fb5ba3411d892e2080020a0f4c9,YASITKUN,21
06842,Indian Reserve,BC,T'SOU-KE 1,588f351cba3611d892e2080020a0f4c9,T'SOU-KE,1
06890,Indian Reserve,BC,WYAH 3,f05a4456ba3511d892e2080020a0f4c9,WYAH,3
06290,Indian Reserve,ON,WABIGOON LAKE INDIAN RESERVE NO. 27,a748daefba2711d892e2080020a0f4c9,WABIGOON LAKE,27
06339,Indian Reserve,ON,DEER LAKE INDIAN RESERVE,9057e90fba2b11d892e2080020a0f4c9,DEER LAKE,
08166,Indian Reserve,BC,LORIN MEADOW 9,99585c10ba3411d892e2080020a0f4c9,LORIN MEADOW,9
09373,Indian Reserve,SK,OCHAPOWACE I.R. 71-96,6c9ebc02849c20c317cce3866af6b6bc,OCHAPOWACE I.R. 71-96,
06338,Indian Reserve,ON,CHIPPEWA ISLAND INDIAN RESERVE,5d90d647ba2c11d892e2080020a0f4c9,CHIPPEWA ISLAND,
09691,Indian Reserve,SK,MUSKOWEKWAN I.R. 85-53,6c9ebc3c849c20c330cd2f2d9b24c03a,MUSKOWEKWAN I.R. 85-53,
06665,Indian Reserve,AB,TALL CREE 173A,0498ea09bbe311d892e2080020a0f4c9,TALL CREE,173A
06476,Indian Reserve,SK,MOOSOMIN I.R. 112A,f3aeed8abbe211d892e2080020a0f4c9,MOOSOMIN,112A
06414,Indian Reserve,MB,CHEMAWAWIN 1,ea6107f6bbe211d892e2080020a0f4c9,CHEMAWAWIN,1
08371,Indian Reserve,BC,QUATSINO SUBDIVISION 18,1af4c9d7ba3611d892e2080020a0f4c9,QUATSINO SUBDIVISION,18
07475,Indian Reserve,BC,FONDEUR 9,61d2d674ba3511d892e2080020a0f4c9,FONDEUR,9
06054,Indian Reserve,NS,CARIBOU MARSH INDIAN RESERVE NO. 29,b675f5a7affd11d892e2080020a0f4c9,CARIBOU MARSH,29
06340,Indian Reserve,ON,NORTH SPIRIT LAKE INDIAN RESERVE,841b20deba2b11d892e2080020a0f4c9,NORTH SPIRIT LAKE,
08422,Indian Reserve,BC,SILVER SALMON LAKE 5,41b57173ba3611d892e2080020a0f4c9,SILVER SALMON LAKE,5
06902,Indian Reserve,BC,WOKITSAS 14,f178fad2ba3511d892e2080020a0f4c9,WOKITSAS,14
09397,Indian Reserve,SK,MUSKOWEKWAN I.R. 85-37,6c9ebc06849c20c300dbfb48b93a43e2,MUSKOWEKWAN I.R. 85-37,
10259,Indian Reserve,AB,PEERLESS MEADOWS INDIAN RESERVE NO. 238C,0bc5ee14e03e466380752773837693e5,PEERLESS MEADOWS,238C
09575,Indian Reserve,SK,OCHAPOWACE I.R. 71-117,6c9ebc2a849c20c362b077a94489474f,OCHAPOWACE I.R. 71-117,
09461,Indian Reserve,SK,MUSKOWEKWAN I.R. 85-41,6c9ebc13849c20c3f2b78d1e9fe8a89d,MUSKOWEKWAN I.R. 85-41,
06423,Indian Reserve,MB,OPASKWAYAK CREE NATION 21A,ee2eb124bbe211d892e2080020a0f4c9,OPASKWAYAK CREE NATION,21A
07739,Indian Reserve,BC,PA-AAT 6,044c2927ba3611d892e2080020a0f4c9,PA-AAT,6
10117,Indian Reserve,SK,KAHKEWISTAHAW INDIAN RESERVE NO 72-W,41eea8a9892947e6b8676a1067144844,KAHKEWISTAHAW INDIAN RESERVE NO 72-W,
06440,Indian Reserve,MB,YORK LANDING,ed8355e2bbe211d892e2080020a0f4c9,YORK LANDING,
07369,Indian Reserve,BC,SKUPPAH 2B,dd37e359ba3511d892e2080020a0f4c9,SKUPPAH,2B
07043,Indian Reserve,BC,TAHSIS 11,1570be44ba3611d892e2080020a0f4c9,TAHSIS,11
09894,Indian Reserve,SK,CARRY THE KETTLE NAKODA FIRST NATION NO. 76-30,fc4f61956d2741e4837d5902b12a1ed1,CARRY THE KETTLE NAKODA FIRST NATION NO. 76-30,
08224,Indian Reserve,BC,LITTLE SPRINGS 18,8c19db98ba3411d892e2080020a0f4c9,LITTLE SPRINGS,18
08462,Indian Reserve,BC,SISUL TL'O K'UT 14,512d8ee2ba3611d892e2080020a0f4c9,SISUL TL'O K'UT,14
09749,Indian Reserve,MB,WAPISU LAKE INDIAN RESERVE,aed2da05210842a89c376b72c36d9880,WAPISU LAKE,
06675,Indian Reserve,AB,CLEAR HILLS 152C,050d2fb6bbe311d892e2080020a0f4c9,CLEAR HILLS,152C
10055,Indian Reserve,SK,CARRY THE KETTLE NAKODA FIRST NATION INDIAN RESERVE NO. 76-23,ad2f0a2d1ed94c559a9a544fa2b8a627,CARRY THE KETTLE NAKODA FIRST NATION INDIAN RESERVE NO. 76-23,
08345,Indian Reserve,BC,ULKATCHO 14A,dba164c9ba3511d892e2080020a0f4c9,ULKATCHO,14A
06463,Indian Reserve,MB,SPLIT LAKE 171B,ecd318a1bbe211d892e2080020a0f4c9,SPLIT LAKE,171B
10171,Indian Reserve,MB,GOD'S LAKE FIRST NATION ADDITION # 1,61f000be9ee94a56a5f9d67d95c74b3e,GOD'S LAKE FIRST NATION ADDITION #,1
07874,Indian Reserve,BC,GRIEF ISLAND 2,70d94659ba3511d892e2080020a0f4c9,GRIEF ISLAND,2
10108,Indian Reserve,SK,KAHKEWISTAHAW INDIAN RESERVE NO. 72-Q,cee9654d87f040ca86c3b5c8a7ac5b17,KAHKEWISTAHAW INDIAN RESERVE NO. 72-Q,
09066,Indian Reserve,MB,PEGUIS 1E,ee69974bbbe211d892e2080020a0f4c9,PEGUIS,1E
07537,Indian Reserve,BC,CORKSCREW CREEK 10,6b4b27adba3511d892e2080020a0f4c9,CORKSCREW CREEK,10
07329,Indian Reserve,BC,TSAUKAN 12,3343ef7eba3611d892e2080020a0f4c9,TSAUKAN,12
08085,Indian Reserve,BC,PETERS 1A,83cbd944ba3411d892e2080020a0f4c9,PETERS,1A
00122,Indian Reserve,BC,SWAN LAKE 4,11b61324ca0211d892e2080020a0f4c9,SWAN LAKE,4
07330,Indian Reserve,BC,CAMERON BAR 13,336d707fba3611d892e2080020a0f4c9,CAMERON BAR,13
09299,Indian Reserve,SK,OCHAPOWACE I.R. 71-56,f7c2a063bbe211d892e2080020a0f4c9,OCHAPOWACE I.R. 71-56,
08478,Indian Reserve,BC,TSE BAY HA TINE A 34,54b50810ba3611d892e2080020a0f4c9,TSE BAY HA TINE A,34
06822,Indian Reserve,BC,TSUSSIE 6,f6e97e4dba3511d892e2080020a0f4c9,TSUSSIE,6
07048,Indian Reserve,BC,MOOYAH 16,15d6d319ba3611d892e2080020a0f4c9,MOOYAH,16
09885,Indian Reserve,SK,KAHKEWISTAHAW INDIAN RESERVE NO. 72F,b5264047d7c2489e9c77b03ece65c6ce,KAHKEWISTAHAW,72F
09308,Indian Reserve,SK,SAULTEAUX I.R. 159K,fa4c31b3bbe211d892e2080020a0f4c9,SAULTEAUX,159K
07192,Indian Reserve,BC,OREGON JACK CREEK 2,3a3a9ee9ba3611d892e2080020a0f4c9,OREGON JACK CREEK,2
06949,Indian Reserve,BC,EAST MOBERLY LAKE 169,69e926a2ba3511d892e2080020a0f4c9,EAST MOBERLY LAKE,169
09178,Indian Reserve,SK,OCHAPOWACE I.R. 71-10,f5e8d730bbe211d892e2080020a0f4c9,OCHAPOWACE I.R. 71-10,
07852,Indian Reserve,BC,GRIBBLE ISLAND 10,018540dfba3611d892e2080020a0f4c9,GRIBBLE ISLAND,10
07791,Indian Reserve,BC,FAR WEST POINT 34,432a2d3cba3511d892e2080020a0f4c9,FAR WEST POINT,34
10004,Indian Reserve,SK,CARRY THE KETTLE NAKODA FIRST NATION NO. 76-49,48aa692e71124ca797079a61d4351cad,CARRY THE KETTLE NAKODA FIRST NATION NO. 76-49,
09986,Indian Reserve,SK,CARRY THE KETTLE NAKODA FIRST NATION 76-56,e1b8a6e2427b4fbbb10d1f8b7b3fa088,CARRY THE KETTLE NAKODA FIRST NATION 76-56,
09541,Indian Reserve,SK,STAR BLANKET I.R. 83K,6c9ebc22849c20c349ffc1ea1f46af87,STAR BLANKET,83K
09971,Indian Reserve,MB,LONG PLAIN MADISON INDIAN RESERVE NO. 1,1398642062404558a4209afd2f15cd9d,LONG PLAIN MADISON,1
10095,Indian Reserve,MB,NITXELI TUWÉ 4 INDIAN RESERVE,6fc6528ce67448b784260cc3b113cd0a,NITXELI TUWE 4,
07529,Indian Reserve,BC,SACKANITECLA 2,6a48abc5ba3511d892e2080020a0f4c9,SACKANITECLA,2
07262,Indian Reserve,BC,TSINTAHKTL 2,21a80791ba3611d892e2080020a0f4c9,TSINTAHKTL,2
07422,Indian Reserve,BC,KOOTENAY 1,e0e1d8a1ba3511d892e2080020a0f4c9,KOOTENAY,1
00178,Indian Reserve,SK,FOND DU LAC I.R. 231,f1bc1e04bbe211d892e2080020a0f4c9,FOND DU LAC,231
09272,Indian Reserve,SK,MUSKEG LAKE I.R. 102E,f40daf62bbe211d892e2080020a0f4c9,MUSKEG LAKE,102E
07620,Indian Reserve,BC,KITAMAAT INDIAN RESERVE NO. 2,4459dd99ba3611d892e2080020a0f4c9,KITAMAAT,2
10103,Indian Reserve,MB,SIOUX VALLEY INDIAN RESERVE NO. 58A,57b3b0531f9c4dd3b265d01f8b9a6399,SIOUX VALLEY,58A
09199,Indian Reserve,SK,MOOSOMIN INDIAN RESERVE NO. 112G,f3e73b9ebbe211d892e2080020a0f4c9,MOOSOMIN,112G
06020,Indian Reserve,NB,INDIAN POINT INDIAN RESERVE NO. 1,e9968bf3bbe211d892e2080020a0f4c9,INDIAN POINT,1
06553,Indian Reserve,SK,THE KEY I.R. 65,fe2d3c91bbe211d892e2080020a0f4c9,THE KEY,65
08392,Indian Reserve,BC,JA WE YAH'S 99,57ba31d7ba3611d892e2080020a0f4c9,JA WE YAH'S,99
07113,Indian Reserve,BC,HANATSA 6,1d9f778eba3611d892e2080020a0f4c9,HANATSA,6
08146,Indian Reserve,BC,LEON CREEK 2,929147f6ba3411d892e2080020a0f4c9,LEON CREEK,2
07909,Indian Reserve,BC,POTATO POINT 3,77e79c6aba3511d892e2080020a0f4c9,POTATO POINT,3
09496,Indian Reserve,SK,OCHAPOWACE I.R. 71-76,6c9ebc1b849c20c3ab1c02996bec118f,OCHAPOWACE I.R. 71-76,
07925,Indian Reserve,BC,AHPOKUM 9,7ce14240ba3511d892e2080020a0f4c9,AHPOKUM,9
09456,Indian Reserve,SK,OKANESE I.R. 82(W),6c9ebc12849c20c35b2688b0c9c0a9f9,OKANESE I.R. 82(W),
09858,Indian Reserve,SK,ONE ARROW INDIAN RESERVE NO. 95-1J,c7f0ed0fca2d4f0da2270f5d8951087c,ONE ARROW INDIAN RESERVE NO. 95-1J,
07197,Indian Reserve,BC,COLDWATER 1,24dca5d1ba3611d892e2080020a0f4c9,COLDWATER,1
09395,Indian Reserve,SK,MUSKOWEKWAN I.R. 85-34,6c9ebc06849c20c3ac645503eb90d9b8,MUSKOWEKWAN I.R. 85-34,
07896,Indian Reserve,BC,ULTHAKOUSH 11,7b5747d4ba3511d892e2080020a0f4c9,ULTHAKOUSH,11
09980,Indian Reserve,SK,FISHING LAKE INDIAN RESERVE NO. 89D1,0879c5a6abe744cda511909a1b71468e,FISHING LAKE INDIAN RESERVE NO. 89D1,
09587,Indian Reserve,SK,MUSKOWEKWAN I.R. 85-39,6c9ebc2c849c20c3e549cff1537004b8,MUSKOWEKWAN I.R. 85-39,
09357,Indian Reserve,MB,WUSKWI SIPIHK FIRST NATION INDIAN RESERVE NO. 1,b246d1b0ffb211dda89a080020a0f4c9,WUSKWI SIPIHK FIRST NATION,1
09654,Indian Reserve,SK,YELLOW QUILL I.R. 90-18,6c9ebc37849c20c3645b2bf291f7ccb7,YELLOW QUILL I.R. 90-18,
10017,Indian Reserve,SK,PHEASANT RUMP NAKOTA INDIAN RESERVE NO. 68C,26536c002bef4762bd8820d301da9333,PHEASANT RUMP NAKOTA,68C
08095,Indian Reserve,BC,AYWAWWIS 15,9724da1cba3411d892e2080020a0f4c9,AYWAWWIS,15
09183,Indian Reserve,SK,SAULTEAUX JUNCTION INDIAN RESERVE NO. 74-6,f97336c4bbe211d892e2080020a0f4c9,SAULTEAUX JUNCTION INDIAN RESERVE NO. 74-6,
06396,Indian Reserve,MB,PINE CREEK 66A,ed6f319fbbe211d892e2080020a0f4c9,PINE CREEK,66A
07228,Indian Reserve,BC,LOGAN'S 6,2eaab82cba3611d892e2080020a0f4c9,LOGAN'S,6
07229,Indian Reserve,BC,HAMILTON CREEK 7,2ec03bfdba3611d892e2080020a0f4c9,HAMILTON CREEK,7
07362,Indian Reserve,BC,HUMHAMPT 6,3cd87a5dba3611d892e2080020a0f4c9,HUMHAMPT,6
08145,Indian Reserve,BC,PAVILION 1A,9273fbf5ba3411d892e2080020a0f4c9,PAVILION,1A
09789,Indian Reserve,MB,RED SUCKER LAKE INDIAN RESERVE NO. 1976 A,a71363fad52e425587945bcb77b62990,RED SUCKER LAKE INDIAN RESERVE NO. 1976 A,
08266,Indian Reserve,BC,LOHBIEE 3,809103e8ba3511d892e2080020a0f4c9,LOHBIEE,3
06595,Indian Reserve,SK,ELAK DASE I.R. 192A,f1135ad0bbe211d892e2080020a0f4c9,ELAK DASE,192A
09286,Indian Reserve,SK,MUSKOWEKWAN I.R. 85-30,f525d63dbbe211d892e2080020a0f4c9,MUSKOWEKWAN I.R. 85-30,
09987,Indian Reserve,SK,CHIEF PHILIP MORIN INDIAN RESERVE NO. 232,b937a825889b4420ba1780bd9f9a158e,CHIEF PHILIP MORIN,232
06677,Indian Reserve,AB,DRIFT PILE RIVER 150,04e423e0bbe311d892e2080020a0f4c9,DRIFT PILE RIVER,150
09763,Indian Reserve,PE,LENNOX ISLAND RESERVE NO. 5,36a07b0b5a6011dd9007080020a0f4c9,LENNOX ISLAND,5
09360,Indian Reserve,SK,MUSKOWEKWAN I.R. 85-29,6c9ebbff849c20c3c9f1961f121b36e4,MUSKOWEKWAN I.R. 85-29,
08086,Indian Reserve,BC,PETERS 2,92b6d159ba3411d892e2080020a0f4c9,PETERS,2
08399,Indian Reserve,BC,WILLOW MEADOW 9,d8fa87b3ba3511d892e2080020a0f4c9,WILLOW MEADOW,9
06608,Indian Reserve,SK,BIG RIVER I.R. 118A,f0b02c23bbe211d892e2080020a0f4c9,BIG RIVER,118A
08197,Indian Reserve,BC,ALEXIS CREEK 27,8a741abdba3411d892e2080020a0f4c9,ALEXIS CREEK,27
07489,Indian Reserve,BC,CASDEDED 8,62c85a0cba3511d892e2080020a0f4c9,CASDEDED,8
06453,Indian Reserve,MB,NELSON HOUSE 170C,ec1bb06bbbe211d892e2080020a0f4c9,NELSON HOUSE,170C
08245,Indian Reserve,BC,CANIM LAKE 2,8f18007dba3411d892e2080020a0f4c9,CANIM LAKE,2
07392,Indian Reserve,BC,HARRIS 3,39de9c35ba3611d892e2080020a0f4c9,HARRIS,3
09240,Indian Reserve,SK,MUSKOWEKWAN I.R. 85-15,f4dfcc85bbe211d892e2080020a0f4c9,MUSKOWEKWAN I.R. 85-15,
09694,Indian Reserve,MB,KAPAWASIHK,4b5ab46fffb211dda89a080020a0f4c9,KAPAWASIHK,
06474,Indian Reserve,MB,CROSS LAKE 19D,ee5a2df9bbe211d892e2080020a0f4c9,CROSS LAKE,19D
07872,Indian Reserve,BC,ISLAND 14A,70a935a7ba3511d892e2080020a0f4c9,ISLAND,14A
09375,Indian Reserve,SK,SAULTEAUX INDIAN RESERVE NO. 159U,6c9ebc03849c20c35a2c63bd0f54c788,SAULTEAUX,159U
08240,Indian Reserve,BC,ANAHIM 15,8ed1cfb8ba3411d892e2080020a0f4c9,ANAHIM,15
09591,Indian Reserve,SK,CARRY THE KETTLE NAKODA I.R. 76-7,6c9ebc2e849c20c313a9534775507e52,CARRY THE KETTLE NAKODA I.R. 76-7,
09243,Indian Reserve,SK,SAULTEAUX I.R. 159F,f9f18e8dbbe211d892e2080020a0f4c9,SAULTEAUX,159F
09492,Indian Reserve,SK,OCHAPOWACE I.R. 71-105,6c9ebc1a849c20c3c45e4ab4a1384ee4,OCHAPOWACE I.R. 71-105,
07302,Indian Reserve,BC,PEGLEG 3A,291a9dc8ba3611d892e2080020a0f4c9,PEGLEG,3A
08172,Indian Reserve,BC,PUNTZI LAKE 2,99d442d8ba3411d892e2080020a0f4c9,PUNTZI LAKE,2
07900,Indian Reserve,BC,KATIT 1,8368838dba3411d892e2080020a0f4c9,KATIT,1
07238,Indian Reserve,BC,SLEETSIS 6,37cdbd82ba3611d892e2080020a0f4c9,SLEETSIS,6
06930,Indian Reserve,BC,OMOAH 9,fd8d79a9ba3511d892e2080020a0f4c9,OMOAH,9
08426,Indian Reserve,BC,MCDAMES CREEK 2,410422ceba3611d892e2080020a0f4c9,MCDAMES CREEK,2
07409,Indian Reserve,BC,VERMILION FORKS 1,e2470dfdba3511d892e2080020a0f4c9,VERMILION FORKS,1
06509,Indian Reserve,SK,GRANDMOTHER'S BAY I.R. 219,efbb6bc7bbe211d892e2080020a0f4c9,GRANDMOTHER'S BAY,219
08382,Indian Reserve,ON,KINGFISHER INDIAN RESERVE NO. 3A,96ff988eba2c11d892e2080020a0f4c9,KINGFISHER,3A
09374,Indian Reserve,SK,SAULTEAUX INDIAN RESERVE NO. 159S,6c9ebc03849c20c3b640edd618d6cd4b,SAULTEAUX,159S
07799,Indian Reserve,BC,KSADAGAMKS 43,46a968f4ba3511d892e2080020a0f4c9,KSADAGAMKS,43
08328,Indian Reserve,BC,KLUSKUS 14,91b7d7d8ba3411d892e2080020a0f4c9,KLUSKUS,14
08162,Indian Reserve,BC,WEBSTER CREEK 5,99155f9cba3411d892e2080020a0f4c9,WEBSTER CREEK,5
06422,Indian Reserve,MB,OPASKWAYAK CREE NATION 21 (STONY POINT),eeb8a1b1bbe211d892e2080020a0f4c9,OPASKWAYAK CREE NATION 21 (STONY POINT),
07253,Indian Reserve,BC,CHAPPERON CREEK 6,e1f0b09aba3511d892e2080020a0f4c9,CHAPPERON CREEK,6
10194,Indian Reserve,SK,STURGEON LAKE INDIAN RESERVE NO. 101E,8257d47edce54743a80531ae7e1fca7f,STURGEON LAKE,101E
09702,Indian Reserve,MB,RED CROSS LAKE EAST,9be265adffb211dda89a080020a0f4c9,RED CROSS LAKE EAST,
06534,Indian Reserve,SK,RED EARTH I.R. 29,f938509ebbe211d892e2080020a0f4c9,RED EARTH,29
09852,Indian Reserve,MB,NAPAHKAPIHSKOW SAKHAHIGAN INDIAN RESERVE,8fbfceb2cf284be8b154147d55eea0d4,NAPAHKAPIHSKOW SAKHAHIGAN,
10138,Indian Reserve,MB,PART WAR LAKE B INDIAN RESERVE,cb913a6233494abbae6e3765d4ddf464,PART WAR LAKE B,
09593,Indian Reserve,SK,CARRY THE KETTLE NAKODA I.R. 76-11,6c9ebc2f849c20c3165094c0c83d9e70,CARRY THE KETTLE NAKODA I.R. 76-11,
10182,Indian Reserve,BC,CAMPBELL RIVER INDIAN RESERVE NO. 13,b85c438ff64e4d7a9d1bf346baf7aae7,CAMPBELL RIVER,13
08313,Indian Reserve,BC,KLUSKUS 1,9017963dba3411d892e2080020a0f4c9,KLUSKUS,1
08427,Indian Reserve,BC,DEASE RIVER 3 (LIARD),406fd20aba3611d892e2080020a0f4c9,DEASE RIVER 3 (LIARD),
09500,Indian Reserve,BC,KERRY LAKE WEST 8,96464a98849c20c32b5fe65ef1191c3a,KERRY LAKE WEST,8
07983,Indian Reserve,BC,YEKWAUPSUM 19,9680aad0ba3411d892e2080020a0f4c9,YEKWAUPSUM,19
06407,Indian Reserve,MB,CANUPAWAKPA DAKOTA FIRST NATION,ee4f3178bbe211d892e2080020a0f4c9,CANUPAWAKPA DAKOTA FIRST NATION,
08077,Indian Reserve,BC,SCHKAM 2,78dcf8f3ba3511d892e2080020a0f4c9,SCHKAM,2
06830,Indian Reserve,BC,MAYNE ISLAND 6,fe9b1923ba3511d892e2080020a0f4c9,MAYNE ISLAND,6
08430,Indian Reserve,BC,BLUE RIVER 1,404566a8ba3611d892e2080020a0f4c9,BLUE RIVER,1
07408,Indian Reserve,BC,RANGE 13,2fd184f7ba3611d892e2080020a0f4c9,RANGE,13
06870,Indian Reserve,BC,KUTCOUS POINT 33,e9b86baeba3511d892e2080020a0f4c9,KUTCOUS POINT,33
09776,Indian Reserve,SK,OKANESE INDIAN RESERVE NO. 82(L),019cce9101dc11dea89a080020a0f4c9,OKANESE INDIAN RESERVE NO. 82(L),
09967,Indian Reserve,SK,KAHKEWISTAHAW INDIAN RESERVE NO. 72K,ac00dcd85e094a05953cc592eecdcef2,KAHKEWISTAHAW,72K
10073,Indian Reserve,SK,CARRY THE KETTLE NAKODA FIRST NATION NO. 76-69,e60cc1e1e9cd46498f67aad1d422fa0f,CARRY THE KETTLE NAKODA FIRST NATION NO. 76-69,
06648,Indian Reserve,AB,PEIGAN TIMBER LIMIT 147B,0109a8afbbe311d892e2080020a0f4c9,PEIGAN TIMBER LIMIT,147B
07526,Indian Reserve,BC,BINTA LAKE 2,556c2312ba3611d892e2080020a0f4c9,BINTA LAKE,2
07311,Indian Reserve,BC,LYTTON 4A,317aa11fba3611d892e2080020a0f4c9,LYTTON,4A
07775,Indian Reserve,BC,WILSKASKAMMEL 14,a02e3d0dba3411d892e2080020a0f4c9,WILSKASKAMMEL,14
06462,Indian Reserve,MB,SPLIT LAKE 171A,ecd8bdf2bbe211d892e2080020a0f4c9,SPLIT LAKE,171A
09391,Indian Reserve,AB,LOON PRAIRIE 237,b3854fd0ffb311dda89a080020a0f4c9,LOON PRAIRIE,237
07066,Indian Reserve,BC,TOH-QUO-EUGH 2,19b48198ba3611d892e2080020a0f4c9,TOH-QUO-EUGH,2
09154,Indian Reserve,SK,OKANESE I.R. 82(B),f84eb3cfbbe211d892e2080020a0f4c9,OKANESE I.R. 82(B),
06770,Indian Reserve,BC,KULDOE 1,e5c33c8cba3511d892e2080020a0f4c9,KULDOE,1
07840,Indian Reserve,BC,LAKGEAS 87,528ac9dcba3511d892e2080020a0f4c9,LAKGEAS,87
07397,Indian Reserve,BC,PENTICTON 1,3ae5d210ba3611d892e2080020a0f4c9,PENTICTON,1
08253,Indian Reserve,BC,SPILMOUSE 4,8f8e41f5ba3411d892e2080020a0f4c9,SPILMOUSE,4
08287,Indian Reserve,BC,ASAHAL LAKE 2,dc325a2fba3511d892e2080020a0f4c9,ASAHAL LAKE,2
09650,Indian Reserve,SK,OCHAPOWACE I.R. 71-120,6c9ebc36849c20c396e7adf62fd0dad7,OCHAPOWACE I.R. 71-120,
07760,Indian Reserve,BC,TUGWELL ISLAND 21,9f4c6880ba3411d892e2080020a0f4c9,TUGWELL ISLAND,21
07741,Indian Reserve,BC,TOOWARTZ 8,0484c559ba3611d892e2080020a0f4c9,TOOWARTZ,8
08374,Indian Reserve,BC,CLINTON 1,4ea0f080ba3611d892e2080020a0f4c9,CLINTON,1
09891,Indian Reserve,SK,MUSKOWEKWAN INDIAN RESERVE NO. 85-65,fcdc90bb1b894db7b6ba22febb155968,MUSKOWEKWAN INDIAN RESERVE NO. 85-65,
07670,Indian Reserve,BC,YAN 7,9de473f7ba3411d892e2080020a0f4c9,YAN,7
09007,Indian Reserve,SK,OCEAN MAN I.R. 69H,f5922ca8bbe211d892e2080020a0f4c9,OCEAN MAN,69H
09766,Indian Reserve,MB,CHEPI LAKE,c0caf6d75a6011dd9007080020a0f4c9,CHEPI LAKE,
07826,Indian Reserve,BC,DZAGAYAP 73,4ed2cbdfba3511d892e2080020a0f4c9,DZAGAYAP,73
09219,Indian Reserve,SK,OCHAPOWACE I.R. 71-18,f64c53f8bbe211d892e2080020a0f4c9,OCHAPOWACE I.R. 71-18,
09182,Indian Reserve,SK,SAKIMAY I.R. 74-1,f95b1ae0bbe211d892e2080020a0f4c9,SAKIMAY I.R. 74-1,
09866,Indian Reserve,SK,KAHKEWISTAHAW INDIAN RESERVE NO. 72H,6da533fe53b74e79b362cafeb4eedfd2,KAHKEWISTAHAW,72H
07059,Indian Reserve,BC,SEMACH 2,191e3501ba3611d892e2080020a0f4c9,SEMACH,2
07956,Indian Reserve,BC,SECHELT BAND LANDS (BARGAIN HARBOUR) NO. 24,0bcf6c3dd05511d892e2080020a0f4c9,SECHELT BAND LANDS (BARGAIN HARBOUR),24
06974,Indian Reserve,BC,KYE-YAA-LA 1,09e4a819ba3611d892e2080020a0f4c9,KYE-YAA-LA,1
10010,Indian Reserve,SK,CARRY THE KETTLE NAKODA FIRST NATION NO. 76-58,5c960bcaad8b4669882e28fbfad14fd4,CARRY THE KETTLE NAKODA FIRST NATION NO. 76-58,
08260,Indian Reserve,BC,DOG CREEK 3,8fecdcbbba3411d892e2080020a0f4c9,DOG CREEK,3
07290,Indian Reserve,BC,BOSTON BAR 10,246727adba3611d892e2080020a0f4c9,BOSTON BAR,10
10096,Indian Reserve,BC,NENAGWAS INDIAN RESERVE NO. 12,5cb6ddc07baa4f28bb02938acf600f66,NENAGWAS,12
09730,Indian Reserve,SK,MCKAY INDIAN RESERVE NO. 209,6c9ebc43849c20c39ec620c53cab01ae,MCKAY,209
08301,Indian Reserve,BC,FISHPOT LAKE 24,90dba89aba3411d892e2080020a0f4c9,FISHPOT LAKE,24
08239,Indian Reserve,BC,ANAHIM 14,8eca0787ba3411d892e2080020a0f4c9,ANAHIM,14
07637,Indian Reserve,BC,KITSELAS 1,06584ce6ba3611d892e2080020a0f4c9,KITSELAS,1
06237,Indian Reserve,ON,LAKE OF THE WOODS INDIAN RESERVE NO. 31H,1218b73eba2711d892e2080020a0f4c9,LAKE OF THE WOODS,31H
06409,Indian Reserve,MB,SIOUX VALLEY DAKOTA NATION,ef263099bbe211d892e2080020a0f4c9,SIOUX VALLEY DAKOTA NATION,
06922,Indian Reserve,BC,NETTLE ISLAND 5,f617fd76ba3511d892e2080020a0f4c9,NETTLE ISLAND,5
08199,Indian Reserve,BC,ALEXIS CREEK 29,8a97f66fba3411d892e2080020a0f4c9,ALEXIS CREEK,29
06792,Indian Reserve,BC,WHALE ISLAND 8,ea93d796ba3511d892e2080020a0f4c9,WHALE ISLAND,8
07784,Indian Reserve,BC,KETAI 28,a0cc78e6ba3411d892e2080020a0f4c9,KETAI,28
06368,Indian Reserve,MB,BERENS RIVER 13,e9f6864dbbe211d892e2080020a0f4c9,BERENS RIVER,13
06086,Indian Reserve,QC,VILLAGE DES HURONS WENDAKE INDIAN RESERVE NO. 7,e9edacacbbe211d892e2080020a0f4c9,VILLAGE DES HURONS WENDAKE,7
08318,Indian Reserve,BC,BISHOP BLUFFS 6,9056c122ba3411d892e2080020a0f4c9,BISHOP BLUFFS,6
06894,Indian Reserve,BC,CARMANAH 6,f0bcafaaba3511d892e2080020a0f4c9,CARMANAH,6
08150,Indian Reserve,BC,PAVILION 4,83a90f02ba3411d892e2080020a0f4c9,PAVILION,4
09226,Indian Reserve,SK,OCHAPOWACE I.R. 71-46,f7600dfcbbe211d892e2080020a0f4c9,OCHAPOWACE I.R. 71-46,
06096,Indian Reserve,QC,DONCASTER INDIAN RESERVE NO. 17,6c6a7f3fba2311d892e2080020a0f4c9,DONCASTER,17
06957,Indian Reserve,BC,BLUEBERRY RIVER NO. 205,59400354ba3511d892e2080020a0f4c9,BLUEBERRY RIVER,205
08027,Indian Reserve,BC,PITT LAKE 4,79810128ba3511d892e2080020a0f4c9,PITT LAKE,4
08442,Indian Reserve,BC,JENNINGS RIVER 8,40b3b8dcba3611d892e2080020a0f4c9,JENNINGS RIVER,8
09254,Indian Reserve,SK,KEESEEKOOSE I.R. 66-ST-02,f2838ccdbbe211d892e2080020a0f4c9,KEESEEKOOSE I.R. 66-ST-02,
08158,Indian Reserve,BC,HAY RANCH 2,98c87818ba3411d892e2080020a0f4c9,HAY RANCH,2
09196,Indian Reserve,SK,OKANESE I.R. 82(E),f8610352bbe211d892e2080020a0f4c9,OKANESE I.R. 82(E),
09457,Indian Reserve,SK,OKANESE I.R. 82(V),6c9ebc12849c20c328b6f3079ae54f6d,OKANESE I.R. 82(V),
08291,Indian Reserve,BC,CHIMNEY CREEK 5,dc98e433ba3511d892e2080020a0f4c9,CHIMNEY CREEK,5
08127,Indian Reserve,BC,FOUNTAIN 3A,7635587dba3511d892e2080020a0f4c9,FOUNTAIN,3A
09693,Indian Reserve,MB,ROLLING RIVER FIRST NATION 67B,c336e8c3ffb211dda89a080020a0f4c9,ROLLING RIVER FIRST NATION,67B
07018,Indian Reserve,BC,KUNSTAMIS 2,0ea51683ba3611d892e2080020a0f4c9,KUNSTAMIS,2
06203,Indian Reserve,ON,SHAWANAGA INDIAN RESERVE NO. 17B,e6611d76ba2511d892e2080020a0f4c9,SHAWANAGA,17B
07635,Indian Reserve,BC,KEMANO 17,0308fabfba3611d892e2080020a0f4c9,KEMANO,17
10146,Indian Reserve,MB,NORWAY HOUSE CREE NATION PROVINCIAL ROAD 373B INDIAN RESERVE,ec7e338eda3947cfb658377ea434c18a,NORWAY HOUSE CREE NATION PROVINCIAL ROAD 373B,
09809,Indian Reserve,MB,NORWAY HOUSE INDIAN RESERVE NO. 17C-5,929f0b5386a84d4fbf0196bd92e8e02d,NORWAY HOUSE INDIAN RESERVE NO. 17C-5,
09402,Indian Reserve,SK,POUNDMAKER I.R. 114-6C2,6c9ebc07849c20c3fcb21dc510ddeed5,POUNDMAKER I.R. 114-6C2,
07239,Indian Reserve,BC,SHOSKHOST 7,37ecde43ba3611d892e2080020a0f4c9,SHOSKHOST,7
07269,Indian Reserve,BC,INKAHTSAPH 6,2255d3c8ba3611d892e2080020a0f4c9,INKAHTSAPH,6
09354,Indian Reserve,SK,KEESEEKOOSE I.R. KK NO. 66-ST-04,6c9ebbfe849c20c31353b4e866297240,KEESEEKOOSE I.R. KK NO. 66-ST-04,
07669,Indian Reserve,BC,AIN 6,9ddc0f86ba3411d892e2080020a0f4c9,AIN,6
10030,Indian Reserve,SK,CARRY THE KETTLE NAKODA FIRST NATION NO. 76-60,f178bba66ada45dc98ebbffa9a256b55,CARRY THE KETTLE NAKODA FIRST NATION NO. 76-60,
08011,Indian Reserve,BC,LELACHEN 6,7524abc3ba3511d892e2080020a0f4c9,LELACHEN,6
09065,Indian Reserve,SK,MISTIK I.R.,f3932828bbe211d892e2080020a0f4c9,MISTIK,
07267,Indian Reserve,BC,BOOTHROYD 5B,2221a466ba3611d892e2080020a0f4c9,BOOTHROYD,5B
08160,Indian Reserve,BC,ALEXANDRIA 3A,98eb425aba3411d892e2080020a0f4c9,ALEXANDRIA,3A
07331,Indian Reserve,BC,LYTTON 13A,339f7d00ba3611d892e2080020a0f4c9,LYTTON,13A
09232,Indian Reserve,SK,OCHAPOWACE I.R. 71-59,f7d7d615bbe211d892e2080020a0f4c9,OCHAPOWACE I.R. 71-59,
09634,Indian Reserve,MB,CHATAWAY LAKE/KNIFE LAKE,45f9e77effb211dda89a080020a0f4c9,CHATAWAY LAKE/KNIFE LAKE,
06186,Indian Reserve,ON,SAGAMOK INDIAN RESERVE,a0689ca1ba2b11d892e2080020a0f4c9,SAGAMOK,
07858,Indian Reserve,BC,TCIMOTF 1A,6e820fd9ba3511d892e2080020a0f4c9,TCIMOTF,1A
08315,Indian Reserve,BC,SUNDAYMAN'S MEADOW 3,9027269fba3411d892e2080020a0f4c9,SUNDAYMAN'S MEADOW,3
06395,Indian Reserve,MB,WATERHEN 45,ed288ba8bbe211d892e2080020a0f4c9,WATERHEN,45
07082,Indian Reserve,BC,OKE 10,0905e0d0ba3611d892e2080020a0f4c9,OKE,10
07391,Indian Reserve,BC,OTTER LAKE 2,39b9d624ba3611d892e2080020a0f4c9,OTTER LAKE,2
09279,Indian Reserve,SK,SAULTEAUX INDIAN RESERVE NO. 159Q,fb3de4b9bbe211d892e2080020a0f4c9,SAULTEAUX,159Q
07531,Indian Reserve,BC,OLD COUNTRY MEADOW 4,6a8dcb17ba3511d892e2080020a0f4c9,OLD COUNTRY MEADOW,4
06746,Indian Reserve,AB,CORNWALL LAKE 224,0713872fbbe311d892e2080020a0f4c9,CORNWALL LAKE,224
09407,Indian Reserve,SK,OKANESE I.R. 82(M),f8a2c749bbe211d892e2080020a0f4c9,OKANESE I.R. 82(M),
06456,Indian Reserve,MB,PUKATAWAGAN 198,ec801697bbe211d892e2080020a0f4c9,PUKATAWAGAN,198
07830,Indian Reserve,BC,PSACELAY 77,4f6bd692ba3511d892e2080020a0f4c9,PSACELAY,77
09236,Indian Reserve,SK,KEESEEKOOSE I.R. 66-KE-02,f248a6a7bbe211d892e2080020a0f4c9,KEESEEKOOSE I.R. 66-KE-02,
07260,Indian Reserve,BC,NOOAITCH 10,3913ab0dba3611d892e2080020a0f4c9,NOOAITCH,10
09883,Indian Reserve,SK,MUSKOWEKWAN INDIAN RESERVE NO. 85-62,aaf9a40a531d420288388b43f8806aa7,MUSKOWEKWAN INDIAN RESERVE NO. 85-62,
08108,Indian Reserve,BC,YALE 21,98431b6fba3411d892e2080020a0f4c9,YALE,21
07058,Indian Reserve,BC,HOPE ISLAND 1,19092660ba3611d892e2080020a0f4c9,HOPE ISLAND,1
09784,Indian Reserve,SK,MUSKOWEKWAN INDIAN RESERVE NO. 85-51,5b34cab350f04921ad380cc79868ab50,MUSKOWEKWAN INDIAN RESERVE NO. 85-51,
09180,Indian Reserve,SK,OCHAPOWACE I.R. 71-12,f61146c2bbe211d892e2080020a0f4c9,OCHAPOWACE I.R. 71-12,
09337,Indian Reserve,SK,MUSKEG LAKE I.R. 102G,6c9ebbfc849c20c397220cfaa5df346a,MUSKEG LAKE,102G
09159,Indian Reserve,SK,SWEETGRASS I.R. 113-C19,fdd4bc4dbbe211d892e2080020a0f4c9,SWEETGRASS I.R. 113-C19,
08264,Indian Reserve,BC,GARDEN 2,80326926ba3511d892e2080020a0f4c9,GARDEN,2
07231,Indian Reserve,BC,ZOHT 14,2eeec60fba3611d892e2080020a0f4c9,ZOHT,14
06772,Indian Reserve,BC,GITSEGUKLA 1,4adbaafdba3611d892e2080020a0f4c9,GITSEGUKLA,1
09618,Indian Reserve,SK,FLYING DUST FIRST NATION INDIAN RESERVE NO. 105D,6c9ebc33849c20c335ead948df47204b,FLYING DUST FIRST NATION,105D
09952,Indian Reserve,SK,YELLOW QUILL INDIAN RESERVE NO. 90-9,7c47c0cfbd314e65adf4f2dcef4f0ef3,YELLOW QUILL INDIAN RESERVE NO. 90-9,
06493,Indian Reserve,SK,THUNDERCHILD FIRST NATION 115C,fe6f2794bbe211d892e2080020a0f4c9,THUNDERCHILD FIRST NATION,115C
09483,Indian Reserve,SK,MUSKWAMINIWATIM I.R. 225,6c9ebc17849c20c310e7bbf338393050,MUSKWAMINIWATIM,225
09083,Indian Reserve,SK,MUSKOWEKWAN I.R. 85A,f5316effbbe211d892e2080020a0f4c9,MUSKOWEKWAN,85A
08259,Indian Reserve,BC,DOG CREEK 2,8fd1175aba3411d892e2080020a0f4c9,DOG CREEK,2
09830,Indian Reserve,MB,NORWAY HOUSE INDIAN RESERVE NO. 17C-26,0fd53cdcfada435599ac85fc673900a0,NORWAY HOUSE INDIAN RESERVE NO. 17C-26,
08263,Indian Reserve,BC,CHILCO LAKE 1A,7fec1155ba3511d892e2080020a0f4c9,CHILCO LAKE,1A
09244,Indian Reserve,SK,SAULTEAUX I.R. 159H,fa090e2fbbe211d892e2080020a0f4c9,SAULTEAUX,159H
07279,Indian Reserve,BC,BOOTHROYD 13,2367e012ba3611d892e2080020a0f4c9,BOOTHROYD,13
07434,Indian Reserve,BC,LOWER KOOTENAY 3,2dcdc5a4ba3611d892e2080020a0f4c9,LOWER KOOTENAY,3
07069,Indian Reserve,BC,CAYILTH 5,19f3866bba3611d892e2080020a0f4c9,CAYILTH,5
08470,Indian Reserve,BC,O K'AY WHA CHO 26,58ce60feba3611d892e2080020a0f4c9,O K'AY WHA CHO,26
06170,Indian Reserve,ON,HENVEY INLET INDIAN RESERVE NO. 2,97c6963aba2511d892e2080020a0f4c9,HENVEY INLET,2
09084,Indian Reserve,SK,STAR BLANKET I.R. 83B,fcd94543bbe211d892e2080020a0f4c9,STAR BLANKET,83B
06978,Indian Reserve,BC,GWAYASDUMS 1,0a453eadba3611d892e2080020a0f4c9,GWAYASDUMS,1
10041,Indian Reserve,SK,MUSKOWEKWAN RESERVE NO. 85-74,18a780077a224ec1b2949b389e133394,MUSKOWEKWAN RESERVE NO. 85-74,
08281,Indian Reserve,BC,STONE 4,d75b0876ba3511d892e2080020a0f4c9,STONE,4
09389,Indian Reserve,AB,LOON LAKE 235,c55bf652ffb311dda89a080020a0f4c9,LOON LAKE,235
06775,Indian Reserve,BC,GITWANGAK 1,45f8c092ba3611d892e2080020a0f4c9,GITWANGAK,1
07564,Indian Reserve,BC,YE KOOS LEE 11,4ebba471ba3611d892e2080020a0f4c9,YE KOOS LEE,11
07842,Indian Reserve,BC,KITKAHTA 1,00a82747ba3611d892e2080020a0f4c9,KITKAHTA,1
09738,Indian Reserve,MB,PETER BURTON'S/SHORTY RAPIDS,90896dcbffb211dda89a080020a0f4c9,PETER BURTON'S/SHORTY RAPIDS,
07809,Indian Reserve,BC,ENSHESHESE 53,48d0409eba3511d892e2080020a0f4c9,ENSHESHESE,53
06280,Indian Reserve,MB,NORTHWEST ANGLE INDIAN RESERVE NO. 37C,ec352bdfbbe211d892e2080020a0f4c9,NORTHWEST ANGLE,37C
06431,Indian Reserve,MB,OPASKWAYAK CREE NATION 21J,ede795fdbbe211d892e2080020a0f4c9,OPASKWAYAK CREE NATION,21J
07647,Indian Reserve,BC,DALK-KA-GILA-QUOEUX 2,07713700ba3611d892e2080020a0f4c9,DALK-KA-GILA-QUOEUX,2
06319,Indian Reserve,ON,BEARSKIN LAKE INDIAN RESERVE,cd3f1033ba2811d892e2080020a0f4c9,BEARSKIN LAKE,
06378,Indian Reserve,MB,DOG CREEK 46,eacff66fbbe211d892e2080020a0f4c9,DOG CREEK,46
10022,Indian Reserve,SK,CARRY THE KETTLE NAKODA FIRST NATION NO. 76-53,119af6b94aca4c51ba73403862a186c1,CARRY THE KETTLE NAKODA FIRST NATION NO. 76-53,
09534,Indian Reserve,BC,TLAA GAA AAWTLAAS 28,96464a48849c20c3edd7140d3137450d,TLAA GAA AAWTLAAS,28
07515,Indian Reserve,BC,TSUPMEET 5,6c5cbec6ba3511d892e2080020a0f4c9,TSUPMEET,5
09826,Indian Reserve,MB,NORWAY HOUSE INDIAN RESERVE NO. 17C-22,ebebd1ccd8104970a8074962f4799bd1,NORWAY HOUSE INDIAN RESERVE NO. 17C-22,
10115,Indian Reserve,MB,NORWAY HOUSE CREE NATION MINAHIGOK SAKAHIGAN INDIAN RESERVE,7c5db59fa392413faa43ce837a7e30fd,NORWAY HOUSE CREE NATION MINAHIGOK SAKAHIGAN,
09571,Indian Reserve,SK,OCHAPOWACE I.R. 71-1,6c9ebc28849c20c385d0bae73cd246ea,OCHAPOWACE I.R. 71-1,
09673,Indian Reserve,SK,SAULTEAUX FIRST NATION INDIAN RESERVE NO. 159HH,6c9ebc3a849c20c32fe84fb9b56a3663,SAULTEAUX FIRST NATION,159HH
06539,Indian Reserve,SK,CHICKEN I.R. 225,effae5cdbbe211d892e2080020a0f4c9,CHICKEN,225
10114,Indian Reserve,MB,NORWAY HOUSE CREE NATION OKOWI SIKUHIGAN INDIAN RESERVE,891fcfcb264841169786170f53cdb68a,NORWAY HOUSE CREE NATION OKOWI SIKUHIGAN,
09283,Indian Reserve,SK,KEESEEKOOSE I.R. 66-KE-03,6c9ebbfa849c20c359ac2dae92e95fdf,KEESEEKOOSE I.R. 66-KE-03,
06416,Indian Reserve,MB,MOOSE LAKE 31G,ebf340d8bbe211d892e2080020a0f4c9,MOOSE LAKE,31G
08186,Indian Reserve,BC,ALEXIS CREEK 16,89d801c2ba3411d892e2080020a0f4c9,ALEXIS CREEK,16
06983,Indian Reserve,BC,KYIMLA 11,0acbfae2ba3611d892e2080020a0f4c9,KYIMLA,11
07743,Indian Reserve,BC,KITLAWAOO 10,04b17aabba3611d892e2080020a0f4c9,KITLAWAOO,10
10255,Indian Reserve,MB,WUSKWI SIPIHK FIRST NATION KINOSAO OTENAK RESERVE,7fcbc3d916cc47c98cf4b0ccae9e5a84,WUSKWI SIPIHK FIRST NATION KINOSAO OTENAK,
07065,Indian Reserve,BC,QUATTISHE 1,199f72f7ba3611d892e2080020a0f4c9,QUATTISHE,1
09625,Indian Reserve,MB,WUSKWI SIPIHK 3F,c6be300dffb111dda89a080020a0f4c9,WUSKWI SIPIHK,3F
09505,Indian Reserve,BC,TACHEEDA LAKE 14,96464a8d849c20c3f66ae8100a286c22,TACHEEDA LAKE,14
09723,Indian Reserve,SK,CARRY THE KETTLE NAKODA I.R. 76-19,6c9ebc40849c20c339a2abb8b8ec609c,CARRY THE KETTLE NAKODA I.R. 76-19,
07750,Indian Reserve,BC,KEYARKA 17,05f67dd2ba3611d892e2080020a0f4c9,KEYARKA,17
09545,Indian Reserve,SK,POUNDMAKER I.R. 114-15C,6c9ebc23849c20c36ef42a3168a2491d,POUNDMAKER I.R. 114-15C,
09284,Indian Reserve,SK,MUSKOWEKWAN I.R. 85-25,f4fd8dbabbe211d892e2080020a0f4c9,MUSKOWEKWAN I.R. 85-25,
09234,Indian Reserve,SK,KEESEEKOOSE I.R. 66-SA-02,f27cfd1cbbe211d892e2080020a0f4c9,KEESEEKOOSE I.R. 66-SA-02,
08344,Indian Reserve,BC,LOUIS SQUINAS RANCH 14,db83f1b8ba3511d892e2080020a0f4c9,LOUIS SQUINAS RANCH,14
07833,Indian Reserve,BC,ALASTAIR 80,50131315ba3511d892e2080020a0f4c9,ALASTAIR,80
10039,Indian Reserve,SK,MUSKOWEKWAN RESERVE NO. 85-71,433200e5b5ba475f96a7f21633c1907d,MUSKOWEKWAN RESERVE NO. 85-71,
07752,Indian Reserve,BC,KITSEMENLAGAN 19,06252ef4ba3611d892e2080020a0f4c9,KITSEMENLAGAN,19
06643,Indian Reserve,AB,STONEY 142B,009ed8eabbe311d892e2080020a0f4c9,STONEY,142B
09450,Indian Reserve,SK,POUNDMAKER I.R. 114-9,6c9ebc10849c20c3d562aadbfb5d94dd,POUNDMAKER I.R. 114-9,
06771,Indian Reserve,BC,ANDIMAUL 1,e5e73f4dba3511d892e2080020a0f4c9,ANDIMAUL,1
07104,Indian Reserve,BC,AGLAKUMNA-LA 2,1cb45435ba3611d892e2080020a0f4c9,AGLAKUMNA-LA,2
06091,Indian Reserve,QC,KATASKOMIQ,659cdbdeba2311d892e2080020a0f4c9,KATASKOMIQ,
09400,Indian Reserve,SK,POUNDMAKER I.R. 114-6B2,6c9ebc07849c20c32187dc7c64496a09,POUNDMAKER I.R. 114-6B2,
07521,Indian Reserve,BC,TACLA LAKE 9,6cf41ccbba3511d892e2080020a0f4c9,TACLA LAKE,9
06363,Indian Reserve,MB,HOLE OR HOLLOW WATER NO. 10,eb61881cbbe211d892e2080020a0f4c9,HOLE OR HOLLOW WATER,10
07195,Indian Reserve,BC,UPPER NEPA 6,3a7bc69cba3611d892e2080020a0f4c9,UPPER NEPA,6
10164,Indian Reserve,MB,PUTAHOW LAKE SITE F INDIAN RESERVE,a21a04dec7774071b6a72429eedf4c4a,PUTAHOW LAKE SITE F,
07057,Indian Reserve,BC,KULDEKDUMA 7,171c7282ba3611d892e2080020a0f4c9,KULDEKDUMA,7
08254,Indian Reserve,BC,FISH LAKE 5,8f96a666ba3411d892e2080020a0f4c9,FISH LAKE,5
10203,Indian Reserve,MB,WUSKWI SIPIHK FIRST NATION MISTASINI KEEWATINOHK RESERVE,feff114a20da430982e1e398cbb122d4,WUSKWI SIPIHK FIRST NATION MISTASINI KEEWATINOHK,
07361,Indian Reserve,BC,SISKA FLAT 5B,3cba921cba3611d892e2080020a0f4c9,SISKA FLAT,5B
09442,Indian Reserve,SK,SWEETGRASS I.R. 113-I4,6c9ebc0f849c20c327eda03f8221e742,SWEETGRASS I.R. 113-I4,
06604,Indian Reserve,SK,CHURCHILL LAKE I.R. 193A,f0bb9dd5bbe211d892e2080020a0f4c9,CHURCHILL LAKE,193A
08279,Indian Reserve,BC,SADDLE HORSE 2,d706f504ba3511d892e2080020a0f4c9,SADDLE HORSE,2
06602,Indian Reserve,SK,CLEARWATER RIVER DENE BAND NO. 223,f173070cbbe211d892e2080020a0f4c9,CLEARWATER RIVER DENE BAND,223
06009,Indian Reserve,NB,ST. BASILE INDIAN RESERVE NO. 10,e913a048bbe211d892e2080020a0f4c9,ST. BASILE,10
06759,Indian Reserve,BC,KISGEGAS,e429147fba3511d892e2080020a0f4c9,KISGEGAS,
08003,Indian Reserve,BC,MOUNT CURRIE 8,92443961ba3411d892e2080020a0f4c9,MOUNT CURRIE,8
09568,Indian Reserve,SK,OCHAPOWACE I.R. 71-79,6c9ebc27849c20c3f9562a261e0ef9f9,OCHAPOWACE I.R. 71-79,
09344,Indian Reserve,AB,BEAVER RANCH 163B,8a12809bffb311dda89a080020a0f4c9,BEAVER RANCH,163B
06024,Indian Reserve,NB,ST. MARY'S INDIAN RESERVE NO. 24,e9bf97c7bbe211d892e2080020a0f4c9,ST. MARY'S,24
10012,Indian Reserve,SK,MISTAWASIS INDIAN RESERVE NO. 103E,17929eb244e74bcd970e626b59335221,MISTAWASIS,103E
07243,Indian Reserve,BC,ENHALT 11,3873e897ba3611d892e2080020a0f4c9,ENHALT,11
06063,Indian Reserve,NS,TRURO INDIAN RESERVE NO. 27C,b8505b0caffd11d892e2080020a0f4c9,TRURO,27C
09514,Indian Reserve,SK,ONION LAKE I.R. 119-1,6c9ebc1b849c20c3907f067281ae9ec5,ONION LAKE I.R. 119-1,
09122,Indian Reserve,AB,ENOCH CREE NATION NO. 135A,083bb290bbe311d892e2080020a0f4c9,ENOCH CREE NATION,135A
09935,Indian Reserve,MB,SHETH CHOK INDIAN RESERVE,6c698d2e03f740e79dfd525d62430010,SHETH CHOK,
10142,Indian Reserve,MB,BARREN LANDS INDIAN RESERVE,a012faed03c549728798cf9971e39830,BARREN LANDS,
07867,Indian Reserve,BC,KAJUSTUS 10,6fbf23c2ba3511d892e2080020a0f4c9,KAJUSTUS,10
07396,Indian Reserve,BC,OSOYOOS 3,3ac4685fba3611d892e2080020a0f4c9,OSOYOOS,3
10077,Indian Reserve,SK,CARRY THE KETTLE NAKODA FIRST NATION NO. 76-73,d7ac735522a847089435eca4deae120a,CARRY THE KETTLE NAKODA FIRST NATION NO. 76-73,
07856,Indian Reserve,BC,GANDER ISLAND 14,01df20b3ba3611d892e2080020a0f4c9,GANDER ISLAND,14
08106,Indian Reserve,BC,YALE 19,982a152dba3411d892e2080020a0f4c9,YALE,19
06031,Indian Reserve,NS,WILDCAT INDIAN RESERVE NO. 12,b8cbcba0affd11d892e2080020a0f4c9,WILDCAT,12
08465,Indian Reserve,BC,SISUL TL'O K'UT 21,5191a7e5ba3611d892e2080020a0f4c9,SISUL TL'O K'UT,21
10241,Indian Reserve,AB,MARTEN RIVER,0b26674693dc4e3a99ef7e8c6c455940,MARTEN RIVER,
06253,Indian Reserve,ON,SABASKONG BAY INDIAN RESERVE NO. 35H,147ebacdba2711d892e2080020a0f4c9,SABASKONG BAY,35H
08336,Indian Reserve,BC,ULKATCHO 6,d8bf0551ba3511d892e2080020a0f4c9,ULKATCHO,6
06233,Indian Reserve,ON,BIG ISLAND MAINLAND INDIAN RESERVE NO. 93,113ab349ba2711d892e2080020a0f4c9,BIG ISLAND MAINLAND,93
06011,Indian Reserve,NB,EEL GROUND INDIAN RESERVE NO. 2,e9e5483bbbe211d892e2080020a0f4c9,EEL GROUND,2
08268,Indian Reserve,BC,TSUNNIA LAKE 5,d50335baba3511d892e2080020a0f4c9,TSUNNIA LAKE,5
08491,Indian Reserve,BC,K'AY NOO 47,5332d4d6ba3611d892e2080020a0f4c9,K'AY NOO,47
07947,Indian Reserve,BC,SECHELT BAND LANDS (SMESHALIN) NO 18,7558c8bdd05511d892e2080020a0f4c9,SECHELT BAND LANDS (SMESHALIN),18
09938,Indian Reserve,SK,OCHAPOWACE I.R. 71-31,270a299077844731bf4da117d04318c7,OCHAPOWACE I.R. 71-31,
08185,Indian Reserve,BC,ALEXIS CREEK 15,89c3dd81ba3411d892e2080020a0f4c9,ALEXIS CREEK,15
07266,Indian Reserve,BC,BOOTHROYD 5A,22020e75ba3611d892e2080020a0f4c9,BOOTHROYD,5A
09379,Indian Reserve,SK,ONE ARROW I.R. 95-1B,6c9ebc03849c20c3c522de62792eedb9,ONE ARROW I.R. 95-1B,
07380,Indian Reserve,BC,TEEQUALOOSE 3A,df104ce7ba3511d892e2080020a0f4c9,TEEQUALOOSE,3A
06962,Indian Reserve,BC,LOUGHBOROUGH 3,07e94d34ba3611d892e2080020a0f4c9,LOUGHBOROUGH,3
07509,Indian Reserve,BC,BEAR LAKE 1A,6ba18510ba3511d892e2080020a0f4c9,BEAR LAKE,1A
06963,Indian Reserve,BC,MATLATEN 4,08019025ba3611d892e2080020a0f4c9,MATLATEN,4
06805,Indian Reserve,BC,SKUTZ 7,ed6b138dba3511d892e2080020a0f4c9,SKUTZ,7
09288,Indian Reserve,SK,OCHAPOWACE I.R. 71-23,f66be9ebbbe211d892e2080020a0f4c9,OCHAPOWACE I.R. 71-23,
09584,Indian Reserve,SK,MUSKOWEKWAN I.R. 85-48,6c9ebc2c849c20c3a8eaa3cb018f7268,MUSKOWEKWAN I.R. 85-48,
10256,Indian Reserve,MB,WUSKWI SIPIHK FIRST NATION MESKANOW MIHTESKANAHK KAWASKITIK RESERVE,2a7a83aa209b44e28be648377e7b3e92,WUSKWI SIPIHK FIRST NATION MESKANOW MIHTESKANAHK KAWASKITIK,
06603,Indian Reserve,SK,WATERHEN I.R. 130,f11f41b2bbe211d892e2080020a0f4c9,WATERHEN,130
08366,Indian Reserve,BC,POPKUM 2,83fc5f26ba3411d892e2080020a0f4c9,POPKUM,2
07375,Indian Reserve,BC,SPUZZUM 1A,de368eb2ba3511d892e2080020a0f4c9,SPUZZUM,1A
07995,Indian Reserve,BC,NEQUATQUE 4,6e4506d6ba3511d892e2080020a0f4c9,NEQUATQUE,4
06580,Indian Reserve,SK,POORMAN I.R. 88,f9070766bbe211d892e2080020a0f4c9,POORMAN,88
06605,Indian Reserve,SK,TURNOR LAKE I.R. 193B,ef5249adbbe211d892e2080020a0f4c9,TURNOR LAKE,193B
09486,Indian Reserve,SK,WASKWIATIK SAKAHIKAN INDIAN RESERVE NO. 223,6c9ebc18849c20c356c56ee640ca7301,WASKWIATIK SAKAHIKAN,223
09596,Indian Reserve,SK,CARRY THE KETTLE NAKODA I.R. 76-15,6c9ebc2f849c20c37bcd702411b265e9,CARRY THE KETTLE NAKODA I.R. 76-15,
07430,Indian Reserve,BC,LOWER KOOTENAY 1A,2d388a80ba3611d892e2080020a0f4c9,LOWER KOOTENAY,1A
07341,Indian Reserve,BC,KLEETLEKUT 22,358aab3dba3611d892e2080020a0f4c9,KLEETLEKUT,22
07393,Indian Reserve,BC,PRIEST'S VALLEY 6,39f49536ba3611d892e2080020a0f4c9,PRIEST'S VALLEY,6
07427,Indian Reserve,BC,COLUMBIA LAKE 3,2568b934ba3611d892e2080020a0f4c9,COLUMBIA LAKE,3
07176,Indian Reserve,BC,KAMLOOPS 4,285cf312ba3611d892e2080020a0f4c9,KAMLOOPS,4
06167,Indian Reserve,ON,CHAPLEAU INDIAN RESERVE NO. 74A,983233f9ba2611d892e2080020a0f4c9,CHAPLEAU,74A
06927,Indian Reserve,BC,CLEHO 6,fd122f26ba3511d892e2080020a0f4c9,CLEHO,6
07188,Indian Reserve,BC,BARRIERE RIVER 3A,3958a350ba3611d892e2080020a0f4c9,BARRIERE RIVER,3A
09941,Indian Reserve,SK,MUSKOWEKWAN INDIAN RESERVE NO. 85-67,cb3475df33a94eaba193f330628352f5,MUSKOWEKWAN INDIAN RESERVE NO. 85-67,
06231,Indian Reserve,ON,BIG ISLAND INDIAN RESERVE NO. 31E,0e8b98d7ba2711d892e2080020a0f4c9,BIG ISLAND,31E
07298,Indian Reserve,BC,NEKLIPTUM 1,2889cf74ba3611d892e2080020a0f4c9,NEKLIPTUM,1
09417,Indian Reserve,SK,THUNDERCHILD FIRST NATION INDIAN RESERVE NO. 115F,6c9ebc0a849c20c34ced4cea21d7706d,THUNDERCHILD FIRST NATION,115F
09762,Indian Reserve,SK,OCHAPOWACE I.R. 71-128,05b5709a5a6011dd9007080020a0f4c9,OCHAPOWACE I.R. 71-128,
08209,Indian Reserve,BC,SANDY HARRY 4,8b51345bba3411d892e2080020a0f4c9,SANDY HARRY,4
09030,Indian Reserve,SK,OCEAN MAN I.R. 69A,f53d55e1bbe211d892e2080020a0f4c9,OCEAN MAN,69A
09739,Indian Reserve,MB,WAPAMINAKOSKAK NARROWS,2064843effb311dda89a080020a0f4c9,WAPAMINAKOSKAK NARROWS,
08333,Indian Reserve,BC,TOWDYSTAN LAKE 3,d86154eeba3511d892e2080020a0f4c9,TOWDYSTAN LAKE,3
07355,Indian Reserve,BC,KUPCHYNALTH 1,3c1614b6ba3611d892e2080020a0f4c9,KUPCHYNALTH,1
07735,Indian Reserve,BC,GRASSY ISLET 2,0361c922ba3611d892e2080020a0f4c9,GRASSY ISLET,2
09072,Indian Reserve,SK,ASIMAKANISEEKAN ASKIY I.R. 102A,f1436b88bbe211d892e2080020a0f4c9,ASIMAKANISEEKAN ASKIY,102A
08032,Indian Reserve,BC,LANGLEY 4,91ea598bba3411d892e2080020a0f4c9,LANGLEY,4
09731,Indian Reserve,SK,SAKIMAY I.R. 74-16,6c9ebc43849c20c3b484865829e4bdeb,SAKIMAY I.R. 74-16,
09742,Indian Reserve,MB,WHITEMUD LAKE,cbc20feeffb111dda89a080020a0f4c9,WHITEMUD LAKE,
06667,Indian Reserve,AB,JOHN D’OR PRAIRIE INDIAN RESERVE NO. 215,04838d46bbe311d892e2080020a0f4c9,JOHN D’OR PRAIRIE,215
10170,Indian Reserve,MB,NEEKWASKAN LAKE 4 INDIAN RESERVE,4ef5cd145f0f48faad4eb1cb468e3774,NEEKWASKAN LAKE 4,
06585,Indian Reserve,SK,MEADOW LAKE I.R. 105A,f0df045bbbe211d892e2080020a0f4c9,MEADOW LAKE,105A
06039,Indian Reserve,NS,BEAR RIVER INDIAN RESERVE NO. 6A,b64bff74affd11d892e2080020a0f4c9,BEAR RIVER,6A
07233,Indian Reserve,BC,KYKINALKO 2,37463dfdba3611d892e2080020a0f4c9,KYKINALKO,2
06892,Indian Reserve,BC,CHEEWAT 4A,f0876ed8ba3511d892e2080020a0f4c9,CHEEWAT,4A
07626,Indian Reserve,BC,KUASTE 8,02589679ba3611d892e2080020a0f4c9,KUASTE,8
09572,Indian Reserve,SK,OCHAPOWACE I.R. 71-2,6c9ebc28849c20c3856f7fb92753cc0f,OCHAPOWACE I.R. 71-2,
07913,Indian Reserve,BC,AUPE 6,783ff59eba3511d892e2080020a0f4c9,AUPE,6
09950,Indian Reserve,SK,ASIMAKANISEEKAN ASKIY INDIAN RESERVE NO. 102B,1acd5f16361a40b8a5fc83d3839c6aea,ASIMAKANISEEKAN ASKIY,102B
09493,Indian Reserve,SK,OCHAPOWACE I.R. 71-110,6c9ebc1a849c20c3d5a9f6d4de0d1656,OCHAPOWACE I.R. 71-110,
07251,Indian Reserve,BC,SPAHOMIN CREEK 4,e1c337f8ba3511d892e2080020a0f4c9,SPAHOMIN CREEK,4
06375,Indian Reserve,MB,ST. PETERS FISHING STATION 1A,eca4195dbbe211d892e2080020a0f4c9,ST. PETERS FISHING STATION,1A
07368,Indian Reserve,BC,SKUPPAH 2A,dd1da498ba3511d892e2080020a0f4c9,SKUPPAH,2A
09757,Indian Reserve,MB,NORWAY HOUSE 17D-6,9aa3c5955a5f11dd9007080020a0f4c9,NORWAY HOUSE 17D-6,
06288,Indian Reserve,MB,SHOAL LAKE INDIAN RESERVE NO. 40,9bf5885dba2711d892e2080020a0f4c9,SHOAL LAKE,40
09253,Indian Reserve,SK,KEESEEKOOSE I.R. 66-KE-04,f24e9a18bbe211d892e2080020a0f4c9,KEESEEKOOSE I.R. 66-KE-04,
07651,Indian Reserve,BC,HIUSTA'S MEADOW 2,5648200aba3511d892e2080020a0f4c9,HIUSTA'S MEADOW,2
07981,Indian Reserve,BC,KOWTAIN 17,964b69feba3411d892e2080020a0f4c9,KOWTAIN,17
07744,Indian Reserve,BC,KEECHA 11,04c6b05cba3611d892e2080020a0f4c9,KEECHA,11
09415,Indian Reserve,ON,WEBEQUIE INDIAN RESERVE,7583b4ea210349b6848db532608a90ea,WEBEQUIE,
09198,Indian Reserve,SK,OKANESE I.R. 82(G),f86d8674bbe211d892e2080020a0f4c9,OKANESE I.R. 82(G),
09792,Indian Reserve,MB,RED SUCKER LAKE INDIAN RESERVE NO. 1976 D,aeb3fcf74e124709a056628b22009d17,RED SUCKER LAKE INDIAN RESERVE NO. 1976 D,
06041,Indian Reserve,NS,CHAPEL ISLAND INDIAN RESERVE NO. 5,b6849ba8affd11d892e2080020a0f4c9,CHAPEL ISLAND,5
07621,Indian Reserve,BC,WALTH 3,44715d3aba3611d892e2080020a0f4c9,WALTH,3
10043,Indian Reserve,SK,CARRY THE KETTLE NAKODA FIRST NATION NO. 76-67,6e73d711471a4113b12c8074544c399c,CARRY THE KETTLE NAKODA FIRST NATION NO. 76-67,
09813,Indian Reserve,MB,NORWAY HOUSE INDIAN RESERVE NO. 17C-9,673fa1406636486ba14ea041f06bba8e,NORWAY HOUSE INDIAN RESERVE NO. 17C-9,
07948,Indian Reserve,BC,SECHELT BAND LANDS (SUAHBIN) NO 19,7579e550d05511d892e2080020a0f4c9,SECHELT BAND LANDS (SUAHBIN),19
06406,Indian Reserve,MB,DAKOTA PLAINS 6A,eab8ebfcbbe211d892e2080020a0f4c9,DAKOTA PLAINS,6A
08472,Indian Reserve,BC,TSAZ CHECH 28,5398747aba3611d892e2080020a0f4c9,TSAZ CHECH,28
09851,Indian Reserve,MB,WEPUSKOW OHNIKAHP INDIAN RESERVE,a53d2f09016e456aafb54eb0f3197eba,WEPUSKOW OHNIKAHP,
09134,Indian Reserve,SK,OCHAPOWACE I.R. 71-8,f5d4b3eebbe211d892e2080020a0f4c9,OCHAPOWACE I.R. 71-8,
09546,Indian Reserve,SK,POUNDMAKER I.R. 114-18A,6c9ebc23849c20c36dd7732d9bf46911,POUNDMAKER I.R. 114-18A,
09466,Indian Reserve,SK,AMISKOSAKAHIKAN INDIAN RESERVE NO. 210,223685568de7479e90e2adee733a6ab6,AMISKOSAKAHIKAN,210
09167,Indian Reserve,AB,ALEXIS ELK RIVER 233,0886c555bbe311d892e2080020a0f4c9,ALEXIS ELK RIVER,233
06597,Indian Reserve,SK,DIPPER RAPIDS I.R. 192C,f18dbb00bbe211d892e2080020a0f4c9,DIPPER RAPIDS,192C
07076,Indian Reserve,BC,QUATLEYO 12,1a684141ba3611d892e2080020a0f4c9,QUATLEYO,12
07160,Indian Reserve,BC,ONE HUNDRED FIVE MILE POST 2,1fea03d7ba3611d892e2080020a0f4c9,ONE HUNDRED FIVE MILE POST,2
08113,Indian Reserve,BC,GRASS 15,988e5544ba3411d892e2080020a0f4c9,GRASS,15
06487,Indian Reserve,SK,SAULTEAUX I.R. 159A,f9a36e88bbe211d892e2080020a0f4c9,SAULTEAUX,159A
09820,Indian Reserve,MB,NORWAY HOUSE INDIAN RESERVE NO. 17C-16,cfbb15c090674e5b890fe492ef0194c1,NORWAY HOUSE INDIAN RESERVE NO. 17C-16,
06058,Indian Reserve,NS,COLE HARBOUR INDIAN RESERVE NO. 30,b68ed4d9affd11d892e2080020a0f4c9,COLE HARBOUR,30
06523,Indian Reserve,SK,MONTREAL LAKE I.R. 106,f3a50279bbe211d892e2080020a0f4c9,MONTREAL LAKE,106
09677,Indian Reserve,SK,OCHAPOWACE I.R. 71-68,6c9ebc3b849c20c3417bda3d8ad8e5a4,OCHAPOWACE I.R. 71-68,
06828,Indian Reserve,BC,HATCH POINT 12,f6be9dbcba3511d892e2080020a0f4c9,HATCH POINT,12
07103,Indian Reserve,BC,KARLUKWEES 1,1c7c2d34ba3611d892e2080020a0f4c9,KARLUKWEES,1
09433,Indian Reserve,BC,"BEATON RIVER 204, SOUTH HALF",4a8cc7aaba3611d892e2080020a0f4c9,"BEATON RIVER 204, SOUTH HALF",
07167,Indian Reserve,BC,MAUVAIS ROCHER 5,215b471eba3611d892e2080020a0f4c9,MAUVAIS ROCHER,5
08300,Indian Reserve,BC,MICHELLE CREEK 23,7f79ee93ba3511d892e2080020a0f4c9,MICHELLE CREEK,23
07497,Indian Reserve,BC,BABINE 16,63f5b684ba3511d892e2080020a0f4c9,BABINE,16
07816,Indian Reserve,BC,KSAGWISGWAS 62,4b4a6865ba3511d892e2080020a0f4c9,KSAGWISGWAS,62
09635,Indian Reserve,MB,VERMILYEA LAKE,9715744cffb211dda89a080020a0f4c9,VERMILYEA LAKE,
09489,Indian Reserve,SK,KIPAHIGAN SAKAHIKAN INDIAN RESERVE NO. 222,6c9ebc18849c20c373e21b3595e11a16,KIPAHIGAN SAKAHIKAN,222
09562,Indian Reserve,SK,OCHAPOWACE I.R. 71-101,6c9ebc26849c20c3d5051dd903b92520,OCHAPOWACE I.R. 71-101,
10236,Indian Reserve,BC,XWOXWELÁ:LHP INDIAN RESERVE NO. 26,c4d15c872ccd40d099d12d2941dd1b8f,XWOXWELA:LHP,26
08222,Indian Reserve,BC,ROPER'S MEADOW 14,8bf4c766ba3411d892e2080020a0f4c9,ROPER'S MEADOW,14
06688,Indian Reserve,AB,SUCKER CREEK 150A,07836006bbe311d892e2080020a0f4c9,SUCKER CREEK,150A
08258,Indian Reserve,BC,DOG CREEK 1,8fbc2fc9ba3411d892e2080020a0f4c9,DOG CREEK,1
10144,Indian Reserve,SK,CARRY THE KETTLE NAKODA FIRST NATION INDIAN RESERVE NO. 76-28,8184a37b904b4d19801052ad2a35dfb1,CARRY THE KETTLE NAKODA FIRST NATION INDIAN RESERVE NO. 76-28,
07865,Indian Reserve,BC,HOWEET 8,6f42a0c0ba3511d892e2080020a0f4c9,HOWEET,8
07212,Indian Reserve,BC,UPPER TSINKAHTL 8A,26a7c8f1ba3611d892e2080020a0f4c9,UPPER TSINKAHTL,8A
10169,Indian Reserve,MB,NEEKWASKAN LAKE 2 INDIAN RESERVE,0c6a3e50fd7d40da8e90d025502c2291,NEEKWASKAN LAKE 2,
06392,Indian Reserve,MB,NORWAY HOUSE 17,ec3b9380bbe211d892e2080020a0f4c9,NORWAY HOUSE,17
06951,Indian Reserve,BC,FONTAS 1,602bdd27ba3511d892e2080020a0f4c9,FONTAS,1
06864,Indian Reserve,BC,OPENIT 27,e90a7868ba3511d892e2080020a0f4c9,OPENIT,27
07563,Indian Reserve,BC,BINCHE 10,4f7caa88ba3611d892e2080020a0f4c9,BINCHE,10
06408,Indian Reserve,MB,OAK LAKE 59A,ec41d511bbe211d892e2080020a0f4c9,OAK LAKE,59A
07275,Indian Reserve,BC,STLAKAMENT 9,23110d7eba3611d892e2080020a0f4c9,STLAKAMENT,9
06904,Indian Reserve,BC,SAOUK 16,f1a5b024ba3511d892e2080020a0f4c9,SAOUK,16
06986,Indian Reserve,BC,SHELL ISLAND 3,0b07f274ba3611d892e2080020a0f4c9,SHELL ISLAND,3
06801,Indian Reserve,BC,KIL-PAH-LAS 3,ed02b4c9ba3511d892e2080020a0f4c9,KIL-PAH-LAS,3
07357,Indian Reserve,BC,SISKA FLAT 3,3c52a888ba3611d892e2080020a0f4c9,SISKA FLAT,3
09132,Indian Reserve,SK,OCHAPOWACE I.R. 71-6,f5bd0d3cbbe211d892e2080020a0f4c9,OCHAPOWACE I.R. 71-6,
09143,Indian Reserve,BC,TS'KW'AYLAXW 5,5acfd65aba3611d892e2080020a0f4c9,TS'KW'AYLAXW,5
10118,Indian Reserve,MB,TL'ODIZECHÉ INDIAN RESERVE,8c376bbfc3344c0d8166546cf8149e48,TL'ODIZECHE,
06647,Indian Reserve,AB,PIIKANI RESERVE,00ff486ebbe311d892e2080020a0f4c9,PIIKANI,
09655,Indian Reserve,SK,OCHAPOWACE I.R. 71-122,6c9ebc37849c20c3d26dc07c65e16ad7,OCHAPOWACE I.R. 71-122,
00131,Indian Reserve,SK,PHEASANT RUMP NAKOTA BAND I.R. 68,f8faf974bbe211d892e2080020a0f4c9,PHEASANT RUMP NAKOTA BAND,68
06265,Indian Reserve,ON,THE DALLES INDIAN RESERVE NO. 38C,164f0e09ba2711d892e2080020a0f4c9,THE DALLES,38C
09932,Indian Reserve,NS,WALLACE HILLS INDIAN RESERVE NO. 14A,5f05cb4b7047430a86b20417a1869026,WALLACE HILLS,14A
10028,Indian Reserve,BC,ST. MARY'S INDIAN RESERVE NO. 1,adcfd6a998f944e2af8459ed0d05203d,ST. MARY'S,1
06982,Indian Reserve,BC,DAKIULIS 7,0a9e8241ba3611d892e2080020a0f4c9,DAKIULIS,7
09657,Indian Reserve,BC,PEKW'XE:YLES (PECKQUAYLIS) INDIAN RESERVE,7a503b29e32b11dd9193080020a0f4c9,PEKW'XE:YLES (PECKQUAYLIS),
07678,Indian Reserve,BC,KIOOSTA 15,9e3dde9fba3411d892e2080020a0f4c9,KIOOSTA,15
10212,Indian Reserve,BC,TYEE UNCHA LAKE INDIAN RESERVE,4588fc4a6d8c494dbb519046e7837ad0,TYEE UNCHA LAKE,
07263,Indian Reserve,BC,SPEYUM 3,21bbb6a2ba3611d892e2080020a0f4c9,SPEYUM,3
06240,Indian Reserve,ON,AGENCY INDIAN RESERVE NO. 30,76af006cba2b11d892e2080020a0f4c9,AGENCY,30
08133,Indian Reserve,BC,FOUNTAIN 9,77347903ba3511d892e2080020a0f4c9,FOUNTAIN,9
07037,Indian Reserve,BC,MOUTCHA 5,14d51a7eba3611d892e2080020a0f4c9,MOUTCHA,5
08076,Indian Reserve,BC,HOPE 1,78c0e572ba3511d892e2080020a0f4c9,HOPE,1
07820,Indian Reserve,BC,KNOKMOLKS 67,4d795659ba3511d892e2080020a0f4c9,KNOKMOLKS,67
09142,Indian Reserve,AB,FORT VERMILION INDIAN RESERVE NO. 173B,08744ec4bbe311d892e2080020a0f4c9,FORT VERMILION,173B
06697,Indian Reserve,AB,UTIKOOMAK LAKE 155A,0576ee10bbe311d892e2080020a0f4c9,UTIKOOMAK LAKE,155A
06268,Indian Reserve,ON,WABASEEMOONG INDIAN RESERVE,16a7dc6cba2711d892e2080020a0f4c9,WABASEEMOONG,
09684,Indian Reserve,SK,SOUNDING SKY,6c9ebc3c849c20c3db1ad2659aedd318,SOUNDING SKY,
10200,Indian Reserve,SK,KAHKEWISTAHAW INDIAN RESERVE NO. 72-P,81c2c163c3534cf48d94db76fa5faae2,KAHKEWISTAHAW INDIAN RESERVE NO. 72-P,
10023,Indian Reserve,BC,GRASSY BAY INDIAN RESERVE,68b3014adc7f49a48590a08d324d33fe,GRASSY BAY,
06724,Indian Reserve,AB,GREGOIRE LAKE 176B,06584d75bbe311d892e2080020a0f4c9,GREGOIRE LAKE,176B
06695,Indian Reserve,AB,WABASCA 166D,04dd942fbbe311d892e2080020a0f4c9,WABASCA,166D
07376,Indian Reserve,BC,PAPSILQUA 2,de5adf93ba3511d892e2080020a0f4c9,PAPSILQUA,2
07829,Indian Reserve,BC,GITANDOIKS 76,4f3eac11ba3511d892e2080020a0f4c9,GITANDOIKS,76
06379,Indian Reserve,MB,FAIRFORD 50,eadc0461bbe211d892e2080020a0f4c9,FAIRFORD,50
10185,Indian Reserve,MB,NETELITUWE SITE C INDIAN RESERVE,6fee0a86f9934c7a8247593208f60e15,NETELITUWE SITE C,
10168,Indian Reserve,MB,ROLLING RIVER FIRST NATION – 67C INDIAN RESERVE,98cde32a3d0442dcb18d82efc26255a2,ROLLING RIVER FIRST NATION – 67C,
06573,Indian Reserve,SK,STAR BLANKET I.R. 83,fd0d4d95bbe211d892e2080020a0f4c9,STAR BLANKET,83
07025,Indian Reserve,BC,HOPETOWN 10A,0f4dd9aaba3611d892e2080020a0f4c9,HOPETOWN,10A
06673,Indian Reserve,AB,UPPER HAY RIVER 212,046b4a53bbe311d892e2080020a0f4c9,UPPER HAY RIVER,212
06984,Indian Reserve,BC,FORT RUPERT 1,0ae3a193ba3611d892e2080020a0f4c9,FORT RUPERT,1
06047,Indian Reserve,NS,BOAT HARBOUR WEST INDIAN RESERVE NO. 37,b6548af5affd11d892e2080020a0f4c9,BOAT HARBOUR WEST,37
08324,Indian Reserve,BC,CLUCHUTA LAKE 10B,90b97a98ba3411d892e2080020a0f4c9,CLUCHUTA LAKE,10B
06262,Indian Reserve,ON,MOOSE FACTORY INDIAN RESERVE NO. 68,15f3a796ba2711d892e2080020a0f4c9,MOOSE FACTORY,68
09876,Indian Reserve,MB,SISIPUK SAKAHEGAN (B) INDIAN RESERVE,8b62e91cef7542538c5378c4be3c96e4,SISIPUK SAKAHEGAN (B),
10179,Indian Reserve,SK,KEESEEKOOSE INDIAN RESERVE NO. 66-CA-08,73628c5b776447fab102ebe660183b1a,KEESEEKOOSE INDIAN RESERVE NO. 66-CA-08,
10025,Indian Reserve,BC,POINT VEITCH INDIAN RESERVE NO. 7,4981c0446ace4521a4d05560fbe4c3e5,POINT VEITCH,7
09597,Indian Reserve,SK,CARRY THE KETTLE NAKODA I.R. 76-32,6c9ebc2f849c20c3894c37c07aed56c7,CARRY THE KETTLE NAKODA I.R. 76-32,
08033,Indian Reserve,BC,LANGLEY 5,82377d8aba3411d892e2080020a0f4c9,LANGLEY,5
06451,Indian Reserve,MB,NELSON HOUSE 170A,ec280c7dbbe211d892e2080020a0f4c9,NELSON HOUSE,170A
08218,Indian Reserve,BC,SAMPSON'S MEADOW 11,8bbc5242ba3411d892e2080020a0f4c9,SAMPSON'S MEADOW,11
09525,Indian Reserve,SK,OCHAPOWACE I.R. 71-106,6c9ebc1e849c20c3635dac7d31d15ce7,OCHAPOWACE I.R. 71-106,
06578,Indian Reserve,SK,GORDON I.R. 86,f1e6896bbbe211d892e2080020a0f4c9,GORDON,86
06365,Indian Reserve,MB,FISHER RIVER 44A,eae83963bbe211d892e2080020a0f4c9,FISHER RIVER,44A
08082,Indian Reserve,BC,TSEATAH 2,74aeb86eba3511d892e2080020a0f4c9,TSEATAH,2
07828,Indian Reserve,BC,GITANDOIKS 75,4f2382f0ba3511d892e2080020a0f4c9,GITANDOIKS,75
07215,Indian Reserve,BC,SPATSUM 11,2705ee84ba3611d892e2080020a0f4c9,SPATSUM,11
06146,Indian Reserve,ON,LONG SAULT INDIAN RESERVE NO. 12,6eda57f9ba2c11d892e2080020a0f4c9,LONG SAULT,12
09805,Indian Reserve,MB,NORWAY HOUSE INDIAN RESERVE NO. 17C-1,dbd4054953054d73b7195b30e031fcc6,NORWAY HOUSE INDIAN RESERVE NO. 17C-1,
09256,Indian Reserve,SK,KEESEEKOOSE I.R. 66-KE-05,f2543f69bbe211d892e2080020a0f4c9,KEESEEKOOSE I.R. 66-KE-05,
07377,Indian Reserve,BC,PAPSILQUA 2A,de7a2764ba3511d892e2080020a0f4c9,PAPSILQUA,2A
07225,Indian Reserve,BC,PIPSEUL 3,2e5f0929ba3611d892e2080020a0f4c9,PIPSEUL,3
06668,Indian Reserve,AB,AMBER RIVER 211,042603eebbe311d892e2080020a0f4c9,AMBER RIVER,211
09905,Indian Reserve,SK,MOOSOMIN INDIAN RESERVE NO. 112N,4ee628b296f74203940e47780606ee6a,MOOSOMIN,112N
07920,Indian Reserve,BC,SIAKIN 4,7c2ff49bba3511d892e2080020a0f4c9,SIAKIN,4
07827,Indian Reserve,BC,DZAGAYAP 74,3f60fa11ba3611d892e2080020a0f4c9,DZAGAYAP,74
09241,Indian Reserve,SK,MUSKOWEKWAN I.R. 85-16,f4e5bff6bbe211d892e2080020a0f4c9,MUSKOWEKWAN I.R. 85-16,
09473,Indian Reserve,SK,THUNDERCHILD FIRST NATION IR 115V,6c9ebc14849c20c3e1e466c24dde0948,THUNDERCHILD FIRST NATION,115V
06863,Indian Reserve,BC,WAPPOOK 26,58f019cfba3611d892e2080020a0f4c9,WAPPOOK,26
09004,Indian Reserve,SK,OCEAN MAN I.R. 69E,f55c9db5bbe211d892e2080020a0f4c9,OCEAN MAN,69E
09912,Indian Reserve,MB,OPASKWAYAK CREE NATION ROCKY LAKE INDIAN RESERVE NO. 1,5b83c5e1c85b4a74a6f87c2b7f2bb1b3,OPASKWAYAK CREE NATION ROCKY LAKE,1
06261,Indian Reserve,ON,FACTORY ISLAND INDIAN RESERVE NO. 1,15ec5495ba2711d892e2080020a0f4c9,FACTORY ISLAND,1
10152,Indian Reserve,MB,NORWAY HOUSE CREE NATION LEBRIX LAKE INDIAN RESERVE,ce51a24fe1074c458154024baf2b7db7,NORWAY HOUSE CREE NATION LEBRIX LAKE,
07848,Indian Reserve,BC,LACHKUL-JEETS 6,011da56bba3611d892e2080020a0f4c9,LACHKUL-JEETS,6
09680,Indian Reserve,SK,OCHAPOWACE I.R. 71-127,6c9ebc3b849c20c34d50b512dcda0546,OCHAPOWACE I.R. 71-127,
09643,Indian Reserve,AB,LI DEZE 196C,d1ad09d4ffb311dda89a080020a0f4c9,LI DEZE,196C
09900,Indian Reserve,SK,MUSKOWEKWAN INDIAN RESERVE NO. 85-66,93c43d3983cf40109a8aec97e78806e0,MUSKOWEKWAN INDIAN RESERVE NO. 85-66,
07384,Indian Reserve,BC,LONG TUNNEL 5A,df8bbe7bba3511d892e2080020a0f4c9,LONG TUNNEL,5A
07854,Indian Reserve,BC,TURTLE POINT 12,01b1f631ba3611d892e2080020a0f4c9,TURTLE POINT,12
10018,Indian Reserve,SK,PHEASANT RUMP NAKOTA INDIAN RESERVE NO. 68D,45ea4a33f941485784e72fee50a693fb,PHEASANT RUMP NAKOTA,68D
06329,Indian Reserve,ON,SACHIGO LAKE INDIAN RESERVE NO. 2,1edb3eafba2911d892e2080020a0f4c9,SACHIGO LAKE,2
07482,Indian Reserve,BC,CARP LAKE 3,65fbbfc2ba3511d892e2080020a0f4c9,CARP LAKE,3
07645,Indian Reserve,BC,KETONEDA 7,0742d3feba3611d892e2080020a0f4c9,KETONEDA,7
06784,Indian Reserve,BC,GITANYOW 3A,4c2b0e6aba3611d892e2080020a0f4c9,GITANYOW,3A
00040,Indian Reserve,BC,BLACKWATER INDIAN RESERVE NO. 1,86eeda79d8f0426ebb8eaf21bb66c1d6,BLACKWATER,1
07378,Indian Reserve,BC,PAPSILQUA 2B,de91a705ba3511d892e2080020a0f4c9,PAPSILQUA,2B
07289,Indian Reserve,BC,BOSTON BAR 9,2449185cba3611d892e2080020a0f4c9,BOSTON BAR,9
07354,Indian Reserve,BC,LYTTON 33,36f4747aba3611d892e2080020a0f4c9,LYTTON,33
07898,Indian Reserve,BC,OATSWISH 13,7b85d1e6ba3511d892e2080020a0f4c9,OATSWISH,13
09262,Indian Reserve,SK,MUSKOWEKWAN I.R. 85-22,f4f1a6d8bbe211d892e2080020a0f4c9,MUSKOWEKWAN I.R. 85-22,
06997,Indian Reserve,BC,TA-A-ACK 5,0ca4164eba3611d892e2080020a0f4c9,TA-A-ACK,5
06278,Indian Reserve,MB,NORTHWEST ANGLE INDIAN RESERVE NO. 34C,ec2e751ebbe211d892e2080020a0f4c9,NORTHWEST ANGLE,34C
07805,Indian Reserve,BC,KHUTZEMATEEN 49,4802694aba3511d892e2080020a0f4c9,KHUTZEMATEEN,49
09903,Indian Reserve,SK,MUSKOWEKWAN INDIAN RESERVE NO. 85-60,dc7edd373b5c46e79522d23de22a6ae5,MUSKOWEKWAN INDIAN RESERVE NO. 85-60,
07565,Indian Reserve,BC,BINCHE 12,5018ea8aba3611d892e2080020a0f4c9,BINCHE,12
06747,Indian Reserve,AB,CHARLES LAKE 225,072b7c01bbe311d892e2080020a0f4c9,CHARLES LAKE,225
06804,Indian Reserve,BC,KAKALATZA 6,ed4785fcba3511d892e2080020a0f4c9,KAKALATZA,6
09994,Indian Reserve,SK,STURGEON LAKE INDIAN RESERVE NO. 101C,a52985ad3fb047dfbb1499442f0033df,STURGEON LAKE,101C
10078,Indian Reserve,SK,CARRY THE KETTLE NAKODA FIRST NATION NO. 76-74,474d9ec8e8cb471dbc32f55d94754480,CARRY THE KETTLE NAKODA FIRST NATION NO. 76-74,
08355,Indian Reserve,BC,CHESLATTA 1 (INCLS. 11 PCLS),5a36bf69ba3511d892e2080020a0f4c9,CHESLATTA 1 (INCLS. 11 PCLS),
06802,Indian Reserve,BC,EST-PATROLAS 4,ed1d8fcaba3511d892e2080020a0f4c9,EST-PATROLAS,4
07013,Indian Reserve,BC,NATHLEGALIS 3,0e26709eba3611d892e2080020a0f4c9,NATHLEGALIS,3
09547,Indian Reserve,SK,POUNDMAKER I.R. 114-21,6c9ebc23849c20c334ba15e6a755b74a,POUNDMAKER I.R. 114-21,
07205,Indian Reserve,BC,LOWER SHAWNIKEN 4A,25f9396aba3611d892e2080020a0f4c9,LOWER SHAWNIKEN,4A
09685,Indian Reserve,SK,OCHAPOWACE I.R. 71-124,6c9ebc3c849c20c38ed34cea75dff6ba,OCHAPOWACE I.R. 71-124,
10219,Indian Reserve,SK,CARRY THE KETTLE NAKODA FIRST NATION #76-90,5ab4043fbe424f4a85e359c2540fa12d,CARRY THE KETTLE NAKODA FIRST NATION #76-90,
09799,Indian Reserve,MB,NOTIN SAKAHEKUN,25045576ae8b40e195834979a68efef3,NOTIN SAKAHEKUN,
06482,Indian Reserve,AB,MAKAOO I.R. 120,54202d0dba3411d892e2080020a0f4c9,MAKAOO,120
09601,Indian Reserve,SK,OCHAPOWACE I.R. 71-83,6c9ebc30849c20c37ebc06c6548db9fa,OCHAPOWACE I.R. 71-83,
09485,Indian Reserve,SK,MUSKEG LAKE I.R. 102 C,6c9ebc17849c20c39c99323fa8fc3783,MUSKEG LAKE I.R. 102 C,
07291,Indian Reserve,BC,BOSTON BAR 11,247d95deba3611d892e2080020a0f4c9,BOSTON BAR,11
07765,Indian Reserve,BC,TUCK INLET 89,9fa054e5ba3411d892e2080020a0f4c9,TUCK INLET,89
08140,Indian Reserve,BC,KILCHULT 3,8279417eba3411d892e2080020a0f4c9,KILCHULT,3
08276,Indian Reserve,BC,DEEP CREEK 2,d6a1a381ba3511d892e2080020a0f4c9,DEEP CREEK,2
06881,Indian Reserve,BC,ONADSILTH 9,ec2c2ae5ba3511d892e2080020a0f4c9,ONADSILTH,9
07894,Indian Reserve,BC,LATTKALOUP 9,7aeb8db2ba3511d892e2080020a0f4c9,LATTKALOUP,9
09224,Indian Reserve,SK,OCHAPOWACE I.R. 71-44,f74b266abbe211d892e2080020a0f4c9,OCHAPOWACE I.R. 71-44,
06764,Indian Reserve,BC,GUN-A-CHAL 5,e5159767ba3511d892e2080020a0f4c9,GUN-A-CHAL,5
06160,Indian Reserve,ON,MATTAGAMI INDIAN RESERVE NO. 71,ad2cf32dba2511d892e2080020a0f4c9,MATTAGAMI,71
08053,Indian Reserve,BC,SKWAHLA 2,9491abf6ba3411d892e2080020a0f4c9,SKWAHLA,2
07524,Indian Reserve,BC,NORTH TACLA LAKE 11A,6d6a854eba3511d892e2080020a0f4c9,NORTH TACLA LAKE,11A
09764,Indian Reserve,ON,LAKE NIPIGON RESERVE,49d8fb7c5a6011dd9007080020a0f4c9,LAKE NIPIGON,
09447,Indian Reserve,SK,SAULTEAUX FIRST NATION INDIAN RESERVE NO. 159W,6c9ebc10849c20c3ca3a94bee3834ec3,SAULTEAUX FIRST NATION,159W
07870,Indian Reserve,BC,YEO ISLAND 13,704cbdc5ba3511d892e2080020a0f4c9,YEO ISLAND,13
06518,Indian Reserve,SK,OLD FORT I.R. 157B,f130f4f5bbe211d892e2080020a0f4c9,OLD FORT,157B
08290,Indian Reserve,BC,TILLION 4,dc82eb32ba3511d892e2080020a0f4c9,TILLION,4
07545,Indian Reserve,BC,UZTA 7A,4d0086e2ba3611d892e2080020a0f4c9,UZTA,7A
06444,Indian Reserve,MB,GOD'S LAKE 23,eb3a29f9bbe211d892e2080020a0f4c9,GOD'S LAKE,23
08247,Indian Reserve,BC,CANIM LAKE 4,8f2c4bcfba3411d892e2080020a0f4c9,CANIM LAKE,4
08359,Indian Reserve,BC,SEA ISLAND 3,926b7074ba3411d892e2080020a0f4c9,SEA ISLAND,3
07847,Indian Reserve,BC,KULKAYU 4A,42dfe7baba3611d892e2080020a0f4c9,KULKAYU,4A
06572,Indian Reserve,SK,STANDING BUFFALO I.R. 78,fc74b710bbe211d892e2080020a0f4c9,STANDING BUFFALO,78
06889,Indian Reserve,BC,TSUQUANAH 2,f043d625ba3511d892e2080020a0f4c9,TSUQUANAH,2
06575,Indian Reserve,SK,DAY STAR I.R. 87,f0eaeb3dbbe211d892e2080020a0f4c9,DAY STAR,87
10210,Indian Reserve,SK,OCEAN MAN INDIAN RESERVE NO. 69Q,d19ad097a54c493aa5adf1482e4a0c7b,OCEAN MAN,69Q
06565,Indian Reserve,SK,NEKANEET CREE NATION INDIAN RESERVE,f537b090bbe211d892e2080020a0f4c9,NEKANEET CREE NATION,
06313,Indian Reserve,ON,OSNABURGH INDIAN RESERVE NO. 63A,0b9af60cba2911d892e2080020a0f4c9,OSNABURGH,63A
09850,Indian Reserve,MB,NORWAY HOUSE INDIAN RESERVE NO. 17C-46,eb0382cf12e34b31ba7c0050e7dac7d3,NORWAY HOUSE INDIAN RESERVE NO. 17C-46,
07026,Indian Reserve,BC,KADIS 11,0f5e2d5bba3611d892e2080020a0f4c9,KADIS,11
09247,Indian Reserve,SK,WEPUSKOW SAHGAIECHAN I.R. 165D,fefbfe4bbbe211d892e2080020a0f4c9,WEPUSKOW SAHGAIECHAN,165D
06659,Indian Reserve,AB,SAMSON 137A,01c4944abbe311d892e2080020a0f4c9,SAMSON,137A
07162,Indian Reserve,BC,MCLEAN'S LAKE 3,206af3a9ba3611d892e2080020a0f4c9,MCLEAN'S LAKE,3
07776,Indian Reserve,BC,TOON 15,a036c88eba3411d892e2080020a0f4c9,TOON,15
10234,Indian Reserve,SK,OCEAN MAN INDIAN RESERVE NO. 69R,b3bd2fe86f2640a7a5dc9c4ddf8c63eb,OCEAN MAN,69R
06424,Indian Reserve,MB,OPASKWAYAK CREE NATION 21B,ee34cba5bbe211d892e2080020a0f4c9,OPASKWAYAK CREE NATION,21B
09317,Indian Reserve,SK,OKANESE I.R. 82(H),f87379e5bbe211d892e2080020a0f4c9,OKANESE I.R. 82(H),
06753,Indian Reserve,BC,BULKLEY RIVER 19,e7227e78ba3511d892e2080020a0f4c9,BULKLEY RIVER,19
09494,Indian Reserve,SK,KEESEEKOOSE I.R. 66-CA-03,6c9ebc1a849c20c3e5a094eb877b4bd6,KEESEEKOOSE I.R. 66-CA-03,
07371,Indian Reserve,BC,SKUPPAH 3A,dd89d3ebba3511d892e2080020a0f4c9,SKUPPAH,3A
09610,Indian Reserve,MB,WUSKWI SIPIHK 6,e7612343ffb111dda89a080020a0f4c9,WUSKWI SIPIHK,6
07905,Indian Reserve,BC,INLAILAWATASH 4A,73e83419ba3511d892e2080020a0f4c9,INLAILAWATASH,4A
09985,Indian Reserve,SK,CARRY THE KETTLE NAKODA FIRST NATION 76-47,0b68f882c06a410189f89bc10e61679e,CARRY THE KETTLE NAKODA FIRST NATION 76-47,
07504,Indian Reserve,BC,TAHLO LAKE 24,64d6528bba3511d892e2080020a0f4c9,TAHLO LAKE,24
09577,Indian Reserve,SK,OCHAPOWACE I.R. 71-99,6c9ebc2b849c20c3188ba52b93902859,OCHAPOWACE I.R. 71-99,
07643,Indian Reserve,BC,ZAIMOETZ 5,06ecebccba3611d892e2080020a0f4c9,ZAIMOETZ,5
07881,Indian Reserve,BC,TALEOMY 3,72361740ba3511d892e2080020a0f4c9,TALEOMY,3
10121,Indian Reserve,MB,TATUWE CHOK INDIAN RESERVE,7c4e0ae1097c46529b5700930759c502,TATUWE CHOK,
06419,Indian Reserve,SK,OPASKWAYAK C.N. 27A (CARROT RIVER),f8ba1fddbbe211d892e2080020a0f4c9,OPASKWAYAK C.N. 27A (CARROT RIVER),
09598,Indian Reserve,SK,CARRY THE KETTLE NAKODA I.R. 76-13,6c9ebc30849c20c3583f378b5a68a0b1,CARRY THE KETTLE NAKODA I.R. 76-13,
09939,Indian Reserve,SK,OCHAPOWACE I.R. 71-32,8b03357da0604609a5ddc2931eef3859,OCHAPOWACE I.R. 71-32,
09567,Indian Reserve,SK,OCHAPOWACE I.R. 71-75,6c9ebc27849c20c3d3ce22ef8ed5cfc3,OCHAPOWACE I.R. 71-75,
09963,Indian Reserve,MB,HILLS ISLAND INDIAN RESERVE,bae2b3c5489a40db9fa9bd0c4e56b889,HILLS ISLAND,
08270,Indian Reserve,BC,QUESNEL 1,d5fe5e9cba3511d892e2080020a0f4c9,QUESNEL,1
08425,Indian Reserve,BC,ONE MILE POINT 1,41a51dc2ba3611d892e2080020a0f4c9,ONE MILE POINT,1
09906,Indian Reserve,SK,CARRY THE KETTLE NAKODA FIRST NATION NO. 76-21,c860a67f6add4433a6b243a4d33c6b9e,CARRY THE KETTLE NAKODA FIRST NATION NO. 76-21,
08250,Indian Reserve,BC,CANOE CREEK 1,8f4e79d2ba3411d892e2080020a0f4c9,CANOE CREEK,1
07687,Indian Reserve,BC,OWUN 24,9ed7ada8ba3411d892e2080020a0f4c9,OWUN,24
06924,Indian Reserve,BC,ALBERNI 2,fb5cde02ba3511d892e2080020a0f4c9,ALBERNI,2
07469,Indian Reserve,BC,NAUTLEY 1,6111a94eba3511d892e2080020a0f4c9,NAUTLEY,1
08311,Indian Reserve,BC,EUCHINICO CREEK 18,916d6154ba3411d892e2080020a0f4c9,EUCHINICO CREEK,18
06449,Indian Reserve,MB,GOD'S RIVER 86A,ed62876dbbe211d892e2080020a0f4c9,GOD'S RIVER,86A
08063,Indian Reserve,BC,LACKAWAY 2,7d5ab804ba3511d892e2080020a0f4c9,LACKAWAY,2
07982,Indian Reserve,BC,YEKWAUPSUM 18,9660036fba3411d892e2080020a0f4c9,YEKWAUPSUM,18
09960,Indian Reserve,BC,SQUIN-LIX-STAT 3,8f60f3aeabc04b6bbb6a6aa7dfe02d54,SQUIN-LIX-STAT,3
06220,Indian Reserve,ON,CHIEF'S POINT INDIAN RESERVE NO. 28,c346f35eba2611d892e2080020a0f4c9,CHIEF'S POINT,28
07974,Indian Reserve,BC,SKOWISHIN GRAVEYARD 10,95d04688ba3411d892e2080020a0f4c9,SKOWISHIN GRAVEYARD,10
06336,Indian Reserve,ON,AGENCY INDIAN RESERVE NO. 1,ba299673ba2a11d892e2080020a0f4c9,AGENCY,1
07284,Indian Reserve,BC,BUCKTUM 4,23cdf4e7ba3611d892e2080020a0f4c9,BUCKTUM,4
09268,Indian Reserve,SK,KEESEEKOOSE I.R. 66-CH-01,f22937c2bbe211d892e2080020a0f4c9,KEESEEKOOSE I.R. 66-CH-01,
09165,Indian Reserve,SK,MUSKOWEKWAN I.R. 85-9,f4a4983fbbe211d892e2080020a0f4c9,MUSKOWEKWAN I.R. 85-9,
08079,Indian Reserve,BC,CHAWATHIL 4,456c3801ba3611d892e2080020a0f4c9,CHAWATHIL,4
09558,Indian Reserve,SK,STAR BLANKET I.R. 83I,6c9ebc26849c20c349bb8fd501dd4d0d,STAR BLANKET,83I
06429,Indian Reserve,MB,OPASKWAYAK CREE NATION 21G,edee4cbebbe211d892e2080020a0f4c9,OPASKWAYAK CREE NATION,21G
07184,Indian Reserve,BC,NESKONLITH INDIAN RESERVE NO. 2,55a1b204ba3611d892e2080020a0f4c9,NESKONLITH,2
09917,Indian Reserve,SK,ENGLISH RIVER HAULTAIN LAKE I.R. 192K,bf4da9689c5343baba95e62db6d8825d,ENGLISH RIVER HAULTAIN LAKE,192K
07314,Indian Reserve,BC,LYTTON 4D,31e040c2ba3611d892e2080020a0f4c9,LYTTON,4D
10205,Indian Reserve,MB,WUSKWI SIPIHK FIRST NATION MISTASINI SAWANOHK RESERVE,430ae4411ad5455fb4a577fca5b63f09,WUSKWI SIPIHK FIRST NATION MISTASINI SAWANOHK,
07265,Indian Reserve,BC,SHO-OOK 5,21eab5e4ba3611d892e2080020a0f4c9,SHO-OOK,5
09671,Indian Reserve,SK,THUNDERCHILD FIRST NATION IR 115L,6c9ebc38849c20c3a3d360eac018a401,THUNDERCHILD FIRST NATION,115L
09285,Indian Reserve,SK,MUSKOWEKWAN I.R. 85-27,f51f6d9cbbe211d892e2080020a0f4c9,MUSKOWEKWAN I.R. 85-27,
09092,Indian Reserve,AB,KAPAWE'NO FIRST NATION NO. 231,082f095fbbe311d892e2080020a0f4c9,KAPAWE'NO FIRST NATION,231
07064,Indian Reserve,BC,KLASKISH 3,1983fbb6ba3611d892e2080020a0f4c9,KLASKISH,3
06370,Indian Reserve,MB,BLOODVEIN 12,ea281da1bbe211d892e2080020a0f4c9,BLOODVEIN,12
09729,Indian Reserve,SK,MISTAWASIS INDIAN RESERVE 103B,6c9ebc43849c20c3e49bf15a4a22ee36,MISTAWASIS,103B
06596,Indian Reserve,SK,KNEE LAKE I.R. 192B,ef3cecebbbe211d892e2080020a0f4c9,KNEE LAKE,192B
09439,Indian Reserve,SK,MOOSOMIN I.R. 112J,6c9ebc0f849c20c34350ef59ae93d6da,MOOSOMIN,112J
06327,Indian Reserve,ON,MUSKRAT DAM LAKE INDIAN RESERVE,034af86bba2911d892e2080020a0f4c9,MUSKRAT DAM LAKE,
08480,Indian Reserve,BC,TA DUHL' 36,523dc66bba3611d892e2080020a0f4c9,TA DUHL',36
06305,Indian Reserve,ON,PAYS PLAT INDIAN RESERVE NO. 51,464b5663ba2811d892e2080020a0f4c9,PAYS PLAT,51
09171,Indian Reserve,AB,HEART LAKE 167A,07e68eacbbe311d892e2080020a0f4c9,HEART LAKE,167A
09197,Indian Reserve,SK,OKANESE I.R. 82(F),f867ba13bbe211d892e2080020a0f4c9,OKANESE I.R. 82(F),
07319,Indian Reserve,BC,NESIKEP 6,32853357ba3611d892e2080020a0f4c9,NESIKEP,6
09586,Indian Reserve,SK,WASKWAYNIKAPIK INDIAN RESERVE NO. 228,6c9ebc2c849c20c3dbaee89245f332b0,WASKWAYNIKAPIK,228
08261,Indian Reserve,BC,DOG CREEK 4,8ff456ccba3411d892e2080020a0f4c9,DOG CREEK,4
06369,Indian Reserve,MB,PIGEON RIVER 13A,ec734555bbe211d892e2080020a0f4c9,PIGEON RIVER,13A
08381,Indian Reserve,ON,KINGFISHER INDIAN RESERVE NO. 2A,905c126dba2c11d892e2080020a0f4c9,KINGFISHER,2A
09323,Indian Reserve,SK,OCHAPOWACE I.R. 71-78,f826e07dbbe211d892e2080020a0f4c9,OCHAPOWACE I.R. 71-78,
09573,Indian Reserve,SK,OCHAPOWACE I.R. 71-3,6c9ebc28849c20c399f0f863a34b3b99,OCHAPOWACE I.R. 71-3,
10226,Indian Reserve,MB,ROSEAU RAPIDS C INDIAN RESERVE,9dec797d40684cccb63be73755dc165c,ROSEAU RAPIDS C,
07889,Indian Reserve,BC,KDAD-EESH 4,7a1e529dba3511d892e2080020a0f4c9,KDAD-EESH,4
07530,Indian Reserve,BC,LAKETOWN 3,6a5f8f26ba3511d892e2080020a0f4c9,LAKETOWN,3
07324,Indian Reserve,BC,STRYEN 9,32cb15faba3611d892e2080020a0f4c9,STRYEN,9
07333,Indian Reserve,BC,HALHALAEDEN 14A,33d50bf2ba3611d892e2080020a0f4c9,HALHALAEDEN,14A
10072,Indian Reserve,SK,CARRY THE KETTLE NAKODA FIRST NATION NO. 76-84,0cc78309c4cc4168a0de0312f0346355,CARRY THE KETTLE NAKODA FIRST NATION NO. 76-84,
06722,Indian Reserve,AB,GREGOIRE LAKE 176,064b2e13bbe311d892e2080020a0f4c9,GREGOIRE LAKE,176
09251,Indian Reserve,SK,KEESEEKOOSE I.R. 66-ST-01,f27052eabbe211d892e2080020a0f4c9,KEESEEKOOSE I.R. 66-ST-01,
10191,Indian Reserve,MB,TLOCK DESI CHIYE INDIAN RESERVE,600de07954b849888f32818b5a8d305b,TLOCK DESI CHIYE,
09884,Indian Reserve,SK,MUSKOWEKWAN INDIAN RESERVE NO. 85-64,b2c7e42931bb4150b74abcca01a370db,MUSKOWEKWAN INDIAN RESERVE NO. 85-64,
09310,Indian Reserve,SK,SAULTEAUX I.R. 159M,fa95bdd5bbe211d892e2080020a0f4c9,SAULTEAUX,159M
07011,Indian Reserve,BC,WYCLESE 1,0df352acba3611d892e2080020a0f4c9,WYCLESE,1
07338,Indian Reserve,BC,NOCTEN 19,347df628ba3611d892e2080020a0f4c9,NOCTEN,19
06161,Indian Reserve,ON,FLYING POST INDIAN RESERVE NO. 73,82218298ba2511d892e2080020a0f4c9,FLYING POST,73
08177,Indian Reserve,BC,FREDDIE CHARLEY BOY 7,9a1da7edba3411d892e2080020a0f4c9,FREDDIE CHARLEY BOY,7
08169,Indian Reserve,BC,ALEXANDRIA 12,998f2383ba3411d892e2080020a0f4c9,ALEXANDRIA,12
06833,Indian Reserve,BC,FULFORD HARBOUR 5,fee7b286ba3511d892e2080020a0f4c9,FULFORD HARBOUR,5
09619,Indian Reserve,MB,WUSKWI SIPIHK 4,a10bf5feffb211dda89a080020a0f4c9,WUSKWI SIPIHK,4
09361,Indian Reserve,SK,MUSKOWEKWAN I.R. 85-31,6c9ebbff849c20c3d0efa1970ab839a9,MUSKOWEKWAN I.R. 85-31,
06622,Indian Reserve,SK,LAST MOUNTAIN LAKE I.R. 80A,f00f0a10bbe211d892e2080020a0f4c9,LAST MOUNTAIN LAKE,80A
09563,Indian Reserve,SK,OCHAPOWACE I.R. 71-21,6c9ebc27849c20c342bdb94ec357bb3c,OCHAPOWACE I.R. 71-21,
08340,Indian Reserve,BC,CAHOOSE 10,db155164ba3511d892e2080020a0f4c9,CAHOOSE,10
09770,Indian Reserve,BC,WESTON BAY 20,472d952c5a6111dd9007080020a0f4c9,WESTON BAY,20
09999,Indian Reserve,SK,KISKINWUHUMATOWIN RESERVE,ed790786dca6441786c2f306973df162,KISKINWUHUMATOWIN,
06512,Indian Reserve,SK,LITTLE HILLS I.R. 158,f2e1b267bbe211d892e2080020a0f4c9,LITTLE HILLS,158
07779,Indian Reserve,BC,BIRNIE ISLAND 18,a06d68f1ba3411d892e2080020a0f4c9,BIRNIE ISLAND,18
08023,Indian Reserve,BC,GLAZIER CREEK 12,94704144ba3411d892e2080020a0f4c9,GLAZIER CREEK,12
07491,Indian Reserve,BC,NE-TSAW-GREECE 10,632769feba3511d892e2080020a0f4c9,NE-TSAW-GREECE,10
06990,Indian Reserve,BC,KEOGH 6,17de3be8ba3611d892e2080020a0f4c9,KEOGH,6
07264,Indian Reserve,BC,KAHMOOSE 4,21d495d3ba3611d892e2080020a0f4c9,KAHMOOSE,4
09263,Indian Reserve,SK,MUSKOWEKWAN I.R. 85-24,f4f77339bbe211d892e2080020a0f4c9,MUSKOWEKWAN I.R. 85-24,
07028,Indian Reserve,BC,MATSAYNO 5,0f9569fdba3611d892e2080020a0f4c9,MATSAYNO,5
09326,Indian Reserve,SK,STAR BLANKET I.R. 83C,fcf1af44bbe211d892e2080020a0f4c9,STAR BLANKET,83C
07499,Indian Reserve,BC,BABINE RIVER 21,642bbaa6ba3511d892e2080020a0f4c9,BABINE RIVER,21
07878,Indian Reserve,BC,KOQUI 6,719f557dba3511d892e2080020a0f4c9,KOQUI,6
09981,Indian Reserve,SK,OCHAPOWACE INDIAN RESERVE NO. 71-132,1736b4db790c4a8bb9afa365f80601b4,OCHAPOWACE INDIAN RESERVE NO. 71-132,
09931,Indian Reserve,SK,SAULTEAUX FIRST NATION INDIAN RESERVE NO. 159LL,df69cbebcbaf439ab8e84982c0cdc5f4,SAULTEAUX FIRST NATION,159LL
06657,Indian Reserve,AB,ERMINESKIN 138,014a5b33bbe311d892e2080020a0f4c9,ERMINESKIN,138
06044,Indian Reserve,NS,ESKASONI INDIAN RESERVE NO. 3A,b6a4a6cbaffd11d892e2080020a0f4c9,ESKASONI,3A
09919,Indian Reserve,SK,OCEAN MAN INDIAN RESERVE NO. 69S,018a912b6a9e415fa85353cda65d2898,OCEAN MAN,69S
09689,Indian Reserve,MB,BUFFALO POINT FIRST NATION INDIAN RESERVE NO 3,1d52ccb7ffb211dda89a080020a0f4c9,BUFFALO POINT FIRST NATION,3
08354,Indian Reserve,BC,SHERATON CREEK 19,5a200318ba3511d892e2080020a0f4c9,SHERATON CREEK,19
09761,Indian Reserve,MB,NORWAY HOUSE 17D-4,ef5857995a5f11dd9007080020a0f4c9,NORWAY HOUSE 17D-4,
06681,Indian Reserve,AB,KAPAWE'NO FIRST NATION NO. 150C,0500d3a4bbe311d892e2080020a0f4c9,KAPAWE'NO FIRST NATION,150C
09837,Indian Reserve,MB,NORWAY HOUSE INDIAN RESERVE NO. 17C-33,ef54fac7b1a845fda333812d2298f0a1,NORWAY HOUSE INDIAN RESERVE NO. 17C-33,
07312,Indian Reserve,BC,LYTTON 4B,31a05190ba3611d892e2080020a0f4c9,LYTTON,4B
09184,Indian Reserve,SK,SAKIMAY I.R. 74-3,f96776f2bbe211d892e2080020a0f4c9,SAKIMAY I.R. 74-3,
07496,Indian Reserve,BC,TADINLAY 15,63cea683ba3511d892e2080020a0f4c9,TADINLAY,15
09471,Indian Reserve,SK,ONION LAKE INDIAN RESERVE NO. 119-2,6c9ebc14849c20c3d7595ea7bbccb9c5,ONION LAKE INDIAN RESERVE NO. 119-2,
07810,Indian Reserve,BC,NDAKDOLK 54,491fe73fba3511d892e2080020a0f4c9,NDAKDOLK,54
09594,Indian Reserve,SK,CARRY THE KETTLE NAKODA I.R. 76-12,6c9ebc2f849c20c33c12325d99c9da5d,CARRY THE KETTLE NAKODA I.R. 76-12,
09710,Indian Reserve,MB,OXFORD HOUSE 24B,76e47cc7ffb211dda89a080020a0f4c9,OXFORD HOUSE,24B
07770,Indian Reserve,BC,LAX KW'ALAAMS 1,581c9d29ba3611d892e2080020a0f4c9,LAX KW'ALAAMS,1
07070,Indian Reserve,BC,CAYUSE 6,1a08bc1cba3611d892e2080020a0f4c9,CAYUSE,6
09278,Indian Reserve,SK,SAULTEAUX INDIAN RESERVE NO. 159P,fb115678bbe211d892e2080020a0f4c9,SAULTEAUX,159P
06976,Indian Reserve,BC,ALALCO 8,0a0f137bba3611d892e2080020a0f4c9,ALALCO,8
07068,Indian Reserve,BC,KULTAH 4,19dd183aba3611d892e2080020a0f4c9,KULTAH,4
07249,Indian Reserve,BC,HAMILTON CREEK 2,e193ea96ba3511d892e2080020a0f4c9,HAMILTON CREEK,2
08034,Indian Reserve,BC,MCMILLAN ISLAND 6,824befebba3411d892e2080020a0f4c9,MCMILLAN ISLAND,6
09911,Indian Reserve,MB,PACHAPESIHK WASAHOW INDIAN RESERVE,bc5923202c1d477f98b613f5c66d7b6b,PACHAPESIHK WASAHOW,
10235,Indian Reserve,BC,COQUALEETZA,268bc71f50214cf2b41e5782f3f2b065,COQUALEETZA,
09420,Indian Reserve,SK,THUNDERCHILD FIRST NATION IR 115I,6c9ebc0b849c20c3a9e1c80a5fad083b,THUNDERCHILD FIRST NATION,115I
08102,Indian Reserve,BC,KAYKAIP 7,97fc4e69ba3411d892e2080020a0f4c9,KAYKAIP,7
07049,Indian Reserve,BC,OUS 17,15fa128aba3611d892e2080020a0f4c9,OUS,17
10186,Indian Reserve,MB,NITELITÚWE SITE E INDIAN RESERVE,84690c84eedc49a0b77bace750ed0cdf,NITELITUWE SITE E,
06067,Indian Reserve,NB,MOOSE MEADOWS INDIAN RESERVE NO. 4,e93b739cbbe211d892e2080020a0f4c9,MOOSE MEADOWS,4
06871,Indian Reserve,BC,HISNIT FISHERY 34,e9d1c00fba3511d892e2080020a0f4c9,HISNIT FISHERY,34
07940,Indian Reserve,BC,SECHELT BAND LANDS (SWAYWELAT) NO 12,0b7c6a36d05511d892e2080020a0f4c9,SECHELT BAND LANDS (SWAYWELAT),12
09543,Indian Reserve,SK,PIAPOT CREE FIRST NATION I.R. 75K,6c9ebc22849c20c312de9cd2f23c08f9,PIAPOT CREE FIRST NATION,75K
07196,Indian Reserve,BC,SOUTH NEPA 7,3a98eb8dba3611d892e2080020a0f4c9,SOUTH NEPA,7
07514,Indian Reserve,BC,BEAR LAKE 4,6c42a715ba3511d892e2080020a0f4c9,BEAR LAKE,4
06360,Indian Reserve,MB,BLACK RIVER 9,ea21b500bbe211d892e2080020a0f4c9,BLACK RIVER,9
08012,Indian Reserve,BC,TIPELLA 7,7534b154ba3511d892e2080020a0f4c9,TIPELLA,7
07806,Indian Reserve,BC,KSABASN 50,482cfbbbba3511d892e2080020a0f4c9,KSABASN,50
09925,Indian Reserve,MB,WAPIKUNOO BAY INDIAN RESERVE,427555537f9247b099873c502ca451cd,WAPIKUNOO BAY,
08347,Indian Reserve,BC,ANDY CAHOOSE MEADOW 16,dbd1757bba3511d892e2080020a0f4c9,ANDY CAHOOSE MEADOW,16
07825,Indian Reserve,BC,KASIKA 72,4eb6914eba3511d892e2080020a0f4c9,KASIKA,72
08130,Indian Reserve,BC,CHILHIL 6,76d7da10ba3511d892e2080020a0f4c9,CHILHIL,6
07769,Indian Reserve,BC,EDYE 93,9fe7be29ba3411d892e2080020a0f4c9,EDYE,93
06901,Indian Reserve,BC,OPATSEEAH 13,f160def1ba3511d892e2080020a0f4c9,OPATSEEAH,13
06511,Indian Reserve,SK,LAC LA RONGE I.R. 156,efc15f38bbe211d892e2080020a0f4c9,LAC LA RONGE,156
06661,Indian Reserve,AB,BOYER RIVER 164,0413664cbbe311d892e2080020a0f4c9,BOYER RIVER,164
06242,Indian Reserve,ON,NEGUAGUON LAKE INDIAN RESERVE NO. 25D,12b4f742ba2711d892e2080020a0f4c9,NEGUAGUON LAKE,25D
09889,Indian Reserve,AB,TSU NEDEHE TUE 196H,3e5211cbae5145dcba7cceb164d4af27,TSU NEDEHE TUE,196H
06040,Indian Reserve,NS,BEAR RIVER INDIAN RESERVE NO. 6B,b617a902affd11d892e2080020a0f4c9,BEAR RIVER,6B
08353,Indian Reserve,BC,BURNS LAKE 18,59eeb9e7ba3511d892e2080020a0f4c9,BURNS LAKE,18
06166,Indian Reserve,ON,CHAPLEAU INDIAN RESERVE NO. 74,8ed00308ba2611d892e2080020a0f4c9,CHAPLEAU,74
06441,Indian Reserve,MB,SHOAL RIVER 65F,ed93f7b4bbe211d892e2080020a0f4c9,SHOAL RIVER,65F
09319,Indian Reserve,SK,SWEETGRASS I.R. 113-N27,fde4c1debbe211d892e2080020a0f4c9,SWEETGRASS I.R. 113-N27,
09205,Indian Reserve,AB,WINEFRED LAKE 194B,0861b123bbe311d892e2080020a0f4c9,WINEFRED LAKE,194B
10196,Indian Reserve,SK,CARRY THE KETTLE NAKODA FIRST NATION #76-88,ff8a732802c749478b567a3680814c1a,CARRY THE KETTLE NAKODA FIRST NATION #76-88,
06342,Indian Reserve,ON,POPLAR HILL INDIAN RESERVE,7ce2117dba2b11d892e2080020a0f4c9,POPLAR HILL,
09991,Indian Reserve,BC,NZAW’T INDIAN RESERVE NO. 4A,5ffa76c28d324312ba5d4bf20eec6e90,NZAW’T,4A
09358,Indian Reserve,MB,WUSKWI SIPIHK 2,bd58ae72ffb211dda89a080020a0f4c9,WUSKWI SIPIHK,2
07921,Indian Reserve,BC,DEEP VALLEY 5,7c4d8ebcba3511d892e2080020a0f4c9,DEEP VALLEY,5
07334,Indian Reserve,BC,BOOTAHNIE 15,33edeb23ba3611d892e2080020a0f4c9,BOOTAHNIE,15
08216,Indian Reserve,BC,LOON LAKE 10,8ba3c131ba3411d892e2080020a0f4c9,LOON LAKE,10
08091,Indian Reserve,BC,PUCKATHOLETCHIN 11,973c59beba3411d892e2080020a0f4c9,PUCKATHOLETCHIN,11
08429,Indian Reserve,BC,MOSQUITO CREEK 5,414f0e80ba3611d892e2080020a0f4c9,MOSQUITO CREEK,5
07235,Indian Reserve,BC,GULADA 3A,377711ffba3611d892e2080020a0f4c9,GULADA,3A
09255,Indian Reserve,SK,KEESEEKOOSE I.R. 66-ST-03,f289592ebbe211d892e2080020a0f4c9,KEESEEKOOSE I.R. 66-ST-03,
10242,Indian Reserve,AB,WEASEL LAKE,aebb0a83338942438c1e73ecb4f5901d,WEASEL LAKE,
09410,Indian Reserve,SK,COWESSESS I.R. 73A,6c9ebc08849c20c3dfa578a06eca4fc7,COWESSESS,73A
07295,Indian Reserve,BC,HIGH BAR 1,27b7161cba3611d892e2080020a0f4c9,HIGH BAR,1
08045,Indian Reserve,BC,WILLIAMS 2,93279490ba3411d892e2080020a0f4c9,WILLIAMS,2
09996,Indian Reserve,BC,CARP SOUTH INDIAN RESERVE NO. 7,0c4a19ce437c4eb4855494718dfe305e,CARP SOUTH,7
09860,Indian Reserve,SK,MUSKOWEKWAN INDIAN RESERVE NO. 85-59,6867266d7a0c461e959a5b490a6a78ef,MUSKOWEKWAN INDIAN RESERVE NO. 85-59,
10224,Indian Reserve,SK,CARRY THE KETTLE NAKODA FIRST NATION #76-114,e876a257b61e4596954bc6e64fb057a4,CARRY THE KETTLE NAKODA FIRST NATION #76-114,
10080,Indian Reserve,SK,CARRY THE KETTLE NAKODA FIRST NATION NO. 76-76,1361e9de998c4237937471c6ec6275af,CARRY THE KETTLE NAKODA FIRST NATION NO. 76-76,
07748,Indian Reserve,BC,TSIMLAIREN 15,05b248e0ba3611d892e2080020a0f4c9,TSIMLAIREN,15
09535,Indian Reserve,SK,THUNDERCHILD FIRST NATION IR 115T,6c9ebc20849c20c3bdcced1343bc4aaf,THUNDERCHILD FIRST NATION,115T
08220,Indian Reserve,BC,ISADORE HARRY 12,8bcb9484ba3411d892e2080020a0f4c9,ISADORE HARRY,12
09697,Indian Reserve,MB,WAPASIHK,dad05257ffb211dda89a080020a0f4c9,WAPASIHK,
09942,Indian Reserve,PE,LENNOX ISLAND BAND INDIAN RESERVE NO. 6,74c58717adc34215b67f595b430be6ba,LENNOX ISLAND BAND,6
09351,Indian Reserve,SK,MUSKOWEKWAN I.R. 85-33,6c9ebbfe849c20c325f669346f138429,MUSKOWEKWAN I.R. 85-33,
06743,Indian Reserve,MB,NORWAY HOUSE 17B,ed55680bbbe211d892e2080020a0f4c9,NORWAY HOUSE,17B
06672,Indian Reserve,AB,JACKFISH POINT 214,04652fd2bbe311d892e2080020a0f4c9,JACKFISH POINT,214
08424,Indian Reserve,BC,TESLIN LAKE 9,420f9f66ba3611d892e2080020a0f4c9,TESLIN LAKE,9
08289,Indian Reserve,BC,JAMES LOUIE 3A,dc6948b1ba3511d892e2080020a0f4c9,JAMES LOUIE,3A
07790,Indian Reserve,BC,CHANNEL ISLANDS 33,3f801ad2ba3611d892e2080020a0f4c9,CHANNEL ISLANDS,33
06953,Indian Reserve,BC,KAHNTAH 3,60605aa9ba3511d892e2080020a0f4c9,KAHNTAH,3
07988,Indian Reserve,BC,SCHALTUUCH 27,96c554f5ba3411d892e2080020a0f4c9,SCHALTUUCH,27
08040,Indian Reserve,BC,PAQULH,92d3811bba3411d892e2080020a0f4c9,PAQULH,
09067,Indian Reserve,AB,WOODLAND CREE 226,07925427bbe311d892e2080020a0f4c9,WOODLAND CREE,226
07364,Indian Reserve,BC,NAHAMANAK 7,3d0dbb2fba3611d892e2080020a0f4c9,NAHAMANAK,7
06704,Indian Reserve,AB,CHIPEWYAN 201,05bca9a7bbe311d892e2080020a0f4c9,CHIPEWYAN,201
09995,Indian Reserve,SK,STURGEON LAKE INDIAN RESERVE NO. 101D,a2bdf87e554345ae97158860be6fec7c,STURGEON LAKE,101D
10240,Indian Reserve,AB,LUBICON LAKE,4bc5e0a08403469ca0b738ce43b6509b,LUBICON LAKE,
08114,Indian Reserve,BC,SKUMALASPH 16,989c10e5ba3411d892e2080020a0f4c9,SKUMALASPH,16
06649,Indian Reserve,AB,ALEXIS 133,01267f81bbe311d892e2080020a0f4c9,ALEXIS,133
07081,Indian Reserve,BC,MAQUAZNEECHT ISLAND 17,1ad708a6ba3611d892e2080020a0f4c9,MAQUAZNEECHT ISLAND,17
09201,Indian Reserve,SK,SAULTEAUX I.R. 159D,f9daab2bbbe211d892e2080020a0f4c9,SAULTEAUX,159D
06818,Indian Reserve,BC,NANAIMO RIVER 4,efc88ba0ba3511d892e2080020a0f4c9,NANAIMO RIVER,4
06838,Indian Reserve,BC,GOLDSTREAM 13,008f6f26ba3611d892e2080020a0f4c9,GOLDSTREAM,13
10244,Indian Reserve,AB,BISON LAKE,03ab3e3a3b60412fb5ec13ff1d690612,BISON LAKE,
10166,Indian Reserve,SK,CARRY THE KETTLE NAKODA FIRST NATION NO. 76-66,303b07c41dd24ac7ba1317b906f22741,CARRY THE KETTLE NAKODA FIRST NATION NO. 76-66,
09387,Indian Reserve,SK,OCHAPOWACE I.R. 71-74,6c9ebc04849c20c3a980ef3b9581288f,OCHAPOWACE I.R. 71-74,
09750,Indian Reserve,MB,ODEI RIVER INDIAN RESERVE,b9f8d4adcd654e53b48a753fb5f139e2,ODEI RIVER,
08534,Indian Reserve,BC,MESILINKA INDIAN RESERVE NO. 7,ebd16a41f6f5487eb7e462652084812f,MESILINKA,7
08269,Indian Reserve,BC,LEZBYE 6,d53df4cbba3511d892e2080020a0f4c9,LEZBYE,6
09782,Indian Reserve,SK,CARRY THE KETTLE NAKODA I.R. 76-29,ecf3724f01d611dea89a080020a0f4c9,CARRY THE KETTLE NAKODA I.R. 76-29,
06989,Indian Reserve,BC,THOMAS POINT 5A,0b624777ba3611d892e2080020a0f4c9,THOMAS POINT,5A
07187,Indian Reserve,BC,NEKALLISTON 2,39436d9fba3611d892e2080020a0f4c9,NEKALLISTON,2
09390,Indian Reserve,AB,SWAMPY LAKE 236,778b00aaffb311dda89a080020a0f4c9,SWAMPY LAKE,236
07832,Indian Reserve,BC,TSEMKNAWALQAN 79,4ff7c2e4ba3511d892e2080020a0f4c9,TSEMKNAWALQAN,79
08241,Indian Reserve,BC,ANAHIM 16,8edd8f89ba3411d892e2080020a0f4c9,ANAHIM,16
09674,Indian Reserve,SK,OCHAPOWACE I.R. 71-27,6c9ebc3a849c20c3f569fe4cea933b5e,OCHAPOWACE I.R. 71-27,
09838,Indian Reserve,MB,NORWAY HOUSE INDIAN RESERVE NO. 17C-34,25780f6730a4401a9f177b84f1a27e6a,NORWAY HOUSE INDIAN RESERVE NO. 17C-34,
10161,Indian Reserve,MB,PUTAHOW LAKE SITE B INDIAN RESERVE,1ab8010f0ee9465b8bc3dfe828f653a2,PUTAHOW LAKE SITE B,
10122,Indian Reserve,MB,LUÉCHO TUWÉ 1 INDIAN RESERVE,28063a957945452998328a33d44ef479,LUECHO TUWE 1,
07202,Indian Reserve,BC,SHAWNIKEN 3,25b2ba87ba3611d892e2080020a0f4c9,SHAWNIKEN,3
09174,Indian Reserve,SK,OCHAPOWACE I.R. 71-36,f6d421a2bbe211d892e2080020a0f4c9,OCHAPOWACE I.R. 71-36,
07902,Indian Reserve,BC,COCKMI 3,8390a4ffba3411d892e2080020a0f4c9,COCKMI,3
08372,Indian Reserve,BC,ENTLQWEKKINH 19,278a87daba3611d892e2080020a0f4c9,ENTLQWEKKINH,19
09974,Indian Reserve,SK,FLYING DUST FIRST NATION 105 I,568ceea00fc64b7eaea79046817d7bec,FLYING DUST FIRST NATION 105 I,
08484,Indian Reserve,BC,WHA T'A NOO 40,528d6d0fba3611d892e2080020a0f4c9,WHA T'A NOO,40
07528,Indian Reserve,BC,STONY CREEK 1,6a22ad34ba3511d892e2080020a0f4c9,STONY CREEK,1
07869,Indian Reserve,BC,YELLERTLEE 12,7028e214ba3511d892e2080020a0f4c9,YELLERTLEE,12
08314,Indian Reserve,BC,KLOYADINGLI 2,901fac8eba3411d892e2080020a0f4c9,KLOYADINGLI,2
09769,Indian Reserve,BC,FINLAY BAY 21,ac0ddcd15a6111dd9007080020a0f4c9,FINLAY BAY,21
07277,Indian Reserve,BC,CHAUMOX 11,233ed440ba3611d892e2080020a0f4c9,CHAUMOX,11
08305,Indian Reserve,BC,BAEZAEKO RIVER 27,911e56eeba3411d892e2080020a0f4c9,BAEZAEKO RIVER,27
06235,Indian Reserve,ON,LAKE OF THE WOODS INDIAN RESERVE NO. 31C,11cc930cba2711d892e2080020a0f4c9,LAKE OF THE WOODS,31C
07814,Indian Reserve,BC,SPAYAKS 60,4a00f873ba3511d892e2080020a0f4c9,SPAYAKS,60
07808,Indian Reserve,BC,KNAMADEEK 52,48a64a6dba3511d892e2080020a0f4c9,KNAMADEEK,52
06991,Indian Reserve,BC,KLICKSEEWY 7,0b80a4e8ba3611d892e2080020a0f4c9,KLICKSEEWY,7
09158,Indian Reserve,SK,SWEETGRASS I.R. 113-C7,fdc6164cbbe211d892e2080020a0f4c9,SWEETGRASS I.R. 113-C7,
09613,Indian Reserve,MB,CROSS LAKE 19X03,7202cae6ffb211dda89a080020a0f4c9,CROSS LAKE 19X03,
09786,Indian Reserve,MB,OVERFLOWING RIVER SAPOTAWEYAK CREE NATION,2d739b2a198748f186bd4d657e2ed62c,OVERFLOWING RIVER SAPOTAWEYAK CREE NATION,
09976,Indian Reserve,SK,FLYING DUST FIRST NATION 105 H,59cba34742884a78b49007db1e973762,FLYING DUST FIRST NATION 105 H,
08280,Indian Reserve,BC,BRIGHAM CREEK 3,d73000d5ba3511d892e2080020a0f4c9,BRIGHAM CREEK,3
06686,Indian Reserve,AB,STURGEON LAKE 154A,054e576bbbe311d892e2080020a0f4c9,STURGEON LAKE,154A
06299,Indian Reserve,ON,MARTEN FALLS INDIAN RESERVE NO. 65,199f7c3dba2811d892e2080020a0f4c9,MARTEN FALLS,65
06397,Indian Reserve,MB,SANDY BAY 5,ecaa5aeebbe211d892e2080020a0f4c9,SANDY BAY,5
07486,Indian Reserve,BC,NO-CUT 5,6264b639ba3511d892e2080020a0f4c9,NO-CUT,5
06189,Indian Reserve,ON,MORAVIAN INDIAN RESERVE NO. 47,df4dacf6ba2711d892e2080020a0f4c9,MORAVIAN,47
06800,Indian Reserve,BC,THEIK 2,ecdc19f8ba3511d892e2080020a0f4c9,THEIK,2
08363,Indian Reserve,BC,ISKUT 6,02355707ba3611d892e2080020a0f4c9,ISKUT,6
06279,Indian Reserve,MB,NORTHWEST ANGLE INDIAN RESERVE NO. 34C AND 37B,4dfe1ef5ba2711d892e2080020a0f4c9,NORTHWEST ANGLE INDIAN RESERVE NO. 34C AND,37B
10131,Indian Reserve,MB,ATKINSON LAKE B INDIAN RESERVE,bd6e48e870994625b7e453e01eb5b550,ATKINSON LAKE B,
06789,Indian Reserve,BC,LAMB ISLAND 5,ea40ae83ba3511d892e2080020a0f4c9,LAMB ISLAND,5
10254,Indian Reserve,MB,WUSKWI SIPIHK FIRST NATION KEEWATINOHK RESERVE,b3b9bc88e992479d87c8181838850602,WUSKWI SIPIHK FIRST NATION KEEWATINOHK,
10101,Indian Reserve,NB,BUCTOUCHE MICMAC BAND EXTENSION,fe86dda3717a449ba64078e649069c0a,BUCTOUCHE MICMAC BAND EXTENSION,
09338,Indian Reserve,MB,MUKWA NARROWS,2b9b436affb211dda89a080020a0f4c9,MUKWA NARROWS,
09930,Indian Reserve,SK,ENGLISH RIVER FLATSTONE LAKE I.R. 192L,544ea46c391f4081a392e9da61fa3935,ENGLISH RIVER FLATSTONE LAKE,192L
06165,Indian Reserve,ON,CHAPLEAU INDIAN RESERVE NO. 61A,83f8be47ba2611d892e2080020a0f4c9,CHAPLEAU,61A
08156,Indian Reserve,BC,NECAIT 6,93b68e29ba3411d892e2080020a0f4c9,NECAIT,6
06028,Indian Reserve,NS,GOLD RIVER INDIAN RESERVE NO. 21,b8d875d2affd11d892e2080020a0f4c9,GOLD RIVER,21
08031,Indian Reserve,BC,LANGLEY 3,822c0bd9ba3411d892e2080020a0f4c9,LANGLEY,3
07822,Indian Reserve,BC,IAKGWAS 69,4df208cbba3511d892e2080020a0f4c9,IAKGWAS,69
09516,Indian Reserve,SK,OKANESE I.R. 82(EE),6c9ebc1c849c20c30ec09568d6438f6a,OKANESE I.R. 82(EE),
07501,Indian Reserve,BC,BABINE LAKE 21B,647f7ff8ba3511d892e2080020a0f4c9,BABINE LAKE,21B
09585,Indian Reserve,SK,POUNDMAKER I.R. 114-18B,6c9ebc2c849c20c3719efbf65b9f70a4,POUNDMAKER I.R. 114-18B,
06873,Indian Reserve,BC,OPITSAT 1,eb398d7dba3511d892e2080020a0f4c9,OPITSAT,1
09687,Indian Reserve,SK,THUNDERCHILD FIRST NATION IR 115Z,6c9ebc3c849c20c34d8ef732069b2bd8,THUNDERCHILD FIRST NATION,115Z
10150,Indian Reserve,MB,NORWAY HOUSE CREE NATION OPIMINEGOKA LAKE INDIAN RESERVE,426fac8782004dd1a65b906b57a5f18b,NORWAY HOUSE CREE NATION OPIMINEGOKA LAKE,
06783,Indian Reserve,BC,GITANYOW 2,4c61399cba3611d892e2080020a0f4c9,GITANYOW,2
06295,Indian Reserve,ON,ENGLISH RIVER INDIAN RESERVE NO. 66,fdfebb3aba2711d892e2080020a0f4c9,ENGLISH RIVER,66
09352,Indian Reserve,SK,OKANESE I.R. 82(Q),6c9ebbfe849c20c3477d78e57577aebd,OKANESE I.R. 82(Q),
10135,Indian Reserve,MB,WAR LAKE A INDIAN RESERVE,78a12ed1e11a44338ead3e20bd69d598,WAR LAKE A,
07510,Indian Reserve,BC,BEAR LAKE 1B,6bc364f1ba3511d892e2080020a0f4c9,BEAR LAKE,1B
08087,Indian Reserve,BC,OHAMIL 1,8331950aba3411d892e2080020a0f4c9,OHAMIL,1
07373,Indian Reserve,BC,SKUPPAH 4A,ddb6d75dba3511d892e2080020a0f4c9,SKUPPAH,4A
09754,Indian Reserve,MB,NORWAY HOUSE 17D-2,0fc6e9af5a5f11dd9007080020a0f4c9,NORWAY HOUSE 17D-2,
07843,Indian Reserve,BC,GILL ISLAND 2,00c39e88ba3611d892e2080020a0f4c9,GILL ISLAND,2
09647,Indian Reserve,AB,TSU TUE 196G,3d24bf03ffb311dda89a080020a0f4c9,TSU TUE,196G
09993,Indian Reserve,SK,STURGEON LAKE INDIAN RESERVE NO. 101B,cc0b353362bf4667b19199a293d89771,STURGEON LAKE,101B
09460,Indian Reserve,SK,POUNDMAKER I.R. 114-8A,6c9ebc12849c20c31885944fbf9802e0,POUNDMAKER I.R. 114-8A,
07108,Indian Reserve,BC,ETSEKIN 1,1d3cbe19ba3611d892e2080020a0f4c9,ETSEKIN,1
06815,Indian Reserve,BC,NANAIMO TOWN 1,ef7ab9bdba3511d892e2080020a0f4c9,NANAIMO TOWN,1
09785,Indian Reserve,SK,SAULTEAUX INDIAN RESERVE NO. 159EE,26c7a6be01cf11dea89a080020a0f4c9,SAULTEAUX,159EE
06293,Indian Reserve,ON,YELLOW GIRL BAY INDIAN RESERVE NO. 32B,c8420473ba2711d892e2080020a0f4c9,YELLOW GIRL BAY,32B
09185,Indian Reserve,SK,SAKIMAY I.R. 74-4,f96d6a63bbe211d892e2080020a0f4c9,SAKIMAY I.R. 74-4,
06872,Indian Reserve,BC,SWAN 35,e9f0b9c0ba3511d892e2080020a0f4c9,SWAN,35
06434,Indian Reserve,MB,OPASKWAYAK CREE NATION 21P,edd3e6eabbe211d892e2080020a0f4c9,OPASKWAYAK CREE NATION,21P
09444,Indian Reserve,SK,ONE ARROW I.R. 95-1G,6c9ebc0f849c20c37378f89bb8d6ff47,ONE ARROW I.R. 95-1G,
07945,Indian Reserve,BC,SECHELT BAND LANDS (SLAYATHLUM) NO 16,75a84854d05511d892e2080020a0f4c9,SECHELT BAND LANDS (SLAYATHLUM),16
08467,Indian Reserve,BC,METSO A CHOOT 23,51c450a7ba3611d892e2080020a0f4c9,METSO A CHOOT,23
06571,Indian Reserve,SK,PIAPOT INDIAN RESERVE NO. 75,f075941dbbe211d892e2080020a0f4c9,PIAPOT,75
07047,Indian Reserve,BC,CHEESISH 15,15c59508ba3611d892e2080020a0f4c9,CHEESISH,15
06856,Indian Reserve,BC,WAHOUS 19,e8507731ba3511d892e2080020a0f4c9,WAHOUS,19
07040,Indian Reserve,BC,HOISS 8,15141f51ba3611d892e2080020a0f4c9,HOISS,8
09955,Indian Reserve,SK,CARRY THE KETTLE NAKODA FIRST NATION NO. 76-42,54228e0056c64f54bc617a6c813b216a,CARRY THE KETTLE NAKODA FIRST NATION NO. 76-42,
09797,Indian Reserve,MB,OPEKANOWI SAKAHEYKUN,6dd3c6ec732c4601be85442508006f99,OPEKANOWI SAKAHEYKUN,
07673,Indian Reserve,BC,NADEN 10,9e02352aba3411d892e2080020a0f4c9,NADEN,10
09869,Indian Reserve,MB,HIGH HILL LAKE INDIAN RESERVE,1af6973e341e4f3b9426eda4b66fc00d,HIGH HILL LAKE,
07130,Indian Reserve,BC,GRASSY ISLAND 17,1362508eba3611d892e2080020a0f4c9,GRASSY ISLAND,17
09898,Indian Reserve,SK,CARRY THE KETTLE NAKODA FIRST NATION IR 76-37,51b77dcf4a8349b198f4dc8d9868ef25,CARRY THE KETTLE NAKODA FIRST NATION IR 76-37,
08335,Indian Reserve,BC,ULKATCHO 5,d8a0a7e0ba3511d892e2080020a0f4c9,ULKATCHO,5
09502,Indian Reserve,BC,WEEDON CARP 6,96464a94849c20c3df39b5152c5c7636,WEEDON CARP,6
08173,Indian Reserve,BC,CHARLEY BOY'S MEADOW 3,99dc0b09ba3411d892e2080020a0f4c9,CHARLEY BOY'S MEADOW,3
09153,Indian Reserve,SK,OKANESE I.R. 82(A),f848723ebbe211d892e2080020a0f4c9,OKANESE I.R. 82(A),
07549,Indian Reserve,BC,INZANA LAKE 12,6690fae7ba3511d892e2080020a0f4c9,INZANA LAKE,12
07075,Indian Reserve,BC,O-YA-KUM-LA 11,1a5814a0ba3611d892e2080020a0f4c9,O-YA-KUM-LA,11
07344,Indian Reserve,BC,TUCKOZAP 24,35ffb430ba3611d892e2080020a0f4c9,TUCKOZAP,24
08174,Indian Reserve,BC,TOBY'S MEADOW 4,99e8671aba3411d892e2080020a0f4c9,TOBY'S MEADOW,4
07274,Indian Reserve,BC,BOOTHROYD 8A,22f2fe2dba3611d892e2080020a0f4c9,BOOTHROYD,8A
09435,Indian Reserve,AB,ALEXANDER 134B,1a8ed56dffb311dda89a080020a0f4c9,ALEXANDER,134B
07484,Indian Reserve,BC,MCLEOD LAKE 5,6641a264ba3511d892e2080020a0f4c9,MCLEOD LAKE,5
07270,Indian Reserve,BC,BOOTHROYD 6A,226defa9ba3611d892e2080020a0f4c9,BOOTHROYD,6A
07783,Indian Reserve,BC,PITT ISLAND 27,a0a7d9e5ba3411d892e2080020a0f4c9,PITT ISLAND,27
07860,Indian Reserve,BC,QUARTCHA 3,6ebb484bba3511d892e2080020a0f4c9,QUARTCHA,3
07831,Indian Reserve,BC,IAKWULGYIYAPS 78,4fde4773ba3511d892e2080020a0f4c9,IAKWULGYIYAPS,78
08297,Indian Reserve,BC,NAZCO CEMETERY 20A,7efa8560ba3511d892e2080020a0f4c9,NAZCO CEMETERY,20A
07027,Indian Reserve,BC,DOVE ISLAND 12,0f7d752cba3611d892e2080020a0f4c9,DOVE ISLAND,12
06256,Indian Reserve,ON,STURGEON FALLS INDIAN RESERVE NO. 23,14d25910ba2711d892e2080020a0f4c9,STURGEON FALLS,23
09548,Indian Reserve,SK,POUNDMAKER I.R. 114-22,6c9ebc23849c20c3fce4edf600e81b07,POUNDMAKER I.R. 114-22,
06803,Indian Reserve,BC,TZART-LAM 5,ed34250bba3511d892e2080020a0f4c9,TZART-LAM,5
06566,Indian Reserve,SK,MUSCOWPETUNG I.R. 80,f0327096bbe211d892e2080020a0f4c9,MUSCOWPETUNG,80
10058,Indian Reserve,ON,RAINY RIVER FIRST NATIONS NO. 3,492078c8314e440aba22afcb3e6cdbb9,RAINY RIVER FIRST NATIONS,3
07052,Indian Reserve,BC,NIMPKISH INDIAN RESERVE NO. 2,164a074dba3611d892e2080020a0f4c9,NIMPKISH,2
09260,Indian Reserve,SK,OCHAPOWACE I.R. 71-61,f7ea73b7bbe211d892e2080020a0f4c9,OCHAPOWACE I.R. 71-61,
06144,Indian Reserve,ON,SAUG-A-GAW-SING INDIAN RESERVE NO. 1,1149a76aba2711d892e2080020a0f4c9,SAUG-A-GAW-SING,1
06331,Indian Reserve,ON,FORT SEVERN INDIAN RESERVE NO. 89,e9295d57ba2811d892e2080020a0f4c9,FORT SEVERN,89
09849,Indian Reserve,MB,NORWAY HOUSE INDIAN RESERVE NO. 17C-45,d7c0849c71e043c6b99894acfbec4c3b,NORWAY HOUSE INDIAN RESERVE NO. 17C-45,
07688,Indian Reserve,BC,MAMMIN RIVER 25,9edf00a9ba3411d892e2080020a0f4c9,MAMMIN RIVER,25
08246,Indian Reserve,BC,CANIM LAKE 3,8f23e75eba3411d892e2080020a0f4c9,CANIM LAKE,3
08420,Indian Reserve,BC,FIVE MILE POINT 3,4098b6cbba3611d892e2080020a0f4c9,FIVE MILE POINT,3
10258,Indian Reserve,BC,CHARLIE LAKE,f51428af9fca48188fdc26560751b0c3,CHARLIE LAKE,
07446,Indian Reserve,BC,TARGE CREEK 15,5efb4c60ba3511d892e2080020a0f4c9,TARGE CREEK,15
07985,Indian Reserve,BC,KAIKALAHUN 25,9693e4b2ba3411d892e2080020a0f4c9,KAIKALAHUN,25
09512,Indian Reserve,SK,FLYING DUST FIRST NATION INDIAN RESERVE NO. 105E,6c9ebc1b849c20c3e641d30e913d8f3d,FLYING DUST FIRST NATION,105E
10260,Indian Reserve,AB,GODS LAKE INDIAN RESERVE NO. 238A,9c8a7e7b67f94c3fbee332f3b7180417,GODS LAKE,238A
07495,Indian Reserve,BC,CHANOODANDIDALCH 14,6397df12ba3511d892e2080020a0f4c9,CHANOODANDIDALCH,14
08428,Indian Reserve,BC,HORSE RANCH PASS 4,c565472a849c20c35802ac271d4d22fc,HORSE RANCH PASS,4
06448,Indian Reserve,MB,GARDEN HILL,eead5710bbe211d892e2080020a0f4c9,GARDEN HILL,
07236,Indian Reserve,BC,SKHPOWTZ 4,378b5d50ba3611d892e2080020a0f4c9,SKHPOWTZ,4
07401,Indian Reserve,BC,BLIND CREEK 6,2f367d72ba3611d892e2080020a0f4c9,BLIND CREEK,6
07897,Indian Reserve,BC,MARY COVE 12,7b6d19c5ba3511d892e2080020a0f4c9,MARY COVE,12
10271,Indian Reserve,QC,GESPEG RESERVE,26530853c54e44c293a4a6dcef3991d3,GESPEG,
10273,Indian Reserve,BC,NELA'HUT'EN-A,02336327c1044adf8e0d9c0dec6d8af5,NELA'HUT'EN-A,
09636,Indian Reserve,SK,MOSQUITO GRIZZLY BEAR'S HEAD LEAN MAN TLE INDIAN RESERVE NO. 1,6c9ebc34849c20c39f3b27d9387a9c70,MOSQUITO GRIZZLY BEAR'S HEAD LEAN MAN TLE,1
06068,Indian Reserve,NL,SAMIAJIJ MIAWPUKEK,e849c08dbbe211d892e2080020a0f4c9,SAMIAJIJ MIAWPUKEK,
06111,Indian Reserve,QC,INNUE ESSIPIT,30823c2cba2411d892e2080020a0f4c9,INNUE ESSIPIT,
06656,Indian Reserve,AB,MONTANA 139,0164e815bbe311d892e2080020a0f4c9,MONTANA,139
07173,Indian Reserve,BC,KAMLOOPS 1,2803615fba3611d892e2080020a0f4c9,KAMLOOPS,1
06751,Indian Reserve,BC,BABINE 17,e6d8f256ba3511d892e2080020a0f4c9,BABINE,17
06755,Indian Reserve,BC,GITANMAAX 1,e3d6609cba3511d892e2080020a0f4c9,GITANMAAX,1
06205,Indian Reserve,ON,PARRY ISLAND FIRST NATION,cdd13716ba2b11d892e2080020a0f4c9,PARRY ISLAND FIRST NATION,
06184,Indian Reserve,ON,GARDEN RIVER INDIAN RESERVE NO. 14,91b62859ba2511d892e2080020a0f4c9,GARDEN RIVER,14
06059,Indian Reserve,NS,MILLBROOK INDIAN RESERVE NO. 27,b6fefbd2affd11d892e2080020a0f4c9,MILLBROOK,27
06500,Indian Reserve,SK,JAMES SMITH I.R. 100,f020e463bbe211d892e2080020a0f4c9,JAMES SMITH,100
06029,Indian Reserve,NS,MEDWAY RIVER INDIAN RESERVE NO. 11,b6e691d0affd11d892e2080020a0f4c9,MEDWAY RIVER,11
09744,Indian Reserve,SK,MUSKOWEKWAN I.R. 85-55,6c9ebc43849c20c3cbbff7442a436a6c,MUSKOWEKWAN I.R. 85-55,
06216,Indian Reserve,ON,PIKWAKANAGAN,54712c96ba2c11d892e2080020a0f4c9,PIKWAKANAGAN,
09504,Indian Reserve,BC,DAVIE LAKE 28,96464a8f849c20c307061829012aa844,DAVIE LAKE,28
06723,Indian Reserve,AB,GREGOIRE LAKE 176A,0651e4d4bbe311d892e2080020a0f4c9,GREGOIRE LAKE,176A
08115,Indian Reserve,BC,BRIDGE RIVER 1,7354cdb5ba3511d892e2080020a0f4c9,BRIDGE RIVER,1
07339,Indian Reserve,BC,KITZOWIT 20,34af1849ba3611d892e2080020a0f4c9,KITZOWIT,20
06748,Indian Reserve,BC,MORICETOWN 1,e689c0e3ba3511d892e2080020a0f4c9,MORICETOWN,1
06436,Indian Reserve,MB,GRAND RAPIDS 33,eb4a087abbe211d892e2080020a0f4c9,GRAND RAPIDS,33
08061,Indian Reserve,BC,UPPER SUMAS 6,96fe8d69ba3411d892e2080020a0f4c9,UPPER SUMAS,6
06056,Indian Reserve,NS,MEMBERTOU INDIAN RESERVE NO. 28B,b5ff8d20affd11d892e2080020a0f4c9,MEMBERTOU,28B
06955,Indian Reserve,BC,WEST MOBERLY LAKE 168A,6da3e4d0ba3511d892e2080020a0f4c9,WEST MOBERLY LAKE,168A
06169,Indian Reserve,ON,FRENCH RIVER INDIAN RESERVE NO. 13,9e91536bba2511d892e2080020a0f4c9,FRENCH RIVER,13
06788,Indian Reserve,BC,BECHER BAY 2,ea192952ba3511d892e2080020a0f4c9,BECHER BAY,2
06652,Indian Reserve,AB,ENOCH CREE NATION NO. 135,01374862bbe311d892e2080020a0f4c9,ENOCH CREE NATION,135
07322,Indian Reserve,BC,FISH LAKE 7,32995798ba3611d892e2080020a0f4c9,FISH LAKE,7
10284,Indian Reserve,AB,TWIN LAKES INDIAN RESERVE NO. 238B,509f8f58f9324d208e68289b2b1cf306,TWIN LAKES,238B
06097,Indian Reserve,QC,KAHNAWAKE INDIAN RESERVE NO. 14,e88fcef2ba2311d892e2080020a0f4c9,KAHNAWAKE,14
07141,Indian Reserve,BC,NUCHATL 2,176c4034ba3611d892e2080020a0f4c9,NUCHATL,2
06292,Indian Reserve,ON,WHITEFISH BAY INDIAN RESERVE NO. 32A,bfa100a2ba2711d892e2080020a0f4c9,WHITEFISH BAY,32A
07143,Indian Reserve,BC,OPEMIT 4,179db076ba3611d892e2080020a0f4c9,OPEMIT,4
10281,Indian Reserve,MB,THAÍ TUWÉ INDIAN RESERVE,df6326b034c343aab75e45cbda24e00d,THAI TUWE,
06081,Indian Reserve,ON,NEW POST INDIAN RESERVE NO. 69A,9f8db09fba2c11d892e2080020a0f4c9,NEW POST,69A
10283,Indian Reserve,MB,STURGEON FALLS CAMP INDIAN RESERVE,14e5d898b7d346ff9d3246726f06daa5,STURGEON FALLS CAMP,
06515,Indian Reserve,SK,LITTLE RED RIVER I.R. 106C,f2f7d279bbe211d892e2080020a0f4c9,LITTLE RED RIVER,106C
06070,Indian Reserve,NS,INDIAN BROOK INDIAN RESERVE NO. 14,b7f2f8c9affd11d892e2080020a0f4c9,INDIAN BROOK,14
06590,Indian Reserve,SK,MINISTIKWAN I.R. 161,f36b54d3bbe211d892e2080020a0f4c9,MINISTIKWAN,161
10282,Indian Reserve,MB,LUAZÉ TUWÉ INDIAN RESERVE,48a1b5c13c244e86b27be064a38b20eb,LUAZE TUWE,
07145,Indian Reserve,BC,OWOSSITSA 6,183a3e9aba3611d892e2080020a0f4c9,OWOSSITSA,6
07090,Indian Reserve,BC,HECATE 17,09c1b6c8ba3611d892e2080020a0f4c9,HECATE,17
06013,Indian Reserve,NB,EEL RIVER INDIAN RESERVE NO. 3,e935ce4bbbe211d892e2080020a0f4c9,EEL RIVER,3
06524,Indian Reserve,SK,MONTREAL LAKE I.R. 106B,f02689b4bbe211d892e2080020a0f4c9,MONTREAL LAKE,106B
06543,Indian Reserve,SK,COWESSESS INDIAN RESERVE NO. 73,f185a4afbbe211d892e2080020a0f4c9,COWESSESS,73
07142,Indian Reserve,BC,AHPUKTO 3,1783e6e5ba3611d892e2080020a0f4c9,AHPUKTO,3
07140,Indian Reserve,BC,NUCHATL 1,17529db3ba3611d892e2080020a0f4c9,NUCHATL,1
06150,Indian Reserve,ON,DOKIS INDIAN RESERVE NO. 9,79b79457ba2511d892e2080020a0f4c9,DOKIS,9
06637,Indian Reserve,AB,O'CHIESE 203,00055805bbe311d892e2080020a0f4c9,O'CHIESE,203
06163,Indian Reserve,ON,DUCK LAKE INDIAN RESERVE NO. 76B,8defad4eba2911d892e2080020a0f4c9,DUCK LAKE,76B
07148,Indian Reserve,BC,CHISEUQUIS 9,18c3b9edba3611d892e2080020a0f4c9,CHISEUQUIS,9
06995,Indian Reserve,BC,PAHAS 3,0c5a14fcba3611d892e2080020a0f4c9,PAHAS,3
08024,Indian Reserve,BC,KATZIE 1,793726e6ba3511d892e2080020a0f4c9,KATZIE,1
06196,Indian Reserve,ON,MISSISSAUGAS OF SCUGOG ISLAND,b0456ef3ba2b11d892e2080020a0f4c9,MISSISSAUGAS OF SCUGOG ISLAND,
06994,Indian Reserve,BC,NA-KWOCKTO 2,0c332c0bba3611d892e2080020a0f4c9,NA-KWOCKTO,2
06154,Indian Reserve,ON,BEAR ISLAND INDIAN RESERVE NO. 1,163e616bba2611d892e2080020a0f4c9,BEAR ISLAND,1
06066,Indian Reserve,NB,INDIAN RANCH INDIAN RESERVE,e9413ffdbbe211d892e2080020a0f4c9,INDIAN RANCH,
06211,Indian Reserve,ON,ALDERVILLE FIRST NATION RESERVE,7b25c379ba2811d892e2080020a0f4c9,ALDERVILLE FIRST NATION,
06993,Indian Reserve,BC,KEQUESTA 1,0bfb7a3aba3611d892e2080020a0f4c9,KEQUESTA,1
06175,Indian Reserve,ON,WIKWEMIKONG UNCEDED RESERVE,3565ff3fba2611d892e2080020a0f4c9,WIKWEMIKONG UNCEDED,
06373,Indian Reserve,MB,PEGUIS 1B,ec4ecd63bbe211d892e2080020a0f4c9,PEGUIS,1B
06043,Indian Reserve,NS,ESKASONI INDIAN RESERVE NO. 3,b699aa4aaffd11d892e2080020a0f4c9,ESKASONI,3
08047,Indian Reserve,BC,SEMIAHMOO,935e0de3ba3411d892e2080020a0f4c9,SEMIAHMOO,
08059,Indian Reserve,BC,YAKWEAKWIOOSE 12,978b3d13ba3411d892e2080020a0f4c9,YAKWEAKWIOOSE,12
07169,Indian Reserve,BC,SKEETCHESTN,4aa77b9bba3611d892e2080020a0f4c9,SKEETCHESTN,
06999,Indian Reserve,BC,KHAZISELA 7,0cd0a490ba3611d892e2080020a0f4c9,KHAZISELA,7
07009,Indian Reserve,BC,PEL-LOOTH'L KAI 17,0dc341faba3611d892e2080020a0f4c9,PEL-LOOTH'L KAI,17
07000,Indian Reserve,BC,DEDAGAUS 8,0ce453a1ba3611d892e2080020a0f4c9,DEDAGAUS,8
06559,Indian Reserve,SK,MUSKEG LAKE I.R. 102,f4241d94bbe211d892e2080020a0f4c9,MUSKEG LAKE,102
06845,Indian Reserve,BC,GORDON RIVER 2,f6555498ba3511d892e2080020a0f4c9,GORDON RIVER,2
09475,Indian Reserve,SK,ONE ARROW I.R. 95-1E,6c9ebc16849c20c3fdbdb6017eea46fa,ONE ARROW I.R. 95-1E,
07639,Indian Reserve,BC,CHIMDIMASH 2A,068613a8ba3611d892e2080020a0f4c9,CHIMDIMASH,2A
07978,Indian Reserve,BC,WAIWAKUM 14,9608949cba3411d892e2080020a0f4c9,WAIWAKUM,14
07929,Indian Reserve,BC,SECHELT BAND LANDS (SECHELT) NO 2,0c26db15d05511d892e2080020a0f4c9,SECHELT BAND LANDS (SECHELT),2
06998,Indian Reserve,BC,SAAGOOMBAHLAH 6,0cb99a1fba3611d892e2080020a0f4c9,SAAGOOMBAHLAH,6
06101,Indian Reserve,QC,MASHTEUIATSH,8fe52384ba2311d892e2080020a0f4c9,MASHTEUIATSH,
06645,Indian Reserve,AB,BLOOD 148,00e4947cbbe311d892e2080020a0f4c9,BLOOD,148
06215,Indian Reserve,ON,HIAWATHA FIRST NATION,6551818aba2b11d892e2080020a0f4c9,HIAWATHA FIRST NATION,
07010,Indian Reserve,BC,KUTHLO 18,0de0dc1bba3611d892e2080020a0f4c9,KUTHLO,18
07923,Indian Reserve,BC,TORK INDIAN RESERVE NO. 7,7caec18eba3511d892e2080020a0f4c9,TORK,7
07008,Indian Reserve,BC,WAUMP 16,0db31559ba3611d892e2080020a0f4c9,WAUMP,16
06217,Indian Reserve,ON,TYENDINAGA MOHAWK TERRITORY,d7fde3f7ba2b11d892e2080020a0f4c9,TYENDINAGA MOHAWK TERRITORY,
06639,Indian Reserve,AB,TSUU T'INA NATION 145,07c0901abbe311d892e2080020a0f4c9,TSUU T'INA NATION,145
06152,Indian Reserve,ON,NIPISSING INDIAN RESERVE NO. 10,cd221a32ba2511d892e2080020a0f4c9,NIPISSING,10
06223,Indian Reserve,ON,NEW CREDIT INDIAN RESERVE NO. 40A,a0c09a2aba2611d892e2080020a0f4c9,NEW CREDIT,40A
07879,Indian Reserve,BC,BELLA COOLA 1,71ea412eba3511d892e2080020a0f4c9,BELLA COOLA,1
06814,Indian Reserve,BC,MALAHAT 11,ef64247cba3511d892e2080020a0f4c9,MALAHAT,11
07404,Indian Reserve,BC,ALEXIS 9,2f63a7f4ba3611d892e2080020a0f4c9,ALEXIS,9
07007,Indian Reserve,BC,KAI-TOO-KWIS 15,0da2e8b8ba3611d892e2080020a0f4c9,KAI-TOO-KWIS,15
06654,Indian Reserve,AB,WABAMUN 133B,019d0f17bbe311d892e2080020a0f4c9,WABAMUN,133B
06099,Indian Reserve,QC,ODANAK INDIAN RESERVE NO. 12,a7eb3198ba2311d892e2080020a0f4c9,ODANAK,12
09683,Indian Reserve,SK,GRASSWOODS INDIAN RESERVE 192J,6c9ebc3b849c20c39bff56dda557d743,GRASSWOODS,192J
09713,Indian Reserve,NL,SHESHATSHIU INDIAN RESERVE NO. 3,93246e273d7c11dda020080020a0f4c9,SHESHATSHIU,3
07405,Indian Reserve,BC,ASHNOLA 10,2f8bc965ba3611d892e2080020a0f4c9,ASHNOLA,10
08006,Indian Reserve,BC,AITCHELITCH 9,6dba2bf1ba3511d892e2080020a0f4c9,AITCHELITCH,9
06087,Indian Reserve,QC,RÉSERVE INDIENNE DU VILLAGE DES HURONS WENDAKE NO 7A,b0e9f897b06c4d2da862b9960a6b16c6,RESERVE INDIENNE DU VILLAGE DES HURONS WENDAKE,7A
06987,Indian Reserve,BC,TSULQUATE 4,0b28e7f5ba3611d892e2080020a0f4c9,TSULQUATE,4
09779,Indian Reserve,AB,FORT MCKAY INDIAN RESERVE NO. 174D,0e525d1c01c411dea89a080020a0f4c9,FORT MCKAY,174D
07555,Indian Reserve,BC,BINCHE 2,4f305f46ba3611d892e2080020a0f4c9,BINCHE,2
06094,Indian Reserve,QC,PIKOGAN,d80afcd0ba2311d892e2080020a0f4c9,PIKOGAN,
06636,Indian Reserve,AB,SIKSIKA INDIAN RESERVE NO. 146,0707793ebbe311d892e2080020a0f4c9,SIKSIKA,146
07003,Indian Reserve,BC,PENEECE 11,0d4140b4ba3611d892e2080020a0f4c9,PENEECE,11
06188,Indian Reserve,ON,CHIPPEWAS OF THE THAMES FIRST NATION RESERVE NO. 42,5db01369ba2b11d892e2080020a0f4c9,CHIPPEWAS OF THE THAMES FIRST NATION,42
06689,Indian Reserve,AB,ASSINEAU RIVER 150F,055e840dbbe311d892e2080020a0f4c9,ASSINEAU RIVER,150F
06025,Indian Reserve,NB,TOBIQUE INDIAN RESERVE NO. 20,e9ac0fc6bbe211d892e2080020a0f4c9,TOBIQUE,20
06179,Indian Reserve,ON,SUCKER CREEK INDIAN RESERVE NO. 23,0190f439ba2611d892e2080020a0f4c9,SUCKER CREEK,23
06185,Indian Reserve,ON,SERPENT RIVER INDIAN RESERVE NO. 7,d2bc94c3ba2511d892e2080020a0f4c9,SERPENT RIVER,7
07638,Indian Reserve,BC,CHIMDIMASH 2,0674d597ba3611d892e2080020a0f4c9,CHIMDIMASH,2
08049,Indian Reserve,BC,SKOWKALE 10,4411ff27ba3611d892e2080020a0f4c9,SKOWKALE,10
10215,Indian Reserve,MB,WUSKWI SIPIHK FIRST NATION MISTASINI WAPNOHK RESERVE,91c90c9633c74f5a92589c9b6e7a6d13,WUSKWI SIPIHK FIRST NATION MISTASINI WAPNOHK,
06209,Indian Reserve,QC,AKWESASNE RESERVE NO. 15,5235f86cba2311d892e2080020a0f4c9,AKWESASNE,15
06613,Indian Reserve,SK,LITTLE BONE I.R. 74B,f2adaa14bbe211d892e2080020a0f4c9,LITTLE BONE,74B
06168,Indian Reserve,ON,WHITEFISH RIVER INDIAN RESERVE NO. 4,2a8ac2deba2611d892e2080020a0f4c9,WHITEFISH RIVER,4
06799,Indian Reserve,BC,COWICHAN 1,ec9cc707ba3511d892e2080020a0f4c9,COWICHAN,1
06187,Indian Reserve,ON,THESSALON INDIAN RESERVE NO. 12,0c22083aba2611d892e2080020a0f4c9,THESSALON,12
06206,Indian Reserve,ON,WAHTA MOHAWK TERRITORY,ee1bf82aba2b11d892e2080020a0f4c9,WAHTA MOHAWK TERRITORY,
07183,Indian Reserve,BC,NESKONLITH 1,558884b3ba3611d892e2080020a0f4c9,NESKONLITH,1
08148,Indian Reserve,BC,MARBLE CANYON 3,839fe741ba3411d892e2080020a0f4c9,MARBLE CANYON,3
08048,Indian Reserve,BC,SKWAY 5,94be8859ba3411d892e2080020a0f4c9,SKWAY,5
06609,Indian Reserve,SK,CHITEK LAKE I.R. 191,f1676e4abbe211d892e2080020a0f4c9,CHITEK LAKE,191
07223,Indian Reserve,BC,NICOLA MAMEET 1,2e13a847ba3611d892e2080020a0f4c9,NICOLA MAMEET,1
10193,Indian Reserve,ON,CALDWELL FIRST NATION RESERVE,2c04ffa7b8544164a9b6dd419cf0aafc,CALDWELL FIRST NATION,
06023,Indian Reserve,NB,DEVON INDIAN RESERVE NO. 30,e99c5854bbe211d892e2080020a0f4c9,DEVON,30
06547,Indian Reserve,SK,SHESHEEP I.R. 74A,fbdfca0dbbe211d892e2080020a0f4c9,SHESHEEP,74A
07155,Indian Reserve,BC,SAHHALTKUM 4,1e5a3c12ba3611d892e2080020a0f4c9,SAHHALTKUM,4
06829,Indian Reserve,BC,SOUTH SAANICH 1,fe81c4c2ba3511d892e2080020a0f4c9,SOUTH SAANICH,1
06180,Indian Reserve,ON,M'CHIGEENG INDIAN RESERVE NO. 22,4d1070f5ba2c11d892e2080020a0f4c9,M'CHIGEENG,22
06653,Indian Reserve,AB,WABAMUN 133A,0171e066bbe311d892e2080020a0f4c9,WABAMUN,133A
09155,Indian Reserve,SK,BEARDY'S & OKEMASIS I.R. 96 & 97A,6c9ebbf9849c20c301b925e3eef725c9,BEARDY'S & OKEMASIS I.R. 96 &,97A
06787,Indian Reserve,BC,BECHER BAY 1,ea03cc91ba3511d892e2080020a0f4c9,BECHER BAY,1
10278,Indian Reserve,BC,CHE? TL'UK DEH,ba61fbc610ee4d8fa14367316056d957,CHE? TL'UK DEH,
10291,Indian Reserve,AB,CHIP LAKE IR 166E,23254df355254d4bad38d6db2a67bc3e,CHIP LAKE,166E
10288,Indian Reserve,AB,JEAN BAPTISTE GAMBLER IR 183A,a3be9c16874f412fae036a333a6f554b,JEAN BAPTISTE GAMBLER,183A
10290,Indian Reserve,AB,JEAN BAPTISTE GAMBLER IR 183C,122f44e5f0aa44cf9fcb4c9dcb071039,JEAN BAPTISTE GAMBLER,183C
10289,Indian Reserve,AB,JEAN BAPTISTE GAMBLER IR 183B,bf833c99db9440a280af3b2415a37baf,JEAN BAPTISTE GAMBLER,183B
09686,Indian Reserve,SK,LITTLE BLACK BEAR I.R. 84SC,6c9ebc3c849c20c32f87a44d72c92261,LITTLE BLACK BEAR,84SC
07250,Indian Reserve,BC,DOUGLAS LAKE 3,e1a5ebf7ba3511d892e2080020a0f4c9,DOUGLAS LAKE,3
07461,Indian Reserve,BC,MAXAN LAKE 3,4be0bef8ba3611d892e2080020a0f4c9,MAXAN LAKE,3
08055,Indian Reserve,BC,SKWAH 4,94b70e48ba3411d892e2080020a0f4c9,SKWAH,4
06692,Indian Reserve,AB,WABASCA 166A,04ac23ecbbe311d892e2080020a0f4c9,WABASCA,166A
06569,Indian Reserve,SK,PASQUA INDIAN RESERVE NO. 79,f06fc7bcbbe211d892e2080020a0f4c9,PASQUA,79
07451,Indian Reserve,BC,GAICHBIN 8,4b98b975ba3611d892e2080020a0f4c9,GAICHBIN,8
06260,Indian Reserve,ON,ATTAWAPISKAT INDIAN RESERVE NO. 91A,15cc7084ba2711d892e2080020a0f4c9,ATTAWAPISKAT,91A
06564,Indian Reserve,SK,LITTLE BLACK BEAR I.R. 84,f2a804c3bbe211d892e2080020a0f4c9,LITTLE BLACK BEAR,84
07448,Indian Reserve,BC,TSICHGASS 10,4b3786a1ba3611d892e2080020a0f4c9,TSICHGASS,10
06867,Indian Reserve,BC,INDIAN ISLAND 30,e95f281bba3511d892e2080020a0f4c9,INDIAN ISLAND,30
07458,Indian Reserve,BC,MAXAN CREEK 5,4bf88cb9ba3611d892e2080020a0f4c9,MAXAN CREEK,5
09520,Indian Reserve,SK,SAULTEAUX FIRST NATION INDIAN RESERVE NO. 159BB,6c9ebc1c849c20c39b13979215d06e32,SAULTEAUX FIRST NATION,159BB
06878,Indian Reserve,BC,CLAYOQUA 6,ebe20282ba3511d892e2080020a0f4c9,CLAYOQUA,6
06098,Indian Reserve,QC,RÉSERVE DE WÔLINAK NO. 11,5cce867dba2311d892e2080020a0f4c9,RESERVE DE WOLINAK,11
06182,Indian Reserve,ON,RANKIN LOCATION INDIAN RESERVE NO. 15D,4e8804a2ba2611d892e2080020a0f4c9,RANKIN LOCATION,15D
07395,Indian Reserve,BC,OSOYOOS INDIAN RESERVE NO. 1,3aaf0b9eba3611d892e2080020a0f4c9,OSOYOOS,1
06002,Indian Reserve,PE,SCOTCHFORT INDIAN RESERVE NO. 4,e8c2c122bbe211d892e2080020a0f4c9,SCOTCHFORT,4
06107,Indian Reserve,QC,MALIOTÉNAM INDIAN RESERVE NO. 27A,87611d93ba2311d892e2080020a0f4c9,MALIOTENAM,27A
09934,Indian Reserve,SK,SAULTEAUX FIRST NATION INDIAN RESERVE NO. 159KK,0de096fafe2a47bca481eb4e5c6e305b,SAULTEAUX FIRST NATION,159KK
08523,Indian Reserve,NT,HAY RIVER DENE RESERVE NO. 1,0982ffb3bbe311d892e2080020a0f4c9,HAY RIVER DENE,1
07459,Indian Reserve,BC,FOXY CREEK 6,4bc82de7ba3611d892e2080020a0f4c9,FOXY CREEK,6
07447,Indian Reserve,BC,TATLA WEST 11,4b4b83d2ba3611d892e2080020a0f4c9,TATLA WEST,11
07457,Indian Reserve,BC,MAXAN LAKE 4,4b0ad14fba3611d892e2080020a0f4c9,MAXAN LAKE,4
06964,Indian Reserve,BC,CAMPBELL RIVER INDIAN RESERVE NO. 11,0812f546ba3611d892e2080020a0f4c9,CAMPBELL RIVER,11
07186,Indian Reserve,BC,NORTH THOMPSON 1,3928e0beba3611d892e2080020a0f4c9,NORTH THOMPSON,1
06874,Indian Reserve,BC,ECHACHIS 2,eb699e2eba3511d892e2080020a0f4c9,ECHACHIS,2
06394,Indian Reserve,MB,EBB AND FLOW 52,ead610f0bbe211d892e2080020a0f4c9,EBB AND FLOW,52
08375,Indian Reserve,BC,TATLA'T EAST 2,4b20ca50ba3611d892e2080020a0f4c9,TATLA'T EAST,2
10034,Indian Reserve,AB,PEERLESS TROUT INDIAN RESERVE NO. 238,7a27d7528103448bb269735b0ced747f,PEERLESS TROUT,238
09392,Indian Reserve,SK,SOUTHEND I.R. 200A,6c9ebc44849c20c3c7096c194386249c,SOUTHEND,200A
07450,Indian Reserve,BC,KLAGOOKCHEW 9,4ac6c36cba3611d892e2080020a0f4c9,KLAGOOKCHEW,9
06879,Indian Reserve,BC,WINCHE 7,ebf38eb3ba3511d892e2080020a0f4c9,WINCHE,7
06362,Indian Reserve,MB,FORT ALEXANDER 3,eb0a8e75bbe211d892e2080020a0f4c9,FORT ALEXANDER,3
07903,Indian Reserve,BC,BURRARD INLET 3,738db807ba3511d892e2080020a0f4c9,BURRARD INLET,3
