province,band_name,csd_name,csd_type,csd_code
Newfoundland and Labrador,Miawpukek First Nation,Samiajij Miawpukek,IRI,1003801
Newfoundland and Labrador,Mushuau Innu First Nation,Natuashish 2,IRI,1010801
Newfoundland and Labrador,Sheshatshiu Innu First Nation,Sheshatshiu 3,IRI,1010802
Prince Edward Island,Abegweit First Nation,Morell 2,IRI,1101050
Prince Edward Island,Abegweit First Nation,Rocky Point 3,IRI,1102030
Prince Edward Island,Abegweit First Nation,Scotchfort 4,IRI,1102057
Prince Edward Island,Lennox Island First Nation,Lennox Island 1,IRI,1103035
Prince Edward Island,Mi'kmaq Confederacy of PEI,Morell 2,IRI,1101050
Prince Edward Island,Mi'kmaq Confederacy of PEI,Rocky Point 3,IRI,1102030
Prince Edward Island,Mi'kmaq Confederacy of PEI,Scotchfort 4,IRI,1102057
Prince Edward Island,Mi'kmaq Confederacy of PEI,Lennox Island 1,IRI,1103035
Nova Scotia,Acadia First Nation,Yarmouth 33,IRI,1202040
Nova Scotia,Acadia First Nation,Ponhook Lake 10,IRI,1204009
Nova Scotia,Acadia First Nation,Wildcat 12,IRI,1204015
Nova Scotia,Acadia First Nation,Gold River 21,IRI,1206011
Nova Scotia,Annapolis Valley First Nation,Cambridge 32,IRI,1207002
Nova Scotia,Bear River First Nation,Bear River (Part) 6,IRI,1203009
Nova Scotia,Bear River First Nation,Bear River (Part) 6,IRI,1205002
Nova Scotia,Bear River First Nation,Bear River 6B,IRI,1205006
Nova Scotia,Confederacy of Mainland Mi'kmaq,Bear River (Part) 6,IRI,1203009
Nova Scotia,Confederacy of Mainland Mi'kmaq,Bear River (Part) 6,IRI,1205002
Nova Scotia,Confederacy of Mainland Mi'kmaq,Bear River 6B,IRI,1205006
Nova Scotia,Confederacy of Mainland Mi'kmaq,Pennal 19,IRI,1206014
Nova Scotia,Confederacy of Mainland Mi'kmaq,New Ross 20,IRI,1206016
Nova Scotia,Confederacy of Mainland Mi'kmaq,Cambridge 32,IRI,1207002
Nova Scotia,Confederacy of Mainland Mi'kmaq,Glooscap 35,IRI,1207027
Nova Scotia,Confederacy of Mainland Mi'kmaq,Indian Brook 14,IRI,1208014
Nova Scotia,Confederacy of Mainland Mi'kmaq,Cole Harbour 30,IRI,1209019
Nova Scotia,Confederacy of Mainland Mi'kmaq,Shubenacadie 13,IRI,1209029
Nova Scotia,Confederacy of Mainland Mi'kmaq,Beaver Lake 17,IRI,1209037
Nova Scotia,Confederacy of Mainland Mi'kmaq,Sheet Harbour 36,IRI,1209038
Nova Scotia,Confederacy of Mainland Mi'kmaq,Wallace Hills 14A,IRI,1209800
Nova Scotia,Confederacy of Mainland Mi'kmaq,Millbrook 27,IRI,1210003
Nova Scotia,Confederacy of Mainland Mi'kmaq,Fisher's Grant 24,IRI,1212019
Nova Scotia,Confederacy of Mainland Mi'kmaq,Merigomish Harbour 31,IRI,1212023
Nova Scotia,Confederacy of Mainland Mi'kmaq,Pomquet And Afton 23,IRI,1214010
Nova Scotia,Eskasoni First Nation,Eskasoni 3,IRI,1217020
Nova Scotia,Glooscap First Nation,Glooscap 35,IRI,1207027
Nova Scotia,Membertou,Membertou 28B,IRI,1217008
Nova Scotia,Millbrook First Nation,Cole Harbour 30,IRI,1209019
Nova Scotia,Millbrook First Nation,Beaver Lake 17,IRI,1209037
Nova Scotia,Millbrook First Nation,Sheet Harbour 36,IRI,1209038
Nova Scotia,Millbrook First Nation,Millbrook 27,IRI,1210003
Nova Scotia,Paqtnkek Mi'kmaw Nation,Pomquet And Afton 23,IRI,1214010
Nova Scotia,Pictou Landing First Nation,Fisher's Grant 24,IRI,1212019
Nova Scotia,Pictou Landing First Nation,Merigomish Harbour 31,IRI,1212023
Nova Scotia,Potlotek First Nation,Chapel Island 5,IRI,1216014
Nova Scotia,Sipekne'katik First Nation,Pennal 19,IRI,1206014
Nova Scotia,Sipekne'katik First Nation,New Ross 20,IRI,1206016
Nova Scotia,Sipekne'katik First Nation,Indian Brook 14,IRI,1208014
Nova Scotia,Sipekne'katik First Nation,Shubenacadie 13,IRI,1209029
Nova Scotia,Sipekne'katik First Nation,Wallace Hills 14A,IRI,1209800
Nova Scotia,Union of Nova Scotia Indians,Yarmouth 33,IRI,1202040
Nova Scotia,Union of Nova Scotia Indians,Ponhook Lake 10,IRI,1204009
Nova Scotia,Union of Nova Scotia Indians,Wildcat 12,IRI,1204015
Nova Scotia,Union of Nova Scotia Indians,Gold River 21,IRI,1206011
Nova Scotia,Union of Nova Scotia Indians,Whycocomagh 2,IRI,1215008
Nova Scotia,Union of Nova Scotia Indians,Chapel Island 5,IRI,1216014
Nova Scotia,Union of Nova Scotia Indians,Membertou 28B,IRI,1217008
Nova Scotia,Union of Nova Scotia Indians,Eskasoni 3,IRI,1217020
Nova Scotia,Union of Nova Scotia Indians,Wagmatcook 1,IRI,1218003
Nova Scotia,Wagmatcook First Nation,Wagmatcook 1,IRI,1218003
Nova Scotia,We'koqma'q First Nation,Whycocomagh 2,IRI,1215008
New Brunswick,Buctouche MicMac Band,Buctouche 16,IRI,1308003
New Brunswick,Eel Ground First Nation,Big Hole Tract 8 (South Half),,
New Brunswick,Eel Ground First Nation,IRI (1309034),,
New Brunswick,Eel Ground First Nation,Eel Ground 2,IRI,1309035
New Brunswick,Eel River Bar First Nation,Eel River 3,IRI,1314010
New Brunswick,Eel River Bar First Nation,Indian Ranch,IRI,1314026
New Brunswick,Elsipogtog First Nation,Richibucto 15,IRI,1308015
New Brunswick,Esgenoôpetitj First Nation,Esgenoôpetitj 14,IRI,1309044
New Brunswick,Esgenoôpetitj First Nation,Tabusintac 9,IRI,1309047
New Brunswick,Fort Folly First Nation,Fort Folly 1,IRI,1307014
New Brunswick,Indian Island First Nation,Indian Island 28,IRI,1308020
New Brunswick,Kingsclear First Nation,Kingsclear 6,IRI,1310019
New Brunswick,Madawaska Maliseet First Nation,St. Basile 10,IRI,1313020
New Brunswick,Metepenagiag Mi'kmaq Nation,Red Bank 4,IRI,1309023
New Brunswick,North Shore Micmac District Council Inc.,Fort Folly 1,IRI,1307014
New Brunswick,North Shore Micmac District Council Inc.,Buctouche 16,IRI,1308003
New Brunswick,North Shore Micmac District Council Inc.,Indian Island 28,IRI,1308020
New Brunswick,North Shore Micmac District Council Inc.,Red Bank 4,IRI,1309023
New Brunswick,North Shore Micmac District Council Inc.,Big Hole Tract 8 (South Half),,
New Brunswick,North Shore Micmac District Council Inc.,IRI (1309034),,
New Brunswick,North Shore Micmac District Council Inc.,Eel Ground 2,IRI,1309035
New Brunswick,North Shore Micmac District Council Inc.,Eel River 3,IRI,1314010
New Brunswick,North Shore Micmac District Council Inc.,Indian Ranch,IRI,1314026
New Brunswick,North Shore Micmac District Council Inc.,Pabineau 11,IRI,1315010
New Brunswick,Oromocto First Nation,Oromocto 26,IRI,1303013
New Brunswick,Pabineau First Nation,Pabineau 11,IRI,1315010
New Brunswick,Saint John River Valley Tribal Council Inc.,Oromocto 26,IRI,1303013
New Brunswick,Saint John River Valley Tribal Council Inc.,Devon 30,IRI,1310034
New Brunswick,Saint John River Valley Tribal Council Inc.,Woodstock 23,IRI,1311005
New Brunswick,Saint John River Valley Tribal Council Inc.,St. Basile 10,IRI,1313020
New Brunswick,St. Mary's First Nation,Devon 30,IRI,1310034
New Brunswick,Tobique First Nation,Tobique 20,IRI,1312007
New Brunswick,Woodstock First Nation,Woodstock 23,IRI,1311005
Quebec,Algonquin Anishinabeg Nation Tribal Council,Kitigan Zibi,IRI,2483802
Quebec,Algonquin Anishinabeg Nation Tribal Council,Kebaowek,IRI,2485802
Quebec,Algonquin Anishinabeg Nation Tribal Council,Winneway,S-É,2485804
Quebec,Algonquin Anishinabeg Nation Tribal Council,Pikogan,IRI,2488802
Quebec,Algonquin Anishinabeg Nation Tribal Council,Kitcisakik,S-É,2489802
Quebec,Algonquin Anishinabeg Nation Tribal Council,Lac-Simon,IRI,2489804
Quebec,Algonquin Nation Programs and Services Secretariat,Lac-Rapide,IRI,2483804
Quebec,Algonquin Nation Programs and Services Secretariat,Hunter's Point,S-É,2485803
Quebec,Algonquin Nation Programs and Services Secretariat,Timiskaming,IRI,2485806
Quebec,Atikamekw d'Opitciwan,Obedjiwan,IRI,2490804
Quebec,Atikamekw Sipi - Conseil de la Nation Atikamekw,Manawan,IRI,2462802
Quebec,Atikamekw Sipi - Conseil de la Nation Atikamekw,Wemotaci,IRI,2490802
Quebec,Atikamekw Sipi - Conseil de la Nation Atikamekw,Obedjiwan,IRI,2490804
Quebec,Bande des Innus de Pessamit,Pessamit,IRI,2496802
Quebec,Communauté Anicinape de Kitcisakik,Kitcisakik,S-É,2489802
Quebec,Conseil de la Première Nation Abitibiwinni,Pikogan,IRI,2488802
Quebec,Conseil des Atikamekw de Wemotaci,Wemotaci,IRI,2490802
Quebec,Conseil Tribal Mamuitun,Mashteuiatsh,IRI,2491802
Quebec,Conseil Tribal Mamuitun,Essipit,IRI,2495802
Quebec,Conseil Tribal Mamuitun,Pessamit,IRI,2496802
Quebec,Conseil Tribal Mamuitun,Uashat,IRI,2497802
Quebec,Conseil Tribal Mamuitun,Maliotenam,IRI,2497804
Quebec,Conseil Tribal Mamuitun,Matimekosh,IRI,2497808
Quebec,Conseil Tribal Mamuitun,Lac-John,IRI,2497810
Quebec,Cree Nation of Chisasibi,Chisasibi,TC,2499814
Quebec,Cree Nation of Mistissini,Mistissini,TC,2499804
Quebec,Cree Nation of Nemaska,Nemaska,TC,2499808
Quebec,Cree Nation of Wemindji,Wemindji,TC,2499812
Quebec,Eagle Village First Nation - Kipawa,Kebaowek,IRI,2485802
Quebec,Eastmain,Eastmain,TC,2499810
Quebec,Grand Conseil de la Nation Waban-Aki Inc.,Wôlinak,IRI,2438802
Quebec,Grand Conseil de la Nation Waban-Aki Inc.,Odanak,IRI,2450802
Quebec,Innu Takuaikan Uashat Mak Mani-Utenam,Uashat,IRI,2497802
Quebec,Innu Takuaikan Uashat Mak Mani-Utenam,Maliotenam,IRI,2497804
Quebec,Innue Essipit,Essipit,IRI,2495802
Quebec,Kitigan Zibi Anishinabeg,Kitigan Zibi,IRI,2483802
Quebec,La Nation Innu Matimekush-Lac John,Matimekosh,IRI,2497808
Quebec,La Nation Innu Matimekush-Lac John,Lac-John,IRI,2497810
Quebec,Les Atikamekw de Manawan,Manawan,IRI,2462802
Quebec,Les Innus de Ekuanitshit,Mingan,IRI,2498808
Quebec,Listuguj Mi'gmaq Government,Listuguj,IRI,2406804
Quebec,Long Point First Nation,Winneway,S-É,2485804
Quebec,Micmacs of Gesgapegiag,Gesgapegiag,IRI,2406802
Quebec,Mi'gmawei Mawiomi Secretariat,Gesgapegiag,IRI,2406802
Quebec,Mi'gmawei Mawiomi Secretariat,Listuguj,IRI,2406804
Quebec,Montagnais de Natashquan,Natashquan,IRI,2498806
Quebec,Montagnais de Pakua Shipi,Pakuashipi,S-É,2498802
Quebec,Montagnais de Unamen Shipu,La Romaine,IRI,2498804
Quebec,Montagnais du Lac St.-Jean,Mashteuiatsh,IRI,2491802
Quebec,Naskapi Nation of Kawawachikamach,Kawawachikamach,TK,2497806
Quebec,Nation Anishnabe du Lac Simon,Lac-Simon,IRI,2489804
Quebec,Nation Huronne Wendat,Wendake,IRI,2423802
Quebec,Odanak,Odanak,IRI,2450802
Quebec,Oujé-Bougoumou Cree Nation,Oujé-Bougoumou,S-É,2499818
Quebec,Première Nation de Whapmagoostui,Whapmagoostui,TC,2499816
Quebec,Première Nation des Abénakis de Wôlinak,Wôlinak,IRI,2438802
Quebec,Regroupement Mamit Innuat Inc.,Pakuashipi,S-É,2498802
Quebec,Regroupement Mamit Innuat Inc.,La Romaine,IRI,2498804
Quebec,Regroupement Mamit Innuat Inc.,Natashquan,IRI,2498806
Quebec,Regroupement Mamit Innuat Inc.,Mingan,IRI,2498808
Quebec,The Crees of the Waskaganish First Nation,Waskaganish,TC,2499806
Quebec,Timiskaming First Nation,Timiskaming,IRI,2485806
Quebec,Waswanipi,Waswanipi,TC,2499802
Ontario,Aamjiwnaang First Nation,Sarnia 45,IRI,3538025
Ontario,Alderville First Nation,Alderville First Nation,IRI,3514027
Ontario,Algonquins of Pikwàkanagàn First Nation,Pikwakanagan (Golden Lake 39),,
Ontario,Algonquins of Pikwàkanagàn First Nation,IRI (3547037),,
Ontario,Animakee Wa Zhing 37 First Nation,Lake Of The Woods 37,IRI,3560065
Ontario,Animakee Wa Zhing 37 First Nation,Whitefish Bay 34A,IRI,3560083
Ontario,Anishinaabeg of Kabapikotawangag Resource Council Inc.,Sabaskong Bay (Part) 35C,IRI,3559048
Ontario,Anishinaabeg of Kabapikotawangag Resource Council Inc.,Big Grassy River 35G,IRI,3559051
Ontario,Anishinaabeg of Kabapikotawangag Resource Council Inc.,Whitefish Bay 33A,IRI,3560005
Ontario,Anishinaabeg of Kabapikotawangag Resource Council Inc.,Sabaskong Bay (Part) 35C,IRI,3560007
Ontario,Anishinaabeg of Kabapikotawangag Resource Council Inc.,Northwest Angle 33B,IRI,3560060
Ontario,Anishinaabeg of Kabapikotawangag Resource Council Inc.,Sabaskong Bay 35D,IRI,3560063
Ontario,Anishinaabeg of Kabapikotawangag Resource Council Inc.,Lake Of The Woods 37,IRI,3560065
Ontario,Anishinaabeg of Kabapikotawangag Resource Council Inc.,Kenora 38B,IRI,3560066
Ontario,Anishinaabeg of Kabapikotawangag Resource Council Inc.,Whitefish Bay 34A,IRI,3560083
Ontario,Anishnaabeg of Naongashiing,Big Island Mainland 93,IRI,3559052
Ontario,Anishnaabeg of Naongashiing,Saug-a-Gaw-Sing 1,IRI,3559053
Ontario,Aroland First Nation,Aroland 83,IRI,3558076
Ontario,Atikameksheng Anishnawbek,Whitefish Lake 6,IRI,3552051
Ontario,Attawapiskat First Nation,Attawapiskat 91A,IRI,3560051
Ontario,Aundeck-Omni-Kaning,Sucker Creek 23,IRI,3551041
Ontario,Bearskin Lake First Nation,Bearskin Lake,IRI,3560095
Ontario,Beausoleil First Nation,Christian Island 30,IRI,3543069
Ontario,Beausoleil First Nation,Christian Island 30A,IRI,3543070
Ontario,Big Grassy River First Nation,Big Grassy River 35G,IRI,3559051
Ontario,Biigtigong Nishnaabeg,Pic River 50,IRI,3558062
Ontario,Biinjitiwaabik Zaaging Anishinaabek,Rocky Bay 1,IRI,3558069
Ontario,Bimose Tribal Council,Seine River 22A2,IRI,3558095
Ontario,Bimose Tribal Council,Lac des Mille Lacs 22A1,IRI,3558100
Ontario,Bimose Tribal Council,Eagle Lake 27,IRI,3560024
Ontario,Bimose Tribal Council,Wabigoon Lake 27,IRI,3560057
Ontario,Bimose Tribal Council,English River 21,IRI,3560058
Ontario,Bimose Tribal Council,Wabaseemoong,IRI,3560061
Ontario,Bimose Tribal Council,Shoal Lake 34B2,IRI,3560064
Ontario,Bimose Tribal Council,Shoal Lake (Part) 39A,IRI,3560068
Ontario,Bimose Tribal Council,Rat Portage 38A,IRI,3560069
Ontario,Bimose Tribal Council,Shoal Lake (Part) 40,IRI,3560082
Ontario,Bimose Tribal Council,Wabauskang 21,IRI,3560084
Ontario,Bimose Tribal Council,The Dalles 38C,IRI,3560089
Ontario,Bimose Tribal Council,Shoal Lake (Part) 40,IRI,4601079
Ontario,Bimose Tribal Council,Shoal Lake (Part) 39A,IRI,4601082
Ontario,Bkejwanong-Walpole Island First Nation,Walpole Island 46,IRI,3538004
Ontario,Brunswick House First Nation,Duck Lake 76B,IRI,3552054
Ontario,Cat Lake First Nation,Cat Lake 63C,IRI,3560054
Ontario,Chippewas of Rama First Nation,Mnjikaning First Nation 32,IRI,3543050
Ontario,Constance Lake First Nation,Constance Lake 92,IRI,3556095
Ontario,Couchiching First Nation,Agency 1,IRI,3559062
Ontario,Couchiching First Nation,Couchiching 16A,IRI,3559063
Ontario,Curve Lake First Nation,Curve Lake First Nation 35,IRI,3515019
Ontario,Deer Lake First Nation,Deer Lake,IRI,3560070
Ontario,Delaware Nation at Moraviantown,Moravian 47,IRI,3536029
Ontario,Dokis First Nation,Dokis 9,IRI,3549077
Ontario,Eabametoong First Nation,Fort Hope 64,IRI,3560053
Ontario,Eagle Lake First Nation,Eagle Lake 27,IRI,3560024
Ontario,Fort Albany and Kashechewan First Nation,Fort Albany (Part) 67,IRI,3556093
Ontario,Fort Albany and Kashechewan First Nation,Fort Albany (Part) 67,IRI,3560050
Ontario,Fort Severn First Nation,Fort Severn 89,IRI,3560078
Ontario,Fort William First Nation,Fort William 52,IRI,3558003
Ontario,Garden River First Nation,Garden River 14,IRI,3557074
Ontario,Georgina Island First Nation,Chippewas of Georgina Island First Nation,IRI,3519076
Ontario,Ginoogaming First Nation,Ginoogaming First Nation,IRI,3558067
Ontario,Grassy Narrows First Nation,English River 21,IRI,3560058
Ontario,Gull Bay First Nation,Gull River 55,IRI,3558065
Ontario,Henvey Inlet First Nation,Henvey Inlet 2,IRI,3549075
Ontario,Henvey Inlet First Nation,French River 13,IRI,3549076
Ontario,Hiawatha First Nation,Hiawatha First Nation,IRI,3515008
Ontario,Independent First Nations Alliance,Whitesand,IRI,3558097
Ontario,Independent First Nations Alliance,Lac Seul 28,IRI,3560056
Ontario,Independent First Nations Alliance,Kitchenuhmaykoosib Aaki 84 (Big Trout Lake),,
Ontario,Independent First Nations Alliance,IRI (3560075),,
Ontario,Independent First Nations Alliance,Pikangikum 14,IRI,3560077
Ontario,Independent First Nations Alliance,Muskrat Dam Lake,IRI,3560097
Ontario,Iskatewizaagegan #39 Independent First Nation,Shoal Lake 34B2,IRI,3560064
Ontario,Iskatewizaagegan #39 Independent First Nation,Shoal Lake (Part) 39A,IRI,3560068
Ontario,Iskatewizaagegan #39 Independent First Nation,Shoal Lake (Part) 39A,IRI,4601082
Ontario,Kasabonika Lake First Nation,Kasabonika Lake,IRI,3560096
Ontario,Keewaytinook Okimakanak/Northern Chiefs Council,Poplar Hill,IRI,3560067
Ontario,Keewaytinook Okimakanak/Northern Chiefs Council,Deer Lake,IRI,3560070
Ontario,Keewaytinook Okimakanak/Northern Chiefs Council,Fort Severn 89,IRI,3560078
Ontario,Keewaytinook Okimakanak/Northern Chiefs Council,North Spirit Lake,IRI,3560080
Ontario,Keewaytinook Okimakanak/Northern Chiefs Council,McDowell Lake,S-É,3560102
Ontario,Keewaytinook Okimakanak/Northern Chiefs Council,Kee-Way-Win,IRI,3560104
Ontario,Keewaywin First Nation,Kee-Way-Win,IRI,3560104
Ontario,Kettle & Stony Point First Nation,Kettle Point 44,IRI,3538056
Ontario,Kingfisher Lake First Nation,Kingfisher Lake 1,IRI,3560098
Ontario,Kitchenuhmaykoosib Inninuwug First Nation,Kitchenuhmaykoosib Aaki 84 (Big Trout Lake),,
Ontario,Kitchenuhmaykoosib Inninuwug First Nation,IRI (3560075),,
Ontario,Lac La Croix First Nation,Neguaguon Lake 25D,IRI,3559060
Ontario,Lac Seul First Nation,Lac Seul 28,IRI,3560056
Ontario,Long Lake No.58 First Nation,Long Lake 58,IRI,3558068
Ontario,Magnetawan First Nation,Magnetewan 1,IRI,3549078
Ontario,"Mamaweswen, The North Shore Tribal Council",Whitefish Lake 6,IRI,3552051
Ontario,"Mamaweswen, The North Shore Tribal Council",Thessalon 12,IRI,3557026
Ontario,"Mamaweswen, The North Shore Tribal Council",Sagamok,IRI,3557071
Ontario,"Mamaweswen, The North Shore Tribal Council",Serpent River 7,IRI,3557072
Ontario,"Mamaweswen, The North Shore Tribal Council",Mississagi River 8,IRI,3557073
Ontario,"Mamaweswen, The North Shore Tribal Council",Garden River 14,IRI,3557074
Ontario,"Mamaweswen, The North Shore Tribal Council",Rankin Location 15D,IRI,3557075
Ontario,"Mamaweswen, The North Shore Tribal Council",Goulais Bay 15A,IRI,3557077
Ontario,Marten Falls First Nation,Marten Falls 65,IRI,3560052
Ontario,Matachewan First Nation,Matachewan 72,IRI,3554057
Ontario,Matawa First Nations Management,Constance Lake 92,IRI,3556095
Ontario,Matawa First Nations Management,Ginoogaming First Nation,IRI,3558067
Ontario,Matawa First Nations Management,Long Lake 58,IRI,3558068
Ontario,Matawa First Nations Management,Aroland 83,IRI,3558076
Ontario,Matawa First Nations Management,Marten Falls 65,IRI,3560052
Ontario,Matawa First Nations Management,Fort Hope 64,IRI,3560053
Ontario,Matawa First Nations Management,Webequie,IRI,3560079
Ontario,Matawa First Nations Management,Lansdowne House,S-É,3560081
Ontario,Matawa First Nations Management,Summer Beaver,S-É,3560086
Ontario,Matawa First Nations Management,Neskantaga,IRI,3560093
Ontario,Mattagami First Nation,Mattagami 71,IRI,3552052
Ontario,M'Chigeeng First Nation,M'Chigeeng 22 (West Bay 22),,
Ontario,M'Chigeeng First Nation,IRI (3551045),,
Ontario,Michipicoten First Nation,Gros Cap 49,IRI,3557078
Ontario,Mishkeegogamang Ojibway Nation,Osnaburgh 63A,IRI,3558085
Ontario,Mishkeegogamang Ojibway Nation,Osnaburgh 63B,IRI,3560055
Ontario,Mississauga First Nation,Mississagi River 8,IRI,3557073
Ontario,Mississauga's of Scugog Island First Nation,Mississaugas of Scugog Island,IRI,3518022
Ontario,Mississaugas of the New Credit First Nation,New Credit (Part) 40A,IRI,3528035
Ontario,Mississaugas of the New Credit First Nation,New Credit (Part) 40A,IRI,3529021
Ontario,Mitaanjigamiing First Nation,Rainy Lake 18C,IRI,3559061
Ontario,Mitaanjigamiing First Nation,Agency 1,IRI,3559062
Ontario,Mohawks of Akwesasne,Akwesasne,IRI,2469802
Ontario,Mohawks of Akwesasne,Akwesasne (Part) 59,IRI,3501007
Ontario,Mohawks of the Bay of Quinte-Tyendinaga,Tyendinaga Mohawk Territory,IRI,3512004
Ontario,Moose Cree First Nation,Factory Island 1,IRI,3556094
Ontario,Moose Cree First Nation,Moose Factory 68,IRI,3556096
Ontario,Moose Deer Point First Nation,Moose Point 79,IRI,3544073
Ontario,Mushkegowuk Council,Chapleau 75,IRI,3552058
Ontario,Mushkegowuk Council,Fort Albany (Part) 67,IRI,3556093
Ontario,Mushkegowuk Council,Factory Island 1,IRI,3556094
Ontario,Mushkegowuk Council,Moose Factory 68,IRI,3556096
Ontario,Mushkegowuk Council,New Post 69A,IRI,3556102
Ontario,Mushkegowuk Council,Fort Albany (Part) 67,IRI,3560050
Ontario,Mushkegowuk Council,Attawapiskat 91A,IRI,3560051
Ontario,Muskrat Dam First Nation,Muskrat Dam Lake,IRI,3560097
Ontario,Naicatchewenin First Nations,Agency 1,IRI,3559062
Ontario,Naicatchewenin First Nations,Rainy Lake 17A,IRI,3559068
Ontario,Naicatchewenin First Nations,Rainy Lake 17B,IRI,3559069
Ontario,Naotkamegwanning First Nation,Whitefish Bay 32A,IRI,3560004
Ontario,Neskantaga First Nation,Lansdowne House,S-É,3560081
Ontario,Neskantaga First Nation,Neskantaga,IRI,3560093
Ontario,Nibinamik First Nation,Summer Beaver,S-É,3560086
Ontario,Nigigoonsiminikaaning First Nation,Agency 1,IRI,3559062
Ontario,Nigigoonsiminikaaning First Nation,Rainy Lake 26A,IRI,3559064
Ontario,Nipissing First Nation,Nipissing 10,IRI,3548073
Ontario,Nokiiwin Tribal Council,Fort William 52,IRI,3558003
Ontario,Nokiiwin Tribal Council,Pic Mobert North,IRI,3558060
Ontario,Nokiiwin Tribal Council,Pic Mobert South,IRI,3558061
Ontario,Nokiiwin Tribal Council,Gull River 55,IRI,3558065
Ontario,Nokiiwin Tribal Council,Rocky Bay 1,IRI,3558069
Ontario,Nokiiwin Tribal Council,Lake Nipigon,IRI,3558077
Ontario,North Caribou Lake First Nation,Weagamow Lake 87,IRI,3560059
Ontario,North Spirit Lake First Nation,North Spirit Lake,IRI,3560080
Ontario,Northwest Angle No.33 First Nation,Whitefish Bay 33A,IRI,3560005
Ontario,Northwest Angle No.33 First Nation,Northwest Angle 33B,IRI,3560060
Ontario,Obashkaandagaang First Nation,Rat Portage 38A,IRI,3560069
Ontario,Ochiichagwe'babigo'ining First Nation,The Dalles 38C,IRI,3560089
Ontario,Ogemawahj Tribal Council,Alderville First Nation,IRI,3514027
Ontario,Ogemawahj Tribal Council,Mississaugas of Scugog Island,IRI,3518022
Ontario,Ogemawahj Tribal Council,Chippewas of Georgina Island First Nation,IRI,3519076
Ontario,Ogemawahj Tribal Council,Mnjikaning First Nation 32,IRI,3543050
Ontario,Ogemawahj Tribal Council,Christian Island 30,IRI,3543069
Ontario,Ogemawahj Tribal Council,Christian Island 30A,IRI,3543070
Ontario,Ogemawahj Tribal Council,Moose Point 79,IRI,3544073
Ontario,Ojibway Nation of Saugeen,Ojibway Nation of Saugeen (Savant Lake),,
Ontario,Ojibway Nation of Saugeen,IRI (3558080),,
Ontario,Ojibways of Onigaming First Nation,Sabaskong Bay (Part) 35C,IRI,3559048
Ontario,Ojibways of Onigaming First Nation,Sabaskong Bay (Part) 35C,IRI,3560007
Ontario,Ojibways of Onigaming First Nation,Sabaskong Bay 35D,IRI,3560063
Ontario,Pays Plat First Nation,Pays Plat 51,IRI,3558063
Ontario,Pic Mobert,Pic Mobert North,IRI,3558060
Ontario,Pic Mobert,Pic Mobert South,IRI,3558061
Ontario,Poplar Hill First Nation,Poplar Hill,IRI,3560067
Ontario,Pwi-Di-Goo-Zing Ne-Yaa-Zhing Advisory Services,Manitou Rapids 11,IRI,3559026
Ontario,Pwi-Di-Goo-Zing Ne-Yaa-Zhing Advisory Services,Long Sault 12,IRI,3559030
Ontario,Pwi-Di-Goo-Zing Ne-Yaa-Zhing Advisory Services,Neguaguon Lake 25D,IRI,3559060
Ontario,Pwi-Di-Goo-Zing Ne-Yaa-Zhing Advisory Services,Rainy Lake 18C,IRI,3559061
Ontario,Pwi-Di-Goo-Zing Ne-Yaa-Zhing Advisory Services,Agency 1,IRI,3559062
Ontario,Pwi-Di-Goo-Zing Ne-Yaa-Zhing Advisory Services,Couchiching 16A,IRI,3559063
Ontario,Pwi-Di-Goo-Zing Ne-Yaa-Zhing Advisory Services,Rainy Lake 26A,IRI,3559064
Ontario,Pwi-Di-Goo-Zing Ne-Yaa-Zhing Advisory Services,Seine River 23B,IRI,3559065
Ontario,Pwi-Di-Goo-Zing Ne-Yaa-Zhing Advisory Services,Seine River 23A,IRI,3559066
Ontario,Pwi-Di-Goo-Zing Ne-Yaa-Zhing Advisory Services,Rainy Lake 17A,IRI,3559068
Ontario,Pwi-Di-Goo-Zing Ne-Yaa-Zhing Advisory Services,Rainy Lake 17B,IRI,3559069
Ontario,Rainy River First Nations,Manitou Rapids 11,IRI,3559026
Ontario,Rainy River First Nations,Long Sault 12,IRI,3559030
Ontario,Red Rock,Lake Helen 53A,IRI,3558064
Ontario,Sachigo Lake First Nation,Sachigo Lake 1,IRI,3560076
Ontario,Sagamok Anishnawbek First Nation,Sagamok,IRI,3557071
Ontario,Sandy Lake First Nation,Sandy Lake 88,IRI,3560071
Ontario,Saugeen First Nation,Chief's Point No. 28,IRI,3541056
Ontario,Saugeen First Nation,Saugeen 29,IRI,3541057
Ontario,Seine River First Nation,Seine River 23B,IRI,3559065
Ontario,Seine River First Nation,Seine River 23A,IRI,3559066
Ontario,Serpent River First Nation,Serpent River 7,IRI,3557072
Ontario,Shawanaga First Nation,Shawanaga 17,IRI,3549072
Ontario,Sheguiandah First Nation,Sheguiandah 24,IRI,3551042
Ontario,Sheshegwaning First Nation,Sheshegwaning 20,IRI,3551044
Ontario,Shibogama First Nations Council,Wunnumin 1,IRI,3560085
Ontario,Shibogama First Nations Council,Wapekeka 2,IRI,3560088
Ontario,Shibogama First Nations Council,Kasabonika Lake,IRI,3560096
Ontario,Shibogama First Nations Council,Kingfisher Lake 1,IRI,3560098
Ontario,Shibogama First Nations Council,Wawakapewin (Long Dog Lake),,
Ontario,Shibogama First Nations Council,IRI (3560100),,
Ontario,Shoal Lake No.40,Shoal Lake 34B2,IRI,3560064
Ontario,Shoal Lake No.40,Shoal Lake (Part) 40,IRI,3560082
Ontario,Shoal Lake No.40,Shoal Lake (Part) 40,IRI,4601079
Ontario,Slate Falls Nation,Slate Falls,S-É,3560046
Ontario,Southern First Nations Secretariat,Moravian 47,IRI,3536029
Ontario,Southern First Nations Secretariat,Sarnia 45,IRI,3538025
Ontario,Southern First Nations Secretariat,Kettle Point 44,IRI,3538056
Ontario,Southern First Nations Secretariat,Chippewas of the Thames First Nation 42,IRI,3539017
Ontario,Southern First Nations Secretariat,Munsee-Delaware Nation 1,IRI,3539018
Ontario,Southern First Nations Secretariat,Oneida 41,IRI,3539021
Ontario,Taykwa Tagamou Nation,New Post 69A,IRI,3556102
Ontario,Temagami First Nation,Bear Island 1,IRI,3548072
Ontario,The Chippewas of Nawash Unceded First Nation,Neyaashiinigmiing 27,IRI,3541060
Ontario,Thessalon First Nation,Thessalon 12,IRI,3557026
Ontario,United Chiefs & Councils of Mnidoo Mnising,Whitefish River (Part) 4,IRI,3551040
Ontario,United Chiefs & Councils of Mnidoo Mnising,Sucker Creek 23,IRI,3551041
Ontario,United Chiefs & Councils of Mnidoo Mnising,Sheguiandah 24,IRI,3551042
Ontario,United Chiefs & Councils of Mnidoo Mnising,Sheshegwaning 20,IRI,3551044
Ontario,United Chiefs & Councils of Mnidoo Mnising,M'Chigeeng 22 (West Bay 22),,
Ontario,United Chiefs & Councils of Mnidoo Mnising,IRI (3551045),,
Ontario,United Chiefs & Councils of Mnidoo Mnising,Zhiibaahaasing 19A (Cockburn Island 19A),,
Ontario,United Chiefs & Councils of Mnidoo Mnising,IRI (3551100),,
Ontario,Waabnoong Bemjiwang Association of First Nations,Nipissing 10,IRI,3548073
Ontario,Waabnoong Bemjiwang Association of First Nations,Parry Island First Nation,IRI,3549073
Ontario,Waabnoong Bemjiwang Association of First Nations,Henvey Inlet 2,IRI,3549075
Ontario,Waabnoong Bemjiwang Association of First Nations,French River 13,IRI,3549076
Ontario,Waabnoong Bemjiwang Association of First Nations,Dokis 9,IRI,3549077
Ontario,Waabnoong Bemjiwang Association of First Nations,Magnetewan 1,IRI,3549078
Ontario,Waabnoong Bemjiwang Association of First Nations,Wahnapitei 11,IRI,3553040
Ontario,Wabaseemoong Independent Nations,Wabaseemoong,IRI,3560061
Ontario,Wabauskang First Nation,Wabauskang 21,IRI,3560084
Ontario,Wabigoon Lake Ojibway Nation,Wabigoon Lake 27,IRI,3560057
Ontario,Wabun Tribal Council,Mattagami 71,IRI,3552052
Ontario,Wabun Tribal Council,Chapleau 74A,IRI,3552053
Ontario,Wabun Tribal Council,Duck Lake 76B,IRI,3552054
Ontario,Wabun Tribal Council,Matachewan 72,IRI,3554057
Ontario,Wabun Tribal Council,Flying Post 73,IRI,3556100
Ontario,Wahgoshig First Nation,Abitibi 70,IRI,3556033
Ontario,Wahnapitae First Nation,Wahnapitei 11,IRI,3553040
Ontario,Wapekeka First Nation,Wapekeka 2,IRI,3560088
Ontario,Wasauksing First Nation,Parry Island First Nation,IRI,3549073
Ontario,Wauzhushk Onigum Nation,Kenora 38B,IRI,3560066
Ontario,Webequie First Nation,Webequie,IRI,3560079
Ontario,Weenusk First Nation,Peawanuck,S-É,3560091
Ontario,Whitefish River First Nation,Whitefish River (Part) 4,IRI,3551040
Ontario,Whitesand First Nation,Whitesand,IRI,3558097
Ontario,Wikwemikong,Wikwemikong Unceded,IRI,3551043
Ontario,Windigo First Nations Council,Slate Falls,S-É,3560046
Ontario,Windigo First Nations Council,Cat Lake 63C,IRI,3560054
Ontario,Windigo First Nations Council,Weagamow Lake 87,IRI,3560059
Ontario,Windigo First Nations Council,Sachigo Lake 1,IRI,3560076
Ontario,Windigo First Nations Council,Bearskin Lake,IRI,3560095
Ontario,Wunnumin Lake First Nation,Wunnumin 1,IRI,3560085
Ontario,Zhiibaahaasing First Nation,Zhiibaahaasing 19A (Cockburn Island 19A),,
Ontario,Zhiibaahaasing First Nation,IRI (3551100),,
Manitoba,Barren Lands First Nation,Brochet 197,IRI,4623065
Manitoba,Berens River First Nation,Berens River 13,IRI,4619077
Manitoba,Birdtail Sioux First Nation,Birdtail Creek 57,IRI,4615042
Manitoba,Black River First Nation,Black River 9,IRI,4619054
Manitoba,Bloodvein First Nation,Bloodvein 12,IRI,4619052
Manitoba,Brokenhead Ojibway Nation,Brokenhead 4,IRI,4613062
Manitoba,Bunibonibee Cree Nation,Oxford House 24,IRI,4622050
Manitoba,Canupawakpa Dakota First Nation,Canupawakpa Dakota First Nation (Oak Lake 59),,
Manitoba,Canupawakpa Dakota First Nation,IRI (4606029),,
Manitoba,Chemawawin Cree Nation,Chemawawin 3,IRI,4619082
Manitoba,Chemawawin Cree Nation,Chemawawin 2,IRI,4621029
Manitoba,Cross Lake Band,Cross Lake 19,IRI,4622051
Manitoba,Cross Lake Band,Cross Lake 19A,IRI,4622052
Manitoba,Cross Lake Band,Cross Lake 19E,IRI,4622067
Manitoba,Dakota Ojibway Tribal Council Inc.,Roseau Rapids 2A,IRI,4602026
Manitoba,Dakota Ojibway Tribal Council Inc.,Roseau River 2,IRI,4602027
Manitoba,Dakota Ojibway Tribal Council Inc.,Swan Lake 7,IRI,4604068
Manitoba,Dakota Ojibway Tribal Council Inc.,Sandy Bay 5,IRI,4608069
Manitoba,Dakota Ojibway Tribal Council Inc.,Long Plain (Part) 6,IRI,4609025
Manitoba,Dakota Ojibway Tribal Council Inc.,Dakota Tipi 1,IRI,4609027
Manitoba,Dakota Ojibway Tribal Council Inc.,Birdtail Creek 57,IRI,4615042
Manitoba,Dakota Ojibway Tribal Council Inc.,Waywayseecappo First Nation,IRI,4616017
Manitoba,Dakota Ojibway Tribal Council Inc.,Treaty Four Reserve Grounds 77,IRI,4706829
Manitoba,Dakota Plains First Nation,Dakota Plains 6A,IRI,4609026
Manitoba,Dakota Tipi First Nation,Dakota Tipi 1,IRI,4609027
Manitoba,Ebb and Flow First Nation,Ebb and Flow 52,IRI,4617029
Manitoba,Fisher River First Nation,Fisher River 44,IRI,4619056
Manitoba,Fisher River First Nation,Fisher River 44A,IRI,4619058
Manitoba,Fort Alexander,Fort Alexander 3,IRI,4619050
Manitoba,Fox Lake Cree Nation,Gillam,S-É,4623025
Manitoba,Fox Lake Cree Nation,Fox Lake 2,IRI,4623027
Manitoba,Gambler First Nation,Gambler 63 (Part),,
Manitoba,Gambler First Nation,IRI (4615049),,
Manitoba,Gambler First Nation,Gambler 63 (Part),,
Manitoba,Gambler First Nation,IRI (4616025),,
Manitoba,Gambler First Nation,Treaty Four Reserve Grounds 77,IRI,4706829
Manitoba,Garden Hill First Nations,Garden Hill First Nation,IRI,4622048
Manitoba,God's Lake First Nation,God's Lake 23,IRI,4622049
Manitoba,Hollow Water First Nation,Hole or Hollow Water 10,IRI,4619053
Manitoba,Interlake Reserves Tribal Council Inc.,Dog Creek 46,IRI,4618055
Manitoba,Interlake Reserves Tribal Council Inc.,Little Saskatchewan 48,IRI,4618063
Manitoba,Interlake Reserves Tribal Council Inc.,Fairford (Part) 50,IRI,4618067
Manitoba,Interlake Reserves Tribal Council Inc.,Peguis 1B,IRI,4619059
Manitoba,Interlake Reserves Tribal Council Inc.,Fairford (Part) 50,IRI,4619060
Manitoba,Interlake Reserves Tribal Council Inc.,Jackhead 43,IRI,4619061
Manitoba,Interlake Reserves Tribal Council Inc.,Dauphin River 48A,IRI,4619062
Manitoba,Island Lake Tribal Council Inc.,Garden Hill First Nation,IRI,4622048
Manitoba,Island Lake Tribal Council Inc.,Red Sucker Lake 1976,IRI,4622056
Manitoba,Island Lake Tribal Council Inc.,Wasagamack,IRI,4622800
Manitoba,Island Lake Tribal Council Inc.,St. Theresa Point,IRI,4622801
Manitoba,Keeseekoowenin Ojibway First Nation,Keeseekoowenin 61,IRI,4615067
Manitoba,Keewatin Tribal Council Inc.,God's Lake 23,IRI,4622049
Manitoba,Keewatin Tribal Council Inc.,Oxford House 24,IRI,4622050
Manitoba,Keewatin Tribal Council Inc.,God's River 86A,IRI,4622055
Manitoba,Keewatin Tribal Council Inc.,Split Lake (Part) 171,IRI,4622063
Manitoba,Keewatin Tribal Council Inc.,Ilford,S-É,4622064
Manitoba,Keewatin Tribal Council Inc.,York Landing,IRI,4622065
Manitoba,Keewatin Tribal Council Inc.,Mooseocoot,IRI,4622802
Manitoba,Keewatin Tribal Council Inc.,Gillam,S-É,4623025
Manitoba,Keewatin Tribal Council Inc.,Fox Lake 2,IRI,4623027
Manitoba,Keewatin Tribal Council Inc.,Churchill 1,IRI,4623058
Manitoba,Keewatin Tribal Council Inc.,Split Lake (Part) 171,IRI,4623060
Manitoba,Keewatin Tribal Council Inc.,Brochet 197,IRI,4623065
Manitoba,Keewatin Tribal Council Inc.,Lac Brochet 197A,IRI,4623067
Manitoba,Kinonjeoshtegon First Nation,Jackhead 43,IRI,4619061
Manitoba,Lake Manitoba First Nation,Dog Creek 46,IRI,4618055
Manitoba,Little Grand Rapids First Nation,Little Grand Rapids 14,IRI,4619051
Manitoba,Little Saskatchewan First Nation,Little Saskatchewan 48,IRI,4618063
Manitoba,Long Plain First Nation,Long Plain (Part) 6,IRI,4609025
Manitoba,Manto Sipi Cree Nation,God's River 86A,IRI,4622055
Manitoba,Mathias Colomb Cree Nation,Granville Lake,S-É,4623039
Manitoba,Mathias Colomb Cree Nation,Pukatawagan 198,IRI,4623064
Manitoba,Misipawistik Cree Nation,Grand Rapids 33,IRI,4621027
Manitoba,Mosakahiken Cree Nation,Moose Lake 31A,IRI,4621058
Manitoba,Nisichawayasihk Cree Nation,Nelson House 170,IRI,4622059
Manitoba,Northlands Denesuline First Nation,Lac Brochet 197A,IRI,4623067
Manitoba,Norway House Cree Nation,Norway House 17,IRI,4622058
Manitoba,O-Chi-Chak-Ko-Sipi First Nation,Crane River 51,IRI,4619068
Manitoba,Opaskwayak Cree Nation,Opaskwayak Cree Nation 21A,IRI,4621033
Manitoba,Opaskwayak Cree Nation,Opaskwayak Cree Nation 21B,IRI,4621034
Manitoba,Opaskwayak Cree Nation,Opaskwayak Cree Nation 21C,IRI,4621035
Manitoba,Opaskwayak Cree Nation,Opaskwayak Cree Nation 21I,IRI,4621040
Manitoba,Opaskwayak Cree Nation,Opaskwayak Cree Nation 21E,IRI,4621043
Manitoba,Opaskwayak Cree Nation,Opaskwayak Cree Nation 27A (Carrot River),,
Manitoba,Opaskwayak Cree Nation,IRI (4714846),,
Manitoba,O-Pipon-Na-Piwin Cree Nation,South Indian Lake,S-É,4623037
Manitoba,Pauingassi First Nation,Pauingassi First Nation,IRI,4619079
Manitoba,Peguis First Nation,Peguis 1B,IRI,4619059
Manitoba,Pinaymootang First Nation,Fairford (Part) 50,IRI,4618067
Manitoba,Pinaymootang First Nation,Fairford (Part) 50,IRI,4619060
Manitoba,Pine Creek First Nation,Pine Creek 66A,IRI,4619070
Manitoba,Pine Creek First Nation,Treaty Four Reserve Grounds 77,IRI,4706829
Manitoba,Poplar River First Nation,Poplar River 16,IRI,4619075
Manitoba,Red Sucker Lake First Nation,Red Sucker Lake 1976,IRI,4622056
Manitoba,Rolling River First Nations,Rolling River 67,IRI,4615071
Manitoba,Rolling River First Nations,Rolling River 67B,IRI,4615072
Manitoba,Rolling River First Nations,Treaty Four Reserve Grounds 77,IRI,4706829
Manitoba,Roseau River Anishinabe First Nation Government,Roseau Rapids 2A,IRI,4602026
Manitoba,Roseau River Anishinabe First Nation Government,Roseau River 2,IRI,4602027
Manitoba,Sandy Bay Objibway First Nation,Sandy Bay 5,IRI,4608069
Manitoba,Sapotaweyak Cree Nation,Shoal River Indian Reserve 65A,IRI,4619072
Manitoba,Sapotaweyak Cree Nation,Treaty Four Reserve Grounds 77,IRI,4706829
Manitoba,Sayisi Dene First Nation,Churchill 1,IRI,4623058
Manitoba,Shamattawa First Nation,Shamattawa 1,IRI,4623071
Manitoba,Sioux Valley Dakota Nation,Sioux Valley Dakota Nation,IRI,4606040
Manitoba,Skownan First Nation,Waterhen 45,IRI,4619069
Manitoba,Southeast Resource Development Council Corp.,Brokenhead 4,IRI,4613062
Manitoba,Southeast Resource Development Council Corp.,Little Grand Rapids 14,IRI,4619051
Manitoba,Southeast Resource Development Council Corp.,Bloodvein 12,IRI,4619052
Manitoba,Southeast Resource Development Council Corp.,Hole or Hollow Water 10,IRI,4619053
Manitoba,Southeast Resource Development Council Corp.,Black River 9,IRI,4619054
Manitoba,Southeast Resource Development Council Corp.,Poplar River 16,IRI,4619075
Manitoba,Southeast Resource Development Council Corp.,Berens River 13,IRI,4619077
Manitoba,Southeast Resource Development Council Corp.,Pauingassi First Nation,IRI,4619079
Manitoba,St. Theresa Point First Nation,St. Theresa Point,IRI,4622801
Manitoba,Swampy Cree Tribal Council,Swan Lake 65C,IRI,4619071
Manitoba,Swampy Cree Tribal Council,Shoal River Indian Reserve 65A,IRI,4619072
Manitoba,Swampy Cree Tribal Council,Chemawawin 3,IRI,4619082
Manitoba,Swampy Cree Tribal Council,Grand Rapids 33,IRI,4621027
Manitoba,Swampy Cree Tribal Council,Chemawawin 2,IRI,4621029
Manitoba,Swampy Cree Tribal Council,Moose Lake 31A,IRI,4621058
Manitoba,Swampy Cree Tribal Council,Granville Lake,S-É,4623039
Manitoba,Swampy Cree Tribal Council,Pukatawagan 198,IRI,4623064
Manitoba,Swampy Cree Tribal Council,Black Sturgeon,IRI,4623800
Manitoba,Swampy Cree Tribal Council,Treaty Four Reserve Grounds 77,IRI,4706829
Manitoba,Swan Lake First Nation,Swan Lake 7,IRI,4604068
Manitoba,Tataskweyak Cree Nation,Split Lake (Part) 171,IRI,4622063
Manitoba,Tataskweyak Cree Nation,Split Lake (Part) 171,IRI,4623060
Manitoba,Tootinaowaziibeeng First Nation,Valley River 63A,IRI,4616046
Manitoba,Tootinaowaziibeeng First Nation,Treaty Four Reserve Grounds 77,IRI,4706829
Manitoba,War Lake First Nation,Ilford,S-É,4622064
Manitoba,War Lake First Nation,Mooseocoot,IRI,4622802
Manitoba,Wasagamack First Nation,Wasagamack,IRI,4622800
Manitoba,Waywayseecappo First Nation,Waywayseecappo First Nation,IRI,4616017
Manitoba,Waywayseecappo First Nation,Treaty Four Reserve Grounds 77,IRI,4706829
Manitoba,West Region Tribal Council Inc.,Gambler 63 (Part),,
Manitoba,West Region Tribal Council Inc.,IRI (4615049),,
Manitoba,West Region Tribal Council Inc.,Keeseekoowenin 61,IRI,4615067
Manitoba,West Region Tribal Council Inc.,Rolling River 67,IRI,4615071
Manitoba,West Region Tribal Council Inc.,Rolling River 67B,IRI,4615072
Manitoba,West Region Tribal Council Inc.,Gambler 63 (Part),,
Manitoba,West Region Tribal Council Inc.,IRI (4616025),,
Manitoba,West Region Tribal Council Inc.,Valley River 63A,IRI,4616046
Manitoba,West Region Tribal Council Inc.,Ebb and Flow 52,IRI,4617029
Manitoba,West Region Tribal Council Inc.,Crane River 51,IRI,4619068
Manitoba,West Region Tribal Council Inc.,Waterhen 45,IRI,4619069
Manitoba,West Region Tribal Council Inc.,Pine Creek 66A,IRI,4619070
Manitoba,West Region Tribal Council Inc.,Treaty Four Reserve Grounds 77,IRI,4706829
Manitoba,York Factory First Nation,York Landing,IRI,4622065
Saskatchewan,Agency Chiefs Tribal Council,Big River 118,IRI,4716858
Saskatchewan,Agency Chiefs Tribal Council,Witchekan Lake 117,IRI,4716862
Saskatchewan,Agency Chiefs Tribal Council,Chitek Lake 191,IRI,4716863
Saskatchewan,Agency Chiefs Tribal Council,Pelican Lake 191B,IRI,4716880
Saskatchewan,Agency Chiefs Tribal Council,Witchekan Lake 117D,IRI,4716882
Saskatchewan,Agency Chiefs Tribal Council,Pelican Lake 191A,IRI,4716894
Saskatchewan,Ahtahkakoop Cree Nation,Ahtahkakoop 104,IRI,4716860
Saskatchewan,Battlefords Agency Tribal Chiefs Inc.,Red Pheasant 108,IRI,4712829
Saskatchewan,Battlefords Agency Tribal Chiefs Inc.,Mosquito 109,IRI,4712830
Saskatchewan,Battlefords Agency Tribal Chiefs Inc.,Grizzly Bear's Head 110 and Lean Man 111,IRI,4712832
Saskatchewan,Battlefords Agency Tribal Chiefs Inc.,Sweet Grass 113,IRI,4712833
Saskatchewan,Battlefords Agency Tribal Chiefs Inc.,Sweet Grass 113-M16,IRI,4712837
Saskatchewan,Battlefords Agency Tribal Chiefs Inc.,Ahtahkakoop 104,IRI,4716860
Saskatchewan,Battlefords Agency Tribal Chiefs Inc.,Saulteaux 159A,IRI,4716861
Saskatchewan,Battlefords Agency Tribal Chiefs Inc.,Sweet Grass 113-L6,IRI,4716892
Saskatchewan,Battlefords Agency Tribal Chiefs Inc.,Moosomin 112B,IRI,4717812
Saskatchewan,Battlefords Agency Tribal Chiefs Inc.,Saulteaux 159,IRI,4717813
Saskatchewan,Beardy's and Okemasis First Nation,Beardy's and Okemasis 96 and 97A,IRI,4710828
Saskatchewan,Beardy's and Okemasis First Nation,Beardy's 97 and Okemasis 96,IRI,4715845
Saskatchewan,Beardy's and Okemasis First Nation,Beardy's and Okemasis 96 and 97B,IRI,4715859
Saskatchewan,Big Island Lake Cree Nation,Big Island Lake Cree Territory,IRI,4717811
Saskatchewan,Big River First Nation,Big River 118,IRI,4716858
Saskatchewan,Birch Narrows First Nation,Turnor Lake 193B,IRI,4718819
Saskatchewan,Black Lake Denesuline First Nation,Chicken 225,IRI,4718823
Saskatchewan,Black Lake Denesuline First Nation,Chicken 224,IRI,4718828
Saskatchewan,Buffalo River Dene Nation,Buffalo River Dene Nation 193 (Peter Pond Lake 193),,
Saskatchewan,Buffalo River Dene Nation,IRI (4718818),,
Saskatchewan,Canoe Lake Cree First Nation,Eagles Lake 165C,IRI,4717816
Saskatchewan,Canoe Lake Cree First Nation,Canoe Lake 165,IRI,4718817
Saskatchewan,Carry The Kettle Nakoda Nation,Assiniboine 76,IRI,4706810
Saskatchewan,Carry The Kettle Nakoda Nation,Treaty Four Reserve Grounds 77,IRI,4706829
Saskatchewan,Clearwater River Dene,Clearwater River Dene Band 223,IRI,4718829
Saskatchewan,Clearwater River Dene,Clearwater River Dene 222,IRI,4718839
Saskatchewan,Cote First Nation,Treaty Four Reserve Grounds 77,IRI,4706829
Saskatchewan,Cote First Nation,Cote 64,IRI,4709819
Saskatchewan,Cowessess First Nation,Cowessess 73,IRI,4705803
Saskatchewan,Cowessess First Nation,Treaty Four Reserve Grounds 77,IRI,4706829
Saskatchewan,Cumberland House Cree Nation,Cumberland House Cree Nation 20,IRI,4718801
Saskatchewan,Day Star First Nation,Treaty Four Reserve Grounds 77,IRI,4706829
Saskatchewan,Day Star First Nation,Day Star 87,IRI,4710824
Saskatchewan,English River First Nation,La Plonge 192,IRI,4718807
Saskatchewan,English River First Nation,Wapachewunak 192D,IRI,4718814
Saskatchewan,File Hills Qu'appelle Tribal Council Inc.,Piapot Cree First Nation 75H,IRI,4702800
Saskatchewan,File Hills Qu'appelle Tribal Council Inc.,Wood Mountain 160,IRI,4703801
Saskatchewan,File Hills Qu'appelle Tribal Council Inc.,Nekaneet Cree Nation,IRI,4704802
Saskatchewan,File Hills Qu'appelle Tribal Council Inc.,Piapot 75,IRI,4706809
Saskatchewan,File Hills Qu'appelle Tribal Council Inc.,Assiniboine 76,IRI,4706810
Saskatchewan,File Hills Qu'appelle Tribal Council Inc.,Standing Buffalo 78,IRI,4706811
Saskatchewan,File Hills Qu'appelle Tribal Council Inc.,Pasqua 79,IRI,4706812
Saskatchewan,File Hills Qu'appelle Tribal Council Inc.,Muscowpetung 80,IRI,4706813
Saskatchewan,File Hills Qu'appelle Tribal Council Inc.,Little Black Bear 84,IRI,4706814
Saskatchewan,File Hills Qu'appelle Tribal Council Inc.,Okanese 82,IRI,4706815
Saskatchewan,File Hills Qu'appelle Tribal Council Inc.,Peepeekisis 81,IRI,4706816
Saskatchewan,File Hills Qu'appelle Tribal Council Inc.,Star Blanket 83,IRI,4706818
Saskatchewan,File Hills Qu'appelle Tribal Council Inc.,Wa-Pii Moos-Toosis (White Calf) 83A,IRI,4706820
Saskatchewan,File Hills Qu'appelle Tribal Council Inc.,Star Blanket 83C,IRI,4706828
Saskatchewan,File Hills Qu'appelle Tribal Council Inc.,Treaty Four Reserve Grounds 77,IRI,4706829
Saskatchewan,Fishing Lake First Nation,Treaty Four Reserve Grounds 77,IRI,4706829
Saskatchewan,Fishing Lake First Nation,Fishing Lake 89,IRI,4710826
Saskatchewan,Fishing Lake First Nation,Fishing Lake 89A,IRI,4710854
Saskatchewan,Flying Dust First Nation,Flying Dust First Nation 105 (Meadow Lake 105),,
Saskatchewan,Flying Dust First Nation,IRI (4717805),,
Saskatchewan,Flying Dust First Nation,Meadow Lake 105A,IRI,4717819
Saskatchewan,Fond Du Lac Denesuline First Nation,Fond du Lac 227,IRI,4718824
Saskatchewan,George Gordon First Nation,Treaty Four Reserve Grounds 77,IRI,4706829
Saskatchewan,George Gordon First Nation,Gordon 86,IRI,4710823
Saskatchewan,Hatchet Lake Denesuline Nation,Lac La Hache 220,IRI,4718832
Saskatchewan,James Smith Cree Nation,James Smith 100,IRI,4715849
Saskatchewan,James Smith Cree Nation,Cumberland 100A,IRI,4715850
Saskatchewan,Kahkewistahaw First Nation,Kahkewistahaw 72,IRI,4705804
Saskatchewan,Kahkewistahaw First Nation,Treaty Four Reserve Grounds 77,IRI,4706829
Saskatchewan,Kawacatoose First Nation,Treaty Four Reserve Grounds 77,IRI,4706829
Saskatchewan,Kawacatoose First Nation,Poorman 88,IRI,4710825
Saskatchewan,Keeseekoose First Nation,Treaty Four Reserve Grounds 77,IRI,4706829
Saskatchewan,Keeseekoose First Nation,Keeseekoose 66,IRI,4709820
Saskatchewan,Keeseekoose First Nation,Keeseekoose 66A,IRI,4709822
Saskatchewan,Keeseekoose First Nation,Keeseekoose 66-CA-04,IRI,4709824
Saskatchewan,Keeseekoose First Nation,Keeseekoose 66-CA-05,IRI,4709826
Saskatchewan,Keeseekoose First Nation,Keeseekoose 66-CA-06,IRI,4709828
Saskatchewan,Keeseekoose First Nation,Keeseekoose 66-KE-04,IRI,4709830
Saskatchewan,Keeseekoose First Nation,Keeseekoose 66-KE-05,IRI,4709832
Saskatchewan,Kinistin Saulteaux Nation,Treaty Four Reserve Grounds 77,IRI,4706829
Saskatchewan,Kinistin Saulteaux Nation,Kinistin 91,IRI,4714842
Saskatchewan,Lac La Ronge Indian Band,Little Red River 106C,IRI,4715851
Saskatchewan,Lac La Ronge Indian Band,Little Red River 106D,IRI,4716857
Saskatchewan,Lac La Ronge Indian Band,Stanley 157,IRI,4718803
Saskatchewan,Lac La Ronge Indian Band,Morin Lake 217,IRI,4718808
Saskatchewan,Lac La Ronge Indian Band,Lac La Ronge 156,IRI,4718809
Saskatchewan,Lac La Ronge Indian Band,Sucker River 156C (Nemebien River 156C),,
Saskatchewan,Lac La Ronge Indian Band,IRI (4718811),,
Saskatchewan,Lac La Ronge Indian Band,Kitsakie 156B,IRI,4718812
Saskatchewan,Lac La Ronge Indian Band,Four Portages 157C,IRI,4718813
Saskatchewan,Lac La Ronge Indian Band,Brabant Lake,S-É,4718825
Saskatchewan,Lac La Ronge Indian Band,Grandmother's Bay 219,IRI,4718831
Saskatchewan,Lac La Ronge Indian Band,Little Hills 158,IRI,4718844
Saskatchewan,Lac La Ronge Indian Band,Little Hills 158B,IRI,4718849
Saskatchewan,Little Black Bear First Nation,Little Black Bear 84,IRI,4706814
Saskatchewan,Little Black Bear First Nation,Treaty Four Reserve Grounds 77,IRI,4706829
Saskatchewan,Little Pine First Nation,Little Pine 116,IRI,4713836
Saskatchewan,Little Pine First Nation,Min-A-He-Quo-Sis 116C,IRI,4717825
Saskatchewan,Makwa Sahgaiehcan First Nation,Makwa Lake 129B,IRI,4717807
Saskatchewan,Makwa Sahgaiehcan First Nation,Makwa Lake 129,IRI,4717808
Saskatchewan,Makwa Sahgaiehcan First Nation,Makwa Lake 129C,IRI,4717815
Saskatchewan,Meadow Lake Tribal Council,Flying Dust First Nation 105 (Meadow Lake 105),,
Saskatchewan,Meadow Lake Tribal Council,IRI (4717805),,
Saskatchewan,Meadow Lake Tribal Council,Waterhen 130,IRI,4717806
Saskatchewan,Meadow Lake Tribal Council,Makwa Lake 129B,IRI,4717807
Saskatchewan,Meadow Lake Tribal Council,Makwa Lake 129,IRI,4717808
Saskatchewan,Meadow Lake Tribal Council,Ministikwan 161,IRI,4717809
Saskatchewan,Meadow Lake Tribal Council,Ministikwan 161A,IRI,4717810
Saskatchewan,Meadow Lake Tribal Council,Makwa Lake 129C,IRI,4717815
Saskatchewan,Meadow Lake Tribal Council,Eagles Lake 165C,IRI,4717816
Saskatchewan,Meadow Lake Tribal Council,Meadow Lake 105A,IRI,4717819
Saskatchewan,Meadow Lake Tribal Council,La Plonge 192,IRI,4718807
Saskatchewan,Meadow Lake Tribal Council,Wapachewunak 192D,IRI,4718814
Saskatchewan,Meadow Lake Tribal Council,Canoe Lake 165,IRI,4718817
Saskatchewan,Meadow Lake Tribal Council,Buffalo River Dene Nation 193 (Peter Pond Lake 193),,
Saskatchewan,Meadow Lake Tribal Council,IRI (4718818),,
Saskatchewan,Meadow Lake Tribal Council,Turnor Lake 193B,IRI,4718819
Saskatchewan,Meadow Lake Tribal Council,Clearwater River Dene Band 223,IRI,4718829
Saskatchewan,Meadow Lake Tribal Council,Clearwater River Dene 222,IRI,4718839
Saskatchewan,Ministikwan Lake Cree Nation,Ministikwan 161,IRI,4717809
Saskatchewan,Ministikwan Lake Cree Nation,Ministikwan 161A,IRI,4717810
Saskatchewan,Mistawasis First Nation,Mistawasis 103,IRI,4716855
Saskatchewan,Montreal Lake Cree Nation,Montreal Lake 106B,IRI,4715853
Saskatchewan,Montreal Lake Cree Nation,Montreal Lake 106,IRI,4718802
Saskatchewan,Moosomin First Nation,Moosomin 112B,IRI,4717812
Saskatchewan,"Mosquito, Grizzly Bear's Head, Lean Man First Nation",Mosquito 109,IRI,4712830
Saskatchewan,"Mosquito, Grizzly Bear's Head, Lean Man First Nation",Grizzly Bear's Head 110 and Lean Man 111,IRI,4712832
Saskatchewan,Muscowpetung First Nation,Muscowpetung 80,IRI,4706813
Saskatchewan,Muscowpetung First Nation,Treaty Four Reserve Grounds 77,IRI,4706829
Saskatchewan,Muskeg Lake Cree Nation,Muskeg Lake Cree Nation 102,IRI,4716854
Saskatchewan,Muskeg Lake Cree Nation,Muskeg Lake 102B,IRI,4716872
Saskatchewan,Muskeg Lake Cree Nation,Muskeg Lake 102E,IRI,4716886
Saskatchewan,Muskeg Lake Cree Nation,Muskeg Lake 102F,IRI,4716888
Saskatchewan,Muskeg Lake Cree Nation,Muskeg Lake 102G,IRI,4716890
Saskatchewan,Muskeg Lake Cree Nation,Muskeg Lake 102D,IRI,4716891
Saskatchewan,Muskoday First Nation,Muskoday First Nation,IRI,4715847
Saskatchewan,Muskowekwan First Nation,Treaty Four Reserve Grounds 77,IRI,4706829
Saskatchewan,Muskowekwan First Nation,Muskowekwan 85,IRI,4710822
Saskatchewan,Muskowekwan First Nation,Muskowekwan 85-17,IRI,4710832
Saskatchewan,Muskowekwan First Nation,Muskowekwan 85-26,IRI,4710834
Saskatchewan,Muskowekwan First Nation,Muskowekwan 85-33,IRI,4710836
Saskatchewan,Muskowekwan First Nation,Muskowekwan 85-28,IRI,4710838
Saskatchewan,Muskowekwan First Nation,Muskowekwan 85-29,IRI,4710840
Saskatchewan,Muskowekwan First Nation,Muskowekwan 85-23,IRI,4710842
Saskatchewan,Muskowekwan First Nation,Muskowekwan 85-12,IRI,4710843
Saskatchewan,Muskowekwan First Nation,Muskowekwan 85-24,IRI,4710844
Saskatchewan,Muskowekwan First Nation,Muskowekwan 85-22,IRI,4710845
Saskatchewan,Muskowekwan First Nation,Muskowekwan 85-27,IRI,4710846
Saskatchewan,Muskowekwan First Nation,Muskowekwan 85-10,IRI,4710847
Saskatchewan,Muskowekwan First Nation,Muskowekwan 85-1,IRI,4710848
Saskatchewan,Muskowekwan First Nation,Muskowekwan 85-8,IRI,4710849
Saskatchewan,Muskowekwan First Nation,Muskowekwan 85-15,IRI,4710850
Saskatchewan,Muskowekwan First Nation,Muskowekwan 85-2A,IRI,4710851
Saskatchewan,Muskowekwan First Nation,Muskowekwan 85-31,IRI,4710852
Saskatchewan,Nekaneet First Nation,Nekaneet Cree Nation,IRI,4704802
Saskatchewan,Nekaneet First Nation,Treaty Four Reserve Grounds 77,IRI,4706829
Saskatchewan,Northwest Professional Services Corp.,Poundmaker 114,IRI,4713835
Saskatchewan,Northwest Professional Services Corp.,Little Pine 116,IRI,4713836
Saskatchewan,Northwest Professional Services Corp.,Lucky Man,IRI,4716870
Saskatchewan,Northwest Professional Services Corp.,Min-A-He-Quo-Sis 116C,IRI,4717825
Saskatchewan,Ocean Man First Nation,Ocean Man 69,IRI,4701809
Saskatchewan,Ocean Man First Nation,Ocean Man 69A,IRI,4701810
Saskatchewan,Ocean Man First Nation,Ocean Man 69C,IRI,4701812
Saskatchewan,Ocean Man First Nation,Ocean Man 69E,IRI,4701813
Saskatchewan,Ocean Man First Nation,Ocean Man 69F,IRI,4701814
Saskatchewan,Ocean Man First Nation,Ocean Man 69G,IRI,4701815
Saskatchewan,Ocean Man First Nation,Ocean Man 69I,IRI,4701816
Saskatchewan,Ocean Man First Nation,Ocean Man 69H,IRI,4701817
Saskatchewan,Ocean Man First Nation,Ocean Man 69D,IRI,4701818
Saskatchewan,Ocean Man First Nation,Treaty Four Reserve Grounds 77,IRI,4706829
Saskatchewan,Ochapowace First Nation,Ochapowace 71,IRI,4705806
Saskatchewan,Ochapowace First Nation,Ochapowace 71-10,IRI,4705814
Saskatchewan,Ochapowace First Nation,Ochapowace 71-54,IRI,4705818
Saskatchewan,Ochapowace First Nation,Ochapowace 71-26,IRI,4705821
Saskatchewan,Ochapowace First Nation,Ochapowace 71-70,IRI,4705822
Saskatchewan,Ochapowace First Nation,Ochapowace 71-7,IRI,4705823
Saskatchewan,Ochapowace First Nation,Ochapowace 71-18,IRI,4705824
Saskatchewan,Ochapowace First Nation,Ochapowace 71-51,IRI,4705825
Saskatchewan,Ochapowace First Nation,Ochapowace 71-44,IRI,4705826
Saskatchewan,Ochapowace First Nation,Treaty Four Reserve Grounds 77,IRI,4706829
Saskatchewan,Okanese First Nation,Okanese 82,IRI,4706815
Saskatchewan,Okanese First Nation,Treaty Four Reserve Grounds 77,IRI,4706829
Saskatchewan,One Arrow First Nation,One Arrow 95,IRI,4715844
Saskatchewan,One Arrow First Nation,One Arrow 95-1C,IRI,4715857
Saskatchewan,One Arrow First Nation,One Arrow 95-1D,IRI,4715861
Saskatchewan,One Arrow First Nation,One Arrow 95-1A,IRI,4715862
Saskatchewan,Onion Lake Cree Nation,Seekaskootch 119,IRI,4717801
Saskatchewan,Onion Lake Cree Nation,Makaoo (Part) 120,IRI,4717802
Saskatchewan,Onion Lake Cree Nation,Onion Lake 119-1,IRI,4717820
Saskatchewan,Onion Lake Cree Nation,Makaoo (Part) 120,IRI,4810805
Saskatchewan,PADC Management Company Ltd.,Shoal Lake 28A,IRI,4714839
Saskatchewan,PADC Management Company Ltd.,Red Earth 29,IRI,4714840
Saskatchewan,PADC Management Company Ltd.,Carrot River 29A,IRI,4714845
Saskatchewan,PADC Management Company Ltd.,Wahpaton 94A,IRI,4715848
Saskatchewan,PADC Management Company Ltd.,James Smith 100,IRI,4715849
Saskatchewan,PADC Management Company Ltd.,Cumberland 100A,IRI,4715850
Saskatchewan,PADC Management Company Ltd.,Little Red River 106C,IRI,4715851
Saskatchewan,PADC Management Company Ltd.,Montreal Lake 106B,IRI,4715853
Saskatchewan,PADC Management Company Ltd.,Sturgeon Lake 101,IRI,4716856
Saskatchewan,PADC Management Company Ltd.,Little Red River 106D,IRI,4716857
Saskatchewan,PADC Management Company Ltd.,Cumberland House Cree Nation 20,IRI,4718801
Saskatchewan,PADC Management Company Ltd.,Montreal Lake 106,IRI,4718802
Saskatchewan,PADC Management Company Ltd.,Stanley 157,IRI,4718803
Saskatchewan,PADC Management Company Ltd.,Wapaskokimaw 202,IRI,4718806
Saskatchewan,PADC Management Company Ltd.,Morin Lake 217,IRI,4718808
Saskatchewan,PADC Management Company Ltd.,Lac La Ronge 156,IRI,4718809
Saskatchewan,PADC Management Company Ltd.,Sucker River 156C (Nemebien River 156C),,
Saskatchewan,PADC Management Company Ltd.,IRI (4718811),,
Saskatchewan,PADC Management Company Ltd.,Kitsakie 156B,IRI,4718812
Saskatchewan,PADC Management Company Ltd.,Four Portages 157C,IRI,4718813
Saskatchewan,PADC Management Company Ltd.,Pelican Narrows 184B,IRI,4718820
Saskatchewan,PADC Management Company Ltd.,Sturgeon Weir 184F,IRI,4718821
Saskatchewan,PADC Management Company Ltd.,Southend 200,IRI,4718822
Saskatchewan,PADC Management Company Ltd.,Chicken 225,IRI,4718823
Saskatchewan,PADC Management Company Ltd.,Fond du Lac 227,IRI,4718824
Saskatchewan,PADC Management Company Ltd.,Brabant Lake,S-É,4718825
Saskatchewan,PADC Management Company Ltd.,Southend No. 200A,IRI,4718826
Saskatchewan,PADC Management Company Ltd.,Chicken 224,IRI,4718828
Saskatchewan,PADC Management Company Ltd.,Grandmother's Bay 219,IRI,4718831
Saskatchewan,PADC Management Company Ltd.,Lac La Hache 220,IRI,4718832
Saskatchewan,PADC Management Company Ltd.,Little Hills 158,IRI,4718844
Saskatchewan,PADC Management Company Ltd.,Little Hills 158B,IRI,4718849
Saskatchewan,PADC Management Company Ltd.,Kimosom Pwatinahk 203 (Deschambault Lake),,
Saskatchewan,PADC Management Company Ltd.,IRI (4718852),,
Saskatchewan,PADC Management Company Ltd.,Kinoosao-Thomas Clark 204,IRI,4718854
Saskatchewan,Pasqua First Nation,Pasqua 79,IRI,4706812
Saskatchewan,Pasqua First Nation,Treaty Four Reserve Grounds 77,IRI,4706829
Saskatchewan,Peepeekisis Cree Nation,Peepeekisis 81,IRI,4706816
Saskatchewan,Peepeekisis Cree Nation,Treaty Four Reserve Grounds 77,IRI,4706829
Saskatchewan,Pelican Lake First Nation,Chitek Lake 191,IRI,4716863
Saskatchewan,Pelican Lake First Nation,Pelican Lake 191B,IRI,4716880
Saskatchewan,Pelican Lake First Nation,Pelican Lake 191A,IRI,4716894
Saskatchewan,Peter Ballantyne Cree Nation,Wapaskokimaw 202,IRI,4718806
Saskatchewan,Peter Ballantyne Cree Nation,Pelican Narrows 184B,IRI,4718820
Saskatchewan,Peter Ballantyne Cree Nation,Sturgeon Weir 184F,IRI,4718821
Saskatchewan,Peter Ballantyne Cree Nation,Southend 200,IRI,4718822
Saskatchewan,Peter Ballantyne Cree Nation,Southend No. 200A,IRI,4718826
Saskatchewan,Peter Ballantyne Cree Nation,Kimosom Pwatinahk 203 (Deschambault Lake),,
Saskatchewan,Peter Ballantyne Cree Nation,IRI (4718852),,
Saskatchewan,Peter Ballantyne Cree Nation,Kinoosao-Thomas Clark 204,IRI,4718854
Saskatchewan,Pheasant Rump Nakota Nation,Pheasant Rump Nakota 68,IRI,4701819
Saskatchewan,Pheasant Rump Nakota Nation,Treaty Four Reserve Grounds 77,IRI,4706829
Saskatchewan,Piapot First Nation,Piapot Cree First Nation 75H,IRI,4702800
Saskatchewan,Piapot First Nation,Piapot 75,IRI,4706809
Saskatchewan,Piapot First Nation,Treaty Four Reserve Grounds 77,IRI,4706829
Saskatchewan,Poundmaker Cree Nation,Poundmaker 114,IRI,4713835
Saskatchewan,Red Earth First Nation,Red Earth 29,IRI,4714840
Saskatchewan,Red Earth First Nation,Carrot River 29A,IRI,4714845
Saskatchewan,Red Pheasant First Nation,Red Pheasant 108,IRI,4712829
Saskatchewan,Sakimay First Nations,Sakimay 74,IRI,4705805
Saskatchewan,Sakimay First Nations,Shesheep 74A,IRI,4705807
Saskatchewan,Sakimay First Nations,Little Bone 74B,IRI,4705808
Saskatchewan,Sakimay First Nations,Treaty Four Reserve Grounds 77,IRI,4706829
Saskatchewan,Saskatoon Tribal Council,Treaty Four Reserve Grounds 77,IRI,4706829
Saskatchewan,Saskatoon Tribal Council,Whitecap,IRI,4711828
Saskatchewan,Saskatoon Tribal Council,Yellowquill 90,IRI,4714841
Saskatchewan,Saskatoon Tribal Council,Kinistin 91,IRI,4714842
Saskatchewan,Saskatoon Tribal Council,Yellow Quill 90-9,IRI,4714843
Saskatchewan,Saskatoon Tribal Council,One Arrow 95,IRI,4715844
Saskatchewan,Saskatoon Tribal Council,Muskoday First Nation,IRI,4715847
Saskatchewan,Saskatoon Tribal Council,One Arrow 95-1C,IRI,4715857
Saskatchewan,Saskatoon Tribal Council,One Arrow 95-1D,IRI,4715861
Saskatchewan,Saskatoon Tribal Council,One Arrow 95-1A,IRI,4715862
Saskatchewan,Saskatoon Tribal Council,Muskeg Lake Cree Nation 102,IRI,4716854
Saskatchewan,Saskatoon Tribal Council,Mistawasis 103,IRI,4716855
Saskatchewan,Saskatoon Tribal Council,Muskeg Lake 102B,IRI,4716872
Saskatchewan,Saskatoon Tribal Council,Muskeg Lake 102E,IRI,4716886
Saskatchewan,Saskatoon Tribal Council,Muskeg Lake 102F,IRI,4716888
Saskatchewan,Saskatoon Tribal Council,Muskeg Lake 102G,IRI,4716890
Saskatchewan,Saskatoon Tribal Council,Muskeg Lake 102D,IRI,4716891
Saskatchewan,Saulteaux First Nation (SK),Saulteaux 159A,IRI,4716861
Saskatchewan,Saulteaux First Nation (SK),Saulteaux 159,IRI,4717813
Saskatchewan,Shoal Lake Cree Nation,Shoal Lake 28A,IRI,4714839
Saskatchewan,Standing Buffalo Dakota Nation,Standing Buffalo 78,IRI,4706811
Saskatchewan,Star Blanket Cree Nation,Star Blanket 83,IRI,4706818
Saskatchewan,Star Blanket Cree Nation,Wa-Pii Moos-Toosis (White Calf) 83A,IRI,4706820
Saskatchewan,Star Blanket Cree Nation,Star Blanket 83C,IRI,4706828
Saskatchewan,Star Blanket Cree Nation,Treaty Four Reserve Grounds 77,IRI,4706829
Saskatchewan,Sturgeon Lake First Nation,Sturgeon Lake 101,IRI,4716856
Saskatchewan,Sweetgrass First Nation,Sweet Grass 113,IRI,4712833
Saskatchewan,Sweetgrass First Nation,Sweet Grass 113-M16,IRI,4712837
Saskatchewan,Sweetgrass First Nation,Sweet Grass 113-L6,IRI,4716892
Saskatchewan,The Key First Nation,Treaty Four Reserve Grounds 77,IRI,4706829
Saskatchewan,The Key First Nation,The Key 65,IRI,4709821
Saskatchewan,Thunderchild First Nation,Thunderchild First Nation 115B,IRI,4717803
Saskatchewan,Thunderchild First Nation,Thunderchild First Nation 115C,IRI,4717804
Saskatchewan,Touchwood Agency Tribal Council Inc.,Treaty Four Reserve Grounds 77,IRI,4706829
Saskatchewan,Touchwood Agency Tribal Council Inc.,Muskowekwan 85,IRI,4710822
Saskatchewan,Touchwood Agency Tribal Council Inc.,Gordon 86,IRI,4710823
Saskatchewan,Touchwood Agency Tribal Council Inc.,Day Star 87,IRI,4710824
Saskatchewan,Touchwood Agency Tribal Council Inc.,Poorman 88,IRI,4710825
Saskatchewan,Touchwood Agency Tribal Council Inc.,Muskowekwan 85-17,IRI,4710832
Saskatchewan,Touchwood Agency Tribal Council Inc.,Muskowekwan 85-26,IRI,4710834
Saskatchewan,Touchwood Agency Tribal Council Inc.,Muskowekwan 85-33,IRI,4710836
Saskatchewan,Touchwood Agency Tribal Council Inc.,Muskowekwan 85-28,IRI,4710838
Saskatchewan,Touchwood Agency Tribal Council Inc.,Muskowekwan 85-29,IRI,4710840
Saskatchewan,Touchwood Agency Tribal Council Inc.,Muskowekwan 85-23,IRI,4710842
Saskatchewan,Touchwood Agency Tribal Council Inc.,Muskowekwan 85-12,IRI,4710843
Saskatchewan,Touchwood Agency Tribal Council Inc.,Muskowekwan 85-24,IRI,4710844
Saskatchewan,Touchwood Agency Tribal Council Inc.,Muskowekwan 85-22,IRI,4710845
Saskatchewan,Touchwood Agency Tribal Council Inc.,Muskowekwan 85-27,IRI,4710846
Saskatchewan,Touchwood Agency Tribal Council Inc.,Muskowekwan 85-10,IRI,4710847
Saskatchewan,Touchwood Agency Tribal Council Inc.,Muskowekwan 85-1,IRI,4710848
Saskatchewan,Touchwood Agency Tribal Council Inc.,Muskowekwan 85-8,IRI,4710849
Saskatchewan,Touchwood Agency Tribal Council Inc.,Muskowekwan 85-15,IRI,4710850
Saskatchewan,Touchwood Agency Tribal Council Inc.,Muskowekwan 85-2A,IRI,4710851
Saskatchewan,Touchwood Agency Tribal Council Inc.,Muskowekwan 85-31,IRI,4710852
Saskatchewan,Wahpeton Dakota Nation,Wahpaton 94A,IRI,4715848
Saskatchewan,Waterhen Lake First Nation,Waterhen 130,IRI,4717806
Saskatchewan,White Bear First Nation,White Bear 70,IRI,4701808
Saskatchewan,White Bear First Nation,Treaty Four Reserve Grounds 77,IRI,4706829
Saskatchewan,Whitecap Dakota First Nation,Whitecap,IRI,4711828
Saskatchewan,Witchekan Lake First Nation,Witchekan Lake 117,IRI,4716862
Saskatchewan,Witchekan Lake First Nation,Witchekan Lake 117D,IRI,4716882
Saskatchewan,Yellow Quill First Nation,Treaty Four Reserve Grounds 77,IRI,4706829
Saskatchewan,Yellow Quill First Nation,Yellowquill 90,IRI,4714841
Saskatchewan,Yellow Quill First Nation,Yellow Quill 90-9,IRI,4714843
Saskatchewan,Yorkton Tribal Administration Inc.,Ocean Man 69,IRI,4701809
Saskatchewan,Yorkton Tribal Administration Inc.,Ocean Man 69A,IRI,4701810
Saskatchewan,Yorkton Tribal Administration Inc.,Ocean Man 69C,IRI,4701812
Saskatchewan,Yorkton Tribal Administration Inc.,Ocean Man 69E,IRI,4701813
Saskatchewan,Yorkton Tribal Administration Inc.,Ocean Man 69F,IRI,4701814
Saskatchewan,Yorkton Tribal Administration Inc.,Ocean Man 69G,IRI,4701815
Saskatchewan,Yorkton Tribal Administration Inc.,Ocean Man 69I,IRI,4701816
Saskatchewan,Yorkton Tribal Administration Inc.,Ocean Man 69H,IRI,4701817
Saskatchewan,Yorkton Tribal Administration Inc.,Ocean Man 69D,IRI,4701818
Saskatchewan,Yorkton Tribal Administration Inc.,Kahkewistahaw 72,IRI,4705804
Saskatchewan,Yorkton Tribal Administration Inc.,Sakimay 74,IRI,4705805
Saskatchewan,Yorkton Tribal Administration Inc.,Shesheep 74A,IRI,4705807
Saskatchewan,Yorkton Tribal Administration Inc.,Little Bone 74B,IRI,4705808
Saskatchewan,Yorkton Tribal Administration Inc.,Treaty Four Reserve Grounds 77,IRI,4706829
Saskatchewan,Yorkton Tribal Administration Inc.,Cote 64,IRI,4709819
Saskatchewan,Yorkton Tribal Administration Inc.,Keeseekoose 66,IRI,4709820
Saskatchewan,Yorkton Tribal Administration Inc.,The Key 65,IRI,4709821
Saskatchewan,Yorkton Tribal Administration Inc.,Keeseekoose 66A,IRI,4709822
Saskatchewan,Yorkton Tribal Administration Inc.,Keeseekoose 66-CA-04,IRI,4709824
Saskatchewan,Yorkton Tribal Administration Inc.,Keeseekoose 66-CA-05,IRI,4709826
Saskatchewan,Yorkton Tribal Administration Inc.,Keeseekoose 66-CA-06,IRI,4709828
Saskatchewan,Yorkton Tribal Administration Inc.,Keeseekoose 66-KE-04,IRI,4709830
Saskatchewan,Yorkton Tribal Administration Inc.,Keeseekoose 66-KE-05,IRI,4709832
Alberta,Alexander First Nation,Alexander 134,IRI,4811805
Alberta,Alexis Nakota Sioux Nation,Alexis 133,IRI,4813811
Alberta,Athabasca Tribal Council Ltd.,Janvier 194,IRI,4816817
Alberta,Athabasca Tribal Council Ltd.,Gregoire Lake 176,IRI,4816821
Alberta,Athabasca Tribal Council Ltd.,Gregoire Lake 176A,IRI,4816822
Alberta,Athabasca Tribal Council Ltd.,Chipewyan 201A,IRI,4816831
Alberta,Athabasca Tribal Council Ltd.,Old Fort 217,IRI,4816849
Alberta,Athabasca Tribal Council Ltd.,Allison Bay 219,IRI,4816850
Alberta,Athabasca Tribal Council Ltd.,Dog Head 218,IRI,4816852
Alberta,Athabasca Tribal Council Ltd.,Fort Mackay,S-É,4816859
Alberta,Beaver First Nation,Boyer 164,IRI,4817842
Alberta,Beaver First Nation,Child Lake 164A,IRI,4817843
Alberta,Beaver Lake Cree Nation,Beaver Lake 131,IRI,4812828
Alberta,Bigstone Cree Nation,Jean Baptiste Gambler 183,IRI,4817817
Alberta,Bigstone Cree Nation,Wabasca 166,IRI,4817818
Alberta,Bigstone Cree Nation,Wabasca 166A,IRI,4817819
Alberta,Bigstone Cree Nation,Wabasca 166B,IRI,4817821
Alberta,Bigstone Cree Nation,Wabasca 166C,IRI,4817822
Alberta,Bigstone Cree Nation,Wabasca 166D,IRI,4817823
Alberta,Bigstone Cree Nation,Desmarais,S-É,4817855
Alberta,Blood Tribe,Blood 148,IRI,4803802
Alberta,Blood Tribe,Blood 148A,IRI,4803803
Alberta,Chipewyan Prairie First Nation,Janvier 194,IRI,4816817
Alberta,Cold Lake First Nations,Cold Lake 149,IRI,4812810
Alberta,Cold Lake First Nations,Cold Lake 149A,IRI,4812813
Alberta,Cold Lake First Nations,Cold Lake 149B,IRI,4812815
Alberta,Dene Tha' First Nation,Hay Lake 209,IRI,4817845
Alberta,Dene Tha' First Nation,Bushe River 207,IRI,4817848
Alberta,Dene Tha' First Nation,Upper Hay River 212,IRI,4817849
Alberta,Driftpile First Nation,Drift Pile River 150,IRI,4817828
Alberta,Duncan's First Nation,Duncan's 151A,IRI,4819826
Alberta,Enoch Cree Nation,Stony Plain 135,IRI,4811804
Alberta,Ermineskin Tribe,Ermineskin 138,IRI,4811801
Alberta,Ermineskin Tribe,Pigeon Lake 138A,IRI,4811802
Alberta,Fort McKay First Nation,Fort Mackay,S-É,4816859
Alberta,Fort McMurray #468 First Nation,Gregoire Lake 176,IRI,4816821
Alberta,Fort McMurray #468 First Nation,Gregoire Lake 176A,IRI,4816822
Alberta,Frog Lake First Nation,Unipouheos 121,IRI,4812802
Alberta,Frog Lake First Nation,Puskiakiwenin 122,IRI,4812804
Alberta,Heart Lake First Nation,Heart Lake 167,IRI,4812840
Alberta,Horse Lake First Nation,Clear Hills 152C,IRI,4817825
Alberta,Horse Lake First Nation,Horse Lakes 152B,IRI,4819815
Alberta,Kapawe'no First Nation,Kapawe'no First Nation (Pakashan 150D),,
Alberta,Kapawe'no First Nation,IRI (4817830),,
Alberta,Kapawe'no First Nation,Kapawe'no First Nation (Freeman 150B),,
Alberta,Kapawe'no First Nation,IRI (4817836),,
Alberta,Kee Tas Kee Now Tribal Council,Utikoomak Lake 155,IRI,4817824
Alberta,Kee Tas Kee Now Tribal Council,Utikoomak Lake 155A,IRI,4817827
Alberta,Kee Tas Kee Now Tribal Council,Little Buffalo,S-É,4817853
Alberta,Kee Tas Kee Now Tribal Council,Woodland Cree 226,IRI,4817856
Alberta,Kee Tas Kee Now Tribal Council,Woodland Cree 228,IRI,4817857
Alberta,Kee Tas Kee Now Tribal Council,Loon Lake 235,IRI,4817860
Alberta,Kehewin Cree Nation,Kehewin 123,IRI,4812811
Alberta,Lesser Slave Lake Indian Regional Council,Drift Pile River 150,IRI,4817828
Alberta,Lesser Slave Lake Indian Regional Council,Sucker Creek 150A,IRI,4817829
Alberta,Lesser Slave Lake Indian Regional Council,Kapawe'no First Nation (Pakashan 150D),,
Alberta,Lesser Slave Lake Indian Regional Council,IRI (4817830),,
Alberta,Lesser Slave Lake Indian Regional Council,Swan River 150E,IRI,4817831
Alberta,Lesser Slave Lake Indian Regional Council,Sawridge 150G,IRI,4817832
Alberta,Lesser Slave Lake Indian Regional Council,Sawridge 150H,IRI,4817833
Alberta,Lesser Slave Lake Indian Regional Council,Kapawe'no First Nation (Freeman 150B),,
Alberta,Lesser Slave Lake Indian Regional Council,IRI (4817836),,
Alberta,Little Red River Cree Nation,Fox Lake 162,IRI,4817835
Alberta,Little Red River Cree Nation,John d'Or Prairie 215,IRI,4817837
Alberta,Loon River First Nation,Loon Lake 235,IRI,4817860
Alberta,Louis Bull Tribe,Pigeon Lake 138A,IRI,4811802
Alberta,Louis Bull Tribe,Louis Bull 138B,IRI,4811803
Alberta,Lubicon Lake,Little Buffalo,S-É,4817853
Alberta,Mikisew Cree First Nation,Old Fort 217,IRI,4816849
Alberta,Mikisew Cree First Nation,Allison Bay 219,IRI,4816850
Alberta,Mikisew Cree First Nation,Dog Head 218,IRI,4816852
Alberta,Montana First Nation,Montana 139,IRI,4808813
Alberta,Montana First Nation,Pigeon Lake 138A,IRI,4811802
Alberta,North Peace Tribal Council,Fox Lake 162,IRI,4817835
Alberta,North Peace Tribal Council,John d'Or Prairie 215,IRI,4817837
Alberta,North Peace Tribal Council,Tall Cree 173,IRI,4817838
Alberta,North Peace Tribal Council,Tall Cree 173A,IRI,4817840
Alberta,North Peace Tribal Council,Beaver Ranch 163,IRI,4817841
Alberta,North Peace Tribal Council,Boyer 164,IRI,4817842
Alberta,North Peace Tribal Council,Child Lake 164A,IRI,4817843
Alberta,North Peace Tribal Council,Hay Lake 209,IRI,4817845
Alberta,North Peace Tribal Council,Bushe River 207,IRI,4817848
Alberta,North Peace Tribal Council,Upper Hay River 212,IRI,4817849
Alberta,North Peace Tribal Council,Carcajou 187,S-É,4817854
Alberta,North Peace Tribal Council,Fort Vermilion 173B,IRI,4817859
Alberta,O'Chiese,O'Chiese 203,IRI,4809806
Alberta,Paul First Nation,Wabamun 133A,IRI,4811806
Alberta,Paul First Nation,Wabamun 133B,IRI,4811807
Alberta,Piikani Nation,Piikani 147,IRI,4803801
Alberta,Saddle Lake Cree Nation,Saddle Lake 125,IRI,4812806
Alberta,Saddle Lake Cree Nation,White Fish Lake 128,IRI,4812808
Alberta,Samson Cree Nation,Samson 137,IRI,4808811
Alberta,Samson Cree Nation,Samson 137A,IRI,4808812
Alberta,Samson Cree Nation,Pigeon Lake 138A,IRI,4811802
Alberta,Siksika Nation,Siksika 146,IRI,4805802
Alberta,Smith's Landing First Nation,Thebathi 196,IRI,4816860
Alberta,Smith's Landing First Nation,Thabacha Náre 196A,IRI,4816861
Alberta,Stoney Tribe,Eden Valley 216,IRI,4806803
Alberta,Stoney Tribe,Big Horn 144A,IRI,4809810
Alberta,Stoney Tribe,"Stoney 142, 143, 144",IRI,4815802
Alberta,Sturgeon Lake Cree Nation,Sturgeon Lake 154,IRI,4818816
Alberta,Sturgeon Lake Cree Nation,Sturgeon Lake 154A,IRI,4818818
Alberta,Sucker Creek,Sucker Creek 150A,IRI,4817829
Alberta,Sunchild First Nation,Sunchild 202,IRI,4809809
Alberta,Swan River First Nation,Swan River 150E,IRI,4817831
Alberta,Tallcree First Nation,Tall Cree 173,IRI,4817838
Alberta,Tallcree First Nation,Tall Cree 173A,IRI,4817840
Alberta,Tallcree First Nation,Beaver Ranch 163,IRI,4817841
Alberta,Tallcree First Nation,Carcajou 187,S-É,4817854
Alberta,Tallcree First Nation,Fort Vermilion 173B,IRI,4817859
Alberta,Treaty 7 Management Corporation,Piikani 147,IRI,4803801
Alberta,Treaty 7 Management Corporation,Blood 148,IRI,4803802
Alberta,Treaty 7 Management Corporation,Blood 148A,IRI,4803803
Alberta,Treaty 7 Management Corporation,Siksika 146,IRI,4805802
Alberta,Treaty 7 Management Corporation,Eden Valley 216,IRI,4806803
Alberta,Treaty 7 Management Corporation,Tsuu T'ina Nation 145 (Sarcee 145),,
Alberta,Treaty 7 Management Corporation,IRI (4806804),,
Alberta,Treaty 7 Management Corporation,Big Horn 144A,IRI,4809810
Alberta,Treaty 7 Management Corporation,"Stoney 142, 143, 144",IRI,4815802
Alberta,Tribal Chiefs Ventures Inc.,Unipouheos 121,IRI,4812802
Alberta,Tribal Chiefs Ventures Inc.,Puskiakiwenin 122,IRI,4812804
Alberta,Tribal Chiefs Ventures Inc.,White Fish Lake 128,IRI,4812808
Alberta,Tribal Chiefs Ventures Inc.,Cold Lake 149,IRI,4812810
Alberta,Tribal Chiefs Ventures Inc.,Kehewin 123,IRI,4812811
Alberta,Tribal Chiefs Ventures Inc.,Cold Lake 149A,IRI,4812813
Alberta,Tribal Chiefs Ventures Inc.,Cold Lake 149B,IRI,4812815
Alberta,Tribal Chiefs Ventures Inc.,Beaver Lake 131,IRI,4812828
Alberta,Tribal Chiefs Ventures Inc.,Heart Lake 167,IRI,4812840
Alberta,Tsuut'ina Nation,Tsuu T'ina Nation 145 (Sarcee 145),,
Alberta,Tsuut'ina Nation,IRI (4806804),,
Alberta,Western Cree Tribal Council,Clear Hills 152C,IRI,4817825
Alberta,Western Cree Tribal Council,Sturgeon Lake 154,IRI,4818816
Alberta,Western Cree Tribal Council,Sturgeon Lake 154A,IRI,4818818
Alberta,Western Cree Tribal Council,Horse Lakes 152B,IRI,4819815
Alberta,Western Cree Tribal Council,Duncan's 151A,IRI,4819826
Alberta,Whitefish Lake,Utikoomak Lake 155,IRI,4817824
Alberta,Whitefish Lake,Utikoomak Lake 155A,IRI,4817827
Alberta,Woodland Cree First Nation,Woodland Cree 226,IRI,4817856
Alberta,Woodland Cree First Nation,Woodland Cree 228,IRI,4817857
Alberta,Yellowhead Tribal Development Foundation,O'Chiese 203,IRI,4809806
Alberta,Yellowhead Tribal Development Foundation,Sunchild 202,IRI,4809809
Alberta,Yellowhead Tribal Development Foundation,Alexander 134,IRI,4811805
Alberta,Yellowhead Tribal Development Foundation,Alexis 133,IRI,4813811
British Columbia,?Akisq'nuk First Nation,Columbia Lake 3,IRI,5901804
British Columbia,?aq'am,Isidore's Ranch 4,IRI,5901802
British Columbia,?aq'am,Kootenay 1,IRI,5901803
British Columbia,?aq'am,Cassimayooks (Mayook) 5,IRI,5901805
British Columbia,Adams Lake,Sahhaltkum 4,IRI,5933884
British Columbia,Adams Lake,Squaam 2,IRI,5933889
British Columbia,Adams Lake,Hustalen 1,IRI,5939802
British Columbia,Adams Lake,Switsemalph,IRI,5939811
British Columbia,Ahousaht,Marktosis 15,IRI,5923808
British Columbia,Alexis Creek,Alexis Creek 14,IRI,5941817
British Columbia,Alexis Creek,Alexis Creek 16,IRI,5941818
British Columbia,Alexis Creek,Charley Boy's Meadow 3,IRI,5941827
British Columbia,Alexis Creek,Puntzi Lake 2,IRI,5941838
British Columbia,Alexis Creek,Redstone Flat 1,IRI,5941839
British Columbia,Alexis Creek,Agats Meadow 8,IRI,5941844
British Columbia,Alexis Creek,Alexis Creek 21,IRI,5941848
British Columbia,Alexis Creek,Alexis Creek 34,IRI,5941856
British Columbia,Alexis Creek,Michel Gardens 36,IRI,5941879
British Columbia,Ashcroft,Ashcroft 4,IRI,5933844
British Columbia,Ashcroft,105 Mile Post 2,IRI,5933845
British Columbia,Blueberry River First Nations,Blueberry River 205,IRI,5955803
British Columbia,Bonaparte,Bonaparte 3,IRI,5933812
British Columbia,Bonaparte,Lower Hat Creek 2,IRI,5933836
British Columbia,Bonaparte,Upper Hat Creek 1,IRI,5933875
British Columbia,Boothroyd,Inkahtsaph 6,IRI,5909805
British Columbia,Boothroyd,Speyum 3,IRI,5909815
British Columbia,Boothroyd,Kahmoose 4,IRI,5909819
British Columbia,Boothroyd,Boothroyd 13,IRI,5909850
British Columbia,Boothroyd,Boothroyd 8A (Part),,
British Columbia,Boothroyd,IRI (5933897),,
British Columbia,Boston Bar,Kopchitchin 2,IRI,5909806
British Columbia,Boston Bar,Tuckkwiowhum 1,IRI,5909817
British Columbia,Boston Bar,Boston Bar 1A,IRI,5909836
British Columbia,Boston Bar,Bucktum 4,IRI,5909847
British Columbia,Bridge River,Bridge River 1,IRI,5931813
British Columbia,Canim Lake,Canim Lake 1,IRI,5941802
British Columbia,Canim Lake,Canim Lake 4,IRI,5941803
British Columbia,Canim Lake,Canim Lake 2,IRI,5941813
British Columbia,Carrier Chilcotin Tribal Council,Quesnel 1,IRI,5941809
British Columbia,Carrier Chilcotin Tribal Council,Kluskus 1,IRI,5941833
British Columbia,Carrier Chilcotin Tribal Council,Louis Squinas Ranch 14,IRI,5941834
British Columbia,Carrier Chilcotin Tribal Council,Squinas 2,IRI,5941840
British Columbia,Carrier Chilcotin Tribal Council,Thomas Squinas Ranch 2A,IRI,5941845
British Columbia,Carrier Chilcotin Tribal Council,Baptiste Meadow 2,IRI,5941849
British Columbia,Carrier Chilcotin Tribal Council,Toosey 1,IRI,5941850
British Columbia,Carrier Chilcotin Tribal Council,Towdystan Lake 3,IRI,5941851
British Columbia,Carrier Chilcotin Tribal Council,Ulkatcho 13,IRI,5941854
British Columbia,Carrier Chilcotin Tribal Council,Cahoose 10,IRI,5941858
British Columbia,Carrier Chilcotin Tribal Council,Blackwater Meadow 11,IRI,5941859
British Columbia,Carrier Chilcotin Tribal Council,Cahoose 12,IRI,5941860
British Columbia,Carrier Chilcotin Tribal Council,Betty Creek 18,IRI,5941861
British Columbia,Carrier Chilcotin Tribal Council,Salmon River Meadow 7,IRI,5941862
British Columbia,Carrier Chilcotin Tribal Council,Tzetzi Lake 11,IRI,5941863
British Columbia,Carrier Chilcotin Tribal Council,Sundayman's Meadow 3,IRI,5941864
British Columbia,Carrier Chilcotin Tribal Council,Fishtrap 19,IRI,5941871
British Columbia,Carrier Chilcotin Tribal Council,Ulkatcho 14A,IRI,5941880
British Columbia,Carrier-Sekani Tribal Council,Nautley (Fort Fraser) 1,IRI,5951802
British Columbia,Carrier-Sekani Tribal Council,Nak'azdli (Necoslie 1),,
British Columbia,Carrier-Sekani Tribal Council,IRI (5951803),,
British Columbia,Carrier-Sekani Tribal Council,Sowchea 3,IRI,5951804
British Columbia,Carrier-Sekani Tribal Council,Binche 2 (Pinchie 2),,
British Columbia,Carrier-Sekani Tribal Council,IRI (5951805),,
British Columbia,Carrier-Sekani Tribal Council,Seaspunkut 4,IRI,5951806
British Columbia,Carrier-Sekani Tribal Council,Stellaquo (Stella) 1,IRI,5951807
British Columbia,Carrier-Sekani Tribal Council,Stony Creek 1,IRI,5951809
British Columbia,Carrier-Sekani Tribal Council,Tache 1,IRI,5951810
British Columbia,Carrier-Sekani Tribal Council,Tacla Lake (Ferry Landing) 9,IRI,5951811
British Columbia,Carrier-Sekani Tribal Council,Laketown 3,IRI,5951813
British Columbia,Carrier-Sekani Tribal Council,Dzitline Lee 9,IRI,5951814
British Columbia,Carrier-Sekani Tribal Council,Burns Lake 18,IRI,5951815
British Columbia,Carrier-Sekani Tribal Council,Palling 1,IRI,5951820
British Columbia,Carrier-Sekani Tribal Council,Duncan Lake 2,IRI,5951821
British Columbia,Carrier-Sekani Tribal Council,Tatla West 11,IRI,5951825
British Columbia,Carrier-Sekani Tribal Council,Williams Prairie Meadow 1A,IRI,5951840
British Columbia,Carrier-Sekani Tribal Council,Poison Creek 17A,IRI,5951844
British Columbia,Carrier-Sekani Tribal Council,North Tacla Lake,IRI,5951848
British Columbia,Carrier-Sekani Tribal Council,Mission Lands 17,IRI,5951849
British Columbia,Cayoose Creek,Cayoosh Creek 1,IRI,5931814
British Columbia,Cayoose Creek,Pashilqua 2,IRI,5931828
British Columbia,Chawathil,Chawathil 4,IRI,5909804
British Columbia,Chawathil,Schkam 2,IRI,5909812
British Columbia,Cheam,Tseatah 2,IRI,5909834
British Columbia,Cheam,Cheam 1,IRI,5909837
British Columbia,Cheslatta Carrier Nation,Cheslatta 1,IRI,5951818
British Columbia,Coldwater,Coldwater 1,IRI,5933801
British Columbia,Coldwater,Paul's Basin 2,IRI,5933809
British Columbia,Cook's Ferry,Chuchhraischin,IRI,5933810
British Columbia,Cook's Ferry,Basque 18,IRI,5933828
British Columbia,Cook's Ferry,Kumcheen 1,IRI,5933834
British Columbia,Cook's Ferry,Peq-Paq 22,IRI,5933837
British Columbia,Cook's Ferry,Pemynoos 9,IRI,5933857
British Columbia,Cook's Ferry,Kloklowuck 7,IRI,5933861
British Columbia,Cook's Ferry,Spences Bridge,IRI,5933881
British Columbia,Cook's Ferry,Shawniken 4B,IRI,5933895
British Columbia,Council of Kaska Chiefs,Fort Ware 1,IRI,5955807
British Columbia,Council of Kaska Chiefs,Good Hope Lake,S-É,5957804
British Columbia,Council of Kaska Chiefs,Lower Post,S-É,5957813
British Columbia,Council of Kaska Chiefs,Liard River 3,IRI,5957814
British Columbia,Council of Kaska Chiefs,Upper Liard,SÉ,6001032
British Columbia,Council of Kaska Chiefs,Two Mile and Two and One-Half Mile Village,S-É,6001035
British Columbia,Council of Kaska Chiefs,Ross River,SÉ,6001037
British Columbia,Cowichan Tribes,Kil-pah-las 3,IRI,5919808
British Columbia,Cowichan Tribes,Theik 2,IRI,5919818
British Columbia,Cowichan Tribes,Est-Patrolas 4,IRI,5919820
British Columbia,Cowichan Tribes,Tzart-Lam 5,IRI,5919821
British Columbia,Cowichan Tribes,Cowichan,IRI,5919822
British Columbia,Ditidaht,Malachan 11,IRI,5919814
British Columbia,Doig River,Doig River 206,IRI,5955804
British Columbia,Dzawada'enuxw,Quaee 7,IRI,5943813
British Columbia,Ehattesaht,Chenahkint 12,IRI,5924805
British Columbia,Ehattesaht,Ehatis 11,IRI,5924836
British Columbia,Esk'etemc,Alkali Lake 1,IRI,5941801
British Columbia,Esk'etemc,Johny Sticks 2,IRI,5941811
British Columbia,Esk'etemc,Windy Mouth 7,IRI,5941855
British Columbia,Esk'etemc,Sandy Harry 4,IRI,5941868
British Columbia,Esk'etemc,Swan Lake 3,IRI,5941872
British Columbia,Esk'etemc,Alkali Lake 4A,IRI,5941873
British Columbia,Esk'etemc,Little Springs,IRI,5941885
British Columbia,Fort Nelson First Nation,Fontas 1,IRI,5959805
British Columbia,Fort Nelson First Nation,Fort Nelson 2,IRI,5959806
British Columbia,Fort Nelson First Nation,Kahntah 3,IRI,5959809
British Columbia,Fraser Thompson Indian Services Society,Inkahtsaph 6,IRI,5909805
British Columbia,Fraser Thompson Indian Services Society,Kopchitchin 2,IRI,5909806
British Columbia,Fraser Thompson Indian Services Society,Saddle Rock 9,IRI,5909809
British Columbia,Fraser Thompson Indian Services Society,Speyum 3,IRI,5909815
British Columbia,Fraser Thompson Indian Services Society,Spuzzum 1,IRI,5909816
British Columbia,Fraser Thompson Indian Services Society,Tuckkwiowhum 1,IRI,5909817
British Columbia,Fraser Thompson Indian Services Society,Kahmoose 4,IRI,5909819
British Columbia,Fraser Thompson Indian Services Society,Boston Bar 1A,IRI,5909836
British Columbia,Fraser Thompson Indian Services Society,Bucktum 4,IRI,5909847
British Columbia,Fraser Thompson Indian Services Society,Boothroyd 13,IRI,5909850
British Columbia,Fraser Thompson Indian Services Society,Nesikep 6,IRI,5931827
British Columbia,Fraser Thompson Indian Services Society,Halhalaeden,IRI,5933813
British Columbia,Fraser Thompson Indian Services Society,Kitzowit 20,IRI,5933823
British Columbia,Fraser Thompson Indian Services Society,Skuppah 2A,IRI,5933824
British Columbia,Fraser Thompson Indian Services Society,Inklyuhkinatko 2,IRI,5933825
British Columbia,Fraser Thompson Indian Services Society,Klahkamich 17,IRI,5933829
British Columbia,Fraser Thompson Indian Services Society,Kleetlekut 22,IRI,5933831
British Columbia,Fraser Thompson Indian Services Society,Klickkumcheen 18,IRI,5933832
British Columbia,Fraser Thompson Indian Services Society,Inkluckcheen,IRI,5933833
British Columbia,Fraser Thompson Indian Services Society,Lytton 4A,IRI,5933839
British Columbia,Fraser Thompson Indian Services Society,Lytton 4E,IRI,5933840
British Columbia,Fraser Thompson Indian Services Society,Lytton 9A,IRI,5933841
British Columbia,Fraser Thompson Indian Services Society,Lytton 9B,IRI,5933842
British Columbia,Fraser Thompson Indian Services Society,Oregon Jack Creek 5,IRI,5933846
British Columbia,Fraser Thompson Indian Services Society,Nickel Palm 4,IRI,5933848
British Columbia,Fraser Thompson Indian Services Society,Nickeyeah 25,IRI,5933850
British Columbia,Fraser Thompson Indian Services Society,Nohomeen 23,IRI,5933852
British Columbia,Fraser Thompson Indian Services Society,Nuuautin 2,IRI,5933853
British Columbia,Fraser Thompson Indian Services Society,Paska Island 3,IRI,5933854
British Columbia,Fraser Thompson Indian Services Society,Papyum 27,IRI,5933855
British Columbia,Fraser Thompson Indian Services Society,Seah 5,IRI,5933858
British Columbia,Fraser Thompson Indian Services Society,Skuppah 4,IRI,5933865
British Columbia,Fraser Thompson Indian Services Society,Skwayaynope 26,IRI,5933866
British Columbia,Fraser Thompson Indian Services Society,Spintlum Flat 3,IRI,5933868
British Columbia,Fraser Thompson Indian Services Society,Nkaih 10,IRI,5933870
British Columbia,Fraser Thompson Indian Services Society,Stryen 9,IRI,5933873
British Columbia,Fraser Thompson Indian Services Society,Tsaukan 12,IRI,5933874
British Columbia,Fraser Thompson Indian Services Society,Upper Nepa 6,IRI,5933876
British Columbia,Fraser Thompson Indian Services Society,Yawaucht 11,IRI,5933878
British Columbia,Fraser Thompson Indian Services Society,Boothroyd 8A (Part),,
British Columbia,Fraser Thompson Indian Services Society,IRI (5933897),,
British Columbia,Gingolx Village Government,"Gingolx, NVL (590276)",,
British Columbia,Gitanmaax,Gitanmaax 1,IRI,5949812
British Columbia,Gitanyow,Gitanyow 1,IRI,5949815
British Columbia,Gitga'at First Nation,Kulkayu (Hartley Bay) 4,IRI,5947806
British Columbia,Gitksan Local Services Society,Gitanmaax 1,IRI,5949812
British Columbia,Gitksan Local Services Society,Kispiox 1,IRI,5949813
British Columbia,Gitksan Local Services Society,Gitanyow 1,IRI,5949815
British Columbia,Gitksan Local Services Society,Sik-e-dakh 2,IRI,5949818
British Columbia,Gitlaxt'aamix Village Government (New Aiyansh),"Aiyansh (Kitladamas) 1, NVL (590277)",,
British Columbia,Gitlaxt'aamix Village Government (New Aiyansh),"New Aiyansh, NVL (590278)",,
British Columbia,Gitsegukla,Gitsegukla 1,IRI,5949814
British Columbia,Gitwangak,Gitwangak 1,IRI,5949816
British Columbia,Gitwinksihlkw,"Gitwinksihlkw, NVL (590275)",,
British Columbia,Gitxaala Nation,Dolphin Island 1,IRI,5947807
British Columbia,Glen Vowell,Sik-e-dakh 2,IRI,5949818
British Columbia,Gwa'sala-Nakwaxda'xw Band,Tsulquate 4,IRI,5943806
British Columbia,Hagwilget Village,Hagwilget 1,IRI,5949811
British Columbia,Haisla Nation,Kitamaat 2,IRI,5949803
British Columbia,Halalt,Halalt 2,IRI,5919801
British Columbia,Halfway River First Nation,Halfway River 168,IRI,5955808
British Columbia,Heiltsuk,Bella Bella 1,IRI,5945801
British Columbia,Hesquiaht,Hesquiat 1,IRI,5923806
British Columbia,Hesquiaht,Refuge Cove 6,IRI,5923824
British Columbia,Homalco,Homalco 9,IRI,5924840
British Columbia,Hupacasath First Nation,Ahahswinis 1,IRI,5923801
British Columbia,Hupacasath First Nation,Klehkoot 2,IRI,5923822
British Columbia,Huu-ay-aht First Nations,Anacla 12,IRI,5923803
British Columbia,Huu-ay-aht First Nations,Numukamis 1,IRI,5923809
British Columbia,Huu-ay-aht First Nations,Sachsa 4,IRI,5923814
British Columbia,Iskut,Iskut 6,IRI,5949832
British Columbia,Ka:'yu:'k't'h'/Che:k:tles7et'h' First Nations,Houpsitas 6,IRI,5924806
British Columbia,Ka:'yu:'k't'h'/Che:k:tles7et'h' First Nations,Village Island 1,IRI,5924813
British Columbia,Kanaka Bar,Kanaka Bar,IRI,5933882
British Columbia,Kanaka Bar,Nekliptum 1,IRI,5933896
British Columbia,Katzie,Barnston Island 3,IRI,5915809
British Columbia,Katzie,Katzie 2,IRI,5915813
British Columbia,Katzie,Katzie 1,IRI,5915830
British Columbia,Kispiox,Kispiox 1,IRI,5949813
British Columbia,Kitasoo,Kitasoo 1,IRI,5949802
British Columbia,Kitselas,Kshish 4,IRI,5949805
British Columbia,Kitselas,Kulspai 6,IRI,5949807
British Columbia,Kitselas,Kitselas 1,IRI,5949844
British Columbia,Kitsumkalum,Kitsumkaylum 1,IRI,5949804
British Columbia,Klahoose First Nation,Squirrel Cove 8,IRI,5924818
British Columbia,Klahoose First Nation,Tork 7,IRI,5924820
British Columbia,K'ómoks First Nation,Comox 1,IRI,5926801
British Columbia,K'ómoks First Nation,Pentledge 2,IRI,5926802
British Columbia,Ktunaxa Nation Council Society,Tobacco Plains 2,IRI,5901801
British Columbia,Ktunaxa Nation Council Society,Isidore's Ranch 4,IRI,5901802
British Columbia,Ktunaxa Nation Council Society,Kootenay 1,IRI,5901803
British Columbia,Ktunaxa Nation Council Society,Columbia Lake 3,IRI,5901804
British Columbia,Ktunaxa Nation Council Society,Cassimayooks (Mayook) 5,IRI,5901805
British Columbia,Ktunaxa Nation Council Society,Creston 1,IRI,5903807
British Columbia,Kwadacha,Fort Ware 1,IRI,5955807
British Columbia,Kwakiutl,Fort Rupert 1,IRI,5943804
British Columbia,Kwakiutl,Kippase 2,IRI,5943815
British Columbia,Kwakiutl,Thomas Point 5,IRI,5943817
British Columbia,Kwakiutl District Council,Campbell River 11,IRI,5924804
British Columbia,Kwakiutl District Council,Quinsam 12,IRI,5924812
British Columbia,Kwakiutl District Council,Cape Mudge 10,IRI,5924817
British Columbia,Kwakiutl District Council,Comox 1,IRI,5926801
British Columbia,Kwakiutl District Council,Pentledge 2,IRI,5926802
British Columbia,Kwakiutl District Council,Fort Rupert 1,IRI,5943804
British Columbia,Kwakiutl District Council,Tsulquate 4,IRI,5943806
British Columbia,Kwakiutl District Council,Dead Point 5,IRI,5943807
British Columbia,Kwakiutl District Council,Kippase 2,IRI,5943815
British Columbia,Kwakiutl District Council,Thomas Point 5,IRI,5943817
British Columbia,Kwakiutl District Council,Hope Island 1,IRI,5943836
British Columbia,Kwantlen First Nation,McMillan Island 6,IRI,5915816
British Columbia,Kwantlen First Nation,Langley 5,IRI,5915835
British Columbia,Kwantlen First Nation,Whonnock 1,IRI,5915840
British Columbia,Kwaw-kwaw-a-pilt First Nation,Kwawkwawapilt 6,IRI,5909821
British Columbia,Kwikwetlem First Nation,Coquitlam 2,IRI,5915804
British Columbia,Kwikwetlem First Nation,Coquitlam 1,IRI,5915805
British Columbia,Lake Babine Nation,Woyenne 27,IRI,5951827
British Columbia,Lake Babine Nation,Babine 6,IRI,5951828
British Columbia,Lake Babine Nation,Babine 25,IRI,5951829
British Columbia,Lake Babine Nation,Tadinlay 15,IRI,5951845
British Columbia,Lake Babine Nation,Nedoats 11,IRI,5951846
British Columbia,Lake Babine Nation,Babine Lake 21B,IRI,5951847
British Columbia,Lax Kw'alaams,Lax Kw'alaams 1,IRI,5947809
British Columbia,Laxgalts'ap Village Government,"Laxgalts'ap, NVL (590274)",,
British Columbia,Leq'a: mel First Nation,Holachten 8,IRI,5909879
British Columbia,Leq'a: mel First Nation,Lakahahmen 11,IRI,5909880
British Columbia,Leq'a: mel First Nation,Skweahm 10,IRI,5909881
British Columbia,Lheidli T'enneh First Nation,Fort George (Shelley) 2,IRI,5953801
British Columbia,Lhtako Dene Nation,Quesnel 1,IRI,5941809
British Columbia,Liard First Nation,Lower Post,S-É,5957813
British Columbia,Liard First Nation,Liard River 3,IRI,5957814
British Columbia,Liard First Nation,Upper Liard,SÉ,6001032
British Columbia,Liard First Nation,Two Mile and Two and One-Half Mile Village,S-É,6001035
British Columbia,Lillooet Tribal Council,Bridge River 1,IRI,5931813
British Columbia,Lillooet Tribal Council,Cayoosh Creek 1,IRI,5931814
British Columbia,Lillooet Tribal Council,Chilhil 6,IRI,5931815
British Columbia,Lillooet Tribal Council,Fountain 1,IRI,5931816
British Columbia,Lillooet Tribal Council,Fountain 3,IRI,5931817
British Columbia,Lillooet Tribal Council,Fountain 10,IRI,5931818
British Columbia,Lillooet Tribal Council,Fountain 11,IRI,5931819
British Columbia,Lillooet Tribal Council,Fountain 12,IRI,5931820
British Columbia,Lillooet Tribal Council,Lillooet 1,IRI,5931821
British Columbia,Lillooet Tribal Council,Fountain Creek 8,IRI,5931822
British Columbia,Lillooet Tribal Council,McCartney's Flat 4,IRI,5931823
British Columbia,Lillooet Tribal Council,Seton Lake 5,IRI,5931824
British Columbia,Lillooet Tribal Council,Necait 6,IRI,5931826
British Columbia,Lillooet Tribal Council,Pashilqua 2,IRI,5931828
British Columbia,Lillooet Tribal Council,Pavilion 1,IRI,5931829
British Columbia,Lillooet Tribal Council,Slosh 1,IRI,5931831
British Columbia,Lillooet Tribal Council,Towinock 2,IRI,5931832
British Columbia,Lillooet Tribal Council,Mission 5,IRI,5931833
British Columbia,Lillooet Tribal Council,Fountain 1B,IRI,5931842
British Columbia,Lillooet Tribal Council,Marble Canyon 3,IRI,5933872
British Columbia,Lil'wat Nation,Nesuch 3,IRI,5931812
British Columbia,Lil'wat Nation,Mount Currie,IRI,5931843
British Columbia,Little Shuswap,Chum Creek 2,IRI,5939801
British Columbia,Little Shuswap,North Bay 5,IRI,5939803
British Columbia,Little Shuswap,Quaaout 1,IRI,5939805
British Columbia,Little Shuswap,Scotch Creek 4,IRI,5939807
British Columbia,Lower Kootenay,Creston 1,IRI,5903807
British Columbia,Lower Nicola,Joeyaska 2,IRI,5933805
British Columbia,Lower Nicola,Nicola Mameet 1,IRI,5933807
British Columbia,Lower Nicola,Zoht 4,IRI,5933811
British Columbia,Lower Similkameen,Lower Similkameen 2,IRI,5907801
British Columbia,Lower Similkameen,Chopaka 7 & 8,IRI,5907805
British Columbia,Lower Similkameen,Blind Creek 6,IRI,5907806
British Columbia,Lower Similkameen,Alexis 9,IRI,5907808
British Columbia,Lower Similkameen,Ashnola 10,IRI,5907809
British Columbia,Lower Stl'atl'imx Tribal Council,Douglas 8,IRI,5909842
British Columbia,Lower Stl'atl'imx Tribal Council,Skookumchuck 4,IRI,5909845
British Columbia,Lower Stl'atl'imx Tribal Council,Tipella 7,IRI,5909848
British Columbia,Lower Stl'atl'imx Tribal Council,Paqulh,IRI,5909852
British Columbia,Lower Stl'atl'imx Tribal Council,Q'alatkú7em,IRI,5909875
British Columbia,Lower Stl'atl'imx Tribal Council,Sachteen,IRI,5909883
British Columbia,Lower Stl'atl'imx Tribal Council,Nesuch 3,IRI,5931812
British Columbia,Lower Stl'atl'imx Tribal Council,Mount Currie,IRI,5931843
British Columbia,Lower Stl'atl'imx Tribal Council,Nequatque,IRI,5931844
British Columbia,Lytton,Nesikep 6,IRI,5931827
British Columbia,Lytton,Halhalaeden,IRI,5933813
British Columbia,Lytton,Kitzowit 20,IRI,5933823
British Columbia,Lytton,Klahkamich 17,IRI,5933829
British Columbia,Lytton,Kleetlekut 22,IRI,5933831
British Columbia,Lytton,Klickkumcheen 18,IRI,5933832
British Columbia,Lytton,Inkluckcheen,IRI,5933833
British Columbia,Lytton,Lytton 4A,IRI,5933839
British Columbia,Lytton,Lytton 4E,IRI,5933840
British Columbia,Lytton,Lytton 9A,IRI,5933841
British Columbia,Lytton,Lytton 9B,IRI,5933842
British Columbia,Lytton,Nickel Palm 4,IRI,5933848
British Columbia,Lytton,Nickeyeah 25,IRI,5933850
British Columbia,Lytton,Nohomeen 23,IRI,5933852
British Columbia,Lytton,Nuuautin 2,IRI,5933853
British Columbia,Lytton,Papyum 27,IRI,5933855
British Columbia,Lytton,Seah 5,IRI,5933858
British Columbia,Lytton,Skwayaynope 26,IRI,5933866
British Columbia,Lytton,Spintlum Flat 3,IRI,5933868
British Columbia,Lytton,Nkaih 10,IRI,5933870
British Columbia,Lytton,Stryen 9,IRI,5933873
British Columbia,Lytton,Tsaukan 12,IRI,5933874
British Columbia,Lytton,Yawaucht 11,IRI,5933878
British Columbia,Malahat First Nation,Malahat 11,IRI,5919815
British Columbia,Matsqui,Matsqui Main 2,IRI,5909878
British Columbia,Matsqui,Matsqui 4,IRI,5915825
British Columbia,McLeod Lake Indian Band,McLeod Lake 1,IRI,5953802
British Columbia,Metlakatla,S1/2 Tsimpsean 2,IRI,5947810
British Columbia,Moricetown,Coryatsaqua (Moricetown) 2,IRI,5949810
British Columbia,Moricetown,Moricetown 1,IRI,5949817
British Columbia,Moricetown,Babine 17,IRI,5949819
British Columbia,Moricetown,Bulkley River 19,IRI,5949820
British Columbia,Moricetown,Jean Baptiste 28,IRI,5951830
British Columbia,Mowachaht/Muchalaht,Ahaminaquus 12,IRI,5924803
British Columbia,Mowachaht/Muchalaht,Yuquot 1,IRI,5924814
British Columbia,Mowachaht/Muchalaht,Tsa Xana 18,IRI,5924835
British Columbia,Musgamagw Dzawada'enuxw Tribal Council,Gwayasdums 1,IRI,5943808
British Columbia,Musgamagw Dzawada'enuxw Tribal Council,Hopetown 10A,IRI,5943809
British Columbia,Musgamagw Dzawada'enuxw Tribal Council,Quaee 7,IRI,5943813
British Columbia,Musqueam Nation,Musqueam 2,IRI,5915803
British Columbia,Musqueam Nation,Musqueam 4,IRI,5915810
British Columbia,Nadleh Whuten,Nautley (Fort Fraser) 1,IRI,5951802
British Columbia,Nadleh Whuten,Seaspunkut 4,IRI,5951806
British Columbia,Nak'azdli,Nak'azdli (Necoslie 1),,
British Columbia,Nak'azdli,IRI (5951803),,
British Columbia,Nak'azdli,Sowchea 3,IRI,5951804
British Columbia,Nak'azdli,Williams Prairie Meadow 1A,IRI,5951840
British Columbia,Nak'azdli,Mission Lands 17,IRI,5951849
British Columbia,Namgis First Nation,Nimpkish 2,IRI,5943835
British Columbia,Namgis First Nation,Alert Bay,IRI,5943837
British Columbia,Nanoose First Nation,Nanoose,IRI,5921805
British Columbia,Naut'sa Mawt Tribal Council,Tsawwassen,IRI,5915802
British Columbia,Naut'sa Mawt Tribal Council,Burrard Inlet 3,IRI,5915806
British Columbia,Naut'sa Mawt Tribal Council,T'Sou-ke,IRI,5917819
British Columbia,Naut'sa Mawt Tribal Council,Halalt 2,IRI,5919801
British Columbia,Naut'sa Mawt Tribal Council,Squaw-hay-one 11,IRI,5919802
British Columbia,Naut'sa Mawt Tribal Council,Chemainus 13,IRI,5919804
British Columbia,Naut'sa Mawt Tribal Council,Malahat 11,IRI,5919815
British Columbia,Naut'sa Mawt Tribal Council,Oyster Bay 12,IRI,5919816
British Columbia,Naut'sa Mawt Tribal Council,Nanaimo Town 1,IRI,5921804
British Columbia,Naut'sa Mawt Tribal Council,Nanoose,IRI,5921805
British Columbia,Naut'sa Mawt Tribal Council,Nanaimo River,IRI,5921807
British Columbia,Naut'sa Mawt Tribal Council,Squirrel Cove 8,IRI,5924818
British Columbia,Naut'sa Mawt Tribal Council,Tork 7,IRI,5924820
British Columbia,Naut'sa Mawt Tribal Council,Homalco 9,IRI,5924840
British Columbia,Naut'sa Mawt Tribal Council,Sliammon 1,IRI,5927802
British Columbia,Nazko First Nation,Coglistiko River 29,IRI,5941835
British Columbia,Nazko First Nation,Nazco 20,IRI,5941837
British Columbia,Nazko First Nation,Trout Lake Alec 16,IRI,5941852
British Columbia,Nazko First Nation,Euchinico Creek 17,IRI,5941866
British Columbia,Nazko First Nation,Baezaeko River 27,IRI,5941881
British Columbia,Neskonlith,Neskonlith,IRI,5933898
British Columbia,Neskonlith,Switsemalph 3,IRI,5939808
British Columbia,Nicola Tribal Association,Coldwater 1,IRI,5933801
British Columbia,Nicola Tribal Association,Douglas Lake 3,IRI,5933802
British Columbia,Nicola Tribal Association,Hamilton Creek 2,IRI,5933803
British Columbia,Nicola Tribal Association,Nicola Lake 1,IRI,5933806
British Columbia,Nicola Tribal Association,Nooaitch 10,IRI,5933808
British Columbia,Nicola Tribal Association,Paul's Basin 2,IRI,5933809
British Columbia,Nicola Tribal Association,Chuchhraischin,IRI,5933810
British Columbia,Nicola Tribal Association,Basque 18,IRI,5933828
British Columbia,Nicola Tribal Association,Kumcheen 1,IRI,5933834
British Columbia,Nicola Tribal Association,Peq-Paq 22,IRI,5933837
British Columbia,Nicola Tribal Association,Siska Flat,IRI,5933849
British Columbia,Nicola Tribal Association,Nicomen 1,IRI,5933851
British Columbia,Nicola Tribal Association,Pemynoos 9,IRI,5933857
British Columbia,Nicola Tribal Association,Shackan 11,IRI,5933859
British Columbia,Nicola Tribal Association,Kloklowuck 7,IRI,5933861
British Columbia,Nicola Tribal Association,Zacht 5,IRI,5933879
British Columbia,Nicola Tribal Association,Spences Bridge,IRI,5933881
British Columbia,Nicola Tribal Association,Shawniken 4B,IRI,5933895
British Columbia,Nicomen,Nicomen 1,IRI,5933851
British Columbia,Nooaitch,Nooaitch 10,IRI,5933808
British Columbia,Northern Shuswap Tribal Council Society,Canoe Creek 1,IRI,5933814
British Columbia,Northern Shuswap Tribal Council Society,Canoe Creek 2,IRI,5933821
British Columbia,Northern Shuswap Tribal Council Society,Canim Lake 1,IRI,5941802
British Columbia,Northern Shuswap Tribal Council Society,Canim Lake 4,IRI,5941803
British Columbia,Northern Shuswap Tribal Council Society,Canoe Creek 3,IRI,5941804
British Columbia,Northern Shuswap Tribal Council Society,Deep Creek 2,IRI,5941805
British Columbia,Northern Shuswap Tribal Council Society,Dog Creek 1,IRI,5941806
British Columbia,Northern Shuswap Tribal Council Society,Dog Creek 2,IRI,5941807
British Columbia,Northern Shuswap Tribal Council Society,Soda Creek 1,IRI,5941810
British Columbia,Northern Shuswap Tribal Council Society,Williams Lake 1,IRI,5941812
British Columbia,Northern Shuswap Tribal Council Society,Canim Lake 2,IRI,5941813
British Columbia,Not affiliated with a Tribal Council,Samiajij Miawpukek,IRI,1003801
British Columbia,Not affiliated with a Tribal Council,Natuashish 2,IRI,1010801
British Columbia,Not affiliated with a Tribal Council,Sheshatshiu 3,IRI,1010802
British Columbia,Not affiliated with a Tribal Council,Richibucto 15,IRI,1308015
British Columbia,Not affiliated with a Tribal Council,Esgenoôpetitj 14,IRI,1309044
British Columbia,Not affiliated with a Tribal Council,Tabusintac 9,IRI,1309047
British Columbia,Not affiliated with a Tribal Council,Kingsclear 6,IRI,1310019
British Columbia,Not affiliated with a Tribal Council,Tobique 20,IRI,1312007
British Columbia,Not affiliated with a Tribal Council,Wendake,IRI,2423802
British Columbia,Not affiliated with a Tribal Council,Kahnawake,IRI,2467802
British Columbia,Not affiliated with a Tribal Council,Akwesasne,IRI,2469802
British Columbia,Not affiliated with a Tribal Council,Kanesatake,S-É,2472802
British Columbia,Not affiliated with a Tribal Council,Doncaster,IRI,2478802
British Columbia,Not affiliated with a Tribal Council,Kawawachikamach,TK,2497806
British Columbia,Not affiliated with a Tribal Council,Waswanipi,TC,2499802
British Columbia,Not affiliated with a Tribal Council,Mistissini,TC,2499804
British Columbia,Not affiliated with a Tribal Council,Waskaganish,TC,2499806
British Columbia,Not affiliated with a Tribal Council,Nemaska,TC,2499808
British Columbia,Not affiliated with a Tribal Council,Eastmain,TC,2499810
British Columbia,Not affiliated with a Tribal Council,Wemindji,TC,2499812
British Columbia,Not affiliated with a Tribal Council,Chisasibi,TC,2499814
British Columbia,Not affiliated with a Tribal Council,Whapmagoostui,TC,2499816
British Columbia,Not affiliated with a Tribal Council,Oujé-Bougoumou,S-É,2499818
British Columbia,Not affiliated with a Tribal Council,Akwesasne (Part) 59,IRI,3501007
British Columbia,Not affiliated with a Tribal Council,Tyendinaga Mohawk Territory,IRI,3512004
British Columbia,Not affiliated with a Tribal Council,Hiawatha First Nation,IRI,3515008
British Columbia,Not affiliated with a Tribal Council,Curve Lake First Nation 35,IRI,3515019
British Columbia,Not affiliated with a Tribal Council,New Credit (Part) 40A,IRI,3528035
British Columbia,Not affiliated with a Tribal Council,Six Nations (Part) 40,IRI,3528037
British Columbia,Not affiliated with a Tribal Council,Six Nations (Part) 40,IRI,3529020
British Columbia,Not affiliated with a Tribal Council,New Credit (Part) 40A,IRI,3529021
British Columbia,Not affiliated with a Tribal Council,Walpole Island 46,IRI,3538004
British Columbia,Not affiliated with a Tribal Council,Chief's Point No. 28,IRI,3541056
British Columbia,Not affiliated with a Tribal Council,Saugeen 29,IRI,3541057
British Columbia,Not affiliated with a Tribal Council,Neyaashiinigmiing 27,IRI,3541060
British Columbia,Not affiliated with a Tribal Council,Wahta Mohawk Territory,IRI,3544071
British Columbia,Not affiliated with a Tribal Council,Pikwakanagan (Golden Lake 39),,
British Columbia,Not affiliated with a Tribal Council,IRI (3547037),,
British Columbia,Not affiliated with a Tribal Council,Bear Island 1,IRI,3548072
British Columbia,Not affiliated with a Tribal Council,Shawanaga 17,IRI,3549072
British Columbia,Not affiliated with a Tribal Council,Wikwemikong Unceded,IRI,3551043
British Columbia,Not affiliated with a Tribal Council,Abitibi 70,IRI,3556033
British Columbia,Not affiliated with a Tribal Council,Gros Cap 49,IRI,3557078
British Columbia,Not affiliated with a Tribal Council,Pic River 50,IRI,3558062
British Columbia,Not affiliated with a Tribal Council,Pays Plat 51,IRI,3558063
British Columbia,Not affiliated with a Tribal Council,Lake Helen 53A,IRI,3558064
British Columbia,Not affiliated with a Tribal Council,Ojibway Nation of Saugeen (Savant Lake),,
British Columbia,Not affiliated with a Tribal Council,IRI (3558080),,
British Columbia,Not affiliated with a Tribal Council,Osnaburgh 63A,IRI,3558085
British Columbia,Not affiliated with a Tribal Council,Big Island Mainland 93,IRI,3559052
British Columbia,Not affiliated with a Tribal Council,Saug-a-Gaw-Sing 1,IRI,3559053
British Columbia,Not affiliated with a Tribal Council,Whitefish Bay 32A,IRI,3560004
British Columbia,Not affiliated with a Tribal Council,Osnaburgh 63B,IRI,3560055
British Columbia,Not affiliated with a Tribal Council,Sandy Lake 88,IRI,3560071
British Columbia,Not affiliated with a Tribal Council,Peawanuck,S-É,3560091
British Columbia,Not affiliated with a Tribal Council,Buffalo Point 36,IRI,4601070
British Columbia,Not affiliated with a Tribal Council,Canupawakpa Dakota First Nation (Oak Lake 59),,
British Columbia,Not affiliated with a Tribal Council,IRI (4606029),,
British Columbia,Not affiliated with a Tribal Council,Sioux Valley Dakota Nation,IRI,4606040
British Columbia,Not affiliated with a Tribal Council,Dakota Plains 6A,IRI,4609026
British Columbia,Not affiliated with a Tribal Council,Fort Alexander 3,IRI,4619050
British Columbia,Not affiliated with a Tribal Council,Fisher River 44,IRI,4619056
British Columbia,Not affiliated with a Tribal Council,Fisher River 44A,IRI,4619058
British Columbia,Not affiliated with a Tribal Council,The Narrows 49,IRI,4619065
British Columbia,Not affiliated with a Tribal Council,Opaskwayak Cree Nation 21A,IRI,4621033
British Columbia,Not affiliated with a Tribal Council,Opaskwayak Cree Nation 21B,IRI,4621034
British Columbia,Not affiliated with a Tribal Council,Opaskwayak Cree Nation 21C,IRI,4621035
British Columbia,Not affiliated with a Tribal Council,Opaskwayak Cree Nation 21I,IRI,4621040
British Columbia,Not affiliated with a Tribal Council,Opaskwayak Cree Nation 21E,IRI,4621043
British Columbia,Not affiliated with a Tribal Council,Cross Lake 19,IRI,4622051
British Columbia,Not affiliated with a Tribal Council,Cross Lake 19A,IRI,4622052
British Columbia,Not affiliated with a Tribal Council,Norway House 17,IRI,4622058
British Columbia,Not affiliated with a Tribal Council,Nelson House 170,IRI,4622059
British Columbia,Not affiliated with a Tribal Council,Cross Lake 19E,IRI,4622067
British Columbia,Not affiliated with a Tribal Council,South Indian Lake,S-É,4623037
British Columbia,Not affiliated with a Tribal Council,Shamattawa 1,IRI,4623071
British Columbia,Not affiliated with a Tribal Council,White Bear 70,IRI,4701808
British Columbia,Not affiliated with a Tribal Council,Pheasant Rump Nakota 68,IRI,4701819
British Columbia,Not affiliated with a Tribal Council,Cowessess 73,IRI,4705803
British Columbia,Not affiliated with a Tribal Council,Ochapowace 71,IRI,4705806
British Columbia,Not affiliated with a Tribal Council,Ochapowace 71-10,IRI,4705814
British Columbia,Not affiliated with a Tribal Council,Ochapowace 71-54,IRI,4705818
British Columbia,Not affiliated with a Tribal Council,Ochapowace 71-26,IRI,4705821
British Columbia,Not affiliated with a Tribal Council,Ochapowace 71-70,IRI,4705822
British Columbia,Not affiliated with a Tribal Council,Ochapowace 71-7,IRI,4705823
British Columbia,Not affiliated with a Tribal Council,Ochapowace 71-18,IRI,4705824
British Columbia,Not affiliated with a Tribal Council,Ochapowace 71-51,IRI,4705825
British Columbia,Not affiliated with a Tribal Council,Ochapowace 71-44,IRI,4705826
British Columbia,Not affiliated with a Tribal Council,Fishing Lake 89,IRI,4710826
British Columbia,Not affiliated with a Tribal Council,Beardy's and Okemasis 96 and 97A,IRI,4710828
British Columbia,Not affiliated with a Tribal Council,Fishing Lake 89A,IRI,4710854
British Columbia,Not affiliated with a Tribal Council,Opaskwayak Cree Nation 27A (Carrot River),,
British Columbia,Not affiliated with a Tribal Council,IRI (4714846),,
British Columbia,Not affiliated with a Tribal Council,Beardy's 97 and Okemasis 96,IRI,4715845
British Columbia,Not affiliated with a Tribal Council,Beardy's and Okemasis 96 and 97B,IRI,4715859
British Columbia,Not affiliated with a Tribal Council,Seekaskootch 119,IRI,4717801
British Columbia,Not affiliated with a Tribal Council,Makaoo (Part) 120,IRI,4717802
British Columbia,Not affiliated with a Tribal Council,Thunderchild First Nation 115B,IRI,4717803
British Columbia,Not affiliated with a Tribal Council,Thunderchild First Nation 115C,IRI,4717804
British Columbia,Not affiliated with a Tribal Council,Big Island Lake Cree Territory,IRI,4717811
British Columbia,Not affiliated with a Tribal Council,Onion Lake 119-1,IRI,4717820
British Columbia,Not affiliated with a Tribal Council,Samson 137,IRI,4808811
British Columbia,Not affiliated with a Tribal Council,Samson 137A,IRI,4808812
British Columbia,Not affiliated with a Tribal Council,Montana 139,IRI,4808813
British Columbia,Not affiliated with a Tribal Council,Makaoo (Part) 120,IRI,4810805
British Columbia,Not affiliated with a Tribal Council,Ermineskin 138,IRI,4811801
British Columbia,Not affiliated with a Tribal Council,Pigeon Lake 138A,IRI,4811802
British Columbia,Not affiliated with a Tribal Council,Louis Bull 138B,IRI,4811803
British Columbia,Not affiliated with a Tribal Council,Stony Plain 135,IRI,4811804
British Columbia,Not affiliated with a Tribal Council,Wabamun 133A,IRI,4811806
British Columbia,Not affiliated with a Tribal Council,Wabamun 133B,IRI,4811807
British Columbia,Not affiliated with a Tribal Council,Saddle Lake 125,IRI,4812806
British Columbia,Not affiliated with a Tribal Council,Thebathi 196,IRI,4816860
British Columbia,Not affiliated with a Tribal Council,Thabacha Náre 196A,IRI,4816861
British Columbia,Not affiliated with a Tribal Council,Jean Baptiste Gambler 183,IRI,4817817
British Columbia,Not affiliated with a Tribal Council,Wabasca 166,IRI,4817818
British Columbia,Not affiliated with a Tribal Council,Wabasca 166A,IRI,4817819
British Columbia,Not affiliated with a Tribal Council,Wabasca 166B,IRI,4817821
British Columbia,Not affiliated with a Tribal Council,Wabasca 166C,IRI,4817822
British Columbia,Not affiliated with a Tribal Council,Wabasca 166D,IRI,4817823
British Columbia,Not affiliated with a Tribal Council,Desmarais,S-É,4817855
British Columbia,Not affiliated with a Tribal Council,Puckatholetchin 11,IRI,5909808
British Columbia,Not affiliated with a Tribal Council,Lukseetsissum 9,IRI,5909810
British Columbia,Not affiliated with a Tribal Council,Yale Town 1,IRI,5909818
British Columbia,Not affiliated with a Tribal Council,Skwah 4,IRI,5909824
British Columbia,Not affiliated with a Tribal Council,Skwali 3,IRI,5909825
British Columbia,Not affiliated with a Tribal Council,Schelowat 1,IRI,5909838
British Columbia,Not affiliated with a Tribal Council,Chehalis 5,IRI,5909839
British Columbia,Not affiliated with a Tribal Council,Stullawheets 8,IRI,5909841
British Columbia,Not affiliated with a Tribal Council,Peters 1,IRI,5909843
British Columbia,Not affiliated with a Tribal Council,Skwahla 2,IRI,5909849
British Columbia,Not affiliated with a Tribal Council,Albert Flat 5,IRI,5909876
British Columbia,Not affiliated with a Tribal Council,Semiahmoo,IRI,5915801
British Columbia,Not affiliated with a Tribal Council,Musqueam 2,IRI,5915803
British Columbia,Not affiliated with a Tribal Council,Coquitlam 2,IRI,5915804
British Columbia,Not affiliated with a Tribal Council,Coquitlam 1,IRI,5915805
British Columbia,Not affiliated with a Tribal Council,Mission 1,IRI,5915807
British Columbia,Not affiliated with a Tribal Council,Capilano 5,IRI,5915808
British Columbia,Not affiliated with a Tribal Council,Barnston Island 3,IRI,5915809
British Columbia,Not affiliated with a Tribal Council,Musqueam 4,IRI,5915810
British Columbia,Not affiliated with a Tribal Council,Seymour Creek 2,IRI,5915811
British Columbia,Not affiliated with a Tribal Council,Katzie 2,IRI,5915813
British Columbia,Not affiliated with a Tribal Council,Katzie 1,IRI,5915830
British Columbia,Not affiliated with a Tribal Council,Cole Bay 3,IRI,5917801
British Columbia,Not affiliated with a Tribal Council,Union Bay 4,IRI,5917802
British Columbia,Not affiliated with a Tribal Council,East Saanich 2,IRI,5917803
British Columbia,Not affiliated with a Tribal Council,South Saanich 1,IRI,5917804
British Columbia,Not affiliated with a Tribal Council,Galiano Island 9,IRI,5917805
British Columbia,Not affiliated with a Tribal Council,Becher Bay 1,IRI,5917809
British Columbia,Not affiliated with a Tribal Council,Esquimalt,IRI,5917811
British Columbia,Not affiliated with a Tribal Council,New Songhees 1A,IRI,5917812
British Columbia,Not affiliated with a Tribal Council,Gordon River 2,IRI,5917815
British Columbia,Not affiliated with a Tribal Council,Tsussie 6,IRI,5919803
British Columbia,Not affiliated with a Tribal Council,Kil-pah-las 3,IRI,5919808
British Columbia,Not affiliated with a Tribal Council,Penelakut Island 7,IRI,5919809
British Columbia,Not affiliated with a Tribal Council,Shingle Point 4,IRI,5919811
British Columbia,Not affiliated with a Tribal Council,Cowichan Lake,IRI,5919812
British Columbia,Not affiliated with a Tribal Council,Portier Pass 5,IRI,5919817
British Columbia,Not affiliated with a Tribal Council,Theik 2,IRI,5919818
British Columbia,Not affiliated with a Tribal Council,Est-Patrolas 4,IRI,5919820
British Columbia,Not affiliated with a Tribal Council,Tzart-Lam 5,IRI,5919821
British Columbia,Not affiliated with a Tribal Council,Cowichan,IRI,5919822
British Columbia,Not affiliated with a Tribal Council,Qualicum,IRI,5921806
British Columbia,Not affiliated with a Tribal Council,Sechelt (Part),,
British Columbia,Not affiliated with a Tribal Council,IGD (5927806),,
British Columbia,Not affiliated with a Tribal Council,Chekwelp 26,IRI,5929801
British Columbia,Not affiliated with a Tribal Council,Sechelt (Part),,
British Columbia,Not affiliated with a Tribal Council,IGD (5929803),,
British Columbia,Not affiliated with a Tribal Council,Cheakamus 11,IRI,5931801
British Columbia,Not affiliated with a Tribal Council,Kowtain 17,IRI,5931802
British Columbia,Not affiliated with a Tribal Council,Seaichem 16,IRI,5931806
British Columbia,Not affiliated with a Tribal Council,Stawamus 24,IRI,5931807
British Columbia,Not affiliated with a Tribal Council,Waiwakum 14,IRI,5931808
British Columbia,Not affiliated with a Tribal Council,Yekwaupsum 18,IRI,5931809
British Columbia,Not affiliated with a Tribal Council,Joeyaska 2,IRI,5933805
British Columbia,Not affiliated with a Tribal Council,Nicola Mameet 1,IRI,5933807
British Columbia,Not affiliated with a Tribal Council,Zoht 4,IRI,5933811
British Columbia,Not affiliated with a Tribal Council,High Bar 1,IRI,5933819
British Columbia,Not affiliated with a Tribal Council,Ashcroft 4,IRI,5933844
British Columbia,Not affiliated with a Tribal Council,105 Mile Post 2,IRI,5933845
British Columbia,Not affiliated with a Tribal Council,Kanaka Bar,IRI,5933882
British Columbia,Not affiliated with a Tribal Council,Nekliptum 1,IRI,5933896
British Columbia,Not affiliated with a Tribal Council,Chum Creek 2,IRI,5939801
British Columbia,Not affiliated with a Tribal Council,North Bay 5,IRI,5939803
British Columbia,Not affiliated with a Tribal Council,Quaaout 1,IRI,5939805
British Columbia,Not affiliated with a Tribal Council,Scotch Creek 4,IRI,5939807
British Columbia,Not affiliated with a Tribal Council,Alkali Lake 1,IRI,5941801
British Columbia,Not affiliated with a Tribal Council,Johny Sticks 2,IRI,5941811
British Columbia,Not affiliated with a Tribal Council,Coglistiko River 29,IRI,5941835
British Columbia,Not affiliated with a Tribal Council,Nazco 20,IRI,5941837
British Columbia,Not affiliated with a Tribal Council,Trout Lake Alec 16,IRI,5941852
British Columbia,Not affiliated with a Tribal Council,Windy Mouth 7,IRI,5941855
British Columbia,Not affiliated with a Tribal Council,Euchinico Creek 17,IRI,5941866
British Columbia,Not affiliated with a Tribal Council,Sandy Harry 4,IRI,5941868
British Columbia,Not affiliated with a Tribal Council,Swan Lake 3,IRI,5941872
British Columbia,Not affiliated with a Tribal Council,Alkali Lake 4A,IRI,5941873
British Columbia,Not affiliated with a Tribal Council,Baezaeko River 27,IRI,5941881
British Columbia,Not affiliated with a Tribal Council,Little Springs,IRI,5941885
British Columbia,Not affiliated with a Tribal Council,Quatsino Subdivision 18,IRI,5943816
British Columbia,Not affiliated with a Tribal Council,Nimpkish 2,IRI,5943835
British Columbia,Not affiliated with a Tribal Council,Alert Bay,IRI,5943837
British Columbia,Not affiliated with a Tribal Council,Bella Bella 1,IRI,5945801
British Columbia,Not affiliated with a Tribal Council,Kulkayu (Hartley Bay) 4,IRI,5947806
British Columbia,Not affiliated with a Tribal Council,Dolphin Island 1,IRI,5947807
British Columbia,Not affiliated with a Tribal Council,Lax Kw'alaams 1,IRI,5947809
British Columbia,Not affiliated with a Tribal Council,S1/2 Tsimpsean 2,IRI,5947810
British Columbia,Not affiliated with a Tribal Council,Nisga'a,NL,5949035
British Columbia,Not affiliated with a Tribal Council,Kitamaat 2,IRI,5949803
British Columbia,Not affiliated with a Tribal Council,Kitsumkaylum 1,IRI,5949804
British Columbia,Not affiliated with a Tribal Council,Kshish 4,IRI,5949805
British Columbia,Not affiliated with a Tribal Council,Kulspai 6,IRI,5949807
British Columbia,Not affiliated with a Tribal Council,Coryatsaqua (Moricetown) 2,IRI,5949810
British Columbia,Not affiliated with a Tribal Council,Hagwilget 1,IRI,5949811
British Columbia,Not affiliated with a Tribal Council,Gitsegukla 1,IRI,5949814
British Columbia,Not affiliated with a Tribal Council,Gitwangak 1,IRI,5949816
British Columbia,Not affiliated with a Tribal Council,Moricetown 1,IRI,5949817
British Columbia,Not affiliated with a Tribal Council,Babine 17,IRI,5949819
British Columbia,Not affiliated with a Tribal Council,Bulkley River 19,IRI,5949820
British Columbia,Not affiliated with a Tribal Council,Iskut 6,IRI,5949832
British Columbia,Not affiliated with a Tribal Council,Guhthe Tah 12,IRI,5949843
British Columbia,Not affiliated with a Tribal Council,Kitselas 1,IRI,5949844
British Columbia,Not affiliated with a Tribal Council,Dease Lake 9,IRI,5949845
British Columbia,Not affiliated with a Tribal Council,Tahltan 1,IRI,5949846
British Columbia,Not affiliated with a Tribal Council,Telegraph Creek,IRI,5949847
British Columbia,Not affiliated with a Tribal Council,Ye Koo Che 3,IRI,5951801
British Columbia,Not affiliated with a Tribal Council,Cheslatta 1,IRI,5951818
British Columbia,Not affiliated with a Tribal Council,Omineca 1,IRI,5951819
British Columbia,Not affiliated with a Tribal Council,Francois Lake 7,IRI,5951822
British Columbia,Not affiliated with a Tribal Council,Skins Lake 16A,IRI,5951823
British Columbia,Not affiliated with a Tribal Council,Skins Lake 16B,IRI,5951824
British Columbia,Not affiliated with a Tribal Council,Uncha Lake 13A,IRI,5951826
British Columbia,Not affiliated with a Tribal Council,Woyenne 27,IRI,5951827
British Columbia,Not affiliated with a Tribal Council,Babine 6,IRI,5951828
British Columbia,Not affiliated with a Tribal Council,Babine 25,IRI,5951829
British Columbia,Not affiliated with a Tribal Council,Jean Baptiste 28,IRI,5951830
British Columbia,Not affiliated with a Tribal Council,Tatla't East 2,IRI,5951833
British Columbia,Not affiliated with a Tribal Council,Tadinlay 15,IRI,5951845
British Columbia,Not affiliated with a Tribal Council,Nedoats 11,IRI,5951846
British Columbia,Not affiliated with a Tribal Council,Babine Lake 21B,IRI,5951847
British Columbia,Not affiliated with a Tribal Council,Fort George (Shelley) 2,IRI,5953801
British Columbia,Not affiliated with a Tribal Council,McLeod Lake 1,IRI,5953802
British Columbia,Not affiliated with a Tribal Council,Blueberry River 205,IRI,5955803
British Columbia,Not affiliated with a Tribal Council,Ingenika Point,S-É,5955812
British Columbia,Not affiliated with a Tribal Council,Unnamed 10,IRI,5957802
British Columbia,Not affiliated with a Tribal Council,Five Mile Point 3,IRI,5957803
British Columbia,Not affiliated with a Tribal Council,Teslin Post 13,SG,6001007
British Columbia,Not affiliated with a Tribal Council,Carcross 4,SG,6001008
British Columbia,Not affiliated with a Tribal Council,Lake Laberge 1,SG,6001010
British Columbia,Not affiliated with a Tribal Council,Klukshu,S-É,6001016
British Columbia,Not affiliated with a Tribal Council,Haines Junction,VL,6001018
British Columbia,Not affiliated with a Tribal Council,Kloo Lake,S-É,6001019
British Columbia,Not affiliated with a Tribal Council,Mayo,VL,6001022
British Columbia,Not affiliated with a Tribal Council,Moosehide Creek 2,SG,6001031
British Columbia,Not affiliated with a Tribal Council,Tagish,SÉ,6001036
British Columbia,Not affiliated with a Tribal Council,Champagne Landing 10,S-É,6001038
British Columbia,Not affiliated with a Tribal Council,Burwash Landing,SÉ,6001039
British Columbia,Not affiliated with a Tribal Council,Pelly Crossing,SÉ,6001041
British Columbia,Not affiliated with a Tribal Council,Beaver Creek,SÉ,6001042
British Columbia,Not affiliated with a Tribal Council,Old Crow,SÉ,6001043
British Columbia,Not affiliated with a Tribal Council,Johnsons Crossing,SÉ,6001047
British Columbia,Not affiliated with a Tribal Council,Carcross,SÉ,6001048
British Columbia,Not affiliated with a Tribal Council,Teslin,TL,6001057
British Columbia,Not affiliated with a Tribal Council,Behchokò,CG,6103031
British Columbia,Not affiliated with a Tribal Council,Whatì,CG,6103034
British Columbia,Not affiliated with a Tribal Council,Gamètì,CG,6103049
British Columbia,Not affiliated with a Tribal Council,Wekweètì,CG,6103052
British Columbia,Not affiliated with a Tribal Council,"Carmacks Landing Settlement, SE (600001)",,
British Columbia,N'Quatqua,Nequatque,IRI,5931844
British Columbia,Nuu-Chah-Nulth Tribal Council,Malachan 11,IRI,5919814
British Columbia,Nuu-Chah-Nulth Tribal Council,Ahahswinis 1,IRI,5923801
British Columbia,Nuu-Chah-Nulth Tribal Council,Alberni 2,IRI,5923802
British Columbia,Nuu-Chah-Nulth Tribal Council,Anacla 12,IRI,5923803
British Columbia,Nuu-Chah-Nulth Tribal Council,Clakamucus 2,IRI,5923804
British Columbia,Nuu-Chah-Nulth Tribal Council,Elhlateese 2,IRI,5923805
British Columbia,Nuu-Chah-Nulth Tribal Council,Hesquiat 1,IRI,5923806
British Columbia,Nuu-Chah-Nulth Tribal Council,Ittatsoo 1,IRI,5923807
British Columbia,Nuu-Chah-Nulth Tribal Council,Marktosis 15,IRI,5923808
British Columbia,Nuu-Chah-Nulth Tribal Council,Numukamis 1,IRI,5923809
British Columbia,Nuu-Chah-Nulth Tribal Council,Macoah 1,IRI,5923810
British Columbia,Nuu-Chah-Nulth Tribal Council,Opitsat 1,IRI,5923813
British Columbia,Nuu-Chah-Nulth Tribal Council,Sachsa 4,IRI,5923814
British Columbia,Nuu-Chah-Nulth Tribal Council,Tsahaheh 1,IRI,5923816
British Columbia,Nuu-Chah-Nulth Tribal Council,Klehkoot 2,IRI,5923822
British Columbia,Nuu-Chah-Nulth Tribal Council,Esowista 3,IRI,5923823
British Columbia,Nuu-Chah-Nulth Tribal Council,Refuge Cove 6,IRI,5923824
British Columbia,Nuu-Chah-Nulth Tribal Council,Tin Wis 11,IRI,5923825
British Columbia,Nuu-Chah-Nulth Tribal Council,Ahaminaquus 12,IRI,5924803
British Columbia,Nuu-Chah-Nulth Tribal Council,Chenahkint 12,IRI,5924805
British Columbia,Nuu-Chah-Nulth Tribal Council,Houpsitas 6,IRI,5924806
British Columbia,Nuu-Chah-Nulth Tribal Council,Village Island 1,IRI,5924813
British Columbia,Nuu-Chah-Nulth Tribal Council,Yuquot 1,IRI,5924814
British Columbia,Nuu-Chah-Nulth Tribal Council,Oclucje 7,IRI,5924833
British Columbia,Nuu-Chah-Nulth Tribal Council,Tsa Xana 18,IRI,5924835
British Columbia,Nuu-Chah-Nulth Tribal Council,Ehatis 11,IRI,5924836
British Columbia,Nuxalk Nation,Bella Coola 1,IRI,5945802
British Columbia,Okanagan,Duck Lake 7,IRI,5935801
British Columbia,Okanagan,Okanagan (Part) 1,IRI,5937801
British Columbia,Okanagan,Priest's Valley 6,IRI,5937803
British Columbia,Okanagan,Harris 3,IRI,5937805
British Columbia,Okanagan,Okanagan (Part) 1,IRI,5939804
British Columbia,Okanagan Nation Alliance,Lower Similkameen 2,IRI,5907801
British Columbia,Okanagan Nation Alliance,Osoyoos 1,IRI,5907802
British Columbia,Okanagan Nation Alliance,Penticton 1,IRI,5907803
British Columbia,Okanagan Nation Alliance,Chopaka 7 & 8,IRI,5907805
British Columbia,Okanagan Nation Alliance,Blind Creek 6,IRI,5907806
British Columbia,Okanagan Nation Alliance,Chuchuwayha 2,IRI,5907807
British Columbia,Okanagan Nation Alliance,Alexis 9,IRI,5907808
British Columbia,Okanagan Nation Alliance,Ashnola 10,IRI,5907809
British Columbia,Okanagan Nation Alliance,Duck Lake 7,IRI,5935801
British Columbia,Okanagan Nation Alliance,Tsinstikeptum 9,IRI,5935802
British Columbia,Okanagan Nation Alliance,Tsinstikeptum 10,IRI,5935803
British Columbia,Okanagan Nation Alliance,Okanagan (Part) 1,IRI,5937801
British Columbia,Okanagan Nation Alliance,Priest's Valley 6,IRI,5937803
British Columbia,Okanagan Nation Alliance,Harris 3,IRI,5937805
British Columbia,Okanagan Nation Alliance,Okanagan (Part) 1,IRI,5939804
British Columbia,Old Massett Village Council,Masset 1,IRI,5947803
British Columbia,Osoyoos,Osoyoos 1,IRI,5907802
British Columbia,Pacheedaht First Nation,Gordon River 2,IRI,5917815
British Columbia,Pauquachin,Cole Bay 3,IRI,5917801
British Columbia,Penelakut Tribe,Galiano Island 9,IRI,5917805
British Columbia,Penelakut Tribe,Tsussie 6,IRI,5919803
British Columbia,Penelakut Tribe,Penelakut Island 7,IRI,5919809
British Columbia,Penticton,Penticton 1,IRI,5907803
British Columbia,Prophet River First Nation,Prophet River 4,IRI,5959810
British Columbia,Qualicum,Qualicum,IRI,5921806
British Columbia,Quatsino,Quatsino Subdivision 18,IRI,5943816
British Columbia,Saik'uz First Nation,Stony Creek 1,IRI,5951809
British Columbia,Saik'uz First Nation,Laketown 3,IRI,5951813
British Columbia,Saulteau First Nations (BC),East Moberly Lake 169,IRI,5955801
British Columbia,Scia'new,Becher Bay 1,IRI,5917809
British Columbia,Seabird Island,Seabird Island,IRI,5909832
British Columbia,Sechelt,Sechelt (Part),,
British Columbia,Sechelt,IGD (5927806),,
British Columbia,Sechelt,Sechelt (Part),,
British Columbia,Sechelt,IGD (5929803),,
British Columbia,Secretariat of the Haida Nation,Masset 1,IRI,5947803
British Columbia,Secretariat of the Haida Nation,Skidegate 1,IRI,5947804
British Columbia,Semiahmoo,Semiahmoo,IRI,5915801
British Columbia,Shackan,Shackan 11,IRI,5933859
British Columbia,Shuswap,Shuswap,IRI,5901806
British Columbia,Shuswap Nation Tribal Council,Shuswap,IRI,5901806
British Columbia,Shuswap Nation Tribal Council,Bonaparte 3,IRI,5933812
British Columbia,Shuswap Nation Tribal Council,Skeetchestn,IRI,5933817
British Columbia,Shuswap Nation Tribal Council,Lower Hat Creek 2,IRI,5933836
British Columbia,Shuswap Nation Tribal Council,Upper Hat Creek 1,IRI,5933875
British Columbia,Shuswap Nation Tribal Council,Whispering Pines 4,IRI,5933877
British Columbia,Shuswap Nation Tribal Council,Kamloops 1,IRI,5933880
British Columbia,Shuswap Nation Tribal Council,Sahhaltkum 4,IRI,5933884
British Columbia,Shuswap Nation Tribal Council,Nekalliston 2,IRI,5933886
British Columbia,Shuswap Nation Tribal Council,North Thompson 1,IRI,5933887
British Columbia,Shuswap Nation Tribal Council,Louis Creek 4,IRI,5933888
British Columbia,Shuswap Nation Tribal Council,Squaam 2,IRI,5933889
British Columbia,Shuswap Nation Tribal Council,Neskonlith,IRI,5933898
British Columbia,Shuswap Nation Tribal Council,Enderby 2,IRI,5937802
British Columbia,Shuswap Nation Tribal Council,Hustalen 1,IRI,5939802
British Columbia,Shuswap Nation Tribal Council,Salmon River 1,IRI,5939806
British Columbia,Shuswap Nation Tribal Council,Switsemalph 3,IRI,5939808
British Columbia,Shuswap Nation Tribal Council,Switsemalph,IRI,5939811
British Columbia,Shxwhá:y Village,Skway 5,IRI,5909826
British Columbia,Shxw'ow'hamel First Nation,Ohamil 1,IRI,5909807
British Columbia,Simpcw First Nation,Nekalliston 2,IRI,5933886
British Columbia,Simpcw First Nation,North Thompson 1,IRI,5933887
British Columbia,Simpcw First Nation,Louis Creek 4,IRI,5933888
British Columbia,Siska,Siska Flat,IRI,5933849
British Columbia,Siska,Zacht 5,IRI,5933879
British Columbia,Skatin Nations (Skookumchuck),Skookumchuck 4,IRI,5909845
British Columbia,Skeetchestn,Skeetchestn,IRI,5933817
British Columbia,Skidegate,Skidegate 1,IRI,5947804
British Columbia,Skowkale,Skowkale,IRI,5909884
British Columbia,Skwah,Skwah 4,IRI,5909824
British Columbia,Skwah,Skwali 3,IRI,5909825
British Columbia,Skwah,Schelowat 1,IRI,5909838
British Columbia,Skwah,Skwahla 2,IRI,5909849
British Columbia,Snuneymuxw First Nation,Nanaimo Town 1,IRI,5921804
British Columbia,Snuneymuxw First Nation,Nanaimo River,IRI,5921807
British Columbia,Songhees Nation,New Songhees 1A,IRI,5917812
British Columbia,Soowahlie,Soowahlie 14,IRI,5909827
British Columbia,Splatsin First Nation,Enderby 2,IRI,5937802
British Columbia,Splatsin First Nation,Salmon River 1,IRI,5939806
British Columbia,Sq'ewlets,Scowlitz 1,IRI,5909833
British Columbia,Sq'ewlets,Squawkum Creek 3,IRI,5909882
British Columbia,Squamish,Mission 1,IRI,5915807
British Columbia,Squamish,Capilano 5,IRI,5915808
British Columbia,Squamish,Seymour Creek 2,IRI,5915811
British Columbia,Squamish,Chekwelp 26,IRI,5929801
British Columbia,Squamish,Cheakamus 11,IRI,5931801
British Columbia,Squamish,Kowtain 17,IRI,5931802
British Columbia,Squamish,Seaichem 16,IRI,5931806
British Columbia,Squamish,Stawamus 24,IRI,5931807
British Columbia,Squamish,Waiwakum 14,IRI,5931808
British Columbia,Squamish,Yekwaupsum 18,IRI,5931809
British Columbia,Squiala First Nation,Squiaala,IRI,5909885
British Columbia,Stellat'en First Nation,Stellaquo (Stella) 1,IRI,5951807
British Columbia,Sto:lo Nation,Skawahlook 1,IRI,5909814
British Columbia,Sto:lo Nation,Skway 5,IRI,5909826
British Columbia,Sto:lo Nation,Tzeachten 13,IRI,5909830
British Columbia,Sto:lo Nation,Yakweakwioose 12,IRI,5909831
British Columbia,Sto:lo Nation,Aitchelitch 9,IRI,5909835
British Columbia,Sto:lo Nation,Popkum 1,IRI,5909844
British Columbia,Sto:lo Nation,Upper Sumas 6,IRI,5909877
British Columbia,Sto:lo Nation,Matsqui Main 2,IRI,5909878
British Columbia,Sto:lo Nation,Holachten 8,IRI,5909879
British Columbia,Sto:lo Nation,Lakahahmen 11,IRI,5909880
British Columbia,Sto:lo Nation,Skweahm 10,IRI,5909881
British Columbia,Sto:lo Nation,Skowkale,IRI,5909884
British Columbia,Sto:lo Nation,Squiaala,IRI,5909885
British Columbia,Sto:lo Nation,Matsqui 4,IRI,5915825
British Columbia,Sto:lo Tribal Council,Chawathil 4,IRI,5909804
British Columbia,Sto:lo Tribal Council,Ohamil 1,IRI,5909807
British Columbia,Sto:lo Tribal Council,Schkam 2,IRI,5909812
British Columbia,Sto:lo Tribal Council,Kwawkwawapilt 6,IRI,5909821
British Columbia,Sto:lo Tribal Council,Soowahlie 14,IRI,5909827
British Columbia,Sto:lo Tribal Council,Seabird Island,IRI,5909832
British Columbia,Sto:lo Tribal Council,Scowlitz 1,IRI,5909833
British Columbia,Sto:lo Tribal Council,Tseatah 2,IRI,5909834
British Columbia,Sto:lo Tribal Council,Cheam 1,IRI,5909837
British Columbia,Sto:lo Tribal Council,Squawkum Creek 3,IRI,5909882
British Columbia,Sto:lo Tribal Council,McMillan Island 6,IRI,5915816
British Columbia,Sto:lo Tribal Council,Langley 5,IRI,5915835
British Columbia,Sto:lo Tribal Council,Whonnock 1,IRI,5915840
British Columbia,Sts'ailes,Chehalis 5,IRI,5909839
British Columbia,Stswecem'c Xgat'tem First Nation,Canoe Creek 1,IRI,5933814
British Columbia,Stswecem'c Xgat'tem First Nation,Canoe Creek 2,IRI,5933821
British Columbia,Stswecem'c Xgat'tem First Nation,Canoe Creek 3,IRI,5941804
British Columbia,Stswecem'c Xgat'tem First Nation,Dog Creek 1,IRI,5941806
British Columbia,Stswecem'c Xgat'tem First Nation,Dog Creek 2,IRI,5941807
British Columbia,Stz'uminus First Nation,Squaw-hay-one 11,IRI,5919802
British Columbia,Stz'uminus First Nation,Chemainus 13,IRI,5919804
British Columbia,Stz'uminus First Nation,Oyster Bay 12,IRI,5919816
British Columbia,Sumas First Nation,Upper Sumas 6,IRI,5909877
British Columbia,Tahltan,Guhthe Tah 12,IRI,5949843
British Columbia,Tahltan,Dease Lake 9,IRI,5949845
British Columbia,Tahltan,Tahltan 1,IRI,5949846
British Columbia,Tahltan,Telegraph Creek,IRI,5949847
British Columbia,Takla Lake First Nation,Tacla Lake (Ferry Landing) 9,IRI,5951811
British Columbia,Takla Lake First Nation,North Tacla Lake,IRI,5951848
British Columbia,Taku River Tlingit,Unnamed 10,IRI,5957802
British Columbia,Taku River Tlingit,Five Mile Point 3,IRI,5957803
British Columbia,T'it'q'et,Lillooet 1,IRI,5931821
British Columbia,T'it'q'et,McCartney's Flat 4,IRI,5931823
British Columbia,T'it'q'et,Seton Lake 5,IRI,5931824
British Columbia,T'it'q'et,Towinock 2,IRI,5931832
British Columbia,Tk'emlups Te Secwepemc,Kamloops 1,IRI,5933880
British Columbia,Tla'amin,Sliammon 1,IRI,5927802
British Columbia,Tla-O-Qui-Aht First Nations,Opitsat 1,IRI,5923813
British Columbia,Tla-O-Qui-Aht First Nations,Esowista 3,IRI,5923823
British Columbia,Tla-O-Qui-Aht First Nations,Tin Wis 11,IRI,5923825
British Columbia,Tl'azt'en Nation,Binche 2 (Pinchie 2),,
British Columbia,Tl'azt'en Nation,IRI (5951805),,
British Columbia,Tl'azt'en Nation,Tache 1,IRI,5951810
British Columbia,Tl'azt'en Nation,Dzitline Lee 9,IRI,5951814
British Columbia,Tl'esqox,Baptiste Meadow 2,IRI,5941849
British Columbia,Tl'esqox,Toosey 1,IRI,5941850
British Columbia,Tl'etinqox-t'in Government,Anahim's Flat 1,IRI,5941821
British Columbia,Tl'etinqox-t'in Government,Anahim's Meadow,IRI,5941883
British Columbia,Tobacco Plains,Tobacco Plains 2,IRI,5901801
British Columbia,Treaty 8 Tribal Association,East Moberly Lake 169,IRI,5955801
British Columbia,Treaty 8 Tribal Association,West Moberly Lake 168A,IRI,5955802
British Columbia,Treaty 8 Tribal Association,Doig River 206,IRI,5955804
British Columbia,Treaty 8 Tribal Association,Halfway River 168,IRI,5955808
British Columbia,Treaty 8 Tribal Association,Fontas 1,IRI,5959805
British Columbia,Treaty 8 Tribal Association,Fort Nelson 2,IRI,5959806
British Columbia,Treaty 8 Tribal Association,Kahntah 3,IRI,5959809
British Columbia,Treaty 8 Tribal Association,Prophet River 4,IRI,5959810
British Columbia,Tsal'alh,Necait 6,IRI,5931826
British Columbia,Tsal'alh,Slosh 1,IRI,5931831
British Columbia,Tsal'alh,Mission 5,IRI,5931833
British Columbia,Tsartlip,South Saanich 1,IRI,5917804
British Columbia,Tsawout First Nation,East Saanich 2,IRI,5917803
British Columbia,Tsawwassen First Nation,Tsawwassen,IRI,5915802
British Columbia,Tsay Keh Dene,Ingenika Point,S-É,5955812
British Columbia,Tseshaht,Alberni 2,IRI,5923802
British Columbia,Tseshaht,Tsahaheh 1,IRI,5923816
British Columbia,Tseycum,Union Bay 4,IRI,5917802
British Columbia,Ts'il Kaz Koh (Burns Lake),Burns Lake 18,IRI,5951815
British Columbia,Ts'il Kaz Koh (Burns Lake),Poison Creek 17A,IRI,5951844
British Columbia,Tsilhqot'in National Government,Lohbiee 3,IRI,5941808
British Columbia,Tsilhqot'in National Government,Alexis Creek 14,IRI,5941817
British Columbia,Tsilhqot'in National Government,Alexis Creek 16,IRI,5941818
British Columbia,Tsilhqot'in National Government,Anahim's Flat 1,IRI,5941821
British Columbia,Tsilhqot'in National Government,Charley Boy's Meadow 3,IRI,5941827
British Columbia,Tsilhqot'in National Government,Chilco Lake 1,IRI,5941828
British Columbia,Tsilhqot'in National Government,Chilco Lake 1A,IRI,5941829
British Columbia,Tsilhqot'in National Government,Tanakut 4,IRI,5941831
British Columbia,Tsilhqot'in National Government,Puntzi Lake 2,IRI,5941838
British Columbia,Tsilhqot'in National Government,Redstone Flat 1,IRI,5941839
British Columbia,Tsilhqot'in National Government,Stone 1,IRI,5941841
British Columbia,Tsilhqot'in National Government,Agats Meadow 8,IRI,5941844
British Columbia,Tsilhqot'in National Government,Alexis Creek 21,IRI,5941848
British Columbia,Tsilhqot'in National Government,Alexis Creek 34,IRI,5941856
British Columbia,Tsilhqot'in National Government,Lezbye 6,IRI,5941876
British Columbia,Tsilhqot'in National Government,Michel Gardens 36,IRI,5941879
British Columbia,Tsilhqot'in National Government,Alexandria,IRI,5941882
British Columbia,Tsilhqot'in National Government,Anahim's Meadow,IRI,5941883
British Columbia,Tsilhqot'in National Government,Garden,IRI,5941884
British Columbia,Ts'kw'aylaxw First Nation,Pavilion 1,IRI,5931829
British Columbia,Ts'kw'aylaxw First Nation,Marble Canyon 3,IRI,5933872
British Columbia,Tsleil-Waututh Nation,Burrard Inlet 3,IRI,5915806
British Columbia,T'Sou-ke First Nation,T'Sou-ke,IRI,5917819
British Columbia,Tzeachten,Tzeachten 13,IRI,5909830
British Columbia,Ulkatcho,Louis Squinas Ranch 14,IRI,5941834
British Columbia,Ulkatcho,Squinas 2,IRI,5941840
British Columbia,Ulkatcho,Thomas Squinas Ranch 2A,IRI,5941845
British Columbia,Ulkatcho,Towdystan Lake 3,IRI,5941851
British Columbia,Ulkatcho,Ulkatcho 13,IRI,5941854
British Columbia,Ulkatcho,Cahoose 10,IRI,5941858
British Columbia,Ulkatcho,Blackwater Meadow 11,IRI,5941859
British Columbia,Ulkatcho,Cahoose 12,IRI,5941860
British Columbia,Ulkatcho,Betty Creek 18,IRI,5941861
British Columbia,Ulkatcho,Salmon River Meadow 7,IRI,5941862
British Columbia,Ulkatcho,Fishtrap 19,IRI,5941871
British Columbia,Ulkatcho,Ulkatcho 14A,IRI,5941880
British Columbia,Upper Nicola,Douglas Lake 3,IRI,5933802
British Columbia,Upper Nicola,Hamilton Creek 2,IRI,5933803
British Columbia,Upper Nicola,Nicola Lake 1,IRI,5933806
British Columbia,Upper Similkameen,Chuchuwayha 2,IRI,5907807
British Columbia,We Wai Kai,Quinsam 12,IRI,5924812
British Columbia,We Wai Kai,Cape Mudge 10,IRI,5924817
British Columbia,Wei Wai Kum,Campbell River 11,IRI,5924804
British Columbia,West Moberly First Nations,West Moberly Lake 168A,IRI,5955802
British Columbia,Westbank First Nation,Tsinstikeptum 9,IRI,5935802
British Columbia,Westbank First Nation,Tsinstikeptum 10,IRI,5935803
British Columbia,Whispering Pines/Clinton,Whispering Pines 4,IRI,5933877
British Columbia,Williams Lake,Williams Lake 1,IRI,5941812
British Columbia,Wuikinuxv Kitasoo Nuxalk Tribal Council (Wkntc),Bella Coola 1,IRI,5945802
British Columbia,Wuikinuxv Kitasoo Nuxalk Tribal Council (Wkntc),Katit 1,IRI,5945803
British Columbia,Wuikinuxv Kitasoo Nuxalk Tribal Council (Wkntc),Kitasoo 1,IRI,5949802
British Columbia,Wuikinuxv Nation,Katit 1,IRI,5945803
British Columbia,Xat'sull,Deep Creek 2,IRI,5941805
British Columbia,Xat'sull,Soda Creek 1,IRI,5941810
British Columbia,Xaxli'p First Nation (Fountain),Chilhil 6,IRI,5931815
British Columbia,Xaxli'p First Nation (Fountain),Fountain 1,IRI,5931816
British Columbia,Xaxli'p First Nation (Fountain),Fountain 3,IRI,5931817
British Columbia,Xaxli'p First Nation (Fountain),Fountain 10,IRI,5931818
British Columbia,Xaxli'p First Nation (Fountain),Fountain 11,IRI,5931819
British Columbia,Xaxli'p First Nation (Fountain),Fountain 12,IRI,5931820
British Columbia,Xaxli'p First Nation (Fountain),Fountain Creek 8,IRI,5931822
British Columbia,Xaxli'p First Nation (Fountain),Fountain 1B,IRI,5931842
British Columbia,Xa'Xtsa,Douglas 8,IRI,5909842
British Columbia,Xa'Xtsa,Tipella 7,IRI,5909848
British Columbia,Xeni Gwet'in First Nations Government,Lohbiee 3,IRI,5941808
British Columbia,Xeni Gwet'in First Nations Government,Chilco Lake 1,IRI,5941828
British Columbia,Xeni Gwet'in First Nations Government,Chilco Lake 1A,IRI,5941829
British Columbia,Xeni Gwet'in First Nations Government,Tanakut 4,IRI,5941831
British Columbia,Xeni Gwet'in First Nations Government,Lezbye 6,IRI,5941876
British Columbia,Xeni Gwet'in First Nations Government,Garden,IRI,5941884
British Columbia,Yakweakwioose,Yakweakwioose 12,IRI,5909831
British Columbia,Yale First Nation,Lukseetsissum 9,IRI,5909810
British Columbia,Yale First Nation,Yale Town 1,IRI,5909818
British Columbia,Yale First Nation,Stullawheets 8,IRI,5909841
British Columbia,Yale First Nation,Albert Flat 5,IRI,5909876
British Columbia,Yekooche,Ye Koo Che 3,IRI,5951801
British Columbia,Yunesit'in Government,Stone 1,IRI,5941841
British Columbia,Yuu_u_i__at_ Government,Clakamucus 2,IRI,5923804
British Columbia,Yuu_u_i__at_ Government,Ittatsoo 1,IRI,5923807
Yukon,Carcross/Tagish First Nations,Carcross 4,SG,6001008
Yukon,Carcross/Tagish First Nations,Tagish,SÉ,6001036
Yukon,Carcross/Tagish First Nations,Carcross,SÉ,6001048
Yukon,Champagne and Aishihik First Nations,Klukshu,S-É,6001016
Yukon,Champagne and Aishihik First Nations,Haines Junction,VL,6001018
Yukon,Champagne and Aishihik First Nations,Kloo Lake,S-É,6001019
Yukon,Champagne and Aishihik First Nations,Champagne Landing 10,S-É,6001038
Yukon,First Nation of Nacho Nyak Dun,Mayo,VL,6001022
Yukon,Kluane First Nation,Burwash Landing,SÉ,6001039
Yukon,Little Salmon/Carmacks First Nation,"Carmacks Landing Settlement, SE (600001)",,
Yukon,Ross River,Ross River,SÉ,6001037
Yukon,Selkirk First Nation,Pelly Crossing,SÉ,6001041
Yukon,Teslin Tlingit Council,Teslin Post 13,SG,6001007
Yukon,Teslin Tlingit Council,Johnsons Crossing,SÉ,6001047
Yukon,Teslin Tlingit Council,Teslin,TL,6001057
Yukon,Vuntut Gwitchin First Nation,Old Crow,SÉ,6001043
Yukon,White River First Nation,Beaver Creek,SÉ,6001042
Northwest Territories,Acho Dene Koe First Nation,Fort Liard,HAM,6104009
Northwest Territories,Akaitcho Territory Government,Salt Plains 195,IRI,6105004
Northwest Territories,Akaitcho Territory Government,Fort Resolution,HAM,6105018
Northwest Territories,Akaitcho Territory Government,Lutselk'e,SET,6105020
Northwest Territories,Akaitcho Territory Government,Detah,SET,6106021
Northwest Territories,"Behdzi Ahda"" First Nation",Colville Lake,SET,6102012
Northwest Territories,Dechi Laot'i First Nations,Wekweètì,CG,6103052
Northwest Territories,Deh Cho First Nations,Kakisa,SET,6104005
Northwest Territories,Deh Cho First Nations,Sambaa K'e,SET,6104006
Northwest Territories,Deh Cho First Nations,Fort Liard,HAM,6104009
Northwest Territories,Deh Cho First Nations,Nahanni Butte,SET,6104010
Northwest Territories,Deh Cho First Nations,Jean Marie River,SET,6104013
Northwest Territories,Deh Cho First Nations,Fort Providence,HAM,6104014
Northwest Territories,Deh Cho First Nations,Hay River Dene 1,IRI,6104017
Northwest Territories,Deh Cho First Nations,Fort Simpson,VL,6104038
Northwest Territories,Deh Cho First Nations,Wrigley,SET,6104044
Northwest Territories,Deh Gáh Got'ie Dene First Nation,Fort Providence,HAM,6104014
Northwest Territories,Deline First Nation,Déline,CC,6102003
Northwest Territories,Deninu K'ue First Nation,Fort Resolution,HAM,6105018
Northwest Territories,Dog Rib Rae,Behchokò,CG,6103031
Northwest Territories,Fort Good Hope,Fort Good Hope,CC,6102009
Northwest Territories,Gameti First Nation,Gamètì,CG,6103049
Northwest Territories,Gwich'in Tribal Council,Tsiigehtchic,CC,6101010
Northwest Territories,Gwich'in Tribal Council,Fort McPherson,HAM,6101015
Northwest Territories,Gwichya Gwich'in,Tsiigehtchic,CC,6101010
Northwest Territories,Jean Marie River First Nation,Jean Marie River,SET,6104013
Northwest Territories,K'atlodeeche First Nation,Hay River Dene 1,IRI,6104017
Northwest Territories,Liidlii Kue First Nation,Fort Simpson,VL,6104038
Northwest Territories,Lutsel K'e Dene First Nation,Lutselk'e,SET,6105020
Northwest Territories,Nahanni Butte,Nahanni Butte,SET,6104010
Northwest Territories,Pehdzeh Ki First Nation,Wrigley,SET,6104044
Northwest Territories,Sahtu Dene Council,Déline,CC,6102003
Northwest Territories,Sahtu Dene Council,Tulita,HAM,6102005
Northwest Territories,Sahtu Dene Council,Fort Good Hope,CC,6102009
Northwest Territories,Sahtu Dene Council,Colville Lake,SET,6102012
Northwest Territories,Sambaa K'e(Trout Lake) Dene,Sambaa K'e,SET,6104006
Northwest Territories,Tetlit Gwich'in,Fort McPherson,HAM,6101015
Northwest Territories,Tulita Dene,Tulita,HAM,6102005
Northwest Territories,Wha Ti First Nation,Whatì,CG,6103034
Northwest Territories,Yellowknives Dene First Nation,Detah,SET,6106021
